Reactant SMILES,Product SMILES,Metal,Ligand SMILES,Solvent SMILES,Additive SMILES,Pressure/atm,Temperature/C,S/C,ddG
CC(=O)c1ccc(Br)cc1,C[C@H](O)c1ccc(Br)cc1,Ru,COc1nc(OC)cc(c1c1c(OC)nc(cc1P(c1cc(C)cc(c1)C)c1cc(C)cc(c1)C)OC)P(c1cc(C)cc(c1)C)c1cc(C)cc(c1)C,CC(O)C,[O-1]C(C)(C)C.[K+],20.41,26.5,49999.99999999999,4.525769623904132
CC(=O)c1ccccc1Br,C[C@H](O)c1ccccc1Br,Ru,COc1nc(OC)cc(c1c1c(OC)nc(cc1P(c1ccccc1)c1ccccc1)OC)P(c1ccccc1)c1ccccc1,CC(O)C,[O-1]C(C)(C)C.[K+],20.41,26.5,4000.0,4.525769623904132
CC(=O)c1ccccc1Br,C[C@H](O)c1ccccc1Br,Ru,COc1nc(OC)cc(c1c1c(OC)nc(cc1P(c1cc(C)cc(c1)C)c1cc(C)cc(c1)C)OC)P(c1cc(C)cc(c1)C)c1cc(C)cc(c1)C,CC(O)C,[O-1]C(C)(C)C.[K+],27.22,26.5,10000.0,4.525769623904132
CC(=O)c1ccccc1Br,C[C@H](O)c1ccccc1Br,Ru,COc1nc(OC)cc(c1c1c(OC)nc(cc1P(c1ccc(cc1)C)c1ccc(cc1)C)OC)P(c1ccc(cc1)C)c1ccc(cc1)C,CC(O)C,[O-1]C(C)(C)C.[K+],20.41,26.5,4000.0,4.525769623904132
COc1ccc(C(C)=O)cc1,COc1ccc([C@H](C)O)cc1,Ru,Cc1cc(C)cc(c1)P(c1ccc2c(c1c1c(ccc3c1cccc3)P(c1cc(C)cc(c1)C)c1cc(C)cc(c1)C)cccc2)c1cc(C)cc(c1)C.COc1ccc(cc1)C(c1ccc(cc1)OC)([C@@H](C(C)C)N)N,CC(O)C,[O-1]C(C)(C)C.[K+],48.3,25.0,1000.0,4.503114344625453
CC(=O)c1cccc2ccccc12,C[C@H](O)c1cccc2ccccc12,Ru,Cc1cc(C)cc(c1)P(c1cc(c2c(c1c1c(cc(c3c1cccc3)[Si](C)(C)C)P(c1cc(C)cc(c1)C)c1cc(C)cc(c1)C)cccc2)[Si](C)(C)C)c1cc(C)cc(c1)C.COc1ccc(cc1)C(c1ccc(cc1)OC)([C@@H](C(C)C)N)N,CC(O)C,[O-1]C(C)(C)C.[K+],48.3,25.0,1000.0,4.503114344625453
CC(=O)c1ccccc1,C[C@H](O)c1ccccc1,Ru,Cc1cc(C)cc(c1)P(c1cc(c2c(c1c1c(cc(c3c1cccc3)[Si](C)(C)C)P(c1cc(C)cc(c1)C)c1cc(C)cc(c1)C)cccc2)[Si](C)(C)C)c1cc(C)cc(c1)C.COc1ccc(cc1)C(c1ccc(cc1)OC)([C@@H](C(C)C)N)N,CC(O)C,[O-1]C(C)(C)C.[K+],48.3,25.0,1000.0,4.09213948811128
CN(CC(=O)c1ccccc1)C(=O)c1ccccc1,CN(C[C@H](O)c1ccccc1)C(=O)c1ccccc1,Ru,Cc1cc(C)cc(c1)P(c1ccc2c(c1c1c(ccc3c1cccc3)P(c1cc(C)cc(c1)C)c1cc(C)cc(c1)C)cccc2)c1cc(C)cc(c1)C.COc1ccc(cc1)C(c1ccc(cc1)OC)(C(C(C)C)N)N,CC(O)C,[O-1]C(C)(C)C.[K+],8.0,25.0,20000.0,4.09213948811128
CC(=O)c1ccc(C(C)(C)C)cc1,C[C@H](O)c1ccc(C(C)(C)C)cc1,Ru,Cc1ccc2c(c1)c(C)cc(c2c1c(cc(c2c1ccc(c2)C)C)P(c1cc(C)cc(c1)C)c1cc(C)cc(c1)C)P(c1cc(C)cc(c1)C)c1cc(C)cc(c1)C.COc1ccc(cc1)C(c1ccc(cc1)OC)([C@@H](C(C)C)N)N,CC(O)C,[O-1]C(C)(C)C.[K+],48.3,25.0,1000.0,4.09213948811128
CC(=O)c1cccc2ccccc12,C[C@H](O)c1cccc2ccccc12,Ru,C[Si](c1cc(P(c2ccccc2)c2ccccc2)c(c2c1cccc2)c1c(cc(c2c1cccc2)[Si](C)(C)C)P(c1ccccc1)c1ccccc1)(C)C.COc1ccc(cc1)C(c1ccc(cc1)OC)([C@@H](C(C)C)N)N,CC(O)C,[O-1]C(C)(C)C.[K+],47.62,25.0,1000.0,4.09213948811128
CC(=O)c1ccc([N+](=O)[O-])cc1,C[C@H](O)c1ccc([N+](=O)[O-])cc1,Ru,Cc1ccc2c(c1)c(C)cc(c2c1c(cc(c2c1ccc(c2)C)C)P(c1cc(C)cc(c1)C)c1cc(C)cc(c1)C)P(c1cc(C)cc(c1)C)c1cc(C)cc(c1)C.COc1ccc(cc1)C(c1ccc(cc1)OC)([C@@H](C(C)C)N)N,CC(O)C,[O-1]C(C)(C)C.[K+],48.3,25.0,1000.0,4.09213948811128
CCC(=O)c1ccccc1,CC[C@@H](O)c1ccccc1,Ru,C[C@@H]1C[C@@H](C)Oc2c(-c3c(O1)cccc3P(c1cc(C)cc(c1)C)c1cc(C)cc(c1)C)c(ccc2)P(c1cc(C)cc(c1)C)c1cc(C)cc(c1)C.COc1ccc(cc1)C(c1ccc(cc1)OC)([C@H](C(C)C)N)N,CC(O)C,[O-1]C(C)(C)C.[K+],10.0,21.0,10000.0,4.037239075726759
CC(=O)c1ccccc1,C[C@@H](O)c1ccccc1,Ru,C[C@@H]1C[C@@H](C)Oc2c(-c3c(O1)cccc3P(c1cc(C)cc(c1)C)c1cc(C)cc(c1)C)c(ccc2)P(c1cc(C)cc(c1)C)c1cc(C)cc(c1)C.COc1ccc(cc1)C(c1ccc(cc1)OC)([C@H](C(C)C)N)N,CC(O)C,[O-1]C(C)(C)C.[K+],10.0,21.0,99999.99999999999,4.037239075726759
CC(=O)c1ccccc1,C[C@@H](O)c1ccccc1,Ru,C[C@@H]1C[C@@H](C)Oc2c(-c3c(O1)cccc3P(c1cc(C)cc(c1)C)c1cc(C)cc(c1)C)c(ccc2)P(c1cc(C)cc(c1)C)c1cc(C)cc(c1)C.COc1ccc(cc1)C(c1ccc(cc1)OC)([C@H](C(C)C)N)N,CC(O)C,[O-1]C(C)(C)C.[K+],50.0,21.0,10000.0,4.037239075726759
CC(=O)c1ccccc1,C[C@@H](O)c1ccccc1,Ru,C[C@@H]1C[C@@H](C)Oc2c(-c3c(O1)cccc3P(c1cc(C)cc(c1)C)c1cc(C)cc(c1)C)c(ccc2)P(c1cc(C)cc(c1)C)c1cc(C)cc(c1)C.COc1ccc(cc1)C(c1ccc(cc1)OC)([C@H](C(C)C)N)N,CC(O)C,[O-1]C(C)(C)C.[K+],10.0,21.0,10000.0,4.037239075726759
O=C(CO)c1ccccc1,OC[C@@H](O)c1ccccc1,Ru,Cc1ccc(cc1)S(=O)(=O)c1ccc(cc1)S(=O)(=O)N[C@@H]([C@@H](c1ccccc1)NCCc1ccccc1)c1ccccc1,CO,,30.0,60.0,500.0,3.964906144124444
CC(=O)c1ccccc1,C[C@H](O)c1ccccc1,Ru,Cc1cc(C)cc(c1)P(c1ccc2c(c1c1c(ccc3c1cccc3)P(c1cc(C)cc(c1)C)c1cc(C)cc(c1)C)cccc2)c1cc(C)cc(c1)C.COc1ccc(cc1)C(c1ccc(cc1)OC)([C@@H](C(C)C)N)N,CCO,C1CN2CCN1CC2,10.0,25.0,1000.0,3.851611416135804
CC(=O)c1ccccc1,C[C@H](O)c1ccccc1,Ru,Cc1cc(C)cc(c1)P(c1ccc2c(c1c1c(ccc3c1cccc3)P(c1cc(C)cc(c1)C)c1cc(C)cc(c1)C)cccc2)c1cc(C)cc(c1)C.COc1ccc(cc1)C(c1ccc(cc1)OC)([C@@H](C(C)C)N)N,Cc1ccccc1,C1CN2CCN1CC2,10.0,25.0,1000.0,3.851611416135804
CC(=O)c1cccc(C)c1,Cc1cccc([C@@H](C)O)c1,Ru,C[C@@H]1C[C@@H](C)Oc2c(-c3c(O1)cccc3P(c1cc(C)cc(c1)C)c1cc(C)cc(c1)C)c(ccc2)P(c1cc(C)cc(c1)C)c1cc(C)cc(c1)C.COc1ccc(cc1)C(c1ccc(cc1)OC)([C@H](C(C)C)N)N,CC(O)C,[O-1]C(C)(C)C.[K+],10.0,21.0,10000.0,3.799937944176914
CC(=O)c1ccc2ccccc2c1,C[C@@H](O)c1ccc2ccccc2c1,Ru,C[C@@H]1C[C@@H](C)Oc2c(-c3c(O1)cccc3P(c1cc(C)cc(c1)C)c1cc(C)cc(c1)C)c(ccc2)P(c1cc(C)cc(c1)C)c1cc(C)cc(c1)C.COc1ccc(cc1)C(c1ccc(cc1)OC)([C@H](C(C)C)N)N,CC(O)C,[O-1]C(C)(C)C.[K+],10.0,21.0,10000.0,3.799937944176914
CC(=O)c1cccs1,C[C@@H](O)c1cccs1,Ru,C[C@@H]1C[C@@H](C)Oc2c(-c3c(O1)cccc3P(c1cc(C)cc(c1)C)c1cc(C)cc(c1)C)c(ccc2)P(c1cc(C)cc(c1)C)c1cc(C)cc(c1)C.COc1ccc(cc1)C(c1ccc(cc1)OC)([C@H](C(C)C)N)N,CC(O)C,[O-1]C(C)(C)C.[K+],10.0,21.0,10000.0,3.799937944176914
O=C(CCl)c1ccccc1,O[C@@H](CCl)c1ccccc1,Ru,Cc1cc(C)cc(c1)P(c1ccc2c(c1c1c(ccc3c1cccc3)P(c1cc(C)cc(c1)C)c1cc(C)cc(c1)C)cccc2)c1cc(C)cc(c1)C.COc1ccc(cc1)C(c1ccc(cc1)OC)([C@@H](C(C)C)N)N,CCO,,50.0,30.0,1000.0,3.742596176168679
O=C1CCCc2ccccc21,O[C@@H]1CCCc2ccccc21,Ru,Cc1ccc(cc1)S(=O)(=O)c1ccc(cc1)S(=O)(=O)N[C@@H]([C@@H](c1ccccc1)NCCc1ccccc1)c1ccccc1,CO,,30.0,60.0,500.0,3.741485490332839
CCC(=O)c1ccccc1,CC[C@H](O)c1ccccc1,Ru,Cc1ccc2c(c1)c(C)cc(c2c1c(cc(c2c1ccc(c2)C)C)P(c1cc(C)cc(c1)C)c1cc(C)cc(c1)C)P(c1cc(C)cc(c1)C)c1cc(C)cc(c1)C.COc1ccc(cc1)C(c1ccc(cc1)OC)([C@@H](C(C)C)N)N,CC(O)C,[O-1]C(C)(C)C.[K+],48.3,25.0,1000.0,3.6808677220012913
CC(=O)c1ccccc1,C[C@H](O)c1ccccc1,Ru,Cc1cc(C)cc(c1)P(c1ccc2c(c1c1c3OCOc3ccc1P(c1cc(C)cc(c1)C)c1cc(C)cc(c1)C)OCO2)c1cc(C)cc(c1)C.COc1ccc(cc1)C(c1ccc(cc1)OC)([C@@H](C(C)C)N)N,Cc1ccccc1,C1CN2CCN1CC2,10.0,25.0,1000.0,3.6808677220012913
CC(=O)c1ccccc1,C[C@H](O)c1ccccc1,Ru,Cc1ccc2c(c1)c(C)cc(c2c1c(cc(c2c1ccc(c2)C)C)P(c1cc(C)cc(c1)C)c1cc(C)cc(c1)C)P(c1cc(C)cc(c1)C)c1cc(C)cc(c1)C.COc1ccc(cc1)C(c1ccc(cc1)OC)([C@@H](C(C)C)N)N,CC(O)C,[O-1]C(C)(C)C.[K+],48.3,25.0,1000.0,3.6808677220012913
CCC(=O)c1ccccc1,CC[C@H](O)c1ccccc1,Ru,Cc1cc(C)cc(c1)P(c1cc(c2c(c1c1c(cc(c3c1cccc3)[Si](C)(C)C)P(c1cc(C)cc(c1)C)c1cc(C)cc(c1)C)cccc2)[Si](C)(C)C)c1cc(C)cc(c1)C.COc1ccc(cc1)C(c1ccc(cc1)OC)([C@@H](C(C)C)N)N,CC(O)C,[O-1]C(C)(C)C.[K+],48.3,25.0,1000.0,3.6808677220012913
CC(=O)c1ccc(C(C)(C)C)cc1,C[C@H](O)c1ccc(C(C)(C)C)cc1,Ru,C[Si](c1cc(P(c2ccccc2)c2ccccc2)c(c2c1cccc2)c1c(cc(c2c1cccc2)[Si](C)(C)C)P(c1ccccc1)c1ccccc1)(C)C.COc1ccc(cc1)C(c1ccc(cc1)OC)([C@@H](C(C)C)N)N,CC(O)C,[O-1]C(C)(C)C.[K+],47.62,25.0,1000.0,3.6808677220012913
CC(=O)c1ccccc1,C[C@H](O)c1ccccc1,Ru,Cc1cc(C)cc(c1)P(c1ccc2c(c1c1c(ccc3c1cccc3)P(c1cc(C)cc(c1)C)c1cc(C)cc(c1)C)cccc2)c1cc(C)cc(c1)C.COc1ccc(cc1)C(c1ccc(cc1)OC)([C@@H](C(C)C)N)N,Cc1ccccc1,C1CN2CCN1CC2,10.0,25.0,3333.3333333333335,3.6808677220012913
COc1ccc(C(C)=O)cc1,COc1ccc([C@@H](C)O)cc1,Ru,C[C@@H]1C[C@@H](C)Oc2c(-c3c(O1)cccc3P(c1cc(C)cc(c1)C)c1cc(C)cc(c1)C)c(ccc2)P(c1cc(C)cc(c1)C)c1cc(C)cc(c1)C.COc1ccc(cc1)C(c1ccc(cc1)OC)([C@H](C(C)C)N)N,CC(O)C,[O-1]C(C)(C)C.[K+],10.0,21.0,10000.0,3.631484958667382
CC(=O)c1cc(C(F)(F)F)cc(C(F)(F)F)c1,C[C@@H](O)c1cc(C(F)(F)F)cc(C(F)(F)F)c1,Ru,C[C@@H]1C[C@@H](C)Oc2c(-c3c(O1)cccc3P(c1cc(C)cc(c1)C)c1cc(C)cc(c1)C)c(ccc2)P(c1cc(C)cc(c1)C)c1cc(C)cc(c1)C.COc1ccc(cc1)C(c1ccc(cc1)OC)([C@H](C(C)C)N)N,CC(O)C,[O-1]C(C)(C)C.[K+],10.0,21.0,10000.0,3.631484958667382
CC(=O)c1ccco1,C[C@@H](O)c1ccco1,Ru,C[C@@H]1C[C@@H](C)Oc2c(-c3c(O1)cccc3P(c1cc(C)cc(c1)C)c1cc(C)cc(c1)C)c(ccc2)P(c1cc(C)cc(c1)C)c1cc(C)cc(c1)C.COc1ccc(cc1)C(c1ccc(cc1)OC)([C@H](C(C)C)N)N,CC(O)C,[O-1]C(C)(C)C.[K+],10.0,21.0,10000.0,3.631484958667382
CC(=O)c1ccc(C)cc1,Cc1ccc([C@@H](C)O)cc1,Ru,C[C@@H]1C[C@@H](C)Oc2c(-c3c(O1)cccc3P(c1cc(C)cc(c1)C)c1cc(C)cc(c1)C)c(ccc2)P(c1cc(C)cc(c1)C)c1cc(C)cc(c1)C.COc1ccc(cc1)C(c1ccc(cc1)OC)([C@H](C(C)C)N)N,CC(O)C,[O-1]C(C)(C)C.[K+],10.0,21.0,10000.0,3.631484958667382
COc1cccc(C(C)=O)c1,COc1cccc([C@@H](C)O)c1,Ru,C[C@@H]1C[C@@H](C)Oc2c(-c3c(O1)cccc3P(c1cc(C)cc(c1)C)c1cc(C)cc(c1)C)c(ccc2)P(c1cc(C)cc(c1)C)c1cc(C)cc(c1)C.COc1ccc(cc1)C(c1ccc(cc1)OC)([C@H](C(C)C)N)N,CC(O)C,[O-1]C(C)(C)C.[K+],10.0,21.0,10000.0,3.631484958667382
CC(=O)c1ccc(Cl)cc1,C[C@@H](O)c1ccc(Cl)cc1,Ru,C[C@@H]1C[C@@H](C)Oc2c(-c3c(O1)cccc3P(c1cc(C)cc(c1)C)c1cc(C)cc(c1)C)c(ccc2)P(c1cc(C)cc(c1)C)c1cc(C)cc(c1)C.COc1ccc(cc1)C(c1ccc(cc1)OC)([C@H](C(C)C)N)N,CC(O)C,[O-1]C(C)(C)C.[K+],10.0,21.0,10000.0,3.631484958667382
CC(=O)c1cccc(Br)c1,C[C@H](O)c1cccc(Br)c1,Ru,COc1nc(OC)cc(c1c1c(OC)nc(cc1P(c1cc(C)cc(c1)C)c1cc(C)cc(c1)C)OC)P(c1cc(C)cc(c1)C)c1cc(C)cc(c1)C,CC(O)C,[O-1]C(C)(C)C.[K+],20.41,26.5,4000.0,3.5662137958483853
CCC(=O)c1ccccc1,CC[C@H](O)c1ccccc1,Ru,Cc1cc(C)cc(c1)P(c1cccc2c1[C@]1(CC2)CCc2c1c(ccc2)P(c1cc(C)cc(c1)C)c1cc(C)cc(c1)C)c1ccc(cc1C)C.N[C@@H]([C@@H](c1ccccc1)N)c1ccccc1,CC(O)C,[O-1]C(C)(C)C.[K+],50.0,25.0,5000.0,3.54836189965692
COc1ccc(C(C)=O)cc1,COc1ccc([C@@H](C)O)cc1,Ru,COc1nc(OC)cc(c1c1c(OC)nc(cc1P(c1ccc(cc1)OC)c1ccc(cc1)OC)OC)P(c1ccc(cc1)OC)c1ccc(cc1)OC.COc1ccc(cc1)C(c1ccc(cc1)OC)([C@H](C(C)C)N)N,CC(O)C,[K+].[OH-1],30.0,25.0,2000.0,3.54836189965692
CC(=O)c1ccc([N+](=O)[O-])cc1,C[C@H](O)c1ccc([N+](=O)[O-])cc1,Ru,Cc1cc(C)cc(c1)P(c1cc(c2c(c1c1c(cc(c3c1cccc3)[Si](C)(C)C)P(c1cc(C)cc(c1)C)c1cc(C)cc(c1)C)cccc2)[Si](C)(C)C)c1cc(C)cc(c1)C.COc1ccc(cc1)C(c1ccc(cc1)OC)([C@@H](C(C)C)N)N,CC(O)C,[O-1]C(C)(C)C.[K+],48.3,25.0,1000.0,3.54836189965692
CC(=O)c1cccc2ccccc12,C[C@H](O)c1cccc2ccccc12,Ru,OP(=O)(c1cc(P(c2ccccc2)c2ccccc2)c(c2c1cccc2)c1c(cc(c2c1cccc2)P(=O)(O)O)P(c1ccccc1)c1ccccc1)O.COc1ccc(cc1)C(c1ccc(cc1)OC)([C@@H](C(C)C)N)N,CC(O)C,[O-1]C(C)(C)C.[K+],47.62,25.0,1000.0,3.54836189965692
CC(=O)c1cccc2ccccc12,C[C@H](O)c1cccc2ccccc12,Ru,Cc1ccc2c(c1)c(C)cc(c2c1c(cc(c2c1ccc(c2)C)C)P(c1cc(C)cc(c1)C)c1cc(C)cc(c1)C)P(c1cc(C)cc(c1)C)c1cc(C)cc(c1)C.COc1ccc(cc1)C(c1ccc(cc1)OC)([C@@H](C(C)C)N)N,CC(O)C,[O-1]C(C)(C)C.[K+],48.3,25.0,1000.0,3.54836189965692
CC(=O)c1ccc(Cl)cc1,C[C@H](O)c1ccc(Cl)cc1,Ru,Cc1cc(C)cc(c1)P(c1cc(c2c(c1c1c(cc(c3c1cccc3)[Si](C)(C)C)P(c1cc(C)cc(c1)C)c1cc(C)cc(c1)C)cccc2)[Si](C)(C)C)c1cc(C)cc(c1)C.COc1ccc(cc1)C(c1ccc(cc1)OC)([C@@H](C(C)C)N)N,CC(O)C,[O-1]C(C)(C)C.[K+],48.3,25.0,1000.0,3.54836189965692
CC(=O)c1ccc2ccccc2c1,C[C@H](O)c1ccc2ccccc2c1,Ru,Cc1ccc2c(c1)c(C)cc(c2c1c(cc(c2c1ccc(c2)C)C)P(c1cc(C)cc(c1)C)c1cc(C)cc(c1)C)P(c1cc(C)cc(c1)C)c1cc(C)cc(c1)C.COc1ccc(cc1)C(c1ccc(cc1)OC)([C@@H](C(C)C)N)N,CC(O)C,[O-1]C(C)(C)C.[K+],48.3,25.0,1000.0,3.54836189965692
CC(=O)c1cccc2ccccc12,C[C@H](O)c1cccc2ccccc12,Ru,CCOP(=O)(c1cc(P(c2ccccc2)c2ccccc2)c(c2c1cccc2)c1c(cc(c2c1cccc2)P(=O)(OCC)OCC)P(c1ccccc1)c1ccccc1)OCC.COc1ccc(cc1)C(c1ccc(cc1)OC)([C@@H](C(C)C)N)N,CC(O)C,[O-1]C(C)(C)C.[K+],47.62,25.0,1000.0,3.54836189965692
COC(=O)c1ccc(C(C)=O)cc1,COC(=O)c1ccc([C@H](C)O)cc1,Ru,Cc1cc(C)cc(c1)P(c1ccc2c(c1c1c(ccc3c1cccc3)P(c1cc(C)cc(c1)C)c1cc(C)cc(c1)C)cccc2)c1cc(C)cc(c1)C.COc1ccc(cc1)C(c1ccc(cc1)OC)([C@@H](C(C)C)N)N,Cc1ccccc1,C1CN2CCN1CC2,10.0,25.0,1000.0,3.54836189965692
O=C1CCOc2ccccc21,O[C@@H]1CCOc2ccccc21,Ru,Cc1ccc(cc1)S(=O)(=O)c1ccc(cc1)S(=O)(=O)N[C@@H]([C@@H](c1ccccc1)NCCc1ccccc1)c1ccccc1,CO,,30.0,60.0,500.0,3.5043566590837596
CC(=O)c1cccc(Cl)c1,C[C@@H](O)c1cccc(Cl)c1,Ru,C[C@@H]1C[C@@H](C)Oc2c(-c3c(O1)cccc3P(c1cc(C)cc(c1)C)c1cc(C)cc(c1)C)c(ccc2)P(c1cc(C)cc(c1)C)c1cc(C)cc(c1)C.COc1ccc(cc1)C(c1ccc(cc1)OC)([C@H](C(C)C)N)N,CC(O)C,[O-1]C(C)(C)C.[K+],10.0,21.0,10000.0,3.5007568431463456
CC(=O)c1ccccc1,C[C@H](O)c1ccccc1,Ru,Cc1cc(C)cc(c1)P(c1ccc2c(c1c1c(ccc3c1cccc3)P(c1cc(C)cc(c1)C)c1cc(C)cc(c1)C)cccc2)c1cc(C)cc(c1)C.COc1ccc(cc1)C(c1ccc(cc1)OC)([C@@H](C(C)C)N)N,CCO,,10.0,25.0,1000.0,3.4400422939865294
CC(=O)c1ccccc1,C[C@H](O)c1ccccc1,Ru,Cc1cc(C)cc(c1)P(c1ccc2c(c1c1c(ccc3c1cccc3)P(c1cc(C)cc(c1)C)c1cc(C)cc(c1)C)cccc2)c1cc(C)cc(c1)C.COc1ccc(cc1)C(c1ccc(cc1)OC)([C@@H](C(C)C)N)N,CCO,,50.0,25.0,1000.0,3.4400422939865294
CC(=O)c1ccc(C)cc1,Cc1ccc([C@H](C)O)cc1,Ru,Cc1ccc2c(c1)c(C)cc(c2c1c(cc(c2c1ccc(c2)C)C)P(c1cc(C)cc(c1)C)c1cc(C)cc(c1)C)P(c1cc(C)cc(c1)C)c1cc(C)cc(c1)C.COc1ccc(cc1)C(c1ccc(cc1)OC)([C@@H](C(C)C)N)N,CC(O)C,[O-1]C(C)(C)C.[K+],48.3,25.0,1000.0,3.4400422939865294
CCC(=O)c1ccccc1,CC[C@H](O)c1ccccc1,Ru,C[Si](c1cc(P(c2ccccc2)c2ccccc2)c(c2c1cccc2)c1c(cc(c2c1cccc2)[Si](C)(C)C)P(c1ccccc1)c1ccccc1)(C)C.COc1ccc(cc1)C(c1ccc(cc1)OC)([C@@H](C(C)C)N)N,CC(O)C,[O-1]C(C)(C)C.[K+],47.62,25.0,1000.0,3.4400422939865294
CC(=O)c1ccc(C(C)(C)C)cc1,C[C@H](O)c1ccc(C(C)(C)C)cc1,Ru,CCOP(=O)(c1cc(P(c2ccccc2)c2ccccc2)c(c2c1cccc2)c1c(cc(c2c1cccc2)P(=O)(OCC)OCC)P(c1ccccc1)c1ccccc1)OCC.COc1ccc(cc1)C(c1ccc(cc1)OC)([C@@H](C(C)C)N)N,CC(O)C,[O-1]C(C)(C)C.[K+],47.62,25.0,1000.0,3.3484133241564935
CC(=O)c1ccc2ccccc2c1,C[C@H](O)c1ccc2ccccc2c1,Ru,Cc1cc(C)cc(c1)P(c1cc(c2c(c1c1c(cc(c3c1cccc3)[Si](C)(C)C)P(c1cc(C)cc(c1)C)c1cc(C)cc(c1)C)cccc2)[Si](C)(C)C)c1cc(C)cc(c1)C.COc1ccc(cc1)C(c1ccc(cc1)OC)([C@@H](C(C)C)N)N,CC(O)C,[O-1]C(C)(C)C.[K+],48.3,25.0,1000.0,3.3484133241564935
CC(=O)c1ccccc1,C[C@@H](O)c1ccccc1,Ru,Cc1cc(C)cc(c1)P(c1ccc2c(c1c1c(ccc3c1cccc3)P(c1cc(C)cc(c1)C)c1cc(C)cc(c1)C)cccc2)c1cc(C)cc(c1)C.N[C@H]([C@H](c1ccccc1)N)c1ccccc1,CC(O)C,,8.0,45.0,99999.99999999999,3.3465738288683715
CC(=O)c1ccc(F)cc1,C[C@@H](O)c1ccc(F)cc1,Ru,C[C@@H]1C[C@@H](C)Oc2c(-c3c(O1)cccc3P(c1cc(C)cc(c1)C)c1cc(C)cc(c1)C)c(ccc2)P(c1cc(C)cc(c1)C)c1cc(C)cc(c1)C.COc1ccc(cc1)C(c1ccc(cc1)OC)([C@H](C(C)C)N)N,CC(O)C,[O-1]C(C)(C)C.[K+],10.0,21.0,10000.0,3.3034907908791973
COc1ccc2ccccc2c1C(C)=O,COc1ccc2ccccc2c1[C@H](C)O,Ru,C[C@H](P(c1cc(cc(c1)C(C)C)C(C)C)c1cc(cc(c1)C(C)C)C(C)C)C[C@@H](P(c1cc(cc(c1)C(C)C)C(C)C)c1cc(cc(c1)C(C)C)C(C)C)C.NCc1ncc(cc1C)C,CC(O)C,[O-1]C(C)(C)C.[K+],10.0,40.0,1000.0,3.2939795521299096
CC(=O)c1c(Cl)ccc(F)c1Cl,C[C@H](O)c1c(Cl)ccc(F)c1Cl,Ru,C[C@H](P(c1cc(cc(c1)C(C)C)C(C)C)c1cc(cc(c1)C(C)C)C(C)C)C[C@@H](P(c1cc(cc(c1)C(C)C)C(C)C)c1cc(cc(c1)C(C)C)C(C)C)C.NCc1ncc2c(c1)cccc2,CC(O)C,[O-1]C(C)(C)C.[K+],10.0,40.0,1000.0,3.2939795521299096
CC(=O)c1c(C)c(C)c(C)c(C)c1C,Cc1c(C)c(C)c([C@H](C)O)c(C)c1C,Ru,C[C@H](P(c1cc(cc(c1)C(C)C)C(C)C)c1cc(cc(c1)C(C)C)C(C)C)C[C@@H](P(c1cc(cc(c1)C(C)C)C(C)C)c1cc(cc(c1)C(C)C)C(C)C)C.NCc1ncc2c(c1)cccc2,CC(O)C,[O-1]C(C)(C)C.[K+],10.0,40.0,200.0,3.2939795521299096
COc1cc(OC)c(C(C)=O)cc1OC,COc1cc(OC)c([C@H](C)O)cc1OC,Ru,C[C@H](P(c1cc(cc(c1)C(C)C)C(C)C)c1cc(cc(c1)C(C)C)C(C)C)C[C@@H](P(c1cc(cc(c1)C(C)C)C(C)C)c1cc(cc(c1)C(C)C)C(C)C)C.NCc1ncc2c(c1)cccc2,CCO,[O-1]C(C)(C)C.[Na+],10.0,40.0,2000.0,3.2939795521299096
CC(=O)c1c(Cl)cccc1Cl,C[C@H](O)c1c(Cl)cccc1Cl,Ru,C[C@H](P(c1cc(cc(c1)C(C)C)C(C)C)c1cc(cc(c1)C(C)C)C(C)C)C[C@@H](P(c1cc(cc(c1)C(C)C)C(C)C)c1cc(cc(c1)C(C)C)C(C)C)C.NCc1ncc2c(c1)cccc2,CC(O)C,[O-1]C(C)(C)C.[K+],10.0,40.0,2000.0,3.2939795521299096
CC(=O)c1c(C)c(C)c(C)c(C)c1C,Cc1c(C)c(C)c([C@H](C)O)c(C)c1C,Ru,C[C@H](P(c1cc(cc(c1)C(C)C)C(C)C)c1cc(cc(c1)C(C)C)C(C)C)C[C@@H](P(c1cc(cc(c1)C(C)C)C(C)C)c1cc(cc(c1)C(C)C)C(C)C)C.NCc1ncc2c(c1)cccc2,CC(O)C,[O-1]C(C)(C)C.[Na+],10.0,40.0,500.0,3.2939795521299096
CC(=O)c1c(Cl)cccc1Cl,C[C@H](O)c1c(Cl)cccc1Cl,Ru,C[C@H](P(c1cc(cc(c1)C(C)C)C(C)C)c1cc(cc(c1)C(C)C)C(C)C)C[C@@H](P(c1cc(cc(c1)C(C)C)C(C)C)c1cc(cc(c1)C(C)C)C(C)C)C.NCc1ncc(cc1C)C,CC(O)C,[O-1]C(C)(C)C.[K+],10.0,40.0,2000.0,3.2939795521299096
CC(=O)c1c(C)c(C)c(C)c(C)c1C,Cc1c(C)c(C)c([C@H](C)O)c(C)c1C,Ru,C[C@H](P(c1cc(cc(c1)C(C)C)C(C)C)c1cc(cc(c1)C(C)C)C(C)C)C[C@@H](P(c1cc(cc(c1)C(C)C)C(C)C)c1cc(cc(c1)C(C)C)C(C)C)C.NCc1ncc2c(c1)cccc2,CC(O)C,[O-1]C(C)(C)C.[Na+],50.0,40.0,2000.0,3.2939795521299096
CC(=O)c1ccccc1,C[C@H](O)c1ccccc1,Ru,Cc1cc(C)cc(c1)P(c1cccc2c1C1(CC2)CCc2c1c(ccc2)P(c1cc(C)cc(c1)C)c1cc(C)cc(c1)C)c1cc(C)cc(c1)C.N[C@@H]([C@@H](c1ccccc1)N)c1ccccc1,CC(O)C,[O-1]C(C)(C)C.[K+],60.0,40.0,10000.0,3.2939795521299096
COc1ccc2ccccc2c1C(C)=O,COc1ccc2ccccc2c1[C@H](C)O,Ru,C[C@H](P(c1cc(cc(c1)C(C)C)C(C)C)c1cc(cc(c1)C(C)C)C(C)C)C[C@@H](P(c1cc(cc(c1)C(C)C)C(C)C)c1cc(cc(c1)C(C)C)C(C)C)C.NCc1ncc2c(c1)cccc2,CC(O)C,[O-1]C(C)(C)C.[K+],10.0,40.0,1000.0,3.2939795521299096
COc1cc(OC)c(C(C)=O)cc1OC,COc1cc(OC)c([C@H](C)O)cc1OC,Ru,C[C@H](P(c1cc(cc(c1)C(C)C)C(C)C)c1cc(cc(c1)C(C)C)C(C)C)C[C@@H](P(c1cc(cc(c1)C(C)C)C(C)C)c1cc(cc(c1)C(C)C)C(C)C)C.NCc1ncc(cc1C)C,CCO,[O-1]C(C)(C)C.[K+],10.0,40.0,2000.0,3.2939795521299096
COc1cc(OC)c(C(C)=O)cc1OC,COc1cc(OC)c([C@H](C)O)cc1OC,Ru,C[C@H](P(c1cc(cc(c1)C(C)C)C(C)C)c1cc(cc(c1)C(C)C)C(C)C)C[C@@H](P(c1cc(cc(c1)C(C)C)C(C)C)c1cc(cc(c1)C(C)C)C(C)C)C.NCc1ncc2c(c1)cccc2,CCO,[O-1]C(C)(C)C.[K+],10.0,40.0,2000.0,3.2939795521299096
CCC(=O)c1c(OC)cc(OC)cc1OC,CC[C@H](O)c1c(OC)cc(OC)cc1OC,Ru,C[C@H](P(c1cc(cc(c1)C(C)C)C(C)C)c1cc(cc(c1)C(C)C)C(C)C)C[C@@H](P(c1cc(cc(c1)C(C)C)C(C)C)c1cc(cc(c1)C(C)C)C(C)C)C.NCc1ncc(cc1C)C,CC(O)C,[O-1]C(C)(C)C.[K+],10.0,40.0,1000.0,3.2939795521299096
CCC(=O)c1c(OC)cc(OC)cc1OC,CC[C@H](O)c1c(OC)cc(OC)cc1OC,Ru,C[C@H](P(c1cc(cc(c1)C(C)C)C(C)C)c1cc(cc(c1)C(C)C)C(C)C)C[C@@H](P(c1cc(cc(c1)C(C)C)C(C)C)c1cc(cc(c1)C(C)C)C(C)C)C.NCc1ncc2c(c1)cccc2,CC(O)C,[O-1]C(C)(C)C.[K+],10.0,40.0,1000.0,3.2939795521299096
CCC(=O)c1ccc(Cl)cc1Cl,CC[C@H](O)c1ccc(Cl)cc1Cl,Ru,C[C@H](P(c1cc(cc(c1)C(C)C)C(C)C)c1cc(cc(c1)C(C)C)C(C)C)C[C@@H](P(c1cc(cc(c1)C(C)C)C(C)C)c1cc(cc(c1)C(C)C)C(C)C)C.NCc1ncc(cc1C)C,CC(O)C,[O-1]C(C)(C)C.[K+],10.0,40.0,1000.0,3.2939795521299096
CCC(=O)c1ccc(Cl)cc1Cl,CC[C@H](O)c1ccc(Cl)cc1Cl,Ru,C[C@H](P(c1cc(cc(c1)C(C)C)C(C)C)c1cc(cc(c1)C(C)C)C(C)C)C[C@@H](P(c1cc(cc(c1)C(C)C)C(C)C)c1cc(cc(c1)C(C)C)C(C)C)C.NCc1ncc2c(c1)cccc2,CC(O)C,[O-1]C(C)(C)C.[K+],10.0,40.0,1000.0,3.2939795521299096
CC(=O)c1ccccc1,C[C@H](O)c1ccccc1,Ru,Cc1cc(C)cc(c1)P(c1cccc2c1[C@]1(CC2)CCc2c1c(ccc2)P(c1cc(C)cc(c1)C)c1cc(C)cc(c1)C)c1ccc(cc1C)C.N[C@@H]([C@@H](c1ccccc1)N)c1ccccc1,CC(O)C,[O-1]C(C)(C)C.[K+],50.0,40.0,5000.0,3.2939795521299096
CC(=O)c1c(C)c(C)c(C)c(C)c1C,Cc1c(C)c(C)c([C@H](C)O)c(C)c1C,Ru,C[C@H](P(c1cc(cc(c1)C(C)C)C(C)C)c1cc(cc(c1)C(C)C)C(C)C)C[C@@H](P(c1cc(cc(c1)C(C)C)C(C)C)c1cc(cc(c1)C(C)C)C(C)C)C.NCc1ncc2c(c1)cccc2,CC(O)C,[O-1]C(C)(C)C.[Na+],10.0,40.0,200.0,3.2939795521299096
CC(=O)c1ccccc1,C[C@H](O)c1ccccc1,Ru,Cc1cc(C)cc(c1)P(c1cccc2c1C1(CC2)CCc2c1c(ccc2)P(c1cc(C)cc(c1)C)c1cc(C)cc(c1)C)c1cc(C)cc(c1)C.N[C@@H]([C@@H](c1ccccc1)N)c1ccccc1,CC(O)C,[O-1]C(C)(C)C.[K+],50.0,40.0,5000.0,3.2939795521299096
CC(=O)c1ccc2ccccc2c1,C[C@H](O)c1ccc2ccccc2c1,Ru,OP(=O)(c1cc(P(c2ccccc2)c2ccccc2)c(c2c1cccc2)c1c(cc(c2c1cccc2)P(=O)(O)O)P(c1ccccc1)c1ccccc1)O.COc1ccc(cc1)C(c1ccc(cc1)OC)([C@@H](C(C)C)N)N,CC(O)C,[O-1]C(C)(C)C.[K+],47.62,25.0,1000.0,3.269000796324068
CC(=O)c1ccc(C)cc1,Cc1ccc([C@H](C)O)cc1,Ru,Cc1cc(C)cc(c1)P(c1cc(c2c(c1c1c(cc(c3c1cccc3)[Si](C)(C)C)P(c1cc(C)cc(c1)C)c1cc(C)cc(c1)C)cccc2)[Si](C)(C)C)c1cc(C)cc(c1)C.COc1ccc(cc1)C(c1ccc(cc1)OC)([C@@H](C(C)C)N)N,CC(O)C,[O-1]C(C)(C)C.[K+],48.3,25.0,1000.0,3.269000796324068
CC(=O)c1ccc(C(C)(C)C)cc1,C[C@H](O)c1ccc(C(C)(C)C)cc1,Ru,OP(=O)(c1cc(P(c2ccccc2)c2ccccc2)c(c2c1cccc2)c1c(cc(c2c1cccc2)P(=O)(O)O)P(c1ccccc1)c1ccccc1)O.COc1ccc(cc1)C(c1ccc(cc1)OC)([C@@H](C(C)C)N)N,CC(O)C,[O-1]C(C)(C)C.[K+],47.62,25.0,1000.0,3.269000796324068
CC(=O)c1ccccc1,C[C@H](O)c1ccccc1,Ru,Cc1cc(C)cc(c1)P(c1ccc2c(c1c1c(ccc3c1cccc3)P(c1cc(C)cc(c1)C)c1cc(C)cc(c1)C)cccc2)c1cc(C)cc(c1)C.COc1ccc(cc1)C(c1ccc(cc1)OC)([C@@H](C(C)C)N)N,CCO,,50.0,25.0,10000.0,3.269000796324068
CC(=O)c1ccccc1,C[C@H](O)c1ccccc1,Ru,Cc1cc(C)cc(c1)P(c1ccc2c(c1c1c(ccc3c1cccc3)P(c1cc(C)cc(c1)C)c1cc(C)cc(c1)C)cccc2)c1cc(C)cc(c1)C.COc1ccc(cc1)C(c1ccc(cc1)OC)([C@@H](C(C)C)N)N,C1CCCO1,C1CN2CCN1CC2,10.0,25.0,1000.0,3.269000796324068
CC(=O)c1ccc(C(F)(F)F)cc1,C[C@H](O)c1ccc(C(F)(F)F)cc1,Ru,Cc1cc(C)cc(c1)P(c1cccc2c1[C@]1(CC2)CCc2c1c(ccc2)P(c1cc(C)cc(c1)C)c1cc(C)cc(c1)C)c1ccc(cc1C)C.N[C@@H]([C@@H](c1ccccc1)N)c1ccccc1,CC(O)C,[O-1]C(C)(C)C.[K+],50.0,25.0,5000.0,3.269000796324068
CC(=O)c1ccc(C#N)cc1,C[C@H](O)c1ccc(C#N)cc1,Ru,Cc1cc(C)cc(c1)P(c1ccc2c(c1c1c(ccc3c1cccc3)P(c1cc(C)cc(c1)C)c1cc(C)cc(c1)C)cccc2)c1cc(C)cc(c1)C.COc1ccc(cc1)C(c1ccc(cc1)OC)([C@@H](C(C)C)N)N,CCO,,50.0,25.0,1000.0,3.269000796324068
CC(=O)c1ccc2ccccc2c1,C[C@H](O)c1ccc2ccccc2c1,Ru,Cc1cc(C)cc(c1)P(c1cccc2c1[C@]1(CC2)CCc2c1c(ccc2)P(c1cc(C)cc(c1)C)c1cc(C)cc(c1)C)c1ccc(cc1C)C.N[C@@H]([C@@H](c1ccccc1)N)c1ccccc1,CC(O)C,[O-1]C(C)(C)C.[K+],50.0,25.0,5000.0,3.269000796324068
CC(=O)c1ccc(C)cc1,Cc1ccc([C@H](C)O)cc1,Ru,Cc1cc(C)cc(c1)P(c1cccc2c1[C@]1(CC2)CCc2c1c(ccc2)P(c1cc(C)cc(c1)C)c1cc(C)cc(c1)C)c1ccc(cc1C)C.N[C@@H]([C@@H](c1ccccc1)N)c1ccccc1,CC(O)C,[O-1]C(C)(C)C.[K+],50.0,25.0,5000.0,3.269000796324068
CC(=O)c1cccc(Br)c1,C[C@H](O)c1cccc(Br)c1,Ru,Cc1cc(C)cc(c1)P(c1cccc2c1[C@]1(CC2)CCc2c1c(ccc2)P(c1cc(C)cc(c1)C)c1cc(C)cc(c1)C)c1ccc(cc1C)C.N[C@@H]([C@@H](c1ccccc1)N)c1ccccc1,CC(O)C,[O-1]C(C)(C)C.[K+],50.0,25.0,5000.0,3.269000796324068
CC(=O)c1ccccc1Br,C[C@H](O)c1ccccc1Br,Ru,Cc1cc(C)cc(c1)P(c1cccc2c1[C@]1(CC2)CCc2c1c(ccc2)P(c1cc(C)cc(c1)C)c1cc(C)cc(c1)C)c1ccc(cc1C)C.N[C@@H]([C@@H](c1ccccc1)N)c1ccccc1,CC(O)C,[O-1]C(C)(C)C.[K+],50.0,25.0,5000.0,3.269000796324068
CC(=O)c1ccccc1,C[C@@H](O)c1ccccc1,Ru,Cc1cc(C)cc(c1)P(c1ccc2c(c1c1c(ccc3c1cccc3)P(c1cc(C)cc(c1)C)c1cc(C)cc(c1)C)cccc2)c1cc(C)cc(c1)C.COc1ccc(cc1)C(c1ccc(cc1)OC)([C@H](C(C)C)N)N,CCO.CC(O)C,C1CCN2C(=NCCC2)CC1,10.0,35.0,99999.99999999999,3.2413852753914467
CC(=O)c1ccccc1,C[C@@H](O)c1ccccc1,Ru,Cc1cc(C)cc(c1)P(c1ccc2c(c1c1c(ccc3c1cccc3)P(c1cc(C)cc(c1)C)c1cc(C)cc(c1)C)cccc2)c1cc(C)cc(c1)C.COc1ccc(cc1)C(c1ccc(cc1)OC)([C@H](C(C)C)N)N,ClCCl,[O-1]C(C)(C)C.[K+],10.0,35.0,2000.0,3.2413852753914467
CC(=O)c1ccccc1,C[C@@H](O)c1ccccc1,Ru,Cc1cc(C)cc(c1)P(c1ccc2c(c1c1c(ccc3c1cccc3)P(c1cc(C)cc(c1)C)c1cc(C)cc(c1)C)cccc2)c1cc(C)cc(c1)C.COc1ccc(cc1)C(c1ccc(cc1)OC)([C@H](C(C)C)N)N,Cc1ccccc1,[O-1]C(C)(C)C.[K+],10.0,35.0,2000.0,3.2413852753914467
CC(=O)c1ccccc1,C[C@@H](O)c1ccccc1,Ru,Cc1cc(C)cc(c1)P(c1ccc2c(c1c1c(ccc3c1cccc3)P(c1cc(C)cc(c1)C)c1cc(C)cc(c1)C)cccc2)c1cc(C)cc(c1)C.COc1ccc(cc1)C(c1ccc(cc1)OC)([C@H](C(C)C)N)N,CCO.CC(O)C,[O-1]C(C)(C)C.[K+],7.0,35.0,99999.99999999999,3.2413852753914467
CC(=O)c1ccccc1,C[C@@H](O)c1ccccc1,Ru,Cc1cc(C)cc(c1)P(c1ccc2c(c1c1c(ccc3c1cccc3)P(c1cc(C)cc(c1)C)c1cc(C)cc(c1)C)cccc2)c1cc(C)cc(c1)C.COc1ccc(cc1)C(c1ccc(cc1)OC)([C@H](C(C)C)N)N,CC(O)C,[O-1]C(C)(C)C.[K+],50.0,35.0,99999.99999999999,3.2413852753914467
CC(=O)c1ccccc1,C[C@@H](O)c1ccccc1,Ru,Cc1cc(C)cc(c1)P(c1ccc2c(c1c1c(ccc3c1cccc3)P(c1cc(C)cc(c1)C)c1cc(C)cc(c1)C)cccc2)c1cc(C)cc(c1)C.COc1ccc(cc1)C(c1ccc(cc1)OC)([C@H](C(C)C)N)N,CCO.CC(O)C,[O-1]C(C)(C)C.[K+],50.0,35.0,10000.0,3.2413852753914467
CC(=O)c1ccccc1,C[C@@H](O)c1ccccc1,Ru,Cc1cc(C)cc(c1)P(c1ccc2c(c1c1c(ccc3c1cccc3)P(c1cc(C)cc(c1)C)c1cc(C)cc(c1)C)cccc2)c1cc(C)cc(c1)C.COc1ccc(cc1)C(c1ccc(cc1)OC)([C@H](C(C)C)N)N,CCO.CC(O)C,[O-1]C(C)(C)C.[K+],50.0,35.0,99999.99999999999,3.2413852753914467
CC(=O)c1ccccc1,C[C@@H](O)c1ccccc1,Ru,Cc1cc(C)cc(c1)P(c1ccc2c(c1c1c(ccc3c1cccc3)P(c1cc(C)cc(c1)C)c1cc(C)cc(c1)C)cccc2)c1cc(C)cc(c1)C.COc1ccc(cc1)C(c1ccc(cc1)OC)([C@H](C(C)C)N)N,CCO.CC(O)C,[O-1]C(C)(C)C.[K+],1.0,35.0,99999.99999999999,3.2413852753914467
CC(=O)c1ccccc1,C[C@@H](O)c1ccccc1,Ru,Cc1cc(C)cc(c1)P(c1ccc2c(c1c1c(ccc3c1cccc3)P(c1cc(C)cc(c1)C)c1cc(C)cc(c1)C)cccc2)c1cc(C)cc(c1)C.COc1ccc(cc1)C(c1ccc(cc1)OC)([C@H](C(C)C)N)N,Cc1ccccc1,C1CCN2C(=NCCC2)CC1,10.0,35.0,4000.0,3.2413852753914467
CC(=O)c1ccccc1,C[C@@H](O)c1ccccc1,Ru,Cc1cc(C)cc(c1)P(c1ccc2c(c1c1c(ccc3c1cccc3)P(c1cc(C)cc(c1)C)c1cc(C)cc(c1)C)cccc2)c1cc(C)cc(c1)C.COc1ccc(cc1)C(c1ccc(cc1)OC)([C@H](C(C)C)N)N,CO,[O-1]C(C)(C)C.[K+],50.0,35.0,10000.0,3.2413852753914467
CC(=O)c1ccccc1,C[C@@H](O)c1ccccc1,Ru,Cc1cc(C)cc(c1)P(c1ccc2c(c1c1c(ccc3c1cccc3)P(c1cc(C)cc(c1)C)c1cc(C)cc(c1)C)cccc2)c1cc(C)cc(c1)C.COc1ccc(cc1)C(c1ccc(cc1)OC)([C@H](C(C)C)N)N,CCO,[O-1]C(C)(C)C.[K+],50.0,35.0,99999.99999999999,3.2413852753914467
CC(=O)c1ccccc1,C[C@@H](O)c1ccccc1,Ru,Cc1cc(C)cc(c1)P(c1ccc2c(c1c1c(ccc3c1cccc3)P(c1cc(C)cc(c1)C)c1cc(C)cc(c1)C)cccc2)c1cc(C)cc(c1)C.COc1ccc(cc1)C(c1ccc(cc1)OC)([C@H](C(C)C)N)N,ClCCl,C1CCN2C(=NCCC2)CC1,10.0,35.0,4000.0,3.2413852753914467
CC(=O)c1ccccc1,C[C@@H](O)c1ccccc1,Ru,C[C@@H]1C[C@@H](C)Oc2c(-c3c(O1)cccc3P(c1cc(C)cc(c1)C)c1cc(C)cc(c1)C)c(ccc2)P(c1cc(C)cc(c1)C)c1cc(C)cc(c1)C.COc1ccc(cc1)C(c1ccc(cc1)OC)([C@H](C(C)C)N)N,CC(O)C,[O-1]C(C)(C)C.[K+],50.0,21.0,500000.0,3.2251436667406495
CC(=O)c1ccccc1,C[C@H](O)c1ccccc1,Ru,COc1nc(OC)cc(c1c1c(OC)nc(cc1P(c1cc(C)cc(c1)C)c1cc(C)cc(c1)C)OC)P(c1cc(C)cc(c1)C)c1cc(C)cc(c1)C,CC(O)C,[O-1]C(C)(C)C.[K+],34.02,26.5,49999.99999999999,3.215012602828856
CC(=O)c1ccccc1,C[C@H](O)c1ccccc1,Ru,COc1nc(OC)cc(c1c1c(OC)nc(cc1P(c1cc(C)cc(c1)C)c1cc(C)cc(c1)C)OC)P(c1cc(C)cc(c1)C)c1cc(C)cc(c1)C,CC(O)C,[O-1]C(C)(C)C.[K+],34.02,26.5,99999.99999999999,3.215012602828856
CCC(=O)c1ccccc1,CC[C@H](O)c1ccccc1,Ru,Cc1cc(C)cc(c1)P(c1cc(c2c(c1c1c(cc(c3c1cccc3)[Si](C)(C)C)P(c1cc(C)cc(c1)C)c1cc(C)cc(c1)C)cccc2)[Si](C)(C)C)c1cc(C)cc(c1)C.N[C@@H]([C@@H](c1ccccc1)N)c1ccccc1,CC(O)C,[O-1]C(C)(C)C.[K+],48.3,25.0,1000.0,3.1989187636690253
CC(=O)c1cccc2ccccc12,C[C@H](O)c1cccc2ccccc12,Ru,Cc1ccc2c(c1)c(C)cc(c2c1c(cc(c2c1ccc(c2)C)C)P(c1cc(C)cc(c1)C)c1cc(C)cc(c1)C)P(c1cc(C)cc(c1)C)c1cc(C)cc(c1)C.N[C@@H]([C@@H](c1ccccc1)N)c1ccccc1,CC(O)C,[O-1]C(C)(C)C.[K+],48.3,25.0,1000.0,3.1989187636690253
CC(=O)c1ccc(C(C)(C)C)cc1,C[C@H](O)c1ccc(C(C)(C)C)cc1,Ru,OP(=O)(c1cc(P(c2ccccc2)c2ccccc2)c(c2c1cccc2)c1c(cc(c2c1cccc2)P(=O)(O)O)P(c1ccccc1)c1ccccc1)O.N[C@@H]([C@@H](c1ccccc1)N)c1ccccc1,CC(O)C,[O-1]C(C)(C)C.[K+],47.62,25.0,1000.0,3.1989187636690253
CC(=O)c1ccc(Cl)cc1,C[C@H](O)c1ccc(Cl)cc1,Ru,Cc1ccc2c(c1)c(C)cc(c2c1c(cc(c2c1ccc(c2)C)C)P(c1cc(C)cc(c1)C)c1cc(C)cc(c1)C)P(c1cc(C)cc(c1)C)c1cc(C)cc(c1)C.COc1ccc(cc1)C(c1ccc(cc1)OC)([C@@H](C(C)C)N)N,CC(O)C,[O-1]C(C)(C)C.[K+],48.3,25.0,1000.0,3.1989187636690253
CC(=O)c1cccc2ccccc12,C[C@H](O)c1cccc2ccccc12,Ru,Cc1cc(C)cc(c1)P(c1cc(c2c(c1c1c(cc(c3c1cccc3)[Si](C)(C)C)P(c1cc(C)cc(c1)C)c1cc(C)cc(c1)C)cccc2)[Si](C)(C)C)c1cc(C)cc(c1)C.N[C@@H]([C@@H](c1ccccc1)N)c1ccccc1,CC(O)C,[O-1]C(C)(C)C.[K+],48.3,25.0,1000.0,3.1989187636690253
CC(=O)c1cccc2ccccc12,C[C@H](O)c1cccc2ccccc12,Ru,Cc1cc(C)cc(c1)P(c1ccc2c(c1c1c(cc(c3c1cccc3)[Si](C)(C)C)P(c1cc(C)cc(c1)C)c1cc(C)cc(c1)C)cccc2)c1cc(C)cc(c1)C.COc1ccc(cc1)C(c1ccc(cc1)OC)([C@@H](C(C)C)N)N,CC(O)C,[O-1]C(C)(C)C.[K+],48.3,25.0,1000.0,3.1989187636690253
O=C(Cc1ccccc1)c1ccccc1,O[C@@H](Cc1ccccc1)c1ccccc1,Ru,Cc1ccc2c(c1)c(C)cc(c2c1c(cc(c2c1ccc(c2)C)C)P(c1cc(C)cc(c1)C)c1cc(C)cc(c1)C)P(c1cc(C)cc(c1)C)c1cc(C)cc(c1)C.COc1ccc(cc1)C(c1ccc(cc1)OC)([C@@H](C(C)C)N)N,CC(O)C,[O-1]C(C)(C)C.[K+],48.3,25.0,1000.0,3.1989187636690253
CC1(C)CCC(CN2CCN(CCC(=O)c3ccccc3)CC2)=C(c2ccc(Cl)cc2)C1,CC1(C)CCC(CN2CCN(CC[C@@H](O)c3ccccc3)CC2)=C(c2ccc(Cl)cc2)C1,Ru,Cc1cc(C)c(c(c1)C)[C@H](c1ccc2c(c1)cccc2)NCCP(c1ccccc1)c1ccccc1.CP(CCP(C)C)C,C1CCCO1,[K+].[O-1]C,50.0,30.0,100.0,3.1887909986529843
Cc1ccccc1C(=O)CCN1CCN(c2ccccc2)CC1,Cc1ccccc1[C@H](O)CCN1CCN(c2ccccc2)CC1,Ru,Cc1cc(C)c(c(c1)C)[C@H](c1ccc2c(c1)cccc2)NCCP(c1ccccc1)c1ccccc1.CP(CCP(C)C)C,C1CCCO1,[K+].[O-1]C,50.0,30.0,100.0,3.1887909986529843
O=C(CCN1CCC(=C2c3ccc(Cl)cc3CCc3cccnc32)CC1)c1ccccc1,O[C@H](CCN1CCC(=C2c3ccc(Cl)cc3CCc3cccnc32)CC1)c1ccccc1,Ru,Cc1cc(C)c(c(c1)C)[C@H](c1ccccc1)NCCP(c1ccccc1)c1ccccc1.CP(CCP(C)C)C,C1CCCO1,[K+].[O-1]C,50.0,30.0,100.0,3.1887909986529843
Cc1ccc(C(=O)CCN2CCN(c3ccccc3)CC2)cc1,Cc1ccc([C@H](O)CCN2CCN(c3ccccc3)CC2)cc1,Ru,Cc1cc(C)c(c(c1)C)[C@H](c1ccc2c(c1)cccc2)NCCP(c1ccccc1)c1ccccc1.CP(CCP(C)C)C,C1CCCO1,[K+].[O-1]C,50.0,30.0,100.0,3.1887909986529843
O=C(CCN1CCN(c2ccccc2)CC1)c1cccc2ccccc12,O[C@H](CCN1CCN(c2ccccc2)CC1)c1cccc2ccccc12,Ru,Cc1cc(C)c(c(c1)C)[C@H](c1ccc2c(c1)cccc2)NCCP(c1ccccc1)c1ccccc1.CP(CCP(C)C)C,C1CCCO1,[K+].[O-1]C,50.0,30.0,100.0,3.1887909986529843
COc1cccc(C(=O)CCN2CCN(c3ccccc3)CC2)c1,COc1cccc([C@H](O)CCN2CCN(c3ccccc3)CC2)c1,Ru,Cc1cc(C)c(c(c1)C)[C@H](c1ccc2c(c1)cccc2)NCCP(c1ccccc1)c1ccccc1.CP(CCP(C)C)C,C1CCCO1,[K+].[O-1]C,50.0,30.0,100.0,3.1887909986529843
COc1ccccc1C(=O)c1ccccc1,COc1ccccc1[C@@H](O)c1ccccc1,Ru,Cc1cc(C)cc(c1)P(c1ccc2c(c1c1c(ccc3c1cccc3)P(c1cc(C)cc(c1)C)c1cc(C)cc(c1)C)cccc2)c1cc(C)cc(c1)C.COc1ccc(cc1)C(c1ccc(cc1)OC)([C@H](C(C)C)N)N,CC(O)C,[O-1]C(C)(C)C.[K+],8.0,28.0,2000.0,3.167753287957599
CC(C)(C)OC(=O)N1CCC(C(=O)c2ccc(F)cc2)CC1,CC(C)(C)OC(=O)N1CCC([C@H](O)c2ccc(F)cc2)CC1,Ru,Cc1ccc(cc1)P(c1ccc2c(c1c1c(ccc3c1cccc3)P(c1ccc(cc1)C)c1ccc(cc1)C)cccc2)c1ccc(cc1)C.NC[C@@H](c1ccccc1)N,CC(O)C,[K+].[O-1]C(C)(C)C,8.0,27.5,400.0,3.162493860283753
CC(=O)c1ccsc1,C[C@H](O)c1ccsc1,Ru,COc1nc(OC)cc(c1c1c(OC)nc(cc1P(c1cc(C)cc(c1)C)c1cc(C)cc(c1)C)OC)P(c1cc(C)cc(c1)C)c1cc(C)cc(c1)C.N[C@@H]([C@@H](c1ccccc1)N)c1ccccc1,CC(O)C,[O-1]C(C)(C)C.[K+],34.02286336,27.5,10000.0,3.162493860283753
CC(=O)c1ccccc1,C[C@H](O)c1ccccc1,Ru,COc1nc(OC)cc(c1c1c(OC)nc(cc1P(c1cc(C)cc(c1)C)c1cc(C)cc(c1)C)OC)P(c1cc(C)cc(c1)C)c1cc(C)cc(c1)C,CC(O)C,[O-1]C(C)(C)C.[K+],20.41,26.5,1995.307037846984,3.15197500493606
CC(=O)c1nccc2ccccc12,C[C@H](O)c1nccc2ccccc12,Ru,Cc1ccccc1[C@H](c1ccccn1)N[C@H](C12C3[Fe]4567891(C2(C8C34)P(c1ccccc1)c1ccccc1)C1C5C6C9(C71)P(c1ccccc1)c1ccccc1)C,COC(C)(C)C,C1CN=C2N(C1)CCC2,50.0,25.0,33.333333333333336,3.1361967219145215
CC(=O)c1cc2ccccc2cn1,C[C@H](O)c1cc2ccccc2cn1,Ru,Cc1ccccc1[C@H](c1ccccn1)N[C@H](C12C3[Fe]4567891(C2(C8C34)P(c1ccccc1)c1ccccc1)C1C5C6C9(C71)P(c1ccccc1)c1ccccc1)C,COC(C)(C)C,C1CN=C2N(C1)CCC2,50.0,25.0,33.333333333333336,3.1361967219145215
CC(=O)c1ccc(Cl)cc1,C[C@H](O)c1ccc(Cl)cc1,Ru,Cc1cc(C)cc(c1)P(c1cccc2c1[C@]1(CC2)CCc2c1c(ccc2)P(c1cc(C)cc(c1)C)c1cc(C)cc(c1)C)c1ccc(cc1C)C.N[C@@H]([C@@H](c1ccccc1)N)c1ccccc1,CC(O)C,[O-1]C(C)(C)C.[K+],50.0,25.0,5000.0,3.1361967219145215
CC(=O)c1ccc(Br)cc1,C[C@H](O)c1ccc(Br)cc1,Ru,Cc1cc(C)cc(c1)P(c1cccc2c1[C@]1(CC2)CCc2c1c(ccc2)P(c1cc(C)cc(c1)C)c1cc(C)cc(c1)C)c1ccc(cc1C)C.N[C@@H]([C@@H](c1ccccc1)N)c1ccccc1,CC(O)C,[O-1]C(C)(C)C.[K+],50.0,25.0,5000.0,3.1361967219145215
CC(=O)c1ccccc1,C[C@H](O)c1ccccc1,Ru,Cc1cc(C)cc(c1)P(c1cccc2c1[C@]1(CC2)CCc2c1c(ccc2)P(c1cc(C)cc(c1)C)c1cc(C)cc(c1)C)c1ccc(cc1C)C.N[C@@H]([C@@H](c1ccccc1)N)c1ccccc1,CC(O)C,[O-1]C(C)(C)C.[K+],50.0,25.0,5000.0,3.1361967219145215
CC(=O)c1ccccc1,C[C@H](O)c1ccccc1,Ru,Cc1cc(C)cc(c1)P(c1ccc2c(c1c1c(ccc3c1cccc3)P(c1cc(C)cc(c1)C)c1cc(C)cc(c1)C)cccc2)c1cc(C)cc(c1)C.COc1ccc(cc1)C(c1ccc(cc1)OC)([C@@H](C(C)C)N)N,CC(O)C,[O-1]C(C)(C)C.[K+],48.3,25.0,1000.0,3.1361967219145215
CC(=O)c1ncccc1Cl,C[C@H](O)c1ncccc1Cl,Ru,Cc1ccccc1[C@H](c1ccccn1)N[C@H](C12C3[Fe]4567891(C2(C8C34)P(c1ccccc1)c1ccccc1)C1C5C6C9(C71)P(c1ccccc1)c1ccccc1)C,COC(C)(C)C,C1CN=C2N(C1)CCC2,50.0,25.0,33.333333333333336,3.1361967219145215
CC(=O)c1cccc(C(F)(F)F)c1,C[C@@H](O)c1cccc(C(F)(F)F)c1,Ru,Cc1cc(C)cc(c1)P(c1cc(C)c(c(c1c1c(C)c(C)c(cc1P(c1cc(C)cc(c1)C)c1cc(C)cc(c1)C)C)C)C)c1cc(C)cc(c1)C.COc1ccc(cc1)C(c1ccc(cc1)OC)(C(C(C)C)N)N,CC(O)C.CC(O)(C)C,[O-1]C(C)(C)C.[K+],8.17,25.0,3030.3030303030305,3.1361967219145215
CC(=O)c1ncccc1Br,C[C@H](O)c1ncccc1Br,Ru,Cc1ccccc1[C@H](c1ccccn1)N[C@H](C12C3[Fe]4567891(C2(C8C34)P(c1ccccc1)c1ccccc1)C1C5C6C9(C71)P(c1ccccc1)c1ccccc1)C,COC(C)(C)C,C1CN=C2N(C1)CCC2,50.0,25.0,33.333333333333336,3.1361967219145215
CC(=O)c1ccccc1,C[C@H](O)c1ccccc1,Ru,Cc1cc(C)cc(c1)P(c1cccc2c1C1(CC2)CCc2c1c(ccc2)P(c1cc(C)cc(c1)C)c1cc(C)cc(c1)C)c1cc(C)cc(c1)C.N[C@@H]([C@@H](c1ccccc1)N)c1ccccc1,CC(O)C,[O-1]C(C)(C)C.[K+],50.0,25.0,5000.0,3.1361967219145215
CC(=O)c1cccc(C(F)(F)F)c1,C[C@H](O)c1cccc(C(F)(F)F)c1,Ru,Cc1cc(C)cc(c1)P(c1cccc2c1[C@]1(CC2)CCc2c1c(ccc2)P(c1cc(C)cc(c1)C)c1cc(C)cc(c1)C)c1ccc(cc1C)C.N[C@@H]([C@@H](c1ccccc1)N)c1ccccc1,CC(O)C,[O-1]C(C)(C)C.[K+],50.0,25.0,5000.0,3.1361967219145215
CC(=O)c1ccccc1,C[C@H](O)c1ccccc1,Ru,Cc1cc(C)cc(c1)P(c1ccc2c(c1c1c(ccc3c1cccc3)P(c1cc(C)cc(c1)C)c1cc(C)cc(c1)C)cccc2)c1cc(C)cc(c1)C.COc1ccc(cc1)C(c1ccc(cc1)OC)([C@@H](C(C)C)N)N,CC#N,,10.0,25.0,1000.0,3.1361967219145215
C[Si](C)(C(=O)C1CCCCC1)c1ccccc1,C[Si](C)(c1ccccc1)[C@@H](O)C1CCCCC1,Ru,Cc1ccc(cc1)P(c1ccc2c(c1c1c(ccc3c1cccc3)P(c1ccc(cc1)C)c1ccc(cc1)C)cccc2)c1ccc(cc1)C.NCc1ccccn1,CCO,[O-1]C(C)(C)C.[K+],10.0,25.0,599.9998800000241,3.1361967219145215
CC(C)C(=O)[Si](C)(C)c1ccccc1,CC(C)[C@H](O)[Si](C)(C)c1ccccc1,Ru,Cc1ccc(cc1)P(c1ccc2c(c1c1c(ccc3c1cccc3)P(c1ccc(cc1)C)c1ccc(cc1)C)cccc2)c1ccc(cc1)C.NCc1ccccn1,CCO,[O-1]C(C)(C)C.[K+],10.0,25.0,900.0000900000091,3.1361967219145215
CC(=O)c1ncccc1Br,C[C@H](O)c1ncccc1Br,Ru,Cc1ccccc1[C@H](c1ccccn1)N[C@H](C12C3[Fe]4567891(C2(C8C34)P(c1ccccc1)c1ccccc1)C1C5C6C9(C71)P(c1ccccc1)c1ccccc1)C,COC(C)(C)C,C1CN=C2N(C1)CCC2,50.0,25.0,100.0,3.1361967219145215
COc1ccnc(C(C)=O)c1,COc1ccnc([C@H](C)O)c1,Ru,Cc1ccccc1[C@H](c1ccccn1)N[C@H](C12C3[Fe]4567891(C2(C8C34)P(c1ccccc1)c1ccccc1)C1C5C6C9(C71)P(c1ccccc1)c1ccccc1)C,COC(C)(C)C,C1CN=C2N(C1)CCC2,50.0,25.0,33.333333333333336,3.1361967219145215
CC(=O)c1ccccc1,C[C@@H](O)c1ccccc1,Ru,Cc1cc(C)cc(c1)P(c1cc(C)c(c(c1c1c(C)c(C)c(cc1P(c1cc(C)cc(c1)C)c1cc(C)cc(c1)C)C)C)C)c1cc(C)cc(c1)C.N[C@H]([C@H](c1ccccc1)N)c1ccccc1,CC(O)C.CC(O)(C)C,[O-1]C(C)(C)C.[K+],8.17,25.0,3030.3030303030305,3.1361967219145215
CC(=O)c1ccccc1,C[C@@H](O)c1ccccc1,Ru,Cc1cc(C)cc(c1)P(c1cc(C)c(c(c1c1c(C)c(C)c(cc1P(c1cc(C)cc(c1)C)c1cc(C)cc(c1)C)C)C)C)c1cc(C)cc(c1)C.COc1ccc(cc1)C(c1ccc(cc1)OC)(C(C(C)C)N)N,CC(O)C.CC(O)(C)C,[O-1]C(C)(C)C.[K+],8.17,25.0,3030.3030303030305,3.1361967219145215
CC(=O)c1cccc(C(F)(F)F)c1,C[C@@H](O)c1cccc(C(F)(F)F)c1,Ru,Cc1cc(C)cc(c1)P(c1cc(C)c(c(c1c1c(C)c(C)c(cc1P(c1cc(C)cc(c1)C)c1cc(C)cc(c1)C)C)C)C)c1cc(C)cc(c1)C.N[C@H]([C@H](c1ccccc1)N)c1ccccc1,CC(O)C.CC(O)(C)C,[O-1]C(C)(C)C.[K+],8.17,25.0,3030.3030303030305,3.1361967219145215
COC(=O)c1ccc(C(C)=O)cc1,COC(=O)c1ccc([C@H](C)O)cc1,Ru,Cc1cc(C)cc(c1)P(c1ccc2c(c1c1c(ccc3c1cccc3)P(c1cc(C)cc(c1)C)c1cc(C)cc(c1)C)cccc2)c1cc(C)cc(c1)C.COc1ccc(cc1)C(c1ccc(cc1)OC)([C@@H](C(C)C)N)N,CO,,50.0,25.0,1000.0,3.1361967219145215
O=C(Cn1ccnc1)c1ccccc1,O[C@H](Cn1ccnc1)c1ccccc1,Ru,Cc1cc(C)cc(c1)P(c1ccc2c(c1c1c(ccc3c1cccc3)P(c1cc(C)cc(c1)C)c1cc(C)cc(c1)C)cccc2)c1cc(C)cc(c1)C.COc1ccc(cc1)C(c1ccc(cc1)OC)([C@H](C(C)C)N)N,C1CCCO1,[K+].[OH-1],50.0,25.0,100.0,3.1361967219145215
O=C(Cn1ccnc1)c1ccc(Cl)cc1Cl,O[C@H](Cn1ccnc1)c1ccc(Cl)cc1Cl,Ru,Cc1cc(C)cc(c1)P(c1ccc2c(c1c1c(ccc3c1cccc3)P(c1cc(C)cc(c1)C)c1cc(C)cc(c1)C)cccc2)c1cc(C)cc(c1)C.COc1ccc(cc1)C(c1ccc(cc1)OC)([C@H](C(C)C)N)N,C1CCCO1,[K+].[OH-1],50.0,25.0,100.0,3.1361967219145215
O=C(Cn1ccnc1)c1ccc(Cl)cc1Cl,O[C@H](Cn1ccnc1)c1ccc(Cl)cc1Cl,Ru,Cc1cc(C)cc(c1)P(c1ccc2c(c1c1c(ccc3c1cccc3)P(c1cc(C)cc(c1)C)c1cc(C)cc(c1)C)cccc2)c1cc(C)cc(c1)C.COc1ccc(cc1)C(c1ccc(cc1)OC)([C@H](C(C)C)N)N,C1CCCO1,[K+].[OH-1],50.0,25.0,2000.0,3.1361967219145215
O=C(Cn1ccnc1)c1ccc(Cl)cc1Cl,O[C@H](Cn1ccnc1)c1ccc(Cl)cc1Cl,Ru,Cc1cc(C)cc(c1)P(c1ccc2c(c1c1c(ccc3c1cccc3)P(c1cc(C)cc(c1)C)c1cc(C)cc(c1)C)cccc2)c1cc(C)cc(c1)C.COc1ccc(cc1)C(c1ccc(cc1)OC)([C@H](C(C)C)N)N,C1CCCO1,[Na+].[O-1]C,50.0,25.0,800.0,3.1361967219145215
O=C(Cn1ccnc1)c1ccc(Cl)cc1Cl,O[C@H](Cn1ccnc1)c1ccc(Cl)cc1Cl,Ru,Cc1cc(C)cc(c1)P(c1ccc2c(c1c1c(ccc3c1cccc3)P(c1cc(C)cc(c1)C)c1cc(C)cc(c1)C)cccc2)c1cc(C)cc(c1)C.COc1ccc(cc1)C(c1ccc(cc1)OC)([C@H](C(C)C)N)N,C1CCCO1,[K+].[OH-1],50.0,25.0,800.0,3.1361967219145215
O=C(Cn1ccnc1)c1ccc(Cl)cc1Cl,O[C@H](Cn1ccnc1)c1ccc(Cl)cc1Cl,Ru,Cc1cc(C)cc(c1)P(c1ccc2c(c1c1c(ccc3c1cccc3)P(c1cc(C)cc(c1)C)c1cc(C)cc(c1)C)cccc2)c1cc(C)cc(c1)C.COc1ccc(cc1)C(c1ccc(cc1)OC)([C@H](C(C)C)N)N,C1CCCO1,[Na+].[OH-1],50.0,25.0,800.0,3.1361967219145215
O=C(Cn1ccnc1)c1ccc(Cl)cc1Cl,O[C@H](Cn1ccnc1)c1ccc(Cl)cc1Cl,Ru,Cc1cc(C)cc(c1)P(c1ccc2c(c1c1c(ccc3c1cccc3)P(c1cc(C)cc(c1)C)c1cc(C)cc(c1)C)cccc2)c1cc(C)cc(c1)C.COc1ccc(cc1)C(c1ccc(cc1)OC)([C@H](C(C)C)N)N,CCOC(=O)C,[K+].[O-1]C(C)(C)C,50.0,25.0,200.0,3.1361967219145215
O=C(Cn1ccnc1)c1ccc(Cl)cc1Cl,O[C@H](Cn1ccnc1)c1ccc(Cl)cc1Cl,Ru,Cc1cc(C)cc(c1)P(c1ccc2c(c1c1c(ccc3c1cccc3)P(c1cc(C)cc(c1)C)c1cc(C)cc(c1)C)cccc2)c1cc(C)cc(c1)C.COc1ccc(cc1)C(c1ccc(cc1)OC)([C@H](C(C)C)N)N,C1CCCO1,[K+].[O-1]C(C)(C)C,50.0,25.0,200.0,3.1361967219145215
CC(=O)c1ncccc1C,Cc1cccnc1[C@H](C)O,Ru,Cc1ccccc1[C@H](c1ccccn1)N[C@H](C12C3[Fe]4567891(C2(C8C34)P(c1ccccc1)c1ccccc1)C1C5C6C9(C71)P(c1ccccc1)c1ccccc1)C,COC(C)(C)C,C1CN=C2N(C1)CCC2,50.0,25.0,33.333333333333336,3.1361967219145215
CC(=O)c1cccc2ccccc12,C[C@H](O)c1cccc2ccccc12,Ru,OP(=O)(c1cc(P(c2ccccc2)c2ccccc2)c(c2c1cccc2)c1c(cc(c2c1cccc2)P(=O)(O)O)P(c1ccccc1)c1ccccc1)O.N[C@@H]([C@@H](c1ccccc1)N)c1ccccc1,CC(O)C,[O-1]C(C)(C)C.[K+],47.62,25.0,1000.0,3.1361967219145215
CC(=O)c1cccc2ccccc12,C[C@H](O)c1cccc2ccccc12,Ru,C[Si](c1cc(P(c2ccccc2)c2ccccc2)c(c2c1cccc2)c1c(cc(c2c1cccc2)[Si](C)(C)C)P(c1ccccc1)c1ccccc1)(C)C.N[C@@H]([C@@H](c1ccccc1)N)c1ccccc1,CC(O)C,[O-1]C(C)(C)C.[K+],47.62,25.0,1000.0,3.1361967219145215
CCC(=O)c1ccccn1,CC[C@H](O)c1ccccn1,Ru,Cc1ccccc1[C@H](c1ccccn1)N[C@H](C12C3[Fe]4567891(C2(C8C34)P(c1ccccc1)c1ccccc1)C1C5C6C9(C71)P(c1ccccc1)c1ccccc1)C,COC(C)(C)C,C1CN=C2N(C1)CCC2,50.0,25.0,33.333333333333336,3.1361967219145215
COc1ccc(C(C)=O)cc1,COc1ccc([C@H](C)O)cc1,Ru,CC1(C)O[C@@H]([C@H](O1)CP(c1ccccc1)c1ccccc1)CP(c1ccccc1)c1ccccc1.NCc1nc2c([nH]1)cccc2,Cc1ccccc1.CC(O)(C)C,[O-1]C(C)(C)C.[K+].c1ccc(cc1)P(c1ccccc1)c1ccccc1,8.0,25.0,1000.0,3.1361967219145215
CC(=O)c1cccc(Br)c1,C[C@H](O)c1cccc(Br)c1,Ru,CC1(C)O[C@@H]([C@H](O1)CP(c1ccccc1)c1ccccc1)CP(c1ccccc1)c1ccccc1.NCc1nc2c([nH]1)cccc2,Cc1ccccc1.CC(O)(C)C,[O-1]C(C)(C)C.[K+].c1ccc(cc1)P(c1ccccc1)c1ccccc1,8.0,25.0,5000.0,3.1361967219145215
COc1ccc(C(C)=O)cc1,COc1ccc([C@H](C)O)cc1,Ru,Cc1ccc2c(c1)c(C)cc(c2c1c(cc(c2c1ccc(c2)C)C)P(c1cc(C)cc(c1)C)c1cc(C)cc(c1)C)P(c1cc(C)cc(c1)C)c1cc(C)cc(c1)C.COc1ccc(cc1)C(c1ccc(cc1)OC)([C@@H](C(C)C)N)N,CC(O)C,[O-1]C(C)(C)C.[K+],48.3,25.0,1000.0,3.1361967219145215
O=C(Cn1ccnc1)c1ccco1,O[C@H](Cn1ccnc1)c1ccco1,Ru,Cc1cc(C)cc(c1)P(c1ccc2c(c1c1c(ccc3c1cccc3)P(c1cc(C)cc(c1)C)c1cc(C)cc(c1)C)cccc2)c1cc(C)cc(c1)C.COc1ccc(cc1)C(c1ccc(cc1)OC)([C@H](C(C)C)N)N,C1CCCO1,[K+].[OH-1],50.0,25.0,100.0,3.1361967219145215
O=C(Cn1ccnc1)c1ccccn1,O[C@H](Cn1ccnc1)c1ccccn1,Ru,Cc1cc(C)cc(c1)P(c1ccc2c(c1c1c(ccc3c1cccc3)P(c1cc(C)cc(c1)C)c1cc(C)cc(c1)C)cccc2)c1cc(C)cc(c1)C.COc1ccc(cc1)C(c1ccc(cc1)OC)([C@H](C(C)C)N)N,C1CCCO1,[K+].[OH-1],50.0,25.0,100.0,3.1361967219145215
O=C(Cn1ccnc1)c1cccs1,O[C@H](Cn1ccnc1)c1cccs1,Ru,Cc1cc(C)cc(c1)P(c1ccc2c(c1c1c(ccc3c1cccc3)P(c1cc(C)cc(c1)C)c1cc(C)cc(c1)C)cccc2)c1cc(C)cc(c1)C.COc1ccc(cc1)C(c1ccc(cc1)OC)([C@H](C(C)C)N)N,C1CCCO1,[K+].[OH-1],50.0,25.0,100.0,3.1361967219145215
O=C(Cn1ccnc1)c1ccc2ccccc2c1,O[C@H](Cn1ccnc1)c1ccc2ccccc2c1,Ru,Cc1cc(C)cc(c1)P(c1ccc2c(c1c1c(ccc3c1cccc3)P(c1cc(C)cc(c1)C)c1cc(C)cc(c1)C)cccc2)c1cc(C)cc(c1)C.COc1ccc(cc1)C(c1ccc(cc1)OC)([C@H](C(C)C)N)N,C1CCCO1,[K+].[OH-1],50.0,25.0,100.0,3.1361967219145215
COC(=O)/C=C/c1cn(CC(=O)c2ccc(Cl)cc2Cl)cn1,COC(=O)/C=C/c1cn(C[C@@H](O)c2ccc(Cl)cc2Cl)cn1,Ru,Cc1cc(C)cc(c1)P(c1ccc2c(c1c1c(ccc3c1cccc3)P(c1cc(C)cc(c1)C)c1cc(C)cc(c1)C)cccc2)c1cc(C)cc(c1)C.COc1ccc(cc1)C(c1ccc(cc1)OC)([C@H](C(C)C)N)N,C1CCCO1,[K+].[OH-1],50.0,25.0,100.0,3.1361967219145215
O=C(Cn1ccnn1)c1ccc(Cl)cc1Cl,O[C@H](Cn1ccnn1)c1ccc(Cl)cc1Cl,Ru,Cc1cc(C)cc(c1)P(c1ccc2c(c1c1c(ccc3c1cccc3)P(c1cc(C)cc(c1)C)c1cc(C)cc(c1)C)cccc2)c1cc(C)cc(c1)C.COc1ccc(cc1)C(c1ccc(cc1)OC)([C@H](C(C)C)N)N,C1CCCO1,[K+].[OH-1],50.0,25.0,100.0,3.1361967219145215
Cc1ccccc1C(=O)Cn1ccnc1,Cc1ccccc1[C@H](O)Cn1ccnc1,Ru,Cc1cc(C)cc(c1)P(c1ccc2c(c1c1c(ccc3c1cccc3)P(c1cc(C)cc(c1)C)c1cc(C)cc(c1)C)cccc2)c1cc(C)cc(c1)C.COc1ccc(cc1)C(c1ccc(cc1)OC)([C@H](C(C)C)N)N,C1CCCO1,[K+].[OH-1],50.0,25.0,100.0,3.1361967219145215
COc1ccccc1C(=O)Cn1ccnc1,COc1ccccc1[C@H](O)Cn1ccnc1,Ru,Cc1cc(C)cc(c1)P(c1ccc2c(c1c1c(ccc3c1cccc3)P(c1cc(C)cc(c1)C)c1cc(C)cc(c1)C)cccc2)c1cc(C)cc(c1)C.COc1ccc(cc1)C(c1ccc(cc1)OC)([C@H](C(C)C)N)N,C1CCCO1,[K+].[OH-1],50.0,25.0,100.0,3.1361967219145215
O=C(Cn1ccnc1)c1ccccc1Br,O[C@H](Cn1ccnc1)c1ccccc1Br,Ru,Cc1cc(C)cc(c1)P(c1ccc2c(c1c1c(ccc3c1cccc3)P(c1cc(C)cc(c1)C)c1cc(C)cc(c1)C)cccc2)c1cc(C)cc(c1)C.COc1ccc(cc1)C(c1ccc(cc1)OC)([C@H](C(C)C)N)N,C1CCCO1,[K+].[OH-1],50.0,25.0,100.0,3.1361967219145215
O=C(Cn1ccnc1)c1cccc(Cl)c1,O[C@H](Cn1ccnc1)c1cccc(Cl)c1,Ru,Cc1cc(C)cc(c1)P(c1ccc2c(c1c1c(ccc3c1cccc3)P(c1cc(C)cc(c1)C)c1cc(C)cc(c1)C)cccc2)c1cc(C)cc(c1)C.COc1ccc(cc1)C(c1ccc(cc1)OC)([C@H](C(C)C)N)N,C1CCCO1,[K+].[OH-1],50.0,25.0,100.0,3.1361967219145215
Cc1ccc(C(=O)Cn2ccnc2)cc1,Cc1ccc([C@H](O)Cn2ccnc2)cc1,Ru,Cc1cc(C)cc(c1)P(c1ccc2c(c1c1c(ccc3c1cccc3)P(c1cc(C)cc(c1)C)c1cc(C)cc(c1)C)cccc2)c1cc(C)cc(c1)C.COc1ccc(cc1)C(c1ccc(cc1)OC)([C@H](C(C)C)N)N,C1CCCO1,[K+].[OH-1],50.0,25.0,100.0,3.1361967219145215
CC(C)(C)c1ccc(C(=O)Cn2ccnc2)cc1,CC(C)(C)c1ccc([C@H](O)Cn2ccnc2)cc1,Ru,Cc1cc(C)cc(c1)P(c1ccc2c(c1c1c(ccc3c1cccc3)P(c1cc(C)cc(c1)C)c1cc(C)cc(c1)C)cccc2)c1cc(C)cc(c1)C.COc1ccc(cc1)C(c1ccc(cc1)OC)([C@H](C(C)C)N)N,C1CCCO1,[K+].[OH-1],50.0,25.0,100.0,3.1361967219145215
O=C(Cn1ccnc1)c1ccc(F)cc1,O[C@H](Cn1ccnc1)c1ccc(F)cc1,Ru,Cc1cc(C)cc(c1)P(c1ccc2c(c1c1c(ccc3c1cccc3)P(c1cc(C)cc(c1)C)c1cc(C)cc(c1)C)cccc2)c1cc(C)cc(c1)C.COc1ccc(cc1)C(c1ccc(cc1)OC)([C@H](C(C)C)N)N,C1CCCO1,[K+].[OH-1],50.0,25.0,100.0,3.1361967219145215
O=C(CCCc1ccccc1)c1ccccc1,O[C@H](CCCc1ccccc1)c1ccccc1,Ru,c1ccc(cc1)c1cc2ccccc2c(c1NCc1ccccn1)c1c(NCc2ccccn2)c(cc2c1cccc2)c1ccccc1,CC(O)C,[O-1]C(C)(C)C.[K+],50.0,25.0,1000.0,3.1361967219145215
O=C(Cn1ccnc1)c1ccc(Cl)cc1Cl,O[C@H](Cn1ccnc1)c1ccc(Cl)cc1Cl,Ru,Cc1cc(C)cc(c1)P(c1ccc2c(c1c1c(ccc3c1cccc3)P(c1cc(C)cc(c1)C)c1cc(C)cc(c1)C)cccc2)c1cc(C)cc(c1)C.COc1ccc(cc1)C(c1ccc(cc1)OC)([C@H](C(C)C)N)N,CC(O)C,[K+].[O-1]C(C)(C)C,50.0,25.0,100.0,3.1361967219145215
O=C(Cn1ncnn1)c1ccccc1Cl,O[C@H](Cn1ncnn1)c1ccccc1Cl,Ru,Cc1cc(C)cc(c1)P(c1ccc2c(c1c1c(ccc3c1cccc3)P(c1cc(C)cc(c1)C)c1cc(C)cc(c1)C)cccc2)c1cc(C)cc(c1)C.COc1ccc(cc1)C(c1ccc(cc1)OC)([C@H](C(C)C)N)N,C1CCCO1,[Cs+].[O-1]C(=O)[O-1].[Cs+],50.0,25.0,100.0,3.1361967219145215
CC(=O)N(C)CC(=O)c1ccccc1,CC(=O)N(C)C[C@H](O)c1ccccc1,Ru,Cc1cc(C)cc(c1)P(c1ccc2c(c1c1c(ccc3c1cccc3)P(c1cc(C)cc(c1)C)c1cc(C)cc(c1)C)cccc2)c1cc(C)cc(c1)C.COc1ccc(cc1)C(c1ccc(cc1)OC)(C(C(C)C)N)N,CC(O)C,[O-1]C(C)(C)C.[K+],8.0,25.0,20000.0,3.1361967219145215
CN(CC(=O)c1ccccc1)C(=O)OC(C)(C)C,CN(C[C@H](O)c1ccccc1)C(=O)OC(C)(C)C,Ru,Cc1cc(C)cc(c1)P(c1ccc2c(c1c1c(ccc3c1cccc3)P(c1cc(C)cc(c1)C)c1cc(C)cc(c1)C)cccc2)c1cc(C)cc(c1)C.COc1ccc(cc1)C(c1ccc(cc1)OC)(C(C(C)C)N)N,CC(O)C,[O-1]C(C)(C)C.[K+],8.0,25.0,20000.0,3.1361967219145215
CCC(=O)c1ccccc1,CC[C@H](O)c1ccccc1,Ru,CC1(C)O[C@@H]([C@H](O1)CP(c1ccccc1)c1ccccc1)CP(c1ccccc1)c1ccccc1.NCc1nc2c([nH]1)cccc2,Cc1ccccc1.CC(O)(C)C,[O-1]C(C)(C)C.[K+].c1ccc(cc1)P(c1ccccc1)c1ccccc1,8.0,25.0,1000.0,3.1361967219145215
O=C(Cn1ccnc1)c1ccc(C(F)(F)F)cc1,O[C@H](Cn1ccnc1)c1ccc(C(F)(F)F)cc1,Ru,Cc1cc(C)cc(c1)P(c1ccc2c(c1c1c(ccc3c1cccc3)P(c1cc(C)cc(c1)C)c1cc(C)cc(c1)C)cccc2)c1cc(C)cc(c1)C.COc1ccc(cc1)C(c1ccc(cc1)OC)([C@H](C(C)C)N)N,C1CCCO1,[K+].[OH-1],50.0,25.0,100.0,3.1361967219145215
O=C1CCCc2ccccc21,O[C@@H]1CCCc2ccccc21,Ru,Cc1cc(C)cc(c1)P(c1ccc2c(c1c1c(ccc3c1cccc3)P(c1cc(C)cc(c1)C)c1cc(C)cc(c1)C)cccc2)c1cc(C)cc(c1)C.C[C@H]([C@H]1OC(O[C@@H]1[C@H](N)C)(C)C)N,CC(O)C,[O-1]C(C)(C)C.[K+],9.0,25.0,3000.003000003,3.1361967219145215
O=C1CCCc2ccccc21,O[C@@H]1CCCc2ccccc21,Ru,Cc1cc(C)cc(c1)P(c1ccc2c(c1c1c(ccc3c1cccc3)P(c1cc(C)cc(c1)C)c1cc(C)cc(c1)C)cccc2)c1cc(C)cc(c1)C.C[C@H]([C@H]1OC(O[C@@H]1[C@H](N)C)(C)C)N,CC(O)C.CC(O)C.CC(O)C.CC(O)(C)C,[O-1]C(C)(C)C.[K+],9.0,25.0,3000.003000003,3.1361967219145215
COc1ccc2c(c1)C(=O)CCC2,COc1ccc2c(c1)[C@H](O)CCC2,Ru,Cc1cc(C)cc(c1)P(c1ccc2c(c1c1c(ccc3c1cccc3)P(c1cc(C)cc(c1)C)c1cc(C)cc(c1)C)cccc2)c1cc(C)cc(c1)C.C[C@H]([C@H]1OC(O[C@@H]1[C@H](N)C)(C)C)N,CC(O)C,[O-1]C(C)(C)C.[K+],9.0,25.0,3300.0033000033004,3.1361967219145215
CC(=O)c1cccs1,C[C@@H](O)c1cccs1,Ru,Cc1cc(C)cc(c1)P(c1ccc2c(c1c1c(ccc3c1cccc3)P(c1cc(C)cc(c1)C)c1cc(C)cc(c1)C)cccc2)c1cc(C)cc(c1)C.COc1ccc(cc1)C(c1ccc(cc1)OC)(C(C(C)C)N)N,CC(O)C,[O-1]C(C)(C)C.[K+],1.0,25.0,1000.0,3.1361967219145215
CC(=O)c1ccc2ccccc2c1,C[C@H](O)c1ccc2ccccc2c1,Ru,CC1(C)O[C@@H]([C@H](O1)CP(c1ccccc1)c1ccccc1)CP(c1ccccc1)c1ccccc1.NCc1nc2c([nH]1)cccc2,Cc1ccccc1.CC(O)(C)C,[O-1]C(C)(C)C.[K+].c1ccc(cc1)P(c1ccccc1)c1ccccc1,8.0,25.0,1000.0,3.1361967219145215
O=C(c1ccccc1)c1ccccc1Cl,O[C@H](c1ccccc1)c1ccccc1Cl,Ru,CC1(C)O[C@@H]([C@H](O1)CP(c1ccccc1)c1ccccc1)CP(c1ccccc1)c1ccccc1.NCc1nc2c([nH]1)cccc2,Cc1ccccc1.CC(O)(C)C,[O-1]C(C)(C)C.[K+].c1ccc(cc1)P(c1ccccc1)c1ccccc1,8.0,25.0,1000.0,3.1361967219145215
O=C(Cn1cnc2ccccc21)c1ccc(Cl)cc1Cl,O[C@H](Cn1cnc2ccccc21)c1ccc(Cl)cc1Cl,Ru,Cc1cc(C)cc(c1)P(c1ccc2c(c1c1c(ccc3c1cccc3)P(c1cc(C)cc(c1)C)c1cc(C)cc(c1)C)cccc2)c1cc(C)cc(c1)C.COc1ccc(cc1)C(c1ccc(cc1)OC)([C@H](C(C)C)N)N,C1CCCO1,[K+].[OH-1],50.0,25.0,100.0,3.1361967219145215
O=C(Cn1ccnc1)c1ccc(Cl)cc1Cl,O[C@H](Cn1ccnc1)c1ccc(Cl)cc1Cl,Ru,Cc1cc(C)cc(c1)P(c1ccc2c(c1c1c(ccc3c1cccc3)P(c1cc(C)cc(c1)C)c1cc(C)cc(c1)C)cccc2)c1cc(C)cc(c1)C.COc1ccc(cc1)C(c1ccc(cc1)OC)([C@H](C(C)C)N)N,ClCCl,[K+].[O-1]C(C)(C)C,50.0,25.0,200.0,3.1361967219145215
O=C1CCn2ccnc21,O[C@@H]1CCn2ccnc21,Ru,Cc1cc(C)cc(c1)P(c1ccc2c(c1c1c(ccc3c1cccc3)P(c1cc(C)cc(c1)C)c1cc(C)cc(c1)C)cccc2)c1cc(C)cc(c1)C.COc1ccc(cc1)C(c1ccc(cc1)OC)([C@H](C(C)C)N)N,C1CCCO1,[K+].[OH-1],50.0,25.0,100.0,3.1361967219145215
O=C(Cn1ccnc1)c1ccc(Cl)cc1,O[C@H](Cn1ccnc1)c1ccc(Cl)cc1,Ru,Cc1cc(C)cc(c1)P(c1ccc2c(c1c1c(ccc3c1cccc3)P(c1cc(C)cc(c1)C)c1cc(C)cc(c1)C)cccc2)c1cc(C)cc(c1)C.COc1ccc(cc1)C(c1ccc(cc1)OC)([C@H](C(C)C)N)N,C1CCCO1,[K+].[OH-1],50.0,25.0,100.0,3.1361967219145215
COC(=O)c1ccc(C(=O)Cn2ccnc2)cc1,COC(=O)c1ccc([C@H](O)Cn2ccnc2)cc1,Ru,Cc1cc(C)cc(c1)P(c1ccc2c(c1c1c(ccc3c1cccc3)P(c1cc(C)cc(c1)C)c1cc(C)cc(c1)C)cccc2)c1cc(C)cc(c1)C.COc1ccc(cc1)C(c1ccc(cc1)OC)([C@H](C(C)C)N)N,C1CCCO1,[K+].[OH-1],50.0,25.0,100.0,3.1361967219145215
CCCCCCCCC(=O)c1ccccc1,CCCCCCCC[C@H](O)c1ccccc1,Ru,Brc1ccc2c(c1)[C@H](NC2)[C@H]1NCc2c1cc(Br)cc2.c1ccc(cc1)P(C12C3[Fe]4567892(C1C5C34)C1C6C7C9(C81)P(c1ccccc1)c1ccccc1)c1ccccc1,CCCO,[K+].[O-1]C(C)(C)C,10.0,25.0,1000.0,3.1361967219145215
CC(=O)c1ccccc1,C[C@H](O)c1ccccc1,Ru,Cc1cc(C)cc(c1)P(c1cccc2c1C1(CC2)CCc2c1c(ccc2)P(c1cc(C)cc(c1)C)c1cc(C)cc(c1)C)c1cc(C)cc(c1)C.N[C@@H]([C@@H](c1ccccc1)N)c1ccccc1,CC(O)C,[O-1]C(C)(C)C.[K+],20.0,25.0,5000.0,3.1361967219145215
CC(=O)c1ccccc1,C[C@H](O)c1ccccc1,Ru,Cc1cc(C)cc(c1)P(c1cccc2c1C1(CC2)CCc2c1c(ccc2)P(c1cc(C)cc(c1)C)c1cc(C)cc(c1)C)c1cc(C)cc(c1)C.N[C@@H]([C@@H](c1ccccc1)N)c1ccccc1,CC(O)C,[O-1]C(C)(C)C.[K+],30.0,25.0,5000.0,3.1361967219145215
COc1ccc(C(C)=O)cc1,COc1ccc([C@H](C)O)cc1,Ru,CCOP(=O)(c1cc(P(c2ccccc2)c2ccccc2)c(c2c1cccc2)c1c(cc(c2c1cccc2)P(=O)(OCC)OCC)P(c1ccccc1)c1ccccc1)OCC.COc1ccc(cc1)C(c1ccc(cc1)OC)([C@@H](C(C)C)N)N,CC(O)C,[O-1]C(C)(C)C.[K+],47.62,25.0,1000.0,3.1361967219145215
CC(=O)c1ccccc1,C[C@H](O)c1ccccc1,Ru,Cc1cc(C)cc(c1)P(c1cccc2c1C1(CC2)CCc2c1c(ccc2)P(c1cc(C)cc(c1)C)c1cc(C)cc(c1)C)c1cc(C)cc(c1)C.N[C@@H]([C@@H](c1ccccc1)N)c1ccccc1,CC(O)C,[O-1]C(C)(C)C.[K+],60.0,25.0,5000.0,3.1361967219145215
COc1ccc2c(c1)CCCC2=O,COc1ccc2c(c1)CCC[C@@H]2O,Ru,Brc1ccc2c(c1)[C@H](NC2)[C@H]1NCc2c1cc(Br)cc2.c1ccc(cc1)P(c1ccccc1Oc1ccccc1P(c1ccccc1)c1ccccc1)c1ccccc1,CCCO,[K+].[O-1]C(C)(C)C,10.0,25.0,1000.0,3.1361967219145215
CC(=O)c1ccc([N+](=O)[O-])cc1,C[C@H](O)c1ccc([N+](=O)[O-])cc1,Ru,Cc1cc(C)cc(c1)P(c1ccc2c(c1c1c(ccc3c1cccc3)P(c1cc(C)cc(c1)C)c1cc(C)cc(c1)C)cccc2)c1cc(C)cc(c1)C.COc1ccc(cc1)C(c1ccc(cc1)OC)([C@@H](C(C)C)N)N,CC(O)C,[O-1]C(C)(C)C.[K+],48.3,25.0,1000.0,3.1361967219145215
CC(C)(C)OC(=O)N1CCC(C(=O)c2ccc(F)cc2)CC1,CC(C)(C)OC(=O)N1CCC([C@H](O)c2ccc(F)cc2)CC1,Ru,Cc1ccc(cc1)P(c1ccc2c(c1c1c(ccc3c1cccc3)P(c1ccc(cc1)C)c1ccc(cc1)C)cccc2)c1ccc(cc1)C.N[C@H](c1ccccc1)CN(C)C,CC(O)C,[K+].[O-1]C(C)(C)C,8.0,25.0,400.0,3.1361967219145215
CC(=O)c1cccc2ccccc12,C[C@@H](O)c1cccc2ccccc12,Ru,O=C(c1ccccc1P(c1ccccc1)c1ccccc1)c1ccccc1P(c1ccccc1)c1ccccc1.N[C@H]([C@H](c1ccccc1)N)c1ccccc1,CC(O)C,[K+].[OH-1],15.0,25.0,250.0,3.1361967219145215
CC(=O)c1cccc2ccccc12,C[C@H](O)c1cccc2ccccc12,Ru,Cc1cc(C)cc(c1)P(c1ccc2c(c1c1c(ccc3c1cccc3)P(c1cc(C)cc(c1)C)c1cc(C)cc(c1)C)cccc2)c1cc(C)cc(c1)C.COc1ccc(cc1)C(c1ccc(cc1)OC)([C@@H](C(C)C)N)N,CC(O)C,[O-1]C(C)(C)C.[K+],48.3,25.0,1000.0,3.1361967219145215
CC(=O)c1ccc(C(C)(C)C)cc1,C[C@H](O)c1ccc(C(C)(C)C)cc1,Ru,C[Si](c1cc(P(c2ccccc2)c2ccccc2)c(c2c1cccc2)c1c(cc(c2c1cccc2)[Si](C)(C)C)P(c1ccccc1)c1ccccc1)(C)C.N[C@@H]([C@@H](c1ccccc1)N)c1ccccc1,CC(O)C,[O-1]C(C)(C)C.[K+],47.62,25.0,1000.0,3.1361967219145215
CCC(=O)c1ccccc1,CC[C@H](O)c1ccccc1,Ru,Cc1cc(C)cc(c1)P(c1ccc2c(c1c1c(ccc3c1cccc3)P(c1cc(C)cc(c1)C)c1cc(C)cc(c1)C)cccc2)c1cc(C)cc(c1)C.COc1ccc(cc1)C(c1ccc(cc1)OC)([C@@H](C(C)C)N)N,CC(O)C,[O-1]C(C)(C)C.[K+],48.3,25.0,1000.0,3.1361967219145215
CC(=O)c1ccccc1,C[C@@H](O)c1ccccc1,Ru,Cc1cc(C)cc(c1)P(c1ccc2c(c1c1c(ccc3c1cccc3)P(c1cc(C)cc(c1)C)c1cc(C)cc(c1)C)cccc2)c1cc(C)cc(c1)C.N[C@H]([C@H](c1ccccc1)N)c1ccccc1,CC(O)C,,8.0,24.0,4000.0,3.125677866566829
CCOC(=O)c1ccc(C(C)=O)cc1,CCOC(=O)c1ccc([C@@H](C)O)cc1,Ru,Cc1cc(C)cc(c1)P(c1ccc2c(c1c1c(ccc3c1cccc3)P(c1cc(C)cc(c1)C)c1cc(C)cc(c1)C)cccc2)c1cc(C)cc(c1)C.N[C@H]([C@H](c1ccccc1)N)c1ccccc1,CC(O)C,,8.0,24.0,4000.0,3.125677866566829
CCCCC/C=C/C(C)=O,CCCCC/C=C/[C@@H](C)O,Ru,Cc1cc(C)cc(c1)P(c1ccc2c(c1c1c(ccc3c1cccc3)P(c1cc(C)cc(c1)C)c1cc(C)cc(c1)C)cccc2)c1cc(C)cc(c1)C.N[C@H]([C@H](c1ccccc1)N)c1ccccc1,CC(O)C,,8.0,24.0,4000.0,3.125677866566829
CC(=O)c1ccsc1,C[C@H](O)c1ccsc1,Ru,COc1nc(OC)cc(c1c1c(OC)nc(cc1P(c1cc(C)cc(c1)C)c1cc(C)cc(c1)C)OC)P(c1cc(C)cc(c1)C)c1cc(C)cc(c1)C.N[C@@H]([C@@H](c1ccccc1)N)c1ccccc1,CC(O)C,[O-1]C(C)(C)C.[K+],23.81600435,27.5,4000.0,3.105250330804495
CC(=O)c1ccccc1Br,C[C@@H](O)c1ccccc1Br,Ru,COc1cccc(c1P(c1ccc(cc1)OC(C)(C)C)c1ccc(cc1)OC(C)(C)C)c1cccc(c1P(c1ccc(cc1)OC(C)(C)C)c1ccc(cc1)OC(C)(C)C)OC.N[C@H]([C@H](c1ccccc1)N)c1ccccc1,CC(O)C,[K+].[OH-1],29.61,20.0,3000.003000003,3.083602445176059
CC(=O)c1ccccc1Br,C[C@@H](O)c1ccccc1Br,Ru,c1ccc(cc1)P(c1ccc2c(c1c1c(ccc3c1cccc3)P(c1ccccc1)c1ccccc1)cccc2)c1ccccc1.CN[C@H]1CCCC[C@@H]1NC,CC(O)C,[OH-1].[K+],30.0,20.0,3003.003003003003,3.083602445176059
CCC(=O)c1ccccc1,CC[C@H](O)c1ccccc1,Ru,Cc1cc(C)cc(c1)P(c1ccc2c(c1c1c(cc(c3c1cccc3)[Si](C)(C)C)P(c1cc(C)cc(c1)C)c1cc(C)cc(c1)C)cccc2)c1cc(C)cc(c1)C.COc1ccc(cc1)C(c1ccc(cc1)OC)([C@@H](C(C)C)N)N,CC(O)C,[O-1]C(C)(C)C.[K+],48.3,25.0,1000.0,3.07942919051841
CCc1ccc(C(C)=O)cc1,CCc1ccc([C@H](C)O)cc1,Ru,CCCCCN[C@H](c1ccnc2c1cccc2)[C@H]1CC2CCN1CC2C=C.C1CCC(CC1)P(C1CCCCC1)C1CCCCC1,CCO,[Ba+2].[OH-1].[OH-1],60.0,30.0,1000.0,3.078351153388812
COc1cccc(C(C)=O)c1,COc1cccc([C@H](C)O)c1,Ru,CCCCCN[C@H](c1ccnc2c1cccc2)[C@H]1CC2CCN1CC2C=C.C1CCC(CC1)P(C1CCCCC1)C1CCCCC1,CCO,[Ba+2].[OH-1].[OH-1],60.0,30.0,1000.0,3.078351153388812
CC(=O)c1ccc2ccccc2c1,C[C@@H](O)c1ccc2ccccc2c1,Ru,Cc1cc(C)cc(c1)P(c1cc2CCc3ccc(CCc1cc2)cc3P(c1cc(C)cc(c1)C)c1cc(C)cc(c1)C)c1cc(C)cc(c1)C.N[C@H]([C@H](c1ccccc1)N)c1ccccc1,CC(O)C,[K+].[O-1]C(C)(C)C,8.0,19.0,3000.003000003,3.0730835898283666
CC(=O)c1cccc2ccccc12,C[C@@H](O)c1cccc2ccccc12,Ru,Cc1cc(C)cc(c1)P(c1cc2CCc3ccc(CCc1cc2)cc3P(c1cc(C)cc(c1)C)c1cc(C)cc(c1)C)c1cc(C)cc(c1)C.N[C@H]([C@H](c1ccccc1)N)c1ccccc1,CC(O)C,[K+].[O-1]C(C)(C)C,8.0,19.0,3000.003000003,3.0730835898283666
CC(=O)c1cccc(C(F)(F)F)c1,C[C@@H](O)c1cccc(C(F)(F)F)c1,Ru,Cc1cc(C)cc(c1)P(c1cc2CCc3ccc(CCc1cc2)cc3P(c1cc(C)cc(c1)C)c1cc(C)cc(c1)C)c1cc(C)cc(c1)C.N[C@H]([C@H](c1ccccc1)N)c1ccccc1,CC(O)C,[K+].[O-1]C(C)(C)C,8.0,19.0,3000.003000003,3.0730835898283666
CC(=O)c1ccccc1Br,C[C@@H](O)c1ccccc1Br,Ru,Cc1cc(C)cc(c1)P(c1cc2CCc3ccc(CCc1cc2)cc3P(c1cc(C)cc(c1)C)c1cc(C)cc(c1)C)c1cc(C)cc(c1)C.N[C@H]([C@H](c1ccccc1)N)c1ccccc1,CC(O)C,[K+].[O-1]C(C)(C)C,5.5,19.0,3000.003000003,3.0730835898283666
CC(=O)c1ccccc1,C[C@@H](O)c1ccccc1,Ru,Cc1cc(C)cc(c1)P(c1cc2CCc3ccc(CCc1cc2)cc3P(c1cc(C)cc(c1)C)c1cc(C)cc(c1)C)c1cc(C)cc(c1)C.N[C@H]([C@H](c1ccccc1)N)c1ccccc1,CC(O)C,[K+].[O-1]C(C)(C)C,8.0,19.0,3000.003000003,3.0730835898283666
CCC(=O)c1ccccc1,CC[C@H](O)c1ccccc1,Ru,Cc1cc(C)cc(c1)P(c1cc2CCc3ccc(CCc1cc2)cc3P(c1cc(C)cc(c1)C)c1cc(C)cc(c1)C)c1cc(C)cc(c1)C.N[C@@H]([C@@H](c1ccccc1)N)c1ccccc1,CC(O)C,[K+].[O-1]C(C)(C)C,5.5,19.0,3000.003000003,3.0730835898283666
CC(=O)c1cccnc1,C[C@@H](O)c1cccnc1,Ru,Cc1cc(C)cc(c1)P(c1cc2CCc3ccc(CCc1cc2)cc3P(c1cc(C)cc(c1)C)c1cc(C)cc(c1)C)c1cc(C)cc(c1)C.N[C@H]([C@H](c1ccccc1)N)c1ccccc1,CC(O)C,[K+].[O-1]C(C)(C)C,8.0,19.0,1499.999250000375,3.0730835898283666
CC(=O)c1ccccc1,C[C@@H](O)c1ccccc1,Ru,Cc1cc(C)cc(c1)P(c1cc2CCc3ccc(CCc1cc2)cc3P(c1cc(C)cc(c1)C)c1cc(C)cc(c1)C)c1cc(C)cc(c1)C.N[C@H]([C@H](c1ccccc1)N)c1ccccc1,CC(O)C,[K+].[O-1]C(C)(C)C,5.5,19.0,10000.0,3.0730835898283666
CC(=O)c1ccccc1,C[C@@H](O)c1ccccc1,Ru,Cc1cc(C)cc(c1)P(c1cc2CCc3ccc(CCc1cc2)cc3P(c1cc(C)cc(c1)C)c1cc(C)cc(c1)C)c1cc(C)cc(c1)C.N[C@H]([C@H](c1ccccc1)N)c1ccccc1,CC(O)C,[K+].[O-1]C(C)(C)C,5.5,19.0,20000.0,3.0730835898283666
CC(=O)c1ccc(Br)cc1,C[C@@H](O)c1ccc(Br)cc1,Ru,Cc1cc(C)cc(c1)P(c1cc2CCc3ccc(CCc1cc2)cc3P(c1cc(C)cc(c1)C)c1cc(C)cc(c1)C)c1cc(C)cc(c1)C.N[C@H]([C@H](c1ccccc1)N)c1ccccc1,CC(O)C,[K+].[O-1]C(C)(C)C,8.0,19.0,3000.003000003,3.0730835898283666
COc1cccc(C(C)=O)c1,COc1cccc([C@H](C)O)c1,Ru,COc1nc(OC)cc(c1c1c(OC)nc(cc1P(c1cc(C)cc(c1)C)c1cc(C)cc(c1)C)OC)P(c1cc(C)cc(c1)C)c1cc(C)cc(c1)C,CC(O)C,[O-1]C(C)(C)C.[K+],20.41,26.5,4000.0,3.0428102362294487
CC(=O)c1ccc(C)cc1,Cc1ccc([C@H](C)O)cc1,Ru,COc1nc(OC)cc(c1c1c(OC)nc(cc1P(c1cc(C)cc(c1)C)c1cc(C)cc(c1)C)OC)P(c1cc(C)cc(c1)C)c1cc(C)cc(c1)C,CC(O)C,[O-1]C(C)(C)C.[K+],20.41,26.5,20000.0,3.0428102362294487
CC(=O)c1ccc2ccccc2c1,C[C@H](O)c1ccc2ccccc2c1,Ru,C[Si](c1cc(P(c2ccccc2)c2ccccc2)c(c2c1cccc2)c1c(cc(c2c1cccc2)[Si](C)(C)C)P(c1ccccc1)c1ccccc1)(C)C.COc1ccc(cc1)C(c1ccc(cc1)OC)([C@@H](C(C)C)N)N,CC(O)C,[O-1]C(C)(C)C.[K+],47.62,25.0,1000.0,3.0275784145897218
COc1ccc(C(C)=O)cc1,COc1ccc([C@H](C)O)cc1,Ru,COc1nc(OC)cc(c1c1c(OC)nc(cc1P(c1cc(C)cc(c1)C)c1cc(C)cc(c1)C)OC)P(c1cc(C)cc(c1)C)c1cc(C)cc(c1)C,CC(O)C,[O-1]C(C)(C)C.[K+],20.41,26.5,20000.0,2.9948480421507027
COc1ccc(C(C)=O)cc1,COc1ccc([C@H](C)O)cc1,Ru,Cc1cc(C)cc(c1)P(c1cc(c2c(c1c1c(cc(c3c1cccc3)[Si](C)(C)C)P(c1cc(C)cc(c1)C)c1cc(C)cc(c1)C)cccc2)[Si](C)(C)C)c1cc(C)cc(c1)C.COc1ccc(cc1)C(c1ccc(cc1)OC)([C@@H](C(C)C)N)N,CC(O)C,[O-1]C(C)(C)C.[K+],48.3,25.0,1000.0,2.9798563115876253
CCC(=O)c1ccccc1,CC[C@H](O)c1ccccc1,Ru,Cc1ccc2c(c1)c(C)cc(c2c1c(cc(c2c1ccc(c2)C)C)P(c1cc(C)cc(c1)C)c1cc(C)cc(c1)C)P(c1cc(C)cc(c1)C)c1cc(C)cc(c1)C.N[C@@H]([C@@H](c1ccccc1)N)c1ccccc1,CC(O)C,[O-1]C(C)(C)C.[K+],48.3,25.0,1000.0,2.9798563115876253
CC(=O)c1ccc2ccccc2c1,C[C@H](O)c1ccc2ccccc2c1,Ru,CCOP(=O)(c1cc(P(c2ccccc2)c2ccccc2)c(c2c1cccc2)c1c(cc(c2c1cccc2)P(=O)(OCC)OCC)P(c1ccccc1)c1ccccc1)OCC.COc1ccc(cc1)C(c1ccc(cc1)OC)([C@@H](C(C)C)N)N,CC(O)C,[O-1]C(C)(C)C.[K+],47.62,25.0,1000.0,2.9798563115876253
CC(=O)c1ccc(C(C)(C)C)cc1,C[C@H](O)c1ccc(C(C)(C)C)cc1,Ru,Cc1cc(C)cc(c1)P(c1cc(c2c(c1c1c(cc(c3c1cccc3)[Si](C)(C)C)P(c1cc(C)cc(c1)C)c1cc(C)cc(c1)C)cccc2)[Si](C)(C)C)c1cc(C)cc(c1)C.COc1ccc(cc1)C(c1ccc(cc1)OC)([C@@H](C(C)C)N)N,CC(O)C,[O-1]C(C)(C)C.[K+],48.3,25.0,1000.0,2.9798563115876253
CC(=O)c1cccc2ccccc12,C[C@H](O)c1cccc2ccccc12,Ru,COc1nc(OC)cc(c1c1c(OC)nc(cc1P(c1cc(C)cc(c1)C)c1cc(C)cc(c1)C)OC)P(c1cc(C)cc(c1)C)c1cc(C)cc(c1)C.N[C@@H]([C@@H](c1ccccc1)N)c1ccccc1,CC(O)C,[O-1]C(C)(C)C.[K+],20.41371802,27.5,4000.0,2.960265840779156
COc1ccc(C(C)=O)cc1,COc1ccc([C@H](C)O)cc1,Ru,OP(=O)(c1cc(P(c2ccccc2)c2ccccc2)c(c2c1cccc2)c1c(cc(c2c1cccc2)P(=O)(O)O)P(c1ccccc1)c1ccccc1)O.COc1ccc(cc1)C(c1ccc(cc1)OC)([C@@H](C(C)C)N)N,CC(O)C,[O-1]C(C)(C)C.[K+],47.62,25.0,1000.0,2.935650292460686
CC(=O)c1ccc(C)cc1,Cc1ccc([C@H](C)O)cc1,Ru,OP(=O)(c1cc(P(c2ccccc2)c2ccccc2)c(c2c1cccc2)c1c(cc(c2c1cccc2)P(=O)(O)O)P(c1ccccc1)c1ccccc1)O.COc1ccc(cc1)C(c1ccc(cc1)OC)([C@@H](C(C)C)N)N,CC(O)C,[O-1]C(C)(C)C.[K+],47.62,25.0,1000.0,2.935650292460686
CC(=O)c1ccccc1,C[C@H](O)c1ccccc1,Ru,COc1nc(OC)cc(c1c1c(OC)nc(cc1P(c1cc(C)cc(c1)C)c1cc(C)cc(c1)C)OC)P(c1cc(C)cc(c1)C)c1cc(C)cc(c1)C,CC(O)C,[O-1]C(C)(C)C.[K+],34.02,26.5,1995.307037846984,2.9090369105391654
CC(=O)c1ccccc1,C[C@H](O)c1ccccc1,Ru,Cc1ccc2c(c1)c(C)cc(c2c1c(cc(c2c1ccc(c2)C)C)P(c1cc(C)cc(c1)C)c1cc(C)cc(c1)C)P(c1cc(C)cc(c1)C)c1cc(C)cc(c1)C.N[C@@H]([C@@H](c1ccccc1)N)c1ccccc1,CC(O)C,[O-1]C(C)(C)C.[K+],48.3,25.0,1000.0,2.8944747367837547
CC(=O)c1ccccc1,C[C@H](O)c1ccccc1,Ru,C[Si](c1cc(P(c2ccccc2)c2ccccc2)c(c2c1cccc2)c1c(cc(c2c1cccc2)[Si](C)(C)C)P(c1ccccc1)c1ccccc1)(C)C.COc1ccc(cc1)C(c1ccc(cc1)OC)([C@@H](C(C)C)N)N,CC(O)C,[O-1]C(C)(C)C.[K+],47.62,25.0,1000.0,2.8944747367837547
CC(=O)c1cccc2ccccc12,C[C@H](O)c1cccc2ccccc12,Ru,OC(c1cc(P(c2ccccc2)c2ccccc2)c(c2c1cccc2)c1c(cc(c2c1cccc2)C(c1ccccc1)(c1ccccc1)O)P(c1ccccc1)c1ccccc1)(c1ccccc1)c1ccccc1.N[C@@H]([C@@H](c1ccccc1)N)c1ccccc1,CC(O)C,[O-1]C(C)(C)C.[K+],47.62,25.0,1000.0,2.8944747367837547
CC(=O)c1ccccc1,C[C@H](O)c1ccccc1,Ru,OP(=O)(c1cc(P(c2ccccc2)c2ccccc2)c(c2c1cccc2)c1c(cc(c2c1cccc2)P(=O)(O)O)P(c1ccccc1)c1ccccc1)O.COc1ccc(cc1)C(c1ccc(cc1)OC)([C@@H](C(C)C)N)N,CC(O)C,[O-1]C(C)(C)C.[K+],47.62,25.0,1000.0,2.8944747367837547
CC(=O)c1cccc2ccccc12,C[C@H](O)c1cccc2ccccc12,Ru,OC1(CCCC1)c1cc(P(c2ccccc2)c2ccccc2)c(c2c1cccc2)c1c(cc(c2c1cccc2)C1(O)CCCC1)P(c1ccccc1)c1ccccc1.N[C@@H]([C@@H](c1ccccc1)N)c1ccccc1,CC(O)C,[O-1]C(C)(C)C.[K+],47.62,25.0,1000.0,2.8944747367837547
CCC(=O)c1ccccc1,CC[C@H](O)c1ccccc1,Ru,OP(=O)(c1cc(P(c2ccccc2)c2ccccc2)c(c2c1cccc2)c1c(cc(c2c1cccc2)P(=O)(O)O)P(c1ccccc1)c1ccccc1)O.COc1ccc(cc1)C(c1ccc(cc1)OC)([C@@H](C(C)C)N)N,CC(O)C,[O-1]C(C)(C)C.[K+],47.62,25.0,1000.0,2.8944747367837547
O=C1CCc2ccccc21,O[C@@H]1CCc2ccccc21,Ru,Cc1ccc(cc1)S(=O)(=O)c1ccc(cc1)S(=O)(=O)N[C@@H]([C@@H](c1ccccc1)NCCc1ccccc1)c1ccccc1,CO,,30.0,60.0,500.0,2.892730380232544
CC(=O)c1ccccc1C(F)(F)F,C[C@H](O)c1ccccc1C(F)(F)F,Ru,COc1ccccc1P(c1ccccc1OC)c1ccccc1OC.C=CC1CN2CCC1CC2[C@@H](c1ccnc2c1cccc2)N,CCCO,[Li+].[OH-1],60.0,40.0,250.0,2.8917384510669097
CC(=O)c1ccccc1Br,C[C@@H](O)c1ccccc1Br,Ru,Brc1ccccc1p1oc2ccc3c(c2c2c(o1)ccc1c2cccc1)cccc3.N[C@@H]1CCCC[C@H]1N,CC(O)C,[O-1]C(C)(C)C.[K+],80.0,0.0,300.3003003003003,2.873225338222209
CC(=O)c1ccccc1I,C[C@@H](O)c1ccccc1I,Ru,Brc1ccccc1p1oc2ccc3c(c2c2c(o1)ccc1c2cccc1)cccc3.N[C@H]([C@H](c1ccccc1)N)c1ccccc1,CC(O)C,[O-1]C(C)(C)C.[K+],60.0,0.0,2000.0,2.873225338222209
CC(=O)c1ccccc1I,C[C@@H](O)c1ccccc1I,Ru,Brc1ccccc1p1oc2ccc3c(c2c2c(o1)ccc1c2cccc1)cccc3.N[C@@H]1CCCC[C@H]1N,CC(O)C,[O-1]C(C)(C)C.[K+],80.0,0.0,300.3003003003003,2.873225338222209
CC(=O)c1cccc2ccccc12,C[C@@H](O)c1cccc2ccccc12,Ru,Brc1ccccc1p1oc2ccc3c(c2c2c(o1)ccc1c2cccc1)cccc3.N[C@H]([C@H](c1ccccc1)N)c1ccccc1,CC(O)C,[O-1]C(C)(C)C.[K+],50.0,0.0,2000.0,2.873225338222209
CC(=O)c1ccccc1Br,C[C@@H](O)c1ccccc1Br,Ru,Brc1ccccc1p1oc2ccc3c(c2c2c(o1)ccc1c2cccc1)cccc3.N[C@H]([C@H](c1ccccc1)N)c1ccccc1,CC(O)C,[O-1]C(C)(C)C.[K+],50.0,0.0,2000.0,2.873225338222209
CC(=O)c1ccccc1,C[C@H](O)c1ccccc1,Ru,COc1nc(OC)cc(c1c1c(OC)nc(cc1P(c1cc(C)cc(c1)C)c1cc(C)cc(c1)C)OC)P(c1cc(C)cc(c1)C)c1cc(C)cc(c1)C,CC(O)C,[O-1]C(C)(C)C.[K+],0.95,26.5,1995.307037846984,2.8703064559165927
O=C(CCN1CCN(c2ccccc2)CC1)c1ccccc1,O[C@H](CCN1CCN(c2ccccc2)CC1)c1ccccc1,Ru,Cc1cc(C)c(c(c1)C)[C@H](c1ccc2c(c1)cccc2)NCCP(c1ccccc1)c1ccccc1.CP(CCP(C)C)C,C1CCCO1,[K+].[O-1]C,50.0,30.0,100.0,2.867007297487658
CC(=O)c1ccccc1,C[C@H](O)c1ccccc1,Ru,Cc1cc(C)cc(c1)P(c1cccc2c1[C@]1(CC2)CCc2c1c(ccc2)P(c1cc(C)cc(c1)C)c1cc(C)cc(c1)C)c1ccc(cc1C)C.N[C@@H]([C@@H](c1ccccc1)N)c1ccccc1,CC(O)C,[O-1]C(C)(C)C.[K+],100.0,40.0,99999.99999999999,2.8595048513416015
CC(=O)c1c(Cl)ccc(F)c1Cl,C[C@H](O)c1c(Cl)ccc(F)c1Cl,Ru,C[C@H](P(c1cc(cc(c1)C(C)C)C(C)C)c1cc(cc(c1)C(C)C)C(C)C)C[C@@H](P(c1cc(cc(c1)C(C)C)C(C)C)c1cc(cc(c1)C(C)C)C(C)C)C.NCc1ncc(cc1C)C,CC(O)C,[O-1]C(C)(C)C.[K+],10.0,40.0,1000.0,2.8595048513416015
CC(=O)c1c(C)cc(C)cc1C,Cc1cc(C)c([C@H](C)O)c(C)c1,Ru,C[C@H](P(c1cc(cc(c1)C(C)C)C(C)C)c1cc(cc(c1)C(C)C)C(C)C)C[C@@H](P(c1cc(cc(c1)C(C)C)C(C)C)c1cc(cc(c1)C(C)C)C(C)C)C.NCc1ncc2c(c1)cccc2,CC(O)C,[O-1]C(C)(C)C.[K+],10.0,40.0,2000.0,2.8595048513416015
COc1cccc(OC)c1C(C)=O,COc1cccc(OC)c1[C@H](C)O,Ru,C[C@H](P(c1cc(cc(c1)C(C)C)C(C)C)c1cc(cc(c1)C(C)C)C(C)C)C[C@@H](P(c1cc(cc(c1)C(C)C)C(C)C)c1cc(cc(c1)C(C)C)C(C)C)C.NCc1ncc2c(c1)cccc2,CC(O)C,[O-1]C(C)(C)C.[K+],10.0,40.0,2000.0,2.8595048513416015
COc1cccc(OC)c1C(C)=O,COc1cccc(OC)c1[C@H](C)O,Ru,C[C@H](P(c1cc(cc(c1)C(C)C)C(C)C)c1cc(cc(c1)C(C)C)C(C)C)C[C@@H](P(c1cc(cc(c1)C(C)C)C(C)C)c1cc(cc(c1)C(C)C)C(C)C)C.NCc1ncc2c(c1)cccc2,CC(O)C,[O-1]C(C)(C)C.[Na+],10.0,40.0,2000.0,2.8595048513416015
CC(=O)c1c(C)cc(C)cc1C,Cc1cc(C)c([C@H](C)O)c(C)c1,Ru,C[C@H](P(c1cc(cc(c1)C(C)C)C(C)C)c1cc(cc(c1)C(C)C)C(C)C)C[C@@H](P(c1cc(cc(c1)C(C)C)C(C)C)c1cc(cc(c1)C(C)C)C(C)C)C.NCc1ncc(cc1C)C,CC(O)C,[O-1]C(C)(C)C.[K+],10.0,40.0,2000.0,2.8595048513416015
CC(=O)c1c(C)cc(C)cc1C,Cc1cc(C)c([C@H](C)O)c(C)c1,Ru,C[C@H](P(c1cc(cc(c1)C(C)C)C(C)C)c1cc(cc(c1)C(C)C)C(C)C)C[C@@H](P(c1cc(cc(c1)C(C)C)C(C)C)c1cc(cc(c1)C(C)C)C(C)C)C.NCc1ncc2c(c1)cccc2,CC(O)C,[O-1]C(C)(C)C.[Na+],10.0,40.0,2000.0,2.8595048513416015
CC(=O)c1ccccc1,C[C@H](O)c1ccccc1,Ru,Cc1cc(C)cc(c1)P(c1cccc2c1[C@]1(CC2)CCc2c1c(ccc2)P(c1cc(C)cc(c1)C)c1cc(C)cc(c1)C)c1ccc(cc1C)C.N[C@@H]([C@@H](c1ccccc1)N)c1ccccc1,CC(O)C,[O-1]C(C)(C)C.[K+],50.0,40.0,99999.99999999999,2.8595048513416015
CC(=O)c1ccccc1,C[C@H](O)c1ccccc1,Ru,Cc1cc(C)cc(c1)P(c1cccc2c1C1(CC2)CCc2c1c(ccc2)P(c1cc(C)cc(c1)C)c1cc(C)cc(c1)C)c1cc(C)cc(c1)C.N[C@@H]([C@@H](c1ccccc1)N)c1ccccc1,CC(O)C,[O-1]C(C)(C)C.[K+],100.0,40.0,99999.99999999999,2.8595048513416015
CC(=O)c1c(Cl)ccc(F)c1Cl,C[C@H](O)c1c(Cl)ccc(F)c1Cl,Ru,C[C@H](P(c1cc(C)cc(c1)C)c1cc(C)cc(c1)C)C[C@@H](P(c1cc(C)cc(c1)C)c1cc(C)cc(c1)C)C.NCc1ncc(cc1C)C,CC(O)C,[O-1]C(C)(C)C.[K+],10.0,40.0,10000.0,2.8595048513416015
CC(=O)c1c(Cl)ccc(F)c1Cl,C[C@H](O)c1c(Cl)ccc(F)c1Cl,Ru,C[C@H](P(c1cc(C)cc(c1)C)c1cc(C)cc(c1)C)C[C@@H](P(c1cc(C)cc(c1)C)c1cc(C)cc(c1)C)C.NCc1ncc(cc1C)C,CC(O)C,[O-1]C(C)(C)C.[K+],10.0,40.0,1000.0,2.8595048513416015
CC(=O)c1ccccc1,C[C@H](O)c1ccccc1,Ru,Cc1cc(C)cc(c1)P(c1ccc2c(c1c1c(cc(c3c1cccc3)[Si](C)(C)C)P(c1cc(C)cc(c1)C)c1cc(C)cc(c1)C)cccc2)c1cc(C)cc(c1)C.COc1ccc(cc1)C(c1ccc(cc1)OC)([C@@H](C(C)C)N)N,CC(O)C,[O-1]C(C)(C)C.[K+],48.3,25.0,1000.0,2.855938160625837
CC(=O)c1ccc(C)cc1,Cc1ccc([C@H](C)O)cc1,Ru,C[Si](c1cc(P(c2ccccc2)c2ccccc2)c(c2c1cccc2)c1c(cc(c2c1cccc2)[Si](C)(C)C)P(c1ccccc1)c1ccccc1)(C)C.COc1ccc(cc1)C(c1ccc(cc1)OC)([C@@H](C(C)C)N)N,CC(O)C,[O-1]C(C)(C)C.[K+],47.62,25.0,1000.0,2.855938160625837
CC(=O)c1ccccc1,C[C@H](O)c1ccccc1,Ru,Cc1cc(C)cc(c1)P(c1cccc2c1C1(CC2)CCc2c1c(ccc2)P(c1cc(C)cc(c1)C)c1cc(C)cc(c1)C)c1cc(C)cc(c1)C.N[C@@H]([C@@H](c1ccccc1)N)c1ccccc1,CC(O)C,[O-1]C(C)(C)C.[K+],50.0,25.0,59880.239520958086,2.855938160625837
CC(=O)c1ccccc1,C[C@H](O)c1ccccc1,Ru,Cc1cc(C)cc(c1)P(c1ccc2c(c1c1c(ccc3c1cccc3)P(c1cc(C)cc(c1)C)c1cc(C)cc(c1)C)cccc2)c1cc(C)cc(c1)C.COc1ccc(cc1)C(c1ccc(cc1)OC)([C@@H](C(C)C)N)N,CO,,10.0,25.0,1000.0,2.855938160625837
CC(=O)c1ccccc1,C[C@H](O)c1ccccc1,Ru,Cc1cc(C)cc(c1)P(c1cc(c2c(c1c1c(cc(c3c1cccc3)[Si](C)(C)C)P(c1cc(C)cc(c1)C)c1cc(C)cc(c1)C)cccc2)[Si](C)(C)C)c1cc(C)cc(c1)C.N[C@@H]([C@@H](c1ccccc1)N)c1ccccc1,CC(O)C,[O-1]C(C)(C)C.[K+],48.3,25.0,1000.0,2.855938160625837
CC(=O)c1cccs1,C[C@H](O)c1cccs1,Ru,COc1nc(OC)cc(c1c1c(OC)nc(cc1P(c1cc(C)cc(c1)C)c1cc(C)cc(c1)C)OC)P(c1cc(C)cc(c1)C)c1cc(C)cc(c1)C.N[C@@H]([C@@H](c1ccccc1)N)c1ccccc1,CC(O)C,[O-1]C(C)(C)C.[K+],23.81600435,27.5,4000.0,2.843363826454443
CC(=O)c1ccccc1,C[C@@H](O)c1ccccc1,Ru,Cc1cc(C)cc(c1)P(c1cc2CCc3ccc(CCc1cc2)cc3P(c1cc(C)cc(c1)C)c1cc(C)cc(c1)C)c1cc(C)cc(c1)C.N[C@H]([C@H](c1ccccc1)N)c1ccccc1,CC(O)C,[K+].[O-1]C(C)(C)C,5.5,19.0,40000.0,2.8362260417621132
CC(C)C(=O)c1ccccc1,CC(C)[C@H](O)c1ccccc1,Ru,CCCCCN[C@H](c1ccnc2c1cccc2)[C@H]1CC2CCN1CC2C=C.C1CCC(CC1)P(C1CCCCC1)C1CCCCC1,CCO,[Ba+2].[OH-1].[OH-1],60.0,30.0,1000.0,2.832270075415399
CC(=O)c1ccc(C)cc1,Cc1ccc([C@H](C)O)cc1,Ru,CCOP(=O)(c1cc(P(c2ccccc2)c2ccccc2)c(c2c1cccc2)c1c(cc(c2c1cccc2)P(=O)(OCC)OCC)P(c1ccccc1)c1ccccc1)OCC.COc1ccc(cc1)C(c1ccc(cc1)OC)([C@@H](C(C)C)N)N,CC(O)C,[O-1]C(C)(C)C.[K+],47.62,25.0,1000.0,2.819720355421228
COc1ccc(C(C)=O)cc1,COc1ccc([C@H](C)O)cc1,Ru,C[Si](c1cc(P(c2ccccc2)c2ccccc2)c(c2c1cccc2)c1c(cc(c2c1cccc2)[Si](C)(C)C)P(c1ccccc1)c1ccccc1)(C)C.COc1ccc(cc1)C(c1ccc(cc1)OC)([C@@H](C(C)C)N)N,CC(O)C,[O-1]C(C)(C)C.[K+],47.62,25.0,1000.0,2.819720355421228
CN(C)CCC(=O)c1ccccc1,CN(C)CC[C@H](O)c1ccccc1,Ru,Cc1ccc2c(c1)c(C)cc(c2c1c(cc(c2c1ccc(c2)C)C)P(c1cc(C)cc(c1)C)c1cc(C)cc(c1)C)P(c1cc(C)cc(c1)C)c1cc(C)cc(c1)C.N[C@@H]([C@@H](c1ccccc1)N)c1ccccc1,CC(O)C,[O-1]C(C)(C)C.[K+],48.3,25.0,1000.0,2.819720355421228
CCC(=O)c1ccccc1,CC[C@H](O)c1ccccc1,Ru,CCOP(=O)(c1cc(P(c2ccccc2)c2ccccc2)c(c2c1cccc2)c1c(cc(c2c1cccc2)P(=O)(OCC)OCC)P(c1ccccc1)c1ccccc1)OCC.COc1ccc(cc1)C(c1ccc(cc1)OC)([C@@H](C(C)C)N)N,CC(O)C,[O-1]C(C)(C)C.[K+],47.62,25.0,1000.0,2.819720355421228
CC(=O)c1cccc2ccccc12,C[C@H](O)c1cccc2ccccc12,Ru,CCOP(=O)(c1cc(P(c2ccccc2)c2ccccc2)c(c2c1cccc2)c1c(cc(c2c1cccc2)P(=O)(OCC)OCC)P(c1ccccc1)c1ccccc1)OCC.N[C@@H]([C@@H](c1ccccc1)N)c1ccccc1,CC(O)C,[O-1]C(C)(C)C.[K+],47.62,25.0,1000.0,2.819720355421228
CC(=O)c1ccccc1,C[C@@H](O)c1ccccc1,Ru,Cc1cc(C)cc(c1)P(c1ccc2c(c1c1c(ccc3c1cccc3)P(c1cc(C)cc(c1)C)c1cc(C)cc(c1)C)cccc2)c1cc(C)cc(c1)C.COc1ccc(cc1)C(c1ccc(cc1)OC)([C@H](C(C)C)N)N,CC(O)C,C1CCN2C(=NCCC2)CC1,10.0,35.0,1000.0,2.813847740510664
CC(=O)c1ccccc1,C[C@@H](O)c1ccccc1,Ru,Cc1cc(C)cc(c1)P(c1ccc2c(c1c1c(ccc3c1cccc3)P(c1cc(C)cc(c1)C)c1cc(C)cc(c1)C)cccc2)c1cc(C)cc(c1)C.COc1ccc(cc1)C(c1ccc(cc1)OC)([C@H](C(C)C)N)N,CC(O)C,[O-1]C(C)(C)C.[K+],50.0,35.0,33003.300330033,2.813847740510664
CC(=O)c1ccccc1,C[C@@H](O)c1ccccc1,Ru,Cc1cc(C)cc(c1)P(c1ccc2c(c1c1c3OCOc3ccc1P(c1cc(C)cc(c1)C)c1cc(C)cc(c1)C)OCO2)c1cc(C)cc(c1)C.COc1ccc(cc1)C(c1ccc(cc1)OC)([C@H](C(C)C)N)N,CCO.CC(O)C,[O-1]C(C)(C)C.[K+],1.0,35.0,99999.99999999999,2.813847740510664
CC(=O)c1ccccc1,C[C@H](O)c1ccccc1,Ru,Cc1cc(C)cc(c1)P(c1cccc2c1C1(CC2)CCc2c1c(ccc2)P(c1cc(C)cc(c1)C)c1cc(C)cc(c1)C)c1cc(C)cc(c1)C.N[C@@H]([C@@H](c1ccccc1)N)c1ccccc1,CC(O)C,[O-1]C(C)(C)C.[K+],50.0,25.0,14992.503748125939,2.7855560712027088
CC(=O)c1ccc(Cl)cc1,C[C@H](O)c1ccc(Cl)cc1,Ru,OP(=O)(c1cc(P(c2ccccc2)c2ccccc2)c(c2c1cccc2)c1c(cc(c2c1cccc2)P(=O)(O)O)P(c1ccccc1)c1ccccc1)O.COc1ccc(cc1)C(c1ccc(cc1)OC)([C@@H](C(C)C)N)N,CC(O)C,[O-1]C(C)(C)C.[K+],47.62,25.0,1000.0,2.7855560712027088
CC(=O)c1ccc(C)cc1,Cc1ccc([C@H](C)O)cc1,Ru,Cc1cc(C)cc(c1)P(c1cc(c2c(c1c1c(cc(c3c1cccc3)[Si](C)(C)C)P(c1cc(C)cc(c1)C)c1cc(C)cc(c1)C)cccc2)[Si](C)(C)C)c1cc(C)cc(c1)C.N[C@@H]([C@@H](c1ccccc1)N)c1ccccc1,CC(O)C,[O-1]C(C)(C)C.[K+],48.3,25.0,1000.0,2.7855560712027088
CC(=O)c1cccs1,C[C@H](O)c1cccs1,Ru,COc1nc(OC)cc(c1c1c(OC)nc(cc1P(c1cc(C)cc(c1)C)c1cc(C)cc(c1)C)OC)P(c1cc(C)cc(c1)C)c1cc(C)cc(c1)C.N[C@@H]([C@@H](c1ccccc1)N)c1ccccc1,CC(O)C,[O-1]C(C)(C)C.[K+],40.82743604,27.5,4000.0,2.776309006269412
COc1cc(OC)cc(C(C)=O)c1,COc1cc(OC)cc([C@H](C)O)c1,Ru,C[C@H](P(c1cc(cc(c1)C(C)C)C(C)C)c1cc(cc(c1)C(C)C)C(C)C)C[C@@H](P(c1cc(cc(c1)C(C)C)C(C)C)c1cc(cc(c1)C(C)C)C(C)C)C.NCc1ncc2c(c1)cccc2,CCO,[O-1]C(C)(C)C.[K+],10.0,30.0,2000.0,2.768190629679727
O=C(CCl)c1ccccc1,O[C@@H](CCl)c1ccccc1,Ru,Cc1ccc(cc1)S(=O)(=O)ONC(C(c1ccccc1)N)c1ccccc1.Cc1cc(C)cc(c1)C,CO,,10.0,30.0,1000.0,2.768190629679727
O=C(CCl)c1cccc(O)c1,Oc1cccc([C@@H](O)CCl)c1,Ru,Cc1ccc(cc1)S(=O)(=O)ONC(C(c1ccccc1)N)c1ccccc1.Cc1cc(C)cc(c1)C,CO,,10.0,30.0,1000.0,2.768190629679727
O=C(CCN1CCN(c2ccccc2)CC1)c1cccc(Cl)c1,O[C@H](CCN1CCN(c2ccccc2)CC1)c1cccc(Cl)c1,Ru,Cc1cc(C)c(c(c1)C)[C@H](c1ccc2c(c1)cccc2)NCCP(c1ccccc1)c1ccccc1.CP(CCP(C)C)C,C1CCCO1,[K+].[O-1]C,50.0,30.0,100.0,2.768190629679727
O=C(CCN1CCN(c2ccccc2)CC1)c1ccc(Cl)cc1,O[C@H](CCN1CCN(c2ccccc2)CC1)c1ccc(Cl)cc1,Ru,Cc1cc(C)c(c(c1)C)[C@H](c1ccc2c(c1)cccc2)NCCP(c1ccccc1)c1ccccc1.CP(CCP(C)C)C,C1CCCO1,[K+].[O-1]C,50.0,30.0,100.0,2.768190629679727
O=C(CCN1CCN(c2ccccc2)CC1)c1cccc(Br)c1,O[C@H](CCN1CCN(c2ccccc2)CC1)c1cccc(Br)c1,Ru,Cc1cc(C)c(c(c1)C)[C@H](c1ccc2c(c1)cccc2)NCCP(c1ccccc1)c1ccccc1.CP(CCP(C)C)C,C1CCCO1,[K+].[O-1]C,50.0,30.0,100.0,2.768190629679727
Cc1cccc(C(=O)CCN2CCN(c3ccccc3)CC2)c1,Cc1cccc([C@H](O)CCN2CCN(c3ccccc3)CC2)c1,Ru,Cc1cc(C)c(c(c1)C)[C@H](c1ccc2c(c1)cccc2)NCCP(c1ccccc1)c1ccccc1.CP(CCP(C)C)C,C1CCCO1,[K+].[O-1]C,50.0,30.0,100.0,2.768190629679727
O=C(CCN1CCN(c2ccccc2)CC1)c1cccc(F)c1,O[C@H](CCN1CCN(c2ccccc2)CC1)c1cccc(F)c1,Ru,Cc1cc(C)c(c(c1)C)[C@H](c1ccc2c(c1)cccc2)NCCP(c1ccccc1)c1ccccc1.CP(CCP(C)C)C,C1CCCO1,[K+].[O-1]C,50.0,30.0,100.0,2.768190629679727
O=C(CCN1CCN(c2ccccc2)CC1)c1ccc(F)cc1,O[C@H](CCN1CCN(c2ccccc2)CC1)c1ccc(F)cc1,Ru,Cc1cc(C)c(c(c1)C)[C@H](c1ccc2c(c1)cccc2)NCCP(c1ccccc1)c1ccccc1.CP(CCP(C)C)C,C1CCCO1,[K+].[O-1]C,50.0,30.0,100.0,2.768190629679727
COc1ccc(C(=O)CCN2CCN(c3ccccc3)CC2)cc1,COc1ccc([C@H](O)CCN2CCN(c3ccccc3)CC2)cc1,Ru,Cc1cc(C)c(c(c1)C)[C@H](c1ccc2c(c1)cccc2)NCCP(c1ccccc1)c1ccccc1.CP(CCP(C)C)C,C1CCCO1,[K+].[O-1]C,50.0,30.0,100.0,2.768190629679727
O=C(CCN1CCN(c2ccccc2)CC1)c1ccc(Br)cc1,O[C@H](CCN1CCN(c2ccccc2)CC1)c1ccc(Br)cc1,Ru,Cc1cc(C)c(c(c1)C)[C@H](c1ccc2c(c1)cccc2)NCCP(c1ccccc1)c1ccccc1.CP(CCP(C)C)C,C1CCCO1,[K+].[O-1]C,50.0,30.0,100.0,2.768190629679727
O=C(CCN1CCN(c2ccccc2Cl)CC1)c1ccccc1,O[C@H](CCN1CCN(c2ccccc2Cl)CC1)c1ccccc1,Ru,Cc1cc(C)c(c(c1)C)[C@H](c1ccc2c(c1)cccc2)NCCP(c1ccccc1)c1ccccc1.CP(CCP(C)C)C,C1CCCO1,[K+].[O-1]C,50.0,30.0,100.0,2.768190629679727
O=C(CCN1CCN(c2ccccc2)CC1)c1ccc2ccccc2c1,O[C@H](CCN1CCN(c2ccccc2)CC1)c1ccc2ccccc2c1,Ru,Cc1cc(C)c(c(c1)C)[C@H](c1ccc2c(c1)cccc2)NCCP(c1ccccc1)c1ccccc1.CP(CCP(C)C)C,C1CCCO1,[K+].[O-1]C,50.0,30.0,100.0,2.768190629679727
COc1cccc(N2CCN(CCC(=O)c3ccccc3)CC2)c1,COc1cccc(N2CCN(CC[C@@H](O)c3ccccc3)CC2)c1,Ru,Cc1cc(C)c(c(c1)C)[C@H](c1ccc2c(c1)cccc2)NCCP(c1ccccc1)c1ccccc1.CP(CCP(C)C)C,C1CCCO1,[K+].[O-1]C,50.0,30.0,100.0,2.768190629679727
O=C(CCN1CCN(c2ccc(C(F)(F)F)cc2)CC1)c1ccccc1,O[C@H](CCN1CCN(c2ccc(C(F)(F)F)cc2)CC1)c1ccccc1,Ru,Cc1cc(C)c(c(c1)C)[C@H](c1ccc2c(c1)cccc2)NCCP(c1ccccc1)c1ccccc1.CP(CCP(C)C)C,C1CCCO1,[K+].[O-1]C,50.0,30.0,100.0,2.768190629679727
Cc1ccc(N2CCN(CCC(=O)c3ccccc3)CC2)cc1,Cc1ccc(N2CCN(CC[C@@H](O)c3ccccc3)CC2)cc1,Ru,Cc1cc(C)c(c(c1)C)[C@H](c1ccc2c(c1)cccc2)NCCP(c1ccccc1)c1ccccc1.CP(CCP(C)C)C,C1CCCO1,[K+].[O-1]C,50.0,30.0,100.0,2.768190629679727
O=C(CCN1CCN(c2ccc(F)cc2)CC1)c1ccccc1,O[C@H](CCN1CCN(c2ccc(F)cc2)CC1)c1ccccc1,Ru,Cc1cc(C)c(c(c1)C)[C@H](c1ccc2c(c1)cccc2)NCCP(c1ccccc1)c1ccccc1.CP(CCP(C)C)C,C1CCCO1,[K+].[O-1]C,50.0,30.0,100.0,2.768190629679727
O=C(CCN1CCN(c2cccc(C(F)(F)F)c2)CC1)c1ccccc1,O[C@H](CCN1CCN(c2cccc(C(F)(F)F)c2)CC1)c1ccccc1,Ru,Cc1cc(C)c(c(c1)C)[C@H](c1ccc2c(c1)cccc2)NCCP(c1ccccc1)c1ccccc1.CP(CCP(C)C)C,C1CCCO1,[K+].[O-1]C,50.0,30.0,100.0,2.768190629679727
O=C(CCN1CCOCC1)c1ccccc1,O[C@H](CCN1CCOCC1)c1ccccc1,Ru,Cc1cc(C)c(c(c1)C)[C@H](c1ccc2c(c1)cccc2)NCCP(c1ccccc1)c1ccccc1.CP(CCP(C)C)C,C1CCCO1,[K+].[O-1]C,50.0,30.0,100.0,2.768190629679727
Cc1ccccc1N1CCN(CCC(=O)c2ccccc2)CC1,Cc1ccccc1N1CCN(CC[C@@H](O)c2ccccc2)CC1,Ru,Cc1cc(C)c(c(c1)C)[C@H](c1ccc2c(c1)cccc2)NCCP(c1ccccc1)c1ccccc1.CP(CCP(C)C)C,C1CCCO1,[K+].[O-1]C,50.0,30.0,100.0,2.768190629679727
O=C(CCN1CCN(c2ccccc2F)CC1)c1ccccc1,O[C@H](CCN1CCN(c2ccccc2F)CC1)c1ccccc1,Ru,Cc1cc(C)c(c(c1)C)[C@H](c1ccc2c(c1)cccc2)NCCP(c1ccccc1)c1ccccc1.CP(CCP(C)C)C,C1CCCO1,[K+].[O-1]C,50.0,30.0,100.0,2.768190629679727
O=C(CCN1CCN(c2ccccc2)CC1)c1cccs1,O[C@H](CCN1CCN(c2ccccc2)CC1)c1cccs1,Ru,Cc1cc(C)c(c(c1)C)[C@H](c1ccc2c(c1)cccc2)NCCP(c1ccccc1)c1ccccc1.CP(CCP(C)C)C,C1CCCO1,[K+].[O-1]C,50.0,30.0,100.0,2.768190629679727
COc1ccc(N2CCN(CCC(=O)c3ccccc3)CC2)cc1,COc1ccc(N2CCN(CC[C@@H](O)c3ccccc3)CC2)cc1,Ru,Cc1cc(C)c(c(c1)C)[C@H](c1ccc2c(c1)cccc2)NCCP(c1ccccc1)c1ccccc1.CP(CCP(C)C)C,C1CCCO1,[K+].[O-1]C,50.0,30.0,100.0,2.768190629679727
Cc1ccc(C(=O)c2ccccc2Br)cc1,Cc1ccc([C@H](O)c2ccccc2Br)cc1,Ru,Cc1cc(C)cc(c1)P(c1ccc2c(c1c1c(ccc3c1cccc3)P(c1cc(C)cc(c1)C)c1cc(C)cc(c1)C)cccc2)c1cc(C)cc(c1)C.COc1ccc(cc1)C(c1ccc(cc1)OC)([C@H](C(C)C)N)N,CC(O)C,[O-1]C(C)(C)C.[K+],8.0,28.0,2000.0,2.749927785347352
CCOC(OCC)C(=O)c1ccc(OC)cc1,CCOC(OCC)[C@H](O)c1ccc(OC)cc1,Ru,Cc1ccc(cc1)P(c1ccc2c(c1c1c(ccc3c1cccc3)P(c1ccc(cc1)C)c1ccc(cc1)C)cccc2)c1ccc(cc1)C.NC[C@@H](c1ccccc1)N,CC(O)C,[K+].[O-1]C(C)(C)C,8.0,27.5,1000.0,2.7453620742642584
CC(=O)c1ccccc1Cl,C[C@H](O)c1ccccc1Cl,Ru,COc1ccccc1P(c1ccccc1OC)c1ccccc1OC.C=CC1CN2CCC1CC2[C@@H](c1ccnc2c1cccc2)N,CCCO,[Li+].[OH-1],60.0,30.0,250.0,2.7384941453727136
O=C(Cc1ccccc1)c1ccccc1,O[C@@H](Cc1ccccc1)c1ccccc1,Ru,Cc1cc(C)cc(c1)P(c1cccc2c1[C@]1(CC2)CCc2c1c(ccc2)P(c1cc(C)cc(c1)C)c1cc(C)cc(c1)C)c1ccc(cc1C)C.N[C@@H]([C@@H](c1ccccc1)N)c1ccccc1,CC(O)C,[O-1]C(C)(C)C.[K+],50.0,25.0,5000.0,2.7225335188487896
CC(=O)c1ccco1,C[C@H](O)c1ccco1,Ru,Cc1cc(C)cc(c1)P(c1cccc2c1[C@]1(CC2)CCc2c1c(ccc2)P(c1cc(C)cc(c1)C)c1cc(C)cc(c1)C)c1ccc(cc1C)C.N[C@@H]([C@@H](c1ccccc1)N)c1ccccc1,CC(O)C,[O-1]C(C)(C)C.[K+],50.0,25.0,5000.0,2.7225335188487896
CC(=O)c1ccccc1,C[C@H](O)c1ccccc1,Ru,Cc1cc(C)cc(c1)P(c1cccc2c1[C@]1(CC2)CCc2c1c(ccc2)P(c1cc(C)cc(c1)C)c1cc(C)cc(c1)C)c1ccc(cc1C)C.N[C@@H]([C@@H](c1ccccc1)N)c1ccccc1,CC(O)C,[O-1]C(C)(C)C.[K+],60.0,25.0,10000.0,2.7225335188487896
CC(=O)c1ccccc1Cl,C[C@H](O)c1ccccc1Cl,Ru,Cc1cc(C)cc(c1)P(c1cccc2c1[C@]1(CC2)CCc2c1c(ccc2)P(c1cc(C)cc(c1)C)c1cc(C)cc(c1)C)c1ccc(cc1C)C.N[C@@H]([C@@H](c1ccccc1)N)c1ccccc1,CC(O)C,[O-1]C(C)(C)C.[K+],50.0,25.0,5000.0,2.7225335188487896
CC(=O)[Si](C)(C)C(C)(C)C,C[C@H](O)[Si](C)(C)C(C)(C)C,Ru,Cc1ccc(cc1)P(c1ccc2c(c1c1c(ccc3c1cccc3)P(c1ccc(cc1)C)c1ccc(cc1)C)cccc2)c1ccc(cc1)C.NCc1ncc(c(c1)C(C)(C)C)C(C)(C)C,CCO,[O-1]C(C)(C)C.[K+],10.0,25.0,800.0,2.7225335188487896
CC(=O)c1cccs1,C[C@H](O)c1cccs1,Ru,Cc1cc(C)cc(c1)P(c1cccc2c1[C@]1(CC2)CCc2c1c(ccc2)P(c1cc(C)cc(c1)C)c1cc(C)cc(c1)C)c1ccc(cc1C)C.N[C@@H]([C@@H](c1ccccc1)N)c1ccccc1,CC(O)C,[O-1]C(C)(C)C.[K+],50.0,25.0,5000.0,2.7225335188487896
O=C1CC2CCC1CC2,O[C@@H]1CC2CCC1CC2,Ru,c1ccc(cc1)P(c1ccc2c(c1c1c(ccc3c1cccc3)P(c1ccccc1)c1ccccc1)cccc2)c1ccccc1.C[C@H]([C@H]1OC(O[C@@H]1[C@H](N)C)(C)C)N,CC(O)C.CC(O)(C)C,[K+].[O-1]C(C)(C)C,20.0,25.0,1000.0,2.7225335188487896
COc1ccc(C(C)=O)cc1,COc1ccc([C@H](C)O)cc1,Ru,Cc1cc(C)cc(c1)P(c1cccc2c1[C@]1(CC2)CCc2c1c(ccc2)P(c1cc(C)cc(c1)C)c1cc(C)cc(c1)C)c1ccc(cc1C)C.N[C@@H]([C@@H](c1ccccc1)N)c1ccccc1,CC(O)C,[O-1]C(C)(C)C.[K+],50.0,25.0,5000.0,2.7225335188487896
O=C1CCCc2ccc(F)cc21,O[C@@H]1CCCc2ccc(F)cc21,Ru,Cc1cc(C)cc(c1)P(c1ccc2c(c1c1c(ccc3c1cccc3)P(c1cc(C)cc(c1)C)c1cc(C)cc(c1)C)cccc2)c1cc(C)cc(c1)C.C[C@H]([C@H]1OC(O[C@@H]1[C@H](N)C)(C)C)N,CC(O)C,[O-1]C(C)(C)C.[K+],9.0,25.0,3000.003000003,2.7225335188487896
O=C1CCCc2ccccc21,O[C@@H]1CCCc2ccccc21,Ru,Cc1cc(C)cc(c1)P(c1ccc2c(c1c1c(ccc3c1cccc3)P(c1cc(C)cc(c1)C)c1cc(C)cc(c1)C)cccc2)c1cc(C)cc(c1)C.C[C@H]([C@H]1OC(O[C@@H]1[C@H](N)C)(C)C)N,CC(O)C.CC(O)C.CC(O)C.CC(O)(C)C,[O-1]C(C)(C)C.[K+],50.0,25.0,11001.100110011,2.7225335188487896
CCOC(OCC)C(=O)c1ccc(OC)cc1,CCOC(OCC)[C@H](O)c1ccc(OC)cc1,Ru,Cc1ccc(cc1)P(c1ccc2c(c1c1c(ccc3c1cccc3)P(c1ccc(cc1)C)c1ccc(cc1)C)cccc2)c1ccc(cc1)C.N[C@H](c1ccccc1)CN(C)C,CC(O)C,[K+].[O-1]C(C)(C)C,8.0,25.0,1000.0,2.7225335188487896
CC(=O)c1ccc(Br)cc1,C[C@H](O)c1ccc(Br)cc1,Ru,CC1(C)O[C@@H]([C@H](O1)CP(c1ccccc1)c1ccccc1)CP(c1ccccc1)c1ccccc1.NCc1nc2c([nH]1)cccc2,Cc1ccccc1.CC(O)(C)C,[O-1]C(C)(C)C.[K+].c1ccc(cc1)P(c1ccccc1)c1ccccc1,8.0,25.0,1000.0,2.7225335188487896
COc1ccc2c(c1)CCCC2=O,COc1ccc2c(c1)CCC[C@@H]2O,Ru,CC1(C)O[C@@H]([C@H](O1)CP(c1ccccc1)c1ccccc1)CP(c1ccccc1)c1ccccc1.NCc1nc2c([nH]1)cccc2,Cc1ccccc1.CC(O)(C)C,[O-1]C(C)(C)C.[K+].c1ccc(cc1)P(c1ccccc1)c1ccccc1,8.0,25.0,1000.0,2.7225335188487896
COc1cccc2c1CCCC2=O,COc1cccc2c1CCC[C@H]2O,Ru,Cc1ccc(cc1)P(c1ccc2c(c1c1c(ccc3c1cccc3)P(c1ccc(cc1)C)c1ccc(cc1)C)cccc2)c1ccc(cc1)C.C[C@H]([C@H]1OC(O[C@@H]1[C@H](N)C)(C)C)N,CC(O)C,[O-1]C(C)(C)C.[K+],9.0,25.0,54945.05494505495,2.7225335188487896
CC(=O)c1cccs1,C[C@H](O)c1cccs1,Ru,CC1(C)O[C@@H]([C@H](O1)CP(c1ccccc1)c1ccccc1)CP(c1ccccc1)c1ccccc1.NCc1nc2c([nH]1)cccc2,Cc1ccccc1.CC(O)(C)C,[O-1]C(C)(C)C.[K+].c1ccc(cc1)P(c1ccccc1)c1ccccc1,8.0,25.0,1000.0,2.7225335188487896
CC(=O)c1ccccc1,C[C@H](O)c1ccccc1,Ru,CC1(C)O[C@@H]([C@H](O1)CP(c1ccccc1)c1ccccc1)CP(c1ccccc1)c1ccccc1.NCc1nc2c([nH]1)cccc2,Cc1ccccc1.CC(O)(C)C,[O-1]C(C)(C)C.[K+].c1ccc(cc1)P(c1ccccc1)c1ccccc1,30.0,25.0,99999.99999999999,2.7225335188487896
CC(=O)c1ccccc1,C[C@H](O)c1ccccc1,Ru,CC1(C)O[C@@H]([C@H](O1)CP(c1ccccc1)c1ccccc1)CP(c1ccccc1)c1ccccc1.COc1ccc2c(c1)[nH]c(n2)[C@@H](N)C,Cc1ccccc1.CC(O)(C)C.CO,[O-1]C(C)(C)C.[K+],8.0,25.0,1000.0,2.7225335188487896
COc1cccc2c1CCCC2=O,COc1cccc2c1CCC[C@H]2O,Ru,Cc1ccc(cc1)P(c1ccc2c(c1c1c(ccc3c1cccc3)P(c1ccc(cc1)C)c1ccc(cc1)C)cccc2)c1ccc(cc1)C.C[C@H]([C@H]1OC(O[C@@H]1[C@H](N)C)(C)C)N,CC(O)C,[O-1]C(C)(C)C.[K+],9.0,25.0,10000.0,2.7225335188487896
CC(=O)[Si](C)(C)C(C)(C)C,C[C@H](O)[Si](C)(C)C(C)(C)C,Ru,Cc1ccc(cc1)P(c1ccc2c(c1c1c(ccc3c1cccc3)P(c1ccc(cc1)C)c1ccc(cc1)C)cccc2)c1ccc(cc1)C.NCc1ccccn1,CCO,[O-1]C(C)(C)C.[K+],10.0,25.0,2000.0,2.7225335188487896
CCC(=O)c1ccccc1,CC[C@H](O)c1ccccc1,Ru,Brc1ccc2c(c1)[C@H](NC2)[C@H]1NCc2c1cc(Br)cc2.c1ccc(cc1)P(C12C3[Fe]4567892(C1C5C34)C1C6C7C9(C81)P(c1ccccc1)c1ccccc1)c1ccccc1,CCCO,[K+].[O-1]C(C)(C)C,10.0,25.0,1000.0,2.7225335188487896
CC(=O)c1cccc2ccccc12,C[C@H](O)c1cccc2ccccc12,Ru,Cc1cc(P(c2ccccc2)c2ccccc2)c(c2c1cccc2)c1c(cc(c2c1cccc2)C)P(c1ccccc1)c1ccccc1.N[C@@H]([C@@H](c1ccccc1)N)c1ccccc1,CC(O)C,[O-1]C(C)(C)C.[K+],47.62,25.0,1000.0,2.7225335188487896
CC(=O)[C]12[CH]3[CH]4[CH]5[CH]1[Fe]45321678[CH]2[CH]1[CH]6[CH]7[CH]28,C[C@H](O)[C]12[CH]3[CH]4[CH]5[CH]1[Fe]45321678[CH]2[CH]1[CH]6[CH]7[CH]28,Ru,Cc1cc(C)cc(c1)P(c1cccc2c1[C@]1(CC2)CCc2c1c(ccc2)P(c1cc(C)cc(c1)C)c1cc(C)cc(c1)C)c1ccc(cc1C)C.N[C@@H]([C@@H](c1ccccc1)N)c1ccccc1,CC(O)C,[O-1]C(C)(C)C.[K+],50.0,25.0,5000.0,2.7225335188487896
CN(C)CCC(=O)c1ccccc1,CN(C)CC[C@H](O)c1ccccc1,Ru,Brc1ccc2c(c1)[C@H](NC2)[C@H]1NCc2c1cc(Br)cc2.c1ccc(cc1)P(C12C3[Fe]4567892(C1C5C34)C1C6C7C9(C81)P(c1ccccc1)c1ccccc1)c1ccccc1,CCCO,[K+].[O-1]C(C)(C)C,50.0,25.0,1000.0,2.7225335188487896
CC(C)C(=O)c1ccccc1,CC(C)[C@@H](O)c1ccccc1,Ru,c1ccc(cc1)c1cc2ccccc2c(c1NCc1ccccn1)c1c(NCc2ccccn2)c(cc2c1cccc2)c1ccccc1,CC(O)C,[O-1]C(C)(C)C.[K+],50.0,25.0,1000.0,2.7225335188487896
COc1ccc(C(C)=O)cc1,COc1ccc([C@@H](C)O)cc1,Ru,c1ccc(cc1)c1cc2ccccc2c(c1NCc1ccccn1)c1c(NCc2ccccn2)c(cc2c1cccc2)c1ccccc1,CC(O)C,[O-1]C(C)(C)C.[K+],50.0,25.0,1000.0,2.7225335188487896
CCC(=O)c1ccccc1,CC[C@@H](O)c1ccccc1,Ru,c1ccc(cc1)c1cc2ccccc2c(c1NCc1ccccn1)c1c(NCc2ccccn2)c(cc2c1cccc2)c1ccccc1,CC(O)C,[O-1]C(C)(C)C.[K+],50.0,25.0,1000.0,2.7225335188487896
O=C(Cn1ccnc1)c1ccc(Cl)cc1Cl,O[C@H](Cn1ccnc1)c1ccc(Cl)cc1Cl,Ru,Cc1cc(C)cc(c1)P(c1ccc2c(c1c1c(ccc3c1cccc3)P(c1cc(C)cc(c1)C)c1cc(C)cc(c1)C)cccc2)c1cc(C)cc(c1)C.COc1ccc(cc1)C(c1ccc(cc1)OC)([C@H](C(C)C)N)N,C1CCCO1,[K+].[O-1]C,50.0,25.0,800.0,2.7225335188487896
CC(=O)c1ccc2ccccc2c1,C[C@H](O)c1ccc2ccccc2c1,Ru,Cc1cc(C)cc(c1)P(c1ccc2c(c1c1c(ccc3c1cccc3)P(c1cc(C)cc(c1)C)c1cc(C)cc(c1)C)cccc2)c1cc(C)cc(c1)C.COc1ccc(cc1)C(c1ccc(cc1)OC)([C@@H](C(C)C)N)N,CC(O)C,[O-1]C(C)(C)C.[K+],48.3,25.0,1000.0,2.7225335188487896
O=C1CCCc2ccccc21,O[C@H]1CCCc2ccccc21,Ru,Brc1ccc2c(c1)[C@H](NC2)[C@H]1NCc2c1cc(Br)cc2.c1ccc(cc1)P(c1ccccc1Oc1ccccc1P(c1ccccc1)c1ccccc1)c1ccccc1,CCCO,[K+].[O-1]C(C)(C)C,10.0,25.0,1000.0,2.7225335188487896
CC(=O)c1ccco1,C[C@H](O)c1ccco1,Ru,Brc1ccc2c(c1)[C@H](NC2)[C@H]1NCc2c1cc(Br)cc2.c1ccc(cc1)P(C12C3[Fe]4567892(C1C5C34)C1C6C7C9(C81)P(c1ccccc1)c1ccccc1)c1ccccc1,CCCO,[K+].[O-1]C(C)(C)C,10.0,25.0,1000.0,2.7225335188487896
CC(=O)c1ccc(C)cc1,Cc1ccc([C@H](C)O)cc1,Ru,Cc1cc(C)cc(c1)P(c1ccc2c(c1c1c(ccc3c1cccc3)P(c1cc(C)cc(c1)C)c1cc(C)cc(c1)C)cccc2)c1cc(C)cc(c1)C.COc1ccc(cc1)C(c1ccc(cc1)OC)([C@@H](C(C)C)N)N,CC(O)C,[O-1]C(C)(C)C.[K+],48.3,25.0,1000.0,2.7225335188487896
O=C(c1ccccc1)c1ccccc1Cl,O[C@H](c1ccccc1)c1ccccc1Cl,Ru,CC1(C)O[C@@H]([C@H](O1)CP(c1ccccc1)c1ccccc1)CP(c1ccccc1)c1ccccc1.COc1ccc2c(c1)[nH]c(n2)[C@@H](N)C,Cc1ccccc1.CC(O)(C)C,[O-1]C(C)(C)C.[K+],8.0,25.0,5000.0,2.7225335188487896
CC(=O)c1ccc(Cl)cc1,C[C@H](O)c1ccc(Cl)cc1,Ru,Cc1cc(C)cc(c1)P(c1ccc2c(c1c1c(ccc3c1cccc3)P(c1cc(C)cc(c1)C)c1cc(C)cc(c1)C)cccc2)c1cc(C)cc(c1)C.COc1ccc(cc1)C(c1ccc(cc1)OC)([C@@H](C(C)C)N)N,CC(O)C,[O-1]C(C)(C)C.[K+],48.3,25.0,1000.0,2.7225335188487896
CC(=O)c1ccccc1C,Cc1ccccc1[C@@H](C)O,Ru,O=C(c1ccccc1P(c1ccccc1)c1ccccc1)c1ccccc1P(c1ccccc1)c1ccccc1.N[C@H]([C@H](c1ccccc1)N)c1ccccc1,CC(O)C,[K+].[OH-1],15.0,25.0,250.0,2.7225335188487896
C[Si](C)(C(=O)C1CC1)c1ccccc1,C[Si](C)(c1ccccc1)[C@@H](O)C1CC1,Ru,Cc1ccc(cc1)P(c1ccc2c(c1c1c(ccc3c1cccc3)P(c1ccc(cc1)C)c1ccc(cc1)C)cccc2)c1ccc(cc1)C.NCc1ccccn1,CCO,[O-1]C(C)(C)C.[K+],10.0,25.0,599.9998800000241,2.7225335188487896
CC(=O)c1ccncc1,C[C@H](O)c1ccncc1,Ru,COc1nc(OC)cc(c1c1c(OC)nc(cc1P(c1cc(C)cc(c1)C)c1cc(C)cc(c1)C)OC)P(c1cc(C)cc(c1)C)c1cc(C)cc(c1)C.N[C@@H]([C@@H](c1ccccc1)N)c1ccccc1,CC(O)C,[O-1]C(C)(C)C.[K+],23.81600435,27.5,4000.0,2.71591048921757
CC(=O)c1ccc2ccccc2c1,C[C@H](O)c1ccc2ccccc2c1,Ru,Cc1cc(C)cc(c1)P(c1ccc2c(c1c1c(cc(c3c1cccc3)[Si](C)(C)C)P(c1cc(C)cc(c1)C)c1cc(C)cc(c1)C)cccc2)c1cc(C)cc(c1)C.COc1ccc(cc1)C(c1ccc(cc1)OC)([C@@H](C(C)C)N)N,CC(O)C,[O-1]C(C)(C)C.[K+],48.3,25.0,1000.0,2.693326833062426
CC(=O)c1cccc2ccccc12,C[C@H](O)c1cccc2ccccc12,Ru,c1ccc(cc1)P(c1cc(c2ccccc2)c2c(c1c1c(cc(c3c1cccc3)c1ccccc1)P(c1ccccc1)c1ccccc1)cccc2)c1ccccc1.N[C@@H]([C@@H](c1ccccc1)N)c1ccccc1,CC(O)C,[O-1]C(C)(C)C.[K+],47.62,25.0,1000.0,2.693326833062426
CC(=O)c1cccc2ccccc12,C[C@H](O)c1cccc2ccccc12,Ru,Clc1cc(P(c2ccccc2)c2ccccc2)c(c2c1cccc2)c1c(cc(c2c1cccc2)Cl)P(c1ccccc1)c1ccccc1.N[C@@H]([C@@H](c1ccccc1)N)c1ccccc1,CC(O)C,[O-1]C(C)(C)C.[K+],47.62,25.0,1000.0,2.693326833062426
CC(=O)c1ccc(C)cc1,Cc1ccc([C@H](C)O)cc1,Ru,Cc1cc(C)cc(c1)P(c1ccc2c(c1c1c(cc(c3c1cccc3)[Si](C)(C)C)P(c1cc(C)cc(c1)C)c1cc(C)cc(c1)C)cccc2)c1cc(C)cc(c1)C.COc1ccc(cc1)C(c1ccc(cc1)OC)([C@@H](C(C)C)N)N,CC(O)C,[O-1]C(C)(C)C.[K+],48.3,25.0,1000.0,2.693326833062426
CC(=O)c1ccc2ccccc2c1,C[C@H](O)c1ccc2ccccc2c1,Ru,OP(=O)(c1cc(P(c2ccccc2)c2ccccc2)c(c2c1cccc2)c1c(cc(c2c1cccc2)P(=O)(O)O)P(c1ccccc1)c1ccccc1)O.N[C@@H]([C@@H](c1ccccc1)N)c1ccccc1,CC(O)C,[O-1]C(C)(C)C.[K+],47.62,25.0,1000.0,2.693326833062426
CC(=O)c1cccs1,C[C@H](O)c1cccs1,Ru,COc1nc(OC)cc(c1c1c(OC)nc(cc1P(c1cc(C)cc(c1)C)c1cc(C)cc(c1)C)OC)P(c1cc(C)cc(c1)C)c1cc(C)cc(c1)C.N[C@@H]([C@@H](c1ccccc1)N)c1ccccc1,CC(O)C,[O-1]C(C)(C)C.[K+],10.20685901,27.5,4000.0,2.6878150556770217
CC(=O)C#C[Si](C)(C)C(C)(C)C,C[C@H](O)C#C[Si](C)(C)C(C)(C)C,Ru,Cc1ccc(cc1)S(=O)(=O)N[C@H]([C@H](c1ccccc1)N)c1ccccc1,CO,,10.0,50.0,1000.0,2.687192638451772
CC(=O)c1ccccc1,C[C@@H](O)c1ccccc1,Ru,C[C@@H]1C[C@@H](C)Oc2c(-c3c(O1)cccc3P(c1cc(C)cc(c1)C)c1cc(C)cc(c1)C)c(ccc2)P(c1cc(C)cc(c1)C)c1cc(C)cc(c1)C.N[C@H]([C@H](c1ccccc1)N)c1ccccc1,CC(O)C,[O-1]C(C)(C)C.[K+],50.0,21.0,10000.0,2.6860078301840398
CC(=O)c1ccccc1,C[C@@H](O)c1ccccc1,Ru,C[C@@H]1C[C@@H](C)Oc2c(-c3c(O1)cccc3P(c1cc(C)cc(c1)C)c1cc(C)cc(c1)C)c(ccc2)P(c1cc(C)cc(c1)C)c1cc(C)cc(c1)C.COc1ccc(cc1)C(c1ccc(cc1)OC)([C@H](C(C)C)N)N,CC(O)C,[O-1]C(C)(C)C.[K+],50.0,21.0,1000000.0,2.6860078301840398
O=C(CCN1CCN(c2ccccc2)CC1)c1ccccc1,O[C@H](CCN1CCN(c2ccccc2)CC1)c1ccccc1,Ru,Cc1c([C@H](c2ccccc2)NCCP(c2ccccc2)c2ccccc2)c(C)c(c(c1C)C)C.CP(CCP(C)C)C,C1CCCO1,[K+].[O-1]C,50.0,30.0,100.0,2.68308183580509
O=C(CCN1CCN(c2ccccc2)CC1)c1ccccc1,O[C@H](CCN1CCN(c2ccccc2)CC1)c1ccccc1,Ru,Cc1cc(C)c(c(c1)C)[C@H](c1ccccc1)NCCP(c1ccccc1)c1ccccc1.CP(CCP(C)C)C,C1CCCO1,[K+].[O-1]C,50.0,30.0,100.0,2.68308183580509
CC(=O)c1ccccc1C(F)(F)F,C[C@@H](O)c1ccccc1C(F)(F)F,Ru,COc1cccc(c1P(c1ccc(cc1)OC(C)(C)C)c1ccc(cc1)OC(C)(C)C)c1cccc(c1P(c1ccc(cc1)OC(C)(C)C)c1ccc(cc1)OC(C)(C)C)OC.N[C@H]([C@H](c1ccccc1)N)c1ccccc1,CC(O)C,[K+].[OH-1],29.61,20.0,3000.003000003,2.6768764080178524
CC(=O)c1ccc(C)s1,Cc1ccc([C@H](C)O)s1,Ru,COc1ccccc1P(c1ccccc1OC)c1ccccc1OC.C=CC1CN2CCC1CC2[C@@H](c1ccnc2c1cccc2)N,CCCO,[Li+].[OH-1],60.0,40.0,250.0,2.6705483411226942
CC(=O)c1ccc(C)cc1,Cc1ccc([C@H](C)O)cc1,Ru,Cc1cc(C)cc(c1)P(c1cc2CCc3ccc(CCc1cc2)cc3P(c1cc(C)cc(c1)C)c1cc(C)cc(c1)C)c1cc(C)cc(c1)C.N[C@@H]([C@@H](c1ccccc1)N)c1ccccc1,CC(O)C,[K+].[O-1]C(C)(C)C,5.5,19.0,3000.003000003,2.667744985851665
CC(=O)c1ccccc1C(F)(F)F,C[C@@H](O)c1ccccc1C(F)(F)F,Ru,Cc1cc(C)cc(c1)P(c1cc2CCc3ccc(CCc1cc2)cc3P(c1cc(C)cc(c1)C)c1cc(C)cc(c1)C)c1cc(C)cc(c1)C.N[C@H]([C@H](c1ccccc1)N)c1ccccc1,CC(O)C,[K+].[O-1]C(C)(C)C,8.0,19.0,3000.003000003,2.667744985851665
O=C(Cc1ccccc1)c1ccccc1,O[C@H](Cc1ccccc1)c1ccccc1,Ru,Cc1cc(C)cc(c1)P(c1cc2CCc3ccc(CCc1cc2)cc3P(c1cc(C)cc(c1)C)c1cc(C)cc(c1)C)c1cc(C)cc(c1)C.N[C@H]([C@H](c1ccccc1)N)c1ccccc1,CC(O)C,[K+].[O-1]C(C)(C)C,5.5,19.0,3000.003000003,2.667744985851665
CC(=O)c1ccccc1,C[C@H](O)c1ccccc1,Ru,c1ccc(cc1)P(c1cc2CCc3ccc(CCc1cc2)cc3P(c1ccccc1)c1ccccc1)c1ccccc1.N[C@@H]([C@@H](c1ccccc1)N)c1ccccc1,CC(O)C,[K+].[O-1]C(C)(C)C,8.0,19.0,3000.003000003,2.667744985851665
CC(=O)c1ccccc1,C[C@@H](O)c1ccccc1,Ru,Cc1cc(C)cc(c1)P(c1cc2CCc3ccc(CCc1cc2)cc3P(c1cc(C)cc(c1)C)c1cc(C)cc(c1)C)c1cc(C)cc(c1)C.N[C@@H]1CCCC[C@H]1N,CC(O)C,[K+].[O-1]C(C)(C)C,8.0,19.0,3000.003000003,2.667744985851665
CC(=O)c1ccccc1,C[C@H](O)c1ccccc1,Ru,Cc1cc(C)cc(c1)P(c1cc2CCc3ccc(CCc1cc2)cc3P(c1cc(C)cc(c1)C)c1cc(C)cc(c1)C)c1cc(C)cc(c1)C.N[C@@H]1CCCC[C@H]1N,CC(O)C,[K+].[O-1]C(C)(C)C,8.0,19.0,3000.003000003,2.667744985851665
CC(=O)c1ccsc1,C[C@H](O)c1ccsc1,Ru,Cc1cc(C)cc(c1)P(c1cc2CCc3ccc(CCc1cc2)cc3P(c1cc(C)cc(c1)C)c1cc(C)cc(c1)C)c1cc(C)cc(c1)C.N[C@@H]([C@@H](c1ccccc1)N)c1ccccc1,CC(O)C,[K+].[O-1]C(C)(C)C,5.5,19.0,3000.003000003,2.667744985851665
CCC(=O)c1ccccc1,CC[C@@H](O)c1ccccc1,Ru,COc1nc(OC)cc(c1c1c(OC)nc(cc1P(c1ccc(cc1)OC)c1ccc(cc1)OC)OC)P(c1ccc(cc1)OC)c1ccc(cc1)OC.COc1ccc(cc1)C(c1ccc(cc1)OC)([C@H](C(C)C)N)N,CC(O)C,[K+].[OH-1],30.0,25.0,2000.0,2.665465021952782
CC(=O)c1cccc2ccccc12,C[C@H](O)c1cccc2ccccc12,Ru,Ic1cc(P(c2ccccc2)c2ccccc2)c(c2c1cccc2)c1c(cc(c2c1cccc2)I)P(c1ccccc1)c1ccccc1.N[C@@H]([C@@H](c1ccccc1)N)c1ccccc1,CC(O)C,[O-1]C(C)(C)C.[K+],47.62,25.0,1000.0,2.665465021952782
CC(=O)C1CC1,C[C@@H](O)C1CC1,Ru,C[C@@H]1C[C@@H](C)Oc2c(-c3c(O1)cccc3P(c1cc(C)cc(c1)C)c1cc(C)cc(c1)C)c(ccc2)P(c1cc(C)cc(c1)C)c1cc(C)cc(c1)C.COc1ccc(cc1)C(c1ccc(cc1)OC)([C@H](C(C)C)N)N,CC(O)C,[O-1]C(C)(C)C.[K+],10.0,21.0,10000.0,2.6571929832141965
O=C(CCN1CCN(c2ccccc2)CC1)c1ccccc1,O[C@H](CCN1CCN(c2ccccc2)CC1)c1ccccc1,Ru,Fc1cc(C)c(c(c1)C)[C@H](c1ccccc1)NCCP(c1ccccc1)c1ccccc1.CP(CCP(C)C)C,C1CCCO1,[K+].[O-1]C,50.0,30.0,100.0,2.6571382953636475
CC(=O)c1ccccc1C,Cc1ccccc1[C@H](C)O,Ru,COc1nc(OC)cc(c1c1c(OC)nc(cc1P(c1cc(C)cc(c1)C)c1cc(C)cc(c1)C)OC)P(c1cc(C)cc(c1)C)c1cc(C)cc(c1)C,CC(O)C,[O-1]C(C)(C)C.[K+],20.41,26.5,4000.0,2.652104476658404
CC(=O)c1ccc(C(F)(F)F)cc1,C[C@H](O)c1ccc(C(F)(F)F)cc1,Ru,COc1nc(OC)cc(c1c1c(OC)nc(cc1P(c1cc(C)cc(c1)C)c1cc(C)cc(c1)C)OC)P(c1cc(C)cc(c1)C)c1cc(C)cc(c1)C,CC(O)C,[O-1]C(C)(C)C.[K+],20.41,26.5,12048.192771084337,2.652104476658404
CC(=O)c1cccc(C)c1,Cc1cccc([C@H](C)O)c1,Ru,COc1nc(OC)cc(c1c1c(OC)nc(cc1P(c1cc(C)cc(c1)C)c1cc(C)cc(c1)C)OC)P(c1cc(C)cc(c1)C)c1cc(C)cc(c1)C,CC(O)C,[O-1]C(C)(C)C.[K+],20.41,26.5,12048.192771084337,2.652104476658404
CC(=O)c1ccc(C(C)(C)C)cc1,C[C@H](O)c1ccc(C(C)(C)C)cc1,Ru,c1ccc(cc1)P(c1cc(c2ccccc2)c2c(c1c1c(cc(c3c1cccc3)c1ccccc1)P(c1ccccc1)c1ccccc1)cccc2)c1ccccc1.N[C@@H]([C@@H](c1ccccc1)N)c1ccccc1,CC(O)C,[O-1]C(C)(C)C.[K+],47.62,25.0,1000.0,2.6388284655955387
CC(=O)c1cccc2ccccc12,C[C@H](O)c1cccc2ccccc12,Ru,Brc1cc(P(c2ccccc2)c2ccccc2)c(c2c1cccc2)c1c(cc(c2c1cccc2)Br)P(c1ccccc1)c1ccccc1.N[C@@H]([C@@H](c1ccccc1)N)c1ccccc1,CC(O)C,[O-1]C(C)(C)C.[K+],47.62,25.0,1000.0,2.6388284655955387
CC(=O)c1ccc2ccccc2c1,C[C@H](O)c1ccc2ccccc2c1,Ru,Cc1cc(C)cc(c1)P(c1cc(c2c(c1c1c(cc(c3c1cccc3)[Si](C)(C)C)P(c1cc(C)cc(c1)C)c1cc(C)cc(c1)C)cccc2)[Si](C)(C)C)c1cc(C)cc(c1)C.N[C@@H]([C@@H](c1ccccc1)N)c1ccccc1,CC(O)C,[O-1]C(C)(C)C.[K+],48.3,25.0,1000.0,2.6388284655955387
O=C(c1ccccc1)C1CC1,O[C@H](c1ccccc1)C1CC1,Ru,COc1nc(OC)cc(c1c1c(OC)nc(cc1P(c1cc(C)cc(c1)C)c1cc(C)cc(c1)C)OC)P(c1cc(C)cc(c1)C)c1cc(C)cc(c1)C.N[C@@H]([C@@H](c1ccccc1)N)c1ccccc1,CC(O)C,[O-1]C(C)(C)C.[K+],23.81600435,27.5,5000.0,2.635225559957383
O=C(c1ccccc1)c1ccccc1F,O[C@H](c1ccccc1)c1ccccc1F,Ru,COc1nc(OC)cc(c1c1c(OC)nc(cc1P(c1cc(C)cc(c1)C)c1cc(C)cc(c1)C)OC)P(c1cc(C)cc(c1)C)c1cc(C)cc(c1)C.N[C@@H]([C@@H](c1ccccc1)N)c1ccccc1,CC(O)C,[O-1]C(C)(C)C.[K+],20.41371802,27.5,2000.0,2.635225559957383
O=C(CCN1CCN(c2ccccc2)CC1)c1ccccc1,O[C@H](CCN1CCN(c2ccccc2)CC1)c1ccccc1,Ru,Cc1cc(C)c(c(c1)C)[C@H](c1ccccc1)NCCP(c1ccccc1)c1ccccc1.CP(CCP(C)C)C,COCCOC,[K+].[O-1]C,50.0,30.0,100.0,2.6322413770598696
COc1ccc2c(c1)CCCC2=O,COc1ccc2c(c1)CCC[C@@H]2O,Ru,Cc1cc(C)cc(c1)P(c1ccc2c(c1c1c3OCOc3ccc1P(c1cc(C)cc(c1)C)c1cc(C)cc(c1)C)OCO2)c1cc(C)cc(c1)C.COc1ccc(cc1)C(c1ccc(cc1)OC)([C@H](C(C)C)N)N,CCO.CC(O)C,[O-1]C(C)(C)C.[K+],10.0,15.0,1000.0,2.631219297186915
CC(=O)c1ccc(C(F)(F)F)cc1,C[C@H](O)c1ccc(C(F)(F)F)cc1,Ru,CCCCCN[C@H](c1ccnc2c1cccc2)[C@H]1CC2CCN1CC2C=C.C1CCC(CC1)P(C1CCCCC1)C1CCCCC1,CCO,[Ba+2].[OH-1].[OH-1],60.0,30.0,1000.0,2.608308947722923
CC(=O)c1ccccc1,C[C@H](O)c1ccccc1,Ru,COc1nc(OC)cc(c1c1c(OC)nc(cc1P(c1cc(C)cc(c1)C)c1cc(C)cc(c1)C)OC)P(c1cc(C)cc(c1)C)c1cc(C)cc(c1)C,CC(O)C,[O-1]C(C)(C)C.[K+],34.02,50.0,99999.99999999999,2.60551220279102
CC(=O)c1c(C)coc1C,Cc1coc(C)c1[C@H](C)O,Ru,C[C@H](P(c1cc(cc(c1)C(C)C)C(C)C)c1cc(cc(c1)C(C)C)C(C)C)C[C@@H](P(c1cc(cc(c1)C(C)C)C(C)C)c1cc(cc(c1)C(C)C)C(C)C)C.NCc1ncc(cc1C)C,CC(O)C,[O-1]C(C)(C)C.[K+],10.0,40.0,1000.0,2.6040364373547034
CC(=O)/C=C/c1ccccc1,C[C@H](O)/C=C/c1ccccc1,Ru,Cc1cc(C)cc(c1)P(c1ccc2c(c1c1c(ccc3c1cccc3)P(c1cc(C)cc(c1)C)c1cc(C)cc(c1)C)cccc2)c1cc(C)cc(c1)C.COc1ccc(cc1)C(c1ccc(cc1)OC)([C@@H](C(C)C)N)N,CCO,,50.0,25.0,1000.0,2.588826543197757
O=C(c1ccccc1)c1ccccc1Cl,O[C@H](c1ccccc1)c1ccccc1Cl,Ru,COc1nc(OC)cc(c1c1c(OC)nc(cc1P(c1cc(C)cc(c1)C)c1cc(C)cc(c1)C)OC)P(c1cc(C)cc(c1)C)c1cc(C)cc(c1)C.N[C@@H]([C@@H](c1ccccc1)N)c1ccccc1,CC(O)C,[O-1]C(C)(C)C.[K+],34.02286336,27.5,10000.0,2.586798895374886
CC(=O)c1ccccc1,C[C@H](O)c1ccccc1,Ru,Cc1ccc(cc1)S(=O)(=O)c1ccc(cc1)S(=O)(=O)N[C@H]([C@H](c1ccccc1)NCCc1ccccc1)c1ccccc1,CO,,30.0,60.0,100.0,2.576523897497471
CC(=O)c1ccc(C)cc1,Cc1ccc([C@H](C)O)cc1,Ru,OP(=O)(c1cc(P(c2ccccc2)c2ccccc2)c(c2c1cccc2)c1c(cc(c2c1cccc2)P(=O)(O)O)P(c1ccccc1)c1ccccc1)O.N[C@@H]([C@@H](c1ccccc1)N)c1ccccc1,CC(O)C,[O-1]C(C)(C)C.[K+],47.62,25.0,1000.0,2.5652888430268495
CC(=O)c1ccccc1C,Cc1ccccc1[C@H](C)O,Ru,COc1ccccc1P(c1ccccc1OC)c1ccccc1OC.C=CC1CN2CCC1CC2[C@@H](c1ccnc2c1cccc2)N,CCCO,[Li+].[OH-1],60.0,40.0,250.0,2.5632425634965066
O=C(c1ccccc1)c1ccccc1Cl,O[C@@H](c1ccccc1)c1ccccc1Cl,Ru,Cc1cc(C)cc(c1)P(c1ccc2c(c1c1c(ccc3c1cccc3)P(c1cc(C)cc(c1)C)c1cc(C)cc(c1)C)cccc2)c1cc(C)cc(c1)C.COc1ccc(cc1)C(c1ccc(cc1)OC)([C@H](C(C)C)N)N,CC(O)C,[O-1]C(C)(C)C.[K+],8.0,35.0,20000.0,2.562458336806169
CC(=O)c1ccccc1C,Cc1ccccc1[C@@H](C)O,Ru,C[C@@H]1C[C@@H](C)Oc2c(-c3c(O1)cccc3P(c1cc(C)cc(c1)C)c1cc(C)cc(c1)C)c(ccc2)P(c1cc(C)cc(c1)C)c1cc(C)cc(c1)C.COc1ccc(cc1)C(c1ccc(cc1)OC)([C@H](C(C)C)N)N,CC(O)C,[O-1]C(C)(C)C.[K+],10.0,21.0,10000.0,2.5540946761080674
CC(=O)c1ccccc1,C[C@H](O)c1ccccc1,Ru,CCOP(=O)(c1cc(P(c2ccccc2)c2ccccc2)c(c2c1cccc2)c1c(cc(c2c1cccc2)P(=O)(OCC)OCC)P(c1ccccc1)c1ccccc1)OCC.COc1ccc(cc1)C(c1ccc(cc1)OC)([C@@H](C(C)C)N)N,CC(O)C,[O-1]C(C)(C)C.[K+],47.62,25.0,1000.0,2.542628094861029
CC(=O)c1ccc(C(C)(C)C)cc1,C[C@H](O)c1ccc(C(C)(C)C)cc1,Ru,Cc1ccc2c(c1)c(C)cc(c2c1c(cc(c2c1ccc(c2)C)C)P(c1cc(C)cc(c1)C)c1cc(C)cc(c1)C)P(c1cc(C)cc(c1)C)c1cc(C)cc(c1)C.N[C@@H]([C@@H](c1ccccc1)N)c1ccccc1,CC(O)C,[O-1]C(C)(C)C.[K+],48.3,25.0,1000.0,2.542628094861029
CC(=O)c1ccccc1,C[C@H](O)c1ccccc1,Ru,Cc1cc(C)cc(c1)P(c1ccc2c(c1c1c(ccc3c1cccc3)P(c1cc(C)cc(c1)C)c1cc(C)cc(c1)C)cccc2)c1cc(C)cc(c1)C.COc1ccc(cc1)C(c1ccc(cc1)OC)([C@@H](C(C)C)N)N,C1CCCO1,,10.0,25.0,1000.0,2.542628094861029
O=C(c1ccccc1)c1ccccc1Cl,O[C@H](c1ccccc1)c1ccccc1Cl,Ru,COc1nc(OC)cc(c1c1c(OC)nc(cc1P(c1cc(C)cc(c1)C)c1cc(C)cc(c1)C)OC)P(c1cc(C)cc(c1)C)c1cc(C)cc(c1)C.N[C@@H]([C@@H](c1ccccc1)N)c1ccccc1,CC(O)C,[O-1]C(C)(C)C.[K+],20.41371802,27.5,2000.0,2.5419173352050697
CC(=O)c1cccnc1,C[C@H](O)c1cccnc1,Ru,COc1nc(OC)cc(c1c1c(OC)nc(cc1P(c1cc(C)cc(c1)C)c1cc(C)cc(c1)C)OC)P(c1cc(C)cc(c1)C)c1cc(C)cc(c1)C.N[C@@H]([C@@H](c1ccccc1)N)c1ccccc1,CC(O)C,[O-1]C(C)(C)C.[K+],23.81600435,27.5,2000.0,2.5419173352050697
CC(=O)/C=C/c1ccccc1,C[C@@H](O)/C=C/c1ccccc1,Ru,C[C@@H]1C[C@@H](C)Oc2c(-c3c(O1)cccc3P(c1cc(C)cc(c1)C)c1cc(C)cc(c1)C)c(ccc2)P(c1cc(C)cc(c1)C)c1cc(C)cc(c1)C.COc1ccc(cc1)C(c1ccc(cc1)OC)([C@H](C(C)C)N)N,CC(O)C,[O-1]C(C)(C)C.[K+],10.0,21.0,10000.0,2.530872759269991
COc1cc(OC)cc(C(C)=O)c1,COc1cc(OC)cc([C@H](C)O)c1,Ru,C[C@H](P(c1cc(cc(c1)C(C)C)C(C)C)c1cc(cc(c1)C(C)C)C(C)C)C[C@@H](P(c1cc(cc(c1)C(C)C)C(C)C)c1cc(cc(c1)C(C)C)C(C)C)C.NCc1ncc(cc1C)C,CCO,[O-1]C(C)(C)C.[K+],10.0,30.0,2000.0,2.520880236257635
O=C(CCN1CCN(c2ccccc2)CC1)c1ccccc1,O[C@H](CCN1CCN(c2ccccc2)CC1)c1ccccc1,Ru,Cc1cc(C)c(c(c1)C)[C@H](c1ccccc1)NCCP(c1ccccc1)c1ccccc1.CP(CCP(C)C)C,C1CCCO1,[K+].[OH-1],50.0,30.0,100.0,2.520880236257635
O=C(CCNCc1ccccc1)c1ccccc1,O[C@H](CCNCc1ccccc1)c1ccccc1,Ru,Cc1cc(C)c(c(c1)C)[C@H](c1ccccc1)NCCP(c1ccccc1)c1ccccc1.CP(CCP(C)C)C,C1CCCO1,[K+].[O-1]C,50.0,30.0,100.0,2.520880236257635
O=C(CCN1CCN(c2ccccc2)CC1)c1ccccc1,O[C@H](CCN1CCN(c2ccccc2)CC1)c1ccccc1,Ru,Cc1cc(C)c(c(c1)C)[C@H](c1ccccc1)NCCP(c1ccccc1)c1ccccc1.CP(CCP(C)C)C,C1CCCO1,[K+].[O-1]CC,50.0,30.0,100.0,2.520880236257635
O=C(CCN1CCN(c2ccccc2)CC1)c1ccccc1,O[C@H](CCN1CCN(c2ccccc2)CC1)c1ccccc1,Ru,Cc1cc(C)c(c(c1)C)[C@H](c1ccccc1)NCCP(c1ccccc1)c1ccccc1.CP(CCP(C)C)C,C1CCCO1,[K+].[O-1]C(C)(C)C,30.0,30.0,100.0,2.520880236257635
CCN1CCN(CCC(=O)c2ccccc2)CC1,CCN1CCN(CC[C@@H](O)c2ccccc2)CC1,Ru,Cc1cc(C)c(c(c1)C)[C@H](c1ccc2c(c1)cccc2)NCCP(c1ccccc1)c1ccccc1.CP(CCP(C)C)C,C1CCCO1,[K+].[O-1]C,50.0,30.0,100.0,2.520880236257635
Cc1cc(C)cc(C(=O)CCN2CCN(c3ccccc3)CC2)c1,Cc1cc(C)cc([C@H](O)CCN2CCN(c3ccccc3)CC2)c1,Ru,Cc1cc(C)c(c(c1)C)[C@H](c1ccc2c(c1)cccc2)NCCP(c1ccccc1)c1ccccc1.CP(CCP(C)C)C,C1CCCO1,[K+].[O-1]C,50.0,30.0,100.0,2.520880236257635
O=C(CCN1CCN(c2ccccc2)CC1)c1ccccc1,O[C@H](CCN1CCN(c2ccccc2)CC1)c1ccccc1,Ru,Cc1cc(C)c(c(c1)C)[C@H](c1ccccc1)NCCP(c1ccccc1)c1ccccc1.CP(CCP(C)C)C,Cc1ccccc1,[K+].[O-1]C,50.0,30.0,100.0,2.520880236257635
COc1ccccc1N1CCN(CCC(=O)c2ccccc2)CC1,COc1ccccc1N1CCN(CC[C@@H](O)c2ccccc2)CC1,Ru,Cc1cc(C)c(c(c1)C)[C@H](c1ccc2c(c1)cccc2)NCCP(c1ccccc1)c1ccccc1.CP(CCP(C)C)C,C1CCCO1,[K+].[O-1]C,50.0,30.0,100.0,2.520880236257635
O=C(CCN1CCN(c2ccccc2)CC1)c1ccccc1,O[C@H](CCN1CCN(c2ccccc2)CC1)c1ccccc1,Ru,Cc1cc(C)c(c(c1)C)[C@H](c1ccccc1)NCCP(c1ccccc1)c1ccccc1.CP(CCP(C)C)C,C1CCCO1,[Na+].[O-1]C,50.0,30.0,100.0,2.520880236257635
O=C(CCN1CCN(c2ccccc2)CC1)c1ccccc1,O[C@H](CCN1CCN(c2ccccc2)CC1)c1ccccc1,Ru,Cc1cc(C)c(c(c1)C)[C@H](c1ccccc1)NCCP(c1ccccc1)c1ccccc1.CP(CCP(C)C)C,C1CCCO1,[K+].[O-1]C(C)(C)C,50.0,30.0,100.0,2.520880236257635
O=C(CCN1CCN(c2ccc(Br)cc2)CC1)c1ccccc1,O[C@H](CCN1CCN(c2ccc(Br)cc2)CC1)c1ccccc1,Ru,Cc1cc(C)c(c(c1)C)[C@H](c1ccc2c(c1)cccc2)NCCP(c1ccccc1)c1ccccc1.CP(CCP(C)C)C,C1CCCO1,[K+].[O-1]C,50.0,30.0,100.0,2.520880236257635
O=C(c1ccccc1)c1ccccc1Cl,O[C@@H](c1ccccc1)c1ccccc1Cl,Ru,Cc1cc(C)cc(c1)P(c1ccc2c(c1c1c(ccc3c1cccc3)P(c1cc(C)cc(c1)C)c1cc(C)cc(c1)C)cccc2)c1cc(C)cc(c1)C.COc1ccc(cc1)C(c1ccc(cc1)OC)([C@H](C(C)C)N)N,CC(O)C,[O-1]C(C)(C)C.[K+],8.0,30.0,20000.0,2.520880236257635
CC(C)N1CCN(CCC(=O)c2ccccc2)CC1,CC(C)N1CCN(CC[C@@H](O)c2ccccc2)CC1,Ru,Cc1cc(C)c(c(c1)C)[C@H](c1ccc2c(c1)cccc2)NCCP(c1ccccc1)c1ccccc1.CP(CCP(C)C)C,C1CCCO1,[K+].[O-1]C,50.0,30.0,100.0,2.520880236257635
O=C(CCN1CCN(c2ccc(Cl)cc2)CC1)c1ccccc1,O[C@H](CCN1CCN(c2ccc(Cl)cc2)CC1)c1ccccc1,Ru,Cc1cc(C)c(c(c1)C)[C@H](c1ccc2c(c1)cccc2)NCCP(c1ccccc1)c1ccccc1.CP(CCP(C)C)C,C1CCCO1,[K+].[O-1]C,50.0,30.0,100.0,2.520880236257635
O=C(CCN1CCc2ccccc21)c1ccccc1,O[C@H](CCN1CCc2ccccc21)c1ccccc1,Ru,Cc1cc(C)c(c(c1)C)[C@H](c1ccc2c(c1)cccc2)NCCP(c1ccccc1)c1ccccc1.CP(CCP(C)C)C,C1CCCO1,[K+].[O-1]C,50.0,30.0,100.0,2.520880236257635
CC(=O)c1ccccc1,C[C@H](O)c1ccccc1,Ru,Cc1cc(C)cc(c1)P(c1ccc2c(c1c1c(ccc3c1cccc3)P(c1cc(C)cc(c1)C)c1cc(C)cc(c1)C)cccc2)c1cc(C)cc(c1)C.COc1ccc(cc1)C(c1ccc(cc1)OC)([C@@H](C(C)C)N)N,O1CCOCC1,,10.0,25.0,1000.0,2.520780487248932
CC(=O)/C=C/c1ccccc1,C[C@H](O)/C=C/c1ccccc1,Ru,COc1nc(OC)cc(c1c1c(OC)nc(cc1P(c1cc(C)cc(c1)C)c1cc(C)cc(c1)C)OC)P(c1cc(C)cc(c1)C)c1cc(C)cc(c1)C.N[C@@H]([C@@H](c1ccccc1)N)c1ccccc1,CC(O)C,[O-1]C(=O)[O-1].[K+].[K+],34.02286336,27.5,10000.0,2.520648923003775
O=C(c1ccccc1)c1ccccc1F,O[C@@H](c1ccccc1)c1ccccc1F,Ru,Cc1cc(C)cc(c1)P(c1ccc2c(c1c1c(ccc3c1cccc3)P(c1cc(C)cc(c1)C)c1cc(C)cc(c1)C)cccc2)c1cc(C)cc(c1)C.COc1ccc(cc1)C(c1ccc(cc1)OC)([C@H](C(C)C)N)N,CC(O)C,[O-1]C(C)(C)C.[K+],8.0,28.0,2000.0,2.504248996038221
CC(=O)/C=C/c1ccccc1,C[C@H](O)/C=C/c1ccccc1,Ru,COc1nc(OC)cc(c1c1c(OC)nc(cc1P(c1cc(C)cc(c1)C)c1cc(C)cc(c1)C)OC)P(c1cc(C)cc(c1)C)c1cc(C)cc(c1)C.N[C@@H]([C@@H](c1ccccc1)N)c1ccccc1,CC(O)C,[O-1]C(=O)[O-1].[K+].[K+],23.81600435,27.5,2000.0,2.5000911859833677
CCOC(OCC)C(=O)c1ccc2ccccc2c1,CCOC(OCC)[C@H](O)c1ccc2ccccc2c1,Ru,Cc1ccc(cc1)P(c1ccc2c(c1c1c(ccc3c1cccc3)P(c1ccc(cc1)C)c1ccc(cc1)C)cccc2)c1ccc(cc1)C.NC[C@@H](c1ccccc1)N,CC(O)C,[K+].[O-1]C(C)(C)C,8.0,27.5,1000.0,2.5000911859833677
CC(=O)/C=C/c1ccccc1,C[C@H](O)/C=C/c1ccccc1,Ru,COc1nc(OC)cc(c1c1c(OC)nc(cc1P(c1cc(C)cc(c1)C)c1cc(C)cc(c1)C)OC)P(c1cc(C)cc(c1)C)c1cc(C)cc(c1)C.N[C@@H]([C@@H](c1ccccc1)N)c1ccccc1,CC(O)C,[O-1]C(C)(C)C.[K+],34.02286336,27.5,10000.0,2.5000911859833677
CC(=O)c1cccnc1,C[C@H](O)c1cccnc1,Ru,COc1nc(OC)cc(c1c1c(OC)nc(cc1P(c1cc(C)cc(c1)C)c1cc(C)cc(c1)C)OC)P(c1cc(C)cc(c1)C)c1cc(C)cc(c1)C.N[C@@H]([C@@H](c1ccccc1)N)c1ccccc1,CC(O)C,[O-1]C(C)(C)C.[K+],23.81600435,27.5,4000.0,2.5000911859833677
CC(=O)c1ccc(Cl)cc1,C[C@H](O)c1ccc(Cl)cc1,Ru,CCOP(=O)(c1cc(P(c2ccccc2)c2ccccc2)c(c2c1cccc2)c1c(cc(c2c1cccc2)P(=O)(OCC)OCC)P(c1ccccc1)c1ccccc1)OCC.COc1ccc(cc1)C(c1ccc(cc1)OC)([C@@H](C(C)C)N)N,CC(O)C,[O-1]C(C)(C)C.[K+],47.62,25.0,1000.0,2.499688928633213
CC(=O)c1ccccc1,C[C@H](O)c1ccccc1,Ru,Cc1cc(C)cc(c1)P(c1cccc2c1C1(CC2)CCc2c1c(ccc2)P(c1cc(C)cc(c1)C)c1cc(C)cc(c1)C)c1cc(C)cc(c1)C.N[C@@H]([C@@H](c1ccccc1)N)c1ccccc1,CC(O)C,[O-1]C(C)(C)C.[K+],50.0,25.0,10000.0,2.499688928633213
CC(=O)c1ccc(Cl)cc1,C[C@H](O)c1ccc(Cl)cc1,Ru,Cc1cc(C)cc(c1)P(c1cc(c2c(c1c1c(cc(c3c1cccc3)[Si](C)(C)C)P(c1cc(C)cc(c1)C)c1cc(C)cc(c1)C)cccc2)[Si](C)(C)C)c1cc(C)cc(c1)C.N[C@@H]([C@@H](c1ccccc1)N)c1ccccc1,CC(O)C,[O-1]C(C)(C)C.[K+],48.3,25.0,1000.0,2.499688928633213
CC(=O)c1ccc(C(C)(C)C)cc1,C[C@H](O)c1ccc(C(C)(C)C)cc1,Ru,Cc1cc(C)cc(c1)P(c1cc(c2c(c1c1c(cc(c3c1cccc3)[Si](C)(C)C)P(c1cc(C)cc(c1)C)c1cc(C)cc(c1)C)cccc2)[Si](C)(C)C)c1cc(C)cc(c1)C.N[C@@H]([C@@H](c1ccccc1)N)c1ccccc1,CC(O)C,[O-1]C(C)(C)C.[K+],48.3,25.0,1000.0,2.499688928633213
CC(=O)c1ccc(Cl)cc1,C[C@H](O)c1ccc(Cl)cc1,Ru,Cc1cc(C)cc(c1)P(c1ccc2c(c1c1c(cc(c3c1cccc3)[Si](C)(C)C)P(c1cc(C)cc(c1)C)c1cc(C)cc(c1)C)cccc2)c1cc(C)cc(c1)C.COc1ccc(cc1)C(c1ccc(cc1)OC)([C@@H](C(C)C)N)N,CC(O)C,[O-1]C(C)(C)C.[K+],48.3,25.0,1000.0,2.499688928633213
CC(=O)c1ccccc1,C[C@H](O)c1ccccc1,Ru,OP(=O)(c1cc(P(c2ccccc2)c2ccccc2)c(c2c1cccc2)c1c(cc(c2c1cccc2)P(=O)(O)O)P(c1ccccc1)c1ccccc1)O.N[C@@H]([C@@H](c1ccccc1)N)c1ccccc1,CC(O)C,[O-1]C(C)(C)C.[K+],47.62,25.0,1000.0,2.499688928633213
CC(C)(C)[Si](C)(C)C#CC(=O)C1CCCCC1,CC(C)(C)[Si](C)(C)C#C[C@@H](O)C1CCCCC1,Ru,Cc1ccc(cc1)S(=O)(=O)N[C@H]([C@H](c1ccccc1)N)c1ccccc1,CO,,10.0,50.0,1000.0,2.4991856445334166
CC(=O)C#C[Si](C(C)C)(C(C)C)C(C)C,CC(C)[Si](C#C[C@H](C)O)(C(C)C)C(C)C,Ru,Cc1ccc(cc1)S(=O)(=O)N[C@H]([C@H](c1ccccc1)N)c1ccccc1,CO,,10.0,50.0,1000.0,2.4991856445334166
CCCCCCCCCC(=O)C#C[Si](C)(C)C(C)(C)C,CCCCCCCCC[C@H](O)C#C[Si](C)(C)C(C)(C)C,Ru,Cc1ccc(cc1)S(=O)(=O)N[C@H]([C@H](c1ccccc1)N)c1ccccc1,CO,,20.0,50.0,1000.0,2.4991856445334166
CC(=O)c1ccccc1,C[C@H](O)c1ccccc1,Ru,Cc1cc(C)cc(c1)P(c1cccc2c1C1(CC2)CCc2c1c(ccc2)P(c1cc(C)cc(c1)C)c1cc(C)cc(c1)C)c1cc(C)cc(c1)C.N[C@@H]([C@@H](c1ccccc1)N)c1ccccc1,CC(O)C,[O-1]C(C)(C)C.[K+],50.0,0.0,5000.0,2.4942479646941034
Cc1ccc(C(=O)/C=C/c2ccccc2)cc1,Cc1ccc([C@@H](O)/C=C/c2ccccc2)cc1,Ru,Cc1ccc(cc1)P(c1ccc2c(c1c1c(ccc3c1cccc3)P(c1ccc(cc1)C)c1ccc(cc1)C)cccc2)c1ccc(cc1)C.N[C@H](c1ccccc1)CN(C)C,CC(O)C,[O-1]C(C)(C)C.[K+],8.0,0.0,1000.0,2.4942479646941034
CC(=O)c1ccccc1,C[C@H](O)c1ccccc1,Ru,Cc1cc(C)cc(c1)P(c1cccc2c1[C@]1(CC2)CCc2c1c(ccc2)P(c1cc(C)cc(c1)C)c1cc(C)cc(c1)C)c1ccc(cc1C)C.N[C@@H]([C@@H](c1ccccc1)N)c1ccccc1,CC(O)C,[O-1]C(C)(C)C.[K+],50.0,0.0,5000.0,2.4942479646941034
CC(=O)/C=C/c1ccccc1,C[C@H](O)/C=C/c1ccccc1,Ru,COc1nc(OC)cc(c1c1c(OC)nc(cc1P(c1cc(C)cc(c1)C)c1cc(C)cc(c1)C)OC)P(c1cc(C)cc(c1)C)c1cc(C)cc(c1)C.N[C@@H]([C@@H](c1ccccc1)N)c1ccccc1,CC(O)C,[O-1]C(C)(C)C.[K+],23.81600435,27.5,2000.0,2.4801974992870055
CC(=O)c1ccccc1,C[C@H](O)c1ccccc1,Ru,CC1(C)O[C@@H]([C@H](O1)CP(c1ccccc1)c1ccccc1)CP(c1ccccc1)c1ccccc1.COc1ccc2c(c1)[nH]c(n2)[C@@H](N)C,Cc1ccccc1.CC(O)(C)C,[OH-1].[K+],8.0,25.0,1000.0,2.4793021357091005
O=C1CN2CCC1CC2,O[C@H]1CN2CCC1CC2,Ru,Cc1ccc(cc1)P(c1ccc2c(c1c1c(ccc3c1cccc3)P(c1ccc(cc1)C)c1ccc(cc1)C)cccc2)c1ccc(cc1)C.C[C@H]([C@H]1OC(O[C@@H]1[C@H](N)C)(C)C)N,CC(O)C,[K+].[O-1]C(C)(C)C,50.0,25.0,49999.99999999999,2.4793021357091005
CC(=O)c1cc(C)cc(C)c1,Cc1cc(C)cc([C@H](C)O)c1,Ru,CC1(C)O[C@@H]([C@H](O1)CP(c1ccccc1)c1ccccc1)CP(c1ccccc1)c1ccccc1.NCc1nc2c([nH]1)cccc2,Cc1ccccc1.CC(O)(C)C,[O-1]C(C)(C)C.[K+].c1ccc(cc1)P(c1ccccc1)c1ccccc1,8.0,25.0,1000.0,2.4793021357091005
O=C(CCc1ccccc1)c1ccccc1,O[C@@H](CCc1ccccc1)c1ccccc1,Ru,CC1(C)O[C@@H]([C@H](O1)CP(c1ccccc1)c1ccccc1)CP(c1ccccc1)c1ccccc1.COc1ccc2c(c1)[nH]c(n2)[C@@H](N)C,Cc1ccccc1.CC(O)(C)C,[O-1]C(C)(C)C.[K+],8.0,25.0,1000.0,2.4793021357091005
COc1ccc2c(c1)CCCC2=O,COc1ccc2c(c1)CCC[C@@H]2O,Ru,CC1(C)O[C@@H]([C@H](O1)CP(c1ccccc1)c1ccccc1)CP(c1ccccc1)c1ccccc1.COc1ccc2c(c1)[nH]c(n2)[C@@H](N)C,Cc1ccccc1.CC(O)(C)C,[O-1]C(C)(C)C.[K+],8.0,25.0,5000.0,2.4793021357091005
O=C1CN2CCC1CC2,O[C@H]1CN2CCC1CC2,Ru,c1ccc(cc1)P(c1ccc2c(c1c1c(ccc3c1cccc3)P(c1ccccc1)c1ccccc1)cccc2)c1ccccc1.C[C@H]([C@H]1OC(O[C@@H]1[C@H](N)C)(C)C)N,CC(O)C,[K+].[O-1]C(C)(C)C,20.0,25.0,10000.0,2.4793021357091005
O=C1CN2CCC1CC2,O[C@@H]1CN2CCC1CC2,Ru,Cc1ccc(cc1)P(c1ccc2c(c1c1c(ccc3c1cccc3)P(c1ccc(cc1)C)c1ccc(cc1)C)cccc2)c1ccc(cc1)C.C[C@@H](CC[C@@H](N)C)N,CC(O)C,[K+].[O-1]C(C)(C)C,20.0,25.0,10000.0,2.4793021357091005
O=C1CN2CCC1CC2,O[C@H]1CN2CCC1CC2,Ru,c1ccc(cc1)P(c1ccc2c(c1c1c(ccc3c1cccc3)P(c1ccccc1)c1ccccc1)cccc2)c1ccccc1.C[C@H]([C@H]1OC(O[C@@H]1[C@H](N)C)(C)C)N,CC(O)C,[K+].[O-1]C(C)(C)C,50.0,25.0,49999.99999999999,2.4793021357091005
O=C1CCCc2cc(Oc3ccccc3)ccc21,O[C@H]1CCCc2cc(Oc3ccccc3)ccc21,Ru,CC1(C)O[C@@H]([C@H](O1)CP(c1ccccc1)c1ccccc1)CP(c1ccccc1)c1ccccc1.NCc1nc2c([nH]1)cccc2,Cc1ccccc1.CC(O)(C)C,[O-1]C(C)(C)C.[K+],8.0,25.0,1000.0,2.4793021357091005
CC(=O)c1ccccc1,C[C@H](O)c1ccccc1,Ru,CC1(C)O[C@@H]([C@H](O1)CP(c1ccccc1)c1ccccc1)CP(c1ccccc1)c1ccccc1.COc1ccc2c(c1)[nH]c(n2)[C@@H](N)C,Cc1ccccc1.CC(O)C,[O-1]C(C)(C)C.[K+],8.0,25.0,1000.0,2.4793021357091005
CC(=O)c1ccccc1,C[C@H](O)c1ccccc1,Ru,CC1(C)O[C@@H]([C@H](O1)CP(c1ccccc1)c1ccccc1)CP(c1ccccc1)c1ccccc1.COc1ccc2c(c1)[nH]c(n2)[C@@H](N)C,Cc1ccccc1.CCO,[O-1]C(C)(C)C.[K+],8.0,25.0,1000.0,2.4793021357091005
CC(=O)c1ccccc1,C[C@H](O)c1ccccc1,Ru,CC1(C)O[C@@H]([C@H](O1)CP(c1ccccc1)c1ccccc1)CP(c1ccccc1)c1ccccc1.COc1ccc2c(c1)[nH]c(n2)[C@H](C(C)(C)C)N,Cc1ccccc1.CC(O)(C)C,[O-1]C(C)(C)C.[K+],8.0,25.0,1000.0,2.4793021357091005
CC(=O)c1ccccc1,C[C@H](O)c1ccccc1,Ru,CC1(C)O[C@@H]([C@H](O1)CP(c1ccccc1)c1ccccc1)CP(c1ccccc1)c1ccccc1.COc1ccc2c(c1)[nH]c(n2)[C@@H](N)C,Cc1ccccc1.CC(O)(C)C,[O-1]C(C)(C)C.[K+],60.0,25.0,1000.0,2.4793021357091005
COc1ccc2c(c1)C(=O)CCC2,COc1ccc2c(c1)[C@@H](O)CCC2,Ru,CC1(C)O[C@@H]([C@H](O1)CP(c1ccccc1)c1ccccc1)CP(c1ccccc1)c1ccccc1.NCc1nc2c([nH]1)cccc2,Cc1ccccc1.CC(O)(C)C,[O-1]C(C)(C)C.[K+].c1ccc(cc1)P(c1ccccc1)c1ccccc1,12.0,25.0,5000.0,2.4793021357091005
CCCCCCCC(=O)/C=C(/c1ccccc1)C(C)C,CCCCCCC[C@H](O)/C=C(/c1ccccc1)C(C)C,Ru,c1ccc(cc1)P(c1ccccc1Oc1ccccc1P(c1ccccc1)c1ccccc1)c1ccccc1.c1ccc2c(c1)[C@H](NC2)[C@@H]1NCc2c1cccc2,CC(O)C,[O-1]C(C)(C)C.[K+],10.0,25.0,1000.0,2.4793021357091005
CCCCCCC(=O)/C=C(\C)c1cccs1,CCCCCC[C@H](O)/C=C(\C)c1cccs1,Ru,c1ccc(cc1)P(c1ccccc1Oc1ccccc1P(c1ccccc1)c1ccccc1)c1ccccc1.c1ccc2c(c1)[C@H](NC2)[C@@H]1NCc2c1cccc2,CC(O)C,[O-1]C(C)(C)C.[K+],10.0,25.0,1000.0,2.4793021357091005
O=C1C=C(c2ccccc2)CCC1,O[C@@H]1C=C(c2ccccc2)CCC1,Ru,c1ccc(cc1)P(c1ccccc1Oc1ccccc1P(c1ccccc1)c1ccccc1)c1ccccc1.c1ccc2c(c1)[C@H](NC2)[C@@H]1NCc2c1cccc2,CC(O)C,[O-1]C(C)(C)C.[K+],10.0,25.0,1000.0,2.4793021357091005
CC(C)(C)C(=O)/C=C/c1ccccc1,CC(C)(C)[C@H](O)/C=C/c1ccccc1,Ru,c1ccc(cc1)P(c1ccccc1Oc1ccccc1P(c1ccccc1)c1ccccc1)c1ccccc1.c1ccc2c(c1)[C@H](NC2)[C@@H]1NCc2c1cccc2,CC(O)C,[O-1]C(C)(C)C.[K+],10.0,25.0,1000.0,2.4793021357091005
CC(=O)c1ccc(Oc2ccccc2)c(Oc2ccccc2)c1,C[C@H](O)c1ccc(Oc2ccccc2)c(Oc2ccccc2)c1,Ru,CC1(C)O[C@@H]([C@H](O1)CP(c1ccccc1)c1ccccc1)CP(c1ccccc1)c1ccccc1.COc1ccc2c(c1)[nH]c(n2)[C@@H](N)C,Cc1ccccc1.CC(O)(C)C,[O-1]C(C)(C)C.[K+],8.0,25.0,2000.0,2.4793021357091005
COc1ccc2c(c1)CCCC2=O,COc1ccc2c(c1)CCC[C@@H]2O,Ru,CC1(C)O[C@@H]([C@H](O1)CP(c1ccccc1)c1ccccc1)CP(c1ccccc1)c1ccccc1.COc1ccc2c(c1)[nH]c(n2)[C@@H](N)C,Cc1ccccc1.CC(O)(C)C,[OH-1].[K+],12.0,25.0,10000.0,2.4793021357091005
COc1ccc(C(C)=O)cc1,COc1ccc([C@H](C)O)cc1,Ru,CC1(C)O[C@@H]([C@H](O1)CP(c1ccccc1)c1ccccc1)CP(c1ccccc1)c1ccccc1.NCc1nc2c([nH]1)cccc2,Cc1ccccc1.CC(O)(C)C,[O-1]C(C)(C)C.[K+],8.0,25.0,1000.0,2.4793021357091005
CC(=O)c1ccc(F)cc1,C[C@H](O)c1ccc(F)cc1,Ru,CC1(C)O[C@@H]([C@H](O1)CP(c1ccccc1)c1ccccc1)CP(c1ccccc1)c1ccccc1.NCc1nc2c([nH]1)cccc2,Cc1ccccc1.CC(O)(C)C,[O-1]C(C)(C)C.[K+].c1ccc(cc1)P(c1ccccc1)c1ccccc1,8.0,25.0,1000.0,2.4793021357091005
CC(=O)c1cccc(C)n1,Cc1cccc([C@H](C)O)n1,Ru,Cc1ccccc1[C@H](c1ccccn1)N[C@H](C12C3[Fe]4567891(C2(C8C34)P(c1ccccc1)c1ccccc1)C1C5C6C9(C71)P(c1ccccc1)c1ccccc1)C,COC(C)(C)C,C1CN=C2N(C1)CCC2,50.0,25.0,33.333333333333336,2.4793021357091005
CC(=O)c1cc(Cl)ccn1,C[C@H](O)c1cc(Cl)ccn1,Ru,Cc1ccccc1[C@H](c1ccccn1)N[C@H](C12C3[Fe]4567891(C2(C8C34)P(c1ccccc1)c1ccccc1)C1C5C6C9(C71)P(c1ccccc1)c1ccccc1)C,COC(C)(C)C,C1CN=C2N(C1)CCC2,50.0,25.0,33.333333333333336,2.4793021357091005
O=C(CCCCl)c1ccccc1,O[C@H](CCCCl)c1ccccc1,Ru,Cc1cc(C)cc(c1)P(c1ccc2c(c1c1c(ccc3c1cccc3)P(c1cc(C)cc(c1)C)c1cc(C)cc(c1)C)cccc2)c1cc(C)cc(c1)C.COc1ccc(cc1)C(c1ccc(cc1)OC)([C@H](C(C)C)N)N,C1CCCO1,[Cs+].[O-1]C(=O)[O-1].[Cs+],60.0,25.0,100.0,2.4793021357091005
CCCCC(=O)[Si](C)(C)c1ccccc1,CCCC[C@H](O)[Si](C)(C)c1ccccc1,Ru,Cc1ccc(cc1)P(c1ccc2c(c1c1c(ccc3c1cccc3)P(c1ccc(cc1)C)c1ccc(cc1)C)cccc2)c1ccc(cc1)C.NCc1ccccn1,CCO,[O-1]C(C)(C)C.[K+],10.0,25.0,599.9998800000241,2.4793021357091005
CCOC(OCC)C(=O)c1ccc2ccccc2c1,CCOC(OCC)[C@H](O)c1ccc2ccccc2c1,Ru,Cc1ccc(cc1)P(c1ccc2c(c1c1c(ccc3c1cccc3)P(c1ccc(cc1)C)c1ccc(cc1)C)cccc2)c1ccc(cc1)C.N[C@H](c1ccccc1)CN(C)C,CC(O)C,[K+].[O-1]C(C)(C)C,8.0,25.0,1000.0,2.4793021357091005
O=C(c1ccccc1)C1CCCCC1,O[C@@H](c1ccccc1)C1CCCCC1,Ru,c1ccc(cc1)c1cc2ccccc2c(c1NCc1ccccn1)c1c(NCc2ccccn2)c(cc2c1cccc2)c1ccccc1,CC(O)C,[O-1]C(C)(C)C.[K+],50.0,25.0,1000.0,2.4793021357091005
CC(=O)c1ccccc1,C[C@H](O)c1ccccc1,Ru,Brc1ccc2c(c1)[C@H](NC2)[C@H]1NCc2c1cc(Br)cc2.c1ccc(cc1)P(C12C3[Fe]4567892(C1C5C34)C1C6C7C9(C81)P(c1ccccc1)c1ccccc1)c1ccccc1,CCCO,[K+].[O-1]C(C)(C)C,10.0,25.0,1000.0,2.4793021357091005
CC(=O)c1ccccc1,C[C@H](O)c1ccccc1,Ru,Fc1ccc2c(c1)[C@H](NC2)[C@H]1NCc2c1cc(F)cc2.c1ccc(cc1)P(C12C3[Fe]4567892(C1C5C34)C1C6C7C9(C81)P(c1ccccc1)c1ccccc1)c1ccccc1,CCCO,[K+].[O-1]C(C)(C)C,10.0,25.0,1000.0,2.4793021357091005
CC(=O)c1cccc(Br)c1,C[C@H](O)c1cccc(Br)c1,Ru,CC1(C)O[C@@H]([C@H](O1)CP(c1ccccc1)c1ccccc1)CP(c1ccccc1)c1ccccc1.COc1ccc2c(c1)[nH]c(n2)[C@@H](N)C,Cc1ccccc1.CC(O)(C)C,[OH-1].[K+].c1ccc(cc1)P(c1ccccc1)c1ccccc1,8.0,25.0,5000.0,2.4793021357091005
CC(=O)c1ccccc1C,Cc1ccccc1[C@@H](C)O,Ru,N(CC1=NC2C(O1)Cc1c2cccc1)CC1=NC2C(O1)Cc1c2cccc1,CC(O)C,[O-1]C(C)(C)C.[K+],5.0,25.0,100.0,2.4793021357091005
COc1cccc2c1CCCC2=O,COc1cccc2c1CCC[C@H]2O,Ru,COC[C@@H](N[C@@H](C[C@H](P(c1ccccc1)c1ccccc1)C)C)C,CC(O)C,[K+].[O-1]C(C)(C)C,70.0,25.0,200.0,2.4793021357091005
CC(=O)c1ccccc1,C[C@H](O)c1ccccc1,Ru,CC1(C)O[C@@H]([C@H](O1)CP(c1ccccc1)c1ccccc1)CP(c1ccccc1)c1ccccc1.COc1ccc2c(c1)[nH]c(n2)[C@@H](N)C,Cc1ccccc1.CC(O)(C)C,[O-1]C(C)(C)C.[K+],8.0,25.0,1000.0,2.4793021357091005
CC(=O)c1ccccc1,C[C@H](O)c1ccccc1,Ru,CC1(C)O[C@@H]([C@H](O1)CP(c1ccccc1)c1ccccc1)CP(c1ccccc1)c1ccccc1.COc1ccc2c(c1)[nH]c(n2)[C@@H](N)C,Cc1ccccc1.CC(O)(C)C,[O-1]C(C)(C)C.[K+],20.0,25.0,1000.0,2.4793021357091005
CC(=O)c1cccc2ccccc12,C[C@@H](O)c1cccc2ccccc12,Ru,c1ccc(cc1)P(c1ccc2c(c1c1c(ccc3c1cccc3)P(c1ccccc1)c1ccccc1)cccc2)c1ccccc1.N[C@H]([C@H](c1ccccc1)N)c1ccccc1,CC(O)C,[K+].[OH-1],15.0,25.0,250.0,2.4793021357091005
CC(=O)c1ccccc1,C[C@H](O)c1ccccc1,Ru,Brc1ccc2c(c1)[C@H](NC2)[C@H]1NCc2c1cc(Br)cc2.c1ccc(cc1)P(C12C3[Fe]4567892(C1C5C34)C1C6C7C9(C81)P(c1ccccc1)c1ccccc1)c1ccccc1,CCCO,[K+].[O-1]C(C)(C)C,50.0,25.0,1000.0,2.4793021357091005
CC(=O)c1ccccc1,C[C@H](O)c1ccccc1,Ru,Clc1ccc2c(c1)[C@H](NC2)[C@H]1NCc2c1cc(Cl)cc2.c1ccc(cc1)P(C12C3[Fe]4567892(C1C5C34)C1C6C7C9(C81)P(c1ccccc1)c1ccccc1)c1ccccc1,CCCO,[K+].[O-1]C(C)(C)C,10.0,25.0,1000.0,2.4793021357091005
O=C(Cn1ccnc1)c1ccc(Cl)cc1Cl,O[C@H](Cn1ccnc1)c1ccc(Cl)cc1Cl,Ru,Cc1cc(C)cc(c1)P(c1ccc2c(c1c1c(ccc3c1cccc3)P(c1cc(C)cc(c1)C)c1cc(C)cc(c1)C)cccc2)c1cc(C)cc(c1)C.COc1ccc(cc1)C(c1ccc(cc1)OC)([C@H](C(C)C)N)N,C1CCCO1,[K+].[OH-1],50.0,25.0,4000.0,2.4793021357091005
O=C(Cn1nc2ccccc2n1)c1ccc(Cl)cc1Cl,O[C@H](Cn1nc2ccccc2n1)c1ccc(Cl)cc1Cl,Ru,Cc1cc(C)cc(c1)P(c1ccc2c(c1c1c(ccc3c1cccc3)P(c1cc(C)cc(c1)C)c1cc(C)cc(c1)C)cccc2)c1cc(C)cc(c1)C.COc1ccc(cc1)C(c1ccc(cc1)OC)([C@H](C(C)C)N)N,C1CCCO1,[K+].[OH-1],50.0,25.0,100.0,2.4793021357091005
CC(=O)c1ccccc1,C[C@H](O)c1ccccc1,Ru,Brc1ccc2c(c1)[C@H](NC2)[C@H]1NCc2c1cc(Br)cc2.c1ccc(cc1)P(C12C3[Fe]4567892(C1C5C34)C1C6C7C9(C81)P(c1ccccc1)c1ccccc1)c1ccccc1,CCCO,[K+].[O-1]C(C)(C)C,50.0,25.0,99999.99999999999,2.4793021357091005
CC(=O)c1cccc2ccccc12,C[C@H](O)c1cccc2ccccc12,Ru,O=C(c1ccccc1P(c1ccccc1)c1ccccc1)c1ccccc1P(c1ccccc1)c1ccccc1.NC(C(c1ccccc1)N)c1ccccc1,CC(O)C,[O-1]C(C)(C)C.[K+],20.0,25.0,1000.0,2.4793021357091005
CC(=O)c1ccccc1C,Cc1ccccc1[C@H](C)O,Ru,O=C(c1ccccc1P(c1ccccc1)c1ccccc1)c1ccccc1P(c1ccccc1)c1ccccc1.NC(C(c1ccccc1)N)c1ccccc1,CC(O)C,[O-1]C(C)(C)C.[K+],20.0,25.0,1000.0,2.4793021357091005
CC(C)(C)[Si](C)(C)C(=O)c1ccccc1,CC(C)(C)[Si](C)(C)[C@@H](O)c1ccccc1,Ru,Cc1ccc(cc1)P(c1ccc2c(c1c1c(ccc3c1cccc3)P(c1ccc(cc1)C)c1ccc(cc1)C)cccc2)c1ccc(cc1)C.NCc1ncc(c(c1)C(C)(C)C)C(C)(C)C,CCO,[O-1]C(C)(C)C.[K+],10.0,25.0,1200.000480000192,2.4793021357091005
CC(C)(C)[Si](C)(C)C(=O)c1ccccc1,CC(C)(C)[Si](C)(C)[C@@H](O)c1ccccc1,Ru,Cc1ccc(cc1)P(c1ccc2c(c1c1c(ccc3c1cccc3)P(c1ccc(cc1)C)c1ccc(cc1)C)cccc2)c1ccc(cc1)C.NCc1ccccn1,CCO,[Na+].[BH4-1],10.0,25.0,300.000030000003,2.4793021357091005
CC(=O)c1ccccc1,C[C@@H](O)c1ccccc1,Ru,Cc1cc(C)cc(c1)P(c1ccc2c(c1c1c(ccc3c1cccc3)P(c1cc(C)cc(c1)C)c1cc(C)cc(c1)C)cccc2)c1cc(C)cc(c1)C.N[C@H]([C@H](c1ccccc1)N)c1ccccc1,CC(O)C,,1.0,24.0,2000.0,2.4709865155993938
CN(C)CCC(=O)c1ccccc1,CN(C)CC[C@@H](O)c1ccccc1,Ru,Cc1cc(C)cc(c1)P(c1ccc2c(c1c1c(ccc3c1cccc3)P(c1cc(C)cc(c1)C)c1cc(C)cc(c1)C)cccc2)c1cc(C)cc(c1)C.N[C@H]([C@H](c1ccccc1)N)c1ccccc1,CC(O)C,,8.0,24.0,4000.0,2.4709865155993938
CC(=O)c1ccc(Cl)cc1,C[C@H](O)c1ccc(Cl)cc1,Ru,CCCCCN[C@H](c1ccnc2c1cccc2)[C@H]1CC2CCN1CC2C=C.C1CCC(CC1)P(C1CCCCC1)C1CCCCC1,CCO,[Ba+2].[OH-1].[OH-1],60.0,30.0,1000.0,2.4625454186329794
CC(=O)c1cccc2ccccc12,C[C@H](O)c1cccc2ccccc12,Ru,c1ccc(cc1)P(c1ccc2c(c1c1c(ccc3c1cccc3)P(c1ccccc1)c1ccccc1)cccc2)c1ccccc1.N[C@@H]([C@@H](c1ccccc1)N)c1ccccc1,CC(O)C,[O-1]C(C)(C)C.[K+],47.62,25.0,1000.0,2.4595738713202078
CC(=O)c1cccc2ccccc12,C[C@@H](O)c1cccc2ccccc12,Ru,C[C@@H]1C[C@@H](C)Oc2c(-c3c(O1)cccc3P(c1cc(C)cc(c1)C)c1cc(C)cc(c1)C)c(ccc2)P(c1cc(C)cc(c1)C)c1cc(C)cc(c1)C.COc1ccc(cc1)C(c1ccc(cc1)OC)([C@H](C(C)C)N)N,CC(O)C,[O-1]C(C)(C)C.[K+],10.0,21.0,10000.0,2.446039655270273
COc1cccc(C(=O)c2cc(Cl)ccc2N)c1OC,COc1cccc([C@@H](O)c2cc(Cl)ccc2N)c1OC,Ru,CN(c1c(C)cc(cc1C)P(c1ccc2c(c1c1c(ccc3c1cccc3)P(c1cc(C)c(c(c1)C)N(C)C)c1cc(C)c(c(c1)C)N(C)C)cccc2)c1cc(C)c(c(c1)C)N(C)C)C.N[C@H]([C@H](c1ccccc1)N)c1ccccc1,CC(O)C.C1CCCO1,[OH-1].[K+],1.0,43.0,1000.0,2.4450488674585786
CC(=O)c1ccc(F)cc1,C[C@H](O)c1ccc(F)cc1,Ru,CCCCCN[C@H](c1ccnc2c1cccc2)[C@H]1CC2CCN1CC2C=C.C1CCC(CC1)P(C1CCCCC1)C1CCCCC1,CCO,[Ba+2].[OH-1].[OH-1],60.0,30.0,1000.0,2.4442550650660615
CCC(=O)c1ccccc1,CC[C@H](O)c1ccccc1,Ru,C[Si](c1cc(P(c2ccccc2)c2ccccc2)c(c2c1cccc2)c1c(cc(c2c1cccc2)[Si](C)(C)C)P(c1ccccc1)c1ccccc1)(C)C.N[C@@H]([C@@H](c1ccccc1)N)c1ccccc1,CC(O)C,[O-1]C(C)(C)C.[K+],47.62,25.0,1000.0,2.440462303389696
COc1ccc(C(=O)CO)cc1,COc1ccc([C@H](O)CO)cc1,Ru,Cc1cc(C)cc(c1)P(c1ccc2c(c1c1c(ccc3c1cccc3)P(c1cc(C)cc(c1)C)c1cc(C)cc(c1)C)cccc2)c1cc(C)cc(c1)C.COc1ccc(cc1)C(c1ccc(cc1)OC)([C@H](C(C)C)N)N,CCO,C1CCN2C(=NCCC2)CC1,10.0,20.0,2000.0,2.4377240351605662
CC(=O)c1ccccc1Cl,C[C@@H](O)c1ccccc1Cl,Ru,COc1cccc(c1P(c1ccc(cc1)OC(C)(C)C)c1ccc(cc1)OC(C)(C)C)c1cccc(c1P(c1ccc(cc1)OC(C)(C)C)c1ccc(cc1)OC(C)(C)C)OC.N[C@H]([C@H](c1ccccc1)N)c1ccccc1,CC(O)C,[K+].[OH-1],29.61,20.0,3000.003000003,2.4377240351605662
CC(=O)c1ccccc1,C[C@@H](O)c1ccccc1,Ru,COc1cccc(c1P(c1ccc(cc1)OC(C)(C)C)c1ccc(cc1)OC(C)(C)C)c1cccc(c1P(c1ccc(cc1)OC(C)(C)C)c1ccc(cc1)OC(C)(C)C)OC.N[C@H]([C@H](c1ccccc1)N)c1ccccc1,CC(O)C,[K+].[OH-1],29.61,20.0,3000.003000003,2.4377240351605662
CC(=O)c1ccccc1C(F)(F)F,C[C@@H](O)c1ccccc1C(F)(F)F,Ru,c1ccc(cc1)P(c1ccc2c(c1c1c(ccc3c1cccc3)P(c1ccccc1)c1ccccc1)cccc2)c1ccccc1.CN[C@H]1CCCC[C@@H]1NC,CC(O)C,[OH-1].[K+],30.0,20.0,3003.003003003003,2.4377240351605662
CC(=O)c1ccc(C(F)(F)F)cc1,C[C@@H](O)c1ccc(C(F)(F)F)cc1,Ru,Cc1cc(C)cc(c1)P(c1cc2CCc3ccc(CCc1cc2)cc3P(c1cc(C)cc(c1)C)c1cc(C)cc(c1)C)c1cc(C)cc(c1)C.N[C@H]([C@H](c1ccccc1)N)c1ccccc1,CC(O)C,[K+].[O-1]C(C)(C)C,8.0,19.0,3300.0033000033004,2.4294084150508595
CC(=O)c1ccccc1C,Cc1ccccc1[C@H](C)O,Ru,Cc1cc(C)cc(c1)P(c1cc2CCc3ccc(CCc1cc2)cc3P(c1cc(C)cc(c1)C)c1cc(C)cc(c1)C)c1cc(C)cc(c1)C.N[C@@H]([C@@H](c1ccccc1)N)c1ccccc1,CC(O)C,[K+].[O-1]C(C)(C)C,5.5,19.0,3000.003000003,2.4294084150508595
COc1ccc(C(C)=O)cc1,COc1ccc([C@@H](C)O)cc1,Ru,Cc1cc(C)cc(c1)P(c1cc2CCc3ccc(CCc1cc2)cc3P(c1cc(C)cc(c1)C)c1cc(C)cc(c1)C)c1cc(C)cc(c1)C.N[C@H]([C@H](c1ccccc1)N)c1ccccc1,CC(O)C,[K+].[O-1]C(C)(C)C,5.5,19.0,3000.003000003,2.4294084150508595
CC(=O)c1cc2ccccc2o1,C[C@H](O)c1cc2ccccc2o1,Ru,Cc1cc(C)cc(c1)P(c1cc2CCc3ccc(CCc1cc2)cc3P(c1cc(C)cc(c1)C)c1cc(C)cc(c1)C)c1cc(C)cc(c1)C.N[C@H]([C@H](c1ccccc1)N)c1ccccc1,CC(O)C,[K+].[O-1]C(C)(C)C,5.5,19.0,3000.003000003,2.4294084150508595
CC(=O)/C=C/c1ccccc1,C[C@@H](O)/C=C/c1ccccc1,Ru,Cc1cc(C)cc(c1)P(c1cc2CCc3ccc(CCc1cc2)cc3P(c1cc(C)cc(c1)C)c1cc(C)cc(c1)C)c1cc(C)cc(c1)C.N[C@H]([C@H](c1ccccc1)N)c1ccccc1,CC(O)C,[K+].[O-1]C(C)(C)C,5.5,19.0,3000.003000003,2.4294084150508595
CC(=O)c1ccccc1,C[C@H](O)c1ccccc1,Ru,c1ccc(cc1)P(c1cc2CCc3ccc(CCc1cc2)cc3P(c1ccccc1)c1ccccc1)c1ccccc1.N[C@@H]1CCCC[C@H]1N,CC(O)C,[K+].[O-1]C(C)(C)C,8.0,19.0,3000.003000003,2.4294084150508595
CC(=O)c1sccc1Cl,C[C@H](O)c1sccc1Cl,Ru,COc1ccccc1P(c1ccccc1OC)c1ccccc1OC.C=CC1CN2CCC1CC2[C@@H](c1ccnc2c1cccc2)N,CCCO,[Li+].[OH-1],60.0,30.0,250.0,2.4264859054605497
O=C(CN1CCOCC1)c1ccccc1,O[C@H](CN1CCOCC1)c1ccccc1,Ru,Cc1ccc(cc1)S(=O)(=O)c1ccc(cc1)S(=O)(=O)N[C@@H]([C@@H](c1ccccc1)NCCc1ccccc1)c1ccccc1,CO,,30.0,60.0,500.0,2.4254085256173594
COc1ccc(C(C)=O)cc1,COc1ccc([C@H](C)O)cc1,Ru,Cc1cc(C)cc(c1)P(c1cc(c2c(c1c1c(cc(c3c1cccc3)[Si](C)(C)C)P(c1cc(C)cc(c1)C)c1cc(C)cc(c1)C)cccc2)[Si](C)(C)C)c1cc(C)cc(c1)C.N[C@@H]([C@@H](c1ccccc1)N)c1ccccc1,CC(O)C,[O-1]C(C)(C)C.[K+],48.3,25.0,1000.0,2.4219294625281966
CC(=O)c1ccc2ccccc2c1,C[C@H](O)c1ccc2ccccc2c1,Ru,C[Si](c1cc(P(c2ccccc2)c2ccccc2)c(c2c1cccc2)c1c(cc(c2c1cccc2)[Si](C)(C)C)P(c1ccccc1)c1ccccc1)(C)C.N[C@@H]([C@@H](c1ccccc1)N)c1ccccc1,CC(O)C,[O-1]C(C)(C)C.[K+],47.62,25.0,1000.0,2.4219294625281966
COc1cccc(OC)c1C(C)=O,COc1cccc(OC)c1[C@H](C)O,Ru,C[C@H](P(c1cc(cc(c1)C(C)C)C(C)C)c1cc(cc(c1)C(C)C)C(C)C)C[C@@H](P(c1cc(cc(c1)C(C)C)C(C)C)c1cc(cc(c1)C(C)C)C(C)C)C.NCc1ncc(cc1C)C,CC(O)C,[O-1]C(C)(C)C.[K+],10.0,40.0,2000.0,2.421847391569362
CC(=O)c1c(C)c(C)c(C)c(C)c1C,Cc1c(C)c(C)c([C@H](C)O)c(C)c1C,Ru,C[C@H](P(c1cc(cc(c1)C(C)C)C(C)C)c1cc(cc(c1)C(C)C)C(C)C)C[C@@H](P(c1cc(cc(c1)C(C)C)C(C)C)c1cc(cc(c1)C(C)C)C(C)C)C.NCc1ncc2c(c1)cccc2,CC(O)C,[O-1]C(C)(C)C.[K+],10.0,40.0,300.000030000003,2.421847391569362
CC(=O)c1c(C)c(C)c(C)c(C)c1C,Cc1c(C)c(C)c([C@H](C)O)c(C)c1C,Ru,C[C@H](P(c1cc(cc(c1)C(C)C)C(C)C)c1cc(cc(c1)C(C)C)C(C)C)C[C@@H](P(c1cc(cc(c1)C(C)C)C(C)C)c1cc(cc(c1)C(C)C)C(C)C)C.NCc1ncc2c(c1)cccc2,CC(O)C,[O-1]C(C)(C)C.[K+],50.0,40.0,300.000030000003,2.421847391569362
O=C1CCCc2ccccc21,O[C@H]1CCCc2ccccc21,Ru,Cc1cc(C)cc(c1)P(c1ccc2c(c1c1c3OCOc3ccc1P(c1cc(C)cc(c1)C)c1cc(C)cc(c1)C)OCO2)c1cc(C)cc(c1)C.COc1ccc(cc1)C(c1ccc(cc1)OC)([C@H](C(C)C)N)N,CCO.CC(O)C,[O-1]C(C)(C)C.[K+],10.0,15.0,2000.0,2.396145934612032
CC(=O)c1ccc(C)cc1,Cc1ccc([C@H](C)O)cc1,Ru,Clc1ccc2c(c1)c(cc(c2c1c(cc(c2c1ccc(c2)Cl)c1ccccc1)P(c1cc(C)cc(c1)C)c1cc(C)cc(c1)C)P(c1cc(C)cc(c1)C)c1cc(C)cc(c1)C)c1ccccc1.N[C@@H]([C@@H](c1ccccc1)N)c1ccccc1,CC(O)C,[O-1]C(C)(C)C.[K+],48.3,25.0,1000.0,2.38646469639803
O=C(c1ccccc1)C1CC1,O[C@H](c1ccccc1)C1CC1,Ru,Cc1ccc2c(c1)c(C)cc(c2c1c(cc(c2c1ccc(c2)C)C)P(c1cc(C)cc(c1)C)c1cc(C)cc(c1)C)P(c1cc(C)cc(c1)C)c1cc(C)cc(c1)C.N[C@@H]([C@@H](c1ccccc1)N)c1ccccc1,CC(O)C,[O-1]C(C)(C)C.[K+],48.3,25.0,1000.0,2.38646469639803
O=C(c1ccccc1)C1CC1,O[C@H](c1ccccc1)C1CC1,Ru,Cc1ccc2c(c1)c(C)cc(c2c1c(cc(c2c1ccc(c2)C)C)P(c1cc(C)cc(c1)C)c1cc(C)cc(c1)C)P(c1cc(C)cc(c1)C)c1cc(C)cc(c1)C.COc1ccc(cc1)C(c1ccc(cc1)OC)([C@@H](C(C)C)N)N,CC(O)C,[O-1]C(C)(C)C.[K+],48.3,25.0,1000.0,2.38646469639803
CC(=O)c1ccccc1,C[C@@H](O)c1ccccc1,Ru,Cc1cc(C)cc(c1)P(c1ccc2c(c1c1c(ccc3c1cccc3)P(c1cc(C)cc(c1)C)c1cc(C)cc(c1)C)cccc2)c1cc(C)cc(c1)C.COc1ccc(cc1)C(c1ccc(cc1)OC)([C@H](C(C)C)N)N,ClCCl,C1CCN2C(=NCCC2)CC1,10.0,35.0,1000.0,2.3831782650873348
CC(=O)c1ccc(C(C)(C)C)cc1,C[C@H](O)c1ccc(C(C)(C)C)cc1,Ru,OC1(CCCC1)c1cc(P(c2ccccc2)c2ccccc2)c(c2c1cccc2)c1c(cc(c2c1cccc2)C1(O)CCCC1)P(c1ccccc1)c1ccccc1.N[C@@H]([C@@H](c1ccccc1)N)c1ccccc1,CC(O)C,[O-1]C(C)(C)C.[K+],47.62,25.0,1000.0,2.369472316383481
CC(=O)c1ccccc1,C[C@@H](O)c1ccccc1,Ru,Cc1ccc(cc1)S(=O)(=O)c1ccc(cc1)S(=O)(=O)N[C@@H]([C@@H](c1ccccc1)NCCc1ccccc1)c1ccccc1,CO,,30.0,60.0,500.0,2.3606100784905366
CC(=O)c1ccc(C(C)(C)C)cc1,C[C@H](O)c1ccc(C(C)(C)C)cc1,Ru,Cc1cc(C)cc(c1)P(c1ccc2c(c1c1c(cc(c3c1cccc3)[Si](C)(C)C)P(c1cc(C)cc(c1)C)c1cc(C)cc(c1)C)cccc2)c1cc(C)cc(c1)C.COc1ccc(cc1)C(c1ccc(cc1)OC)([C@@H](C(C)C)N)N,CC(O)C,[O-1]C(C)(C)C.[K+],48.3,25.0,1000.0,2.3529371225669835
CCC(=O)C#C[Si](C)(C)C(C)(C)C,CC[C@H](O)C#C[Si](C)(C)C(C)(C)C,Ru,Cc1ccc(cc1)S(=O)(=O)N[C@H]([C@H](c1ccccc1)N)c1ccccc1,CO,,20.0,50.0,1000.0,2.3526062285854707
CC(=O)C#CC1CCCCC1,C[C@H](O)C#CC1CCCCC1,Ru,Cc1ccc(cc1)S(=O)(=O)N[C@H]([C@H](c1ccccc1)N)c1ccccc1,CO,,10.0,50.0,200.0,2.3526062285854707
CC(=O)C#C[Si](c1ccccc1)(c1ccccc1)C(C)(C)C,C[C@H](O)C#C[Si](c1ccccc1)(c1ccccc1)C(C)(C)C,Ru,Cc1ccc(cc1)S(=O)(=O)N[C@H]([C@H](c1ccccc1)N)c1ccccc1,CO,,10.0,50.0,1000.0,2.3526062285854707
CC(=O)C#C[Si](C)(C)C(C)(C)C,C[C@H](O)C#C[Si](C)(C)C(C)(C)C,Ru,Cc1ccc(cc1)S(=O)(=O)N[C@H]([C@H](c1ccccc1)N)c1ccccc1,CO,,50.0,50.0,5000.0,2.3526062285854707
O=C(CCN1CCN(c2ccccc2)CC1)c1ccccc1,O[C@H](CCN1CCN(c2ccccc2)CC1)c1ccccc1,Ru,Cc1cc(C)c(c(c1)C)[C@H](c1ccccc1)NCCP(c1ccccc1)c1ccccc1.CP(CCP(C)C)C,O=CN(C)C,[K+].[O-1]C,50.0,30.0,100.0,2.3445091386053076
CN(CCC(=O)c1ccccc1)Cc1ccccc1,CN(CC[C@@H](O)c1ccccc1)Cc1ccccc1,Ru,Cc1cc(C)c(c(c1)C)[C@H](c1ccc2c(c1)cccc2)NCCP(c1ccccc1)c1ccccc1.CP(CCP(C)C)C,C1CCCO1,[K+].[O-1]C,50.0,30.0,100.0,2.3445091386053076
O=C(CCN(Cc1ccccc1)Cc1ccccc1)c1ccccc1,O[C@H](CCN(Cc1ccccc1)Cc1ccccc1)c1ccccc1,Ru,Cc1cc(C)c(c(c1)C)[C@H](c1ccc2c(c1)cccc2)NCCP(c1ccccc1)c1ccccc1.CP(CCP(C)C)C,C1CCCO1,[K+].[O-1]C,50.0,30.0,100.0,2.3445091386053076
CC(C)(C)[Si](C)(C)C#CC(=O)CCl,CC(C)(C)[Si](C)(C)C#C[C@@H](O)CCl,Ru,Cc1ccc(cc1)S(=O)(=O)N[C@H]([C@H](c1ccccc1)N)c1ccccc1,CO,,10.0,30.0,200.0,2.3445091386053076
O=C(CCl)c1ccccc1,O[C@@H](CCl)c1ccccc1,Ru,Cc1ccc(cc1)S(=O)(=O)ONC(C(c1ccccc1)N)c1ccccc1.Cc1ccc(cc1)C(C)C,CO,,10.0,30.0,1004.1299866350299,2.3445091386053076
O=C(CCl)c1cccc(O)c1,Oc1cccc([C@@H](O)CCl)c1,Ru,Cc1ccc(cc1)S(=O)(=O)ONC(C(c1ccccc1)N)c1ccccc1.Cc1ccc(cc1)C(C)C,CO,,10.0,30.0,1000.0,2.3445091386053076
CCN(CC)CCC(=O)c1ccccc1,CCN(CC)CC[C@@H](O)c1ccccc1,Ru,Cc1cc(C)c(c(c1)C)[C@H](c1ccc2c(c1)cccc2)NCCP(c1ccccc1)c1ccccc1.CP(CCP(C)C)C,C1CCCO1,[K+].[O-1]C,50.0,30.0,100.0,2.3445091386053076
O=C(CCN1CCN(c2ccccc2)CC1)c1cccc(C(F)(F)F)c1,O[C@H](CCN1CCN(c2ccccc2)CC1)c1cccc(C(F)(F)F)c1,Ru,Cc1cc(C)c(c(c1)C)[C@H](c1ccc2c(c1)cccc2)NCCP(c1ccccc1)c1ccccc1.CP(CCP(C)C)C,C1CCCO1,[K+].[O-1]C,50.0,30.0,100.0,2.3445091386053076
O=C(CCN1CCN(c2ccccc2)CC1)c1ccccc1,O[C@H](CCN1CCN(c2ccccc2)CC1)c1ccccc1,Ru,Cc1cc(C)c(c(c1)C)[C@H](c1cccc(c1)F)NCCP(c1ccccc1)c1ccccc1.CP(CCP(C)C)C,C1CCCO1,[K+].[O-1]C,50.0,30.0,100.0,2.3445091386053076
Cc1cccc(C(=O)CCl)c1,Cc1cccc([C@@H](O)CCl)c1,Ru,Cc1ccc(cc1)S(=O)(=O)ONC(C(c1ccccc1)N)c1ccccc1.Cc1ccc(cc1)C(C)C,CO,,10.0,30.0,1000.0,2.3445091386053076
O=C(CCl)c1ccccc1,O[C@@H](CCl)c1ccccc1,Ru,Cc1ccc(cc1)S(=O)(=O)ONC(C(c1ccccc1)N)c1ccccc1.Cc1ccc(cc1)C(C)C,CO,,10.0,30.0,1879.9996240000753,2.3445091386053076
O=C(/C=C/c1ccccc1)c1ccccc1,O[C@@H](/C=C/c1ccccc1)c1ccccc1,Ru,Cc1ccc(cc1)P(c1ccc2c(c1c1c(ccc3c1cccc3)P(c1ccc(cc1)C)c1ccc(cc1)C)cccc2)c1ccc(cc1)C.N[C@H](c1ccccc1)CN(C)C,CC(O)C,[O-1]C(C)(C)C.[K+],8.0,30.0,1000.0,2.3445091386053076
O=C(CCl)c1ccc(Cl)cc1,O[C@@H](CCl)c1ccc(Cl)cc1,Ru,Cc1ccc(cc1)S(=O)(=O)ONC(C(c1ccccc1)N)c1ccccc1.Cc1cc(C)cc(c1)C,CO,,10.0,30.0,1000.0,2.3445091386053076
O=C(CCN1CCN(c2ccccc2)CC1)c1ccccc1,O[C@H](CCN1CCN(c2ccccc2)CC1)c1ccccc1,Ru,Cc1cc(C)c(c(c1)C)[C@H](c1cccc(c1)C(F)(F)F)NCCP(c1ccccc1)c1ccccc1.CP(CCP(C)C)C,C1CCCO1,[K+].[O-1]C,50.0,30.0,100.0,2.3445091386053076
O=C(CCN1CCN(c2ccccc2)CC1)c1ccccc1,O[C@H](CCN1CCN(c2ccccc2)CC1)c1ccccc1,Ru,COc1cc(C)c(c(c1)C)[C@H](c1ccccc1)NCCP(c1ccccc1)c1ccccc1.CP(CCP(C)C)C,C1CCCO1,[K+].[O-1]C,50.0,30.0,100.0,2.3445091386053076
CC(=O)c1ccccc1,C[C@H](O)c1ccccc1,Ru,Cc1cc(C)cc(c1)P(c1ccc2c(c1c1c(ccc3c1cccc3)P(c1cc(C)cc(c1)C)c1cc(C)cc(c1)C)cccc2)c1cc(C)cc(c1)C.COc1ccc(cc1)C(c1ccc(cc1)OC)([C@@H](C(C)C)N)N,CC(O)C,,10.0,25.0,1000.0,2.3368347188779626
O=C(c1ccccc1)C1CC1,O[C@H](c1ccccc1)C1CC1,Ru,Cc1cc(C)cc(c1)P(c1cc(c2c(c1c1c(cc(c3c1cccc3)[Si](C)(C)C)P(c1cc(C)cc(c1)C)c1cc(C)cc(c1)C)cccc2)[Si](C)(C)C)c1cc(C)cc(c1)C.COc1ccc(cc1)C(c1ccc(cc1)OC)([C@@H](C(C)C)N)N,CC(O)C,[O-1]C(C)(C)C.[K+],48.3,25.0,1000.0,2.3368347188779626
CC(=O)c1ccc(C(C)(C)C)cc1,C[C@H](O)c1ccc(C(C)(C)C)cc1,Ru,CCOP(=O)(c1cc(P(c2ccccc2)c2ccccc2)c(c2c1cccc2)c1c(cc(c2c1cccc2)P(=O)(OCC)OCC)P(c1ccccc1)c1ccccc1)OCC.N[C@@H]([C@@H](c1ccccc1)N)c1ccccc1,CC(O)C,[O-1]C(C)(C)C.[K+],47.62,25.0,1000.0,2.3368347188779626
O=C(c1ccccc1)c1ccccc1Br,O[C@@H](c1ccccc1)c1ccccc1Br,Ru,Cc1cc(C)cc(c1)P(c1ccc2c(c1c1c(ccc3c1cccc3)P(c1cc(C)cc(c1)C)c1cc(C)cc(c1)C)cccc2)c1cc(C)cc(c1)C.COc1ccc(cc1)C(c1ccc(cc1)OC)([C@H](C(C)C)N)N,CC(O)C,[O-1]C(C)(C)C.[K+],8.0,28.0,2000.0,2.3290414880124968
COC(OC)C(=O)c1ccccc1,COC(OC)[C@H](O)c1ccccc1,Ru,Cc1ccc(cc1)P(c1ccc2c(c1c1c(ccc3c1cccc3)P(c1ccc(cc1)C)c1ccc(cc1)C)cccc2)c1ccc(cc1)C.NC[C@@H](c1ccccc1)N,CC(O)C,[K+].[O-1]C(C)(C)C,8.0,27.5,2000.0,2.325174575364294
CCOC(OCC)C(=O)c1ccc(C)cc1,CCOC(OCC)[C@H](O)c1ccc(C)cc1,Ru,Cc1ccc(cc1)P(c1ccc2c(c1c1c(ccc3c1cccc3)P(c1ccc(cc1)C)c1ccc(cc1)C)cccc2)c1ccc(cc1)C.NC[C@@H](c1ccccc1)N,CC(O)C,[K+].[O-1]C(C)(C)C,8.0,27.5,1000.0,2.325174575364294
COC(OC)C(=O)c1ccccc1,COC(OC)[C@H](O)c1ccccc1,Ru,Cc1ccc(cc1)P(c1ccc2c(c1c1c(ccc3c1cccc3)P(c1ccc(cc1)C)c1ccc(cc1)C)cccc2)c1ccc(cc1)C.NC[C@@H](c1ccccc1)N,CC(O)C,[K+].[O-1]C(C)(C)C,1.5,27.5,500.0,2.325174575364294
COC(OC)C(=O)c1ccccc1,COC(OC)[C@H](O)c1ccccc1,Ru,Cc1ccc(cc1)P(c1ccc2c(c1c1c(ccc3c1cccc3)P(c1ccc(cc1)C)c1ccc(cc1)C)cccc2)c1ccc(cc1)C.NC[C@@H](c1ccccc1)N,CC(O)C,[K+].[O-1]C(C)(C)C,50.0,27.5,5000.0,2.325174575364294
CC(=O)c1ccc(C)cc1,Cc1ccc([C@H](C)O)cc1,Ru,Cc1ccc2c(c1)c(C)cc(c2c1c(cc(c2c1ccc(c2)C)C)P(c1cc(C)cc(c1)C)c1cc(C)cc(c1)C)P(c1cc(C)cc(c1)C)c1cc(C)cc(c1)C.N[C@@H]([C@@H](c1ccccc1)N)c1ccccc1,CC(O)C,[O-1]C(C)(C)C.[K+],48.3,25.0,1000.0,2.3211426106712203
CC(=O)c1ccc(Cl)cc1,C[C@H](O)c1ccc(Cl)cc1,Ru,C[Si](c1cc(P(c2ccccc2)c2ccccc2)c(c2c1cccc2)c1c(cc(c2c1cccc2)[Si](C)(C)C)P(c1ccccc1)c1ccccc1)(C)C.COc1ccc(cc1)C(c1ccc(cc1)OC)([C@@H](C(C)C)N)N,CC(O)C,[O-1]C(C)(C)C.[K+],47.62,25.0,1000.0,2.3211426106712203
CC(=O)c1ccc(Cl)cc1,C[C@H](O)c1ccc(Cl)cc1,Ru,Cc1ccc2c(c1)c(C)cc(c2c1c(cc(c2c1ccc(c2)C)C)P(c1cc(C)cc(c1)C)c1cc(C)cc(c1)C)P(c1cc(C)cc(c1)C)c1cc(C)cc(c1)C.N[C@@H]([C@@H](c1ccccc1)N)c1ccccc1,CC(O)C,[O-1]C(C)(C)C.[K+],48.3,25.0,1000.0,2.3211426106712203
Cc1ccccc1C(=O)c1ccccc1,Cc1ccccc1[C@H](O)c1ccccc1,Ru,COc1nc(OC)cc(c1c1c(OC)nc(cc1P(c1cc(C)cc(c1)C)c1cc(C)cc(c1)C)OC)P(c1cc(C)cc(c1)C)c1cc(C)cc(c1)C.N[C@@H]([C@@H](c1ccccc1)N)c1ccccc1,CC(O)C,[O-1]C(C)(C)C.[K+],20.41371802,27.5,2000.0,2.3101170324156284
CC(=O)/C=C/c1ccc(C)cc1,Cc1ccc(/C=C/[C@H](C)O)cc1,Ru,c1ccc(cc1)P(c1ccccc1Oc1ccccc1P(c1ccccc1)c1ccccc1)c1ccccc1.c1ccc2c(c1)[C@H](NC2)[C@@H]1NCc2c1cccc2,CC(O)C,[O-1]C(C)(C)C.[K+],10.0,25.0,1000.0,2.3058400121232805
COc1ccc(/C=C/C(C)=O)cc1,COc1ccc(/C=C/[C@H](C)O)cc1,Ru,c1ccc(cc1)P(c1ccccc1Oc1ccccc1P(c1ccccc1)c1ccccc1)c1ccccc1.c1ccc2c(c1)[C@H](NC2)[C@@H]1NCc2c1cccc2,CC(O)C,[O-1]C(C)(C)C.[K+],10.0,25.0,1000.0,2.3058400121232805
CC(=O)/C=C/c1ccccc1,C[C@H](O)/C=C/c1ccccc1,Ru,Cc1cc(C)cc(c1)P(c1cccc2c1[C@]1(CC2)CCc2c1c(ccc2)P(c1cc(C)cc(c1)C)c1cc(C)cc(c1)C)c1ccc(cc1C)C.N[C@@H]([C@@H](c1ccccc1)N)c1ccccc1,CC(O)C,[O-1]C(C)(C)C.[K+],50.0,25.0,5000.0,2.3058400121232805
O=C(CNC(=O)c1ccccc1)c1cccc(Cl)c1,O=C(NC[C@H](O)c1cccc(Cl)c1)c1ccccc1,Ru,C1C[C@@H]([C@@H](C1)P(c1ccccc1)c1ccccc1)[C@H]1CCC[C@H]1P(c1ccccc1)c1ccccc1.NCCSC(C)(C)C,CCCCO,[O-1]C(C)(C)C.[Na+],7.0,25.0,1000.0,2.3058400121232805
CC(C)C(=O)c1ccccc1,CC(C)[C@@H](O)c1ccccc1,Ru,OC[C@@H](NC(=O)CN[C@@H](C12C3[Fe]4567891(C2(C8C34)P(c1ccccc1)c1ccccc1)C1C5C6C9(C71)P(c1ccccc1)c1ccccc1)C)C,CC(O)C,[Na+].[O-1]C(C)(C)C,10.0,25.0,1000.0,2.3058400121232805
CC(C)(C)[Si](C)(C)C(=O)c1ccccc1,CC(C)(C)[Si](C)(C)[C@@H](O)c1ccccc1,Ru,Cc1ccc(cc1)P(c1ccc2c(c1c1c(ccc3c1cccc3)P(c1ccc(cc1)C)c1ccc(cc1)C)cccc2)c1ccc(cc1)C.NCc1ccccn1,CCO,C1CCN2C(=NCCC2)CC1,10.0,25.0,400.0,2.3058400121232805
CC(=O)c1ccccc1,C[C@H](O)c1ccccc1,Ru,CC1(C)O[C@@H]([C@H](O1)CP(c1ccccc1)c1ccccc1)CP(c1ccccc1)c1ccccc1.COc1ccc2c(c1)[nH]c(n2)[C@@H](N)C,Cc1ccccc1.CC(O)(C)C,[O-1]C(C)(C)C.[K+],4.0,25.0,1000.0,2.3058400121232805
CC(=O)c1cc(OCc2ccccc2)cc(OCc2ccccc2)c1,C[C@H](O)c1cc(OCc2ccccc2)cc(OCc2ccccc2)c1,Ru,CC1(C)O[C@@H]([C@H](O1)CP(c1ccccc1)c1ccccc1)CP(c1ccccc1)c1ccccc1.COc1ccc2c(c1)[nH]c(n2)[C@@H](N)C,Cc1ccccc1.CC(O)(C)C,[O-1]C(C)(C)C.[K+],8.0,25.0,5000.0,2.3058400121232805
COc1ccc2c(c1)C(=O)CCC2,COc1ccc2c(c1)[C@@H](O)CCC2,Ru,CC1(C)O[C@@H]([C@H](O1)CP(c1ccccc1)c1ccccc1)CP(c1ccccc1)c1ccccc1.COc1ccc2c(c1)[nH]c(n2)[C@@H](N)C,Cc1ccccc1.CC(O)(C)C,[O-1]C(C)(C)C.[K+],8.0,25.0,5000.0,2.3058400121232805
CC(=O)c1ccc(C)cc1,Cc1ccc([C@@H](C)O)cc1,Ru,c1ccc(cc1)c1cc2ccccc2c(c1NCc1ccccn1)c1c(NCc2ccccn2)c(cc2c1cccc2)c1ccccc1,CC(O)C,[O-1]C(C)(C)C.[K+],50.0,25.0,1000.0,2.3058400121232805
CC(=O)c1ccccc1,C[C@H](O)c1ccccc1,Ru,CC1(C)O[C@@H]([C@H](O1)CP(c1ccccc1)c1ccccc1)CP(c1ccccc1)c1ccccc1.NCc1nc2c([nH]1)cccc2,Cc1ccccc1.CC(O)(C)C,[O-1]C(C)(C)C.[K+],8.0,25.0,1000.0,2.3058400121232805
CC(=O)c1ccc(F)cc1,C[C@H](O)c1ccc(F)cc1,Ru,CC1(C)O[C@@H]([C@H](O1)CP(c1ccccc1)c1ccccc1)CP(c1ccccc1)c1ccccc1.COc1ccc2c(c1)[nH]c(n2)[C@@H](N)C,Cc1ccccc1.CC(O)(C)C,[O-1]C(C)(C)C.[K+],8.0,25.0,5000.0,2.3058400121232805
COc1ccc(C(C)=O)cc1,COc1ccc([C@H](C)O)cc1,Ru,CC1(C)O[C@@H]([C@H](O1)CP(c1ccccc1)c1ccccc1)CP(c1ccccc1)c1ccccc1.COc1ccc2c(c1)[nH]c(n2)[C@@H](N)C,Cc1ccccc1.CC(O)(C)C,[OH-1].[K+].c1ccc(cc1)P(c1ccccc1)c1ccccc1,8.0,25.0,10000.0,2.3058400121232805
O=C1CCCc2ccccc21,O[C@H]1CCCc2ccccc21,Ru,CC1(C)O[C@@H]([C@H](O1)CP(c1ccccc1)c1ccccc1)CP(c1ccccc1)c1ccccc1.NCc1nc2c([nH]1)cccc2,Cc1ccccc1.CC(O)(C)C,[O-1]C(C)(C)C.[K+].c1ccc(cc1)P(c1ccccc1)c1ccccc1,8.0,25.0,1000.0,2.3058400121232805
CC(=O)c1ccccc1,C[C@H](O)c1ccccc1,Ru,C[Si](c1cc(P(c2ccccc2)c2ccccc2)c(c2c1cccc2)c1c(cc(c2c1cccc2)[Si](C)(C)C)P(c1ccccc1)c1ccccc1)(C)C.N[C@@H]([C@@H](c1ccccc1)N)c1ccccc1,CC(O)C,[O-1]C(C)(C)C.[K+],47.62,25.0,1000.0,2.3058400121232805
COc1ccc(C(C)=O)cc1OC,COc1ccc([C@H](C)O)cc1OC,Ru,CC1(C)O[C@@H]([C@H](O1)CP(c1ccccc1)c1ccccc1)CP(c1ccccc1)c1ccccc1.COc1ccc2c(c1)[nH]c(n2)[C@@H](N)C,Cc1ccccc1.CC(O)(C)C,[O-1]C(C)(C)C.[K+],30.0,25.0,199999.99999999997,2.3058400121232805
CC(=O)c1cccc(Oc2ccccc2)c1,C[C@H](O)c1cccc(Oc2ccccc2)c1,Ru,CC1(C)O[C@@H]([C@H](O1)CP(c1ccccc1)c1ccccc1)CP(c1ccccc1)c1ccccc1.COc1ccc2c(c1)[nH]c(n2)[C@@H](N)C,Cc1ccccc1.CC(O)(C)C,[OH-1].[K+],8.0,25.0,10000.0,2.3058400121232805
CC(=O)c1ccccc1C,Cc1ccccc1[C@H](C)O,Ru,CC1(C)O[C@@H]([C@H](O1)CP(c1ccccc1)c1ccccc1)CP(c1ccccc1)c1ccccc1.NCc1nc2c([nH]1)cccc2,Cc1ccccc1.CC(O)(C)C,[O-1]C(C)(C)C.[K+].c1ccc(cc1)P(c1ccccc1)c1ccccc1,12.0,25.0,1000.0,2.3058400121232805
CC(=O)c1ccccc1,C[C@H](O)c1ccccc1,Ru,CC1(C)O[C@@H]([C@H](O1)CP(c1ccccc1)c1ccccc1)CP(c1ccccc1)c1ccccc1.COc1ccc2c(c1)[nH]c(n2)[C@@H](N)C,Cc1ccccc1.CC(O)(C)C,[O-1]C(C)(C)C.[Na+],8.0,25.0,1000.0,2.3058400121232805
COc1ccc(C(C)=O)cc1,COc1ccc([C@H](C)O)cc1,Ru,CC1(C)O[C@@H]([C@H](O1)CP(c1ccccc1)c1ccccc1)CP(c1ccccc1)c1ccccc1.COc1ccc2c(c1)[nH]c(n2)[C@@H](N)C,Cc1ccccc1.CC(O)(C)C,[OH-1].[K+],8.0,25.0,10000.0,2.3058400121232805
O=C(c1ccccc1)C1CCCCC1,O[C@@H](c1ccccc1)C1CCCCC1,Ru,OC[C@@H](NC(=O)CN[C@@H](C12C3[Fe]4567891(C2(C8C34)P(c1ccccc1)c1ccccc1)C1C5C6C9(C71)P(c1ccccc1)c1ccccc1)C)C,CC(O)C,[Na+].[O-1]C(C)(C)C,10.0,25.0,1000.0,2.3058400121232805
CC(=O)c1ccc(C)cc1,Cc1ccc([C@H](C)O)cc1,Ru,Brc1ccc2c(c1)[C@H](NC2)[C@H]1NCc2c1cc(Br)cc2.c1ccc(cc1)P(C12C3[Fe]4567892(C1C5C34)C1C6C7C9(C81)P(c1ccccc1)c1ccccc1)c1ccccc1,CCCO,[K+].[O-1]C(C)(C)C,10.0,25.0,1000.0,2.3058400121232805
CC(=O)c1ccccc1,C[C@H](O)c1ccccc1,Ru,CC1(C)O[C@@H]([C@H](O1)CP(c1ccccc1)c1ccccc1)CP(c1ccccc1)c1ccccc1.COc1ccc2c(c1)[nH]c(n2)[C@@H](N)C,Cc1ccccc1.CC(O)(C)C,[O-1]C(C)(C)C.[K+],8.0,25.0,10000.0,2.3058400121232805
CC(=O)c1ccccc1Br,C[C@@H](O)c1ccccc1Br,Ru,COc1nc(OC)cc(c1c1c(OC)nc(cc1P(c1ccc(cc1)OC)c1ccc(cc1)OC)OC)P(c1ccc(cc1)OC)c1ccc(cc1)OC.COc1ccc(cc1)C(c1ccc(cc1)OC)([C@H](C(C)C)N)N,CC(O)C,[K+].[OH-1],30.0,25.0,2000.0,2.3058400121232805
CC(=O)c1ccccc1,C[C@H](O)c1ccccc1,Ru,CC1(C)O[C@@H]([C@H](O1)CP(c1ccccc1)c1ccccc1)CP(c1ccccc1)c1ccccc1.C[C@@H](c1nc2c([nH]1)cccc2)N,Cc1ccccc1.CC(O)(C)C,[O-1]C(C)(C)C.[K+],8.0,25.0,1000.0,2.3058400121232805
CC(=O)c1ccccc1,C[C@H](O)c1ccccc1,Ru,CC1(C)O[C@@H]([C@H](O1)CP(c1ccccc1)c1ccccc1)CP(c1ccccc1)c1ccccc1.COc1ccc2c(c1)[nH]c(n2)[C@H](C(C)C)N,Cc1ccccc1.CC(O)(C)C,[O-1]C(C)(C)C.[K+],8.0,25.0,1000.0,2.3058400121232805
CC(=O)c1ccccc1,C[C@H](O)c1ccccc1,Ru,CC1(C)O[C@@H]([C@H](O1)CP(c1ccccc1)c1ccccc1)CP(c1ccccc1)c1ccccc1.N[C@@H](C(C)(C)C)c1nc2c([nH]1)cccc2,Cc1ccccc1.CC(O)(C)C,[O-1]C(C)(C)C.[K+],8.0,25.0,1000.0,2.3058400121232805
CC(=O)c1ccccc1,C[C@@H](O)c1ccccc1,Ru,Cc1cc(C)cc(c1)P(c1cc(C)c(c(c1c1c(C)c(C)c(cc1P(c1cc(C)cc(c1)C)c1cc(C)cc(c1)C)C)C)C)c1cc(C)cc(c1)C.N[C@H]1CCCC[C@@H]1N,CC(O)C.CC(O)(C)C,[O-1]C(C)(C)C.[K+],8.17,25.0,3030.3030303030305,2.3058400121232805
CCOC(OCC)C(=O)c1ccc(C)cc1,CCOC(OCC)[C@H](O)c1ccc(C)cc1,Ru,Cc1ccc(cc1)P(c1ccc2c(c1c1c(ccc3c1cccc3)P(c1ccc(cc1)C)c1ccc(cc1)C)cccc2)c1ccc(cc1)C.N[C@H](c1ccccc1)CN(C)C,CC(O)C,[K+].[O-1]C(C)(C)C,8.0,25.0,1000.0,2.3058400121232805
CCOC(OCC)C(=O)c1ccccc1,CCOC(OCC)[C@H](O)c1ccccc1,Ru,Cc1ccc(cc1)P(c1ccc2c(c1c1c(ccc3c1cccc3)P(c1ccc(cc1)C)c1ccc(cc1)C)cccc2)c1ccc(cc1)C.N[C@H](c1ccccc1)CN(C)C,CC(O)C,[K+].[O-1]C(C)(C)C,8.0,25.0,2000.0,2.3058400121232805
CCOC(OCC)C(=O)c1ccccc1,CCOC(OCC)[C@H](O)c1ccccc1,Ru,Cc1ccc(cc1)P(c1ccc2c(c1c1c(ccc3c1cccc3)P(c1ccc(cc1)C)c1ccc(cc1)C)cccc2)c1ccc(cc1)C.N[C@H](c1ccccc1)CN(C)C,CC(O)C,[K+].[O-1]C(C)(C)C,50.0,25.0,5000.0,2.3058400121232805
O=C1CCCC2=C1C=CC2,O[C@@H]1CCCC2=C1C=CC2,Ru,Cc1ccc(cc1)P(c1ccc2c(c1c1c(ccc3c1cccc3)P(c1ccc(cc1)C)c1ccc(cc1)C)cccc2)c1ccc(cc1)C.C[C@H]([C@H]1OC(O[C@@H]1[C@H](N)C)(C)C)N,CC(O)C,[O-1]C(C)(C)C.[K+],9.0,25.0,12004.801920768306,2.3058400121232805
CC1=CC(C)(C)CCC1=O,CC1=CC(C)(C)CC[C@H]1O,Ru,Cc1ccc(cc1)P(c1ccc2c(c1c1c(ccc3c1cccc3)P(c1ccc(cc1)C)c1ccc(cc1)C)cccc2)c1ccc(cc1)C.C[C@H]([C@H]1OC(O[C@@H]1[C@H](N)C)(C)C)N,CC(O)C,[O-1]C(C)(C)C.[K+],9.0,25.0,10000.0,2.3058400121232805
CCOC(OCC)C(=O)c1ccccc1,CCOC(OCC)[C@H](O)c1ccccc1,Ru,Cc1ccc(cc1)P(c1ccc2c(c1c1c(ccc3c1cccc3)P(c1ccc(cc1)C)c1ccc(cc1)C)cccc2)c1ccc(cc1)C.N[C@H](c1ccccc1)CN(C)C,CC(O)C,[K+].[O-1]C(C)(C)C,1.5,25.0,500.0,2.3058400121232805
CC(=O)c1ccccn1,C[C@H](O)c1ccccn1,Ru,Cc1ccccc1[C@H](c1ccccn1)N[C@H](C12C3[Fe]4567891(C2(C8C34)P(c1ccccc1)c1ccccc1)C1C5C6C9(C71)P(c1ccccc1)c1ccccc1)C,COC(C)(C)C,C1CN=C2N(C1)CCC2,50.0,25.0,33.333333333333336,2.3058400121232805
COc1cccc(C(=O)[Si](C)(C)C(C)(C)C)c1,COc1cccc([C@H](O)[Si](C)(C)C(C)(C)C)c1,Ru,Cc1ccc(cc1)P(c1ccc2c(c1c1c(ccc3c1cccc3)P(c1ccc(cc1)C)c1ccc(cc1)C)cccc2)c1ccc(cc1)C.NCc1ccccn1,CCO,[O-1]C(C)(C)C.[K+],10.0,25.0,1000.0,2.3058400121232805
COc1ccc(C(=O)[Si](C)(C)C(C)(C)C)cc1,COc1ccc([C@H](O)[Si](C)(C)C(C)(C)C)cc1,Ru,Cc1ccc(cc1)P(c1ccc2c(c1c1c(ccc3c1cccc3)P(c1ccc(cc1)C)c1ccc(cc1)C)cccc2)c1ccc(cc1)C.NCc1ccccn1,CCO,[O-1]C(C)(C)C.[K+],10.0,25.0,500.0,2.3058400121232805
CC(=O)c1ncccc1F,C[C@H](O)c1ncccc1F,Ru,Cc1ccccc1[C@H](c1ccccn1)N[C@H](C12C3[Fe]4567891(C2(C8C34)P(c1ccccc1)c1ccccc1)C1C5C6C9(C71)P(c1ccccc1)c1ccccc1)C,COC(C)(C)C,C1CN=C2N(C1)CCC2,50.0,25.0,33.333333333333336,2.3058400121232805
C[Si](C)(C(=O)c1ccccc1)c1ccccc1,C[Si](C)(c1ccccc1)[C@@H](O)c1ccccc1,Ru,Cc1ccc(cc1)P(c1ccc2c(c1c1c(ccc3c1cccc3)P(c1ccc(cc1)C)c1ccc(cc1)C)cccc2)c1ccc(cc1)C.NCc1ccccn1,CCO,[O-1]C(C)(C)C.[K+],10.0,25.0,900.0000900000091,2.3058400121232805
CC(C)(C)[Si](C)(C)C(=O)c1ccc(F)cc1,CC(C)(C)[Si](C)(C)[C@@H](O)c1ccc(F)cc1,Ru,Cc1ccc(cc1)P(c1ccc2c(c1c1c(ccc3c1cccc3)P(c1ccc(cc1)C)c1ccc(cc1)C)cccc2)c1ccc(cc1)C.NCc1ccccn1,CCO,[O-1]C(C)(C)C.[K+],10.0,25.0,1600.0,2.3058400121232805
CN(C)CCC(=O)c1cccs1,CN(C)CC[C@H](O)c1cccs1,Ru,C1C[C@@H]([C@@H](C1)P(c1ccccc1)c1ccccc1)[C@H]1CCC[C@H]1P(c1ccccc1)c1ccccc1.NCC(N)(C)C,CCO,[O-1]C(C)(C)C.[Na+],7.0,25.0,2000.0,2.3058400121232805
CC(C)(C)[Si](C)(C)C(=O)c1ccccc1,CC(C)(C)[Si](C)(C)[C@@H](O)c1ccccc1,Ru,Cc1ccc(cc1)P(c1ccc2c(c1c1c(ccc3c1cccc3)P(c1ccc(cc1)C)c1ccc(cc1)C)cccc2)c1ccc(cc1)C.NCc1ccccn1,CCO,[O-1]C(C)(C)C.[K+],10.0,25.0,2000.0,2.3058400121232805
CC(C)(C)[Si](C)(C)C(=O)c1ccccc1,CC(C)(C)[Si](C)(C)[C@@H](O)c1ccccc1,Ru,Cc1ccc(cc1)P(c1ccc2c(c1c1c(ccc3c1cccc3)P(c1ccc(cc1)C)c1ccc(cc1)C)cccc2)c1ccc(cc1)C.NCc1ccccn1,CCO,[OH-1].[K+],10.0,25.0,1600.0,2.3058400121232805
COc1cccc(C(=O)c2cc(Cl)ccc2N)c1OC,COc1cccc([C@@H](O)c2cc(Cl)ccc2N)c1OC,Ru,CN(c1c(C)cc(cc1C)P(c1ccc2c(c1c1c(ccc3c1cccc3)P(c1cc(C)c(c(c1)C)N(C)C)c1cc(C)c(c(c1)C)N(C)C)cccc2)c1cc(C)c(c(c1)C)N(C)C)C.N[C@H]([C@H](c1ccccc1)N)c1ccccc1,CC(O)C.C1CCCO1,[OH-1].[K+],4.0,43.0,1000.0,2.3016446206631493
CC(=O)c1ccccc1,C[C@H](O)c1ccccc1,Ru,Cc1ccc(cc1)S(=O)(=O)c1ccc(cc1)S(=O)(=O)N[C@H]([C@H](c1ccccc1)NCCc1ccccc1)c1ccccc1,CO,,30.0,60.0,1000.0,2.3013013598722036
CN(C)CCC(=O)c1ccccc1,CN(C)CC[C@H](O)c1ccccc1,Ru,Cc1cc(C)cc(c1)P(c1ccc2c(c1c1c(ccc3c1cccc3)P(c1cc(C)cc(c1)C)c1cc(C)cc(c1)C)cccc2)c1cc(C)cc(c1)C.COc1ccc(cc1)C(c1ccc(cc1)OC)([C@@H](C(C)C)N)N,CC(O)C,[O-1]C(C)(C)C.[K+],48.3,25.0,1000.0,2.290907677414667
O=C(c1ccccc1)C1CC1,O[C@H](c1ccccc1)C1CC1,Ru,Cc1cc(C)cc(c1)P(c1cc(c2c(c1c1c(cc(c3c1cccc3)[Si](C)(C)C)P(c1cc(C)cc(c1)C)c1cc(C)cc(c1)C)cccc2)[Si](C)(C)C)c1cc(C)cc(c1)C.N[C@@H]([C@@H](c1ccccc1)N)c1ccccc1,CC(O)C,[O-1]C(C)(C)C.[K+],48.3,25.0,1000.0,2.290907677414667
CC(=O)c1c(C)coc1C,Cc1coc(C)c1[C@H](C)O,Ru,C[C@H](P(c1cc(cc(c1)C(C)C)C(C)C)c1cc(cc(c1)C(C)C)C(C)C)C[C@@H](P(c1cc(cc(c1)C(C)C)C(C)C)c1cc(cc(c1)C(C)C)C(C)C)C.NCc1ncc2c(c1)cccc2,CC(O)C,[O-1]C(C)(C)C.[K+],10.0,40.0,1000.0,2.2798039315535825
CCOc1cccc(OCC)c1C(C)=O,CCOc1cccc(OCC)c1[C@H](C)O,Ru,C[C@H](P(c1cc(cc(c1)C(C)C)C(C)C)c1cc(cc(c1)C(C)C)C(C)C)C[C@@H](P(c1cc(cc(c1)C(C)C)C(C)C)c1cc(cc(c1)C(C)C)C(C)C)C.NCc1ncc2c(c1)cccc2,CC(O)C,[O-1]C(C)(C)C.[K+],10.0,40.0,500.0,2.2798039315535825
CC(=O)c1ccccc1,C[C@H](O)c1ccccc1,Ru,CC1(C)O[C@@H]([C@H](O1)CP(c1ccccc1)c1ccccc1)CP(c1ccccc1)c1ccccc1.COc1ccc2c(c1)[nH]c(n2)[C@@H](N)C,Cc1ccccc1.CC(O)(C)C,[O-1]C(C)(C)C.[K+],8.0,40.0,1000.0,2.2798039315535825
COc1ccc(C(C)=O)cc1,COc1ccc([C@H](C)O)cc1,Ru,C[Si](c1cc(P(c2ccccc2)c2ccccc2)c(c2c1cccc2)c1c(cc(c2c1cccc2)[Si](C)(C)C)P(c1ccccc1)c1ccccc1)(C)C.N[C@@H]([C@@H](c1ccccc1)N)c1ccccc1,CC(O)C,[O-1]C(C)(C)C.[K+],47.62,25.0,1000.0,2.276327752257976
CC(=O)c1ccc(Cl)cc1,C[C@H](O)c1ccc(Cl)cc1,Ru,OP(=O)(c1cc(P(c2ccccc2)c2ccccc2)c(c2c1cccc2)c1c(cc(c2c1cccc2)P(=O)(O)O)P(c1ccccc1)c1ccccc1)O.N[C@@H]([C@@H](c1ccccc1)N)c1ccccc1,CC(O)C,[O-1]C(C)(C)C.[K+],47.62,25.0,1000.0,2.276327752257976
CC(C)(C)/C=C/C(=O)c1ccccc1,CC(C)(C)/C=C/[C@H](O)c1ccccc1,Ru,Cc1ccc(cc1)P(c1ccc2c(c1c1c(ccc3c1cccc3)P(c1ccc(cc1)C)c1ccc(cc1)C)cccc2)c1ccc(cc1)C.N[C@H](c1ccccc1)CN(C)C,CC(O)C,[O-1]C(C)(C)C.[K+],8.0,0.0,1000.0,2.271411632966429
CC(=O)c1ccccc1I,C[C@H](O)c1ccccc1I,Ru,Brc1ccccc1p1oc2ccc3c(c2c2c(o1)ccc1c2cccc1)cccc3.N[C@@H]1CCCC[C@H]1N,CC(O)C,[O-1]C(C)(C)C.[K+],80.0,0.0,200.0,2.271411632966429
O=C(/C=C/c1ccccc1)c1ccccc1F,O[C@@H](/C=C/c1ccccc1)c1ccccc1F,Ru,Cc1ccc(cc1)P(c1ccc2c(c1c1c(ccc3c1cccc3)P(c1ccc(cc1)C)c1ccc(cc1)C)cccc2)c1ccc(cc1)C.N[C@H](c1ccccc1)CN(C)C,CC(O)C,[O-1]C(C)(C)C.[K+].c1ccc(cc1)P(c1ccccc1)c1ccccc1,8.0,0.0,1000.0,2.271411632966429
Cc1ccc(/C=C/C(=O)c2ccccc2)cc1,Cc1ccc(/C=C/[C@H](O)c2ccccc2)cc1,Ru,Cc1ccc(cc1)P(c1ccc2c(c1c1c(ccc3c1cccc3)P(c1ccc(cc1)C)c1ccc(cc1)C)cccc2)c1ccc(cc1)C.N[C@H](c1ccccc1)CN(C)C,CC(O)C,[O-1]C(C)(C)C.[K+],8.0,0.0,1000.0,2.271411632966429
O=C(/C=C/c1ccccc1)c1ccccc1,O[C@@H](/C=C/c1ccccc1)c1ccccc1,Ru,Cc1ccc(cc1)P(c1ccc2c(c1c1c(ccc3c1cccc3)P(c1ccc(cc1)C)c1ccc(cc1)C)cccc2)c1ccc(cc1)C.N[C@H](c1ccccc1)CN(C)C,CC(O)C,[O-1]C(C)(C)C.[K+],40.0,0.0,10000.0,2.271411632966429
O=C(/C=C/c1ccc(Cl)cc1)c1ccccc1,O[C@@H](/C=C/c1ccc(Cl)cc1)c1ccccc1,Ru,Cc1ccc(cc1)P(c1ccc2c(c1c1c(ccc3c1cccc3)P(c1ccc(cc1)C)c1ccc(cc1)C)cccc2)c1ccc(cc1)C.N[C@H](c1ccccc1)CN(C)C,CC(O)C,[O-1]C(C)(C)C.[K+],8.0,0.0,1000.0,2.271411632966429
CC(=O)c1ccccc1Br,C[C@H](O)c1ccccc1Br,Ru,Brc1ccccc1p1oc2ccc3c(c2c2c(o1)ccc1c2cccc1)cccc3.N[C@@H]1CCCC[C@H]1N,CC(O)C,[O-1]C(C)(C)C.[K+],80.0,0.0,300.3003003003003,2.271411632966429
CC(=O)c1ccccc1I,C[C@H](O)c1ccccc1I,Ru,Brc1ccccc1p1oc2ccc3c(c2c2c(o1)ccc1c2cccc1)cccc3.N[C@@H]1CCCC[C@H]1N,CC(O)C,[O-1]C(C)(C)C.[K+],80.0,0.0,300.3003003003003,2.271411632966429
CC(=O)c1cc(C)sc1C,Cc1cc([C@@H](C)O)c(C)s1,Ru,Brc1ccccc1p1oc2ccc3c(c2c2c(o1)ccc1c2cccc1)cccc3.N[C@H]([C@H](c1ccccc1)N)c1ccccc1,CC(O)C,[O-1]C(C)(C)C.[K+],80.0,0.0,300.3003003003003,2.271411632966429
O=C(/C=C/c1ccccc1)c1ccccc1,O[C@@H](/C=C/c1ccccc1)c1ccccc1,Ru,Cc1ccc(cc1)P(c1ccc2c(c1c1c(ccc3c1cccc3)P(c1ccc(cc1)C)c1ccc(cc1)C)cccc2)c1ccc(cc1)C.N[C@H](c1ccccc1)CN(C)C,CC(O)C,[O-1]C(C)(C)C.[K+],8.0,0.0,1000.0,2.271411632966429
CC(=O)c1ccccc1Cl,C[C@@H](O)c1ccccc1Cl,Ru,c1ccc(cc1)P(c1ccc2c(c1c1c(ccc3c1cccc3)P(c1ccccc1)c1ccccc1)cccc2)c1ccccc1.CN[C@H]1CCCC[C@@H]1NC,CC(O)C,[OH-1].[K+],30.0,20.0,3003.003003003003,2.2671708856412534
CCC(=O)c1ccccc1,CC[C@H](O)c1ccccc1,Ru,CCOP(=O)(c1cc(P(c2ccccc2)c2ccccc2)c(c2c1cccc2)c1c(cc(c2c1cccc2)P(=O)(OCC)OCC)P(c1ccccc1)c1ccccc1)OCC.N[C@@H]([C@@H](c1ccccc1)N)c1ccccc1,CC(O)C,[O-1]C(C)(C)C.[K+],47.62,25.0,1000.0,2.2620836428984004
O=C(Cc1ccccc1)c1ccccc1,O[C@@H](Cc1ccccc1)c1ccccc1,Ru,Cc1ccc2c(c1)c(C)cc(c2c1c(cc(c2c1ccc(c2)C)C)P(c1cc(C)cc(c1)C)c1cc(C)cc(c1)C)P(c1cc(C)cc(c1)C)c1cc(C)cc(c1)C.N[C@@H]([C@@H](c1ccccc1)N)c1ccccc1,CC(O)C,[O-1]C(C)(C)C.[K+],48.3,25.0,1000.0,2.2620836428984004
CCCCC(=O)c1ccccc1,CCCC[C@H](O)c1ccccc1,Ru,Cc1cc(C)cc(c1)P(c1cc2CCc3ccc(CCc1cc2)cc3P(c1cc(C)cc(c1)C)c1cc(C)cc(c1)C)c1cc(C)cc(c1)C.N[C@@H]([C@@H](c1ccccc1)N)c1ccccc1,CC(O)C,[K+].[O-1]C(C)(C)C,5.5,19.0,3000.003000003,2.259437060344848
CC(=O)/C=C/c1ccccc1,C[C@@H](O)/C=C/c1ccccc1,Ru,c1ccc(cc1)P(c1cc2CCc3ccc(CCc1cc2)cc3P(c1ccccc1)c1ccccc1)c1ccccc1.N[C@@H]1CCCC[C@H]1N,CC(O)C,[K+].[O-1]C(C)(C)C,5.5,19.0,3000.003000003,2.259437060344848
CC(=O)c1cccs1,C[C@H](O)c1cccs1,Ru,Cc1cc(C)cc(c1)P(c1cc2CCc3ccc(CCc1cc2)cc3P(c1cc(C)cc(c1)C)c1cc(C)cc(c1)C)c1cc(C)cc(c1)C.N[C@@H]([C@@H](c1ccccc1)N)c1ccccc1,CC(O)C,[K+].[O-1]C(C)(C)C,5.5,19.0,3000.003000003,2.259437060344848
CC(=O)c1ccncc1,C[C@H](O)c1ccncc1,Ru,Cc1cc(C)cc(c1)P(c1cc2CCc3ccc(CCc1cc2)cc3P(c1cc(C)cc(c1)C)c1cc(C)cc(c1)C)c1cc(C)cc(c1)C.N[C@@H]([C@@H](c1ccccc1)N)c1ccccc1,CC(O)C,[K+].[O-1]C(C)(C)C,5.5,19.0,1000.0,2.259437060344848
CC(=O)c1ccco1,C[C@@H](O)c1ccco1,Ru,Cc1cc(C)cc(c1)P(c1cc2CCc3ccc(CCc1cc2)cc3P(c1cc(C)cc(c1)C)c1cc(C)cc(c1)C)c1cc(C)cc(c1)C.N[C@H]([C@H](c1ccccc1)N)c1ccccc1,CC(O)C,[K+].[O-1]C(C)(C)C,5.5,19.0,3000.003000003,2.259437060344848
CC(=O)c1ccccc1,C[C@H](O)c1ccccc1,Ru,Cc1ccc(cc1)S(=O)(=O)c1ccc(cc1)S(=O)(=O)N[C@H]([C@H](c1ccccc1)NCCc1ccccc1)c1ccccc1,CO,,30.0,60.0,500.0,2.246601751346152
COc1ccc(C(C)=O)cc1,COc1ccc([C@H](C)O)cc1,Ru,CCCCCN[C@H](c1ccnc2c1cccc2)[C@H]1CC2CCN1CC2C=C.C1CCC(CC1)P(C1CCCCC1)C1CCCCC1,CCO,[Ba+2].[OH-1].[OH-1],60.0,30.0,1000.0,2.2452026827447695
CN(C)CCC(=O)c1ccccc1,CN(C)CC[C@H](O)c1ccccc1,Ru,Cc1ccc2c(c1)c(C)cc(c2c1c(cc(c2c1ccc(c2)C)C)P(c1cc(C)cc(c1)C)c1cc(C)cc(c1)C)P(c1cc(C)cc(c1)C)c1cc(C)cc(c1)C.COc1ccc(cc1)C(c1ccc(cc1)OC)([C@@H](C(C)C)N)N,CC(O)C,[O-1]C(C)(C)C.[K+],48.3,25.0,1000.0,2.234542116617342
COc1ccc(C#CC(C)=O)cc1,COc1ccc(C#C[C@H](C)O)cc1,Ru,Cc1ccc(cc1)S(=O)(=O)N[C@H]([C@H](c1ccccc1)N)c1ccccc1,CO,,10.0,50.0,200.0,2.2322243267077972
O=C(CCl)c1ccccc1,O[C@@H](CCl)c1ccccc1,Ru,Cc1ccc(cc1)S(=O)(=O)c1ccc(cc1)S(=O)(=O)N[C@H]([C@H](c1ccccc1)NCCc1ccccc1)c1ccccc1,CO,,75.0,50.0,200.0,2.2322243267077972
CC(=O)c1ccccc1,C[C@H](O)c1ccccc1,Ru,Cc1ccc(cc1)S(=O)(=O)c1ccc(cc1)S(=O)(=O)N[C@H]([C@H](c1ccccc1)NCCc1ccccc1)c1ccccc1,CO,,30.0,50.0,250.0,2.2322243267077972
CC(=O)C(F)(F)F,C[C@@H](O)C(F)(F)F,Ru,Cc1ccc(cc1)S(=O)(=O)c1ccc(cc1)S(=O)(=O)N[C@H]([C@H](c1ccccc1)NCCc1ccccc1)c1ccccc1,CO,O,30.0,50.0,500.0,2.2322243267077972
CC(=O)c1ccc(C)cc1,Cc1ccc([C@H](C)O)cc1,Ru,C[Si](c1cc(P(c2ccccc2)c2ccccc2)c(c2c1cccc2)c1c(cc(c2c1cccc2)[Si](C)(C)C)P(c1ccccc1)c1ccccc1)(C)C.N[C@@H]([C@@H](c1ccccc1)N)c1ccccc1,CC(O)C,[O-1]C(C)(C)C.[K+],47.62,25.0,1000.0,2.221216834840771
COc1ccc(C(C)=O)cc1,COc1ccc([C@H](C)O)cc1,Ru,OP(=O)(c1cc(P(c2ccccc2)c2ccccc2)c(c2c1cccc2)c1c(cc(c2c1cccc2)P(=O)(O)O)P(c1ccccc1)c1ccccc1)O.N[C@@H]([C@@H](c1ccccc1)N)c1ccccc1,CC(O)C,[O-1]C(C)(C)C.[K+],47.62,25.0,1000.0,2.221216834840771
CC(=O)c1ccc(C(C)(C)C)cc1,C[C@H](O)c1ccc(C(C)(C)C)cc1,Ru,OC(c1cc(P(c2ccccc2)c2ccccc2)c(c2c1cccc2)c1c(cc(c2c1cccc2)C(c1ccccc1)(c1ccccc1)O)P(c1ccccc1)c1ccccc1)(c1ccccc1)c1ccccc1.N[C@@H]([C@@H](c1ccccc1)N)c1ccccc1,CC(O)C,[O-1]C(C)(C)C.[K+],47.62,25.0,1000.0,2.221216834840771
CC(=O)c1ccccc1,C[C@H](O)c1ccccc1,Ru,COc1ccccc1P(c1ccccc1OC)c1ccccc1OC.C=CC1CN2CCC1CC2[C@@H](c1ccnc2c1cccc2)N,CCCO,[Li+].[OH-1],60.0,25.0,500.0,2.2081714658101697
CC(C)(C)OC(=O)NCCCC(=O)c1ccccc1,CC(C)(C)OC(=O)NCCC[C@@H](O)c1ccccc1,Ru,Cc1cc(C)c(c(c1)C)[C@H](c1ccccc1)NCCP(c1ccccc1)c1ccccc1.CP(CCP(C)C)C,C1CCCO1,[K+].[O-1]C,50.0,30.0,100.0,2.2070016345216943
O=C(CCNc1ccc(Br)cc1)c1ccccc1,O[C@H](CCNc1ccc(Br)cc1)c1ccccc1,Ru,Cc1cc(C)c(c(c1)C)[C@H](c1ccccc1)NCCP(c1ccccc1)c1ccccc1.CP(CCP(C)C)C,C1CCCO1,[K+].[O-1]C,50.0,30.0,100.0,2.2070016345216943
O=C(CCl)c1ccccc1Cl,O[C@@H](CCl)c1ccccc1Cl,Ru,Cc1ccc(cc1)S(=O)(=O)ONC(C(c1ccccc1)N)c1ccccc1.Cc1ccc(cc1)C(C)C,CO,,10.0,30.0,519.9999792000008,2.2070016345216943
COc1ccc(C(=O)CCl)cc1,COc1ccc([C@@H](O)CCl)cc1,Ru,Cc1ccc(cc1)S(=O)(=O)ONC(C(c1ccccc1)N)c1ccccc1.Cc1ccc(cc1)C(C)C,CO,,10.0,30.0,1000.0,2.2070016345216943
O=C(CCl)c1ccccc1,O[C@@H](CCl)c1ccccc1,Ru,Cc1ccc(cc1)S(=O)(=O)ONC(C(c1ccccc1)N)c1ccccc1.Cc1ccc(cc1)C(C)C,CO,[O-1][Cl](=O)(=O)=O.[Na+],10.0,30.0,1879.9996240000753,2.2070016345216943
O=C(CCl)c1ccccc1,O[C@@H](CCl)c1ccccc1,Ru,Cc1ccc(cc1)S(=O)(=O)ONC(C(c1ccccc1)N)c1ccccc1.Cc1ccc(cc1)C(C)C,CO,,20.0,30.0,666.6666666666666,2.2070016345216943
Cc1ccc(C(=O)CCl)cc1,Cc1ccc([C@@H](O)CCl)cc1,Ru,Cc1ccc(cc1)S(=O)(=O)ONC(C(c1ccccc1)N)c1ccccc1.Cc1ccc(cc1)C(C)C,CO,,10.0,30.0,1000.0,2.2070016345216943
O=C(CCl)c1ccccc1,O[C@@H](CCl)c1ccccc1,Ru,Cc1ccc(cc1)S(=O)(=O)ONC(C(c1ccccc1)N)c1ccccc1.Cc1ccc(cc1)C(C)C,CO,,100.0,30.0,2666.6666666666665,2.2070016345216943
O=C(CCN1CCN(c2ccccc2)CC1)c1ccc(C(F)(F)F)cc1,O[C@H](CCN1CCN(c2ccccc2)CC1)c1ccc(C(F)(F)F)cc1,Ru,Cc1cc(C)c(c(c1)C)[C@H](c1ccc2c(c1)cccc2)NCCP(c1ccccc1)c1ccccc1.CP(CCP(C)C)C,C1CCCO1,[K+].[O-1]C,50.0,30.0,100.0,2.2070016345216943
COc1cccc(C(=O)c2cc(Cl)ccc2N)c1OC,COc1cccc([C@@H](O)c2cc(Cl)ccc2N)c1OC,Ru,CN(c1c(C)cc(cc1C)P(c1ccc2c(c1c1c(ccc3c1cccc3)P(c1cc(C)c(c(c1)C)N(C)C)c1cc(C)c(c(c1)C)N(C)C)cccc2)c1cc(C)c(c(c1)C)N(C)C)C.N[C@H]([C@H](c1ccccc1)N)c1ccccc1,CC(O)C.C1CCCO1,[OH-1].[K+],1.0,30.0,1000.0,2.2070016345216943
CC(=O)c1ccccc1,C[C@H](O)c1ccccc1,Ru,Cc1ccc(cc1)S(=O)(=O)c1ccc(cc1)S(=O)(=O)N[C@H]([C@H](c1ccccc1)NCCc1ccccc1)c1ccccc1,CO,,30.0,60.0,2000.0,2.1958267290922393
CC(=O)c1ccc(C(C)(C)C)cc1,C[C@H](O)c1ccc(C(C)(C)C)cc1,Ru,Ic1cc(P(c2ccccc2)c2ccccc2)c(c2c1cccc2)c1c(cc(c2c1cccc2)I)P(c1ccccc1)c1ccccc1.N[C@@H]([C@@H](c1ccccc1)N)c1ccccc1,CC(O)C,[O-1]C(C)(C)C.[K+],47.62,25.0,1000.0,2.195394215697701
CCC(=O)c1ccccc1,CC[C@H](O)c1ccccc1,Ru,OC(c1cc(P(c2ccccc2)c2ccccc2)c(c2c1cccc2)c1c(cc(c2c1cccc2)C(c1ccccc1)(c1ccccc1)O)P(c1ccccc1)c1ccccc1)(c1ccccc1)c1ccccc1.N[C@@H]([C@@H](c1ccccc1)N)c1ccccc1,CC(O)C,[O-1]C(C)(C)C.[K+],47.62,25.0,1000.0,2.195394215697701
CC(=O)c1ccccc1F,C[C@H](O)c1ccccc1F,Ru,COc1ccccc1P(c1ccccc1OC)c1ccccc1OC.C=CC1CN2CCC1CC2[C@@H](c1ccnc2c1cccc2)N,CCCO,[Li+].[OH-1],60.0,30.0,250.0,2.194763129712816
O=C(c1ccccc1)[C]12[CH]3[CH]4[CH]5[CH]1[Fe]45321678[CH]2[CH]1[CH]6[CH]7[CH]28,O[C@@H](c1ccccc1)[C]12[CH]3[CH]4[CH]5[CH]1[Fe]45321678[CH]2[CH]1[CH]6[CH]7[CH]28,Ru,Cc1ccc(cc1)P(c1ccc2c(c1c1c(ccc3c1cccc3)P(c1ccc(cc1)C)c1ccc(cc1)C)cccc2)c1ccc(cc1)C.COc1ccc(cc1)C(c1ccc(cc1)OC)([C@H](C(C)C)N)N,CC(O)C.Cc1ccccc1,[O-1]C(C)(C)C.[K+],8.0,28.0,2000.0,2.1924411751153166
CC(C)C(=O)c1ccccc1,CC(C)[C@H](O)c1ccccc1,Ru,Cc1ccc(cc1)P(c1ccc2c(c1c1c(ccc3c1cccc3)P(c1ccc(cc1)C)c1ccc(cc1)C)cccc2)c1ccc(cc1)C.NC[C@@H](c1ccccc1)N,CC(O)C,[K+].[O-1]C(C)(C)C,8.0,27.5,2000.0,2.1888010602637222
COCC(=O)c1ccc(C(F)(F)F)cc1,COC[C@@H](O)c1ccc(C(F)(F)F)cc1,Ru,COc1c(C)cc(cc1C)P([C@H]1CCC[C@H]1[C@@H]1CCC[C@@H]1P(c1cc(C)c(c(c1)C)OC)c1cc(C)c(c(c1)C)OC)c1cc(C)c(c(c1)C)OC.NCCSC(C)(C)C,CCCCO,[O-1]C(C)(C)C.[Na+],7.0,-10.0,500.0,2.1882554318693606
COc1cccc(C(=O)c2cc(Cl)ccc2N)c1OC,COc1cccc([C@@H](O)c2cc(Cl)ccc2N)c1OC,Ru,Cc1cc(C)cc(c1)P(c1ccc2c(c1c1c(ccc3c1cccc3)P(c1cc(C)cc(c1)C)c1cc(C)cc(c1)C)cccc2)c1cc(C)cc(c1)C.N[C@H]([C@H](c1ccccc1)N)c1ccccc1,CC(O)C.C1CCCO1,[OH-1].[K+],4.0,43.0,1000.0,2.1838704034927128
O=C(c1ccccc1)C1CC1,O[C@H](c1ccccc1)C1CC1,Ru,Cc1cc(C)cc(c1)P(c1ccc2c(c1c1c(cc(c3c1cccc3)[Si](C)(C)C)P(c1cc(C)cc(c1)C)c1cc(C)cc(c1)C)cccc2)c1cc(C)cc(c1)C.COc1ccc(cc1)C(c1ccc(cc1)OC)([C@@H](C(C)C)N)N,CC(O)C,[O-1]C(C)(C)C.[K+],48.3,25.0,1000.0,2.1828740202873127
CC(=O)c1ccccc1,C[C@H](O)c1ccccc1,Ru,COc1ccccc1P(c1ccccc1OC)c1ccccc1OC.C=CC1CN2CCC1CC2[C@@H](c1ccnc2c1cccc2)N,CCCO,[Li+].[OH-1],60.0,30.0,250.0,2.1709717843732625
CCC(=O)c1ccc(C)cc1,CC[C@@H](O)c1ccc(C)cc1,Ru,OC[C@@H](NC(=O)CN[C@@H](C12C3[Fe]4567891(C2(C8C34)P(c1ccccc1)c1ccccc1)C1C5C6C9(C71)P(c1ccccc1)c1ccccc1)C)C,CC(O)C,[Na+].[O-1]C(C)(C)C,10.0,25.0,1000.0,2.1706004860057497
CCC(=O)c1cccc(OC)c1,CC[C@@H](O)c1cccc(OC)c1,Ru,OC[C@@H](NC(=O)CN[C@@H](C12C3[Fe]4567891(C2(C8C34)P(c1ccccc1)c1ccccc1)C1C5C6C9(C71)P(c1ccccc1)c1ccccc1)C)C,CC(O)C,[Na+].[O-1]C(C)(C)C,10.0,25.0,1000.0,2.1706004860057497
CCCC(=O)c1ccccc1,CCC[C@H](O)c1ccccc1,Ru,Cc1ccc(cc1)P(c1ccc2c(c1c1c(ccc3c1cccc3)P(c1ccc(cc1)C)c1ccc(cc1)C)cccc2)c1ccc(cc1)C.N[C@H](c1ccccc1)CN(C)C,CC(O)C,[K+].[O-1]C(C)(C)C,8.0,25.0,500.0,2.1706004860057497
CC(C)(C)[Si](C)(C)C(=O)c1ccccc1,CC(C)(C)[Si](C)(C)[C@@H](O)c1ccccc1,Ru,Cc1ccc(cc1)P(c1ccc2c(c1c1c(ccc3c1cccc3)P(c1ccc(cc1)C)c1ccc(cc1)C)cccc2)c1ccc(cc1)C.NCc1ccccn1,CCO,[O-1]C(C)(C)C.[K+],10.0,25.0,10000.0,2.1706004860057497
CC(C)C(=O)c1ccccc1,CC(C)[C@H](O)c1ccccc1,Ru,Cc1ccc(cc1)P(c1ccc2c(c1c1c(ccc3c1cccc3)P(c1ccc(cc1)C)c1ccc(cc1)C)cccc2)c1ccc(cc1)C.N[C@H](c1ccccc1)CN(C)C,CC(O)C,[K+].[O-1]C(C)(C)C,8.0,25.0,2000.0,2.1706004860057497
CC(=O)c1ccc(Br)cc1,C[C@H](O)c1ccc(Br)cc1,Ru,Brc1ccc2c(c1)[C@H](NC2)[C@H]1NCc2c1cc(Br)cc2.c1ccc(cc1)P(C12C3[Fe]4567892(C1C5C34)C1C6C7C9(C81)P(c1ccccc1)c1ccccc1)c1ccccc1,CCCO,[K+].[O-1]C(C)(C)C,10.0,25.0,1000.0,2.1706004860057497
CCCCCCC(=O)/C=C(\C)c1ccc(C)cc1,CCCCCC[C@H](O)/C=C(\C)c1ccc(C)cc1,Ru,c1ccc(cc1)P(c1ccccc1Oc1ccccc1P(c1ccccc1)c1ccccc1)c1ccccc1.c1ccc2c(c1)[C@H](NC2)[C@@H]1NCc2c1cccc2,CC(O)C,[O-1]C(C)(C)C.[K+],10.0,25.0,1000.0,2.1706004860057497
Cc1cc(C)c2c(c1)C(=O)CCC2,Cc1cc(C)c2c(c1)[C@H](O)CCC2,Ru,c1ccc(cc1)P(c1ccc2c(c1c1c(ccc3c1cccc3)P(c1ccccc1)c1ccccc1)cccc2)c1ccccc1.C[C@H]([C@H]1OC(O[C@@H]1[C@H](N)C)(C)C)N,CC(O)C,[O-1]C(C)(C)C.[K+],9.0,25.0,3300.0033000033004,2.1706004860057497
CC(=O)c1ccc(Cl)cc1,C[C@H](O)c1ccc(Cl)cc1,Ru,Brc1ccc2c(c1)[C@H](NC2)[C@H]1NCc2c1cc(Br)cc2.c1ccc(cc1)P(C12C3[Fe]4567892(C1C5C34)C1C6C7C9(C81)P(c1ccccc1)c1ccccc1)c1ccccc1,CCCO,[K+].[O-1]C(C)(C)C,10.0,25.0,1000.0,2.1706004860057497
CC(=O)c1cccc(C)c1,Cc1cccc([C@H](C)O)c1,Ru,Brc1ccc2c(c1)[C@H](NC2)[C@H]1NCc2c1cc(Br)cc2.c1ccc(cc1)P(C12C3[Fe]4567892(C1C5C34)C1C6C7C9(C81)P(c1ccccc1)c1ccccc1)c1ccccc1,CCCO,[K+].[O-1]C(C)(C)C,50.0,25.0,1000.0,2.1706004860057497
O=C1CN2CCC1CC2,O[C@H]1CN2CCC1CC2,Ru,c1ccc(cc1)P(c1ccc2c(c1c1c(ccc3c1cccc3)P(c1ccccc1)c1ccccc1)cccc2)c1ccccc1.C[C@H](CC[C@H](N)C)N,CC(O)C,[K+].[O-1]C(C)(C)C,80.0,25.0,20000.0,2.1706004860057497
CC(=O)c1ccccc1,C[C@H](O)c1ccccc1,Ru,Brc1ccc2c(c1)[C@H](NC2)[C@H]1NCc2c1cc(Br)cc2.c1ccc(cc1)P(c1ccccc1Oc1ccccc1P(c1ccccc1)c1ccccc1)c1ccccc1,CCCO,[K+].[O-1]C(C)(C)C,50.0,25.0,1000.0,2.1706004860057497
CC(=O)c1ccc(F)cc1,C[C@H](O)c1ccc(F)cc1,Ru,Brc1ccc2c(c1)[C@H](NC2)[C@H]1NCc2c1cc(Br)cc2.c1ccc(cc1)P(C12C3[Fe]4567892(C1C5C34)C1C6C7C9(C81)P(c1ccccc1)c1ccccc1)c1ccccc1,CCCO,[K+].[O-1]C(C)(C)C,10.0,25.0,1000.0,2.1706004860057497
O=C1CCc2ccccc21,O[C@H]1CCc2ccccc21,Ru,Brc1ccc2c(c1)[C@H](NC2)[C@H]1NCc2c1cc(Br)cc2.c1ccc(cc1)P(C12C3[Fe]4567892(C1C5C34)C1C6C7C9(C81)P(c1ccccc1)c1ccccc1)c1ccccc1,CCCO,[K+].[O-1]C(C)(C)C,10.0,25.0,1000.0,2.1706004860057497
O=C1CCOc2ccccc21,O[C@@H]1CCOc2ccccc21,Ru,COC[C@@H](N[C@@H](C[C@H](P(c1ccccc1)c1ccccc1)C)C)C,CC(O)C,[K+].[O-1]C(C)(C)C,70.0,25.0,200.0,2.1706004860057497
CC(=O)c1ccccc1,C[C@@H](O)c1ccccc1,Ru,N(CC1=NC2C(O1)Cc1c2cccc1)CC1=NC2C(O1)Cc1c2cccc1,CC(O)C,[O-1]C(C)(C)C.[K+],5.0,25.0,100.0,2.1706004860057497
CC(=O)c1ccccc1,C[C@H](O)c1ccccc1,Ru,CC1(C)O[C@@H]([C@H](O1)CP(c1ccccc1)c1ccccc1)CP(c1ccccc1)c1ccccc1.N[C@H](c1nc2c([nH]1)cccc2)C(C)C,Cc1ccccc1.CC(O)(C)C,[O-1]C(C)(C)C.[K+],8.0,25.0,1000.0,2.1706004860057497
CC(=O)c1ccccc1C,Cc1ccccc1[C@@H](C)O,Ru,N(CC1=NC2C(O1)Cc1c2cccc1)CC1=NC2C(O1)Cc1c2cccc1,CC(O)C,[O-1]C(C)(C)C.[K+],5.0,25.0,1000.0,2.1706004860057497
CC(=O)C1CCCCC1,C[C@@H](O)C1CCCCC1,Ru,N(CC1=NC2C(O1)Cc1c2cccc1)CC1=NC2C(O1)Cc1c2cccc1,CC(O)C,[O-1]C(C)(C)C.[K+],5.0,25.0,100.0,2.1706004860057497
O=C1CN2CCC1CC2,O[C@H]1CN2CCC1CC2,Ru,c1ccc(cc1)P(c1ccc2c(c1c1c(ccc3c1cccc3)P(c1ccccc1)c1ccccc1)cccc2)c1ccccc1.C[C@H](CC[C@H](N)C)N,CC(O)C,[K+].[O-1]C(C)(C)C,20.0,25.0,10000.0,2.1706004860057497
CC(=O)c1ccccc1,C[C@@H](O)c1ccccc1,Ru,N(CC1=NC2C(O1)Cc1c2cccc1)CC1=NC2C(O1)Cc1c2cccc1,CCO,[O-1]C(C)(C)C.[K+],30.0,25.0,100.0,2.1706004860057497
CC(=O)c1ccccc1,C[C@@H](O)c1ccccc1,Ru,N(CC1=NC2C(O1)Cc1c2cccc1)CC1=NC2C(O1)Cc1c2cccc1,ClCCl,[O-1]C(C)(C)C.[K+],30.0,25.0,100.0,2.1706004860057497
CC(=O)c1cccc(C)c1,Cc1cccc([C@@H](C)O)c1,Ru,N(CC1=NC2C(O1)Cc1c2cccc1)CC1=NC2C(O1)Cc1c2cccc1,CC(O)C,[O-1]C(C)(C)C.[K+],5.0,25.0,100.0,2.1706004860057497
CC(=O)c1cccc(C(F)(F)F)c1,C[C@@H](O)c1cccc(C(F)(F)F)c1,Ru,Cc1cc(C)cc(c1)P(c1cc(C)c(c(c1c1c(C)c(C)c(cc1P(c1cc(C)cc(c1)C)c1cc(C)cc(c1)C)C)C)C)c1cc(C)cc(c1)C.N[C@H]1CCCC[C@@H]1N,CC(O)C.CC(O)(C)C,[O-1]C(C)(C)C.[K+],8.17,25.0,3030.3030303030305,2.1706004860057497
CC(=O)c1cccc(C)c1,Cc1cccc([C@@H](C)O)c1,Ru,OC[C@@H](NC(=O)CN[C@@H](C12C3[Fe]4567891(C2(C8C34)P(c1ccccc1)c1ccccc1)C1C5C6C9(C71)P(c1ccccc1)c1ccccc1)C)C,CC(O)C,[Na+].[O-1]C(C)(C)C,10.0,25.0,1000.0,2.1706004860057497
CC(=O)c1ccccc1,C[C@H](O)c1ccccc1,Ru,FC(c1ccc(cc1)c1ccc2c(c1)[C@H](NC2)[C@H]1NCc2c1cc(cc2)c1ccc(cc1)C(F)(F)F)(F)F.c1ccc(cc1)P(C12C3[Fe]4567892(C1C5C34)C1C6C7C9(C81)P(c1ccccc1)c1ccccc1)c1ccccc1,CCCO,[K+].[O-1]C(C)(C)C,10.0,25.0,1000.0,2.1706004860057497
CC(=O)c1ccco1,C[C@H](O)c1ccco1,Ru,c1ccc2c(c1)[C@H](NC2)[C@H]1NCc2c1cccc2.c1ccc(cc1)P(c1ccccc1)c1ccccc1,CC(O)C,[K+].[O-1]C(C)(C)C,50.0,25.0,,2.1706004860057497
COc1ccc(C(C)=O)cc1,COc1ccc([C@H](C)O)cc1,Ru,Brc1ccc2c(c1)[C@H](NC2)[C@H]1NCc2c1cc(Br)cc2.c1ccc(cc1)P(C12C3[Fe]4567892(C1C5C34)C1C6C7C9(C81)P(c1ccccc1)c1ccccc1)c1ccccc1,CCCO,[K+].[O-1]C(C)(C)C,10.0,25.0,1000.0,2.1706004860057497
CC(C)(C)[Si](C)(C)C(=O)c1ccccc1,CC(C)(C)[Si](C)(C)[C@@H](O)c1ccccc1,Ru,Cc1ccc(cc1)P(c1ccc2c(c1c1c(ccc3c1cccc3)P(c1ccc(cc1)C)c1ccc(cc1)C)cccc2)c1ccc(cc1)C.NCc1ccccn1,CCO,[O-1]C(=O)[O-1].[K+].[K+],10.0,25.0,30.000000300000004,2.1706004860057497
CC(=O)c1cccc2ccccc12,C[C@H](O)c1cccc2ccccc12,Ru,O=C(c1ccccc1P(c1ccccc1)c1ccccc1)c1ccccc1P(c1ccccc1)c1ccccc1.NC(C(c1ccccc1)N)c1ccccc1,CCO,[O-1]C(C)(C)C.[K+],20.0,25.0,1000.0,2.1706004860057497
O=C(CNC(=O)c1ccccc1)c1ccccc1,O=C(NC[C@H](O)c1ccccc1)c1ccccc1,Ru,Cc1cc(C)cc(c1)P(c1ccc2c(c1c1c(ccc3c1cccc3)P(c1cc(C)cc(c1)C)c1cc(C)cc(c1)C)cccc2)c1cc(C)cc(c1)C.COc1ccc(cc1)C(c1ccc(cc1)OC)(C(C(C)C)N)N,CC(O)C,[O-1]C(C)(C)C.[K+],8.0,25.0,10000.0,2.1706004860057497
CC(=O)c1ccc2ccccc2c1,C[C@@H](O)c1ccc2ccccc2c1,Ru,c1ccc(cc1)c1cc2ccccc2c(c1NCc1ccccn1)c1c(NCc2ccccn2)c(cc2c1cccc2)c1ccccc1,CC(O)C,[O-1]C(C)(C)C.[K+],50.0,25.0,1000.0,2.1706004860057497
CC(=O)/C=C/c1ccc(Br)cc1,C[C@H](O)/C=C/c1ccc(Br)cc1,Ru,c1ccc(cc1)P(c1ccccc1Oc1ccccc1P(c1ccccc1)c1ccccc1)c1ccccc1.c1ccc2c(c1)[C@H](NC2)[C@@H]1NCc2c1cccc2,CC(O)C,[O-1]C(C)(C)C.[K+],10.0,25.0,1000.0,2.1706004860057497
O=C1/C(=C/c2ccccc2)CCc2ccccc21,O[C@@H]1/C(=C/c2ccccc2)CCc2ccccc21,Ru,c1ccc(cc1)P(c1ccccc1Oc1ccccc1P(c1ccccc1)c1ccccc1)c1ccccc1.c1ccc2c(c1)[C@H](NC2)[C@@H]1NCc2c1cccc2,CC(O)C,[O-1]C(C)(C)C.[K+],10.0,25.0,1000.0,2.1706004860057497
CC(=O)/C=C/c1ccccc1,C[C@H](O)/C=C/c1ccccc1,Ru,c1ccc(cc1)P(c1ccccc1Oc1ccccc1P(c1ccccc1)c1ccccc1)c1ccccc1.c1ccc2c(c1)[C@H](NC2)[C@@H]1NCc2c1cccc2,CC(O)C,[O-1]C(C)(C)C.[K+],10.0,25.0,1000.0,2.1706004860057497
CCCCCCC(=O)/C=C/c1ccccc1,CCCCCC[C@H](O)/C=C/c1ccccc1,Ru,c1ccc(cc1)P(c1ccccc1Oc1ccccc1P(c1ccccc1)c1ccccc1)c1ccccc1.c1ccc2c(c1)[C@H](NC2)[C@@H]1NCc2c1cccc2,CC(O)C,[O-1]C(C)(C)C.[K+],10.0,25.0,1000.0,2.1706004860057497
CCCCCC(=O)[Si](C)(C)C(C)(C)C,CCCCC[C@H](O)[Si](C)(C)C(C)(C)C,Ru,Cc1ccc(cc1)P(c1ccc2c(c1c1c(ccc3c1cccc3)P(c1ccc(cc1)C)c1ccc(cc1)C)cccc2)c1ccc(cc1)C.NCc1ncc(c(c1)C(C)(C)C)C(C)(C)C,CCO,[O-1]C(C)(C)C.[K+],10.0,25.0,500.0,2.1706004860057497
CC(=O)/C=C/c1ccccc1,C[C@H](O)/C=C/c1ccccc1,Ru,Cc1cc(C)cc(c1)P(c1ccc2c(c1c1c(ccc3c1cccc3)P(c1cc(C)cc(c1)C)c1cc(C)cc(c1)C)cccc2)c1cc(C)cc(c1)C.COc1ccc(cc1)C(c1ccc(cc1)OC)([C@@H](C(C)C)N)N,Cc1ccccc1,C1CN2CCN1CC2,10.0,25.0,1000.0,2.1706004860057497
CC(=O)c1c(C)c(C)c(C)c(C)c1C,Cc1c(C)c(C)c([C@H](C)O)c(C)c1C,Ru,C[C@H](P(c1cc(cc(c1)C(C)C)C(C)C)c1cc(cc(c1)C(C)C)C(C)C)C[C@@H](P(c1cc(cc(c1)C(C)C)C(C)C)c1cc(cc(c1)C(C)C)C(C)C)C.NCc1ncc(cc1C)C,CC(O)C,[O-1]C(C)(C)C.[K+],10.0,40.0,200.0,2.1631472935433904
CC(=O)c1ccccc1,C[C@H](O)c1ccccc1,Ru,Cc1ccc(cc1)S(=O)(=O)c1ccc(cc1)S(=O)(=O)N[C@H]([C@H](c1ccccc1)NCCc1ccccc1)c1ccccc1,CO,,30.0,40.0,100.0,2.1631472935433904
COc1ccc(C(C)=O)cc1,COc1ccc([C@H](C)O)cc1,Ru,Cc1cc(C)cc(c1)P(c1ccc2c(c1c1c(cc(c3c1cccc3)[Si](C)(C)C)P(c1cc(C)cc(c1)C)c1cc(C)cc(c1)C)cccc2)c1cc(C)cc(c1)C.COc1ccc(cc1)C(c1ccc(cc1)OC)([C@@H](C(C)C)N)N,CC(O)C,[O-1]C(C)(C)C.[K+],48.3,25.0,1000.0,2.1585638367932574
CC(=O)c1ccc(C(C)(C)C)cc1,C[C@H](O)c1ccc(C(C)(C)C)cc1,Ru,Brc1cc(P(c2ccccc2)c2ccccc2)c(c2c1cccc2)c1c(cc(c2c1cccc2)Br)P(c1ccccc1)c1ccccc1.N[C@@H]([C@@H](c1ccccc1)N)c1ccccc1,CC(O)C,[O-1]C(C)(C)C.[K+],47.62,25.0,1000.0,2.1467548661334983
CC(=O)c1ccccc1,C[C@H](O)c1ccccc1,Ru,COc1ccccc1P(c1ccccc1OC)c1ccccc1OC.C=CC1CN2CCC1CC2[C@@H](c1ccnc2c1cccc2)N,CCCCO,[Li+].[OH-1],60.0,25.0,500.0,2.135164893652938
CC(=O)CO,C[C@@H](O)CO,Ru,Cc1cc(C)cc(c1)P(c1ccc2c(c1c1c(ccc3c1cccc3)P(c1cc(C)cc(c1)C)c1cc(C)cc(c1)C)cccc2)c1cc(C)cc(c1)C.COc1ccc(cc1)C(c1ccc(cc1)OC)([C@H](C(C)C)N)N,CO,C1CCN2C(=NCCC2)CC1,15.0,20.0,1492.5373134328358,2.134199337489806
O=C(CO)c1ccccc1,OC[C@@H](O)c1ccccc1,Ru,Cc1cc(C)cc(c1)P(c1ccc2c(c1c1c(ccc3c1cccc3)P(c1cc(C)cc(c1)C)c1cc(C)cc(c1)C)cccc2)c1cc(C)cc(c1)C.COc1ccc(cc1)C(c1ccc(cc1)OC)([C@H](C(C)C)N)N,CO,C1CCN2C(=NCCC2)CC1,10.0,20.0,2000.0,2.134199337489806
CCCCCCCCCC(=O)C#C[Si](C)(C)C,CCCCCCCCC[C@H](O)C#C[Si](C)(C)C,Ru,Cc1ccc(cc1)S(=O)(=O)N[C@H]([C@H](c1ccccc1)N)c1ccccc1,CO,,10.0,50.0,200.0,2.1299156761403486
CC(=O)c1ccccc1,C[C@H](O)c1ccccc1,Ru,CC1(C)O[C@@H]([C@H](O1)CP(c1ccccc1)c1ccccc1)CP(c1ccccc1)c1ccccc1.COc1ccc2c(c1)[nH]c(n2)[C@@H](N)C,Cc1ccccc1.CC(O)(C)C,[O-1]C(C)(C)C.[K+],8.0,50.0,1000.0,2.1299156761403486
CC(=O)c1ccccc1,C[C@@H](O)c1ccccc1,Ru,Cc1cc(C)cc(c1)P(c1ccc2c(c1c1c(ccc3c1cccc3)P(c1cc(C)cc(c1)C)c1cc(C)cc(c1)C)cccc2)c1cc(C)cc(c1)C.COc1ccc(cc1)C(c1ccc(cc1)OC)([C@H](C(C)C)N)N,CO,[O-1]C(C)(C)C.[K+],50.0,35.0,33003.300330033,2.128608776961187
CC(=O)c1ccccc1Br,C[C@H](O)c1ccccc1Br,Ru,COc1ccccc1P(c1ccccc1OC)c1ccccc1OC.C=CC1CN2CCC1CC2[C@@H](c1ccnc2c1cccc2)N,CCCO,[Li+].[OH-1],60.0,30.0,250.0,2.1151139535978047
O=C(/C=C/c1ccccc1)c1ccc(F)cc1,O[C@@H](/C=C/c1ccccc1)c1ccc(F)cc1,Ru,Cc1ccc(cc1)P(c1ccc2c(c1c1c(ccc3c1cccc3)P(c1ccc(cc1)C)c1ccc(cc1)C)cccc2)c1ccc(cc1)C.N[C@H](c1ccccc1)CN(C)C,CC(O)C,[O-1]C(C)(C)C.[K+],8.0,0.0,1000.0,2.112494379713145
CC(=O)c1ccccc1,C[C@H](O)c1ccccc1,Ru,COc1ccccc1P(c1ccccc1OC)c1ccccc1OC.C=CC1CN2CCC1CC2[C@@H](c1ccnc2c1cccc2)N,CCCO,[Na+].[OH-1],60.0,25.0,500.0,2.1016292523548796
O=C(CCl)c1cccc(Cl)c1,O[C@@H](CCl)c1cccc(Cl)c1,Ru,Cc1ccc(cc1)S(=O)(=O)ONC(C(c1ccccc1)N)c1ccccc1.Cc1ccc(cc1)C(C)C,CO,,10.0,30.0,1000.0,2.094070260378984
COC(=O)c1ccc(C(=O)CCl)cc1,COC(=O)c1ccc([C@@H](O)CCl)cc1,Ru,Cc1ccc(cc1)S(=O)(=O)ONC(C(c1ccccc1)N)c1ccccc1.Cc1ccc(cc1)C(C)C,CO,,10.0,30.0,1000.0,2.094070260378984
O=C(CCNc1ccccc1Br)c1ccccc1,O[C@H](CCNc1ccccc1Br)c1ccccc1,Ru,Cc1cc(C)c(c(c1)C)[C@H](c1ccccc1)NCCP(c1ccccc1)c1ccccc1.CP(CCP(C)C)C,C1CCCO1,[K+].[O-1]C,50.0,30.0,100.0,2.094070260378984
Cc1cccc(NCCC(=O)c2ccccc2)c1,Cc1cccc(NCC[C@@H](O)c2ccccc2)c1,Ru,Cc1cc(C)c(c(c1)C)[C@H](c1ccccc1)NCCP(c1ccccc1)c1ccccc1.CP(CCP(C)C)C,C1CCCO1,[K+].[O-1]C,50.0,30.0,100.0,2.094070260378984
COc1ccccc1NCCC(=O)c1ccccc1,COc1ccccc1NCC[C@@H](O)c1ccccc1,Ru,Cc1cc(C)c(c(c1)C)[C@H](c1ccccc1)NCCP(c1ccccc1)c1ccccc1.CP(CCP(C)C)C,C1CCCO1,[K+].[O-1]C,50.0,30.0,100.0,2.094070260378984
O=C(CCNc1ccccc1)c1ccccc1,O[C@H](CCNc1ccccc1)c1ccccc1,Ru,Cc1cc(C)c(c(c1)C)[C@H](c1ccccc1)NCCP(c1ccccc1)c1ccccc1.CP(CCP(C)C)C,C1CCCO1,[K+].[O-1]C,50.0,30.0,100.0,2.094070260378984
COc1ccc(NCCC(=O)c2ccccc2)cc1,COc1ccc(NCC[C@@H](O)c2ccccc2)cc1,Ru,Cc1cc(C)c(c(c1)C)[C@H](c1ccccc1)NCCP(c1ccccc1)c1ccccc1.CP(CCP(C)C)C,C1CCCO1,[K+].[O-1]C,50.0,30.0,100.0,2.094070260378984
O=C(CCN1CCN(c2ccccc2)CC1)c1ccccc1,O[C@H](CCN1CCN(c2ccccc2)CC1)c1ccccc1,Ru,CC(c1cc(cc(c1[C@H](c1ccccc1)NCCP(c1ccccc1)c1ccccc1)C(C)C)C(C)C)C.CP(CCP(C)C)C,C1CCCO1,[K+].[O-1]C,50.0,30.0,100.0,2.094070260378984
CC(=O)Oc1ccc(C(C)=O)cc1,CC(=O)Oc1ccc([C@H](C)O)cc1,Ru,Cc1cc(C)cc(c1)P(c1ccc2c(c1c1c(ccc3c1cccc3)P(c1cc(C)cc(c1)C)c1cc(C)cc(c1)C)cccc2)c1cc(C)cc(c1)C.COc1ccc(cc1)C(c1ccc(cc1)OC)([C@@H](C(C)C)N)N,Cc1ccccc1,C1CN2CCN1CC2,10.0,40.0,1000.0,2.092229172593992
CC(=O)c1ccccc1,C[C@@H](O)c1ccccc1,Ru,Cc1ccc(cc1)S(=O)(=O)c1ccc(cc1)S(=O)(=O)N[C@@H]([C@@H](c1ccccc1)NCCc1ccccc1)c1ccccc1,CO,,30.0,50.0,500.0,2.083945164717179
CCC(=O)c1ccccc1,CC[C@H](O)c1ccccc1,Ru,OP(=O)(c1cc(P(c2ccccc2)c2ccccc2)c(c2c1cccc2)c1c(cc(c2c1cccc2)P(=O)(O)O)P(c1ccccc1)c1ccccc1)O.N[C@@H]([C@@H](c1ccccc1)N)c1ccccc1,CC(O)C,[O-1]C(C)(C)C.[K+],47.62,25.0,1000.0,2.0802283531756074
CC(=O)c1ccc2ccccc2c1,C[C@H](O)c1ccc2ccccc2c1,Ru,Cc1ccc2c(c1)c(C)cc(c2c1c(cc(c2c1ccc(c2)C)C)P(c1cc(C)cc(c1)C)c1cc(C)cc(c1)C)P(c1cc(C)cc(c1)C)c1cc(C)cc(c1)C.N[C@@H]([C@@H](c1ccccc1)N)c1ccccc1,CC(O)C,[O-1]C(C)(C)C.[K+],48.3,25.0,1000.0,2.0697950123805064
CC(=O)c1ccccc1,C[C@H](O)c1ccccc1,Ru,CCOP(=O)(c1cc(P(c2ccccc2)c2ccccc2)c(c2c1cccc2)c1c(cc(c2c1cccc2)P(=O)(OCC)OCC)P(c1ccccc1)c1ccccc1)OCC.N[C@@H]([C@@H](c1ccccc1)N)c1ccccc1,CC(O)C,[O-1]C(C)(C)C.[K+],47.62,25.0,1000.0,2.0697950123805064
CC(=O)c1ccccc1,C[C@H](O)c1ccccc1,Ru,COc1ccccc1P(c1ccccc1OC)c1ccccc1OC.C=CC1CN2CCC1CC2[C@@H](c1ccnc2c1cccc2)N,CCCO,[K+].[OH-1],60.0,25.0,500.0,2.0697950123805064
COc1cccc(C(=O)c2cc(Cl)ccc2N)c1OC,COc1cccc([C@@H](O)c2cc(Cl)ccc2N)c1OC,Ru,CN(c1c(C)cc(cc1C)P(c1ccc2c(c1c1c(ccc3c1cccc3)P(c1cc(C)c(c(c1)C)N(C)C)c1cc(C)c(c(c1)C)N(C)C)cccc2)c1cc(C)c(c(c1)C)N(C)C)C.N[C@H]([C@H](c1ccccc1)N)c1ccccc1,CC(O)C.C1CCCO1,[OH-1].[K+],1.0,40.0,1000.0,2.064004623188458
CCOc1cccc(OCC)c1C(C)=O,CCOc1cccc(OCC)c1[C@H](C)O,Ru,C[C@H](P(c1cc(C)cc(c1)C)c1cc(C)cc(c1)C)C[C@@H](P(c1cc(C)cc(c1)C)c1cc(C)cc(c1)C)C.NCc1ncc(cc1C)C,CC(O)C,[O-1]C(C)(C)C.[K+],10.0,40.0,500.0,2.064004623188458
CC(=O)c1c(C)c(C)c(C)c(C)c1C,Cc1c(C)c(C)c([C@H](C)O)c(C)c1C,Ru,C[C@H](P(c1cc(C)cc(c1)C)c1cc(C)cc(c1)C)C[C@@H](P(c1cc(C)cc(c1)C)c1cc(C)cc(c1)C)C.NCc1ncc(cc1C)C,CC(O)C,[O-1]C(C)(C)C.[K+],10.0,40.0,200.0,2.064004623188458
CC(=O)c1ccccc1,C[C@@H](O)c1ccccc1,Ru,Cc1ccc(cc1)S(=O)(=O)c1ccc(cc1)S(=O)(=O)N[C@@H]([C@@H](c1ccccc1)NCCc1ccccc1)c1ccccc1,CO,,15.0,60.0,500.0,2.062123065908671
O=C1CN2CCC1CC2,O[C@@H]1CN2CCC1CC2,Ru,Cc1cc(C)cc(c1)P(c1ccc2c(c1c1c(ccc3c1cccc3)P(c1cc(C)cc(c1)C)c1cc(C)cc(c1)C)cccc2)c1cc(C)cc(c1)C.COc1ccc(cc1)C(c1ccc(cc1)OC)([C@H](C(C)C)N)N,CC(O)C,[O-1]C(C)(C)C.[K+],30.0,10.0,99999.99999999999,2.061397040457918
O=C1CN2CCC1CC2,O[C@@H]1CN2CCC1CC2,Ru,Cc1cc(C)cc(c1)P(c1ccc2c(c1c1c(ccc3c1cccc3)P(c1cc(C)cc(c1)C)c1cc(C)cc(c1)C)cccc2)c1cc(C)cc(c1)C.COc1ccc(cc1)C(c1ccc(cc1)OC)([C@H](C(C)C)N)N,CC(O)C,[O-1]C(C)(C)C.[K+],30.0,10.0,49999.99999999999,2.061397040457918
CC(=O)c1cccs1,C[C@H](O)c1cccs1,Ru,Brc1ccc2c(c1)[C@H](NC2)[C@H]1NCc2c1cc(Br)cc2.c1ccc(cc1)P(C12C3[Fe]4567892(C1C5C34)C1C6C7C9(C81)P(c1ccccc1)c1ccccc1)c1ccccc1,CCCO,[K+].[O-1]C(C)(C)C,10.0,25.0,1000.0,2.059531743796781
CC(=O)c1ccc(C(C)(C)C)cc1,C[C@@H](O)c1ccc(C(C)(C)C)cc1,Ru,OC[C@@H](NC(=O)CN[C@@H](C12C3[Fe]4567891(C2(C8C34)P(c1ccccc1)c1ccccc1)C1C5C6C9(C71)P(c1ccccc1)c1ccccc1)C)C,CC(O)C,[Na+].[O-1]C(C)(C)C,10.0,25.0,1000.0,2.059531743796781
CC(=O)c1ccccc1,C[C@H](O)c1ccccc1,Ru,c1ccc2c(c1)[C@H](NC2)[C@H]1NCc2c1cccc2.c1ccc(cc1)P(C12C3[Fe]4567892(C1C5C34)C1C6C7C9(C81)P(c1ccccc1)c1ccccc1)c1ccccc1,CCCO,[K+].[O-1]C(C)(C)C,10.0,25.0,1000.0,2.059531743796781
CC(=O)c1ccc(C(C)(C)C)cc1,C[C@H](O)c1ccc(C(C)(C)C)cc1,Ru,c1ccc(cc1)P(c1ccc2c(c1c1c(ccc3c1cccc3)P(c1ccccc1)c1ccccc1)cccc2)c1ccccc1.N[C@@H]([C@@H](c1ccccc1)N)c1ccccc1,CC(O)C,[O-1]C(C)(C)C.[K+],47.62,25.0,1000.0,2.059531743796781
CC(=O)c1cccc2ccccc12,C[C@@H](O)c1cccc2ccccc12,Ru,N(CC1=NC2C(O1)Cc1c2cccc1)CC1=NC2C(O1)Cc1c2cccc1,CC(O)C,[O-1]C(C)(C)C.[K+],5.0,25.0,100.0,2.059531743796781
CC(=O)c1cccc2ccccc12,C[C@H](O)c1cccc2ccccc12,Ru,Brc1ccc2c(c1)[C@H](NC2)[C@H]1NCc2c1cc(Br)cc2.c1ccc(cc1)P(C12C3[Fe]4567892(C1C5C34)C1C6C7C9(C81)P(c1ccccc1)c1ccccc1)c1ccccc1,CCCO,[K+].[O-1]C(C)(C)C,50.0,25.0,1000.0,2.059531743796781
O=C(CCCCc1ccccc1)c1ccccc1,O[C@H](CCCCc1ccccc1)c1ccccc1,Ru,c1ccc(cc1)c1cc2ccccc2c(c1NCc1ccccn1)c1c(NCc2ccccn2)c(cc2c1cccc2)c1ccccc1,CC(O)C,[O-1]C(C)(C)C.[K+],50.0,25.0,1000.0,2.059531743796781
CCCCCCC(=O)/C=C(\C)c1ccccc1,CCCCCC[C@H](O)/C=C(\C)c1ccccc1,Ru,c1ccc(cc1)P(c1ccccc1Oc1ccccc1P(c1ccccc1)c1ccccc1)c1ccccc1.c1ccc2c(c1)[C@H](NC2)[C@@H]1NCc2c1cccc2,CC(O)C,[O-1]C(C)(C)C.[K+],10.0,25.0,1000.0,2.059531743796781
CC(=O)c1ccccc1,C[C@@H](O)c1ccccc1,Ru,c1ccc(cc1)c1cc2ccccc2c(c1NCc1ccccn1)c1c(NCc2ccccn2)c(cc2c1cccc2)c1ccccc1,CC(O)C,,50.0,25.0,1000.0,2.059531743796781
CN(CC(=O)c1ccccc1)C(=O)c1ccccc1,CN(C[C@H](O)c1ccccc1)C(=O)c1ccccc1,Ru,Cc1cc(C)cc(c1)P(c1ccc2c(c1c1c(ccc3c1cccc3)P(c1cc(C)cc(c1)C)c1cc(C)cc(c1)C)cccc2)c1cc(C)cc(c1)C.COc1ccc(cc1)C(c1ccc(cc1)OC)(C(C(C)C)N)N,CC(O)C,[O-1]C(C)(C)C.[K+],8.0,25.0,2500.0,2.059531743796781
CC(=O)c1ccccc1,C[C@@H](O)c1ccccc1,Ru,c1ccc(cc1)c1cc2ccccc2c(c1NCc1ccccn1)c1c(NCc2ccccn2)c(cc2c1cccc2)c1ccccc1,CC(O)C,[O-1]C(C)(C)C.[K+],0.0,25.0,1000.0,2.059531743796781
COc1ccccc1C(=O)c1ccccn1,COc1ccccc1[C@H](O)c1ccccn1,Ru,Cc1ccccc1[C@H](c1ccccn1)N[C@H](C12C3[Fe]4567891(C2(C8C34)P(c1ccccc1)c1ccccc1)C1C5C6C9(C71)P(c1ccccc1)c1ccccc1)C,COC(C)(C)C,C1CN=C2N(C1)CCC2,50.0,25.0,33.333333333333336,2.059531743796781
COc1ccc(C(C)=O)cc1,COc1ccc([C@@H](C)O)cc1,Ru,CCCC[C@H]1C=Cc2c(N1p1oc3ccc4c(c3c3c(o1)ccc1c3cccc1)cccc4)c(ccc2)P(c1ccccc1)c1ccccc1.N[C@H]([C@H](c1ccccc1)N)c1ccccc1,ClCCl.CO,[O-1]C(C)(C)C.[Na+],30.0,25.0,500.0,2.059531743796781
CC(=O)c1ccc(Cl)s1,C[C@H](O)c1ccc(Cl)s1,Ru,C1C[C@@H]([C@@H](C1)P(c1ccccc1)c1ccccc1)[C@H]1CCC[C@H]1P(c1ccccc1)c1ccccc1.NCC(N)(C)C,CCO,[O-1]C(C)(C)C.[Na+],7.0,25.0,200.0,2.059531743796781
CC(=O)c1ccc(Br)s1,C[C@H](O)c1ccc(Br)s1,Ru,C1C[C@@H]([C@@H](C1)P(c1ccccc1)c1ccccc1)[C@H]1CCC[C@H]1P(c1ccccc1)c1ccccc1.NCC(N)(C)C,CCO,[O-1]C(C)(C)C.[Na+],7.0,25.0,200.0,2.059531743796781
CC(=O)/C=C/c1ccc(Cl)cc1,C[C@H](O)/C=C/c1ccc(Cl)cc1,Ru,c1ccc(cc1)P(c1ccccc1Oc1ccccc1P(c1ccccc1)c1ccccc1)c1ccccc1.c1ccc2c(c1)[C@H](NC2)[C@@H]1NCc2c1cccc2,CC(O)C,[O-1]C(C)(C)C.[K+],10.0,25.0,1000.0,2.059531743796781
O=C1CCCC/C1=C\c1ccccc1,O[C@H]1CCCC/C1=C\c1ccccc1,Ru,c1ccc(cc1)P(c1ccccc1Oc1ccccc1P(c1ccccc1)c1ccccc1)c1ccccc1.c1ccc2c(c1)[C@H](NC2)[C@@H]1NCc2c1cccc2,CC(O)C,[O-1]C(C)(C)C.[K+],10.0,25.0,1000.0,2.059531743796781
CC(=O)c1ccc(F)cc1,C[C@@H](O)c1ccc(F)cc1,Ru,CCCC[C@H]1C=Cc2c(N1p1oc3ccc4c(c3c3c(o1)ccc1c3cccc1)cccc4)c(ccc2)P(c1ccccc1)c1ccccc1.N[C@H]([C@H](c1ccccc1)N)c1ccccc1,ClCCl.CO,[O-1]C(C)(C)C.[Na+],30.0,25.0,500.0,2.059531743796781
O=C(c1ccc(Br)cc1)c1ccccn1,O[C@@H](c1ccc(Br)cc1)c1ccccn1,Ru,Cc1ccccc1[C@H](c1ccccn1)N[C@H](C12C3[Fe]4567891(C2(C8C34)P(c1ccccc1)c1ccccc1)C1C5C6C9(C71)P(c1ccccc1)c1ccccc1)C,COC(C)(C)C,C1CN=C2N(C1)CCC2,50.0,25.0,33.333333333333336,2.059531743796781
CC(=O)c1ccc(C)cc1,Cc1ccc([C@@H](C)O)cc1,Ru,CCCC[C@H]1C=Cc2c(N1p1oc3ccc4c(c3c3c(o1)ccc1c3cccc1)cccc4)c(ccc2)P(c1ccccc1)c1ccccc1.N[C@H]([C@H](c1ccccc1)N)c1ccccc1,ClCCl.CO,[O-1]C(C)(C)C.[Na+],30.0,25.0,500.0,2.059531743796781
CN(C)CCC(=O)c1cccs1,CN(C)CC[C@H](O)c1cccs1,Ru,Brc1ccc2c(c1)[C@H](NC2)[C@H]1NCc2c1cc(Br)cc2.c1ccc(cc1)P(C12C3[Fe]4567892(C1C5C34)C1C6C7C9(C81)P(c1ccccc1)c1ccccc1)c1ccccc1,CCCO,[K+].[O-1]C(C)(C)C,50.0,25.0,1000.0,2.059531743796781
CC(=O)c1ccccc1,C[C@@H](O)c1ccccc1,Ru,N(CC1=NC2C(O1)Cc1c2cccc1)CC1=NC2C(O1)Cc1c2cccc1,CC(O)C,[Na+].[O-1]C(C)C,5.0,25.0,100.0,2.059531743796781
CC(=O)c1ccccc1,C[C@@H](O)c1ccccc1,Ru,OC[C@@H](NC(=O)CN[C@@H](C12C3[Fe]4567891(C2(C8C34)P(c1ccccc1)c1ccccc1)C1C5C6C9(C71)P(c1ccccc1)c1ccccc1)C)C,CC(O)C,[Na+].[O-1]C(C)(C)C,10.0,25.0,1000.0,2.059531743796781
O=C(c1ccccc1)c1ccccn1,O[C@@H](c1ccccc1)c1ccccn1,Ru,Cc1ccccc1[C@H](c1ccccn1)N[C@H](C12C3[Fe]4567891(C2(C8C34)P(c1ccccc1)c1ccccc1)C1C5C6C9(C71)P(c1ccccc1)c1ccccc1)C,COC(C)(C)C,C1CN=C2N(C1)CCC2,50.0,25.0,33.333333333333336,2.059531743796781
O=C(c1ccc(F)cc1)c1ccccn1,O[C@@H](c1ccc(F)cc1)c1ccccn1,Ru,Cc1ccccc1[C@H](c1ccccn1)N[C@H](C12C3[Fe]4567891(C2(C8C34)P(c1ccccc1)c1ccccc1)C1C5C6C9(C71)P(c1ccccc1)c1ccccc1)C,COC(C)(C)C,C1CN=C2N(C1)CCC2,50.0,25.0,33.333333333333336,2.059531743796781
CC(=O)c1ccccc1Br,C[C@H](O)c1ccccc1Br,Ru,O=C(c1ccccc1P(c1ccccc1)c1ccccc1)c1ccccc1P(c1ccccc1)c1ccccc1.NC(C(c1ccccc1)N)c1ccccc1,CCO,[O-1]C(C)(C)C.[K+],20.0,25.0,1000.0,2.059531743796781
CC(=O)c1ccccc1C,Cc1ccccc1[C@@H](C)O,Ru,c1ccc(cc1)P(c1ccc2c(c1c1c(ccc3c1cccc3)P(c1ccccc1)c1ccccc1)cccc2)c1ccccc1.N[C@H]([C@H](c1ccccc1)N)c1ccccc1,CC(O)C,[K+].[OH-1],15.0,25.0,250.0,2.059531743796781
CC(=O)c1ccccc1,C[C@@H](O)c1ccccc1,Ru,N(CC1=NC2C(O1)Cc1c2cccc1)CC1=NC2C(O1)Cc1c2cccc1,CC(O)C,[O-1]C(C)(C)C.[K+],30.0,25.0,100.0,2.059531743796781
CC(=O)c1ccccc1,C[C@H](O)c1ccccc1,Ru,c1ccc2c(c1)[C@H](NC2)[C@H]1NCc2c1cccc2.c1ccc(cc1)P(c1ccccc1)c1ccccc1,CC(O)C,[K+].[O-1]C(C)(C)C,10.0,25.0,,2.059531743796781
O=C1CCCc2ccccc21,O[C@H]1CCCc2ccccc21,Ru,c1ccc2c(c1)[C@H](NC2)[C@H]1NCc2c1cccc2.c1ccc(cc1)P(c1ccccc1)c1ccccc1,CC(O)C,[K+].[O-1]C(C)(C)C,50.0,25.0,,2.059531743796781
CCCCCCCCC(=O)c1ccccc1,CCCCCCCC[C@@H](O)c1ccccc1,Ru,c1ccc(cc1)c1cc2ccccc2c(c1NCc1ccccn1)c1c(NCc2ccccn2)c(cc2c1cccc2)c1ccccc1,CC(O)C,[O-1]C(C)(C)C.[K+],50.0,25.0,1000.0,2.059531743796781
CC(=O)c1ccccc1Cl,C[C@H](O)c1ccccc1Cl,Ru,CCCCCN[C@H](c1ccnc2c1cccc2)[C@H]1CC2CCN1CC2C=C.C1CCC(CC1)P(C1CCCCC1)C1CCCCC1,CCO,[Ba+2].[OH-1].[OH-1],60.0,25.0,1000.0,2.0494329194507146
CC(=O)c1ccc2ccccc2c1,C[C@H](O)c1ccc2ccccc2c1,Ru,CCOP(=O)(c1cc(P(c2ccccc2)c2ccccc2)c(c2c1cccc2)c1c(cc(c2c1cccc2)P(=O)(OCC)OCC)P(c1ccccc1)c1ccccc1)OCC.N[C@@H]([C@@H](c1ccccc1)N)c1ccccc1,CC(O)C,[O-1]C(C)(C)C.[K+],47.62,25.0,1000.0,2.0494329194507146
CC(=O)C#Cc1ccccc1,C[C@H](O)C#Cc1ccccc1,Ru,Cc1ccc(cc1)S(=O)(=O)N[C@H]([C@H](c1ccccc1)N)c1ccccc1,CO,,10.0,50.0,200.0,2.040830742934333
CC(=O)C(F)(F)F,C[C@@H](O)C(F)(F)F,Ru,Cc1ccc(cc1)S(=O)(=O)c1ccc(cc1)S(=O)(=O)N[C@H]([C@H](c1ccccc1)NCCc1ccccc1)c1ccccc1,CO,,30.0,50.0,500.0,2.040830742934333
O=C1CCCc2ccccc21,O[C@@H]1CCCc2ccccc21,Ru,C[C@H](c1cccc2c1cccc2)N1CC[N+](=[C-1]1)[C@@H](c1cccc2c1cccc2)C.N[C@@H]([C@@H](c1ccc(cc1)C)N)c1ccc(cc1)C,CC(O)C,[O-1]C(C)(C)C.[Na+],7.5,22.0,3333.3333333333335,2.038808633847459
COCC(=O)c1ccccc1,COC[C@@H](O)c1ccccc1,Ru,COc1c(C)cc(cc1C)P([C@H]1CCC[C@H]1[C@@H]1CCC[C@@H]1P(c1cc(C)c(c(c1)C)OC)c1cc(C)c(c(c1)C)OC)c1cc(C)c(c(c1)C)OC.NCCSC(C)(C)C,CCCCO,[O-1]C(C)(C)C.[Na+],7.0,-10.0,500.0,2.03515612674909
COCC(=O)c1ccc(C(F)(F)F)cc1,COC[C@H](O)c1ccc(C(F)(F)F)cc1,Ru,C1C[C@@H]([C@@H](C1)P(c1ccccc1)c1ccccc1)[C@H]1CCC[C@H]1P(c1ccccc1)c1ccccc1.NCCSC(C)(C)C,CCCCO,[O-1]C(C)(C)C.[Na+],7.0,-10.0,500.0,2.03515612674909
COc1ccc(C(C)=O)cc1,COc1ccc([C@@H](C)O)cc1,Ru,Cc1ccc(cc1)S(=O)(=O)c1ccc(cc1)S(=O)(=O)N[C@@H]([C@@H](c1ccccc1)NCCc1ccccc1)c1ccccc1,CO,,30.0,60.0,500.0,2.030294991806482
CC(=O)c1ccccc1F,C[C@@H](O)c1ccccc1F,Ru,c1ccc(cc1)P(c1ccc2c(c1c1c(ccc3c1cccc3)P(c1ccccc1)c1ccccc1)cccc2)c1ccccc1.CN[C@H]1CCCC[C@@H]1NC,CC(O)C,[OH-1].[K+],30.0,20.0,3003.003003003003,2.0249932272145776
COc1ccccc1C(C)=O,COc1ccccc1[C@H](C)O,Ru,Cc1cc(C)cc(c1)P(c1cc2CCc3ccc(CCc1cc2)cc3P(c1cc(C)cc(c1)C)c1cc(C)cc(c1)C)c1cc(C)cc(c1)C.N[C@@H]([C@@H](c1ccccc1)N)c1ccccc1,CC(O)C,[K+].[O-1]C(C)(C)C,5.5,19.0,500.0,2.018085523898137
CC(=O)C1=CCCCC1,C[C@H](O)C1=CCCCC1,Ru,Cc1cc(C)cc(c1)P(c1cc2CCc3ccc(CCc1cc2)cc3P(c1cc(C)cc(c1)C)c1cc(C)cc(c1)C)c1cc(C)cc(c1)C.N[C@@H]([C@@H](c1ccccc1)N)c1ccccc1,CC(O)C,[K+].[O-1]C(C)(C)C,5.5,19.0,1000.0,2.018085523898137
CCCCC/C=C/C(C)=O,CCCCC/C=C/[C@H](C)O,Ru,COc1nc(OC)cc(c1c1c(OC)nc(cc1P(c1cc(C)cc(c1)C)c1cc(C)cc(c1)C)OC)P(c1cc(C)cc(c1)C)c1cc(C)cc(c1)C.N[C@@H]([C@@H](c1ccccc1)N)c1ccccc1,CC(O)C,[O-1]C(=O)[O-1].[K+].[K+],23.81600435,27.5,2000.0,2.018007123031192
CCC(=O)c1ccccc1,CC[C@H](O)c1ccccc1,Ru,Clc1ccc2c(c1)c(cc(c2c1c(cc(c2c1ccc(c2)Cl)c1ccccc1)P(c1cc(C)cc(c1)C)c1cc(C)cc(c1)C)P(c1cc(C)cc(c1)C)c1cc(C)cc(c1)C)c1ccccc1.N[C@@H]([C@@H](c1ccccc1)N)c1ccccc1,CC(O)C,[O-1]C(C)(C)C.[K+],48.3,25.0,1000.0,2.0105787548067093
CC(=O)c1ccccc1,C[C@H](O)c1ccccc1,Ru,CCCCCN[C@H](c1ccnc2c1cccc2)[C@H]1CC2CCN1CC2C=C.C1CCC(CC1)P(C1CCCCC1)C1CCCCC1,CCO,[Ba+2].[OH-1].[OH-1],60.0,30.0,250.0,2.007073682561335
COc1ccccc1C(C)=O,COc1ccccc1[C@H](C)O,Ru,COc1nc(OC)cc(c1c1c(OC)nc(cc1P(c1cc(C)cc(c1)C)c1cc(C)cc(c1)C)OC)P(c1cc(C)cc(c1)C)c1cc(C)cc(c1)C,CC(O)C,[O-1]C(C)(C)C.[K+],20.41,26.5,4000.0,2.0020324814554993
CC(=O)c1ccccc1,C[C@H](O)c1ccccc1,Ru,COc1ccccc1P(c1ccccc1OC)c1ccccc1OC.C=CC1CN2CCC1CC2[C@@H](c1ccnc2c1cccc2)N,CCO,[Li+].[OH-1],60.0,25.0,500.0,2.001226754471145
O=C(CCl)c1ccc(Cl)cc1,O[C@@H](CCl)c1ccc(Cl)cc1,Ru,Cc1ccc(cc1)S(=O)(=O)ONC(C(c1ccccc1)N)c1ccccc1.Cc1ccc(cc1)C(C)C,CO,,10.0,30.0,1000.0,1.998093570236567
O=C(CCl)c1cccc(C(F)(F)F)c1,O[C@@H](CCl)c1cccc(C(F)(F)F)c1,Ru,Cc1ccc(cc1)S(=O)(=O)ONC(C(c1ccccc1)N)c1ccccc1.Cc1ccc(cc1)C(C)C,CO,,10.0,30.0,519.9999792000008,1.998093570236567
O=C(CCN1CCN(c2ccccc2)CC1)c1ccccc1,O[C@H](CCN1CCN(c2ccccc2)CC1)c1ccccc1,Ru,Cc1cc(C)c(c(c1)C)[C@H](c1ccccc1)NCCP(c1ccccc1)c1ccccc1.CP(CCP(C)C)C,C1CCCCC1,[K+].[O-1]C,50.0,30.0,100.0,1.998093570236567
O=C(CCNCc1ccccc1)c1ccc(F)cc1,O[C@H](CCNCc1ccccc1)c1ccc(F)cc1,Ru,Cc1cc(C)c(c(c1)C)[C@H](c1ccccc1)NCCP(c1ccccc1)c1ccccc1.CP(CCP(C)C)C,C1CCCO1,[K+].[O-1]C,50.0,30.0,100.0,1.998093570236567
CC(=O)c1cc(Cl)ccc1Cl,C[C@@H](O)c1cc(Cl)ccc1Cl,Ru,Brc1ccccc1p1oc2ccc3c(c2c2c(o1)ccc1c2cccc1)cccc3.N[C@H]([C@H](c1ccccc1)N)c1ccccc1,CC(O)C,[O-1]C(C)(C)C.[K+],80.0,0.0,1000.0,1.9885947434260294
CC(=O)c1ccccc1Cl,C[C@@H](O)c1ccccc1Cl,Ru,Brc1ccccc1p1oc2ccc3c(c2c2c(o1)ccc1c2cccc1)cccc3.N[C@H]([C@H](c1ccccc1)N)c1ccccc1,CC(O)C,[O-1]C(C)(C)C.[K+],60.0,0.0,2000.0,1.9885947434260294
O=C(/C=C/c1ccccc1)c1ccc2ccc(O)cc2c1,Oc1ccc2ccc([C@@H](O)/C=C/c3ccccc3)cc2c1,Ru,Cc1ccc(cc1)P(c1ccc2c(c1c1c(ccc3c1cccc3)P(c1ccc(cc1)C)c1ccc(cc1)C)cccc2)c1ccc(cc1)C.N[C@H](c1ccccc1)CN(C)C,CC(O)C.CC(O)C.O=CN(C)C,[O-1]C(C)(C)C.[K+],8.0,0.0,1000.0,1.9885947434260294
CC(=O)c1ccccc1C,Cc1ccccc1[C@@H](C)O,Ru,Brc1ccccc1p1oc2ccc3c(c2c2c(o1)ccc1c2cccc1)cccc3.N[C@H]([C@H](c1ccccc1)N)c1ccccc1,CC(O)C,[O-1]C(C)(C)C.[K+],60.0,0.0,2000.0,1.9885947434260294
COc1ccc(C(=O)/C=C/c2ccccc2)cc1,COc1ccc([C@@H](O)/C=C/c2ccccc2)cc1,Ru,Cc1ccc(cc1)P(c1ccc2c(c1c1c(ccc3c1cccc3)P(c1ccc(cc1)C)c1ccc(cc1)C)cccc2)c1ccc(cc1)C.N[C@H](c1ccccc1)CN(C)C,CC(O)C.O=CN(C)C,[O-1]C(C)(C)C.[K+],8.0,0.0,1000.0,1.9885947434260294
Cc1ccccc1C(=O)c1ccccc1,Cc1ccccc1[C@@H](O)c1ccccc1,Ru,Cc1cc(C)cc(c1)P(c1ccc2c(c1c1c(ccc3c1cccc3)P(c1cc(C)cc(c1)C)c1cc(C)cc(c1)C)cccc2)c1cc(C)cc(c1)C.COc1ccc(cc1)C(c1ccc(cc1)OC)([C@H](C(C)C)N)N,CC(O)C,[O-1]C(C)(C)C.[K+],8.0,28.0,2000.0,1.9849113596461887
CC(=O)c1ccc(C)cc1,Cc1ccc([C@H](C)O)cc1,Ru,CCOP(=O)(c1cc(P(c2ccccc2)c2ccccc2)c(c2c1cccc2)c1c(cc(c2c1cccc2)P(=O)(OCC)OCC)P(c1ccccc1)c1ccccc1)OCC.N[C@@H]([C@@H](c1ccccc1)N)c1ccccc1,CC(O)C,[O-1]C(C)(C)C.[K+],47.62,25.0,1000.0,1.982926341105829
CC(=O)c1ccccc1,C[C@H](O)c1ccccc1,Ru,COc1ccccc1P(c1ccccc1OC)c1ccccc1OC.C=CC1CN2CCC1CC2[C@@H](c1ccnc2c1cccc2)N,CCCO,[O-1]C(C)(C)C.[K+],60.0,25.0,500.0,1.982926341105829
O=C(c1ccccc1)C1OCCCO1,O[C@H](c1ccccc1)C1OCCCO1,Ru,Cc1ccc(cc1)P(c1ccc2c(c1c1c(ccc3c1cccc3)P(c1ccc(cc1)C)c1ccc(cc1)C)cccc2)c1ccc(cc1)C.NC[C@@H](c1ccccc1)N,CC(O)C,[K+].[O-1]C(C)(C)C,8.0,27.5,1000.0,1.9816158069985945
CC(=O)c1ccc(C)cc1,Cc1ccc([C@H](C)O)cc1,Ru,CCCCCN[C@H](c1ccnc2c1cccc2)[C@H]1CC2CCN1CC2C=C.C1CCC(CC1)P(C1CCCCC1)C1CCCCC1,CCO,[Ba+2].[OH-1].[OH-1],60.0,30.0,1000.0,1.9804982867714007
CCOc1cccc(OCC)c1C(C)=O,CCOc1cccc(OCC)c1[C@H](C)O,Ru,C[C@H](P(c1cc(cc(c1)C(C)C)C(C)C)c1cc(cc(c1)C(C)C)C(C)C)C[C@@H](P(c1cc(cc(c1)C(C)C)C(C)C)c1cc(cc(c1)C(C)C)C(C)C)C.NCc1ncc(cc1C)C,CC(O)C,[O-1]C(C)(C)C.[K+],10.0,40.0,500.0,1.9776764572176584
CC(=O)c1ccc2ccccc2c1,C[C@H](O)c1ccc2ccccc2c1,Ru,OC1(CCCC1)c1cc(P(c2ccccc2)c2ccccc2)c(c2c1cccc2)c1c(cc(c2c1cccc2)C1(O)CCCC1)P(c1ccccc1)c1ccccc1.N[C@@H]([C@@H](c1ccccc1)N)c1ccccc1,CC(O)C,[O-1]C(C)(C)C.[K+],47.62,25.0,1000.0,1.9739700427368037
COc1ccccc1C(C)=O,COc1ccccc1[C@@H](C)O,Ru,N(CC1=NC2C(O1)Cc1c2cccc1)CC1=NC2C(O1)Cc1c2cccc1,CC(O)C,[O-1]C(C)(C)C.[K+],5.0,25.0,100.0,1.9651380437606216
CC(=O)c1ccc(CC(C)C)cc1,CC(C)Cc1ccc([C@@H](C)O)cc1,Ru,OC[C@@H](NC(=O)CN[C@@H](C12C3[Fe]4567891(C2(C8C34)P(c1ccccc1)c1ccccc1)C1C5C6C9(C71)P(c1ccccc1)c1ccccc1)C)C,CC(O)C,[Na+].[O-1]C(C)(C)C,10.0,25.0,1000.0,1.9651380437606216
CC(=O)c1ccc(F)cn1,C[C@H](O)c1ccc(F)cn1,Ru,Cc1ccccc1[C@H](c1ccccn1)N[C@H](C12C3[Fe]4567891(C2(C8C34)P(c1ccccc1)c1ccccc1)C1C5C6C9(C71)P(c1ccccc1)c1ccccc1)C,COC(C)(C)C,C1CN=C2N(C1)CCC2,50.0,25.0,33.333333333333336,1.9651380437606216
COc1ccc(C(C)=O)cc1,COc1ccc([C@H](C)O)cc1,Ru,c1ccc2c(c1)[C@H](NC2)[C@H]1NCc2c1cccc2.c1ccc(cc1)P(c1ccccc1)c1ccccc1,CC(O)C,[K+].[O-1]C(C)(C)C,10.0,25.0,,1.9651380437606216
CC(=O)c1ccccc1,C[C@@H](O)c1ccccc1,Ru,N(CC1=NC2C(O1)Cc1c2cccc1)CC1=NC2C(O1)Cc1c2cccc1,CC(O)C,[K+].[OH-1],5.0,25.0,100.0,1.9651380437606216
CC(=O)c1cccc(Cl)n1,C[C@H](O)c1cccc(Cl)n1,Ru,Cc1ccccc1[C@H](c1ccccn1)N[C@H](C12C3[Fe]4567891(C2(C8C34)P(c1ccccc1)c1ccccc1)C1C5C6C9(C71)P(c1ccccc1)c1ccccc1)C,COC(C)(C)C,C1CN=C2N(C1)CCC2,50.0,25.0,33.333333333333336,1.9651380437606216
O=C(c1ccccc1)C1OCCCO1,O[C@H](c1ccccc1)C1OCCCO1,Ru,Cc1ccc(cc1)P(c1ccc2c(c1c1c(ccc3c1cccc3)P(c1ccc(cc1)C)c1ccc(cc1)C)cccc2)c1ccc(cc1)C.N[C@H](c1ccccc1)CN(C)C,CC(O)C,[K+].[O-1]C(C)(C)C,8.0,25.0,1000.0,1.9651380437606216
CCCCCCC(=O)/C=C(\C)c1ccccc1OC,CCCCCC[C@H](O)/C=C(\C)c1ccccc1OC,Ru,c1ccc(cc1)P(c1ccccc1Oc1ccccc1P(c1ccccc1)c1ccccc1)c1ccccc1.c1ccc2c(c1)[C@H](NC2)[C@@H]1NCc2c1cccc2,CC(O)C,[O-1]C(C)(C)C.[K+],10.0,25.0,1000.0,1.9651380437606216
CCCCCCC(=O)/C=C(\C)c1ccc2ccccc2c1,CCCCCC[C@H](O)/C=C(\C)c1ccc2ccccc2c1,Ru,c1ccc(cc1)P(c1ccccc1Oc1ccccc1P(c1ccccc1)c1ccccc1)c1ccccc1.c1ccc2c(c1)[C@H](NC2)[C@@H]1NCc2c1cccc2,CC(O)C,[O-1]C(C)(C)C.[K+],10.0,25.0,1000.0,1.9651380437606216
C/C(=C\C(=O)c1ccccc1)c1ccccc1,C/C(=C\[C@@H](O)c1ccccc1)c1ccccc1,Ru,c1ccc(cc1)P(c1ccccc1Oc1ccccc1P(c1ccccc1)c1ccccc1)c1ccccc1.c1ccc2c(c1)[C@H](NC2)[C@@H]1NCc2c1cccc2,CC(O)C,[O-1]C(C)(C)C.[K+],10.0,25.0,1000.0,1.9651380437606216
CC(=O)/C=C(\C)c1ccccc1,C/C(=C\[C@H](C)O)c1ccccc1,Ru,c1ccc(cc1)P(c1ccccc1Oc1ccccc1P(c1ccccc1)c1ccccc1)c1ccccc1.c1ccc2c(c1)[C@H](NC2)[C@@H]1NCc2c1cccc2,CC(O)C,[O-1]C(C)(C)C.[K+],10.0,25.0,49999.99999999999,1.9651380437606216
CCCCCCC(=O)/C=C(\C)c1ccc(Br)cc1,CCCCCC[C@H](O)/C=C(\C)c1ccc(Br)cc1,Ru,c1ccc(cc1)P(c1ccccc1Oc1ccccc1P(c1ccccc1)c1ccccc1)c1ccccc1.c1ccc2c(c1)[C@H](NC2)[C@@H]1NCc2c1cccc2,CC(O)C,[O-1]C(C)(C)C.[K+],10.0,25.0,1000.0,1.9651380437606216
CN(C)CC(=O)c1ccccc1,CN(C)C[C@@H](O)c1ccccc1,Ru,Cc1cc(C)cc(c1)P(c1ccc2c(c1c1c(ccc3c1cccc3)P(c1cc(C)cc(c1)C)c1cc(C)cc(c1)C)cccc2)c1cc(C)cc(c1)C.COc1ccc(cc1)C(c1ccc(cc1)OC)(C(C(C)C)N)N,CC(O)C,[O-1]C(C)(C)C.[K+],8.0,25.0,20000.0,1.9651380437606216
CC(=O)c1ccccc1,C[C@H](O)c1ccccc1,Ru,c1ccc(cc1)c1cc2ccccc2c(c1NCc1ccccn1)c1c(NCc2ccccn2)c(cc2c1cccc2)c1ccccc1,CC(O)C,[O-1]C(C)(C)C.[K+],50.0,25.0,1000.0,1.9651380437606216
O=C1CCCc2ccccc21,O[C@H]1CCCc2ccccc21,Ru,CC1(C)O[C@@H]([C@H](O1)CP(c1ccccc1)c1ccccc1)CP(c1ccccc1)c1ccccc1.COc1ccc2c(c1)[nH]c(n2)[C@@H](N)C,Cc1ccccc1.CC(O)(C)C,[O-1]C(C)(C)C.[K+],8.0,25.0,5000.0,1.9651380437606216
CC(=O)c1ccc(Br)cc1,C[C@H](O)c1ccc(Br)cc1,Ru,CC1(C)O[C@@H]([C@H](O1)CP(c1ccccc1)c1ccccc1)CP(c1ccccc1)c1ccccc1.NCc1nc2c([nH]1)cccc2,Cc1ccccc1.CC(O)(C)C,[O-1]C(C)(C)C.[K+],8.0,25.0,1000.0,1.9651380437606216
CC(=O)/C=C(\C)c1ccccc1,C/C(=C\[C@H](C)O)c1ccccc1,Ru,c1ccc(cc1)P(c1ccccc1Oc1ccccc1P(c1ccccc1)c1ccccc1)c1ccccc1.c1ccc2c(c1)[C@H](NC2)[C@@H]1NCc2c1cccc2,CC(O)C,[O-1]C(C)(C)C.[K+],10.0,25.0,1000.0,1.9651380437606216
O=C(CNC(=O)c1ccccc1)c1cccc(Cl)c1,O=C(NC[C@@H](O)c1cccc(Cl)c1)c1ccccc1,Ru,COc1c(C)cc(cc1C)P([C@H]1CCC[C@H]1[C@@H]1CCC[C@@H]1P(c1cc(C)c(c(c1)C)OC)c1cc(C)c(c(c1)C)OC)c1cc(C)c(c(c1)C)OC.NCCSC(C)(C)C,CCCCO,[O-1]C(C)(C)C.[Na+],7.0,25.0,500.0,1.9651380437606216
CC(=O)c1ccccc1,C[C@@H](O)c1ccccc1,Ru,c1ccc(cc1)c1cc2ccccc2c(c1NCc1ccccn1)c1c(NCc2ccccn2)c(cc2c1cccc2)c1ccccc1,CC(O)C,[O-1]C(C)(C)C.[K+],50.0,25.0,1000.0,1.9651380437606216
CCCCCCCC(=O)/C=C(\CC)c1ccccc1,CCCCCCC[C@H](O)/C=C(\CC)c1ccccc1,Ru,c1ccc(cc1)P(c1ccccc1Oc1ccccc1P(c1ccccc1)c1ccccc1)c1ccccc1.c1ccc2c(c1)[C@H](NC2)[C@@H]1NCc2c1cccc2,CC(O)C,[O-1]C(C)(C)C.[K+],10.0,25.0,1000.0,1.9651380437606216
O=C(CCc1ccccc1)c1ccccc1,O[C@H](CCc1ccccc1)c1ccccc1,Ru,c1ccc(cc1)c1cc2ccccc2c(c1NCc1ccccn1)c1c(NCc2ccccn2)c(cc2c1cccc2)c1ccccc1,CC(O)C,,50.0,25.0,1000.0,1.9651380437606216
CC(=O)c1ccc(C)cc1,Cc1ccc([C@@H](C)O)cc1,Ru,N(CC1=NC2C(O1)Cc1c2cccc1)CC1=NC2C(O1)Cc1c2cccc1,CC(O)C,[O-1]C(C)(C)C.[K+],5.0,25.0,100.0,1.9651380437606216
CCC(=O)c1ccccc1,CC[C@@H](O)c1ccccc1,Ru,N(CC1=NC2C(O1)Cc1c2cccc1)CC1=NC2C(O1)Cc1c2cccc1,CC(O)C,[O-1]C(C)(C)C.[K+],5.0,25.0,100.0,1.9651380437606216
CC(=O)[Si](C)(C)c1ccccc1,C[C@H](O)[Si](C)(C)c1ccccc1,Ru,Cc1ccc(cc1)P(c1ccc2c(c1c1c(ccc3c1cccc3)P(c1ccc(cc1)C)c1ccc(cc1)C)cccc2)c1ccc(cc1)C.NCc1ccccn1,CCO,[Na+].[BH4-1],10.0,25.0,1099.999890000011,1.9651380437606216
CC1(C)CCC(=O)c2ccccc21,CC1(C)CC[C@@H](O)c2ccccc21,Ru,Cc1ccc(cc1)P(c1ccc2c(c1c1c(ccc3c1cccc3)P(c1ccc(cc1)C)c1ccc(cc1)C)cccc2)c1ccc(cc1)C.C[C@H]([C@H]1OC(O[C@@H]1[C@H](N)C)(C)C)N,CC(O)C,[O-1]C(C)(C)C.[K+],9.0,25.0,12004.801920768306,1.9651380437606216
CCCCCCC(=O)/C=C(\C)c1ccc(Cl)cc1,CCCCCC[C@H](O)/C=C(\C)c1ccc(Cl)cc1,Ru,c1ccc(cc1)P(c1ccccc1Oc1ccccc1P(c1ccccc1)c1ccccc1)c1ccccc1.c1ccc2c(c1)[C@H](NC2)[C@@H]1NCc2c1cccc2,CC(O)C,[O-1]C(C)(C)C.[K+],10.0,25.0,1000.0,1.9651380437606216
CC(=O)c1cccc(C)c1,Cc1cccc([C@H](C)O)c1,Ru,Cc1cc(C)cc(c1)P([C@@H]1CCC[C@@H]1[C@H]1CCC[C@H]1P(c1cc(C)cc(c1)C)c1cc(C)cc(c1)C)c1cc(C)cc(c1)C.CCCSc1ccccc1N,CCO,[O-1]C(C)(C)C.[Na+],7.0,25.0,500.0,1.9651380437606216
CC(=O)c1ccc(C(F)(F)F)cn1,C[C@H](O)c1ccc(C(F)(F)F)cn1,Ru,Cc1ccccc1[C@H](c1ccccn1)N[C@H](C12C3[Fe]4567891(C2(C8C34)P(c1ccccc1)c1ccccc1)C1C5C6C9(C71)P(c1ccccc1)c1ccccc1)C,COC(C)(C)C,C1CN=C2N(C1)CCC2,50.0,25.0,33.333333333333336,1.9651380437606216
O=C(c1ccccc1)c1ccccn1,O[C@@H](c1ccccc1)c1ccccn1,Ru,C[C@@H](C12C3[Fe]4567891(C2(C8C34)P(c1ccccc1)c1ccccc1)C1C5C6C9(C71)P(c1ccccc1)c1ccccc1)N[C@@H](c1ccccn1)c1ccccc1,COC(C)(C)C,C1CN=C2N(C1)CCC2,50.0,25.0,33.333333333333336,1.9651380437606216
CC(=O)c1ccc(Br)cc1,C[C@H](O)c1ccc(Br)cc1,Ru,c1ccc2c(c1)[C@H](NC2)[C@H]1NCc2c1cccc2.c1ccc(cc1)P(c1ccccc1)c1ccccc1,CC(O)C,[K+].[O-1]C(C)(C)C,10.0,25.0,,1.9651380437606216
COc1ccc(C(C)=O)cc1,COc1ccc([C@H](C)O)cc1,Ru,COc1ccccc1P(c1ccccc1OC)c1ccccc1OC.C=CC1CN2CCC1CC2[C@@H](c1ccnc2c1cccc2)N,CCCO,[Li+].[OH-1],60.0,30.0,250.0,1.9633673644769327
CC(C)(C(=O)c1ccccc1)c1ccccc1,CC(C)(c1ccccc1)[C@@H](O)c1ccccc1,Ru,C[C@H](C12C3[Fe]4567891(C2(C9C34)P(c1ccccc1)c1ccccc1)C1C7C6C5C81)NCc1ccccn1,CC(O)C,[O-1]C(C)(C)C.[K+],49.35,50.0,400.0,1.961841412551968
O=C(c1ccccc1)C1CC1,O[C@@H](c1ccccc1)C1CC1,Ru,C[C@@H]1C[C@@H](C)Oc2c(-c3c(O1)cccc3P(c1cc(C)cc(c1)C)c1cc(C)cc(c1)C)c(ccc2)P(c1cc(C)cc(c1)C)c1cc(C)cc(c1)C.COc1ccc(cc1)C(c1ccc(cc1)OC)([C@H](C(C)C)N)N,CC(O)C,[O-1]C(C)(C)C.[K+],10.0,21.0,10000.0,1.9563232709585097
O=C1CCOc2ccccc21,O[C@@H]1CCOc2ccccc21,Ru,C[C@H](c1cccc2c1cccc2)N1CC[N+](=[C-1]1)[C@@H](c1cccc2c1cccc2)C.N[C@@H]([C@@H](c1ccc(cc1)C)N)c1ccc(cc1)C,CC(O)C,[O-1]C(C)(C)C.[Na+],7.5,22.0,3333.3333333333335,1.9453647278750545
CC(=O)c1cccc(C(F)(F)F)c1,C[C@H](O)c1cccc(C(F)(F)F)c1,Ru,CCCCCN[C@H](c1ccnc2c1cccc2)[C@H]1CC2CCN1CC2C=C.C1CCC(CC1)P(C1CCCCC1)C1CCCCC1,CCO,[Ba+2].[OH-1].[OH-1],60.0,30.0,1000.0,1.9304013111783782
CCC(=O)c1ccccc1,CC[C@@H](O)c1ccccc1,Ru,Cc1ccc(cc1)S(=O)(=O)c1ccc(cc1)S(=O)(=O)N[C@@H]([C@@H](c1ccccc1)NCCc1ccccc1)c1ccccc1,CO,,30.0,60.0,500.0,1.928708534432308
COCC(=O)c1ccc(C(F)(F)F)cc1,COC[C@H](O)c1ccc(C(F)(F)F)cc1,Ru,C1C[C@@H]([C@@H](C1)P(c1ccccc1)c1ccccc1)[C@H]1CCC[C@H]1P(c1ccccc1)c1ccccc1.NCCSC(C)(C)C,CCCCO,[O-1]C(C)(C)C.[Na+],7.0,-10.0,1000.0,1.915792446394141
COc1cccc(C(=O)c2cc(Cl)ccc2N)c1OC,COc1cccc([C@@H](O)c2cc(Cl)ccc2N)c1OC,Ru,CN(c1c(C)cc(cc1C)P(c1ccc2c(c1c1c(ccc3c1cccc3)P(c1cc(C)c(c(c1)C)N(C)C)c1cc(C)c(c(c1)C)N(C)C)cccc2)c1cc(C)c(c(c1)C)N(C)C)C.N[C@H]([C@H](c1ccccc1)N)c1ccccc1,CC(O)C.C1CCCO1.O,[OH-1].[K+],1.0,40.0,1000.0,1.9011314817906508
CCOC(OCC)C(=O)c1ccc(Cl)cc1,CCOC(OCC)[C@H](O)c1ccc(Cl)cc1,Ru,Cc1ccc(cc1)P(c1ccc2c(c1c1c(ccc3c1cccc3)P(c1ccc(cc1)C)c1ccc(cc1)C)cccc2)c1ccc(cc1)C.NC[C@@H](c1ccccc1)N,CC(O)C,[K+].[O-1]C(C)(C)C,8.0,27.5,1000.0,1.8987336000718156
CCOC(OCC)C(=O)c1ccccc1C,CCOC(OCC)[C@H](O)c1ccccc1C,Ru,Cc1ccc(cc1)P(c1ccc2c(c1c1c(ccc3c1cccc3)P(c1ccc(cc1)C)c1ccc(cc1)C)cccc2)c1ccc(cc1)C.NC[C@@H](c1ccccc1)N,CC(O)C,[K+].[O-1]C(C)(C)C,8.0,27.5,1000.0,1.8987336000718156
COc1ccc(C(C)=O)cc1,COc1ccc([C@H](C)O)cc1,Ru,Cc1ccc2c(c1)c(C)cc(c2c1c(cc(c2c1ccc(c2)C)C)P(c1cc(C)cc(c1)C)c1cc(C)cc(c1)C)P(c1cc(C)cc(c1)C)c1cc(C)cc(c1)C.N[C@@H]([C@@H](c1ccccc1)N)c1ccccc1,CC(O)C,[O-1]C(C)(C)C.[K+],48.3,25.0,1000.0,1.8907062567316346
CC(=O)c1ccccc1Cl,C[C@H](O)c1ccccc1Cl,Ru,Brc1ccccc1p1oc2ccc3c(c2c2c(o1)ccc1c2cccc1)cccc3.N[C@@H]1CCCC[C@H]1N,CC(O)C,[O-1]C(C)(C)C.[K+],80.0,0.0,300.3003003003003,1.8868391608857644
CC(=O)/C=C(\C)c1ccccc1,C/C(=C\[C@H](C)O)c1ccccc1,Ru,c1ccc(cc1)P(c1ccccc1Oc1ccccc1P(c1ccccc1)c1ccccc1)c1ccccc1.c1ccc2c(c1)[C@H](NC2)[C@@H]1NCc2c1cccc2,CO,[O-1]C(C)(C)C.[K+],10.0,25.0,1000.0,1.8829450286426468
CC(=O)c1ccccc1,C[C@H](O)c1ccccc1,Ru,COc1ccc(cc1)P(c1cccc2c1C1(CC2)CCc2c1c(ccc2)P(c1ccc(cc1)OC)c1ccc(cc1)OC)c1ccc(cc1)OC.N[C@H]([C@H](c1ccccc1)N)c1ccccc1,CC(O)C,[O-1]C(C)(C)C.[K+],50.0,25.0,5000.0,1.8829450286426468
CC(=O)c1ccccc1,C[C@H](O)c1ccccc1,Ru,CC1(C)O[C@@H]([C@H](O1)CP(c1ccccc1)c1ccccc1)CP(c1ccccc1)c1ccccc1.Clc1ccc2c(c1)[nH]c(n2)[C@@H](N)C,Cc1ccccc1.CC(O)(C)C,[O-1]C(C)(C)C.[K+],8.0,25.0,1000.0,1.8829450286426468
CC(=O)c1ccccc1,C[C@H](O)c1ccccc1,Ru,CC1(C)O[C@@H]([C@H](O1)CP(c1ccccc1)c1ccccc1)CP(c1ccccc1)c1ccccc1.COc1ccc2c(c1)[nH]c(n2)[C@@H](N)C,ClCCl,[O-1]C(C)(C)C.[K+],8.0,25.0,1000.0,1.8829450286426468
CC(=O)c1ccccc1,C[C@H](O)c1ccccc1,Ru,CC1(C)O[C@@H]([C@H](O1)CP(c1ccccc1)c1ccccc1)CP(c1ccccc1)c1ccccc1.COc1ccc2c(c1)[nH]c(n2)[C@@H](N)C,Cc1ccccc1,[O-1]C(C)(C)C.[K+],8.0,25.0,1000.0,1.8829450286426468
Cc1ccc2c(c1)C(=O)CCO2,Cc1ccc2c(c1)[C@H](O)CCO2,Ru,COC[C@@H](N[C@@H](C[C@H](P(c1ccccc1)c1ccccc1)C)C)C,CC(O)C,[K+].[O-1]C(C)(C)C,70.0,25.0,200.0,1.8829450286426468
CCCCCCC(=O)/C=C(\C)c1ccccc1Cl,CCCCCC[C@H](O)/C=C(\C)c1ccccc1Cl,Ru,c1ccc(cc1)P(c1ccccc1Oc1ccccc1P(c1ccccc1)c1ccccc1)c1ccccc1.c1ccc2c(c1)[C@H](NC2)[C@@H]1NCc2c1cccc2,CC(O)C,[O-1]C(C)(C)C.[K+],10.0,25.0,1000.0,1.8829450286426468
CC(=O)/C=C(\C)c1ccccc1,C/C(=C\[C@H](C)O)c1ccccc1,Ru,c1ccc(cc1)P(c1ccccc1Oc1ccccc1P(c1ccccc1)c1ccccc1)c1ccccc1.Brc1ccc2c(c1)[C@H](NC2)[C@@H]1NCc2c1cc(Br)cc2,CC(O)C,[O-1]C(C)(C)C.[K+],10.0,25.0,1000.0,1.8829450286426468
CC(=O)c1cccc(C)c1,Cc1cccc([C@@H](C)O)c1,Ru,O=C(c1ccccc1P(c1ccccc1)c1ccccc1)c1ccccc1P(c1ccccc1)c1ccccc1.N[C@H]([C@H](c1ccccc1)N)c1ccccc1,CC(O)C,[K+].[OH-1],15.0,25.0,250.0,1.8829450286426468
CC(=O)CN(C)C,C[C@H](O)CN(C)C,Ru,Cc1cc(C)cc(c1)P(c1ccc2c(c1c1c(ccc3c1cccc3)P(c1cc(C)cc(c1)C)c1cc(C)cc(c1)C)cccc2)c1cc(C)cc(c1)C.COc1ccc(cc1)C(c1ccc(cc1)OC)(C(C(C)C)N)N,CC(O)C,[O-1]C(C)(C)C.[K+],8.0,25.0,20000.0,1.8829450286426468
O=C(c1ccccc1)C1CC1,O[C@@H](c1ccccc1)C1CC1,Ru,N(CC1=NC2C(O1)Cc1c2cccc1)CC1=NC2C(O1)Cc1c2cccc1,CC(O)C,[O-1]C(C)(C)C.[K+],5.0,25.0,100.0,1.8829450286426468
CC(=O)c1ccc(F)cc1,C[C@H](O)c1ccc(F)cc1,Ru,c1ccc2c(c1)[C@H](NC2)[C@H]1NCc2c1cccc2.c1ccc(cc1)P(c1ccccc1)c1ccccc1,CC(O)C,[K+].[O-1]C(C)(C)C,10.0,25.0,,1.8829450286426468
CC(=O)c1ccccc1,C[C@H](O)c1ccccc1,Ru,Brc1ccc2c(c1)[C@H](NC2)[C@H]1NCc2c1cc(Br)cc2.c1ccc(cc1)P(c1ccccc1)c1ccccc1,CC(O)C,[K+].[O-1]C(C)(C)C,10.0,25.0,,1.8829450286426468
CCCCCCCCC(=O)c1ccccc1,CCCCCCCC[C@H](O)c1ccccc1,Ru,c1ccc2c(c1)[C@H](NC2)[C@H]1NCc2c1cccc2.c1ccc(cc1)P(c1ccccc1)c1ccccc1,CC(O)C,[K+].[O-1]C(C)(C)C,50.0,25.0,,1.8829450286426468
O=C1CN2CCC1CC2,O[C@@H]1CN2CCC1CC2,Ru,c1ccc(cc1)P(c1ccc2c(c1c1c(ccc3c1cccc3)P(c1ccccc1)c1ccccc1)cccc2)c1ccccc1.NC[C@@H]1OC(O[C@H]1CN)(C)C,CC(O)C,[K+].[O-1]C(C)(C)C,20.0,25.0,10000.0,1.8829450286426468
CC(=O)c1cccc(C)c1,Cc1cccc([C@H](C)O)c1,Ru,c1ccc2c(c1)[C@H](NC2)[C@H]1NCc2c1cccc2.c1ccc(cc1)P(c1ccccc1)c1ccccc1,CC(O)C,[K+].[O-1]C(C)(C)C,50.0,25.0,,1.8829450286426468
CC(=O)c1ccc2ccccc2c1,C[C@H](O)c1ccc2ccccc2c1,Ru,c1ccc2c(c1)[C@H](NC2)[C@H]1NCc2c1cccc2.c1ccc(cc1)P(c1ccccc1)c1ccccc1,CC(O)C,[K+].[O-1]C(C)(C)C,10.0,25.0,,1.8829450286426468
COc1ccc(C(C)=O)cc1,COc1ccc([C@@H](C)O)cc1,Ru,N(CC1=NC2C(O1)Cc1c2cccc1)CC1=NC2C(O1)Cc1c2cccc1,CC(O)C,[O-1]C(C)(C)C.[K+],5.0,25.0,100.0,1.8829450286426468
CC(=O)c1ccccc1,C[C@@H](O)c1ccccc1,Ru,N(CC1=NC2C(O1)Cc1c2cccc1)CC1=NC2C(O1)Cc1c2cccc1,CO,[O-1]C(C)(C)C.[K+],30.0,25.0,100.0,1.8829450286426468
CC(=O)c1ccccc1Cl,C[C@@H](O)c1ccccc1Cl,Ru,N(CC1=NC2C(O1)Cc1c2cccc1)CC1=NC2C(O1)Cc1c2cccc1,CC(O)C,[O-1]C(C)(C)C.[K+],5.0,25.0,100.0,1.8829450286426468
CC(=O)c1cc(C(F)(F)F)cc(C(F)(F)F)c1,C[C@@H](O)c1cc(C(F)(F)F)cc(C(F)(F)F)c1,Ru,CC1(C)O[C@@H]([C@H](O1)CP(c1ccccc1)c1ccccc1)CP(c1ccccc1)c1ccccc1.C[C@H](c1nc2c([nH]1)cccc2)N,Cc1ccccc1.CC(O)(C)C,[O-1]C(C)(C)C.[K+].c1ccc(cc1)P(c1ccccc1)c1ccccc1,8.0,25.0,1000.0,1.8829450286426468
CC(=O)c1ccc2ccccc2c1,C[C@H](O)c1ccc2ccccc2c1,Ru,Brc1ccc2c(c1)[C@H](NC2)[C@H]1NCc2c1cc(Br)cc2.c1ccc(cc1)P(C12C3[Fe]4567892(C1C5C34)C1C6C7C9(C81)P(c1ccccc1)c1ccccc1)c1ccccc1,CCCO,[K+].[O-1]C(C)(C)C,10.0,25.0,1000.0,1.8829450286426468
CC(=O)c1ccc(C)cc1,Cc1ccc([C@H](C)O)cc1,Ru,O=C(c1ccccc1P(c1ccccc1)c1ccccc1)c1ccccc1P(c1ccccc1)c1ccccc1.NC(C(c1ccccc1)N)c1ccccc1,CC(O)C,[O-1]C(C)(C)C.[K+],20.0,25.0,1000.0,1.8829450286426468
CCC(=O)c1ccccc1,CC[C@H](O)c1ccccc1,Ru,O=C(c1ccccc1P(c1ccccc1)c1ccccc1)c1ccccc1P(c1ccccc1)c1ccccc1.NC(C(c1ccccc1)N)c1ccccc1,CCO,[O-1]C(C)(C)C.[K+],20.0,25.0,1000.0,1.8829450286426468
CC(=O)c1ccccc1,C[C@H](O)c1ccccc1,Ru,COc1ccc2c(c1)[C@H](NC2)[C@H]1NCc2c1cc(OC)cc2.c1ccc(cc1)P(C12C3[Fe]4567892(C1C5C34)C1C6C7C9(C81)P(c1ccccc1)c1ccccc1)c1ccccc1,CCCO,[K+].[O-1]C(C)(C)C,10.0,25.0,1000.0,1.8829450286426468
CC(=O)c1ccc(C)cc1,Cc1ccc([C@H](C)O)cc1,Ru,c1ccc2c(c1)[C@H](NC2)[C@H]1NCc2c1cccc2.c1ccc(cc1)P(c1ccccc1)c1ccccc1,CC(O)C,[K+].[O-1]C(C)(C)C,10.0,25.0,,1.8829450286426468
CSc1ccc(C(C)=O)cc1,CSc1ccc([C@@H](C)O)cc1,Ru,OC[C@@H](NC(=O)CN[C@@H](C12C3[Fe]4567891(C2(C8C34)P(c1ccccc1)c1ccccc1)C1C5C6C9(C71)P(c1ccccc1)c1ccccc1)C)C,CC(O)C,[Na+].[O-1]C(C)(C)C,10.0,25.0,1000.0,1.8829450286426468
CC(=O)c1ccc(Cl)cn1,C[C@H](O)c1ccc(Cl)cn1,Ru,Cc1ccccc1[C@H](c1ccccn1)N[C@H](C12C3[Fe]4567891(C2(C8C34)P(c1ccccc1)c1ccccc1)C1C5C6C9(C71)P(c1ccccc1)c1ccccc1)C,COC(C)(C)C,C1CN=C2N(C1)CCC2,50.0,25.0,33.333333333333336,1.8829450286426468
CC(=O)c1ccc(Br)cn1,C[C@H](O)c1ccc(Br)cn1,Ru,Cc1ccccc1[C@H](c1ccccn1)N[C@H](C12C3[Fe]4567891(C2(C8C34)P(c1ccccc1)c1ccccc1)C1C5C6C9(C71)P(c1ccccc1)c1ccccc1)C,COC(C)(C)C,C1CN=C2N(C1)CCC2,50.0,25.0,33.333333333333336,1.8829450286426468
CCOC(OCC)C(=O)c1ccc(Cl)cc1,CCOC(OCC)[C@H](O)c1ccc(Cl)cc1,Ru,Cc1ccc(cc1)P(c1ccc2c(c1c1c(ccc3c1cccc3)P(c1ccc(cc1)C)c1ccc(cc1)C)cccc2)c1ccc(cc1)C.N[C@H](c1ccccc1)CN(C)C,CC(O)C,[K+].[O-1]C(C)(C)C,8.0,25.0,1000.0,1.8829450286426468
CCOC(OCC)C(=O)c1ccccc1C,CCOC(OCC)[C@H](O)c1ccccc1C,Ru,Cc1ccc(cc1)P(c1ccc2c(c1c1c(ccc3c1cccc3)P(c1ccc(cc1)C)c1ccc(cc1)C)cccc2)c1ccc(cc1)C.N[C@H](c1ccccc1)CN(C)C,CC(O)C,[K+].[O-1]C(C)(C)C,8.0,25.0,1000.0,1.8829450286426468
CC(=O)c1ccccc1,C[C@H](O)c1ccccc1,Ru,Cc1ccc(cc1)P(c1ccc2c(c1c1c(ccc3c1cccc3)P(c1ccc(cc1)C)c1ccc(cc1)C)cccc2)c1ccc(cc1)C.N[C@H](c1ccccc1)CN(C)C,CC(O)C,[K+].[O-1]C(C)(C)C,8.0,25.0,500.0,1.8829450286426468
O=C(c1ccccc1)c1ccccn1,O[C@@H](c1ccccc1)c1ccccn1,Ru,Cc1ccc(c(c1)C)[C@H](c1ccccn1)N[C@H](C12C3[Fe]4567891(C2(C8C34)P(c1ccccc1)c1ccccc1)C1C5C6C9(C71)P(c1ccccc1)c1ccccc1)C,COC(C)(C)C,C1CN=C2N(C1)CCC2,50.0,25.0,33.333333333333336,1.8829450286426468
CC(=O)c1ccccc1,C[C@H](O)c1ccccc1,Ru,Cc1ccc(cc1)P(c1cccc2c1C1(CC2)CCc2c1c(ccc2)P(c1ccc(cc1)C)c1ccc(cc1)C)c1ccc(cc1)C.N[C@@H]([C@@H](c1ccccc1)N)c1ccccc1,CC(O)C,[O-1]C(C)(C)C.[K+],50.0,25.0,5000.0,1.8829450286426468
COc1ccc2c(c1)CCCC2=O,COc1ccc2c(c1)CCC[C@H]2O,Ru,Cc1ccc(cc1)P(c1ccc2c(c1c1c(ccc3c1cccc3)P(c1ccc(cc1)C)c1ccc(cc1)C)cccc2)c1ccc(cc1)C.C[C@H]([C@H]1OC(O[C@@H]1[C@H](N)C)(C)C)N,CC(O)C,[O-1]C(C)(C)C.[K+],9.0,25.0,1000.0,1.8829450286426468
CC(=O)c1ccccc1,C[C@@H](O)c1ccccc1,Ru,COc1ccc(cc1)P(c1cccc2c1C1(CC2)CCc2c1c(ccc2)P(c1ccc(cc1)OC)c1ccc(cc1)OC)c1ccc(cc1)OC.N[C@H]([C@H](c1ccccc1)N)c1ccccc1,CC(O)C,[O-1]C(C)(C)C.[K+],50.0,25.0,5000.0,1.8829450286426468
CC(=O)c1cccc2ccccc12,C[C@H](O)c1cccc2ccccc12,Ru,Clc1ccc2c(c1)c(cc(c2c1c(cc(c2c1ccc(c2)Cl)c1ccccc1)P(c1cc(C)cc(c1)C)c1cc(C)cc(c1)C)P(c1cc(C)cc(c1)C)c1cc(C)cc(c1)C)c1ccccc1.COc1ccc(cc1)C(c1ccc(cc1)OC)([C@@H](C(C)C)N)N,CC(O)C,[O-1]C(C)(C)C.[K+],48.3,25.0,1000.0,1.8752762226403719
O=C1CCCc2ccc(F)cc21,O[C@@H]1CCCc2ccc(F)cc21,Ru,C[C@H](c1cccc2c1cccc2)N1CC[N+](=[C-1]1)[C@@H](c1cccc2c1cccc2)C.N[C@@H]([C@@H](c1ccc(cc1)C)N)c1ccc(cc1)C,CC(O)C,[O-1]C(C)(C)C.[Na+],7.5,22.0,3333.3333333333335,1.8639987429276448
CC(=O)c1ccccc1,C[C@@H](O)c1ccccc1,Ru,COc1nc(OC)cc(c1c1c(OC)nc(cc1P(c1ccc(cc1)OC)c1ccc(cc1)OC)OC)P(c1ccc(cc1)OC)c1ccc(cc1)OC.COc1ccc(cc1)C(c1ccc(cc1)OC)([C@H](C(C)C)N)N,CC(O)C,[K+].[OH-1],30.0,25.0,2000.0,1.860206870620533
CC(=O)c1ccccc1,C[C@@H](O)c1ccccc1,Ru,COc1cccc(c1P(c1ccc(cc1)OC(C)C)c1ccc(cc1)OC(C)C)c1cccc(c1P(c1ccc(cc1)OC(C)C)c1ccc(cc1)OC(C)C)OC.N[C@H]([C@H](c1ccccc1)N)c1ccccc1,CC(O)C,[K+].[OH-1],29.61,20.0,3000.003000003,1.8513678857843097
CC(=O)c1ccccc1C,Cc1ccccc1[C@H](C)O,Ru,C[C@@H]1Oc2cccc(c2-c2c(O[C@H]1C)cccc2P(c1ccccc1)c1ccccc1)P(c1ccccc1)c1ccccc1.N[C@@H]([C@@H](c1ccccc1)N)c1ccccc1,CCCCO,[K+].[O-1]C(C)(C)C,20.0,20.0,500.0,1.8513678857843097
CC(=O)c1ccccc1,C[C@@H](O)c1ccccc1,Ru,Cc1cc(P(c2ccccc2)c2ccccc2)c(c(c1C)C)c1c(C)c(C)c(cc1P(c1ccccc1)c1ccccc1)C.CN[C@H]1CCCC[C@@H]1NC,CC(O)C,[OH-1].[K+],30.0,20.0,3003.003003003003,1.8513678857843097
COc1ccccc1C(C)=O,COc1ccccc1[C@@H](C)O,Ru,c1ccc(cc1)P(c1ccc2c(c1c1c(ccc3c1cccc3)P(c1ccccc1)c1ccccc1)cccc2)c1ccccc1.CN[C@H]1CCCC[C@@H]1NC,CC(O)C,[OH-1].[K+],30.0,20.0,3003.003003003003,1.8513678857843097
COc1cccc(C(=O)c2cc(Cl)ccc2N)c1OC,COc1cccc([C@@H](O)c2cc(Cl)ccc2N)c1OC,Ru,CCc1cc(cc(c1N(C)C)CC)P(c1ccc2c(c1c1c(ccc3c1cccc3)P(c1cc(CC)c(c(c1)CC)N(C)C)c1cc(CC)c(c(c1)CC)N(C)C)cccc2)c1cc(CC)c(c(c1)CC)N(C)C.N[C@H]([C@H](c1ccccc1)N)c1ccccc1,CC(O)C.C1CCCO1,[OH-1].[K+],4.0,43.0,1000.0,1.8498534464211682
COc1cccc(C(=O)c2cc(Cl)ccc2N)c1OC,COc1cccc([C@@H](O)c2cc(Cl)ccc2N)c1OC,Ru,Cc1cc(C)cc(c1)P(c1ccc2c(c1c1c(ccc3c1cccc3)P(c1cc(C)cc(c1)C)c1cc(C)cc(c1)C)cccc2)c1cc(C)cc(c1)C.N[C@H]([C@H](c1ccccc1)N)c1ccccc1,CC(O)C.C1CCCO1,[OH-1].[K+],1.0,43.0,1000.0,1.8498534464211682
CC(=O)c1ccccc1,C[C@H](O)c1ccccc1,Ru,OC1(CCCC1)c1cc(P(c2ccccc2)c2ccccc2)c(c2c1cccc2)c1c(cc(c2c1cccc2)C1(O)CCCC1)P(c1ccccc1)c1ccccc1.N[C@@H]([C@@H](c1ccccc1)N)c1ccccc1,CC(O)C,[O-1]C(C)(C)C.[K+],47.62,25.0,1000.0,1.8454809908469765
CC(=O)c1ccccc1,C[C@H](O)c1ccccc1,Ru,OC(c1cc(P(c2ccccc2)c2ccccc2)c(c2c1cccc2)c1c(cc(c2c1cccc2)C(c1ccccc1)(c1ccccc1)O)P(c1ccccc1)c1ccccc1)(c1ccccc1)c1ccccc1.N[C@@H]([C@@H](c1ccccc1)N)c1ccccc1,CC(O)C,[O-1]C(C)(C)C.[K+],47.62,25.0,1000.0,1.8454809908469765
CC(=O)c1ccccc1,C[C@@H](O)c1ccccc1,Ru,Cc1cc(C)cc(c1)P(c1cc2CCc3ccc(CCc1cc2)cc3P(c1cc(C)cc(c1)C)c1cc(C)cc(c1)C)c1cc(C)cc(c1)C.NC[C@@H]1CCCN1,CC(O)C,[K+].[O-1]C(C)(C)C,8.0,19.0,3000.003000003,1.8450524572126423
CC(=O)[C]12[CH]3[CH]4[CH]5[CH]1[Fe]45321678[CH]2[CH]1[CH]6[CH]7[CH]28,C[C@@H](O)[C]12[CH]3[CH]4[CH]5[CH]1[Fe]45321678[CH]2[CH]1[CH]6[CH]7[CH]28,Ru,Cc1cc(C)cc(c1)P(c1cc2CCc3ccc(CCc1cc2)cc3P(c1cc(C)cc(c1)C)c1cc(C)cc(c1)C)c1cc(C)cc(c1)C.N[C@H]([C@H](c1ccccc1)N)c1ccccc1,CC(O)C,[K+].[O-1]C(C)(C)C,5.5,19.0,1000.0,1.8450524572126423
CCC(=O)c1ccccc1,CC[C@H](O)c1ccccc1,Ru,OC1(CCCC1)c1cc(P(c2ccccc2)c2ccccc2)c(c2c1cccc2)c1c(cc(c2c1cccc2)C1(O)CCCC1)P(c1ccccc1)c1ccccc1.N[C@@H]([C@@H](c1ccccc1)N)c1ccccc1,CC(O)C,[O-1]C(C)(C)C.[K+],47.62,25.0,1000.0,1.8382418064019794
CC(=O)c1ccc(C(C)(C)C)cc1,C[C@H](O)c1ccc(C(C)(C)C)cc1,Ru,Clc1cc(P(c2ccccc2)c2ccccc2)c(c2c1cccc2)c1c(cc(c2c1cccc2)Cl)P(c1ccccc1)c1ccccc1.N[C@@H]([C@@H](c1ccccc1)N)c1ccccc1,CC(O)C,[O-1]C(C)(C)C.[K+],47.62,25.0,1000.0,1.8382418064019794
CC(=O)c1ccc(C(F)(F)F)cc1,C[C@@H](O)c1ccc(C(F)(F)F)cc1,Ru,Cc1ccc(cc1)S(=O)(=O)c1ccc(cc1)S(=O)(=O)N[C@@H]([C@@H](c1ccccc1)NCCc1ccccc1)c1ccccc1,CO,,30.0,60.0,500.0,1.8334453829351571
CC(=O)c1ccccc1Cl,C[C@@H](O)c1ccccc1Cl,Ru,COc1nc(OC)cc(c1c1c(OC)nc(cc1P(c1ccc(cc1)OC)c1ccc(cc1)OC)OC)P(c1ccc(cc1)OC)c1ccc(cc1)OC.COc1ccc(cc1)C(c1ccc(cc1)OC)([C@H](C(C)C)N)N,CC(O)C,[K+].[OH-1],30.0,25.0,2000.0,1.8310825743065435
CC(=O)c1cc(C(F)(F)F)cc(C(F)(F)F)c1,C[C@@H](O)c1cc(C(F)(F)F)cc(C(F)(F)F)c1,Ru,CC1(C)O[C@@H]([C@H](O1)CP(c1ccccc1)c1ccccc1)CP(c1ccccc1)c1ccccc1.C[C@H](c1nc2c([nH]1)c(C)ccc2C)N,Cc1ccccc1,[O-1]C(C)(C)C.[K+],8.0,25.0,1000.0,1.8310825743065435
CC(=O)C#CC(C)(C)C,C[C@H](O)C#CC(C)(C)C,Ru,Cc1ccc(cc1)S(=O)(=O)N[C@H]([C@H](c1ccccc1)N)c1ccccc1,CO,,20.0,50.0,200.0,1.82621830018491
CC(=O)c1ccccc1,C[C@@H](O)c1ccccc1,Ru,CS(=O)(=O)N[C@@H]([C@@H](c1ccccc1)NCCc1ccccc1)c1ccccc1,CO,,30.0,60.0,500.0,1.8216145520137395
CC(=O)c1ccccc1,C[C@@H](O)c1ccccc1,Ru,CS(=O)(=O)N[C@@H]([C@@H](c1ccccc1)NCCc1ccccc1)c1ccccc1,CO,,30.0,60.0,1000.0,1.8216145520137395
CC(=O)c1ccccc1,C[C@@H](O)c1ccccc1,Ru,CS(=O)(=O)N[C@@H]([C@@H](c1ccccc1)NCCc1ccccc1)c1ccccc1,CO,,30.0,60.0,200.0,1.8216145520137395
CCCC(=O)c1ccccc1,CCC[C@H](O)c1ccccc1,Ru,CCCCCN[C@H](c1ccnc2c1cccc2)[C@H]1CC2CCN1CC2C=C.C1CCC(CC1)P(C1CCCCC1)C1CCCCC1,CCO,[Ba+2].[OH-1].[OH-1],60.0,30.0,1000.0,1.819721363660544
CC(=O)c1ccc2ccccc2c1,C[C@H](O)c1ccc2ccccc2c1,Ru,c1ccc(cc1)P(c1cc(c2ccccc2)c2c(c1c1c(cc(c3c1cccc3)c1ccccc1)P(c1ccccc1)c1ccccc1)cccc2)c1ccccc1.N[C@@H]([C@@H](c1ccccc1)N)c1ccccc1,CC(O)C,[O-1]C(C)(C)C.[K+],47.62,25.0,1000.0,1.8169967036082924
CC(=O)c1ccc2ccccc2c1,C[C@H](O)c1ccc2ccccc2c1,Ru,CCCCCN[C@H](c1ccnc2c1cccc2)[C@H]1CC2CCN1CC2C=C.C1CCC(CC1)P(C1CCCCC1)C1CCCCC1,CCO,[Ba+2].[OH-1].[OH-1],60.0,25.0,1000.0,1.8169967036082924
COc1ccc(C(C)=O)cc1,COc1ccc([C@H](C)O)cc1,Ru,CCOP(=O)(c1cc(P(c2ccccc2)c2ccccc2)c(c2c1cccc2)c1c(cc(c2c1cccc2)P(=O)(OCC)OCC)P(c1ccccc1)c1ccccc1)OCC.N[C@@H]([C@@H](c1ccccc1)N)c1ccccc1,CC(O)C,[O-1]C(C)(C)C.[K+],47.62,25.0,1000.0,1.8169967036082924
CCC(=O)c1ccccc1,CC[C@H](O)c1ccccc1,Ru,c1ccc(cc1)P(c1cc(c2ccccc2)c2c(c1c1c(cc(c3c1cccc3)c1ccccc1)P(c1ccccc1)c1ccccc1)cccc2)c1ccccc1.N[C@@H]([C@@H](c1ccccc1)N)c1ccccc1,CC(O)C,[O-1]C(C)(C)C.[K+],47.62,25.0,1000.0,1.8169967036082924
CC(=O)c1ccccc1,C[C@H](O)c1ccccc1,Ru,O=C(c1ccccc1P(c1ccccc1)c1ccccc1)c1ccccc1P(c1ccccc1)c1ccccc1.NC(C(c1ccccc1)N)c1ccccc1,CCO,[O-1]C(C)(C)C.[K+],80.0,25.0,1000.0,1.8100665856486746
CCCCCCC(=O)C=C(c1ccccc1)c1ccccc1,CCCCCC[C@H](O)C=C(c1ccccc1)c1ccccc1,Ru,c1ccc(cc1)P(c1ccccc1Oc1ccccc1P(c1ccccc1)c1ccccc1)c1ccccc1.c1ccc2c(c1)[C@H](NC2)[C@@H]1NCc2c1cccc2,CC(O)C,[O-1]C(C)(C)C.[K+],10.0,25.0,500.0,1.8100665856486746
CC(=O)c1cccc(C)c1,Cc1cccc([C@H](C)O)c1,Ru,O=C(c1ccccc1P(c1ccccc1)c1ccccc1)c1ccccc1P(c1ccccc1)c1ccccc1.NC(C(c1ccccc1)N)c1ccccc1,CCO,[O-1]C(C)(C)C.[K+],20.0,25.0,1000.0,1.8100665856486746
CC(=O)c1ccc(C)cc1,Cc1ccc([C@@H](C)O)cc1,Ru,OC[C@@H](NC(=O)CN[C@@H](C12C3[Fe]4567891(C2(C8C34)P(c1ccccc1)c1ccccc1)C1C5C6C9(C71)P(c1ccccc1)c1ccccc1)C)C,CC(O)C,[Na+].[O-1]C(C)(C)C,10.0,25.0,1000.0,1.8100665856486746
CC(=O)c1ccccc1C(F)(F)F,C[C@H](O)c1ccccc1C(F)(F)F,Ru,O=C(c1ccccc1P(c1ccccc1)c1ccccc1)c1ccccc1P(c1ccccc1)c1ccccc1.NC(C(c1ccccc1)N)c1ccccc1,CCO,[O-1]C(C)(C)C.[K+],20.0,25.0,1000.0,1.8100665856486746
CC(=O)c1ccc2ccccc2c1,C[C@H](O)c1ccc2ccccc2c1,Ru,O=C(c1ccccc1P(c1ccccc1)c1ccccc1)c1ccccc1P(c1ccccc1)c1ccccc1.NC(C(c1ccccc1)N)c1ccccc1,CCO,[O-1]C(C)(C)C.[K+],20.0,25.0,1000.0,1.8100665856486746
CCCCCC(=O)[Si](C)(C)C(C)(C)C,CCCCC[C@H](O)[Si](C)(C)C(C)(C)C,Ru,Cc1ccc(cc1)P(c1ccc2c(c1c1c(ccc3c1cccc3)P(c1ccc(cc1)C)c1ccc(cc1)C)cccc2)c1ccc(cc1)C.NCc1ccccn1,CCO,[O-1]C(C)(C)C.[K+],10.0,25.0,1200.000480000192,1.8100665856486746
O=C(c1cccc(Cl)c1)c1ccccn1,O[C@@H](c1cccc(Cl)c1)c1ccccn1,Ru,Cc1ccccc1[C@H](c1ccccn1)N[C@H](C12C3[Fe]4567891(C2(C8C34)P(c1ccccc1)c1ccccc1)C1C5C6C9(C71)P(c1ccccc1)c1ccccc1)C,COC(C)(C)C,C1CN=C2N(C1)CCC2,50.0,25.0,33.333333333333336,1.8100665856486746
O=C(c1ccccc1)c1ccccn1,O[C@@H](c1ccccc1)c1ccccn1,Ru,Cc1ccccc1[C@H](c1ccccn1)N[C@H](C12C3[Fe]4567891(C2(C8C34)P(c1ccccc1)c1ccccc1)C1C5C6C9(C71)P(c1ccccc1)c1ccccc1)C,COC(C)(C)C,C1CCN2C(=NCCC2)CC1,50.0,25.0,33.333333333333336,1.8100665856486746
CC(C)C(=O)c1ccccc1,CC(C)[C@@H](O)c1ccccc1,Ru,N(CC1=NC2C(O1)Cc1c2cccc1)CC1=NC2C(O1)Cc1c2cccc1,CC(O)C,[O-1]C(C)(C)C.[K+],5.0,25.0,100.0,1.8100665856486746
CC(=O)c1ccccc1,C[C@@H](O)c1ccccc1,Ru,CC1(C)O[C@@H]([C@H](O1)CP(c1ccccc1)c1ccccc1)CP(c1ccccc1)c1ccccc1.COc1ccc2c(c1)[nH]c(n2)[C@@H](N)C,CCOCC,[O-1]C(C)(C)C.[K+],8.0,25.0,1000.0,1.8100665856486746
CC(=O)c1ccc(C)cc1,Cc1ccc([C@@H](C)O)cc1,Ru,O=C(c1ccccc1P(c1ccccc1)c1ccccc1)c1ccccc1P(c1ccccc1)c1ccccc1.N[C@H]([C@H](c1ccccc1)N)c1ccccc1,CC(O)C,[K+].[OH-1],15.0,25.0,250.0,1.8100665856486746
CC(=O)c1ccccc1,C[C@H](O)c1ccccc1,Ru,Clc1ccc2c(c1)[C@H](NC2)[C@H]1NCc2c1cc(Cl)cc2.c1ccc(cc1)P(c1ccccc1)c1ccccc1,CC(O)C,[K+].[O-1]C(C)(C)C,10.0,25.0,,1.8100665856486746
CC(=O)c1ccccc1,C[C@H](O)c1ccccc1,Ru,O=C(c1ccccc1P(c1ccccc1)c1ccccc1)c1ccccc1P(c1ccccc1)c1ccccc1.NC(C(c1ccccc1)N)c1ccccc1,CCO,[O-1]C(C)(C)C.[K+],40.0,25.0,1000.0,1.8100665856486746
CCCC(=O)c1ccccc1,CCC[C@@H](O)c1ccccc1,Ru,COc1c(C)cc(cc1C)P([C@H]1CCC[C@H]1[C@@H]1CCC[C@@H]1P(c1cc(C)c(c(c1)C)OC)c1cc(C)c(c(c1)C)OC)c1cc(C)c(c(c1)C)OC.CCCSc1ccccc1N,CCO,[O-1]C(C)(C)C.[Na+],7.0,25.0,500.0,1.8100665856486746
CC(=O)/C=C(\C)c1ccccc1,C/C(=C\[C@H](C)O)c1ccccc1,Ru,c1ccc(cc1)P(c1ccccc1Oc1ccccc1P(c1ccccc1)c1ccccc1)c1ccccc1.c1ccc2c(c1)[C@H](NC2)[C@@H]1NCc2c1cccc2,CCCO,[O-1]C(C)(C)C.[K+],10.0,25.0,1000.0,1.8100665856486746
COc1ccccc1C(C)=O,COc1ccccc1[C@H](C)O,Ru,COc1ccccc1P(c1ccccc1OC)c1ccccc1OC.C=CC1CN2CCC1CC2[C@@H](c1ccnc2c1cccc2)N,CCCO,[Li+].[OH-1],60.0,30.0,250.0,1.8062713102590537
CC(=O)c1ccc(C(C)(C)C)cc1,C[C@H](O)c1ccc(C(C)(C)C)cc1,Ru,Cc1cc(P(c2ccccc2)c2ccccc2)c(c2c1cccc2)c1c(cc(c2c1cccc2)C)P(c1ccccc1)c1ccccc1.N[C@@H]([C@@H](c1ccccc1)N)c1ccccc1,CC(O)C,[O-1]C(C)(C)C.[K+],47.62,25.0,1000.0,1.803209455929095
CC(=O)c1ccc(F)cc1,C[C@H](O)c1ccc(F)cc1,Ru,Brc1ccccc1p1oc2ccc3c(c2c2c(o1)ccc1c2cccc1)cccc3.N[C@@H]1CCCC[C@H]1N,CC(O)C,[O-1]C(C)(C)C.[K+],80.0,0.0,500.0,1.8003604113808949
CC(=O)c1ccccc1,C[C@@H](O)c1ccccc1,Ru,Brc1ccccc1p1oc2ccc3c(c2c2c(o1)ccc1c2cccc1)cccc3.N[C@H]([C@H](c1ccccc1)N)c1ccccc1,CC(O)C,[O-1]C(C)(C)C.[K+],50.0,0.0,2000.0,1.8003604113808949
CC(=O)c1cccc(C(F)(F)F)c1,C[C@H](O)c1cccc(C(F)(F)F)c1,Ru,Brc1ccccc1p1oc2ccc3c(c2c2c(o1)ccc1c2cccc1)cccc3.N[C@@H]1CCCC[C@H]1N,CC(O)C,[O-1]C(C)(C)C.[K+],80.0,0.0,300.3003003003003,1.8003604113808949
CC(=O)c1ccncc1,C[C@@H](O)c1ccncc1,Ru,Brc1ccccc1p1oc2ccc3c(c2c2c(o1)ccc1c2cccc1)cccc3.N[C@H]([C@H](c1ccccc1)N)c1ccccc1,CC(O)C,[O-1]C(C)(C)C.[K+],55.0,0.0,200.0,1.8003604113808949
CC(=O)c1ccccc1,C[C@@H](O)c1ccccc1,Ru,C[C@@H]1C[C@@H](C)Oc2c(-c3c(O1)cccc3P(c1cc(C)cc(c1)C)c1cc(C)cc(c1)C)c(ccc2)P(c1cc(C)cc(c1)C)c1cc(C)cc(c1)C.N[C@H]1CCCC[C@@H]1N,CC(O)C,[O-1]C(C)(C)C.[K+],50.0,21.0,10000.0,1.7995305396148966
COc1ccc(C(C)=O)cc1,COc1ccc([C@H](C)O)cc1,Ru,OC1(CCCC1)c1cc(P(c2ccccc2)c2ccccc2)c(c2c1cccc2)c1c(cc(c2c1cccc2)C1(O)CCCC1)P(c1ccccc1)c1ccccc1.N[C@@H]([C@@H](c1ccccc1)N)c1ccccc1,CC(O)C,[O-1]C(C)(C)C.[K+],47.62,25.0,1000.0,1.7964237153097928
O=C1CCCCc2ccccc21,O[C@@H]1CCCCc2ccccc21,Ru,C[C@H](c1cccc2c1cccc2)N1CC[N+](=[C-1]1)[C@@H](c1cccc2c1cccc2)C.N[C@@H]([C@@H](c1ccc(cc1)C)N)c1ccc(cc1)C,CC(O)C,[O-1]C(C)(C)C.[Na+],7.5,22.0,3333.3333333333335,1.7918536064202797
CC(=O)c1ccccc1,C[C@@H](O)c1ccccc1,Ru,c1ccc(cc1)P(c1ccc2c(c1c1c(ccc3c1cccc3)P(c1ccccc1)c1ccccc1)cccc2)c1ccccc1.CN[C@H]1CCCC[C@@H]1NC,CC(O)C,[OH-1].[K+],30.0,20.0,3003.003003003003,1.779711620268016
COc1ccc(C(C)=O)cc1,COc1ccc([C@@H](C)O)cc1,Ru,c1ccc(cc1)P(c1ccc2c(c1c1c(ccc3c1cccc3)P(c1ccccc1)c1ccccc1)cccc2)c1ccccc1.CN[C@H]1CCCC[C@@H]1NC,CC(O)C,[OH-1].[K+],30.0,20.0,3003.003003003003,1.779711620268016
CC(=O)C=C(C)C,CC(C)=C[C@H](C)O,Ru,COc1nc(OC)cc(c1c1c(OC)nc(cc1P(c1cc(C)cc(c1)C)c1cc(C)cc(c1)C)OC)P(c1cc(C)cc(c1)C)c1cc(C)cc(c1)C.N[C@@H]([C@@H](c1ccccc1)N)c1ccccc1,CC(O)C,[O-1]C(C)(C)C.[K+],34.02286336,27.5,12004.801920768306,1.7783005202387319
CC(=O)c1ccc(Cl)cc1,C[C@H](O)c1ccc(Cl)cc1,Ru,C[Si](c1cc(P(c2ccccc2)c2ccccc2)c(c2c1cccc2)c1c(cc(c2c1cccc2)[Si](C)(C)C)P(c1ccccc1)c1ccccc1)(C)C.N[C@@H]([C@@H](c1ccccc1)N)c1ccccc1,CC(O)C,[O-1]C(C)(C)C.[K+],47.62,25.0,1000.0,1.7764796013647923
CC(=O)c1cc(C(F)(F)F)cc(C(F)(F)F)c1,C[C@@H](O)c1cc(C(F)(F)F)cc(C(F)(F)F)c1,Ru,CC1(C)O[C@@H]([C@H](O1)CP(c1ccccc1)c1ccccc1)CP(c1ccccc1)c1ccccc1.N[C@@H](c1nc2c([nH]1)cccc2)C(C)C,Cc1ccccc1.CC(O)(C)C,[O-1]C(C)(C)C.[K+].c1ccc(cc1)P(c1ccccc1)c1ccccc1,8.0,25.0,1000.0,1.7764796013647923
CCC(=O)c1ccccc1,CC[C@H](O)c1ccccc1,Ru,Cc1cc(P(c2ccccc2)c2ccccc2)c(c2c1cccc2)c1c(cc(c2c1cccc2)C)P(c1ccccc1)c1ccccc1.N[C@@H]([C@@H](c1ccccc1)N)c1ccccc1,CC(O)C,[O-1]C(C)(C)C.[K+],47.62,25.0,1000.0,1.7764796013647923
O=C1CN2CCC1CC2,O[C@H]1CN2CCC1CC2,Ru,C[C@H](P(c1cc(C)cc(c1)C)c1cc(C)cc(c1)C)C[C@@H](P(c1cc(C)cc(c1)C)c1cc(C)cc(c1)C)C.NCc1ccccn1,CCO,[O-1]C(C)(C)C.[K+],10.0,30.0,49999.99999999999,1.773787987608974
CC(=O)C=C(C)C,CC(C)=C[C@H](C)O,Ru,COc1nc(OC)cc(c1c1c(OC)nc(cc1P(c1cc(C)cc(c1)C)c1cc(C)cc(c1)C)OC)P(c1cc(C)cc(c1)C)c1cc(C)cc(c1)C.N[C@@H]([C@@H](c1ccccc1)N)c1ccccc1,CC(O)C,[O-1]C(C)(C)C.[K+],23.81600435,27.5,2000.0,1.771858721927074
CC(=O)C#Cc1ccc(Cl)cc1,C[C@H](O)C#Cc1ccc(Cl)cc1,Ru,Cc1ccc(cc1)S(=O)(=O)N[C@H]([C@H](c1ccccc1)N)c1ccccc1,CO,,10.0,50.0,200.0,1.7669360422729699
CC(=O)c1cc(C(F)(F)F)cc(C(F)(F)F)c1,C[C@@H](O)c1cc(C(F)(F)F)cc(C(F)(F)F)c1,Ru,CC1(C)O[C@@H]([C@H](O1)CP(c1ccccc1)c1ccccc1)CP(c1ccccc1)c1ccccc1.C[C@H](c1nc2c([nH]1)c(C)ccc2C)N,Cc1ccccc1,[O-1]C(C)(C)C.[K+],30.0,25.0,10905.125408942202,1.763513388023209
CC(=O)c1cc(C(F)(F)F)cc(C(F)(F)F)c1,C[C@@H](O)c1cc(C(F)(F)F)cc(C(F)(F)F)c1,Ru,CC1(C)O[C@@H]([C@H](O1)CP(c1ccccc1)c1ccccc1)CP(c1ccccc1)c1ccccc1.N[C@@H](c1nc2c([nH]1)cccc2)C(C)C,Cc1ccccc1.CC(O)(C)C,[O-1]C(C)(C)C.[K+],8.0,25.0,1000.0,1.763513388023209
CC(=O)c1cccc(Cl)c1,C[C@H](O)c1cccc(Cl)c1,Ru,CCCCCN[C@H](c1ccnc2c1cccc2)[C@H]1CC2CCN1CC2C=C.C1CCC(CC1)P(C1CCCCC1)C1CCCCC1,CCO,[Ba+2].[OH-1].[OH-1],60.0,30.0,1000.0,1.7612240352461916
CC(=O)c1cc(C(F)(F)F)cc(C(F)(F)F)c1,C[C@@H](O)c1cc(C(F)(F)F)cc(C(F)(F)F)c1,Ru,CC1(C)O[C@@H]([C@H](O1)CP(c1ccccc1)c1ccccc1)CP(c1ccccc1)c1ccccc1.C[C@H](c1nc2c([nH]1)cccc2)N,Cc1ccccc1.CC(O)(C)C,[O-1]C(C)(C)C.[K+],8.0,25.0,1000.0,1.757125155305362
CC(=O)c1ccccc1,C[C@H](O)c1ccccc1,Ru,COc1ccccc1P(c1ccccc1OC)c1ccccc1OC.C=CC1CN2CCC1CC2[C@@H](c1ccnc2c1cccc2)N,CC(O)C,[Li+].[OH-1],60.0,25.0,500.0,1.757125155305362
CC(=O)c1cccc2ccccc12,C[C@H](O)c1cccc2ccccc12,Ru,Clc1ccc2c(c1)c(cc(c2c1c(cc(c2c1ccc(c2)Cl)c1ccccc1)P(c1cc(C)cc(c1)C)c1cc(C)cc(c1)C)P(c1cc(C)cc(c1)C)c1cc(C)cc(c1)C)c1ccccc1.N[C@@H]([C@@H](c1ccccc1)N)c1ccccc1,CC(O)C,[O-1]C(C)(C)C.[K+],48.3,25.0,1000.0,1.7507984533668137
CC(=O)c1cc(C(F)(F)F)cc(C(F)(F)F)c1,C[C@@H](O)c1cc(C(F)(F)F)cc(C(F)(F)F)c1,Ru,COc1c(C)cc(cc1C)P([C@H]1CCC[C@H]1[C@@H]1CCC[C@@H]1P(c1cc(C)c(c(c1)C)OC)c1cc(C)c(c(c1)C)OC)c1cc(C)c(c(c1)C)OC.CCCSc1ccccc1N,CCO,[O-1]C(C)(C)C.[Na+],7.0,25.0,1000.0,1.744532041911976
CC(=O)c1ccccc1,C[C@H](O)c1ccccc1,Ru,c1ccc(cc1)P(c1cccc2c1C1(CC2)CCc2c1c(ccc2)P(c1ccccc1)c1ccccc1)c1ccccc1.N[C@@H]([C@@H](c1ccccc1)N)c1ccccc1,CC(O)C,[O-1]C(C)(C)C.[K+],50.0,25.0,5000.0,1.744532041911976
CCC/C=C/C(=O)[Si](C)(C)c1ccccc1,CCC/C=C/[C@H](O)[Si](C)(C)c1ccccc1,Ru,Cc1ccc(cc1)P(c1ccc2c(c1c1c(ccc3c1cccc3)P(c1ccc(cc1)C)c1ccc(cc1)C)cccc2)c1ccc(cc1)C.NCc1ccccn1,CCO,[O-1]C(C)(C)C.[K+],10.0,25.0,349.9999825000009,1.744532041911976
CC(=O)c1ccc2c(c1)OCO2,C[C@@H](O)c1ccc2c(c1)OCO2,Ru,OC[C@@H](NC(=O)CN[C@@H](C12C3[Fe]4567891(C2(C8C34)P(c1ccccc1)c1ccccc1)C1C5C6C9(C71)P(c1ccccc1)c1ccccc1)C)C,CC(O)C,[Na+].[O-1]C(C)(C)C,10.0,25.0,1000.0,1.744532041911976
CC(=O)c1ccc(F)cc1,C[C@@H](O)c1ccc(F)cc1,Ru,OC[C@@H](NC(=O)CN[C@@H](C12C3[Fe]4567891(C2(C8C34)P(c1ccccc1)c1ccccc1)C1C5C6C9(C71)P(c1ccccc1)c1ccccc1)C)C,CC(O)C,[Na+].[O-1]C(C)(C)C,10.0,25.0,1000.0,1.744532041911976
CC(=O)c1cc(C(F)(F)F)cc(C(F)(F)F)c1,C[C@@H](O)c1cc(C(F)(F)F)cc(C(F)(F)F)c1,Ru,CC1(C)O[C@@H]([C@H](O1)CP(c1ccccc1)c1ccccc1)CP(c1ccccc1)c1ccccc1.C[C@H](c1nc2c([nH]1)c(C)ccc2C)N,Cc1ccccc1,[O-1]C(C)(C)C.[K+],30.0,25.0,5518.763796909492,1.744532041911976
COCC(=O)c1ccc(C(F)(F)F)cc1,COC[C@H](O)c1ccc(C(F)(F)F)cc1,Ru,C1C[C@@H]([C@@H](C1)P(c1ccccc1)c1ccccc1)[C@H]1CCC[C@H]1P(c1ccccc1)c1ccccc1.NCCSC(C)(C)C,CCCCO,[O-1]C(C)(C)C.[Na+],7.0,25.0,200.0,1.744532041911976
CCCC(=O)c1ccccc1,CCC[C@H](O)c1ccccc1,Ru,C1C[C@@H]([C@@H](C1)P(c1ccccc1)c1ccccc1)[C@H]1CCC[C@H]1P(c1ccccc1)c1ccccc1.CCCSc1ccccc1N,CCO,[O-1]C(C)(C)C.[Na+],7.0,25.0,500.0,1.744532041911976
CC(=O)c1ccccc1,C[C@H](O)c1ccccc1,Ru,O=C(c1ccccc1P(c1ccccc1)c1ccccc1)c1ccccc1P(c1ccccc1)c1ccccc1.NC(C(c1ccccc1)N)c1ccccc1,CCO,[O-1]C(C)(C)C.[K+],20.0,25.0,1000.0,1.744532041911976
CC(=O)c1ccccc1,C[C@H](O)c1ccccc1,Ru,Cc1cc(P(c2ccccc2)c2ccccc2)c(c(c1C)C)c1c(C)c(C)c(cc1P(c1ccccc1)c1ccccc1)C.COc1ccc(cc1)C(c1ccc(cc1)OC)([C@@H](C(C)C)N)N,CC(O)C.CC(O)(C)C,[O-1]C(C)(C)C.[K+],8.17,25.0,3030.3030303030305,1.744532041911976
CC(=O)c1ccccc1,C[C@H](O)c1ccccc1,Ru,O=C(c1ccccc1P(c1ccccc1)c1ccccc1)c1ccccc1P(c1ccccc1)c1ccccc1.NC(C(c1ccccc1)N)c1ccccc1,CCO,[O-1]C(C)(C)C.[K+],10.0,25.0,1000.0,1.744532041911976
CCCC(=O)c1ccccc1,CCC[C@H](O)c1ccccc1,Ru,O=C(c1ccccc1P(C(C)(C)C)C)N[C@@H]1CCCC[C@H]1NC(=O)c1ccccc1P(C(C)(C)C)C,CC(O)C,[O-1]C(C)(C)C.[K+],30.0,25.0,100.0,1.744532041911976
CC(=O)c1ccccc1,C[C@H](O)c1ccccc1,Ru,Fc1ccc2c(c1)[C@H](NC2)[C@H]1NCc2c1cc(F)cc2.c1ccc(cc1)P(c1ccccc1)c1ccccc1,CC(O)C,[K+].[O-1]C(C)(C)C,10.0,25.0,,1.744532041911976
CC(=O)c1ccc(I)cc1,C[C@H](O)c1ccc(I)cc1,Ru,c1ccc2c(c1)[C@H](NC2)[C@H]1NCc2c1cccc2.c1ccc(cc1)P(c1ccccc1)c1ccccc1,CC(O)C,[K+].[O-1]C(C)(C)C,10.0,25.0,,1.744532041911976
O=C(c1ccccc1)c1ccccn1,O[C@@H](c1ccccc1)c1ccccn1,Ru,CCc1ccccc1[C@H](c1ccccn1)N[C@H](C12C3[Fe]4567891(C2(C8C34)P(c1ccccc1)c1ccccc1)C1C5C6C9(C71)P(c1ccccc1)c1ccccc1)C,COC(C)(C)C,C1CN=C2N(C1)CCC2,50.0,25.0,33.333333333333336,1.744532041911976
CC(=O)c1cc(C(F)(F)F)cc(C(F)(F)F)c1,C[C@@H](O)c1cc(C(F)(F)F)cc(C(F)(F)F)c1,Ru,CC1(C)O[C@@H]([C@H](O1)CP(c1ccccc1)c1ccccc1)CP(c1ccccc1)c1ccccc1.C[C@H](c1nc2c([nH]1)c(C)ccc2C)N,Cc1ccccc1.CC(O)(C)C,[O-1]C(C)(C)C.[K+],8.0,25.0,1000.0,1.744532041911976
COc1cccc(C(C)=O)c1,COc1cccc([C@@H](C)O)c1,Ru,N(CC1=NC2C(O1)Cc1c2cccc1)CC1=NC2C(O1)Cc1c2cccc1,CC(O)C,[O-1]C(C)(C)C.[K+],5.0,25.0,100.0,1.744532041911976
O=C1CCOc2ccc(Cl)cc21,O[C@@H]1CCOc2ccc(Cl)cc21,Ru,COC[C@@H](N[C@@H](C[C@H](P(c1ccccc1)c1ccccc1)C)C)C,CC(O)C,[K+].[O-1]C(C)(C)C,70.0,25.0,200.0,1.744532041911976
CC(=O)c1ccccc1,C[C@H](O)c1ccccc1,Ru,CC1(C)O[C@@H]([C@H](O1)CP(c1ccccc1)c1ccccc1)CP(c1ccccc1)c1ccccc1.COc1ccc2c(c1)[nH]c(n2)[C@@H](N)C,CC(O)(C)C,[O-1]C(C)(C)C.[K+],8.0,25.0,1000.0,1.744532041911976
CC(=O)c1ccccc1,C[C@@H](O)c1ccccc1,Ru,O=C(c1ccccc1P(c1ccccc1)c1ccccc1)c1ccccc1P(c1ccccc1)c1ccccc1.N[C@H]([C@H](c1ccccc1)N)c1ccccc1,CC(O)C,[K+].[OH-1],15.0,25.0,250.0,1.744532041911976
CC(=O)c1ccccc1Cl,C[C@H](O)c1ccccc1Cl,Ru,O=C(c1ccccc1P(c1ccccc1)c1ccccc1)c1ccccc1P(c1ccccc1)c1ccccc1.NC(C(c1ccccc1)N)c1ccccc1,CCO,[O-1]C(C)(C)C.[K+],20.0,25.0,1000.0,1.744532041911976
O=C1CCCc2ccccc21,O[C@@H]1CCCc2ccccc21,Ru,Cc1ccc(cc1)P(c1ccc2c(c1c1c(ccc3c1cccc3)P(c1ccc(cc1)C)c1ccc(cc1)C)cccc2)c1ccc(cc1)C.C[C@H]([C@H]1OC(O[C@@H]1[C@H](N)C)(C)C)N,CC(O)C,[O-1]C(C)(C)C.[K+],9.0,25.0,11001.100110011,1.744532041911976
COc1ccc(C(C)=O)cc1,COc1ccc([C@@H](C)O)cc1,Ru,COc1c(C)cc(cc1C)P([C@H]1CCC[C@H]1[C@@H]1CCC[C@@H]1P(c1cc(C)c(c(c1)C)OC)c1cc(C)c(c(c1)C)OC)c1cc(C)c(c(c1)C)OC.CCCSc1ccccc1N,CCO,[O-1]C(C)(C)C.[Na+],7.0,25.0,500.0,1.744532041911976
CC(=O)c1ccc(F)cc1,C[C@@H](O)c1ccc(F)cc1,Ru,COc1c(C)cc(cc1C)P([C@H]1CCC[C@H]1[C@@H]1CCC[C@@H]1P(c1cc(C)c(c(c1)C)OC)c1cc(C)c(c(c1)C)OC)c1cc(C)c(c(c1)C)OC.CCCSc1ccccc1N,CCO,[O-1]C(C)(C)C.[Na+],7.0,25.0,1000.0,1.744532041911976
CC(=O)c1ccccc1,C[C@H](O)c1ccccc1,Ru,c1ccc(cc1)P(c1cccc2c1C1(CC2)CCc2c1c(ccc2)P(c1ccccc1)c1ccccc1)c1ccccc1.N[C@@H]([C@@H](c1ccccc1)N)c1ccccc1,CC(O)C,[O-1]C(C)(C)C.[K+],50.0,25.0,5000.0,1.744532041911976
CC(=O)c1ccccc1,C[C@H](O)c1ccccc1,Ru,Cc1cc(P(c2ccccc2)c2ccccc2)c(c2c1cccc2)c1c(cc(c2c1cccc2)C)P(c1ccccc1)c1ccccc1.N[C@@H]([C@@H](c1ccccc1)N)c1ccccc1,CC(O)C,[O-1]C(C)(C)C.[K+],47.62,25.0,1000.0,1.7383247176648275
CC(=O)c1ccccc1,C[C@H](O)c1ccccc1,Ru,Clc1ccc2c(c1)c(cc(c2c1c(cc(c2c1ccc(c2)Cl)c1ccccc1)P(c1cc(C)cc(c1)C)c1cc(C)cc(c1)C)P(c1cc(C)cc(c1)C)c1cc(C)cc(c1)C)c1ccccc1.COc1ccc(cc1)C(c1ccc(cc1)OC)([C@@H](C(C)C)N)N,CC(O)C,[O-1]C(C)(C)C.[K+],48.3,25.0,1000.0,1.7383247176648275
CC(=O)c1cc(C(F)(F)F)cc(C(F)(F)F)c1,C[C@@H](O)c1cc(C(F)(F)F)cc(C(F)(F)F)c1,Ru,CC1(C)O[C@@H]([C@H](O1)CP(c1ccccc1)c1ccccc1)CP(c1ccccc1)c1ccccc1.C[C@H](c1nc2c([nH]1)c(C)ccc2C)N,Cc1ccccc1,[O-1]C(C)(C)C.[K+],30.0,25.0,1839.926402943882,1.7383247176648275
CC(=O)c1cc(C(F)(F)F)cc(C(F)(F)F)c1,C[C@H](O)c1cc(C(F)(F)F)cc(C(F)(F)F)c1,Ru,COc1c(C)cc(cc1C)P([C@H]1CCC[C@H]1[C@@H]1CCC[C@@H]1P(c1cc(C)c(c(c1)C)OC)c1cc(C)c(c(c1)C)OC)c1cc(C)c(c(c1)C)OC.NCCSC(C)(C)C,CCCCO,[O-1]C(C)(C)C.[Na+],7.0,-10.0,1000.0,1.7344493584290042
COCC(=O)c1ccccc1,COC[C@H](O)c1ccccc1,Ru,C1C[C@@H]([C@@H](C1)P(c1ccccc1)c1ccccc1)[C@H]1CCC[C@H]1P(c1ccccc1)c1ccccc1.NCCSC(C)(C)C,CCCCO,[O-1]C(C)(C)C.[Na+],7.0,-10.0,500.0,1.7344493584290042
O=C1CCCc2ccc(Br)cc21,O[C@@H]1CCCc2ccc(Br)cc21,Ru,C[C@H](c1cccc2c1cccc2)N1CC[N+](=[C-1]1)[C@@H](c1cccc2c1cccc2)C.N[C@@H]([C@@H](c1ccc(cc1)C)N)c1ccc(cc1)C,CC(O)C,[O-1]C(C)(C)C.[Na+],7.5,22.0,3333.3333333333335,1.7269784744937777
O=C(/C=C/c1ccccc1)c1ccco1,O[C@@H](/C=C/c1ccccc1)c1ccco1,Ru,Cc1ccc(cc1)P(c1ccc2c(c1c1c(ccc3c1cccc3)P(c1ccc(cc1)C)c1ccc(cc1)C)cccc2)c1ccc(cc1)C.N[C@H](c1ccccc1)CN(C)C,CC(O)C.CC(O)C.O=CN(C)C,[O-1]C(C)(C)C.[K+].c1ccc(cc1)P(c1ccccc1)c1ccccc1,8.0,0.0,1000.0,1.725059314350961
CC(=O)c1ccccc1C,Cc1ccccc1[C@H](C)O,Ru,Brc1ccccc1p1oc2ccc3c(c2c2c(o1)ccc1c2cccc1)cccc3.N[C@@H]1CCCC[C@H]1N,CC(O)C,[O-1]C(C)(C)C.[K+],80.0,0.0,300.3003003003003,1.725059314350961
CC(=O)c1cc(Cl)sc1Cl,C[C@@H](O)c1cc(Cl)sc1Cl,Ru,Brc1ccccc1p1oc2ccc3c(c2c2c(o1)ccc1c2cccc1)cccc3.N[C@H]([C@H](c1ccccc1)N)c1ccccc1,CC(O)C,[O-1]C(C)(C)C.[K+],80.0,0.0,300.3003003003003,1.725059314350961
O=C(/C=C/c1ccccc1)c1ccc(C(F)(F)F)cc1,O[C@@H](/C=C/c1ccccc1)c1ccc(C(F)(F)F)cc1,Ru,Cc1ccc(cc1)P(c1ccc2c(c1c1c(ccc3c1cccc3)P(c1ccc(cc1)C)c1ccc(cc1)C)cccc2)c1ccc(cc1)C.N[C@H](c1ccccc1)CN(C)C,CC(O)C.CC(O)C.O=CN(C)C,[O-1]C(C)(C)C.[K+],8.0,0.0,1000.0,1.725059314350961
CC(=O)c1ccc(Cl)cc1,C[C@H](O)c1ccc(Cl)cc1,Ru,CCOP(=O)(c1cc(P(c2ccccc2)c2ccccc2)c(c2c1cccc2)c1c(cc(c2c1cccc2)P(=O)(OCC)OCC)P(c1ccccc1)c1ccccc1)OCC.N[C@@H]([C@@H](c1ccccc1)N)c1ccccc1,CC(O)C,[O-1]C(C)(C)C.[K+],47.62,25.0,1000.0,1.7200457605586144
CC(=O)c1ccc(C(F)(F)F)cc1,C[C@@H](O)c1ccc(C(F)(F)F)cc1,Ru,c1ccc(cc1)P(c1ccc2c(c1c1c(ccc3c1cccc3)P(c1ccccc1)c1ccccc1)cccc2)c1ccccc1.CN[C@H]1CCCC[C@@H]1NC,CC(O)C,[OH-1].[K+],30.0,20.0,3003.003003003003,1.7152760962149785
CC(=O)c1ccccc1,C[C@@H](O)c1ccccc1,Ru,Brc1ccccc1p1oc2ccc3c(c2c2c(o1)ccc1c2cccc1)cccc3.N[C@H]([C@H](c1ccccc1)N)c1ccccc1,CC(O)C,[O-1]C(C)(C)C.[K+],50.0,20.0,10000.0,1.7152760962149785
CC(=O)c1ccccc1,C[C@@H](O)c1ccccc1,Ru,c1ccc(cc1)P(c1ccc2c(c1c1c(ccc3c1cccc3)P(c1ccccc1)c1ccccc1)cccc2)c1ccccc1.CCN[C@H]1CCCC[C@@H]1NCC,CC(O)C,[OH-1].[K+],30.0,20.0,3003.003003003003,1.7152760962149785
CC(=O)c1ccccc1,C[C@@H](O)c1ccccc1,Ru,Brc1ccccc1p1oc2ccc3c(c2c2c(o1)ccc1c2cccc1)cccc3.N[C@H]([C@H](c1ccccc1)N)c1ccccc1,CC(O)C,[O-1]C(C)(C)C.[K+],50.0,20.0,1000.0,1.7152760962149785
CC(=O)c1cc(C(F)(F)F)cc(C(F)(F)F)c1,C[C@@H](O)c1cc(C(F)(F)F)cc(C(F)(F)F)c1,Ru,CC1(C)O[C@@H]([C@H](O1)CP(c1ccccc1)c1ccccc1)CP(c1ccccc1)c1ccccc1.C[C@H](c1nc2c([nH]1)c(C)ccc2C)N,Cc1ccccc1,[O-1]C(C)(C)C.[K+],30.0,25.0,20703.933747412008,1.7140634431755264
CC(=O)c1cc(C(F)(F)F)cc(C(F)(F)F)c1,C[C@@H](O)c1cc(C(F)(F)F)cc(C(F)(F)F)c1,Ru,CC1(C)O[C@@H]([C@H](O1)CP(c1ccccc1)c1ccccc1)CP(c1ccccc1)c1ccccc1.C[C@H](c1nc2c([nH]1)c(C)ccc2C)N,CC(O)(C)C,[O-1]C(C)(C)C.[K+],8.0,25.0,1000.0,1.7140634431755264
CCCC(=O)c1cccs1,CCC[C@H](O)c1cccs1,Ru,COc1ccccc1P(c1ccccc1OC)c1ccccc1OC.C=CC1CN2CCC1CC2[C@@H](c1ccnc2c1cccc2)N,CCCO,[Li+].[OH-1],60.0,30.0,125.0,1.713192256540478
CC(C)(C)C(=O)c1ccccc1,CC(C)(C)[C@H](O)c1ccccc1,Ru,N[C@@H]1CCCC[C@H]1NCc1ccccc1P(c1cc(cc(c1)C(C)(C)C)C(C)(C)C)c1cc(cc(c1)C(C)(C)C)C(C)(C)C,CC(O)C,[O-1]C(C)(C)C.[K+],49.35,70.0,200.0,1.7131604994965048
CC(=O)c1c(C)c(C)c(C)c(C)c1C,Cc1c(C)c(C)c([C@H](C)O)c(C)c1C,Ru,C[C@H](P(c1cc(C)cc(c1)C)c1cc(C)cc(c1)C)C[C@@H](P(c1cc(C)cc(c1)C)c1cc(C)cc(c1)C)C.NCc1ccccn1,CC(O)C,[O-1]C(C)(C)C.[K+],10.0,40.0,200.0,1.7122575325322003
CC(=O)c1ccccc1,C[C@H](O)c1ccccc1,Ru,O=C(c1ccccc1P(c1ccccc1)c1ccccc1)c1ccccc1P(c1ccccc1)c1ccccc1.NC(C(c1ccccc1)N)c1ccccc1,CCCO,[O-1]C(C)(C)C.[K+],20.0,25.0,1000.0,1.702258531355195
CC(=O)c1ccc(Cl)cc1,C[C@H](O)c1ccc(Cl)cc1,Ru,OC1(CCCC1)c1cc(P(c2ccccc2)c2ccccc2)c(c2c1cccc2)c1c(cc(c2c1cccc2)C1(O)CCCC1)P(c1ccccc1)c1ccccc1.N[C@@H]([C@@H](c1ccccc1)N)c1ccccc1,CC(O)C,[O-1]C(C)(C)C.[K+],47.62,25.0,1000.0,1.702258531355195
CC(=O)c1ccccc1,C[C@H](O)c1ccccc1,Ru,CCCCCN[C@H](c1ccnc2c1cccc2)[C@H]1CC2CCN1CC2C=C.C1CCC(CC1)P(C1CCCCC1)C1CCCCC1,CCO,[Li+].[OH-1],60.0,30.0,250.0,1.7016997355488719
O=C1CN2CCC1CC2,O[C@H]1CN2CCC1CC2,Ru,C[C@H](P(c1cc(C)cc(c1)C)c1cc(C)cc(c1)C)C[C@@H](P(c1cc(C)cc(c1)C)c1cc(C)cc(c1)C)C.NCc1ccccn1,CCO,[O-1]C(C)(C)C.[K+],15.0,37.5,99999.99999999999,1.698587905097008
CC(=O)c1cccc2ccccc12,C[C@H](O)c1cccc2ccccc12,Ru,CC(P(c1ccccc1)Cc1cccc(n1)CP(C(C)(C)C)c1ccccc1)(C)C,CCO,[O-1]C(C)(C)C.[K+],30.0,-40.0,200.0,1.697385555298476
CC(=O)c1ccc(C)o1,Cc1ccc([C@H](C)O)o1,Ru,COc1ccccc1P(c1ccccc1OC)c1ccccc1OC.C=CC1CN2CCC1CC2[C@@H](c1ccnc2c1cccc2)N,CCCO,[Li+].[OH-1],60.0,30.0,62.5,1.6960256959384012
O=C1CCCc2ccccc21,O[C@H]1CCCc2ccccc21,Ru,Cc1cc(C)cc(c1)P(c1ccc2c(c1c1c3OCOc3ccc1P(c1cc(C)cc(c1)C)c1cc(C)cc(c1)C)OCO2)c1cc(C)cc(c1)C.COc1ccc(cc1)C(c1ccc(cc1)OC)([C@H](C(C)C)N)N,CC(O)C,[O-1]C(C)(C)C.[K+],10.0,15.0,2000.0,1.6860201505179804
O=C1CCCc2ccccc21,O[C@@H]1CCCc2ccccc21,Ru,Cc1ccc(cc1)P(c1ccc2c(c1c1c(ccc3c1cccc3)P(c1ccc(cc1)C)c1ccc(cc1)C)cccc2)c1ccc(cc1)C.NC[C@H]1OC(O[C@@H]1CN)(C)C,CC(O)C,[O-1]C(C)(C)C.[K+],8.0,25.0,1000.0,1.6849357456293699
CC(=O)c1ccccc1,C[C@H](O)c1ccccc1,Ru,c1ccc(cc1)P(c1ccc2c(c1c1c3OCOc3ccc1P(c1ccccc1)c1ccccc1)OCO2)c1ccccc1.C[C@@H](c1nc2c([nH]1)cccc2)N,Cc1ccccc1.CC(O)(C)C,[O-1]C(C)(C)C.[K+],8.0,25.0,1000.0,1.6849357456293699
CC(=O)c1cccc(C)c1,Cc1cccc([C@@H](C)O)c1,Ru,c1ccc(cc1)P(c1ccc2c(c1c1c(ccc3c1cccc3)P(c1ccccc1)c1ccccc1)cccc2)c1ccccc1.N[C@H]([C@H](c1ccccc1)N)c1ccccc1,CC(O)C,[K+].[OH-1],15.0,25.0,250.0,1.6849357456293699
CC(=O)c1ccccc1,C[C@H](O)c1ccccc1,Ru,COc1ccc(cc1)P(c1cccc2c1C1(CC2)CCc2c1c(ccc2)P(c1ccc(cc1)OC)c1ccc(cc1)OC)c1ccc(cc1)OC.N[C@@H]([C@@H](c1ccccc1)N)c1ccccc1,CC(O)C,[O-1]C(C)(C)C.[K+],50.0,25.0,5000.0,1.6849357456293699
CC(=O)/C=C(\C)c1ccccc1,C/C(=C\[C@H](C)O)c1ccccc1,Ru,c1ccc(cc1)P(c1ccccc1Oc1ccccc1P(c1ccccc1)c1ccccc1)c1ccccc1.Fc1ccc2c(c1)[C@H](NC2)[C@@H]1NCc2c1cc(F)cc2,CC(O)C,[O-1]C(C)(C)C.[K+],10.0,25.0,1000.0,1.6849357456293699
CC(=O)c1ccccc1,C[C@H](O)c1ccccc1,Ru,Cc1ccc(cc1)P(c1cccc2c1C1(CC2)CCc2c1c(ccc2)P(c1ccc(cc1)C)c1ccc(cc1)C)c1ccc(cc1)C.N[C@H]([C@H](c1ccccc1)N)c1ccccc1,CC(O)C,[O-1]C(C)(C)C.[K+],50.0,25.0,5000.0,1.6849357456293699
CCC/C=C/C(=O)[Si](C)(C)C(C)(C)C,CCC/C=C/[C@H](O)[Si](C)(C)C(C)(C)C,Ru,Cc1ccc(cc1)P(c1ccc2c(c1c1c(ccc3c1cccc3)P(c1ccc(cc1)C)c1ccc(cc1)C)cccc2)c1ccc(cc1)C.NCc1ccccn1,CCO,[O-1]C(C)(C)C.[K+],10.0,25.0,349.9999825000009,1.6849357456293699
CC(=O)c1ccccc1,C[C@@H](O)c1ccccc1,Ru,Cc1ccc(cc1)P(c1cccc2c1C1(CC2)CCc2c1c(ccc2)P(c1ccc(cc1)C)c1ccc(cc1)C)c1ccc(cc1)C.N[C@H]([C@H](c1ccccc1)N)c1ccccc1,CC(O)C,[O-1]C(C)(C)C.[K+],50.0,25.0,5000.0,1.6849357456293699
CC(=O)c1ccccc1,C[C@H](O)c1ccccc1,Ru,O=C(c1ccccc1P(c1ccccc1)c1ccccc1)c1ccccc1P(c1ccccc1)c1ccccc1.COc1ccc(cc1)C(C(c1ccc(cc1)OC)N)N,CCO,[O-1]C(C)(C)C.[K+],20.0,25.0,1000.0,1.6849357456293699
CC(=O)c1ccccc1,C[C@H](O)c1ccccc1,Ru,O=C(c1ccccc1P(c1ccccc1)c1ccccc1)c1ccccc1P(c1ccccc1)c1ccccc1.NC(C(c1ccccc1)N)c1ccccc1,CCCCO,[O-1]C(C)(C)C.[K+],20.0,25.0,1000.0,1.6849357456293699
CC(=O)c1ccccc1,C[C@H](O)c1ccccc1,Ru,O=C(c1ccccc1P(c1ccccc1)c1ccccc1)c1ccccc1P(c1ccccc1)c1ccccc1.NC(C(c1ccccc1)N)c1ccccc1,CCO,[O-1]C(C)(C)C.[K+],20.0,25.0,10000.0,1.6849357456293699
CC(=O)c1ccc2ccccc2c1,C[C@@H](O)c1ccc2ccccc2c1,Ru,OC[C@@H](NC(=O)CN[C@@H](C12C3[Fe]4567891(C2(C8C34)P(c1ccccc1)c1ccccc1)C1C5C6C9(C71)P(c1ccccc1)c1ccccc1)C)C,CC(O)C,[Na+].[O-1]C(C)(C)C,10.0,25.0,1000.0,1.6849357456293699
COc1ccc(C(C)=O)cc1,COc1ccc([C@H](C)O)cc1,Ru,O=C(c1ccccc1P(c1ccccc1)c1ccccc1)c1ccccc1P(c1ccccc1)c1ccccc1.NC(C(c1ccccc1)N)c1ccccc1,CCO,[O-1]C(C)(C)C.[K+],20.0,25.0,1000.0,1.6849357456293699
O=C1CN2CCC1CC2,O[C@H]1CN2CCC1CC2,Ru,C[C@H](P(c1cc(C)cc(c1)C)c1cc(C)cc(c1)C)C[C@@H](P(c1cc(C)cc(c1)C)c1cc(C)cc(c1)C)C.NCc1ccccn1,CCO,[O-1]C(C)(C)C.[K+],15.0,35.0,99999.99999999999,1.6849182776618155
CC(=O)c1cccs1,C[C@H](O)c1cccs1,Ru,COc1ccccc1P(c1ccccc1OC)c1ccccc1OC.C=CC1CN2CCC1CC2[C@@H](c1ccnc2c1cccc2)N,CCCO,[Li+].[OH-1],60.0,30.0,125.0,1.6848178253020816
CC(=O)c1ccccc1,C[C@H](O)c1ccccc1,Ru,c1ccc(cc1)P(c1cc(c2ccccc2)c2c(c1c1c(cc(c3c1cccc3)c1ccccc1)P(c1ccccc1)c1ccccc1)cccc2)c1ccccc1.N[C@@H]([C@@H](c1ccccc1)N)c1ccccc1,CC(O)C,[O-1]C(C)(C)C.[K+],47.62,25.0,1000.0,1.679260299387174
CC(=O)c1ccccc1,C[C@H](O)c1ccccc1,Ru,Brc1cc(P(c2ccccc2)c2ccccc2)c(c2c1cccc2)c1c(cc(c2c1cccc2)Br)P(c1ccccc1)c1ccccc1.N[C@@H]([C@@H](c1ccccc1)N)c1ccccc1,CC(O)C,[O-1]C(C)(C)C.[K+],47.62,25.0,1000.0,1.6736327763611945
CCC(=O)c1ccccc1,CC[C@H](O)c1ccccc1,Ru,Ic1cc(P(c2ccccc2)c2ccccc2)c(c2c1cccc2)c1c(cc(c2c1cccc2)I)P(c1ccccc1)c1ccccc1.N[C@@H]([C@@H](c1ccccc1)N)c1ccccc1,CC(O)C,[O-1]C(C)(C)C.[K+],47.62,25.0,1000.0,1.6736327763611945
CC(=O)c1ccc2ccccc2c1,C[C@H](O)c1ccc2ccccc2c1,Ru,Brc1cc(P(c2ccccc2)c2ccccc2)c(c2c1cccc2)c1c(cc(c2c1cccc2)Br)P(c1ccccc1)c1ccccc1.N[C@@H]([C@@H](c1ccccc1)N)c1ccccc1,CC(O)C,[O-1]C(C)(C)C.[K+],47.62,25.0,1000.0,1.6736327763611945
CC(=O)c1ccccc1,C[C@@H](O)c1ccccc1,Ru,COc1nc(OC)cc(c1c1c(OC)nc(cc1P(c1ccc(cc1)OC)c1ccc(cc1)OC)OC)P(c1ccc(cc1)OC)c1ccc(cc1)OC.COc1ccc(cc1)C(c1ccc(cc1)OC)([C@H](C(C)C)N)N,CCO,[K+].[OH-1],30.0,25.0,2000.0,1.6680523214383451
CC(=O)c1cc(C(F)(F)F)cc(C(F)(F)F)c1,C[C@@H](O)c1cc(C(F)(F)F)cc(C(F)(F)F)c1,Ru,CC1(C)O[C@@H]([C@H](O1)CP(c1ccccc1)c1ccccc1)CP(c1ccccc1)c1ccccc1.COc1ccc2c(c1)[nH]c(n2)[C@H](N)C,Cc1ccccc1,[O-1]C(C)(C)C.[K+],8.0,25.0,1000.0,1.6680523214383451
CCCC(=O)c1ccccc1,CCC[C@H](O)c1ccccc1,Ru,COc1ccccc1P(c1ccccc1OC)c1ccccc1OC.C=CC1CN2CCC1CC2[C@@H](c1ccnc2c1cccc2)N,CCCO,[Li+].[OH-1],60.0,30.0,250.0,1.662940571887971
O=C1CN2CCC1CC2,O[C@H]1CN2CCC1CC2,Ru,C[C@H](P(c1cc(C)cc(c1)C)c1cc(C)cc(c1)C)C[C@@H](P(c1cc(C)cc(c1)C)c1cc(C)cc(c1)C)C.NCc1ccccn1,CCO,[O-1]C(C)(C)C.[K+],15.0,40.0,99999.99999999999,1.659128724675257
CC(=O)c1ccsc1,C[C@@H](O)c1ccsc1,Ru,Brc1ccccc1p1oc2ccc3c(c2c2c(o1)ccc1c2cccc1)cccc3.N[C@H]([C@H](c1ccccc1)N)c1ccccc1,CC(O)C,[O-1]C(C)(C)C.[K+],50.0,0.0,500.0,1.6582917587453816
CC(=O)c1cc(C)sc1C,Cc1cc([C@H](C)O)c(C)s1,Ru,Brc1ccccc1p1oc2ccc3c(c2c2c(o1)ccc1c2cccc1)cccc3.N[C@@H]1CCCC[C@H]1N,CC(O)C,[O-1]C(C)(C)C.[K+],80.0,0.0,300.3003003003003,1.6582917587453816
CC(C)(C)OC(=O)NCCCC(=O)c1cc(F)ccc1F,CC(C)(C)OC(=O)NCCC[C@@H](O)c1cc(F)ccc1F,Ru,Cc1cc(C)c(c(c1)C)[C@H](c1ccccc1)NCCP(c1ccccc1)c1ccccc1.CP(CCP(C)C)C,C1CCCO1,[K+].[O-1]C,50.0,30.0,100.0,1.6575790227914307
CC(=O)c1ccccc1F,C[C@H](O)c1ccccc1F,Ru,CCCCCN[C@H](c1ccnc2c1cccc2)[C@H]1CC2CCN1CC2C=C.C1CCC(CC1)P(C1CCCCC1)C1CCCCC1,CCO,[Ba+2].[OH-1].[OH-1],60.0,30.0,1000.0,1.6575790227914307
O=C1CN2CCC1CC2,O[C@H]1CN2CCC1CC2,Ru,C[C@H](P(c1cc(C)cc(c1)C)c1cc(C)cc(c1)C)C[C@@H](P(c1cc(C)cc(c1)C)c1cc(C)cc(c1)C)C.NCc1ccccn1,CCO.O,[O-1]C(C)(C)C.[K+],10.0,30.0,49999.99999999999,1.6575790227914307
CC(=O)c1ccccc1,C[C@@H](O)c1ccccc1,Ru,COc1cccc(c1c1c(OC)cccc1P(c1ccccc1)c1ccccc1)P(c1ccccc1)c1ccccc1.CN[C@H]1CCCC[C@@H]1NC,CC(O)C,[OH-1].[K+],30.0,20.0,3003.003003003003,1.656679234718262
CC(=O)c1ccccc1Br,C[C@H](O)c1ccccc1Br,Ru,C[C@@H]1Oc2cccc(c2-c2c(O[C@H]1C)cccc2P(c1ccccc1)c1ccccc1)P(c1ccccc1)c1ccccc1.N[C@@H]([C@@H](c1ccccc1)N)c1ccccc1,CCCCO,[K+].[O-1]C(C)(C)C,20.0,20.0,500.0,1.656679234718262
CC(=O)c1ccc(Cl)cc1,C[C@H](O)c1ccc(Cl)cc1,Ru,OC(c1cc(P(c2ccccc2)c2ccccc2)c(c2c1cccc2)c1c(cc(c2c1cccc2)C(c1ccccc1)(c1ccccc1)O)P(c1ccccc1)c1ccccc1)(c1ccccc1)c1ccccc1.N[C@@H]([C@@H](c1ccccc1)N)c1ccccc1,CC(O)C,[O-1]C(C)(C)C.[K+],47.62,25.0,1000.0,1.6515851484215927
CC(=O)c1ccccc1F,C[C@@H](O)c1ccccc1F,Ru,COc1nc(OC)cc(c1c1c(OC)nc(cc1P(c1ccc(cc1)OC)c1ccc(cc1)OC)OC)P(c1ccc(cc1)OC)c1ccc(cc1)OC.COc1ccc(cc1)C(c1ccc(cc1)OC)([C@H](C(C)C)N)N,CC(O)C,[K+].[OH-1],30.0,25.0,2000.0,1.6408276779892452
CC(=O)c1ccccc1,C[C@H](O)c1ccccc1,Ru,Ic1cc(P(c2ccccc2)c2ccccc2)c(c2c1cccc2)c1c(cc(c2c1cccc2)I)P(c1ccccc1)c1ccccc1.N[C@@H]([C@@H](c1ccccc1)N)c1ccccc1,CC(O)C,[O-1]C(C)(C)C.[K+],47.62,25.0,1000.0,1.635512886387592
O=C(COc1ccccc1)c1ccccc1,O[C@H](COc1ccccc1)c1ccccc1,Ru,Cc1ccc(cc1)S(=O)(=O)c1ccc(cc1)S(=O)(=O)N[C@@H]([C@@H](c1ccccc1)NCCc1ccccc1)c1ccccc1,CO,,30.0,60.0,500.0,1.635119818488596
CCC(=O)c1cccs1,CC[C@H](O)c1cccs1,Ru,COc1ccccc1P(c1ccccc1OC)c1ccccc1OC.C=CC1CN2CCC1CC2[C@@H](c1ccnc2c1cccc2)N,CCCO,[Li+].[OH-1],60.0,30.0,62.5,1.631382735571929
CC(=O)c1ccccc1,C[C@H](O)c1ccccc1,Ru,CCCCCCCN[C@H](c1ccnc2c1cccc2)[C@H]1CC2CCN1CC2C=C.C1CCC(CC1)P(C1CCCCC1)C1CCCCC1,CCO,[Li+].[OH-1],60.0,30.0,250.0,1.631382735571929
CC(=O)c1ccccc1,C[C@H](O)c1ccccc1,Ru,N1Cc2c([C@H]1[C@H]1NCc3c1cc(cc3)c1ccccc1)cc(cc2)c1ccccc1.c1ccc(cc1)P(C12C3[Fe]4567892(C1C5C34)C1C6C7C9(C81)P(c1ccccc1)c1ccccc1)c1ccccc1,CCCO,[K+].[O-1]C(C)(C)C,10.0,25.0,1000.0,1.6302397679210456
CC(=O)c1ccccc1,C[C@H](O)c1ccccc1,Ru,COc1cc2[C@H](NCc2cc1OC)[C@H]1NCc2c1cc(OC)c(c2)OC.c1ccc(cc1)P(C12C3[Fe]4567892(C1C5C34)C1C6C7C9(C81)P(c1ccccc1)c1ccccc1)c1ccccc1,CCCO,[K+].[O-1]C(C)(C)C,10.0,25.0,1000.0,1.6302397679210456
CC(=O)c1ccccc1,C[C@H](O)c1ccccc1,Ru,c1ccc2c(c1)[C@H](NC2)[C@H]1NCc2c1cccc2.c1ccc(cc1)OP(Oc1ccccc1)Oc1ccccc1,CC(O)C,[K+].[O-1]C(C)(C)C,10.0,25.0,,1.6302397679210456
CC(=O)/C=C(\C)c1ccccc1,C/C(=C\[C@H](C)O)c1ccccc1,Ru,c1ccc(cc1)P(c1ccccc1)c1ccccc1.c1ccc2c(c1)[C@H](NC2)[C@@H]1NCc2c1cccc2,CC(O)C,[O-1]C(C)(C)C.[K+],10.0,25.0,1000.0,1.6302397679210456
O=C1CCCc2ccccc21,O[C@@H]1CCCc2ccccc21,Ru,COC[C@@H](N[C@@H](C[C@H](P(c1ccccc1)c1ccccc1)C)C)C,CC(O)C,[K+].[O-1]C(C)(C)C,50.0,25.0,200.0,1.6302397679210456
CC(=O)c1ccccc1,C[C@H](O)c1ccccc1,Ru,Cc1cc(C)cc(c1)P(c1ccccc1C(=O)c1ccccc1P(c1cc(C)cc(c1)C)c1cc(C)cc(c1)C)c1cc(C)cc(c1)C.NC(C(c1ccccc1)N)c1ccccc1,CCO,[O-1]C(C)(C)C.[K+],20.0,25.0,1000.0,1.6302397679210456
CC(=O)c1ccccc1,C[C@H](O)c1ccccc1,Ru,O=C(c1ccccc1P(c1ccccc1)c1ccccc1)c1ccccc1P(c1ccccc1)c1ccccc1.NC(C(c1ccc(cc1)C)N)c1ccc(cc1)C,CCO,[O-1]C(C)(C)C.[K+],20.0,25.0,1000.0,1.6302397679210456
CC(=O)c1cccc(F)c1,C[C@@H](O)c1cccc(F)c1,Ru,OC[C@@H](NC(=O)CN[C@@H](C12C3[Fe]4567891(C2(C8C34)P(c1ccccc1)c1ccccc1)C1C5C6C9(C71)P(c1ccccc1)c1ccccc1)C)C,CC(O)C,[Na+].[O-1]C(C)(C)C,10.0,25.0,1000.0,1.6302397679210456
CC(=O)c1c2ccccc2cc2ccccc12,C[C@H](O)c1c2ccccc2cc2ccccc12,Ru,O=C(c1ccccc1P(C(C)(C)C)C)N[C@@H]1CCCC[C@H]1NC(=O)c1ccccc1P(C(C)(C)C)C,CC(O)C,[O-1]C(C)(C)C.[K+],30.0,25.0,100.0,1.6302397679210456
O=C1CN2CCC1CC2,O[C@H]1CN2CCC1CC2,Ru,c1ccc(cc1)P(c1ccc2c(c1c1c(ccc3c1cccc3)P(c1ccccc1)c1ccccc1)cccc2)c1ccccc1.NC[C@@H]1OC(O[C@H]1CN)(C)C,CC(O)C,[K+].[O-1]C(C)(C)C,20.0,25.0,10000.0,1.6302397679210456
CC(=O)c1ccccc1,C[C@H](O)c1ccccc1,Ru,Cc1cc(C)cc(c1)P(c1ccccc1C(=O)c1ccccc1P(c1cc(C)cc(c1)C)c1cc(C)cc(c1)C)c1cc(C)cc(c1)C.NC(C(c1ccccc1)N)c1ccccc1,CC(O)C,[O-1]C(C)(C)C.[K+],20.0,25.0,1000.0,1.6302397679210456
CC(=O)c1ccccc1,C[C@H](O)c1ccccc1,Ru,O=C(c1ccc(cc1P(c1ccccc1)c1ccccc1)C(C)(C)C)c1ccc(cc1P(c1ccccc1)c1ccccc1)C(C)(C)C.NC(C(c1ccccc1)N)c1ccccc1,CCO,[O-1]C(C)(C)C.[K+],20.0,25.0,1000.0,1.6302397679210456
CC(=O)c1cc(C(F)(F)F)cc(C(F)(F)F)c1,C[C@H](O)c1cc(C(F)(F)F)cc(C(F)(F)F)c1,Ru,c1ccc2c(c1)[C@H](NC2)[C@H]1NCc2c1cccc2.c1ccc(cc1)P(c1ccccc1)c1ccccc1,CC(O)C,[K+].[O-1]C(C)(C)C,10.0,25.0,,1.6302397679210456
CC(=O)c1ccccc1,C[C@H](O)c1ccccc1,Ru,c1ccc(cc1)P(c1ccc2c(c1c1c(ccc3c1cccc3)P(c1ccccc1)c1ccccc1)cccc2)c1ccccc1.C[C@@H](c1nc2c([nH]1)cccc2)N,Cc1ccccc1.CC(O)(C)C,[O-1]C(C)(C)C.[K+],8.0,25.0,1000.0,1.6302397679210456
CC(=O)c1ccccc1,C[C@H](O)c1ccccc1,Ru,CC1(C)O[C@@H]([C@H](O1)CP(c1ccccc1)c1ccccc1)CP(c1ccccc1)c1ccccc1.C[C@@H](c1nc2c([nH]1)cc1c(c2)cccc1)N,Cc1ccccc1.CC(O)(C)C,[O-1]C(C)(C)C.[K+],8.0,25.0,1000.0,1.6302397679210456
COc1ccc(C(C)=O)cc1,COc1ccc([C@H](C)O)cc1,Ru,C1C[C@@H]([C@@H](C1)P(c1ccccc1)c1ccccc1)[C@H]1CCC[C@H]1P(c1ccccc1)c1ccccc1.CCCSc1ccccc1N,CCO,[O-1]C(C)(C)C.[Na+],7.0,25.0,500.0,1.6302397679210456
CC(=O)c1cccc(C)c1,Cc1cccc([C@H](C)O)c1,Ru,C1C[C@@H]([C@@H](C1)P(c1ccccc1)c1ccccc1)[C@H]1CCC[C@H]1P(c1ccccc1)c1ccccc1.CCCSc1ccccc1N,CCO,[O-1]C(C)(C)C.[Na+],7.0,25.0,500.0,1.6302397679210456
CC(=O)c1ccccc1C,Cc1ccccc1[C@H](C)O,Ru,Brc1ccc2c(c1)[C@H](NC2)[C@H]1NCc2c1cc(Br)cc2.c1ccc(cc1)P(C12C3[Fe]4567892(C1C5C34)C1C6C7C9(C81)P(c1ccccc1)c1ccccc1)c1ccccc1,CCCO,[K+].[O-1]C(C)(C)C,50.0,25.0,1000.0,1.6302397679210456
O=C1CCOc2ccc(Br)cc21,O[C@@H]1CCOc2ccc(Br)cc21,Ru,COC[C@@H](N[C@@H](C[C@H](P(c1ccccc1)c1ccccc1)C)C)C,CC(O)C,[K+].[O-1]C(C)(C)C,70.0,25.0,200.0,1.6302397679210456
O=C(c1ccccc1)C1CCCCC1,O[C@@H](c1ccccc1)C1CCCCC1,Ru,COC[C@@H](N[C@@H](C[C@H](P(c1ccccc1)c1ccccc1)C)C)C,CC(O)C,[K+].[O-1]C(C)(C)C,70.0,25.0,200.0,1.6302397679210456
CC(=O)c1ccc(Cl)cc1,C[C@@H](O)c1ccc(Cl)cc1,Ru,OC[C@@H](NC(=O)CN[C@@H](C12C3[Fe]4567891(C2(C8C34)P(c1ccccc1)c1ccccc1)C1C5C6C9(C71)P(c1ccccc1)c1ccccc1)C)C,CC(O)C,[Na+].[O-1]C(C)(C)C,10.0,25.0,1000.0,1.6302397679210456
CC(=O)C1CCCCC1,C[C@@H](O)C1CCCCC1,Ru,Cc1cc(C)cc(c1)P(c1ccc2c(c1c1c(ccc3c1cccc3)P(c1cc(C)cc(c1)C)c1cc(C)cc(c1)C)cccc2)c1cc(C)cc(c1)C.COc1ccc(cc1)C(c1ccc(cc1)OC)([C@H](C(C)C)N)N,CC(O)C,[O-1]C(C)(C)C.[K+],10.0,5.0,4000.0,1.627508259123985
CC(=O)c1ccccc1,C[C@H](O)c1ccccc1,Ru,Clc1ccc2c(c1)c(cc(c2c1c(cc(c2c1ccc(c2)Cl)c1ccccc1)P(c1cc(C)cc(c1)C)c1cc(C)cc(c1)C)P(c1cc(C)cc(c1)C)c1cc(C)cc(c1)C)c1ccccc1.N[C@@H]([C@@H](c1ccccc1)N)c1ccccc1,CC(O)C,[O-1]C(C)(C)C.[K+],48.3,25.0,1000.0,1.6250076279497225
CCCC(=O)c1ccco1,CCC[C@H](O)c1ccco1,Ru,COc1ccccc1P(c1ccccc1OC)c1ccccc1OC.C=CC1CN2CCC1CC2[C@@H](c1ccnc2c1cccc2)N,CCCO,[Li+].[OH-1],60.0,30.0,62.5,1.6211773937069063
CC(=O)c1cc(C(F)(F)F)cc(C(F)(F)F)c1,C[C@@H](O)c1cc(C(F)(F)F)cc(C(F)(F)F)c1,Ru,CC1(C)O[C@@H]([C@H](O1)CP(c1ccccc1)c1ccccc1)CP(c1ccccc1)c1ccccc1.COc1ccc2c(c1)[nH]c(n2)[C@H](N)C,Cc1ccccc1,[O-1]C(C)(C)C.[K+].c1ccc(cc1)P(c1ccccc1)c1ccccc1,8.0,25.0,1000.0,1.6198157889810514
CC(=O)c1ccc(C)cc1,Cc1ccc([C@H](C)O)cc1,Ru,c1ccc(cc1)P(c1cc(c2ccccc2)c2c(c1c1c(cc(c3c1cccc3)c1ccccc1)P(c1ccccc1)c1ccccc1)cccc2)c1ccccc1.N[C@@H]([C@@H](c1ccccc1)N)c1ccccc1,CC(O)C,[O-1]C(C)(C)C.[K+],47.62,25.0,1000.0,1.6146635901098316
O=C1CN2CCC1CC2,O[C@H]1CN2CCC1CC2,Ru,C[C@H](P(c1cc(C)cc(c1)C)c1cc(C)cc(c1)C)C[C@@H](P(c1cc(C)cc(c1)C)c1cc(C)cc(c1)C)C.NCc1ccccn1,CCO,[O-1]C(C)(C)C.[K+],15.0,50.0,99999.99999999999,1.6133114247771982
CC(=O)c1ccccc1,C[C@H](O)c1ccccc1,Ru,CCCCCN[C@H](c1ccnc2c1cccc2)[C@H]1CC2CCN1CC2C=C.COc1ccccc1P(c1ccccc1OC)c1ccccc1OC,CCO,[Li+].[OH-1],60.0,30.0,250.0,1.6111207838653834
O=C1CCCc2ccccc21,O[C@@H]1CCCc2ccccc21,Ru,COC[C@@H](N[C@@H](C[C@H](P(c1ccccc1)c1ccccc1)C)C)C,CC(O)C,[K+].[O-1]C(C)(C)C,50.0,40.0,200.0,1.6096752575768067
CC(=O)c1ccccc1,C[C@@H](O)c1ccccc1,Ru,COc1ccccc1p1oc2ccc3c(c2c2c(o1)ccc1c2cccc1)cccc3.N[C@H]([C@H](c1ccccc1)N)c1ccccc1,CC(O)C,[O-1]C(C)(C)C.[K+],10.0,20.0,1000.0,1.602900513050661
CC(=O)c1ccc(C(F)(F)F)cc1,C[C@H](O)c1ccc(C(F)(F)F)cc1,Ru,Brc1ccccc1p1oc2ccc3c(c2c2c(o1)ccc1c2cccc1)cccc3.N[C@@H]1CCCC[C@H]1N,CC(O)C,[O-1]C(C)(C)C.[K+],80.0,0.0,500.0,1.5982523134269875
CC(=O)c1ccccc1,C[C@H](O)c1ccccc1,Ru,Brc1ccccc1p1oc2ccc3c(c2c2c(o1)ccc1c2cccc1)cccc3.N[C@@H]1CCCC[C@H]1N,CC(O)C,[O-1]C(C)(C)C.[K+],80.0,0.0,300.3003003003003,1.5982523134269875
CC(=O)c1cccc(Cl)c1,C[C@H](O)c1cccc(Cl)c1,Ru,Brc1ccccc1p1oc2ccc3c(c2c2c(o1)ccc1c2cccc1)cccc3.N[C@@H]1CCCC[C@H]1N,CC(O)C,[O-1]C(C)(C)C.[K+],80.0,0.0,400.0,1.5982523134269875
CC(=O)c1ccc(Cl)cc1,C[C@H](O)c1ccc(Cl)cc1,Ru,Brc1ccccc1p1oc2ccc3c(c2c2c(o1)ccc1c2cccc1)cccc3.N[C@@H]1CCCC[C@H]1N,CC(O)C,[O-1]C(C)(C)C.[K+],80.0,0.0,400.0,1.5982523134269875
CC(=O)c1ccc(C(F)(F)F)cc1,C[C@H](O)c1ccc(C(F)(F)F)cc1,Ru,Brc1ccccc1p1oc2ccc3c(c2c2c(o1)ccc1c2cccc1)cccc3.N[C@@H]1CCCC[C@H]1N,CC(O)C,[O-1]C(C)(C)C.[K+],80.0,0.0,300.3003003003003,1.5982523134269875
CCC(=O)c1ccccc1,CC[C@@H](O)c1ccccc1,Ru,Brc1ccccc1p1oc2ccc3c(c2c2c(o1)ccc1c2cccc1)cccc3.N[C@H]([C@H](c1ccccc1)N)c1ccccc1,CC(O)C,[O-1]C(C)(C)C.[K+],70.0,0.0,1000.0,1.5982523134269875
CC(=O)c1ccccc1,C[C@H](O)c1ccccc1,Ru,CCCN[C@H](c1ccnc2c1cccc2)[C@H]1CC2CCN1CC2C=C.C1CCC(CC1)P(C1CCCCC1)C1CCCCC1,CCO,[Li+].[OH-1],60.0,30.0,250.0,1.586600290532925
CCC(=O)c1ccccc1,CC[C@H](O)c1ccccc1,Ru,Brc1cc(P(c2ccccc2)c2ccccc2)c(c2c1cccc2)c1c(cc(c2c1cccc2)Br)P(c1ccccc1)c1ccccc1.N[C@@H]([C@@H](c1ccccc1)N)c1ccccc1,CC(O)C,[O-1]C(C)(C)C.[K+],47.62,25.0,1000.0,1.5845477872652616
CC(=O)c1ccccc1,C[C@@H](O)c1ccccc1,Ru,c1ccc(cc1)c1cc2ccccc2c(c1NCc1ccccn1)c1c(NCc2ccccn2)c(cc2c1cccc2)c1ccccc1,CC(O)C,[O-1]C(C)(C)C.[K+],50.0,25.0,10000.0,1.5796558494712687
CC(=O)c1ccccc1,C[C@H](O)c1ccccc1,Ru,Cc1ccc(cc1)P(c1ccc2c(c1c1c(ccc3c1cccc3)P(c1ccc(cc1)C)c1ccc(cc1)C)cccc2)c1ccc(cc1)C.C[C@@H](c1nc2c([nH]1)cccc2)N,Cc1ccccc1,[O-1]C(C)(C)C.[K+],8.0,25.0,1000.0,1.5796558494712687
CC(=O)c1ccc(C)cc1,Cc1ccc([C@@H](C)O)cc1,Ru,c1ccc(cc1)P(c1ccc2c(c1c1c(ccc3c1cccc3)P(c1ccccc1)c1ccccc1)cccc2)c1ccccc1.N[C@H]([C@H](c1ccccc1)N)c1ccccc1,CC(O)C,[K+].[OH-1],15.0,25.0,250.0,1.5796558494712687
CC(=O)c1ccc(F)cc1,C[C@H](O)c1ccc(F)cc1,Ru,C1C[C@@H]([C@@H](C1)P(c1ccccc1)c1ccccc1)[C@H]1CCC[C@H]1P(c1ccccc1)c1ccccc1.CCCSc1ccccc1N,CCO,[O-1]C(C)(C)C.[Na+],7.0,25.0,1000.0,1.5796558494712687
CC(=O)c1ccccc1C,Cc1ccccc1[C@H](C)O,Ru,Cc1cc(C)cc(c1)P([C@@H]1CCC[C@@H]1[C@H]1CCC[C@H]1P(c1cc(C)cc(c1)C)c1cc(C)cc(c1)C)c1cc(C)cc(c1)C.CCCSc1ccccc1N,CCO,[O-1]C(C)(C)C.[Na+],7.0,25.0,500.0,1.5796558494712687
CCCCCCC/C=C/C(=O)[Si](C)(C)C(C)(C)C,CCCCCCC/C=C/[C@H](O)[Si](C)(C)C(C)(C)C,Ru,Cc1ccc(cc1)P(c1ccc2c(c1c1c(ccc3c1cccc3)P(c1ccc(cc1)C)c1ccc(cc1)C)cccc2)c1ccc(cc1)C.NCc1ccccn1,CCO,[O-1]C(C)(C)C.[K+],10.0,25.0,300.000030000003,1.5796558494712687
O=C(c1ccccc1)c1ccccn1,O[C@@H](c1ccccc1)c1ccccn1,Ru,Cc1ccccc1[C@H](c1ccccn1)N[C@H](C12C3[Fe]4567891(C2(C8C34)P(c1ccccc1)c1ccccc1)C1C5C6C9(C71)P(c1ccccc1)c1ccccc1)C,COC(C)(C)C,[Cs+].[O-1]C(=O)[O-1].[Cs+],50.0,25.0,100.0,1.5796558494712687
CC(=O)c1ccc(F)cc1,C[C@H](O)c1ccc(F)cc1,Ru,O=C(c1ccccc1P(c1ccccc1)c1ccccc1)c1ccccc1P(c1ccccc1)c1ccccc1.NC(C(c1ccccc1)N)c1ccccc1,CCO,[O-1]C(C)(C)C.[K+],20.0,25.0,1000.0,1.5796558494712687
CC(=O)c1ccc2ccccc2c1,C[C@@H](O)c1ccc2ccccc2c1,Ru,N(CC1=NC2C(O1)Cc1c2cccc1)CC1=NC2C(O1)Cc1c2cccc1,CC(O)C,[O-1]C(C)(C)C.[K+],5.0,25.0,100.0,1.5796558494712687
CC1CCc2ccccc2C1=O,C[C@@H]1CCc2ccccc2[C@@H]1O,Ru,c1ccc(cc1)P(c1ccc2c(c1c1c(ccc3c1cccc3)P(c1ccccc1)c1ccccc1)cccc2)c1ccccc1.C[C@H]([C@H]1OC(O[C@@H]1[C@H](N)C)(C)C)N,CC(O)C,[O-1]C(C)(C)C.[K+],9.0,25.0,10000.0,1.5796558494712687
CC(=O)c1ccccc1,C[C@H](O)c1ccccc1,Ru,Cc1cc(C)cc(c1)P(c1ccccc1C(=O)c1ccccc1P(c1cc(C)cc(c1)C)c1cc(C)cc(c1)C)c1cc(C)cc(c1)C.NC(C(c1ccccc1)N)c1ccccc1,CCCO,[O-1]C(C)(C)C.[K+],20.0,25.0,1000.0,1.5796558494712687
CC(=O)c1ccccc1,C[C@H](O)c1ccccc1,Ru,O=C(c1ccccc1P(c1ccccc1)c1ccccc1)c1ccccc1P(c1ccccc1)c1ccccc1.NC(C(c1ccc2c(c1)cccc2)N)c1ccc2c(c1)cccc2,CCO,[O-1]C(C)(C)C.[K+],20.0,25.0,1000.0,1.5796558494712687
CC(=O)c1cccc(Cl)c1,C[C@@H](O)c1cccc(Cl)c1,Ru,OC[C@@H](NC(=O)CN[C@@H](C12C3[Fe]4567891(C2(C8C34)P(c1ccccc1)c1ccccc1)C1C5C6C9(C71)P(c1ccccc1)c1ccccc1)C)C,CC(O)C,[Na+].[O-1]C(C)(C)C,10.0,25.0,1000.0,1.5796558494712687
COCC(=O)c1ccc(C(F)(F)F)cc1,COC[C@H](O)c1ccc(C(F)(F)F)cc1,Ru,C1C[C@@H]([C@@H](C1)P(c1ccccc1)c1ccccc1)[C@H]1CCC[C@H]1P(c1ccccc1)c1ccccc1.NCCSC(C)(C)C,CCO,[O-1]C(C)(C)C.[Na+],7.0,25.0,200.0,1.5796558494712687
CC(=O)c1ccc(N(C)C)cc1,C[C@@H](O)c1ccc(N(C)C)cc1,Ru,OC[C@@H](NC(=O)CN[C@@H](C12C3[Fe]4567891(C2(C8C34)P(c1ccccc1)c1ccccc1)C1C5C6C9(C71)P(c1ccccc1)c1ccccc1)C)C,CC(O)C,[Na+].[O-1]C(C)(C)C,10.0,25.0,1000.0,1.5796558494712687
CC(=O)c1cccc(Br)c1,C[C@H](O)c1cccc(Br)c1,Ru,O=C(c1ccccc1P(c1ccccc1)c1ccccc1)c1ccccc1P(c1ccccc1)c1ccccc1.NC(C(c1ccccc1)N)c1ccccc1,CCO,[O-1]C(C)(C)C.[K+],20.0,25.0,1000.0,1.5796558494712687
CC(=O)c1ccc(Br)s1,C[C@H](O)c1ccc(Br)s1,Ru,COc1ccccc1P(c1ccccc1OC)c1ccccc1OC.C=CC1CN2CCC1CC2[C@@H](c1ccnc2c1cccc2)N,CCCO,[Li+].[OH-1],60.0,30.0,250.0,1.5722927407924474
CC(=O)c1cc(C(F)(F)F)cc(C(F)(F)F)c1,C[C@@H](O)c1cc(C(F)(F)F)cc(C(F)(F)F)c1,Ru,CC1(C)O[C@@H]([C@H](O1)CP(c1ccccc1)c1ccccc1)CP(c1ccccc1)c1ccccc1.C[C@H](c1nc2c([nH]1)c(C)ccc2C)N,Cc1ccccc1.CC(O)C,[O-1]C(C)(C)C.[K+],8.0,25.0,1000.0,1.56997610990985
CC(=O)c1ccc(C)cc1,Cc1ccc([C@H](C)O)cc1,Ru,Ic1cc(P(c2ccccc2)c2ccccc2)c(c2c1cccc2)c1c(cc(c2c1cccc2)I)P(c1ccccc1)c1ccccc1.N[C@@H]([C@@H](c1ccccc1)N)c1ccccc1,CC(O)C,[O-1]C(C)(C)C.[K+],47.62,25.0,1000.0,1.5651872533963513
O=C1CCCc2ccccc21,O[C@@H]1CCCc2ccccc21,Ru,COC[C@@H](N[C@@H](C[C@H](P(c1ccccc1)c1ccccc1)C)C)C,CCCCO,[K+].[O-1]C(C)(C)C,50.0,40.0,200.0,1.5633868874175447
O=C1CCCc2ccccc21,O[C@@H]1CCCc2ccccc21,Ru,COC[C@@H](N[C@@H](C[C@H](P(c1ccccc1)c1ccccc1)C)C)C,CCO,[K+].[O-1]C(C)(C)C,50.0,40.0,200.0,1.5633868874175447
CC(=O)c1cccs1,C[C@@H](O)c1cccs1,Ru,COc1nc(OC)cc(c1c1c(OC)nc(cc1P(c1ccc(cc1)OC)c1ccc(cc1)OC)OC)P(c1ccc(cc1)OC)c1ccc(cc1)OC.COc1ccc(cc1)C(c1ccc(cc1)OC)([C@H](C(C)C)N)N,CC(O)C,[K+].[OH-1],30.0,25.0,2000.0,1.5604317223235744
O=C1CN2CCC1CC2,O[C@H]1CN2CCC1CC2,Ru,C[C@H](P(c1cc(C)cc(c1)C)c1cc(C)cc(c1)C)C[C@@H](P(c1cc(C)cc(c1)C)c1cc(C)cc(c1)C)C.NCc1ccccn1,CO,[O-1]C(C)(C)C.[K+],10.0,30.0,49999.99999999999,1.5582725669308923
CC(=O)c1ccc(Br)cc1,C[C@H](O)c1ccc(Br)cc1,Ru,CCCCCN[C@H](c1ccnc2c1cccc2)[C@H]1CC2CCN1CC2C=C.C1CCC(CC1)P(C1CCCCC1)C1CCCCC1,CCO,[Ba+2].[OH-1].[OH-1],60.0,20.0,1000.0,1.5579747906651398
COc1ccc(C(C)=O)cc1,COc1ccc([C@H](C)O)cc1,Ru,Cc1cc(P(c2ccccc2)c2ccccc2)c(c2c1cccc2)c1c(cc(c2c1cccc2)C)P(c1ccccc1)c1ccccc1.N[C@@H]([C@@H](c1ccccc1)N)c1ccccc1,CC(O)C,[O-1]C(C)(C)C.[K+],47.62,25.0,1000.0,1.5557090184292401
CC(=O)c1cc(C(F)(F)F)cc(C(F)(F)F)c1,C[C@@H](O)c1cc(C(F)(F)F)cc(C(F)(F)F)c1,Ru,CC1(C)O[C@@H]([C@H](O1)CP(c1ccccc1)c1ccccc1)CP(c1ccccc1)c1ccccc1.N[C@@H](c1nc2c([nH]1)cccc2)C(C)C,Cc1ccccc1,[O-1]C(C)(C)C.[K+],8.0,25.0,1000.0,1.5557090184292401
CC(=O)c1ccc2ccccc2c1,C[C@H](O)c1ccc2ccccc2c1,Ru,Cc1cc(P(c2ccccc2)c2ccccc2)c(c2c1cccc2)c1c(cc(c2c1cccc2)C)P(c1ccccc1)c1ccccc1.N[C@@H]([C@@H](c1ccccc1)N)c1ccccc1,CC(O)C,[O-1]C(C)(C)C.[K+],47.62,25.0,1000.0,1.5557090184292401
CC(=O)c1ccccc1,C[C@@H](O)c1ccccc1,Ru,Cc1cccc(c1c1c(C)cccc1P(c1ccccc1)c1ccccc1)P(c1ccccc1)c1ccccc1.CN[C@H]1CCCC[C@@H]1NC,CC(O)C,[OH-1].[K+],30.0,20.0,3003.003003003003,1.5531648910699396
CC(=O)c1ccccc1O,C[C@@H](O)c1ccccc1O,Ru,c1ccc(cc1)P(c1ccc2c(c1c1c(ccc3c1cccc3)P(c1ccccc1)c1ccccc1)cccc2)c1ccccc1.CN[C@H]1CCCC[C@@H]1NC,CC(O)C,[OH-1].[K+],30.0,20.0,3003.003003003003,1.5531648910699396
CC(=O)c1ccccc1,C[C@@H](O)c1ccccc1,Ru,CCCCOc1ccc(cc1)P(c1c(OC)cccc1c1cccc(c1P(c1ccc(cc1)OCCCC)c1ccc(cc1)OCCCC)OC)c1ccc(cc1)OCCCC.N[C@H]([C@H](c1ccccc1)N)c1ccccc1,CC(O)C,[K+].[OH-1],29.61,20.0,3000.003000003,1.5531648910699396
CC(=O)c1ccc2ccccc2c1,C[C@H](O)c1ccc2ccccc2c1,Ru,Ic1cc(P(c2ccccc2)c2ccccc2)c(c2c1cccc2)c1c(cc(c2c1cccc2)I)P(c1ccccc1)c1ccccc1.N[C@@H]([C@@H](c1ccccc1)N)c1ccccc1,CC(O)C,[O-1]C(C)(C)C.[K+],47.62,25.0,1000.0,1.5510186544785827
CC(=O)c1ccc(Cl)cc1,C[C@H](O)c1ccc(Cl)cc1,Ru,Clc1ccc2c(c1)c(cc(c2c1c(cc(c2c1ccc(c2)Cl)c1ccccc1)P(c1cc(C)cc(c1)C)c1cc(C)cc(c1)C)P(c1cc(C)cc(c1)C)c1cc(C)cc(c1)C)c1ccccc1.N[C@@H]([C@@H](c1ccccc1)N)c1ccccc1,CC(O)C,[O-1]C(C)(C)C.[K+],48.3,25.0,1000.0,1.5463601539411782
C/C(=C\C(=O)c1ccccc1)c1ccccc1,C/C(=C\[C@H](O)c1ccccc1)c1ccccc1,Ru,Cc1ccc(cc1)P(c1ccc2c(c1c1c(ccc3c1cccc3)P(c1ccc(cc1)C)c1ccc(cc1)C)cccc2)c1ccc(cc1)C.N[C@H](c1ccccc1)CN(C)C,CC(O)C,[O-1]C(C)(C)C.[K+],50.0,0.0,1000.0,1.54365319107383
CC(=O)c1ccc(I)cc1,C[C@@H](O)c1ccc(I)cc1,Ru,Brc1ccccc1p1oc2ccc3c(c2c2c(o1)ccc1c2cccc1)cccc3.N[C@H]([C@H](c1ccccc1)N)c1ccccc1,CC(O)C,[O-1]C(C)(C)C.[K+],50.0,0.0,2000.0,1.54365319107383
CCC(=O)c1ccccc1,CC[C@H](O)c1ccccc1,Ru,Clc1cc(P(c2ccccc2)c2ccccc2)c(c2c1cccc2)c1c(cc(c2c1cccc2)Cl)P(c1ccccc1)c1ccccc1.N[C@@H]([C@@H](c1ccccc1)N)c1ccccc1,CC(O)C,[O-1]C(C)(C)C.[K+],47.62,25.0,1000.0,1.541733050679536
CC(=O)c1ccc2ccccc2c1,C[C@H](O)c1ccc2ccccc2c1,Ru,OC(c1cc(P(c2ccccc2)c2ccccc2)c(c2c1cccc2)c1c(cc(c2c1cccc2)C(c1ccccc1)(c1ccccc1)O)P(c1ccccc1)c1ccccc1)(c1ccccc1)c1ccccc1.N[C@@H]([C@@H](c1ccccc1)N)c1ccccc1,CC(O)C,[O-1]C(C)(C)C.[K+],47.62,25.0,1000.0,1.541733050679536
COc1ccc(C(C)=O)cc1,COc1ccc([C@H](C)O)cc1,Ru,c1ccc(cc1)P(c1cc(c2ccccc2)c2c(c1c1c(cc(c3c1cccc3)c1ccccc1)P(c1ccccc1)c1ccccc1)cccc2)c1ccccc1.N[C@@H]([C@@H](c1ccccc1)N)c1ccccc1,CC(O)C,[O-1]C(C)(C)C.[K+],47.62,25.0,1000.0,1.5371368886489187
CC(=O)c1ccccc1,C[C@@H](O)c1ccccc1,Ru,COc1nc(OC)cc(c1c1c(OC)nc(cc1P(c1ccc(cc1)OC)c1ccc(cc1)OC)OC)P(c1ccc(cc1)OC)c1ccc(cc1)OC.COc1ccc(cc1)C(c1ccc(cc1)OC)([C@H](C(C)C)N)N,CCCO,[K+].[OH-1],30.0,25.0,2000.0,1.5371368886489187
CC(=O)c1ccc(C(C)(C)C)cc1,C[C@H](O)c1ccc(C(C)(C)C)cc1,Ru,Clc1ccc2c(c1)c(cc(c2c1c(cc(c2c1ccc(c2)Cl)c1ccccc1)P(c1cc(C)cc(c1)C)c1cc(C)cc(c1)C)P(c1cc(C)cc(c1)C)c1cc(C)cc(c1)C)c1ccccc1.N[C@@H]([C@@H](c1ccccc1)N)c1ccccc1,CC(O)C,[O-1]C(C)(C)C.[K+],48.3,25.0,1000.0,1.5371368886489187
CC(=O)c1ccc(Br)cc1,C[C@@H](O)c1ccc(Br)cc1,Ru,OC[C@@H](NC(=O)CN[C@@H](C12C3[Fe]4567891(C2(C8C34)P(c1ccccc1)c1ccccc1)C1C5C6C9(C71)P(c1ccccc1)c1ccccc1)C)C,CC(O)C,[Na+].[O-1]C(C)(C)C,10.0,25.0,1000.0,1.532571221607935
COc1ccc(C(C)=O)cc1,COc1ccc([C@H](C)O)cc1,Ru,Brc1cc(P(c2ccccc2)c2ccccc2)c(c2c1cccc2)c1c(cc(c2c1cccc2)Br)P(c1ccccc1)c1ccccc1.N[C@@H]([C@@H](c1ccccc1)N)c1ccccc1,CC(O)C,[O-1]C(C)(C)C.[K+],47.62,25.0,1000.0,1.532571221607935
CC(=O)c1ccccc1,C[C@H](O)c1ccccc1,Ru,COc1c(Cl)ccc(c1c1c(OC)c(Cl)ccc1P(c1ccccc1)c1ccccc1)P(c1ccccc1)c1ccccc1.C[C@@H](c1nc2c([nH]1)cccc2)N,Cc1ccccc1.CC(O)(C)C,[O-1]C(C)(C)C.[K+],8.0,25.0,1000.0,1.532571221607935
O=C1CCCc2ccccc21,O[C@@H]1CCCc2ccccc21,Ru,COC[C@@H](N[C@@H](C[C@H](P(c1ccccc1)c1ccccc1)C)C)C,CC(O)C,[K+].[O-1]C(C)(C)C,70.0,25.0,200.0,1.532571221607935
CC(=O)c1ccc(Br)cc1,C[C@H](O)c1ccc(Br)cc1,Ru,O=C(c1ccccc1P(c1ccccc1)c1ccccc1)c1ccccc1P(c1ccccc1)c1ccccc1.NC(C(c1ccccc1)N)c1ccccc1,CCO,[O-1]C(C)(C)C.[K+],20.0,25.0,1000.0,1.532571221607935
CCC(=O)c1cccc(Cl)c1,CC[C@@H](O)c1cccc(Cl)c1,Ru,OC[C@@H](NC(=O)CN[C@@H](C12C3[Fe]4567891(C2(C8C34)P(c1ccccc1)c1ccccc1)C1C5C6C9(C71)P(c1ccccc1)c1ccccc1)C)C,CC(O)C,[Na+].[O-1]C(C)(C)C,10.0,25.0,1000.0,1.532571221607935
CC(=O)c1ccccc1,C[C@H](O)c1ccccc1,Ru,c1ccc(cc1)P(c1ccc2c(c1c1c(ccc3c1cccc3)P(c1ccccc1)c1ccccc1)cccc2)c1ccccc1.COc1ccc(cc1)C(c1ccc(cc1)OC)([C@@H](C(C)C)N)N,CC(O)C.CC(O)(C)C,[O-1]C(C)(C)C.[K+],8.17,25.0,3030.3030303030305,1.532571221607935
CC(C)(C)C(=O)c1ccccc1,CC(C)(C)[C@@H](O)c1ccccc1,Ru,c1ccc(cc1)c1cc2ccccc2c(c1NCc1ccccn1)c1c(NCc2ccccn2)c(cc2c1cccc2)c1ccccc1,CC(O)C,[O-1]C(C)(C)C.[K+],50.0,25.0,1000.0,1.532571221607935
CC(=O)c1ccccc1,C[C@@H](O)c1ccccc1,Ru,c1ccc(cc1)P(c1ccc2c(c1c1c(ccc3c1cccc3)P(c1ccccc1)c1ccccc1)cccc2)c1ccccc1.N[C@H]([C@H](c1ccccc1)N)c1ccccc1,CC(O)C,[K+].[OH-1],15.0,25.0,250.0,1.532571221607935
COc1ccc(C(C)=O)cc1,COc1ccc([C@@H](C)O)cc1,Ru,CCCC[C@H]1C=Cc2c(N1p1oc3ccc4c(c3c3c(o1)ccc1c3cccc1)cccc4)c(ccc2)P(c1ccccc1)c1ccccc1.NCCN,ClCCl.CO,[O-1]C(C)(C)C.[Na+],30.0,25.0,500.0,1.532571221607935
CC(=O)c1ccccc1,C[C@H](O)c1ccccc1,Ru,OC[C@H](C(C)(C)C)NC(=O)CN[C@H](C12C3[Fe]4567891(C2(C8C34)P(c1ccccc1)c1ccccc1)C1C5C6C9(C71)P(c1ccccc1)c1ccccc1)C,CC(O)C,[Na+].[O-1]C(C)(C)C,10.0,25.0,1000.0,1.532571221607935
CC(=O)c1ccccc1,C[C@H](O)c1ccccc1,Ru,O=C(c1ccc(cc1P(c1ccccc1)c1ccccc1)C(C)(C)C)c1ccc(cc1P(c1ccccc1)c1ccccc1)C(C)(C)C.NC(C(c1ccccc1)N)c1ccccc1,CCCO,[O-1]C(C)(C)C.[K+],20.0,25.0,1000.0,1.532571221607935
CCC(=O)c1ccccc1,CC[C@H](O)c1ccccc1,Ru,c1ccc2c(c1)[C@H](NC2)[C@H]1NCc2c1cccc2.c1ccc(cc1)P(c1ccccc1)c1ccccc1,CC(O)C,[K+].[O-1]C(C)(C)C,50.0,25.0,,1.532571221607935
CC(=O)c1ccccc1,C[C@H](O)c1ccccc1,Ru,Cc1cc(P(c2ccccc2)c2ccccc2)c(c(c1C)C)c1c(C)c(C)c(cc1P(c1ccccc1)c1ccccc1)C.N[C@@H]1CCCC[C@H]1N,CC(O)C.CC(O)(C)C,[O-1]C(C)(C)C.[K+],8.17,25.0,3030.3030303030305,1.532571221607935
CC(=O)c1ccccc1,C[C@H](O)c1ccccc1,Ru,Cc1cc(P(c2ccccc2)c2ccccc2)c(c(c1C)C)c1c(C)c(C)c(cc1P(c1ccccc1)c1ccccc1)C.N[C@@H]([C@@H](c1ccccc1)N)c1ccccc1,CC(O)C.CC(O)(C)C,[O-1]C(C)(C)C.[K+],8.17,25.0,3030.3030303030305,1.532571221607935
CC(=O)/C=C(\C)c1ccccc1,C/C(=C\[C@H](C)O)c1ccccc1,Ru,c1ccc(cc1)P(c1ccccc1Oc1ccccc1P(c1ccccc1)c1ccccc1)c1ccccc1.Clc1ccc2c(c1)[C@H](NC2)[C@@H]1NCc2c1cc(Cl)cc2,CC(O)C,[O-1]C(C)(C)C.[K+],10.0,25.0,1000.0,1.532571221607935
CC(=O)c1cc(C(F)(F)F)cc(C(F)(F)F)c1,C[C@@H](O)c1cc(C(F)(F)F)cc(C(F)(F)F)c1,Ru,CC1(C)O[C@@H]([C@H](O1)CP(c1ccccc1)c1ccccc1)CP(c1ccccc1)c1ccccc1.C[C@H](c1nc2c([nH]1)c(C)ccc2C)N,Cc1ccccc1,[O-1]C(C)(C)C.[K+].c1ccc(cc1)P(c1ccccc1)c1ccccc1,8.0,25.0,1000.0,1.5280356128394226
CC(C)(C)C(=O)c1ccccc1,CC(C)(C)[C@H](O)c1ccccc1,Ru,N[C@@H]1CCCC[C@H]1NCc1ccccc1P(c1cc(cc(c1)C(C)(C)C)C(C)(C)C)c1cc(cc(c1)C(C)(C)C)C(C)(C)C,CC(O)C,[O-1]C(C)(C)C.[K+],49.35,50.0,200.0,1.5259560915734434
CC(=O)c1cc(C(F)(F)F)cc(C(F)(F)F)c1,C[C@@H](O)c1cc(C(F)(F)F)cc(C(F)(F)F)c1,Ru,CC1(C)O[C@@H]([C@H](O1)CP(c1ccccc1)c1ccccc1)CP(c1ccccc1)c1ccccc1.C[C@H](c1nc2c([nH]1)cccc2)N,Cc1ccccc1,[O-1]C(C)(C)C.[K+].c1ccc(cc1)P(c1ccccc1)c1ccccc1,8.0,25.0,1000.0,1.5235296348811957
CC(=O)c1ccccc1,C[C@H](O)c1ccccc1,Ru,CCCCCN[C@H](c1ccnc2c1cc(OC)cc2)[C@H]1CC2CCN1CC2C=C.C1CCC(CC1)P(C1CCCCC1)C1CCCCC1,CCO,[Li+].[OH-1],60.0,30.0,250.0,1.52219955440857
CC(=O)c1ccccc1,C[C@H](O)c1ccccc1,Ru,Clc1cc(P(c2ccccc2)c2ccccc2)c(c2c1cccc2)c1c(cc(c2c1cccc2)Cl)P(c1ccccc1)c1ccccc1.N[C@@H]([C@@H](c1ccccc1)N)c1ccccc1,CC(O)C,[O-1]C(C)(C)C.[K+],47.62,25.0,1000.0,1.5190528692662475
COc1ccc(C(C)=O)cc1,COc1ccc([C@H](C)O)cc1,Ru,Ic1cc(P(c2ccccc2)c2ccccc2)c(c2c1cccc2)c1c(cc(c2c1cccc2)I)P(c1ccccc1)c1ccccc1.N[C@@H]([C@@H](c1ccccc1)N)c1ccccc1,CC(O)C,[O-1]C(C)(C)C.[K+],47.62,25.0,1000.0,1.5190528692662475
CC(=O)c1ccccc1,C[C@@H](O)c1ccccc1,Ru,C[C@H](c1cccc2c1cccc2)N1CC[N+](=[C-1]1)[C@@H](c1cccc2c1cccc2)C.N[C@@H]([C@@H](c1ccc(cc1)C)N)c1ccc(cc1)C,CC(O)C,[O-1]C(C)(C)C.[Na+],7.5,22.0,3333.3333333333335,1.517150414414161
COc1ccc2c(c1)CCCC2=O,COc1ccc2c(c1)CCC[C@H]2O,Ru,C[C@H](c1cccc2c1cccc2)N1CC[N+](=[C-1]1)[C@@H](c1cccc2c1cccc2)C.N[C@@H]([C@@H](c1ccc(cc1)C)N)c1ccc(cc1)C,CC(O)C,[O-1]C(C)(C)C.[Na+],7.5,22.0,3333.3333333333335,1.517150414414161
CC(=O)c1cc(C(F)(F)F)cc(C(F)(F)F)c1,C[C@@H](O)c1cc(C(F)(F)F)cc(C(F)(F)F)c1,Ru,CC1(C)O[C@@H]([C@H](O1)CP(c1ccccc1)c1ccccc1)CP(c1ccccc1)c1ccccc1.C[C@H](c1nc2c([nH]1)c(C)ccc2C)N,CC(O)(C)C,[O-1]C(C)(C)C.[K+],30.0,25.0,20703.933747412008,1.514604906271994
O=C1CN2CCC1CC2,O[C@H]1CN2CCC1CC2,Ru,C[C@H](P(c1cc(C)cc(c1)C)c1cc(C)cc(c1)C)C[C@@H](P(c1cc(C)cc(c1)C)c1cc(C)cc(c1)C)C.NCc1ccccn1,CCO,[O-1]C(C)(C)C.[K+],15.0,30.0,99999.99999999999,1.5134623500578914
COc1ccc(C(C)=O)cc1,COc1ccc([C@H](C)O)cc1,Ru,Clc1ccc2c(c1)c(cc(c2c1c(cc(c2c1ccc(c2)Cl)c1ccccc1)P(c1cc(C)cc(c1)C)c1cc(C)cc(c1)C)P(c1cc(C)cc(c1)C)c1cc(C)cc(c1)C)c1ccccc1.N[C@@H]([C@@H](c1ccccc1)N)c1ccccc1,CC(O)C,[O-1]C(C)(C)C.[K+],48.3,25.0,1000.0,1.5101853446782028
CC(=O)c1cccc(Br)c1,C[C@H](O)c1cccc(Br)c1,Ru,CCCCCN[C@H](c1ccnc2c1cccc2)[C@H]1CC2CCN1CC2C=C.C1CCC(CC1)P(C1CCCCC1)C1CCCCC1,CCO,[Ba+2].[OH-1].[OH-1],60.0,30.0,1000.0,1.5091338264596592
CC(=O)c1ccc2ccccc2c1,C[C@H](O)c1ccc2ccccc2c1,Ru,Clc1cc(P(c2ccccc2)c2ccccc2)c(c2c1cccc2)c1c(cc(c2c1cccc2)Cl)P(c1ccccc1)c1ccccc1.N[C@@H]([C@@H](c1ccccc1)N)c1ccccc1,CC(O)C,[O-1]C(C)(C)C.[K+],47.62,25.0,1000.0,1.5057937915332373
CCC(=O)c1ccccc1,CC[C@H](O)c1ccccc1,Ru,c1ccc(cc1)P(c1ccc2c(c1c1c(ccc3c1cccc3)P(c1ccccc1)c1ccccc1)cccc2)c1ccccc1.N[C@@H]([C@@H](c1ccccc1)N)c1ccccc1,CC(O)C,[O-1]C(C)(C)C.[K+],47.62,25.0,1000.0,1.5057937915332373
CC(=O)c1cc(C(F)(F)F)cc(C(F)(F)F)c1,C[C@@H](O)c1cc(C(F)(F)F)cc(C(F)(F)F)c1,Ru,CC1(C)O[C@@H]([C@H](O1)CP(c1ccccc1)c1ccccc1)CP(c1ccccc1)c1ccccc1.C[C@H](c1nc2c([nH]1)c(C)ccc2C)N,COC(C)(C)C,[O-1]C(C)(C)C.[K+],8.0,25.0,1000.0,1.5057937915332373
CC(=O)c1ccccc1,C[C@H](O)c1ccccc1,Ru,Fc1ccc(cc1)P(c1ccc(cc1)F)c1ccc(cc1)F.C=CC1CN2CCC1CC2[C@@H](c1ccnc2c1cccc2)N,CCO,[Li+].[OH-1],60.0,25.0,500.0,1.5014298619282773
CC(=O)c1cc(C(F)(F)F)cc(C(F)(F)F)c1,C[C@@H](O)c1cc(C(F)(F)F)cc(C(F)(F)F)c1,Ru,CC1(C)O[C@@H]([C@H](O1)CP(c1ccccc1)c1ccccc1)CP(c1ccccc1)c1ccccc1.C[C@H](c1nc2c([nH]1)c(C)ccc2C)N,Cc1ccccc1.CC(O)(C)C,[O-1]C(C)(C)C.[K+],30.0,25.0,20703.933747412008,1.5014298619282773
CC(=O)c1cccc(Br)c1,C[C@@H](O)c1cccc(Br)c1,Ru,COc1nc(OC)cc(c1c1c(OC)nc(cc1P(c1ccc(cc1)OC)c1ccc(cc1)OC)OC)P(c1ccc(cc1)OC)c1ccc(cc1)OC.COc1ccc(cc1)C(c1ccc(cc1)OC)([C@H](C(C)C)N)N,CC(O)C,[K+].[OH-1],30.0,25.0,2000.0,1.5014298619282773
CC(=O)c1ccc(C)cc1,Cc1ccc([C@H](C)O)cc1,Ru,Brc1cc(P(c2ccccc2)c2ccccc2)c(c2c1cccc2)c1c(cc(c2c1cccc2)Br)P(c1ccccc1)c1ccccc1.N[C@@H]([C@@H](c1ccccc1)N)c1ccccc1,CC(O)C,[O-1]C(C)(C)C.[K+],47.62,25.0,1000.0,1.4970931787792021
CC(=O)c1cccc(Cl)c1,C[C@@H](O)c1cccc(Cl)c1,Ru,Brc1ccccc1p1oc2ccc3c(c2c2c(o1)ccc1c2cccc1)cccc3.N[C@H]([C@H](c1ccccc1)N)c1ccccc1,CC(O)C,[O-1]C(C)(C)C.[K+],50.0,0.0,2000.0,1.4935434935691219
CC(=O)c1cc(C(F)(F)F)cc(C(F)(F)F)c1,C[C@@H](O)c1cc(C(F)(F)F)cc(C(F)(F)F)c1,Ru,CC1(C)O[C@@H]([C@H](O1)CP(c1ccccc1)c1ccccc1)CP(c1ccccc1)c1ccccc1.N[C@@H](c1nc2c([nH]1)cccc2)C(C)C,Cc1ccccc1,[O-1]C(C)(C)C.[K+].c1ccc(cc1)P(c1ccccc1)c1ccccc1,8.0,25.0,1000.0,1.4927833726158044
CC(=O)c1ccc2ccccc2c1,C[C@H](O)c1ccc2ccccc2c1,Ru,Clc1ccc2c(c1)c(cc(c2c1c(cc(c2c1ccc(c2)Cl)c1ccccc1)P(c1cc(C)cc(c1)C)c1cc(C)cc(c1)C)P(c1cc(C)cc(c1)C)c1cc(C)cc(c1)C)c1ccccc1.N[C@@H]([C@@H](c1ccccc1)N)c1ccccc1,CC(O)C,[O-1]C(C)(C)C.[K+],48.3,25.0,1000.0,1.4927833726158044
COc1cccc(C(=O)c2cc(Cl)ccc2N)c1OC,COc1cccc([C@@H](O)c2cc(Cl)ccc2N)c1OC,Ru,CN(c1c(C)cc(cc1C)P(c1ccc2c(c1c1c(ccc3c1cccc3)P(c1cc(C)c(c(c1)C)N(C)C)c1cc(C)c(c(c1)C)N(C)C)cccc2)c1cc(C)c(c(c1)C)N(C)C)C.N[C@H]([C@H](c1ccccc1)N)c1ccccc1,CC(O)C.C1CCCO1,[OH-1].[K+],1.0,60.0,1000.0,1.492266855281092
CC(=O)c1ccco1,C[C@H](O)c1ccco1,Ru,COc1ccccc1P(c1ccccc1OC)c1ccccc1OC.C=CC1CN2CCC1CC2[C@@H](c1ccnc2c1cccc2)N,CCCO,[Li+].[OH-1],60.0,30.0,250.0,1.4920787499979318
CC(=O)c1ccccc1,C[C@H](O)c1ccccc1,Ru,COc1nc(OC)cc(c1c1c(OC)nc(cc1P(c1ccc(cc1)C)c1ccc(cc1)C)OC)P(c1ccc(cc1)C)c1ccc(cc1)C,CC(O)C,[O-1]C(C)(C)C.[K+],34.02,26.5,99999.99999999999,1.4917102130913307
CC(=O)c1ccc(Cl)s1,C[C@H](O)c1ccc(Cl)s1,Ru,COc1ccccc1P(c1ccccc1OC)c1ccccc1OC.C=CC1CN2CCC1CC2[C@@H](c1ccnc2c1cccc2)N,CCCO,[Li+].[OH-1],60.0,40.0,250.0,1.490833783111279
COCC(=O)c1ccc(C(F)(F)F)cc1,COC[C@@H](O)c1ccc(C(F)(F)F)cc1,Ru,C1C[C@@H]([C@@H](C1)P(c1ccccc1)c1ccccc1)[C@H]1CCC[C@H]1P(c1ccccc1)c1ccccc1.NCC(N)(C)C,CC(O)C,[O-1]C(C)(C)C.[Na+],7.0,25.0,200.0,1.4885000813780647
CC(=O)c1ccccc1F,C[C@H](O)c1ccccc1F,Ru,O=C(c1ccccc1P(c1ccccc1)c1ccccc1)c1ccccc1P(c1ccccc1)c1ccccc1.NC(C(c1ccccc1)N)c1ccccc1,CCO,[O-1]C(C)(C)C.[K+],20.0,25.0,1000.0,1.4885000813780647
CC(=O)c1ccccc1,C[C@@H](O)c1ccccc1,Ru,c1ccc(cc1)P(c1ccc2c(c1c1c(ccc3c1cccc3)P(c1ccccc1)c1ccccc1)cccc2)c1ccccc1.N[C@H]([C@H](c1ccccc1)N)c1ccccc1,CC(O)C.CC(O)(C)C,[O-1]C(C)(C)C.[K+],8.17,25.0,3030.3030303030305,1.4885000813780647
CC(=O)c1cccc2ccccc12,C[C@H](O)c1cccc2ccccc12,Ru,O=C(c1ccccc1P(C(C)(C)C)C)N[C@@H]1CCCC[C@H]1NC(=O)c1ccccc1P(C(C)(C)C)C,CC(O)C,[O-1]C(C)(C)C.[K+],30.0,25.0,100.0,1.4885000813780647
CC(=O)c1ccccc1,C[C@H](O)c1ccccc1,Ru,c1ccc2c(c1)[C@H](NC2)[C@H]1NCc2c1cccc2.Cc1ccc(cc1)P(c1ccc(cc1)C)c1ccc(cc1)C,CC(O)C,[K+].[O-1]C(C)(C)C,10.0,25.0,,1.4885000813780647
CC(=O)c1cc(C(F)(F)F)cc(C(F)(F)F)c1,C[C@@H](O)c1cc(C(F)(F)F)cc(C(F)(F)F)c1,Ru,C1C[C@@H]([C@@H](C1)P(c1ccccc1)c1ccccc1)[C@H]1CCC[C@H]1P(c1ccccc1)c1ccccc1.NCCSC(C)(C)C,CCCCO,[O-1]C(C)(C)C.[Na+],7.0,-10.0,1000.0,1.487140169251614
CC(=O)c1ccccc1,C[C@@H](O)c1ccccc1,Ru,COc1nc(OC)cc(c1c1c(OC)nc(cc1P(c1ccc(cc1)OC)c1ccc(cc1)OC)OC)P(c1ccc(cc1)OC)c1ccc(cc1)OC.COc1ccc(cc1)C(c1ccc(cc1)OC)([C@H](C(C)C)N)N,CC(O)C,[K+].[OH-1],30.0,25.0,1000.0,1.4674691714065096
CC(=O)c1ccccc1,C[C@H](O)c1ccccc1,Ru,CN[C@H](c1ccnc2c1cccc2)[C@H]1CC2CCN1CC2C=C.C1CCC(CC1)P(C1CCCCC1)C1CCCCC1,CCO,[Li+].[OH-1],60.0,30.0,250.0,1.46723702270888
CC(=O)c1cccnc1,C[C@H](O)c1cccnc1,Ru,COc1ccccc1P(c1ccccc1OC)c1ccccc1OC.C=CC1CN2CCC1CC2[C@@H](c1ccnc2c1cccc2)N,CCCO,[Li+].[OH-1],60.0,30.0,125.0,1.46723702270888
O=C1CN2CCC1CC2,O[C@H]1CN2CCC1CC2,Ru,C[C@H](P(c1cc(C)cc(c1)C)c1cc(C)cc(c1)C)C[C@@H](P(c1cc(C)cc(c1)C)c1cc(C)cc(c1)C)C.NCc1ccccn1,CCO,[O-1]C(C)(C)C.[K+],15.0,20.0,99999.99999999999,1.4635378126982381
CC(=O)/C=C/c1ccccc1,C[C@@H](O)/C=C/c1ccccc1,Ru,Cc1cc(C)cc(c1)P(c1cc2CCc3ccc(CCc1cc2)cc3P(c1cc(C)cc(c1)C)c1cc(C)cc(c1)C)c1cc(C)cc(c1)C.N[C@@H]1CCCC[C@H]1N,CC(O)C,[K+].[O-1]C(C)(C)C,5.5,19.0,3000.003000003,1.4585453589622728
O=C1CN2CCC1CC2,O[C@@H]1CN2CCC1CC2,Ru,Cc1cc(C)cc(c1)P(c1ccc2c(c1c1c(ccc3c1cccc3)P(c1cc(C)cc(c1)C)c1cc(C)cc(c1)C)cccc2)c1cc(C)cc(c1)C.COc1ccc(cc1)C(c1ccc(cc1)OC)([C@H](C(C)C)N)N,CC(O)C,[O-1]C(C)(C)C.[K+],30.0,10.0,20000.0,1.4554671856390637
CC(=O)c1ccccc1,C[C@@H](O)c1ccccc1,Ru,COc1ccccc1P(c1ccccc1OC)c1ccccc1OC.C=CC1CN2CCC1CC2[C@H](c1ccnc2c1cc(OC)cc2)N,CCO,[Li+].[OH-1],60.0,25.0,500.0,1.4551471367757198
CC(=O)c1ccccc1Br,C[C@H](O)c1ccccc1Br,Ru,CCCCCN[C@H](c1ccnc2c1cccc2)[C@H]1CC2CCN1CC2C=C.C1CCC(CC1)P(C1CCCCC1)C1CCCCC1,CCO,[Ba+2].[OH-1].[OH-1],60.0,25.0,1000.0,1.4551471367757198
CC(=O)/C=C(\C)c1ccccc1,C/C(=C\[C@H](C)O)c1ccccc1,Ru,c1ccc(cc1)P(C12C3[Fe]4567892(C1C5C34)C1C6C7C9(C81)P(c1ccccc1)c1ccccc1)c1ccccc1.c1ccc2c(c1)[C@H](NC2)[C@@H]1NCc2c1cccc2,CC(O)C,[O-1]C(C)(C)C.[K+],10.0,25.0,1000.0,1.4470507593526363
CC(=O)c1ccccc1,C[C@H](O)c1ccccc1,Ru,COc1cccc(c1c1c(OC)cccc1P(c1ccccc1)c1ccccc1)P(c1ccccc1)c1ccccc1.N[C@@H]([C@@H](c1ccccc1)N)c1ccccc1,CC(O)C.CC(O)(C)C,[O-1]C(C)(C)C.[K+],8.17,25.0,3030.3030303030305,1.4470507593526363
CC(=O)c1cc(C(F)(F)F)cc(C(F)(F)F)c1,C[C@@H](O)c1cc(C(F)(F)F)cc(C(F)(F)F)c1,Ru,CC1(C)O[C@@H]([C@H](O1)CP(c1ccccc1)c1ccccc1)CP(c1ccccc1)c1ccccc1.C[C@H](c1nc2c([nH]1)cccc2)N,Cc1ccccc1,[O-1]C(C)(C)C.[K+],8.0,25.0,1000.0,1.4470507593526363
CC(=O)c1ccccc1,C[C@H](O)c1ccccc1,Ru,Cc1ccc(cc1)P(c1ccc2c(c1c1c(ccc3c1cccc3)P(c1ccc(cc1)C)c1ccc(cc1)C)cccc2)c1ccc(cc1)C.N[C@H](c1ccccc1)CN1CCCC1,CC(O)C,[K+].[O-1]C(C)(C)C,8.0,25.0,500.0,1.4470507593526363
CC(=O)c1ccc(C(F)(F)F)cc1,C[C@H](O)c1ccc(C(F)(F)F)cc1,Ru,Cc1ccc(cc1)P(c1ccc2c(c1c1c(ccc3c1cccc3)P(c1ccc(cc1)C)c1ccc(cc1)C)cccc2)c1ccc(cc1)C.N[C@H](c1ccccc1)CN(C)C,CC(O)C,[K+].[O-1]C(C)(C)C,8.0,25.0,500.0,1.4470507593526363
CC(=O)c1ccccc1,C[C@H](O)c1ccccc1,Ru,Cc1ccc(cc1)P(c1ccc2c(c1c1c(ccc3c1cccc3)P(c1ccc(cc1)C)c1ccc(cc1)C)cccc2)c1ccc(cc1)C.N[C@H](Cc1ccccc1)CN(C)C,CC(O)C,[K+].[O-1]C(C)(C)C,8.0,25.0,500.0,1.4470507593526363
CC(=O)c1cccc(Cl)c1,C[C@H](O)c1cccc(Cl)c1,Ru,O=C(c1ccccc1P(c1ccccc1)c1ccccc1)c1ccccc1P(c1ccccc1)c1ccccc1.NC(C(c1ccccc1)N)c1ccccc1,CCO,[O-1]C(C)(C)C.[K+],20.0,25.0,1000.0,1.4470507593526363
CC(=O)c1cc(C(F)(F)F)cc(C(F)(F)F)c1,C[C@@H](O)c1cc(C(F)(F)F)cc(C(F)(F)F)c1,Ru,CC1(C)O[C@@H]([C@H](O1)CP(c1ccccc1)c1ccccc1)CP(c1ccccc1)c1ccccc1.C[C@H](c1nc2c([nH]1)c(C)ccc2C)N,Cc1ccccc1.CCCCO,[O-1]C(C)(C)C.[K+],8.0,25.0,1000.0,1.4470507593526363
CC(=O)c1ccc(C)cc1,Cc1ccc([C@H](C)O)cc1,Ru,OC(c1cc(P(c2ccccc2)c2ccccc2)c(c2c1cccc2)c1c(cc(c2c1cccc2)C(c1ccccc1)(c1ccccc1)O)P(c1ccccc1)c1ccccc1)(c1ccccc1)c1ccccc1.N[C@@H]([C@@H](c1ccccc1)N)c1ccccc1,CC(O)C,[O-1]C(C)(C)C.[K+],47.62,25.0,1000.0,1.4390462647330118
CC(=O)c1ccc(Cl)cc1Cl,C[C@H](O)c1ccc(Cl)cc1Cl,Ru,CCCCCN[C@H](c1ccnc2c1cccc2)[C@H]1CC2CCN1CC2C=C.C1CCC(CC1)P(C1CCCCC1)C1CCCCC1,CCO,[Ba+2].[OH-1].[OH-1],60.0,20.0,1000.0,1.4347590999972653
CC(=O)c1ccc2c(c1)OCO2,C[C@@H](O)c1ccc2c(c1)OCO2,Ru,C[C@H](c1cccc2c1cccc2)N1CC[N+](=[C-1]1)[C@@H](c1cccc2c1cccc2)C.N[C@@H]([C@@H](c1ccc(cc1)C)N)c1ccc(cc1)C,CC(O)C,[O-1]C(C)(C)C.[Na+],7.5,22.0,3333.3333333333335,1.4324904632665794
CC(=O)c1ccccc1,C[C@H](O)c1ccccc1,Ru,Cc1ccc(cc1)P(c1ccc2c(c1c1c(ccc3c1cccc3)P(c1ccc(cc1)C)c1ccc(cc1)C)cccc2)c1ccc(cc1)C.N[C@@H]([C@@H](c1ccccc1)N)c1ccccc1,CC(O)C,,8.0,38.0,99999.99999999999,1.4305604563239598
CC(=O)c1ccccc1,C[C@H](O)c1ccccc1,Ru,COc1nc(OC)cc(c1c1c(OC)nc(cc1P(c1ccccc1)c1ccccc1)OC)P(c1ccccc1)c1ccccc1,CC(O)C,[O-1]C(C)(C)C.[K+],34.02,26.5,99999.99999999999,1.4265634459821002
CC(=O)c1ccc(Cl)c(Cl)c1,C[C@H](O)c1ccc(Cl)c(Cl)c1,Ru,CCCCCN[C@H](c1ccnc2c1cccc2)[C@H]1CC2CCN1CC2C=C.C1CCC(CC1)P(C1CCCCC1)C1CCCCC1,CCO,[Ba+2].[OH-1].[OH-1],60.0,25.0,1000.0,1.4233039121972433
CC(=O)c1cccc(C)c1,Cc1cccc([C@H](C)O)c1,Ru,C[C@@H]1Oc2cccc(c2-c2c(O[C@H]1C)cccc2P(c1ccccc1)c1ccccc1)P(c1ccccc1)c1ccccc1.N[C@@H]([C@@H](c1ccccc1)N)c1ccccc1,CCCCO,[K+].[O-1]C(C)(C)C,20.0,20.0,2000.0,1.422783599209208
CC(=O)c1ccccc1,C[C@@H](O)c1ccccc1,Ru,Brc1ccccc1p1oc2ccc3c(c2c2c(o1)ccc1c2cccc1)cccc3.N[C@H]([C@H](c1ccccc1)N)c1ccccc1,CC(O)C,[O-1]C(C)(C)C.[K+],10.0,20.0,1000.0,1.422783599209208
CC(=O)c1ccccc1,C[C@@H](O)c1ccccc1,Ru,CCOc1ccc(cc1)P(c1c(OC)cccc1c1cccc(c1P(c1ccc(cc1)OCC)c1ccc(cc1)OCC)OC)c1ccc(cc1)OCC.N[C@H]([C@H](c1ccccc1)N)c1ccccc1,CC(O)C,[K+].[OH-1],29.61,20.0,3000.003000003,1.422783599209208
CC(=O)c1ccccc1,C[C@@H](O)c1ccccc1,Ru,CCCOc1ccc(cc1)P(c1c(OC)cccc1c1cccc(c1P(c1ccc(cc1)OCCC)c1ccc(cc1)OCCC)OC)c1ccc(cc1)OCCC.N[C@H]([C@H](c1ccccc1)N)c1ccccc1,CC(O)C,[K+].[OH-1],29.61,20.0,3000.003000003,1.422783599209208
CC(=O)c1ccc(C(F)(F)F)cc1,C[C@@H](O)c1ccc(C(F)(F)F)cc1,Ru,COc1cccc(c1P(c1ccc(cc1)OC(C)(C)C)c1ccc(cc1)OC(C)(C)C)c1cccc(c1P(c1ccc(cc1)OC(C)(C)C)c1ccc(cc1)OC(C)(C)C)OC.N[C@H]([C@H](c1ccccc1)N)c1ccccc1,CC(O)C,[K+].[OH-1],29.61,20.0,3000.003000003,1.422783599209208
CC(=O)c1ccc(C)cc1,Cc1ccc([C@H](C)O)cc1,Ru,OC1(CCCC1)c1cc(P(c2ccccc2)c2ccccc2)c(c2c1cccc2)c1c(cc(c2c1cccc2)C1(O)CCCC1)P(c1ccccc1)c1ccccc1.N[C@@H]([C@@H](c1ccccc1)N)c1ccccc1,CC(O)C,[O-1]C(C)(C)C.[K+],47.62,25.0,1000.0,1.4194222974121915
O=C(c1ccccc1)C1CCCCC1,O[C@H](c1ccccc1)C1CCCCC1,Ru,CC(P(c1ccccc1)Cc1cccc(n1)CP(C(C)(C)C)c1ccccc1)(C)C,CCO,[O-1]C(C)(C)C.[K+],30.0,-40.0,200.0,1.4154520357001126
CC(=O)c1ccc(C)cc1,Cc1ccc([C@H](C)O)cc1,Ru,c1ccc(cc1)P(c1ccc2c(c1c1c(ccc3c1cccc3)P(c1ccccc1)c1ccccc1)cccc2)c1ccccc1.N[C@@H]([C@@H](c1ccccc1)N)c1ccccc1,CC(O)C,[O-1]C(C)(C)C.[K+],47.62,25.0,1000.0,1.4117220206564247
CC(=O)c1ccccc1,C[C@H](O)c1ccccc1,Ru,c1ccc(cc1)P(c1ccc2c(c1c1c(ccc3c1cccc3)P(c1ccccc1)c1ccccc1)cccc2)c1ccccc1.N[C@@H]([C@@H](c1ccccc1)N)c1ccccc1,CC(O)C,[O-1]C(C)(C)C.[K+],47.62,25.0,1000.0,1.4079028584329942
COCC(=O)c1ccc(C(F)(F)F)cc1,COC[C@@H](O)c1ccc(C(F)(F)F)cc1,Ru,C1C[C@@H]([C@@H](C1)P(c1ccccc1)c1ccccc1)[C@H]1CCC[C@H]1P(c1ccccc1)c1ccccc1.CCSc1ccccc1N,CO,[O-1]C(C)(C)C.[Na+],7.0,25.0,200.0,1.4079028584329942
CC(=O)c1cccc(Br)c1,C[C@@H](O)c1cccc(Br)c1,Ru,OC[C@@H](NC(=O)CN[C@@H](C12C3[Fe]4567891(C2(C8C34)P(c1ccccc1)c1ccccc1)C1C5C6C9(C71)P(c1ccccc1)c1ccccc1)C)C,CC(O)C,[Na+].[O-1]C(C)(C)C,10.0,25.0,1000.0,1.4079028584329942
CC(=O)c1cc(C(F)(F)F)cc(C(F)(F)F)c1,C[C@@H](O)c1cc(C(F)(F)F)cc(C(F)(F)F)c1,Ru,CC1(C)O[C@@H]([C@H](O1)CP(c1ccccc1)c1ccccc1)CP(c1ccccc1)c1ccccc1.C[C@H](c1nc2c([nH]1)c(C)ccc2C)N,Cc1ccccc1,[O-1]C(C)(C)C.[K+],30.0,25.0,40160.642570281125,1.4079028584329942
COc1ccc2c(c1)CCCC2=O,COc1ccc2c(c1)CCC[C@H]2O,Ru,COC[C@@H](N[C@@H](C[C@H](P(c1ccccc1)c1ccccc1)C)C)C,CC(O)C,[K+].[O-1]C(C)(C)C,70.0,25.0,200.0,1.4079028584329942
CC(=O)c1ccccc1,C[C@H](O)c1ccccc1,Ru,CC1(C)O[C@@H]([C@H](O1)CP(c1ccccc1)c1ccccc1)CP(c1ccccc1)c1ccccc1.C[C@@H](c1nc2c([nH]1)cc(cc2)C(F)(F)F)N,Cc1ccccc1.CC(O)(C)C,[O-1]C(C)(C)C.[K+],8.0,25.0,1000.0,1.4079028584329942
CC(=O)c1ccc(F)cc1,C[C@@H](O)c1ccc(F)cc1,Ru,N(CC1=NC2C(O1)Cc1c2cccc1)CC1=NC2C(O1)Cc1c2cccc1,CC(O)C,[O-1]C(C)(C)C.[K+],5.0,25.0,100.0,1.4079028584329942
CC(=O)c1ccccc1,C[C@H](O)c1ccccc1,Ru,OC[C@H](C(C)(C)C)NC(=O)CN[C@H](C12C3[Fe]4567891(C2(C8C34)P(c1ccccc1)c1ccccc1)C1C5C6C9(C71)P(c1ccccc1)c1ccccc1)C,CC(O)C,[K+].[O-1]C(C)(C)C,10.0,25.0,1000.0,1.4079028584329942
COCC(=O)c1ccc(C(F)(F)F)cc1,COC[C@@H](O)c1ccc(C(F)(F)F)cc1,Ru,C1C[C@@H]([C@@H](C1)P(c1ccccc1)c1ccccc1)[C@H]1CCC[C@H]1P(c1ccccc1)c1ccccc1.CCSc1ccccc1N,CC(O)C,[O-1]C(C)(C)C.[Na+],7.0,25.0,200.0,1.4079028584329942
CC(=O)C#C[Si](C)(C)C,C[C@H](O)C#C[Si](C)(C)C,Ru,Cc1cc(C)cc(c1)P(c1ccc2c(c1c1c(ccc3c1cccc3)P(c1cc(C)cc(c1)C)c1cc(C)cc(c1)C)cccc2)c1cc(C)cc(c1)C.COc1ccc(cc1)C(c1ccc(cc1)OC)([C@@H](C(C)C)N)N,CCO,,50.0,25.0,1000.0,1.4041040208107427
CC(=O)c1ccc(Cl)cc1,C[C@@H](O)c1ccc(Cl)cc1,Ru,Brc1ccccc1p1oc2ccc3c(c2c2c(o1)ccc1c2cccc1)cccc3.N[C@H]([C@H](c1ccccc1)N)c1ccccc1,CC(O)C,[O-1]C(C)(C)C.[K+],50.0,0.0,2000.0,1.4040644949931493
CC(=O)c1ccccc1,C[C@@H](O)c1ccccc1,Ru,C[C@@H]1C[C@@H](C)Oc2c(-c3c(O1)cccc3P(c1ccccc1)c1ccccc1)c(ccc2)P(c1ccccc1)c1ccccc1.N[C@@H]([C@@H](c1ccccc1)N)c1ccccc1,CC(O)C,[O-1]C(C)(C)C.[K+],50.0,21.0,10000.0,1.4003792345591015
CC(=O)c1ccccc1,C[C@@H](O)c1ccccc1,Ru,COc1nc(OC)cc(c1c1c(OC)nc(cc1P(c1ccc(cc1)OC)c1ccc(cc1)OC)OC)P(c1ccc(cc1)OC)c1ccc(cc1)OC.N[C@H]([C@H](c1ccccc1)N)c1ccccc1,CC(O)C,[K+].[O-1]C(C)(C)C,30.0,25.0,2000.0,1.4003252685093288
CC(=O)c1ccccc1,C[C@@H](O)c1ccccc1,Ru,C[C@@H]1C[C@@H](C)Oc2c(-c3c(O1)cccc3P(c1ccccc1)c1ccccc1)c(ccc2)P(c1ccccc1)c1ccccc1.N[C@H]([C@H](c1ccccc1)N)c1ccccc1,CC(O)C,[O-1]C(C)(C)C.[K+],50.0,21.0,10000.0,1.3890143411305225
COc1cccc(C(C)=O)c1,COc1cccc([C@H](C)O)c1,Ru,C[C@@H]1Oc2cccc(c2-c2c(O[C@H]1C)cccc2P(c1ccccc1)c1ccccc1)P(c1ccccc1)c1ccccc1.N[C@@H]([C@@H](c1ccccc1)N)c1ccccc1,CCCCO,[K+].[O-1]C(C)(C)C,20.0,20.0,2000.0,1.3842922118049046
COc1ccc(C(C)=O)cc1,COc1ccc([C@H](C)O)cc1,Ru,C[C@@H]1Oc2cccc(c2-c2c(O[C@H]1C)cccc2P(c1ccccc1)c1ccccc1)P(c1ccccc1)c1ccccc1.N[C@@H]([C@@H](c1ccccc1)N)c1ccccc1,CCCCO,[K+].[O-1]C(C)(C)C,20.0,20.0,3000.3000300030003,1.3842922118049046
CC(=O)c1ccccc1,C[C@@H](O)c1ccccc1,Ru,COc1nc(OC)cc(c1c1c(OC)nc(cc1P(c1ccc(cc1)OC)c1ccc(cc1)OC)OC)P(c1ccc(cc1)OC)c1ccc(cc1)OC.CN[C@H]([C@H](c1ccccc1)NC)c1ccccc1,CC(O)C,[K+].[O-1]C(C)(C)C,30.0,25.0,2000.0,1.3817246977539468
CCC(=O)c1ccc(C)o1,CC[C@H](O)c1ccc(C)o1,Ru,COc1ccccc1P(c1ccccc1OC)c1ccccc1OC.C=CC1CN2CCC1CC2[C@@H](c1ccnc2c1cccc2)N,CCCO,[Li+].[OH-1],60.0,30.0,62.5,1.3756162557675227
CC(=O)c1ccc(C)cc1,Cc1ccc([C@@H](C)O)cc1,Ru,CCCC[C@H]1C=Cc2c(N1p1oc3ccc4c(c3c3c(o1)ccc1c3cccc1)cccc4)c(ccc2)P(c1ccccc1)c1ccccc1.NCCN,ClCCl.CO,[O-1]C(C)(C)C.[Na+],30.0,25.0,10000.0,1.3707909370174791
CC(=O)c1ccccc1,C[C@@H](O)c1ccccc1,Ru,c1ccc(cc1)P(c1ccc2c(c1c1c(ccc3c1cccc3)P(c1ccccc1)c1ccccc1)cccc2)c1ccccc1.N[C@H]1CCCC[C@@H]1N,CC(O)C.CC(O)(C)C,[O-1]C(C)(C)C.[K+],8.17,25.0,3030.3030303030305,1.3707909370174791
CC(=O)c1ccccc1,C[C@H](O)c1ccccc1,Ru,O=C(c1ccccc1P(c1ccccc1)c1ccccc1)c1ccccc1P(c1ccccc1)c1ccccc1.NC1CCCCC1N,CCO,[O-1]C(C)(C)C.[K+],20.0,25.0,1000.0,1.3707909370174791
CC(=O)c1ccccc1,C[C@H](O)c1ccccc1,Ru,Cc1ccc(cc1)P(c1ccc2c(c1c1c(ccc3c1cccc3)P(c1ccc(cc1)C)c1ccc(cc1)C)cccc2)c1ccc(cc1)C.N[C@@H]([C@@H](c1ccccc1)N)c1ccccc1,CCO,,8.0,25.0,2000.0,1.3707909370174791
CC(=O)c1ccccc1,C[C@H](O)c1ccccc1,Ru,Cc1ccc(cc1)P(c1ccc2c(c1c1c(ccc3c1cccc3)P(c1ccc(cc1)C)c1ccc(cc1)C)cccc2)c1ccc(cc1)C.N[C@@H]([C@@H](c1ccccc1)N)c1ccccc1,CC(O)C,,8.0,25.0,2000.0,1.3707909370174791
CCCCCCC(=O)/C=C(\C)c1cc(C(F)(F)F)cc(C(F)(F)F)c1,CCCCCC[C@H](O)/C=C(\C)c1cc(C(F)(F)F)cc(C(F)(F)F)c1,Ru,c1ccc(cc1)P(c1ccccc1Oc1ccccc1P(c1ccccc1)c1ccccc1)c1ccccc1.c1ccc2c(c1)[C@H](NC2)[C@@H]1NCc2c1cccc2,CC(O)C,[O-1]C(C)(C)C.[K+],10.0,25.0,1000.0,1.3707909370174791
CC(=O)/C=C/c1ccc2ccccc2c1,C[C@@H](O)/C=C/c1ccc2ccccc2c1,Ru,OC[C@@H](NC(=O)CN[C@@H](C12C3[Fe]4567891(C2(C8C34)P(c1ccccc1)c1ccccc1)C1C5C6C9(C71)P(c1ccccc1)c1ccccc1)C)C,Cc1ccccc1C,C1CN2CCN1CC2.CN(C(=N)N(C)C)C,10.0,25.0,50.0,1.3707909370174791
CC(=O)c1ccccc1,C[C@H](O)c1ccccc1,Ru,Cc1ccc(cc1)P(c1ccc2c(c1c1c(ccc3c1cccc3)P(c1ccc(cc1)C)c1ccc(cc1)C)cccc2)c1ccc(cc1)C.CN(C[C@@H](C(C)C)N)C,CC(O)C,[K+].[O-1]C(C)(C)C,8.0,25.0,500.0,1.3707909370174791
CC(=O)c1ccccc1,C[C@@H](O)c1ccccc1,Ru,Cc1ccc(cc1)P(c1ccc2c(c1c1c(ccc3c1cccc3)P(c1ccc(cc1)C)c1ccc(cc1)C)cccc2)c1ccc(cc1)C.N[C@H]([C@H](c1ccccc1)N)c1ccccc1,CC(O)C,[K+].[O-1]C(C)(C)C,8.0,25.0,500.0,1.3707909370174791
CC(=O)c1ccccc1,C[C@H](O)c1ccccc1,Ru,Cc1cc(C)cc(c1)P(c1ccc2c(c1c1c(ccc3c1cccc3)P(c1cc(C)cc(c1)C)c1cc(C)cc(c1)C)cccc2)c1cc(C)cc(c1)C.C[C@@H](c1nc2c([nH]1)cccc2)N,Cc1ccccc1,[O-1]C(C)(C)C.[K+],8.0,25.0,1000.0,1.3707909370174791
CC(=O)c1ccccc1C,Cc1ccccc1[C@H](C)O,Ru,CC(P(c1ccccc1)Cc1cccc(n1)CP(C(C)(C)C)c1ccccc1)(C)C,CCO,[O-1]C(C)(C)C.[K+],30.0,-40.0,200.0,1.3642047478510053
Cc1cc(C)c2c(c1)C(=O)CCC2,Cc1cc(C)c2c(c1)[C@H](O)CCC2,Ru,C[C@H](c1cccc2c1cccc2)N1CC[N+](=[C-1]1)[C@@H](c1cccc2c1cccc2)C.N[C@@H]([C@@H](c1ccc(cc1)C)N)c1ccc(cc1)C,CC(O)C,[O-1]C(C)(C)C.[Na+],7.5,22.0,3333.3333333333335,1.3569979710236761
CC(=O)c1ccsc1,C[C@@H](O)c1ccsc1,Ru,C[C@H](c1cccc2c1cccc2)N1CC[N+](=[C-1]1)[C@@H](c1cccc2c1cccc2)C.N[C@@H]([C@@H](c1ccc(cc1)C)N)c1ccc(cc1)C,CC(O)C,[O-1]C(C)(C)C.[Na+],7.5,22.0,3333.3333333333335,1.3569979710236761
CC(=O)c1ccccc1,C[C@@H](O)c1ccccc1,Ru,COc1ccc(cc1)P(c1c(OC)cccc1c1c(OC)cccc1P(c1ccc(cc1)OC)c1ccc(cc1)OC)c1ccc(cc1)OC.N[C@H]([C@H](c1ccccc1)N)c1ccccc1,CC(O)C,[K+].[OH-1],29.61,20.0,3000.003000003,1.3478026603611404
CC(=O)c1ccccc1,C[C@@H](O)c1ccccc1,Ru,c1ccc(cc1)P(c1ccc2c(c1c1c(ccc3c1cccc3)P(c1ccccc1)c1ccccc1)cccc2)c1ccccc1.N[C@H]1CCCC[C@@H]1N,CC(O)C,[OH-1].[K+],30.0,20.0,3003.003003003003,1.3478026603611404
CCC(=O)c1ccccc1,CC[C@@H](O)c1ccccc1,Ru,COc1cccc(c1P(c1ccc(cc1)OC(C)(C)C)c1ccc(cc1)OC(C)(C)C)c1cccc(c1P(c1ccc(cc1)OC(C)(C)C)c1ccc(cc1)OC(C)(C)C)OC.N[C@H]([C@H](c1ccccc1)N)c1ccccc1,CC(O)C,[K+].[OH-1],29.61,20.0,3000.003000003,1.3478026603611404
CC(=O)c1ccccc1,C[C@@H](O)c1ccccc1,Ru,COc1nc(OC)cc(c1c1c(OC)nc(cc1P(c1ccc(cc1)OC)c1ccc(cc1)OC)OC)P(c1ccc(cc1)OC)c1ccc(cc1)OC.COc1ccc(cc1)C(c1ccc(cc1)OC)([C@H](C(C)C)N)N,CC(O)C,[K+].[OH-1],30.0,25.0,10000.0,1.34241665338486
CC(=O)c1ccccc1,C[C@H](O)c1ccccc1,Ru,O=C(c1ccccc1P(c1ccccc1)c1ccccc1)c1ccccc1P(c1ccccc1)c1ccccc1.NC(C(c1ccccc1)N)c1ccccc1,CC(O)C,[O-1]C(C)(C)C.[K+],20.0,25.0,1000.0,1.3354926096414754
COc1ccc(C(C)=O)cc1,COc1ccc([C@H](C)O)cc1,Ru,Cc1ccc(cc1)P(c1ccc2c(c1c1c(ccc3c1cccc3)P(c1ccc(cc1)C)c1ccc(cc1)C)cccc2)c1ccc(cc1)C.N[C@H](c1ccccc1)CN(C)C,CC(O)C,[K+].[O-1]C(C)(C)C,8.0,25.0,500.0,1.3354926096414754
CC(=O)CN(C)c1ccccc1,C[C@H](O)CN(C)c1ccccc1,Ru,Cc1cc(C)cc(c1)P(c1ccc2c(c1c1c(ccc3c1cccc3)P(c1cc(C)cc(c1)C)c1cc(C)cc(c1)C)cccc2)c1cc(C)cc(c1)C.COc1ccc(cc1)C(c1ccc(cc1)OC)(C(C(C)C)N)N,CC(O)C,[O-1]C(C)(C)C.[K+],8.0,25.0,20000.0,1.3354926096414754
CC(=O)c1ccccc1,C[C@H](O)c1ccccc1,Ru,O=C(c1ccc(cc1P(c1ccccc1)c1ccccc1)C(C)(C)C)c1ccc(cc1P(c1ccccc1)c1ccccc1)C(C)(C)C.NC(C(c1ccccc1)N)c1ccccc1,CC(O)C,[O-1]C(C)(C)C.[K+],20.0,25.0,1000.0,1.3354926096414754
CC(=O)c1cccc(Cl)c1,C[C@@H](O)c1cccc(Cl)c1,Ru,N(CC1=NC2C(O1)Cc1c2cccc1)CC1=NC2C(O1)Cc1c2cccc1,CC(O)C,[O-1]C(C)(C)C.[K+],5.0,25.0,100.0,1.3354926096414754
CC(=O)c1ccncc1,C[C@H](O)c1ccncc1,Ru,COc1ccccc1P(c1ccccc1OC)c1ccccc1OC.C=CC1CN2CCC1CC2[C@@H](c1ccnc2c1cccc2)N,CCCO,[Li+].[OH-1],60.0,30.0,125.0,1.327005565276764
COc1ccc(C(C)=O)cc1,COc1ccc([C@H](C)O)cc1,Ru,c1ccc(cc1)P(c1ccc2c(c1c1c(ccc3c1cccc3)P(c1ccccc1)c1ccccc1)cccc2)c1ccccc1.N[C@@H]([C@@H](c1ccccc1)N)c1ccccc1,CC(O)C,[O-1]C(C)(C)C.[K+],47.62,25.0,1000.0,1.325227859265531
COc1ccc(C(C)=O)cc1OC,COc1ccc([C@H](C)O)cc1OC,Ru,CCCCCN[C@H](c1ccnc2c1cccc2)[C@H]1CC2CCN1CC2C=C.C1CCC(CC1)P(C1CCCCC1)C1CCCCC1,CCO,[Ba+2].[OH-1].[OH-1],60.0,20.0,1000.0,1.31649218687812
CC(=O)c1ccc(C)cc1,Cc1ccc([C@H](C)O)cc1,Ru,C[C@@H]1Oc2cccc(c2-c2c(O[C@H]1C)cccc2P(c1ccccc1)c1ccccc1)P(c1ccccc1)c1ccccc1.N[C@@H]([C@@H](c1ccccc1)N)c1ccccc1,CCCCO,[K+].[O-1]C(C)(C)C,20.0,20.0,3000.3000300030003,1.3130962888358162
CC(=O)c1ccccc1,C[C@@H](O)c1ccccc1,Ru,COc1cccc(c1c1cccc(c1P(c1ccccc1)c1ccccc1)OC)P(c1ccccc1)c1ccccc1.N[C@H]([C@H](c1ccccc1)N)c1ccccc1,CC(O)C,[K+].[OH-1],29.61,20.0,3000.003000003,1.3130962888358162
CC(C)(C)C(=O)c1ccccc1,CC(C)(C)[C@H](O)c1ccccc1,Ru,N[C@@H]1CCCC[C@H]1NCc1ccccc1P(c1cc(C)cc(c1)C)c1cc(C)cc(c1)C,CC(O)C,[O-1]C(C)(C)C.[K+],49.35,50.0,200.0,1.3104348561808488
CC(=O)c1ccccc1,C[C@H](O)c1ccccc1,Ru,O=C(c1ccccc1P(c1ccccc1)c1ccccc1)c1ccccc1P(c1ccccc1)c1ccccc1.NC(C(c1cc(C)cc(c1)C)N)c1cc(C)cc(c1)C,CCO,[O-1]C(C)(C)C.[K+],20.0,25.0,1000.0,1.301819703366608
CC(=O)c1ccccc1,C[C@H](O)c1ccccc1,Ru,O=C(c1cc(ccc1P(c1ccccc1)c1ccccc1)C(C)(C)C)c1cc(ccc1P(c1ccccc1)c1ccccc1)C(C)(C)C.NC(C(c1ccccc1)N)c1ccccc1,CCCO,[O-1]C(C)(C)C.[K+],20.0,25.0,1000.0,1.301819703366608
CC(=O)c1ccc(C(F)(F)F)cc1,C[C@@H](O)c1ccc(C(F)(F)F)cc1,Ru,c1ccc(cc1)c1cc2ccccc2c(c1NCc1ccccn1)c1c(NCc2ccccn2)c(cc2c1cccc2)c1ccccc1,CC(O)C,[O-1]C(C)(C)C.[K+],50.0,25.0,1000.0,1.301819703366608
CC(=O)c1ccc(C)cc1,Cc1ccc([C@@H](C)O)cc1,Ru,CCCC[C@H]1C=Cc2c(N1p1oc3ccc4c(c3c3c(o1)ccc1c3cccc1)cccc4)c(ccc2)P(c1ccccc1)c1ccccc1.NCCN,ClCCl.CO,[O-1]C(C)(C)C.[Na+],30.0,25.0,500.0,1.301819703366608
CC(=O)/C=C/c1cccc(Cl)c1,C[C@@H](O)/C=C/c1cccc(Cl)c1,Ru,OC[C@@H](NC(=O)CN[C@@H](C12C3[Fe]4567891(C2(C8C34)P(c1ccccc1)c1ccccc1)C1C5C6C9(C71)P(c1ccccc1)c1ccccc1)C)C,Cc1ccccc1C,C1CN2CCN1CC2.CN(C(=N)N(C)C)C,10.0,25.0,50.0,1.301819703366608
CC1=CC(=O)CCC1,CC1=C[C@@H](O)CCC1,Ru,Cc1ccc(cc1)P(c1ccc2c(c1c1c(ccc3c1cccc3)P(c1ccc(cc1)C)c1ccc(cc1)C)cccc2)c1ccc(cc1)C.NC[C@@H]1OC(O[C@H]1CN)(C)C,CC(O)C,[O-1]C(C)(C)C.[K+],9.0,25.0,1000.0,1.301819703366608
CC(=O)c1ccccc1,C[C@H](O)c1ccccc1,Ru,c1ccc2c(c1)[C@H](NC2)[C@H]1NCc2c1cccc2.Cc1cccc(c1)P(c1cccc(c1)C)c1cccc(c1)C,CC(O)C,[K+].[O-1]C(C)(C)C,10.0,25.0,,1.301819703366608
COCC(=O)c1ccc(C(F)(F)F)cc1,COC[C@@H](O)c1ccc(C(F)(F)F)cc1,Ru,C1C[C@@H]([C@@H](C1)P(c1ccccc1)c1ccccc1)[C@H]1CCC[C@H]1P(c1ccccc1)c1ccccc1.NCCSCC,CO,[O-1]C(C)(C)C.[Na+],7.0,25.0,200.0,1.301819703366608
O=C1CCc2ccccc21,O[C@@H]1CCc2ccccc21,Ru,COC[C@@H](N[C@@H](C[C@H](P(c1ccccc1)c1ccccc1)C)C)C,CC(O)C,[K+].[O-1]C(C)(C)C,70.0,25.0,200.0,1.301819703366608
CC(=O)c1ccc(Cl)cc1,C[C@@H](O)c1ccc(Cl)cc1,Ru,N(CC1=NC2C(O1)Cc1c2cccc1)CC1=NC2C(O1)Cc1c2cccc1,CC(O)C,[O-1]C(C)(C)C.[K+],5.0,25.0,100.0,1.301819703366608
CC(=O)/C=C/c1ccc(C)cc1,Cc1ccc(/C=C/[C@@H](C)O)cc1,Ru,OC[C@@H](NC(=O)CN[C@@H](C12C3[Fe]4567891(C2(C8C34)P(c1ccccc1)c1ccccc1)C1C5C6C9(C71)P(c1ccccc1)c1ccccc1)C)C,Cc1ccccc1C,C1CN2CCN1CC2.CN(C(=N)N(C)C)C,10.0,25.0,50.0,1.301819703366608
CC(=O)c1ccccc1,C[C@@H](O)c1ccccc1,Ru,COc1nc(OC)cc(c1c1c(OC)nc(cc1P(c1ccc(cc1)OC)c1ccc(cc1)OC)OC)P(c1ccc(cc1)OC)c1ccc(cc1)OC.COc1ccc(cc1)C(c1ccc(cc1)OC)([C@H](C(C)C)N)N,CCCCO,[K+].[OH-1],30.0,25.0,2000.0,1.2952656135237006
CC(=O)c1ccccc1,C[C@H](O)c1ccccc1,Ru,COc1cccc(c1)P(c1cccc(c1)OC)c1cccc(c1)OC.C=CC1CN2CCC1CC2[C@@H](c1ccnc2c1cccc2)N,CCO,[Li+].[OH-1],60.0,25.0,500.0,1.2920101468367455
CC(=O)c1cccc(C(F)(F)F)c1,C[C@@H](O)c1cccc(C(F)(F)F)c1,Ru,Brc1ccccc1p1oc2ccc3c(c2c2c(o1)ccc1c2cccc1)cccc3.N[C@H]([C@H](c1ccccc1)N)c1ccccc1,CC(O)C,[O-1]C(C)(C)C.[K+],50.0,0.0,1000.0,1.2898496252925455
CC(=O)c1cccc(C(F)(F)F)c1,C[C@@H](O)c1cccc(C(F)(F)F)c1,Ru,Brc1ccccc1p1oc2ccc3c(c2c2c(o1)ccc1c2cccc1)cccc3.N[C@@H]1CCCC[C@H]1N,CC(O)C,[O-1]C(C)(C)C.[K+],80.0,0.0,300.3003003003003,1.2898496252925455
CC(=O)c1ccccc1,C[C@H](O)c1ccccc1,Ru,C[C@@H]1Oc2cccc(c2-c2c(O[C@H]1C)cccc2P(c1ccccc1)c1ccccc1)P(c1ccccc1)c1ccccc1.N[C@@H]([C@@H](c1ccccc1)N)c1ccccc1,CCCCO,[K+].[O-1]C(C)(C)C,20.0,20.0,3000.3000300030003,1.2799880799661953
CC(=O)c1ccccc1,C[C@H](O)c1ccccc1,Ru,C[C@@H]1Oc2cccc(c2-c2c(O[C@H]1C)cccc2P(c1ccccc1)c1ccccc1)P(c1ccccc1)c1ccccc1.N[C@@H]([C@@H](c1ccccc1)N)c1ccccc1,CCCCO,[K+].[O-1]C(C)(C)C,20.0,20.0,1000.0,1.2799880799661953
CC(=O)c1ccccc1,C[C@@H](O)c1ccccc1,Ru,Cc1cc(C)cc(c1)P(c1cc2CCc3ccc(CCc1cc2)cc3P(c1cc(C)cc(c1)C)c1cc(C)cc(c1)C)c1cc(C)cc(c1)C.COc1ccc(cc1)C(c1ccc(cc1)OC)([C@H](C(C)C)N)N,CC(O)C,[K+].[O-1]C(C)(C)C,8.0,19.0,3000.003000003,1.2756217552861129
O=C(c1ccccc1)C1CCCC1,O[C@H](c1ccccc1)C1CCCC1,Ru,CC(P(c1ccccc1)Cc1cccc(n1)CP(C(C)(C)C)c1ccccc1)(C)C,CCO,[O-1]C(C)(C)C.[K+],30.0,-40.0,200.0,1.2748294546060435
CC(C)C(=O)c1ccccc1,CC(C)[C@H](O)c1ccccc1,Ru,CC(P(c1ccccc1)Cc1cccc(n1)CP(C(C)(C)C)c1ccccc1)(C)C,CCO,[O-1]C(C)(C)C.[K+],30.0,-40.0,200.0,1.2748294546060435
CC(=O)/C=C/c1ccc(F)cc1,C[C@@H](O)/C=C/c1ccc(F)cc1,Ru,OC[C@@H](NC(=O)CN[C@@H](C12C3[Fe]4567891(C2(C8C34)P(c1ccccc1)c1ccccc1)C1C5C6C9(C71)P(c1ccccc1)c1ccccc1)C)C,Cc1ccccc1C,C1CN2CCN1CC2.CN(C(=N)N(C)C)C,10.0,25.0,50.0,1.2696115740793517
CC(=O)c1ccccc1,C[C@H](O)c1ccccc1,Ru,Cc1ccc(cc1)P(c1ccc2c(c1c1c(ccc3c1cccc3)P(c1ccc(cc1)C)c1ccc(cc1)C)cccc2)c1ccc(cc1)C.C[NH+]([C@@H]([C@@H](c1ccccc1)N)c1ccccc1)C,CC(O)C,[K+].[O-1]C(C)(C)C,8.0,25.0,500.0,1.2696115740793517
CC(=O)c1ccc(C)cc1,Cc1ccc([C@H](C)O)cc1,Ru,Clc1cc(P(c2ccccc2)c2ccccc2)c(c2c1cccc2)c1c(cc(c2c1cccc2)Cl)P(c1ccccc1)c1ccccc1.N[C@@H]([C@@H](c1ccccc1)N)c1ccccc1,CC(O)C,[O-1]C(C)(C)C.[K+],47.62,25.0,1000.0,1.2696115740793517
CC(=O)c1ccccc1,C[C@@H](O)c1ccccc1,Ru,C[C@@H]1C[C@@H](C)Oc2c(-c3c(O1)cccc3P(c1ccc(cc1)C)c1ccc(cc1)C)c(ccc2)P(c1ccc(cc1)C)c1ccc(cc1)C.N[C@H]([C@H](c1ccccc1)N)c1ccccc1,CC(O)C,[O-1]C(C)(C)C.[K+],50.0,21.0,10000.0,1.268294743973955
CC(=O)c1ccccc1,C[C@@H](O)c1ccccc1,Ru,COc1nc(OC)cc(c1c1c(OC)nc(cc1P(c1ccc(cc1)OC)c1ccc(cc1)OC)OC)P(c1ccc(cc1)OC)c1ccc(cc1)OC.COc1ccc(cc1)C(c1ccc(cc1)OC)([C@H](C(C)C)N)N,CC(O)C,[K+].[O-1]C(C)(C)C,30.0,25.0,2000.0,1.2602135868871036
O=C1CN2CCC1CC2,O[C@H]1CN2CCC1CC2,Ru,C[C@H](P(c1cc(C)cc(c1)C)c1cc(C)cc(c1)C)C[C@@H](P(c1cc(C)cc(c1)C)c1cc(C)cc(c1)C)C.NCc1ccccn1,CC(O)C,[O-1]C(C)(C)C.[K+],10.0,30.0,1000.0,1.2595035825776904
O=C1CN2CCC1CC2,O[C@H]1CN2CCC1CC2,Ru,C[C@H](P(c1cc(C)cc(c1)C)c1cc(C)cc(c1)C)C[C@@H](P(c1cc(C)cc(c1)C)c1cc(C)cc(c1)C)C.NCc1ccccn1,CCO,[O-1]C(C)(C)C.[K+],15.0,15.0,99999.99999999999,1.2581564565657826
CC(=O)c1ccccc1,C[C@H](O)c1ccccc1,Ru,C[C@@H]1Oc2cccc(c2-c2c(O[C@H]1C)cccc2P(c1ccccc1)c1ccccc1)P(c1ccccc1)c1ccccc1.N[C@@H]([C@@H](c1ccccc1)N)c1ccccc1,CCCCO,[K+].[O-1]C(C)(C)C,20.0,20.0,5000.0,1.248320083653738
CC(=O)c1ccccc1,C[C@@H](O)c1ccccc1,Ru,c1ccc(cc1)P(c1ccc2c(c1c1c(ccc3c1cccc3)P(c1ccccc1)c1ccccc1)cccc2)c1ccccc1.C1CC[C@@H]([C@H](C1)NCc1ccccc1)NCc1ccccc1,CC(O)C,[OH-1].[K+],30.0,20.0,3003.003003003003,1.248320083653738
CC(=O)c1ccccc1,C[C@H](O)c1ccccc1,Ru,C[C@@H]1Oc2cccc(c2-c2c(O[C@H]1C)cccc2P(c1ccccc1)c1ccccc1)P(c1ccccc1)c1ccccc1.N[C@@H]([C@@H](c1ccccc1)N)c1ccccc1,CC(O)C,[K+].[O-1]C(C)(C)C,20.0,20.0,1000.0,1.248320083653738
CC(=O)c1ccccc1,C[C@@H](O)c1ccccc1,Ru,COc1nc(OC)cc(c1c1c(OC)nc(cc1P(c1ccc(cc1)OC)c1ccc(cc1)OC)OC)P(c1ccc(cc1)OC)c1ccc(cc1)OC.N[C@H]([C@H](c1ccccc1)N)c1ccccc1,CC(O)C,[K+].[OH-1],30.0,25.0,2000.0,1.2417619885212547
O=C1CCCc2ccccc21,O[C@@H]1CCCc2ccccc21,Ru,COC[C@@H](NCCCP(c1ccccc1)c1ccccc1)C,CC(O)C,[K+].[O-1]C(C)(C)C,70.0,25.0,200.0,1.2387299790385564
O=C(c1ccccc1)c1ccccn1,O[C@@H](c1ccccc1)c1ccccn1,Ru,Cc1ccccc1[C@H](c1ccccn1)N[C@H](C12C3[Fe]4567891(C2(C8C34)P(c1ccccc1)c1ccccc1)C1C5C6C9(C71)P(c1ccccc1)c1ccccc1)C,COC(C)(C)C,[K+].[O-1]C(C)(C)C,50.0,25.0,100.0,1.2387299790385564
CC(=O)c1ccccc1,C[C@H](O)c1ccccc1,Ru,c1ccc(cc1)P(c1cc2CCc3ccc(CCc1cc2)cc3P(c1ccccc1)c1ccccc1)c1ccccc1.C[C@@H](c1nc2c([nH]1)cccc2)N,Cc1ccccc1.CC(O)(C)C,[O-1]C(C)(C)C.[K+],8.0,25.0,1000.0,1.2387299790385564
O=C(c1ccccc1)c1ccccn1,O[C@H](c1ccccc1)c1ccccn1,Ru,C[C@@H](C12C3[Fe]4567891(C2(C8C34)P(c1ccccc1)c1ccccc1)C1C5C6C9(C71)P(c1ccccc1)c1ccccc1)NCc1ccccn1,COC(C)(C)C,C1CN=C2N(C1)CCC2,50.0,25.0,33.333333333333336,1.2387299790385564
CC(C)(C)C(=O)c1ccccc1,CC(C)(C)[C@H](O)c1ccccc1,Ru,O=C(c1ccccc1P(C(C)(C)C)C)N[C@@H]1CCCC[C@H]1NC(=O)c1ccccc1P(C(C)(C)C)C,CC(O)C,[O-1]C(C)(C)C.[K+],30.0,25.0,100.0,1.2387299790385564
CC(C)C(=O)c1ccccc1,CC(C)[C@H](O)c1ccccc1,Ru,O=C(c1ccccc1P(C(C)(C)C)C)N[C@@H]1CCCC[C@H]1NC(=O)c1ccccc1P(C(C)(C)C)C,CC(O)C,[O-1]C(C)(C)C.[K+],30.0,25.0,100.0,1.2387299790385564
COc1ccc(C(C)=O)cc1,COc1ccc([C@H](C)O)cc1,Ru,Clc1cc(P(c2ccccc2)c2ccccc2)c(c2c1cccc2)c1c(cc(c2c1cccc2)Cl)P(c1ccccc1)c1ccccc1.N[C@@H]([C@@H](c1ccccc1)N)c1ccccc1,CC(O)C,[O-1]C(C)(C)C.[K+],47.62,25.0,1000.0,1.2357100240828849
CC(=O)c1cccc(C)c1,Cc1cccc([C@H](C)O)c1,Ru,CC(P(c1ccccc1)Cc1cccc(n1)CP(C(C)(C)C)c1ccccc1)(C)C,CCO,[O-1]C(C)(C)C.[K+],30.0,-40.0,200.0,1.2352733902539874
CC(=O)c1ccccc1,C[C@H](O)c1ccccc1,Ru,CC(P(c1ccccc1)Cc1cccc(n1)CP(C(C)(C)C)c1ccccc1)(C)C,CCO,[O-1]C(C)(C)C.[K+],30.0,-40.0,200.0,1.2352733902539874
CC(=O)c1ccccc1,C[C@H](O)c1ccccc1,Ru,Cc1ccc(cc1)P(c1ccc(cc1)C)c1ccc(cc1)C.C=CC1CN2CCC1CC2[C@@H](c1ccnc2c1cccc2)N,CCO,[Li+].[OH-1],60.0,25.0,500.0,1.2297058362673852
O=C(c1ccccc1)c1ccc(C(F)(F)F)cc1,O[C@H](c1ccccc1)c1ccc(C(F)(F)F)cc1,Ru,COc1nc(OC)cc(c1c1c(OC)nc(cc1P(c1cc(C)cc(c1)C)c1cc(C)cc(c1)C)OC)P(c1cc(C)cc(c1)C)c1cc(C)cc(c1)C.N[C@@H]([C@@H](c1ccccc1)N)c1ccccc1,CC(O)C,[O-1]C(C)(C)C.[K+],20.41371802,27.5,2000.0,1.225085724016798
CC(=O)c1ccc(C)cc1,Cc1ccc([C@H](C)O)cc1,Ru,Cc1cc(P(c2ccccc2)c2ccccc2)c(c2c1cccc2)c1c(cc(c2c1cccc2)C)P(c1ccccc1)c1ccccc1.N[C@@H]([C@@H](c1ccccc1)N)c1ccccc1,CC(O)C,[O-1]C(C)(C)C.[K+],47.62,25.0,1000.0,1.2237485568447781
CC(C)(C)C(=O)c1ccccc1,CC(C)(C)[C@H](O)c1ccccc1,Ru,COc1ccccc1P(c1ccccc1)CCN[C@@H]1CCCC[C@H]1N,CC(O)C,[O-1]C(C)(C)C.[K+],49.35,50.0,200.0,1.2207266736159683
CC(C)(C)C(=O)c1ccccc1,CC(C)(C)[C@H](O)c1ccccc1,Ru,N[C@@H]1CCCC[C@H]1NCc1ccccc1P(c1ccccc1)c1ccccc1,CC(O)C,[O-1]C(C)(C)C.[K+],49.35,50.0,200.0,1.2207266736159683
CC(C)C(=O)c1ccccc1,CC(C)[C@@H](O)c1ccccc1,Ru,COc1cccc(c1P(c1ccc(cc1)OC(C)(C)C)c1ccc(cc1)OC(C)(C)C)c1cccc(c1P(c1ccc(cc1)OC(C)(C)C)c1ccc(cc1)OC(C)(C)C)OC.N[C@H]([C@H](c1ccccc1)N)c1ccccc1,CC(O)C,[K+].[OH-1],29.61,20.0,3000.003000003,1.2179563754994225
CC(=O)c1ccccc1,C[C@@H](O)c1ccccc1,Ru,c1ccc(cc1)P(c1ccc2c(c1c1c(ccc3c1cccc3)P(c1ccccc1)c1ccccc1)cccc2)c1ccccc1.CC(N[C@H]1CCCC[C@@H]1NC(C)C)C,CC(O)C,[OH-1].[K+],30.0,20.0,3003.003003003003,1.2179563754994225
CC(=O)c1ccc(Cl)cc1,C[C@H](O)c1ccc(Cl)cc1,Ru,c1ccc(cc1)P(c1cc(c2ccccc2)c2c(c1c1c(cc(c3c1cccc3)c1ccccc1)P(c1ccccc1)c1ccccc1)cccc2)c1ccccc1.N[C@@H]([C@@H](c1ccccc1)N)c1ccccc1,CC(O)C,[O-1]C(C)(C)C.[K+],47.62,25.0,1000.0,1.2178373405855671
O=C(c1ccccc1)C1CC1,O[C@H](c1ccccc1)C1CC1,Ru,Clc1ccc2c(c1)c(cc(c2c1c(cc(c2c1ccc(c2)Cl)c1ccccc1)P(c1cc(C)cc(c1)C)c1cc(C)cc(c1)C)P(c1cc(C)cc(c1)C)c1cc(C)cc(c1)C)c1ccccc1.N[C@@H]([C@@H](c1ccccc1)N)c1ccccc1,CC(O)C,[O-1]C(C)(C)C.[K+],48.3,25.0,1000.0,1.2178373405855671
CC(=O)c1ccccn1,C[C@@H](O)c1ccccn1,Ru,Cc1cc(C)cc(c1)P(c1cc2CCc3ccc(CCc1cc2)cc3P(c1cc(C)cc(c1)C)c1cc(C)cc(c1)C)c1cc(C)cc(c1)C.N[C@H]([C@H](c1ccccc1)N)c1ccccc1,CC(O)C,[K+].[O-1]C(C)(C)C,8.0,19.0,1499.999250000375,1.2138016547915957
CC(=O)CC(C)(C)C,C[C@@H](O)CC(C)(C)C,Ru,Cc1cc(C)cc(c1)P(c1ccc2c(c1c1c(ccc3c1cccc3)P(c1cc(C)cc(c1)C)c1cc(C)cc(c1)C)cccc2)c1cc(C)cc(c1)C.COc1ccc(cc1)C(c1ccc(cc1)OC)([C@H](C(C)C)N)N,CC(O)C,[O-1]C(C)(C)C.[K+],10.0,25.0,10000.0,1.209055090113941
CC(=O)c1ccccc1,C[C@H](O)c1ccccc1,Ru,O=C(c1ccccc1P(c1ccccc1)c1ccccc1)c1ccccc1P(c1ccccc1)c1ccccc1.Cc1cccc(c1)C(C(c1cccc(c1)C)N)N,CCO,[O-1]C(C)(C)C.[K+],20.0,25.0,1000.0,1.209055090113941
CC(=O)/C=C/c1ccccc1,C[C@@H](O)/C=C/c1ccccc1,Ru,OC[C@@H](NC(=O)CN[C@@H](C12C3[Fe]4567891(C2(C8C34)P(c1ccccc1)c1ccccc1)C1C5C6C9(C71)P(c1ccccc1)c1ccccc1)C)C,Cc1ccccc1C,C1CN2CCN1CC2.CN(C(=N)N(C)C)C,10.0,25.0,50.0,1.209055090113941
CC(=O)c1cccs1,C[C@H](O)c1cccs1,Ru,CC(P(c1ccccc1)Cc1cccc(n1)CP(C(C)(C)C)c1ccccc1)(C)C,CCO,[O-1]C(C)(C)C.[K+],30.0,-40.0,200.0,1.1984537324094922
CCC(=O)c1ccccc1,CC[C@H](O)c1ccccc1,Ru,Clc1ccc2c(c1)c(cc(c2c1c(cc(c2c1ccc(c2)Cl)c1ccccc1)P(c1cc(C)cc(c1)C)c1cc(C)cc(c1)C)P(c1cc(C)cc(c1)C)c1cc(C)cc(c1)C)c1ccccc1.COc1ccc(cc1)C(c1ccc(cc1)OC)([C@@H](C(C)C)N)N,CC(O)C,[O-1]C(C)(C)C.[K+],48.3,25.0,1000.0,1.1946369633699392
CC(=O)c1ccccc1,C[C@@H](O)c1ccccc1,Ru,CCCCCCCCCOc1ccc(cc1)P(c1c(OC)cccc1c1cccc(c1P(c1ccc(cc1)OCCCCCCCC)c1ccc(cc1)OCCCCCCCC)OC)c1ccc(cc1)OCCCCCCCC.N[C@H]([C@H](c1ccccc1)N)c1ccccc1,CC(O)C,[K+].[OH-1],29.61,20.0,3000.003000003,1.1887791369005596
CC(=O)/C=C/c1ccccc1,C[C@@H](O)/C=C/c1ccccc1,Ru,OC[C@@H](NC(=O)CN[C@@H](C12C3[Fe]4567891(C2(C8C34)P(c1ccccc1)c1ccccc1)C1C5C6C9(C71)P(c1ccccc1)c1ccccc1)C)C,CCOC(=O)C,C1CN2CCN1CC2.CN(C(=N)N(C)C)C,10.0,25.0,50.0,1.1804823561186595
CC(=O)/C=C/c1ccccc1,C[C@@H](O)/C=C/c1ccccc1,Ru,OC[C@@H](NC(=O)CN[C@@H](C12C3[Fe]4567891(C2(C8C34)P(c1ccccc1)c1ccccc1)C1C5C6C9(C71)P(c1ccccc1)c1ccccc1)C)C,Cc1ccccc1C,CN(c1ccncc1)C.CN(C(=N)N(C)C)C,10.0,25.0,50.0,1.1804823561186595
CC(=O)c1ccccc1,C[C@H](O)c1ccccc1,Ru,O=C(c1ccccc1P(c1ccccc1)c1ccccc1)c1ccccc1P(c1ccccc1)c1ccccc1.NC(C(c1ccccc1)N)c1ccccc1,CO,[O-1]C(C)(C)C.[K+],20.0,25.0,1000.0,1.1804823561186595
COc1ccccc1C(C)=O,COc1ccccc1[C@H](C)O,Ru,COc1nc(OC)cc(c1c1c(OC)nc(cc1P(c1ccc(cc1)OC)c1ccc(cc1)OC)OC)P(c1ccc(cc1)OC)c1ccc(cc1)OC.COc1ccc(cc1)C(c1ccc(cc1)OC)([C@H](C(C)C)N)N,CC(O)C,[K+].[OH-1],30.0,25.0,2000.0,1.1804823561186595
CC(=O)c1ccccc1C,Cc1ccccc1[C@H](C)O,Ru,C1C[C@@H]([C@@H](C1)P(c1ccccc1)c1ccccc1)[C@H]1CCC[C@H]1P(c1ccccc1)c1ccccc1.CCCSc1ccccc1N,CCO,[O-1]C(C)(C)C.[Na+],7.0,25.0,500.0,1.1804823561186595
CC(=O)c1ccccc1,C[C@H](O)c1ccccc1,Ru,COc1ccc(cc1)P(c1ccc(cc1)OC)c1ccc(cc1)OC.C=CC1CN2CCC1CC2[C@@H](c1ccnc2c1cccc2)N,CCO,[Li+].[OH-1],60.0,25.0,500.0,1.1693409281553935
CC(=O)c1ccccc1,C[C@H](O)c1ccccc1,Ru,C[C@@H]1Oc2cccc(c2-c2c(O[C@H]1C)cccc2P(c1ccccc1)c1ccccc1)P(c1ccccc1)c1ccccc1.N[C@@H]([C@@H](c1ccccc1)N)c1ccccc1,CC(O)C,[K+].[O-1]C(C)(C)C,20.0,28.0,1000.0,1.1645207440062486
O=C(c1ccccc1)C1CCC1,O[C@H](c1ccccc1)C1CCC1,Ru,CC(P(c1ccccc1)Cc1cccc(n1)CP(C(C)(C)C)c1ccccc1)(C)C,CCO,[O-1]C(C)(C)C.[K+],30.0,-40.0,200.0,1.163990588540318
CC(=O)c1ccc2ccccc2c1,C[C@H](O)c1ccc2ccccc2c1,Ru,CC(P(c1ccccc1)Cc1cccc(n1)CP(C(C)(C)C)c1ccccc1)(C)C,CCO,[O-1]C(C)(C)C.[K+],30.0,-40.0,200.0,1.163990588540318
CC(=O)c1ccc(C)cc1,Cc1ccc([C@H](C)O)cc1,Ru,CC(P(c1ccccc1)Cc1cccc(n1)CP(C(C)(C)C)c1ccccc1)(C)C,CCO,[O-1]C(C)(C)C.[K+],30.0,-40.0,200.0,1.163990588540318
COc1ccc(C(C)=O)cc1,COc1ccc([C@H](C)O)cc1,Ru,CC(P(c1ccccc1)Cc1cccc(n1)CP(C(C)(C)C)c1ccccc1)(C)C,CCO,[O-1]C(C)(C)C.[K+],30.0,-40.0,200.0,1.163990588540318
CC(=O)c1ccc2ccccc2c1,C[C@H](O)c1ccc2ccccc2c1,Ru,c1ccc(cc1)P(c1ccc2c(c1c1c(ccc3c1cccc3)P(c1ccccc1)c1ccccc1)cccc2)c1ccccc1.N[C@@H]([C@@H](c1ccccc1)N)c1ccccc1,CC(O)C,[O-1]C(C)(C)C.[K+],47.62,25.0,1000.0,1.1583556742793741
CC(=O)c1cc(C(F)(F)F)cc(C(F)(F)F)c1,C[C@H](O)c1cc(C(F)(F)F)cc(C(F)(F)F)c1,Ru,CCCCCN[C@H](c1ccnc2c1cccc2)[C@H]1CC2CCN1CC2C=C.C1CCC(CC1)P(C1CCCCC1)C1CCCCC1,CCO,[Ba+2].[OH-1].[OH-1],60.0,20.0,1000.0,1.1551887592622214
CC(=O)c1cc(C(F)(F)F)cc(C(F)(F)F)c1,C[C@@H](O)c1cc(C(F)(F)F)cc(C(F)(F)F)c1,Ru,Cc1ccc(cc1)S(=O)(=O)c1ccc(cc1)S(=O)(=O)N[C@@H]([C@@H](c1ccccc1)NCCc1ccccc1)c1ccccc1,CO,,30.0,60.0,500.0,1.1483677892325828
CC(=O)c1cccc(Cl)c1,C[C@@H](O)c1cccc(Cl)c1,Ru,COc1nc(OC)cc(c1c1c(OC)nc(cc1P(c1ccc(cc1)OC)c1ccc(cc1)OC)OC)P(c1ccc(cc1)OC)c1ccc(cc1)OC.COc1ccc(cc1)C(c1ccc(cc1)OC)([C@H](C(C)C)N)N,CC(O)C,[K+].[OH-1],30.0,25.0,2000.0,1.1394920391363308
CC(=O)c1cccc(Br)c1,C[C@H](O)c1cccc(Br)c1,Ru,C[C@@H]1Oc2cccc(c2-c2c(O[C@H]1C)cccc2P(c1ccccc1)c1ccccc1)P(c1ccccc1)c1ccccc1.N[C@@H]([C@@H](c1ccccc1)N)c1ccccc1,CCCCO,[K+].[O-1]C(C)(C)C,20.0,20.0,2000.0,1.133585442820627
COCC(=O)c1ccc(C(F)(F)F)cc1,COC[C@@H](O)c1ccc(C(F)(F)F)cc1,Ru,C1C[C@@H]([C@@H](C1)P(c1ccccc1)c1ccccc1)[C@H]1CCC[C@H]1P(c1ccccc1)c1ccccc1.CCSc1ccccc1N,CCO,[O-1]C(C)(C)C.[Na+],7.0,25.0,200.0,1.1262870423598976
CC(=O)c1ccccc1Br,C[C@H](O)c1ccccc1Br,Ru,O=C(c1ccccc1P(C(C)(C)C)C)N[C@@H]1CCCC[C@H]1NC(=O)c1ccccc1P(C(C)(C)C)C,CC(O)C,[O-1]C(C)(C)C.[K+],30.0,25.0,100.0,1.1262870423598976
CC(C)(C)C(=O)c1ccccc1,CC(C)(C)[C@@H](O)c1ccccc1,Ru,Cc1ccc(cc1)S(=O)(=O)c1ccc(cc1)S(=O)(=O)N[C@@H]([C@@H](c1ccccc1)NCCc1ccccc1)c1ccccc1,CO,,30.0,60.0,500.0,1.1177125130419985
COc1ccc(C(C)=O)cc1,COc1ccc([C@@H](C)O)cc1,Ru,COc1cccc(c1P(c1ccc(cc1)OC(C)(C)C)c1ccc(cc1)OC(C)(C)C)c1cccc(c1P(c1ccc(cc1)OC(C)(C)C)c1ccc(cc1)OC(C)(C)C)OC.N[C@H]([C@H](c1ccccc1)N)c1ccccc1,CC(O)C,[K+].[OH-1],29.61,20.0,3000.003000003,1.1073991161086836
O=C1CCCc2ccc(Br)cc21,O[C@@H]1CCCc2ccc(Br)cc21,Ru,COC[C@@H](N[C@@H](C[C@H](P(c1ccccc1)c1ccccc1)C)C)C,CC(O)C,[K+].[O-1]C(C)(C)C,70.0,25.0,200.0,1.1005116129711998
CC(=O)c1ccc(F)cc1,C[C@@H](O)c1ccc(F)cc1,Ru,CCCC[C@H]1C=Cc2c(N1p1oc3ccc4c(c3c3c(o1)ccc1c3cccc1)cccc4)c(ccc2)P(c1ccccc1)c1ccccc1.NCCN,ClCCl.CO,[O-1]C(C)(C)C.[Na+],30.0,25.0,500.0,1.1005116129711998
CC(=O)c1ccccc1,C[C@@H](O)c1ccccc1,Ru,c1ccc(cc1)P(c1ccccc1)Cc1ccccc1c1ccccc1CP(c1ccccc1)c1ccccc1.N[C@H]([C@H](c1ccccc1)N)c1ccccc1,CC(O)C,[K+].[OH-1],29.61,30.0,996.0000637440041,1.0935664008094246
CC(=O)c1ccccc1,C[C@@H](O)c1ccccc1,Ru,c1ccc(cc1)P(c1ccccc1)Cc1ccccc1c1ccccc1CP(c1ccccc1)c1ccccc1.N[C@H]([C@H](c1ccccc1)N)c1ccccc1,CC(O)C,[K+].[OH-1],29.61,30.0,4980.0052788055955,1.0935664008094246
O=C1CN2CCC1CC2,O[C@@H]1CN2CCC1CC2,Ru,C[C@H](P(c1ccccc1)c1ccccc1)C[C@@H](P(c1ccccc1)c1ccccc1)C.NCc1ccccn1,CCO,[O-1]C(C)(C)C.[K+],10.0,30.0,1000.0,1.0935664008094246
O=C(COc1ccccc1)c1ccccc1,O[C@H](COc1ccccc1)c1ccccc1,Ru,Brc1ccccc1p1oc2ccc3c(c2c2c(o1)ccc1c2cccc1)cccc3.N[C@H]([C@H](c1ccccc1)N)c1ccccc1,CC(O)C,[O-1]C(C)(C)C.[K+],70.0,0.0,2000.0,1.08149842553685
CC(=O)c1ccccc1,C[C@H](O)c1ccccc1,Ru,c1ccc2c(c1)[C@H](NC2)[C@H]1NCc2c1cccc2.C1CCC(CC1)P(C1CCCCC1)C1CCCCC1,CC(O)C,[K+].[O-1]C(C)(C)C,10.0,25.0,,1.0755296797009068
CC(=O)c1ccccc1,C[C@H](O)c1ccccc1,Ru,O=C(c1ccccc1P(C(C)(C)C)C)N[C@@H]1CCCC[C@H]1NC(=O)c1ccccc1P(C(C)(C)C)C,CC(O)C,[O-1]C(C)(C)C.[K+],30.0,25.0,100.0,1.0755296797009068
CC(=O)c1cccs1,C[C@H](O)c1cccs1,Ru,COc1nc(OC)cc(c1c1c(OC)nc(cc1P(c1ccc(cc1)C)c1ccc(cc1)C)OC)P(c1ccc(cc1)C)c1ccc(cc1)C.N[C@@H]([C@@H](c1ccccc1)N)c1ccccc1,CC(O)C,[O-1]C(C)(C)C.[K+],23.81600435,27.5,4000.0,1.07223409075256
O=C1CCCc2ccccc21,O[C@H]1CCCc2ccccc21,Ru,CC(P(c1ccccc1)Cc1cccc(n1)CP(C(C)(C)C)c1ccccc1)(C)C,CCO,[O-1]C(C)(C)C.[K+],30.0,-40.0,200.0,1.0719433404850756
CC(=O)C1CCCCC1,C[C@H](O)C1CCCCC1,Ru,Cc1ccc(cc1)S(=O)(=O)c1ccc(cc1)S(=O)(=O)N[C@@H]([C@@H](c1ccccc1)NCCc1ccccc1)c1ccccc1,CO,,30.0,60.0,500.0,1.0686881927529661
CC(=O)c1ccc(Cl)cc1,C[C@H](O)c1ccc(Cl)cc1,Ru,Ic1cc(P(c2ccccc2)c2ccccc2)c(c2c1cccc2)c1c(cc(c2c1cccc2)I)P(c1ccccc1)c1ccccc1.N[C@@H]([C@@H](c1ccccc1)N)c1ccccc1,CC(O)C,[O-1]C(C)(C)C.[K+],47.62,25.0,1000.0,1.065746041276547
COc1cccc(C(=O)c2cc(Cl)ccc2N)c1OC,COc1cccc([C@@H](O)c2cc(Cl)ccc2N)c1OC,Ru,c1ccc(cc1)P(c1ccc2c(c1c1c(ccc3c1cccc3)P(c1ccccc1)c1ccccc1)cccc2)c1ccccc1.N[C@H]([C@H](c1ccccc1)N)c1ccccc1,CC(O)C.C1CCCO1,[OH-1].[K+],4.0,43.0,1000.0,1.0654619690223819
CC(=O)c1ccccc1,C[C@@H](O)c1ccccc1,Ru,C[C@@H]1C[C@@H](C)Oc2c(-c3c(O1)cccc3P(c1cc(C)cc(c1)C)c1cc(C)cc(c1)C)c(ccc2)P(c1cc(C)cc(c1)C)c1cc(C)cc(c1)C.N[C@@H]([C@@H](c1ccccc1)N)c1ccccc1,CC(O)C,[O-1]C(C)(C)C.[K+],50.0,21.0,10000.0,1.0635314112926786
CC(=O)c1ccc(Cl)cc1,C[C@H](O)c1ccc(Cl)cc1,Ru,Clc1ccc2c(c1)c(cc(c2c1c(cc(c2c1ccc(c2)Cl)c1ccccc1)P(c1cc(C)cc(c1)C)c1cc(C)cc(c1)C)P(c1cc(C)cc(c1)C)c1cc(C)cc(c1)C)c1ccccc1.COc1ccc(cc1)C(c1ccc(cc1)OC)([C@@H](C(C)C)N)N,CC(O)C,[O-1]C(C)(C)C.[K+],48.3,25.0,1000.0,1.0633181245896417
CC(=O)c1cccs1,C[C@H](O)c1cccs1,Ru,COc1nc(OC)cc(c1c1c(OC)nc(cc1P(c1ccccc1)c1ccccc1)OC)P(c1ccccc1)c1ccccc1.[HH].[HH].N[C@@H]([C@@H](c1ccccc1)N)c1ccccc1,CC(O)C,[O-1]C(C)(C)C.[K+],23.81600435,27.5,4000.0,1.0600989791448758
COc1ccc(/C=C/C(C)=O)cc1,COc1ccc(/C=C/[C@H](C)O)cc1,Ru,CCCCCN[C@H](c1ccnc2c1cccc2)[C@H]1CC2CCN1CC2C=C.C1CCC(CC1)P(C1CCCCC1)C1CCCCC1,CCO,[Ba+2].[OH-1].[OH-1],60.0,30.0,1000.0,1.0568519736170419
CC(=O)c1ccc(C(F)(F)F)cc1,C[C@@H](O)c1ccc(C(F)(F)F)cc1,Ru,Brc1ccccc1p1oc2ccc3c(c2c2c(o1)ccc1c2cccc1)cccc3.N[C@@H]1CCCC[C@H]1N,CC(O)C,[O-1]C(C)(C)C.[K+],80.0,0.0,300.3003003003003,1.0562471898565726
CC(C)C(=O)c1ccccc1,CC(C)[C@@H](O)c1ccccc1,Ru,Brc1ccccc1p1oc2ccc3c(c2c2c(o1)ccc1c2cccc1)cccc3.N[C@H]([C@H](c1ccccc1)N)c1ccccc1,CC(O)C,[O-1]C(C)(C)C.[K+],65.0,0.0,500.0,1.0562471898565726
CC(=O)c1ccc(Cl)cc1,C[C@H](O)c1ccc(Cl)cc1,Ru,Brc1cc(P(c2ccccc2)c2ccccc2)c(c2c1cccc2)c1c(cc(c2c1cccc2)Br)P(c1ccccc1)c1ccccc1.N[C@@H]([C@@H](c1ccccc1)N)c1ccccc1,CC(O)C,[O-1]C(C)(C)C.[K+],47.62,25.0,1000.0,1.0536768784790285
CC(=O)/C=C/c1ccccc1,C[C@@H](O)/C=C/c1ccccc1,Ru,OC[C@@H](NC(=O)CN[C@@H](C12C3[Fe]4567891(C2(C8C34)P(c1ccccc1)c1ccccc1)C1C5C6C9(C71)P(c1ccccc1)c1ccccc1)C)C,C1CCCO1,C1CN2CCN1CC2.CN(C(=N)N(C)C)C,10.0,25.0,50.0,1.0512839202795432
CC(=O)c1cc(C(F)(F)F)cc(C(F)(F)F)c1,C[C@@H](O)c1cc(C(F)(F)F)cc(C(F)(F)F)c1,Ru,CC1(C)O[C@@H]([C@H](O1)CP(c1ccccc1)c1ccccc1)CP(c1ccccc1)c1ccccc1.C[C@H](c1nc2c([nH]1)c(C)ccc2C)N,Cc1ccccc1.CCO,[O-1]C(C)(C)C.[K+],8.0,25.0,1000.0,1.04889780449129
CC(C)(C)C(=O)c1ccccc1,CC(C)(C)[C@H](O)c1ccccc1,Ru,COc1ccccc1P(c1ccccc1)CCN[C@H]1CCCC[C@@H]1N,CC(O)C,[O-1]C(C)(C)C.[K+],49.35,50.0,200.0,1.041259577979632
CC(=O)c1ccccc1,C[C@H](O)c1ccccc1,Ru,c1ccc(cc1)P(c1ccccc1)c1ccccc1.C=CC1CN2CCC1CC2[C@@H](c1ccnc2c1cccc2)N,CCO,[Li+].[OH-1],60.0,25.0,500.0,1.0370681788333216
CC(=O)c1ccccc1,C[C@H](O)c1ccccc1,Ru,O=C(c1ccccc1P(C(C)(C)C)C)N[C@@H]1CCCC[C@H]1NC(=O)c1ccccc1P(C(C)(C)C)C,CC(O)C,[O-1]C(C)(C)C.[K+],30.0,0.0,100.0,1.0318474111038272
CC(C)C(=O)c1ccccc1,CC(C)[C@H](O)c1ccccc1,Ru,c1ccc(cc1)P(c1cc2CCc3ccc(CCc1cc2)cc3P(c1ccccc1)c1ccccc1)c1ccccc1.N[C@@H]([C@@H](c1ccccc1)N)c1ccccc1,CC(O)C,[K+].[O-1]C(C)(C)C,8.0,19.0,1000.0,1.0301277790027457
CC(=O)c1ccccc1,C[C@H](O)c1ccccc1,Ru,Brc1ccc2c(c1)[C@H](NC2)[C@H]1NCc2c1cc(Br)cc2.C(CP(c1ccccc1)c1ccccc1)CCP(c1ccccc1)c1ccccc1,CCCO,[K+].[O-1]C(C)(C)C,50.0,25.0,1000.0,1.027722816628229
O=C(c1ccccc1)c1ccccn1,O[C@@H](c1ccccc1)c1ccccn1,Ru,Cc1ccccc1[C@H](c1ccccn1)N[C@H](C12C3[Fe]4567891(C2(C8C34)P(c1ccccc1)c1ccccc1)C1C5C6C9(C71)P(c1ccccc1)c1ccccc1)C,Cc1ccccc1C,[K+].[O-1]C(C)(C)C,50.0,25.0,100.0,1.027722816628229
CC(=O)c1cccnc1,C[C@@H](O)c1cccnc1,Ru,Brc1ccccc1p1oc2ccc3c(c2c2c(o1)ccc1c2cccc1)cccc3.N[C@H]([C@H](c1ccccc1)N)c1ccccc1,CC(O)C,[O-1]C(C)(C)C.[K+],50.0,25.0,2000.0,1.027722816628229
COc1ccc(C(C)=O)cc1,COc1ccc([C@H](C)O)cc1,Ru,OC(c1cc(P(c2ccccc2)c2ccccc2)c(c2c1cccc2)c1c(cc(c2c1cccc2)C(c1ccccc1)(c1ccccc1)O)P(c1ccccc1)c1ccccc1)(c1ccccc1)c1ccccc1.N[C@@H]([C@@H](c1ccccc1)N)c1ccccc1,CC(O)C,[O-1]C(C)(C)C.[K+],47.62,25.0,1000.0,1.027722816628229
COCC(=O)c1ccc(C(F)(F)F)cc1,COC[C@@H](O)c1ccc(C(F)(F)F)cc1,Ru,C1C[C@@H]([C@@H](C1)P(c1ccccc1)c1ccccc1)[C@H]1CCC[C@H]1P(c1ccccc1)c1ccccc1.NCC(N)(C)C,CO,[O-1]C(C)(C)C.[Na+],7.0,25.0,200.0,1.027722816628229
CC(=O)c1ccccc1,C[C@H](O)c1ccccc1,Ru,CC(P(c1ccccc1)Cc1cccc(n1)CP(C(C)(C)C)c1ccccc1)(C)C,CCO,[O-1]C(C)(C)C.[K+],30.0,-20.0,200.0,1.0265715111935072
CC(=O)/C=C/c1ccc(C)cc1,Cc1ccc(/C=C/[C@H](C)O)cc1,Ru,CCCCCN[C@H](c1ccnc2c1cccc2)[C@H]1CC2CCN1CC2C=C.C1CCC(CC1)P(C1CCCCC1)C1CCCCC1,CCO,[Ba+2].[OH-1].[OH-1],60.0,30.0,1000.0,1.0216504694263326
COc1ccc(C(C)=O)cc1,COc1ccc([C@@H](C)O)cc1,Ru,c1ccc(cc1)P(c1ccccc1)c1ccccc1.N[C@H]([C@H](c1ccccc1)N)c1ccccc1,CC(O)C,[K+].[OH-1],29.61,30.0,996.0000637440041,1.0216504694263326
COc1ccc(C(C)=O)cc1,COc1ccc([C@@H](C)O)cc1,Ru,FC(c1ccc(cc1)P(c1ccc(cc1)C(F)(F)F)c1ccc(cc1)C(F)(F)F)(F)F.N[C@H]([C@H](c1ccccc1)N)c1ccccc1,CC(O)C,[K+].[OH-1],29.61,30.0,996.0000637440041,1.0216504694263326
CC(=O)/C=C/c1ccccc1,C[C@H](O)/C=C/c1ccccc1,Ru,CCCCCN[C@H](c1ccnc2c1cccc2)[C@H]1CC2CCN1CC2C=C.C1CCC(CC1)P(C1CCCCC1)C1CCCCC1,CCO,[Ba+2].[OH-1].[OH-1],60.0,30.0,1000.0,1.0193537408966593
O=C1CCCc2ccccc21,O[C@@H]1CCCc2ccccc21,Ru,COC[C@@H](N[C@@H](C[C@H](P(c1ccccc1)c1ccccc1)C)C)C,CO,[K+].[O-1]C(C)(C)C,50.0,40.0,200.0,1.0090374032007483
CC(=O)/C(=C/c1ccccc1)c1ccccc1,C[C@H](O)/C(=C/c1ccccc1)c1ccccc1,Ru,Cc1cc(C)cc(c1)P(c1ccc2c(c1)[C@]1(CC2)CCc2c1c(ccc2)P(c1cc(C)cc(c1)C)c1cc(C)cc(c1)C)c1cc(C)cc(c1)C.N[C@@H]([C@@H](c1ccccc1)N)c1ccccc1,CC(O)C,[K+].[O-1]C(C)(C)C,6.0,25.0,666.6666666666666,1.0047998926586212
CC(=O)/C=C/c1ccc(Cl)cc1,C[C@@H](O)/C=C/c1ccc(Cl)cc1,Ru,OC[C@@H](NC(=O)CN[C@@H](C12C3[Fe]4567891(C2(C8C34)P(c1ccccc1)c1ccccc1)C1C5C6C9(C71)P(c1ccccc1)c1ccccc1)C)C,Cc1ccccc1C,C1CN2CCN1CC2.CN(C(=N)N(C)C)C,10.0,25.0,50.0,1.0047998926586212
CC(=O)c1ccc(F)cc1,C[C@H](O)c1ccc(F)cc1,Ru,CCCC[C@@H]1C=Cc2c(N1p1oc3ccc4c(c3c3c(o1)ccc1c3cccc1)cccc4)c(ccc2)P(c1ccccc1)c1ccccc1.NCCN,ClCCl.CO,[O-1]C(C)(C)C.[Na+],30.0,25.0,500.0,1.0047998926586212
CC(=O)c1ccccc1,C[C@H](O)c1ccccc1,Ru,O=C(c1ccccc1P(c1ccccc1)c1ccccc1)c1ccccc1P(c1ccccc1)c1ccccc1.COc1ccc(cc1)C(c1ccc(cc1)OC)(C(C(C)C)N)N,CCO,[O-1]C(C)(C)C.[K+],20.0,25.0,1000.0,1.0047998926586212
CC(=O)c1ccccc1,C[C@@H](O)c1ccccc1,Ru,CCCCCN[C@@H](c1ccnc2c1cccc2)[C@@H]1CC2CCN1CC2C=C.C1CCC(CC1)P(C1CCCCC1)C1CCCCC1,CCO,[Li+].[OH-1],60.0,30.0,250.0,1.003442905279405
CC(=O)c1ccccc1,C[C@@H](O)c1ccccc1,Ru,FC(c1ccc(cc1)P(c1ccc(cc1)C(F)(F)F)c1ccc(cc1)C(F)(F)F)(F)F.N[C@H]([C@H](c1ccccc1)N)c1ccccc1,CC(O)C,[K+].[OH-1],29.61,30.0,996.0000637440041,0.9989492272745155
CC(=O)c1ccccc1,C[C@@H](O)c1ccccc1,Ru,FC(c1ccc(cc1)P(c1ccc(cc1)C(F)(F)F)c1ccc(cc1)C(F)(F)F)(F)F.N[C@H]([C@H](c1ccccc1)N)c1ccccc1,CC(O)C,[K+].[OH-1],29.61,30.0,4980.0052788055955,0.9989492272745155
CC(=O)c1ccccc1,C[C@@H](O)c1ccccc1,Ru,c1ccc(cc1)P(c1ccccc1)c1ccccc1.N[C@H]([C@H](c1ccccc1)N)c1ccccc1,CC(O)C,[K+].[OH-1],29.61,30.0,4980.0052788055955,0.9989492272745155
CC(=O)c1ccccc1,C[C@@H](O)c1ccccc1,Ru,c1ccc(cc1)P(c1ccccc1)c1ccccc1.N[C@H]([C@H](c1ccccc1)N)c1ccccc1,CC(O)C,[K+].[OH-1],29.61,30.0,996.0000637440041,0.9989492272745155
COc1ccc(C(C)=O)cc1,COc1ccc([C@@H](C)O)cc1,Ru,COc1ccc(cc1)P(c1ccc(cc1)OC)c1ccc(cc1)OC.N[C@H]([C@H](c1ccccc1)N)c1ccccc1,CC(O)C,[K+].[OH-1],29.61,30.0,996.0000637440041,0.9989492272745155
CC(=O)c1ccccc1,C[C@H](O)c1ccccc1,Ru,Brc1ccc2c(c1)[C@H](NC2)[C@H]1NCc2c1cc(Br)cc2.C(CCP(c1ccccc1)c1ccccc1)CCP(c1ccccc1)c1ccccc1,CCCO,[K+].[O-1]C(C)(C)C,50.0,25.0,1000.0,0.9824730731053827
O=C(c1ccccc1)c1ccccn1,O[C@@H](c1ccccc1)c1ccccn1,Ru,Cc1ccccc1[C@H](c1ccccn1)N[C@H](C12C3[Fe]4567891(C2(C8C34)P(c1ccccc1)c1ccccc1)C1C5C6C9(C71)P(c1ccccc1)c1ccccc1)C,ClCCl,[K+].[O-1]C(C)(C)C,50.0,25.0,100.0,0.9824730731053827
O=C(c1ccccc1)c1ccccc1Br,O[C@@H](c1ccccc1)c1ccccc1Br,Ru,O=C(c1ccccc1P(C(C)(C)C)C)N[C@@H]1CCCC[C@H]1NC(=O)c1ccccc1P(C(C)(C)C)C,CC(O)C,[O-1]C(C)(C)C.[K+],30.0,25.0,100.0,0.9824730731053827
O=C(CCN1CCN(c2ccccc2)CC1)c1ccccc1,O[C@@H](CCN1CCN(c2ccccc2)CC1)c1ccccc1,Ru,Cc1cc(C)c(c(c1)C)[C@H](c1ccccc1)NCCP(c1ccccc1)c1ccccc1.COc1ccccc1[C@H]([C@@H](c1ccccc1OC)N(C)C)N(C)C,C1CCCO1,[K+].[O-1]C,50.0,30.0,100.0,0.9768152284218644
CC(=O)c1ccccc1Br,C[C@@H](O)c1ccccc1Br,Ru,COc1ccc(cc1)P(c1ccc(cc1)OC)c1ccc(cc1)OC.N[C@H]([C@H](c1ccccc1)N)c1ccccc1,CC(O)C,[K+].[OH-1],29.61,30.0,996.0000637440041,0.9768152284218644
CC(=O)c1ccc(Br)cc1,C[C@H](O)c1ccc(Br)cc1,Ru,C[C@@H]1Oc2cccc(c2-c2c(O[C@H]1C)cccc2P(c1ccccc1)c1ccccc1)P(c1ccccc1)c1ccccc1.N[C@@H]([C@@H](c1ccccc1)N)c1ccccc1,CCCCO,[K+].[O-1]C(C)(C)C,20.0,20.0,3000.3000300030003,0.9659969189362502
CC(=O)c1ccccc1,C[C@H](O)c1ccccc1,Ru,CC(P(c1ccccc1)Cc1cccc(n1)CP(C(C)(C)C)c1ccccc1)(C)C,CCO,[O-1]C(C)(C)C.[K+],30.0,0.0,200.0,0.9631333316262192
CC(=O)/C=C/c1ccc(F)cc1,C[C@H](O)/C=C/c1ccc(F)cc1,Ru,CCCCCN[C@H](c1ccnc2c1cccc2)[C@H]1CC2CCN1CC2C=C.C1CCC(CC1)P(C1CCCCC1)C1CCCCC1,CCO,[Ba+2].[OH-1].[OH-1],60.0,30.0,1000.0,0.9616398537179578
CC(=O)c1ccccc1,C[C@H](O)c1ccccc1,Ru,Brc1ccc2c(c1)[C@H](NC2)[C@H]1NCc2c1cc(Br)cc2.CC1(C)c2cccc(c2Oc2c1cccc2P(c1ccccc1)c1ccccc1)P(c1ccccc1)c1ccccc1,CCCO,[K+].[O-1]C(C)(C)C,50.0,25.0,1000.0,0.9607041410324223
COc1cccc(C(C)=O)c1,COc1cccc([C@H](C)O)c1,Ru,O=C(c1ccccc1P(C(C)(C)C)C)N[C@@H]1CCCC[C@H]1NC(=O)c1ccccc1P(C(C)(C)C)C,CC(O)C,[O-1]C(C)(C)C.[K+],30.0,25.0,100.0,0.9607041410324223
COc1ccc(C(C)=O)cc1,COc1ccc([C@H](C)O)cc1,Ru,CCCC[C@@H]1C=Cc2c(N1p1oc3ccc4c(c3c3c(o1)ccc1c3cccc1)cccc4)c(ccc2)P(c1ccccc1)c1ccccc1.NCCN,ClCCl.CO,[O-1]C(C)(C)C.[Na+],30.0,25.0,500.0,0.9607041410324223
COc1ccc(/C=C/C(C)=O)cc1,COc1ccc(/C=C/[C@@H](C)O)cc1,Ru,OC[C@@H](NC(=O)CN[C@@H](C12C3[Fe]4567891(C2(C8C34)P(c1ccccc1)c1ccccc1)C1C5C6C9(C71)P(c1ccccc1)c1ccccc1)C)C,Cc1ccccc1C,C1CN2CCN1CC2.CN(C(=N)N(C)C)C,10.0,25.0,50.0,0.9607041410324223
CC(=O)c1ccccc1,C[C@@H](O)c1ccccc1,Ru,N(CC1=NC2C(O1)Cc1c2cccc1)CC1=NC2C(O1)Cc1c2cccc1,C1CCCO1,[O-1]C(C)(C)C.[K+],30.0,25.0,100.0,0.9607041410324223
CC(=O)/C=C/c1ccccc1,C[C@@H](O)/C=C/c1ccccc1,Ru,OC[C@@H](NC(=O)CN[C@@H](C12C3[Fe]4567891(C2(C8C34)P(c1ccccc1)c1ccccc1)C1C5C6C9(C71)P(c1ccccc1)c1ccccc1)C)C,Cc1ccccc1C,C1CN2CCN1CC2.C1CN=C2N(C1)CCC2,10.0,25.0,50.0,0.9607041410324223
CC(=O)c1ccc(Cl)cc1,C[C@H](O)c1ccc(Cl)cc1,Ru,Clc1cc(P(c2ccccc2)c2ccccc2)c(c2c1cccc2)c1c(cc(c2c1cccc2)Cl)P(c1ccccc1)c1ccccc1.N[C@@H]([C@@H](c1ccccc1)N)c1ccccc1,CC(O)C,[O-1]C(C)(C)C.[K+],47.62,25.0,1000.0,0.9585565638582595
COc1ccc(C(C)=O)cc1,COc1ccc([C@@H](C)O)cc1,Ru,c1ccc(cc1)P(c1ccccc1)Cc1ccccc1c1ccccc1CP(c1ccccc1)c1ccccc1.N[C@H]([C@H](c1ccccc1)N)c1ccccc1,CC(O)C,[K+].[OH-1],29.61,30.0,996.0000637440041,0.9552130688217566
CC(=O)c1ccccc1Br,C[C@@H](O)c1ccccc1Br,Ru,c1ccc(cc1)P(c1ccccc1)c1ccccc1.N[C@H]([C@H](c1ccccc1)N)c1ccccc1,CC(O)C,[K+].[OH-1],29.61,30.0,996.0000637440041,0.9552130688217566
CC(=O)c1ccccc1,C[C@@H](O)c1ccccc1,Ru,COc1ccc(cc1)P(c1ccc(cc1)OC)c1ccc(cc1)OC.N[C@H]([C@H](c1ccccc1)N)c1ccccc1,CC(O)C,[K+].[OH-1],29.61,30.0,996.0000637440041,0.9552130688217566
CC(=O)c1ccccc1,C[C@@H](O)c1ccccc1,Ru,COc1ccc(cc1)P(c1ccc(cc1)OC)c1ccc(cc1)OC.N[C@H]([C@H](c1ccccc1)N)c1ccccc1,CC(O)C,[K+].[OH-1],29.61,30.0,4980.0052788055955,0.9552130688217566
CC(=O)c1ccccc1,C[C@H](O)c1ccccc1,Ru,N[C@@H]1CCCC[C@H]1NCc1ccccc1P(c1cc(cc(c1)C(C)(C)C)C(C)(C)C)c1cc(cc(c1)C(C)(C)C)C(C)(C)C,CC(O)C,[O-1]C(C)(C)C.[K+],49.35,70.0,200.0,0.9453247715883468
CC(=O)c1cccc2ccccc12,C[C@@H](O)c1cccc2ccccc12,Ru,OC(c1ccccc1P(c1ccccc1)c1ccccc1)c1ccccc1P(c1ccccc1)c1ccccc1.N[C@H]([C@H](c1ccccc1)N)c1ccccc1,CC(O)C,[K+].[OH-1],15.0,25.0,250.0,0.9394582763292321
O=C(c1ccccc1)c1ccccn1,O[C@@H](c1ccccc1)c1ccccn1,Ru,Cc1ccccc1[C@H](c1ccccn1)N[C@H](C12C3[Fe]4567891(C2(C8C34)P(c1ccccc1)c1ccccc1)C1C5C6C9(C71)P(c1ccccc1)c1ccccc1)C,CC(O)C,[K+].[O-1]C(C)(C)C,50.0,25.0,100.0,0.9394582763292321
O=C(c1ccccc1)c1cccc2ccccc12,O[C@@H](c1ccccc1)c1cccc2ccccc12,Ru,O=C(c1ccccc1P(C(C)(C)C)C)N[C@@H]1CCCC[C@H]1NC(=O)c1ccccc1P(C(C)(C)C)C,CC(O)C,[O-1]C(C)(C)C.[K+],30.0,25.0,100.0,0.9394582763292321
O=C1CCCc2cccnc21,O[C@H]1CCCc2cccnc21,Ru,Cc1ccccc1[C@H](c1ccccn1)N[C@H](C12C3[Fe]4567891(C2(C8C34)P(c1ccccc1)c1ccccc1)C1C5C6C9(C71)P(c1ccccc1)c1ccccc1)C,COC(C)(C)C,C1CN=C2N(C1)CCC2,50.0,25.0,33.333333333333336,0.9394582763292321
CC(=O)c1ccc2ccccc2c1,C[C@H](O)c1ccc2ccccc2c1,Ru,Clc1ccc2c(c1)c(cc(c2c1c(cc(c2c1ccc(c2)Cl)c1ccccc1)P(c1cc(C)cc(c1)C)c1cc(C)cc(c1)C)P(c1cc(C)cc(c1)C)c1cc(C)cc(c1)C)c1ccccc1.COc1ccc(cc1)C(c1ccc(cc1)OC)([C@@H](C(C)C)N)N,CC(O)C,[O-1]C(C)(C)C.[K+],48.3,25.0,1000.0,0.9373612094742481
CC(=O)/C=C/c1ccc(Br)cc1,C[C@H](O)/C=C/c1ccc(Br)cc1,Ru,CCCCCN[C@H](c1ccnc2c1cccc2)[C@H]1CC2CCN1CC2C=C.C1CCC(CC1)P(C1CCCCC1)C1CCCCC1,CCO,[Ba+2].[OH-1].[OH-1],60.0,30.0,1000.0,0.9361990518725302
CC(=O)c1ccccc1,C[C@@H](O)c1ccccc1,Ru,c1ccc(c(c1)CP(c1ccccc1)c1ccccc1)CP(c1ccccc1)c1ccccc1.N[C@H]([C@H](c1ccccc1)N)c1ccccc1,CC(O)C,[K+].[OH-1],29.61,30.0,4980.0052788055955,0.9341103969935632
COc1ccc(C(C)=O)cc1,COc1ccc([C@@H](C)O)cc1,Ru,c1ccc(c(c1)CP(c1ccccc1)c1ccccc1)CP(c1ccccc1)c1ccccc1.N[C@H]([C@H](c1ccccc1)N)c1ccccc1,CC(O)C,[K+].[OH-1],29.61,30.0,996.0000637440041,0.9341103969935632
CC(=O)c1ccccc1,C[C@@H](O)c1ccccc1,Ru,c1ccc(c(c1)CP(c1ccccc1)c1ccccc1)CP(c1ccccc1)c1ccccc1.N[C@H]([C@H](c1ccccc1)N)c1ccccc1,CC(O)C,[K+].[OH-1],29.61,30.0,996.0000637440041,0.9341103969935632
CC(=O)c1ccco1,C[C@H](O)c1ccco1,Ru,CC(P(c1ccccc1)Cc1cccc(n1)CP(C(C)(C)C)c1ccccc1)(C)C,CCO,[O-1]C(C)(C)C.[K+],30.0,-40.0,200.0,0.9231241366059549
CC(=O)c1ccc(C)cc1,Cc1ccc([C@H](C)O)cc1,Ru,CCCC[C@@H]1C=Cc2c(N1p1oc3ccc4c(c3c3c(o1)ccc1c3cccc1)cccc4)c(ccc2)P(c1ccccc1)c1ccccc1.NCCN,ClCCl.CO,[O-1]C(C)(C)C.[Na+],30.0,25.0,500.0,0.9187036611038458
CC(=O)C(C)C,CC(C)[C@@H](C)O,Ru,N(CC1=NC2C(O1)Cc1c2cccc1)CC1=NC2C(O1)Cc1c2cccc1,CC(O)C,[O-1]C(C)(C)C.[K+],5.0,25.0,100.0,0.9187036611038458
O=C(c1ccccc1)c1ccccn1,O[C@@H](c1ccccc1)c1ccccn1,Ru,C[C@@H](C12C3[Fe]4567891(C2(C8C34)P(c1ccccc1)c1ccccc1)C1C5C6C9(C71)P(c1ccccc1)c1ccccc1)N[C@H](c1ccccc1C(F)(F)F)c1ccccn1,COC(C)(C)C,C1CN=C2N(C1)CCC2,50.0,25.0,33.333333333333336,0.9187036611038458
CC(=O)c1ccc(C(C)(C)C)cc1,C[C@H](O)c1ccc(C(C)(C)C)cc1,Ru,Clc1ccc2c(c1)c(cc(c2c1c(cc(c2c1ccc(c2)Cl)c1ccccc1)P(c1cc(C)cc(c1)C)c1cc(C)cc(c1)C)P(c1cc(C)cc(c1)C)c1cc(C)cc(c1)C)c1ccccc1.COc1ccc(cc1)C(c1ccc(cc1)OC)([C@@H](C(C)C)N)N,CC(O)C,[O-1]C(C)(C)C.[K+],48.3,25.0,1000.0,0.9166540744192597
CC(=O)c1ccccc1Br,C[C@@H](O)c1ccccc1Br,Ru,FC(c1ccc(cc1)P(c1ccc(cc1)C(F)(F)F)c1ccc(cc1)C(F)(F)F)(F)F.N[C@H]([C@H](c1ccccc1)N)c1ccccc1,CC(O)C,[K+].[OH-1],29.61,30.0,996.0000637440041,0.9134775693139273
O=C(CCN1CCN(c2ccccc2)CC1)c1ccccc1,O[C@@H](CCN1CCN(c2ccccc2)CC1)c1ccccc1,Ru,Cc1cc(C)c(c(c1)C)[C@H](c1ccccc1)NCCP(c1ccccc1)c1ccccc1.N[C@@H]([C@@H](c1ccccc1)N)c1ccccc1,C1CCCO1,[K+].[O-1]C,50.0,30.0,100.0,0.9134775693139273
CC(=O)C1CCCCC1,C[C@@H](O)C1CCCCC1,Ru,Brc1ccccc1p1oc2ccc3c(c2c2c(o1)ccc1c2cccc1)cccc3.N[C@H]([C@H](c1ccccc1)N)c1ccccc1,CC(O)C,[O-1]C(C)(C)C.[K+],70.0,0.0,1000.0,0.9000923022597194
CC(=O)c1ccccc1,C[C@H](O)c1ccccc1,Ru,Brc1ccc2c(c1)[C@H](NC2)[C@H]1NCc2c1cc(Br)cc2.C(CP(c1ccccc1)c1ccccc1)CP(c1ccccc1)c1ccccc1,CCCO,[K+].[O-1]C(C)(C)C,50.0,25.0,1000.0,0.898411140659566
O=C(Cc1ccccc1)c1ccccc1,O[C@@H](Cc1ccccc1)c1ccccc1,Ru,O=C(c1ccccc1P(C(C)(C)C)C)N[C@@H]1CCCC[C@H]1NC(=O)c1ccccc1P(C(C)(C)C)C,CC(O)C,[O-1]C(C)(C)C.[K+],30.0,25.0,100.0,0.898411140659566
CC(=O)c1ccccc1,C[C@H](O)c1ccccc1,Ru,N[C@H]([C@H](c1ccccc1)N)c1ccccc1.c1ccc(cc1)P(C12C3[Fe]4567892(C1C5C34)C1C6C7C9(C81)P(c1ccccc1)c1ccccc1)c1ccccc1,CCCO,[K+].[O-1]C(C)(C)C,10.0,25.0,1000.0,0.898411140659566
CC(=O)c1ccccc1,C[C@H](O)c1ccccc1,Ru,CC(P(c1ccccc1)Cc1cccc(n1)CP(C(C)(C)C)c1ccccc1)(C)C,CCO,[O-1]C(C)(C)C.[K+],30.0,25.0,200.0,0.898411140659566
O=C1CCSc2ccccc21,O[C@@H]1CCSc2ccccc21,Ru,COC[C@@H](N[C@@H](C[C@H](P(c1ccccc1)c1ccccc1)C)C)C,CC(O)C,[K+].[O-1]C(C)(C)C,70.0,25.0,200.0,0.898411140659566
CC(=O)c1ccc(C(F)(F)F)cc1,C[C@@H](O)c1ccc(C(F)(F)F)cc1,Ru,c1ccc(cc1)P(c1ccccc1)Cc1ccccc1c1ccccc1CP(c1ccccc1)c1ccccc1.N[C@H]([C@H](c1ccccc1)N)c1ccccc1,CC(O)C,[K+].[OH-1],29.61,30.0,996.0000637440041,0.8932873525285439
O=C(Cc1ccccc1)c1ccccc1,O[C@@H](Cc1ccccc1)c1ccccc1,Ru,Clc1ccc2c(c1)c(cc(c2c1c(cc(c2c1ccc(c2)Cl)c1ccccc1)P(c1cc(C)cc(c1)C)c1cc(C)cc(c1)C)P(c1cc(C)cc(c1)C)c1cc(C)cc(c1)C)c1ccccc1.COc1ccc(cc1)C(c1ccc(cc1)OC)([C@@H](C(C)C)N)N,CC(O)C,[O-1]C(C)(C)C.[K+],48.3,25.0,1000.0,0.8844668924168306
CC(=O)c1ccccc1F,C[C@@H](O)c1ccccc1F,Ru,COc1cccc(c1P(c1ccc(cc1)OC(C)(C)C)c1ccc(cc1)OC(C)(C)C)c1cccc(c1P(c1ccc(cc1)OC(C)(C)C)c1ccc(cc1)OC(C)(C)C)OC.N[C@H]([C@H](c1ccccc1)N)c1ccccc1,CC(O)C,[K+].[OH-1],29.61,20.0,3000.003000003,0.8833447120052047
CC(=O)c1ccc(Br)cc1,C[C@H](O)c1ccc(Br)cc1,Ru,CC(P(c1ccccc1)Cc1cccc(n1)CP(C(C)(C)C)c1ccccc1)(C)C,CCO,[O-1]C(C)(C)C.[K+],30.0,-40.0,200.0,0.8807440010941142
CC(=O)c1ccccc1C,Cc1ccccc1[C@@H](C)O,Ru,COC[C@@H](N[C@@H](C[C@H](P(c1ccccc1)c1ccccc1)C)C)C,CC(O)C,[K+].[O-1]C(C)(C)C,70.0,25.0,200.0,0.8785539309133608
CC(=O)c1ccccc1Cl,C[C@@H](O)c1ccccc1Cl,Ru,c1ccc(cc1)P(c1ccccc1)c1ccccc1.N[C@H]([C@H](c1ccccc1)N)c1ccccc1,CC(O)C,[K+].[OH-1],29.61,30.0,996.0000637440041,0.8735146659250674
O=C(c1ccccc1)C(F)(F)F,O[C@H](c1ccccc1)C(F)(F)F,Ru,CC(P(c1ccccc1)Cc1cccc(n1)CP(C(C)(C)C)c1ccccc1)(C)C,CCO,[O-1]C(C)(C)C.[K+],30.0,-40.0,200.0,0.8605879006011581
O=C1CCCCc2ccccc21,O[C@@H]1CCCCc2ccccc21,Ru,COC[C@@H](N[C@@H](C[C@H](P(c1ccccc1)c1ccccc1)C)C)C,CC(O)C,[K+].[O-1]C(C)(C)C,70.0,25.0,200.0,0.8591073648212397
O=C(/C=C/c1ccccc1)c1ccccc1,O[C@H](/C=C/c1ccccc1)c1ccccc1,Ru,c1ccc(cc1)P(c1ccccc1Oc1ccccc1P(c1ccccc1)c1ccccc1)c1ccccc1.c1ccc2c(c1)[C@H](NC2)[C@@H]1NCc2c1cccc2,CC(O)C,[O-1]C(C)(C)C.[K+],10.0,25.0,1000.0,0.8591073648212397
CC(=O)c1ccco1,C[C@@H](O)c1ccco1,Ru,COc1nc(OC)cc(c1c1c(OC)nc(cc1P(c1ccc(cc1)OC)c1ccc(cc1)OC)OC)P(c1ccc(cc1)OC)c1ccc(cc1)OC.COc1ccc(cc1)C(c1ccc(cc1)OC)([C@H](C(C)C)N)N,CC(O)C,[K+].[OH-1],30.0,25.0,2000.0,0.8591073648212397
CC(=O)c1ccc(C)cc1,Cc1ccc([C@H](C)O)cc1,Ru,Clc1ccc2c(c1)c(cc(c2c1c(cc(c2c1ccc(c2)Cl)c1ccccc1)P(c1cc(C)cc(c1)C)c1cc(C)cc(c1)C)P(c1cc(C)cc(c1)C)c1cc(C)cc(c1)C)c1ccccc1.COc1ccc(cc1)C(c1ccc(cc1)OC)([C@@H](C(C)C)N)N,CC(O)C,[O-1]C(C)(C)C.[K+],48.3,25.0,1000.0,0.8533500201302582
CC(=O)c1ccccc1,C[C@H](O)c1ccccc1,Ru,COc1ccccc1P(c1ccccc1OC)c1ccccc1OC.C=CC1CN2CCC1CC2[C@@H](c1ccnc2c1cccc2)N,CO,[Li+].[OH-1],60.0,25.0,500.0,0.849530888679686
CC(=O)c1ccccc1,C[C@H](O)c1ccccc1,Ru,O=C(c1ccccc1P(C(C)(C)C)C)N[C@@H]1CCCC[C@H]1NC(=O)c1ccccc1P(C(C)(C)C)C,CC(O)C,[O-1]C.[Na+],30.0,25.0,100.0,0.8400486717283069
COCC(=O)c1ccc(C(F)(F)F)cc1,COC[C@H](O)c1ccc(C(F)(F)F)cc1,Ru,C1C[C@@H]([C@@H](C1)P(c1ccccc1)c1ccccc1)[C@H]1CCC[C@H]1P(c1ccccc1)c1ccccc1.NCCSC(C)(C)C,CC(O)C,[O-1]C(C)(C)C.[Na+],7.0,25.0,200.0,0.8400486717283069
CC(=O)C12CC3CC(CC(C3)C1)C2,C[C@@H](O)C12CC3CC(CC(C3)C1)C2,Ru,Brc1ccccc1p1oc2ccc3c(c2c2c(o1)ccc1c2cccc1)cccc3.N[C@H]([C@H](c1ccccc1)N)c1ccccc1,CC(O)C,[O-1]C(C)(C)C.[K+],50.0,25.0,303.03030303030306,0.8400486717283069
CC(=O)c1ccc(Cl)cc1,C[C@H](O)c1ccc(Cl)cc1,Ru,Cc1cc(P(c2ccccc2)c2ccccc2)c(c2c1cccc2)c1c(cc(c2c1cccc2)C)P(c1ccccc1)c1ccccc1.N[C@@H]([C@@H](c1ccccc1)N)c1ccccc1,CC(O)C,[O-1]C(C)(C)C.[K+],47.62,25.0,1000.0,0.8381633105408778
CC(=O)c1ccccc1Cl,C[C@@H](O)c1ccccc1Cl,Ru,COc1ccc(cc1)P(c1ccc(cc1)OC)c1ccc(cc1)OC.N[C@H]([C@H](c1ccccc1)N)c1ccccc1,CC(O)C,[K+].[OH-1],29.61,30.0,996.0000637440041,0.835131005411649
CC(=O)/C(=C/c1ccccc1)c1ccccc1,C[C@H](O)/C(=C/c1ccccc1)c1ccccc1,Ru,Cc1cc(C)cc(c1)P(c1ccc2c(c1c1c(ccc3c1cccc3)P(c1cc(C)cc(c1)C)c1cc(C)cc(c1)C)cccc2)c1cc(C)cc(c1)C.N[C@@H]([C@@H](c1ccccc1)N)c1ccccc1,CC(O)C,[K+].[O-1]C(C)(C)C,6.0,25.0,666.6666666666666,0.8213567846395616
CC(=O)c1ccc(Cl)cc1,C[C@H](O)c1ccc(Cl)cc1,Ru,c1ccc(cc1)P(c1ccc2c(c1c1c(ccc3c1cccc3)P(c1ccccc1)c1ccccc1)cccc2)c1ccccc1.N[C@@H]([C@@H](c1ccccc1)N)c1ccccc1,CC(O)C,[O-1]C(C)(C)C.[K+],47.62,25.0,1000.0,0.8213567846395616
CC(=O)c1ccc(C(F)(F)F)cc1,C[C@@H](O)c1ccc(C(F)(F)F)cc1,Ru,FC(c1ccc(cc1)P(c1ccc(cc1)C(F)(F)F)c1ccc(cc1)C(F)(F)F)(F)F.N[C@H]([C@H](c1ccccc1)N)c1ccccc1,CC(O)C,[K+].[OH-1],29.61,30.0,996.0000637440041,0.8164787513712193
CC(=O)c1ccccc1Cl,C[C@@H](O)c1ccccc1Cl,Ru,FC(c1ccc(cc1)P(c1ccc(cc1)C(F)(F)F)c1ccc(cc1)C(F)(F)F)(F)F.N[C@H]([C@H](c1ccccc1)N)c1ccccc1,CC(O)C,[K+].[OH-1],29.61,30.0,996.0000637440041,0.8164787513712193
CC(=O)c1ccccc1,C[C@H](O)c1ccccc1,Ru,N[C@@H]1CCCC[C@H]1NCc1ccccc1P(c1cc(cc(c1)C(C)(C)C)C(C)(C)C)c1cc(cc(c1)C(C)(C)C)C(C)(C)C,CC(O)C,[O-1]C(C)(C)C.[K+],49.35,50.0,200.0,0.8127649759506661
O=C1CCCc2ccccc21,O[C@@H]1CCCc2ccccc21,Ru,COC[C@@H](N[C@@H](C[C@H](P(c1ccccc1)c1ccccc1)C)C)C,Cc1ccccc1,[K+].[O-1]C(C)(C)C,50.0,40.0,200.0,0.8058961578920102
CC(=O)c1ccccc1,C[C@@H](O)c1ccccc1,Ru,N(CC1=NC2C(O1)Cc1c2cccc1)CC1=NC2C(O1)Cc1c2cccc1,Cc1ccccc1,[O-1]C(C)(C)C.[K+],30.0,25.0,100.0,0.803012171272733
CC(=O)c1ccccc1,C[C@H](O)c1ccccc1,Ru,O=C(c1ccccc1P(C(C)(C)C)C)N[C@@H]1CCCC[C@H]1NC(=O)c1ccccc1P(C(C)(C)C)C,CC(O)C,[O-1]C(C)(C)C.[K+],30.0,25.0,1000.0,0.803012171272733
CC(=O)c1ccccc1,C[C@H](O)c1ccccc1,Ru,CC1(C)O[C@@H]([C@H](O1)CP(c1ccccc1)c1ccccc1)CP(c1ccccc1)c1ccccc1.COc1ccc2c(c1)[nH]c(n2)[C@@H](N)C,CC(O)C,[O-1]C(C)(C)C.[K+],8.0,25.0,1000.0,0.803012171272733
CC(=O)c1ccccc1Br,C[C@@H](O)c1ccccc1Br,Ru,c1ccc(c(c1)CP(c1ccccc1)c1ccccc1)CP(c1ccccc1)c1ccccc1.N[C@H]([C@H](c1ccccc1)N)c1ccccc1,CC(O)C,[K+].[OH-1],29.61,30.0,996.0000637440041,0.7981611443737059
CC(=O)c1ccc(C(F)(F)F)cc1,C[C@@H](O)c1ccc(C(F)(F)F)cc1,Ru,c1ccc(cc1)P(c1ccccc1)c1ccccc1.N[C@H]([C@H](c1ccccc1)N)c1ccccc1,CC(O)C,[K+].[OH-1],29.61,30.0,996.0000637440041,0.7981611443737059
CC(=O)c1cc(C(F)(F)F)cc(C(F)(F)F)c1,C[C@@H](O)c1cc(C(F)(F)F)cc(C(F)(F)F)c1,Ru,CC1(C)O[C@@H]([C@H](O1)CP(c1ccccc1)c1ccccc1)CP(c1ccccc1)c1ccccc1.C[C@H](c1nc2c([nH]1)c(C)ccc2C)N,Cc1ccccc1.CO,[O-1]C(C)(C)C.[K+],8.0,25.0,1000.0,0.795767454344645
CC(=O)c1cc(F)ccc1F,C[C@@H](O)c1cc(F)ccc1F,Ru,Brc1ccccc1p1oc2ccc3c(c2c2c(o1)ccc1c2cccc1)cccc3.N[C@H]([C@H](c1ccccc1)N)c1ccccc1,CC(O)C,[O-1]C(C)(C)C.[K+],80.0,0.0,1000.0,0.7870708593021019
COc1ccc(C(C)=O)cc1,COc1ccc([C@H](C)O)cc1,Ru,Clc1ccc2c(c1)c(cc(c2c1c(cc(c2c1ccc(c2)Cl)c1ccccc1)P(c1cc(C)cc(c1)C)c1cc(C)cc(c1)C)P(c1cc(C)cc(c1)C)c1cc(C)cc(c1)C)c1ccccc1.COc1ccc(cc1)C(c1ccc(cc1)OC)([C@@H](C(C)C)N)N,CC(O)C,[O-1]C(C)(C)C.[K+],48.3,25.0,1000.0,0.7867839139806553
CC(=O)c1ccccc1,C[C@H](O)c1ccccc1,Ru,c1ccc2c(c1)[C@H](NC2)[C@H]1NCc2c1cccc2.Fc1ccc(cc1)P(c1ccc(cc1)F)c1ccc(cc1)F,CC(O)C,[K+].[O-1]C(C)(C)C,10.0,25.0,,0.7849966854528134
CC(=O)c1ccccc1,C[C@H](O)c1ccccc1,Ru,O=C(c1ccccc1P(C(C)(C)C)C)N[C@@H]1CCCC[C@H]1NC(=O)c1ccccc1P(C(C)(C)C)C,CO,[O-1]C(C)(C)C.[K+],30.0,25.0,100.0,0.7849966854528134
CC(=O)c1ccccc1,C[C@H](O)c1ccccc1,Ru,O=C(c1ccccc1P(c1ccccc1)c1ccccc1)c1ccccc1P(c1ccccc1)c1ccccc1.COc1ccccc1C(C(c1ccccc1OC)N)N,CCO,[O-1]C(C)(C)C.[K+],20.0,25.0,1000.0,0.7849966854528134
CC(=O)c1ccccc1,C[C@@H](O)c1ccccc1,Ru,COc1ccccc1P(c1ccccc1OC)c1ccccc1OC.C=CC1CN2CCC1CC2[C@H](c1ccnc2c1cccc2)N,CCO,[Li+].[OH-1],60.0,25.0,500.0,0.7814315764349931
COc1ccccc1C(C)=O,COc1ccccc1[C@H](C)O,Ru,C[C@@H]1Oc2cccc(c2-c2c(O[C@H]1C)cccc2P(c1ccccc1)c1ccccc1)P(c1ccccc1)c1ccccc1.N[C@@H]([C@@H](c1ccccc1)N)c1ccccc1,CCCCO,[K+].[O-1]C(C)(C)C,20.0,20.0,500.0,0.7718322265319211
CC(=O)c1ccccc1,C[C@H](O)c1ccccc1,Ru,Brc1ccc2c(c1)[C@H](NC2)[C@H]1NCc2c1cc(Br)cc2.c1ccc(cc1)P(c1ccccc1)CCP(c1ccccc1)c1ccccc1,CCCO,[K+].[O-1]C(C)(C)C,50.0,25.0,1000.0,0.7672934359747815
COCC(=O)c1ccc(C(F)(F)F)cc1,COC[C@@H](O)c1ccc(C(F)(F)F)cc1,Ru,C1C[C@@H]([C@@H](C1)P(c1ccccc1)c1ccccc1)[C@H]1CCC[C@H]1P(c1ccccc1)c1ccccc1.NCC(N)(C)C,CCO,[O-1]C(C)(C)C.[Na+],7.0,25.0,200.0,0.7672934359747815
O=C(c1ccccc1)c1ccccn1,O[C@@H](c1ccccc1)c1ccccn1,Ru,Cc1ccccc1[C@H](c1ccccn1)N[C@H](C12C3[Fe]4567891(C2(C8C34)P(c1ccccc1)c1ccccc1)C1C5C6C9(C71)P(c1ccccc1)c1ccccc1)C,C1CCCO1,[K+].[O-1]C(C)(C)C,50.0,25.0,100.0,0.7672934359747815
CCC(=O)c1ccccc1,CC[C@@H](O)c1ccccc1,Ru,COC[C@@H](N[C@@H](C[C@H](P(c1ccccc1)c1ccccc1)C)C)C,CC(O)C,[K+].[O-1]C(C)(C)C,70.0,25.0,200.0,0.7672934359747815
CC(=O)c1ccccc1,C[C@H](O)c1ccccc1,Ru,c1ccc2c(c1)[C@H](NC2)[C@H]1NCc2c1cccc2.Clc1ccc(cc1)P(c1ccc(cc1)Cl)c1ccc(cc1)Cl,CC(O)C,[K+].[O-1]C(C)(C)C,10.0,25.0,,0.7672934359747815
CC(=O)c1ccc(C(F)(F)F)cc1,C[C@@H](O)c1ccc(C(F)(F)F)cc1,Ru,COc1ccc(cc1)P(c1ccc(cc1)OC)c1ccc(cc1)OC.N[C@H]([C@H](c1ccccc1)N)c1ccccc1,CC(O)C,[K+].[OH-1],29.61,30.0,996.0000637440041,0.7624623316089879
CC(=O)c1ccccc1,C[C@H](O)c1ccccc1,Ru,COc1ccccc1P(c1ccccc1OC)c1ccccc1OC.CCC1CN2CCC1CC2[C@@H](c1ccnc2c1cc(OC)cc2)N,CCO,[Li+].[OH-1],60.0,25.0,500.0,0.7585539356766265
CC(=O)c1ccccc1,C[C@H](O)c1ccccc1,Ru,c1ccc2c(c1)[C@H](NC2)[C@H]1NCc2c1cccc2.CC(P(C(C)(C)C)C(C)(C)C)(C)C,CC(O)C,[K+].[O-1]C(C)(C)C,10.0,25.0,,0.7498866705235683
CC(=O)c1ccccc1,C[C@H](O)c1ccccc1,Ru,c1ccc2c(c1)[C@H](NC2)[C@H]1NCc2c1cccc2.CP(c1ccccc1)c1ccccc1,CC(O)C,[K+].[O-1]C(C)(C)C,10.0,25.0,,0.7498866705235683
CC(=O)c1ccccc1,C[C@@H](O)c1ccccc1,Ru,COC[C@@H](N[C@@H](C[C@H](P(c1ccccc1)c1ccccc1)C)C)C,CC(O)C,[K+].[O-1]C(C)(C)C,70.0,25.0,200.0,0.7327616726196642
O=C1CCCc2ccccc21,O[C@@H]1CCCc2ccccc21,Ru,COCCN[C@@H](C[C@H](P(c1ccccc1)c1ccccc1)C)C,CC(O)C,[K+].[O-1]C(C)(C)C,70.0,25.0,200.0,0.7327616726196642
CC(=O)c1ccccc1,C[C@@H](O)c1ccccc1,Ru,c1ccc(nc1)CNc1ccc2c(c1c1c(NCc3ccccn3)ccc3c1cccc3)cccc2,CC(O)C,[O-1]C(C)(C)C.[K+],50.0,25.0,1000.0,0.7327616726196642
CC(=O)c1ccccc1,C[C@@H](O)c1ccccc1,Ru,COc1nc(OC)cc(c1c1c(OC)nc(cc1P(c1ccc(cc1)OC)c1ccc(cc1)OC)OC)P(c1ccc(cc1)OC)c1ccc(cc1)OC.COc1ccc(cc1)C(c1ccc(cc1)OC)([C@H](C(C)C)N)N,CO,[K+].[OH-1],30.0,25.0,2000.0,0.7327616726196642
CC(=O)c1ccccc1Br,C[C@@H](O)c1ccccc1Br,Ru,c1ccc(cc1)P(c1ccccc1)Cc1ccccc1c1ccccc1CP(c1ccccc1)c1ccccc1.N[C@H]([C@H](c1ccccc1)N)c1ccccc1,CC(O)C,[K+].[OH-1],29.61,30.0,996.0000637440041,0.727910450013472
O=C(CCN1CCN(c2ccccc2)CC1)c1ccccc1,O[C@H](CCN1CCN(c2ccccc2)CC1)c1ccccc1,Ru,Cc1cc(C)c(c(c1)C)[C@H](c1ccccc1)NCCP(c1ccccc1)c1ccccc1.CP(CCP(C)C)C,CCO,[K+].[O-1]C,50.0,30.0,100.0,0.727910450013472
CC(=O)c1ccccc1,C[C@H](O)c1ccccc1,Ru,C[C@@H]1Oc2cccc(c2-c2c(O[C@H]1C)cccc2P(c1ccccc1)c1ccccc1)P(c1ccccc1)c1ccccc1.N[C@@H]([C@@H](c1ccccc1)N)c1ccccc1,CO,[K+].[O-1]C(C)(C)C,20.0,20.0,1000.0,0.7204731991563126
CC(=O)c1ccc(C(F)(F)F)cc1,C[C@H](O)c1ccc(C(F)(F)F)cc1,Ru,CC(P(c1ccccc1)Cc1cccc(n1)CP(C(C)(C)C)c1ccccc1)(C)C,CCO,[O-1]C(C)(C)C.[K+],30.0,-40.0,200.0,0.7184160945375203
CCOC(=O)C(=O)c1ccccc1,CCOC(=O)[C@H](O)c1ccccc1,Ru,CC(P(c1ccccc1)Cc1cccc(n1)CP(C(C)(C)C)c1ccccc1)(C)C,CCO,[O-1]C(C)(C)C.[K+],30.0,-40.0,200.0,0.7184160945375203
COc1ccc(C(C)=O)cc1,COc1ccc([C@H](C)O)cc1,Ru,O=C(c1ccccc1P(C(C)(C)C)C)N[C@@H]1CCCC[C@H]1NC(=O)c1ccccc1P(C(C)(C)C)C,CC(O)C,[O-1]C(C)(C)C.[K+],30.0,25.0,100.0,0.7159046698714058
O=C(CCN1CCN(c2ccccc2)CC1)c1ccccc1,O[C@H](CCN1CCN(c2ccccc2)CC1)c1ccccc1,Ru,Cc1cc(C)c(c(c1)C)[C@H](c1ccccc1)NCCP(c1ccccc1)c1ccccc1.N[C@H]([C@H](c1ccccc1)N)c1ccccc1,C1CCCO1,[K+].[O-1]C,50.0,30.0,100.0,0.7110301166901554
CC(=O)c1ccccc1,C[C@@H](O)c1ccccc1,Ru,COc1nc(OC)cc(c1c1c(OC)nc(cc1P(c1ccc(cc1)OC)c1ccc(cc1)OC)OC)P(c1ccc(cc1)OC)c1ccc(cc1)OC.COc1ccc(cc1)C(c1ccc(cc1)OC)([C@H](C(C)C)N)N,CC(=O)C,[K+].[OH-1],30.0,25.0,2000.0,0.70425727925195
CC(=O)c1ccccc1,C[C@@H](O)c1ccccc1,Ru,CN(p1oc2ccc3c(c2c2c(o1)ccc1c2cccc1)cccc3)C.N[C@H]([C@H](c1ccccc1)N)c1ccccc1,CC(O)C,[O-1]C(C)(C)C.[K+],10.0,20.0,1000.0,0.7038988897293397
COCC(=O)c1ccc(C(F)(F)F)cc1,COC[C@H](O)c1ccc(C(F)(F)F)cc1,Ru,C1C[C@@H]([C@@H](C1)P(c1ccccc1)c1ccccc1)[C@H]1CCC[C@H]1P(c1ccccc1)c1ccccc1.NCCSC(C)(C)C,CO,[O-1]C(C)(C)C.[Na+],7.0,25.0,200.0,0.6993027520737911
COCC(=O)c1ccc(C(F)(F)F)cc1,COC[C@H](O)c1ccc(C(F)(F)F)cc1,Ru,C1C[C@@H]([C@@H](C1)P(c1ccccc1)c1ccccc1)[C@H]1CCC[C@H]1P(c1ccccc1)c1ccccc1.NCCSCC,CCO,[O-1]C(C)(C)C.[Na+],7.0,25.0,200.0,0.6993027520737911
O=C1CCc2ccccc21,O[C@H]1CCc2ccccc21,Ru,CCCCCN[C@H](c1ccnc2c1cccc2)[C@H]1CC2CCN1CC2C=C.C1CCC(CC1)P(C1CCCCC1)C1CCCCC1,CCO,[Ba+2].[OH-1].[OH-1],60.0,35.0,1000.0,0.6958208676071181
CC(C)C(=O)c1ccccc1,CC(C)[C@H](O)c1ccccc1,Ru,c1ccc(cc1)P(c1cc2CCc3ccc(CCc1cc2)cc3P(c1ccccc1)c1ccccc1)c1ccccc1.N[C@@H]1CCCC[C@H]1N,CC(O)C,[K+].[O-1]C(C)(C)C,8.0,19.0,1000.0,0.6852299145341544
CC(=O)c1ccccc1,C[C@H](O)c1ccccc1,Ru,Cc1cc(C)cc(c1)P(c1cc2CCc3ccc(CCc1cc2)cc3P(c1cc(C)cc(c1)C)c1cc(C)cc(c1)C)c1cc(C)cc(c1)C.NC[C@@H]1CCCN1,CC(O)C,[K+].[O-1]C(C)(C)C,8.0,19.0,3000.003000003,0.6852299145341544
CC(=O)c1ccccc1,C[C@@H](O)c1ccccc1,Ru,COc1ccccc1P(c1ccccc1OC)c1ccccc1OC.CCC1CN2CCC1CC2[C@H](c1ccnc2c1cc(OC)cc2)N,CCO,[Li+].[OH-1],60.0,25.0,500.0,0.6668164091826247
CC(=O)c1ccccc1F,C[C@@H](O)c1ccccc1F,Ru,Brc1ccccc1p1oc2ccc3c(c2c2c(o1)ccc1c2cccc1)cccc3.N[C@H]([C@H](c1ccccc1)N)c1ccccc1,CC(O)C,[O-1]C(C)(C)C.[K+],50.0,0.0,2000.0,0.655875769161075
CC(=O)c1ccccc1,C[C@H](O)c1ccccc1,Ru,c1ccc2c(c1)[C@H](NC2)[C@H]1NCc2c1cccc2.c1ccc(cc1)CP(c1ccccc1)c1ccccc1,CC(O)C,[K+].[O-1]C(C)(C)C,10.0,25.0,,0.650909851683304
CC(=O)c1ccccn1,C[C@H](O)c1ccccn1,Ru,CC(P(c1ccccc1)Cc1cccc(n1)CP(C(C)(C)C)c1ccccc1)(C)C,CCO,[O-1]C(C)(C)C.[K+],30.0,-40.0,200.0,0.6422919146024276
CC(=O)c1ccccc1,C[C@H](O)c1ccccc1,Ru,Brc1ccc2c(c1)[C@H](NC2)[C@H]1NCc2c1cc(Br)cc2.C(CCP(c1ccccc1)c1ccccc1)CCCP(c1ccccc1)c1ccccc1,CCCO,[K+].[O-1]C(C)(C)C,50.0,25.0,1000.0,0.6352140018741345
CC(=O)c1ccccc1Cl,C[C@@H](O)c1ccccc1Cl,Ru,c1ccc(c(c1)CP(c1ccccc1)c1ccccc1)CP(c1ccccc1)c1ccccc1.N[C@H]([C@H](c1ccccc1)N)c1ccccc1,CC(O)C,[K+].[OH-1],29.61,30.0,996.0000637440041,0.630112042303217
CC(=O)c1cccs1,C[C@@H](O)c1cccs1,Ru,Brc1ccccc1p1oc2ccc3c(c2c2c(o1)ccc1c2cccc1)cccc3.N[C@H]([C@H](c1ccccc1)N)c1ccccc1,CC(O)C,[O-1]C(C)(C)C.[K+],50.0,0.0,500.0,0.6256786798551522
CC(=O)C1CCCCC1,C[C@H](O)C1CCCCC1,Ru,Cc1cc(C)cc(c1)P(c1cc2CCc3ccc(CCc1cc2)cc3P(c1cc(C)cc(c1)C)c1cc(C)cc(c1)C)c1cc(C)cc(c1)C.N[C@H]([C@H](c1ccccc1)N)c1ccccc1,CC(O)C,[K+].[O-1]C(C)(C)C,5.5,19.0,1000.0,0.6224308926631843
O=C1CN2CCC1CC2,O[C@H]1CN2CCC1CC2,Ru,Cc1ccc(cc1)P(c1ccc2c(c1c1c(ccc3c1cccc3)P(c1ccc(cc1)C)c1ccc(cc1)C)cccc2)c1ccc(cc1)C.NCc1ccccn1,CCO,[O-1]C(C)(C)C.[K+],10.0,30.0,1000.0,0.6145528179201616
O=C(c1ccccc1)c1ccc(Cl)cc1,O[C@H](c1ccccc1)c1ccc(Cl)cc1,Ru,COc1nc(OC)cc(c1c1c(OC)nc(cc1P(c1cc(C)cc(c1)C)c1cc(C)cc(c1)C)OC)P(c1cc(C)cc(c1)C)c1cc(C)cc(c1)C.N[C@@H]([C@@H](c1ccccc1)N)c1ccccc1,CC(O)C,[O-1]C(C)(C)C.[K+],20.41371802,27.5,2000.0,0.6140942150874196
CN(C)CCC(=O)c1ccccc1,CN(C)CC[C@H](O)c1ccccc1,Ru,Clc1ccc2c(c1)c(cc(c2c1c(cc(c2c1ccc(c2)Cl)c1ccccc1)P(c1cc(C)cc(c1)C)c1cc(C)cc(c1)C)P(c1cc(C)cc(c1)C)c1cc(C)cc(c1)C)c1ccccc1.COc1ccc(cc1)C(c1ccc(cc1)OC)([C@@H](C(C)C)N)N,CC(O)C,[O-1]C(C)(C)C.[K+],48.3,25.0,1000.0,0.6120445323581097
O=C(c1ccccc1)c1ccc(C(F)(F)F)cc1,O[C@@H](c1ccccc1)c1ccc(C(F)(F)F)cc1,Ru,Cc1cc(C)cc(c1)P(c1ccc2c(c1c1c(ccc3c1cccc3)P(c1cc(C)cc(c1)C)c1cc(C)cc(c1)C)cccc2)c1cc(C)cc(c1)C.COc1ccc(cc1)C(c1ccc(cc1)OC)([C@H](C(C)C)N)N,CC(O)C,[O-1]C(C)(C)C.[K+],8.0,28.0,2000.0,0.6104983708284897
CC(C)(C)C(=O)c1ccccc1,CC(C)(C)[C@@H](O)c1ccccc1,Ru,C[C@H](C12C3[Fe]4567891(C2(C9C34)P(c1ccccc1)c1ccccc1)C1C7C6C5C81)NCc1ccccn1,CC(O)C,[O-1]C(C)(C)C.[K+],49.35,50.0,400.0,0.6064989423519616
CC(=O)C1CCCCC1,C[C@@H](O)C1CCCCC1,Ru,Cc1ccc(cc1)P(c1ccc2c(c1c1c(ccc3c1cccc3)P(c1ccc(cc1)C)c1ccc(cc1)C)cccc2)c1ccc(cc1)C.N[C@H](c1ccccc1)CN(C)C,CC(O)C,[K+].[O-1]C(C)(C)C,8.0,25.0,500.0,0.6044167001909818
COc1ccccc1C(C)=O,COc1ccccc1[C@@H](C)O,Ru,COc1cccc(c1P(c1ccc(cc1)OC(C)(C)C)c1ccc(cc1)OC(C)(C)C)c1cccc(c1P(c1ccc(cc1)OC(C)(C)C)c1ccc(cc1)OC(C)(C)C)OC.N[C@H]([C@H](c1ccccc1)N)c1ccccc1,CC(O)C,[K+].[OH-1],29.61,20.0,3000.003000003,0.5942805824618023
CC(=O)CCc1ccccc1,C[C@H](O)CCc1ccccc1,Ru,O=C(c1ccccc1P(C(C)(C)C)C)N[C@@H]1CCCC[C@H]1NC(=O)c1ccccc1P(C(C)(C)C)C,CC(O)C,[O-1]C(C)(C)C.[K+],30.0,25.0,100.0,0.5892976435324303
CC(=O)c1ccc(C(F)(F)F)cc1,C[C@@H](O)c1ccc(C(F)(F)F)cc1,Ru,c1ccc(c(c1)CP(c1ccccc1)c1ccccc1)CP(c1ccccc1)c1ccccc1.N[C@H]([C@H](c1ccccc1)N)c1ccccc1,CC(O)C,[K+].[OH-1],29.61,30.0,996.0000637440041,0.583985973453079
CC(=O)c1ccccc1Cl,C[C@@H](O)c1ccccc1Cl,Ru,c1ccc(cc1)P(c1ccccc1)Cc1ccccc1c1ccccc1CP(c1ccccc1)c1ccccc1.N[C@H]([C@H](c1ccccc1)N)c1ccccc1,CC(O)C,[K+].[OH-1],29.61,30.0,996.0000637440041,0.583985973453079
CC(=O)c1ccccc1,C[C@H](O)c1ccccc1,Ru,c1ccc(cc1)P(c1cc2CCc3ccc(CCc1cc2)cc3P(c1ccccc1)c1ccccc1)c1ccccc1.N[C@H]1CCCC[C@@H]1N,CC(O)C,[K+].[O-1]C(C)(C)C,8.0,19.0,3000.003000003,0.5627956527933928
CC(=O)c1ccccc1,C[C@@H](O)c1ccccc1,Ru,CC1(C)O[C@@H]([C@H](O1)CP(c1ccccc1)c1ccccc1)CP(c1ccccc1)c1ccccc1.COc1ccc2c(c1)[nH]c(n2)[C@@H](N)C,CO,[O-1]C(C)(C)C.[K+],8.0,25.0,1000.0,0.5595780896247481
CC(=O)c1ccccc1F,C[C@@H](O)c1ccccc1F,Ru,c1ccc(c(c1)CP(c1ccccc1)c1ccccc1)CP(c1ccccc1)c1ccccc1.N[C@H]([C@H](c1ccccc1)N)c1ccccc1,CC(O)C,[K+].[OH-1],29.61,30.0,996.0000637440041,0.5541016230584076
CC(=O)c1ccccc1,C[C@H](O)c1ccccc1,Ru,Cc1ccc(cc1)P(c1ccc2c(c1c1c(ccc3c1cccc3)P(c1ccc(cc1)C)c1ccc(cc1)C)cccc2)c1ccc(cc1)C.N[C@@H](c1ccccc1)CN(C)C,CC(O)C,[K+].[O-1]C(C)(C)C,8.0,25.0,500.0,0.5449625562093492
CC(=O)c1ccccc1,C[C@@H](O)c1ccccc1,Ru,CC(Op1oc2ccc3c(c2c2c(o1)ccc1c2cccc1)cccc3)C.N[C@H]([C@H](c1ccccc1)N)c1ccccc1,CC(O)C,[O-1]C(C)(C)C.[K+],10.0,20.0,1000.0,0.5358234893602909
CC(=O)c1ccccc1,C[C@H](O)c1ccccc1,Ru,c1ccc(cc1)P(c1cc2CCc3ccc(CCc1cc2)cc3P(c1ccccc1)c1ccccc1)c1ccccc1.N[C@H]([C@H](c1ccccc1)N)c1ccccc1,CC(O)C,[K+].[O-1]C(C)(C)C,8.0,19.0,3000.003000003,0.5339956759904793
CC(=O)C(C)(C)C,C[C@@H](O)C(C)(C)C,Ru,N(CC1=NC2C(O1)Cc1c2cccc1)CC1=NC2C(O1)Cc1c2cccc1,CC(O)C,[O-1]C(C)(C)C.[K+],5.0,25.0,100.0,0.5305004352123455
CC(=O)c1ccccc1,C[C@H](O)c1ccccc1,Ru,c1ccc2c(c1)[C@H](NC2)[C@H]1NCc2c1cccc2.Cc1ccccc1P(c1ccccc1C)c1ccccc1C,CC(O)C,[K+].[O-1]C(C)(C)C,10.0,25.0,,0.5305004352123455
CC(=O)c1ccccc1F,C[C@@H](O)c1ccccc1F,Ru,c1ccc(cc1)P(c1ccccc1)Cc1ccccc1c1ccccc1CP(c1ccccc1)c1ccccc1.N[C@H]([C@H](c1ccccc1)N)c1ccccc1,CC(O)C,[K+].[OH-1],29.61,30.0,996.0000637440041,0.5248415474127497
CC(=O)c1ccccc1F,C[C@@H](O)c1ccccc1F,Ru,c1ccc(cc1)P(c1ccccc1)c1ccccc1.N[C@H]([C@H](c1ccccc1)N)c1ccccc1,CC(O)C,[K+].[OH-1],29.61,30.0,996.0000637440041,0.5104289059191439
COC(OC)C(C)=O,COC(OC)[C@@H](C)O,Ru,Cc1ccc(cc1)P(c1ccc2c(c1c1c(ccc3c1cccc3)P(c1ccc(cc1)C)c1ccc(cc1)C)cccc2)c1ccc(cc1)C.N[C@H](c1ccccc1)CN(C)C,CC(O)C,[K+].[O-1]C(C)(C)C,8.0,25.0,1200.000480000192,0.5020101543783366
CC(=O)c1ccccc1,C[C@H](O)c1ccccc1,Ru,Cc1ccc(cc1)P(c1ccc2c(c1c1c(ccc3c1cccc3)P(c1ccc(cc1)C)c1ccc(cc1)C)cccc2)c1ccc(cc1)C.N[C@@H](Cc1ccccc1)CN(C)C,CC(O)C,[K+].[O-1]C(C)(C)C,8.0,25.0,500.0,0.5020101543783366
CC(=O)c1ccccc1,C[C@H](O)c1ccccc1,Ru,CC1(C)O[C@@H]([C@H](O1)CP(c1ccccc1)c1ccccc1)CP(c1ccccc1)c1ccccc1.COc1ccc2c(c1)[nH]c(n2)[C@@H](N)C,CCO,[O-1]C(C)(C)C.[K+],8.0,25.0,1000.0,0.48796959970412257
O=C(c1ccccc1)c1ccc(Cl)cc1Cl,O[C@@H](c1ccccc1)c1ccc(Cl)cc1Cl,Ru,C[C@H](P(c1cc(cc(c1)C(C)C)C(C)C)c1cc(cc(c1)C(C)C)C(C)C)C[C@@H](P(c1cc(cc(c1)C(C)C)C(C)C)c1cc(cc(c1)C(C)C)C(C)C)C.NCc1ncc2c(c1)cccc2,CC(O)C,[O-1]C(C)(C)C.[K+],10.0,40.0,1000.0,0.48342492654901215
COc1cccc(C(=O)c2cc(Cl)ccc2N)c1OC,COc1cccc([C@@H](O)c2cc(Cl)ccc2N)c1OC,Ru,COc1c(cc(cc1C(C)(C)C)P(c1ccc2c(c1c1c(ccc3c1cccc3)P(c1cc(c(c(c1)C(C)(C)C)OC)C(C)(C)C)c1cc(c(c(c1)C(C)(C)C)OC)C(C)(C)C)cccc2)c1cc(c(c(c1)C(C)(C)C)OC)C(C)(C)C)C(C)(C)C.N[C@H]([C@H](c1ccccc1)N)c1ccccc1,CC(O)C.C1CCCO1,[OH-1].[K+],4.0,43.0,1000.0,0.47355960721447254
CC(=O)c1ccccc1,C[C@H](O)c1ccccc1,Ru,N[C@@H]1CCCC[C@H]1NCc1ccccc1P(c1cc(C)cc(c1)C)c1cc(C)cc(c1)C,CC(O)C,[O-1]C(C)(C)C.[K+],49.35,50.0,200.0,0.469349412151871
COc1cccc(C(=O)c2cc(Cl)ccc2N)c1OC,COc1cccc([C@@H](O)c2cc(Cl)ccc2N)c1OC,Ru,COc1ccc(cc1)P(c1ccc2c(c1c1c(ccc3c1cccc3)P(c1ccc(cc1)OC)c1ccc(cc1)OC)cccc2)c1ccc(cc1)OC.N[C@H]([C@H](c1ccccc1)N)c1ccccc1,CC(O)C.C1CCCO1,[OH-1].[K+],4.0,43.0,1000.0,0.45918247455303735
CC(=O)c1ccccc1F,C[C@@H](O)c1ccccc1F,Ru,COc1ccc(cc1)P(c1ccc(cc1)OC)c1ccc(cc1)OC.N[C@H]([C@H](c1ccccc1)N)c1ccccc1,CC(O)C,[K+].[OH-1],29.61,30.0,996.0000637440041,0.45408696798060205
CC(=O)c1ccccc1F,C[C@@H](O)c1ccccc1F,Ru,FC(c1ccc(cc1)P(c1ccc(cc1)C(F)(F)F)c1ccc(cc1)C(F)(F)F)(F)F.N[C@H]([C@H](c1ccccc1)N)c1ccccc1,CC(O)C,[K+].[OH-1],29.61,30.0,996.0000637440041,0.45408696798060205
CC(=O)c1ccccc1,C[C@@H](O)c1ccccc1,Ru,c1ccc(cc1)p1oc2ccc3c(c2c2c(o1)ccc1c2cccc1)cccc3.N[C@H]([C@H](c1ccccc1)N)c1ccccc1,CC(O)C,[O-1]C(C)(C)C.[K+],10.0,20.0,1000.0,0.4525499511986042
CC(=O)c1ccc(C)cc1,Cc1ccc([C@H](C)O)cc1,Ru,CCCC[C@@H]1C=Cc2c(N1p1oc3ccc4c(c3c3c(o1)ccc1c3cccc1)cccc4)c(ccc2)P(c1ccccc1)c1ccccc1.N[C@H]([C@H](c1ccccc1)N)c1ccccc1,ClCCl.CO,[O-1]C(C)(C)C.[Na+],30.0,25.0,500.0,0.44659749135219035
COc1ccc(C(=O)c2ccccc2)cc1,COc1ccc([C@H](O)c2ccccc2)cc1,Ru,Cc1cc(C)cc(c1)P(c1ccc2c(c1c1c(ccc3c1cccc3)P(c1cc(C)cc(c1)C)c1cc(C)cc(c1)C)cccc2)c1cc(C)cc(c1)C.COc1ccc(cc1)C(c1ccc(cc1)OC)([C@H](C(C)C)N)N,CC(O)C,[O-1]C(C)(C)C.[K+],8.0,28.0,2000.0,0.4373961796983938
CC(=O)c1ccccc1,C[C@@H](O)c1ccccc1,Ru,c1ccc(cc1)c1ccccc1p1oc2ccc3c(c2c2c(o1)ccc1c2cccc1)cccc3.N[C@H]([C@H](c1ccccc1)N)c1ccccc1,CC(O)C,[O-1]C(C)(C)C.[K+],10.0,20.0,1000.0,0.4257768224425839
O=C(CCN1CCN(c2ccccc2)CC1)c1ccccc1,O[C@@H](CCN1CCN(c2ccccc2)CC1)c1ccccc1,Ru,Cc1cc(C)c(c(c1)C)[C@H](c1ccccc1)NCCP(c1ccccc1)c1ccccc1.CN([C@H](c1cccc2c1cccc2)[C@@H](c1cccc2c1cccc2)N(C)C)C,C1CCCO1,[K+].[O-1]C,50.0,30.0,100.0,0.41305297463976043
CC(=O)c1ccccc1,C[C@H](O)c1ccccc1,Ru,CC(P(c1ccccc1)Cc1cccc(n1)CP(C(C)(C)C)c1ccccc1)(C)C,CO,[O-1]C(C)(C)C.[K+],30.0,25.0,200.0,0.39299099885395344
CC(=O)c1ccccc1,C[C@H](O)c1ccccc1,Ru,COc1ccccc1P(c1ccccc1)CCN[C@@H]1CCCC[C@H]1N,CC(O)C,[O-1]C(C)(C)C.[K+],49.35,50.0,200.0,0.3834568211917409
CC(=O)c1cccc(Br)c1,C[C@H](O)c1cccc(Br)c1,Ru,O=C(c1ccccc1P(C(C)(C)C)C)N[C@@H]1CCCC[C@H]1NC(=O)c1ccccc1P(C(C)(C)C)C,CC(O)C,[O-1]C(C)(C)C.[K+],30.0,25.0,100.0,0.3798358474206465
CC(=O)c1ccccc1,C[C@H](O)c1ccccc1,Ru,c1ccc(cc1)P(c1ccc2c(c1c1c(ccc3c1cccc3)P(c1ccccc1)c1ccccc1)cccc2)c1ccccc1.NCc1ncc[nH]1,Cc1ccccc1.CC(O)(C)C,[O-1]C(C)(C)C.[K+],8.0,25.0,1000.0,0.3798358474206465
CC(=O)c1ccccc1,C[C@@H](O)c1ccccc1,Ru,Cc1ccc(cc1)P(c1ccc2c(c1c1c(ccc3c1cccc3)P(c1ccc(cc1)C)c1ccc(cc1)C)cccc2)c1ccc(cc1)C.CCN(C[C@@H](c1ccccc1)N)CC,CC(O)C,[K+].[O-1]C(C)(C)C,8.0,25.0,500.0,0.3798358474206465
CC(=O)c1ccccc1,C[C@H](O)c1ccccc1,Ru,O=C(c1ccccc1P(C(C)(C)C)C)N[C@@H]1CCCC[C@H]1NC(=O)c1ccccc1P(C(C)(C)C)C,CC(O)C,[O-1]C(C)(C)C.[K+],30.0,25.0,10000.0,0.3798358474206465
CC(C)C(=O)c1ccccc1,CC(C)[C@H](O)c1ccccc1,Ru,Cc1cc(C)cc(c1)P(c1cc2CCc3ccc(CCc1cc2)cc3P(c1cc(C)cc(c1)C)c1cc(C)cc(c1)C)c1cc(C)cc(c1)C.N[C@@H]([C@@H](c1ccccc1)N)c1ccccc1,CC(O)C,[K+].[O-1]C(C)(C)C,5.5,19.0,500.0,0.37219199337226866
O=C(c1ccccc1)C1CC1,O[C@H](c1ccccc1)C1CC1,Ru,Clc1ccc2c(c1)c(cc(c2c1c(cc(c2c1ccc(c2)Cl)c1ccccc1)P(c1cc(C)cc(c1)C)c1cc(C)cc(c1)C)P(c1cc(C)cc(c1)C)c1cc(C)cc(c1)C)c1ccccc1.COc1ccc(cc1)C(c1ccc(cc1)OC)([C@@H](C(C)C)N)N,CC(O)C,[O-1]C(C)(C)C.[K+],48.3,25.0,1000.0,0.3654688949457799
CC(=O)c1ccccc1,C[C@H](O)c1ccccc1,Ru,COc1nc(OC)cc(c1c1c(OC)nc(cc1P(c1ccc(cc1)OC)c1ccc(cc1)OC)OC)P(c1ccc(cc1)OC)c1ccc(cc1)OC.N[C@@H]([C@@H](c1ccccc1)N)c1ccccc1,CC(O)C,[K+].[O-1]C(C)(C)C,30.0,25.0,2000.0,0.3628679880882602
O=C(CCN1CCN(c2ccccc2)CC1)Cc1ccccc1,O[C@H](CCN1CCN(c2ccccc2)CC1)Cc1ccccc1,Ru,Cc1cc(C)c(c(c1)C)[C@H](c1ccc2c(c1)cccc2)NCCP(c1ccccc1)c1ccccc1.CP(CCP(C)C)C,C1CCCO1,[K+].[O-1]C,50.0,30.0,100.0,0.3597243860259206
CC(=O)c1ccccc1,C[C@H](O)c1ccccc1,Ru,Cc1cc(C)cc(c1)P(c1cccc2c1[C@]1(CC2)CCc2c1c(ccc2)P(c1cc(C)cc(c1)C)c1cc(C)cc(c1)C)c1ccc(cc1C)C.N[C@H]([C@H](c1ccccc1)N)c1ccccc1,CC(O)C,[O-1]C(C)(C)C.[K+],50.0,25.0,5000.0,0.3408938659125156
CC(=O)c1ccccc1,C[C@H](O)c1ccccc1,Ru,Cc1cc(C)cc(c1)P(c1cccc2c1C1(CC2)CCc2c1c(ccc2)P(c1cc(C)cc(c1)C)c1cc(C)cc(c1)C)c1cc(C)cc(c1)C.N[C@H]([C@H](c1ccccc1)N)c1ccccc1,CC(O)C,[O-1]C(C)(C)C.[K+],50.0,25.0,5000.0,0.3408938659125156
CC(=O)c1ccccc1,C[C@H](O)c1ccccc1,Ru,CC1(C)O[C@@H]([C@H](O1)CP(c1ccccc1)c1ccccc1)CP(c1ccccc1)c1ccccc1.COc1ccc2c(c1)[nH]c(n2)[C@@H](N)C,Cc1ccccc1.CO,[O-1]C(C)(C)C.[K+],8.0,25.0,1000.0,0.3408938659125156
O=C1CCCc2ccccc21,O[C@@H]1CCCc2ccccc21,Ru,COC[C@@H](N[C@H](C[C@@H](P(c1ccccc1)c1ccccc1)C)C)C,CC(O)C,[K+].[O-1]C(C)(C)C,70.0,25.0,200.0,0.3280745930111221
CC(=O)c1ccccc1,C[C@@H](O)c1ccccc1,Ru,Cc1ccc(cc1)P(c1ccc2c(c1c1c(ccc3c1cccc3)P(c1ccc(cc1)C)c1ccc(cc1)C)cccc2)c1ccc(cc1)C.CCCCN(C[C@@H](c1ccccc1)N)CCCC,CC(O)C,[K+].[O-1]C(C)(C)C,8.0,25.0,500.0,0.31532977636687975
CC(=O)c1ccccc1,C[C@@H](O)c1ccccc1,Ru,O=C(c1ccccc1P(C(C)(C)C)C)N[C@H]1CCCC[C@@H]1NC(=O)c1ccccc1P(C(C)(C)C)C,CC(O)C,[O-1]C(C)(C)C.[K+],30.0,25.0,100.0,0.3026558454071696
CC(=O)c1ccccc1,C[C@H](O)c1ccccc1,Ru,c1ccc2c(c1)[C@H](NC2)[C@H]1NCc2c1cccc2.Cc1cc(cc(c1)C)c1cc(cc(c1)c1cc(C)cc(c1)C)P(c1cc(cc(c1)c1cc(C)cc(c1)C)c1cc(C)cc(c1)C)c1cc(cc(c1)c1cc(C)cc(c1)C)c1cc(C)cc(c1)C,CC(O)C,[K+].[O-1]C(C)(C)C,10.0,25.0,,0.3026558454071696
CC(=O)c1ccccc1,C[C@H](O)c1ccccc1,Ru,C[C@@H]1C[C@@H](C)Oc2c(-c3c(O1)cccc3P(c1ccccc1)c1ccccc1)c(ccc2)P(c1ccccc1)c1ccccc1.N[C@H]([C@H](c1ccccc1)N)c1ccccc1,CC(O)C,[O-1]C(C)(C)C.[K+],50.0,21.0,10000.0,0.2898824430377738
CC(=O)c1ccc(Br)cc1,C[C@H](O)c1ccc(Br)cc1,Ru,O=C(c1ccccc1P(C(C)(C)C)C)N[C@@H]1CCCC[C@H]1NC(=O)c1ccccc1P(C(C)(C)C)C,CC(O)C,[O-1]C(C)(C)C.[K+],30.0,25.0,100.0,0.2775068741656546
CC(=O)c1ccccc1,C[C@@H](O)c1ccccc1,Ru,COc1ccccc1P(C(C)(C)C)c1ccccc1C(=O)N[C@H]1CCCC[C@@H]1NC(=O)c1ccccc1P(C(C)(C)C)c1ccccc1OC,CC(O)C,[O-1]C(C)(C)C.[K+],30.0,25.0,100.0,0.2775068741656546
CC(=O)c1ccccc1,C[C@@H](O)c1ccccc1,Ru,Cc1ccc(cc1)P(c1ccc2c(c1c1c(ccc3c1cccc3)P(c1ccc(cc1)C)c1ccc(cc1)C)cccc2)c1ccc(cc1)C.CN([C@H]([C@H](c1ccccc1)N)c1ccccc1)C,CC(O)C,[K+].[O-1]C(C)(C)C,8.0,25.0,500.0,0.2650251890554729
O=C1CCCc2ccccc21,O[C@H]1CCCc2ccccc21,Ru,O=C(c1ccccc1P(C(C)(C)C)C)N[C@@H]1CCCC[C@H]1NC(=O)c1ccccc1P(C(C)(C)C)C,CC(O)C,[O-1]C(C)(C)C.[K+],30.0,25.0,100.0,0.2650251890554729
CC(=O)c1ccccc1,C[C@H](O)c1ccccc1,Ru,c1ccc(cc1)P(c1ccc2c(c1c1c(ccc3c1cccc3)P(c1ccccc1)c1ccccc1)cccc2)c1ccccc1.NCc1nnn[nH]1,CC(O)C,[O-1]C(C)(C)C.[K+],8.0,25.0,1000.0,0.2650251890554729
CC(=O)c1ccccc1,C[C@@H](O)c1ccccc1,Ru,Cc1cccc(n1)CNc1ccc2c(c1c1c(NCc3cccc(n3)C)ccc3c1cccc3)cccc2,CC(O)C,[O-1]C(C)(C)C.[K+],50.0,25.0,1000.0,0.25260108776660695
O=C(CCN1CCN(c2ccccc2)CC1)c1ccccc1,O[C@H](CCN1CCN(c2ccccc2)CC1)c1ccccc1,Ru,Cc1cc(C)c(c(c1)C)[C@H](c1ccccc1)NCCP(c1ccccc1)c1ccccc1.CN(CCCN(C)C)C,C1CCCO1,[K+].[O-1]C,50.0,30.0,100.0,0.2442601606776857
CC(=O)/C=C/c1ccccc1,C[C@@H](O)/C=C/c1ccccc1,Ru,OC[C@@H](NC(=O)CN[C@@H](C12C3[Fe]4567891(C2(C8C34)P(c1ccccc1)c1ccccc1)C1C5C6C9(C71)P(c1ccccc1)c1ccccc1)C)C,CC#N,C1CN2CCN1CC2.CN(C(=N)N(C)C)C,10.0,25.0,50.0,0.24023145936352297
CC(=O)c1ccccc1,C[C@H](O)c1ccccc1,Ru,CC(P(c1ccccc1)Cc1cccc(n1)CP(C(C)(C)C)c1ccccc1)(C)C,C1CCCO1,[O-1]C(C)(C)C.[K+],30.0,25.0,200.0,0.24023145936352297
O=C(CCN1CCN(c2ccccc2)CC1)c1ccccc1,O[C@H](CCN1CCN(c2ccccc2)CC1)c1ccccc1,Ru,Cc1cc(C)c(c(c1)C)[C@H](c1ccccc1)NCCP(c1ccccc1)c1ccccc1.N[C@H](C(CCC(C)C)(CCC(C)C)O)c1ccccc1,C1CCCO1,[K+].[O-1]C,50.0,30.0,100.0,0.2192599060647536
O=C(CCN1CCN(c2ccccc2)CC1)c1ccccc1,O[C@@H](CCN1CCN(c2ccccc2)CC1)c1ccccc1,Ru,Cc1cc(C)c(c(c1)C)[C@H](c1ccccc1)NCCP(c1ccccc1)c1ccccc1.N[C@@H](c1ccccc1)CP(c1ccccc1)c1ccccc1,C1CCCO1,[K+].[O-1]C,50.0,30.0,100.0,0.2068307529853731
CC(=O)/C=C(\C)c1ccccc1,C/C(=C\[C@H](C)O)c1ccccc1,Ru,c1ccc(cc1)P(c1ccccc1)CCP(c1ccccc1)c1ccccc1.c1ccc2c(c1)[C@H](NC2)[C@@H]1NCc2c1cccc2,CC(O)C,[O-1]C(C)(C)C.[K+],10.0,25.0,1000.0,0.20341939304828957
CC(=O)c1ccccc1,C[C@@H](O)c1ccccc1,Ru,CCp1oc2ccc3c(c2c2c(o1)ccc1c2cccc1)cccc3.N[C@H]([C@H](c1ccccc1)N)c1ccccc1,CC(O)C,[O-1]C(C)(C)C.[K+],10.0,20.0,1000.0,0.20000803311120607
O=C(CCN1CCN(c2ccccc2)CC1)c1ccccc1,O[C@H](CCN1CCN(c2ccccc2)CC1)c1ccccc1,Ru,Cc1cc(C)c(c(c1)C)[C@H](c1ccccc1)NCCP(c1ccccc1)c1ccccc1.c1ccc(nc1)c1ccccn1,C1CCCO1,[K+].[O-1]C,50.0,30.0,100.0,0.19444504367962168
COc1cccc(C(=O)c2cc(Cl)ccc2N)c1OC,COc1cccc([C@@H](O)c2cc(Cl)ccc2N)c1OC,Ru,CN(c1ccc(cc1)P(c1ccc2c(c1c1c(ccc3c1cccc3)P(c1ccc(cc1)N(C)C)c1ccc(cc1)N(C)C)cccc2)c1ccc(cc1)N(C)C)C.N[C@H]([C@H](c1ccccc1)N)c1ccccc1,CC(O)C.C1CCCO1,[OH-1].[K+],4.0,43.0,1000.0,0.18990894923543022
O=C(CCN1CCN(c2ccccc2)CC1)c1ccccc1,O[C@H](CCN1CCN(c2ccccc2)CC1)c1ccccc1,Ru,Cc1cc(C)c(c(c1)C)[C@H](c1ccccc1)NCCP(c1ccccc1)c1ccccc1.CN([C@@H]1CCCC[C@H]1N(C)C)C,C1CCCO1,[K+].[O-1]C,50.0,30.0,100.0,0.1820999461038136
CC(=O)c1ccccc1,C[C@H](O)c1ccccc1,Ru,O=C(c1ccccc1P(C(C)(C)C)C)N[C@@H]1CCCC[C@H]1NC(=O)c1ccccc1P(C(C)(C)C)C,Cc1ccccc1,[O-1]C(C)(C)C.[K+],30.0,25.0,100.0,0.17909648336088413
CC(=O)c1ccccc1,C[C@@H](O)c1ccccc1,Ru,c1ccc(cc1)c1cc2ccccc2c(c1NCc1ccccn1)c1c(NCc2ccccn2)c(cc2c1cccc2)c1ccccc1,CCO,[O-1]C(C)(C)C.[K+],50.0,25.0,1000.0,0.17909648336088413
O=C(CCN1CCN(c2ccccc2)CC1)c1ccccc1,O[C@@H](CCN1CCN(c2ccccc2)CC1)c1ccccc1,Ru,Cc1cc(C)c(c(c1)C)[C@H](c1ccccc1)NCCP(c1ccccc1)c1ccccc1.Brc1ccc2c(c1)ccc(c2c1c(N)ccc2c1ccc(c2)Br)N,C1CCCO1,[K+].[O-1]C,50.0,30.0,100.0,0.1697926808804052
CC(=O)c1ccccc1,C[C@H](O)c1ccccc1,Ru,COc1ccccc1P(c1ccccc1)CCN[C@H]1CCCC[C@@H]1N,CC(O)C,[O-1]C(C)(C)C.[K+],49.35,50.0,200.0,0.16791276643438527
O=C1CCCc2ccccc21,O[C@@H]1CCCc2ccccc21,Ru,COC[C@@H](NCCP(c1ccccc1)c1ccccc1)C,CC(O)C,[K+].[O-1]C(C)(C)C,70.0,25.0,200.0,0.1549224549355159
CC(=O)/C=C/c1ccccc1,C[C@@H](O)/C=C/c1ccccc1,Ru,OC[C@@H](NC(=O)CN[C@@H](C12C3[Fe]4567891(C2(C8C34)P(c1ccccc1)c1ccccc1)C1C5C6C9(C71)P(c1ccccc1)c1ccccc1)C)C,Cc1ccccc1C,[Na+].[O-1]C(C)(C)C,10.0,25.0,50.0,0.1308759902239338
CC(=O)c1ccccc1,C[C@H](O)c1ccccc1,Ru,c1ccc2c(c1)[C@H](NC2)[C@H]1NCc2c1cccc2.Fc1c(P(c2c(F)c(F)c(c(c2F)F)F)c2c(F)c(F)c(c(c2F)F)F)c(F)c(c(c1F)F)F,CC(O)C,[K+].[O-1]C(C)(C)C,10.0,25.0,,0.1308759902239338
O=C(CCN1CCN(c2ccccc2)CC1)c1ccccc1,O[C@H](CCN1CCN(c2ccccc2)CC1)c1ccccc1,Ru,Cc1cc(C)c(c(c1)C)[C@H](c1ccccc1)NCCP(c1ccccc1)c1ccccc1.COc1ccc(cc1)[C@H]([C@@H](c1ccc(cc1)OC)N(C)C)N(C)C,C1CCCO1,[K+].[O-1]C,50.0,30.0,100.0,0.12088797614568661
CC(=O)c1ccccc1,C[C@H](O)c1ccccc1,Ru,COc1ccccc1P(C(C)(C)C)c1ccccc1C(=O)N[C@H]1CCCC[C@@H]1NC(=O)c1ccccc1P(C(C)(C)C)c1ccccc1OC,CC(O)C,[O-1]C(C)(C)C.[K+],30.0,25.0,100.0,0.11889411211557466
CC(=O)/C=C(\C)c1ccccc1,C/C(=C\[C@H](C)O)c1ccccc1,Ru,C(CCP(c1ccccc1)c1ccccc1)CCCP(c1ccccc1)c1ccccc1.c1ccc2c(c1)[C@H](NC2)[C@@H]1NCc2c1cccc2,CC(O)C,[O-1]C(C)(C)C.[K+],10.0,25.0,1000.0,0.11889411211557466
CC(C)(C)[Si](C)(C)C#CC(=O)c1ccccc1,CC(C)(C)[Si](C)(C)C#C[C@@H](O)c1ccccc1,Ru,Cc1ccc(cc1)S(=O)(=O)N[C@H]([C@H](c1ccccc1)N)c1ccccc1,CO,,10.0,50.0,100.0,0.1159030795446291
O=C(c1ccccc1)c1ccc(Cl)cc1,O[C@@H](c1ccccc1)c1ccc(Cl)cc1,Ru,Cc1cc(C)cc(c1)P(c1ccc2c(c1c1c(ccc3c1cccc3)P(c1cc(C)cc(c1)C)c1cc(C)cc(c1)C)cccc2)c1cc(C)cc(c1)C.COc1ccc(cc1)C(c1ccc(cc1)OC)([C@H](C(C)C)N)N,CC(O)C,[O-1]C(C)(C)C.[K+],8.0,28.0,2000.0,0.10801241653988874
CC(=O)c1ccccc1,C[C@H](O)c1ccccc1,Ru,c1ccc2c(c1)[C@H](NC2)[C@H]1NCc2c1cccc2.COc1ccccc1P(c1ccccc1OC)c1ccccc1OC,CC(O)C,[K+].[O-1]C(C)(C)C,10.0,25.0,,0.10693641703924234
O=C(c1ccccc1)C(F)(F)F,O[C@H](c1ccccc1)C(F)(F)F,Ru,Cc1ccc(cc1)S(=O)(=O)c1ccc(cc1)S(=O)(=O)N[C@H]([C@H](c1ccccc1)NCCc1ccccc1)c1ccccc1,CO,,30.0,60.0,500.0,0.1061525553755235
O=C(CCN1CCN(c2ccccc2)CC1)c1ccccc1,O[C@@H](CCN1CCN(c2ccccc2)CC1)c1ccccc1,Ru,Cc1cc(C)c(c(c1)C)[C@H](c1ccccc1)NCCP(c1ccccc1)c1ccccc1.CN([C@H]([C@@H](c1ccccc1)N(C)C)c1ccccc1)C,C1CCCO1,[K+].[O-1]C,50.0,30.0,100.0,0.0965935679486416
Cc1ccc(C(=O)c2ccccc2)cc1,Cc1ccc([C@H](O)c2ccccc2)cc1,Ru,Cc1cc(C)cc(c1)P(c1ccc2c(c1c1c(ccc3c1cccc3)P(c1cc(C)cc(c1)C)c1cc(C)cc(c1)C)cccc2)c1cc(C)cc(c1)C.COc1ccc(cc1)C(c1ccc(cc1)OC)([C@H](C(C)C)N)N,CC(O)C,[O-1]C(C)(C)C.[K+],8.0,28.0,2000.0,0.0959563021201828
O=C1CCc2ccccc21,O[C@H]1CCc2ccccc21,Ru,O=C(c1ccccc1P(C(C)(C)C)C)N[C@@H]1CCCC[C@H]1NC(=O)c1ccccc1P(C(C)(C)C)C,CC(O)C,[O-1]C(C)(C)C.[K+],30.0,25.0,100.0,0.0950004033774946
COCC(=O)c1ccc(C(F)(F)F)cc1,COC[C@@H](O)c1ccc(C(F)(F)F)cc1,Ru,C1C[C@@H]([C@@H](C1)P(c1ccccc1)c1ccccc1)[C@H]1CCC[C@H]1P(c1ccccc1)c1ccccc1.NCCSCC,CC(O)C,[O-1]C(C)(C)C.[Na+],7.0,25.0,200.0,0.0950004033774946
CC(=O)c1ccccc1,C[C@@H](O)c1ccccc1,Ru,Cc1cc(C)cc(c1)P(c1cc2CCc3ccc(CCc1cc2)cc3P(c1cc(C)cc(c1)C)c1cc(C)cc(c1)C)c1cc(C)cc(c1)C.N[C@H]1CCCC[C@@H]1N,CC(O)C,[K+].[O-1]C(C)(C)C,8.0,19.0,3000.003000003,0.09308860589211825
O=C(CCN1CCN(c2ccccc2)CC1)c1ccccc1,O[C@@H](CCN1CCN(c2ccccc2)CC1)c1ccccc1,Ru,Cc1cc(C)c(c(c1)C)[C@H](c1ccccc1)NCCP(c1ccccc1)c1ccccc1.c1ccc(cc1)P(C12C3[Fe]4567892(C1C5C34)C1C6C7C9(C81)P(c1ccccc1)c1ccccc1)c1ccccc1,C1CCCO1,[K+].[O-1]C,50.0,30.0,100.0,0.0844769149177679
COc1cccc(C(=O)c2cc(Cl)ccc2N)c1OC,COc1cccc([C@H](O)c2cc(Cl)ccc2N)c1OC,Ru,CC(c1cc(cc(c1)C(C)(C)C)P(c1ccc2c(c1c1c(ccc3c1cccc3)P(c1cc(cc(c1)C(C)(C)C)C(C)(C)C)c1cc(cc(c1)C(C)(C)C)C(C)(C)C)cccc2)c1cc(cc(c1)C(C)(C)C)C(C)(C)C)(C)C.N[C@H]([C@H](c1ccccc1)N)c1ccccc1,CC(O)C.C1CCCO1,[OH-1].[K+],4.0,43.0,1000.0,0.07548105798811919
O=C(CCN1CCN(c2ccccc2)CC1)c1ccccc1,O[C@@H](CCN1CCN(c2ccccc2)CC1)c1ccccc1,Ru,Cc1cc(C)c(c(c1)C)[C@H](c1ccccc1)NCCP(c1ccccc1)c1ccccc1.CP(C)C,C1CCCO1,[K+].[O-1]C,50.0,30.0,100.0,0.07237729789371605
CC(=O)c1ccc(C)cc1,Cc1ccc([C@@H](C)O)cc1,Ru,CCCC[C@@H]1C=Cc2c(N1p1oc3ccc4c(c3c3c(o1)ccc1c3cccc1)cccc4)c(ccc2)P(c1ccccc1)c1ccccc1.N[C@H]([C@H](c1ccccc1)N)c1ccccc1,ClCCl.CO,[O-1]C(C)(C)C.[Na+],30.0,25.0,500.0,0.0711835440112533
CC(=O)c1ccccc1,C[C@@H](O)c1ccccc1,Ru,C[C@H](C12C3[Fe]4567891(C2(C9C34)P(c1ccccc1)c1ccccc1)C1C7C6C5C81)NCc1ccccn1,CC(O)C,[O-1]C(C)(C)C.[K+],49.35,50.0,400.0,0.06426996205407945
CC(=O)/C=C/c1ccccc1,C[C@H](O)/C=C/c1ccccc1,Ru,Cc1ccc(cc1)S(=O)(=O)c1ccc(cc1)S(=O)(=O)N[C@@H]([C@@H](c1ccccc1)NCCc1ccccc1)c1ccccc1,CO,,30.0,60.0,500.0,0.062277237770095056
O=C(CCN1CCN(c2ccccc2)CC1)c1ccccc1,O[C@H](CCN1CCN(c2ccccc2)CC1)c1ccccc1,Ru,Cc1cc(C)c(c(c1)C)[C@H](c1ccccc1)NCCP(c1ccccc1)c1ccccc1.CN(CCN(C)C)C,C1CCCO1,[K+].[O-1]C,50.0,30.0,100.0,0.04821930234302544
O=C(CCN1CCN(c2ccccc2)CC1)c1ccccc1,O[C@@H](CCN1CCN(c2ccccc2)CC1)c1ccccc1,Ru,Cc1cc(C)c(c(c1)C)[C@H](c1ccccc1)NCCP(c1ccccc1)c1ccccc1.Cc1ccc(cc1)S(=O)(=O)N[C@H]([C@H](c1ccccc1)N)c1ccccc1,C1CCCO1,[K+].[O-1]C,50.0,30.0,100.0,0.04821930234302544
Cc1ccc(C(=O)c2ccccc2)cc1,Cc1ccc([C@H](O)c2ccccc2)cc1,Ru,COc1nc(OC)cc(c1c1c(OC)nc(cc1P(c1cc(C)cc(c1)C)c1cc(C)cc(c1)C)OC)P(c1cc(C)cc(c1)C)c1cc(C)cc(c1)C.N[C@@H]([C@@H](c1ccccc1)N)c1ccccc1,CC(O)C,[O-1]C(C)(C)C.[K+],20.41371802,27.5,2000.0,0.04662487944943013
COc1ccccc1C(C)=O,COc1ccccc1[C@H](C)O,Ru,O=C(c1ccccc1P(C(C)(C)C)C)N[C@@H]1CCCC[C@H]1NC(=O)c1ccccc1P(C(C)(C)C)C,CC(O)C,[O-1]C(C)(C)C.[K+],30.0,25.0,100.0,0.011850068612820987
O=C1c2ccccc2SCc2c1ccc(F)c2F,O[C@H]1c2ccccc2SCc2c1ccc(F)c2F,Ru,Cc1cc(C)cc(c1)P(c1ccc2c(c1c1c(ccc3c1cccc3)P(c1cc(C)cc(c1)C)c1cc(C)cc(c1)C)cccc2)c1cc(C)cc(c1)C.COc1ccc(cc1)C(c1ccc(cc1)OC)([C@H](C(C)C)N)N,CO,[Cs+].[O-1]C(=O)[O-1].[Cs+],60.0,25.0,100.0,0.0059248861743805125
CC(=O)c1ccccc1,C[C@H](O)c1ccccc1,Ru,CC1(C)O[C@@H]([C@H](O1)CP(c1ccccc1)c1ccccc1)CP(c1ccccc1)c1ccccc1.COc1ccc2c(c1)[nH]c(n2)[C@@H](N)C,Cc1ccccc1.CC(O)(C)C,[O-1]C(C)(C)C.[Li+],8.0,25.0,1000.0,0.0
CC(=O)c1ccccc1,C[C@@H](O)c1ccccc1,Ru,Cc1ccccc1p1oc2ccc3c(c2c2c(o1)ccc1c2cccc1)cccc3.N[C@H]([C@H](c1ccccc1)N)c1ccccc1,CC(O)C,[O-1]C(C)(C)C.[K+],10.0,20.0,1000.0,0.0
CC(=O)/C=C/c1ccccc1,C[C@@H](O)/C=C/c1ccccc1,Ru,OC[C@@H](NC(=O)CN[C@@H](C12C3[Fe]4567891(C2(C8C34)P(c1ccccc1)c1ccccc1)C1C5C6C9(C71)P(c1ccccc1)c1ccccc1)C)C,CC(O)C,[Na+].[O-1]C(C)(C)C,10.0,25.0,50.0,0.0
CC(=O)/C=C/c1ccccc1,C[C@@H](O)/C=C/c1ccccc1,Ru,OC[C@@H](NC(=O)CN[C@@H](C12C3[Fe]4567891(C2(C8C34)P(c1ccccc1)c1ccccc1)C1C5C6C9(C71)P(c1ccccc1)c1ccccc1)C)C,CC#N,[Na+].[O-1]C(C)(C)C,10.0,25.0,50.0,0.0
CC(=O)c1ccccc1,C[C@@H](O)c1ccccc1,Ru,c1ccc(cc1)c1cc2ccccc2c(c1NCc1ccccn1)c1c(NCc2ccccn2)c(cc2c1cccc2)c1ccccc1,Cc1ccccc1,[O-1]C(C)(C)C.[K+],50.0,25.0,1000.0,0.0
CC(=O)c1ccccc1,C[C@H](O)c1ccccc1,Ru,N[C@@H]1CCCC[C@H]1NCc1ccccc1P(c1ccccc1)c1ccccc1,CC(O)C,[O-1]C(C)(C)C.[K+],49.35,50.0,200.0,0.0
CC(=O)c1ccccc1,C[C@H](O)c1ccccc1,Ru,CC(P(c1ccccc1)Cc1cccc(n1)CP(C(C)(C)C)c1ccccc1)(C)C,c1ccccc1,[O-1]C(C)(C)C.[K+],30.0,25.0,200.0,0.0
