Reactant SMILES,Product SMILES,Metal,Ligand SMILES,Solvent SMILES,Additive SMILES,Pressure/atm,Temperature/C,S/C,ddG
O=C(COCc1ccccc1)CC(=O)c1ccccc1,O=C(C[C@@H](O)COCc1ccccc1)c1ccccc1,Ru,CC1(C)Oc2c(O1)c(c1c3OC(Oc3ccc1P(c1ccccc1)c1ccccc1)(C)C)c(cc2)P(c1ccccc1)c1ccccc1,C1CCCO1,,20.0,70.0,200.0,5.182772722985827
CC(=O)CC(=O)COCc1ccccc1,CC(=O)C[C@@H](O)COCc1ccccc1,Ru,CC1(C)Oc2c(O1)c(c1c3OC(Oc3ccc1P(c1ccccc1)c1ccccc1)(C)C)c(cc2)P(c1ccccc1)c1ccccc1,C1CCCO1,,20.0,90.0,200.0,4.984271189359757
CN(CCC(=O)c1ccccc1)Cc1ccccc1,CN(CC[C@@H](O)c1ccccc1)Cc1ccccc1,Ru,CC([C@H]1COC(=N1)C12C3[Ru]4567891(C2(C7C34)P(c1ccccc1)c1ccccc1)C1C5C9(C8(C61)P(c1ccccc1)c1ccccc1)C1=N[C@H](CO1)C(C)(C)C)(C)C,Cc1ccccc1.O,[OH-1].[K+],20.0,25.0,2000.0,4.503114344625453
CN(CCC(=O)c1ccc(Cl)cc1)Cc1ccccc1,CN(CC[C@@H](O)c1ccc(Cl)cc1)Cc1ccccc1,Ru,CC([C@H]1COC(=N1)C12C3[Ru]4567891(C2(C7C34)P(c1ccccc1)c1ccccc1)C1C5C9(C8(C61)P(c1ccccc1)c1ccccc1)C1=N[C@H](CO1)C(C)(C)C)(C)C,Cc1ccccc1.O,[OH-1].[K+],20.0,25.0,400.0,4.503114344625453
Cc1ccc(C(=O)CCN(C)Cc2ccccc2)cc1,Cc1ccc([C@H](O)CCN(C)Cc2ccccc2)cc1,Ru,CC([C@H]1COC(=N1)C12C3[Ru]4567891(C2(C7C34)P(c1ccccc1)c1ccccc1)C1C5C9(C8(C61)P(c1ccccc1)c1ccccc1)C1=N[C@H](CO1)C(C)(C)C)(C)C,Cc1ccccc1.O,[OH-1].[K+],20.0,25.0,400.0,4.503114344625453
COc1cccc(C(=O)CCN(C)Cc2ccccc2)c1,COc1cccc([C@H](O)CCN(C)Cc2ccccc2)c1,Ru,CC([C@H]1COC(=N1)C12C3[Ru]4567891(C2(C7C34)P(c1ccccc1)c1ccccc1)C1C5C9(C8(C61)P(c1ccccc1)c1ccccc1)C1=N[C@H](CO1)C(C)(C)C)(C)C,Cc1ccccc1.O,[OH-1].[K+],20.0,25.0,400.0,4.503114344625453
CN(CCC(=O)c1ccccc1)Cc1ccccc1,CN(CC[C@@H](O)c1ccccc1)Cc1ccccc1,Ru,CC([C@H]1COC(=N1)C12C3[Ru]4567891(C2(C7C34)P(c1ccccc1)c1ccccc1)C1C5C9(C8(C61)P(c1ccccc1)c1ccccc1)C1=N[C@H](CO1)C(C)(C)C)(C)C,Cc1ccccc1.O,[Li+].[OH-1],20.0,25.0,400.0,4.503114344625453
Cc1cccc(C(=O)CCN(C)Cc2ccccc2)c1,Cc1cccc([C@H](O)CCN(C)Cc2ccccc2)c1,Ru,CC([C@H]1COC(=N1)C12C3[Ru]4567891(C2(C7C34)P(c1ccccc1)c1ccccc1)C1C5C9(C8(C61)P(c1ccccc1)c1ccccc1)C1=N[C@H](CO1)C(C)(C)C)(C)C,Cc1ccccc1.O,[OH-1].[K+],20.0,25.0,400.0,4.503114344625453
CN(CCC(=O)c1ccccc1)Cc1ccccc1,CN(CC[C@@H](O)c1ccccc1)Cc1ccccc1,Ru,CC([C@H]1COC(=N1)C12C3[Ru]4567891(C2(C7C34)P(c1ccccc1)c1ccccc1)C1C5C9(C8(C61)P(c1ccccc1)c1ccccc1)C1=N[C@H](CO1)C(C)(C)C)(C)C,Cc1ccccc1.O,[OH-1].[Na+],20.0,25.0,400.0,4.503114344625453
CN(CCC(=O)c1ccc(Cl)c(Cl)c1)Cc1ccccc1,CN(CC[C@@H](O)c1ccc(Cl)c(Cl)c1)Cc1ccccc1,Ru,CC([C@H]1COC(=N1)C12C3[Ru]4567891(C2(C7C34)P(c1ccccc1)c1ccccc1)C1C5C9(C8(C61)P(c1ccccc1)c1ccccc1)C1=N[C@H](CO1)C(C)(C)C)(C)C,Cc1ccccc1.O,[OH-1].[K+],20.0,25.0,400.0,4.503114344625453
CN(CCC(=O)c1ccc2ccccc2c1)Cc1ccccc1,CN(CC[C@@H](O)c1ccc2ccccc2c1)Cc1ccccc1,Ru,CC([C@H]1COC(=N1)C12C3[Ru]4567891(C2(C7C34)P(c1ccccc1)c1ccccc1)C1C5C9(C8(C61)P(c1ccccc1)c1ccccc1)C1=N[C@H](CO1)C(C)(C)C)(C)C,Cc1ccccc1.O,[OH-1].[K+],20.0,25.0,400.0,4.503114344625453
CN(CCC(=O)c1ccccc1)Cc1ccccc1,CN(CC[C@@H](O)c1ccccc1)Cc1ccccc1,Ru,CC([C@H]1COC(=N1)C12C3[Ru]4567891(C2(C7C34)P(c1ccccc1)c1ccccc1)C1C5C9(C8(C61)P(c1ccccc1)c1ccccc1)C1=N[C@H](CO1)C(C)(C)C)(C)C,Cc1ccccc1.O,[OH-1].[K+],20.0,25.0,400.0,4.503114344625453
CC(=O)CC(=O)COCc1ccccc1,CC(=O)C[C@@H](O)COCc1ccccc1,Ru,CC1(C)Oc2c(O1)c(c1c3OC(Oc3ccc1P(c1ccccc1)c1ccccc1)(C)C)c(cc2)P(c1ccccc1)c1ccccc1,C1CCCO1,,20.0,50.0,200.0,3.989509992838227
COc1ccccc1C(C)=O,COc1ccccc1[C@H](C)O,Ru,C[N+]1(CCCC1)C[C@@H]1COC(=N1)C12C3[Fe]4567891(C2(C9C34)P(c1ccccc1)c1ccccc1)C1C7C6C5C81,Cc1ccccc1.O,[K+].[OH-1],20.0,30.0,200.0,3.916203256084418
CC(=O)CC(=O)COCc1ccccc1,CC(=O)C[C@@H](O)COCc1ccccc1,Ru,CC1(C)Oc2c(O1)c(c1c3OC(Oc3ccc1P(c1ccccc1)c1ccccc1)(C)C)c(cc2)P(c1ccccc1)c1ccccc1,C1CCCO1,,20.0,70.0,200.0,3.8537918235260804
CC(=O)CC(=O)COCc1ccccc1,CC(=O)C[C@@H](O)COCc1ccccc1,Ru,CC1(C)Oc2c(O1)c(c1c3OC(Oc3ccc1P(c1ccccc1)c1ccccc1)(C)C)c(cc2)P(c1ccccc1)c1ccccc1,C1CCCO1,,10.0,50.0,200.0,3.7284912537372032
O=C(CN1C(=O)c2ccccc2C1=O)c1ccccc1,O=C1c2ccccc2C(=O)N1C[C@H](O)c1ccccc1,Ru,[SiH3]c1cc(P(c2ccccc2)c2ccccc2)c(c2c1cccc2)c1c(cc(c2c1cccc2)[SiH3])P(c1ccccc1)c1ccccc1,CCO,,102.04,80.0,100.0,3.7147337660376096
CN(C)CCC(=O)c1ccccc1,CN(C)CC[C@H](O)c1ccccc1,Ru,CC([C@H]1COC(=N1)C12C3[Ru]4567891(C2(C7C34)P(c1ccccc1)c1ccccc1)C1C5C9(C8(C61)P(c1ccccc1)c1ccccc1)C1=N[C@H](CO1)C(C)(C)C)(C)C,Cc1ccccc1.O,[OH-1].[K+],20.0,25.0,400.0,3.6808677220012913
COc1ccc(C(=O)CCN(C)Cc2ccccc2)cc1,COc1ccc([C@H](O)CCN(C)Cc2ccccc2)cc1,Ru,CC([C@H]1COC(=N1)C12C3[Ru]4567891(C2(C7C34)P(c1ccccc1)c1ccccc1)C1C5C9(C8(C61)P(c1ccccc1)c1ccccc1)C1=N[C@H](CO1)C(C)(C)C)(C)C,Cc1ccccc1.O,[OH-1].[K+],20.0,25.0,400.0,3.6808677220012913
O=C1CCC/C1=C\C1CCCCC1,O[C@@H]1CCC/C1=C\C1CCCCC1,Ru,CC([C@H]1COC(=N1)C12C3[Ru]4567891(C2(C7C34)P(c1ccccc1)c1ccccc1)C1C5C9(C8(C61)P(c1ccccc1)c1ccccc1)C1=N[C@H](CO1)C(C)(C)C)(C)C,CO,C1CCN2C(=NCCC2)CC1,2.0,25.0,100.0,3.54836189965692
CCCC/C=C1\CCCC1=O,CCCC/C=C1\CCC[C@H]1O,Ru,CC([C@H]1COC(=N1)C12C3[Ru]4567891(C2(C7C34)P(c1ccccc1)c1ccccc1)C1C5C9(C8(C61)P(c1ccccc1)c1ccccc1)C1=N[C@H](CO1)C(C)(C)C)(C)C,CO,C1CCN2C(=NCCC2)CC1,2.0,25.0,100.0,3.54836189965692
O=C1CCC/C1=C\c1ccccc1,O[C@@H]1CCC/C1=C\c1ccccc1,Ru,CC([C@H]1COC(=N1)C12C3[Ru]4567891(C2(C7C34)P(c1ccccc1)c1ccccc1)C1C5C9(C8(C61)P(c1ccccc1)c1ccccc1)C1=N[C@H](CO1)C(C)(C)C)(C)C,CO,C1CCN2C(=NCCC2)CC1,2.0,25.0,100.0,3.54836189965692
O=C1CCC/C1=C/c1ccccc1,O[C@@H]1CCC/C1=C/c1ccccc1,Ru,CC([C@H]1COC(=N1)C12C3[Ru]4567891(C2(C7C34)P(c1ccccc1)c1ccccc1)C1C5C9(C8(C61)P(c1ccccc1)c1ccccc1)C1=N[C@H](CO1)C(C)(C)C)(C)C,CO,C1CCN2C(=NCCC2)CC1,2.0,25.0,100.0,3.54836189965692
O=C1CCC/C1=C\c1ccccc1,O[C@@H]1CCC/C1=C\c1ccccc1,Ru,CC([C@H]1COC(=N1)C12C3[Ru]4567891(C2(C7C34)P(c1ccccc1)c1ccccc1)C1C5C9(C8(C61)P(c1ccccc1)c1ccccc1)C1=N[C@H](CO1)C(C)(C)C)(C)C,CO,C1CCN2C(=NCCC2)CC1,5.9,25.0,100.0,3.54836189965692
O=C1CCC/C1=C\c1ccccc1,O[C@@H]1CCC/C1=C\c1ccccc1,Ru,CC([C@H]1COC(=N1)C12C3[Ru]4567891(C2(C7C34)P(c1ccccc1)c1ccccc1)C1C5C9(C8(C61)P(c1ccccc1)c1ccccc1)C1=N[C@H](CO1)C(C)(C)C)(C)C,CO,C1CCN2C(=NCCC2)CC1,19.7,25.0,100.0,3.54836189965692
O=C1CCC/C1=C\c1ccccc1,O[C@@H]1CCC/C1=C\c1ccccc1,Ru,CC([C@H]1COC(=N1)C12C3[Ru]4567891(C2(C7C34)P(c1ccccc1)c1ccccc1)C1C5C9(C8(C61)P(c1ccccc1)c1ccccc1)C1=N[C@H](CO1)C(C)(C)C)(C)C,CO,C1CCN2C(=NCCC2)CC1,49.3,25.0,100.0,3.54836189965692
O=C(CO)c1ccc(Br)cc1,OC[C@H](O)c1ccc(Br)cc1,Ru,C[C@@H]1CC[C@H](P1c1c(C)sc(c1P(c1ccccc1C)c1ccccc1C)C)C,CO,[H+].[Br-1],49.35,60.0,100.0,3.5043566590837596
O=C(CO)c1ccc(Cl)cc1,OC[C@H](O)c1ccc(Cl)cc1,Ru,C[C@@H]1CC[C@H](P1c1c(C)sc(c1P(c1ccccc1C)c1ccccc1C)C)C,CO,[H+].[Br-1],49.35,60.0,100.0,3.5043566590837596
O=C1CCC/C1=C\c1ccccc1,O[C@@H]1CCC/C1=C\c1ccccc1,Ru,CC([C@H]1COC(=N1)C12C3[Ru]4567891(C2(C7C34)P(c1ccccc1)c1ccccc1)C1C5C9(C8(C61)P(c1ccccc1)c1ccccc1)C1=N[C@H](CO1)C(C)(C)C)(C)C,CO,C1CCN2C(=NCCC2)CC1,2.0,25.0,500.0,3.4400422939865294
O=C1CCC/C1=C\c1ccccc1,O[C@@H]1CCC/C1=C\c1ccccc1,Ru,CC([C@H]1COC(=N1)C12C3[Ru]4567891(C2(C7C34)P(c1ccccc1)c1ccccc1)C1C5C9(C8(C61)P(c1ccccc1)c1ccccc1)C1=N[C@H](CO1)C(C)(C)C)(C)C,CO,C1CCN2C(=NCCC2)CC1,2.0,25.0,400.0,3.4400422939865294
COc1ccc(C(=O)CC(=O)COCc2ccccc2)cc1,COc1ccc(C(=O)C[C@@H](O)COCc2ccccc2)cc1,Ru,CC1(C)Oc2c(O1)c(c1c3OC(Oc3ccc1P(c1ccccc1)c1ccccc1)(C)C)c(cc2)P(c1ccccc1)c1ccccc1,C1CCCO1,,20.0,70.0,200.0,3.429608228479939
COC(=O)CC(C)=O,COC(=O)C[C@H](C)O,Ru,c1ccc(cc1)P(c1ccc2c(c1c1c(ccc3c1cccc3)P(c1ccccc1)c1ccccc1)cccc2)c1ccccc1,CO,,3.95,50.0,100.0,3.3991681056068344
CCOC(=O)CC(=O)C(C)C,CCOC(=O)C[C@H](O)C(C)C,Ru,c1ccc(cc1)P(c1ccc2c(c1c1c3OCCOc3ccc1P(c1ccccc1)c1ccccc1)OCCO2)c1ccccc1,CCO,,3.95,50.0,100.0,3.3991681056068344
CCOC(=O)CC(=O)C(C)C,CCOC(=O)C[C@H](O)C(C)C,Ru,FC1(F)Oc2c(O1)c(c1c3OC(Oc3ccc1P(c1ccccc1)c1ccccc1)(F)F)c(cc2)P(c1ccccc1)c1ccccc1,CCO,,3.95,50.0,100.0,3.3991681056068344
CCOC(=O)CC(=O)C(C)C,CCOC(=O)C[C@H](O)C(C)C,Ru,COc1cccc(c1c1c(OC)cccc1P(c1ccccc1)c1ccccc1)P(c1ccccc1)c1ccccc1,CCO,,3.95,50.0,100.0,3.3991681056068344
COC(=O)CC(C)=O,COC(=O)C[C@H](C)O,Ru,c1ccc(cc1)P(c1ccc2c(c1c1c3OCCOc3ccc1P(c1ccccc1)c1ccccc1)OCCO2)c1ccccc1,CO,,3.95,50.0,100.0,3.3991681056068344
COC(=O)CC(C)=O,COC(=O)C[C@H](C)O,Ru,COc1cccc(c1c1c(OC)cccc1P(c1ccccc1)c1ccccc1)P(c1ccccc1)c1ccccc1,CO,,3.95,50.0,100.0,3.3991681056068344
COC(=O)CC(C)=O,COC(=O)C[C@H](C)O,Ru,FC1(F)Oc2c(O1)c(c1c3OC(Oc3ccc1P(c1ccccc1)c1ccccc1)(F)F)c(cc2)P(c1ccccc1)c1ccccc1,CO,,3.95,50.0,100.0,3.3991681056068344
O=C(CN1C(=O)c2ccccc2C1=O)c1cccc2ccccc12,O=C1c2ccccc2C(=O)N1C[C@H](O)c1cccc2ccccc12,Ru,[SiH3]c1cc(P(c2ccccc2)c2ccccc2)c(c2c1cccc2)c1c(cc(c2c1cccc2)[SiH3])P(c1ccccc1)c1ccccc1,CCO,,102.04,80.0,100.0,3.3827756546202066
CC(=O)CC(=O)COc1ccccc1,CC(=O)C[C@@H](O)COc1ccccc1,Ru,CC1(C)Oc2c(O1)c(c1c3OC(Oc3ccc1P(c1ccccc1)c1ccccc1)(C)C)c(cc2)P(c1ccccc1)c1ccccc1,C1CCCO1,,20.0,70.0,200.0,3.37873016219314
CN(CCC(=O)c1ccc(F)cc1)Cc1ccccc1,CN(CC[C@@H](O)c1ccc(F)cc1)Cc1ccccc1,Ru,CC([C@H]1COC(=N1)C12C3[Ru]4567891(C2(C7C34)P(c1ccccc1)c1ccccc1)C1C5C9(C8(C61)P(c1ccccc1)c1ccccc1)C1=N[C@H](CO1)C(C)(C)C)(C)C,Cc1ccccc1.O,[OH-1].[K+],20.0,25.0,400.0,3.3484133241564935
CN(CCC(=O)c1cccc(Cl)c1)Cc1ccccc1,CN(CC[C@@H](O)c1cccc(Cl)c1)Cc1ccccc1,Ru,CC([C@H]1COC(=N1)C12C3[Ru]4567891(C2(C7C34)P(c1ccccc1)c1ccccc1)C1C5C9(C8(C61)P(c1ccccc1)c1ccccc1)C1=N[C@H](CO1)C(C)(C)C)(C)C,Cc1ccccc1.O,[OH-1].[K+],20.0,25.0,400.0,3.3484133241564935
CN(CCC(=O)c1ccc(-c2ccccc2)cc1)Cc1ccccc1,CN(CC[C@@H](O)c1ccc(-c2ccccc2)cc1)Cc1ccccc1,Ru,CC([C@H]1COC(=N1)C12C3[Ru]4567891(C2(C7C34)P(c1ccccc1)c1ccccc1)C1C5C9(C8(C61)P(c1ccccc1)c1ccccc1)C1=N[C@H](CO1)C(C)(C)C)(C)C,Cc1ccccc1.O,[OH-1].[K+],20.0,25.0,400.0,3.3484133241564935
O=C1CCC/C1=C\c1cccs1,O[C@@H]1CCC/C1=C\c1cccs1,Ru,CC([C@H]1COC(=N1)C12C3[Ru]4567891(C2(C7C34)P(c1ccccc1)c1ccccc1)C1C5C9(C8(C61)P(c1ccccc1)c1ccccc1)C1=N[C@H](CO1)C(C)(C)C)(C)C,CO,C1CCN2C(=NCCC2)CC1,2.0,25.0,100.0,3.3484133241564935
O=C1CCC/C1=C\c1ccccc1,O[C@@H]1CCC/C1=C\c1ccccc1,Ru,CC([C@H]1COC(=N1)C12C3[Ru]4567891(C2(C7C34)P(c1ccccc1)c1ccccc1)C1C5C9(C8(C61)P(c1ccccc1)c1ccccc1)C1=N[C@H](CO1)C(C)(C)C)(C)C,CO,C1CCN2C(=NCCC2)CC1,2.0,25.0,266.6666666666667,3.3484133241564935
O=C(COCc1ccccc1)CC(=O)c1ccc2ccccc2c1,O=C(C[C@@H](O)COCc1ccccc1)c1ccc2ccccc2c1,Ru,CC1(C)Oc2c(O1)c(c1c3OC(Oc3ccc1P(c1ccccc1)c1ccccc1)(C)C)c(cc2)P(c1ccccc1)c1ccccc1,C1CCCO1,,20.0,70.0,200.0,3.331339949446069
O=C1CCC/C1=C\c1ccccc1,O[C@@H]1CCC/C1=C\c1ccccc1,Ru,CC([C@H]1COC(=N1)C12C3[Ru]4567891(C2(C7C34)P(c1ccccc1)c1ccccc1)C1C5C9(C8(C61)P(c1ccccc1)c1ccccc1)C1=N[C@H](CO1)C(C)(C)C)(C)C,CO,CCN(C(C)C)C(C)C,2.0,25.0,100.0,3.269000796324068
O=C1CCC/C1=C\c1ccccc1,O[C@@H]1CCC/C1=C\c1ccccc1,Ru,CC([C@H]1COC(=N1)C12C3[Ru]4567891(C2(C7C34)P(c1ccccc1)c1ccccc1)C1C5C9(C8(C61)P(c1ccccc1)c1ccccc1)C1=N[C@H](CO1)C(C)(C)C)(C)C,CO,C1CCN2C(=NCCC2)CC1,2.0,25.0,181.81818181818184,3.269000796324068
O=C1CCC/C1=C\c1ccccc1,O[C@@H]1CCC/C1=C\c1ccccc1,Ru,CC([C@H]1COC(=N1)C12C3[Ru]4567891(C2(C7C34)P(c1ccccc1)c1ccccc1)C1C5C9(C8(C61)P(c1ccccc1)c1ccccc1)C1=N[C@H](CO1)C(C)(C)C)(C)C,CO,CCN(CC)CC,2.0,25.0,100.0,3.269000796324068
O=C1CCC/C1=C\c1ccccc1,O[C@@H]1CCC/C1=C\c1ccccc1,Ru,CC([C@H]1COC(=N1)C12C3[Ru]4567891(C2(C7C34)P(c1ccccc1)c1ccccc1)C1C5C9(C8(C61)P(c1ccccc1)c1ccccc1)C1=N[C@H](CO1)C(C)(C)C)(C)C,CO,CN(CCN(C)C)C,2.0,25.0,100.0,3.269000796324068
O=C(CN1C(=O)c2ccccc2C1=O)c1ccc(Cl)cc1,O=C1c2ccccc2C(=O)N1C[C@H](O)c1ccc(Cl)cc1,Ru,[SiH3]c1cc(P(c2ccccc2)c2ccccc2)c(c2c1cccc2)c1c(cc(c2c1cccc2)[SiH3])P(c1ccccc1)c1ccccc1,CCO,,102.04,80.0,100.0,3.261112674418902
O=C1CCC/C1=C\c1ccccc1,O[C@@H]1CCC/C1=C\c1ccccc1,Ru,CC([C@H]1COC(=N1)C12C3[Ru]4567891(C2(C7C34)P(c1ccccc1)c1ccccc1)C1C5C9(C8(C61)P(c1ccccc1)c1ccccc1)C1=N[C@H](CO1)C(C)(C)C)(C)C,CO,[K+].[OH-1],2.0,25.0,100.0,3.1989187636690253
O=C1CCC/C1=C\c1ccccc1,O[C@@H]1CCC/C1=C\c1ccccc1,Ru,CC([C@H]1COC(=N1)C12C3[Ru]4567891(C2(C7C34)P(c1ccccc1)c1ccccc1)C1C5C9(C8(C61)P(c1ccccc1)c1ccccc1)C1=N[C@H](CO1)C(C)(C)C)(C)C,CO,[O-1]C(=O)[O-1].[Cs+].[Cs+],2.0,25.0,100.0,3.1989187636690253
O=C1CCC/C1=C\c1ccccc1,O[C@@H]1CCC/C1=C\c1ccccc1,Ru,CC([C@H]1COC(=N1)C12C3[Ru]4567891(C2(C7C34)P(c1ccccc1)c1ccccc1)C1C5C9(C8(C61)P(c1ccccc1)c1ccccc1)C1=N[C@H](CO1)C(C)(C)C)(C)C,CO,C1CCN2C(=NCCC2)CC1,2.0,25.0,298.5074626865672,3.1989187636690253
O=C1CCC/C1=C\c1ccccc1,O[C@@H]1CCC/C1=C\c1ccccc1,Ru,CC([C@H]1COC(=N1)C12C3[Ru]4567891(C2(C7C34)P(c1ccccc1)c1ccccc1)C1C5C9(C8(C61)P(c1ccccc1)c1ccccc1)C1=N[C@H](CO1)C(C)(C)C)(C)C,CO,[Na+].[O-1]C(=O)O,2.0,25.0,100.0,3.1989187636690253
O=C1CCC/C1=C\c1ccccc1,O[C@@H]1CCC/C1=C\c1ccccc1,Ru,CC([C@H]1COC(=N1)C12C3[Ru]4567891(C2(C7C34)P(c1ccccc1)c1ccccc1)C1C5C9(C8(C61)P(c1ccccc1)c1ccccc1)C1=N[C@H](CO1)C(C)(C)C)(C)C,CO,[O-1]C(=O)[O-1].[Na+].[Na+],2.0,25.0,100.0,3.1989187636690253
O=C1CCC/C1=C\c1ccccc1,O[C@@H]1CCC/C1=C\c1ccccc1,Ru,CC([C@H]1COC(=N1)C12C3[Ru]4567891(C2(C7C34)P(c1ccccc1)c1ccccc1)C1C5C9(C8(C61)P(c1ccccc1)c1ccccc1)C1=N[C@H](CO1)C(C)(C)C)(C)C,CO,[O-1]C(=O)[O-1].[K+].[K+],2.0,25.0,100.0,3.1989187636690253
O=C1CCC/C1=C\c1ccccc1,O[C@@H]1CCC/C1=C\c1ccccc1,Ru,CC([C@H]1COC(=N1)C12C3[Ru]4567891(C2(C7C34)P(c1ccccc1)c1ccccc1)C1C5C9(C8(C61)P(c1ccccc1)c1ccccc1)C1=N[C@H](CO1)C(C)(C)C)(C)C,CO,[Na+].[OH-1],2.0,25.0,100.0,3.1989187636690253
O=C(CN1C(=O)c2ccccc2C1=O)c1ccc(Br)cc1,O=C1c2ccccc2C(=O)N1C[C@H](O)c1ccc(Br)cc1,Ru,[SiH3]c1cc(P(c2ccccc2)c2ccccc2)c(c2c1cccc2)c1c(cc(c2c1cccc2)[SiH3])P(c1ccccc1)c1ccccc1,CCO,,102.04,80.0,100.0,3.1901672684755855
CCOC(=O)CC(C)=O,CCOC(=O)C[C@H](C)O,Ru,CC(CN([C@@H](C12C3[Fe]4567892(C1(P(c1ccccc1)c1ccccc1)C5C34)C1C8C7C6C91)c1ccccc1P(c1ccccc1)c1ccccc1)CC(C)C)C,CCO,,50.0,50.0,125.0,3.181805775645383
O=C1CCC/C1=C\c1ccccc1,O[C@@H]1CCC/C1=C\c1ccccc1,Ru,CC([C@H]1COC(=N1)C12C3[Ru]4567891(C2(C7C34)P(c1ccccc1)c1ccccc1)C1C5C9(C8(C61)P(c1ccccc1)c1ccccc1)C1=N[C@H](CO1)C(C)(C)C)(C)C,CO,[Na+].[O-1]C(C)(C)C,2.0,25.0,100.0,3.1361967219145215
O=C1CCC/C1=C\c1cccc(Cl)c1,O[C@@H]1CCC/C1=C\c1cccc(Cl)c1,Ru,CC([C@H]1COC(=N1)C12C3[Ru]4567891(C2(C7C34)P(c1ccccc1)c1ccccc1)C1C5C9(C8(C61)P(c1ccccc1)c1ccccc1)C1=N[C@H](CO1)C(C)(C)C)(C)C,CO,C1CCN2C(=NCCC2)CC1,2.0,25.0,100.0,3.1361967219145215
Cc1ccc(/C=C2\CCCC2=O)cc1,Cc1ccc(/C=C2\CCC[C@H]2O)cc1,Ru,CC([C@H]1COC(=N1)C12C3[Ru]4567891(C2(C7C34)P(c1ccccc1)c1ccccc1)C1C5C9(C8(C61)P(c1ccccc1)c1ccccc1)C1=N[C@H](CO1)C(C)(C)C)(C)C,CO,C1CCN2C(=NCCC2)CC1,2.0,25.0,100.0,3.1361967219145215
O=C1CCC/C1=C\c1ccc(Cl)cc1,O[C@@H]1CCC/C1=C\c1ccc(Cl)cc1,Ru,CC([C@H]1COC(=N1)C12C3[Ru]4567891(C2(C7C34)P(c1ccccc1)c1ccccc1)C1C5C9(C8(C61)P(c1ccccc1)c1ccccc1)C1=N[C@H](CO1)C(C)(C)C)(C)C,CO,C1CCN2C(=NCCC2)CC1,2.0,25.0,100.0,3.1361967219145215
COc1cccc(/C=C2\CCCC2=O)c1,COc1cccc(/C=C2\CCC[C@H]2O)c1,Ru,CC([C@H]1COC(=N1)C12C3[Ru]4567891(C2(C7C34)P(c1ccccc1)c1ccccc1)C1C5C9(C8(C61)P(c1ccccc1)c1ccccc1)C1=N[C@H](CO1)C(C)(C)C)(C)C,CO,C1CCN2C(=NCCC2)CC1,2.0,25.0,100.0,3.1361967219145215
CON(C)C(=O)CC(C)=O,CON(C)C(=O)C[C@H](C)O,Ru,c1ccc(cc1)P(c1ccc2c(c1c1c(ccc3c1cccc3)P(c1ccccc1)c1ccccc1)cccc2)c1ccccc1,CCO,,5.0,25.0,200.0,3.1361967219145215
O=C1CCC/C1=C\c1ccccc1,O[C@@H]1CCC/C1=C\c1ccccc1,Ru,CC([C@H]1COC(=N1)C12C3[Ru]4567891(C2(C7C34)P(c1ccccc1)c1ccccc1)C1C5C9(C8(C61)P(c1ccccc1)c1ccccc1)C1=N[C@H](CO1)C(C)(C)C)(C)C,CCO,C1CCN2C(=NCCC2)CC1,19.7,25.0,100.0,3.1361967219145215
COc1ccc(C(=O)CCNCc2ccccc2)cc1,COc1ccc([C@H](O)CCNCc2ccccc2)cc1,Ru,CC([C@H]1COC(=N1)C12C3[Ru]4567891(C2(C7C34)P(c1ccccc1)c1ccccc1)C1C5C9(C8(C61)P(c1ccccc1)c1ccccc1)C1=N[C@H](CO1)C(C)(C)C)(C)C.c1ccc(cc1)P(c1ccccc1)c1ccccc1,CCO,C1CCN2C(=NCCC2)CC1,50.0,25.0,200.0,3.1361967219145215
Cc1ccc(C(=O)CN2C(=O)c3ccccc3C2=O)cc1,Cc1ccc([C@@H](O)CN2C(=O)c3ccccc3C2=O)cc1,Ru,[SiH3]c1cc(P(c2ccccc2)c2ccccc2)c(c2c1cccc2)c1c(cc(c2c1cccc2)[SiH3])P(c1ccccc1)c1ccccc1,CCO,,102.04,80.0,100.0,3.125615537900602
CON(C)C(=O)CC(=O)C1CC1,CON(C)C(=O)C[C@@H](O)C1CC1,Ru,c1ccc(cc1)P(c1ccc2c(c1c1c(ccc3c1cccc3)P(c1ccccc1)c1ccccc1)cccc2)c1ccccc1,CCO,,5.0,25.0,200.0,3.07942919051841
CCCCCC(=O)CC(=O)N(C)OC,CCCCC[C@H](O)CC(=O)N(C)OC,Ru,c1ccc(cc1)P(c1ccc2c(c1c1c(ccc3c1cccc3)P(c1ccccc1)c1ccccc1)cccc2)c1ccccc1,CCO,,5.0,25.0,200.0,3.07942919051841
CON(C)C(=O)CC(=O)CC(C)C,CON(C)C(=O)C[C@@H](O)CC(C)C,Ru,c1ccc(cc1)P(c1ccc2c(c1c1c(ccc3c1cccc3)P(c1ccccc1)c1ccccc1)cccc2)c1ccccc1,CCO,,5.0,25.0,200.0,3.07942919051841
O=C(COCc1ccccc1)CC(=O)c1cccc2ccccc12,O=C(C[C@@H](O)COCc1ccccc1)c1cccc2ccccc12,Ru,CC1(C)Oc2c(O1)c(c1c3OC(Oc3ccc1P(c1ccccc1)c1ccccc1)(C)C)c(cc2)P(c1ccccc1)c1ccccc1,C1CCCO1,,20.0,70.0,200.0,3.0677656289890898
O=C(CO)c1ccc2ccccc2c1,OC[C@H](O)c1ccc2ccccc2c1,Ru,C[C@@H]1CC[C@H](P1c1c(C)sc(c1P(c1ccccc1C)c1ccccc1C)C)C,CO,[H+].[Br-1],49.35,60.0,100.0,3.0421332946653505
CCc1ccc(C(=O)CO)cc1,CCc1ccc([C@@H](O)CO)cc1,Ru,C[C@@H]1CC[C@H](P1c1c(C)sc(c1P(c1ccccc1C)c1ccccc1C)C)C,CO,[H+].[Br-1],49.35,60.0,100.0,3.0421332946653505
COc1cccc(C(=O)CO)c1,COc1cccc([C@@H](O)CO)c1,Ru,C[C@@H]1CC[C@H](P1c1c(C)sc(c1P(c1ccccc1C)c1ccccc1C)C)C,CO,[H+].[Br-1],49.35,60.0,100.0,3.0421332946653505
Cc1ccc(C(=O)CO)cc1,Cc1ccc([C@@H](O)CO)cc1,Ru,C[C@@H]1CC[C@H](P1c1c(C)sc(c1P(c1ccccc1C)c1ccccc1C)C)C,CO,[H+].[Br-1],78.96,60.0,100.0,3.0421332946653505
O=C(CO)c1ccccc1,OC[C@H](O)c1ccccc1,Ru,C[C@@H]1CC[C@H](P1c1c(C)sc(c1P(c1ccccc1C)c1ccccc1C)C)C,CO,[H+].[Br-1],49.35,60.0,100.0,3.0421332946653505
CC(=O)c1ccccc1,C[C@@H](O)c1ccccc1,Ru,CC([C@H]1COC(=N1)C12C3[Ru]4567891(C2(C7C34)P(c1ccccc1)c1ccccc1)C1C5C9(C8(C61)P(c1ccccc1)c1ccccc1)C1=N[C@H](CO1)C(C)(C)C)(C)C,CC(O)C,[O-1]C(C)(C)C.[K+],10.0,25.0,,3.0275784145897218
CC(=O)c1ccccc1,C[C@@H](O)c1ccccc1,Ru,CC([C@H]1COC(=N1)C12C3[Ru]4567891(C2(C7C34)P(c1ccccc1)c1ccccc1)C1C5C9(C8(C61)P(c1ccccc1)c1ccccc1)C1=N[C@H](CO1)C(C)(C)C)(C)C,CC(O)C,[O-1]C(C)(C)C.[K+],20.0,25.0,,3.0275784145897218
CCC(=O)CC(=O)N(C)OC,CC[C@H](O)CC(=O)N(C)OC,Ru,c1ccc(cc1)P(c1ccc2c(c1c1c(ccc3c1cccc3)P(c1ccccc1)c1ccccc1)cccc2)c1ccccc1,CCO,,5.0,25.0,200.0,3.0275784145897218
CC(=O)c1ccccc1,C[C@@H](O)c1ccccc1,Ru,CC([C@H]1COC(=N1)C12C3[Ru]4567891(C2(C7C34)P(c1ccccc1)c1ccccc1)C1C5C9(C8(C61)P(c1ccccc1)c1ccccc1)C1=N[C@H](CO1)C(C)(C)C)(C)C,CC(O)C,[O-1]C(C)(C)C.[K+],10.0,50.0,,3.0191260922661596
O=C(CN1C(=O)c2ccccc2C1=O)c1ccc2ccccc2c1,O=C1c2ccccc2C(=O)N1C[C@H](O)c1ccc2ccccc2c1,Ru,[SiH3]c1cc(P(c2ccccc2)c2ccccc2)c(c2c1cccc2)c1c(cc(c2c1cccc2)[SiH3])P(c1ccccc1)c1ccccc1,CCO,,102.04,80.0,100.0,2.9857911422839525
O=C(CN1C(=O)c2ccccc2C1=O)c1ccc(Br)cc1,O=C1c2ccccc2C(=O)N1C[C@H](O)c1ccc(Br)cc1,Ru,Brc1cc(P(c2ccccc2)c2ccccc2)c(c2c1cccc2)c1c(cc(c2c1cccc2)Br)P(c1ccccc1)c1ccccc1,CCO,,102.04,80.0,100.0,2.9857911422839525
CN(CCC(=O)c1ccco1)Cc1ccccc1,CN(CC[C@@H](O)c1ccco1)Cc1ccccc1,Ru,CC([C@H]1COC(=N1)C12C3[Ru]4567891(C2(C7C34)P(c1ccccc1)c1ccccc1)C1C5C9(C8(C61)P(c1ccccc1)c1ccccc1)C1=N[C@H](CO1)C(C)(C)C)(C)C,Cc1ccccc1.O,[OH-1].[K+],20.0,25.0,400.0,2.9798563115876253
CON(C)C(=O)CC(=O)C(C)C,CON(C)C(=O)C[C@@H](O)C(C)C,Ru,c1ccc(cc1)P(c1ccc2c(c1c1c(ccc3c1cccc3)P(c1ccccc1)c1ccccc1)cccc2)c1ccccc1,CCO,,5.0,25.0,200.0,2.9798563115876253
CCOC(OCC)C(=O)CC(=O)c1ccccc1,CCOC(OCC)[C@H](O)CC(=O)c1ccccc1,Ru,CC1(C)Oc2c(O1)c(c1c3OC(Oc3ccc1P(c1ccccc1)c1ccccc1)(C)C)c(cc2)P(c1ccccc1)c1ccccc1,C1CCCO1,,20.0,70.0,200.0,2.9795600479567685
Cc1ccc(C(=O)c2ccccc2)c(Br)c1,Cc1ccc([C@@H](O)c2ccccc2)c(Br)c1,Ru,CC([C@H]1COC(=N1)C12C3[Ru]4567891(C2(C7C34)P(c1ccccc1)c1ccccc1)C1C5C9(C8(C61)P(c1ccccc1)c1ccccc1)C1=N[C@H](CO1)C(C)(C)C)(C)C.c1ccc(cc1)P(c1ccccc1)c1ccccc1,C1CCCO1,[K+].[OH-1],40.0,10.0,100.0,2.978413891699134
O=C(c1ccc(Cl)cc1)c1ccccc1Br,O[C@@H](c1ccc(Cl)cc1)c1ccccc1Br,Ru,CC([C@H]1COC(=N1)C12C3[Ru]4567891(C2(C7C34)P(c1ccccc1)c1ccccc1)C1C5C9(C8(C61)P(c1ccccc1)c1ccccc1)C1=N[C@H](CO1)C(C)(C)C)(C)C.c1ccc(cc1)P(c1ccccc1)c1ccccc1,C1CCCO1,[K+].[OH-1],40.0,10.0,100.0,2.978413891699134
Cc1ccc(C(=O)c2ccccc2Cl)cc1,Cc1ccc([C@H](O)c2ccccc2Cl)cc1,Ru,CC([C@H]1COC(=N1)C12C3[Ru]4567891(C2(C7C34)P(c1ccccc1)c1ccccc1)C1C5C9(C8(C61)P(c1ccccc1)c1ccccc1)C1=N[C@H](CO1)C(C)(C)C)(C)C.c1ccc(cc1)P(c1ccccc1)c1ccccc1,C1CCCO1,[K+].[OH-1],40.0,10.0,100.0,2.978413891699134
O=C(COCc1ccccc1)CC(=O)c1ccc(C(F)(F)F)cc1,O=C(C[C@@H](O)COCc1ccccc1)c1ccc(C(F)(F)F)cc1,Ru,CC1(C)Oc2c(O1)c(c1c3OC(Oc3ccc1P(c1ccccc1)c1ccccc1)(C)C)c(cc2)P(c1ccccc1)c1ccccc1,C1CCCO1,,20.0,70.0,200.0,2.952469785291509
CCOC(=O)CC(=O)C(C)C,CCOC(=O)C[C@H](O)C(C)C,Ru,c1ccc(cc1)P(c1ccc2c(c1c1c(ccc3c1cccc3)P(c1ccccc1)c1ccccc1)cccc2)c1ccccc1,CCO,,3.95,50.0,100.0,2.9508190730034762
CCOC(=O)CC(=O)c1ccccc1,CCOC(=O)C[C@H](O)c1ccccc1,Ru,c1ccc(cc1)P(c1ccc2c(c1c1c3OCCOc3ccc1P(c1ccccc1)c1ccccc1)OCCO2)c1ccccc1,CCO,,9.87,80.0,100.0,2.936661241742978
CC(=O)c1ccccc1,C[C@@H](O)c1ccccc1,Ru,CC([C@H]1COC(=N1)C12C3[Ru]4567891(C2(C7C34)P(c1ccccc1)c1ccccc1)C1C5C9(C8(C61)P(c1ccccc1)c1ccccc1)C1=N[C@H](CO1)C(C)(C)C)(C)C,CC(O)C,[K+].[OH-1],10.0,25.0,,2.935650292460686
CC(=O)c1ccccc1,C[C@@H](O)c1ccccc1,Ru,CC([C@H]1COC(=N1)C12C3[Ru]4567891(C2(C7C34)P(c1ccccc1)c1ccccc1)C1C5C9(C8(C61)P(c1ccccc1)c1ccccc1)C1=N[C@H](CO1)C(C)(C)C)(C)C,CC(O)C,[O-1]C(C)(C)C.[K+],10.0,0.0,,2.9306881110051797
O=C(CN1C(=O)c2ccccc2C1=O)c1ccc(Cl)cc1,O=C1c2ccccc2C(=O)N1C[C@H](O)c1ccc(Cl)cc1,Ru,CCOP(=O)(c1cc(P(c2ccccc2)c2ccccc2)c(c2c1cccc2)c1c(cc(c2c1cccc2)P(=O)(OCC)OCC)P(c1ccccc1)c1ccccc1)OCC,CCO,,102.04,80.0,100.0,2.913293686589742
CC(=O)c1ccccc1,C[C@@H](O)c1ccccc1,Ru,CC([C@H]1COC(=N1)C12C3[Ru]4567891(C2(C7C34)P(c1ccccc1)c1ccccc1)C1C5C9(C8(C61)P(c1ccccc1)c1ccccc1)C1=N[C@H](CO1)C(C)(C)C)(C)C,CC(O)C,[O-1]C(=O)[O-1].[Na+].[Na+],10.0,25.0,,2.8944747367837547
Cc1ccc(C(=O)CN2C(=O)c3ccccc3C2=O)cc1,Cc1ccc([C@@H](O)CN2C(=O)c3ccccc3C2=O)cc1,Ru,CCOP(=O)(c1cc(P(c2ccccc2)c2ccccc2)c(c2c1cccc2)c1c(cc(c2c1cccc2)P(=O)(OCC)OCC)P(c1ccccc1)c1ccccc1)OCC,CCO,,102.04,80.0,100.0,2.8473979093784583
CC(=O)c1ccccc1,C[C@@H](O)c1ccccc1,Ru,CC([C@H]1COC(=N1)C12C3[Ru]4567891(C2(C7C34)P(c1ccccc1)c1ccccc1)C1C5C9(C8(C61)P(c1ccccc1)c1ccccc1)C1=N[C@H](CO1)C(C)(C)C)(C)C,CC(O)C,[O-1]C(C)(C)C.[K+],5.0,25.0,,2.819720355421228
CC(=O)CO,C[C@H](O)CO,Ru,c1ccc(cc1)P(c1ccc2c(c1c1c3OCCOc3ccc1P(c1ccccc1)c1ccccc1)OCCO2)c1ccccc1,CO,,29.61,65.0,100.0,2.8119269400973748
CC(=O)CO,C[C@H](O)CO,Ru,COc1cccc(c1c1c(OC)cccc1P(c1ccccc1)c1ccccc1)P(c1ccccc1)c1ccccc1,CO,,29.61,65.0,100.0,2.8119269400973748
CCOC(OCC)C(=O)CC(=O)c1cccs1,CCOC(OCC)[C@H](O)CC(=O)c1cccs1,Ru,CC1(C)Oc2c(O1)c(c1c3OC(Oc3ccc1P(c1ccccc1)c1ccccc1)(C)C)c(cc2)P(c1ccccc1)c1ccccc1,C1CCCO1,,20.0,70.0,200.0,2.787473067471242
O=C(CN1C(=O)c2ccccc2C1=O)c1ccc(Cl)cc1,O=C1c2ccccc2C(=O)N1C[C@H](O)c1ccc(Cl)cc1,Ru,OC1(CCCC1)c1cc(P(c2ccccc2)c2ccccc2)c(c2c1cccc2)c1c(cc(c2c1cccc2)C1(O)CCCC1)P(c1ccccc1)c1ccccc1,CCO,,102.04,80.0,100.0,2.7869855604042604
CCCCCC(=O)CO,CCCCC[C@@H](O)CO,Ru,C[C@@H]1CC[C@H](P1c1c(C)sc(c1P(c1ccccc1C)c1ccccc1C)C)C,CO,[H+].[Br-1],49.35,60.0,100.0,2.770348839548841
O=C(CN1C(=O)c2ccccc2C1=O)c1ccccc1,O=C1c2ccccc2C(=O)N1C[C@H](O)c1ccccc1,Ru,c1ccc(cc1)P(c1ccc2c(c1c1c(ccc3c1cccc3)P(c1ccccc1)c1ccccc1)cccc2)c1ccccc1,CCO,,102.04,80.0,100.0,2.7312004034255795
O=C(CN1C(=O)c2ccccc2C1=O)c1ccc(Br)cc1,O=C1c2ccccc2C(=O)N1C[C@H](O)c1ccc(Br)cc1,Ru,OC1(CCCC1)c1cc(P(c2ccccc2)c2ccccc2)c(c2c1cccc2)c1c(cc(c2c1cccc2)C1(O)CCCC1)P(c1ccccc1)c1ccccc1,CCO,,102.04,80.0,100.0,2.7312004034255795
CC(C)C/C=C1\CCCC1=O,CC(C)C/C=C1\CCC[C@H]1O,Ru,CC([C@H]1COC(=N1)C12C3[Ru]4567891(C2(C7C34)P(c1ccccc1)c1ccccc1)C1C5C9(C8(C61)P(c1ccccc1)c1ccccc1)C1=N[C@H](CO1)C(C)(C)C)(C)C,CO,C1CCN2C(=NCCC2)CC1,2.0,25.0,100.0,2.7225335188487896
O=C1CCC/C1=C\c1ccc(C(F)(F)F)cc1,O[C@@H]1CCC/C1=C\c1ccc(C(F)(F)F)cc1,Ru,CC([C@H]1COC(=N1)C12C3[Ru]4567891(C2(C7C34)P(c1ccccc1)c1ccccc1)C1C5C9(C8(C61)P(c1ccccc1)c1ccccc1)C1=N[C@H](CO1)C(C)(C)C)(C)C,CO,C1CCN2C(=NCCC2)CC1,2.0,25.0,100.0,2.7225335188487896
COc1ccccc1/C=C1\CCCC1=O,COc1ccccc1/C=C1\CCC[C@H]1O,Ru,CC([C@H]1COC(=N1)C12C3[Ru]4567891(C2(C7C34)P(c1ccccc1)c1ccccc1)C1C5C9(C8(C61)P(c1ccccc1)c1ccccc1)C1=N[C@H](CO1)C(C)(C)C)(C)C,CO,C1CCN2C(=NCCC2)CC1,2.0,25.0,100.0,2.7225335188487896
O=C1CCC/C1=C\c1ccccc1Br,O[C@@H]1CCC/C1=C\c1ccccc1Br,Ru,CC([C@H]1COC(=N1)C12C3[Ru]4567891(C2(C7C34)P(c1ccccc1)c1ccccc1)C1C5C9(C8(C61)P(c1ccccc1)c1ccccc1)C1=N[C@H](CO1)C(C)(C)C)(C)C,CO,C1CCN2C(=NCCC2)CC1,2.0,25.0,100.0,2.7225335188487896
O=C1CCC/C1=C\c1ccccc1Cl,O[C@@H]1CCC/C1=C\c1ccccc1Cl,Ru,CC([C@H]1COC(=N1)C12C3[Ru]4567891(C2(C7C34)P(c1ccccc1)c1ccccc1)C1C5C9(C8(C61)P(c1ccccc1)c1ccccc1)C1=N[C@H](CO1)C(C)(C)C)(C)C,CO,C1CCN2C(=NCCC2)CC1,2.0,25.0,100.0,2.7225335188487896
Cc1cccc(/C=C2\CCCC2=O)c1,Cc1cccc(/C=C2\CCC[C@H]2O)c1,Ru,CC([C@H]1COC(=N1)C12C3[Ru]4567891(C2(C7C34)P(c1ccccc1)c1ccccc1)C1C5C9(C8(C61)P(c1ccccc1)c1ccccc1)C1=N[C@H](CO1)C(C)(C)C)(C)C,CO,C1CCN2C(=NCCC2)CC1,2.0,25.0,100.0,2.7225335188487896
Cc1ccccc1/C=C1\CCCC1=O,Cc1ccccc1/C=C1\CCC[C@H]1O,Ru,CC([C@H]1COC(=N1)C12C3[Ru]4567891(C2(C7C34)P(c1ccccc1)c1ccccc1)C1C5C9(C8(C61)P(c1ccccc1)c1ccccc1)C1=N[C@H](CO1)C(C)(C)C)(C)C,CO,C1CCN2C(=NCCC2)CC1,2.0,25.0,100.0,2.7225335188487896
O=C1CCC/C1=C\c1ccco1,O[C@@H]1CCC/C1=C\c1ccco1,Ru,CC([C@H]1COC(=N1)C12C3[Ru]4567891(C2(C7C34)P(c1ccccc1)c1ccccc1)C1C5C9(C8(C61)P(c1ccccc1)c1ccccc1)C1=N[C@H](CO1)C(C)(C)C)(C)C,CO,C1CCN2C(=NCCC2)CC1,2.0,25.0,100.0,2.7225335188487896
O=C1CCC/C1=C\c1ccc(Br)cc1,O[C@@H]1CCC/C1=C\c1ccc(Br)cc1,Ru,CC([C@H]1COC(=N1)C12C3[Ru]4567891(C2(C7C34)P(c1ccccc1)c1ccccc1)C1C5C9(C8(C61)P(c1ccccc1)c1ccccc1)C1=N[C@H](CO1)C(C)(C)C)(C)C,CO,C1CCN2C(=NCCC2)CC1,2.0,25.0,100.0,2.7225335188487896
O=C1CCC/C1=C\c1ccc2ccccc2c1,O[C@@H]1CCC/C1=C\c1ccc2ccccc2c1,Ru,CC([C@H]1COC(=N1)C12C3[Ru]4567891(C2(C7C34)P(c1ccccc1)c1ccccc1)C1C5C9(C8(C61)P(c1ccccc1)c1ccccc1)C1=N[C@H](CO1)C(C)(C)C)(C)C,CO,C1CCN2C(=NCCC2)CC1,2.0,25.0,100.0,2.7225335188487896
COc1ccc(/C=C2\CCCC2=O)cc1,COc1ccc(/C=C2\CCC[C@H]2O)cc1,Ru,CC([C@H]1COC(=N1)C12C3[Ru]4567891(C2(C7C34)P(c1ccccc1)c1ccccc1)C1C5C9(C8(C61)P(c1ccccc1)c1ccccc1)C1=N[C@H](CO1)C(C)(C)C)(C)C,CO,C1CCN2C(=NCCC2)CC1,2.0,25.0,100.0,2.7225335188487896
Cc1cccc(C(=O)CCNCc2ccccc2)c1,Cc1cccc([C@H](O)CCNCc2ccccc2)c1,Ru,CC([C@H]1COC(=N1)C12C3[Ru]4567891(C2(C7C34)P(c1ccccc1)c1ccccc1)C1C5C9(C8(C61)P(c1ccccc1)c1ccccc1)C1=N[C@H](CO1)C(C)(C)C)(C)C.c1ccc(cc1)P(c1ccccc1)c1ccccc1,CCO,C1CCN2C(=NCCC2)CC1,50.0,25.0,200.0,2.7225335188487896
Cc1ccccc1C(=O)CCNCc1ccccc1,Cc1ccccc1[C@H](O)CCNCc1ccccc1,Ru,CC([C@H]1COC(=N1)C12C3[Ru]4567891(C2(C7C34)P(c1ccccc1)c1ccccc1)C1C5C9(C8(C61)P(c1ccccc1)c1ccccc1)C1=N[C@H](CO1)C(C)(C)C)(C)C.c1ccc(cc1)P(c1ccccc1)c1ccccc1,CCO,C1CCN2C(=NCCC2)CC1,50.0,25.0,200.0,2.7225335188487896
O=C(CCNCc1ccccc1)c1ccccc1,O[C@H](CCNCc1ccccc1)c1ccccc1,Ru,CC([C@H]1COC(=N1)C12C3[Ru]4567891(C2(C7C34)P(c1ccccc1)c1ccccc1)C1C5C9(C8(C61)P(c1ccccc1)c1ccccc1)C1=N[C@H](CO1)C(C)(C)C)(C)C.c1ccc(cc1)P(c1ccccc1)c1ccccc1,CCO,C1CCN2C(=NCCC2)CC1,50.0,25.0,200.0,2.7225335188487896
COc1ccc(OC)c(C(=O)CCNCc2ccccc2)c1,COc1ccc(OC)c([C@H](O)CCNCc2ccccc2)c1,Ru,CC([C@H]1COC(=N1)C12C3[Ru]4567891(C2(C7C34)P(c1ccccc1)c1ccccc1)C1C5C9(C8(C61)P(c1ccccc1)c1ccccc1)C1=N[C@H](CO1)C(C)(C)C)(C)C.c1ccc(cc1)P(c1ccccc1)c1ccccc1,CCO,C1CCN2C(=NCCC2)CC1,50.0,25.0,200.0,2.7225335188487896
Cc1ccc(C(=O)CCNCc2ccccc2)c(C)c1,Cc1ccc([C@H](O)CCNCc2ccccc2)c(C)c1,Ru,CC([C@H]1COC(=N1)C12C3[Ru]4567891(C2(C7C34)P(c1ccccc1)c1ccccc1)C1C5C9(C8(C61)P(c1ccccc1)c1ccccc1)C1=N[C@H](CO1)C(C)(C)C)(C)C.c1ccc(cc1)P(c1ccccc1)c1ccccc1,CCO,C1CCN2C(=NCCC2)CC1,50.0,25.0,200.0,2.7225335188487896
Cc1ccc(C(=O)CCNCc2ccccc2)cc1,Cc1ccc([C@H](O)CCNCc2ccccc2)cc1,Ru,CC([C@H]1COC(=N1)C12C3[Ru]4567891(C2(C7C34)P(c1ccccc1)c1ccccc1)C1C5C9(C8(C61)P(c1ccccc1)c1ccccc1)C1=N[C@H](CO1)C(C)(C)C)(C)C.c1ccc(cc1)P(c1ccccc1)c1ccccc1,CCO,C1CCN2C(=NCCC2)CC1,50.0,25.0,200.0,2.7225335188487896
CCOC(=O)CC(=O)CCl,CCOC(=O)C[C@H](O)CCl,Ru,COc1cccc(c1c1c(OC)cccc1P(c1ccccc1)c1ccccc1)P(c1ccccc1)c1ccccc1,CO,,49.35,50.0,100.0,2.687192638451772
COc1ccc(C(=O)CN2C(=O)c3ccccc3C2=O)cc1,COc1ccc([C@@H](O)CN2C(=O)c3ccccc3C2=O)cc1,Ru,[SiH3]c1cc(P(c2ccccc2)c2ccccc2)c(c2c1cccc2)c1c(cc(c2c1cccc2)[SiH3])P(c1ccccc1)c1ccccc1,CCO,,102.04,80.0,100.0,2.6793722572180787
O=C(CN1C(=O)c2ccccc2C1=O)c1ccc(Br)cc1,O=C1c2ccccc2C(=O)N1C[C@H](O)c1ccc(Br)cc1,Ru,CCOP(=O)(c1cc(P(c2ccccc2)c2ccccc2)c(c2c1cccc2)c1c(cc(c2c1cccc2)P(=O)(OCC)OCC)P(c1ccccc1)c1ccccc1)OCC,CCO,,102.04,80.0,100.0,2.6628799890897255
O=C(CBr)c1ccc(Br)cc1,O[C@@H](CBr)c1ccc(Br)cc1,Ru,C[N+]1(CCCC1)C[C@@H]1COC(=N1)C12C3[Fe]4567891(C2(C9C34)P(c1ccccc1)c1ccccc1)C1C7C6C5C81,Cc1ccccc1.O,[K+].[OH-1],20.0,30.0,200.0,2.6571382953636475
COc1ccc(C(=O)CBr)cc1,COc1ccc([C@@H](O)CBr)cc1,Ru,C[N+]1(CCCC1)C[C@@H]1COC(=N1)C12C3[Fe]4567891(C2(C9C34)P(c1ccccc1)c1ccccc1)C1C7C6C5C81,Cc1ccccc1.O,[K+].[OH-1],20.0,30.0,200.0,2.6571382953636475
COC(=O)C(=O)c1ccccc1,COC(=O)[C@H](O)c1ccccc1,Ru,CC1(C)Oc2c(O1)c(c1c3OC(Oc3ccc1P(c1ccccc1)c1ccccc1)(C)C)c(cc2)P(c1ccccc1)c1ccccc1,CO,[Nd+3].[Cl-1].[Cl-1].O.O.O.O.O.O.[Cl-1],50.0,70.0,100.0,2.653862150461525
CCOC(=O)C(=O)c1ccccc1,CCOC(=O)[C@H](O)c1ccccc1,Ru,CC1(C)Oc2c(O1)c(c1c3OC(Oc3ccc1P(c1ccccc1)c1ccccc1)(C)C)c(cc2)P(c1ccccc1)c1ccccc1,CO,[Ce+3].[Cl-1].[Cl-1].O.O.O.O.O.O.[Cl-1].O,50.0,70.0,100.0,2.653862150461525
COC(=O)C(=O)c1ccccc1,COC(=O)[C@H](O)c1ccccc1,Ru,CC1(C)Oc2c(O1)c(c1c3OC(Oc3ccc1P(c1ccccc1)c1ccccc1)(C)C)c(cc2)P(c1ccccc1)c1ccccc1,CO,[Ce+3].[Cl-1].[Cl-1].O.O.O.O.O.O.[Cl-1].O,50.0,70.0,100.0,2.653862150461525
COC(=O)C(=O)c1ccccc1,COC(=O)[C@H](O)c1ccccc1,Ru,CC1(C)Oc2c(O1)c(c1c3OC(Oc3ccc1P(c1ccccc1)c1ccccc1)(C)C)c(cc2)P(c1ccccc1)c1ccccc1,CO,[Ce+3].[Cl-1].[Cl-1].O.O.O.O.O.O.[Cl-1].O.O=C1CC2C(C1(CC2)CS(=O)(=O)O)(C)C,50.0,70.0,100.0,2.653862150461525
O=C(CN1C(=O)c2ccccc2C1=O)c1ccccc1,O=C1c2ccccc2C(=O)N1C[C@H](O)c1ccccc1,Ru,OC1(CCCC1)c1cc(P(c2ccccc2)c2ccccc2)c(c2c1cccc2)c1c(cc(c2c1cccc2)C1(O)CCCC1)P(c1ccccc1)c1ccccc1,CCO,,102.04,80.0,100.0,2.6467501206889628
CC(=O)CO,C[C@H](O)CO,Ru,FC1(F)Oc2c(O1)c(c1c3OC(Oc3ccc1P(c1ccccc1)c1ccccc1)(F)F)c(cc2)P(c1ccccc1)c1ccccc1,CO,,29.61,65.0,100.0,2.6151930239794976
CC(=O)c1ccccc1,C[C@@H](O)c1ccccc1,Ru,CC([C@H]1COC(=N1)C12C3[Ru]4567891(C2(C7C34)P(c1ccccc1)c1ccccc1)C1C5C9(C8(C61)P(c1ccccc1)c1ccccc1)C1=N[C@H](CO1)C(C)(C)C)(C)C,CC(O)C,[O-1]C(C)(C)C.[K+],10.0,45.0,,2.6041693168654434
O=C(COCc1ccccc1)CC(=O)c1ccco1,O=C(C[C@@H](O)COCc1ccccc1)c1ccco1,Ru,CC1(C)Oc2c(O1)c(c1c3OC(Oc3ccc1P(c1ccccc1)c1ccccc1)(C)C)c(cc2)P(c1ccccc1)c1ccccc1,C1CCCO1,,20.0,70.0,200.0,2.6035016000690465
CCCC(=O)CC(=O)OCC,CCC[C@@H](O)CC(=O)OCC,Ru,CN([C@@H](C12C3[Fe]4567891(C2(C9C34)P(c1ccccc1)c1ccccc1)C1C7C6C5C81)c1ccccc1P(c1ccccc1)c1ccccc1)C,CCO,,50.0,50.0,125.0,2.586570741710627
O=C(c1ccccc1)c1ccccc1I,O[C@@H](c1ccccc1)c1ccccc1I,Ru,CC([C@H]1COC(=N1)C12C3[Ru]4567891(C2(C7C34)P(c1ccccc1)c1ccccc1)C1C5C9(C8(C61)P(c1ccccc1)c1ccccc1)C1=N[C@H](CO1)C(C)(C)C)(C)C.c1ccc(cc1)P(c1ccccc1)c1ccccc1,C1CCCO1,[K+].[OH-1],40.0,10.0,100.0,2.585562186355978
O=C(c1ccccc1)c1ccccc1Br,O[C@@H](c1ccccc1)c1ccccc1Br,Ru,CC([C@H]1COC(=N1)C12C3[Ru]4567891(C2(C7C34)P(c1ccccc1)c1ccccc1)C1C5C9(C8(C61)P(c1ccccc1)c1ccccc1)C1=N[C@H](CO1)C(C)(C)C)(C)C.c1ccc(cc1)P(c1ccccc1)c1ccccc1,C1CCCO1,[K+].[OH-1],40.0,10.0,100.0,2.585562186355978
O=C(c1ccccc1)c1ccccc1F,O[C@@H](c1ccccc1)c1ccccc1F,Ru,CC([C@H]1COC(=N1)C12C3[Ru]4567891(C2(C7C34)P(c1ccccc1)c1ccccc1)C1C5C9(C8(C61)P(c1ccccc1)c1ccccc1)C1=N[C@H](CO1)C(C)(C)C)(C)C.c1ccc(cc1)P(c1ccccc1)c1ccccc1,C1CCCO1,[K+].[OH-1],40.0,10.0,100.0,2.585562186355978
O=C(c1ccccc1)c1ccccc1I,O[C@@H](c1ccccc1)c1ccccc1I,Ru,CC([C@H]1COC(=N1)C12C3[Ru]4567891(C2(C7C34)P(c1ccccc1)c1ccccc1)C1C5C9(C8(C61)P(c1ccccc1)c1ccccc1)C1=N[C@H](CO1)C(C)(C)C)(C)C.c1ccc(cc1)P(c1ccccc1)c1ccccc1,C1CCCO1,[K+].[OH-1],40.0,10.0,2000.0,2.585562186355978
Nc1ccc(Br)cc1C(=O)c1ccccc1F,Nc1ccc(Br)cc1[C@@H](O)c1ccccc1F,Ru,CC([C@H]1COC(=N1)C12C3[Ru]4567891(C2(C7C34)P(c1ccccc1)c1ccccc1)C1C5C9(C8(C61)P(c1ccccc1)c1ccccc1)C1=N[C@H](CO1)C(C)(C)C)(C)C.c1ccc(cc1)P(c1ccccc1)c1ccccc1,C1CCCO1,[K+].[OH-1],40.0,10.0,100.0,2.585562186355978
O=C(c1ccccc1)c1ccccc1Br,O[C@@H](c1ccccc1)c1ccccc1Br,Ru,CC([C@H]1COC(=N1)C12C3[Ru]4567891(C2(C7C34)P(c1ccccc1)c1ccccc1)C1C5C9(C8(C61)P(c1ccccc1)c1ccccc1)C1=N[C@H](CO1)C(C)(C)C)(C)C.c1ccc(cc1)P(c1ccccc1)c1ccccc1,C1CCCO1,[K+].[OH-1],40.0,10.0,2000.0,2.585562186355978
Cc1ccc(C(=O)c2ccc(C)cc2Cl)cc1,Cc1ccc([C@H](O)c2ccc(C)cc2Cl)cc1,Ru,CC([C@H]1COC(=N1)C12C3[Ru]4567891(C2(C7C34)P(c1ccccc1)c1ccccc1)C1C5C9(C8(C61)P(c1ccccc1)c1ccccc1)C1=N[C@H](CO1)C(C)(C)C)(C)C.c1ccc(cc1)P(c1ccccc1)c1ccccc1,C1CCCO1,[K+].[OH-1],40.0,10.0,100.0,2.585562186355978
Cc1ccc(C(=O)c2ccc(C)cc2Br)cc1,Cc1ccc([C@H](O)c2ccc(C)cc2Br)cc1,Ru,CC([C@H]1COC(=N1)C12C3[Ru]4567891(C2(C7C34)P(c1ccccc1)c1ccccc1)C1C5C9(C8(C61)P(c1ccccc1)c1ccccc1)C1=N[C@H](CO1)C(C)(C)C)(C)C.c1ccc(cc1)P(c1ccccc1)c1ccccc1,C1CCCO1,[K+].[OH-1],40.0,10.0,100.0,2.585562186355978
CC(C)C(=O)CO,CC(C)[C@@H](O)CO,Ru,C[C@@H]1CC[C@H](P1c1c(C)sc(c1P(c1ccccc1C)c1ccccc1C)C)C,CO,[H+].[Br-1],49.35,60.0,100.0,2.576523897497471
O=C(CO)CCCc1ccccc1,OC[C@H](O)CCCc1ccccc1,Ru,C[C@@H]1CC[C@H](P1c1c(C)sc(c1P(c1ccccc1C)c1ccccc1C)C)C,CO,[H+].[Br-1],49.35,60.0,100.0,2.576523897497471
CC(=O)CO,C[C@@H](O)CO,Ru,C[C@@H]1CC[C@H](P1c1c(C)sc(c1P(c1ccccc1C)c1ccccc1C)C)C,CO,[H+].[Br-1],49.35,60.0,100.0,2.576523897497471
CC(=O)CO,C[C@@H](O)CO,Ru,C[C@@H]1CC[C@H](P1c1c(C)sc(c1P(c1ccccc1C)c1ccccc1C)C)C,CO,[H+].[Br-1],78.96,80.0,1000.0,2.571013119681136
CC(=O)c1ccc(C)cc1,Cc1ccc([C@H](C)O)cc1,Ru,C[N+]1(CCCC1)C[C@@H]1COC(=N1)C12C3[Fe]4567891(C2(C9C34)P(c1ccccc1)c1ccccc1)C1C7C6C5C81,Cc1ccccc1.O,[K+].[OH-1],20.0,30.0,200.0,2.563054183161207
O=C(CN1C(=O)c2ccccc2C1=O)c1ccc2ccccc2c1,O=C1c2ccccc2C(=O)N1C[C@H](O)c1ccc2ccccc2c1,Ru,CCOP(=O)(c1cc(P(c2ccccc2)c2ccccc2)c(c2c1cccc2)c1c(cc(c2c1cccc2)P(=O)(OCC)OCC)P(c1ccccc1)c1ccccc1)OCC,CCO,,102.04,80.0,100.0,2.556756058908398
Cc1ccccc1C(=O)CC(=O)COCc1ccccc1,Cc1ccccc1C(=O)C[C@@H](O)COCc1ccccc1,Ru,CC1(C)Oc2c(O1)c(c1c3OC(Oc3ccc1P(c1ccccc1)c1ccccc1)(C)C)c(cc2)P(c1ccccc1)c1ccccc1,C1CCCO1,,20.0,70.0,200.0,2.5564667344477967
COC(=O)CC(C)=O,COC(=O)C[C@@H](C)O,Ru,CN([C@@H](C12C3[Fe]4567891(C2(C9C34)P(c1ccccc1)c1ccccc1)C1C7C6C5C81)c1ccccc1P(c1ccccc1)c1ccccc1)C,CO,,50.0,50.0,125.0,2.550231867038473
CN(CCC(=O)c1ccc(Br)cc1)Cc1ccccc1,CN(CC[C@@H](O)c1ccc(Br)cc1)Cc1ccccc1,Ru,CC([C@H]1COC(=N1)C12C3[Ru]4567891(C2(C7C34)P(c1ccccc1)c1ccccc1)C1C5C9(C8(C61)P(c1ccccc1)c1ccccc1)C1=N[C@H](CO1)C(C)(C)C)(C)C,Cc1ccccc1.O,[OH-1].[K+],20.0,25.0,400.0,2.542628094861029
COc1ccc(C(C)=O)cc1,COc1ccc([C@H](C)O)cc1,Ru,C[N+]1(CCCC1)C[C@@H]1COC(=N1)C12C3[Fe]4567891(C2(C9C34)P(c1ccccc1)c1ccccc1)C1C7C6C5C81,Cc1ccccc1.O,[K+].[OH-1],20.0,30.0,200.0,2.520880236257635
O=C(CN1C(=O)c2ccccc2C1=O)c1ccccc1,O=C1c2ccccc2C(=O)N1C[C@H](O)c1ccccc1,Ru,c1ccc(cc1)P(c1cc(c2ccccc2)c2c(c1c1c(cc(c3c1cccc3)c1ccccc1)P(c1ccccc1)c1ccccc1)cccc2)c1ccccc1,CCO,,102.04,80.0,100.0,2.5023246262012093
O=C(CN1C(=O)c2ccccc2C1=O)c1ccc2ccccc2c1,O=C1c2ccccc2C(=O)N1C[C@H](O)c1ccc2ccccc2c1,Ru,OC1(CCCC1)c1cc(P(c2ccccc2)c2ccccc2)c(c2c1cccc2)c1c(cc(c2c1cccc2)C1(O)CCCC1)P(c1ccccc1)c1ccccc1,CCO,,102.04,80.0,100.0,2.5023246262012093
COC(=O)C(=O)c1ccccc1,COC(=O)[C@H](O)c1ccccc1,Ru,CC1(C)Oc2c(O1)c(c1c3OC(Oc3ccc1P(c1ccccc1)c1ccccc1)(C)C)c(cc2)P(c1ccccc1)c1ccccc1,CO,[Sm+3].[Cl-1].[Cl-1].O.O.O.O.O.O.[Cl-1],50.0,70.0,100.0,2.4982108226492477
CCOC(=O)C(=O)c1ccc(Br)cc1,CCOC(=O)[C@H](O)c1ccc(Br)cc1,Ru,CC1(C)Oc2c(O1)c(c1c3OC(Oc3ccc1P(c1ccccc1)c1ccccc1)(C)C)c(cc2)P(c1ccccc1)c1ccccc1,CO,[Ce+3].[Cl-1].[Cl-1].O.O.O.O.O.O.[Cl-1].O,50.0,70.0,100.0,2.4982108226492477
COC(=O)C(=O)c1ccccc1,COC(=O)[C@H](O)c1ccccc1,Ru,CC1(C)Oc2c(O1)c(c1c3OC(Oc3ccc1P(c1ccccc1)c1ccccc1)(C)C)c(cc2)P(c1ccccc1)c1ccccc1,CO,[La+3].[Cl-1].[Cl-1].O.O.O.O.O.O.[Cl-1].O,50.0,70.0,100.0,2.4982108226492477
CCOC(=O)C(=O)c1ccc(F)cc1,CCOC(=O)[C@H](O)c1ccc(F)cc1,Ru,CC1(C)Oc2c(O1)c(c1c3OC(Oc3ccc1P(c1ccccc1)c1ccccc1)(C)C)c(cc2)P(c1ccccc1)c1ccccc1,CO,[Ce+3].[Cl-1].[Cl-1].O.O.O.O.O.O.[Cl-1].O,50.0,70.0,100.0,2.4982108226492477
CCOC(=O)C(=O)c1ccc(C)cc1,CCOC(=O)[C@H](O)c1ccc(C)cc1,Ru,CC1(C)Oc2c(O1)c(c1c3OC(Oc3ccc1P(c1ccccc1)c1ccccc1)(C)C)c(cc2)P(c1ccccc1)c1ccccc1,CO,[Ce+3].[Cl-1].[Cl-1].O.O.O.O.O.O.[Cl-1].O,50.0,70.0,100.0,2.4982108226492477
O=C(CN1C(=O)c2ccccc2C1=O)c1ccccc1,O=C1c2ccccc2C(=O)N1C[C@H](O)c1ccccc1,Ru,CCOP(=O)(c1cc(P(c2ccccc2)c2ccccc2)c(c2c1cccc2)c1c(cc(c2c1cccc2)P(=O)(OCC)OCC)P(c1ccccc1)c1ccccc1)OCC,CCO,,102.04,80.0,100.0,2.4893187002150787
CCOC(=O)CC(=O)C(C)C,CCOC(=O)C[C@@H](O)C(C)C,Ru,CN([C@@H](C12C3[Fe]4567891(C2(C9C34)P(c1ccccc1)c1ccccc1)C1C7C6C5C81)c1ccccc1P(c1ccccc1)c1ccccc1)C,CCO,,50.0,50.0,125.0,2.483001227424282
O=C1CCC/C1=C\c1ccc(OC(F)(F)F)cc1,O[C@@H]1CCC/C1=C\c1ccc(OC(F)(F)F)cc1,Ru,CC([C@H]1COC(=N1)C12C3[Ru]4567891(C2(C7C34)P(c1ccccc1)c1ccccc1)C1C5C9(C8(C61)P(c1ccccc1)c1ccccc1)C1=N[C@H](CO1)C(C)(C)C)(C)C,CO,C1CCN2C(=NCCC2)CC1,2.0,25.0,100.0,2.4793021357091005
O=C1CCC/C1=C\c1cccc(Br)c1,O[C@@H]1CCC/C1=C\c1cccc(Br)c1,Ru,CC([C@H]1COC(=N1)C12C3[Ru]4567891(C2(C7C34)P(c1ccccc1)c1ccccc1)C1C5C9(C8(C61)P(c1ccccc1)c1ccccc1)C1=N[C@H](CO1)C(C)(C)C)(C)C,CO,C1CCN2C(=NCCC2)CC1,2.0,25.0,100.0,2.4793021357091005
O=C1CCC/C1=C\c1cccc(F)c1,O[C@@H]1CCC/C1=C\c1cccc(F)c1,Ru,CC([C@H]1COC(=N1)C12C3[Ru]4567891(C2(C7C34)P(c1ccccc1)c1ccccc1)C1C5C9(C8(C61)P(c1ccccc1)c1ccccc1)C1=N[C@H](CO1)C(C)(C)C)(C)C,CO,C1CCN2C(=NCCC2)CC1,2.0,25.0,100.0,2.4793021357091005
O=C1CCC/C1=C\c1cccc(C(F)(F)F)c1,O[C@@H]1CCC/C1=C\c1cccc(C(F)(F)F)c1,Ru,CC([C@H]1COC(=N1)C12C3[Ru]4567891(C2(C7C34)P(c1ccccc1)c1ccccc1)C1C5C9(C8(C61)P(c1ccccc1)c1ccccc1)C1=N[C@H](CO1)C(C)(C)C)(C)C,CO,C1CCN2C(=NCCC2)CC1,2.0,25.0,100.0,2.4793021357091005
O=C1CCCCC/C1=C\c1ccccc1,O[C@@H]1CCCCC/C1=C\c1ccccc1,Ru,CC([C@H]1COC(=N1)C12C3[Ru]4567891(C2(C7C34)P(c1ccccc1)c1ccccc1)C1C5C9(C8(C61)P(c1ccccc1)c1ccccc1)C1=N[C@H](CO1)C(C)(C)C)(C)C,CO,C1CCN2C(=NCCC2)CC1,2.0,25.0,100.0,2.4793021357091005
O=C1CCC/C1=C\c1ccccc1,O[C@@H]1CCC/C1=C\c1ccccc1,Ru,CC([C@H]1COC(=N1)C12C3[Ru]4567891(C2(C7C34)P(c1ccccc1)c1ccccc1)C1C5C9(C8(C61)P(c1ccccc1)c1ccccc1)C1=N[C@H](CO1)C(C)(C)C)(C)C,CO,C1CCN2C(=NCCC2)CC1,1.0,25.0,100.0,2.4793021357091005
O=C1CCC/C1=C\c1ccccc1,O[C@@H]1CCC/C1=C\c1ccccc1,Ru,CC([C@H]1COC(=N1)C12C3[Ru]4567891(C2(C7C34)P(c1ccccc1)c1ccccc1)C1C5C9(C8(C61)P(c1ccccc1)c1ccccc1)C1=N[C@H](CO1)C(C)(C)C)(C)C,CC(O)C,C1CCN2C(=NCCC2)CC1,19.7,25.0,100.0,2.4793021357091005
O=C(CCNCc1ccccc1)c1ccccc1,O[C@H](CCNCc1ccccc1)c1ccccc1,Ru,CC([C@H]1COC(=N1)C12C3[Ru]4567891(C2(C7C34)P(c1ccccc1)c1ccccc1)C1C5C9(C8(C61)P(c1ccccc1)c1ccccc1)C1=N[C@H](CO1)C(C)(C)C)(C)C.c1ccc(cc1)P(c1ccccc1)c1ccccc1,CC(O)C,C1CCN2C(=NCCC2)CC1,50.0,25.0,200.0,2.4793021357091005
O=C(CCNCc1ccccc1)c1ccc(F)cc1,O[C@H](CCNCc1ccccc1)c1ccc(F)cc1,Ru,CC([C@H]1COC(=N1)C12C3[Ru]4567891(C2(C7C34)P(c1ccccc1)c1ccccc1)C1C5C9(C8(C61)P(c1ccccc1)c1ccccc1)C1=N[C@H](CO1)C(C)(C)C)(C)C.c1ccc(cc1)P(c1ccccc1)c1ccccc1,CCO,C1CCN2C(=NCCC2)CC1,50.0,25.0,200.0,2.4793021357091005
CC(=O)c1ccccc1,C[C@@H](O)c1ccccc1,Ru,CC([C@H]1COC(=N1)C12C3[Ru]4567891(C2(C7C34)P(c1ccccc1)c1ccccc1)C1C5C9(C8(C61)P(c1ccccc1)c1ccccc1)C1=N[C@H](CO1)C(C)C)C,CC(O)C,[O-1]C(C)(C)C.[K+],10.0,25.0,,2.4793021357091005
O=C(CN1C(=O)c2ccccc2C1=O)c1ccc2ccccc2c1,O=C1c2ccccc2C(=O)N1C[C@H](O)c1ccc2ccccc2c1,Ru,c1ccc(cc1)P(c1ccc2c(c1c1c(ccc3c1cccc3)P(c1ccccc1)c1ccccc1)cccc2)c1ccccc1,CCO,,102.04,80.0,100.0,2.451611969217427
CC(=O)c1ccccc1,C[C@@H](O)c1ccccc1,Ru,CC([C@H]1COC(=N1)C12C3[Fe]4567891(C2(C7C34)P(c1ccccc1)c1ccccc1)C1C5C9(C8(C61)P(c1ccccc1)c1ccccc1)C1=N[C@H](CO1)C(C)C)C,CC(O)C,[O-1]C(C)(C)C.[K+],10.0,25.0,,2.440462303389696
CC(=O)CO,C[C@@H](O)CO,Ru,C[C@@H]1CC[C@H](P1c1c(C)sc(c1P(c1ccccc1C)c1ccccc1C)C)C,CO,[H+].[Br-1],78.96,80.0,10000.0,2.439455426201017
CCOC(=O)CC(=O)c1ccccc1,CCOC(=O)C[C@H](O)c1ccccc1,Ru,COc1cccc(c1c1c(OC)cccc1P(c1ccccc1)c1ccccc1)P(c1ccccc1)c1ccccc1,CCO,,9.87,80.0,100.0,2.439455426201017
O=C(CN1C(=O)c2ccccc2C1=O)c1ccc(Cl)cc1,O=C1c2ccccc2C(=O)N1C[C@H](O)c1ccc(Cl)cc1,Ru,c1ccc(cc1)P(c1ccc2c(c1c1c(ccc3c1cccc3)P(c1ccccc1)c1ccccc1)cccc2)c1ccccc1,CCO,,102.04,80.0,100.0,2.439455426201017
O=C(CO)C1CCCC1,OC[C@H](O)C1CCCC1,Ru,C[C@@H]1CC[C@H](P1c1c(C)sc(c1P(c1ccccc1C)c1ccccc1C)C)C,CO,[H+].[Br-1],49.35,60.0,100.0,2.4254085256173594
CCOC(=O)CC(C)=O,CCOC(=O)C[C@@H](C)O,Ru,CN([C@@H](C12C3[Fe]4567891(C2(C9C34)P(c1ccccc1)c1ccccc1)C1C7C6C5C81)c1ccccc1P(c1ccccc1)c1ccccc1)C,CCO,,50.0,50.0,125.0,2.4219093911953515
Cc1ccc(C(=O)CN2C(=O)c3ccccc3C2=O)cc1,Cc1ccc([C@@H](O)CN2C(=O)c3ccccc3C2=O)cc1,Ru,c1ccc(cc1)P(c1ccc2c(c1c1c(ccc3c1cccc3)P(c1ccccc1)c1ccccc1)cccc2)c1ccccc1,CCO,,102.04,80.0,100.0,2.4157203374403453
O=C(CN1C(=O)c2ccccc2C1=O)c1ccc(Br)cc1,O=C1c2ccccc2C(=O)N1C[C@H](O)c1ccc(Br)cc1,Ru,c1ccc(cc1)P(c1ccc2c(c1c1c(ccc3c1cccc3)P(c1ccccc1)c1ccccc1)cccc2)c1ccccc1,CCO,,102.04,80.0,100.0,2.3927151413033845
CC(=O)CC(=O)COCc1ccccc1,CC(=O)C[C@@H](O)COCc1ccccc1,Ru,CC1(C)Oc2c(O1)c(c1c3OC(Oc3ccc1P(c1ccccc1)c1ccccc1)(C)C)c(cc2)P(c1ccccc1)c1ccccc1,O1CCOCC1,,20.0,70.0,200.0,2.37037839303661
CCOC(=O)C(=O)c1ccc(Cl)cc1,CCOC(=O)[C@H](O)c1ccc(Cl)cc1,Ru,CC1(C)Oc2c(O1)c(c1c3OC(Oc3ccc1P(c1ccccc1)c1ccccc1)(C)C)c(cc2)P(c1ccccc1)c1ccccc1,CO,[Ce+3].[Cl-1].[Cl-1].O.O.O.O.O.O.[Cl-1].O,50.0,70.0,100.0,2.37037839303661
O=C(CN1C(=O)c2ccccc2C1=O)c1ccccc1,O=C1c2ccccc2C(=O)N1C[C@H](O)c1ccccc1,Ru,Brc1cc(P(c2ccccc2)c2ccccc2)c(c2c1cccc2)c1c(cc(c2c1cccc2)Br)P(c1ccccc1)c1ccccc1,CCO,,102.04,80.0,100.0,2.3594786278191546
CC(=O)c1ccccc1,C[C@@H](O)c1ccccc1,Ru,CC([C@H]1COC(=N1)C12C3[Ru]4567891(C2(C7C34)P(c1ccccc1)c1ccccc1)C1C5C9(C8(C61)P(c1ccccc1)c1ccccc1)C1=N[C@H](CO1)C(C)(C)C)(C)C,CC(O)C,[O-1]C(C)(C)C.[K+],10.0,65.0,,2.3593131565531835
Nc1ccc(Br)cc1C(=O)c1ccccc1Cl,Nc1ccc(Br)cc1[C@@H](O)c1ccccc1Cl,Ru,CC([C@H]1COC(=N1)C12C3[Ru]4567891(C2(C7C34)P(c1ccccc1)c1ccccc1)C1C5C9(C8(C61)P(c1ccccc1)c1ccccc1)C1=N[C@H](CO1)C(C)(C)C)(C)C.c1ccc(cc1)P(c1ccccc1)c1ccccc1,C1CCCO1,[K+].[OH-1],40.0,10.0,100.0,2.3545678340634977
O=C(c1ccccc1)c1ccccc1C(F)(F)F,O[C@@H](c1ccccc1)c1ccccc1C(F)(F)F,Ru,CC([C@H]1COC(=N1)C12C3[Ru]4567891(C2(C7C34)P(c1ccccc1)c1ccccc1)C1C5C9(C8(C61)P(c1ccccc1)c1ccccc1)C1=N[C@H](CO1)C(C)(C)C)(C)C.c1ccc(cc1)P(c1ccccc1)c1ccccc1,C1CCCO1,[K+].[OH-1],40.0,10.0,100.0,2.3545678340634977
O=C(c1ccccc1)c1ccc(Cl)cc1Cl,O[C@@H](c1ccccc1)c1ccc(Cl)cc1Cl,Ru,CC([C@H]1COC(=N1)C12C3[Ru]4567891(C2(C7C34)P(c1ccccc1)c1ccccc1)C1C5C9(C8(C61)P(c1ccccc1)c1ccccc1)C1=N[C@H](CO1)C(C)(C)C)(C)C.c1ccc(cc1)P(c1ccccc1)c1ccccc1,C1CCCO1,[K+].[OH-1],40.0,10.0,100.0,2.3545678340634977
Nc1ccc(Cl)cc1C(=O)c1ccccc1,Nc1ccc(Cl)cc1[C@@H](O)c1ccccc1,Ru,CC([C@H]1COC(=N1)C12C3[Ru]4567891(C2(C7C34)P(c1ccccc1)c1ccccc1)C1C5C9(C8(C61)P(c1ccccc1)c1ccccc1)C1=N[C@H](CO1)C(C)(C)C)(C)C.c1ccc(cc1)P(c1ccccc1)c1ccccc1,C1CCCO1,[K+].[OH-1],40.0,10.0,100.0,2.3545678340634977
O=C(c1ccccc1)c1ccccc1Cl,O[C@@H](c1ccccc1)c1ccccc1Cl,Ru,CC([C@H]1COC(=N1)C12C3[Ru]4567891(C2(C7C34)P(c1ccccc1)c1ccccc1)C1C5C9(C8(C61)P(c1ccccc1)c1ccccc1)C1=N[C@H](CO1)C(C)(C)C)(C)C.c1ccc(cc1)P(c1ccccc1)c1ccccc1,C1CCCO1,[K+].[OH-1],40.0,10.0,100.0,2.3545678340634977
COc1cccc(C(=O)c2ccccc2Cl)c1,COc1cccc([C@H](O)c2ccccc2Cl)c1,Ru,CC([C@H]1COC(=N1)C12C3[Ru]4567891(C2(C7C34)P(c1ccccc1)c1ccccc1)C1C5C9(C8(C61)P(c1ccccc1)c1ccccc1)C1=N[C@H](CO1)C(C)(C)C)(C)C.c1ccc(cc1)P(c1ccccc1)c1ccccc1,C1CCCO1,[K+].[OH-1],40.0,10.0,100.0,2.3545678340634977
CON(C)C(=O)CC(=O)C1CCCCC1,CON(C)C(=O)C[C@@H](O)C1CCCCC1,Ru,c1ccc(cc1)P(c1ccc2c(c1c1c(ccc3c1cccc3)P(c1ccccc1)c1ccccc1)cccc2)c1ccccc1,CCO,,5.0,25.0,200.0,2.3529371225669835
CCOC(=O)CC(=O)c1ccccc1,CCOC(=O)C[C@H](O)c1ccccc1,Ru,CN([C@@H](C12C3[Fe]4567891(C2(C9C34)P(c1ccccc1)c1ccccc1)C1C7C6C5C81)c1ccccc1P(c1ccccc1)c1ccccc1)C,CCO,,50.0,50.0,125.0,2.3526062285854707
COc1ccccc1C(C)=O,COc1ccccc1[C@H](C)O,Ru,CN(CC[N+](C[C@@H]1COC(=N1)C12C3[Fe]4567891(C2(C9C34)P(c1ccccc1)c1ccccc1)C1C7C6C5C81)(C)C)C,Cc1ccccc1.O,[K+].[OH-1],20.0,30.0,200.0,2.3445091386053076
COc1ccccc1C(C)=O,COc1ccccc1[C@H](C)O,Ru,C[n+]1ccn(c1C)C[C@@H]1COC(=N1)C12C3[Fe]4567891(C2(C9C34)P(c1ccccc1)c1ccccc1)C1C7C6C5C81,Cc1ccccc1.O,[K+].[OH-1],20.0,30.0,200.0,2.3445091386053076
CC(=O)CC(=O)COCc1ccccc1,CC(=O)C[C@H](O)COCc1ccccc1,Ru,c1ccc(cc1)P(c1ccc2c(c1c1c(ccc3c1cccc3)P(c1ccccc1)c1ccccc1)cccc2)c1ccccc1,C1CCCO1,,20.0,70.0,200.0,2.3360526927948415
O=C(CCNCc1ccccc1)c1cccc(Cl)c1,O[C@H](CCNCc1ccccc1)c1cccc(Cl)c1,Ru,CC([C@H]1COC(=N1)C12C3[Ru]4567891(C2(C7C34)P(c1ccccc1)c1ccccc1)C1C5C9(C8(C61)P(c1ccccc1)c1ccccc1)C1=N[C@H](CO1)C(C)(C)C)(C)C.c1ccc(cc1)P(c1ccccc1)c1ccccc1,CCO,C1CCN2C(=NCCC2)CC1,50.0,25.0,200.0,2.3058400121232805
O=C1CCC/C1=C\c1ccccc1,O[C@@H]1CCC/C1=C\c1ccccc1,Ru,CC([C@H]1COC(=N1)C12C3[Ru]4567891(C2(C7C34)P(c1ccccc1)c1ccccc1)C1C5C9(C8(C61)P(c1ccccc1)c1ccccc1)C1=N[C@H](CO1)C(C)(C)C)(C)C,Cc1ccccc1,C1CCN2C(=NCCC2)CC1,19.7,25.0,100.0,2.3058400121232805
O=C(CCNCc1ccccc1)c1ccc(Cl)cc1,O[C@H](CCNCc1ccccc1)c1ccc(Cl)cc1,Ru,CC([C@H]1COC(=N1)C12C3[Ru]4567891(C2(C7C34)P(c1ccccc1)c1ccccc1)C1C5C9(C8(C61)P(c1ccccc1)c1ccccc1)C1=N[C@H](CO1)C(C)(C)C)(C)C.c1ccc(cc1)P(c1ccccc1)c1ccccc1,CCO,C1CCN2C(=NCCC2)CC1,50.0,25.0,200.0,2.3058400121232805
O=C(CCNCc1ccccc1)c1ccc2ccccc2c1,O[C@H](CCNCc1ccccc1)c1ccc2ccccc2c1,Ru,CC([C@H]1COC(=N1)C12C3[Ru]4567891(C2(C7C34)P(c1ccccc1)c1ccccc1)C1C5C9(C8(C61)P(c1ccccc1)c1ccccc1)C1=N[C@H](CO1)C(C)(C)C)(C)C.c1ccc(cc1)P(c1ccccc1)c1ccccc1,CCO,C1CCN2C(=NCCC2)CC1,50.0,25.0,200.0,2.3058400121232805
O=C(CCNCc1ccccc1)c1ccco1,O[C@H](CCNCc1ccccc1)c1ccco1,Ru,CC([C@H]1COC(=N1)C12C3[Ru]4567891(C2(C7C34)P(c1ccccc1)c1ccccc1)C1C5C9(C8(C61)P(c1ccccc1)c1ccccc1)C1=N[C@H](CO1)C(C)(C)C)(C)C.c1ccc(cc1)P(c1ccccc1)c1ccccc1,CCO,C1CCN2C(=NCCC2)CC1,50.0,25.0,200.0,2.3058400121232805
O=C(CCNCc1ccccc1)c1ccccc1,O[C@H](CCNCc1ccccc1)c1ccccc1,Ru,CC([C@H]1COC(=N1)C12C3[Ru]4567891(C2(C7C34)P(c1ccccc1)c1ccccc1)C1C5C9(C8(C61)P(c1ccccc1)c1ccccc1)C1=N[C@H](CO1)C(C)(C)C)(C)C.c1ccc(cc1)P(c1ccccc1)c1ccccc1,CO,C1CCN2C(=NCCC2)CC1,50.0,25.0,200.0,2.3058400121232805
O=C1CCCC/C1=C\c1ccccc1,O[C@@H]1CCCC/C1=C\c1ccccc1,Ru,CC([C@H]1COC(=N1)C12C3[Ru]4567891(C2(C7C34)P(c1ccccc1)c1ccccc1)C1C5C9(C8(C61)P(c1ccccc1)c1ccccc1)C1=N[C@H](CO1)C(C)(C)C)(C)C,CO,C1CCN2C(=NCCC2)CC1,2.0,25.0,100.0,2.3058400121232805
O=C1CCC/C1=C\c1cccc2ccccc12,O[C@@H]1CCC/C1=C\c1cccc2ccccc12,Ru,CC([C@H]1COC(=N1)C12C3[Ru]4567891(C2(C7C34)P(c1ccccc1)c1ccccc1)C1C5C9(C8(C61)P(c1ccccc1)c1ccccc1)C1=N[C@H](CO1)C(C)(C)C)(C)C,CO,C1CCN2C(=NCCC2)CC1,2.0,25.0,100.0,2.3058400121232805
CCCC(=O)CO,CCC[C@@H](O)CO,Ru,C[C@@H]1CC[C@H](P1c1c(C)sc(c1P(c1ccccc1C)c1ccccc1C)C)C,CO,[H+].[Br-1],49.35,60.0,100.0,2.3013013598722036
Cc1ccccc1C(=O)CO,Cc1ccccc1[C@@H](O)CO,Ru,C[C@@H]1CC[C@H](P1c1c(C)sc(c1P(c1ccccc1C)c1ccccc1C)C)C,CO,[H+].[Br-1],49.35,60.0,100.0,2.3013013598722036
O=C(CO)c1ccccc1,OC[C@H](O)c1ccccc1,Ru,C[C@@H]1CC[C@H](P1c1c(C)sc(c1P(c1ccccc1C)c1ccccc1C)C)C,Cc1ccccc1,[H+].[Br-1],49.35,60.0,100.0,2.3013013598722036
CC(=O)c1ccccc1,C[C@@H](O)c1ccccc1,Ru,CC([C@H]1COC(=N1)C12C3[Fe]4567891(C2(C7C34)P(c1ccccc1)c1ccccc1)C1C5C9(C8(C61)P(c1ccccc1)c1ccccc1)C1=N[C@H](CO1)C(C)(C)C)(C)C,CC(O)C,[O-1]C(C)(C)C.[K+],10.0,25.0,,2.290907677414667
CC(=O)c1ccccc1,C[C@@H](O)c1ccccc1,Ru,CC([C@H]1COC(=N1)C12C3[Ru]4567891(C2(C7C34)P(c1ccccc1)c1ccccc1)C1C5C9(C8(C61)P(c1ccccc1)c1ccccc1)C1=N[C@H](CO1)C(C)(C)C)(C)C,CC(O)C,[O-1]C(C)(C)C.[K+],10.0,82.0,,2.280593700557853
COc1ccc2cc(C(=O)C(=O)O)ccc2c1,COc1ccc2cc([C@H](O)C(=O)O)ccc2c1,Ru,CC([C@H]1COC(=N1)C12C3[Ru-2]4567892(C1(P(c1ccccc1)c1ccccc1)C5C34)C1C6C9(C8(C71)P(c1ccccc1)c1ccccc1)C1=N[C@H](CO1)C(C)(C)C)(C)C.c1ccc(cc1)P(c1ccccc1)c1ccccc1,CO,[O-1]C(=O)C.[Na+].c1ccc(cc1)P(c1ccccc1)c1ccccc1,40.0,0.0,50.0,2.271411632966429
O=C(CN1C(=O)c2ccccc2C1=O)c1cccc2ccccc12,O=C1c2ccccc2C(=O)N1C[C@H](O)c1cccc2ccccc12,Ru,CCOP(=O)(c1cc(P(c2ccccc2)c2ccccc2)c(c2c1cccc2)c1c(cc(c2c1cccc2)P(=O)(OCC)OCC)P(c1ccccc1)c1ccccc1)OCC,CCO,,102.04,80.0,100.0,2.2677507119583438
COC(=O)C(=O)c1ccccc1,COC(=O)[C@H](O)c1ccccc1,Ru,CC1(C)Oc2c(O1)c(c1c3OC(Oc3ccc1P(c1ccccc1)c1ccccc1)(C)C)c(cc2)P(c1ccccc1)c1ccccc1,CO,[Yb+3].[Cl-1].[Cl-1].O.O.O.O.O.O.[Cl-1],50.0,70.0,100.0,2.26173778204413
CC(=O)c1ccc(Br)cc1,C[C@H](O)c1ccc(Br)cc1,Ru,C[N+]1(CCCC1)C[C@@H]1COC(=N1)C12C3[Fe]4567891(C2(C9C34)P(c1ccccc1)c1ccccc1)C1C7C6C5C81,Cc1ccccc1.O,[K+].[OH-1],20.0,30.0,200.0,2.258466823685996
O=C(CN1C(=O)c2ccccc2C1=O)c1cccc2ccccc12,O=C1c2ccccc2C(=O)N1C[C@H](O)c1cccc2ccccc12,Ru,c1ccc(cc1)P(c1cc(c2ccccc2)c2c(c1c1c(cc(c3c1cccc3)c1ccccc1)P(c1ccccc1)c1ccccc1)cccc2)c1ccccc1,CCO,,102.04,80.0,100.0,2.258212145563191
O=C(CN1C(=O)c2ccccc2C1=O)c1ccc2ccccc2c1,O=C1c2ccccc2C(=O)N1C[C@H](O)c1ccc2ccccc2c1,Ru,c1ccc(cc1)P(c1cc(c2ccccc2)c2c(c1c1c(cc(c3c1cccc3)c1ccccc1)P(c1ccccc1)c1ccccc1)cccc2)c1ccccc1,CCO,,102.04,80.0,100.0,2.248791763294225
CC(=O)CC(=O)COCc1ccccc1,CC(=O)C[C@@H](O)COCc1ccccc1,Ru,CC1(C)Oc2c(O1)c(c1c3OC(Oc3ccc1P(c1ccccc1)c1ccccc1)(C)C)c(cc2)P(c1ccccc1)c1ccccc1,CCOC(=O)C,,20.0,70.0,200.0,2.2418208382174045
CCOC(=O)CC(=O)C(C)C,CCOC(=O)C[C@@H](O)C(C)C,Ru,c1ccc(cc1)P(c1ccc2c(c1c1c3OCCOc3ccc1P(c1ccccc1)c1ccccc1)OCCO2)c1ccccc1,CCO,,19.74,50.0,100.0,2.2322243267077972
CCOC(=O)CC(=O)C(C)C,CCOC(=O)C[C@@H](O)C(C)C,Ru,COc1cccc(c1c1c(OC)cccc1P(c1ccccc1)c1ccccc1)P(c1ccccc1)c1ccccc1,CCO,,19.74,50.0,100.0,2.2322243267077972
CCOC(=O)CC(=O)c1ccccc1,CCOC(=O)C[C@H](O)c1ccccc1,Ru,FC1(F)Oc2c(O1)c(c1c3OC(Oc3ccc1P(c1ccccc1)c1ccccc1)(F)F)c(cc2)P(c1ccccc1)c1ccccc1,CCO,,9.87,80.0,100.0,2.230293600084356
COc1ccc(C(=O)CN2C(=O)c3ccccc3C2=O)cc1,COc1ccc([C@@H](O)CN2C(=O)c3ccccc3C2=O)cc1,Ru,CCOP(=O)(c1cc(P(c2ccccc2)c2ccccc2)c(c2c1cccc2)c1c(cc(c2c1cccc2)P(=O)(OCC)OCC)P(c1ccccc1)c1ccccc1)OCC,CCO,,102.04,80.0,100.0,2.230293600084356
Cc1ccc(C(=O)CN2C(=O)c3ccccc3C2=O)cc1,Cc1ccc([C@@H](O)CN2C(=O)c3ccccc3C2=O)cc1,Ru,Brc1cc(P(c2ccccc2)c2ccccc2)c(c2c1cccc2)c1c(cc(c2c1cccc2)Br)P(c1ccccc1)c1ccccc1,CCO,,102.04,80.0,100.0,2.203360913498713
CC(C)(C)C(=O)CO,CC(C)(C)[C@@H](O)CO,Ru,C[C@@H]1CC[C@H](P1c1c(C)sc(c1P(c1ccccc1C)c1ccccc1C)C)C,CO,[H+].[Br-1],49.35,60.0,100.0,2.1958267290922393
O=C1CCC/C1=C\c1ccccc1,O[C@@H]1CCC/C1=C\c1ccccc1,Ru,CC([C@H]1COC(=N1)C12C3[Ru]4567891(C2(C7C34)P(c1ccccc1)c1ccccc1)C1C5C9(C8(C61)P(c1ccccc1)c1ccccc1)C1=N[C@H](CO1)C(C)(C)C)(C)C,CO,C1CN2CCN1CC2,2.0,25.0,100.0,2.195394215697701
Cc1ccc(C(=O)c2cccc3ccccc23)cc1,Cc1ccc([C@H](O)c2cccc3ccccc23)cc1,Ru,CC([C@H]1COC(=N1)C12C3[Ru]4567891(C2(C7C34)P(c1ccccc1)c1ccccc1)C1C5C9(C8(C61)P(c1ccccc1)c1ccccc1)C1=N[C@H](CO1)C(C)(C)C)(C)C.c1ccc(cc1)P(c1ccccc1)c1ccccc1,C1CCCO1,[K+].[OH-1],40.0,10.0,100.0,2.189832632677199
Cc1cc(C)cc(C(=O)c2ccccc2Cl)c1,Cc1cc(C)cc([C@H](O)c2ccccc2Cl)c1,Ru,CC([C@H]1COC(=N1)C12C3[Ru]4567891(C2(C7C34)P(c1ccccc1)c1ccccc1)C1C5C9(C8(C61)P(c1ccccc1)c1ccccc1)C1=N[C@H](CO1)C(C)(C)C)(C)C.c1ccc(cc1)P(c1ccccc1)c1ccccc1,C1CCCO1,[K+].[OH-1],40.0,10.0,100.0,2.189832632677199
Nc1ccccc1C(=O)c1ccccc1,Nc1ccccc1[C@@H](O)c1ccccc1,Ru,CC([C@H]1COC(=N1)C12C3[Ru]4567891(C2(C7C34)P(c1ccccc1)c1ccccc1)C1C5C9(C8(C61)P(c1ccccc1)c1ccccc1)C1=N[C@H](CO1)C(C)(C)C)(C)C.c1ccc(cc1)P(c1ccccc1)c1ccccc1,C1CCCO1,[K+].[OH-1],40.0,10.0,100.0,2.189832632677199
Cc1ccccc1C(=O)c1ccccc1,Cc1ccccc1[C@@H](O)c1ccccc1,Ru,CC([C@H]1COC(=N1)C12C3[Ru]4567891(C2(C7C34)P(c1ccccc1)c1ccccc1)C1C5C9(C8(C61)P(c1ccccc1)c1ccccc1)C1=N[C@H](CO1)C(C)(C)C)(C)C.c1ccc(cc1)P(c1ccccc1)c1ccccc1,C1CCCO1,[K+].[OH-1],50.0,10.0,100.0,2.189832632677199
Cc1ccccc1C(=O)c1ccccc1,Cc1ccccc1[C@@H](O)c1ccccc1,Ru,CC([C@H]1COC(=N1)C12C3[Ru]4567891(C2(C7C34)P(c1ccccc1)c1ccccc1)C1C5C9(C8(C61)P(c1ccccc1)c1ccccc1)C1=N[C@H](CO1)C(C)(C)C)(C)C.c1ccc(cc1)P(c1ccccc1)c1ccccc1,C1CCCO1,[K+].[OH-1],20.0,10.0,100.0,2.189832632677199
O=C(c1ccccc1)c1cc(C(F)(F)F)cc(C(F)(F)F)c1,O[C@@H](c1ccccc1)c1cc(C(F)(F)F)cc(C(F)(F)F)c1,Ru,CC([C@H]1COC(=N1)C12C3[Ru]4567891(C2(C7C34)P(c1ccccc1)c1ccccc1)C1C5C9(C8(C61)P(c1ccccc1)c1ccccc1)C1=N[C@H](CO1)C(C)(C)C)(C)C.c1ccc(cc1)P(c1ccccc1)c1ccccc1,C1CCCO1,[K+].[OH-1],40.0,10.0,100.0,2.189832632677199
Cc1ccccc1C(=O)c1ccccc1,Cc1ccccc1[C@@H](O)c1ccccc1,Ru,CC([C@H]1COC(=N1)C12C3[Ru]4567891(C2(C7C34)P(c1ccccc1)c1ccccc1)C1C5C9(C8(C61)P(c1ccccc1)c1ccccc1)C1=N[C@H](CO1)C(C)(C)C)(C)C.c1ccc(cc1)P(c1ccccc1)c1ccccc1,C1CCCO1,[K+].[O-1]C(=O)[O-1].[K+],40.0,10.0,100.0,2.189832632677199
Cc1ccccc1C(=O)c1ccccc1,Cc1ccccc1[C@@H](O)c1ccccc1,Ru,CC([C@H]1COC(=N1)C12C3[Ru]4567891(C2(C7C34)P(c1ccccc1)c1ccccc1)C1C5C9(C8(C61)P(c1ccccc1)c1ccccc1)C1=N[C@H](CO1)C(C)(C)C)(C)C.c1ccc(cc1)P(c1ccccc1)c1ccccc1,C1CCCO1,[K+].[OH-1],40.0,10.0,100.0,2.189832632677199
COc1ccc(C(=O)CN2C(=O)c3ccccc3C2=O)cc1,COc1ccc([C@@H](O)CN2C(=O)c3ccccc3C2=O)cc1,Ru,c1ccc(cc1)P(c1ccc2c(c1c1c(ccc3c1cccc3)P(c1ccccc1)c1ccccc1)cccc2)c1ccccc1,CCO,,102.04,80.0,100.0,2.1859185373724963
O=C(CN1C(=O)c2ccccc2C1=O)c1ccc(Cl)cc1,O=C1c2ccccc2C(=O)N1C[C@H](O)c1ccc(Cl)cc1,Ru,c1ccc(cc1)P(c1cc(c2ccccc2)c2c(c1c1c(cc(c3c1cccc3)c1ccccc1)P(c1ccccc1)c1ccccc1)cccc2)c1ccccc1,CCO,,102.04,80.0,100.0,2.1773439340293783
O=C(CCNCc1ccccc1)c1ccccc1,O[C@H](CCNCc1ccccc1)c1ccccc1,Ru,CC([C@H]1COC(=N1)C12C3[Ru]4567891(C2(C7C34)P(c1ccccc1)c1ccccc1)C1C5C9(C8(C61)P(c1ccccc1)c1ccccc1)C1=N[C@H](CO1)C(C)(C)C)(C)C.c1ccc(cc1)P(c1ccccc1)c1ccccc1,CO,CCN(CC)CC,50.0,25.0,200.0,2.1706004860057497
O=C(CCNCc1ccccc1)c1ccc(Br)cc1,O[C@H](CCNCc1ccccc1)c1ccc(Br)cc1,Ru,CC([C@H]1COC(=N1)C12C3[Ru]4567891(C2(C7C34)P(c1ccccc1)c1ccccc1)C1C5C9(C8(C61)P(c1ccccc1)c1ccccc1)C1=N[C@H](CO1)C(C)(C)C)(C)C.c1ccc(cc1)P(c1ccccc1)c1ccccc1,CCO,C1CCN2C(=NCCC2)CC1,50.0,25.0,200.0,2.1706004860057497
O=C1CCC/C1=C\c1ccccc1F,O[C@@H]1CCC/C1=C\c1ccccc1F,Ru,CC([C@H]1COC(=N1)C12C3[Ru]4567891(C2(C7C34)P(c1ccccc1)c1ccccc1)C1C5C9(C8(C61)P(c1ccccc1)c1ccccc1)C1=N[C@H](CO1)C(C)(C)C)(C)C,CO,C1CCN2C(=NCCC2)CC1,2.0,25.0,100.0,2.1706004860057497
O=C1CCC/C1=C\c1ccccc1C(F)(F)F,O[C@@H]1CCC/C1=C\c1ccccc1C(F)(F)F,Ru,CC([C@H]1COC(=N1)C12C3[Ru]4567891(C2(C7C34)P(c1ccccc1)c1ccccc1)C1C5C9(C8(C61)P(c1ccccc1)c1ccccc1)C1=N[C@H](CO1)C(C)(C)C)(C)C,CO,C1CCN2C(=NCCC2)CC1,2.0,25.0,100.0,2.1706004860057497
COc1ccc(C(=O)CCNc2ccccc2)cc1,COc1ccc([C@H](O)CCNc2ccccc2)cc1,Ru,CC([C@H]1COC(=N1)C12C3[Ru]4567891(C2(C7C34)P(c1ccccc1)c1ccccc1)C1C5C9(C8(C61)P(c1ccccc1)c1ccccc1)C1=N[C@H](CO1)C(C)(C)C)(C)C.c1ccc(cc1)P(c1ccccc1)c1ccccc1,CCO,C1CCN2C(=NCCC2)CC1,50.0,25.0,200.0,2.1706004860057497
CCOC(=O)CC(C)=O,CCOC(=O)C[C@@H](C)O,Ru,Cc1cc(C)cc(c1)P(c1ccccc1[C@H](C12C3[Fe]4567891(C2(C9C34)P(c1cc(C)cc(c1)C)c1cc(C)cc(c1)C)C1C7C6C5C81)N(C)C)c1cc(C)cc(c1)C,CCO,,50.0,50.0,125.0,2.16903044007161
Cc1ccc(C(=O)CN2C(=O)c3ccccc3C2=O)cc1,Cc1ccc([C@@H](O)CN2C(=O)c3ccccc3C2=O)cc1,Ru,c1ccc(cc1)P(c1cc(c2ccccc2)c2c(c1c1c(cc(c3c1cccc3)c1ccccc1)P(c1ccccc1)c1ccccc1)cccc2)c1ccccc1,CCO,,102.04,80.0,100.0,2.168864031918014
CCOC(=O)C(C)=O,CCOC(=O)[C@@H](C)O,Ru,CC1(C)Oc2c(O1)c(c1c3OC(Oc3ccc1P(c1ccccc1)c1ccccc1)(C)C)c(cc2)P(c1ccccc1)c1ccccc1,CO,O=C1CC2C(C1(CC2)CS(=O)(=O)O)(C)C,50.0,70.0,100.0,2.167139314367682
COC(=O)C(=O)c1ccccc1,COC(=O)[C@H](O)c1ccccc1,Ru,CC1(C)Oc2c(O1)c(c1c3OC(Oc3ccc1P(c1ccccc1)c1ccccc1)(C)C)c(cc2)P(c1ccccc1)c1ccccc1,CO,[Fe+3].[Cl-1].[Cl-1].[Cl-1],50.0,70.0,100.0,2.167139314367682
CC1=CC(C)(C)CCC1=O,CC1=CC(C)(C)CC[C@@H]1O,Ru,CC(Sc1cc(ccc1/C=N/[C@@H]1CCCC[C@H]1/N=C/c1ccc(cc1SC(C)(C)C)C(C)(C)C)C(C)(C)C)(C)C,CC(O)C,[K+].[OH-1],50.0,23.0,2000.0,2.1560400265993724
O=C1CCCc2ccccc21,O[C@H]1CCCc2ccccc21,Ru,CC(Sc1cc(ccc1/C=N/[C@@H]1CCCC[C@H]1/N=C/c1ccc(cc1SC(C)(C)C)C(C)(C)C)C(C)(C)C)(C)C,CC(O)C,[K+].[OH-1],50.0,23.0,2000.0,2.1560400265993724
CCOC(OCC)C(=O)CC(=O)c1ccccc1,CCOC(OCC)[C@H](O)CC(=O)c1ccccc1,Ru,CC1(C)Oc2c(O1)c(c1c3OC(Oc3ccc1P(c1ccccc1)c1ccccc1)(C)C)c(cc2)P(c1ccccc1)c1ccccc1,C1CCCO1,[O-1]C(=O)[O-1].[Ca+2],20.0,70.0,200.0,2.132446803819167
CC(=O)CC(=O)COCc1ccccc1,CC(=O)C[C@@H](O)COCc1ccccc1,Ru,c1ccc(cc1)P(c1ccc2c(c1c1c3OCOc3ccc1P(c1ccccc1)c1ccccc1)OCO2)c1ccccc1,C1CCCO1,,20.0,70.0,200.0,2.132446803819167
COc1ccc(C(=O)C(=O)O)cc1,COc1ccc([C@H](O)C(=O)O)cc1,Ru,CC([C@H]1COC(=N1)C12C3[Ru-2]4567892(C1(P(c1ccccc1)c1ccccc1)C5C34)C1C6C9(C8(C71)P(c1ccccc1)c1ccccc1)C1=N[C@H](CO1)C(C)(C)C)(C)C.c1ccc(cc1)P(c1ccccc1)c1ccccc1,CO,[O-1]C(=O)C.[Na+].c1ccc(cc1)P(c1ccccc1)c1ccccc1,40.0,0.0,50.0,2.112494379713145
Cc1ccccc1C(=O)c1ccccc1,Cc1ccccc1[C@@H](O)c1ccccc1,Ru,CC([C@H]1COC(=N1)C12C3[Ru]4567891(C2(C7C34)P(c1ccccc1)c1ccccc1)C1C5C9(C8(C61)P(c1ccccc1)c1ccccc1)C1=N[C@H](CO1)C(C)(C)C)(C)C.c1ccc(cc1)P(c1ccccc1)c1ccccc1,C1CCCO1,[K+].[OH-1],40.0,0.0,100.0,2.112494379713145
Cc1ccc(C(=O)CBr)cc1,Cc1ccc([C@@H](O)CBr)cc1,Ru,C[N+]1(CCCC1)C[C@@H]1COC(=N1)C12C3[Fe]4567891(C2(C9C34)P(c1ccccc1)c1ccccc1)C1C7C6C5C81,Cc1ccccc1.O,[K+].[OH-1],20.0,30.0,200.0,2.094070260378984
COC(=O)C(=O)c1ccccc1,COC(=O)[C@H](O)c1ccccc1,Ru,CC1(C)Oc2c(O1)c(c1c3OC(Oc3ccc1P(c1ccccc1)c1ccccc1)(C)C)c(cc2)P(c1ccccc1)c1ccccc1,CO,[Cu+2].[Cl-1].[Cl-1],50.0,70.0,100.0,2.083261274074603
COc1ccc(C(=O)CN2C(=O)c3ccccc3C2=O)cc1,COc1ccc([C@@H](O)CN2C(=O)c3ccccc3C2=O)cc1,Ru,c1ccc(cc1)P(c1cc(c2ccccc2)c2c(c1c1c(cc(c3c1cccc3)c1ccccc1)P(c1ccccc1)c1ccccc1)cccc2)c1ccccc1,CCO,,102.04,80.0,100.0,2.073769826619119
O=C(CN1C(=O)c2ccccc2C1=O)c1ccc2ccccc2c1,O=C1c2ccccc2C(=O)N1C[C@H](O)c1ccc2ccccc2c1,Ru,Brc1cc(P(c2ccccc2)c2ccccc2)c(c2c1cccc2)c1c(cc(c2c1cccc2)Br)P(c1ccccc1)c1ccccc1,CCO,,102.04,80.0,100.0,2.0663474445789514
Cc1cccc(C(=O)c2ccccc2C)c1,Cc1cccc([C@H](O)c2ccccc2C)c1,Ru,CC([C@H]1COC(=N1)C12C3[Ru]4567891(C2(C7C34)P(c1ccccc1)c1ccccc1)C1C5C9(C8(C61)P(c1ccccc1)c1ccccc1)C1=N[C@H](CO1)C(C)(C)C)(C)C.c1ccc(cc1)P(c1ccccc1)c1ccccc1,C1CCCO1,[K+].[OH-1],40.0,10.0,100.0,2.061397040457918
O=C1CCC/C1=C\c1ccc(F)cc1,O[C@@H]1CCC/C1=C\c1ccc(F)cc1,Ru,CC([C@H]1COC(=N1)C12C3[Ru]4567891(C2(C7C34)P(c1ccccc1)c1ccccc1)C1C5C9(C8(C61)P(c1ccccc1)c1ccccc1)C1=N[C@H](CO1)C(C)(C)C)(C)C,CO,C1CCN2C(=NCCC2)CC1,2.0,25.0,100.0,2.059531743796781
O=C(CCNCc1ccccc1)c1ccccc1,O[C@H](CCNCc1ccccc1)c1ccccc1,Ru,CC([C@H]1COC(=N1)C12C3[Ru]4567891(C2(C7C34)P(c1ccccc1)c1ccccc1)C1C5C9(C8(C61)P(c1ccccc1)c1ccccc1)C1=N[C@H](CO1)C(C)(C)C)(C)C.c1ccc(cc1)P(c1ccccc1)c1ccccc1,CO,[OH-1].[K+],50.0,25.0,200.0,2.059531743796781
CC(C)(C)c1ccc(C(=O)CCNc2ccccc2)cc1,CC(C)(C)c1ccc([C@H](O)CCNc2ccccc2)cc1,Ru,CC([C@H]1COC(=N1)C12C3[Ru]4567891(C2(C7C34)P(c1ccccc1)c1ccccc1)C1C5C9(C8(C61)P(c1ccccc1)c1ccccc1)C1=N[C@H](CO1)C(C)(C)C)(C)C.c1ccc(cc1)P(c1ccccc1)c1ccccc1,CCO,C1CCN2C(=NCCC2)CC1,50.0,25.0,200.0,2.059531743796781
COC(=O)CC(=O)c1ccccc1,COC(=O)C[C@H](O)c1ccccc1,Ru,c1ccc(cc1)P(c1ccc2c(c1c1c3OCCOc3ccc1P(c1ccccc1)c1ccccc1)OCCO2)c1ccccc1,CO,,19.74,50.0,100.0,2.040830742934333
O=C(CN1C(=O)c2ccccc2C1=O)c1cccc2ccccc12,O=C1c2ccccc2C(=O)N1C[C@H](O)c1cccc2ccccc12,Ru,Brc1cc(P(c2ccccc2)c2ccccc2)c(c2c1cccc2)c1c(cc(c2c1cccc2)Br)P(c1ccccc1)c1ccccc1,CCO,,102.04,80.0,100.0,2.0232358559612207
CC(C)CC(=O)CO,CC(C)C[C@@H](O)CO,Ru,C[C@@H]1CC[C@H](P1c1c(C)sc(c1P(c1ccccc1C)c1ccccc1C)C)C,CO,[H+].[Br-1],49.35,60.0,100.0,2.0225513433132853
O=C(CO)c1cccc2ccccc12,OC[C@H](O)c1cccc2ccccc12,Ru,C[C@@H]1CC[C@H](P1c1c(C)sc(c1P(c1ccccc1C)c1ccccc1C)C)C,CO,[H+].[Br-1],49.35,60.0,100.0,2.0225513433132853
Cc1ccc(C(=O)CN2C(=O)c3ccccc3C2=O)cc1,Cc1ccc([C@@H](O)CN2C(=O)c3ccccc3C2=O)cc1,Ru,OC1(CCCC1)c1cc(P(c2ccccc2)c2ccccc2)c(c2c1cccc2)c1c(cc(c2c1cccc2)C1(O)CCCC1)P(c1ccccc1)c1ccccc1,CCO,,102.04,80.0,100.0,2.016275701318421
CCOC(=O)C(=O)c1ccc(C)cc1,CCOC(=O)[C@H](O)c1ccc(C)cc1,Ru,CC1(C)Oc2c(O1)c(c1c3OC(Oc3ccc1P(c1ccccc1)c1ccccc1)(C)C)c(cc2)P(c1ccccc1)c1ccccc1,CO,O=C1CC2C(C1(CC2)CS(=O)(=O)O)(C)C,50.0,70.0,100.0,2.007835553184956
COC(=O)C(=O)c1ccccc1,COC(=O)[C@H](O)c1ccccc1,Ru,CC1(C)Oc2c(O1)c(c1c3OC(Oc3ccc1P(c1ccccc1)c1ccccc1)(C)C)c(cc2)P(c1ccccc1)c1ccccc1,CO,[Cu+].[Cl-1],50.0,70.0,100.0,2.007835553184956
COc1cccc(C(=O)C(=O)O)c1,COc1cccc([C@H](O)C(=O)O)c1,Ru,CC([C@H]1COC(=N1)C12C3[Ru-2]4567892(C1(P(c1ccccc1)c1ccccc1)C5C34)C1C6C9(C8(C71)P(c1ccccc1)c1ccccc1)C1=N[C@H](CO1)C(C)(C)C)(C)C.c1ccc(cc1)P(c1ccccc1)c1ccccc1,CO,[O-1]C(=O)C.[Na+].c1ccc(cc1)P(c1ccccc1)c1ccccc1,40.0,0.0,50.0,1.9885947434260294
CC(C)c1ccc(C(=O)C(=O)O)cc1,CC(C)c1ccc([C@H](O)C(=O)O)cc1,Ru,CC([C@H]1COC(=N1)C12C3[Ru-2]4567892(C1(P(c1ccccc1)c1ccccc1)C5C34)C1C6C9(C8(C71)P(c1ccccc1)c1ccccc1)C1=N[C@H](CO1)C(C)(C)C)(C)C.c1ccc(cc1)P(c1ccccc1)c1ccccc1,CO,[O-1]C(=O)C.[Na+].c1ccc(cc1)P(c1ccccc1)c1ccccc1,40.0,0.0,50.0,1.9885947434260294
O=C(CN1C(=O)c2ccccc2C1=O)c1ccc(Cl)cc1,O=C1c2ccccc2C(=O)N1C[C@H](O)c1ccc(Cl)cc1,Ru,Brc1cc(P(c2ccccc2)c2ccccc2)c(c2c1cccc2)c1c(cc(c2c1cccc2)Br)P(c1ccccc1)c1ccccc1,CCO,,102.04,80.0,100.0,1.9823693274256444
O=C(CN1C(=O)c2ccccc2C1=O)c1ccc(Br)cc1,O=C1c2ccccc2C(=O)N1C[C@H](O)c1ccc(Br)cc1,Ru,c1ccc(cc1)P(c1cc(c2ccccc2)c2c(c1c1c(cc(c3c1cccc3)c1ccccc1)P(c1ccccc1)c1ccccc1)cccc2)c1ccccc1,CCO,,102.04,80.0,100.0,1.9757594409389623
O=C1CCC/C1=C\Cc1ccccc1,O[C@@H]1CCC/C1=C\Cc1ccccc1,Ru,CC([C@H]1COC(=N1)C12C3[Ru]4567891(C2(C7C34)P(c1ccccc1)c1ccccc1)C1C5C9(C8(C61)P(c1ccccc1)c1ccccc1)C1=N[C@H](CO1)C(C)(C)C)(C)C,CO,C1CCN2C(=NCCC2)CC1,2.0,25.0,100.0,1.9651380437606216
O=C(CCNCc1ccccc1)c1ccc(-c2ccccc2)cc1,O[C@H](CCNCc1ccccc1)c1ccc(-c2ccccc2)cc1,Ru,CC([C@H]1COC(=N1)C12C3[Ru]4567891(C2(C7C34)P(c1ccccc1)c1ccccc1)C1C5C9(C8(C61)P(c1ccccc1)c1ccccc1)C1=N[C@H](CO1)C(C)(C)C)(C)C.c1ccc(cc1)P(c1ccccc1)c1ccccc1,CCO,C1CCN2C(=NCCC2)CC1,50.0,25.0,200.0,1.9651380437606216
O=C(CCNCc1ccccc1)c1ccccc1,O[C@H](CCNCc1ccccc1)c1ccccc1,Ru,CC([C@H]1COC(=N1)C12C3[Ru]4567891(C2(C7C34)P(c1ccccc1)c1ccccc1)C1C5C9(C8(C61)P(c1ccccc1)c1ccccc1)C1=N[C@H](CO1)C(C)(C)C)(C)C.c1ccc(cc1)P(c1ccccc1)c1ccccc1,CCO,C1CCN2C(=NCCC2)CC1,100.0,25.0,2000.0,1.9651380437606216
Cc1ccc(C(=O)CCNc2ccccc2)cc1,Cc1ccc([C@H](O)CCNc2ccccc2)cc1,Ru,CC([C@H]1COC(=N1)C12C3[Ru]4567891(C2(C7C34)P(c1ccccc1)c1ccccc1)C1C5C9(C8(C61)P(c1ccccc1)c1ccccc1)C1=N[C@H](CO1)C(C)(C)C)(C)C.c1ccc(cc1)P(c1ccccc1)c1ccccc1,CCO,C1CCN2C(=NCCC2)CC1,50.0,25.0,200.0,1.9651380437606216
Cc1ccc(C(=O)c2ccccc2)c(C)c1,Cc1ccc([C@@H](O)c2ccccc2)c(C)c1,Ru,CC([C@H]1COC(=N1)C12C3[Ru]4567891(C2(C7C34)P(c1ccccc1)c1ccccc1)C1C5C9(C8(C61)P(c1ccccc1)c1ccccc1)C1=N[C@H](CO1)C(C)(C)C)(C)C.c1ccc(cc1)P(c1ccccc1)c1ccccc1,C1CCCO1,[K+].[OH-1],40.0,10.0,100.0,1.955916194050171
CCc1ccccc1C(=O)c1ccccc1,CCc1ccccc1[C@@H](O)c1ccccc1,Ru,CC([C@H]1COC(=N1)C12C3[Ru]4567891(C2(C7C34)P(c1ccccc1)c1ccccc1)C1C5C9(C8(C61)P(c1ccccc1)c1ccccc1)C1=N[C@H](CO1)C(C)(C)C)(C)C.c1ccc(cc1)P(c1ccccc1)c1ccccc1,C1CCCO1,[K+].[OH-1],40.0,10.0,100.0,1.955916194050171
Cc1ccccc1C(=O)c1ccc(C(C)(C)C)cc1,Cc1ccccc1[C@@H](O)c1ccc(C(C)(C)C)cc1,Ru,CC([C@H]1COC(=N1)C12C3[Ru]4567891(C2(C7C34)P(c1ccccc1)c1ccccc1)C1C5C9(C8(C61)P(c1ccccc1)c1ccccc1)C1=N[C@H](CO1)C(C)(C)C)(C)C.c1ccc(cc1)P(c1ccccc1)c1ccccc1,C1CCCO1,[K+].[OH-1],40.0,10.0,100.0,1.955916194050171
CON(C)C(=O)CC(=O)C(C)(C)C,CON(C)C(=O)C[C@@H](O)C(C)(C)C,Ru,c1ccc(cc1)P(c1ccc2c(c1c1c(ccc3c1cccc3)P(c1ccccc1)c1ccccc1)cccc2)c1ccccc1,CCO,,5.0,25.0,200.0,1.94783296784065
CCOC(=O)C(=O)c1ccccc1,CCOC(=O)[C@H](O)c1ccccc1,Ru,CC1(C)Oc2c(O1)c(c1c3OC(Oc3ccc1P(c1ccccc1)c1ccccc1)(C)C)c(cc2)P(c1ccccc1)c1ccccc1,CO,O=C1CC2C(C1(CC2)CS(=O)(=O)O)(C)C,50.0,70.0,100.0,1.9392443438293419
CCOC(=O)C(=O)c1ccc(OC)cc1,CCOC(=O)[C@H](O)c1ccc(OC)cc1,Ru,CC1(C)Oc2c(O1)c(c1c3OC(Oc3ccc1P(c1ccccc1)c1ccccc1)(C)C)c(cc2)P(c1ccccc1)c1ccccc1,CO,,50.0,70.0,100.0,1.9392443438293419
COC(=O)C(=O)c1ccccc1,COC(=O)[C@H](O)c1ccccc1,Ru,CC1(C)Oc2c(O1)c(c1c3OC(Oc3ccc1P(c1ccccc1)c1ccccc1)(C)C)c(cc2)P(c1ccccc1)c1ccccc1,CO,O=C1CC2C(C1(CC2)CS(=O)(=O)O)(C)C,50.0,70.0,100.0,1.9392443438293419
CCOC(=O)C(=O)c1ccc(OC)cc1,CCOC(=O)[C@H](O)c1ccc(OC)cc1,Ru,CC1(C)Oc2c(O1)c(c1c3OC(Oc3ccc1P(c1ccccc1)c1ccccc1)(C)C)c(cc2)P(c1ccccc1)c1ccccc1,CO,O=C1CC2C(C1(CC2)CS(=O)(=O)O)(C)C,50.0,70.0,100.0,1.9392443438293419
CCOC(=O)CC(=O)c1ccccc1,CCOC(=O)C[C@H](O)c1ccccc1,Ru,c1ccc(cc1)P(c1ccc2c(c1c1c(ccc3c1cccc3)P(c1ccccc1)c1ccccc1)cccc2)c1ccccc1,CCO,,9.87,80.0,100.0,1.9309715714952786
CC(=O)CO,C[C@H](O)CO,Ru,c1ccc(cc1)P(c1ccc2c(c1c1c(ccc3c1cccc3)P(c1ccccc1)c1ccccc1)cccc2)c1ccccc1,CO,,29.61,65.0,100.0,1.9109878329182337
COC(=O)CC(=O)c1ccccc1,COC(=O)C[C@H](O)c1ccccc1,Ru,COc1cccc(c1c1c(OC)cccc1P(c1ccccc1)c1ccccc1)P(c1ccccc1)c1ccccc1,CO,,19.74,50.0,100.0,1.890811770396965
CCOC(=O)CC(=O)CCl,CCOC(=O)C[C@H](O)CCl,Ru,c1ccc(cc1)P(c1ccc2c(c1c1c(ccc3c1cccc3)P(c1ccccc1)c1ccccc1)cccc2)c1ccccc1,CO,,49.35,50.0,100.0,1.890811770396965
O=C(O)C(=O)c1ccco1,O=C(O)[C@@H](O)c1ccco1,Ru,CC([C@H]1COC(=N1)C12C3[Ru-2]4567892(C1(P(c1ccccc1)c1ccccc1)C5C34)C1C6C9(C8(C71)P(c1ccccc1)c1ccccc1)C1=N[C@H](CO1)C(C)(C)C)(C)C.c1ccc(cc1)P(c1ccccc1)c1ccccc1,CO,[O-1]C(=O)C.[Na+].c1ccc(cc1)P(c1ccccc1)c1ccccc1,40.0,0.0,50.0,1.8868391608857644
CC(C)(C)c1ccc(C(=O)C(=O)O)cc1,CC(C)(C)c1ccc([C@H](O)C(=O)O)cc1,Ru,CC([C@H]1COC(=N1)C12C3[Ru-2]4567892(C1(P(c1ccccc1)c1ccccc1)C5C34)C1C6C9(C8(C71)P(c1ccccc1)c1ccccc1)C1=N[C@H](CO1)C(C)(C)C)(C)C.c1ccc(cc1)P(c1ccccc1)c1ccccc1,CO,[O-1]C(=O)C.[Na+].c1ccc(cc1)P(c1ccccc1)c1ccccc1,40.0,0.0,50.0,1.8868391608857644
CCc1ccc(C(=O)C(=O)O)cc1,CCc1ccc([C@H](O)C(=O)O)cc1,Ru,CC([C@H]1COC(=N1)C12C3[Ru-2]4567892(C1(P(c1ccccc1)c1ccccc1)C5C34)C1C6C9(C8(C71)P(c1ccccc1)c1ccccc1)C1=N[C@H](CO1)C(C)(C)C)(C)C.c1ccc(cc1)P(c1ccccc1)c1ccccc1,CO,[O-1]C(=O)C.[Na+].c1ccc(cc1)P(c1ccccc1)c1ccccc1,40.0,0.0,50.0,1.8868391608857644
CCC(C)c1ccc(C(=O)C(=O)O)cc1,CCC(C)c1ccc([C@H](O)C(=O)O)cc1,Ru,CC([C@H]1COC(=N1)C12C3[Ru-2]4567892(C1(P(c1ccccc1)c1ccccc1)C5C34)C1C6C9(C8(C71)P(c1ccccc1)c1ccccc1)C1=N[C@H](CO1)C(C)(C)C)(C)C.c1ccc(cc1)P(c1ccccc1)c1ccccc1,CO,[O-1]C(=O)C.[Na+].c1ccc(cc1)P(c1ccccc1)c1ccccc1,40.0,0.0,50.0,1.8868391608857644
O=C(O)C(=O)c1ccccc1,O=C(O)[C@@H](O)c1ccccc1,Ru,CC([C@H]1COC(=N1)C12C3[Ru-2]4567892(C1(P(c1ccccc1)c1ccccc1)C5C34)C1C6C9(C8(C71)P(c1ccccc1)c1ccccc1)C1=N[C@H](CO1)C(C)(C)C)(C)C.c1ccc(cc1)P(c1ccccc1)c1ccccc1,CO,[O-1]C(=O)C.[Na+].c1ccc(cc1)P(c1ccccc1)c1ccccc1,40.0,0.0,50.0,1.8868391608857644
O=C(O)C(=O)c1ccccc1,O=C(O)[C@@H](O)c1ccccc1,Ru,CC([C@H]1COC(=N1)C12C3[Ru-2]4567892(C1(P(c1ccccc1)c1ccccc1)C5C34)C1C6C9(C8(C71)P(c1ccccc1)c1ccccc1)C1=N[C@H](CO1)C(C)(C)C)(C)C.c1ccc(cc1)P(c1ccccc1)c1ccccc1,CO,[O-1]C(=O)C.[Na+].c1ccc(cc1)P(c1ccccc1)c1ccccc1,40.0,25.0,50.0,1.8829450286426468
O=C(CCNCc1ccccc1)c1ccccc1,O[C@H](CCNCc1ccccc1)c1ccccc1,Ru,CC([C@H]1COC(=N1)C12C3[Ru]4567891(C2(C7C34)P(c1ccccc1)c1ccccc1)C1C5C9(C8(C61)P(c1ccccc1)c1ccccc1)C1=N[C@H](CO1)C(C)(C)C)(C)C.c1ccc(cc1)P(c1ccccc1)c1ccccc1,CO,[O-1]C(=O)[O-1].[K+].[K+],50.0,25.0,200.0,1.8829450286426468
O=C(CCNCc1ccccc1)c1ccccc1,O[C@H](CCNCc1ccccc1)c1ccccc1,Ru,CC([C@H]1COC(=N1)C12C3[Ru]4567891(C2(C7C34)P(c1ccccc1)c1ccccc1)C1C5C9(C8(C61)P(c1ccccc1)c1ccccc1)C1=N[C@H](CO1)C(C)(C)C)(C)C.c1ccc(cc1)P(c1ccccc1)c1ccccc1,CO,[O-1]C(=O)O.[Na+],50.0,25.0,200.0,1.8829450286426468
O=C1CCC/C1=C\CCc1ccccc1,O[C@@H]1CCC/C1=C\CCc1ccccc1,Ru,CC([C@H]1COC(=N1)C12C3[Ru]4567891(C2(C7C34)P(c1ccccc1)c1ccccc1)C1C5C9(C8(C61)P(c1ccccc1)c1ccccc1)C1=N[C@H](CO1)C(C)(C)C)(C)C,CO,C1CCN2C(=NCCC2)CC1,2.0,25.0,100.0,1.8829450286426468
CCOC(=O)C(=O)c1ccc(OC)cc1,CCOC(=O)[C@H](O)c1ccc(OC)cc1,Ru,CC1(C)Oc2c(O1)c(c1c3OC(Oc3ccc1P(c1ccccc1)c1ccccc1)(C)C)c(cc2)P(c1ccccc1)c1ccccc1,CO,[Ce+3].[Cl-1].[Cl-1].O.O.O.O.O.O.[Cl-1].O,50.0,70.0,100.0,1.876293061754509
CCOC(=O)C(=O)c1ccc(F)cc1,CCOC(=O)[C@H](O)c1ccc(F)cc1,Ru,CC1(C)Oc2c(O1)c(c1c3OC(Oc3ccc1P(c1ccccc1)c1ccccc1)(C)C)c(cc2)P(c1ccccc1)c1ccccc1,CO,O=C1CC2C(C1(CC2)CS(=O)(=O)O)(C)C,50.0,70.0,100.0,1.876293061754509
Cc1ccccc1C(=O)c1ccc(Cl)cc1Br,Cc1ccccc1[C@@H](O)c1ccc(Cl)cc1Br,Ru,CC([C@H]1COC(=N1)C12C3[Ru]4567891(C2(C7C34)P(c1ccccc1)c1ccccc1)C1C5C9(C8(C61)P(c1ccccc1)c1ccccc1)C1=N[C@H](CO1)C(C)(C)C)(C)C.c1ccc(cc1)P(c1ccccc1)c1ccccc1,C1CCCO1,[K+].[OH-1],40.0,10.0,100.0,1.8662714643327856
COc1cccc(C(=O)c2ccccc2C)c1,COc1cccc([C@H](O)c2ccccc2C)c1,Ru,CC([C@H]1COC(=N1)C12C3[Ru]4567891(C2(C7C34)P(c1ccccc1)c1ccccc1)C1C5C9(C8(C61)P(c1ccccc1)c1ccccc1)C1=N[C@H](CO1)C(C)(C)C)(C)C.c1ccc(cc1)P(c1ccccc1)c1ccccc1,C1CCCO1,[K+].[OH-1],40.0,10.0,100.0,1.8662714643327856
O=C(CN1C(=O)c2ccccc2C1=O)c1cccc2ccccc12,O=C1c2ccccc2C(=O)N1C[C@H](O)c1cccc2ccccc12,Ru,OC1(CCCC1)c1cc(P(c2ccccc2)c2ccccc2)c(c2c1cccc2)c1c(cc(c2c1cccc2)C1(O)CCCC1)P(c1ccccc1)c1ccccc1,CCO,,102.04,80.0,100.0,1.8539187608147627
COc1ccc(C(=O)CN2C(=O)c3ccccc3C2=O)cc1,COc1ccc([C@@H](O)CN2C(=O)c3ccccc3C2=O)cc1,Ru,OC1(CCCC1)c1cc(P(c2ccccc2)c2ccccc2)c(c2c1cccc2)c1c(cc(c2c1cccc2)C1(O)CCCC1)P(c1ccccc1)c1ccccc1,CCO,,102.04,80.0,100.0,1.8206939199274383
COC(=O)C(=O)c1ccccc1,COC(=O)[C@H](O)c1ccccc1,Ru,CC1(C)Oc2c(O1)c(c1c3OC(Oc3ccc1P(c1ccccc1)c1ccccc1)(C)C)c(cc2)P(c1ccccc1)c1ccccc1,CO,[Al+3].[Cl-1].[Cl-1].[Cl-1],50.0,70.0,100.0,1.818074475083233
CCOC(=O)C(=O)c1ccc(C)cc1,CCOC(=O)[C@H](O)c1ccc(C)cc1,Ru,CC1(C)Oc2c(O1)c(c1c3OC(Oc3ccc1P(c1ccccc1)c1ccccc1)(C)C)c(cc2)P(c1ccccc1)c1ccccc1,CO,,50.0,70.0,100.0,1.818074475083233
COC(=O)C(=O)c1ccccc1,COC(=O)[C@H](O)c1ccccc1,Ru,CC1(C)Oc2c(O1)c(c1c3OC(Oc3ccc1P(c1ccccc1)c1ccccc1)(C)C)c(cc2)P(c1ccccc1)c1ccccc1,CO,F[B-1](F)(F)F.[H+],50.0,70.0,100.0,1.818074475083233
CCOC(=O)C(=O)c1ccccc1C,CCOC(=O)[C@H](O)c1ccccc1C,Ru,CC1(C)Oc2c(O1)c(c1c3OC(Oc3ccc1P(c1ccccc1)c1ccccc1)(C)C)c(cc2)P(c1ccccc1)c1ccccc1,CO,[Ce+3].[Cl-1].[Cl-1].O.O.O.O.O.O.[Cl-1].O,50.0,70.0,100.0,1.818074475083233
CCOC(=O)C(=O)c1ccc(Cl)cc1,CCOC(=O)[C@H](O)c1ccc(Cl)cc1,Ru,CC1(C)Oc2c(O1)c(c1c3OC(Oc3ccc1P(c1ccccc1)c1ccccc1)(C)C)c(cc2)P(c1ccccc1)c1ccccc1,CO,O=C1CC2C(C1(CC2)CS(=O)(=O)O)(C)C,50.0,70.0,100.0,1.818074475083233
O=C(O)C(=O)c1ccccc1,O=C(O)[C@@H](O)c1ccccc1,Ru,CC([C@H]1COC(=N1)C12C3[Ru-2]4567892(C1(P(c1ccccc1)c1ccccc1)C5C34)C1C6C9(C8(C71)P(c1ccccc1)c1ccccc1)C1=N[C@H](CO1)C(C)(C)C)(C)C.c1ccc(cc1)P(c1ccccc1)c1ccccc1,CO,[O-1]C(=O)C.[Na+].c1ccc(cc1)P(c1ccccc1)c1ccccc1,40.0,-10.0,50.0,1.817762127721358
CCOC(=O)C(=O)CC(=O)Cc1ccccc1,CCOC(=O)[C@H](O)CC(=O)Cc1ccccc1,Ru,CC1(C)Oc2c(O1)c(c1c3OC(Oc3ccc1P(c1ccccc1)c1ccccc1)(C)C)c(cc2)P(c1ccccc1)c1ccccc1,C1CCCO1,,20.0,70.0,200.0,1.8124843492572829
O=C(CCNc1ccc(Br)cc1)c1ccccc1,O[C@H](CCNc1ccc(Br)cc1)c1ccccc1,Ru,CC([C@H]1COC(=N1)C12C3[Ru]4567891(C2(C7C34)P(c1ccccc1)c1ccccc1)C1C5C9(C8(C61)P(c1ccccc1)c1ccccc1)C1=N[C@H](CO1)C(C)(C)C)(C)C.c1ccc(cc1)P(c1ccccc1)c1ccccc1,CCO,C1CCN2C(=NCCC2)CC1,50.0,25.0,200.0,1.8100665856486746
O=C(O)C(=O)c1ccccc1,O=C(O)[C@@H](O)c1ccccc1,Ru,CC([C@H]1COC(=N1)C12C3[Ru-2]4567892(C1(P(c1ccccc1)c1ccccc1)C5C34)C1C6C9(C8(C71)P(c1ccccc1)c1ccccc1)C1=N[C@H](CO1)C(C)(C)C)(C)C.c1ccc(cc1)P(c1ccccc1)c1ccccc1,CO,[O-1]C(=O)C.[Na+].Cc1cc(C)cc(c1P(c1c(C)cc(cc1C)C)c1c(C)cc(cc1C)C)C,40.0,25.0,50.0,1.8100665856486746
O=C(CC(=O)c1ccccc1Cl)c1ccccc1,O=C(C[C@@H](O)c1ccccc1Cl)c1ccccc1,Ru,CC1(C)Oc2c(O1)c(c1c3OC(Oc3ccc1P(c1ccccc1)c1ccccc1)(C)C)c(cc2)P(c1ccccc1)c1ccccc1,C1CCCO1,,20.0,70.0,200.0,1.8014221231023244
Cc1ccc(C(=O)C(=O)O)cc1,Cc1ccc([C@H](O)C(=O)O)cc1,Ru,CC([C@H]1COC(=N1)C12C3[Ru-2]4567892(C1(P(c1ccccc1)c1ccccc1)C5C34)C1C6C9(C8(C71)P(c1ccccc1)c1ccccc1)C1=N[C@H](CO1)C(C)(C)C)(C)C.c1ccc(cc1)P(c1ccccc1)c1ccccc1,CO,[O-1]C(=O)C.[Na+].c1ccc(cc1)P(c1ccccc1)c1ccccc1,40.0,0.0,50.0,1.8003604113808949
O=C(O)C(=O)c1ccc2ccccc2c1,O=C(O)[C@@H](O)c1ccc2ccccc2c1,Ru,CC([C@H]1COC(=N1)C12C3[Ru-2]4567892(C1(P(c1ccccc1)c1ccccc1)C5C34)C1C6C9(C8(C71)P(c1ccccc1)c1ccccc1)C1=N[C@H](CO1)C(C)(C)C)(C)C.c1ccc(cc1)P(c1ccccc1)c1ccccc1,CO,[O-1]C(=O)C.[Na+].c1ccc(cc1)P(c1ccccc1)c1ccccc1,40.0,0.0,50.0,1.8003604113808949
Cc1cccc(C(=O)C(=O)O)c1,Cc1cccc([C@H](O)C(=O)O)c1,Ru,CC([C@H]1COC(=N1)C12C3[Ru-2]4567892(C1(P(c1ccccc1)c1ccccc1)C5C34)C1C6C9(C8(C71)P(c1ccccc1)c1ccccc1)C1=N[C@H](CO1)C(C)(C)C)(C)C.c1ccc(cc1)P(c1ccccc1)c1ccccc1,CO,[O-1]C(=O)C.[Na+].c1ccc(cc1)P(c1ccccc1)c1ccccc1,40.0,0.0,50.0,1.8003604113808949
C/C=C(\C)C(C)=O,C/C=C(\C)[C@H](C)O,Ru,CC(Sc1cc(ccc1/C=N/[C@@H]1CCCC[C@H]1/N=C/c1ccc(cc1SC(C)(C)C)C(C)(C)C)C(C)(C)C)(C)C,CC(O)C,[K+].[OH-1],50.0,23.0,2000.0,1.7979245994964115
CN(CCC(=O)c1ccccc1)Cc1ccccc1,CN(CC[C@@H](O)c1ccccc1)Cc1ccccc1,Ru,CC([C@H]1COC(=N1)C12C3[Ru]4567891(C2(C7C34)P(c1ccccc1)c1ccccc1)C1C5C9(C8(C61)P(c1ccccc1)c1ccccc1)C1=N[C@H](CO1)C(C)(C)C)(C)C,Cc1ccccc1.O,[O-1]C(=O)[O-1].[K+].[K+],20.0,25.0,400.0,1.789707816511269
Cc1ccccc1C(=O)c1ccccc1,Cc1ccccc1[C@@H](O)c1ccccc1,Ru,CC([C@H]1COC(=N1)C12C3[Ru]4567891(C2(C7C34)P(c1ccccc1)c1ccccc1)C1C5C9(C8(C61)P(c1ccccc1)c1ccccc1)C1=N[C@H](CO1)C(C)(C)C)(C)C.c1ccc(cc1)P(c1ccccc1)c1ccccc1,CC(O)C,[K+].[OH-1],40.0,10.0,100.0,1.7882136000676352
O=C(c1ccc(Cl)cc1)c1ccccc1Cl,O[C@@H](c1ccc(Cl)cc1)c1ccccc1Cl,Ru,CC([C@H]1COC(=N1)C12C3[Ru]4567891(C2(C7C34)P(c1ccccc1)c1ccccc1)C1C5C9(C8(C61)P(c1ccccc1)c1ccccc1)C1=N[C@H](CO1)C(C)(C)C)(C)C.c1ccc(cc1)P(c1ccccc1)c1ccccc1,C1CCCO1,[K+].[OH-1],40.0,10.0,100.0,1.7882136000676352
Cc1ccc(C(=O)c2ccccc2C)cc1,Cc1ccc([C@H](O)c2ccccc2C)cc1,Ru,CC([C@H]1COC(=N1)C12C3[Ru]4567891(C2(C7C34)P(c1ccccc1)c1ccccc1)C1C5C9(C8(C61)P(c1ccccc1)c1ccccc1)C1=N[C@H](CO1)C(C)(C)C)(C)C.c1ccc(cc1)P(c1ccccc1)c1ccccc1,C1CCCO1,[K+].[OH-1],40.0,10.0,100.0,1.7882136000676352
O=C(c1ccccc1)c1cccc2ccccc12,O[C@@H](c1ccccc1)c1cccc2ccccc12,Ru,CC([C@H]1COC(=N1)C12C3[Ru]4567891(C2(C7C34)P(c1ccccc1)c1ccccc1)C1C5C9(C8(C61)P(c1ccccc1)c1ccccc1)C1=N[C@H](CO1)C(C)(C)C)(C)C.c1ccc(cc1)P(c1ccccc1)c1ccccc1,C1CCCO1,[K+].[OH-1],40.0,10.0,100.0,1.7882136000676352
Cc1ccccc1C(=O)c1ccccc1,Cc1ccccc1[C@@H](O)c1ccccc1,Ru,CC([C@H]1COC(=N1)C12C3[Ru]4567891(C2(C7C34)P(c1ccccc1)c1ccccc1)C1C5C9(C8(C61)P(c1ccccc1)c1ccccc1)C1=N[C@H](CO1)C(C)(C)C)(C)C.c1ccc(cc1)P(c1ccccc1)c1ccccc1,C1CCCO1,[Na+].[OH-1],40.0,10.0,100.0,1.7882136000676352
Cc1ccccc1C(=O)c1cccc(F)c1,Cc1ccccc1[C@@H](O)c1cccc(F)c1,Ru,CC([C@H]1COC(=N1)C12C3[Ru]4567891(C2(C7C34)P(c1ccccc1)c1ccccc1)C1C5C9(C8(C61)P(c1ccccc1)c1ccccc1)C1=N[C@H](CO1)C(C)(C)C)(C)C.c1ccc(cc1)P(c1ccccc1)c1ccccc1,C1CCCO1,[K+].[OH-1],40.0,10.0,100.0,1.7882136000676352
COc1ccccc1C(C)=O,COc1ccccc1[C@H](C)O,Ru,C[N+]1(CCCC1)C[C@@H]1COC(=N1)C12C3[Fe]4567891(C2(C9C34)P(c1ccccc1)c1ccccc1)C1C7C6C5C81,Cc1ccccc1.O,[K+].[OH-1],20.0,30.0,10000.0,1.7801594872988415
COc1ccc(C(=O)CN2C(=O)c3ccccc3C2=O)cc1,COc1ccc([C@@H](O)CN2C(=O)c3ccccc3C2=O)cc1,Ru,Brc1cc(P(c2ccccc2)c2ccccc2)c(c2c1cccc2)c1c(cc(c2c1cccc2)Br)P(c1ccccc1)c1ccccc1,CCO,,102.04,80.0,100.0,1.7783999857117934
CCOC(=O)C(=O)c1ccc(Br)cc1,CCOC(=O)[C@H](O)c1ccc(Br)cc1,Ru,CC1(C)Oc2c(O1)c(c1c3OC(Oc3ccc1P(c1ccccc1)c1ccccc1)(C)C)c(cc2)P(c1ccccc1)c1ccccc1,CO,O=C1CC2C(C1(CC2)CS(=O)(=O)O)(C)C,50.0,70.0,100.0,1.7638833295145495
CN(CCC(=O)c1ccccc1)Cc1ccccc1,CN(CC[C@@H](O)c1ccccc1)Cc1ccccc1,Ru,CC([C@H]1COC(=N1)C12C3[Ru]4567891(C2(C7C34)P(c1ccccc1)c1ccccc1)C1C5C9(C8(C61)P(c1ccccc1)c1ccccc1)C1=N[C@H](CO1)C(C)(C)C)(C)C,CO,[O-1]C(=O)[O-1].[K+].[K+],20.0,25.0,400.0,1.763513388023209
CC(=O)c1ccccc1,C[C@H](O)c1ccccc1,Ru,C[N+]1(CCCC1)C[C@@H]1COC(=N1)C12C3[Fe]4567891(C2(C9C34)P(c1ccccc1)c1ccccc1)C1C7C6C5C81,Cc1ccccc1.O,[K+].[OH-1],20.0,30.0,200.0,1.7488910693051953
O=C(O)C(=O)c1ccccc1,O=C(O)[C@@H](O)c1ccccc1,Ru,CC([C@H]1COC(=N1)C12C3[Ru-2]4567892(C1(P(c1ccccc1)c1ccccc1)C5C34)C1C6C9(C8(C71)P(c1ccccc1)c1ccccc1)C1=N[C@H](CO1)C(C)(C)C)(C)C.c1ccc(cc1)P(c1ccccc1)c1ccccc1,CO,[O-1]C(=O)C.[Na+],40.0,25.0,50.0,1.744532041911976
O=C(O)C(=O)c1ccccc1,O=C(O)[C@@H](O)c1ccccc1,Ru,CC([C@H]1COC(=N1)C12C3[Ru-2]4567892(C1(P(c1ccccc1)c1ccccc1)C5C34)C1C6C9(C8(C71)P(c1ccccc1)c1ccccc1)C1=N[C@H](CO1)C(C)(C)C)(C)C.c1ccc(cc1)P(c1ccccc1)c1ccccc1,CO,[O-1]C(=O)C.[Na+].Fc1c(P(c2c(F)c(F)c(c(c2F)F)F)c2c(F)c(F)c(c(c2F)F)F)c(F)c(c(c1F)F)F,40.0,25.0,50.0,1.744532041911976
O=C(CCNCc1ccccc1)c1ccccc1,O[C@H](CCNCc1ccccc1)c1ccccc1,Ru,CC([C@H]1COC(=N1)C12C3[Ru]4567891(C2(C7C34)P(c1ccccc1)c1ccccc1)C1C5C9(C8(C61)P(c1ccccc1)c1ccccc1)C1=N[C@H](CO1)C(C)(C)C)(C)C.c1ccc(cc1)P(c1ccccc1)c1ccccc1,CO,[O-1]C(=O)O.[K+],50.0,25.0,200.0,1.744532041911976
O=C(O)C(=O)c1ccccc1,O=C(O)[C@@H](O)c1ccccc1,Ru,CC([C@H]1COC(=N1)C12C3[Ru-2]4567892(C1(P(c1ccccc1)c1ccccc1)C5C34)C1C6C9(C8(C71)P(c1ccccc1)c1ccccc1)C1=N[C@H](CO1)C(C)(C)C)(C)C.c1ccc(cc1)P(c1ccccc1)c1ccccc1,CO,[O-1]C(=O)C.[Na+].F[B-1](F)(F)F.[Na+],40.0,25.0,50.0,1.744532041911976
O=C(O)C(=O)c1ccccc1,O=C(O)[C@@H](O)c1ccccc1,Ru,CC([C@H]1COC(=N1)C12C3[Ru-2]4567892(C1(P(c1ccccc1)c1ccccc1)C5C34)C1C6C9(C8(C71)P(c1ccccc1)c1ccccc1)C1=N[C@H](CO1)C(C)(C)C)(C)C.c1ccc(cc1)P(c1ccccc1)c1ccccc1,CO,[O-1]C(=O)C.[Na+].CP(C)C,40.0,25.0,50.0,1.744532041911976
O=C(CCNc1ccccc1)c1ccccc1,O[C@H](CCNc1ccccc1)c1ccccc1,Ru,CC([C@H]1COC(=N1)C12C3[Ru]4567891(C2(C7C34)P(c1ccccc1)c1ccccc1)C1C5C9(C8(C61)P(c1ccccc1)c1ccccc1)C1=N[C@H](CO1)C(C)(C)C)(C)C.c1ccc(cc1)P(c1ccccc1)c1ccccc1,CCO,C1CCN2C(=NCCC2)CC1,50.0,25.0,200.0,1.744532041911976
CC(=O)c1ccc(C(C)(C)C)cc1,C[C@H](O)c1ccc(C(C)(C)C)cc1,Ru,CC(Sc1cc(ccc1/C=N/[C@@H]1CCCC[C@H]1/N=C/c1ccc(cc1SC(C)(C)C)C(C)(C)C)C(C)(C)C)(C)C,CC(O)C,[K+].[OH-1],50.0,23.0,2000.0,1.732829663633177
CC(=O)C1=CCCCC1,C[C@H](O)C1=CCCCC1,Ru,CC(Sc1cc(ccc1/C=N/[C@@H]1CCCC[C@H]1/N=C/c1ccc(cc1SC(C)(C)C)C(C)(C)C)C(C)(C)C)(C)C,CC(O)C,[K+].[OH-1],50.0,23.0,2000.0,1.732829663633177
CCOC(=O)C(=O)CC(=O)c1ccccc1,CCOC(=O)[C@H](O)CC(=O)c1ccccc1,Ru,CC1(C)Oc2c(O1)c(c1c3OC(Oc3ccc1P(c1ccccc1)c1ccccc1)(C)C)c(cc2)P(c1ccccc1)c1ccccc1,C1CCCO1,,20.0,70.0,200.0,1.7280417813875177
Cc1ccccc1C(=O)c1ccccc1,Cc1ccccc1[C@@H](O)c1ccccc1,Ru,CC([C@H]1COC(=N1)C12C3[Ru]4567891(C2(C7C34)P(c1ccccc1)c1ccccc1)C1C5C9(C8(C61)P(c1ccccc1)c1ccccc1)C1=N[C@H](CO1)C(C)(C)C)(C)C.c1ccc(cc1)P(c1ccccc1)c1ccccc1,CCO,[K+].[OH-1],40.0,10.0,100.0,1.7190016895066988
CCOC(=O)CC(=O)C(F)(F)C(F)(F)F,CCOC(=O)C[C@@H](O)C(F)(F)C(F)(F)F,Ru,FC1(F)Oc2c(O1)c(c1c3OC(Oc3ccc1P(c1ccccc1)c1ccccc1)(F)F)c(cc2)P(c1ccccc1)c1ccccc1,CCO,,9.87,110.0,100.0,1.716230063337687
COC(=O)C(=O)c1ccccc1,COC(=O)[C@H](O)c1ccccc1,Ru,CC1(C)Oc2c(O1)c(c1c3OC(Oc3ccc1P(c1ccccc1)c1ccccc1)(C)C)c(cc2)P(c1ccccc1)c1ccccc1,CO,[Mg+2].[Cl-1].[Cl-1].O.O.O.O.O.O,50.0,70.0,100.0,1.7131604994965048
COC(=O)C(=O)c1ccccc1,COC(=O)[C@H](O)c1ccccc1,Ru,CC1(C)Oc2c(O1)c(c1c3OC(Oc3ccc1P(c1ccccc1)c1ccccc1)(C)C)c(cc2)P(c1ccccc1)c1ccccc1,CO,,50.0,70.0,100.0,1.7131604994965048
CCOC(=O)C(=O)c1ccccc1,CCOC(=O)[C@H](O)c1ccccc1,Ru,CC1(C)Oc2c(O1)c(c1c3OC(Oc3ccc1P(c1ccccc1)c1ccccc1)(C)C)c(cc2)P(c1ccccc1)c1ccccc1,CO,,50.0,70.0,100.0,1.7131604994965048
CCOC(=O)CC(=O)C(C)C,CCOC(=O)C[C@@H](O)C(C)C,Ru,FC1(F)Oc2c(O1)c(c1c3OC(Oc3ccc1P(c1ccccc1)c1ccccc1)(F)F)c(cc2)P(c1ccccc1)c1ccccc1,CCO,,19.74,50.0,100.0,1.7121106414779157
O=C(O)C(=O)c1ccccc1,O=C(O)[C@@H](O)c1ccccc1,Ru,CC([C@H]1COC(=N1)C12C3[Ru-2]4567892(C1(P(c1ccccc1)c1ccccc1)C5C34)C1C6C9(C8(C71)P(c1ccccc1)c1ccccc1)C1=N[C@H](CO1)C(C)(C)C)(C)C.c1ccc(cc1)P(c1ccccc1)c1ccccc1,CO,[Na+].[O-1]C(=O)O,40.0,25.0,50.0,1.6849357456293699
O=C(O)C(=O)c1ccccc1,O=C(O)[C@@H](O)c1ccccc1,Ru,CC([C@H]1COC(=N1)C12C3[Ru-2]4567892(C1(P(c1ccccc1)c1ccccc1)C5C34)C1C6C9(C8(C71)P(c1ccccc1)c1ccccc1)C1=N[C@H](CO1)C(C)(C)C)(C)C.c1ccc(cc1)P(c1ccccc1)c1ccccc1,CO,[O-1]C(=O)C.[Li+],40.0,25.0,50.0,1.6849357456293699
O=C1CCC/C1=C\c1ccccc1,O[C@@H]1CCC/C1=C\c1ccccc1,Ru,CC([C@H]1COC(=N1)C12C3[Ru]4567891(C2(C7C34)P(c1ccccc1)c1ccccc1)C1C5C9(C8(C61)P(c1ccccc1)c1ccccc1)C1=N[C@H](CO1)C(C)(C)C)(C)C,CC(=O)C,C1CCN2C(=NCCC2)CC1,19.7,25.0,100.0,1.6849357456293699
O=C(O)C(=O)c1ccccc1,O=C(O)[C@@H](O)c1ccccc1,Ru,CC([C@H]1COC(=N1)C12C3[Ru-2]4567892(C1(P(c1ccccc1)c1ccccc1)C5C34)C1C6C9(C8(C71)P(c1ccccc1)c1ccccc1)C1=N[C@H](CO1)C(C)(C)C)(C)C.c1ccc(cc1)P(c1ccccc1)c1ccccc1,CO,[O-1]C(=O)C.[Na+].COc1cc(OC)cc(c1P(c1c(OC)cc(cc1OC)OC)c1c(OC)cc(cc1OC)OC)OC,40.0,25.0,50.0,1.6849357456293699
O=C(O)C(=O)c1ccccc1,O=C(O)[C@@H](O)c1ccccc1,Ru,CC([C@H]1COC(=N1)C12C3[Ru-2]4567892(C1(P(c1ccccc1)c1ccccc1)C5C34)C1C6C9(C8(C71)P(c1ccccc1)c1ccccc1)C1=N[C@H](CO1)C(C)(C)C)(C)C.c1ccc(cc1)P(c1ccccc1)c1ccccc1,CO,[O-1]C(=O)C.[Na+].c1ccc(cc1)P(c1ccccc1)c1ccccc1,40.0,-20.0,50.0,1.6685383054771135
CCOC(=O)C(C)=O,CCOC(=O)[C@@H](C)O,Ru,CC1(C)Oc2c(O1)c(c1c3OC(Oc3ccc1P(c1ccccc1)c1ccccc1)(C)C)c(cc2)P(c1ccccc1)c1ccccc1,CO,[Ce+3].[Cl-1].[Cl-1].O.O.O.O.O.O.[Cl-1].O,50.0,70.0,100.0,1.6654552006434922
CCOC(=O)CC(=O)c1ccccc1,CCOC(=O)C[C@H](O)c1ccccc1,Ru,C[C@@H](N([C@@H](C12C3[Fe]4567891(C2(C9C34)P(c1ccccc1)c1ccccc1)C1C7C6C5C81)c1ccccc1P(c1ccccc1)c1ccccc1)C)c1ccccc1,CCO,,50.0,50.0,125.0,1.661077948222721
Cc1ccccc1C(=O)c1ccccc1,Cc1ccccc1[C@@H](O)c1ccccc1,Ru,CC([C@H]1COC(=N1)C12C3[Ru]4567891(C2(C7C34)P(c1ccccc1)c1ccccc1)C1C5C9(C8(C61)P(c1ccccc1)c1ccccc1)C1=N[C@H](CO1)C(C)(C)C)(C)C.c1ccc(cc1)P(c1ccccc1)c1ccccc1,C1CCCO1,[K+].[OH-1],40.0,30.0,100.0,1.6575790227914307
COCC(=O)CC(=O)c1ccccc1,COC[C@H](O)CC(=O)c1ccccc1,Ru,CC1(C)Oc2c(O1)c(c1c3OC(Oc3ccc1P(c1ccccc1)c1ccccc1)(C)C)c(cc2)P(c1ccccc1)c1ccccc1,C1CCCO1,,20.0,70.0,200.0,1.6516751073046956
CCOC(=O)C(C)=O,CCOC(=O)[C@@H](C)O,Ru,CC1(C)Oc2c(O1)c(c1c3OC(Oc3ccc1P(c1ccccc1)c1ccccc1)(C)C)c(cc2)P(c1ccccc1)c1ccccc1,CO,,50.0,70.0,100.0,1.6203986780858026
CC(=O)c1ccccc1,C[C@H](O)c1ccccc1,Ru,CC(Sc1cc(ccc1/C=N/[C@@H]1CCCC[C@H]1/N=C/c1ccc(cc1SC(C)(C)C)C(C)(C)C)C(C)(C)C)(C)C,CC(O)C,[K+].[OH-1],50.0,23.0,2000.0,1.6193040659728921
CC(=O)c1ccccc1,C[C@H](O)c1ccccc1,Ru,C[n+]1ccn(c1C)C[C@@H]1COC(=N1)C12C3[Fe]4567891(C2(C9C34)P(c1ccccc1)c1ccccc1)C1C7C6C5C81,Cc1ccccc1.O,[K+].[OH-1],20.0,30.0,200.0,1.6061468078725982
O=C(O)C(=O)c1ccc(-c2ccccc2)cc1,O=C(O)[C@@H](O)c1ccc(-c2ccccc2)cc1,Ru,CC([C@H]1COC(=N1)C12C3[Ru-2]4567892(C1(P(c1ccccc1)c1ccccc1)C5C34)C1C6C9(C8(C71)P(c1ccccc1)c1ccccc1)C1=N[C@H](CO1)C(C)(C)C)(C)C.c1ccc(cc1)P(c1ccccc1)c1ccccc1,CO,[O-1]C(=O)C.[Na+].c1ccc(cc1)P(c1ccccc1)c1ccccc1,40.0,0.0,50.0,1.5982523134269875
COc1ccccc1C(=O)C(=O)O,COc1ccccc1[C@H](O)C(=O)O,Ru,CC([C@H]1COC(=N1)C12C3[Ru-2]4567892(C1(P(c1ccccc1)c1ccccc1)C5C34)C1C6C9(C8(C71)P(c1ccccc1)c1ccccc1)C1=N[C@H](CO1)C(C)(C)C)(C)C.c1ccc(cc1)P(c1ccccc1)c1ccccc1,CO,[O-1]C(=O)C.[Na+].c1ccc(cc1)P(c1ccccc1)c1ccccc1,40.0,0.0,50.0,1.5982523134269875
CC(=O)c1ccc(C)cc1,Cc1ccc([C@H](C)O)cc1,Ru,C[N+]1(CCCC1)C[C@@H]1COC(=N1)C12C3[Fe]4567891(C2(C9C34)P(c1ccccc1)c1ccccc1)C1C7C6C5C81,Cc1ccccc1.O,[K+].[OH-1],20.0,30.0,1000.0,1.596304738283317
CCOC(=O)CC(C)=O,CCOC(=O)C[C@@H](C)O,Ru,CCN([C@@H](C12C3[Fe]4567892(C1(P(c1ccccc1)c1ccccc1)C5C34)C1C8C7C6C91)c1ccccc1P(c1ccccc1)c1ccccc1)CC,CCO,,50.0,50.0,125.0,1.5950214400024203
O=C(O)C(=O)c1ccccc1,O=C(O)[C@@H](O)c1ccccc1,Ru,CC([C@H]1COC(=N1)C12C3[Ru-2]4567892(C1(P(c1ccccc1)c1ccccc1)C5C34)C1C6C9(C8(C71)P(c1ccccc1)c1ccccc1)C1=N[C@H](CO1)C(C)(C)C)(C)C.c1ccc(cc1)P(c1ccccc1)c1ccccc1,CO,[Na+].[OH-1],40.0,25.0,50.0,1.5796558494712687
O=C(O)C(=O)c1ccccc1,O=C(O)[C@@H](O)c1ccccc1,Ru,CC([C@H]1COC(=N1)C12C3[Ru-2]4567892(C1(P(c1ccccc1)c1ccccc1)C5C34)C1C6C9(C8(C71)P(c1ccccc1)c1ccccc1)C1=N[C@H](CO1)C(C)(C)C)(C)C.c1ccc(cc1)P(c1ccccc1)c1ccccc1,CO,[O-1]C(=O)C.[Na+].[Na+].FC(c1cc(cc(c1)C(F)(F)F)[B-1](c1cc(cc(c1)C(F)(F)F)C(F)(F)F)(c1cc(cc(c1)C(F)(F)F)C(F)(F)F)c1cc(cc(c1)C(F)(F)F)C(F)(F)F)(F)F,40.0,25.0,50.0,1.5796558494712687
O=C(CCNCc1ccccc1)c1ccccc1,O[C@H](CCNCc1ccccc1)c1ccccc1,Ru,CC([C@H]1COC(=N1)C12C3[Ru]4567891(C2(C7C34)P(c1ccccc1)c1ccccc1)C1C5C9(C8(C61)P(c1ccccc1)c1ccccc1)C1=N[C@H](CO1)C(C)(C)C)(C)C.c1ccc(cc1)P(c1ccccc1)c1ccccc1,CO,[O-1]C(=O)[O-1].[Na+].[Na+],50.0,25.0,200.0,1.5796558494712687
CCOC(=O)CC(C)=O,CCOC(=O)C[C@@H](C)O,Ru,C[C@@H](N([C@@H](C12C3[Fe]4567891(C2(C9C34)P(c1ccccc1)c1ccccc1)C1C7C6C5C81)c1ccccc1P(c1ccccc1)c1ccccc1)C)c1ccccc1,CCO,,50.0,50.0,125.0,1.5683865600697784
CCOC(=O)CC(=O)C(C)C,CCOC(=O)C[C@@H](O)C(C)C,Ru,c1ccc(cc1)P(c1ccc2c(c1c1c(ccc3c1cccc3)P(c1ccccc1)c1ccccc1)cccc2)c1ccccc1,CCO,,19.74,50.0,100.0,1.5683865600697784
COc1ccc(OC)c(C(=O)C(=O)O)c1,COc1ccc(OC)c([C@H](O)C(=O)O)c1,Ru,CC([C@H]1COC(=N1)C12C3[Ru-2]4567892(C1(P(c1ccccc1)c1ccccc1)C5C34)C1C6C9(C8(C71)P(c1ccccc1)c1ccccc1)C1=N[C@H](CO1)C(C)(C)C)(C)C.c1ccc(cc1)P(c1ccccc1)c1ccccc1,CO,[O-1]C(=O)C.[Na+].c1ccc(cc1)P(c1ccccc1)c1ccccc1,40.0,0.0,50.0,1.54365319107383
O=C(CN1C(=O)c2ccccc2C1=O)c1cccc2ccccc12,O=C1c2ccccc2C(=O)N1C[C@H](O)c1cccc2ccccc12,Ru,c1ccc(cc1)P(c1ccc2c(c1c1c(ccc3c1cccc3)P(c1ccccc1)c1ccccc1)cccc2)c1ccccc1,CCO,,102.04,80.0,100.0,1.5419675607711474
CON(C)C(=O)CC(=O)CC(C)(C)C,CON(C)C(=O)C[C@@H](O)CC(C)(C)C,Ru,c1ccc(cc1)P(c1ccc2c(c1c1c(ccc3c1cccc3)P(c1ccccc1)c1ccccc1)cccc2)c1ccccc1,CCO,,5.0,25.0,200.0,1.5190528692662475
CCOC(=O)C(=O)c1ccc(Br)cc1,CCOC(=O)[C@H](O)c1ccc(Br)cc1,Ru,CC1(C)Oc2c(O1)c(c1c3OC(Oc3ccc1P(c1ccccc1)c1ccccc1)(C)C)c(cc2)P(c1ccccc1)c1ccccc1,CO,,50.0,70.0,100.0,1.498304313970322
O=C(O)C(=O)c1ccc(F)cc1,O=C(O)[C@@H](O)c1ccc(F)cc1,Ru,CC([C@H]1COC(=N1)C12C3[Ru-2]4567892(C1(P(c1ccccc1)c1ccccc1)C5C34)C1C6C9(C8(C71)P(c1ccccc1)c1ccccc1)C1=N[C@H](CO1)C(C)(C)C)(C)C.c1ccc(cc1)P(c1ccccc1)c1ccccc1,CO,[O-1]C(=O)C.[Na+].c1ccc(cc1)P(c1ccccc1)c1ccccc1,40.0,0.0,50.0,1.4935434935691219
O=C(O)C(=O)c1ccccc1,O=C(O)[C@@H](O)c1ccccc1,Ru,CC([C@H]1COC(=N1)C12C3[Ru-2]4567892(C1(P(c1ccccc1)c1ccccc1)C5C34)C1C6C9(C8(C71)P(c1ccccc1)c1ccccc1)C1=N[C@H](CO1)C(C)(C)C)(C)C.c1ccc(cc1)P(c1ccccc1)c1ccccc1,CO,[O-1]C(=O)C.[Ag+],40.0,25.0,50.0,1.4885000813780647
CC(C)/C=C1\CCCC1=O,CC(C)/C=C1\CCC[C@H]1O,Ru,CC([C@H]1COC(=N1)C12C3[Ru]4567891(C2(C7C34)P(c1ccccc1)c1ccccc1)C1C5C9(C8(C61)P(c1ccccc1)c1ccccc1)C1=N[C@H](CO1)C(C)(C)C)(C)C,CO,C1CCN2C(=NCCC2)CC1,2.0,25.0,100.0,1.4885000813780647
CCOC(=O)CC(=O)CCl,CCOC(=O)C[C@H](O)CCl,Ru,c1ccc(cc1)P(c1ccc2c(c1c1c3OCCOc3ccc1P(c1ccccc1)c1ccccc1)OCCO2)c1ccccc1,CO,,49.35,50.0,100.0,1.4857323202991728
Cc1ccccc1C(=O)c1ccccc1,Cc1ccccc1[C@@H](O)c1ccccc1,Ru,CC([C@H]1COC(=N1)C12C3[Ru]4567891(C2(C7C34)P(c1ccccc1)c1ccccc1)C1C5C9(C8(C61)P(c1ccccc1)c1ccccc1)C1=N[C@H](CO1)C(C)(C)C)(C)C.c1ccc(cc1)P(c1ccccc1)c1ccccc1,Cc1ccccc1,[K+].[OH-1],40.0,10.0,100.0,1.4554671856390637
Cc1ccc(C(=O)C(=O)O)c(C)c1,Cc1ccc([C@H](O)C(=O)O)c(C)c1,Ru,CC([C@H]1COC(=N1)C12C3[Ru-2]4567892(C1(P(c1ccccc1)c1ccccc1)C5C34)C1C6C9(C8(C71)P(c1ccccc1)c1ccccc1)C1=N[C@H](CO1)C(C)(C)C)(C)C.c1ccc(cc1)P(c1ccccc1)c1ccccc1,CO,[O-1]C(=O)C.[Na+].c1ccc(cc1)P(c1ccccc1)c1ccccc1,40.0,0.0,50.0,1.4472010574646221
CN(CCC(=O)c1ccccc1)Cc1ccccc1,CN(CC[C@@H](O)c1ccccc1)Cc1ccccc1,Ru,CC([C@H]1COC(=N1)C12C3[Ru]4567891(C2(C7C34)P(c1ccccc1)c1ccccc1)C1C5C9(C8(C61)P(c1ccccc1)c1ccccc1)C1=N[C@H](CO1)C(C)(C)C)(C)C,Cc1ccccc1.O,[O-1]C(=O)[O-1].[Na+].[Na+],20.0,25.0,400.0,1.4390462647330118
CC(=O)c1cc(C(F)(F)F)cc(C(F)(F)F)c1,C[C@H](O)c1cc(C(F)(F)F)cc(C(F)(F)F)c1,Ru,C[N+]1(CCCC1)C[C@@H]1COC(=N1)C12C3[Fe]4567891(C2(C9C34)P(c1ccccc1)c1ccccc1)C1C7C6C5C81,Cc1ccccc1.O,[K+].[OH-1],20.0,30.0,200.0,1.4086398507856017
CC(=O)c1ccccc1,C[C@@H](O)c1ccccc1,Ru,C[n+]1ccn(c1C)C[C@@H]1COC(=N1)C12C3[Fe]4567891(C2(C9C34)P(c1ccccc1)c1ccccc1)C1C7C6C5C81,CC(O)C,[K+].[OH-1],20.0,30.0,200.0,1.4086398507856017
O=C(O)C(=O)c1ccccc1,O=C(O)[C@@H](O)c1ccccc1,Ru,CC([C@H]1COC(=N1)C12C3[Ru-2]4567892(C1(P(c1ccccc1)c1ccccc1)C5C34)C1C6C9(C8(C71)P(c1ccccc1)c1ccccc1)C1=N[C@H](CO1)C(C)(C)C)(C)C.c1ccc(cc1)P(c1ccccc1)c1ccccc1,CO,[O-1]C(=O)C.[K+],40.0,25.0,50.0,1.4079028584329942
O=C(O)C(=O)c1ccc(Br)cc1,O=C(O)[C@@H](O)c1ccc(Br)cc1,Ru,CC([C@H]1COC(=N1)C12C3[Ru-2]4567892(C1(P(c1ccccc1)c1ccccc1)C5C34)C1C6C9(C8(C71)P(c1ccccc1)c1ccccc1)C1=N[C@H](CO1)C(C)(C)C)(C)C.c1ccc(cc1)P(c1ccccc1)c1ccccc1,CO,[O-1]C(=O)C.[Na+].c1ccc(cc1)P(c1ccccc1)c1ccccc1,40.0,0.0,50.0,1.4040644949931493
O=C(O)C(=O)c1ccc(Cl)cc1,O=C(O)[C@@H](O)c1ccc(Cl)cc1,Ru,CC([C@H]1COC(=N1)C12C3[Ru-2]4567892(C1(P(c1ccccc1)c1ccccc1)C5C34)C1C6C9(C8(C71)P(c1ccccc1)c1ccccc1)C1=N[C@H](CO1)C(C)(C)C)(C)C.c1ccc(cc1)P(c1ccccc1)c1ccccc1,CO,[O-1]C(=O)C.[Na+].c1ccc(cc1)P(c1ccccc1)c1ccccc1,40.0,0.0,50.0,1.4040644949931493
CC(=O)c1ccc2ccccc2c1,C[C@H](O)c1ccc2ccccc2c1,Ru,CC(Sc1cc(ccc1/C=N/[C@@H]1CCCC[C@H]1/N=C/c1ccc(cc1SC(C)(C)C)C(C)(C)C)C(C)(C)C)(C)C,CC(O)C,[K+].[OH-1],50.0,23.0,2000.0,1.3984585997817587
CC(=O)c1cccc(Br)c1,C[C@H](O)c1cccc(Br)c1,Ru,C[N+]1(CCCC1)C[C@@H]1COC(=N1)C12C3[Fe]4567891(C2(C9C34)P(c1ccccc1)c1ccccc1)C1C7C6C5C81,Cc1ccccc1.O,[K+].[OH-1],20.0,30.0,200.0,1.3937792136738179
CCOC(=O)CC(=O)CCl,CCOC(=O)C[C@H](O)CCl,Ru,C[C@H](N([C@@H](C12C3[Fe]4567891(C2(C9C34)P(c1ccccc1)c1ccccc1)C1C7C6C5C81)c1ccccc1P(c1ccccc1)c1ccccc1)C)c1ccccc1,CCO,,50.0,50.0,125.0,1.3760690262074209
O=C(O)C(=O)c1cccc(F)c1,O=C(O)[C@@H](O)c1cccc(F)c1,Ru,CC([C@H]1COC(=N1)C12C3[Ru-2]4567892(C1(P(c1ccccc1)c1ccccc1)C5C34)C1C6C9(C8(C71)P(c1ccccc1)c1ccccc1)C1=N[C@H](CO1)C(C)(C)C)(C)C.c1ccc(cc1)P(c1ccccc1)c1ccccc1,CO,[O-1]C(=O)C.[Na+].c1ccc(cc1)P(c1ccccc1)c1ccccc1,40.0,0.0,50.0,1.3636887379789313
O=C(O)C(=O)c1cccc(Cl)c1,O=C(O)[C@@H](O)c1cccc(Cl)c1,Ru,CC([C@H]1COC(=N1)C12C3[Ru-2]4567892(C1(P(c1ccccc1)c1ccccc1)C5C34)C1C6C9(C8(C71)P(c1ccccc1)c1ccccc1)C1=N[C@H](CO1)C(C)(C)C)(C)C.c1ccc(cc1)P(c1ccccc1)c1ccccc1,CO,[O-1]C(=O)C.[Na+].c1ccc(cc1)P(c1ccccc1)c1ccccc1,40.0,0.0,50.0,1.3636887379789313
CCOC(=O)C(=O)c1ccccc1Cl,CCOC(=O)[C@@H](O)c1ccccc1Cl,Ru,CC1(C)Oc2c(O1)c(c1c3OC(Oc3ccc1P(c1ccccc1)c1ccccc1)(C)C)c(cc2)P(c1ccccc1)c1ccccc1,CO,[Ce+3].[Cl-1].[Cl-1].O.O.O.O.O.O.[Cl-1].O,50.0,70.0,100.0,1.3586534311659164
Cc1ccccc1C(=O)c1ccccc1,Cc1ccccc1[C@@H](O)c1ccccc1,Ru,CC([C@H]1COC(=N1)C12C3[Ru]4567891(C2(C7C34)P(c1ccccc1)c1ccccc1)C1C5C9(C8(C61)P(c1ccccc1)c1ccccc1)C1=N[C@H](CO1)C(C)(C)C)(C)C.c1ccc(cc1)P(c1ccccc1)c1ccccc1,CO,[K+].[OH-1],40.0,10.0,100.0,1.337070918548725
CCOC(=O)C(=O)c1ccc(F)cc1,CCOC(=O)[C@H](O)c1ccc(F)cc1,Ru,CC1(C)Oc2c(O1)c(c1c3OC(Oc3ccc1P(c1ccccc1)c1ccccc1)(C)C)c(cc2)P(c1ccccc1)c1ccccc1,CO,,50.0,70.0,100.0,1.3269310752307628
CCOC(=O)C(=O)c1ccc(Cl)cc1,CCOC(=O)[C@H](O)c1ccc(Cl)cc1,Ru,CC1(C)Oc2c(O1)c(c1c3OC(Oc3ccc1P(c1ccccc1)c1ccccc1)(C)C)c(cc2)P(c1ccccc1)c1ccccc1,CO,,50.0,70.0,100.0,1.3269310752307628
CC(=O)c1ccccc1,C[C@H](O)c1ccccc1,Ru,CC(Sc1ccccc1/C=N/[C@@H]1CCCC[C@H]1/N=C/c1ccccc1SC(C)(C)C)(C)C,CC(O)C,[K+].[OH-1],50.0,23.0,2000.0,1.326534081319212
CCOC(=O)CC(=O)C(F)(F)F,CCOC(=O)C[C@@H](O)C(F)(F)F,Ru,FC1(F)Oc2c(O1)c(c1c3OC(Oc3ccc1P(c1ccccc1)c1ccccc1)(F)F)c(cc2)P(c1ccccc1)c1ccccc1,CCO,,9.87,110.0,100.0,1.320717750095945
CCOC(=O)CC(C)=O,CCOC(=O)C[C@@H](C)O,Ru,CCCN([C@@H](C12C3[Fe]4567892(C1(P(c1ccccc1)c1ccccc1)C5C34)C1C8C7C6C91)c1ccccc1P(c1ccccc1)c1ccccc1)CCC,CCO,,50.0,50.0,125.0,1.3072859853802727
CC(=O)c1cc(C(F)(F)F)cc(C(F)(F)F)c1,C[C@H](O)c1cc(C(F)(F)F)cc(C(F)(F)F)c1,Ru,CC[N+](C[C@@H]1COC(=N1)C12C3[Fe]4567891(C2(C9C34)P(c1ccccc1)c1ccccc1)C1C7C6C5C81)(CC)CC,Cc1ccccc1.O,[K+].[OH-1],20.0,30.0,200.0,1.3038331027475634
O=C(O)C(=O)c1ccccc1,O=C(O)[C@@H](O)c1ccccc1,Ru,CC([C@H]1COC(=N1)C12C3[Ru-2]4567892(C1(P(c1ccccc1)c1ccccc1)C5C34)C1C6C9(C8(C71)P(c1ccccc1)c1ccccc1)C1=N[C@H](CO1)C(C)(C)C)(C)C.c1ccc(cc1)P(c1ccccc1)c1ccccc1,CO,[O-1]C(=O)C.[Cs+],40.0,25.0,50.0,1.301819703366608
O=C1CCC/C1=C\c1ccccc1,O[C@@H]1CCC/C1=C\c1ccccc1,Ru,CC([C@H]1COC(=N1)C12C3[Ru]4567891(C2(C7C34)P(c1ccccc1)c1ccccc1)C1C5C9(C8(C61)P(c1ccccc1)c1ccccc1)C1=N[C@H](CO1)C(C)(C)C)(C)C,C1CCCO1,C1CCN2C(=NCCC2)CC1,19.7,25.0,100.0,1.2696115740793517
CC(=O)/C=C/C1=C(C)CCCC1(C)C,CC1=C(/C=C/[C@H](C)O)C(C)(C)CCC1,Ru,CC(Sc1cc(ccc1/C=N/[C@@H]1CCCC[C@H]1/N=C/c1ccc(cc1SC(C)(C)C)C(C)(C)C)C(C)(C)C)(C)C,CC(O)C,[K+].[OH-1],50.0,23.0,2000.0,1.2610949779091063
CCOC(=O)CC(=O)CCl,CCOC(=O)C[C@H](O)CCl,Ru,CN([C@@H](C12C3[Fe]4567891(C2(C9C34)P(c1ccccc1)c1ccccc1)C1C7C6C5C81)c1ccccc1P(c1ccccc1)c1ccccc1)C,CCO,,50.0,50.0,125.0,1.2495928222667085
Cc1ccccc1C(=O)c1ccncc1,Cc1ccccc1[C@@H](O)c1ccncc1,Ru,CC([C@H]1COC(=N1)C12C3[Ru]4567891(C2(C7C34)P(c1ccccc1)c1ccccc1)C1C5C9(C8(C61)P(c1ccccc1)c1ccccc1)C1=N[C@H](CO1)C(C)(C)C)(C)C.c1ccc(cc1)P(c1ccccc1)c1ccccc1,C1CCCO1,[K+].[OH-1],40.0,10.0,100.0,1.23632483316537
Cc1ccccc1C(=O)c1cccnc1,Cc1ccccc1[C@H](O)c1cccnc1,Ru,CC([C@H]1COC(=N1)C12C3[Ru]4567891(C2(C7C34)P(c1ccccc1)c1ccccc1)C1C5C9(C8(C61)P(c1ccccc1)c1ccccc1)C1=N[C@H](CO1)C(C)(C)C)(C)C.c1ccc(cc1)P(c1ccccc1)c1ccccc1,C1CCCO1,[K+].[OH-1],40.0,10.0,100.0,1.23632483316537
CC(=O)c1ccccc1,C[C@H](O)c1ccccc1,Ru,CC(Sc1ccccc1/C=N/[C@@H]1CCCC[C@H]1/N=C/c1ccccc1SC(C)(C)C)(C)C,CC(O)C,[K+].[O-1]C(C)(C)C,50.0,23.0,2000.0,1.230420537622903
CC(=O)c1ccccc1,C[C@H](O)c1ccccc1,Ru,CC(Sc1ccccc1/C=N/[C@@H]1CCCC[C@H]1/N=C/c1ccccc1SC(C)(C)C)(C)C,CC(O)C,[K+].[O-1]C(C)(C)C,20.0,60.0,2000.0,1.2297013042473763
CCOC(=O)CC(=O)CCl,CCOC(=O)C[C@H](O)CCl,Ru,C[C@@H](N([C@@H](C12C3[Fe]4567891(C2(C9C34)P(c1ccccc1)c1ccccc1)C1C7C6C5C81)c1ccccc1P(c1ccccc1)c1ccccc1)C)c1ccccc1,CCO,,50.0,50.0,125.0,1.2207266736159683
CCOC(=O)CC(=O)CCl,CCOC(=O)C[C@H](O)CCl,Ru,FC1(F)Oc2c(O1)c(c1c3OC(Oc3ccc1P(c1ccccc1)c1ccccc1)(F)F)c(cc2)P(c1ccccc1)c1ccccc1,CO,,49.35,50.0,100.0,1.2207266736159683
O=C(O)C(=O)c1ccccc1,O=C(O)[C@@H](O)c1ccccc1,Ru,CC([C@H]1COC(=N1)C12C3[Ru-2]4567892(C1(P(c1ccccc1)c1ccccc1)C5C34)C1C6C9(C8(C71)P(c1ccccc1)c1ccccc1)C1=N[C@H](CO1)C(C)(C)C)(C)C.c1ccc(cc1)P(c1ccccc1)c1ccccc1,OCC(F)(F)F,[O-1]C(=O)C.[Na+],40.0,25.0,50.0,1.209055090113941
CON(C)C(=O)CC(=O)c1ccccc1,CON(C)C(=O)C[C@@H](O)c1ccccc1,Ru,c1ccc(cc1)P(c1ccc2c(c1c1c(ccc3c1cccc3)P(c1ccccc1)c1ccccc1)cccc2)c1ccccc1,CCO,,5.0,25.0,200.0,1.2032554776349391
CC(=O)c1ccccc1,C[C@H](O)c1ccccc1,Ru,CC(Sc1ccccc1/C=N/[C@@H]1CCCC[C@H]1/N=C/c1ccccc1SC(C)(C)C)(C)C,CC(O)C,[K+].[O-1]C(C)(C)C,50.0,60.0,2000.0,1.2017867274605305
CC(=O)c1ccccc1,C[C@H](O)c1ccccc1,Ru,CC(Sc1ccccc1/C=N/[C@@H]1CCCC[C@H]1/N=C/c1ccccc1SC(C)(C)C)(C)C,CC(O)C,[Na+].[OH-1],50.0,23.0,2000.0,1.2009447088285885
CC(=O)c1ccccc1,C[C@H](O)c1ccccc1,Ru,CC(Sc1ccccc1/C=N/[C@@H]1CCCC[C@H]1/N=C/c1ccccc1SC(C)(C)C)(C)C,CC(O)C,[K+].[O-1]C(C)(C)C,20.0,23.0,2000.0,1.2009447088285885
O=C1CCC/C1=C\c1ccccc1,O[C@@H]1CCC/C1=C\c1ccccc1,Ru,CC([C@H]1COC(=N1)C12C3[Ru]4567891(C2(C9C34)P(c1ccccc1)c1ccccc1)C1C7C6C5C81)(C)C,CO,C1CCN2C(=NCCC2)CC1,1.0,25.0,100.0,1.1804823561186595
COC(=O)CC(=O)c1ccccc1,COC(=O)C[C@H](O)c1ccccc1,Ru,c1ccc(cc1)P(c1ccc2c(c1c1c(ccc3c1cccc3)P(c1ccccc1)c1ccccc1)cccc2)c1ccccc1,CO,,19.74,50.0,100.0,1.1657132852434953
CC(=O)c1ccc(N(C)C)cc1,C[C@H](O)c1ccc(N(C)C)cc1,Ru,C[N+]1(CCCC1)C[C@@H]1COC(=N1)C12C3[Fe]4567891(C2(C9C34)P(c1ccccc1)c1ccccc1)C1C7C6C5C81,Cc1ccccc1.O,[K+].[OH-1],20.0,30.0,200.0,1.1613136160449984
CC(=O)c1ccccc1,C[C@H](O)c1ccccc1,Ru,CC(Sc1ccccc1/C=N/[C@@H]1CCCC[C@H]1/N=C/c1ccccc1SC(C)(C)C)(C)C,CC(O)C,[K+].[OH-1],50.0,60.0,2000.0,1.1483677892325828
CC(=O)c1cc(C(F)(F)F)cc(C(F)(F)F)c1,C[C@H](O)c1cc(C(F)(F)F)cc(C(F)(F)F)c1,Ru,CN(CC[N+](C[C@@H]1COC(=N1)C12C3[Fe]4567891(C2(C9C34)P(c1ccccc1)c1ccccc1)C1C7C6C5C81)(C)C)C,Cc1ccccc1.O,[K+].[OH-1],20.0,30.0,200.0,1.1372242173310028
CCOC(=O)CC(=O)C(F)(F)C(F)(F)F,CCOC(=O)C[C@@H](O)C(F)(F)C(F)(F)F,Ru,c1ccc(cc1)P(c1ccc2c(c1c1c3OCCOc3ccc1P(c1ccccc1)c1ccccc1)OCCO2)c1ccccc1,CCO,,9.87,110.0,100.0,1.1290220983714714
CCOC(=O)CC(C)=O,CCOC(=O)C[C@@H](C)O,Ru,CCCCN([C@@H](C12C3[Fe]4567891(C2(C9C34)P(c1ccccc1)c1ccccc1)C1C7C6C5C81)c1ccccc1P(c1ccccc1)c1ccccc1)CCCC,CCO,,50.0,50.0,125.0,1.124026771725601
CC(=O)c1ccccc1,C[C@H](O)c1ccccc1,Ru,CC(Sc1ccccc1CN[C@@H]1CCCC[C@H]1NCc1ccccc1SC(C)(C)C)(C)C,CC(O)C,[K+].[O-1]C(C)(C)C,50.0,60.0,2000.0,1.1227539300326002
CN(CCC(=O)c1ccccc1)Cc1ccccc1,CN(CC[C@@H](O)c1ccccc1)Cc1ccccc1,Ru,CC([C@H]1COC(=N1)C12C3[Ru]4567891(C2(C7C34)P(c1ccccc1)c1ccccc1)C1C5C9(C8(C61)P(c1ccccc1)c1ccccc1)C1=N[C@H](CO1)C(C)(C)C)(C)C,Cc1ccccc1.CO,[O-1]C(=O)[O-1].[K+].[K+],20.0,25.0,400.0,1.1107231403327535
O=C(O)C(=O)c1ccccc1F,O=C(O)[C@@H](O)c1ccccc1F,Ru,CC([C@H]1COC(=N1)C12C3[Ru-2]4567892(C1(P(c1ccccc1)c1ccccc1)C5C34)C1C6C9(C8(C71)P(c1ccccc1)c1ccccc1)C1=N[C@H](CO1)C(C)(C)C)(C)C.c1ccc(cc1)P(c1ccccc1)c1ccccc1,CO,[O-1]C(=O)C.[Na+].c1ccc(cc1)P(c1ccccc1)c1ccccc1,40.0,0.0,50.0,1.1076753240470334
O=C(O)C(=O)c1ccccc1,O=C(O)[C@@H](O)c1ccccc1,Ru,CC([C@H]1COC(=N1)C12C3[Ru-2]4567892(C1(P(c1ccccc1)c1ccccc1)C5C34)C1C6C9(C8(C71)P(c1ccccc1)c1ccccc1)C1=N[C@H](CO1)C(C)(C)C)(C)C.c1ccc(cc1)P(c1ccccc1)c1ccccc1,CCO,[O-1]C(=O)C.[Na+],40.0,25.0,50.0,1.1005116129711998
CC(=O)c1ccccc1,C[C@H](O)c1ccccc1,Ru,CC(Sc1ccccc1/C=N/[C@@H]1CCCC[C@H]1/N=C/c1ccccc1SC(C)(C)C)(C)C,CC(O)C,[Cs+].[OH-1],50.0,60.0,2000.0,1.0978061522893117
CC(=O)c1ccccc1,C[C@H](O)c1ccccc1,Ru,CC(Sc1ccccc1/C=N/[C@@H]1CCCC[C@H]1/N=C/c1ccccc1SC(C)(C)C)(C)C,CC(O)C,[K+].[O-1]C(C)(C)C,50.0,60.0,99999.99999999999,1.0978061522893117
CC(=O)c1ccccc1,C[C@H](O)c1ccccc1,Ru,C[n+]1ccn(c1C)C[C@@H]1COC(=N1)C12C3[Fe]4567891(C2(C9C34)P(c1ccccc1)c1ccccc1)C1C7C6C5C81,CO,[K+].[O-1]C(=O)[O-1].[K+],20.0,45.0,200.0,1.0794716320586262
CC(=O)c1ccccc1,C[C@H](O)c1ccccc1,Ru,CC(Sc1ccccc1/C=N/[C@@H]1CCCC[C@H]1/N=C/c1ccccc1SC(C)(C)C)(C)C,CC(O)C,CCCC[N+](CCCC)(CCCC)CCCC.[OH-1],50.0,60.0,2000.0,1.0734817527585159
CC(=O)c1ccccc1,C[C@H](O)c1ccccc1,Ru,CC(Sc1ccccc1/C=N/[C@@H]1CCCC[C@H]1/N=C/c1ccccc1SC(C)(C)C)(C)C,CC(O)C,[Na+].[OH-1],50.0,60.0,2000.0,1.0734817527585159
COC(=O)CC(=O)c1ccccc1,COC(=O)C[C@H](O)c1ccccc1,Ru,FC1(F)Oc2c(O1)c(c1c3OC(Oc3ccc1P(c1ccccc1)c1ccccc1)(F)F)c(cc2)P(c1ccccc1)c1ccccc1,CO,,19.74,50.0,100.0,1.041259577979632
CC(=O)c1ccccc1,C[C@H](O)c1ccccc1,Ru,C[n+]1ccn(c1C)C[C@@H]1COC(=N1)C12C3[Fe]4567891(C2(C9C34)P(c1ccccc1)c1ccccc1)C1C7C6C5C81,CO.O,[K+].[OH-1],1.0,30.0,200.0,1.0332258025924468
CC(=O)c1ccccc1,C[C@H](O)c1ccccc1,Ru,CC(Sc1ccccc1/C=N/[C@@H]1CCCC[C@H]1/N=C/c1ccccc1SC(C)(C)C)(C)C,CCO,[K+].[O-1]C(C)(C)C,50.0,23.0,2000.0,1.0208288181936946
CC(=O)c1ccccc1,C[C@H](O)c1ccccc1,Ru,CC(Sc1ccccc1/C=N/[C@@H]1CCCC[C@H]1/N=C/c1ccccc1SC(C)(C)C)(C)C,CO,[K+].[OH-1],50.0,23.0,2000.0,1.0208288181936946
CC(=O)c1ccc(C(F)(F)F)cc1,C[C@H](O)c1ccc(C(F)(F)F)cc1,Ru,C[N+]1(CCCC1)C[C@@H]1COC(=N1)C12C3[Fe]4567891(C2(C9C34)P(c1ccccc1)c1ccccc1)C1C7C6C5C81,Cc1ccccc1.O,[K+].[OH-1],20.0,30.0,200.0,1.0170630296523544
CN(CCC(=O)c1ccccc1)Cc1ccccc1,CN(CC[C@@H](O)c1ccccc1)Cc1ccccc1,Ru,CC([C@H]1COC(=N1)C12C3[Ru]4567891(C2(C7C34)P(c1ccccc1)c1ccccc1)C1C5C9(C8(C61)P(c1ccccc1)c1ccccc1)C1=N[C@H](CO1)C(C)(C)C)(C)C,Cc1ccccc1,[O-1]C(=O)[O-1].[K+].[K+],20.0,25.0,400.0,1.0138952653478646
CC(=O)c1ccccc1,C[C@H](O)c1ccccc1,Ru,C[n+]1ccn(c1C)C[C@@H]1COC(=N1)C12C3[Fe]4567891(C2(C9C34)P(c1ccccc1)c1ccccc1)C1C7C6C5C81,CO.O,[K+].[OH-1],20.0,30.0,200.0,1.0079595609645633
CC(=O)c1ccccc1,C[C@H](O)c1ccccc1,Ru,C[n+]1ccn(c1C)C[C@@H]1COC(=N1)C12C3[Fe]4567891(C2(C9C34)P(c1ccccc1)c1ccccc1)C1C7C6C5C81,CO,[K+].[OH-1],20.0,45.0,200.0,1.0069686755295397
O=C(O)C(=O)c1ccccc1,O=C(O)[C@@H](O)c1ccccc1,Ru,CC([C@H]1COC(=N1)C12C3[Ru-2]4567892(C1(P(c1ccccc1)c1ccccc1)C5C34)C1C6C9(C8(C71)P(c1ccccc1)c1ccccc1)C1=N[C@H](CO1)C(C)(C)C)(C)C.c1ccc(cc1)P(c1ccccc1)c1ccccc1,CO,[Na+].[O-1]C(=O)[O-1].[Na+],40.0,25.0,50.0,1.0047998926586212
O=C1CCCC1=C(c1ccccc1)c1ccccc1,O[C@@H]1CCCC1=C(c1ccccc1)c1ccccc1,Ru,CC([C@H]1COC(=N1)C12C3[Ru]4567891(C2(C7C34)P(c1ccccc1)c1ccccc1)C1C5C9(C8(C61)P(c1ccccc1)c1ccccc1)C1=N[C@H](CO1)C(C)(C)C)(C)C,CO,C1CCN2C(=NCCC2)CC1,2.0,25.0,100.0,1.0047998926586212
O=C(CCNCc1ccccc1)c1ccccc1,O[C@H](CCNCc1ccccc1)c1ccccc1,Ru,CC([C@H]1COC(=N1)C12C3[Ru]4567891(C2(C7C34)P(c1ccccc1)c1ccccc1)C1C5C9(C8(C61)P(c1ccccc1)c1ccccc1)C1=N[C@H](CO1)C(C)(C)C)(C)C.c1ccc(cc1)P(c1ccccc1)c1ccccc1,CO,[OH-1].[Na+],50.0,25.0,200.0,1.0047998926586212
CC(=O)c1ccccc1,C[C@H](O)c1ccccc1,Ru,CC(Sc1ccccc1/C=N/[C@@H]1CCCC[C@H]1/N=C/c1ccccc1SC(C)(C)C)(C)C,CC(O)C,[Li+].[OH-1],50.0,60.0,2000.0,1.0038761412400954
CC(=O)c1ccccc1,C[C@H](O)c1ccccc1,Ru,C[n+]1ccn(c1C)C[C@@H]1COC(=N1)C12C3[Fe]4567891(C2(C9C34)P(c1ccccc1)c1ccccc1)C1C7C6C5C81,CO,[K+].[O-1]C(C)(C)C,20.0,45.0,200.0,0.9935576075978911
CCOC(=O)CC(=O)C(F)(F)C(F)(F)F,CCOC(=O)C[C@@H](O)C(F)(F)C(F)(F)F,Ru,COc1cccc(c1c1c(OC)cccc1P(c1ccccc1)c1ccccc1)P(c1ccccc1)c1ccccc1,CCO,,9.87,110.0,100.0,0.986042193505744
CC(=O)c1ccccc1,C[C@H](O)c1ccccc1,Ru,CC(Sc1ccccc1/C=N/[C@@H]1CCCC[C@H]1/N=C/c1ccccc1SC(C)(C)C)(C)C,CC(O)C,[O-1]c1ccccc1.[K+],50.0,60.0,2000.0,0.9816878822196416
O=C(CC(=O)C(F)(F)F)c1ccccc1,O=C(C[C@@H](O)C(F)(F)F)c1ccccc1,Ru,CC1(C)Oc2c(O1)c(c1c3OC(Oc3ccc1P(c1ccccc1)c1ccccc1)(C)C)c(cc2)P(c1ccccc1)c1ccccc1,C1CCCO1,,30.0,80.0,200.0,0.9511445523560815
CC(=O)c1ccccc1,C[C@H](O)c1ccccc1,Ru,CC(Sc1ccccc1CN[C@@H]1CCCC[C@H]1NCc1ccccc1SC(C)(C)C)(C)C,CC(O)C,[K+].[O-1]C(C)(C)C,50.0,60.0,99999.99999999999,0.9386624685100972
CC(=O)c1ccccc1,C[C@H](O)c1ccccc1,Ru,CC(Sc1ccccc1/C=N/[C@@H]1CCCC[C@H]1/N=C/c1ccccc1SC(C)(C)C)(C)C,CCO,[K+].[O-1]C(C)(C)C,50.0,60.0,2000.0,0.9177763300441724
CC(=O)c1ccccc1,C[C@H](O)c1ccccc1,Ru,C[n+]1ccn(c1C)C[C@@H]1COC(=N1)C12C3[Fe]4567891(C2(C9C34)P(c1ccccc1)c1ccccc1)C1C7C6C5C81,CO,[Na+].[O-1]C,20.0,45.0,200.0,0.9126367709388349
CC(=O)c1ccccc1,C[C@H](O)c1ccccc1,Ru,CC(Sc1ccccc1/C=N/[C@@H]1CCCC[C@H]1/N=C/c1ccccc1SC(C)C)C,CC(O)C,[K+].[O-1]C(C)(C)C,50.0,60.0,2000.0,0.8972782319621366
CN(CCC(=O)c1ccccc1)Cc1ccccc1,CN(CC[C@@H](O)c1ccccc1)Cc1ccccc1,Ru,CC([C@H]1COC(=N1)C12C3[Ru]4567891(C2(C7C34)P(c1ccccc1)c1ccccc1)C1C5C9(C8(C61)P(c1ccccc1)c1ccccc1)C1=N[C@H](CO1)C(C)(C)C)(C)C,CO.O,[O-1]C(=O)[O-1].[K+].[K+],20.0,25.0,400.0,0.8765911852428158
CCOC(=O)CC(C)=O,CCOC(=O)C[C@@H](C)O,Ru,C[C@H](N([C@@H](C12C3[Fe]4567891(C2(C9C34)P(c1ccccc1)c1ccccc1)C1C7C6C5C81)c1ccccc1P(c1ccccc1)c1ccccc1)C)c1ccccc1,CCO,,50.0,50.0,125.0,0.8703450717651642
CCOC(=O)CC(=O)C(F)(F)F,CCOC(=O)C[C@@H](O)C(F)(F)F,Ru,c1ccc(cc1)P(c1ccc2c(c1c1c3OCCOc3ccc1P(c1ccccc1)c1ccccc1)OCCO2)c1ccccc1,CCO,,9.87,110.0,100.0,0.8163080490292626
CC(=O)c1cc(C(F)(F)F)cc(C(F)(F)F)c1,C[C@H](O)c1cc(C(F)(F)F)cc(C(F)(F)F)c1,Ru,C[n+]1ccn(c1C)C[C@@H]1COC(=N1)C12C3[Fe]4567891(C2(C9C34)P(c1ccccc1)c1ccccc1)C1C7C6C5C81,Cc1ccccc1.O,[K+].[OH-1],20.0,30.0,200.0,0.8054491558357186
O=C(CCNCc1ccccc1)c1ccccc1Cl,O[C@H](CCNCc1ccccc1)c1ccccc1Cl,Ru,CC([C@H]1COC(=N1)C12C3[Ru]4567891(C2(C7C34)P(c1ccccc1)c1ccccc1)C1C5C9(C8(C61)P(c1ccccc1)c1ccccc1)C1=N[C@H](CO1)C(C)(C)C)(C)C.c1ccc(cc1)P(c1ccccc1)c1ccccc1,CCO,C1CCN2C(=NCCC2)CC1,50.0,25.0,200.0,0.803012171272733
CCOC(=O)CC(=O)C(F)(F)C(F)(F)F,CCOC(=O)C[C@@H](O)C(F)(F)C(F)(F)F,Ru,c1ccc(cc1)P(c1ccc2c(c1c1c(ccc3c1cccc3)P(c1ccccc1)c1ccccc1)cccc2)c1ccccc1,CCO,,9.87,110.0,100.0,0.719108988897274
CC(=O)c1ccccc1,C[C@H](O)c1ccccc1,Ru,C[n+]1ccn(c1C)C[C@@H]1COC(=N1)C12C3[Fe]4567891(C2(C9C34)P(c1ccccc1)c1ccccc1)C1C7C6C5C81,CO.O,[K+].[OH-1],50.0,15.0,200.0,0.7147731680594525
CNc1ccccc1C(=O)c1ccccc1,CNc1ccccc1[C@@H](O)c1ccccc1,Ru,CC([C@H]1COC(=N1)C12C3[Ru]4567891(C2(C7C34)P(c1ccccc1)c1ccccc1)C1C5C9(C8(C61)P(c1ccccc1)c1ccccc1)C1=N[C@H](CO1)C(C)(C)C)(C)C.c1ccc(cc1)P(c1ccccc1)c1ccccc1,C1CCCO1,[K+].[OH-1],40.0,10.0,100.0,0.7121596872673096
CC(=O)c1ccccc1,C[C@@H](O)c1ccccc1,Ru,O=C1C(=C2C(=C1c1ccccc1)C(CCC2OCc1ccccc1)OCc1ccccc1)c1ccccc1,CC(O)C.O,[O-1][N+](C)(C)C.CCN(C(C)C)C(C)C,30.0,80.0,100.0,0.7015706059015553
CC(=O)c1ccccc1,C[C@@H](O)c1ccccc1,Ru,O=C1C(=C2C(=C1c1ccccc1)C(CCC2OCc1ccccc1)OCc1ccccc1)c1ccccc1,CC(O)C.O,[O-1][N+](C)(C)C.c1cccnc1,30.0,80.0,100.0,0.6980059125053758
Cc1ccccc1C(=O)c1ccccc1,Cc1ccccc1[C@@H](O)c1ccccc1,Ru,CC([C@H]1COC(=N1)C12C3[Ru]4567891(C2(C7C34)P(c1ccccc1)c1ccccc1)C1C5C9(C8(C61)P(c1ccccc1)c1ccccc1)C1=N[C@H](CO1)C(C)(C)C)(C)C.c1ccc(cc1)P(c1ccccc1)c1ccccc1,C1CCCO1,[K+].[O-1]C(C)(C)C,40.0,10.0,100.0,0.6798873294452074
CCOC(=O)CC(=O)C(F)(F)F,CCOC(=O)C[C@@H](O)C(F)(F)F,Ru,COc1cccc(c1c1c(OC)cccc1P(c1ccccc1)c1ccccc1)P(c1ccccc1)c1ccccc1,CCO,,9.87,110.0,100.0,0.64512893057206
CC(=O)c1ccccc1,C[C@H](O)c1ccccc1,Ru,CC(Sc1ccccc1/C=N/[C@@H]1CCCC[C@H]1/N=C/c1ccccc1SC(C)(C)C)(C)C,CC(O)(C)C,[K+].[O-1]C(C)(C)C,50.0,60.0,2000.0,0.641777757070405
CC(=O)c1ccccc1,C[C@H](O)c1ccccc1,Ru,O=C1C(=C2C(=C1c1ccccc1)C(CCC2OCc1ccccc1)OCc1ccccc1)c1ccccc1,CC(O)C.O,[O-1][N+](C)(C)C.CN(c1ccccc1)C,30.0,80.0,100.0,0.6283623300192515
CC(=O)c1ccccc1,C[C@H](O)c1ccccc1,Ru,CSc1ccccc1/C=N/[C@@H]1CCCC[C@H]1/N=C/c1ccccc1SC,CC(O)C,[K+].[O-1]C(C)(C)C,50.0,60.0,2000.0,0.625267283442847
CC(=O)c1ccccc1,C[C@H](O)c1ccccc1,Ru,C[n+]1ccn(c1C)C[C@@H]1COC(=N1)C12C3[Fe]4567891(C2(C9C34)P(c1ccccc1)c1ccccc1)C1C7C6C5C81,CO.O,[K+].[OH-1],20.0,45.0,200.0,0.5846246840471149
CCOC(=O)C(=O)c1ccccc1Cl,CCOC(=O)[C@H](O)c1ccccc1Cl,Ru,CC1(C)Oc2c(O1)c(c1c3OC(Oc3ccc1P(c1ccccc1)c1ccccc1)(C)C)c(cc2)P(c1ccccc1)c1ccccc1,CO,,50.0,70.0,100.0,0.577778918245602
CC(=O)c1ccccc1,C[C@H](O)c1ccccc1,Ru,COC1CCC(C2=C(C(=O)C(=C12)c1ccccc1)c1ccccc1)OC,CS(=O)C,[O-1][N+](C)(C)C.c1cccnc1,30.0,80.0,100.0,0.4843323180930688
CC(=O)c1ccccc1,C[C@H](O)c1ccccc1,Ru,C1CCC(CC1)Sc1ccccc1/C=N/[C@@H]1CCCC[C@H]1/N=C/c1ccccc1SC1CCCCC1,CC(O)C,[K+].[O-1]C(C)(C)C,50.0,60.0,2000.0,0.4539290730702167
CC(=O)c1ccccc1Br,C[C@H](O)c1ccccc1Br,Ru,C[N+]1(CCCC1)C[C@@H]1COC(=N1)C12C3[Fe]4567891(C2(C9C34)P(c1ccccc1)c1ccccc1)C1C7C6C5C81,Cc1ccccc1.O,[K+].[OH-1],20.0,30.0,200.0,0.44030101901234625
CCOC(=O)C(=O)c1ccccc1C,CCOC(=O)[C@H](O)c1ccccc1C,Ru,CC1(C)Oc2c(O1)c(c1c3OC(Oc3ccc1P(c1ccccc1)c1ccccc1)(C)C)c(cc2)P(c1ccccc1)c1ccccc1,CO,O=C1CC2C(C1(CC2)CS(=O)(=O)O)(C)C,50.0,70.0,100.0,0.42212759043332443
CC(=O)c1ccccc1,C[C@@H](O)c1ccccc1,Ru,COC1CCC(C2=C(C(=O)C(=C12)c1ccccc1)c1ccccc1)OC,Cc1ccccc1,[O-1][N+](C)(C)C.c1cccnc1,30.0,80.0,100.0,0.41293343934729987
CCOC(=O)C(=O)c1ccccc1C,CCOC(=O)[C@H](O)c1ccccc1C,Ru,CC1(C)Oc2c(O1)c(c1c3OC(Oc3ccc1P(c1ccccc1)c1ccccc1)(C)C)c(cc2)P(c1ccccc1)c1ccccc1,CO,,50.0,70.0,100.0,0.40718925635756115
O=C(O)C(=O)c1ccccc1,O=C(O)[C@@H](O)c1ccccc1,Ru,CC([C@H]1COC(=N1)C12C3[Ru-2]4567892(C1(P(c1ccccc1)c1ccccc1)C5C34)C1C6C9(C8(C71)P(c1ccccc1)c1ccccc1)C1=N[C@H](CO1)C(C)(C)C)(C)C.c1ccc(cc1)P(c1ccccc1)c1ccccc1,C1CCCO1,[O-1]C(=O)C.[Na+],40.0,25.0,50.0,0.40624029156801766
CC(=O)c1ccccc1,C[C@@H](O)c1ccccc1,Ru,O=C1C(=C2C(=C1c1ccccc1)C(CCC2OCc1ccccc1)OCc1ccccc1)c1ccccc1,CC(O)C.O,[O-1][N+](C)(C)C.Cc1ccccn1,30.0,80.0,100.0,0.39769438416851416
CC(=O)c1ccccc1,C[C@H](O)c1ccccc1,Ru,CC(Sc1ccccc1/C=N/[C@@H]1CCCC[C@H]1/N=C/c1ccccc1SC(C)(C)C)(C)C,C1CCCO1,[K+].[O-1]C(C)(C)C,50.0,60.0,2000.0,0.395323038774651
CC(=O)c1ccccc1,C[C@@H](O)c1ccccc1,Ru,O=C1C(=C2C(=C1c1ccccc1)C(CCC2OCc1ccccc1)OCc1ccccc1)c1ccccc1,CC(O)C.O,[O-1][N+](C)(C)C.c1cccnc1,30.0,40.0,100.0,0.36074688552266776
CCOC(=O)CC(=O)C(F)(F)F,CCOC(=O)C[C@@H](O)C(F)(F)F,Ru,c1ccc(cc1)P(c1ccc2c(c1c1c(ccc3c1cccc3)P(c1ccccc1)c1ccccc1)cccc2)c1ccccc1,CCO,,9.87,110.0,100.0,0.356621696584171
CC(=O)c1ccc([N+](=O)[O-])cc1,C[C@H](O)c1ccc([N+](=O)[O-])cc1,Ru,C[N+]1(CCCC1)C[C@@H]1COC(=N1)C12C3[Fe]4567891(C2(C9C34)P(c1ccccc1)c1ccccc1)C1C7C6C5C81,Cc1ccccc1.O,[K+].[OH-1],20.0,30.0,200.0,0.32320371172623336
CC(=O)c1ccccc1,C[C@@H](O)c1ccccc1,Ru,COC1CCC(C2=C(C(=O)C(=C12)c1ccccc1)c1ccccc1)OC,CC(O)C.O,[O-1][N+](C)(C)C.c1cccnc1,30.0,80.0,100.0,0.31981990814805766
CC(=O)c1ccccc1,C[C@@H](O)c1ccccc1,Ru,COC1CCC(C2=C(C(=O)C(=C12)c1ccccc1)c1ccccc1)OC,C1CCCO1,[O-1][N+](C)(C)C.c1cccnc1,30.0,80.0,100.0,0.31391462523877334
CC(=O)c1ccccc1,C[C@@H](O)c1ccccc1,Ru,O=C1C(=C2C(=C1c1ccccc1)C(CCC2O[Si](C(C)(C)C)(C)C)O[Si](C(C)(C)C)(C)C)c1ccccc1,CC(O)C.O,[O-1][N+](C)(C)C.c1cccnc1,30.0,80.0,100.0,0.29626330036132925
CC(=O)c1ccccc1,C[C@@H](O)c1ccccc1,Ru,COC1CCC(C2=C(C(=O)C(=C12)c1ccccc1)c1ccccc1)OC,CCOC(=O)C,[O-1][N+](C)(C)C.c1cccnc1,30.0,80.0,100.0,0.2874724789304239
CC(=O)Nc1ccccc1C(=O)c1ccccc1,CC(=O)Nc1ccccc1[C@@H](O)c1ccccc1,Ru,CC([C@H]1COC(=N1)C12C3[Ru]4567891(C2(C7C34)P(c1ccccc1)c1ccccc1)C1C5C9(C8(C61)P(c1ccccc1)c1ccccc1)C1=N[C@H](CO1)C(C)(C)C)(C)C.c1ccc(cc1)P(c1ccccc1)c1ccccc1,C1CCCO1,[K+].[OH-1],40.0,10.0,100.0,0.287429155213953
CC(=O)c1ccccc1,C[C@@H](O)c1ccccc1,Ru,O=C1C(=C2C(=C1c1ccccc1)C(CCC2OCc1ccccc1)OCc1ccccc1)c1ccccc1,CC(O)C.O,[O-1][N+](C)(C)C.Cc1cccc(n1)C,30.0,80.0,100.0,0.2757857656399406
CC(=O)c1ccccc1,C[C@@H](O)c1ccccc1,Ru,COC1CCC(C2=C(C(=O)C(=C12)c1ccccc1)c1ccccc1)OC,CC#N,[O-1][N+](C)(C)C.c1cccnc1,30.0,80.0,100.0,0.24672975376605524
CC(=O)c1ccccc1,C[C@@H](O)c1ccccc1,Ru,COC1CCC(C2=C(C(=O)C(=C12)c1ccccc1)c1ccccc1)OC,O=CN(C)C,[O-1][N+](C)(C)C.c1cccnc1,30.0,80.0,100.0,0.21500719187073344
CC(=O)c1ccccc1,C[C@@H](O)c1ccccc1,Ru,O=C1C(=C2C(=C1c1ccccc1)C(CCC2OCc1ccccc1)OCc1ccccc1)c1ccccc1,CC(O)C.O,[O-1][N+](C)(C)C.c1ccc(cc1)P(c1ccccc1)c1ccccc1,30.0,80.0,100.0,0.15217793032623317
CC(=O)c1ccccc1,C[C@H](O)c1ccccc1,Ru,O=C1C(=C2C(=C1c1ccccc1)C(CCC2O[Si](C(C)(C)C)(C)C)O[Si](C(C)(C)C)(C)C)c1ccccc1,CC(O)C.O,[O-1][N+](C)(C)C,30.0,80.0,100.0,0.12383354213149757
CCOC(=O)C(=O)c1ccccc1Cl,CCOC(=O)[C@@H](O)c1ccccc1Cl,Ru,CC1(C)Oc2c(O1)c(c1c3OC(Oc3ccc1P(c1ccccc1)c1ccccc1)(C)C)c(cc2)P(c1ccccc1)c1ccccc1,CO,O=C1CC2C(C1(CC2)CS(=O)(=O)O)(C)C,50.0,70.0,100.0,0.12307640954893849
CC(=O)c1ccccc1,C[C@@H](O)c1ccccc1,Ru,OC1CCC(C2=C(C(=O)C(=C12)c1ccccc1)c1ccccc1)O,CC(O)C.O,[K+].[O-1]C(=O)[O-1].[K+],30.0,80.0,100.0,0.0984101022701954
CC(=O)c1ccccc1,C[C@H](O)c1ccccc1,Ru,O=C1C(=C2C(=C1c1ccccc1)C(CCC2OCc1ccccc1)OCc1ccccc1)c1ccccc1,CC(O)C.O,[O-1][n+]1ccccc1,30.0,80.0,100.0,0.06742266173666947
CC(=O)c1ccccc1,C[C@H](O)c1ccccc1,Ru,COC1CCC(C2=C(C(=O)C(=C12)c1ccccc1)c1ccccc1)OC,CC(O)C.O,,30.0,80.0,100.0,0.05898419215482368
CC(=O)c1ccccc1,C[C@H](O)c1ccccc1,Ru,O=C1C(=C2C(=C1c1ccccc1)C(CCC2OCc1ccccc1)OCc1ccccc1)c1ccccc1,CC(O)C.O,[O-1][N+](C)(C)C.Cc1cccc(n1)C,30.0,80.0,100.0,0.05617234577746803
CC(=O)c1ccccc1,C[C@H](O)c1ccccc1,Ru,COC1CCC(C2=C(C(=O)C(=C12)c1ccccc1)c1ccccc1)OC,CC(O)C.O,[O-1][N+](C)(C)C,30.0,80.0,100.0,0.05336094998162014
CC(=O)c1ccccc1,C[C@H](O)c1ccccc1,Ru,O=C1C(=C2C(=C1c1ccccc1)C(CCC2OCc1ccccc1)OCc1ccccc1)c1ccccc1,CC(O)C.O,[O-1][N+](C)(C)C.CCN(CC)CC,30.0,80.0,100.0,0.05054998210446884
CC(=O)c1ccccc1,C[C@H](O)c1ccccc1,Ru,O=C1C(=C2C(=C1c1ccccc1)C(CCC2OCc1ccccc1)OCc1ccccc1)c1ccccc1,CC(O)C.O,,30.0,80.0,100.0,0.05054998210446884
CC(=O)c1ccccc1,C[C@H](O)c1ccccc1,Ru,O=C1C(=C2C(=C1c1ccccc1)C(CCC2OCc1ccccc1)OCc1ccccc1)c1ccccc1,CC(O)C.O,[K+].[O-1]C(=O)[O-1].[K+],30.0,80.0,100.0,0.036500769683291724
CC(=O)c1ccccc1,C[C@@H](O)c1ccccc1,Ru,OC1CCC(C2=C(C(=O)C(=C12)c1ccccc1)c1ccccc1)O,CC(O)C.O,[O-1][N+](C)(C)C,30.0,80.0,100.0,0.03369189447765405
CC(=O)c1ccccc1,C[C@H](O)c1ccccc1,Ru,COC1CCC(C2=C(C(=O)C(=C12)c1ccccc1)c1ccccc1)OC,CC(O)C.O,[K+].[O-1]C(=O)[O-1].[K+],30.0,80.0,100.0,0.03369189447765405
CC(=O)c1ccccc1,C[C@H](O)c1ccccc1,Ru,O=C1C(=C2C(=C1c1ccccc1)C(CCC2OCc1ccccc1)OCc1ccccc1)c1ccccc1,CC(O)C.O,[O-1][N+](C)(C)C,30.0,80.0,100.0,0.030883289067207803
CC(=O)c1ccccc1,C[C@H](O)c1ccccc1,Ru,OC1CCC(C2=C(C(=O)C(=C12)c1ccccc1)c1ccccc1)O,CC(O)C.O,,30.0,80.0,100.0,0.029479080494561098
CC(=O)c1ccccc1,C[C@H](O)c1ccccc1,Ru,O=C1C(=C2C(=C1c1ccccc1)C(CCC2OCc1ccccc1)OCc1ccccc1)c1ccccc1,CC(O)C.O,[O-1][N+](C)(C)C.c1cccnc1,30.0,80.0,100.0,0.022458866380781057
