model_specification,repeat,seed,domain,n_available,n_balanced,n_sampled,sampled_row_ids_hash,unique_substrates,unique_ligands
substrate_only,0,42,target,98,98,88,99d3a644c940a7496b67b6a6f65cacd67bb1ba6d3d5e087c6e623f82e7fc8e71,36,20
substrate_only,0,42,inner,495,98,88,21a09c553ad9586fd4dadf984b2fd85e3e11a03947f38b1a942ddfe4cbc369c1,64,21
substrate_only,0,42,outer,1539,98,88,24faeb09cc4ebd2005c75bc7bcc6c4cda9c3f4117de8120af288e856ba64a86c,43,58
substrate_only,1,43,target,98,98,88,29c06874306a19b65e75cfd701110072b245c7c1021ab5ea7e8d81af76faedc5,35,22
substrate_only,1,43,inner,495,98,88,f2811e39d2a56032ece446abb915c204cd2579981000919b57906c70958fb9b6,59,26
substrate_only,1,43,outer,1539,98,88,c160a57a4125ca6f91608bb1d3026ff2fb9245f9f27d68751c9c8c3a098ed4e4,58,60
substrate_only,2,44,target,98,98,88,124f9460af5cc7e6abdca3d0e9cf802b74577ad373cdb5e6f0e667d4954076a1,37,20
substrate_only,2,44,inner,495,98,88,39587dfda7be118e7c4c44683654b2f32dcb91d3a9a2d015fa355836a37e5fd0,55,21
substrate_only,2,44,outer,1539,98,88,5e1b1dd8d05dd09afda6f05636f5c286426b60e573298bec5ff2a2393a80c7b6,44,61
substrate_only,3,45,target,98,98,88,68c5925518f68db540187cbe56908543c899807a2c54b4bea6b14a53264e2a54,35,21
substrate_only,3,45,inner,495,98,88,3a0725b98752ad331e3f56eb6cd45da7a857d8ef463c3c7f68dd4538059e6061,53,28
substrate_only,3,45,outer,1539,98,88,4abc92299f39cb9224d1f4d8ee96d04115720b4d90b06ef8b4c7b87c6310ed3a,47,60
substrate_only,4,46,target,98,98,88,c54fd9813a988f44f86e386d13cc6cabcebb92f0133d72b671f4d87f5767faa7,37,20
substrate_only,4,46,inner,495,98,88,cca9f3ccc7f93fc4592943a6827053cdc49829f2bb34d1079828b1a9e0ba3313,50,20
substrate_only,4,46,outer,1539,98,88,3e2d4d31c224dc79d4a80dc6ef56cb8818fde8a59401b00ba3f7cb421e52d070,47,64
substrate_only,5,47,target,98,98,88,518c2d99033d5178e9ed53b957764b9f171d23467d8c3eb76ec157f1f1fd996f,35,22
substrate_only,5,47,inner,495,98,88,b94ba5fcaddb57d75454d63f3a08868d299921014c3154a8a9d98611a6856337,57,24
substrate_only,5,47,outer,1539,98,88,e127ef399f2d46f39b1446bb8f370cc0e3a0df679606c1ff41c3031e3cfc3e96,49,59
substrate_only,6,48,target,98,98,88,ffd9b11057bd1ded82d2888e4dd468d27f9a0f388913cff95313300482dbab2f,34,20
substrate_only,6,48,inner,495,98,88,858f4b390f717dd1a05c87ace368524d8983a6dfdfaa4795a3d03cf59a80d050,56,21
substrate_only,6,48,outer,1539,98,88,acaa349534358fbb4adfdff9f6253cecefe32fa04565b8319b6d99e81cd2715a,50,62
substrate_only,7,49,target,98,98,88,acabee8db7e780b26e66411c2c36660147299acf16cb0773271a1a4e6be1f612,34,22
substrate_only,7,49,inner,495,98,88,2229025466f3cc00196c32efd82274ceaee0290af5ce94730747ad318422b022,57,29
substrate_only,7,49,outer,1539,98,88,a9c7f96360943d13c8bc460dcb03d7d7437446f6f52cab00c6eb9d49fb62192b,49,61
substrate_only,8,50,target,98,98,88,0c8dfe710657e584ed74eeba5b793b6b11080b4d2e091adfcb6e01d6d0dd9a48,35,20
substrate_only,8,50,inner,495,98,88,daaad68fa644f3111081448b97208f4aa44b0d2744e5830dc18f806a82ff507d,56,27
substrate_only,8,50,outer,1539,98,88,0c48ad9ddf8016012073c14a4dc9ad61220ebc49a0d02c3ecb23632013a4f90b,49,58
substrate_only,9,51,target,98,98,88,0f2a997b102092a8303f5d4ff320d1da07dbeceaa02d13205546ae0da2437c3d,36,19
substrate_only,9,51,inner,495,98,88,ce32257bec3528e4e4c89924a87bc06c51128e2ad76c273ca93d2938f289ee8b,49,27
substrate_only,9,51,outer,1539,98,88,ddcb031e194edddd09885413f8d9fd930d28f4ab466e1ddb0f4b47d1ad92a12c,46,61
substrate_only,10,52,target,98,98,88,0f67c6eb2ea9878872de416c6d0442fbc5f47ab1f2affa2b8a2eb0f775ff28ce,37,20
substrate_only,10,52,inner,495,98,88,77fc8c090e43b30e3c643213938267a83948dde4e7ace2d8e2b8622ca717214f,53,24
substrate_only,10,52,outer,1539,98,88,8519e40ccb7a8297a35bc9d5f5abb49dcd9fc10ae3aac3d602944872f308f928,45,61
substrate_only,11,53,target,98,98,88,9e5b962c450f52571c0636cb947df7ef08314e0b56276f9fa1d8c3203e260ef9,36,19
substrate_only,11,53,inner,495,98,88,be0ed6e3a2910962b685b18e463e33a2448b2105b74ed355085aceba0a71cf69,58,24
substrate_only,11,53,outer,1539,98,88,601c5be6e449f97ac52579b5931240f40894119a786d2b510bb14d707b5eb334,46,66
substrate_only,12,54,target,98,98,88,fce0a3607312ff41f1964a4ab76d8d13a1ddad83543dbfceeb8412cb0ea641c4,37,21
substrate_only,12,54,inner,495,98,88,eceaf307cb1e292bf64ea9a41e3ff4548fb5f1237f84b76dcd765381ec10b364,56,23
substrate_only,12,54,outer,1539,98,88,50271b98a9a6c06a95f261390824164b4bba177b249947c22ff4934a24828851,52,69
substrate_only,13,55,target,98,98,88,858256d2955213b7281e7c01e71f0c35ddfa014c7b3e5cae1426a00c0d67db51,36,21
substrate_only,13,55,inner,495,98,88,e9dd6b6dbbfd04193410c40f471e1d89f60683ea593dc197e00d4cad935d1f34,56,22
substrate_only,13,55,outer,1539,98,88,033517ea06da1d3e63d33a6f8ae214094ef386da8a8af41ffdc27e90a5bac03b,53,61
substrate_only,14,56,target,98,98,88,26c47287dc015d49825ce7c1db63a60bf8e997fb7349e3b48f14c845be1979fe,36,20
substrate_only,14,56,inner,495,98,88,09fcf1c3f52d66c77263c8727ae614fc59c2e9b81b60fae25cec5cf8ba3a9dfb,56,25
substrate_only,14,56,outer,1539,98,88,74c21718df66ba0765af0ebe2faf4e2db722b3e84abd8c5cfb968c3f16e79a63,46,63
substrate_only,15,57,target,98,98,88,922c2d1532a64eecd0843d4aa17ede4d6ff71659c3f62537326d7a6c03a97c27,35,22
substrate_only,15,57,inner,495,98,88,983342ea540cec517ad7317bf21cc41812fb7866e59eb2b4e09ea51e9e181622,56,24
substrate_only,15,57,outer,1539,98,88,e5dc12fff72efbe5b1b873d742b54be66f88b2d0f3c4a6891bc0fd8b3ce4f539,50,56
substrate_only,16,58,target,98,98,88,7de06e71af46de7c8245992981f1666783fd84839a7545f1290ff637016c0b46,37,21
substrate_only,16,58,inner,495,98,88,f68c45880d3115a9a95f158c78bdaf5f6f248ec9bfa46634bc3aacd433551adc,52,22
substrate_only,16,58,outer,1539,98,88,a8b3f9b396edff2cf8756a63086c82324859b1b03116c20f618e24e33da6ff08,47,58
substrate_only,17,59,target,98,98,88,abe1f26b2769f53e2c82731fb25119062fae539eb257fd4c59032daeaafe9666,37,18
substrate_only,17,59,inner,495,98,88,5c8990a49b16efd3c4093a763a63a4250cf059f7224c1613e93952163bc2219c,52,23
substrate_only,17,59,outer,1539,98,88,a096c8f070ee03eb9c9e8ab60f63c60903c8f83c7b82f1833951619051b5eed2,49,59
substrate_only,18,60,target,98,98,88,08ab608b640c1c091e5d30dd5e669004ef22d4478611ae42181ce40824a4f564,38,21
substrate_only,18,60,inner,495,98,88,daf78963bff91ebf6b420bf6ef9de4fbfb5465bae7f1501bde20cc497d08fcfe,57,21
substrate_only,18,60,outer,1539,98,88,e48541c9b34e47261e89b046cbbd1b1d27950541e746daa976187ae073ea23a2,48,63
substrate_only,19,61,target,98,98,88,690867b38b719fdef167dea1a63360ca7670666510dd327373e7b15be8da2a4a,35,22
substrate_only,19,61,inner,495,98,88,b4e29a54132dde8c67d9036e606767176baef0f01c15ef8528ec29e244653fee,48,22
substrate_only,19,61,outer,1539,98,88,8087dc9491584752ece1563e2dc27b3d7bfaf01c418e679842617ca8cd229680,59,61
substrate_only,20,62,target,98,98,88,c1e5f5a8e7b121ee88ab3165f058e55e544e159d76e5fde1dd806b95860c5338,37,18
substrate_only,20,62,inner,495,98,88,a83a32e4d32bd6496f16bc4924c927d5ef58bcbddec2d9d5ffe6364578295165,50,22
substrate_only,20,62,outer,1539,98,88,3d779c1bbd522a08601922b46a279f57fe02f590c318680ec18685f48586877c,53,60
substrate_only,21,63,target,98,98,88,9ca494f5bd4be9e5f8c178fd08538eca0d5180346a6111860303a170c6213d65,33,20
substrate_only,21,63,inner,495,98,88,5f8e7c06518e2eff3e9bfcf82fd868a4cec3a29e0158be44c82fe5323143ea6e,60,21
substrate_only,21,63,outer,1539,98,88,610cad5545f6100f39820ee70c1c032465b12524bd83e46617e5037037cc5a23,54,57
substrate_only,22,64,target,98,98,88,778d3a03cdd7a64f26e41ea3ba4e28cf261f4e9bdd1cedf06faf627e646008e7,36,19
substrate_only,22,64,inner,495,98,88,24fe70fae4d6cc576136bb3e21c17df63e9016f1868954e2fcff0c5c89db7b30,57,28
substrate_only,22,64,outer,1539,98,88,25290a29d46f2792c84f72d6b9b3f4ccefc59874f471e9768da0d5038aea648e,45,64
substrate_only,23,65,target,98,98,88,e2945d84330be479624aa0f273740eec930451581c410d6d990fc955000a28e2,37,21
substrate_only,23,65,inner,495,98,88,077b9c36fdff70beba33fbe44ff6b190cece7ba7cd9a4cca7c19334c682304fc,50,23
substrate_only,23,65,outer,1539,98,88,7f749f9f9bbd42a9dd091590cdac684111261cb743b30ef663695f0cf964dd74,50,57
substrate_only,24,66,target,98,98,88,71d88b6c420c85b6e44e49a8cd139483db016bbca68924dabcaa212aaf90172c,35,21
substrate_only,24,66,inner,495,98,88,17a21f0662e3ae4365d327e80ed55883dc1cb834166db65fc473271e38fd0c91,53,25
substrate_only,24,66,outer,1539,98,88,37395a1b23034e9b5ccc251d01358328f731e43b9f2e87263740f23ce0576818,51,54
substrate_only,25,67,target,98,98,88,e535419fcd792a57b867455709fadc2f3dd21bc0eb21dc12cd724f71d359abb9,36,21
substrate_only,25,67,inner,495,98,88,54b532f1e28f981f169b2f541f2479b101595899191eb8d263691f6aceaaea0a,58,24
substrate_only,25,67,outer,1539,98,88,036297b1d15ba52a0de18be105d1ef32490a19489565939abc26896999163202,50,61
substrate_only,26,68,target,98,98,88,b233c4b39208f4d1404ee661742759061c8feac12972fa28e562d770b213aa49,38,19
substrate_only,26,68,inner,495,98,88,3c7e389c6e67f524a3263aae958fb21833878076bae51a3291100bcf40650d37,57,21
substrate_only,26,68,outer,1539,98,88,f8c3d9258d129c26866b5002bc9c4bfd70e979bf17d2c98a38bdd182bcda1c0e,46,61
substrate_only,27,69,target,98,98,88,011ef79296c4dd623142d35d1fee38e989b3cff95c9abd06ce23d452ce275f1c,32,21
substrate_only,27,69,inner,495,98,88,73e400cd5ee72a03c9cbb889d55ceb129d8c355c9dd60b4ff3656928032a8a4e,61,23
substrate_only,27,69,outer,1539,98,88,7693f8305e155f963afb5233bc747304744915a6b69192fcdfdfadba0a0be4a8,53,57
substrate_only,28,70,target,98,98,88,6e340f952aa65aa1cab3a95e0806fab5d67d22b476ff3735820ef988b4cf9888,31,22
substrate_only,28,70,inner,495,98,88,fc533a56e01aae6a12002e31bcf49fab1ed6abf11a0c187c8dd8facbfd432553,54,21
substrate_only,28,70,outer,1539,98,88,cc6767e9478f1033864f56830495d00070959e5eb1253338594131ac7ab0b9f1,50,64
substrate_only,29,71,target,98,98,88,66522613c5fe7496c9cb6e259a3ae48d3338f688c6f98db3edd2c4f440317075,34,19
substrate_only,29,71,inner,495,98,88,5080b5a8b477f73ea34a5f98f2551b6aa82da4b8b832891228285813b4d2e3d1,55,24
substrate_only,29,71,outer,1539,98,88,45f5fed648b1f6b86d53834c982ea9241bd1337c522e49535231ded154c58110,50,64
substrate_only,30,72,target,98,98,88,cc49b5e77c581d21e362ee16c5bc1f026596dc2ec2d4b21b8b8f97988610b8d8,33,21
substrate_only,30,72,inner,495,98,88,5889e29724d22570227e2b4ec894ddeebebbb12ddd517f47203a8b293b78aa89,57,25
substrate_only,30,72,outer,1539,98,88,ccec62c32ed345452d494fd4561bd43ec6a21eedaf28126cd0b66c63bd35ab9f,52,58
substrate_only,31,73,target,98,98,88,ba06a38eeb9ef35811f6604b65f4af9ea0b0fc21550128d7a6ce8fa02a297d43,35,21
substrate_only,31,73,inner,495,98,88,4ef4e5b7b4acd2aa6386edb68fe258b645ec5d3f28a8ee32700fec6344222f66,54,26
substrate_only,31,73,outer,1539,98,88,194919f39a4120f487b948b62a0a909f96982ca7ea8efe6413735483959b0df5,51,57
substrate_only,32,74,target,98,98,88,821b655db49eea5063ff6f86457adf0094f24e85fa03c8813e59d4c149ab1f22,35,22
substrate_only,32,74,inner,495,98,88,b32b66e2168ad32aa8f0263eaed24651135069d5fa4101ea6dbd6322a7acf619,54,25
substrate_only,32,74,outer,1539,98,88,9a646279efd7d67534341969127fc44b846a583c1261265f6f67f78446d929d2,49,56
substrate_only,33,75,target,98,98,88,b28004330bfc7323ad83237120cc525da96c1128fabb9fbdf1d71871653b5193,34,20
substrate_only,33,75,inner,495,98,88,9f126124fb44eb04ff00625409a4e4507240ce641935921388b05fe3301d35e9,48,25
substrate_only,33,75,outer,1539,98,88,fd22cea68d39bbb39c2126cdaf58700641d0e438ff4fbf7e6ef42e432ffa6e35,47,62
substrate_only,34,76,target,98,98,88,2f87498649adaf338f1b58a1586e1b7855cd501f1c4eda7a2d4a09465b6ee2be,35,19
substrate_only,34,76,inner,495,98,88,9322e47ec8ad17c176b2654273b8aff357c32ea7e9cf5a65273a52dc9db77284,61,20
substrate_only,34,76,outer,1539,98,88,f319226d097a6de4ba75d6f0782c67ffe7221cb388b1dd26774debd0931663cb,49,57
substrate_only,35,77,target,98,98,88,4ab3471c6b0427ea3cc5959b4f69a94e90493da67af35f45da03f077a79f1759,37,18
substrate_only,35,77,inner,495,98,88,c4e03782c93a85043a8e823bdc4b53c9ee028f18f921365036ff59876398b961,55,29
substrate_only,35,77,outer,1539,98,88,64d4f6fc59123304518673ac51749b02ae74dbc76aee190c777f2dd71c054967,45,60
substrate_only,36,78,target,98,98,88,6101f7348ff6845c7371a71ee50dfea5a5131ea4e103bad69504de9a9dcf278a,36,21
substrate_only,36,78,inner,495,98,88,fa1ff42f20e4fc439bd3cfa48d196710abfdc1ee5432261c3fbe77c55bd70bd0,57,26
substrate_only,36,78,outer,1539,98,88,799ac19c23607fba64c312899b02859977497446a74f2afed9f4fc4d45848d81,47,57
substrate_only,37,79,target,98,98,88,49d877dd541369ac0e770595aca6a05abca24f08289edbfbe3b4a894e28c117a,36,21
substrate_only,37,79,inner,495,98,88,7f72e10dc0efd395d0aa708141928294ee33ba787075594dff715ef3a3201195,53,23
substrate_only,37,79,outer,1539,98,88,ccea69a4e26ca52e8bd2e40700e3afa1b51d0fdcc537c78720cc390dd4643584,49,62
substrate_only,38,80,target,98,98,88,b57c00493c93f66fde4bf43db88c44922168eee55f786bec443228d086d71dbb,33,20
substrate_only,38,80,inner,495,98,88,b8cbc775915afe6c2bbad0a34c9454686fddf3a3a48cae3d9400ce5444c3b68d,47,26
substrate_only,38,80,outer,1539,98,88,7aee484836bce3765c8c6a2913d6dba8d0f567737310ecf5d259a7983bcd589a,49,60
substrate_only,39,81,target,98,98,88,8cbba4e4ea96f56936e5596efe5ebe15869e34496c0aa3eeb6d0e8f0df562876,34,20
substrate_only,39,81,inner,495,98,88,8a33d5e2415cc28a07a2b37366317a389cb41428644ab74d813110a8dcc0d291,56,18
substrate_only,39,81,outer,1539,98,88,808c283c146082b20ea3525dcf5e16444b7dc6c391a32db5eddf1c8b53871580,48,60
substrate_only,40,82,target,98,98,88,b4f65672e6693f446c99fceea63ce957fc14c4db36498686d3d35f37c036d4c1,34,21
substrate_only,40,82,inner,495,98,88,a6c14a929b4668859218c4156cb0b0f4ef3c259754531ef7420f6fbeb196b511,58,19
substrate_only,40,82,outer,1539,98,88,a3eda2489ae956f4f822dab933cf2e1861718e3e7f053c73368f013c4fd2caea,47,66
substrate_only,41,83,target,98,98,88,663dba1b5df70f4f8f268f3d12a0666e10095b5e5374b125cc1fe67520a136d5,36,20
substrate_only,41,83,inner,495,98,88,d102a32911e18a4e2fed32bdd997d76a47f0c2e01ec24ba76808c421bb56bf25,55,24
substrate_only,41,83,outer,1539,98,88,205d5c2e749f4955d7ebec8c2477309599bb624e0807b29ac513f0d4e7baa04e,45,52
substrate_only,42,84,target,98,98,88,ff87dd5d906530a0b07c7d29e988923bec085e6982627b258e995f2bc60700bf,33,19
substrate_only,42,84,inner,495,98,88,9f035a644290b8070e70cd02be7c715924ba42877173e0ceb21b75653c93cf79,56,21
substrate_only,42,84,outer,1539,98,88,d43a6117f0fc7979f098dbee9a781324b187d4b8ac0d57a20e1b17abb29824e0,45,59
substrate_only,43,85,target,98,98,88,83bb274658be3173a7d40803a556fa42c91725f05655974532641f9a34aacd15,34,21
substrate_only,43,85,inner,495,98,88,218227631295b508306c685f856427dc59c3b4e04ff1393e4a8e5870792863c2,58,22
substrate_only,43,85,outer,1539,98,88,26971354bb9fa97fb7802248fe137d59f6857e3d748ac3b67854ad0f58ec206c,45,62
substrate_only,44,86,target,98,98,88,d0ee405271495d2312bad1cc62688452962adf5e60f4a9091eaab974e72881ef,36,22
substrate_only,44,86,inner,495,98,88,d9669cffbc45826a1981e0337a7fc0c2fa8f69960126f43cc3c85bb4e591c9e6,54,26
substrate_only,44,86,outer,1539,98,88,0ecbf8c6ced1373c4b07a3083966fd6e6749ffc8305be450d998d904d8623b72,47,62
substrate_only,45,87,target,98,98,88,7395c9e0355e5bf8fea171b8a9c034820ddd92781a1905ba150aa4f6d55da7a1,37,19
substrate_only,45,87,inner,495,98,88,d451806162b99a3a867b7cdf3062a6fb8cafffdf12e90a18c963b899f559de8e,62,21
substrate_only,45,87,outer,1539,98,88,1cadfd5043ba5671a974fc275821e78d5307a9f71ff93353f16c6316b6167a69,49,63
substrate_only,46,88,target,98,98,88,13594eff1bc7f2b28ea6329878ff1cc801d53ccb93d66963b82e45da13cde6c9,34,22
substrate_only,46,88,inner,495,98,88,d3e1ab27501c19b15a0e6c5deb3e16d24700cd60646ff56d927b1475a374d762,57,23
substrate_only,46,88,outer,1539,98,88,3df2dfa5bc41aba19827c4bc1d2a85032cee52cff3cba78d07690decb550369a,46,60
substrate_only,47,89,target,98,98,88,03838054ac810f2849907c9b26e4bd3234d3b119f928f608c501e750fc8d1130,34,19
substrate_only,47,89,inner,495,98,88,c98ba441953eab81253f288c418c33a8a9d1184df0051ffbe229968b2b8c83b7,58,21
substrate_only,47,89,outer,1539,98,88,683aed0d560841097306eccb9e106d23a33a6d66b9a88d0a95c6afbbeaffd880,49,56
substrate_only,48,90,target,98,98,88,8c66e7d08b1c8f54b90b318866c09801af170dadec30d94a9b600730b723b7be,36,21
substrate_only,48,90,inner,495,98,88,168722c86cd0bd799695eecfb85d9a20db899b4a98d459f10f0a71878247b7b4,59,22
substrate_only,48,90,outer,1539,98,88,b4740f385767e2863c2f4858c06cc85610bd8ddc4f31aae39aca45996d549f1f,51,65
substrate_only,49,91,target,98,98,88,682858315b1f989932547d0ed5e5173a3fed420064d2d79e55e86cf06f04b5db,37,22
substrate_only,49,91,inner,495,98,88,e4a99d48f0a840ff42ff0623c208a2ca020d17bbb532bc89f25f58169b5a8036,61,23
substrate_only,49,91,outer,1539,98,88,efe14cbaa4dd65e35c8b37eabd211519eb5bf52b23371116d81e2d6993185b5f,49,65
substrate_only,50,92,target,98,98,88,0ef6161e4d8033cba886376b6114cde33a7757e4bfde75b50cea7df784d07055,35,22
substrate_only,50,92,inner,495,98,88,84a05ae28d242453a6fe6fa884e69d57633c09361dc9048bf6e0753fdc44b201,59,21
substrate_only,50,92,outer,1539,98,88,19c7be27b6031c3a2eea522a1433ad1047509fcee2e9a32a462f317ba83148d9,51,62
substrate_only,51,93,target,98,98,88,3cad5463072f995a10bd8c12347e1b5903bc7671b0103404bb0434698260ac7d,33,20
substrate_only,51,93,inner,495,98,88,6c980c14d897c423c39af04cdec28f79ce6ac3a8597bf0a0abb2c77fabcb98c5,59,21
substrate_only,51,93,outer,1539,98,88,56683d2de83fd9eaf3254347385c02aa7babd37edebecaf9cefe72c94d15490e,52,63
substrate_only,52,94,target,98,98,88,7c833090e739794cd5b8509f16afaa963390d67d654b5b8a6c148d0d68ea941e,36,21
substrate_only,52,94,inner,495,98,88,0e5cdf84f183d423159003e99d3810aefa7af0c4ca40440c34500723864822bd,54,24
substrate_only,52,94,outer,1539,98,88,5fe2a00ccc9162462342061ec371eb47a3d578daf852a5968e3cfa632b17fe67,48,60
substrate_only,53,95,target,98,98,88,d19ed17f32725a9cc3d106bbb8a1ed863f2d2260373a6e34f6bee0bf0c2490e5,37,19
substrate_only,53,95,inner,495,98,88,b7fe5e070b12e6dec65c7e0d4c638a0519b96966f40cdaa1da2fa55cc2543990,61,22
substrate_only,53,95,outer,1539,98,88,43384dcc4389bcec57e4e6016b130efd2733aad1d31e199d416fd4622ea4eab6,48,64
substrate_only,54,96,target,98,98,88,264351e8438b258be23caf7702ac121654ffbe0f58d6c6b92b918ca39de68782,35,21
substrate_only,54,96,inner,495,98,88,3685d6be89746ecdde4a7165eadde5b6aaa95c36a85baa325ce54dd6e1c93043,49,22
substrate_only,54,96,outer,1539,98,88,0315ea299ce8f9d895d40a6786461cf667e70c14a588229ef47a3b96e9f111bf,56,60
substrate_only,55,97,target,98,98,88,2ab2d3f70cba00629ebd2b4d7230c75cb0c0df73c1fc55786004cf5a30b3bed7,35,21
substrate_only,55,97,inner,495,98,88,d792a8aabc868886a3716658ac3bb41fa3e6fdd2107d3dfed5793154c55bdace,55,26
substrate_only,55,97,outer,1539,98,88,1aa77f86be9b3d98405ce72159902592de180dd27cfcff2d2ae31b761c5931a2,51,62
substrate_only,56,98,target,98,98,88,6cdb18a4790858df5f0608de97844c163b16eb6600929619472f4699a9d76a29,37,19
substrate_only,56,98,inner,495,98,88,358af4e1b8bcab6fdbf4979153785f371d0a4214459a00466c14e826ed63a45c,53,23
substrate_only,56,98,outer,1539,98,88,b8215f33227fb32927a787dffd1498264fed2811200773700dc0e6315b93eca9,51,57
substrate_only,57,99,target,98,98,88,c7f35dabcac97e8e9c5b4a65b4e0775e760b18e514e9f6544df888642336bca3,34,21
substrate_only,57,99,inner,495,98,88,bd488e6575392edc341fe62c15854ddd0bc0c776832d51390ee39222d3864509,49,27
substrate_only,57,99,outer,1539,98,88,ce585186dd6f2ae5457347d67c29f6b3c3f6fccadb87f84a870ff0a2f5cee8bf,48,61
substrate_only,58,100,target,98,98,88,755dfe68c888dcfb87e61a658e99771eba5529e7e19dfad162fd4f20a8ec177c,34,20
substrate_only,58,100,inner,495,98,88,128742c7ae33a548dbdd0cd0e98658f6b8a74e4c4d9571f382d6e2df42a6a3a4,53,24
substrate_only,58,100,outer,1539,98,88,890528555f7b5df7e52888521acbaaf2057e73c2b614061215f552048a250927,44,56
substrate_only,59,101,target,98,98,88,8cc81b1be1b9e2c96ffa5c7e335e012e6518ccd806ff481538c3446da1db4629,36,20
substrate_only,59,101,inner,495,98,88,c09fbf9b656f5d7d9c5f17117ac60afe7e02f0324f5dfc85bff7e6ac6d7bffc2,59,23
substrate_only,59,101,outer,1539,98,88,ce259435dddcc2c9d138af7cb9d47ce9eb5bf3585cb2ce480bbedcff6e7838f2,43,64
substrate_only,60,102,target,98,98,88,233c96a96599587a9cf2684ee952a507f470fba3d356d16a70916d83ae9b6229,34,21
substrate_only,60,102,inner,495,98,88,7793fa2720e2934b67c14ee08ea72e20f7e5897606272c99c3e4c1cd33d52e2a,52,26
substrate_only,60,102,outer,1539,98,88,3461217075e741fe131727a4e08a50ab635046eb27e7bc4f1c5817d2b486f31e,47,61
substrate_only,61,103,target,98,98,88,e3f3ebc0aabf8a002ded920b651caa6ac13dce37b9d6033e8f0ad8cc82f1d649,38,22
substrate_only,61,103,inner,495,98,88,ef04d9c1a9613718fa083c40fdf6479d046060897833222023a6df5b2c7fb5b2,59,21
substrate_only,61,103,outer,1539,98,88,98815798fba7292c40e0f16ffc8788b97392a60d953c8c810290f95c247aca9c,49,61
substrate_only,62,104,target,98,98,88,dbff41c799c7be4756c9e530a7868a45a8c8bf763d080a7f9c2154873cafa1df,36,22
substrate_only,62,104,inner,495,98,88,e2c239c034bf2f1c936b69541aafaa5361f11eec9be2777842ee1874b48da678,51,24
substrate_only,62,104,outer,1539,98,88,de57b8692710c83a787fafa89f5ff3dc6326d2e0303afaaabc1218dfda989334,44,65
substrate_only,63,105,target,98,98,88,5c33364f4672869d9cde72a5c081971bf877b4ab046901d8a8471775c1dd0d83,35,21
substrate_only,63,105,inner,495,98,88,9bf62290254601bd35f37cfabdd318aab6e260fe583259eb3c5ecf939b537859,56,21
substrate_only,63,105,outer,1539,98,88,2bad8e62ccadfdac8569b9fd7d2044f9180fdae891ac7b63bf8bd2257c31239f,51,64
substrate_only,64,106,target,98,98,88,ce4d73da35392d80a254018a3c290222a6dec62234d424364322f9253a747f66,35,21
substrate_only,64,106,inner,495,98,88,958aae778ca8cfe82f67aa5a9511938157cc03300b63420f430f4e2640dc95b2,56,25
substrate_only,64,106,outer,1539,98,88,cfb69260603da636bb6071697323668190d25de4cf40c252b169092884a79f7c,51,61
substrate_only,65,107,target,98,98,88,7438c201f1110a026cccdb94ad839b7f0c832980400ae8eaac2ba52d6947dded,36,22
substrate_only,65,107,inner,495,98,88,5e393baf8c9ab19046f3bd40ecf0a1db04ab56350b113a6aed6838cf7a343b8f,58,21
substrate_only,65,107,outer,1539,98,88,f0ed87684342884ccf126beeec691d941a4b015e419b079640bdddc0381295dd,50,59
substrate_only,66,108,target,98,98,88,c744f1600e58a37c1a3ba50a7afb397eba5e94b114c7f98f1499b1edf871ef28,36,19
substrate_only,66,108,inner,495,98,88,1a71fe255f4b6e30f4a2472638ba4b103f5d6d19f2efab0b531e41a31e7dfd84,59,24
substrate_only,66,108,outer,1539,98,88,8822554423130954a9d8b47372b81fb95ea11770453e21d5c4da00e3707ba52c,47,67
substrate_only,67,109,target,98,98,88,d9ce33f0e9e42d014f256a70215b2fba046a011310a22ef0de42cabbf68ca68a,36,21
substrate_only,67,109,inner,495,98,88,26269bb821464c833e1ac898439c08d122f15bf8689061602363ef05b4350b79,57,22
substrate_only,67,109,outer,1539,98,88,d97b6f41693a45faf0285a4f13d19a15e48b52785c89fa8a93f3690c76dad7c1,51,63
substrate_only,68,110,target,98,98,88,814a0e48b1133aab79f5d2c8b4564401fd5587660ac38b7dbf48074e5c036fd5,37,20
substrate_only,68,110,inner,495,98,88,454a335181838486a8cb684857f0f38e8e07f87314e6f7b7e4a113e2db1d2d70,51,26
substrate_only,68,110,outer,1539,98,88,e70a4e604d1823b6db62bcb4070db469e2ee13a8282548e775b2645d44cef8d0,51,60
substrate_only,69,111,target,98,98,88,82bb69b004b170b7991c5ef1a966486024f3c84d25ab04b85cc6f716976e2831,35,22
substrate_only,69,111,inner,495,98,88,c63deed0cea9d3c90844545acf763d5bbaea62e968b5634688492f78f4c8fdaa,44,25
substrate_only,69,111,outer,1539,98,88,5fc480f0e57e0b7db54c92589559b368099bcca934dfc7966db0a2b6490972df,50,62
substrate_only,70,112,target,98,98,88,bdd4cc1857c282db8e0349eef0902f817e4d9af0b8d8b79624698330d2445c01,37,21
substrate_only,70,112,inner,495,98,88,3a0cdbbc014d0c105bec1773a57208cb279d75e0a526e0cc7bfbbbdf8c747ffd,56,24
substrate_only,70,112,outer,1539,98,88,eecefe9a2108c27ef2578357d2b7047b27668ecb7eb338fd2a41543879b4f147,47,58
substrate_only,71,113,target,98,98,88,476b81f90eeac55501179b7e02c9e833a38c040e90cc312ded8719b6a50d0c99,34,22
substrate_only,71,113,inner,495,98,88,9fdc4582d8afb75246be728f930bf6688d7fce6f83c181c969461a217004f630,55,23
substrate_only,71,113,outer,1539,98,88,1a3869831be57cda79ef94f11bfa5ab441298193e1e969deb66ef5ad73cf9b8b,49,58
substrate_only,72,114,target,98,98,88,987d365f7e58be86acee24d76587db794a345d435134ffd131b454a671cb1c59,36,19
substrate_only,72,114,inner,495,98,88,a2a6c6bb3cc295dba38201cad76373f11a27d1e00856337c47f38c6cf4917aa0,56,22
substrate_only,72,114,outer,1539,98,88,fe90a91561abc6419c79d5128bbbda81a0f501db88faba6eec6f872b4d8ac245,42,60
substrate_only,73,115,target,98,98,88,7d33991751016c9d887a05245a5b3d432ba0db1afd4d84b826f0f53815640101,35,21
substrate_only,73,115,inner,495,98,88,19ef64fbae5dd63fe632dac0e3860e4b77cf785e4d5d2b873231db647316ca5d,62,22
substrate_only,73,115,outer,1539,98,88,89140a105bc97589d23125b1f2f52994d73945af654b9735d49f42f554cdc6e3,58,60
substrate_only,74,116,target,98,98,88,0d411529fc3eb1f3d04bcf1f95070d15879c1af02562ac5e56d73de911723030,35,21
substrate_only,74,116,inner,495,98,88,c89e236d1418d3e161c29e8de35bedf2aa2aa7f8c4d79ed96f14585b8fadfb14,56,23
substrate_only,74,116,outer,1539,98,88,98e97c3c1a6a4dddda6fd62d2b1dec89dd50eee4d62f241cede3e39f26d06057,47,57
substrate_only,75,117,target,98,98,88,9353fc83714adac14c16599e3334ac2a847c24b7f53ed2214379d252949584b9,35,19
substrate_only,75,117,inner,495,98,88,e45b0aa5038840de9932976905eda17392a4203fec9ad7a0436b6b2e5b5ae70f,58,23
substrate_only,75,117,outer,1539,98,88,2ea4a06e6d988583513efb924dc342e07444b554e29e25fc75f2ee728cff70dc,43,60
substrate_only,76,118,target,98,98,88,bc6eb5c4974eb419952c62f7289e34bdf615b92d7649772154d47d566d6c4355,35,21
substrate_only,76,118,inner,495,98,88,5d077dffda0a1867be15bcb8beca72369c57027ace9d2e05b3bd2fcfb5367d03,65,25
substrate_only,76,118,outer,1539,98,88,95b922b3ace44d65ccd1bfb4c181f65feb42ef671bcf204405651e53fe279653,42,65
substrate_only,77,119,target,98,98,88,29c67a000b2fc16e94d413c9a65d1a06cf24adb2996195fc3fc1d17bb568b36e,35,20
substrate_only,77,119,inner,495,98,88,e5711dfcfbc34af1366e3bffbe95456ca7c49a675672b3bf112cfcd6421f9084,55,23
substrate_only,77,119,outer,1539,98,88,5b9fa6901cc0eed31ad2388d929263f435f49ecceb0c7d499423746c5dab5d29,48,56
substrate_only,78,120,target,98,98,88,42e13912f590f5f3d69f022752a648eb4343ea5c7f18ff92e461ea75c7f9f275,38,19
substrate_only,78,120,inner,495,98,88,0794fe22231a6890952f7b1dcdcb74ca0dbd799f5bf0e03cfc3053ba4e26afd6,50,28
substrate_only,78,120,outer,1539,98,88,583eec37b07b2ab5aaeca89a1f5a2c608df849d1fa20bf73278fc9a6a95336a1,54,56
substrate_only,79,121,target,98,98,88,a860229cbd2c5871c543aa1f4bf89b9757da0aedd0f7e298e6d2347da65d54fc,33,21
substrate_only,79,121,inner,495,98,88,3def410e69de0592c8b16ffbdad3255ffb894163d9d75ce55e4202438d576f01,53,24
substrate_only,79,121,outer,1539,98,88,37ab897837d4da8084c95a89b5718c392de32961288857bade43c2db2304a164,54,63
substrate_only,80,122,target,98,98,88,a515449d0dfc50f3ffa551122c5557bfb9af13a115c7e83cd4f28e34a055f125,37,19
substrate_only,80,122,inner,495,98,88,68b171beca743d51a5b04506dfc6ddfe94016688bc032870b7ee41a93f983447,56,23
substrate_only,80,122,outer,1539,98,88,40bdc34b21488f99a19d6730291ca8f0ffe54e19c5e9079f3bc468a31570f1d4,52,67
substrate_only,81,123,target,98,98,88,ba857f888b92ee60244c11a0a84c54f644bf3d3f0e6bd8a4abacbca1d737f22d,34,21
substrate_only,81,123,inner,495,98,88,6d222cd1f17fb716f5903279a68470bb77907b14f700a3f88b4690e879af6a10,56,19
substrate_only,81,123,outer,1539,98,88,8fd47522b230b996de2b11762dd69b6101139cc938897ffc27748a77bda63f0b,47,60
substrate_only,82,124,target,98,98,88,c90ebba24689559e0b2da430d586a8ff267ac9de54e6a5dfa808b4e137e303b8,37,20
substrate_only,82,124,inner,495,98,88,8d06f2f637c6c3620f2c3d9cb0fca6ecec5e00c1d6c4f1915e23aed2b39d5755,53,28
substrate_only,82,124,outer,1539,98,88,7efc565396cb02277a37d1d9b3eff9cdf5e4955a8b76fbf0ffa47af5e8546bdd,53,63
substrate_only,83,125,target,98,98,88,797e5e860092752a8e01fbbcb8430fa213219045d6de13037f51b7ed605c46ed,37,22
substrate_only,83,125,inner,495,98,88,55d3bc2e2c8ce67417a7d8a4181b3e2d76e483d6d731f5e59e8bea55a7c89f44,63,19
substrate_only,83,125,outer,1539,98,88,d86ab6db6175fb646f0264de0cfb6f558b7419f656071319f24dd816fc560716,44,58
substrate_only,84,126,target,98,98,88,aefaa71795de2fcad0a99fe148fab787423164a0316618e79bb78f3159bfe7bd,34,22
substrate_only,84,126,inner,495,98,88,963541cd1eac127774755c216c6c42fae73384913d98e224a1fed9880ef0c981,51,24
substrate_only,84,126,outer,1539,98,88,c75a79aab97341f4e17553e7cd396eaa5ab182558065fc5828d8fbdb6c308b77,43,63
substrate_only,85,127,target,98,98,88,f9d058ff4afb0b492780d968eb3bb77964a82a2386a61510310e6f8e70f62963,37,22
substrate_only,85,127,inner,495,98,88,972cd84389aa30ae2a2047a82e17bcfea495fd0cb5ca18c718639ea8963f13f4,54,22
substrate_only,85,127,outer,1539,98,88,7ba43058dbb303fc982e7cb55170166e963ae28fcea78c4982909f24d9f21989,50,59
substrate_only,86,128,target,98,98,88,158dddff66f705324a8405b1755ced38aec9ed8d0aeb20893e7f133dffd7c34d,34,21
substrate_only,86,128,inner,495,98,88,eaa02f8f082470da870442b2c8a120adcf3ee2c85394e58f99ae49e902390633,57,23
substrate_only,86,128,outer,1539,98,88,493dfb69c64931f515f100fcd4e05f0ead64cc7059a66d28722dc78949b74f98,54,61
substrate_only,87,129,target,98,98,88,34e15ef9834fe6943c19a278f603e12657202c2194119355c24c8844d23ee471,37,20
substrate_only,87,129,inner,495,98,88,6b8b2079e5eaf47960937d6dc3f049d3e006ecb47c6d996f30415262ab30e3fc,58,23
substrate_only,87,129,outer,1539,98,88,a56895310a33aee9d0c198dbfd96719ded891220c856f8846aaaba0c97d55f92,49,59
substrate_only,88,130,target,98,98,88,0491c05c8d8996fa527888bce0744fccfeb0aa8ff4f7608a7e933cd5c2ad0892,35,22
substrate_only,88,130,inner,495,98,88,586c9ef9e6a8954e6335dbf600229d569bd4e5caf49d6d8eed151ba7289abf4a,56,21
substrate_only,88,130,outer,1539,98,88,1299da1e9de34b94e1b081458c5316fd07eeccc9eecac49d81019697b49a3086,46,57
substrate_only,89,131,target,98,98,88,40a7bdc582f4e5bf594f32d489451b42cd8e9ae11e5de91c4a361339d7a773b8,34,20
substrate_only,89,131,inner,495,98,88,4d806366f23d22f6d2b80f4714bb3d7c53e832f6be6411bc496670f01ce60894,52,22
substrate_only,89,131,outer,1539,98,88,3c7dc8d924e9a9753e2739c04825b0c6fd2b2c6b09d05d9d045d201bf8c6ef97,49,62
substrate_only,90,132,target,98,98,88,7017dfbfbcd5910cbf4e2a42e612fd957d71d325a4e8322ff47eef45669616e8,35,22
substrate_only,90,132,inner,495,98,88,176348f6188a2c80e2e97c147673f03565e7c5d856fa0d5cc7f7bd6a75760f9c,59,23
substrate_only,90,132,outer,1539,98,88,35de1178810e3a968128921b796072b6e1b471dc81401bd47264507449e39996,51,59
substrate_only,91,133,target,98,98,88,53c73080aee57d3cae0fa586be3c312c433084712b1de1199a15a9fd04567c7f,36,21
substrate_only,91,133,inner,495,98,88,832ef364f16e15c93455ff77a22db57d452c1fdcae248d7d371889cea6a6cc41,60,21
substrate_only,91,133,outer,1539,98,88,1c34d2802e8803c748f050da1551d13311a1d5289b4326f88ba8e992fff4309f,47,63
substrate_only,92,134,target,98,98,88,7fea9fc611f333dea374b909885dd419e1f6f4dbfdbdf4b3926947ae385b6f57,33,21
substrate_only,92,134,inner,495,98,88,f872c5b9a08f44a6d2ceec0f97b0b72f6898f2409f6f85d225e79cddc0e893f1,54,24
substrate_only,92,134,outer,1539,98,88,4e0ec88d382b20500a4d327480c7068c1a80ba5aff6c1458196f48212d0df6be,51,59
substrate_only,93,135,target,98,98,88,560f51d5aa396a9b85f71e15dc80ab5560c84fe47d0717d7193fdb062a663bb2,36,20
substrate_only,93,135,inner,495,98,88,38f05683b1fb8391ddd414cc48720e9e2768876afc7ff513817548041c03db5b,59,26
substrate_only,93,135,outer,1539,98,88,b26ae670436512980e7f0c5629aa2821678fb2c1ad465abc98ad2df00a046ffa,56,55
substrate_only,94,136,target,98,98,88,0ccb4f97eadbbb24d95dccfb37a067379a74dcd23f2a8c5f7cf88940f72bcde3,35,22
substrate_only,94,136,inner,495,98,88,a1fd88de352012f1ddc4dc5d28df48a0164b52ebdf9455bd28393ffe24616192,55,26
substrate_only,94,136,outer,1539,98,88,0cf0df9198378cb907d4ff7b648947470a9807daed691173a11d2a1382c7f5d8,43,66
substrate_only,95,137,target,98,98,88,dd398139a716592ed993de27aa7732255558163ef256b39a217308e663cb8cc9,36,17
substrate_only,95,137,inner,495,98,88,5c2cae0c7894e68e7322da6d2339e84284cfb01fb5ac459230586c5088a09076,56,23
substrate_only,95,137,outer,1539,98,88,a6a98735e0986f9d356eb0ed200c1bd072b205a9f51d70ce12f321cfa5bd3c48,45,63
substrate_only,96,138,target,98,98,88,6d9aa5ac40264586666d65d0ea917c9e40db9957353b2323901c189794dd3604,36,22
substrate_only,96,138,inner,495,98,88,fc043f64d3439df4eda699b56f401a3f6c83eb858dedb74f81e7455e14db1929,50,24
substrate_only,96,138,outer,1539,98,88,bf0e11ebecf768eb6270ab140d8991bdcbcf00ccffb9d124df68925191e99558,49,60
substrate_only,97,139,target,98,98,88,9e638947ff18933464ad12baa0ceb994460de40777ca11c007300e9bf72b2395,36,21
substrate_only,97,139,inner,495,98,88,f428c8d32e71a40c4c1bbbfa837bf1565b5267bf72b5ee213433bb920145808f,59,21
substrate_only,97,139,outer,1539,98,88,50c773ba7ea2c59e5d8fd77978ed06e28fff36f9051d8c641a45e63db6836b69,47,58
substrate_only,98,140,target,98,98,88,ab74f2e7464294a0701d848d736c14f66cf1bb8f288bed44579e0919e9bfb829,34,20
substrate_only,98,140,inner,495,98,88,0bdcadc8bbefcbfdd7c58729de115ad9c16f4ede3cc6c5a5e9bb4d7f4d376ec0,58,23
substrate_only,98,140,outer,1539,98,88,0616632749ca22565261d51fb618ba7cbf52002af7d9ff60684cddabebaf7d69,53,63
substrate_only,99,141,target,98,98,88,487a1b1fd1474aac8cf6932fc4f318161bfc0d48b209d8315cffa5bc14270ed2,35,22
substrate_only,99,141,inner,495,98,88,10bb3175a8b008803935c20d28c75f685d8bf57f6f64f277e644c31244ae04a2,58,21
substrate_only,99,141,outer,1539,98,88,3e25941b55b442b49aea307999d9453c69f7ab942e2d9c1c652873a35e15c6fb,42,60
substrate_ligand,0,42,target,98,98,88,99d3a644c940a7496b67b6a6f65cacd67bb1ba6d3d5e087c6e623f82e7fc8e71,36,20
substrate_ligand,0,42,inner,495,98,88,21a09c553ad9586fd4dadf984b2fd85e3e11a03947f38b1a942ddfe4cbc369c1,64,21
substrate_ligand,0,42,outer,1539,98,88,24faeb09cc4ebd2005c75bc7bcc6c4cda9c3f4117de8120af288e856ba64a86c,43,58
substrate_ligand,1,43,target,98,98,88,29c06874306a19b65e75cfd701110072b245c7c1021ab5ea7e8d81af76faedc5,35,22
substrate_ligand,1,43,inner,495,98,88,f2811e39d2a56032ece446abb915c204cd2579981000919b57906c70958fb9b6,59,26
substrate_ligand,1,43,outer,1539,98,88,c160a57a4125ca6f91608bb1d3026ff2fb9245f9f27d68751c9c8c3a098ed4e4,58,60
substrate_ligand,2,44,target,98,98,88,124f9460af5cc7e6abdca3d0e9cf802b74577ad373cdb5e6f0e667d4954076a1,37,20
substrate_ligand,2,44,inner,495,98,88,39587dfda7be118e7c4c44683654b2f32dcb91d3a9a2d015fa355836a37e5fd0,55,21
substrate_ligand,2,44,outer,1539,98,88,5e1b1dd8d05dd09afda6f05636f5c286426b60e573298bec5ff2a2393a80c7b6,44,61
substrate_ligand,3,45,target,98,98,88,68c5925518f68db540187cbe56908543c899807a2c54b4bea6b14a53264e2a54,35,21
substrate_ligand,3,45,inner,495,98,88,3a0725b98752ad331e3f56eb6cd45da7a857d8ef463c3c7f68dd4538059e6061,53,28
substrate_ligand,3,45,outer,1539,98,88,4abc92299f39cb9224d1f4d8ee96d04115720b4d90b06ef8b4c7b87c6310ed3a,47,60
substrate_ligand,4,46,target,98,98,88,c54fd9813a988f44f86e386d13cc6cabcebb92f0133d72b671f4d87f5767faa7,37,20
substrate_ligand,4,46,inner,495,98,88,cca9f3ccc7f93fc4592943a6827053cdc49829f2bb34d1079828b1a9e0ba3313,50,20
substrate_ligand,4,46,outer,1539,98,88,3e2d4d31c224dc79d4a80dc6ef56cb8818fde8a59401b00ba3f7cb421e52d070,47,64
substrate_ligand,5,47,target,98,98,88,518c2d99033d5178e9ed53b957764b9f171d23467d8c3eb76ec157f1f1fd996f,35,22
substrate_ligand,5,47,inner,495,98,88,b94ba5fcaddb57d75454d63f3a08868d299921014c3154a8a9d98611a6856337,57,24
substrate_ligand,5,47,outer,1539,98,88,e127ef399f2d46f39b1446bb8f370cc0e3a0df679606c1ff41c3031e3cfc3e96,49,59
substrate_ligand,6,48,target,98,98,88,ffd9b11057bd1ded82d2888e4dd468d27f9a0f388913cff95313300482dbab2f,34,20
substrate_ligand,6,48,inner,495,98,88,858f4b390f717dd1a05c87ace368524d8983a6dfdfaa4795a3d03cf59a80d050,56,21
substrate_ligand,6,48,outer,1539,98,88,acaa349534358fbb4adfdff9f6253cecefe32fa04565b8319b6d99e81cd2715a,50,62
substrate_ligand,7,49,target,98,98,88,acabee8db7e780b26e66411c2c36660147299acf16cb0773271a1a4e6be1f612,34,22
substrate_ligand,7,49,inner,495,98,88,2229025466f3cc00196c32efd82274ceaee0290af5ce94730747ad318422b022,57,29
substrate_ligand,7,49,outer,1539,98,88,a9c7f96360943d13c8bc460dcb03d7d7437446f6f52cab00c6eb9d49fb62192b,49,61
substrate_ligand,8,50,target,98,98,88,0c8dfe710657e584ed74eeba5b793b6b11080b4d2e091adfcb6e01d6d0dd9a48,35,20
substrate_ligand,8,50,inner,495,98,88,daaad68fa644f3111081448b97208f4aa44b0d2744e5830dc18f806a82ff507d,56,27
substrate_ligand,8,50,outer,1539,98,88,0c48ad9ddf8016012073c14a4dc9ad61220ebc49a0d02c3ecb23632013a4f90b,49,58
substrate_ligand,9,51,target,98,98,88,0f2a997b102092a8303f5d4ff320d1da07dbeceaa02d13205546ae0da2437c3d,36,19
substrate_ligand,9,51,inner,495,98,88,ce32257bec3528e4e4c89924a87bc06c51128e2ad76c273ca93d2938f289ee8b,49,27
substrate_ligand,9,51,outer,1539,98,88,ddcb031e194edddd09885413f8d9fd930d28f4ab466e1ddb0f4b47d1ad92a12c,46,61
substrate_ligand,10,52,target,98,98,88,0f67c6eb2ea9878872de416c6d0442fbc5f47ab1f2affa2b8a2eb0f775ff28ce,37,20
substrate_ligand,10,52,inner,495,98,88,77fc8c090e43b30e3c643213938267a83948dde4e7ace2d8e2b8622ca717214f,53,24
substrate_ligand,10,52,outer,1539,98,88,8519e40ccb7a8297a35bc9d5f5abb49dcd9fc10ae3aac3d602944872f308f928,45,61
substrate_ligand,11,53,target,98,98,88,9e5b962c450f52571c0636cb947df7ef08314e0b56276f9fa1d8c3203e260ef9,36,19
substrate_ligand,11,53,inner,495,98,88,be0ed6e3a2910962b685b18e463e33a2448b2105b74ed355085aceba0a71cf69,58,24
substrate_ligand,11,53,outer,1539,98,88,601c5be6e449f97ac52579b5931240f40894119a786d2b510bb14d707b5eb334,46,66
substrate_ligand,12,54,target,98,98,88,fce0a3607312ff41f1964a4ab76d8d13a1ddad83543dbfceeb8412cb0ea641c4,37,21
substrate_ligand,12,54,inner,495,98,88,eceaf307cb1e292bf64ea9a41e3ff4548fb5f1237f84b76dcd765381ec10b364,56,23
substrate_ligand,12,54,outer,1539,98,88,50271b98a9a6c06a95f261390824164b4bba177b249947c22ff4934a24828851,52,69
substrate_ligand,13,55,target,98,98,88,858256d2955213b7281e7c01e71f0c35ddfa014c7b3e5cae1426a00c0d67db51,36,21
substrate_ligand,13,55,inner,495,98,88,e9dd6b6dbbfd04193410c40f471e1d89f60683ea593dc197e00d4cad935d1f34,56,22
substrate_ligand,13,55,outer,1539,98,88,033517ea06da1d3e63d33a6f8ae214094ef386da8a8af41ffdc27e90a5bac03b,53,61
substrate_ligand,14,56,target,98,98,88,26c47287dc015d49825ce7c1db63a60bf8e997fb7349e3b48f14c845be1979fe,36,20
substrate_ligand,14,56,inner,495,98,88,09fcf1c3f52d66c77263c8727ae614fc59c2e9b81b60fae25cec5cf8ba3a9dfb,56,25
substrate_ligand,14,56,outer,1539,98,88,74c21718df66ba0765af0ebe2faf4e2db722b3e84abd8c5cfb968c3f16e79a63,46,63
substrate_ligand,15,57,target,98,98,88,922c2d1532a64eecd0843d4aa17ede4d6ff71659c3f62537326d7a6c03a97c27,35,22
substrate_ligand,15,57,inner,495,98,88,983342ea540cec517ad7317bf21cc41812fb7866e59eb2b4e09ea51e9e181622,56,24
substrate_ligand,15,57,outer,1539,98,88,e5dc12fff72efbe5b1b873d742b54be66f88b2d0f3c4a6891bc0fd8b3ce4f539,50,56
substrate_ligand,16,58,target,98,98,88,7de06e71af46de7c8245992981f1666783fd84839a7545f1290ff637016c0b46,37,21
substrate_ligand,16,58,inner,495,98,88,f68c45880d3115a9a95f158c78bdaf5f6f248ec9bfa46634bc3aacd433551adc,52,22
substrate_ligand,16,58,outer,1539,98,88,a8b3f9b396edff2cf8756a63086c82324859b1b03116c20f618e24e33da6ff08,47,58
substrate_ligand,17,59,target,98,98,88,abe1f26b2769f53e2c82731fb25119062fae539eb257fd4c59032daeaafe9666,37,18
substrate_ligand,17,59,inner,495,98,88,5c8990a49b16efd3c4093a763a63a4250cf059f7224c1613e93952163bc2219c,52,23
substrate_ligand,17,59,outer,1539,98,88,a096c8f070ee03eb9c9e8ab60f63c60903c8f83c7b82f1833951619051b5eed2,49,59
substrate_ligand,18,60,target,98,98,88,08ab608b640c1c091e5d30dd5e669004ef22d4478611ae42181ce40824a4f564,38,21
substrate_ligand,18,60,inner,495,98,88,daf78963bff91ebf6b420bf6ef9de4fbfb5465bae7f1501bde20cc497d08fcfe,57,21
substrate_ligand,18,60,outer,1539,98,88,e48541c9b34e47261e89b046cbbd1b1d27950541e746daa976187ae073ea23a2,48,63
substrate_ligand,19,61,target,98,98,88,690867b38b719fdef167dea1a63360ca7670666510dd327373e7b15be8da2a4a,35,22
substrate_ligand,19,61,inner,495,98,88,b4e29a54132dde8c67d9036e606767176baef0f01c15ef8528ec29e244653fee,48,22
substrate_ligand,19,61,outer,1539,98,88,8087dc9491584752ece1563e2dc27b3d7bfaf01c418e679842617ca8cd229680,59,61
substrate_ligand,20,62,target,98,98,88,c1e5f5a8e7b121ee88ab3165f058e55e544e159d76e5fde1dd806b95860c5338,37,18
substrate_ligand,20,62,inner,495,98,88,a83a32e4d32bd6496f16bc4924c927d5ef58bcbddec2d9d5ffe6364578295165,50,22
substrate_ligand,20,62,outer,1539,98,88,3d779c1bbd522a08601922b46a279f57fe02f590c318680ec18685f48586877c,53,60
substrate_ligand,21,63,target,98,98,88,9ca494f5bd4be9e5f8c178fd08538eca0d5180346a6111860303a170c6213d65,33,20
substrate_ligand,21,63,inner,495,98,88,5f8e7c06518e2eff3e9bfcf82fd868a4cec3a29e0158be44c82fe5323143ea6e,60,21
substrate_ligand,21,63,outer,1539,98,88,610cad5545f6100f39820ee70c1c032465b12524bd83e46617e5037037cc5a23,54,57
substrate_ligand,22,64,target,98,98,88,778d3a03cdd7a64f26e41ea3ba4e28cf261f4e9bdd1cedf06faf627e646008e7,36,19
substrate_ligand,22,64,inner,495,98,88,24fe70fae4d6cc576136bb3e21c17df63e9016f1868954e2fcff0c5c89db7b30,57,28
substrate_ligand,22,64,outer,1539,98,88,25290a29d46f2792c84f72d6b9b3f4ccefc59874f471e9768da0d5038aea648e,45,64
substrate_ligand,23,65,target,98,98,88,e2945d84330be479624aa0f273740eec930451581c410d6d990fc955000a28e2,37,21
substrate_ligand,23,65,inner,495,98,88,077b9c36fdff70beba33fbe44ff6b190cece7ba7cd9a4cca7c19334c682304fc,50,23
substrate_ligand,23,65,outer,1539,98,88,7f749f9f9bbd42a9dd091590cdac684111261cb743b30ef663695f0cf964dd74,50,57
substrate_ligand,24,66,target,98,98,88,71d88b6c420c85b6e44e49a8cd139483db016bbca68924dabcaa212aaf90172c,35,21
substrate_ligand,24,66,inner,495,98,88,17a21f0662e3ae4365d327e80ed55883dc1cb834166db65fc473271e38fd0c91,53,25
substrate_ligand,24,66,outer,1539,98,88,37395a1b23034e9b5ccc251d01358328f731e43b9f2e87263740f23ce0576818,51,54
substrate_ligand,25,67,target,98,98,88,e535419fcd792a57b867455709fadc2f3dd21bc0eb21dc12cd724f71d359abb9,36,21
substrate_ligand,25,67,inner,495,98,88,54b532f1e28f981f169b2f541f2479b101595899191eb8d263691f6aceaaea0a,58,24
substrate_ligand,25,67,outer,1539,98,88,036297b1d15ba52a0de18be105d1ef32490a19489565939abc26896999163202,50,61
substrate_ligand,26,68,target,98,98,88,b233c4b39208f4d1404ee661742759061c8feac12972fa28e562d770b213aa49,38,19
substrate_ligand,26,68,inner,495,98,88,3c7e389c6e67f524a3263aae958fb21833878076bae51a3291100bcf40650d37,57,21
substrate_ligand,26,68,outer,1539,98,88,f8c3d9258d129c26866b5002bc9c4bfd70e979bf17d2c98a38bdd182bcda1c0e,46,61
substrate_ligand,27,69,target,98,98,88,011ef79296c4dd623142d35d1fee38e989b3cff95c9abd06ce23d452ce275f1c,32,21
substrate_ligand,27,69,inner,495,98,88,73e400cd5ee72a03c9cbb889d55ceb129d8c355c9dd60b4ff3656928032a8a4e,61,23
substrate_ligand,27,69,outer,1539,98,88,7693f8305e155f963afb5233bc747304744915a6b69192fcdfdfadba0a0be4a8,53,57
substrate_ligand,28,70,target,98,98,88,6e340f952aa65aa1cab3a95e0806fab5d67d22b476ff3735820ef988b4cf9888,31,22
substrate_ligand,28,70,inner,495,98,88,fc533a56e01aae6a12002e31bcf49fab1ed6abf11a0c187c8dd8facbfd432553,54,21
substrate_ligand,28,70,outer,1539,98,88,cc6767e9478f1033864f56830495d00070959e5eb1253338594131ac7ab0b9f1,50,64
substrate_ligand,29,71,target,98,98,88,66522613c5fe7496c9cb6e259a3ae48d3338f688c6f98db3edd2c4f440317075,34,19
substrate_ligand,29,71,inner,495,98,88,5080b5a8b477f73ea34a5f98f2551b6aa82da4b8b832891228285813b4d2e3d1,55,24
substrate_ligand,29,71,outer,1539,98,88,45f5fed648b1f6b86d53834c982ea9241bd1337c522e49535231ded154c58110,50,64
substrate_ligand,30,72,target,98,98,88,cc49b5e77c581d21e362ee16c5bc1f026596dc2ec2d4b21b8b8f97988610b8d8,33,21
substrate_ligand,30,72,inner,495,98,88,5889e29724d22570227e2b4ec894ddeebebbb12ddd517f47203a8b293b78aa89,57,25
substrate_ligand,30,72,outer,1539,98,88,ccec62c32ed345452d494fd4561bd43ec6a21eedaf28126cd0b66c63bd35ab9f,52,58
substrate_ligand,31,73,target,98,98,88,ba06a38eeb9ef35811f6604b65f4af9ea0b0fc21550128d7a6ce8fa02a297d43,35,21
substrate_ligand,31,73,inner,495,98,88,4ef4e5b7b4acd2aa6386edb68fe258b645ec5d3f28a8ee32700fec6344222f66,54,26
substrate_ligand,31,73,outer,1539,98,88,194919f39a4120f487b948b62a0a909f96982ca7ea8efe6413735483959b0df5,51,57
substrate_ligand,32,74,target,98,98,88,821b655db49eea5063ff6f86457adf0094f24e85fa03c8813e59d4c149ab1f22,35,22
substrate_ligand,32,74,inner,495,98,88,b32b66e2168ad32aa8f0263eaed24651135069d5fa4101ea6dbd6322a7acf619,54,25
substrate_ligand,32,74,outer,1539,98,88,9a646279efd7d67534341969127fc44b846a583c1261265f6f67f78446d929d2,49,56
substrate_ligand,33,75,target,98,98,88,b28004330bfc7323ad83237120cc525da96c1128fabb9fbdf1d71871653b5193,34,20
substrate_ligand,33,75,inner,495,98,88,9f126124fb44eb04ff00625409a4e4507240ce641935921388b05fe3301d35e9,48,25
substrate_ligand,33,75,outer,1539,98,88,fd22cea68d39bbb39c2126cdaf58700641d0e438ff4fbf7e6ef42e432ffa6e35,47,62
substrate_ligand,34,76,target,98,98,88,2f87498649adaf338f1b58a1586e1b7855cd501f1c4eda7a2d4a09465b6ee2be,35,19
substrate_ligand,34,76,inner,495,98,88,9322e47ec8ad17c176b2654273b8aff357c32ea7e9cf5a65273a52dc9db77284,61,20
substrate_ligand,34,76,outer,1539,98,88,f319226d097a6de4ba75d6f0782c67ffe7221cb388b1dd26774debd0931663cb,49,57
substrate_ligand,35,77,target,98,98,88,4ab3471c6b0427ea3cc5959b4f69a94e90493da67af35f45da03f077a79f1759,37,18
substrate_ligand,35,77,inner,495,98,88,c4e03782c93a85043a8e823bdc4b53c9ee028f18f921365036ff59876398b961,55,29
substrate_ligand,35,77,outer,1539,98,88,64d4f6fc59123304518673ac51749b02ae74dbc76aee190c777f2dd71c054967,45,60
substrate_ligand,36,78,target,98,98,88,6101f7348ff6845c7371a71ee50dfea5a5131ea4e103bad69504de9a9dcf278a,36,21
substrate_ligand,36,78,inner,495,98,88,fa1ff42f20e4fc439bd3cfa48d196710abfdc1ee5432261c3fbe77c55bd70bd0,57,26
substrate_ligand,36,78,outer,1539,98,88,799ac19c23607fba64c312899b02859977497446a74f2afed9f4fc4d45848d81,47,57
substrate_ligand,37,79,target,98,98,88,49d877dd541369ac0e770595aca6a05abca24f08289edbfbe3b4a894e28c117a,36,21
substrate_ligand,37,79,inner,495,98,88,7f72e10dc0efd395d0aa708141928294ee33ba787075594dff715ef3a3201195,53,23
substrate_ligand,37,79,outer,1539,98,88,ccea69a4e26ca52e8bd2e40700e3afa1b51d0fdcc537c78720cc390dd4643584,49,62
substrate_ligand,38,80,target,98,98,88,b57c00493c93f66fde4bf43db88c44922168eee55f786bec443228d086d71dbb,33,20
substrate_ligand,38,80,inner,495,98,88,b8cbc775915afe6c2bbad0a34c9454686fddf3a3a48cae3d9400ce5444c3b68d,47,26
substrate_ligand,38,80,outer,1539,98,88,7aee484836bce3765c8c6a2913d6dba8d0f567737310ecf5d259a7983bcd589a,49,60
substrate_ligand,39,81,target,98,98,88,8cbba4e4ea96f56936e5596efe5ebe15869e34496c0aa3eeb6d0e8f0df562876,34,20
substrate_ligand,39,81,inner,495,98,88,8a33d5e2415cc28a07a2b37366317a389cb41428644ab74d813110a8dcc0d291,56,18
substrate_ligand,39,81,outer,1539,98,88,808c283c146082b20ea3525dcf5e16444b7dc6c391a32db5eddf1c8b53871580,48,60
substrate_ligand,40,82,target,98,98,88,b4f65672e6693f446c99fceea63ce957fc14c4db36498686d3d35f37c036d4c1,34,21
substrate_ligand,40,82,inner,495,98,88,a6c14a929b4668859218c4156cb0b0f4ef3c259754531ef7420f6fbeb196b511,58,19
substrate_ligand,40,82,outer,1539,98,88,a3eda2489ae956f4f822dab933cf2e1861718e3e7f053c73368f013c4fd2caea,47,66
substrate_ligand,41,83,target,98,98,88,663dba1b5df70f4f8f268f3d12a0666e10095b5e5374b125cc1fe67520a136d5,36,20
substrate_ligand,41,83,inner,495,98,88,d102a32911e18a4e2fed32bdd997d76a47f0c2e01ec24ba76808c421bb56bf25,55,24
substrate_ligand,41,83,outer,1539,98,88,205d5c2e749f4955d7ebec8c2477309599bb624e0807b29ac513f0d4e7baa04e,45,52
substrate_ligand,42,84,target,98,98,88,ff87dd5d906530a0b07c7d29e988923bec085e6982627b258e995f2bc60700bf,33,19
substrate_ligand,42,84,inner,495,98,88,9f035a644290b8070e70cd02be7c715924ba42877173e0ceb21b75653c93cf79,56,21
substrate_ligand,42,84,outer,1539,98,88,d43a6117f0fc7979f098dbee9a781324b187d4b8ac0d57a20e1b17abb29824e0,45,59
substrate_ligand,43,85,target,98,98,88,83bb274658be3173a7d40803a556fa42c91725f05655974532641f9a34aacd15,34,21
substrate_ligand,43,85,inner,495,98,88,218227631295b508306c685f856427dc59c3b4e04ff1393e4a8e5870792863c2,58,22
substrate_ligand,43,85,outer,1539,98,88,26971354bb9fa97fb7802248fe137d59f6857e3d748ac3b67854ad0f58ec206c,45,62
substrate_ligand,44,86,target,98,98,88,d0ee405271495d2312bad1cc62688452962adf5e60f4a9091eaab974e72881ef,36,22
substrate_ligand,44,86,inner,495,98,88,d9669cffbc45826a1981e0337a7fc0c2fa8f69960126f43cc3c85bb4e591c9e6,54,26
substrate_ligand,44,86,outer,1539,98,88,0ecbf8c6ced1373c4b07a3083966fd6e6749ffc8305be450d998d904d8623b72,47,62
substrate_ligand,45,87,target,98,98,88,7395c9e0355e5bf8fea171b8a9c034820ddd92781a1905ba150aa4f6d55da7a1,37,19
substrate_ligand,45,87,inner,495,98,88,d451806162b99a3a867b7cdf3062a6fb8cafffdf12e90a18c963b899f559de8e,62,21
substrate_ligand,45,87,outer,1539,98,88,1cadfd5043ba5671a974fc275821e78d5307a9f71ff93353f16c6316b6167a69,49,63
substrate_ligand,46,88,target,98,98,88,13594eff1bc7f2b28ea6329878ff1cc801d53ccb93d66963b82e45da13cde6c9,34,22
substrate_ligand,46,88,inner,495,98,88,d3e1ab27501c19b15a0e6c5deb3e16d24700cd60646ff56d927b1475a374d762,57,23
substrate_ligand,46,88,outer,1539,98,88,3df2dfa5bc41aba19827c4bc1d2a85032cee52cff3cba78d07690decb550369a,46,60
substrate_ligand,47,89,target,98,98,88,03838054ac810f2849907c9b26e4bd3234d3b119f928f608c501e750fc8d1130,34,19
substrate_ligand,47,89,inner,495,98,88,c98ba441953eab81253f288c418c33a8a9d1184df0051ffbe229968b2b8c83b7,58,21
substrate_ligand,47,89,outer,1539,98,88,683aed0d560841097306eccb9e106d23a33a6d66b9a88d0a95c6afbbeaffd880,49,56
substrate_ligand,48,90,target,98,98,88,8c66e7d08b1c8f54b90b318866c09801af170dadec30d94a9b600730b723b7be,36,21
substrate_ligand,48,90,inner,495,98,88,168722c86cd0bd799695eecfb85d9a20db899b4a98d459f10f0a71878247b7b4,59,22
substrate_ligand,48,90,outer,1539,98,88,b4740f385767e2863c2f4858c06cc85610bd8ddc4f31aae39aca45996d549f1f,51,65
substrate_ligand,49,91,target,98,98,88,682858315b1f989932547d0ed5e5173a3fed420064d2d79e55e86cf06f04b5db,37,22
substrate_ligand,49,91,inner,495,98,88,e4a99d48f0a840ff42ff0623c208a2ca020d17bbb532bc89f25f58169b5a8036,61,23
substrate_ligand,49,91,outer,1539,98,88,efe14cbaa4dd65e35c8b37eabd211519eb5bf52b23371116d81e2d6993185b5f,49,65
substrate_ligand,50,92,target,98,98,88,0ef6161e4d8033cba886376b6114cde33a7757e4bfde75b50cea7df784d07055,35,22
substrate_ligand,50,92,inner,495,98,88,84a05ae28d242453a6fe6fa884e69d57633c09361dc9048bf6e0753fdc44b201,59,21
substrate_ligand,50,92,outer,1539,98,88,19c7be27b6031c3a2eea522a1433ad1047509fcee2e9a32a462f317ba83148d9,51,62
substrate_ligand,51,93,target,98,98,88,3cad5463072f995a10bd8c12347e1b5903bc7671b0103404bb0434698260ac7d,33,20
substrate_ligand,51,93,inner,495,98,88,6c980c14d897c423c39af04cdec28f79ce6ac3a8597bf0a0abb2c77fabcb98c5,59,21
substrate_ligand,51,93,outer,1539,98,88,56683d2de83fd9eaf3254347385c02aa7babd37edebecaf9cefe72c94d15490e,52,63
substrate_ligand,52,94,target,98,98,88,7c833090e739794cd5b8509f16afaa963390d67d654b5b8a6c148d0d68ea941e,36,21
substrate_ligand,52,94,inner,495,98,88,0e5cdf84f183d423159003e99d3810aefa7af0c4ca40440c34500723864822bd,54,24
substrate_ligand,52,94,outer,1539,98,88,5fe2a00ccc9162462342061ec371eb47a3d578daf852a5968e3cfa632b17fe67,48,60
substrate_ligand,53,95,target,98,98,88,d19ed17f32725a9cc3d106bbb8a1ed863f2d2260373a6e34f6bee0bf0c2490e5,37,19
substrate_ligand,53,95,inner,495,98,88,b7fe5e070b12e6dec65c7e0d4c638a0519b96966f40cdaa1da2fa55cc2543990,61,22
substrate_ligand,53,95,outer,1539,98,88,43384dcc4389bcec57e4e6016b130efd2733aad1d31e199d416fd4622ea4eab6,48,64
substrate_ligand,54,96,target,98,98,88,264351e8438b258be23caf7702ac121654ffbe0f58d6c6b92b918ca39de68782,35,21
substrate_ligand,54,96,inner,495,98,88,3685d6be89746ecdde4a7165eadde5b6aaa95c36a85baa325ce54dd6e1c93043,49,22
substrate_ligand,54,96,outer,1539,98,88,0315ea299ce8f9d895d40a6786461cf667e70c14a588229ef47a3b96e9f111bf,56,60
substrate_ligand,55,97,target,98,98,88,2ab2d3f70cba00629ebd2b4d7230c75cb0c0df73c1fc55786004cf5a30b3bed7,35,21
substrate_ligand,55,97,inner,495,98,88,d792a8aabc868886a3716658ac3bb41fa3e6fdd2107d3dfed5793154c55bdace,55,26
substrate_ligand,55,97,outer,1539,98,88,1aa77f86be9b3d98405ce72159902592de180dd27cfcff2d2ae31b761c5931a2,51,62
substrate_ligand,56,98,target,98,98,88,6cdb18a4790858df5f0608de97844c163b16eb6600929619472f4699a9d76a29,37,19
substrate_ligand,56,98,inner,495,98,88,358af4e1b8bcab6fdbf4979153785f371d0a4214459a00466c14e826ed63a45c,53,23
substrate_ligand,56,98,outer,1539,98,88,b8215f33227fb32927a787dffd1498264fed2811200773700dc0e6315b93eca9,51,57
substrate_ligand,57,99,target,98,98,88,c7f35dabcac97e8e9c5b4a65b4e0775e760b18e514e9f6544df888642336bca3,34,21
substrate_ligand,57,99,inner,495,98,88,bd488e6575392edc341fe62c15854ddd0bc0c776832d51390ee39222d3864509,49,27
substrate_ligand,57,99,outer,1539,98,88,ce585186dd6f2ae5457347d67c29f6b3c3f6fccadb87f84a870ff0a2f5cee8bf,48,61
substrate_ligand,58,100,target,98,98,88,755dfe68c888dcfb87e61a658e99771eba5529e7e19dfad162fd4f20a8ec177c,34,20
substrate_ligand,58,100,inner,495,98,88,128742c7ae33a548dbdd0cd0e98658f6b8a74e4c4d9571f382d6e2df42a6a3a4,53,24
substrate_ligand,58,100,outer,1539,98,88,890528555f7b5df7e52888521acbaaf2057e73c2b614061215f552048a250927,44,56
substrate_ligand,59,101,target,98,98,88,8cc81b1be1b9e2c96ffa5c7e335e012e6518ccd806ff481538c3446da1db4629,36,20
substrate_ligand,59,101,inner,495,98,88,c09fbf9b656f5d7d9c5f17117ac60afe7e02f0324f5dfc85bff7e6ac6d7bffc2,59,23
substrate_ligand,59,101,outer,1539,98,88,ce259435dddcc2c9d138af7cb9d47ce9eb5bf3585cb2ce480bbedcff6e7838f2,43,64
substrate_ligand,60,102,target,98,98,88,233c96a96599587a9cf2684ee952a507f470fba3d356d16a70916d83ae9b6229,34,21
substrate_ligand,60,102,inner,495,98,88,7793fa2720e2934b67c14ee08ea72e20f7e5897606272c99c3e4c1cd33d52e2a,52,26
substrate_ligand,60,102,outer,1539,98,88,3461217075e741fe131727a4e08a50ab635046eb27e7bc4f1c5817d2b486f31e,47,61
substrate_ligand,61,103,target,98,98,88,e3f3ebc0aabf8a002ded920b651caa6ac13dce37b9d6033e8f0ad8cc82f1d649,38,22
substrate_ligand,61,103,inner,495,98,88,ef04d9c1a9613718fa083c40fdf6479d046060897833222023a6df5b2c7fb5b2,59,21
substrate_ligand,61,103,outer,1539,98,88,98815798fba7292c40e0f16ffc8788b97392a60d953c8c810290f95c247aca9c,49,61
substrate_ligand,62,104,target,98,98,88,dbff41c799c7be4756c9e530a7868a45a8c8bf763d080a7f9c2154873cafa1df,36,22
substrate_ligand,62,104,inner,495,98,88,e2c239c034bf2f1c936b69541aafaa5361f11eec9be2777842ee1874b48da678,51,24
substrate_ligand,62,104,outer,1539,98,88,de57b8692710c83a787fafa89f5ff3dc6326d2e0303afaaabc1218dfda989334,44,65
substrate_ligand,63,105,target,98,98,88,5c33364f4672869d9cde72a5c081971bf877b4ab046901d8a8471775c1dd0d83,35,21
substrate_ligand,63,105,inner,495,98,88,9bf62290254601bd35f37cfabdd318aab6e260fe583259eb3c5ecf939b537859,56,21
substrate_ligand,63,105,outer,1539,98,88,2bad8e62ccadfdac8569b9fd7d2044f9180fdae891ac7b63bf8bd2257c31239f,51,64
substrate_ligand,64,106,target,98,98,88,ce4d73da35392d80a254018a3c290222a6dec62234d424364322f9253a747f66,35,21
substrate_ligand,64,106,inner,495,98,88,958aae778ca8cfe82f67aa5a9511938157cc03300b63420f430f4e2640dc95b2,56,25
substrate_ligand,64,106,outer,1539,98,88,cfb69260603da636bb6071697323668190d25de4cf40c252b169092884a79f7c,51,61
substrate_ligand,65,107,target,98,98,88,7438c201f1110a026cccdb94ad839b7f0c832980400ae8eaac2ba52d6947dded,36,22
substrate_ligand,65,107,inner,495,98,88,5e393baf8c9ab19046f3bd40ecf0a1db04ab56350b113a6aed6838cf7a343b8f,58,21
substrate_ligand,65,107,outer,1539,98,88,f0ed87684342884ccf126beeec691d941a4b015e419b079640bdddc0381295dd,50,59
substrate_ligand,66,108,target,98,98,88,c744f1600e58a37c1a3ba50a7afb397eba5e94b114c7f98f1499b1edf871ef28,36,19
substrate_ligand,66,108,inner,495,98,88,1a71fe255f4b6e30f4a2472638ba4b103f5d6d19f2efab0b531e41a31e7dfd84,59,24
substrate_ligand,66,108,outer,1539,98,88,8822554423130954a9d8b47372b81fb95ea11770453e21d5c4da00e3707ba52c,47,67
substrate_ligand,67,109,target,98,98,88,d9ce33f0e9e42d014f256a70215b2fba046a011310a22ef0de42cabbf68ca68a,36,21
substrate_ligand,67,109,inner,495,98,88,26269bb821464c833e1ac898439c08d122f15bf8689061602363ef05b4350b79,57,22
substrate_ligand,67,109,outer,1539,98,88,d97b6f41693a45faf0285a4f13d19a15e48b52785c89fa8a93f3690c76dad7c1,51,63
substrate_ligand,68,110,target,98,98,88,814a0e48b1133aab79f5d2c8b4564401fd5587660ac38b7dbf48074e5c036fd5,37,20
substrate_ligand,68,110,inner,495,98,88,454a335181838486a8cb684857f0f38e8e07f87314e6f7b7e4a113e2db1d2d70,51,26
substrate_ligand,68,110,outer,1539,98,88,e70a4e604d1823b6db62bcb4070db469e2ee13a8282548e775b2645d44cef8d0,51,60
substrate_ligand,69,111,target,98,98,88,82bb69b004b170b7991c5ef1a966486024f3c84d25ab04b85cc6f716976e2831,35,22
substrate_ligand,69,111,inner,495,98,88,c63deed0cea9d3c90844545acf763d5bbaea62e968b5634688492f78f4c8fdaa,44,25
substrate_ligand,69,111,outer,1539,98,88,5fc480f0e57e0b7db54c92589559b368099bcca934dfc7966db0a2b6490972df,50,62
substrate_ligand,70,112,target,98,98,88,bdd4cc1857c282db8e0349eef0902f817e4d9af0b8d8b79624698330d2445c01,37,21
substrate_ligand,70,112,inner,495,98,88,3a0cdbbc014d0c105bec1773a57208cb279d75e0a526e0cc7bfbbbdf8c747ffd,56,24
substrate_ligand,70,112,outer,1539,98,88,eecefe9a2108c27ef2578357d2b7047b27668ecb7eb338fd2a41543879b4f147,47,58
substrate_ligand,71,113,target,98,98,88,476b81f90eeac55501179b7e02c9e833a38c040e90cc312ded8719b6a50d0c99,34,22
substrate_ligand,71,113,inner,495,98,88,9fdc4582d8afb75246be728f930bf6688d7fce6f83c181c969461a217004f630,55,23
substrate_ligand,71,113,outer,1539,98,88,1a3869831be57cda79ef94f11bfa5ab441298193e1e969deb66ef5ad73cf9b8b,49,58
substrate_ligand,72,114,target,98,98,88,987d365f7e58be86acee24d76587db794a345d435134ffd131b454a671cb1c59,36,19
substrate_ligand,72,114,inner,495,98,88,a2a6c6bb3cc295dba38201cad76373f11a27d1e00856337c47f38c6cf4917aa0,56,22
substrate_ligand,72,114,outer,1539,98,88,fe90a91561abc6419c79d5128bbbda81a0f501db88faba6eec6f872b4d8ac245,42,60
substrate_ligand,73,115,target,98,98,88,7d33991751016c9d887a05245a5b3d432ba0db1afd4d84b826f0f53815640101,35,21
substrate_ligand,73,115,inner,495,98,88,19ef64fbae5dd63fe632dac0e3860e4b77cf785e4d5d2b873231db647316ca5d,62,22
substrate_ligand,73,115,outer,1539,98,88,89140a105bc97589d23125b1f2f52994d73945af654b9735d49f42f554cdc6e3,58,60
substrate_ligand,74,116,target,98,98,88,0d411529fc3eb1f3d04bcf1f95070d15879c1af02562ac5e56d73de911723030,35,21
substrate_ligand,74,116,inner,495,98,88,c89e236d1418d3e161c29e8de35bedf2aa2aa7f8c4d79ed96f14585b8fadfb14,56,23
substrate_ligand,74,116,outer,1539,98,88,98e97c3c1a6a4dddda6fd62d2b1dec89dd50eee4d62f241cede3e39f26d06057,47,57
substrate_ligand,75,117,target,98,98,88,9353fc83714adac14c16599e3334ac2a847c24b7f53ed2214379d252949584b9,35,19
substrate_ligand,75,117,inner,495,98,88,e45b0aa5038840de9932976905eda17392a4203fec9ad7a0436b6b2e5b5ae70f,58,23
substrate_ligand,75,117,outer,1539,98,88,2ea4a06e6d988583513efb924dc342e07444b554e29e25fc75f2ee728cff70dc,43,60
substrate_ligand,76,118,target,98,98,88,bc6eb5c4974eb419952c62f7289e34bdf615b92d7649772154d47d566d6c4355,35,21
substrate_ligand,76,118,inner,495,98,88,5d077dffda0a1867be15bcb8beca72369c57027ace9d2e05b3bd2fcfb5367d03,65,25
substrate_ligand,76,118,outer,1539,98,88,95b922b3ace44d65ccd1bfb4c181f65feb42ef671bcf204405651e53fe279653,42,65
substrate_ligand,77,119,target,98,98,88,29c67a000b2fc16e94d413c9a65d1a06cf24adb2996195fc3fc1d17bb568b36e,35,20
substrate_ligand,77,119,inner,495,98,88,e5711dfcfbc34af1366e3bffbe95456ca7c49a675672b3bf112cfcd6421f9084,55,23
substrate_ligand,77,119,outer,1539,98,88,5b9fa6901cc0eed31ad2388d929263f435f49ecceb0c7d499423746c5dab5d29,48,56
substrate_ligand,78,120,target,98,98,88,42e13912f590f5f3d69f022752a648eb4343ea5c7f18ff92e461ea75c7f9f275,38,19
substrate_ligand,78,120,inner,495,98,88,0794fe22231a6890952f7b1dcdcb74ca0dbd799f5bf0e03cfc3053ba4e26afd6,50,28
substrate_ligand,78,120,outer,1539,98,88,583eec37b07b2ab5aaeca89a1f5a2c608df849d1fa20bf73278fc9a6a95336a1,54,56
substrate_ligand,79,121,target,98,98,88,a860229cbd2c5871c543aa1f4bf89b9757da0aedd0f7e298e6d2347da65d54fc,33,21
substrate_ligand,79,121,inner,495,98,88,3def410e69de0592c8b16ffbdad3255ffb894163d9d75ce55e4202438d576f01,53,24
substrate_ligand,79,121,outer,1539,98,88,37ab897837d4da8084c95a89b5718c392de32961288857bade43c2db2304a164,54,63
substrate_ligand,80,122,target,98,98,88,a515449d0dfc50f3ffa551122c5557bfb9af13a115c7e83cd4f28e34a055f125,37,19
substrate_ligand,80,122,inner,495,98,88,68b171beca743d51a5b04506dfc6ddfe94016688bc032870b7ee41a93f983447,56,23
substrate_ligand,80,122,outer,1539,98,88,40bdc34b21488f99a19d6730291ca8f0ffe54e19c5e9079f3bc468a31570f1d4,52,67
substrate_ligand,81,123,target,98,98,88,ba857f888b92ee60244c11a0a84c54f644bf3d3f0e6bd8a4abacbca1d737f22d,34,21
substrate_ligand,81,123,inner,495,98,88,6d222cd1f17fb716f5903279a68470bb77907b14f700a3f88b4690e879af6a10,56,19
substrate_ligand,81,123,outer,1539,98,88,8fd47522b230b996de2b11762dd69b6101139cc938897ffc27748a77bda63f0b,47,60
substrate_ligand,82,124,target,98,98,88,c90ebba24689559e0b2da430d586a8ff267ac9de54e6a5dfa808b4e137e303b8,37,20
substrate_ligand,82,124,inner,495,98,88,8d06f2f637c6c3620f2c3d9cb0fca6ecec5e00c1d6c4f1915e23aed2b39d5755,53,28
substrate_ligand,82,124,outer,1539,98,88,7efc565396cb02277a37d1d9b3eff9cdf5e4955a8b76fbf0ffa47af5e8546bdd,53,63
substrate_ligand,83,125,target,98,98,88,797e5e860092752a8e01fbbcb8430fa213219045d6de13037f51b7ed605c46ed,37,22
substrate_ligand,83,125,inner,495,98,88,55d3bc2e2c8ce67417a7d8a4181b3e2d76e483d6d731f5e59e8bea55a7c89f44,63,19
substrate_ligand,83,125,outer,1539,98,88,d86ab6db6175fb646f0264de0cfb6f558b7419f656071319f24dd816fc560716,44,58
substrate_ligand,84,126,target,98,98,88,aefaa71795de2fcad0a99fe148fab787423164a0316618e79bb78f3159bfe7bd,34,22
substrate_ligand,84,126,inner,495,98,88,963541cd1eac127774755c216c6c42fae73384913d98e224a1fed9880ef0c981,51,24
substrate_ligand,84,126,outer,1539,98,88,c75a79aab97341f4e17553e7cd396eaa5ab182558065fc5828d8fbdb6c308b77,43,63
substrate_ligand,85,127,target,98,98,88,f9d058ff4afb0b492780d968eb3bb77964a82a2386a61510310e6f8e70f62963,37,22
substrate_ligand,85,127,inner,495,98,88,972cd84389aa30ae2a2047a82e17bcfea495fd0cb5ca18c718639ea8963f13f4,54,22
substrate_ligand,85,127,outer,1539,98,88,7ba43058dbb303fc982e7cb55170166e963ae28fcea78c4982909f24d9f21989,50,59
substrate_ligand,86,128,target,98,98,88,158dddff66f705324a8405b1755ced38aec9ed8d0aeb20893e7f133dffd7c34d,34,21
substrate_ligand,86,128,inner,495,98,88,eaa02f8f082470da870442b2c8a120adcf3ee2c85394e58f99ae49e902390633,57,23
substrate_ligand,86,128,outer,1539,98,88,493dfb69c64931f515f100fcd4e05f0ead64cc7059a66d28722dc78949b74f98,54,61
substrate_ligand,87,129,target,98,98,88,34e15ef9834fe6943c19a278f603e12657202c2194119355c24c8844d23ee471,37,20
substrate_ligand,87,129,inner,495,98,88,6b8b2079e5eaf47960937d6dc3f049d3e006ecb47c6d996f30415262ab30e3fc,58,23
substrate_ligand,87,129,outer,1539,98,88,a56895310a33aee9d0c198dbfd96719ded891220c856f8846aaaba0c97d55f92,49,59
substrate_ligand,88,130,target,98,98,88,0491c05c8d8996fa527888bce0744fccfeb0aa8ff4f7608a7e933cd5c2ad0892,35,22
substrate_ligand,88,130,inner,495,98,88,586c9ef9e6a8954e6335dbf600229d569bd4e5caf49d6d8eed151ba7289abf4a,56,21
substrate_ligand,88,130,outer,1539,98,88,1299da1e9de34b94e1b081458c5316fd07eeccc9eecac49d81019697b49a3086,46,57
substrate_ligand,89,131,target,98,98,88,40a7bdc582f4e5bf594f32d489451b42cd8e9ae11e5de91c4a361339d7a773b8,34,20
substrate_ligand,89,131,inner,495,98,88,4d806366f23d22f6d2b80f4714bb3d7c53e832f6be6411bc496670f01ce60894,52,22
substrate_ligand,89,131,outer,1539,98,88,3c7dc8d924e9a9753e2739c04825b0c6fd2b2c6b09d05d9d045d201bf8c6ef97,49,62
substrate_ligand,90,132,target,98,98,88,7017dfbfbcd5910cbf4e2a42e612fd957d71d325a4e8322ff47eef45669616e8,35,22
substrate_ligand,90,132,inner,495,98,88,176348f6188a2c80e2e97c147673f03565e7c5d856fa0d5cc7f7bd6a75760f9c,59,23
substrate_ligand,90,132,outer,1539,98,88,35de1178810e3a968128921b796072b6e1b471dc81401bd47264507449e39996,51,59
substrate_ligand,91,133,target,98,98,88,53c73080aee57d3cae0fa586be3c312c433084712b1de1199a15a9fd04567c7f,36,21
substrate_ligand,91,133,inner,495,98,88,832ef364f16e15c93455ff77a22db57d452c1fdcae248d7d371889cea6a6cc41,60,21
substrate_ligand,91,133,outer,1539,98,88,1c34d2802e8803c748f050da1551d13311a1d5289b4326f88ba8e992fff4309f,47,63
substrate_ligand,92,134,target,98,98,88,7fea9fc611f333dea374b909885dd419e1f6f4dbfdbdf4b3926947ae385b6f57,33,21
substrate_ligand,92,134,inner,495,98,88,f872c5b9a08f44a6d2ceec0f97b0b72f6898f2409f6f85d225e79cddc0e893f1,54,24
substrate_ligand,92,134,outer,1539,98,88,4e0ec88d382b20500a4d327480c7068c1a80ba5aff6c1458196f48212d0df6be,51,59
substrate_ligand,93,135,target,98,98,88,560f51d5aa396a9b85f71e15dc80ab5560c84fe47d0717d7193fdb062a663bb2,36,20
substrate_ligand,93,135,inner,495,98,88,38f05683b1fb8391ddd414cc48720e9e2768876afc7ff513817548041c03db5b,59,26
substrate_ligand,93,135,outer,1539,98,88,b26ae670436512980e7f0c5629aa2821678fb2c1ad465abc98ad2df00a046ffa,56,55
substrate_ligand,94,136,target,98,98,88,0ccb4f97eadbbb24d95dccfb37a067379a74dcd23f2a8c5f7cf88940f72bcde3,35,22
substrate_ligand,94,136,inner,495,98,88,a1fd88de352012f1ddc4dc5d28df48a0164b52ebdf9455bd28393ffe24616192,55,26
substrate_ligand,94,136,outer,1539,98,88,0cf0df9198378cb907d4ff7b648947470a9807daed691173a11d2a1382c7f5d8,43,66
substrate_ligand,95,137,target,98,98,88,dd398139a716592ed993de27aa7732255558163ef256b39a217308e663cb8cc9,36,17
substrate_ligand,95,137,inner,495,98,88,5c2cae0c7894e68e7322da6d2339e84284cfb01fb5ac459230586c5088a09076,56,23
substrate_ligand,95,137,outer,1539,98,88,a6a98735e0986f9d356eb0ed200c1bd072b205a9f51d70ce12f321cfa5bd3c48,45,63
substrate_ligand,96,138,target,98,98,88,6d9aa5ac40264586666d65d0ea917c9e40db9957353b2323901c189794dd3604,36,22
substrate_ligand,96,138,inner,495,98,88,fc043f64d3439df4eda699b56f401a3f6c83eb858dedb74f81e7455e14db1929,50,24
substrate_ligand,96,138,outer,1539,98,88,bf0e11ebecf768eb6270ab140d8991bdcbcf00ccffb9d124df68925191e99558,49,60
substrate_ligand,97,139,target,98,98,88,9e638947ff18933464ad12baa0ceb994460de40777ca11c007300e9bf72b2395,36,21
substrate_ligand,97,139,inner,495,98,88,f428c8d32e71a40c4c1bbbfa837bf1565b5267bf72b5ee213433bb920145808f,59,21
substrate_ligand,97,139,outer,1539,98,88,50c773ba7ea2c59e5d8fd77978ed06e28fff36f9051d8c641a45e63db6836b69,47,58
substrate_ligand,98,140,target,98,98,88,ab74f2e7464294a0701d848d736c14f66cf1bb8f288bed44579e0919e9bfb829,34,20
substrate_ligand,98,140,inner,495,98,88,0bdcadc8bbefcbfdd7c58729de115ad9c16f4ede3cc6c5a5e9bb4d7f4d376ec0,58,23
substrate_ligand,98,140,outer,1539,98,88,0616632749ca22565261d51fb618ba7cbf52002af7d9ff60684cddabebaf7d69,53,63
substrate_ligand,99,141,target,98,98,88,487a1b1fd1474aac8cf6932fc4f318161bfc0d48b209d8315cffa5bc14270ed2,35,22
substrate_ligand,99,141,inner,495,98,88,10bb3175a8b008803935c20d28c75f685d8bf57f6f64f277e644c31244ae04a2,58,21
substrate_ligand,99,141,outer,1539,98,88,3e25941b55b442b49aea307999d9453c69f7ab942e2d9c1c652873a35e15c6fb,42,60
substrate_ligand_conditions,0,42,target,98,98,88,99d3a644c940a7496b67b6a6f65cacd67bb1ba6d3d5e087c6e623f82e7fc8e71,36,20
substrate_ligand_conditions,0,42,inner,495,98,88,21a09c553ad9586fd4dadf984b2fd85e3e11a03947f38b1a942ddfe4cbc369c1,64,21
substrate_ligand_conditions,0,42,outer,1539,98,88,24faeb09cc4ebd2005c75bc7bcc6c4cda9c3f4117de8120af288e856ba64a86c,43,58
substrate_ligand_conditions,1,43,target,98,98,88,29c06874306a19b65e75cfd701110072b245c7c1021ab5ea7e8d81af76faedc5,35,22
substrate_ligand_conditions,1,43,inner,495,98,88,f2811e39d2a56032ece446abb915c204cd2579981000919b57906c70958fb9b6,59,26
substrate_ligand_conditions,1,43,outer,1539,98,88,c160a57a4125ca6f91608bb1d3026ff2fb9245f9f27d68751c9c8c3a098ed4e4,58,60
substrate_ligand_conditions,2,44,target,98,98,88,124f9460af5cc7e6abdca3d0e9cf802b74577ad373cdb5e6f0e667d4954076a1,37,20
substrate_ligand_conditions,2,44,inner,495,98,88,39587dfda7be118e7c4c44683654b2f32dcb91d3a9a2d015fa355836a37e5fd0,55,21
substrate_ligand_conditions,2,44,outer,1539,98,88,5e1b1dd8d05dd09afda6f05636f5c286426b60e573298bec5ff2a2393a80c7b6,44,61
substrate_ligand_conditions,3,45,target,98,98,88,68c5925518f68db540187cbe56908543c899807a2c54b4bea6b14a53264e2a54,35,21
substrate_ligand_conditions,3,45,inner,495,98,88,3a0725b98752ad331e3f56eb6cd45da7a857d8ef463c3c7f68dd4538059e6061,53,28
substrate_ligand_conditions,3,45,outer,1539,98,88,4abc92299f39cb9224d1f4d8ee96d04115720b4d90b06ef8b4c7b87c6310ed3a,47,60
substrate_ligand_conditions,4,46,target,98,98,88,c54fd9813a988f44f86e386d13cc6cabcebb92f0133d72b671f4d87f5767faa7,37,20
substrate_ligand_conditions,4,46,inner,495,98,88,cca9f3ccc7f93fc4592943a6827053cdc49829f2bb34d1079828b1a9e0ba3313,50,20
substrate_ligand_conditions,4,46,outer,1539,98,88,3e2d4d31c224dc79d4a80dc6ef56cb8818fde8a59401b00ba3f7cb421e52d070,47,64
substrate_ligand_conditions,5,47,target,98,98,88,518c2d99033d5178e9ed53b957764b9f171d23467d8c3eb76ec157f1f1fd996f,35,22
substrate_ligand_conditions,5,47,inner,495,98,88,b94ba5fcaddb57d75454d63f3a08868d299921014c3154a8a9d98611a6856337,57,24
substrate_ligand_conditions,5,47,outer,1539,98,88,e127ef399f2d46f39b1446bb8f370cc0e3a0df679606c1ff41c3031e3cfc3e96,49,59
substrate_ligand_conditions,6,48,target,98,98,88,ffd9b11057bd1ded82d2888e4dd468d27f9a0f388913cff95313300482dbab2f,34,20
substrate_ligand_conditions,6,48,inner,495,98,88,858f4b390f717dd1a05c87ace368524d8983a6dfdfaa4795a3d03cf59a80d050,56,21
substrate_ligand_conditions,6,48,outer,1539,98,88,acaa349534358fbb4adfdff9f6253cecefe32fa04565b8319b6d99e81cd2715a,50,62
substrate_ligand_conditions,7,49,target,98,98,88,acabee8db7e780b26e66411c2c36660147299acf16cb0773271a1a4e6be1f612,34,22
substrate_ligand_conditions,7,49,inner,495,98,88,2229025466f3cc00196c32efd82274ceaee0290af5ce94730747ad318422b022,57,29
substrate_ligand_conditions,7,49,outer,1539,98,88,a9c7f96360943d13c8bc460dcb03d7d7437446f6f52cab00c6eb9d49fb62192b,49,61
substrate_ligand_conditions,8,50,target,98,98,88,0c8dfe710657e584ed74eeba5b793b6b11080b4d2e091adfcb6e01d6d0dd9a48,35,20
substrate_ligand_conditions,8,50,inner,495,98,88,daaad68fa644f3111081448b97208f4aa44b0d2744e5830dc18f806a82ff507d,56,27
substrate_ligand_conditions,8,50,outer,1539,98,88,0c48ad9ddf8016012073c14a4dc9ad61220ebc49a0d02c3ecb23632013a4f90b,49,58
substrate_ligand_conditions,9,51,target,98,98,88,0f2a997b102092a8303f5d4ff320d1da07dbeceaa02d13205546ae0da2437c3d,36,19
substrate_ligand_conditions,9,51,inner,495,98,88,ce32257bec3528e4e4c89924a87bc06c51128e2ad76c273ca93d2938f289ee8b,49,27
substrate_ligand_conditions,9,51,outer,1539,98,88,ddcb031e194edddd09885413f8d9fd930d28f4ab466e1ddb0f4b47d1ad92a12c,46,61
substrate_ligand_conditions,10,52,target,98,98,88,0f67c6eb2ea9878872de416c6d0442fbc5f47ab1f2affa2b8a2eb0f775ff28ce,37,20
substrate_ligand_conditions,10,52,inner,495,98,88,77fc8c090e43b30e3c643213938267a83948dde4e7ace2d8e2b8622ca717214f,53,24
substrate_ligand_conditions,10,52,outer,1539,98,88,8519e40ccb7a8297a35bc9d5f5abb49dcd9fc10ae3aac3d602944872f308f928,45,61
substrate_ligand_conditions,11,53,target,98,98,88,9e5b962c450f52571c0636cb947df7ef08314e0b56276f9fa1d8c3203e260ef9,36,19
substrate_ligand_conditions,11,53,inner,495,98,88,be0ed6e3a2910962b685b18e463e33a2448b2105b74ed355085aceba0a71cf69,58,24
substrate_ligand_conditions,11,53,outer,1539,98,88,601c5be6e449f97ac52579b5931240f40894119a786d2b510bb14d707b5eb334,46,66
substrate_ligand_conditions,12,54,target,98,98,88,fce0a3607312ff41f1964a4ab76d8d13a1ddad83543dbfceeb8412cb0ea641c4,37,21
substrate_ligand_conditions,12,54,inner,495,98,88,eceaf307cb1e292bf64ea9a41e3ff4548fb5f1237f84b76dcd765381ec10b364,56,23
substrate_ligand_conditions,12,54,outer,1539,98,88,50271b98a9a6c06a95f261390824164b4bba177b249947c22ff4934a24828851,52,69
substrate_ligand_conditions,13,55,target,98,98,88,858256d2955213b7281e7c01e71f0c35ddfa014c7b3e5cae1426a00c0d67db51,36,21
substrate_ligand_conditions,13,55,inner,495,98,88,e9dd6b6dbbfd04193410c40f471e1d89f60683ea593dc197e00d4cad935d1f34,56,22
substrate_ligand_conditions,13,55,outer,1539,98,88,033517ea06da1d3e63d33a6f8ae214094ef386da8a8af41ffdc27e90a5bac03b,53,61
substrate_ligand_conditions,14,56,target,98,98,88,26c47287dc015d49825ce7c1db63a60bf8e997fb7349e3b48f14c845be1979fe,36,20
substrate_ligand_conditions,14,56,inner,495,98,88,09fcf1c3f52d66c77263c8727ae614fc59c2e9b81b60fae25cec5cf8ba3a9dfb,56,25
substrate_ligand_conditions,14,56,outer,1539,98,88,74c21718df66ba0765af0ebe2faf4e2db722b3e84abd8c5cfb968c3f16e79a63,46,63
substrate_ligand_conditions,15,57,target,98,98,88,922c2d1532a64eecd0843d4aa17ede4d6ff71659c3f62537326d7a6c03a97c27,35,22
substrate_ligand_conditions,15,57,inner,495,98,88,983342ea540cec517ad7317bf21cc41812fb7866e59eb2b4e09ea51e9e181622,56,24
substrate_ligand_conditions,15,57,outer,1539,98,88,e5dc12fff72efbe5b1b873d742b54be66f88b2d0f3c4a6891bc0fd8b3ce4f539,50,56
substrate_ligand_conditions,16,58,target,98,98,88,7de06e71af46de7c8245992981f1666783fd84839a7545f1290ff637016c0b46,37,21
substrate_ligand_conditions,16,58,inner,495,98,88,f68c45880d3115a9a95f158c78bdaf5f6f248ec9bfa46634bc3aacd433551adc,52,22
substrate_ligand_conditions,16,58,outer,1539,98,88,a8b3f9b396edff2cf8756a63086c82324859b1b03116c20f618e24e33da6ff08,47,58
substrate_ligand_conditions,17,59,target,98,98,88,abe1f26b2769f53e2c82731fb25119062fae539eb257fd4c59032daeaafe9666,37,18
substrate_ligand_conditions,17,59,inner,495,98,88,5c8990a49b16efd3c4093a763a63a4250cf059f7224c1613e93952163bc2219c,52,23
substrate_ligand_conditions,17,59,outer,1539,98,88,a096c8f070ee03eb9c9e8ab60f63c60903c8f83c7b82f1833951619051b5eed2,49,59
substrate_ligand_conditions,18,60,target,98,98,88,08ab608b640c1c091e5d30dd5e669004ef22d4478611ae42181ce40824a4f564,38,21
substrate_ligand_conditions,18,60,inner,495,98,88,daf78963bff91ebf6b420bf6ef9de4fbfb5465bae7f1501bde20cc497d08fcfe,57,21
substrate_ligand_conditions,18,60,outer,1539,98,88,e48541c9b34e47261e89b046cbbd1b1d27950541e746daa976187ae073ea23a2,48,63
substrate_ligand_conditions,19,61,target,98,98,88,690867b38b719fdef167dea1a63360ca7670666510dd327373e7b15be8da2a4a,35,22
substrate_ligand_conditions,19,61,inner,495,98,88,b4e29a54132dde8c67d9036e606767176baef0f01c15ef8528ec29e244653fee,48,22
substrate_ligand_conditions,19,61,outer,1539,98,88,8087dc9491584752ece1563e2dc27b3d7bfaf01c418e679842617ca8cd229680,59,61
substrate_ligand_conditions,20,62,target,98,98,88,c1e5f5a8e7b121ee88ab3165f058e55e544e159d76e5fde1dd806b95860c5338,37,18
substrate_ligand_conditions,20,62,inner,495,98,88,a83a32e4d32bd6496f16bc4924c927d5ef58bcbddec2d9d5ffe6364578295165,50,22
substrate_ligand_conditions,20,62,outer,1539,98,88,3d779c1bbd522a08601922b46a279f57fe02f590c318680ec18685f48586877c,53,60
substrate_ligand_conditions,21,63,target,98,98,88,9ca494f5bd4be9e5f8c178fd08538eca0d5180346a6111860303a170c6213d65,33,20
substrate_ligand_conditions,21,63,inner,495,98,88,5f8e7c06518e2eff3e9bfcf82fd868a4cec3a29e0158be44c82fe5323143ea6e,60,21
substrate_ligand_conditions,21,63,outer,1539,98,88,610cad5545f6100f39820ee70c1c032465b12524bd83e46617e5037037cc5a23,54,57
substrate_ligand_conditions,22,64,target,98,98,88,778d3a03cdd7a64f26e41ea3ba4e28cf261f4e9bdd1cedf06faf627e646008e7,36,19
substrate_ligand_conditions,22,64,inner,495,98,88,24fe70fae4d6cc576136bb3e21c17df63e9016f1868954e2fcff0c5c89db7b30,57,28
substrate_ligand_conditions,22,64,outer,1539,98,88,25290a29d46f2792c84f72d6b9b3f4ccefc59874f471e9768da0d5038aea648e,45,64
substrate_ligand_conditions,23,65,target,98,98,88,e2945d84330be479624aa0f273740eec930451581c410d6d990fc955000a28e2,37,21
substrate_ligand_conditions,23,65,inner,495,98,88,077b9c36fdff70beba33fbe44ff6b190cece7ba7cd9a4cca7c19334c682304fc,50,23
substrate_ligand_conditions,23,65,outer,1539,98,88,7f749f9f9bbd42a9dd091590cdac684111261cb743b30ef663695f0cf964dd74,50,57
substrate_ligand_conditions,24,66,target,98,98,88,71d88b6c420c85b6e44e49a8cd139483db016bbca68924dabcaa212aaf90172c,35,21
substrate_ligand_conditions,24,66,inner,495,98,88,17a21f0662e3ae4365d327e80ed55883dc1cb834166db65fc473271e38fd0c91,53,25
substrate_ligand_conditions,24,66,outer,1539,98,88,37395a1b23034e9b5ccc251d01358328f731e43b9f2e87263740f23ce0576818,51,54
substrate_ligand_conditions,25,67,target,98,98,88,e535419fcd792a57b867455709fadc2f3dd21bc0eb21dc12cd724f71d359abb9,36,21
substrate_ligand_conditions,25,67,inner,495,98,88,54b532f1e28f981f169b2f541f2479b101595899191eb8d263691f6aceaaea0a,58,24
substrate_ligand_conditions,25,67,outer,1539,98,88,036297b1d15ba52a0de18be105d1ef32490a19489565939abc26896999163202,50,61
substrate_ligand_conditions,26,68,target,98,98,88,b233c4b39208f4d1404ee661742759061c8feac12972fa28e562d770b213aa49,38,19
substrate_ligand_conditions,26,68,inner,495,98,88,3c7e389c6e67f524a3263aae958fb21833878076bae51a3291100bcf40650d37,57,21
substrate_ligand_conditions,26,68,outer,1539,98,88,f8c3d9258d129c26866b5002bc9c4bfd70e979bf17d2c98a38bdd182bcda1c0e,46,61
substrate_ligand_conditions,27,69,target,98,98,88,011ef79296c4dd623142d35d1fee38e989b3cff95c9abd06ce23d452ce275f1c,32,21
substrate_ligand_conditions,27,69,inner,495,98,88,73e400cd5ee72a03c9cbb889d55ceb129d8c355c9dd60b4ff3656928032a8a4e,61,23
substrate_ligand_conditions,27,69,outer,1539,98,88,7693f8305e155f963afb5233bc747304744915a6b69192fcdfdfadba0a0be4a8,53,57
substrate_ligand_conditions,28,70,target,98,98,88,6e340f952aa65aa1cab3a95e0806fab5d67d22b476ff3735820ef988b4cf9888,31,22
substrate_ligand_conditions,28,70,inner,495,98,88,fc533a56e01aae6a12002e31bcf49fab1ed6abf11a0c187c8dd8facbfd432553,54,21
substrate_ligand_conditions,28,70,outer,1539,98,88,cc6767e9478f1033864f56830495d00070959e5eb1253338594131ac7ab0b9f1,50,64
substrate_ligand_conditions,29,71,target,98,98,88,66522613c5fe7496c9cb6e259a3ae48d3338f688c6f98db3edd2c4f440317075,34,19
substrate_ligand_conditions,29,71,inner,495,98,88,5080b5a8b477f73ea34a5f98f2551b6aa82da4b8b832891228285813b4d2e3d1,55,24
substrate_ligand_conditions,29,71,outer,1539,98,88,45f5fed648b1f6b86d53834c982ea9241bd1337c522e49535231ded154c58110,50,64
substrate_ligand_conditions,30,72,target,98,98,88,cc49b5e77c581d21e362ee16c5bc1f026596dc2ec2d4b21b8b8f97988610b8d8,33,21
substrate_ligand_conditions,30,72,inner,495,98,88,5889e29724d22570227e2b4ec894ddeebebbb12ddd517f47203a8b293b78aa89,57,25
substrate_ligand_conditions,30,72,outer,1539,98,88,ccec62c32ed345452d494fd4561bd43ec6a21eedaf28126cd0b66c63bd35ab9f,52,58
substrate_ligand_conditions,31,73,target,98,98,88,ba06a38eeb9ef35811f6604b65f4af9ea0b0fc21550128d7a6ce8fa02a297d43,35,21
substrate_ligand_conditions,31,73,inner,495,98,88,4ef4e5b7b4acd2aa6386edb68fe258b645ec5d3f28a8ee32700fec6344222f66,54,26
substrate_ligand_conditions,31,73,outer,1539,98,88,194919f39a4120f487b948b62a0a909f96982ca7ea8efe6413735483959b0df5,51,57
substrate_ligand_conditions,32,74,target,98,98,88,821b655db49eea5063ff6f86457adf0094f24e85fa03c8813e59d4c149ab1f22,35,22
substrate_ligand_conditions,32,74,inner,495,98,88,b32b66e2168ad32aa8f0263eaed24651135069d5fa4101ea6dbd6322a7acf619,54,25
substrate_ligand_conditions,32,74,outer,1539,98,88,9a646279efd7d67534341969127fc44b846a583c1261265f6f67f78446d929d2,49,56
substrate_ligand_conditions,33,75,target,98,98,88,b28004330bfc7323ad83237120cc525da96c1128fabb9fbdf1d71871653b5193,34,20
substrate_ligand_conditions,33,75,inner,495,98,88,9f126124fb44eb04ff00625409a4e4507240ce641935921388b05fe3301d35e9,48,25
substrate_ligand_conditions,33,75,outer,1539,98,88,fd22cea68d39bbb39c2126cdaf58700641d0e438ff4fbf7e6ef42e432ffa6e35,47,62
substrate_ligand_conditions,34,76,target,98,98,88,2f87498649adaf338f1b58a1586e1b7855cd501f1c4eda7a2d4a09465b6ee2be,35,19
substrate_ligand_conditions,34,76,inner,495,98,88,9322e47ec8ad17c176b2654273b8aff357c32ea7e9cf5a65273a52dc9db77284,61,20
substrate_ligand_conditions,34,76,outer,1539,98,88,f319226d097a6de4ba75d6f0782c67ffe7221cb388b1dd26774debd0931663cb,49,57
substrate_ligand_conditions,35,77,target,98,98,88,4ab3471c6b0427ea3cc5959b4f69a94e90493da67af35f45da03f077a79f1759,37,18
substrate_ligand_conditions,35,77,inner,495,98,88,c4e03782c93a85043a8e823bdc4b53c9ee028f18f921365036ff59876398b961,55,29
substrate_ligand_conditions,35,77,outer,1539,98,88,64d4f6fc59123304518673ac51749b02ae74dbc76aee190c777f2dd71c054967,45,60
substrate_ligand_conditions,36,78,target,98,98,88,6101f7348ff6845c7371a71ee50dfea5a5131ea4e103bad69504de9a9dcf278a,36,21
substrate_ligand_conditions,36,78,inner,495,98,88,fa1ff42f20e4fc439bd3cfa48d196710abfdc1ee5432261c3fbe77c55bd70bd0,57,26
substrate_ligand_conditions,36,78,outer,1539,98,88,799ac19c23607fba64c312899b02859977497446a74f2afed9f4fc4d45848d81,47,57
substrate_ligand_conditions,37,79,target,98,98,88,49d877dd541369ac0e770595aca6a05abca24f08289edbfbe3b4a894e28c117a,36,21
substrate_ligand_conditions,37,79,inner,495,98,88,7f72e10dc0efd395d0aa708141928294ee33ba787075594dff715ef3a3201195,53,23
substrate_ligand_conditions,37,79,outer,1539,98,88,ccea69a4e26ca52e8bd2e40700e3afa1b51d0fdcc537c78720cc390dd4643584,49,62
substrate_ligand_conditions,38,80,target,98,98,88,b57c00493c93f66fde4bf43db88c44922168eee55f786bec443228d086d71dbb,33,20
substrate_ligand_conditions,38,80,inner,495,98,88,b8cbc775915afe6c2bbad0a34c9454686fddf3a3a48cae3d9400ce5444c3b68d,47,26
substrate_ligand_conditions,38,80,outer,1539,98,88,7aee484836bce3765c8c6a2913d6dba8d0f567737310ecf5d259a7983bcd589a,49,60
substrate_ligand_conditions,39,81,target,98,98,88,8cbba4e4ea96f56936e5596efe5ebe15869e34496c0aa3eeb6d0e8f0df562876,34,20
substrate_ligand_conditions,39,81,inner,495,98,88,8a33d5e2415cc28a07a2b37366317a389cb41428644ab74d813110a8dcc0d291,56,18
substrate_ligand_conditions,39,81,outer,1539,98,88,808c283c146082b20ea3525dcf5e16444b7dc6c391a32db5eddf1c8b53871580,48,60
substrate_ligand_conditions,40,82,target,98,98,88,b4f65672e6693f446c99fceea63ce957fc14c4db36498686d3d35f37c036d4c1,34,21
substrate_ligand_conditions,40,82,inner,495,98,88,a6c14a929b4668859218c4156cb0b0f4ef3c259754531ef7420f6fbeb196b511,58,19
substrate_ligand_conditions,40,82,outer,1539,98,88,a3eda2489ae956f4f822dab933cf2e1861718e3e7f053c73368f013c4fd2caea,47,66
substrate_ligand_conditions,41,83,target,98,98,88,663dba1b5df70f4f8f268f3d12a0666e10095b5e5374b125cc1fe67520a136d5,36,20
substrate_ligand_conditions,41,83,inner,495,98,88,d102a32911e18a4e2fed32bdd997d76a47f0c2e01ec24ba76808c421bb56bf25,55,24
substrate_ligand_conditions,41,83,outer,1539,98,88,205d5c2e749f4955d7ebec8c2477309599bb624e0807b29ac513f0d4e7baa04e,45,52
substrate_ligand_conditions,42,84,target,98,98,88,ff87dd5d906530a0b07c7d29e988923bec085e6982627b258e995f2bc60700bf,33,19
substrate_ligand_conditions,42,84,inner,495,98,88,9f035a644290b8070e70cd02be7c715924ba42877173e0ceb21b75653c93cf79,56,21
substrate_ligand_conditions,42,84,outer,1539,98,88,d43a6117f0fc7979f098dbee9a781324b187d4b8ac0d57a20e1b17abb29824e0,45,59
substrate_ligand_conditions,43,85,target,98,98,88,83bb274658be3173a7d40803a556fa42c91725f05655974532641f9a34aacd15,34,21
substrate_ligand_conditions,43,85,inner,495,98,88,218227631295b508306c685f856427dc59c3b4e04ff1393e4a8e5870792863c2,58,22
substrate_ligand_conditions,43,85,outer,1539,98,88,26971354bb9fa97fb7802248fe137d59f6857e3d748ac3b67854ad0f58ec206c,45,62
substrate_ligand_conditions,44,86,target,98,98,88,d0ee405271495d2312bad1cc62688452962adf5e60f4a9091eaab974e72881ef,36,22
substrate_ligand_conditions,44,86,inner,495,98,88,d9669cffbc45826a1981e0337a7fc0c2fa8f69960126f43cc3c85bb4e591c9e6,54,26
substrate_ligand_conditions,44,86,outer,1539,98,88,0ecbf8c6ced1373c4b07a3083966fd6e6749ffc8305be450d998d904d8623b72,47,62
substrate_ligand_conditions,45,87,target,98,98,88,7395c9e0355e5bf8fea171b8a9c034820ddd92781a1905ba150aa4f6d55da7a1,37,19
substrate_ligand_conditions,45,87,inner,495,98,88,d451806162b99a3a867b7cdf3062a6fb8cafffdf12e90a18c963b899f559de8e,62,21
substrate_ligand_conditions,45,87,outer,1539,98,88,1cadfd5043ba5671a974fc275821e78d5307a9f71ff93353f16c6316b6167a69,49,63
substrate_ligand_conditions,46,88,target,98,98,88,13594eff1bc7f2b28ea6329878ff1cc801d53ccb93d66963b82e45da13cde6c9,34,22
substrate_ligand_conditions,46,88,inner,495,98,88,d3e1ab27501c19b15a0e6c5deb3e16d24700cd60646ff56d927b1475a374d762,57,23
substrate_ligand_conditions,46,88,outer,1539,98,88,3df2dfa5bc41aba19827c4bc1d2a85032cee52cff3cba78d07690decb550369a,46,60
substrate_ligand_conditions,47,89,target,98,98,88,03838054ac810f2849907c9b26e4bd3234d3b119f928f608c501e750fc8d1130,34,19
substrate_ligand_conditions,47,89,inner,495,98,88,c98ba441953eab81253f288c418c33a8a9d1184df0051ffbe229968b2b8c83b7,58,21
substrate_ligand_conditions,47,89,outer,1539,98,88,683aed0d560841097306eccb9e106d23a33a6d66b9a88d0a95c6afbbeaffd880,49,56
substrate_ligand_conditions,48,90,target,98,98,88,8c66e7d08b1c8f54b90b318866c09801af170dadec30d94a9b600730b723b7be,36,21
substrate_ligand_conditions,48,90,inner,495,98,88,168722c86cd0bd799695eecfb85d9a20db899b4a98d459f10f0a71878247b7b4,59,22
substrate_ligand_conditions,48,90,outer,1539,98,88,b4740f385767e2863c2f4858c06cc85610bd8ddc4f31aae39aca45996d549f1f,51,65
substrate_ligand_conditions,49,91,target,98,98,88,682858315b1f989932547d0ed5e5173a3fed420064d2d79e55e86cf06f04b5db,37,22
substrate_ligand_conditions,49,91,inner,495,98,88,e4a99d48f0a840ff42ff0623c208a2ca020d17bbb532bc89f25f58169b5a8036,61,23
substrate_ligand_conditions,49,91,outer,1539,98,88,efe14cbaa4dd65e35c8b37eabd211519eb5bf52b23371116d81e2d6993185b5f,49,65
substrate_ligand_conditions,50,92,target,98,98,88,0ef6161e4d8033cba886376b6114cde33a7757e4bfde75b50cea7df784d07055,35,22
substrate_ligand_conditions,50,92,inner,495,98,88,84a05ae28d242453a6fe6fa884e69d57633c09361dc9048bf6e0753fdc44b201,59,21
substrate_ligand_conditions,50,92,outer,1539,98,88,19c7be27b6031c3a2eea522a1433ad1047509fcee2e9a32a462f317ba83148d9,51,62
substrate_ligand_conditions,51,93,target,98,98,88,3cad5463072f995a10bd8c12347e1b5903bc7671b0103404bb0434698260ac7d,33,20
substrate_ligand_conditions,51,93,inner,495,98,88,6c980c14d897c423c39af04cdec28f79ce6ac3a8597bf0a0abb2c77fabcb98c5,59,21
substrate_ligand_conditions,51,93,outer,1539,98,88,56683d2de83fd9eaf3254347385c02aa7babd37edebecaf9cefe72c94d15490e,52,63
substrate_ligand_conditions,52,94,target,98,98,88,7c833090e739794cd5b8509f16afaa963390d67d654b5b8a6c148d0d68ea941e,36,21
substrate_ligand_conditions,52,94,inner,495,98,88,0e5cdf84f183d423159003e99d3810aefa7af0c4ca40440c34500723864822bd,54,24
substrate_ligand_conditions,52,94,outer,1539,98,88,5fe2a00ccc9162462342061ec371eb47a3d578daf852a5968e3cfa632b17fe67,48,60
substrate_ligand_conditions,53,95,target,98,98,88,d19ed17f32725a9cc3d106bbb8a1ed863f2d2260373a6e34f6bee0bf0c2490e5,37,19
substrate_ligand_conditions,53,95,inner,495,98,88,b7fe5e070b12e6dec65c7e0d4c638a0519b96966f40cdaa1da2fa55cc2543990,61,22
substrate_ligand_conditions,53,95,outer,1539,98,88,43384dcc4389bcec57e4e6016b130efd2733aad1d31e199d416fd4622ea4eab6,48,64
substrate_ligand_conditions,54,96,target,98,98,88,264351e8438b258be23caf7702ac121654ffbe0f58d6c6b92b918ca39de68782,35,21
substrate_ligand_conditions,54,96,inner,495,98,88,3685d6be89746ecdde4a7165eadde5b6aaa95c36a85baa325ce54dd6e1c93043,49,22
substrate_ligand_conditions,54,96,outer,1539,98,88,0315ea299ce8f9d895d40a6786461cf667e70c14a588229ef47a3b96e9f111bf,56,60
substrate_ligand_conditions,55,97,target,98,98,88,2ab2d3f70cba00629ebd2b4d7230c75cb0c0df73c1fc55786004cf5a30b3bed7,35,21
substrate_ligand_conditions,55,97,inner,495,98,88,d792a8aabc868886a3716658ac3bb41fa3e6fdd2107d3dfed5793154c55bdace,55,26
substrate_ligand_conditions,55,97,outer,1539,98,88,1aa77f86be9b3d98405ce72159902592de180dd27cfcff2d2ae31b761c5931a2,51,62
substrate_ligand_conditions,56,98,target,98,98,88,6cdb18a4790858df5f0608de97844c163b16eb6600929619472f4699a9d76a29,37,19
substrate_ligand_conditions,56,98,inner,495,98,88,358af4e1b8bcab6fdbf4979153785f371d0a4214459a00466c14e826ed63a45c,53,23
substrate_ligand_conditions,56,98,outer,1539,98,88,b8215f33227fb32927a787dffd1498264fed2811200773700dc0e6315b93eca9,51,57
substrate_ligand_conditions,57,99,target,98,98,88,c7f35dabcac97e8e9c5b4a65b4e0775e760b18e514e9f6544df888642336bca3,34,21
substrate_ligand_conditions,57,99,inner,495,98,88,bd488e6575392edc341fe62c15854ddd0bc0c776832d51390ee39222d3864509,49,27
substrate_ligand_conditions,57,99,outer,1539,98,88,ce585186dd6f2ae5457347d67c29f6b3c3f6fccadb87f84a870ff0a2f5cee8bf,48,61
substrate_ligand_conditions,58,100,target,98,98,88,755dfe68c888dcfb87e61a658e99771eba5529e7e19dfad162fd4f20a8ec177c,34,20
substrate_ligand_conditions,58,100,inner,495,98,88,128742c7ae33a548dbdd0cd0e98658f6b8a74e4c4d9571f382d6e2df42a6a3a4,53,24
substrate_ligand_conditions,58,100,outer,1539,98,88,890528555f7b5df7e52888521acbaaf2057e73c2b614061215f552048a250927,44,56
substrate_ligand_conditions,59,101,target,98,98,88,8cc81b1be1b9e2c96ffa5c7e335e012e6518ccd806ff481538c3446da1db4629,36,20
substrate_ligand_conditions,59,101,inner,495,98,88,c09fbf9b656f5d7d9c5f17117ac60afe7e02f0324f5dfc85bff7e6ac6d7bffc2,59,23
substrate_ligand_conditions,59,101,outer,1539,98,88,ce259435dddcc2c9d138af7cb9d47ce9eb5bf3585cb2ce480bbedcff6e7838f2,43,64
substrate_ligand_conditions,60,102,target,98,98,88,233c96a96599587a9cf2684ee952a507f470fba3d356d16a70916d83ae9b6229,34,21
substrate_ligand_conditions,60,102,inner,495,98,88,7793fa2720e2934b67c14ee08ea72e20f7e5897606272c99c3e4c1cd33d52e2a,52,26
substrate_ligand_conditions,60,102,outer,1539,98,88,3461217075e741fe131727a4e08a50ab635046eb27e7bc4f1c5817d2b486f31e,47,61
substrate_ligand_conditions,61,103,target,98,98,88,e3f3ebc0aabf8a002ded920b651caa6ac13dce37b9d6033e8f0ad8cc82f1d649,38,22
substrate_ligand_conditions,61,103,inner,495,98,88,ef04d9c1a9613718fa083c40fdf6479d046060897833222023a6df5b2c7fb5b2,59,21
substrate_ligand_conditions,61,103,outer,1539,98,88,98815798fba7292c40e0f16ffc8788b97392a60d953c8c810290f95c247aca9c,49,61
substrate_ligand_conditions,62,104,target,98,98,88,dbff41c799c7be4756c9e530a7868a45a8c8bf763d080a7f9c2154873cafa1df,36,22
substrate_ligand_conditions,62,104,inner,495,98,88,e2c239c034bf2f1c936b69541aafaa5361f11eec9be2777842ee1874b48da678,51,24
substrate_ligand_conditions,62,104,outer,1539,98,88,de57b8692710c83a787fafa89f5ff3dc6326d2e0303afaaabc1218dfda989334,44,65
substrate_ligand_conditions,63,105,target,98,98,88,5c33364f4672869d9cde72a5c081971bf877b4ab046901d8a8471775c1dd0d83,35,21
substrate_ligand_conditions,63,105,inner,495,98,88,9bf62290254601bd35f37cfabdd318aab6e260fe583259eb3c5ecf939b537859,56,21
substrate_ligand_conditions,63,105,outer,1539,98,88,2bad8e62ccadfdac8569b9fd7d2044f9180fdae891ac7b63bf8bd2257c31239f,51,64
substrate_ligand_conditions,64,106,target,98,98,88,ce4d73da35392d80a254018a3c290222a6dec62234d424364322f9253a747f66,35,21
substrate_ligand_conditions,64,106,inner,495,98,88,958aae778ca8cfe82f67aa5a9511938157cc03300b63420f430f4e2640dc95b2,56,25
substrate_ligand_conditions,64,106,outer,1539,98,88,cfb69260603da636bb6071697323668190d25de4cf40c252b169092884a79f7c,51,61
substrate_ligand_conditions,65,107,target,98,98,88,7438c201f1110a026cccdb94ad839b7f0c832980400ae8eaac2ba52d6947dded,36,22
substrate_ligand_conditions,65,107,inner,495,98,88,5e393baf8c9ab19046f3bd40ecf0a1db04ab56350b113a6aed6838cf7a343b8f,58,21
substrate_ligand_conditions,65,107,outer,1539,98,88,f0ed87684342884ccf126beeec691d941a4b015e419b079640bdddc0381295dd,50,59
substrate_ligand_conditions,66,108,target,98,98,88,c744f1600e58a37c1a3ba50a7afb397eba5e94b114c7f98f1499b1edf871ef28,36,19
substrate_ligand_conditions,66,108,inner,495,98,88,1a71fe255f4b6e30f4a2472638ba4b103f5d6d19f2efab0b531e41a31e7dfd84,59,24
substrate_ligand_conditions,66,108,outer,1539,98,88,8822554423130954a9d8b47372b81fb95ea11770453e21d5c4da00e3707ba52c,47,67
substrate_ligand_conditions,67,109,target,98,98,88,d9ce33f0e9e42d014f256a70215b2fba046a011310a22ef0de42cabbf68ca68a,36,21
substrate_ligand_conditions,67,109,inner,495,98,88,26269bb821464c833e1ac898439c08d122f15bf8689061602363ef05b4350b79,57,22
substrate_ligand_conditions,67,109,outer,1539,98,88,d97b6f41693a45faf0285a4f13d19a15e48b52785c89fa8a93f3690c76dad7c1,51,63
substrate_ligand_conditions,68,110,target,98,98,88,814a0e48b1133aab79f5d2c8b4564401fd5587660ac38b7dbf48074e5c036fd5,37,20
substrate_ligand_conditions,68,110,inner,495,98,88,454a335181838486a8cb684857f0f38e8e07f87314e6f7b7e4a113e2db1d2d70,51,26
substrate_ligand_conditions,68,110,outer,1539,98,88,e70a4e604d1823b6db62bcb4070db469e2ee13a8282548e775b2645d44cef8d0,51,60
substrate_ligand_conditions,69,111,target,98,98,88,82bb69b004b170b7991c5ef1a966486024f3c84d25ab04b85cc6f716976e2831,35,22
substrate_ligand_conditions,69,111,inner,495,98,88,c63deed0cea9d3c90844545acf763d5bbaea62e968b5634688492f78f4c8fdaa,44,25
substrate_ligand_conditions,69,111,outer,1539,98,88,5fc480f0e57e0b7db54c92589559b368099bcca934dfc7966db0a2b6490972df,50,62
substrate_ligand_conditions,70,112,target,98,98,88,bdd4cc1857c282db8e0349eef0902f817e4d9af0b8d8b79624698330d2445c01,37,21
substrate_ligand_conditions,70,112,inner,495,98,88,3a0cdbbc014d0c105bec1773a57208cb279d75e0a526e0cc7bfbbbdf8c747ffd,56,24
substrate_ligand_conditions,70,112,outer,1539,98,88,eecefe9a2108c27ef2578357d2b7047b27668ecb7eb338fd2a41543879b4f147,47,58
substrate_ligand_conditions,71,113,target,98,98,88,476b81f90eeac55501179b7e02c9e833a38c040e90cc312ded8719b6a50d0c99,34,22
substrate_ligand_conditions,71,113,inner,495,98,88,9fdc4582d8afb75246be728f930bf6688d7fce6f83c181c969461a217004f630,55,23
substrate_ligand_conditions,71,113,outer,1539,98,88,1a3869831be57cda79ef94f11bfa5ab441298193e1e969deb66ef5ad73cf9b8b,49,58
substrate_ligand_conditions,72,114,target,98,98,88,987d365f7e58be86acee24d76587db794a345d435134ffd131b454a671cb1c59,36,19
substrate_ligand_conditions,72,114,inner,495,98,88,a2a6c6bb3cc295dba38201cad76373f11a27d1e00856337c47f38c6cf4917aa0,56,22
substrate_ligand_conditions,72,114,outer,1539,98,88,fe90a91561abc6419c79d5128bbbda81a0f501db88faba6eec6f872b4d8ac245,42,60
substrate_ligand_conditions,73,115,target,98,98,88,7d33991751016c9d887a05245a5b3d432ba0db1afd4d84b826f0f53815640101,35,21
substrate_ligand_conditions,73,115,inner,495,98,88,19ef64fbae5dd63fe632dac0e3860e4b77cf785e4d5d2b873231db647316ca5d,62,22
substrate_ligand_conditions,73,115,outer,1539,98,88,89140a105bc97589d23125b1f2f52994d73945af654b9735d49f42f554cdc6e3,58,60
substrate_ligand_conditions,74,116,target,98,98,88,0d411529fc3eb1f3d04bcf1f95070d15879c1af02562ac5e56d73de911723030,35,21
substrate_ligand_conditions,74,116,inner,495,98,88,c89e236d1418d3e161c29e8de35bedf2aa2aa7f8c4d79ed96f14585b8fadfb14,56,23
substrate_ligand_conditions,74,116,outer,1539,98,88,98e97c3c1a6a4dddda6fd62d2b1dec89dd50eee4d62f241cede3e39f26d06057,47,57
substrate_ligand_conditions,75,117,target,98,98,88,9353fc83714adac14c16599e3334ac2a847c24b7f53ed2214379d252949584b9,35,19
substrate_ligand_conditions,75,117,inner,495,98,88,e45b0aa5038840de9932976905eda17392a4203fec9ad7a0436b6b2e5b5ae70f,58,23
substrate_ligand_conditions,75,117,outer,1539,98,88,2ea4a06e6d988583513efb924dc342e07444b554e29e25fc75f2ee728cff70dc,43,60
substrate_ligand_conditions,76,118,target,98,98,88,bc6eb5c4974eb419952c62f7289e34bdf615b92d7649772154d47d566d6c4355,35,21
substrate_ligand_conditions,76,118,inner,495,98,88,5d077dffda0a1867be15bcb8beca72369c57027ace9d2e05b3bd2fcfb5367d03,65,25
substrate_ligand_conditions,76,118,outer,1539,98,88,95b922b3ace44d65ccd1bfb4c181f65feb42ef671bcf204405651e53fe279653,42,65
substrate_ligand_conditions,77,119,target,98,98,88,29c67a000b2fc16e94d413c9a65d1a06cf24adb2996195fc3fc1d17bb568b36e,35,20
substrate_ligand_conditions,77,119,inner,495,98,88,e5711dfcfbc34af1366e3bffbe95456ca7c49a675672b3bf112cfcd6421f9084,55,23
substrate_ligand_conditions,77,119,outer,1539,98,88,5b9fa6901cc0eed31ad2388d929263f435f49ecceb0c7d499423746c5dab5d29,48,56
substrate_ligand_conditions,78,120,target,98,98,88,42e13912f590f5f3d69f022752a648eb4343ea5c7f18ff92e461ea75c7f9f275,38,19
substrate_ligand_conditions,78,120,inner,495,98,88,0794fe22231a6890952f7b1dcdcb74ca0dbd799f5bf0e03cfc3053ba4e26afd6,50,28
substrate_ligand_conditions,78,120,outer,1539,98,88,583eec37b07b2ab5aaeca89a1f5a2c608df849d1fa20bf73278fc9a6a95336a1,54,56
substrate_ligand_conditions,79,121,target,98,98,88,a860229cbd2c5871c543aa1f4bf89b9757da0aedd0f7e298e6d2347da65d54fc,33,21
substrate_ligand_conditions,79,121,inner,495,98,88,3def410e69de0592c8b16ffbdad3255ffb894163d9d75ce55e4202438d576f01,53,24
substrate_ligand_conditions,79,121,outer,1539,98,88,37ab897837d4da8084c95a89b5718c392de32961288857bade43c2db2304a164,54,63
substrate_ligand_conditions,80,122,target,98,98,88,a515449d0dfc50f3ffa551122c5557bfb9af13a115c7e83cd4f28e34a055f125,37,19
substrate_ligand_conditions,80,122,inner,495,98,88,68b171beca743d51a5b04506dfc6ddfe94016688bc032870b7ee41a93f983447,56,23
substrate_ligand_conditions,80,122,outer,1539,98,88,40bdc34b21488f99a19d6730291ca8f0ffe54e19c5e9079f3bc468a31570f1d4,52,67
substrate_ligand_conditions,81,123,target,98,98,88,ba857f888b92ee60244c11a0a84c54f644bf3d3f0e6bd8a4abacbca1d737f22d,34,21
substrate_ligand_conditions,81,123,inner,495,98,88,6d222cd1f17fb716f5903279a68470bb77907b14f700a3f88b4690e879af6a10,56,19
substrate_ligand_conditions,81,123,outer,1539,98,88,8fd47522b230b996de2b11762dd69b6101139cc938897ffc27748a77bda63f0b,47,60
substrate_ligand_conditions,82,124,target,98,98,88,c90ebba24689559e0b2da430d586a8ff267ac9de54e6a5dfa808b4e137e303b8,37,20
substrate_ligand_conditions,82,124,inner,495,98,88,8d06f2f637c6c3620f2c3d9cb0fca6ecec5e00c1d6c4f1915e23aed2b39d5755,53,28
substrate_ligand_conditions,82,124,outer,1539,98,88,7efc565396cb02277a37d1d9b3eff9cdf5e4955a8b76fbf0ffa47af5e8546bdd,53,63
substrate_ligand_conditions,83,125,target,98,98,88,797e5e860092752a8e01fbbcb8430fa213219045d6de13037f51b7ed605c46ed,37,22
substrate_ligand_conditions,83,125,inner,495,98,88,55d3bc2e2c8ce67417a7d8a4181b3e2d76e483d6d731f5e59e8bea55a7c89f44,63,19
substrate_ligand_conditions,83,125,outer,1539,98,88,d86ab6db6175fb646f0264de0cfb6f558b7419f656071319f24dd816fc560716,44,58
substrate_ligand_conditions,84,126,target,98,98,88,aefaa71795de2fcad0a99fe148fab787423164a0316618e79bb78f3159bfe7bd,34,22
substrate_ligand_conditions,84,126,inner,495,98,88,963541cd1eac127774755c216c6c42fae73384913d98e224a1fed9880ef0c981,51,24
substrate_ligand_conditions,84,126,outer,1539,98,88,c75a79aab97341f4e17553e7cd396eaa5ab182558065fc5828d8fbdb6c308b77,43,63
substrate_ligand_conditions,85,127,target,98,98,88,f9d058ff4afb0b492780d968eb3bb77964a82a2386a61510310e6f8e70f62963,37,22
substrate_ligand_conditions,85,127,inner,495,98,88,972cd84389aa30ae2a2047a82e17bcfea495fd0cb5ca18c718639ea8963f13f4,54,22
substrate_ligand_conditions,85,127,outer,1539,98,88,7ba43058dbb303fc982e7cb55170166e963ae28fcea78c4982909f24d9f21989,50,59
substrate_ligand_conditions,86,128,target,98,98,88,158dddff66f705324a8405b1755ced38aec9ed8d0aeb20893e7f133dffd7c34d,34,21
substrate_ligand_conditions,86,128,inner,495,98,88,eaa02f8f082470da870442b2c8a120adcf3ee2c85394e58f99ae49e902390633,57,23
substrate_ligand_conditions,86,128,outer,1539,98,88,493dfb69c64931f515f100fcd4e05f0ead64cc7059a66d28722dc78949b74f98,54,61
substrate_ligand_conditions,87,129,target,98,98,88,34e15ef9834fe6943c19a278f603e12657202c2194119355c24c8844d23ee471,37,20
substrate_ligand_conditions,87,129,inner,495,98,88,6b8b2079e5eaf47960937d6dc3f049d3e006ecb47c6d996f30415262ab30e3fc,58,23
substrate_ligand_conditions,87,129,outer,1539,98,88,a56895310a33aee9d0c198dbfd96719ded891220c856f8846aaaba0c97d55f92,49,59
substrate_ligand_conditions,88,130,target,98,98,88,0491c05c8d8996fa527888bce0744fccfeb0aa8ff4f7608a7e933cd5c2ad0892,35,22
substrate_ligand_conditions,88,130,inner,495,98,88,586c9ef9e6a8954e6335dbf600229d569bd4e5caf49d6d8eed151ba7289abf4a,56,21
substrate_ligand_conditions,88,130,outer,1539,98,88,1299da1e9de34b94e1b081458c5316fd07eeccc9eecac49d81019697b49a3086,46,57
substrate_ligand_conditions,89,131,target,98,98,88,40a7bdc582f4e5bf594f32d489451b42cd8e9ae11e5de91c4a361339d7a773b8,34,20
substrate_ligand_conditions,89,131,inner,495,98,88,4d806366f23d22f6d2b80f4714bb3d7c53e832f6be6411bc496670f01ce60894,52,22
substrate_ligand_conditions,89,131,outer,1539,98,88,3c7dc8d924e9a9753e2739c04825b0c6fd2b2c6b09d05d9d045d201bf8c6ef97,49,62
substrate_ligand_conditions,90,132,target,98,98,88,7017dfbfbcd5910cbf4e2a42e612fd957d71d325a4e8322ff47eef45669616e8,35,22
substrate_ligand_conditions,90,132,inner,495,98,88,176348f6188a2c80e2e97c147673f03565e7c5d856fa0d5cc7f7bd6a75760f9c,59,23
substrate_ligand_conditions,90,132,outer,1539,98,88,35de1178810e3a968128921b796072b6e1b471dc81401bd47264507449e39996,51,59
substrate_ligand_conditions,91,133,target,98,98,88,53c73080aee57d3cae0fa586be3c312c433084712b1de1199a15a9fd04567c7f,36,21
substrate_ligand_conditions,91,133,inner,495,98,88,832ef364f16e15c93455ff77a22db57d452c1fdcae248d7d371889cea6a6cc41,60,21
substrate_ligand_conditions,91,133,outer,1539,98,88,1c34d2802e8803c748f050da1551d13311a1d5289b4326f88ba8e992fff4309f,47,63
substrate_ligand_conditions,92,134,target,98,98,88,7fea9fc611f333dea374b909885dd419e1f6f4dbfdbdf4b3926947ae385b6f57,33,21
substrate_ligand_conditions,92,134,inner,495,98,88,f872c5b9a08f44a6d2ceec0f97b0b72f6898f2409f6f85d225e79cddc0e893f1,54,24
substrate_ligand_conditions,92,134,outer,1539,98,88,4e0ec88d382b20500a4d327480c7068c1a80ba5aff6c1458196f48212d0df6be,51,59
substrate_ligand_conditions,93,135,target,98,98,88,560f51d5aa396a9b85f71e15dc80ab5560c84fe47d0717d7193fdb062a663bb2,36,20
substrate_ligand_conditions,93,135,inner,495,98,88,38f05683b1fb8391ddd414cc48720e9e2768876afc7ff513817548041c03db5b,59,26
substrate_ligand_conditions,93,135,outer,1539,98,88,b26ae670436512980e7f0c5629aa2821678fb2c1ad465abc98ad2df00a046ffa,56,55
substrate_ligand_conditions,94,136,target,98,98,88,0ccb4f97eadbbb24d95dccfb37a067379a74dcd23f2a8c5f7cf88940f72bcde3,35,22
substrate_ligand_conditions,94,136,inner,495,98,88,a1fd88de352012f1ddc4dc5d28df48a0164b52ebdf9455bd28393ffe24616192,55,26
substrate_ligand_conditions,94,136,outer,1539,98,88,0cf0df9198378cb907d4ff7b648947470a9807daed691173a11d2a1382c7f5d8,43,66
substrate_ligand_conditions,95,137,target,98,98,88,dd398139a716592ed993de27aa7732255558163ef256b39a217308e663cb8cc9,36,17
substrate_ligand_conditions,95,137,inner,495,98,88,5c2cae0c7894e68e7322da6d2339e84284cfb01fb5ac459230586c5088a09076,56,23
substrate_ligand_conditions,95,137,outer,1539,98,88,a6a98735e0986f9d356eb0ed200c1bd072b205a9f51d70ce12f321cfa5bd3c48,45,63
substrate_ligand_conditions,96,138,target,98,98,88,6d9aa5ac40264586666d65d0ea917c9e40db9957353b2323901c189794dd3604,36,22
substrate_ligand_conditions,96,138,inner,495,98,88,fc043f64d3439df4eda699b56f401a3f6c83eb858dedb74f81e7455e14db1929,50,24
substrate_ligand_conditions,96,138,outer,1539,98,88,bf0e11ebecf768eb6270ab140d8991bdcbcf00ccffb9d124df68925191e99558,49,60
substrate_ligand_conditions,97,139,target,98,98,88,9e638947ff18933464ad12baa0ceb994460de40777ca11c007300e9bf72b2395,36,21
substrate_ligand_conditions,97,139,inner,495,98,88,f428c8d32e71a40c4c1bbbfa837bf1565b5267bf72b5ee213433bb920145808f,59,21
substrate_ligand_conditions,97,139,outer,1539,98,88,50c773ba7ea2c59e5d8fd77978ed06e28fff36f9051d8c641a45e63db6836b69,47,58
substrate_ligand_conditions,98,140,target,98,98,88,ab74f2e7464294a0701d848d736c14f66cf1bb8f288bed44579e0919e9bfb829,34,20
substrate_ligand_conditions,98,140,inner,495,98,88,0bdcadc8bbefcbfdd7c58729de115ad9c16f4ede3cc6c5a5e9bb4d7f4d376ec0,58,23
substrate_ligand_conditions,98,140,outer,1539,98,88,0616632749ca22565261d51fb618ba7cbf52002af7d9ff60684cddabebaf7d69,53,63
substrate_ligand_conditions,99,141,target,98,98,88,487a1b1fd1474aac8cf6932fc4f318161bfc0d48b209d8315cffa5bc14270ed2,35,22
substrate_ligand_conditions,99,141,inner,495,98,88,10bb3175a8b008803935c20d28c75f685d8bf57f6f64f277e644c31244ae04a2,58,21
substrate_ligand_conditions,99,141,outer,1539,98,88,3e25941b55b442b49aea307999d9453c69f7ab942e2d9c1c652873a35e15c6fb,42,60
