dataset,row_index,PC1,PC2,mechanism_aligned,mechanism_aligned_selection_frequency,substrate_similarity_selection_frequency,ligand_similarity_selection_frequency,reaction_similarity_selection_frequency
Ru-AHK,0,6.6457553,-2.9248443,1.0,5.0,0.0,1.0,0.0
Ru-AHK,1,5.7790666,-2.6108904,1.0,5.0,0.0,1.0,0.0
Ru-AHK,2,-4.502901,0.31834573,0.0,0.0,5.0,5.0,5.0
Ru-AHK,3,-4.1678753,0.3351806,0.0,0.0,5.0,5.0,5.0
Ru-AHK,4,-4.1607585,0.32381025,0.0,0.0,5.0,5.0,5.0
Ru-AHK,5,-4.1678753,0.33518067,0.0,0.0,5.0,5.0,5.0
Ru-AHK,6,10.193643,-0.41939005,1.0,5.0,0.0,5.0,0.0
Ru-AHK,7,10.480115,-0.56495523,1.0,5.0,0.0,5.0,0.0
Ru-AHK,8,10.116538,-0.4443126,1.0,5.0,0.0,5.0,0.0
Ru-AHK,9,-4.8673873,-0.9300554,0.0,0.0,5.0,5.0,5.0
Ru-AHK,10,10.728367,-0.18809462,1.0,5.0,0.0,5.0,0.0
Ru-AHK,11,10.194104,-0.41908282,1.0,5.0,0.0,5.0,0.0
Ru-AHK,12,-4.4277716,-1.723136,0.0,0.0,4.0,0.0,5.0
Ru-AHK,13,10.116538,-0.44431257,1.0,5.0,0.0,5.0,0.0
Ru-AHK,14,10.194104,-0.41908282,1.0,5.0,0.0,5.0,0.0
Ru-AHK,15,10.801836,-0.55693376,1.0,5.0,0.0,5.0,0.0
Ru-AHK,16,10.374042,-0.6790513,1.0,5.0,0.0,5.0,0.0
Ru-AHK,17,10.194104,-0.41908282,1.0,5.0,0.0,5.0,0.0
Ru-AHK,18,-5.3379016,-1.0873382,0.0,0.0,0.0,0.0,5.0
Ru-AHK,19,3.6730897,-6.490591,0.0,0.0,0.0,5.0,0.0
Ru-AHK,20,-5.8817215,-1.4294109,0.0,0.0,0.0,5.0,2.0
Ru-AHK,21,-4.4286556,-1.7221158,0.0,0.0,4.0,0.0,5.0
Ru-AHK,22,2.9676242,-9.202958,0.0,0.0,0.0,5.0,0.0
Ru-AHK,23,-4.867981,-1.0771763,0.0,0.0,0.0,0.0,5.0
Ru-AHK,24,-5.8265615,-0.7865966,0.0,0.0,0.0,0.0,5.0
Ru-AHK,25,-5.7485304,-0.8293573,0.0,0.0,0.0,0.0,5.0
Ru-AHK,26,-5.80053,-0.7693321,0.0,0.0,0.0,0.0,5.0
Ru-AHK,27,5.7306323,-2.5969903,1.0,5.0,0.0,1.0,0.0
Ru-AHK,28,-1.2151928,0.12502089,0.0,0.0,0.0,0.0,0.0
Ru-AHK,29,0.47609925,4.0920095,1.0,5.0,5.0,1.0,0.0
Ru-AHK,30,5.754851,-2.6039352,1.0,5.0,0.0,1.0,0.0
Ru-AHK,31,2.9106162,10.398586,0.0,0.0,0.0,5.0,0.0
Ru-AHK,32,3.0120459,10.92489,0.0,0.0,0.0,5.0,0.0
Ru-AHK,33,-5.8780956,-0.79456127,0.0,0.0,0.0,0.0,5.0
Ru-AHK,34,-4.8904,-1.4051298,0.0,0.0,4.0,0.0,5.0
Ru-AHK,35,-4.7731075,-1.6679643,0.0,0.0,0.0,0.0,0.0
Ru-AHK,36,-0.6889323,-0.79832864,0.0,0.0,0.0,5.0,5.0
Ru-AHK,37,-0.41451496,-0.795156,0.0,0.0,0.0,0.0,0.0
Ru-AHK,38,5.717633,-2.5819829,1.0,5.0,0.0,1.0,0.0
Ru-AHK,39,11.147009,-7.2589025,1.0,5.0,0.0,5.0,0.0
Ru-AHK,40,-4.5397944,-1.4288113,0.0,0.0,0.0,5.0,5.0
Ru-AHK,41,8.211656,0.18013567,1.0,5.0,0.0,5.0,0.0
Ru-AHK,42,10.728367,-0.18809462,1.0,5.0,0.0,5.0,0.0
Ru-AHK,43,3.2486734,12.039272,0.0,0.0,0.0,0.0,0.0
Ru-AHK,44,-5.472344,-1.1209668,0.0,0.0,0.0,5.0,5.0
Ru-AHK,45,-4.4053535,-1.3951832,0.0,0.0,0.0,0.0,0.0
Ru-AHK,46,-5.748164,-1.3947614,0.0,0.0,0.0,0.0,0.0
Ru-AHK,47,3.0113711,10.924443,0.0,0.0,0.0,5.0,0.0
Ru-AHK,48,-5.1955748,-0.57842034,0.0,0.0,5.0,0.0,5.0
Ru-AHK,49,-5.8986526,-0.8894444,0.0,0.0,3.0,0.0,0.0
Ru-AHK,50,-4.3438926,-1.3106775,0.0,0.0,0.0,0.0,0.0
Ru-AHK,51,-5.8780956,-0.79456127,0.0,0.0,0.0,0.0,5.0
Ru-AHK,52,-5.1955748,-0.57842034,0.0,0.0,5.0,0.0,5.0
Ru-AHK,53,-5.5145206,-0.915202,0.0,0.0,3.0,0.0,3.0
Ru-AHK,54,-4.4895973,0.32716048,0.0,0.0,5.0,5.0,5.0
Ru-AHK,55,12.987267,20.757072,1.0,5.0,0.0,5.0,0.0
Ru-AHK,56,13.217585,20.512442,1.0,5.0,0.0,5.0,0.0
Ru-AHK,57,12.525692,21.111464,1.0,5.0,4.0,5.0,0.0
Ru-AHK,58,12.525692,21.111464,1.0,5.0,4.0,5.0,0.0
Ru-AHK,59,12.530763,21.105616,1.0,5.0,4.0,5.0,0.0
Ru-AHK,60,12.548702,21.084908,1.0,5.0,4.0,5.0,0.0
Ru-AHK,61,-4.4983826,-1.6098586,0.0,0.0,0.0,0.0,4.0
Ru-AHK,62,-3.5262759,0.72033143,0.0,0.0,5.0,5.0,5.0
Ru-AHK,63,3.1020656,-9.169328,0.0,0.0,0.0,0.0,0.0
Ru-AHK,64,-5.3438234,-1.9677575,0.0,0.0,4.0,0.0,0.0
Ru-AHK,65,-4.5622125,-1.7567649,0.0,0.0,4.0,5.0,5.0
Ru-AHK,66,-5.0518928,-1.2332087,0.0,0.0,3.0,0.0,0.0
Ru-AHK,67,-4.5622125,-1.7567649,0.0,0.0,4.0,5.0,5.0
Ru-AHK,68,-4.9846473,-1.7850804,0.0,0.0,4.0,0.0,0.0
Ru-AHK,69,12.587183,21.04049,1.0,5.0,4.0,5.0,0.0
Ru-AHK,70,3.6308424,11.138703,0.0,0.0,5.0,5.0,0.0
Ru-AHK,71,1.2163347,-1.5894632,0.0,0.0,0.0,0.0,0.0
Ru-AHK,72,1.2273955,0.9097723,1.0,5.0,0.0,5.0,0.0
Ru-AHK,73,1.2712078,0.8054955,1.0,5.0,2.0,5.0,0.0
Ru-AHK,74,-5.5145206,-0.915202,0.0,0.0,3.0,0.0,3.0
Ru-AHK,75,12.525577,21.111391,1.0,5.0,4.0,5.0,0.0
Ru-AHK,76,12.525607,21.11141,1.0,5.0,4.0,5.0,0.0
Ru-AHK,77,-2.6983314,-0.044613812,0.0,0.0,0.0,5.0,5.0
Ru-AHK,78,-2.6463315,-0.104639366,0.0,0.0,0.0,5.0,5.0
Ru-AHK,79,-5.549909,-1.1461957,0.0,0.0,0.0,5.0,5.0
Ru-AHK,80,-4.4062376,-1.3941627,0.0,0.0,0.0,0.0,0.0
Ru-AHK,81,6.859342,-2.7390234,1.0,5.0,5.0,1.0,0.0
Ru-AHK,82,0.2497856,0.1792473,1.0,5.0,5.0,5.0,5.0
Ru-AHK,83,1.4457229,0.35464323,1.0,5.0,5.0,0.0,1.0
Ru-AHK,84,1.0196735,0.3211372,1.0,5.0,5.0,0.0,0.0
Ru-AHK,85,1.2889845,-0.440975,1.0,5.0,5.0,5.0,5.0
Ru-AHK,86,0.30979583,1.1402194,1.0,5.0,5.0,0.0,5.0
Ru-AHK,87,0.15305704,0.34460008,1.0,5.0,5.0,5.0,5.0
Ru-AHK,88,-0.11625413,1.106712,1.0,5.0,5.0,0.0,0.0
Ru-AHK,89,11.147009,-7.2589025,1.0,5.0,0.0,5.0,0.0
Ru-AHK,90,4.6105156,-1.53427,1.0,5.0,1.0,1.0,0.0
Ru-AHK,91,-6.304158,-1.4577264,0.0,0.0,0.0,0.0,0.0
Ru-AHK,92,-4.4277716,-1.723136,0.0,0.0,4.0,0.0,5.0
Ru-AHK,93,10.349417,-0.48173183,1.0,5.0,0.0,5.0,0.0
Ru-AHK,94,10.480115,-0.56495523,1.0,5.0,0.0,5.0,0.0
Ru-AHK,95,11.057534,-1.1967359,1.0,5.0,0.0,5.0,0.0
Ru-AHK,96,13.192264,20.134895,1.0,5.0,0.0,5.0,0.0
Ru-AHK,97,12.525643,21.111435,1.0,5.0,4.0,5.0,0.0
Ru-AHK,98,-3.4681368,-0.0834873,0.0,0.0,0.0,0.0,5.0
Ru-AHK,99,6.8256955,-3.1847825,1.0,5.0,0.0,1.0,0.0
Ru-AHK,100,-5.645222,-0.83197826,0.0,0.0,4.0,0.0,3.0
Ru-AHK,101,-2.5665896,-1.5511069,0.0,0.0,5.0,0.0,5.0
Ru-AHK,102,-4.25995,-1.1409156,0.0,0.0,4.0,0.0,0.0
Ru-AHK,103,-4.677031,-1.1008091,0.0,0.0,0.0,0.0,4.0
Ru-AHK,104,-2.5554392,-1.2167627,0.0,0.0,5.0,0.0,0.0
Ru-AHK,105,-4.230754,-1.1509199,0.0,0.0,4.0,0.0,0.0
Ru-AHK,106,-4.677117,-1.1008666,0.0,0.0,0.0,0.0,4.0
Ru-AHK,107,-4.0162477,-1.1122814,0.0,0.0,4.0,0.0,0.0
Ru-AHK,108,-4.6255527,-1.1611799,0.0,0.0,0.0,0.0,4.0
Ru-AHK,109,-5.4851375,-1.3567799,0.0,0.0,0.0,0.0,5.0
Ru-AHK,110,-2.7810962,-1.5897452,0.0,0.0,5.0,0.0,5.0
Ru-AHK,111,-2.3409326,-1.1781243,0.0,0.0,5.0,0.0,0.0
Ru-AHK,112,-2.5554392,-1.2167627,0.0,0.0,5.0,0.0,0.0
Ru-AHK,113,-2.3248653,-1.2799404,0.0,0.0,5.0,0.0,0.0
Ru-AHK,114,-2.5393717,-1.318579,0.0,0.0,5.0,0.0,0.0
Ru-AHK,115,-3.0834084,-1.4199347,0.0,0.0,5.0,0.0,0.0
Ru-AHK,116,-3.297915,-1.4585733,0.0,0.0,5.0,0.0,0.0
Ru-AHK,117,-5.412767,-1.3072236,0.0,0.0,0.0,0.0,5.0
Ru-AHK,118,-4.677031,-1.1008091,0.0,0.0,0.0,0.0,4.0
Ru-AHK,119,-5.4966917,-1.3408151,0.0,0.0,0.0,0.0,5.0
Ru-AHK,120,6.176126,11.31792,1.0,5.0,4.0,5.0,0.0
Ru-AHK,121,12.525667,21.111452,1.0,5.0,4.0,5.0,0.0
Ru-AHK,122,-5.3438234,-1.9677575,0.0,0.0,4.0,0.0,0.0
Ru-AHK,123,-5.4154673,-1.1125675,0.0,0.0,0.0,0.0,5.0
Ru-AHK,124,6.573674,11.769099,1.0,5.0,4.0,5.0,0.0
Ru-AHK,125,-6.663331,-1.640404,0.0,0.0,0.0,0.0,0.0
Ru-AHK,126,7.9041963,13.9570055,1.0,5.0,4.0,5.0,0.0
Ru-AHK,127,-2.6489353,-0.1063658,0.0,0.0,0.0,5.0,5.0
Ru-AHK,128,6.030243,8.004934,0.0,0.0,0.0,5.0,0.0
Ru-AHK,129,-5.529054,-1.4221265,0.0,0.0,3.0,0.0,0.0
Ru-AHK,130,-2.1228023,-0.4040432,0.0,0.0,0.0,5.0,0.0
Ru-AHK,131,-4.5207996,-1.9378121,0.0,0.0,4.0,0.0,5.0
Ru-AHK,132,-5.5084963,-1.327243,0.0,0.0,0.0,0.0,5.0
Ru-AHK,133,-5.1887336,-1.3436072,0.0,0.0,5.0,0.0,0.0
Ru-AHK,134,-4.8670115,-1.3355869,0.0,0.0,5.0,0.0,0.0
Ru-AHK,135,11.433021,-7.404774,1.0,5.0,0.0,5.0,0.0
Ru-AHK,136,4.615618,13.83742,0.0,0.0,0.0,5.0,0.0
Ru-AHK,137,-4.2962246,-1.0623854,0.0,0.0,0.0,5.0,0.0
Ru-AHK,138,-4.5694194,-0.81321174,0.0,0.0,0.0,4.0,0.0
Ru-AHK,139,-5.2635274,-1.2175812,0.0,0.0,0.0,4.0,0.0
Ru-AHK,140,-5.48666,-1.1459821,0.0,0.0,0.0,4.0,5.0
Ru-AHK,141,-5.1815968,-1.2648435,0.0,0.0,0.0,4.0,0.0
Ru-AHK,142,-5.2076287,-1.2821085,0.0,0.0,0.0,4.0,0.0
Ru-AHK,143,-5.271328,-1.2085774,0.0,0.0,0.0,4.0,0.0
Ru-AHK,144,5.3052497,14.245912,0.0,0.0,0.0,4.0,0.0
Ru-AHK,145,-4.936032,-0.8933105,0.0,0.0,0.0,4.0,5.0
Ru-AHK,146,-4.647195,-1.4183376,0.0,0.0,0.0,4.0,5.0
Ru-AHK,147,5.5784435,13.996735,0.0,0.0,0.0,4.0,0.0
Ru-AHK,148,-5.890262,-0.92335457,0.0,0.0,0.0,0.0,0.0
Ru-AHK,149,-4.727407,0.33950606,0.0,0.0,0.0,5.0,5.0
Ru-AHK,150,-4.74187,0.32991463,0.0,0.0,0.0,5.0,5.0
Ru-AHK,151,3.9362128,6.523043,1.0,5.0,4.0,5.0,0.0
Ru-AHK,152,-4.198352,-1.6408696,0.0,0.0,0.0,0.0,0.0
Ru-AHK,153,-4.485536,-2.045058,0.0,0.0,4.0,0.0,5.0
Ru-AHK,154,-6.7473536,-1.6984218,0.0,0.0,0.0,0.0,0.0
Ru-AHK,155,4.061271,7.244457,1.0,5.0,4.0,5.0,5.0
Ru-AHK,156,-5.186334,-1.266837,0.0,0.0,3.0,4.0,5.0
Ru-AHK,157,12.525635,21.11143,1.0,5.0,4.0,5.0,0.0
Ru-AHK,158,4.0809026,7.243184,1.0,5.0,4.0,5.0,5.0
Ru-AHK,159,4.061271,7.244457,1.0,5.0,4.0,5.0,5.0
Ru-AHK,160,4.061271,7.244457,1.0,5.0,4.0,5.0,5.0
Ru-AHK,161,-4.22077,-1.9688228,0.0,0.0,4.0,0.0,5.0
Ru-AHK,162,-4.4277716,-1.723136,0.0,0.0,3.0,0.0,5.0
Ru-AHK,163,-3.3881662,-1.8451837,0.0,0.0,0.0,4.0,5.0
Ru-AHK,164,3.9362128,6.523043,1.0,5.0,4.0,5.0,0.0
Ru-AHK,165,11.389206,-7.300498,1.0,5.0,0.0,5.0,0.0
Ru-AHK,166,18.38153,-13.690125,0.0,0.0,0.0,0.0,0.0
Ru-AHK,167,19.904707,-16.285503,0.0,0.0,0.0,0.0,0.0
Ru-AHK,168,19.485142,-13.210837,0.0,0.0,0.0,0.0,0.0
Ru-AHK,169,19.461279,-16.258717,0.0,0.0,0.0,0.0,0.0
Ru-AHK,170,20.033966,-16.535852,0.0,0.0,0.0,0.0,0.0
Ru-AHK,171,20.143799,-16.042574,0.0,0.0,0.0,0.0,0.0
Ru-AHK,172,3.159181,1.7631297,1.0,5.0,5.0,0.0,1.0
Ru-AHK,173,-3.5666578,-1.353395,0.0,0.0,5.0,4.0,5.0
Ru-AHK,174,7.7341638,-9.250773,0.0,0.0,0.0,0.0,0.0
Ru-AHK,175,-4.4571543,-0.96394026,0.0,0.0,0.0,5.0,0.0
Ru-AHK,176,-4.731214,0.36913827,0.0,0.0,0.0,5.0,5.0
Ru-AHK,177,11.620125,15.400889,0.0,0.0,0.0,0.0,0.0
Ru-AHK,178,11.620125,15.400889,0.0,0.0,0.0,0.0,0.0
Ru-AHK,179,-5.144921,-1.4478841,0.0,0.0,3.0,0.0,0.0
Ru-AHK,180,-5.1887336,-1.3436072,0.0,0.0,5.0,0.0,0.0
Ru-AHK,181,-5.430931,-1.3020136,0.0,0.0,0.0,0.0,5.0
Ru-AHK,182,-5.472344,-1.1209668,0.0,0.0,0.0,4.0,5.0
Ru-AHK,183,2.6504483,6.051968,1.0,5.0,4.0,5.0,0.0
Ru-AHK,184,11.317724,15.898834,0.0,0.0,0.0,0.0,0.0
Ru-AHK,185,-5.7137403,-0.7051176,0.0,0.0,3.0,0.0,0.0
Ru-AHK,186,11.273914,16.003113,0.0,0.0,0.0,0.0,0.0
Ru-AHK,187,-5.514856,-1.3356047,0.0,0.0,0.0,0.0,5.0
Ru-AHK,188,-5.529054,-1.4221265,0.0,0.0,2.0,0.0,0.0
Ru-AHK,189,-2.7230759,0.69783044,0.0,0.0,0.0,4.0,0.0
Ru-AHK,190,-0.8979153,-2.776022,0.0,0.0,0.0,0.0,0.0
Ru-AHK,191,-3.4958475,-2.4067128,0.0,0.0,0.0,0.0,0.0
Ru-AHK,192,11.273894,16.0031,0.0,0.0,0.0,0.0,0.0
Ru-AHK,193,12.811703,20.965597,1.0,5.0,4.0,5.0,0.0
Ru-AHK,194,12.00917,15.890304,0.0,0.0,1.0,0.0,0.0
Ru-AHK,195,12.132942,21.128645,1.0,5.0,4.0,5.0,0.0
Ru-AHK,196,12.811703,20.965597,1.0,5.0,4.0,5.0,0.0
Ru-AHK,197,-5.5389414,-0.87329906,0.0,0.0,0.0,0.0,0.0
Ru-AHK,198,-5.615618,-0.5850052,0.0,0.0,0.0,0.0,0.0
Ru-AHK,199,-5.637063,-0.99341136,0.0,0.0,2.0,0.0,0.0
Ru-AHK,200,-2.342403,0.61693984,0.0,0.0,5.0,4.0,5.0
Ru-AHK,201,12.130903,-11.66894,0.0,0.0,0.0,4.0,0.0
Ru-AHK,202,12.738632,-11.806789,0.0,0.0,0.0,4.0,0.0
Ru-AHK,203,12.738084,-11.807156,0.0,0.0,0.0,4.0,0.0
Ru-AHK,204,12.7967005,-12.179579,0.0,0.0,0.0,4.0,0.0
Ru-AHK,205,12.738431,-11.806925,0.0,0.0,0.0,4.0,0.0
Ru-AHK,206,12.738431,-11.806925,0.0,0.0,0.0,4.0,0.0
Ru-AHK,207,8.741439,-9.489717,0.0,0.0,0.0,4.0,0.0
Ru-AHK,208,11.452841,-12.277883,0.0,0.0,0.0,4.0,0.0
Ru-AHK,209,10.954148,16.019476,0.0,0.0,0.0,0.0,0.0
Ru-AHK,210,-5.427844,-2.0257764,0.0,0.0,3.0,0.0,0.0
Ru-AHK,211,12.437552,21.148949,1.0,5.0,5.0,5.0,0.0
Ru-AHK,212,8.565178,-6.579932,1.0,5.0,0.0,5.0,0.0
Ru-AHK,213,-4.221654,-1.9678026,0.0,0.0,3.0,0.0,5.0
Ru-AHK,214,11.642543,15.728841,0.0,0.0,0.0,0.0,0.0
Ru-AHK,215,-4.268477,2.2839859,0.0,0.0,5.0,0.0,0.0
Ru-AHK,216,-4.632392,2.0507138,0.0,0.0,5.0,0.0,0.0
Ru-AHK,217,12.86357,20.577147,1.0,5.0,4.0,5.0,0.0
Ru-AHK,218,-4.8673873,-0.9300554,0.0,0.0,5.0,4.0,5.0
Ru-AHK,219,13.143459,-11.979953,0.0,0.0,0.0,4.0,0.0
Ru-AHK,220,14.088608,-13.1079,0.0,0.0,0.0,4.0,0.0
Ru-AHK,221,12.020027,-11.999946,0.0,0.0,0.0,4.0,0.0
Ru-AHK,222,12.647323,-12.104196,0.0,0.0,0.0,4.0,0.0
Ru-AHK,223,13.803464,-11.46552,0.0,0.0,0.0,4.0,0.0
Ru-AHK,224,17.403423,-15.967094,0.0,0.0,0.0,4.0,0.0
Ru-AHK,225,12.181579,-11.6785555,0.0,0.0,0.0,4.0,0.0
Ru-AHK,226,12.962685,-11.567611,0.0,0.0,0.0,4.0,0.0
Ru-AHK,227,12.694819,-11.702512,0.0,0.0,0.0,4.0,0.0
Ru-AHK,228,12.416911,-11.814811,0.0,0.0,0.0,4.0,0.0
Ru-AHK,229,11.738153,-11.651771,0.0,0.0,0.0,4.0,0.0
Ru-AHK,230,11.328773,-11.960214,0.0,0.0,0.0,4.0,0.0
Ru-AHK,231,12.286213,-11.731586,0.0,0.0,0.0,4.0,0.0
Ru-AHK,232,-1.9632435,-1.4844792,0.0,0.0,0.0,0.0,0.0
Ru-AHK,233,7.493777,-9.611858,0.0,0.0,0.0,4.0,0.0
Ru-AHK,234,17.52848,-15.245677,0.0,0.0,0.0,4.0,0.0
Ru-AHK,235,3.0227015,-6.2048206,0.0,0.0,1.0,4.0,0.0
Ru-AHK,236,2.7267308,-6.342558,0.0,0.0,0.0,4.0,0.0
Ru-AHK,237,-3.9408846,1.7852304,0.0,0.0,0.0,0.0,0.0
Ru-AHK,238,12.032783,-11.789055,0.0,0.0,0.0,4.0,0.0
Ru-AHK,239,-1.3693062,-0.58505255,0.0,0.0,0.0,0.0,0.0
Ru-AHK,240,-1.5381819,-0.2128909,0.0,0.0,0.0,0.0,0.0
Ru-AHK,241,-1.4575342,-0.5476302,0.0,0.0,5.0,0.0,2.0
Ru-AHK,242,-4.506409,-1.9486185,0.0,0.0,0.0,4.0,0.0
Ru-AHK,243,-3.9633024,1.457277,0.0,0.0,3.0,0.0,0.0
Ru-AHK,244,-3.1427546,1.5622245,0.0,0.0,0.0,0.0,0.0
Ru-AHK,245,13.874746,-12.567599,0.0,0.0,0.0,4.0,0.0
Ru-AHK,246,8.707838,-9.607102,0.0,0.0,0.0,4.0,0.0
Ru-AHK,247,15.2438545,-12.340426,0.0,0.0,0.0,4.0,0.0
Ru-AHK,248,12.416911,-11.814811,0.0,0.0,0.0,4.0,0.0
Ru-AHK,249,12.434513,-11.412724,0.0,0.0,0.0,4.0,0.0
Ru-AHK,250,0.16150959,-0.6953763,0.0,0.0,0.0,0.0,0.0
Ru-AHK,251,-5.553855,-1.2905856,0.0,0.0,0.0,0.0,5.0
Ru-AHK,252,-5.540856,-1.305592,0.0,0.0,0.0,0.0,5.0
Ru-AHK,253,-5.2898235,-0.9583712,0.0,0.0,5.0,0.0,0.0
Ru-AHK,254,-5.501856,-1.3506114,0.0,0.0,0.0,0.0,5.0
Ru-AHK,255,-1.0647386,-2.5247073,0.0,0.0,5.0,0.0,0.0
Ru-AHK,256,2.9676242,-9.202958,0.0,0.0,0.0,4.0,0.0
Ru-AHK,257,8.169048,-9.382811,0.0,0.0,0.0,0.0,0.0
Ru-AHK,258,-3.5574715,-1.451468,0.0,0.0,3.0,0.0,5.0
Ru-AHK,259,-4.5622125,-1.7567649,0.0,0.0,3.0,4.0,5.0
Ru-AHK,260,19.238544,16.327766,1.0,5.0,0.0,5.0,0.0
Ru-AHK,261,-5.5411625,-1.6404482,0.0,0.0,0.0,0.0,0.0
Ru-AHK,262,-4.5397944,-1.4288113,0.0,0.0,0.0,4.0,5.0
Ru-AHK,263,-3.465798,-0.0577779,0.0,0.0,0.0,0.0,5.0
Ru-AHK,264,-2.080462,-0.17933463,0.0,0.0,2.0,0.0,5.0
Ru-AHK,265,-1.0116332,0.10527446,0.0,0.0,0.0,0.0,0.0
Ru-AHK,266,10.75426,-7.241733,1.0,5.0,0.0,5.0,0.0
Ru-AHK,267,-4.468688,-0.9474724,0.0,0.0,0.0,5.0,0.0
Ru-AHK,268,-3.734328,-0.58484834,0.0,0.0,5.0,1.0,4.0
Ru-AHK,269,-3.6861222,-1.2512146,0.0,0.0,5.0,0.0,0.0
Ru-AHK,270,9.937401,-6.8131957,1.0,5.0,0.0,5.0,0.0
Ru-AHK,271,-4.4053535,-1.3951832,0.0,0.0,0.0,0.0,0.0
Ru-AHK,272,10.592926,-6.7867103,1.0,5.0,0.0,5.0,0.0
Ru-AHK,273,8.514347,-6.648427,1.0,5.0,0.0,5.0,0.0
Ru-AHK,274,-2.6469433,-1.0787914,0.0,0.0,3.0,0.0,0.0
Ru-AHK,275,-2.2814882,-0.70594954,0.0,0.0,5.0,0.0,0.0
Ru-AHK,276,-4.6380997,-2.2606156,0.0,0.0,3.0,0.0,5.0
Ru-AHK,277,-4.6380997,-2.2606156,0.0,0.0,3.0,0.0,5.0
Ru-AHK,278,-5.6463532,-1.74493,0.0,0.0,2.0,0.0,0.0
Ru-AHK,279,-4.987561,-1.6546389,0.0,0.0,5.0,0.0,0.0
Ru-AHK,280,-5.548229,-1.6248174,0.0,0.0,0.0,0.0,5.0
Ru-AHK,281,-4.618932,-1.9289106,0.0,0.0,0.0,0.0,5.0
Ru-AHK,282,-2.082129,-3.2939823,0.0,0.0,0.0,0.0,0.0
Ru-AHK,283,-5.553504,-1.6224089,0.0,0.0,0.0,0.0,5.0
Ru-AHK,284,-5.5563974,-1.6243266,0.0,0.0,0.0,0.0,5.0
Ru-AHK,285,-5.306033,-1.6664109,0.0,0.0,5.0,0.0,0.0
Ru-AHK,286,6.8256955,-3.1847825,1.0,5.0,0.0,1.0,0.0
Ru-AHK,287,-4.126839,0.559665,0.0,0.0,5.0,5.0,5.0
Ru-AHK,288,-4.8139877,0.3404549,0.0,0.0,0.0,5.0,5.0
Ru-AHK,289,1.8953286,0.31556815,1.0,5.0,1.0,5.0,0.0
Ru-AHK,290,0.5637671,0.99190766,1.0,5.0,0.0,5.0,0.0
Ru-AHK,291,1.2948514,1.1253101,1.0,5.0,5.0,5.0,0.0
Ru-AHK,292,0.63094026,0.92410135,1.0,5.0,0.0,5.0,0.0
Ru-AHK,293,0.9851981,0.95136505,1.0,5.0,0.0,5.0,0.0
Ru-AHK,294,-2.099149,4.089631,1.0,5.0,0.0,5.0,5.0
Ru-AHK,295,-4.4286556,-1.7221158,0.0,0.0,3.0,0.0,5.0
Ru-AHK,296,-2.0861492,4.0746245,1.0,5.0,0.0,5.0,5.0
Ru-AHK,297,8.426167,-6.5192466,1.0,5.0,0.0,5.0,0.0
Ru-AHK,298,-2.0688763,4.080948,1.0,5.0,0.0,5.0,5.0
Ru-AHK,299,-4.131467,0.5565958,0.0,0.0,5.0,5.0,5.0
Ru-AHK,300,11.147009,-7.2589025,1.0,5.0,0.0,5.0,0.0
Ru-AHK,301,11.292095,-7.400286,1.0,5.0,0.0,5.0,0.0
Ru-AHK,302,-4.732947,-0.89642715,0.0,0.0,5.0,0.0,5.0
Ru-AHK,303,11.275958,-0.7821942,1.0,5.0,0.0,5.0,0.0
Ru-AHK,304,-4.4631176,-1.717105,0.0,0.0,0.0,0.0,5.0
Ru-AHK,305,8.4040165,-6.6111116,1.0,5.0,0.0,5.0,0.0
Ru-AHK,306,-4.9846473,-1.7850804,0.0,0.0,3.0,0.0,0.0
Ru-AHK,307,-5.7472806,-1.395782,0.0,0.0,0.0,0.0,0.0
Ru-AHK,308,5.1038246,-2.024815,1.0,5.0,0.0,1.0,0.0
Ru-AHK,309,4.401113,1.3268225,1.0,5.0,0.0,5.0,0.0
Ru-AHK,310,4.895079,1.2362428,1.0,5.0,0.0,5.0,0.0
Ru-AHK,311,4.444926,1.2225463,1.0,5.0,0.0,5.0,0.0
Ru-AHK,312,-4.6271095,-0.7894513,0.0,0.0,3.0,5.0,5.0
Ru-AHK,313,6.5476403,-3.044929,1.0,5.0,0.0,1.0,0.0
Ru-AHK,314,1.3857131,-0.6063294,1.0,5.0,5.0,5.0,5.0
Ru-AHK,315,1.3422732,0.58902115,1.0,5.0,3.0,0.0,5.0
Ru-AHK,316,-5.648999,-1.1410482,0.0,0.0,5.0,0.0,0.0
Ru-AHK,317,-6.331519,-1.3571888,0.0,0.0,0.0,0.0,0.0
Ru-AHK,318,-0.8133854,4.5607047,1.0,5.0,0.0,5.0,5.0
Ru-AHK,319,-2.1294217,4.0983133,1.0,5.0,0.0,5.0,5.0
Ru-AHK,320,11.379458,-6.887547,1.0,5.0,0.0,0.0,0.0
Ru-AHK,321,-4.7135224,0.34871474,0.0,0.0,0.0,5.0,5.0
Ru-AHK,322,-5.395667,-1.4092602,0.0,0.0,0.0,0.0,5.0
Ru-AHK,323,-5.338786,-1.0863179,0.0,0.0,0.0,0.0,5.0
Ru-AHK,324,-0.6883266,5.2821183,1.0,5.0,0.0,5.0,5.0
Ru-AHK,325,-4.6564865,-1.5663347,0.0,0.0,3.0,0.0,5.0
Ru-AHK,326,-6.253954,-1.3319595,0.0,0.0,0.0,0.0,0.0
Ru-AHK,327,-4.9845386,-1.8387144,0.0,0.0,3.0,0.0,2.0
Ru-AHK,328,-5.3214045,-1.6398044,0.0,0.0,0.0,0.0,0.0
Ru-AHK,329,-0.74758714,-0.21795714,0.0,0.0,0.0,0.0,0.0
Ru-AHK,330,-2.7261388,-1.7626963,0.0,0.0,0.0,0.0,0.0
Ru-AHK,331,-6.010998,-1.7844551,0.0,0.0,5.0,0.0,0.0
Ru-AHK,332,-5.955492,-1.3992889,0.0,0.0,1.0,0.0,0.0
Ru-AHK,333,-6.220542,-1.8595833,0.0,0.0,1.0,0.0,0.0
Ru-AHK,334,-5.412734,-1.9113796,0.0,0.0,2.0,0.0,0.0
Ru-AHK,335,-5.758947,-1.3091542,0.0,0.0,5.0,0.0,0.0
Ru-AHK,336,-4.756512,0.39834076,0.0,0.0,0.0,5.0,5.0
Ru-AHK,337,19.854029,-16.275885,0.0,0.0,0.0,0.0,0.0
Ru-AHK,338,-5.3752475,-1.4004794,0.0,0.0,0.0,0.0,5.0
Ru-AHK,339,-4.045444,-1.1022767,0.0,0.0,4.0,0.0,0.0
Ru-AHK,340,-4.6775513,-1.1011546,0.0,0.0,0.0,0.0,4.0
Ru-AHK,341,-3.6065884,-1.0253634,0.0,0.0,5.0,0.0,4.0
Ru-AHK,342,-3.6065884,-1.0253634,0.0,0.0,5.0,0.0,4.0
Ru-AHK,343,-4.463045,-1.062516,0.0,0.0,0.0,0.0,5.0
Ru-AHK,344,-4.6775513,-1.1011546,0.0,0.0,0.0,0.0,4.0
Ru-AHK,345,-5.4402456,-1.3254474,0.0,0.0,0.0,0.0,5.0
Ru-AHK,346,-5.4591713,-1.434071,0.0,0.0,0.0,0.0,5.0
Ru-AHK,347,-4.132727,-1.1269631,0.0,0.0,4.0,0.0,0.0
Ru-AHK,348,-4.130123,-1.1252364,0.0,0.0,4.0,0.0,0.0
Ru-AHK,349,-5.3379016,-1.0873382,0.0,0.0,0.0,0.0,5.0
Ru-AHK,350,-5.4163513,-1.1115472,0.0,0.0,0.0,0.0,5.0
Ru-AHK,351,-5.5307302,-1.3461329,0.0,0.0,0.0,0.0,5.0
Ru-AHK,352,-3.0131986,0.46314928,0.0,0.0,0.0,4.0,5.0
Ru-AHK,353,-5.130901,-1.3330246,0.0,0.0,0.0,0.0,5.0
Ru-AHK,354,10.700701,-6.724506,1.0,5.0,0.0,0.0,0.0
Ru-AHK,355,-4.505394,-1.0573915,0.0,0.0,0.0,5.0,0.0
Ru-AHK,356,-5.5621834,-1.6281636,0.0,0.0,0.0,0.0,5.0
Ru-AHK,357,-3.0148404,-0.99058455,0.0,0.0,0.0,0.0,0.0
Ru-AHK,358,-5.972343,-1.1745119,0.0,0.0,0.0,0.0,0.0
Ru-AHK,359,-4.7338305,-0.8954064,0.0,0.0,5.0,0.0,5.0
Ru-AHK,360,2.9657817,-5.97798,0.0,0.0,0.0,0.0,0.0
Ru-AHK,361,-4.962231,-1.4571271,0.0,0.0,0.0,0.0,0.0
Ru-AHK,362,-2.1056488,4.0971336,1.0,5.0,0.0,5.0,5.0
Ru-AHK,363,-4.9171,-1.7115587,0.0,0.0,2.0,0.0,0.0
Ru-AHK,364,4.365222,13.992537,0.0,0.0,0.0,4.0,0.0
Ru-AHK,365,-5.4672823,-1.1331303,0.0,0.0,0.0,4.0,5.0
Ru-AHK,366,-5.0347004,-0.09419702,0.0,0.0,0.0,0.0,0.0
Ru-AHK,367,0.7623784,1.6198,1.0,5.0,0.0,0.0,5.0
Ru-AHK,368,0.6056398,0.8241813,1.0,5.0,0.0,5.0,5.0
Ru-AHK,369,6.1312456,-2.9234452,1.0,5.0,0.0,1.0,0.0
Ru-AHK,370,11.173327,-7.079289,1.0,5.0,0.0,0.0,0.0
Ru-AHK,371,-5.517746,-1.3375219,0.0,0.0,0.0,0.0,5.0
Ru-AHK,372,-5.967943,-1.4778299,0.0,0.0,3.0,0.0,0.0
Ru-AHK,373,-5.2084665,-1.3582542,0.0,0.0,0.0,0.0,5.0
Ru-AHK,374,-4.4832797,-1.0829196,0.0,0.0,0.0,5.0,0.0
Ru-AHK,375,3.3468788,0.7577941,1.0,5.0,0.0,5.0,0.0
Ru-AHK,376,-3.100954,-1.3022666,0.0,0.0,5.0,0.0,4.0
Ru-AHK,377,-2.5282936,-0.40176123,0.0,0.0,0.0,0.0,0.0
Ru-AHK,378,-1.7963647,0.09758857,0.0,0.0,1.0,0.0,0.0
Ru-AHK,379,20.140038,-16.421753,0.0,0.0,0.0,0.0,0.0
Ru-AHK,380,20.140038,-16.421753,0.0,0.0,0.0,0.0,0.0
Ru-AHK,381,20.096226,-16.317478,0.0,0.0,0.0,0.0,0.0
Ru-AHK,382,19.461279,-16.258717,0.0,0.0,0.0,0.0,0.0
Ru-AHK,383,20.009335,-16.338531,0.0,0.0,0.0,0.0,0.0
Ru-AHK,384,20.009335,-16.338531,0.0,0.0,0.0,0.0,0.0
Ru-AHK,385,20.143799,-16.042574,0.0,0.0,0.0,0.0,0.0
Ru-AHK,386,20.096226,-16.317478,0.0,0.0,0.0,0.0,0.0
Ru-AHK,387,20.461758,-16.413734,0.0,0.0,0.0,0.0,0.0
Ru-AHK,388,20.033966,-16.535852,0.0,0.0,0.0,0.0,0.0
Ru-AHK,389,20.143799,-16.042574,0.0,0.0,0.0,0.0,0.0
Ru-AHK,390,19.755905,-16.396,0.0,0.0,0.0,0.0,0.0
Ru-AHK,391,19.461279,-16.258717,0.0,0.0,0.0,0.0,0.0
Ru-AHK,392,20.009335,-16.338531,0.0,0.0,0.0,0.0,0.0
Ru-AHK,393,19.755905,-16.396,0.0,0.0,0.0,0.0,0.0
Ru-AHK,394,15.649242,-12.311516,0.0,0.0,0.0,0.0,0.0
Ru-AHK,395,19.904707,-16.285503,0.0,0.0,0.0,0.0,0.0
Ru-AHK,396,20.331059,-16.33051,0.0,0.0,0.0,0.0,0.0
Ru-AHK,397,20.35789,-16.834572,0.0,0.0,0.0,0.0,0.0
Ru-AHK,398,20.143799,-16.042574,0.0,0.0,0.0,0.0,0.0
Ru-AHK,399,-4.2272735,-1.4711288,0.0,0.0,0.0,4.0,0.0
Ru-AHK,400,-2.3736863,-2.1892545,0.0,0.0,5.0,0.0,0.0
Ru-AHK,401,-2.3541164,-1.7849808,0.0,0.0,4.0,0.0,0.0
Ru-AHK,402,11.342003,-7.1397343,1.0,5.0,0.0,5.0,0.0
Ru-AHK,403,11.129512,-6.9750113,1.0,5.0,0.0,0.0,0.0
Ru-AHK,404,-3.3467543,-2.026231,0.0,0.0,0.0,0.0,5.0
Ru-AHK,405,-3.9742937,-1.8433597,0.0,0.0,0.0,0.0,0.0
Ru-AHK,406,-5.419377,-1.3179795,0.0,0.0,0.0,0.0,5.0
Ru-AHK,407,-4.823201,-1.4398636,0.0,0.0,4.0,0.0,0.0
Ru-AHK,408,-3.2144608,-2.2708778,0.0,0.0,0.0,0.0,0.0
Ru-AHK,409,-4.403508,-2.2006464,0.0,0.0,0.0,0.0,0.0
Ru-AHK,410,12.960493,20.460175,1.0,5.0,0.0,5.0,0.0
Ru-AHK,411,12.42757,20.991358,1.0,5.0,3.0,5.0,0.0
Ru-AHK,412,-1.0423238,0.0043858388,0.0,0.0,0.0,0.0,0.0
Ru-AHK,413,12.553684,21.0649,1.0,5.0,5.0,5.0,0.0
Ru-AHK,414,12.884024,20.985823,1.0,5.0,4.0,5.0,0.0
Ru-AHK,415,12.927835,20.881546,1.0,5.0,4.0,5.0,0.0
Ru-AHK,416,12.132942,21.128645,1.0,5.0,4.0,5.0,0.0
Ru-AHK,417,12.249075,21.044588,1.0,5.0,5.0,5.0,0.0
Ru-AHK,418,13.544171,20.425663,1.0,5.0,0.0,5.0,0.0
Ru-AHK,419,12.767891,21.069878,1.0,5.0,3.0,5.0,0.0
Ru-AHK,420,13.4358225,20.475672,1.0,5.0,5.0,5.0,0.0
Ru-AHK,421,12.437552,21.148949,1.0,5.0,5.0,5.0,0.0
Ru-AHK,422,-4.825975,-1.1111026,0.0,0.0,5.0,0.0,5.0
Ru-AHK,423,-1.2139982,-0.64770025,0.0,0.0,0.0,0.0,0.0
Ru-AHK,424,-1.4871972,-0.27595207,0.0,0.0,0.0,0.0,0.0
Ru-AHK,425,18.556023,16.111628,1.0,5.0,0.0,5.0,0.0
Ru-AHK,426,18.99945,16.084839,1.0,5.0,0.0,5.0,0.0
Ru-AHK,427,-1.9388012,-2.321293,0.0,0.0,5.0,0.0,0.0
Ru-AHK,428,-4.631236,2.0514815,0.0,0.0,4.0,0.0,0.0
Ru-AHK,429,18.948776,16.094458,1.0,5.0,0.0,5.0,0.0
Ru-AHK,430,19.871143,16.17021,1.0,5.0,0.0,5.0,0.0
Ru-AHK,431,18.921886,16.059614,1.0,5.0,0.0,5.0,0.0
Ru-AHK,432,-1.4093926,1.3942701,0.0,0.0,5.0,0.0,0.0
Ru-AHK,433,-1.350767,-0.5923423,0.0,0.0,5.0,0.0,0.0
Ru-AHK,434,-3.846011,1.1944423,0.0,0.0,0.0,0.0,0.0
Ru-AHK,435,-4.8734694,2.0410695,0.0,0.0,0.0,0.0,0.0
Ru-AHK,436,-5.771978,0.6315009,0.0,0.0,0.0,0.0,0.0
Ru-AHK,437,-1.3377669,-0.5837205,0.0,0.0,5.0,0.0,0.0
Ru-AHK,438,18.556023,16.111628,1.0,5.0,0.0,5.0,0.0
Ru-AHK,439,-3.3958383,-2.522802,0.0,0.0,0.0,0.0,0.0
Ru-AHK,440,-2.2843304,-0.32827592,0.0,0.0,0.0,0.0,0.0
Ru-AHK,441,-4.5391955,-2.034514,0.0,0.0,2.0,0.0,5.0
Ru-AHK,442,-3.9206703,-4.5109987,0.0,0.0,0.0,0.0,0.0
Ru-AHK,443,5.196568,-4.6491766,0.0,0.0,0.0,0.0,0.0
Ru-AHK,444,-5.351864,-0.9334643,0.0,0.0,0.0,0.0,1.0
Ru-AHK,445,-4.618512,-0.6488296,0.0,0.0,5.0,0.0,4.0
Ru-AHK,446,-4.2909184,-1.1475857,0.0,0.0,0.0,0.0,0.0
Ru-AHK,447,12.7967005,-12.179579,0.0,0.0,0.0,4.0,0.0
Ru-AHK,448,-4.5622125,-1.7567649,0.0,0.0,2.0,4.0,5.0
Ru-AHK,449,-0.9765975,-2.5621872,0.0,0.0,0.0,0.0,0.0
Ru-AHK,450,-1.7602416,-0.56177694,0.0,0.0,0.0,0.0,0.0
Ru-AHK,451,-5.549909,-1.1461957,0.0,0.0,0.0,4.0,5.0
Ru-AHK,452,-4.048108,-0.147734,0.0,0.0,0.0,0.0,0.0
Ru-AHK,453,-5.186334,-1.266837,0.0,0.0,3.0,4.0,5.0
Ru-AHK,454,-4.2234464,-0.83287895,0.0,0.0,0.0,0.0,5.0
Ru-AHK,455,-2.7126057,-2.393292,0.0,0.0,0.0,0.0,0.0
Ru-AHK,456,-2.7613676,-1.4909157,0.0,0.0,0.0,5.0,4.0
Ru-AHK,457,-4.4277716,-1.723136,0.0,0.0,2.0,0.0,5.0
Ru-AHK,458,-4.6685414,-2.109617,0.0,0.0,2.0,0.0,5.0
Ru-AHK,459,-5.004953,-2.312091,0.0,0.0,2.0,0.0,0.0
Ru-AHK,460,-5.4154673,-1.1125675,0.0,0.0,0.0,0.0,5.0
Ru-AHK,461,-5.427844,-2.0257764,0.0,0.0,2.0,0.0,0.0
Ru-AHK,462,-4.5230856,-1.0369692,0.0,0.0,0.0,5.0,0.0
Ru-AHK,463,1.8344684,-0.19973305,1.0,5.0,3.0,5.0,5.0
Ru-AHK,464,-3.6089888,-1.0261256,0.0,0.0,0.0,0.0,0.0
Ru-AHK,465,-5.668203,-0.90226406,0.0,0.0,0.0,0.0,5.0
Ru-AHK,466,-6.034886,-1.01927,0.0,0.0,0.0,0.0,0.0
Ru-AHK,467,19.885662,-16.222235,0.0,0.0,0.0,0.0,0.0
Ru-AHK,468,19.885662,-16.222235,0.0,0.0,0.0,0.0,0.0
Ru-AHK,469,11.078986,-7.230823,1.0,5.0,0.0,5.0,0.0
Ru-AHK,470,-4.074648,-0.6633674,0.0,0.0,0.0,1.0,0.0
Ru-AHK,471,-1.9998809,-2.5744667,0.0,0.0,0.0,0.0,0.0
Ru-AHK,472,-5.6290455,-1.6462948,0.0,0.0,0.0,0.0,5.0
Ru-AHK,473,-5.324631,-1.7369095,0.0,0.0,0.0,0.0,0.0
Ru-AHK,474,-3.4673028,-2.3452833,0.0,0.0,0.0,0.0,5.0
Ru-AHK,475,-5.7303524,-1.690396,0.0,0.0,0.0,0.0,5.0
Ru-AHK,476,-5.7653165,-1.8290923,0.0,0.0,0.0,0.0,5.0
Ru-AHK,477,-5.7653165,-1.8290923,0.0,0.0,0.0,0.0,5.0
Ru-AHK,478,-4.487351,-2.4097793,0.0,0.0,0.0,0.0,0.0
Ru-AHK,479,-3.1986828,0.22157536,0.0,0.0,0.0,5.0,5.0
Ru-AHK,480,-5.013579,-2.3194656,0.0,0.0,2.0,0.0,0.0
Ru-AHK,481,11.335646,-6.783271,1.0,5.0,0.0,0.0,0.0
Ru-AHK,482,-4.9224925,-0.89024574,0.0,0.0,0.0,0.0,0.0
Ru-AHK,483,1.3764945,3.395895,1.0,5.0,0.0,1.0,0.0
Ru-AHK,484,19.673676,-16.412424,0.0,0.0,0.0,0.0,0.0
Ru-AHK,485,1.5264331,3.6787126,1.0,5.0,5.0,1.0,0.0
Ru-AHK,486,-1.5650274,2.0152957,1.0,5.0,5.0,1.0,0.0
Ru-AHK,487,-0.71474206,1.7752414,1.0,5.0,0.0,1.0,0.0
Ru-AHK,488,-1.5650274,2.0152957,1.0,5.0,5.0,1.0,0.0
Ru-AHK,489,1.1732541,15.538386,1.0,5.0,5.0,1.0,0.0
Ru-AHK,490,-4.487638,0.35154495,0.0,0.0,0.0,5.0,5.0
Ru-AHK,491,-4.8322453,0.24709733,0.0,0.0,2.0,5.0,5.0
Ru-AHK,492,-4.8116875,0.34198043,0.0,0.0,0.0,5.0,5.0
Ru-AHK,493,10.887316,-6.9334173,1.0,5.0,0.0,0.0,0.0
Ru-AHK,494,-5.988051,-1.7822622,0.0,0.0,0.0,0.0,3.0
Ru-AHK,495,-4.9606504,-2.3285751,0.0,0.0,2.0,0.0,5.0
Ru-AHK,496,-4.22077,-1.9688228,0.0,0.0,2.0,0.0,5.0
Ru-AHK,497,-4.5621276,-0.19882637,0.0,0.0,0.0,5.0,0.0
Ru-AHK,498,-3.936683,-0.60089684,0.0,0.0,0.0,5.0,5.0
Ru-AHK,499,18.292645,-14.5745735,0.0,0.0,0.0,0.0,0.0
Ru-AHK,500,-1.5545427,-0.78057027,0.0,0.0,5.0,0.0,0.0
Ru-AHK,501,0.33632857,1.5862923,1.0,5.0,0.0,0.0,0.0
Ru-AHK,502,-2.9845665,-1.0169731,0.0,0.0,2.0,0.0,0.0
Ru-AHK,503,-4.713413,0.32175243,0.0,0.0,0.0,5.0,5.0
Ru-AHK,504,-2.074931,4.082685,1.0,5.0,0.0,5.0,5.0
Ru-AHK,505,-2.8631313,-1.8101913,0.0,0.0,0.0,0.0,0.0
Ru-AHK,506,7.6704264,-3.363847,1.0,5.0,0.0,1.0,0.0
Ru-AHK,507,-2.5048087,0.3059699,0.0,0.0,0.0,4.0,5.0
Ru-AHK,508,-3.7906044,-0.70607704,0.0,0.0,0.0,5.0,5.0
Ru-AHK,509,4.03621,1.7834351,1.0,5.0,5.0,0.0,1.0
Ru-AHK,510,4.584319,1.2345254,1.0,5.0,0.0,5.0,0.0
Ru-AHK,511,4.793864,1.3096536,1.0,5.0,0.0,5.0,0.0
Ru-AHK,512,4.706974,1.2885998,1.0,5.0,0.0,5.0,0.0
Ru-AHK,513,4.5837693,1.2341608,1.0,5.0,0.0,5.0,0.0
Ru-AHK,514,10.116336,-1.1553426,1.0,5.0,0.0,5.0,0.0
Ru-AHK,515,4.793314,1.3092889,1.0,5.0,0.0,5.0,0.0
Ru-AHK,516,4.3673606,1.1973169,1.0,5.0,0.0,5.0,0.0
Ru-AHK,517,4.3235483,1.301594,1.0,5.0,0.0,5.0,0.0
Ru-AHK,518,0.8231438,0.7857295,1.0,5.0,0.0,5.0,0.0
Ru-AHK,519,3.1771832,0.87845623,1.0,5.0,5.0,5.0,0.0
Ru-AHK,520,0.9044958,0.90696996,1.0,5.0,0.0,5.0,0.0
Ru-AHK,521,-3.966582,-0.05879418,0.0,0.0,0.0,0.0,0.0
Ru-AHK,522,0.9669457,0.85541654,1.0,5.0,0.0,5.0,0.0
Ru-AHK,523,-6.41554,-1.4152082,0.0,0.0,0.0,0.0,0.0
Ru-AHK,524,-2.705582,-1.6678133,0.0,0.0,0.0,0.0,0.0
Ru-AHK,525,-0.7484353,4.0078487,1.0,5.0,0.0,1.0,0.0
Ru-AHK,526,-3.78744,-1.5984589,0.0,0.0,0.0,4.0,0.0
Ru-AHK,527,11.093448,-6.7416773,1.0,5.0,0.0,0.0,0.0
Ru-AHK,528,6.6964383,-2.9344308,1.0,5.0,0.0,1.0,0.0
Ru-AHK,529,-5.5563745,-0.7865408,0.0,0.0,0.0,0.0,5.0
Ru-AHK,530,1.7209728,2.4179661,1.0,5.0,5.0,0.0,5.0
Ru-AHK,531,-5.8947783,-1.1492825,0.0,0.0,0.0,0.0,0.0
Ru-AHK,532,-5.8050447,-1.717704,0.0,0.0,0.0,0.0,3.0
Ru-AHK,533,10.436305,-0.46067795,1.0,5.0,0.0,5.0,0.0
Ru-AHK,534,0.42129523,-2.438266,0.0,0.0,0.0,4.0,4.0
Ru-AHK,535,-3.8059819,-0.6841201,0.0,0.0,0.0,5.0,5.0
Ru-AHK,536,-2.066571,-1.8278272,0.0,0.0,0.0,5.0,0.0
Ru-AHK,537,-5.659007,-0.35872263,0.0,0.0,0.0,0.0,5.0
Ru-AHK,538,-2.8864474,-1.2636282,0.0,0.0,5.0,0.0,4.0
Ru-AHK,539,19.827393,-15.849578,0.0,0.0,0.0,0.0,0.0
Ru-AHK,540,11.659579,-7.0127296,0.0,0.0,0.0,0.0,0.0
Ru-AHK,541,20.488169,-15.56984,0.0,0.0,0.0,0.0,0.0
Ru-AHK,542,18.515625,-16.290642,0.0,0.0,0.0,0.0,0.0
Ru-AHK,543,16.357798,-13.818272,0.0,0.0,0.0,0.0,0.0
Ru-AHK,544,19.383717,-16.283947,0.0,0.0,0.0,0.0,0.0
Ru-AHK,545,16.867462,-13.3022785,0.0,0.0,0.0,0.0,0.0
Ru-AHK,546,20.93396,-16.212093,0.0,0.0,0.0,0.0,0.0
Ru-AHK,547,19.885662,-16.222235,0.0,0.0,0.0,0.0,0.0
Ru-AHK,548,18.541626,-16.320654,0.0,0.0,0.0,0.0,0.0
Ru-AHK,549,20.096226,-16.317478,0.0,0.0,0.0,0.0,0.0
Ru-AHK,550,-3.7934952,-1.5967227,0.0,0.0,0.0,4.0,0.0
Ru-AHK,551,-0.06591436,4.2239895,1.0,5.0,5.0,1.0,0.0
Ru-AHK,552,16.877779,-14.260922,0.0,0.0,0.0,0.0,0.0
Ru-AHK,553,20.140038,-16.421753,0.0,0.0,0.0,0.0,0.0
Ru-AHK,554,16.20919,-12.773567,0.0,0.0,0.0,0.0,0.0
Ru-AHK,555,0.3344234,-2.3743484,0.0,0.0,0.0,4.0,0.0
Ru-AHK,556,-3.968936,1.4278698,0.0,0.0,0.0,5.0,5.0
Ru-AHK,557,-3.9214115,-1.5093515,0.0,0.0,0.0,4.0,0.0
Ru-AHK,558,11.342003,-7.1397343,1.0,5.0,0.0,5.0,0.0
Ru-AHK,559,10.887316,-6.9334173,1.0,5.0,0.0,0.0,0.0
Ru-AHK,560,-3.9798915,1.4447211,0.0,0.0,0.0,5.0,5.0
Ru-AHK,561,-1.9866639,-2.9228005,0.0,0.0,5.0,0.0,0.0
Ru-AHK,562,-5.3797607,0.2353825,0.0,0.0,0.0,5.0,5.0
Ru-AHK,563,-2.0671496,-1.8282107,0.0,0.0,0.0,5.0,0.0
Ru-AHK,564,-5.608769,-1.2951528,0.0,0.0,3.0,0.0,0.0
Ru-AHK,565,-5.516301,-1.3365644,0.0,0.0,0.0,0.0,5.0
Ru-AHK,566,-4.8448906,-1.4788952,0.0,0.0,3.0,0.0,0.0
Ru-AHK,567,-5.540279,-1.6414685,0.0,0.0,0.0,0.0,0.0
Ru-AHK,568,-5.0518928,-1.2332087,0.0,0.0,3.0,0.0,0.0
Ru-AHK,569,-6.337975,-1.3899786,0.0,0.0,0.0,0.0,0.0
Ru-AHK,570,-1.6501411,-1.262448,0.0,0.0,0.0,0.0,0.0
Ru-AHK,571,-4.0817904,-0.5791288,0.0,0.0,0.0,0.0,0.0
Ru-AHK,572,-0.21760005,-1.7160759,0.0,0.0,0.0,0.0,0.0
Ru-AHK,573,-1.5650274,2.0152957,1.0,5.0,5.0,1.0,0.0
Ru-AHK,574,-0.47254503,1.7336485,1.0,5.0,0.0,1.0,0.0
Ru-AHK,575,-1.5650274,2.0152957,1.0,5.0,5.0,1.0,0.0
Ru-AHK,576,-0.559434,1.7125937,1.0,5.0,0.0,1.0,0.0
Ru-AHK,577,-0.7923074,1.7500116,1.0,5.0,0.0,1.0,0.0
Ru-AHK,578,-5.5451283,-1.3269223,0.0,0.0,0.0,0.0,5.0
Ru-AHK,579,-3.9346185,-1.7220439,0.0,0.0,0.0,0.0,5.0
Ru-AHK,580,-5.461203,-1.293331,0.0,0.0,0.0,0.0,5.0
Ru-AHK,581,11.093448,-6.7416773,1.0,5.0,0.0,0.0,0.0
Ru-AHK,582,2.8568997,1.6323903,1.0,5.0,5.0,0.0,0.0
Ru-AHK,583,-5.390715,0.25223437,0.0,0.0,0.0,5.0,5.0
Ru-AHK,584,-4.4918675,0.8549584,0.0,0.0,0.0,0.0,0.0
Ru-AHK,585,7.284418,-5.70107,0.0,0.0,0.0,0.0,0.0
Ru-AHK,586,-5.0342216,1.9969698,0.0,0.0,0.0,0.0,0.0
Ru-AHK,587,-2.6011536,-0.3561736,0.0,0.0,0.0,0.0,0.0
Ru-AHK,588,-2.314747,-0.31568876,0.0,0.0,5.0,0.0,0.0
Ru-AHK,589,7.2569895,-5.6483765,0.0,0.0,0.0,0.0,0.0
Ru-AHK,590,7.303294,-7.431819,0.0,0.0,0.0,0.0,0.0
Ru-AHK,591,7.284418,-5.70107,0.0,0.0,0.0,0.0,0.0
Ru-AHK,592,-1.1843494,-0.53679013,0.0,0.0,5.0,0.0,0.0
Ru-AHK,593,-5.7586884,0.14758193,0.0,0.0,0.0,0.0,0.0
Ru-AHK,594,-5.052554,-0.24041966,0.0,0.0,0.0,0.0,0.0
Ru-AHK,595,-5.716609,0.50116324,0.0,0.0,0.0,0.0,0.0
Ru-AHK,596,-5.710033,0.30585068,0.0,0.0,0.0,0.0,0.0
Ru-AHK,597,-1.4053496,1.3874999,0.0,0.0,5.0,0.0,0.0
Ru-AHK,598,-1.7774246,-0.11745072,0.0,0.0,3.0,0.0,0.0
Ru-AHK,599,-0.615947,-0.87671435,0.0,0.0,0.0,0.0,0.0
Ru-AHK,600,-0.82465243,-0.4478217,0.0,0.0,4.0,0.0,0.0
Ru-AHK,601,-5.7958956,-0.59933203,0.0,0.0,2.0,0.0,0.0
Ru-AHK,602,-3.8687189,0.3382725,0.0,0.0,5.0,0.0,0.0
Ru-AHK,603,-1.0252302,0.14842434,0.0,0.0,5.0,0.0,0.0
Ru-AHK,604,-4.7592015,0.5305594,0.0,0.0,5.0,0.0,0.0
Ru-AHK,605,-4.718125,2.030428,0.0,0.0,4.0,0.0,0.0
Ru-AHK,606,10.632429,16.011457,0.0,0.0,0.0,0.0,0.0
Ru-AHK,607,12.661485,21.051746,1.0,5.0,5.0,5.0,0.0
Ru-AHK,608,12.767891,21.069878,1.0,5.0,3.0,5.0,0.0
Ru-AHK,609,12.681002,21.048824,1.0,5.0,5.0,5.0,0.0
Ru-AHK,610,12.42757,20.991358,1.0,5.0,3.0,5.0,0.0
Ru-AHK,611,10.996004,15.890816,0.0,0.0,0.0,0.0,0.0
Ru-AHK,612,3.0404334,-3.224347,0.0,0.0,0.0,4.0,0.0
Ru-AHK,613,12.798709,20.75734,1.0,5.0,1.0,5.0,0.0
Ru-AHK,614,12.524395,21.112974,1.0,5.0,4.0,5.0,0.0
Ru-AHK,615,12.024105,20.849504,1.0,5.0,4.0,5.0,0.0
Ru-AHK,616,-0.9977572,-2.7719746,0.0,0.0,0.0,0.0,0.0
Ru-AHK,617,-1.5517787,-3.0548391,0.0,0.0,5.0,0.0,0.0
Ru-AHK,618,18.10931,16.366814,1.0,5.0,0.0,5.0,0.0
Ru-AHK,619,19.104084,16.031813,1.0,5.0,0.0,5.0,0.0
Ru-AHK,620,-2.099149,4.089631,1.0,5.0,0.0,5.0,5.0
Ru-AHK,621,-2.4377992,-1.2623464,0.0,0.0,0.0,0.0,0.0
Ru-AHK,622,-3.2168784,-0.020431384,0.0,0.0,0.0,0.0,0.0
Ru-AHK,623,-3.1367571,0.008337642,0.0,0.0,0.0,0.0,0.0
Ru-AHK,624,-3.7601025,2.5660257,0.0,0.0,4.0,0.0,0.0
Ru-AHK,625,-4.3083563,0.9055064,0.0,0.0,0.0,0.0,0.0
Ru-AHK,626,-0.66432595,-1.610771,0.0,0.0,5.0,0.0,1.0
Ru-AHK,627,-5.7776313,0.3838838,0.0,0.0,0.0,0.0,0.0
Ru-AHK,628,-5.7620316,0.36587626,0.0,0.0,0.0,0.0,0.0
Ru-AHK,629,-3.4249654,-1.5894473,0.0,0.0,2.0,0.0,5.0
Ru-AHK,630,-3.16488,-0.08045657,0.0,0.0,0.0,0.0,0.0
Ru-AHK,631,-3.261182,-0.0039469553,0.0,0.0,0.0,0.0,0.0
Ru-AHK,632,12.737505,-11.807536,0.0,0.0,0.0,4.0,0.0
Ru-AHK,633,17.919844,-16.402348,0.0,0.0,0.0,4.0,0.0
Ru-AHK,634,-3.1935146,-0.099448316,0.0,0.0,0.0,0.0,0.0
Ru-AHK,635,-4.8369546,-1.9301902,0.0,0.0,2.0,0.0,5.0
Ru-AHK,636,-5.5029297,-1.3116015,0.0,0.0,0.0,0.0,5.0
Ru-AHK,637,-3.4162953,-2.2467017,0.0,0.0,0.0,0.0,0.0
Ru-AHK,638,-2.163381,-1.8245727,0.0,0.0,0.0,0.0,0.0
Ru-AHK,639,-3.4743192,-0.046889685,0.0,0.0,0.0,0.0,5.0
Ru-AHK,640,4.8956523,-4.6264997,0.0,0.0,0.0,0.0,0.0
Ru-AHK,641,-2.6004338,-1.0427309,0.0,0.0,3.0,0.0,0.0
Ru-AHK,642,-4.6685414,-2.109617,0.0,0.0,2.0,0.0,5.0
Ru-AHK,643,11.342003,-7.1397343,1.0,5.0,0.0,5.0,0.0
Ru-AHK,644,-4.8904,-1.4051298,0.0,0.0,2.0,0.0,5.0
Ru-AHK,645,6.559808,-6.526024,0.0,0.0,0.0,0.0,0.0
Ru-AHK,646,-2.7311356,-0.9595075,0.0,0.0,4.0,0.0,0.0
Ru-AHK,647,-4.199237,-1.6398492,0.0,0.0,0.0,0.0,0.0
Ru-AHK,648,-2.099149,4.089631,1.0,5.0,0.0,5.0,5.0
Ru-AHK,649,0.96434265,0.85369104,1.0,5.0,0.0,5.0,0.0
Ru-AHK,650,1.1855346,-0.20659758,1.0,5.0,3.0,5.0,5.0
Ru-AHK,651,11.6280155,-7.2856054,1.0,5.0,0.0,5.0,0.0
Ru-AHK,652,8.247392,14.083037,0.0,0.0,5.0,4.0,0.0
Ru-AHK,653,-3.6905153,-0.68912524,0.0,0.0,4.0,1.0,5.0
Ru-AHK,654,-4.298246,-0.5512752,0.0,0.0,0.0,1.0,5.0
Ru-AHK,655,-4.0264425,-1.329734,0.0,0.0,0.0,0.0,0.0
Ru-AHK,656,-5.646439,-1.7449878,0.0,0.0,2.0,0.0,0.0
Ru-AHK,657,-5.3073244,-1.638275,0.0,0.0,0.0,0.0,5.0
Ru-AHK,658,-4.946524,-1.4301543,0.0,0.0,5.0,0.0,5.0
Ru-AHK,659,-3.5595,-2.619973,0.0,0.0,0.0,0.0,0.0
Ru-AHK,660,-5.4099565,-1.2104567,0.0,0.0,0.0,0.0,5.0
Ru-AHK,661,-5.947439,-1.8946712,0.0,0.0,0.0,0.0,3.0
Ru-AHK,662,-1.3266939,-2.683613,0.0,0.0,0.0,0.0,0.0
Ru-AHK,663,3.6086519,0.8577706,1.0,5.0,0.0,5.0,0.0
Ru-AHK,664,9.567936,-7.4732537,0.0,0.0,0.0,0.0,0.0
Ru-AHK,665,-4.5259447,-1.1421136,0.0,0.0,5.0,0.0,5.0
Ru-AHK,666,-4.221654,-1.9678026,0.0,0.0,2.0,0.0,5.0
Ru-AHK,667,2.94391,1.7992771,1.0,5.0,5.0,0.0,5.0
Ru-AHK,668,-3.392082,-0.98672515,0.0,0.0,5.0,0.0,4.0
Ru-AHK,669,-4.6770597,-1.100828,0.0,0.0,0.0,0.0,4.0
Ru-AHK,670,-4.6250606,-1.1608537,0.0,0.0,0.0,0.0,4.0
Ru-AHK,671,10.949256,-7.122565,1.0,5.0,0.0,5.0,0.0
Ru-AHK,672,-1.4666904,-0.818242,0.0,0.0,0.0,0.0,0.0
Ru-AHK,673,11.584203,-7.181329,1.0,5.0,0.0,5.0,0.0
Ru-AHK,674,-5.8096437,-1.6369646,0.0,0.0,0.0,0.0,0.0
Ru-AHK,675,-4.4246893,-1.4491358,0.0,0.0,0.0,0.0,0.0
Ru-AHK,676,-4.5013666,-1.1608422,0.0,0.0,0.0,4.0,0.0
Ru-AHK,677,5.5793104,13.99731,0.0,0.0,0.0,4.0,0.0
Ru-AHK,678,5.66798,-2.5400195,1.0,5.0,0.0,1.0,0.0
Ru-AHK,679,-0.4287334,1.6293703,1.0,5.0,0.0,1.0,0.0
Ru-AHK,680,-6.3040485,-1.51136,0.0,0.0,0.0,0.0,0.0
Ru-AHK,681,-3.9666972,-0.058870796,0.0,0.0,0.0,0.0,0.0
Ru-AHK,682,11.049898,-7.3586936,1.0,5.0,0.0,5.0,0.0
Ru-AHK,683,-2.050713,4.075738,1.0,5.0,0.0,5.0,5.0
Ru-AHK,684,10.247034,-1.2385654,1.0,5.0,0.0,5.0,0.0
Ru-AHK,685,4.453544,1.2311344,1.0,5.0,0.0,5.0,0.0
Ru-AHK,686,4.837676,1.2053771,1.0,5.0,0.0,5.0,0.0
Ru-AHK,687,10.189633,-1.269432,1.0,5.0,0.0,5.0,0.0
Ru-AHK,688,4.837676,1.2053771,1.0,5.0,0.0,5.0,0.0
Ru-AHK,689,5.1274447,1.4386872,1.0,5.0,5.0,5.0,0.0
Ru-AHK,690,10.496918,-6.708068,1.0,5.0,0.0,5.0,0.0
Ru-AHK,691,-5.7472806,-1.395782,0.0,0.0,0.0,0.0,0.0
Ru-AHK,692,-2.6634407,-1.3489758,0.0,0.0,0.0,0.0,0.0
Ru-AHK,693,2.7094274,1.8860718,1.0,5.0,3.0,0.0,1.0
Ru-AHK,694,-2.4534776,-0.0076543204,0.0,0.0,0.0,0.0,0.0
Ru-AHK,695,-3.6547017,-1.0223331,0.0,0.0,0.0,0.0,0.0
Ru-AHK,696,-3.5581467,-1.0869184,0.0,0.0,0.0,0.0,0.0
Ru-AHK,697,16.956867,-13.457115,0.0,0.0,0.0,0.0,0.0
Ru-AHK,698,11.63106,-9.630709,0.0,0.0,0.0,0.0,0.0
Ru-AHK,699,11.685412,-9.505653,0.0,0.0,0.0,0.0,0.0
Ru-AHK,700,0.71931773,4.0953755,1.0,5.0,5.0,5.0,0.0
Ru-AHK,701,0.29061338,4.4961643,1.0,5.0,5.0,5.0,0.0
Ru-AHK,702,-2.0743816,-1.6938087,0.0,0.0,0.0,0.0,0.0
Ru-AHK,703,-2.443616,-0.37880185,0.0,0.0,0.0,0.0,0.0
Ru-AHK,704,-1.7116853,0.12054815,0.0,0.0,1.0,0.0,0.0
Ru-AHK,705,10.735296,-9.214148,0.0,0.0,0.0,0.0,0.0
Ru-AHK,706,19.755905,-16.396,0.0,0.0,0.0,0.0,0.0
Ru-AHK,707,19.673676,-16.412424,0.0,0.0,0.0,0.0,0.0
Ru-AHK,708,-2.836364,-0.3616321,0.0,0.0,0.0,0.0,0.0
Ru-AHK,709,-2.4438686,-0.37897047,0.0,0.0,0.0,0.0,0.0
Ru-AHK,710,-3.50554,-1.7496321,0.0,0.0,0.0,0.0,5.0
Ru-AHK,711,-2.3884618,-0.45126855,0.0,0.0,0.0,0.0,0.0
Ru-AHK,712,19.72915,-16.275715,0.0,0.0,0.0,0.0,0.0
Ru-AHK,713,19.61806,-16.184849,0.0,0.0,0.0,0.0,0.0
Ru-AHK,714,-3.5377963,0.22774307,0.0,0.0,0.0,4.0,5.0
Ru-AHK,715,-4.3669243,-1.1272137,0.0,0.0,0.0,0.0,0.0
Ru-AHK,716,-6.2366085,-1.3842049,0.0,0.0,0.0,0.0,0.0
Ru-AHK,717,5.5855093,-3.840394,1.0,5.0,0.0,5.0,0.0
Ru-AHK,718,-3.8345225,-1.4882979,0.0,0.0,0.0,4.0,0.0
Ru-AHK,719,-4.705716,-1.3917099,0.0,0.0,5.0,0.0,5.0
Ru-AHK,720,-2.9800174,-2.3578777,0.0,0.0,0.0,0.0,0.0
Ru-AHK,721,-4.713732,-1.3816684,0.0,0.0,5.0,0.0,5.0
Ru-AHK,722,-4.651984,-1.4553128,0.0,0.0,5.0,0.0,5.0
Ru-AHK,723,-5.473231,-1.4344903,0.0,0.0,0.0,0.0,5.0
Ru-AHK,724,-5.052777,-1.2321881,0.0,0.0,3.0,0.0,0.0
Ru-AHK,725,-5.109657,-1.555131,0.0,0.0,3.0,0.0,5.0
Ru-AHK,726,-4.484742,-0.5210799,0.0,0.0,0.0,5.0,5.0
Ru-AHK,727,-5.4640822,-0.31611764,0.0,0.0,1.0,0.0,5.0
Ru-AHK,728,-4.7815614,-0.0999768,0.0,0.0,5.0,0.0,5.0
Ru-AHK,729,-5.2894077,-0.89140445,0.0,0.0,0.0,0.0,5.0
Ru-AHK,730,5.3980684,-4.9766245,0.0,0.0,0.0,0.0,0.0
Ru-AHK,731,-3.3618712,2.5878117,0.0,0.0,0.0,0.0,0.0
Ru-AHK,732,6.2781525,12.561261,0.0,0.0,0.0,0.0,0.0
Ru-AHK,733,-5.782831,0.3898867,0.0,0.0,0.0,0.0,0.0
Ru-AHK,734,-2.5815,-0.60712665,0.0,0.0,5.0,0.0,0.0
Ru-AHK,735,-2.314747,-0.31568876,0.0,0.0,5.0,0.0,0.0
Ru-AHK,736,-5.3010325,-0.8649702,0.0,0.0,0.0,0.0,1.0
Ru-AHK,737,-5.364158,0.33964792,0.0,0.0,0.0,0.0,0.0
Ru-AHK,738,-5.623479,0.3204697,0.0,0.0,4.0,0.0,0.0
Ru-AHK,739,-3.3987901,2.797571,0.0,0.0,5.0,0.0,0.0
Ru-AHK,740,-1.3212515,1.3567902,0.0,0.0,0.0,0.0,0.0
Ru-AHK,741,-5.131785,-1.3320044,0.0,0.0,0.0,0.0,5.0
Ru-AHK,742,-4.7176814,0.50692344,0.0,0.0,5.0,0.0,0.0
Ru-AHK,743,-3.152446,0.73362,0.0,0.0,5.0,0.0,0.0
Ru-AHK,744,-4.624077,2.069863,0.0,0.0,0.0,0.0,0.0
Ru-AHK,745,-5.7776313,0.3838838,0.0,0.0,0.0,0.0,0.0
Ru-AHK,746,-3.8895154,1.0441432,0.0,0.0,5.0,0.0,0.0
Ru-AHK,747,19.234781,15.948586,1.0,5.0,0.0,5.0,0.0
Ru-AHK,748,12.964998,21.103445,1.0,5.0,4.0,5.0,0.0
Ru-AHK,749,19.234781,15.948586,1.0,5.0,0.0,5.0,0.0
Ru-AHK,750,-0.44780618,2.2589297,0.0,0.0,0.0,0.0,0.0
Ru-AHK,751,-3.2944448,-0.045660686,0.0,0.0,0.0,0.0,0.0
Ru-AHK,752,19.128706,15.834489,1.0,5.0,0.0,5.0,0.0
Ru-AHK,753,20.030626,15.731349,1.0,5.0,0.0,5.0,0.0
Ru-AHK,754,18.63391,16.60222,1.0,5.0,0.0,5.0,0.0
Ru-AHK,755,-5.780234,0.38215742,0.0,0.0,0.0,0.0,0.0
Ru-AHK,756,-3.5673127,0.4958472,0.0,0.0,5.0,5.0,5.0
Ru-AHK,757,12.858766,20.534264,1.0,5.0,4.0,5.0,0.0
Ru-AHK,758,-5.4771295,0.57648313,0.0,0.0,0.0,0.0,0.0
Ru-AHK,759,-5.7776313,0.3838838,0.0,0.0,0.0,0.0,0.0
Ru-AHK,760,-5.416108,0.69376254,0.0,0.0,0.0,0.0,0.0
Ru-AHK,761,-5.8304825,-1.3039054,0.0,0.0,0.0,0.0,0.0
Ru-AHK,762,13.4358225,20.475672,1.0,5.0,5.0,5.0,0.0
Ru-AHK,763,-2.545132,-2.4899163,0.0,0.0,0.0,0.0,0.0
Ru-AHK,764,-2.462198,-2.4192328,0.0,0.0,0.0,0.0,0.0
Ru-AHK,765,-2.4084663,-2.4828353,0.0,0.0,0.0,0.0,0.0
Ru-AHK,766,-0.26464385,1.2214353,0.0,0.0,0.0,0.0,0.0
Ru-AHK,767,-1.9642154,1.2185755,0.0,0.0,0.0,0.0,0.0
Ru-AHK,768,-2.4702144,-2.4091911,0.0,0.0,0.0,0.0,0.0
Ru-AHK,769,10.709994,16.036684,0.0,0.0,0.0,0.0,0.0
Ru-AHK,770,-2.9830678,-2.3581371,0.0,0.0,1.0,0.0,0.0
Ru-AHK,771,-2.9829228,-2.3580408,0.0,0.0,1.0,0.0,0.0
Ru-AHK,772,11.187026,15.982057,0.0,0.0,0.0,0.0,0.0
Ru-AHK,773,-2.6824267,-2.7116678,0.0,0.0,0.0,0.0,0.0
Ru-AHK,774,-3.4421325,-2.5611203,0.0,0.0,0.0,0.0,0.0
Ru-AHK,775,5.155828,-7.0747385,0.0,0.0,0.0,0.0,0.0
Ru-AHK,776,-3.5975564,-2.4985495,0.0,0.0,0.0,0.0,0.0
Ru-AHK,777,-2.3116765,-2.0273979,0.0,0.0,0.0,0.0,0.0
Ru-AHK,778,6.563708,-6.530525,0.0,0.0,0.0,0.0,0.0
Ru-AHK,779,2.8320663,1.1465977,1.0,5.0,0.0,5.0,0.0
Ru-AHK,780,1.0358742,0.9417504,1.0,5.0,0.0,5.0,0.0
Ru-AHK,781,1.401495,0.96990377,1.0,5.0,0.0,5.0,0.0
Ru-AHK,782,-3.966842,-0.05896672,0.0,0.0,0.0,0.0,0.0
Ru-AHK,783,2.8891046,-5.689687,0.0,0.0,0.0,4.0,0.0
Ru-AHK,784,-2.099149,4.089631,1.0,5.0,0.0,5.0,5.0
Ru-AHK,785,-4.159923,-1.3729007,0.0,0.0,0.0,0.0,0.0
Ru-AHK,786,-2.0301268,4.0698338,1.0,5.0,0.0,5.0,5.0
Ru-AHK,787,-3.077637,-1.8488296,0.0,0.0,0.0,0.0,0.0
Ru-AHK,788,-2.2387083,-1.6919065,0.0,0.0,0.0,0.0,0.0
Ru-AHK,789,-5.759466,0.378674,0.0,0.0,0.0,0.0,0.0
Ru-AHK,790,-4.5268292,-1.1410928,0.0,0.0,5.0,0.0,5.0
Ru-AHK,791,-6.051965,-1.5358489,0.0,0.0,3.0,0.0,0.0
Ru-AHK,792,-5.074194,-1.6546566,0.0,0.0,2.0,0.0,0.0
Ru-AHK,793,-6.220513,-1.8595641,0.0,0.0,1.0,0.0,0.0
Ru-AHK,794,-2.5741124,-0.040411074,0.0,0.0,4.0,0.0,0.0
Ru-AHK,795,-3.9346185,-1.7220439,0.0,0.0,0.0,0.0,5.0
Ru-AHK,796,-3.5028706,-1.7889599,0.0,0.0,0.0,0.0,5.0
Ru-AHK,797,-3.2558568,-1.8850838,0.0,0.0,1.0,0.0,0.0
Ru-AHK,798,-6.010998,-1.7844551,0.0,0.0,5.0,0.0,0.0
Ru-AHK,799,-6.220542,-1.8595833,0.0,0.0,1.0,0.0,0.0
Ru-AHK,800,-5.0950203,-2.3069913,0.0,0.0,0.0,0.0,0.0
Ru-AHK,801,2.4715648,7.0001616,1.0,5.0,5.0,5.0,0.0
Ru-AHK,802,-3.5418677,-1.7392131,0.0,0.0,0.0,0.0,5.0
Ru-AHK,803,11.093448,-6.7416773,1.0,5.0,0.0,0.0,0.0
Ru-AHK,804,-3.6423097,-1.3554916,0.0,0.0,4.0,0.0,0.0
Ru-AHK,805,-4.894681,-1.3836055,0.0,0.0,0.0,0.0,0.0
Ru-AHK,806,-3.311489,-2.133477,0.0,0.0,0.0,0.0,5.0
Ru-AHK,807,-1.5650274,2.0152957,1.0,5.0,5.0,1.0,0.0
Ru-AHK,808,-3.175181,-1.9515803,0.0,0.0,0.0,0.0,0.0
Ru-AHK,809,-5.809166,-1.4803097,0.0,0.0,0.0,0.0,1.0
Ru-AHK,810,-4.5240574,-2.5196981,0.0,0.0,0.0,0.0,0.0
Ru-AHK,811,-2.7794528,-2.9528391,0.0,0.0,0.0,0.0,0.0
Ru-AHK,812,-4.094843,-2.162412,0.0,0.0,0.0,0.0,0.0
Ru-AHK,813,-0.4286728,3.9914849,1.0,5.0,4.0,1.0,0.0
Ru-AHK,814,11.342003,-7.1397343,1.0,5.0,0.0,5.0,0.0
Ru-AHK,815,11.342003,-7.1397343,1.0,5.0,0.0,5.0,0.0
Ru-AHK,816,-3.9666972,-0.058870796,0.0,0.0,0.0,0.0,0.0
Ru-AHK,817,-2.2814882,-0.70594954,0.0,0.0,5.0,0.0,0.0
Ru-AHK,818,3.0434484,0.18422948,1.0,5.0,0.0,1.0,0.0
Ru-AHK,819,2.8891046,-5.689687,0.0,0.0,0.0,4.0,0.0
Ru-AHK,820,1.4662496,0.33094802,1.0,5.0,5.0,0.0,1.0
Ru-AHK,821,1.309511,-0.46467075,1.0,5.0,5.0,5.0,5.0
Ru-AHK,822,-3.708363,0.53739655,0.0,0.0,5.0,0.0,0.0
Ru-AHK,823,-1.9688749,-0.8148224,0.0,0.0,0.0,0.0,0.0
Ru-AHK,824,-3.978734,-0.055349883,0.0,0.0,0.0,0.0,0.0
Ru-AHK,825,-4.0043664,-0.35660994,0.0,0.0,0.0,0.0,0.0
Ru-AHK,826,0.9162236,0.5555139,1.0,5.0,3.0,0.0,0.0
Ru-AHK,827,11.025424,-6.713597,1.0,5.0,0.0,0.0,0.0
Ru-AHK,828,-5.2093496,-1.3572335,0.0,0.0,0.0,0.0,5.0
Ru-AHK,829,-5.7330184,-1.1990675,0.0,0.0,5.0,0.0,0.0
Ru-AHK,830,-5.975996,-1.2389807,0.0,0.0,0.0,0.0,0.0
Ru-AHK,831,-2.9679737,-1.6454421,0.0,0.0,0.0,0.0,0.0
Ru-AHK,832,10.020346,-7.0021853,0.0,0.0,0.0,0.0,0.0
Ru-AHK,833,12.371183,-7.960444,0.0,0.0,0.0,0.0,0.0
Ru-AHK,834,-1.9819226,-0.4201959,0.0,0.0,0.0,0.0,0.0
Ru-AHK,835,-2.153844,-0.14549103,0.0,0.0,5.0,0.0,0.0
Ru-AHK,836,-2.939276,0.93251526,0.0,0.0,0.0,0.0,0.0
Ru-AHK,837,-2.4305184,-0.39374417,0.0,0.0,0.0,0.0,0.0
Ru-AHK,838,-2.836364,-0.3616321,0.0,0.0,0.0,0.0,0.0
Ru-AHK,839,-2.3270986,-0.514179,0.0,0.0,0.0,0.0,0.0
Ru-AHK,840,19.755905,-16.396,0.0,0.0,0.0,0.0,0.0
Ru-AHK,841,6.5440664,-6.521509,0.0,0.0,0.0,0.0,0.0
Ru-AHK,842,10.657146,-7.3415217,1.0,5.0,0.0,5.0,0.0
Ru-AHK,843,-3.967131,-0.059158705,0.0,0.0,0.0,0.0,0.0
Ru-AHK,844,0.5421623,0.57100844,1.0,5.0,0.0,5.0,0.0
Ru-AHK,845,10.243732,17.786402,1.0,5.0,4.0,5.0,0.0
Ru-AHK,846,-6.333088,-1.9921113,0.0,0.0,0.0,0.0,0.0
Ru-AHK,847,-4.6340694,-1.2383815,0.0,0.0,0.0,0.0,4.0
Ru-AHK,848,-2.4848177,-1.7017571,0.0,0.0,5.0,0.0,0.0
Ru-AHK,849,-3.6118016,-4.104063,0.0,0.0,0.0,4.0,0.0
Ru-AHK,850,4.0171275,1.100429,1.0,5.0,2.0,5.0,0.0
Ru-AHK,851,4.3673606,1.1973169,1.0,5.0,0.0,5.0,0.0
Ru-AHK,852,9.9036255,-1.1235623,1.0,5.0,0.0,5.0,0.0
Ru-AHK,853,4.171916,1.3534102,1.0,5.0,0.0,5.0,0.0
Ru-AHK,854,4.1329165,1.3984301,1.0,5.0,0.0,5.0,0.0
Ru-AHK,855,4.131823,1.2231143,1.0,5.0,0.0,5.0,0.0
Ru-AHK,856,4.283975,2.08983,1.0,5.0,0.0,5.0,5.0
Ru-AHK,857,4.158916,1.3684165,1.0,5.0,0.0,5.0,0.0
Ru-AHK,858,-5.3396378,-1.7273822,0.0,0.0,0.0,0.0,5.0
Ru-AHK,859,-1.2308198,-3.0417063,0.0,0.0,0.0,0.0,0.0
Ru-AHK,860,11.273982,-7.1116543,1.0,5.0,0.0,5.0,0.0
Ru-AHK,861,6.581761,-6.1715765,0.0,0.0,0.0,0.0,0.0
Ru-AHK,862,-4.3669243,-1.1272137,0.0,0.0,0.0,0.0,0.0
Ru-AHK,863,11.6280155,-7.2856054,1.0,5.0,0.0,5.0,0.0
Ru-AHK,864,-2.9618473,-1.6471311,0.0,0.0,0.0,0.0,0.0
Ru-AHK,865,-2.378491,2.3484602,0.0,0.0,0.0,0.0,0.0
Ru-AHK,866,-1.6959696,2.5646014,0.0,0.0,5.0,0.0,0.0
Ru-AHK,867,-2.6407437,-2.1264102,0.0,0.0,0.0,0.0,0.0
Ru-AHK,868,-3.5998702,-2.5000846,0.0,0.0,0.0,0.0,0.0
Ru-AHK,869,-4.9047523,-1.8594204,0.0,0.0,0.0,0.0,4.0
Ru-AHK,870,-2.974682,-0.062024508,0.0,0.0,4.0,0.0,0.0
Ru-AHK,871,-1.7265923,-0.04895638,0.0,0.0,1.0,0.0,0.0
Ru-AHK,872,-1.5606292,-0.69280833,0.0,0.0,0.0,0.0,0.0
Ru-AHK,873,-2.9308693,-0.16630132,0.0,0.0,3.0,0.0,0.0
Ru-AHK,874,-3.2424457,-0.10568613,0.0,0.0,0.0,0.0,0.0
Ru-AHK,875,7.3256254,-7.514251,0.0,0.0,0.0,0.0,0.0
Ru-AHK,876,-4.47678,-1.8859283,0.0,0.0,0.0,0.0,0.0
Ru-AHK,877,-3.0615706,-0.083078146,0.0,0.0,4.0,0.0,0.0
Ru-AHK,878,0.0022307963,-0.17951778,0.0,0.0,0.0,0.0,0.0
Ru-AHK,879,0.93296003,-2.4077532,0.0,0.0,0.0,0.0,0.0
Ru-AHK,880,-4.552512,0.92271584,0.0,0.0,0.0,0.0,0.0
Ru-AHK,881,-5.4771295,0.57648313,0.0,0.0,0.0,0.0,0.0
Ru-AHK,882,-4.308616,0.9053339,0.0,0.0,0.0,0.0,0.0
Ru-AHK,883,-2.1128654,0.56250256,0.0,0.0,0.0,0.0,0.0
Ru-AHK,884,7.250519,-7.4222946,0.0,0.0,0.0,0.0,0.0
Ru-AHK,885,12.681889,7.2598534,1.0,5.0,0.0,5.0,0.0
Ru-AHK,886,-3.6805472,0.61284333,0.0,0.0,0.0,0.0,0.0
Ru-AHK,887,-3.3059237,0.8899712,0.0,0.0,0.0,0.0,0.0
Ru-AHK,888,-4.630077,0.897486,0.0,0.0,0.0,0.0,0.0
Ru-AHK,889,-5.928604,-1.4240184,0.0,0.0,2.0,0.0,0.0
Ru-AHK,890,19.190971,16.052866,1.0,5.0,0.0,5.0,0.0
Ru-AHK,891,-3.31104,2.6563056,0.0,0.0,0.0,0.0,0.0
Ru-AHK,892,12.7971325,20.964767,1.0,5.0,4.0,5.0,0.0
Ru-AHK,893,12.543703,20.907307,1.0,5.0,4.0,5.0,0.0
Ru-AHK,894,-3.1166065,0.033589322,0.0,0.0,0.0,0.0,0.0
Ru-AHK,895,-3.835438,-1.3736542,0.0,0.0,0.0,0.0,0.0
Ru-AHK,896,-2.6119227,0.17048006,0.0,0.0,5.0,0.0,0.0
Ru-AHK,897,-2.1861637,-1.3056824,0.0,0.0,0.0,0.0,0.0
Ru-AHK,898,-3.9974878,-2.2025473,0.0,0.0,2.0,0.0,5.0
Ru-AHK,899,2.7173064,-3.8564496,0.0,0.0,2.0,4.0,0.0
Ru-AHK,900,19.707947,15.421648,1.0,5.0,0.0,5.0,0.0
Ru-AHK,901,-4.313337,-1.4755391,0.0,0.0,2.0,0.0,2.0
Ru-AHK,902,-5.14432,-0.3324817,0.0,0.0,5.0,0.0,0.0
Ru-AHK,903,-1.7656324,0.3524547,0.0,0.0,5.0,0.0,1.0
Ru-AHK,904,-5.386518,-0.29088813,0.0,0.0,0.0,0.0,5.0
Ru-AHK,905,-2.008128,-0.96583295,0.0,0.0,0.0,0.0,0.0
Ru-AHK,906,-0.19342391,-2.6217923,0.0,0.0,0.0,0.0,0.0
Ru-AHK,907,3.1535685,11.335497,0.0,0.0,0.0,4.0,0.0
Ru-AHK,908,2.9966853,1.7897516,1.0,5.0,5.0,0.0,4.0
Ru-AHK,909,10.949256,-7.122565,1.0,5.0,0.0,5.0,0.0
Ru-AHK,910,2.7780104,15.511325,1.0,5.0,5.0,1.0,0.0
Ru-AHK,911,-1.479693,1.686099,1.0,5.0,5.0,1.0,0.0
Ru-AHK,912,-4.4625244,-1.0621705,0.0,0.0,0.0,0.0,5.0
Ru-AHK,913,-3.9907992,-0.051848147,0.0,0.0,0.0,0.0,0.0
Ru-AHK,914,-4.732947,-0.89642715,0.0,0.0,5.0,0.0,5.0
Ru-AHK,915,-0.68632746,0.99183524,1.0,5.0,0.0,0.0,0.0
Ru-AHK,916,-0.09344321,-0.81313556,1.0,5.0,0.0,0.0,0.0
Ru-AHK,917,-6.28016,-2.0012205,0.0,0.0,0.0,0.0,0.0
Ru-AHK,918,-3.04606,-1.7533804,0.0,0.0,0.0,0.0,0.0
Ru-AHK,919,7.548814,14.365053,0.0,0.0,0.0,4.0,0.0
Ru-AHK,920,7.6228704,14.416858,0.0,0.0,0.0,4.0,0.0
Ru-AHK,921,4.6090493,-1.9845548,1.0,5.0,0.0,1.0,0.0
Ru-AHK,922,5.713419,-2.4950628,1.0,5.0,0.0,0.0,0.0
Ru-AHK,923,-0.12897809,-1.6092892,0.0,0.0,0.0,0.0,0.0
Ru-AHK,924,-5.747358,0.37520075,0.0,0.0,0.0,0.0,0.0
Ru-AHK,925,-4.9426837,-0.8977228,0.0,0.0,0.0,4.0,5.0
Ru-AHK,926,-2.397929,-1.6807039,0.0,0.0,5.0,0.0,0.0
Ru-AHK,927,1.5614353,7.6359606,1.0,5.0,5.0,5.0,0.0
Ru-AHK,928,-3.3865585,-1.8018602,0.0,0.0,4.0,0.0,0.0
Ru-AHK,929,4.1468067,1.3718896,1.0,5.0,0.0,5.0,0.0
Ru-AHK,930,-2.9679737,-1.6454421,0.0,0.0,0.0,0.0,0.0
Ru-AHK,931,-2.3037822,-0.42830873,0.0,0.0,0.0,0.0,0.0
Ru-AHK,932,-2.1400027,-0.12258548,0.0,0.0,5.0,0.0,0.0
Ru-AHK,933,12.692902,-7.952423,0.0,0.0,0.0,0.0,0.0
Ru-AHK,934,11.736233,-7.9016786,0.0,0.0,0.0,0.0,0.0
Ru-AHK,935,13.208917,-7.8550563,0.0,0.0,0.0,0.0,0.0
Ru-AHK,936,12.1289835,-7.9188485,0.0,0.0,0.0,0.0,0.0
Ru-AHK,937,12.418753,-7.6855407,0.0,0.0,0.0,0.0,0.0
Ru-AHK,938,19.885662,-16.222235,0.0,0.0,0.0,0.0,0.0
Ru-AHK,939,0.84391314,3.4625714,1.0,5.0,0.0,1.0,0.0
Ru-AHK,940,3.9795716,11.36784,0.0,0.0,5.0,4.0,0.0
Ru-AHK,941,-3.978806,-0.055397514,0.0,0.0,0.0,0.0,0.0
Ru-AHK,942,-1.4613508,1.7235576,1.0,5.0,5.0,1.0,0.0
Ru-AHK,943,-5.4054255,-1.6978234,0.0,0.0,0.0,0.0,0.0
Ru-AHK,944,11.273982,-7.1116543,1.0,5.0,0.0,5.0,0.0
Ru-AHK,945,-4.485536,-2.045058,0.0,0.0,2.0,0.0,5.0
Ru-AHK,946,-5.8272305,-1.0757605,0.0,0.0,0.0,0.0,0.0
Ru-AHK,947,-2.9679737,-1.6454421,0.0,0.0,0.0,0.0,0.0
Ru-AHK,948,11.049898,-7.3586936,1.0,5.0,0.0,5.0,0.0
Ru-AHK,949,6.556177,-6.5249815,0.0,0.0,0.0,0.0,0.0
Ru-AHK,950,-2.1088812,-1.6762277,0.0,0.0,0.0,0.0,0.0
Ru-AHK,951,-4.5472035,-1.0851301,0.0,0.0,0.0,0.0,5.0
Ru-AHK,952,-3.9861968,-0.036360957,0.0,0.0,0.0,0.0,0.0
Ru-AHK,953,6.62327,-6.889046,0.0,0.0,0.0,4.0,0.0
Ru-AHK,954,4.081351,1.3431875,1.0,5.0,0.0,5.0,0.0
Ru-AHK,955,6.6377335,-6.879454,0.0,0.0,0.0,4.0,0.0
Ru-AHK,956,-2.1894565,-0.919064,0.0,0.0,0.0,0.0,0.0
Ru-AHK,957,-3.6428528,2.3730912,0.0,0.0,0.0,0.0,0.0
Ru-AHK,958,-2.9247706,0.1985272,0.0,0.0,0.0,0.0,0.0
Ru-AHK,959,12.681002,21.048824,1.0,5.0,5.0,5.0,0.0
Ru-AHK,960,-5.988051,-1.7822622,0.0,0.0,0.0,0.0,3.0
Ru-AHK,961,-3.6423814,0.28691736,0.0,0.0,2.0,0.0,3.0
Ru-AHK,962,-2.2547493,-0.71625483,0.0,0.0,2.0,0.0,0.0
Ru-AHK,963,-1.4402974,-1.4701351,0.0,0.0,0.0,0.0,0.0
Ru-AHK,964,-1.6433691,0.021918613,0.0,0.0,4.0,0.0,0.0
Ru-AHK,965,-3.239131,0.45149425,0.0,0.0,0.0,0.0,5.0
Ru-AHK,966,3.67815,-6.487234,0.0,0.0,0.0,4.0,0.0
Ru-AHK,967,-5.288467,-0.76470876,0.0,0.0,0.0,0.0,0.0
Ru-AHK,968,12.664725,15.745015,0.0,0.0,5.0,0.0,0.0
Ru-AHK,969,-4.6893396,-0.5009727,0.0,0.0,5.0,0.0,0.0
Ru-AHK,970,-2.9190886,-2.6515443,0.0,0.0,0.0,0.0,0.0
Ru-AHK,971,-2.9629002,-2.5472682,0.0,0.0,0.0,0.0,0.0
Ru-AHK,972,-5.1005073,-0.4367584,0.0,0.0,5.0,0.0,0.0
Ru-AHK,973,-0.9595396,0.43624794,0.0,0.0,4.0,0.0,0.0
Ru-AHK,974,-5.138986,-0.7545308,0.0,0.0,4.0,0.0,0.0
Ru-AHK,975,12.075139,15.602093,0.0,0.0,0.0,0.0,0.0
Ru-AHK,976,-5.37186,-0.71711355,0.0,0.0,0.0,0.0,0.0
Ru-AHK,977,6.2239895,-5.5478096,0.0,0.0,0.0,0.0,0.0
Ru-AHK,978,10.044427,2.0137944,1.0,5.0,0.0,5.0,0.0
Ru-AHK,979,-4.0291963,1.0734593,0.0,0.0,0.0,0.0,3.0
Ru-AHK,980,-3.233474,2.6815345,0.0,0.0,0.0,0.0,0.0
Ru-AHK,981,11.832942,15.643684,0.0,0.0,0.0,0.0,0.0
Ru-AHK,982,11.988254,15.581039,0.0,0.0,0.0,0.0,0.0
Ru-AHK,983,-4.3437004,-1.6003225,0.0,0.0,5.0,0.0,0.0
Ru-AHK,984,-4.0909405,-0.9708576,0.0,0.0,0.0,0.0,5.0
Ru-AHK,985,18.616049,14.897063,1.0,5.0,0.0,5.0,0.0
Ru-AHK,986,-4.520013,0.88519955,0.0,0.0,0.0,0.0,0.0
Ru-AHK,987,-5.344074,-0.7722828,0.0,0.0,0.0,0.0,5.0
Ru-AHK,988,-1.7398936,-1.5685934,0.0,0.0,0.0,0.0,0.0
Ru-AHK,989,-1.8450791,-1.5146859,0.0,0.0,0.0,0.0,0.0
Ru-AHK,990,-2.2847674,-1.0329739,0.0,0.0,4.0,0.0,0.0
Ru-AHK,991,-4.9171,-1.7115587,0.0,0.0,2.0,0.0,0.0
Ru-AHK,992,0.09584032,1.2033203,1.0,5.0,5.0,0.0,5.0
Ru-AHK,993,-4.3133183,0.346485,0.0,0.0,0.0,0.0,0.0
Ru-AHK,994,-3.87521,-0.19976233,0.0,0.0,0.0,0.0,0.0
Ru-AHK,995,-1.4868166,-0.8021096,0.0,0.0,0.0,0.0,0.0
Ru-AHK,996,-1.1326971,-2.921592,0.0,0.0,0.0,0.0,0.0
Ru-AHK,997,-0.81915253,-2.9585607,0.0,0.0,0.0,0.0,0.0
Ru-AHK,998,-3.3617415,0.13204011,0.0,0.0,5.0,0.0,0.0
Ru-AHK,999,-3.7730117,-1.272268,0.0,0.0,5.0,0.0,0.0
Ru-AHK,1000,11.049898,-7.3586936,1.0,5.0,0.0,5.0,0.0
Ru-AHK,1001,1.1866027,0.8419379,1.0,5.0,0.0,5.0,0.0
Ru-AHK,1002,1.8953286,0.31556815,1.0,5.0,1.0,5.0,0.0
Ru-AHK,1003,-4.4037886,-1.5616554,0.0,0.0,5.0,0.0,5.0
Ru-AHK,1004,-2.5274072,-0.55730426,0.0,0.0,0.0,0.0,0.0
Ru-AHK,1005,-1.6672497,1.1971648,0.0,0.0,0.0,5.0,0.0
Ru-AHK,1006,10.494567,-6.916247,1.0,5.0,0.0,0.0,0.0
Ru-AHK,1007,-4.7995296,-1.9195794,0.0,0.0,0.0,0.0,0.0
Ru-AHK,1008,2.454586,15.570379,1.0,5.0,0.0,1.0,0.0
Ru-AHK,1009,-1.4613508,1.7235576,1.0,5.0,5.0,1.0,0.0
Ru-AHK,1010,-2.8862271,-0.8967167,0.0,0.0,0.0,0.0,0.0
Ru-AHK,1011,-3.5848253,0.42768425,0.0,0.0,5.0,5.0,5.0
Ru-AHK,1012,-3.4198787,-1.0123525,0.0,0.0,0.0,0.0,0.0
Ru-AHK,1013,-2.3037822,-0.42830873,0.0,0.0,0.0,0.0,0.0
Ru-AHK,1014,-2.5865602,-0.47586954,0.0,0.0,0.0,0.0,0.0
Ru-AHK,1015,17.986103,-14.324627,0.0,0.0,0.0,0.0,0.0
Ru-AHK,1016,11.81489,-7.0753775,0.0,0.0,0.0,0.0,0.0
Ru-AHK,1017,-5.6758466,-1.4582584,0.0,0.0,4.0,0.0,0.0
Ru-AHK,1018,1.5614353,7.6359606,1.0,5.0,5.0,5.0,0.0
Ru-AHK,1019,0.7644048,7.370678,1.0,5.0,5.0,5.0,0.0
Ru-AHK,1020,-5.702136,-1.428438,0.0,0.0,4.0,0.0,0.0
Ru-AHK,1021,-2.1696007,-1.3177166,0.0,0.0,5.0,0.0,0.0
Ru-AHK,1022,-6.0657096,-1.307797,0.0,0.0,0.0,0.0,0.0
Ru-AHK,1023,-2.7212763,-1.3333505,0.0,0.0,5.0,0.0,0.0
Ru-AHK,1024,-4.4694705,-1.4295348,0.0,0.0,0.0,4.0,5.0
Ru-AHK,1025,-5.904795,-1.1009896,0.0,0.0,0.0,0.0,0.0
Ru-AHK,1026,-4.253738,-2.1165178,0.0,0.0,0.0,0.0,0.0
Ru-AHK,1027,11.335906,-7.5045652,1.0,5.0,0.0,5.0,0.0
Ru-AHK,1028,0.97651,-4.047484,0.0,0.0,0.0,0.0,0.0
Ru-AHK,1029,-2.964009,-0.9220901,0.0,0.0,0.0,0.0,0.0
Ru-AHK,1030,-2.0242019,-1.6532681,0.0,0.0,0.0,0.0,0.0
Ru-AHK,1031,11.584203,-7.181329,1.0,5.0,0.0,5.0,0.0
Ru-AHK,1032,-4.9845386,-1.8387144,0.0,0.0,2.0,0.0,2.0
Ru-AHK,1033,13.228878,20.60742,1.0,5.0,4.0,5.0,0.0
Ru-AHK,1034,-3.4055429,0.98164636,0.0,0.0,5.0,0.0,0.0
Ru-AHK,1035,19.8122,15.316808,1.0,5.0,0.0,5.0,0.0
Ru-AHK,1036,-2.9890192,2.299548,0.0,0.0,4.0,0.0,0.0
Ru-AHK,1037,10.865306,15.97404,0.0,0.0,0.0,0.0,0.0
Ru-AHK,1038,-4.739119,-0.58137125,0.0,0.0,5.0,0.0,5.0
Ru-AHK,1039,-3.266748,1.3937908,0.0,0.0,0.0,0.0,4.0
Ru-AHK,1040,10.996004,15.890816,0.0,0.0,0.0,0.0,0.0
Ru-AHK,1041,1.4113953,-4.1795225,0.0,0.0,0.0,0.0,0.0
Ru-AHK,1042,-0.7223502,0.17520504,0.0,0.0,5.0,0.0,0.0
Ru-AHK,1043,-0.7332388,-0.6138796,0.0,0.0,0.0,0.0,0.0
Ru-AHK,1044,-4.213995,0.34626204,0.0,0.0,5.0,0.0,5.0
Ru-AHK,1045,-5.035933,0.68746364,0.0,0.0,5.0,0.0,5.0
Ru-AHK,1046,-1.4011718,-0.019674864,0.0,0.0,5.0,0.0,0.0
Ru-AHK,1047,0.6511778,-5.0270195,0.0,0.0,0.0,4.0,0.0
Ru-AHK,1048,-5.223467,-0.8397409,0.0,0.0,0.0,0.0,0.0
Ru-AHK,1049,-2.2266057,-0.35316855,0.0,0.0,0.0,0.0,0.0
Ru-AHK,1050,-5.1219606,0.2980548,0.0,0.0,4.0,0.0,0.0
Ru-AHK,1051,-5.0217576,0.69686323,0.0,0.0,5.0,0.0,5.0
Ru-AHK,1052,4.986548,-5.059674,0.0,0.0,0.0,0.0,0.0
Ru-AHK,1053,-5.223467,-0.8397409,0.0,0.0,0.0,0.0,0.0
Ru-AHK,1054,-1.6433691,0.021918613,0.0,0.0,4.0,0.0,0.0
Ru-AHK,1055,-0.062654465,-0.28856316,0.0,0.0,0.0,0.0,0.0
Ru-AHK,1056,-4.630077,0.897486,0.0,0.0,0.0,0.0,0.0
Ru-AHK,1057,19.013254,16.019081,1.0,5.0,0.0,5.0,0.0
Ru-AHK,1058,19.025425,15.20551,1.0,5.0,0.0,5.0,0.0
Ru-AHK,1059,-3.619964,0.61487067,0.0,0.0,0.0,0.0,0.0
Ru-AHK,1060,-2.062222,-1.7331007,0.0,0.0,0.0,0.0,0.0
Ru-AHK,1061,-2.2642987,-0.6806746,0.0,0.0,0.0,0.0,0.0
Ru-AHK,1062,-1.3573594,-0.12395157,0.0,0.0,5.0,0.0,0.0
Ru-AHK,1063,-4.5750074,-1.9391071,0.0,0.0,0.0,0.0,0.0
Ru-AHK,1064,10.611873,15.916574,0.0,0.0,0.0,0.0,0.0
Ru-AHK,1065,11.806514,15.745113,0.0,0.0,0.0,0.0,0.0
Ru-AHK,1066,-5.101877,-0.8138758,0.0,0.0,4.0,0.0,0.0
Ru-AHK,1067,-2.3568916,-1.4562196,0.0,0.0,5.0,0.0,0.0
Ru-AHK,1068,-2.9169734,1.0872968,0.0,0.0,0.0,0.0,0.0
Ru-AHK,1069,-4.8295517,-0.80920756,0.0,0.0,0.0,0.0,0.0
Ru-AHK,1070,4.081351,1.3431875,1.0,5.0,0.0,5.0,0.0
Ru-AHK,1071,4.559728,1.3070347,1.0,5.0,0.0,5.0,0.0
Ru-AHK,1072,3.7495365,1.0599734,1.0,5.0,0.0,5.0,0.0
Ru-AHK,1073,8.206259,-6.7549577,1.0,5.0,0.0,5.0,0.0
Ru-AHK,1074,0.14403324,-1.596417,0.0,0.0,0.0,0.0,0.0
Ru-AHK,1075,2.532152,15.595608,1.0,5.0,0.0,1.0,0.0
Ru-AHK,1076,0.3861867,1.9323599,1.0,5.0,5.0,1.0,2.0
Ru-AHK,1077,1.6818652,15.835663,1.0,5.0,5.0,1.0,0.0
Ru-AHK,1078,3.0609171,15.738999,1.0,5.0,5.0,1.0,0.0
Ru-AHK,1079,1.2822633,-0.3719512,1.0,5.0,3.0,5.0,5.0
Ru-AHK,1080,-2.9845665,-1.0169731,0.0,0.0,2.0,0.0,0.0
Ru-AHK,1081,-3.034148,-0.36671588,0.0,0.0,0.0,0.0,0.0
Ru-AHK,1082,-0.8192972,-2.9586565,0.0,0.0,0.0,0.0,0.0
Ru-AHK,1083,0.70236814,0.6588269,1.0,5.0,0.0,5.0,5.0
Ru-AHK,1084,6.485759,-6.51542,0.0,0.0,0.0,0.0,0.0
Ru-AHK,1085,-2.6107843,-2.4328735,0.0,0.0,0.0,0.0,0.0
Ru-AHK,1086,-2.658296,-2.3498573,0.0,0.0,0.0,0.0,0.0
Ru-AHK,1087,-0.060898315,0.40770155,1.0,5.0,5.0,5.0,5.0
Ru-AHK,1088,1.9311969,-0.36508587,1.0,5.0,3.0,5.0,5.0
Ru-AHK,1089,-4.790711,-1.2183492,0.0,0.0,5.0,0.0,5.0
Ru-AHK,1090,2.9052947,6.689961,1.0,5.0,0.0,5.0,0.0
Ru-AHK,1091,0.48342317,7.155958,1.0,5.0,5.0,5.0,0.0
Ru-AHK,1092,-5.9671845,-1.8887318,0.0,0.0,4.0,0.0,0.0
Ru-AHK,1093,1.209868,7.3076987,1.0,5.0,5.0,5.0,0.0
Ru-AHK,1094,1.2426317,7.245155,1.0,5.0,5.0,5.0,0.0
Ru-AHK,1095,1.2855536,7.4472322,1.0,5.0,5.0,5.0,0.0
Ru-AHK,1096,-4.49716,0.9322705,0.0,0.0,5.0,0.0,5.0
Ru-AHK,1097,-5.884931,-1.2834404,0.0,0.0,0.0,0.0,5.0
Ru-AHK,1098,-5.813542,0.37400857,0.0,0.0,0.0,0.0,0.0
Ru-AHK,1099,-4.6553116,-0.0010356533,0.0,0.0,0.0,0.0,0.0
Ru-AHK,1100,1.315826,7.4385486,1.0,5.0,5.0,5.0,0.0
Ru-AHK,1101,-4.928506,0.24813858,0.0,0.0,0.0,0.0,0.0
Ru-AHK,1102,0.54021,-2.3905847,0.0,0.0,1.0,0.0,0.0
Ru-AHK,1103,-1.0356383,-0.11593118,0.0,0.0,5.0,0.0,0.0
Ru-AHK,1104,-5.3138676,0.47790584,0.0,0.0,5.0,0.0,0.0
Ru-AHK,1105,-4.5451684,-0.8408989,0.0,0.0,0.0,0.0,5.0
Ru-AHK,1106,0.7696724,-5.122145,0.0,0.0,0.0,4.0,0.0
Ru-AHK,1107,-3.581534,0.88283974,0.0,0.0,0.0,0.0,0.0
Ru-AHK,1108,-5.1887674,-0.8349297,0.0,0.0,4.0,0.0,0.0
Ru-AHK,1109,-5.6361837,-0.9912405,0.0,0.0,0.0,0.0,0.0
Ru-AHK,1110,-1.9136865,-1.5072534,0.0,0.0,0.0,0.0,0.0
Ru-AHK,1111,7.1761727,-5.7730985,0.0,0.0,0.0,0.0,0.0
Ru-AHK,1112,-5.36964,-0.85753804,0.0,0.0,0.0,0.0,5.0
Ru-AHK,1113,-4.433944,-1.4080809,0.0,0.0,2.0,0.0,5.0
Ru-AHK,1114,-3.9475567,1.1136267,0.0,0.0,5.0,0.0,5.0
Ru-AHK,1115,10.169484,2.7352083,1.0,5.0,0.0,5.0,0.0
Ru-AHK,1116,10.189115,2.733937,1.0,5.0,0.0,5.0,0.0
Ru-AHK,1117,-3.9954154,1.1206069,0.0,0.0,0.0,0.0,4.0
Ru-AHK,1118,-3.9447808,0.7848656,0.0,0.0,4.0,0.0,0.0
Ru-AHK,1119,-5.0845284,2.209797,0.0,0.0,2.0,0.0,0.0
Ru-AHK,1120,13.228878,20.60742,1.0,5.0,4.0,5.0,0.0
Ru-AHK,1121,-2.3067484,-0.6562292,0.0,0.0,2.0,0.0,0.0
Ru-AHK,1122,-5.82465,-1.3196217,0.0,0.0,0.0,0.0,5.0
Ru-AHK,1123,-3.9750698,-1.8745944,0.0,0.0,0.0,0.0,2.0
Ru-AHK,1124,-3.0531313,0.31022936,0.0,0.0,0.0,0.0,0.0
Ru-AHK,1125,-5.4216394,-0.7975121,0.0,0.0,0.0,0.0,5.0
Ru-AHK,1126,-3.5482492,2.5106559,0.0,0.0,0.0,0.0,0.0
Ru-AHK,1127,10.996004,15.890816,0.0,0.0,0.0,0.0,0.0
Ru-AHK,1128,10.952193,15.99509,0.0,0.0,0.0,0.0,0.0
Ru-AHK,1129,-2.1758997,-2.5649116,0.0,0.0,0.0,0.0,0.0
Ru-AHK,1130,-2.2234108,-2.481895,0.0,0.0,0.0,0.0,0.0
Ru-AHK,1131,-4.775921,-1.7654094,0.0,0.0,0.0,0.0,5.0
Ru-AHK,1132,11.885717,15.634161,0.0,0.0,0.0,0.0,0.0
Ru-AHK,1133,-5.514856,-1.3356047,0.0,0.0,0.0,0.0,5.0
Ru-AHK,1134,-1.4568691,-0.5471889,0.0,0.0,5.0,0.0,2.0
Ru-AHK,1135,-5.884931,-1.2834404,0.0,0.0,0.0,0.0,5.0
Ru-AHK,1136,-0.18597673,1.9186343,1.0,5.0,5.0,1.0,0.0
Ru-AHK,1137,2.6874595,15.53296,1.0,5.0,0.0,1.0,0.0
Ru-AHK,1138,-4.8986254,-1.9592384,0.0,0.0,2.0,0.0,1.0
Ru-AHK,1139,4.5023284,1.2534122,1.0,5.0,0.0,5.0,0.0
Ru-AHK,1140,4.7638702,1.5593276,1.0,5.0,5.0,5.0,0.0
Ru-AHK,1141,-1.3315085,-0.8647573,0.0,0.0,0.0,0.0,0.0
Ru-AHK,1142,-4.1312313,0.5294203,0.0,0.0,0.0,5.0,5.0
Ru-AHK,1143,10.887316,-6.9334173,1.0,5.0,0.0,0.0,0.0
Ru-AHK,1144,-4.394597,-0.78000957,0.0,0.0,0.0,5.0,5.0
Ru-AHK,1145,-4.145568,-1.7768073,0.0,0.0,0.0,0.0,0.0
Ru-AHK,1146,-4.165633,-1.1735145,0.0,0.0,0.0,0.0,5.0
Ru-AHK,1147,-3.1030717,-1.158711,0.0,0.0,5.0,0.0,4.0
Ru-AHK,1148,6.395821,-6.616422,0.0,0.0,0.0,0.0,0.0
Ru-AHK,1149,6.577861,-6.1670737,0.0,0.0,0.0,0.0,0.0
Ru-AHK,1150,-5.89467,-1.2029166,0.0,0.0,0.0,0.0,0.0
Ru-AHK,1151,-5.5666175,-0.93053657,0.0,0.0,0.0,0.0,5.0
Ru-AHK,1152,-5.434984,-1.3905287,0.0,0.0,0.0,0.0,0.0
Ru-AHK,1153,-4.0406413,-4.8296685,0.0,0.0,0.0,0.0,0.0
Ru-AHK,1154,-4.962121,-1.5107613,0.0,0.0,0.0,0.0,0.0
Ru-AHK,1155,-6.3244634,-1.9847372,0.0,0.0,0.0,0.0,0.0
Ru-AHK,1156,-4.0648193,-0.17898348,0.0,0.0,2.0,0.0,0.0
Ru-AHK,1157,-3.5235007,0.3915704,0.0,0.0,4.0,5.0,5.0
Ru-AHK,1158,-4.7261276,0.32062528,0.0,0.0,2.0,0.0,0.0
Ru-AHK,1159,-4.5079794,-0.0012165736,0.0,0.0,0.0,0.0,0.0
Ru-AHK,1160,-3.6673527,-0.10973772,0.0,0.0,0.0,0.0,0.0
Ru-AHK,1161,-3.6674972,-0.10983381,0.0,0.0,0.0,0.0,0.0
Ru-AHK,1162,-3.667266,-0.109680295,0.0,0.0,0.0,0.0,0.0
Ru-AHK,1163,10.819294,-6.905339,1.0,5.0,0.0,0.0,0.0
Ru-AHK,1164,-0.751266,-1.2578617,0.0,0.0,0.0,0.0,0.0
Ru-AHK,1165,-1.4277322,1.6880271,1.0,5.0,5.0,1.0,0.0
Ru-AHK,1166,-0.22014405,1.7637373,1.0,5.0,0.0,1.0,5.0
Ru-AHK,1167,-1.1778426,2.833242,1.0,5.0,5.0,1.0,0.0
Ru-AHK,1168,-0.47058654,1.7580338,1.0,5.0,0.0,1.0,0.0
Ru-AHK,1169,2.818161,15.4497385,1.0,5.0,0.0,1.0,0.0
Ru-AHK,1170,1.2734443,7.4507065,1.0,5.0,5.0,5.0,0.0
Ru-AHK,1171,-4.6685414,-2.109617,0.0,0.0,2.0,0.0,5.0
Ru-AHK,1172,-1.982367,-1.5309223,0.0,0.0,2.0,0.0,0.0
Ru-AHK,1173,-5.222275,-0.8848493,0.0,0.0,5.0,0.0,0.0
Ru-AHK,1174,-4.646124,-1.7816635,0.0,0.0,0.0,0.0,5.0
Ru-AHK,1175,4.7724223,-1.790827,1.0,5.0,0.0,1.0,0.0
Ru-AHK,1176,19.660374,15.146741,1.0,5.0,0.0,5.0,0.0
Ru-AHK,1177,-4.829621,-1.656788,0.0,0.0,0.0,0.0,5.0
Ru-AHK,1178,-0.835462,-0.3285867,0.0,0.0,0.0,0.0,0.0
Ru-AHK,1179,-4.9851856,-1.5919791,0.0,0.0,0.0,0.0,5.0
Ru-AHK,1180,-3.31104,2.6563056,0.0,0.0,0.0,0.0,0.0
Ru-AHK,1181,-4.6840196,-1.6788417,0.0,0.0,0.0,0.0,0.0
Ru-AHK,1182,-3.9974878,-2.2025473,0.0,0.0,2.0,0.0,5.0
Ru-AHK,1183,-0.37465623,-2.8736205,0.0,0.0,0.0,0.0,0.0
Ru-AHK,1184,12.118951,15.497817,0.0,0.0,0.0,0.0,0.0
Ru-AHK,1185,11.6899605,15.309202,0.0,0.0,0.0,0.0,0.0
Ru-AHK,1186,-4.6809096,0.82899183,0.0,0.0,0.0,0.0,1.0
Ru-AHK,1187,-4.222739,-0.4929662,0.0,0.0,0.0,0.0,0.0
Ru-AHK,1188,-4.5451684,-0.8408989,0.0,0.0,0.0,0.0,5.0
Ru-AHK,1189,-5.6804867,-0.9747563,0.0,0.0,0.0,0.0,0.0
Ru-AHK,1190,-4.881619,-1.5967622,0.0,0.0,0.0,0.0,5.0
Ru-AHK,1191,1.0492319,7.9519806,1.0,5.0,5.0,5.0,0.0
Ru-AHK,1192,-2.732341,-2.222714,0.0,0.0,0.0,0.0,0.0
Ru-AHK,1193,-3.7303877,-0.20858303,0.0,0.0,5.0,0.0,0.0
Ru-AHK,1194,-1.8148782,-1.5882,0.0,0.0,5.0,0.0,0.0
Ru-AHK,1195,-5.858705,-1.7071592,0.0,0.0,0.0,0.0,3.0
Ru-AHK,1196,4.8459725,-2.0727985,1.0,5.0,0.0,1.0,0.0
Ru-AHK,1197,-6.4196653,-1.8135664,0.0,0.0,4.0,0.0,0.0
Ru-AHK,1198,-6.3228655,-1.2755814,0.0,0.0,0.0,0.0,0.0
Ru-AHK,1199,-6.6730375,-1.8709942,0.0,0.0,2.0,0.0,0.0
Ru-AHK,1200,-3.5443964,-2.614897,0.0,0.0,0.0,0.0,0.0
Ru-AHK,1201,0.89280194,7.4644012,1.0,5.0,5.0,5.0,0.0
Ru-AHK,1202,2.1956828,6.811435,1.0,5.0,5.0,5.0,0.0
Ru-AHK,1203,0.89280194,7.4644012,1.0,5.0,5.0,5.0,0.0
Ru-AHK,1204,-5.8758183,-1.2992803,0.0,0.0,0.0,0.0,3.0
Ru-AHK,1205,-3.0208466,1.2263846,1.0,5.0,0.0,0.0,0.0
Ru-AHK,1206,-5.2897134,-1.012005,0.0,0.0,5.0,0.0,4.0
Ru-AHK,1207,-1.0239272,-0.56469554,0.0,0.0,0.0,0.0,0.0
Ru-AHK,1208,10.319163,0.30232996,1.0,5.0,0.0,5.0,0.0
Ru-AHK,1209,0.19982415,4.0344243,1.0,5.0,0.0,5.0,5.0
Ru-AHK,1210,4.837676,1.2053771,1.0,5.0,0.0,5.0,0.0
Ru-AHK,1211,4.081351,1.3431875,1.0,5.0,0.0,5.0,0.0
Ru-AHK,1212,4.4098787,1.0832596,1.0,5.0,0.0,5.0,0.0
Ru-AHK,1213,4.158916,1.3684165,1.0,5.0,0.0,5.0,0.0
Ru-AHK,1214,4.3142247,1.305769,1.0,5.0,0.0,5.0,0.0
Ru-AHK,1215,0.4732647,4.0901294,1.0,5.0,5.0,1.0,0.0
Ru-AHK,1216,-4.250041,-1.217642,0.0,0.0,0.0,0.0,5.0
Ru-AHK,1217,-3.645085,-1.0267305,0.0,0.0,5.0,0.0,5.0
Ru-AHK,1218,10.981874,-7.3306146,1.0,5.0,0.0,5.0,0.0
Ru-AHK,1219,-4.9479165,1.0591297,0.0,0.0,0.0,5.0,4.0
Ru-AHK,1220,-4.8457737,-1.4778746,0.0,0.0,3.0,0.0,0.0
Ru-AHK,1221,-5.0845284,2.209797,0.0,0.0,2.0,0.0,0.0
Ru-AHK,1222,-4.5167775,-1.7065603,0.0,0.0,0.0,0.0,5.0
Ru-AHK,1223,8.088144,-7.0422273,0.0,0.0,0.0,0.0,0.0
Ru-AHK,1224,-4.958292,1.0763661,0.0,0.0,0.0,5.0,4.0
Ru-AHK,1225,-4.0273094,0.20061462,0.0,0.0,0.0,0.0,0.0
Ru-AHK,1226,2.774349,15.554017,1.0,5.0,0.0,1.0,0.0
Ru-AHK,1227,10.193053,0.33450362,1.0,5.0,0.0,5.0,0.0
Ru-AHK,1228,-4.7003922,0.285711,0.0,0.0,2.0,0.0,0.0
Ru-AHK,1229,-5.5752525,0.45637035,0.0,0.0,2.0,0.0,0.0
Ru-AHK,1230,-2.6004338,-1.0427309,0.0,0.0,3.0,0.0,0.0
Ru-AHK,1231,-5.5752525,0.45637035,0.0,0.0,2.0,0.0,0.0
Ru-AHK,1232,-4.2593446,-0.7399966,0.0,0.0,0.0,0.0,3.0
Ru-AHK,1233,-4.821946,-2.2475328,0.0,0.0,2.0,0.0,1.0
Ru-AHK,1234,-0.67086995,4.033078,1.0,5.0,0.0,1.0,0.0
Ru-AHK,1235,-4.9657855,-1.981922,0.0,0.0,2.0,0.0,0.0
Ru-AHK,1236,0.8251008,5.68512,1.0,5.0,5.0,5.0,5.0
Ru-AHK,1237,-5.696977,-1.4011831,0.0,0.0,0.0,0.0,5.0
Ru-AHK,1238,-1.9677036,-2.1087813,0.0,0.0,0.0,0.0,0.0
Ru-AHK,1239,0.024498746,1.002424,0.0,0.0,0.0,0.0,0.0
Ru-AHK,1240,-3.0781665,2.6188877,0.0,0.0,4.0,0.0,0.0
Ru-AHK,1241,-4.698835,0.28674433,0.0,0.0,2.0,0.0,0.0
Ru-AHK,1242,1.5333946,8.497267,1.0,5.0,5.0,5.0,0.0
Ru-AHK,1243,10.189115,2.733937,1.0,5.0,0.0,5.0,0.0
Ru-AHK,1244,-0.776684,-2.9706588,0.0,0.0,0.0,0.0,0.0
Ru-AHK,1245,-2.4830563,-2.2992342,0.0,0.0,0.0,0.0,0.0
Ru-AHK,1246,-4.9076195,-1.566749,0.0,0.0,0.0,0.0,5.0
Ru-AHK,1247,-5.615618,-0.5850052,0.0,0.0,0.0,0.0,0.0
Ru-AHK,1248,-4.920618,-1.5517428,0.0,0.0,0.0,0.0,5.0
Ru-AHK,1249,-3.1070347,-1.0485485,0.0,0.0,0.0,0.0,0.0
Ru-AHK,1250,-5.5560613,-0.9624724,0.0,0.0,0.0,0.0,0.0
Ru-AHK,1251,-5.311422,-0.88900423,0.0,0.0,0.0,0.0,0.0
Ru-AHK,1252,11.703244,15.496004,0.0,0.0,0.0,0.0,0.0
Ru-AHK,1253,-5.5752525,0.45637035,0.0,0.0,2.0,0.0,0.0
Ru-AHK,1254,-3.9475567,1.1136267,0.0,0.0,5.0,0.0,5.0
Ru-AHK,1255,1.2189696,-2.5536234,0.0,0.0,0.0,0.0,0.0
Ru-AHK,1256,1.0823472,6.9914722,1.0,5.0,5.0,5.0,0.0
Ru-AHK,1257,0.9916477,6.307349,1.0,5.0,5.0,5.0,3.0
Ru-AHK,1258,-5.905098,0.3351224,0.0,0.0,0.0,0.0,0.0
Ru-AHK,1259,19.418177,15.188338,1.0,5.0,0.0,5.0,0.0
Ru-AHK,1260,-4.4676027,-0.81566983,0.0,0.0,0.0,0.0,5.0
Ru-AHK,1261,-4.2998877,-1.7045995,0.0,0.0,4.0,0.0,0.0
Ru-AHK,1262,-1.3716204,-0.58658755,0.0,0.0,0.0,0.0,0.0
Ru-AHK,1263,-4.2625628,-1.670802,0.0,0.0,5.0,0.0,0.0
Ru-AHK,1264,-4.7123556,-1.9244562,0.0,0.0,4.0,0.0,0.0
Ru-AHK,1265,-5.696977,-1.4011831,0.0,0.0,0.0,0.0,5.0
Ru-AHK,1266,-5.4493265,-1.3987155,0.0,0.0,0.0,0.0,5.0
Ru-AHK,1267,-5.8087564,-1.3234401,0.0,0.0,0.0,0.0,0.0
Ru-AHK,1268,-4.69777,0.28744978,0.0,0.0,2.0,0.0,0.0
Ru-AHK,1269,-3.6847541,-2.2276235,0.0,0.0,2.0,0.0,0.0
Ru-AHK,1270,-0.7210298,-2.8384476,0.0,0.0,0.0,0.0,0.0
Ru-AHK,1271,-4.055004,-0.3852942,1.0,5.0,0.0,0.0,0.0
Ru-AHK,1272,-0.62213063,0.9865276,1.0,5.0,0.0,0.0,0.0
Ru-AHK,1273,4.7724223,-1.790827,1.0,5.0,0.0,1.0,0.0
Ru-AHK,1274,-1.2446193,-0.843704,0.0,0.0,0.0,0.0,0.0
Ru-AHK,1275,-1.5088885,-0.16677994,0.0,0.0,0.0,0.0,0.0
Ru-AHK,1276,-6.3307595,-1.7680905,0.0,0.0,0.0,0.0,0.0
Ru-AHK,1277,-4.6482215,-2.3567576,0.0,0.0,0.0,0.0,0.0
Ru-AHK,1278,-3.1795843,-1.6772108,0.0,0.0,1.0,0.0,0.0
Ru-AHK,1279,-5.5412207,-1.2216308,0.0,0.0,3.0,0.0,0.0
Ru-AHK,1280,1.0392897,3.7620683,1.0,5.0,0.0,5.0,5.0
Ru-AHK,1281,1.056147,0.40073067,1.0,5.0,0.0,0.0,0.0
Ru-AHK,1282,-4.348164,-1.3377545,0.0,0.0,2.0,0.0,0.0
Ru-AHK,1283,-6.300961,-1.2840624,0.0,0.0,0.0,0.0,0.0
Ru-AHK,1284,-4.2602353,-1.4028926,0.0,0.0,0.0,0.0,1.0
Ru-AHK,1285,-6.298359,-1.282335,0.0,0.0,0.0,0.0,0.0
Ru-AHK,1286,-4.7032275,0.28383127,0.0,0.0,2.0,0.0,0.0
Ru-AHK,1287,-5.7027173,0.40760916,0.0,0.0,2.0,0.0,0.0
Ru-AHK,1288,0.20078787,-2.9067402,0.0,0.0,0.0,0.0,0.0
Ru-AHK,1289,-1.5971328,1.921274,1.0,5.0,5.0,1.0,0.0
Ru-AHK,1290,-5.673031,-2.0014977,0.0,0.0,0.0,0.0,0.0
Ru-AHK,1291,-0.992864,2.0290208,1.0,5.0,5.0,1.0,5.0
Ru-AHK,1292,-0.14257897,1.7889674,1.0,5.0,0.0,1.0,5.0
Ru-AHK,1293,-4.730078,-1.0701163,0.0,0.0,0.0,0.0,5.0
Ru-AHK,1294,1.0401998,0.29744035,1.0,5.0,5.0,0.0,0.0
Ru-AHK,1295,-4.4557133,-2.1998389,0.0,0.0,0.0,0.0,0.0
Ru-AHK,1296,-5.6086593,-1.3487868,0.0,0.0,3.0,0.0,0.0
Ru-AHK,1297,-2.9463122,-1.1739146,0.0,0.0,0.0,0.0,0.0
Ru-AHK,1298,8.08926,-7.0619283,0.0,0.0,0.0,0.0,0.0
Ru-AHK,1299,-2.3370469,-0.92294866,0.0,0.0,2.0,0.0,5.0
Ru-AHK,1300,-1.5827206,-2.2136705,0.0,0.0,0.0,0.0,0.0
Ru-AHK,1301,-1.7457215,-0.6821158,0.0,0.0,0.0,0.0,0.0
Ru-AHK,1302,-1.3980685,-0.71741384,0.0,0.0,0.0,0.0,0.0
Ru-AHK,1303,-5.5819545,0.55540967,0.0,0.0,0.0,0.0,0.0
Ru-AHK,1304,1.1026487,6.175157,1.0,5.0,5.0,5.0,5.0
Ru-AHK,1305,0.8251008,5.68512,1.0,5.0,5.0,5.0,5.0
Ru-AHK,1306,-4.412661,-0.97887814,0.0,0.0,0.0,0.0,5.0
Ru-AHK,1307,12.381325,20.947027,1.0,5.0,4.0,5.0,0.0
Ru-AHK,1308,-5.884931,-1.2834404,0.0,0.0,0.0,0.0,5.0
Ru-AHK,1309,-5.2337456,0.506674,0.0,0.0,5.0,0.0,0.0
Ru-AHK,1310,-5.514856,-1.3356047,0.0,0.0,0.0,0.0,5.0
Ru-AHK,1311,-1.8673756,-2.2246587,0.0,0.0,0.0,0.0,0.0
Ru-AHK,1312,-5.514856,-1.3356047,0.0,0.0,0.0,0.0,5.0
Ru-AHK,1313,-5.0150924,-1.5110642,0.0,0.0,0.0,0.0,5.0
Ru-AHK,1314,-4.5337996,-2.3077774,0.0,0.0,0.0,0.0,0.0
Ru-AHK,1315,-4.910221,-1.568476,0.0,0.0,0.0,0.0,5.0
Ru-AHK,1316,1.3285004,9.380628,1.0,5.0,5.0,5.0,0.0
Ru-AHK,1317,-2.3233438,2.0457368,0.0,0.0,2.0,0.0,0.0
Ru-AHK,1318,-4.3026624,-1.3758386,0.0,0.0,5.0,0.0,5.0
Ru-AHK,1319,8.086235,-7.0610585,0.0,0.0,0.0,0.0,0.0
Ru-AHK,1320,-1.9343883,-2.5457397,0.0,0.0,0.0,0.0,0.0
Ru-AHK,1321,-5.578672,-1.4738185,0.0,0.0,0.0,0.0,5.0
Ru-AHK,1322,-5.8707814,-1.6927769,0.0,0.0,0.0,0.0,4.0
Ru-AHK,1323,-4.991161,-1.9915125,0.0,0.0,0.0,0.0,0.0
Ru-AHK,1324,-4.9606504,-2.3285751,0.0,0.0,2.0,0.0,5.0
Ru-AHK,1325,1.2613353,7.454178,1.0,5.0,5.0,5.0,0.0
Ru-AHK,1326,-3.291767,0.2570642,0.0,0.0,0.0,5.0,5.0
Ru-AHK,1327,-5.026628,0.12802584,0.0,0.0,2.0,0.0,0.0
Ru-AHK,1328,-0.46888378,1.6909568,1.0,5.0,5.0,1.0,0.0
Ru-AHK,1329,-0.8266697,-2.0081317,0.0,0.0,0.0,0.0,0.0
Ru-AHK,1330,2.560089,1.9855592,1.0,5.0,3.0,0.0,2.0
Ru-AHK,1331,8.092289,-7.062796,0.0,0.0,0.0,0.0,0.0
Ru-AHK,1332,-5.2583027,-2.0640068,0.0,0.0,0.0,0.0,0.0
Ru-AHK,1333,-5.3865604,-2.7375982,0.0,0.0,0.0,0.0,0.0
Ru-AHK,1334,4.1831346,1.3614696,1.0,5.0,0.0,5.0,0.0
Ru-AHK,1335,10.497375,-7.0568113,0.0,0.0,0.0,0.0,0.0
Ru-AHK,1336,-2.4094145,-0.95148706,0.0,0.0,5.0,0.0,0.0
Ru-AHK,1337,8.001688,-6.9606814,0.0,0.0,0.0,0.0,0.0
Ru-AHK,1338,-4.433656,-1.0451072,0.0,0.0,0.0,0.0,5.0
Ru-AHK,1339,-3.825805,-1.7931714,0.0,0.0,5.0,0.0,0.0
Ru-AHK,1340,4.78345,-2.0839043,1.0,5.0,1.0,1.0,0.0
Ru-AHK,1341,-5.2806067,-1.0764071,0.0,0.0,3.0,0.0,0.0
Ru-AHK,1342,-3.6542022,0.4747939,0.0,0.0,5.0,5.0,5.0
Ru-AHK,1343,-5.92371,-1.6836672,0.0,0.0,0.0,0.0,0.0
Ru-AHK,1344,-0.6732217,-0.67909914,0.0,0.0,5.0,0.0,0.0
Ru-AHK,1345,-1.0018222,-2.8535717,0.0,0.0,0.0,0.0,0.0
Ru-AHK,1346,-2.9463122,-1.1739146,0.0,0.0,0.0,0.0,0.0
Ru-AHK,1347,-2.9247706,0.1985272,0.0,0.0,0.0,0.0,0.0
Ru-AHK,1348,-3.0648503,0.37767774,0.0,0.0,0.0,0.0,0.0
Ru-AHK,1349,-6.054083,-0.81693476,0.0,0.0,0.0,0.0,0.0
Ru-AHK,1350,-4.8380804,0.625886,0.0,0.0,5.0,0.0,5.0
Ru-AHK,1351,-0.72388965,-1.583433,0.0,0.0,0.0,0.0,0.0
Ru-AHK,1352,-4.7254972,-1.5011703,0.0,0.0,0.0,0.0,5.0
Ru-AHK,1353,-4.7782726,-1.4916464,0.0,0.0,0.0,0.0,5.0
Ru-AHK,1354,-3.0781665,2.6188877,0.0,0.0,4.0,0.0,0.0
Ru-AHK,1355,-4.3320823,-1.3233454,0.0,0.0,2.0,0.0,3.0
Ru-AHK,1356,7.1761727,-5.7730985,0.0,0.0,0.0,0.0,0.0
Ru-AHK,1357,-5.564963,-1.2288138,0.0,0.0,0.0,0.0,5.0
Ru-AHK,1358,-4.5444674,-1.2494752,0.0,0.0,0.0,0.0,5.0
Ru-AHK,1359,-5.442196,-0.8923954,0.0,0.0,2.0,0.0,0.0
Ru-AHK,1360,-5.5923257,-0.19976556,0.0,0.0,0.0,0.0,0.0
Ru-AHK,1361,-5.4771295,0.57648313,0.0,0.0,0.0,0.0,0.0
Ru-AHK,1362,-4.013278,-1.7473215,0.0,0.0,5.0,0.0,0.0
Ru-AHK,1363,-4.6957984,-1.9634627,0.0,0.0,0.0,0.0,0.0
Ru-AHK,1364,-2.9207244,-0.09766565,0.0,0.0,0.0,0.0,0.0
Ru-AHK,1365,1.1751573,-2.4493465,0.0,0.0,0.0,0.0,0.0
Ru-AHK,1366,-1.4644036,-1.2997664,0.0,0.0,0.0,0.0,0.0
Ru-AHK,1367,-2.9474654,2.535664,0.0,0.0,3.0,0.0,0.0
Ru-AHK,1368,-3.107572,-1.4173341,0.0,0.0,0.0,4.0,0.0
Ru-AHK,1369,-5.732078,-1.6117351,0.0,0.0,0.0,0.0,0.0
Ru-AHK,1370,0.6300216,-2.549441,0.0,0.0,0.0,0.0,0.0
Ru-AHK,1371,0.10327938,1.7046803,1.0,5.0,5.0,1.0,5.0
Ru-AHK,1372,-4.535904,1.8814539,0.0,0.0,2.0,0.0,0.0
Ru-AHK,1373,-3.6456254,-0.076850496,1.0,5.0,0.0,0.0,0.0
Ru-AHK,1374,-5.6562376,-1.4990481,0.0,0.0,0.0,0.0,5.0
Ru-AHK,1375,8.104399,-7.066269,0.0,0.0,0.0,0.0,0.0
Ru-AHK,1376,-3.1042907,-1.2038792,0.0,0.0,0.0,0.0,0.0
Ru-AHK,1377,-0.7057261,-1.588643,0.0,0.0,0.0,0.0,0.0
Ru-AHK,1378,-0.8563561,4.437233,1.0,5.0,0.0,5.0,0.0
Ru-AHK,1379,-6.3310494,-1.0718502,0.0,0.0,0.0,0.0,5.0
Ru-AHK,1380,-6.6730943,-1.8710326,0.0,0.0,2.0,0.0,0.0
Ru-AHK,1381,-6.574915,-1.7508819,0.0,0.0,0.0,0.0,0.0
Ru-AHK,1382,-6.288935,-1.896771,0.0,0.0,3.0,0.0,0.0
Ru-AHK,1383,2.8791723,6.29375,1.0,5.0,5.0,5.0,0.0
Ru-AHK,1384,2.1034477,7.5039797,1.0,5.0,5.0,5.0,0.0
Ru-AHK,1385,-6.288935,-1.896771,0.0,0.0,3.0,0.0,0.0
Ru-AHK,1386,-6.6730375,-1.8709942,0.0,0.0,2.0,0.0,0.0
Ru-AHK,1387,-5.364029,-1.613247,0.0,0.0,0.0,0.0,0.0
Ru-AHK,1388,-0.7486666,4.007695,1.0,5.0,0.0,1.0,0.0
Ru-AHK,1389,3.1001472,1.8551689,1.0,5.0,5.0,0.0,1.0
Ru-AHK,1390,-3.0398211,-1.2924628,0.0,0.0,0.0,0.0,0.0
Ru-AHK,1391,-4.9382315,-2.0006216,0.0,0.0,0.0,0.0,0.0
Ru-AHK,1392,0.9579587,5.4550157,1.0,5.0,5.0,5.0,5.0
Ru-AHK,1393,-5.2260714,-0.8414672,0.0,0.0,0.0,0.0,0.0
Ru-AHK,1394,-4.6224093,-0.31115535,0.0,0.0,0.0,0.0,0.0
Ru-AHK,1395,-4.412661,-0.97887814,0.0,0.0,0.0,0.0,5.0
Ru-AHK,1396,-4.46307,-2.0009758,0.0,0.0,4.0,0.0,0.0
Ru-AHK,1397,-4.253286,-1.9310869,0.0,0.0,0.0,0.0,0.0
Ru-AHK,1398,-0.70789677,-2.6339118,0.0,0.0,0.0,0.0,0.0
Ru-AHK,1399,1.3215361,7.9113426,1.0,5.0,5.0,5.0,0.0
Ru-AHK,1400,3.2255201,1.4421792,0.0,0.0,0.0,0.0,0.0
Ru-AHK,1401,-4.7523108,-1.6293966,0.0,0.0,4.0,0.0,0.0
Ru-AHK,1402,-3.6423814,0.28691736,0.0,0.0,2.0,0.0,3.0
Ru-AHK,1403,-2.26371,-0.10418582,0.0,0.0,1.0,0.0,0.0
Ru-AHK,1404,-4.273592,-2.1342602,0.0,0.0,0.0,0.0,0.0
Ru-AHK,1405,-4.9392514,-1.6204014,0.0,0.0,0.0,0.0,5.0
Ru-AHK,1406,-2.9474654,2.535664,0.0,0.0,3.0,0.0,0.0
Ru-AHK,1407,-1.1505035,-2.2296314,0.0,0.0,0.0,0.0,0.0
Ru-AHK,1408,2.2949252,-1.684468,0.0,0.0,0.0,0.0,0.0
Ru-AHK,1409,-4.6654215,-1.6083431,0.0,0.0,4.0,0.0,0.0
Ru-AHK,1410,10.169484,2.7352083,1.0,5.0,0.0,5.0,0.0
Ru-AHK,1411,-1.6922271,-2.5873578,0.0,0.0,0.0,0.0,0.0
Ru-AHK,1412,-5.5563097,0.22006825,0.0,0.0,2.0,0.0,0.0
Ru-AHK,1413,2.7945726,1.898764,1.0,5.0,5.0,0.0,5.0
Ru-AHK,1414,1.4062397,-0.63002414,1.0,5.0,5.0,5.0,5.0
Ru-AHK,1415,-6.001276,-1.7088969,0.0,0.0,0.0,0.0,0.0
Ru-AHK,1416,0.5075582,-2.6020265,0.0,0.0,0.0,0.0,0.0
Ru-AHK,1417,0.13373889,-1.8609991,0.0,0.0,0.0,0.0,0.0
Ru-AHK,1418,-3.1038089,-0.36921257,0.0,0.0,0.0,5.0,0.0
Ru-AHK,1419,7.7732744,-6.5344653,0.0,0.0,0.0,0.0,0.0
Ru-AHK,1420,-2.6563556,-0.9349809,0.0,0.0,4.0,0.0,0.0
Ru-AHK,1421,-4.8443704,-1.2078044,0.0,0.0,5.0,0.0,5.0
Ru-AHK,1422,-4.7261276,0.32062528,0.0,0.0,2.0,0.0,0.0
Ru-AHK,1423,-4.5391955,-2.034514,0.0,0.0,2.0,0.0,5.0
Ru-AHK,1424,-4.165633,-1.1735145,0.0,0.0,0.0,0.0,5.0
Ru-AHK,1425,-2.6786556,-0.74681133,0.0,0.0,5.0,0.0,0.0
Ru-AHK,1426,-4.127911,-0.7672727,0.0,0.0,0.0,0.0,5.0
Ru-AHK,1427,-5.013579,-2.3194656,0.0,0.0,2.0,0.0,0.0
Ru-AHK,1428,-5.446068,-1.7576058,0.0,0.0,3.0,0.0,0.0
Ru-AHK,1429,-3.4376943,-0.7720894,0.0,0.0,5.0,0.0,5.0
Ru-AHK,1430,-6.290214,-1.3923026,0.0,0.0,0.0,0.0,0.0
Ru-AHK,1431,2.025883,7.4787507,1.0,5.0,5.0,5.0,0.0
Ru-AHK,1432,11.342003,-7.1397343,1.0,5.0,0.0,5.0,0.0
Ru-AHK,1433,-4.9825354,-1.9841377,0.0,0.0,0.0,0.0,0.0
Ru-AHK,1434,-4.6564865,-1.5663347,0.0,0.0,2.0,0.0,5.0
Ru-AHK,1435,-4.9737177,-1.2829077,0.0,0.0,5.0,0.0,5.0
Ru-AHK,1436,-2.8398619,-0.37602606,0.0,0.0,0.0,5.0,5.0
Ru-AHK,1437,-6.141456,-1.9201788,0.0,0.0,0.0,0.0,0.0
Ru-AHK,1438,-2.991277,2.6399417,0.0,0.0,3.0,0.0,0.0
Ru-AHK,1439,-5.2658257,-1.501866,0.0,0.0,5.0,0.0,5.0
Ru-AHK,1440,-6.0656524,-0.34128496,0.0,0.0,0.0,0.0,0.0
Ru-AHK,1441,-0.69789004,-1.6134459,0.0,0.0,0.0,0.0,0.0
Ru-AHK,1442,-4.6654215,-1.6083431,0.0,0.0,3.0,0.0,0.0
Ru-AHK,1443,-2.0149155,2.2278194,0.0,0.0,5.0,0.0,0.0
Ru-AHK,1444,-5.647251,-0.6386572,0.0,0.0,0.0,4.0,0.0
Ru-AHK,1445,-5.632846,-1.1481851,0.0,0.0,0.0,0.0,0.0
Ru-AHK,1446,-4.3350964,-0.9536489,0.0,0.0,0.0,0.0,5.0
Ru-AHK,1447,-4.459374,-0.6893701,0.0,0.0,5.0,0.0,0.0
Ru-AHK,1448,-3.105363,2.7502768,0.0,0.0,0.0,1.0,0.0
Ru-AHK,1449,-4.092562,-1.8825656,0.0,0.0,0.0,0.0,0.0
Ru-AHK,1450,-4.359526,-1.1401529,0.0,0.0,0.0,0.0,4.0
Ru-AHK,1451,-5.8304825,-1.3039054,0.0,0.0,0.0,0.0,0.0
Ru-AHK,1452,-5.5389414,-0.87329906,0.0,0.0,0.0,0.0,0.0
Ru-AHK,1453,-5.35817,0.49438986,0.0,0.0,5.0,0.0,0.0
Ru-AHK,1454,-4.235402,2.0740526,0.0,0.0,2.0,0.0,0.0
Ru-AHK,1455,-5.697249,-1.9945519,0.0,0.0,0.0,0.0,0.0
Ru-AHK,1456,-4.235402,2.0740526,0.0,0.0,2.0,0.0,0.0
Ru-AHK,1457,-3.135581,-1.1944567,0.0,0.0,0.0,0.0,0.0
Ru-AHK,1458,-5.9150844,-1.676293,0.0,0.0,0.0,0.0,0.0
Ru-AHK,1459,8.3165865,-6.79227,1.0,5.0,0.0,5.0,0.0
Ru-AHK,1460,-5.318754,-1.4927562,0.0,0.0,5.0,0.0,0.0
Ru-AHK,1461,-5.0389986,-0.065824375,0.0,0.0,0.0,0.0,0.0
Ru-AHK,1462,-1.5749583,-0.7646296,0.0,0.0,5.0,0.0,0.0
Ru-AHK,1463,-5.6798186,0.37081525,0.0,0.0,2.0,0.0,0.0
Ru-AHK,1464,8.080181,-7.059322,0.0,0.0,0.0,0.0,0.0
Ru-AHK,1465,-5.127122,-1.4208238,0.0,0.0,5.0,0.0,4.0
Ru-AHK,1466,-2.6442463,-0.9384538,0.0,0.0,3.0,0.0,0.0
Ru-AHK,1467,-5.004953,-2.312091,0.0,0.0,2.0,0.0,0.0
Ru-AHK,1468,-4.646124,-1.7816635,0.0,0.0,0.0,0.0,5.0
Ru-AHK,1469,-5.180374,0.84780735,0.0,0.0,2.0,0.0,0.0
Ru-AHK,1470,-3.5352173,-1.2138001,0.0,0.0,0.0,0.0,0.0
Ru-AHK,1471,-5.5523505,0.4195762,0.0,0.0,2.0,0.0,0.0
Ru-AHK,1472,-3.8890347,0.4878269,0.0,0.0,3.0,5.0,5.0
Ru-AHK,1473,0.09961812,1.7473732,1.0,5.0,0.0,1.0,5.0
Ru-AHK,1474,-5.9483466,-1.7180064,0.0,0.0,0.0,0.0,4.0
Ru-AHK,1475,-6.036857,-1.4214518,0.0,0.0,3.0,0.0,0.0
Ru-AHK,1476,1.4408615,7.384584,1.0,5.0,5.0,5.0,0.0
Ru-AHK,1477,-4.235402,2.0740526,0.0,0.0,2.0,0.0,0.0
Ru-AHK,1478,-4.821946,-2.2475328,0.0,0.0,2.0,0.0,1.0
Ru-AHK,1479,6.5803943,-6.5319285,0.0,0.0,0.0,0.0,0.0
Ru-AHK,1480,-1.5052098,-2.188477,0.0,0.0,0.0,0.0,0.0
Ru-AHK,1481,-4.74187,0.32991463,0.0,0.0,0.0,5.0,5.0
Ru-AHK,1482,-1.6363058,-2.6951072,0.0,0.0,0.0,0.0,0.0
Ru-AHK,1483,0.93743664,5.9275575,1.0,5.0,5.0,5.0,0.0
Ru-AHK,1484,-2.7163181,-2.2689755,0.0,0.0,0.0,0.0,0.0
Ru-AHK,1485,-4.4305897,-1.621376,0.0,0.0,5.0,0.0,0.0
Ru-AHK,1486,-5.752695,-0.99252933,0.0,0.0,0.0,0.0,0.0
Ru-AHK,1487,-4.3320823,-1.3233454,0.0,0.0,2.0,0.0,3.0
Ru-AHK,1488,-5.161953,-0.7067044,0.0,0.0,0.0,0.0,5.0
Ru-AHK,1489,12.268687,20.966732,1.0,5.0,0.0,5.0,0.0
Ru-AHK,1490,-3.2730875,-2.1444778,0.0,0.0,2.0,0.0,0.0
Ru-AHK,1491,1.9912066,0.5958864,1.0,5.0,3.0,0.0,5.0
Ru-AHK,1492,-4.1309423,0.52961206,0.0,0.0,0.0,5.0,5.0
Ru-AHK,1493,-3.1617126,-0.9579685,0.0,0.0,0.0,0.0,0.0
Ru-AHK,1494,0.5038559,-3.3165586,0.0,0.0,0.0,0.0,0.0
Ru-AHK,1495,8.068072,-7.0558505,0.0,0.0,0.0,0.0,0.0
Ru-AHK,1496,-5.6270437,-1.414731,0.0,0.0,0.0,0.0,3.0
Ru-AHK,1497,1.1407186,4.288371,1.0,5.0,0.0,5.0,1.0
Ru-AHK,1498,6.6464095,-6.8736997,0.0,0.0,0.0,4.0,0.0
Ru-AHK,1499,-3.4688513,-1.0075861,0.0,0.0,0.0,0.0,2.0
Ru-AHK,1500,-2.3285797,-0.9286971,0.0,0.0,5.0,0.0,0.0
Ru-AHK,1501,1.1369587,7.447192,1.0,5.0,5.0,5.0,0.0
Ru-AHK,1502,-3.7098582,2.5023346,0.0,0.0,5.0,0.0,0.0
Ru-AHK,1503,-5.8494234,-0.8271749,0.0,0.0,0.0,5.0,0.0
Ru-AHK,1504,-4.7261276,0.32062528,0.0,0.0,2.0,0.0,0.0
Ru-AHK,1505,-5.0004654,-1.19064,0.0,0.0,0.0,0.0,0.0
Ru-AHK,1506,-4.874044,-1.8855213,0.0,0.0,2.0,0.0,0.0
Ru-AHK,1507,-4.8229527,-1.7335647,0.0,0.0,0.0,0.0,5.0
Ru-AHK,1508,-4.621609,-1.7126199,0.0,0.0,3.0,0.0,0.0
Ru-AHK,1509,-4.4763575,-0.9089597,0.0,0.0,2.0,0.0,0.0
Ru-AHK,1510,-5.644182,-0.955766,0.0,0.0,0.0,0.0,5.0
Ru-AHK,1511,10.319163,0.30232996,1.0,5.0,0.0,5.0,0.0
Ru-AHK,1512,-2.2908216,-1.0312374,0.0,0.0,4.0,0.0,0.0
Ru-AHK,1513,-1.7810255,-1.7449354,0.0,0.0,0.0,0.0,0.0
Ru-AHK,1514,-3.476613,-0.08105603,0.0,0.0,0.0,0.0,5.0
Ru-AHK,1515,-4.74187,0.32991463,0.0,0.0,0.0,5.0,5.0
Ru-AHK,1516,-2.2847674,-1.0329739,0.0,0.0,4.0,0.0,0.0
Ru-AHK,1517,-4.4677224,-1.7851154,0.0,0.0,0.0,0.0,0.0
Ru-AHK,1518,-6.3503575,-1.2223096,0.0,0.0,0.0,0.0,0.0
Ru-AHK,1519,-4.2680984,-0.62259024,0.0,0.0,0.0,0.0,5.0
Ru-AHK,1520,-4.2684517,-0.8539768,0.0,0.0,0.0,0.0,5.0
Ru-AHK,1521,-4.3963685,-0.6713881,0.0,0.0,2.0,1.0,4.0
Ru-AHK,1522,-5.972235,-1.2281454,0.0,0.0,0.0,0.0,1.0
Ru-AHK,1523,-0.46150917,-0.70975626,0.0,0.0,0.0,0.0,0.0
Ru-AHK,1524,-5.6562376,-1.4990481,0.0,0.0,0.0,0.0,5.0
Ru-AHK,1525,-0.7689924,3.9129655,1.0,5.0,2.0,1.0,0.0
Ru-AHK,1526,-1.5070633,4.2339993,1.0,5.0,0.0,5.0,0.0
Ru-AHK,1527,-5.578672,-1.4738185,0.0,0.0,0.0,0.0,5.0
Ru-AHK,1528,0.8251008,5.68512,1.0,5.0,5.0,5.0,5.0
Ru-AHK,1529,-2.6337214,-2.2775517,0.0,0.0,0.0,0.0,0.0
Ru-AHK,1530,-2.991277,2.6399417,0.0,0.0,3.0,0.0,0.0
Ru-AHK,1531,-4.7088547,0.28009897,0.0,0.0,2.0,0.0,0.0
Ru-AHK,1532,-0.78603137,-1.5759659,0.0,0.0,5.0,0.0,2.0
Ru-AHK,1533,-5.668965,0.41154522,0.0,0.0,0.0,0.0,0.0
Ru-AHK,1534,-4.397204,0.8600687,0.0,0.0,4.0,0.0,0.0
Ru-AHK,1535,-3.105363,2.7502768,0.0,0.0,0.0,1.0,0.0
Ru-AHK,1536,-3.1583185,-2.5129595,0.0,0.0,0.0,0.0,0.0
Ru-AHK,1537,-1.9714904,-1.4269763,0.0,0.0,0.0,4.0,0.0
Ru-AHK,1538,1.5277507,7.405637,1.0,5.0,5.0,5.0,0.0
Ru-AHK,1539,-6.036857,-1.4214518,0.0,0.0,3.0,0.0,0.0
Ru-AHK,1540,1.571563,7.301361,1.0,5.0,5.0,5.0,0.0
Ru-AHK,1541,-5.720978,-0.8927397,0.0,0.0,0.0,0.0,5.0
Ru-AHK,1542,-5.598026,-0.19334896,0.0,0.0,0.0,5.0,5.0
Ru-AHK,1543,-2.7354937,-0.71264875,1.0,5.0,2.0,0.0,1.0
Ru-AHK,1544,-0.4286728,3.9914849,1.0,5.0,3.0,1.0,0.0
Ru-AHK,1545,-5.720978,-0.8927397,0.0,0.0,0.0,0.0,5.0
Ru-AHK,1546,-3.7852015,-1.5689751,0.0,0.0,5.0,0.0,0.0
Ru-AHK,1547,-3.7854905,-1.5691668,0.0,0.0,5.0,0.0,0.0
Ru-AHK,1548,-5.467253,-0.10727777,0.0,0.0,0.0,5.0,5.0
Ru-AHK,1549,3.5088952,1.5334866,1.0,5.0,3.0,0.0,1.0
Ru-AHK,1550,-0.6501726,-2.5215144,0.0,0.0,0.0,0.0,0.0
Ru-AHK,1551,-5.144643,-0.90733325,0.0,0.0,0.0,0.0,0.0
Ru-AHK,1552,-6.0442357,-1.4231365,0.0,0.0,0.0,0.0,0.0
Ru-AHK,1553,-5.1991596,-1.9973567,0.0,0.0,0.0,0.0,0.0
Ru-AHK,1554,-2.624544,-0.33009797,0.0,0.0,0.0,0.0,5.0
Ru-AHK,1555,-3.4640088,-0.057741415,0.0,0.0,0.0,0.0,5.0
Ru-AHK,1556,-1.7414917,-0.09819418,0.0,0.0,3.0,0.0,0.0
Ru-AHK,1557,7.5189896,17.708908,0.0,0.0,5.0,0.0,0.0
Ru-AHK,1558,-4.6353807,-1.6787051,0.0,0.0,0.0,0.0,5.0
Ru-AHK,1559,-5.447911,-1.3486886,0.0,0.0,0.0,0.0,5.0
Ru-AHK,1560,-4.6224093,-0.31115535,0.0,0.0,0.0,0.0,0.0
Ru-AHK,1561,-3.0030215,-0.30435956,0.0,0.0,0.0,0.0,5.0
Ru-AHK,1562,1.4408615,7.384584,1.0,5.0,5.0,5.0,0.0
Ru-AHK,1563,1.571563,7.301361,1.0,5.0,5.0,5.0,0.0
Ru-AHK,1564,-0.107012145,1.6373918,1.0,5.0,0.0,1.0,0.0
Ru-AHK,1565,-1.6780529,-0.9098077,0.0,0.0,0.0,0.0,0.0
Ru-AHK,1566,-3.9748697,-0.85453814,0.0,0.0,0.0,0.0,0.0
Ru-AHK,1567,-4.4792767,-0.8029698,0.0,0.0,0.0,5.0,5.0
Ru-AHK,1568,-4.613988,-1.4055561,0.0,0.0,0.0,0.0,5.0
Ru-AHK,1569,-3.3656976,-0.8591203,0.0,0.0,0.0,1.0,5.0
Ru-AHK,1570,-4.133546,0.52788556,0.0,0.0,0.0,5.0,5.0
Ru-AHK,1571,0.72442204,4.269832,1.0,5.0,0.0,5.0,5.0
Ru-AHK,1572,-5.7470846,-1.2943922,0.0,0.0,0.0,0.0,5.0
Ru-AHK,1573,-4.1709657,-1.5744979,0.0,0.0,5.0,0.0,5.0
Ru-AHK,1574,2.7987635,-6.4970493,0.0,0.0,0.0,4.0,0.0
Ru-AHK,1575,-5.383932,-0.977119,0.0,0.0,0.0,0.0,5.0
Ru-AHK,1576,-4.2665024,0.7768448,0.0,0.0,3.0,0.0,0.0
Ru-AHK,1577,-0.19036242,-2.9792645,0.0,0.0,0.0,0.0,0.0
Ru-AHK,1578,0.012729092,1.7263196,1.0,5.0,0.0,1.0,5.0
Ru-AHK,1579,0.14343053,1.6430969,1.0,5.0,0.0,1.0,5.0
Ru-AHK,1580,-3.6456254,-0.076850496,1.0,5.0,0.0,0.0,0.0
Ru-AHK,1581,-4.9737177,-1.2829077,0.0,0.0,5.0,0.0,5.0
Ru-AHK,1582,1.056147,0.40073067,1.0,5.0,0.0,0.0,0.0
Ru-AHK,1583,-1.8096435,-0.69915897,0.0,0.0,5.0,0.0,0.0
Ru-AHK,1584,-4.468012,-1.7853074,0.0,0.0,0.0,0.0,0.0
Ru-AHK,1585,-4.419682,-0.8090096,0.0,0.0,0.0,5.0,5.0
Ru-AHK,1586,-5.87828,-2.246247,0.0,0.0,0.0,0.0,0.0
Ru-AHK,1587,2.886496,1.5212147,1.0,5.0,5.0,0.0,0.0
Ru-AHK,1588,-0.5992117,4.2196755,1.0,5.0,2.0,5.0,0.0
Ru-AHK,1589,-4.7254972,-1.5011703,0.0,0.0,0.0,0.0,5.0
Ru-AHK,1590,-4.092562,-1.8825656,0.0,0.0,0.0,0.0,0.0
Ru-AHK,1591,-5.3215904,-0.9598531,0.0,0.0,2.0,0.0,0.0
Ru-AHK,1592,-5.1418953,-0.9055106,0.0,0.0,0.0,0.0,0.0
Ru-AHK,1593,6.8948684,18.198833,0.0,0.0,5.0,0.0,0.0
Ru-AHK,1594,-1.3446778,1.0737747,0.0,0.0,0.0,0.0,0.0
Ru-AHK,1595,-5.161953,-0.7067044,0.0,0.0,0.0,0.0,5.0
Ru-AHK,1596,-1.7947372,-2.1772294,0.0,0.0,0.0,0.0,0.0
Ru-AHK,1597,0.8251008,5.68512,1.0,5.0,5.0,5.0,5.0
Ru-AHK,1598,-1.030962,-1.0362473,0.0,0.0,0.0,0.0,0.0
Ru-AHK,1599,-4.2665024,0.7768448,0.0,0.0,3.0,0.0,0.0
Ru-AHK,1600,6.531295,18.31948,0.0,0.0,1.0,0.0,0.0
Ru-AHK,1601,-2.9179473,-0.48396447,0.0,0.0,0.0,5.0,0.0
Ru-AHK,1602,-3.462212,-0.9106345,0.0,0.0,0.0,0.0,0.0
Ru-AHK,1603,-6.4207,-1.3955017,0.0,0.0,2.0,0.0,0.0
Ru-AHK,1604,-6.6730375,-1.8709942,0.0,0.0,2.0,0.0,0.0
Ru-AHK,1605,-4.390446,-1.760078,0.0,0.0,0.0,0.0,0.0
Ru-AHK,1606,-4.3898683,-1.7596943,0.0,0.0,0.0,0.0,0.0
Ru-AHK,1607,-5.6249075,-1.3365227,0.0,0.0,0.0,0.0,5.0
Ru-AHK,1608,-0.79458094,-0.13255733,0.0,0.0,0.0,0.0,0.0
Ru-AHK,1609,-3.375575,-0.38087425,0.0,0.0,0.0,0.0,5.0
Ru-AHK,1610,6.764168,18.28206,0.0,0.0,5.0,0.0,0.0
Ru-AHK,1611,-5.3088098,-1.4772902,0.0,0.0,0.0,0.0,5.0
Ru-AHK,1612,-5.99265,-1.7015221,0.0,0.0,0.0,0.0,0.0
Ru-AHK,1613,15.983198,18.18349,1.0,5.0,4.0,5.0,0.0
Ru-AHK,1614,-5.668203,-0.90226406,0.0,0.0,0.0,0.0,5.0
Ru-AHK,1615,-1.5392625,0.6249326,1.0,5.0,0.0,0.0,0.0
Ru-AHK,1616,-5.416997,0.058345404,0.0,0.0,0.0,5.0,5.0
Ru-AHK,1617,7.26285,-6.760472,0.0,0.0,0.0,0.0,0.0
Ru-AHK,1618,8.0620165,-7.0541134,0.0,0.0,0.0,0.0,0.0
Ru-AHK,1619,3.6582327,1.4339992,1.0,5.0,3.0,0.0,1.0
Ru-AHK,1620,-4.391025,-1.7604617,0.0,0.0,0.0,0.0,0.0
Ru-AHK,1621,-4.289775,-1.4733019,0.0,0.0,0.0,0.0,5.0
Ru-AHK,1622,-5.6031528,-0.74630916,0.0,0.0,0.0,0.0,5.0
Ru-AHK,1623,-4.312262,0.2777258,0.0,0.0,0.0,5.0,5.0
Ru-AHK,1624,-0.6446272,-1.8987648,0.0,0.0,0.0,0.0,0.0
Ru-AHK,1625,1.8146975,0.24969213,0.0,0.0,0.0,0.0,0.0
Ru-AHK,1626,-5.6846566,-0.4774982,0.0,0.0,0.0,0.0,0.0
Ru-AHK,1627,12.137066,15.655333,0.0,0.0,0.0,0.0,0.0
Ru-AHK,1628,-5.6515913,-0.99599105,0.0,0.0,0.0,0.0,0.0
Ru-AHK,1629,-5.3706107,-0.78127086,0.0,0.0,0.0,0.0,1.0
Ru-AHK,1630,6.930364,0.036259707,1.0,5.0,0.0,5.0,0.0
Ru-AHK,1631,7.624582,-0.30103445,1.0,5.0,0.0,5.0,0.0
Ru-AHK,1632,-5.310129,-1.4853816,0.0,0.0,5.0,0.0,3.0
Ru-AHK,1633,-3.324743,-0.31237996,0.0,0.0,0.0,0.0,5.0
Ru-AHK,1634,-3.2471774,-0.28715068,0.0,0.0,0.0,0.0,5.0
Ru-AHK,1635,-4.9313903,-0.5479252,1.0,5.0,0.0,0.0,0.0
Ru-AHK,1636,-3.1411088,-0.9580323,0.0,0.0,0.0,0.0,0.0
Ru-AHK,1637,-4.9255857,-0.51575655,1.0,5.0,0.0,0.0,0.0
Ru-AHK,1638,-4.511835,-0.6663828,0.0,0.0,0.0,5.0,4.0
Ru-AHK,1639,-5.5268917,-1.423945,0.0,0.0,0.0,0.0,5.0
Ru-AHK,1640,-6.1760817,-2.270118,0.0,0.0,0.0,0.0,0.0
Ru-AHK,1641,-6.0604014,-2.311826,0.0,0.0,0.0,0.0,0.0
Ru-AHK,1642,3.5088952,1.5334866,1.0,5.0,3.0,0.0,1.0
Ru-AHK,1643,1.565157,0.5623792,1.0,5.0,3.0,0.0,0.0
Ru-AHK,1644,-4.4266434,-0.6449992,0.0,0.0,0.0,1.0,5.0
Ru-AHK,1645,-4.2634444,-1.1991035,0.0,0.0,0.0,0.0,5.0
Ru-AHK,1646,-5.292663,-1.6196886,0.0,0.0,3.0,0.0,5.0
Ru-AHK,1647,-4.7610993,-1.6516106,0.0,0.0,0.0,0.0,0.0
Ru-AHK,1648,-1.6882101,-3.4597795,0.0,0.0,0.0,0.0,0.0
Ru-AHK,1649,-4.6608367,-1.766446,0.0,0.0,0.0,4.0,0.0
Ru-AHK,1650,-4.7782726,-1.4916464,0.0,0.0,0.0,0.0,5.0
Ru-AHK,1651,6.608858,18.344702,0.0,0.0,0.0,0.0,0.0
Ru-AHK,1652,1.415813,5.3718624,1.0,5.0,5.0,5.0,0.0
Ru-AHK,1653,8.336351,-6.4474897,1.0,5.0,0.0,5.0,0.0
Ru-AHK,1654,-4.8865848,-0.56077564,1.0,5.0,0.0,0.0,0.0
Ru-AHK,1655,-3.6456254,-0.076850496,1.0,5.0,0.0,0.0,0.0
Ru-AHK,1656,-4.9703884,-0.5029061,1.0,5.0,0.0,0.0,0.0
Ru-AHK,1657,-2.2197547,-1.1857834,0.0,0.0,0.0,0.0,0.0
Ru-AHK,1658,-4.876208,-1.6312852,0.0,0.0,0.0,0.0,0.0
Ru-AHK,1659,-4.343713,-0.76686805,0.0,0.0,0.0,0.0,5.0
Ru-AHK,1660,6.8168178,17.433346,0.0,0.0,0.0,0.0,0.0
Ru-AHK,1661,4.054528,14.385785,0.0,0.0,0.0,0.0,0.0
Ru-AHK,1662,12.570488,20.890427,1.0,5.0,4.0,5.0,0.0
Ru-AHK,1663,-5.2224865,-1.0589849,0.0,0.0,0.0,0.0,5.0
Ru-AHK,1664,-2.9842618,0.58835113,0.0,0.0,5.0,5.0,5.0
Ru-AHK,1665,-4.3740773,-1.9554424,0.0,0.0,0.0,0.0,0.0
Ru-AHK,1666,-3.462212,-0.9106345,0.0,0.0,0.0,0.0,0.0
Ru-AHK,1667,0.035830073,0.24234739,1.0,5.0,5.0,5.0,5.0
Ru-AHK,1668,-5.593466,-0.74908775,0.0,0.0,0.0,0.0,5.0
Ru-AHK,1669,-1.828983,-0.40516528,0.0,0.0,0.0,0.0,0.0
Ru-AHK,1670,-2.3370469,-0.92294866,0.0,0.0,2.0,0.0,5.0
Ru-AHK,1671,-3.324743,-0.31237996,0.0,0.0,0.0,0.0,5.0
Ru-AHK,1672,-2.6422222,-0.09623925,0.0,0.0,5.0,0.0,5.0
Ru-AHK,1673,4.8575296,-0.33292443,1.0,5.0,0.0,1.0,0.0
Ru-AHK,1674,-4.6685414,-2.109617,0.0,0.0,2.0,0.0,5.0
Ru-AHK,1675,-2.996675,-1.0135003,0.0,0.0,2.0,0.0,0.0
Ru-AHK,1676,-4.0648193,-0.17898348,0.0,0.0,2.0,0.0,0.0
Ru-AHK,1677,-3.6008213,-0.08970106,1.0,5.0,0.0,0.0,0.0
Ru-AHK,1678,-3.845222,0.38354963,0.0,0.0,3.0,5.0,5.0
Ru-AHK,1679,-0.52577394,3.916332,1.0,5.0,2.0,5.0,0.0
Ru-AHK,1680,-4.1479607,-1.8014798,0.0,0.0,3.0,0.0,0.0
Ru-AHK,1681,1.482196,0.4342367,1.0,5.0,0.0,0.0,0.0
Ru-AHK,1682,-2.3188531,-2.7853153,0.0,0.0,0.0,0.0,0.0
Ru-AHK,1683,-4.678293,-0.7211202,0.0,0.0,5.0,0.0,0.0
Ru-AHK,1684,3.074068,1.5760753,1.0,5.0,5.0,0.0,0.0
Ru-AHK,1685,-5.4347935,-1.5667663,1.0,5.0,0.0,0.0,0.0
Ru-AHK,1686,-4.3760757,-0.3673148,0.0,0.0,0.0,0.0,0.0
Ru-AHK,1687,10.170433,0.37224716,1.0,5.0,0.0,5.0,0.0
Ru-AHK,1688,1.7625827,7.3926053,1.0,5.0,5.0,5.0,0.0
Ru-AHK,1689,-3.6932905,-0.3603638,0.0,0.0,5.0,1.0,5.0
Ru-AHK,1690,-0.45569292,-1.65504,0.0,0.0,0.0,0.0,0.0
Ru-AHK,1691,1.1399686,5.177356,1.0,5.0,5.0,5.0,5.0
Ru-AHK,1692,-4.9090214,-0.9429285,0.0,0.0,4.0,0.0,0.0
Ru-AHK,1693,-3.6008213,-0.08970106,1.0,5.0,0.0,0.0,0.0
Ru-AHK,1694,-4.914932,-0.5795752,1.0,5.0,0.0,0.0,0.0
Ru-AHK,1695,-4.1300297,-0.9063477,0.0,0.0,0.0,0.0,5.0
Ru-AHK,1696,-4.1311817,-0.9071119,0.0,0.0,0.0,0.0,5.0
Ru-AHK,1697,8.0495405,-7.0233045,0.0,0.0,0.0,0.0,0.0
Ru-AHK,1698,-3.0033913,-1.9258227,0.0,0.0,5.0,0.0,0.0
Ru-AHK,1699,-0.8392434,5.185611,1.0,5.0,0.0,5.0,5.0
Ru-AHK,1700,-5.5033736,-0.996463,0.0,0.0,0.0,0.0,5.0
Ru-AHK,1701,-5.2422123,-0.6875472,0.0,0.0,0.0,0.0,0.0
Ru-AHK,1702,-0.13948716,7.476154,1.0,5.0,0.0,0.0,0.0
Ru-AHK,1703,-3.6008213,-0.08970106,1.0,5.0,0.0,0.0,0.0
Ru-AHK,1704,-4.505394,-1.0573915,0.0,0.0,0.0,5.0,0.0
Ru-AHK,1705,0.30500433,-1.023436,0.0,0.0,0.0,0.0,0.0
Ru-AHK,1706,-1.5270504,-0.41908345,0.0,0.0,0.0,0.0,0.0
Ru-AHK,1707,-5.6377006,-1.8295376,0.0,0.0,3.0,0.0,0.0
Ru-AHK,1708,6.3996387,-6.2371535,0.0,0.0,0.0,0.0,0.0
Ru-AHK,1709,-5.668203,-0.90226406,0.0,0.0,0.0,0.0,5.0
Ru-AHK,1710,-5.5227456,-1.4693104,0.0,0.0,3.0,0.0,0.0
Ru-AHK,1711,-4.505394,-1.0573915,0.0,0.0,0.0,5.0,0.0
Ru-AHK,1712,-2.1399646,-0.29534003,0.0,0.0,5.0,0.0,0.0
Ru-AHK,1713,-6.6730375,-1.8709942,0.0,0.0,2.0,0.0,0.0
Ru-AHK,1714,-6.43133,-1.391527,0.0,0.0,0.0,0.0,0.0
Ru-AHK,1715,-5.584772,-1.8386471,0.0,0.0,3.0,0.0,0.0
Ru-AHK,1716,9.528222,14.645171,0.0,0.0,0.0,0.0,0.0
Ru-AHK,1717,-4.850177,-0.16793345,0.0,0.0,2.0,0.0,0.0
Ru-AHK,1718,-0.33020955,1.1698129,1.0,5.0,5.0,0.0,0.0
Ru-AHK,1719,-6.1760817,-2.270118,0.0,0.0,0.0,0.0,0.0
Ru-AHK,1720,-3.32323,-1.0236106,0.0,0.0,0.0,0.0,0.0
Ru-AHK,1721,-1.0936189,4.579466,1.0,5.0,0.0,3.0,0.0
Ru-AHK,1722,-5.2724843,-0.6788646,0.0,0.0,0.0,0.0,0.0
Ru-AHK,1723,-5.8581715,-1.7837363,0.0,0.0,0.0,0.0,5.0
Ru-AHK,1724,-4.3692393,-2.2453763,0.0,0.0,0.0,0.0,0.0
Ru-AHK,1725,2.36778,0.5020887,0.0,0.0,0.0,0.0,0.0
Ru-AHK,1726,-2.826926,-2.9537168,0.0,0.0,0.0,0.0,0.0
Ru-AHK,1727,-4.9616613,-0.73962545,0.0,0.0,5.0,0.0,5.0
Ru-AHK,1728,-2.1917207,-2.0335689,0.0,0.0,0.0,0.0,0.0
Ru-AHK,1729,-3.2229598,-0.294097,0.0,0.0,0.0,0.0,5.0
Ru-AHK,1730,-2.8224852,-0.5114809,0.0,0.0,1.0,0.0,0.0
Ru-AHK,1731,-3.7338877,-0.6825724,0.0,0.0,5.0,0.0,5.0
Ru-AHK,1732,-3.890394,-0.7360548,0.0,0.0,5.0,0.0,3.0
Ru-AHK,1733,-4.091924,-0.82028157,1.0,5.0,0.0,0.0,0.0
Ru-AHK,1734,-3.1210275,0.15855749,1.0,5.0,0.0,0.0,0.0
Ru-AHK,1735,-2.7449195,-0.48625153,0.0,0.0,0.0,0.0,0.0
Ru-AHK,1736,-0.7689924,3.9129655,1.0,5.0,2.0,1.0,0.0
Ru-AHK,1737,10.609354,0.35304183,1.0,5.0,0.0,5.0,0.0
Ru-AHK,1738,-0.18112887,-1.3532351,0.0,0.0,0.0,0.0,1.0
Ru-AHK,1739,-1.0689192,4.5509543,1.0,5.0,0.0,1.0,0.0
Ru-AHK,1740,-0.96430236,4.4641967,1.0,5.0,0.0,1.0,0.0
Ru-AHK,1741,-4.2567563,-0.22098573,0.0,0.0,5.0,0.0,5.0
Ru-AHK,1742,6.8948684,18.198833,0.0,0.0,5.0,0.0,0.0
Ru-AHK,1743,1.0830172,6.1764283,1.0,5.0,5.0,5.0,5.0
Ru-AHK,1744,-4.9090214,-0.9429285,0.0,0.0,4.0,0.0,0.0
Ru-AHK,1745,13.25589,20.735638,1.0,5.0,4.0,5.0,0.0
Ru-AHK,1746,10.044427,2.0137944,1.0,5.0,0.0,5.0,0.0
Ru-AHK,1747,-4.7812877,-1.2688932,0.0,0.0,0.0,0.0,5.0
Ru-AHK,1748,-3.6008213,-0.08970106,1.0,5.0,0.0,0.0,0.0
Ru-AHK,1749,-2.9463122,-1.1739146,0.0,0.0,0.0,0.0,0.0
Ru-AHK,1750,-4.4953494,-0.9269661,0.0,0.0,0.0,0.0,0.0
Ru-AHK,1751,-4.4965014,-0.92773056,0.0,0.0,0.0,0.0,0.0
Ru-AHK,1752,-4.3399954,-0.8742477,0.0,0.0,0.0,0.0,5.0
Ru-AHK,1753,-4.338843,-0.8734832,0.0,0.0,0.0,0.0,5.0
Ru-AHK,1754,-3.87287,-0.56959593,0.0,0.0,5.0,0.0,5.0
Ru-AHK,1755,-2.250066,3.9931211,1.0,5.0,0.0,1.0,0.0
Ru-AHK,1756,1.3254579,-0.36138114,1.0,5.0,0.0,5.0,1.0
Ru-AHK,1757,-4.444862,-2.253832,0.0,0.0,0.0,0.0,0.0
Ru-AHK,1758,2.5421386,-0.5266644,0.0,0.0,0.0,0.0,0.0
Ru-AHK,1759,-3.5553458,-1.1141208,0.0,0.0,0.0,0.0,0.0
Ru-AHK,1760,-3.5186214,1.5311906,1.0,5.0,0.0,0.0,0.0
Ru-AHK,1761,19.052986,-16.116486,0.0,0.0,0.0,0.0,0.0
Ru-AHK,1762,-3.9139068,-0.7940803,0.0,0.0,5.0,0.0,2.0
Ru-AHK,1763,-4.148249,-1.8016715,0.0,0.0,3.0,0.0,0.0
Ru-AHK,1764,-3.1987417,-0.3010432,0.0,0.0,0.0,0.0,5.0
Ru-AHK,1765,-2.5896127,-0.5488985,0.0,0.0,5.0,0.0,0.0
Ru-AHK,1766,-3.9847734,-1.2122296,0.0,0.0,0.0,0.0,0.0
Ru-AHK,1767,-4.6372566,-0.496636,0.0,0.0,5.0,0.0,4.0
Ru-AHK,1768,-4.459374,-0.6893701,0.0,0.0,5.0,0.0,0.0
Ru-AHK,1769,7.213814,18.535618,0.0,0.0,5.0,0.0,0.0
Ru-AHK,1770,-0.56092054,-1.7808093,0.0,0.0,0.0,0.0,0.0
Ru-AHK,1771,7.977633,19.965212,0.0,0.0,0.0,0.0,0.0
Ru-AHK,1772,-5.6290746,-1.8221639,0.0,0.0,3.0,0.0,0.0
Ru-AHK,1773,-3.5250742,-0.71543664,0.0,0.0,5.0,0.0,5.0
Ru-AHK,1774,-3.7749248,-0.9070563,0.0,0.0,5.0,0.0,0.0
Ru-AHK,1775,-4.477825,-0.76050746,0.0,0.0,0.0,0.0,5.0
Ru-AHK,1776,-4.478978,-0.7612716,0.0,0.0,0.0,0.0,5.0
Ru-AHK,1777,3.4350312,-1.6977108,1.0,5.0,0.0,1.0,0.0
Ru-AHK,1778,-5.2636538,-1.6930542,0.0,0.0,0.0,0.0,0.0
Ru-AHK,1779,-3.4950826,-1.3636705,0.0,0.0,2.0,0.0,5.0
Ru-AHK,1780,1.3280505,-0.5314356,0.0,0.0,0.0,0.0,0.0
Ru-AHK,1781,-3.9393303,-1.3405149,0.0,0.0,0.0,0.0,2.0
Ru-AHK,1782,14.262174,15.300401,0.0,0.0,0.0,0.0,0.0
Ru-AHK,1783,-5.4631395,-1.5855657,1.0,5.0,0.0,0.0,0.0
Ru-AHK,1784,-4.8986254,-1.9592384,0.0,0.0,2.0,0.0,1.0
Ru-AHK,1785,-2.502723,-0.52784467,0.0,0.0,5.0,0.0,0.0
Ru-AHK,1786,-4.242207,-0.98149645,0.0,0.0,0.0,0.0,5.0
Ru-AHK,1787,-3.6360996,-0.7898212,0.0,0.0,5.0,0.0,5.0
Ru-AHK,1788,-4.241055,-0.9807322,0.0,0.0,0.0,0.0,5.0
Ru-AHK,1789,-1.7905399,-0.8284965,0.0,0.0,0.0,0.0,0.0
Ru-AHK,1790,-5.1418953,-0.9055106,0.0,0.0,0.0,0.0,0.0
Ru-AHK,1791,-4.5624137,0.733865,0.0,0.0,0.0,0.0,0.0
Ru-AHK,1792,11.573091,15.444866,0.0,0.0,0.0,0.0,0.0
Ru-AHK,1793,-4.0471206,-0.833132,1.0,5.0,0.0,0.0,0.0
Ru-AHK,1794,-6.2181334,-1.631884,0.0,0.0,0.0,0.0,0.0
Ru-AHK,1795,-3.9314313,-0.960539,0.0,0.0,5.0,0.0,0.0
Ru-AHK,1796,18.820429,-16.213478,0.0,0.0,0.0,0.0,0.0
Ru-AHK,1797,-0.9060331,4.091542,1.0,5.0,0.0,1.0,0.0
Ru-AHK,1798,-3.8569307,-1.6656153,0.0,0.0,0.0,0.0,0.0
Ru-AHK,1799,-4.2760906,-2.222393,0.0,0.0,0.0,0.0,0.0
Ru-AHK,1800,-3.1580353,-1.4117647,0.0,0.0,0.0,0.0,0.0
Ru-AHK,1801,-3.092445,0.16521506,0.0,0.0,0.0,0.0,0.0
Ru-AHK,1802,-3.168469,-0.30972612,0.0,0.0,0.0,0.0,5.0
Ru-AHK,1803,0.17996398,-2.6404915,0.0,0.0,0.0,0.0,0.0
Ru-AHK,1804,-4.982937,-0.7895109,1.0,5.0,0.0,0.0,0.0
Ru-AHK,1805,-4.2281528,-1.0264603,0.0,0.0,2.0,0.0,1.0
Ru-AHK,1806,-3.7245784,-2.0476573,0.0,0.0,0.0,0.0,0.0
Ru-AHK,1807,-3.8212173,-0.6059017,0.0,0.0,5.0,1.0,5.0
Ru-AHK,1808,-3.0049803,-0.32874408,0.0,0.0,3.0,0.0,0.0
Ru-AHK,1809,-4.005916,-0.8943698,0.0,0.0,0.0,0.0,5.0
Ru-AHK,1810,10.106604,0.41605103,1.0,5.0,0.0,5.0,0.0
Ru-AHK,1811,-3.7311122,-1.0113333,0.0,0.0,4.0,0.0,4.0
Ru-AHK,1812,2.7945726,1.898764,1.0,5.0,5.0,0.0,5.0
Ru-AHK,1813,-2.9525492,-0.42443278,0.0,0.0,0.0,0.0,0.0
Ru-AHK,1814,-0.23500055,-1.3760319,0.0,0.0,0.0,0.0,0.0
Ru-AHK,1815,-4.2635694,-0.68388844,0.0,0.0,0.0,0.0,5.0
Ru-AHK,1816,-2.6745944,-0.011925648,0.0,0.0,0.0,5.0,0.0
Ru-AHK,1817,-5.88632,-1.34867,0.0,0.0,0.0,0.0,0.0
Ru-AHK,1818,-3.734747,-0.5045881,0.0,0.0,0.0,0.0,5.0
Ru-AHK,1819,-3.8981793,-0.5891283,0.0,0.0,0.0,0.0,3.0
Ru-AHK,1820,-1.9899684,-1.9572748,0.0,0.0,0.0,0.0,0.0
Ru-AHK,1821,-5.1375136,-2.2840247,0.0,0.0,0.0,0.0,0.0
Ru-AHK,1822,-5.163316,-1.5445858,0.0,0.0,3.0,0.0,5.0
Ru-AHK,1823,-3.8700948,-0.8983573,0.0,0.0,4.0,0.0,5.0
Ru-AHK,1824,-4.136514,-0.29796,0.0,0.0,5.0,0.0,5.0
Ru-AHK,1825,-5.292663,-1.6196886,0.0,0.0,3.0,0.0,5.0
Ru-AHK,1826,-4.593472,-1.0470786,0.0,0.0,2.0,0.0,0.0
Ru-AHK,1827,-3.8876183,-1.0648158,0.0,0.0,4.0,0.0,0.0
Ru-AHK,1828,1.482196,0.4342367,1.0,5.0,0.0,0.0,0.0
Ru-AHK,1829,-5.287871,-1.6861081,0.0,0.0,0.0,0.0,1.0
Ru-AHK,1830,0.2351679,-1.334697,0.0,0.0,0.0,0.0,0.0
Ru-AHK,1831,-0.95447814,4.3171206,1.0,5.0,2.0,1.0,0.0
Ru-AHK,1832,-3.5791183,1.1391457,0.0,0.0,0.0,0.0,0.0
Ru-AHK,1833,-5.2424726,-0.68771994,0.0,0.0,0.0,0.0,0.0
Ru-AHK,1834,19.556507,15.956609,1.0,5.0,0.0,5.0,0.0
Ru-AHK,1835,-5.8694,-0.0058074403,0.0,0.0,0.0,0.0,0.0
Ru-AHK,1836,-3.6771362,-1.0143052,0.0,0.0,5.0,0.0,0.0
Ru-AHK,1837,-4.4369655,-0.99359614,0.0,0.0,2.0,0.0,0.0
Ru-AHK,1838,-5.165045,0.33983076,0.0,0.0,2.0,0.0,0.0
Ru-AHK,1839,-5.8065467,-1.375035,0.0,0.0,5.0,0.0,0.0
Ru-AHK,1840,-5.2038,-1.1325288,0.0,0.0,5.0,0.0,4.0
Ru-AHK,1841,-5.5560613,-0.9624724,0.0,0.0,0.0,0.0,0.0
Ru-AHK,1842,-4.717615,-0.45214084,0.0,0.0,0.0,0.0,4.0
Ru-AHK,1843,-5.0567956,-1.4921008,0.0,0.0,0.0,0.0,5.0
Ru-AHK,1844,-3.4198787,-1.0123525,0.0,0.0,0.0,0.0,0.0
Ru-AHK,1845,-3.2427542,-1.7006675,0.0,0.0,5.0,0.0,0.0
Ru-AHK,1846,-4.2760906,-2.222393,0.0,0.0,0.0,0.0,0.0
Ru-AHK,1847,-1.8768528,-2.5413334,0.0,0.0,0.0,0.0,0.0
Ru-AHK,1848,5.2871423,-3.1974452,0.0,0.0,0.0,0.0,0.0
Ru-AHK,1849,-3.317523,-1.1850054,0.0,0.0,0.0,0.0,3.0
Ru-AHK,1850,-5.6804867,-0.9747563,0.0,0.0,0.0,0.0,0.0
Ru-AHK,1851,-4.5759478,-0.88061976,0.0,0.0,2.0,0.0,2.0
Ru-AHK,1852,-3.3224418,-1.0111374,0.0,0.0,0.0,0.0,2.0
Ru-AHK,1853,-4.980922,-0.45501018,0.0,0.0,0.0,0.0,5.0
Ru-AHK,1854,-5.2724285,-0.8228673,0.0,0.0,0.0,0.0,5.0
Ru-AHK,1855,-4.250072,-0.87716085,0.0,0.0,0.0,0.0,5.0
Ru-AHK,1856,-0.5821157,-1.810324,0.0,0.0,0.0,0.0,0.0
Ru-AHK,1857,-5.223467,-0.8397409,0.0,0.0,0.0,0.0,0.0
Ru-AHK,1858,-3.6066344,0.76482844,0.0,0.0,0.0,5.0,5.0
Ru-AHK,1859,-3.566111,-0.9399209,0.0,0.0,5.0,0.0,0.0
Ru-AHK,1860,16.766033,-13.828582,0.0,0.0,0.0,0.0,0.0
Ru-AHK,1861,-5.078555,-0.5109022,0.0,0.0,0.0,0.0,5.0
Ru-AHK,1862,1.4221865,-0.5267355,1.0,5.0,0.0,5.0,5.0
Ru-AHK,1863,-3.3453002,-0.40726337,0.0,0.0,2.0,0.0,0.0
Ru-AHK,1864,-1.6232247,-0.22163858,0.0,0.0,0.0,0.0,0.0
Ru-AHK,1865,-4.6372566,-0.496636,0.0,0.0,5.0,0.0,4.0
Ru-AHK,1866,-1.0480834,4.511145,1.0,5.0,0.0,1.0,0.0
Ru-AHK,1867,9.250811,-0.8742467,1.0,5.0,0.0,5.0,0.0
Ru-AHK,1868,18.820429,-16.213478,0.0,0.0,0.0,0.0,0.0
Ru-AHK,1869,-3.7740114,0.626949,0.0,0.0,0.0,5.0,0.0
Ru-AHK,1870,-6.0538225,-1.088509,0.0,0.0,0.0,0.0,0.0
Ru-AHK,1871,-1.461914,6.9710865,1.0,5.0,0.0,0.0,0.0
Ru-AHK,1872,-1.4653709,-1.7218671,0.0,0.0,0.0,0.0,0.0
Ru-AHK,1873,-1.4798697,-2.6849933,0.0,0.0,0.0,0.0,0.0
Ru-AHK,1874,-1.4246259,7.370925,1.0,5.0,0.0,0.0,0.0
Ru-AHK,1875,0.3387207,-1.0576837,0.0,0.0,0.0,0.0,0.0
Ru-AHK,1876,-6.0752583,-1.9880103,0.0,0.0,0.0,0.0,3.0
Ru-AHK,1877,-5.434984,-1.3905287,0.0,0.0,0.0,0.0,0.0
Ru-AHK,1878,2.8731523,0.89734143,1.0,5.0,0.0,5.0,0.0
Ru-AHK,1879,-3.3224418,-1.0111374,0.0,0.0,0.0,0.0,2.0
Ru-AHK,1880,-5.8458376,-1.3302071,0.0,0.0,5.0,0.0,0.0
Ru-AHK,1881,-5.336533,-0.8450301,0.0,0.0,0.0,0.0,5.0
Ru-AHK,1882,1.3254579,-0.36138114,1.0,5.0,0.0,5.0,1.0
Ru-AHK,1883,0.6124086,-2.1224003,0.0,0.0,0.0,0.0,0.0
Ru-AHK,1884,-4.922283,-0.21984567,1.0,5.0,0.0,0.0,0.0
Ru-AHK,1885,-4.444862,-2.253832,0.0,0.0,0.0,0.0,0.0
Ru-AHK,1886,-3.633324,-1.1185822,0.0,0.0,4.0,0.0,1.0
Ru-AHK,1887,-1.857874,6.806739,1.0,5.0,0.0,0.0,0.0
Ru-AHK,1888,-5.295008,-2.173926,0.0,0.0,0.0,0.0,0.0
Ru-AHK,1889,-5.110075,-0.8947537,1.0,5.0,0.0,0.0,0.0
Ru-AHK,1890,-3.1112556,-1.9808949,0.0,0.0,0.0,0.0,0.0
Ru-AHK,1891,8.074519,-7.049647,0.0,0.0,0.0,0.0,0.0
Ru-AHK,1892,-4.1277027,-0.6921408,0.0,0.0,0.0,5.0,5.0
Ru-AHK,1893,2.5526924,-5.8921614,0.0,0.0,0.0,0.0,0.0
Ru-AHK,1894,-4.496563,-1.5748377,0.0,0.0,0.0,4.0,0.0
Ru-AHK,1895,-3.7303936,1.392252,0.0,0.0,0.0,0.0,0.0
Ru-AHK,1896,-2.3362749,-2.1256218,0.0,0.0,0.0,0.0,0.0
Ru-AHK,1897,-3.1512768,-0.4923444,0.0,0.0,5.0,1.0,5.0
Ru-AHK,1898,-2.9209795,-1.1367532,0.0,0.0,0.0,0.0,0.0
Ru-AHK,1899,-1.0507555,4.545744,1.0,5.0,0.0,1.0,0.0
Ru-AHK,1900,-4.339177,-1.1008446,0.0,0.0,2.0,0.0,0.0
Ru-AHK,1901,-3.522299,-1.0441976,0.0,0.0,4.0,0.0,5.0
Ru-AHK,1902,0.4651513,1.651117,1.0,5.0,0.0,1.0,3.0
Ru-AHK,1903,-5.947439,-1.8946712,0.0,0.0,0.0,0.0,3.0
Ru-AHK,1904,-5.3448024,0.22960037,0.0,0.0,0.0,0.0,0.0
Ru-AHK,1905,-3.7640254,-1.0353584,0.0,0.0,5.0,0.0,1.0
Ru-AHK,1906,-4.775921,-1.7654094,0.0,0.0,0.0,0.0,5.0
Ru-AHK,1907,-6.2699714,-0.9500258,0.0,0.0,0.0,0.0,0.0
Ru-AHK,1908,-5.7303524,-1.690396,0.0,0.0,0.0,0.0,5.0
Ru-AHK,1909,-4.7601724,0.5900201,0.0,0.0,0.0,0.0,0.0
Ru-AHK,1910,-5.0780277,-0.67311275,0.0,0.0,0.0,0.0,5.0
Ru-AHK,1911,-3.6530004,-0.960974,0.0,0.0,5.0,0.0,5.0
Ru-AHK,1912,-3.861814,-0.92810965,0.0,0.0,5.0,0.0,4.0
Ru-AHK,1913,-4.152105,-1.6187223,0.0,0.0,1.0,0.0,0.0
Ru-AHK,1914,-4.8229527,-1.7335647,0.0,0.0,0.0,0.0,5.0
Ru-AHK,1915,-5.029935,-0.27816358,0.0,0.0,0.0,0.0,0.0
Ru-AHK,1916,-0.46484685,9.150325,1.0,5.0,0.0,0.0,0.0
Ru-AHK,1917,-3.107517,-1.5437288,0.0,0.0,0.0,0.0,0.0
Ru-AHK,1918,6.392714,-5.867718,0.0,0.0,0.0,3.0,0.0
Ru-AHK,1919,-5.468901,-1.9378031,0.0,0.0,0.0,0.0,2.0
Ru-AHK,1920,6.2116838,-6.1194115,0.0,0.0,0.0,5.0,0.0
Ru-AHK,1921,-4.0007963,-0.8151336,0.0,0.0,5.0,0.0,5.0
Ru-AHK,1922,-4.0183196,-0.9815925,0.0,0.0,5.0,0.0,0.0
Ru-AHK,1923,-5.249737,-0.8780491,1.0,5.0,0.0,0.0,0.0
Ru-AHK,1924,-6.100583,-0.90163314,0.0,0.0,0.0,0.0,0.0
Ru-AHK,1925,-5.37186,-0.71711355,0.0,0.0,0.0,0.0,0.0
Ru-AHK,1926,-0.106951356,3.9995055,1.0,5.0,5.0,1.0,0.0
Ru-AHK,1927,-4.108671,-1.2214152,0.0,0.0,5.0,4.0,5.0
Ru-AHK,1928,-6.0582495,-1.0033509,0.0,0.0,0.0,0.0,1.0
Ru-AHK,1929,2.7763076,15.578401,1.0,5.0,0.0,1.0,0.0
Ru-AHK,1930,19.331081,-16.317505,0.0,0.0,0.0,0.0,0.0
Ru-AHK,1931,-0.25928864,7.45969,1.0,5.0,0.0,0.0,0.0
Ru-AHK,1932,0.10157698,1.7717588,1.0,5.0,0.0,1.0,5.0
Ru-AHK,1933,4.259594,2.783704,1.0,5.0,5.0,5.0,0.0
Ru-AHK,1934,-1.1412878,7.8491716,1.0,5.0,0.0,0.0,0.0
Ru-AHK,1935,-0.9274927,-3.2267847,1.0,5.0,0.0,0.0,0.0
Ru-AHK,1936,-3.4833364,0.1980378,0.0,0.0,0.0,0.0,5.0
Ru-AHK,1937,-5.766705,-1.9616739,0.0,0.0,0.0,0.0,0.0
Ru-AHK,1938,-5.0000153,-0.72914046,0.0,0.0,3.0,0.0,0.0
Ru-AHK,1939,-5.419578,-0.52480155,0.0,0.0,0.0,0.0,0.0
Ru-AHK,1940,-4.843717,-1.5427353,0.0,0.0,0.0,0.0,1.0
Ru-AHK,1941,-5.245076,-0.6894463,0.0,0.0,0.0,0.0,0.0
Ru-AHK,1942,-5.6791553,-1.71431,0.0,0.0,0.0,0.0,5.0
Ru-AHK,1943,-4.8377786,-1.3633158,0.0,0.0,0.0,0.0,0.0
Ru-AHK,1944,-5.598026,-0.19334896,0.0,0.0,0.0,5.0,5.0
Ru-AHK,1945,-1.4730617,7.384817,1.0,5.0,0.0,0.0,0.0
Ru-AHK,1946,19.854029,-16.275885,0.0,0.0,0.0,0.0,0.0
Ru-AHK,1947,1.4221865,-0.5267355,1.0,5.0,0.0,5.0,5.0
Ru-AHK,1948,-5.430931,-1.3020136,0.0,0.0,0.0,0.0,5.0
Ru-AHK,1949,-5.514856,-1.3356047,0.0,0.0,0.0,0.0,5.0
Ru-AHK,1950,-5.3674245,0.26734433,0.0,0.0,0.0,0.0,0.0
Ru-AHK,1951,-0.69789004,-1.6134459,0.0,0.0,0.0,0.0,0.0
Ru-AHK,1952,7.7690973,-4.0489125,1.0,5.0,0.0,1.0,0.0
Ru-AHK,1953,-1.2866365,7.28729,1.0,5.0,0.0,0.0,0.0
Ru-AHK,1954,-4.946641,-1.854067,0.0,0.0,0.0,0.0,0.0
Ru-AHK,1955,2.7589064,4.539737,1.0,5.0,0.0,0.0,0.0
Ru-AHK,1956,-5.2422123,-0.6875472,0.0,0.0,0.0,0.0,0.0
Ru-AHK,1957,-5.161953,-0.7067044,0.0,0.0,0.0,0.0,5.0
Ru-AHK,1958,-1.2418681,7.330658,1.0,5.0,0.0,0.0,0.0
Ru-AHK,1959,-5.720978,-0.8927397,0.0,0.0,0.0,0.0,5.0
Ru-AHK,1960,0.04750607,7.3278966,1.0,5.0,0.0,0.0,0.0
Ru-AHK,1961,10.72374,-1.6900778,1.0,5.0,0.0,5.0,0.0
Ru-AHK,1962,-5.0000153,-0.72914046,0.0,0.0,3.0,0.0,0.0
Ru-AHK,1963,-5.6087,-0.727975,0.0,0.0,0.0,0.0,5.0
Ru-AHK,1964,-1.1412878,7.8491716,1.0,5.0,0.0,0.0,0.0
Ru-AHK,1965,-5.0364037,-1.4851379,0.0,0.0,0.0,0.0,5.0
Ru-AHK,1966,-1.6900305,-1.4238324,0.0,0.0,0.0,0.0,0.0
Ru-AHK,1967,-5.7819443,-1.3189033,0.0,0.0,0.0,0.0,0.0
Ru-AHK,1968,-5.1411524,-0.73279375,0.0,0.0,0.0,0.0,0.0
Ru-AHK,1969,-0.38546216,7.6758323,1.0,5.0,0.0,0.0,0.0
Ru-AHK,1970,19.839884,-16.408514,0.0,0.0,0.0,0.0,0.0
Ru-AHK,1971,6.3838506,17.78127,0.0,0.0,0.0,0.0,0.0
Ru-AHK,1972,-0.048841137,-2.7033782,0.0,0.0,0.0,0.0,0.0
Ru-AHK,1973,18.996998,-15.564545,0.0,0.0,0.0,0.0,0.0
Ru-AHK,1974,-0.16988525,7.3048506,1.0,5.0,0.0,0.0,0.0
Ru-AHK,1975,19.13367,-16.10453,0.0,0.0,0.0,0.0,0.0
Ru-AHK,1976,-4.8210673,0.36039802,0.0,0.0,5.0,0.0,5.0
Ru-AHK,1977,-6.107774,-0.93729573,0.0,0.0,0.0,0.0,0.0
Ru-AHK,1978,19.294193,-15.412143,0.0,0.0,0.0,0.0,0.0
Ru-AHK,1979,6.563708,-6.530525,0.0,0.0,0.0,0.0,0.0
Ru-AHK,1980,19.194695,-16.22022,0.0,0.0,0.0,0.0,0.0
Ru-AHK,1981,-4.3013186,-0.43360135,0.0,0.0,0.0,0.0,0.0
Ru-AHK,1982,-4.3840027,-1.1120971,0.0,0.0,0.0,0.0,0.0
Ru-AHK,1983,18.680628,-16.428997,0.0,0.0,0.0,0.0,0.0
Ru-AHK,1984,-5.766705,-1.9616739,0.0,0.0,0.0,0.0,0.0
Ru-AHK,1985,-0.56869274,-1.8493049,0.0,0.0,0.0,0.0,0.0
Ru-AHK,1986,-2.4610302,5.8082604,1.0,5.0,0.0,0.0,0.0
Ru-AHK,1987,-2.0519469,4.1258516,0.0,0.0,0.0,0.0,0.0
Ru-AHK,1988,-5.472137,-0.9288814,0.0,0.0,0.0,0.0,0.0
Ru-AHK,1989,-2.453334,4.5385046,1.0,5.0,0.0,0.0,0.0
Ru-AHK,1990,3.1398814,15.457754,1.0,5.0,0.0,1.0,0.0
Ru-AHK,1991,19.09469,-16.135448,0.0,0.0,0.0,0.0,0.0
Ru-AHK,1992,-5.6087,-0.727975,0.0,0.0,0.0,0.0,5.0
Ru-AHK,1993,-4.989838,0.32895917,0.0,0.0,5.0,0.0,1.0
Ru-AHK,1994,-3.810447,-1.0017004,0.0,0.0,0.0,0.0,0.0
Ru-AHK,1995,-4.1124315,-1.6005957,0.0,0.0,0.0,4.0,2.0
Ru-AHK,1996,-5.3991313,-0.62571543,0.0,0.0,0.0,1.0,5.0
Ru-AHK,1997,-3.6720686,-0.19615296,0.0,0.0,0.0,0.0,0.0
Ru-AHK,1998,-3.8436077,1.0769719,1.0,5.0,0.0,0.0,0.0
Ru-AHK,1999,19.362713,-16.263853,0.0,0.0,0.0,0.0,0.0
Ru-AHK,2000,-4.791192,-1.4375551,0.0,0.0,0.0,4.0,5.0
Ru-AHK,2001,-2.0231025,-0.8466338,0.0,0.0,0.0,0.0,0.0
Ru-AHK,2002,-2.3193352,-2.4126363,0.0,0.0,0.0,0.0,0.0
Ru-AHK,2003,-5.7653165,-1.8290923,0.0,0.0,0.0,0.0,5.0
Ru-AHK,2004,20.801428,-13.646434,0.0,0.0,0.0,0.0,0.0
Ru-AHK,2005,6.7627897,-5.9198813,0.0,0.0,0.0,0.0,0.0
Ru-AHK,2006,19.688745,-16.221786,0.0,0.0,0.0,0.0,0.0
Ru-AHK,2007,-5.37186,-0.71711355,0.0,0.0,0.0,0.0,0.0
Ru-AHK,2008,-1.6961663,7.0913973,1.0,5.0,0.0,0.0,0.0
Ru-AHK,2009,-3.3210154,1.700696,0.0,0.0,0.0,0.0,4.0
Ru-AHK,2010,-3.8251731,0.35173833,0.0,0.0,0.0,0.0,0.0
Ru-AHK,2011,-2.8973222,1.408185,1.0,5.0,0.0,0.0,0.0
Ru-AHK,2012,-1.1412878,7.8491716,1.0,5.0,0.0,0.0,0.0
Ru-AHK,2013,-2.498103,4.4951367,1.0,5.0,0.0,0.0,0.0
Ru-AHK,2014,-1.4725513,6.9536653,1.0,5.0,0.0,0.0,0.0
Ru-AHK,2015,-3.0353112,1.49182,1.0,5.0,0.0,0.0,0.0
Ru-AHK,2016,19.559633,-16.264301,0.0,0.0,0.0,0.0,0.0
Ru-AHK,2017,17.704958,-16.210268,0.0,0.0,0.0,0.0,0.0
Ru-AHK,2018,-4.806464,-0.52909994,0.0,0.0,0.0,5.0,5.0
Ru-AHK,2019,-3.6088252,1.3930744,1.0,5.0,0.0,0.0,0.0
Ru-AHK,2020,-2.8708754,4.262669,1.0,5.0,0.0,0.0,0.0
Ru-AHK,2021,-3.470836,1.3094393,1.0,5.0,0.0,0.0,0.0
Ru-AHK,2022,-2.6360924,4.5787706,1.0,5.0,0.0,0.0,0.0
Ru-AHK,2023,-3.2700949,1.175718,1.0,5.0,0.0,0.0,0.0
Ru-AHK,2024,-1.4246259,7.370925,1.0,5.0,0.0,0.0,0.0
Ru-AHK,2025,-4.095243,-0.62861633,0.0,0.0,5.0,0.0,1.0
Ru-AHK,2026,-0.27065173,-1.0112808,0.0,0.0,0.0,4.0,0.0
Ru-AHK,2027,-5.7776313,0.3838838,0.0,0.0,0.0,0.0,0.0
Ru-AHK,2028,-5.9969196,-0.96212757,0.0,0.0,0.0,0.0,1.0
Ru-AHK,2029,-3.0916762,3.092326,0.0,0.0,0.0,0.0,0.0
Ru-AHK,2030,-2.2769568,3.562413,0.0,0.0,0.0,0.0,0.0
Ru-AHK,2031,-4.2825737,-0.58579487,0.0,0.0,0.0,0.0,0.0
Ru-AHK,2032,-5.651024,-2.0033817,0.0,0.0,0.0,0.0,1.0
Ru-AHK,2033,-2.7947783,0.015876986,0.0,0.0,0.0,0.0,0.0
Ru-AHO,0,0.58753103,5.1131706,,,,,
Ru-AHO,1,0.28513175,5.6111174,,,,,
Ru-AHO,2,0.15443027,5.6943407,,,,,
Ru-AHO,3,0.30252704,5.6126437,,,,,
Ru-AHO,4,-0.16729163,5.6863213,,,,,
Ru-AHO,5,3.1797931,-0.69750553,,,,,
Ru-AHO,6,4.06961,-0.5546218,,,,,
Ru-AHO,7,3.1795301,-0.7024072,,,,,
Ru-AHO,8,4.0693464,-0.55952084,,,,,
Ru-AHO,9,-0.036590245,5.6030984,,,,,
Ru-AHO,10,-0.31610012,5.741465,,,,,
Ru-AHO,11,-0.32260013,5.7489676,,,,,
Ru-AHO,12,-0.3031006,5.726458,,,,,
Ru-AHO,13,-0.22243987,5.40776,,,,,
Ru-AHO,14,-0.92358625,5.4413133,,,,,
Ru-AHO,15,0.5789818,2.153454,,,,,
Ru-AHO,16,-0.16729163,5.6863213,,,,,
Ru-AHO,17,-0.23119095,5.7479544,,,,,
Ru-AHO,18,0.15186453,5.7807093,,,,,
Ru-AHO,19,-0.5529122,5.739933,,,,,
Ru-AHO,20,0.47358575,5.788729,,,,,
Ru-AHO,21,-0.26540112,5.6829395,,,,,
Ru-AHO,22,1.0421393,9.6512165,,,,,
Ru-AHO,23,-0.28503266,5.6842117,,,,,
Ru-AHO,24,2.227372,10.208859,,,,,
Ru-AHO,25,-0.410091,4.9627986,,,,,
Ru-AHO,26,3.1019742,5.928239,,,,,
Ru-AHO,27,1.0619942,5.1449103,,,,,
Ru-AHO,28,0.15186453,5.7807093,,,,,
Ru-AHO,29,-0.42072237,5.6288567,,,,,
Ru-AHO,30,5.8974285,16.226158,,,,,
Ru-AHO,31,0.70612013,2.0747395,,,,,
Ru-AHO,32,1.8298235,9.757678,,,,,
Ru-AHO,33,1.2710204,4.5954876,,,,,
Ru-AHO,34,-0.30596182,5.7016635,,,,,
Ru-AHO,35,0.35980183,5.622557,,,,,
Ru-AHO,36,-0.28503266,5.6842117,,,,,
Ru-AHO,37,0.41602042,1.1123,,,,,
Ru-AHO,38,0.39900818,1.3777882,,,,,
Ru-AHO,39,0.36994419,1.0438936,,,,,
Ru-AHO,40,-0.012266426,4.8577886,,,,,
Ru-AHO,41,4.0002456,-0.21974999,,,,,
Ru-AHO,42,-0.28503266,5.6842117,,,,,
Ru-AHO,43,3.0629747,5.973258,,,,,
Ru-AHO,44,-0.07217446,2.4399738,,,,,
Ru-AHO,45,0.018006388,4.849107,,,,,
Ru-AHO,46,-0.32649994,5.7534695,,,,,
Ru-AHO,47,3.8181238,-0.28532922,,,,,
Ru-AHO,48,0.18245302,3.508152,,,,,
Ru-AHO,49,2.9807959,-0.32944104,,,,,
Ru-AHO,50,3.0127573,6.0102177,,,,,
Ru-AHO,51,0.12254527,1.0903381,,,,,
Ru-AHO,52,-1.2860649,2.6476016,,,,,
Ru-AHO,53,-0.04190169,2.4312909,,,,,
Ru-AHO,54,0.6608853,1.9654542,,,,,
Ru-AHO,55,0.70900214,1.8377593,,,,,
Ru-AHO,56,-0.28503266,5.6842117,,,,,
Ru-AHO,57,-1.2860649,2.6476016,,,,,
Ru-AHO,58,-3.6038914,0.11598166,,,,,
Ru-AHO,59,-1.0913453,1.2979652,,,,,
Ru-AHO,60,-0.3277998,5.75497,,,,,
Ru-AHO,61,-3.9604285,0.21434988,,,,,
Ru-AHO,62,-0.08610101,2.482313,,,,,
Ru-AHO,63,-3.964617,0.21559827,,,,,
Ru-AHO,64,-3.885657,0.2606405,,,,,
Ru-AHO,65,-3.6434605,0.21904705,,,,,
Ru-AHO,66,-3.889809,0.26191366,,,,,
Ru-AHO,67,-3.647704,0.22025889,,,,,
Ru-AHO,68,3.0369754,6.003271,,,,,
Ru-AHO,69,1.0610868,2.052055,,,,,
Ru-AHO,70,4.0957074,0.40850577,,,,,
Ru-AHO,71,-3.6041403,0.115816794,,,,,
Ru-AHO,72,-3.6434605,0.21904705,,,,,
Ru-AHO,73,-3.6477444,0.220232,,,,,
Ru-AHO,74,3.167117,5.868502,,,,,
Ru-AHO,75,-3.7303486,0.19799343,,,,,
Ru-AHO,76,3.4015603,-0.77525526,,,,,
Ru-AHO,77,3.1913357,5.8615546,,,,,
Ru-AHO,78,-3.7346332,0.19917823,,,,,
Ru-AHO,79,-3.9837792,0.14052774,,,,,
Ru-AHO,80,-3.988631,0.14133678,,,,,
Ru-AHO,81,-3.321739,0.22706762,,,,,
Ru-AHO,82,-3.3259454,0.22830403,,,,,
Ru-AHO,83,6.2699256,-3.2322626,,,,,
Ru-AHO,84,1.1240854,1.5473552,,,,,
Ru-AHO,85,3.4314597,-0.80976915,,,,,
Ru-AHO,86,1.6636573,2.2622979,,,,,
Ru-AHO,87,-1.3193071,2.9648995,,,,,
Ru-AHO,88,1.2524455,1.4356534,,,,,
Ru-AHO,89,1.3425877,2.922808,,,,,
Ru-AHO,90,1.1078258,2.0322495,,,,,
Ru-AHO,91,1.1674684,2.1521099,,,,,
Ru-AHO,92,3.568929,0.9261652,,,,,
Ru-AHO,93,1.1078258,2.0322495,,,,,
Ru-AHO,94,5.3703504,3.6161308,,,,,
Ru-AHO,95,0.87096375,1.8015537,,,,,
Ru-AHO,96,6.7375536,-3.7114706,,,,,
Ru-AHO,97,3.9925513,-1.0406916,,,,,
