model,task_id,scene_label,source_domain,target_domain,relation_label,method_label,fold_id,target_index,y_true,y_pred
ExtraTreesRegressor,all_ru_ahk_to_ru_aho_inner,All Ru-AHK (inner + outer) -> Ru-AHO inner,inner+outer,inner,All Ru-AHK,Mixed transfer,1,0,4.50050002,2.4791192133999953
ExtraTreesRegressor,all_ru_ahk_to_ru_aho_inner,All Ru-AHK (inner + outer) -> Ru-AHO inner,inner+outer,inner,All Ru-AHK,Mixed transfer,1,4,3.13437597,2.720952930000004
ExtraTreesRegressor,all_ru_ahk_to_ru_aho_inner,All Ru-AHK (inner + outer) -> Ru-AHO inner,inner+outer,inner,All Ru-AHK,Mixed transfer,1,10,2.89279432,2.7991353189999946
ExtraTreesRegressor,all_ru_ahk_to_ru_aho_inner,All Ru-AHK (inner + outer) -> Ru-AHO inner,inner+outer,inner,All Ru-AHK,Mixed transfer,1,12,2.72095293,2.777660895199995
ExtraTreesRegressor,all_ru_ahk_to_ru_aho_inner,All Ru-AHK (inner + outer) -> Ru-AHO inner,inner+outer,inner,All Ru-AHK,Mixed transfer,1,18,2.72095293,2.4778627499999932
ExtraTreesRegressor,all_ru_ahk_to_ru_aho_inner,All Ru-AHK (inner + outer) -> Ru-AHO inner,inner+outer,inner,All Ru-AHK,Mixed transfer,1,22,2.63729647,2.2554169112499958
ExtraTreesRegressor,all_ru_ahk_to_ru_aho_inner,All Ru-AHK (inner + outer) -> Ru-AHO inner,inner+outer,inner,All Ru-AHK,Mixed transfer,1,26,2.49268506,2.1111706899999962
ExtraTreesRegressor,all_ru_ahk_to_ru_aho_inner,All Ru-AHK (inner + outer) -> Ru-AHO inner,inner+outer,inner,All Ru-AHK,Mixed transfer,1,31,2.30450133,1.8075363521822263
ExtraTreesRegressor,all_ru_ahk_to_ru_aho_inner,All Ru-AHK (inner + outer) -> Ru-AHO inner,inner+outer,inner,All Ru-AHK,Mixed transfer,1,40,2.13954868,2.018898080000005
ExtraTreesRegressor,all_ru_ahk_to_ru_aho_inner,All Ru-AHK (inner + outer) -> Ru-AHO inner,inner+outer,inner,All Ru-AHK,Mixed transfer,1,42,2.12255274,2.2128962766666684
ExtraTreesRegressor,all_ru_ahk_to_ru_aho_inner,All Ru-AHK (inner + outer) -> Ru-AHO inner,inner+outer,inner,All Ru-AHK,Mixed transfer,1,44,2.02174776,1.844409579999998
ExtraTreesRegressor,all_ru_ahk_to_ru_aho_inner,All Ru-AHK (inner + outer) -> Ru-AHO inner,inner+outer,inner,All Ru-AHK,Mixed transfer,1,47,1.97754867,0.07449430511638928
ExtraTreesRegressor,all_ru_ahk_to_ru_aho_inner,All Ru-AHK (inner + outer) -> Ru-AHO inner,inner+outer,inner,All Ru-AHK,Mixed transfer,1,62,1.56906465,1.844409579999998
ExtraTreesRegressor,all_ru_ahk_to_ru_aho_inner,All Ru-AHK (inner + outer) -> Ru-AHO inner,inner+outer,inner,All Ru-AHK,Mixed transfer,1,64,1.53168147,1.5405264223999982
ExtraTreesRegressor,all_ru_ahk_to_ru_aho_inner,All Ru-AHK (inner + outer) -> Ru-AHO inner,inner+outer,inner,All Ru-AHK,Mixed transfer,1,73,1.39055932,1.5136919299999962
ExtraTreesRegressor,all_ru_ahk_to_ru_aho_inner,All Ru-AHK (inner + outer) -> Ru-AHO inner,inner+outer,inner,All Ru-AHK,Mixed transfer,1,75,1.36999511,1.3539045600000004
ExtraTreesRegressor,all_ru_ahk_to_ru_aho_inner,All Ru-AHK (inner + outer) -> Ru-AHO inner,inner+outer,inner,All Ru-AHK,Mixed transfer,1,81,1.00421655,0.9924220599999991
ExtraTreesRegressor,all_ru_ahk_to_ru_aho_inner,All Ru-AHK (inner + outer) -> Ru-AHO inner,inner+outer,inner,All Ru-AHK,Mixed transfer,1,83,0.83956097,1.6241954524492794
ExtraTreesRegressor,all_ru_ahk_to_ru_aho_inner,All Ru-AHK (inner + outer) -> Ru-AHO inner,inner+outer,inner,All Ru-AHK,Mixed transfer,1,90,0.19433377,0.048191710000000124
ExtraTreesRegressor,all_ru_ahk_to_ru_aho_inner,All Ru-AHK (inner + outer) -> Ru-AHO inner,inner+outer,inner,All Ru-AHK,Mixed transfer,1,94,0.04739647,0.8025459699999985
ExtraTreesRegressor,all_ru_ahk_to_ru_aho_inner,All Ru-AHK (inner + outer) -> Ru-AHO inner,inner+outer,inner,All Ru-AHK,Delta learning,1,0,4.50050002,2.3211246203727622
ExtraTreesRegressor,all_ru_ahk_to_ru_aho_inner,All Ru-AHK (inner + outer) -> Ru-AHO inner,inner+outer,inner,All Ru-AHK,Delta learning,1,4,3.13437597,2.720952930000001
ExtraTreesRegressor,all_ru_ahk_to_ru_aho_inner,All Ru-AHK (inner + outer) -> Ru-AHO inner,inner+outer,inner,All Ru-AHK,Delta learning,1,10,2.89279432,2.816387650505191
ExtraTreesRegressor,all_ru_ahk_to_ru_aho_inner,All Ru-AHK (inner + outer) -> Ru-AHO inner,inner+outer,inner,All Ru-AHK,Delta learning,1,12,2.72095293,2.802208994026986
ExtraTreesRegressor,all_ru_ahk_to_ru_aho_inner,All Ru-AHK (inner + outer) -> Ru-AHO inner,inner+outer,inner,All Ru-AHK,Delta learning,1,18,2.72095293,2.4778627499999994
ExtraTreesRegressor,all_ru_ahk_to_ru_aho_inner,All Ru-AHK (inner + outer) -> Ru-AHO inner,inner+outer,inner,All Ru-AHK,Delta learning,1,22,2.63729647,2.286856832366241
ExtraTreesRegressor,all_ru_ahk_to_ru_aho_inner,All Ru-AHK (inner + outer) -> Ru-AHO inner,inner+outer,inner,All Ru-AHK,Delta learning,1,26,2.49268506,2.111170689999999
ExtraTreesRegressor,all_ru_ahk_to_ru_aho_inner,All Ru-AHK (inner + outer) -> Ru-AHO inner,inner+outer,inner,All Ru-AHK,Delta learning,1,31,2.30450133,1.748480592989761
ExtraTreesRegressor,all_ru_ahk_to_ru_aho_inner,All Ru-AHK (inner + outer) -> Ru-AHO inner,inner+outer,inner,All Ru-AHK,Delta learning,1,40,2.13954868,2.0188980800000014
ExtraTreesRegressor,all_ru_ahk_to_ru_aho_inner,All Ru-AHK (inner + outer) -> Ru-AHO inner,inner+outer,inner,All Ru-AHK,Delta learning,1,42,2.12255274,2.212896276666667
ExtraTreesRegressor,all_ru_ahk_to_ru_aho_inner,All Ru-AHK (inner + outer) -> Ru-AHO inner,inner+outer,inner,All Ru-AHK,Delta learning,1,44,2.02174776,1.844409580000003
ExtraTreesRegressor,all_ru_ahk_to_ru_aho_inner,All Ru-AHK (inner + outer) -> Ru-AHO inner,inner+outer,inner,All Ru-AHK,Delta learning,1,47,1.97754867,2.0767052361610783
ExtraTreesRegressor,all_ru_ahk_to_ru_aho_inner,All Ru-AHK (inner + outer) -> Ru-AHO inner,inner+outer,inner,All Ru-AHK,Delta learning,1,62,1.56906465,1.844416349415644
ExtraTreesRegressor,all_ru_ahk_to_ru_aho_inner,All Ru-AHK (inner + outer) -> Ru-AHO inner,inner+outer,inner,All Ru-AHK,Delta learning,1,64,1.53168147,1.5142198302908576
ExtraTreesRegressor,all_ru_ahk_to_ru_aho_inner,All Ru-AHK (inner + outer) -> Ru-AHO inner,inner+outer,inner,All Ru-AHK,Delta learning,1,73,1.39055932,1.5136919299999962
ExtraTreesRegressor,all_ru_ahk_to_ru_aho_inner,All Ru-AHK (inner + outer) -> Ru-AHO inner,inner+outer,inner,All Ru-AHK,Delta learning,1,75,1.36999511,1.3539045600000037
ExtraTreesRegressor,all_ru_ahk_to_ru_aho_inner,All Ru-AHK (inner + outer) -> Ru-AHO inner,inner+outer,inner,All Ru-AHK,Delta learning,1,81,1.00421655,0.9924220599999996
ExtraTreesRegressor,all_ru_ahk_to_ru_aho_inner,All Ru-AHK (inner + outer) -> Ru-AHO inner,inner+outer,inner,All Ru-AHK,Delta learning,1,83,0.83956097,0.8388735904531895
ExtraTreesRegressor,all_ru_ahk_to_ru_aho_inner,All Ru-AHK (inner + outer) -> Ru-AHO inner,inner+outer,inner,All Ru-AHK,Delta learning,1,90,0.19433377,0.04819170999999578
ExtraTreesRegressor,all_ru_ahk_to_ru_aho_inner,All Ru-AHK (inner + outer) -> Ru-AHO inner,inner+outer,inner,All Ru-AHK,Delta learning,1,94,0.04739647,0.8243425422719135
ExtraTreesRegressor,all_ru_ahk_to_ru_aho_inner,All Ru-AHK (inner + outer) -> Ru-AHO inner,inner+outer,inner,All Ru-AHK,Mixed transfer,2,5,3.13437597,3.1343759700000033
ExtraTreesRegressor,all_ru_ahk_to_ru_aho_inner,All Ru-AHK (inner + outer) -> Ru-AHO inner,inner+outer,inner,All Ru-AHK,Mixed transfer,2,9,3.13437597,3.1343759700000033
ExtraTreesRegressor,all_ru_ahk_to_ru_aho_inner,All Ru-AHK (inner + outer) -> Ru-AHO inner,inner+outer,inner,All Ru-AHK,Mixed transfer,2,11,2.81808334,2.4641505167999997
ExtraTreesRegressor,all_ru_ahk_to_ru_aho_inner,All Ru-AHK (inner + outer) -> Ru-AHO inner,inner+outer,inner,All Ru-AHK,Mixed transfer,2,15,2.72095293,2.297037292334836
ExtraTreesRegressor,all_ru_ahk_to_ru_aho_inner,All Ru-AHK (inner + outer) -> Ru-AHO inner,inner+outer,inner,All Ru-AHK,Mixed transfer,2,16,2.72095293,3.1343759700000033
ExtraTreesRegressor,all_ru_ahk_to_ru_aho_inner,All Ru-AHK (inner + outer) -> Ru-AHO inner,inner+outer,inner,All Ru-AHK,Mixed transfer,2,28,2.47786275,2.720952930000004
ExtraTreesRegressor,all_ru_ahk_to_ru_aho_inner,All Ru-AHK (inner + outer) -> Ru-AHO inner,inner+outer,inner,All Ru-AHK,Mixed transfer,2,30,2.3515711,2.5008190806500035
ExtraTreesRegressor,all_ru_ahk_to_ru_aho_inner,All Ru-AHK (inner + outer) -> Ru-AHO inner,inner+outer,inner,All Ru-AHK,Mixed transfer,2,33,2.30450133,3.4065936214000017
ExtraTreesRegressor,all_ru_ahk_to_ru_aho_inner,All Ru-AHK (inner + outer) -> Ru-AHO inner,inner+outer,inner,All Ru-AHK,Mixed transfer,2,35,2.30450133,2.4624321029
ExtraTreesRegressor,all_ru_ahk_to_ru_aho_inner,All Ru-AHK (inner + outer) -> Ru-AHO inner,inner+outer,inner,All Ru-AHK,Mixed transfer,2,39,2.16934032,2.597160389615941
ExtraTreesRegressor,all_ru_ahk_to_ru_aho_inner,All Ru-AHK (inner + outer) -> Ru-AHO inner,inner+outer,inner,All Ru-AHK,Mixed transfer,2,45,2.01889808,1.844409579999998
ExtraTreesRegressor,all_ru_ahk_to_ru_aho_inner,All Ru-AHK (inner + outer) -> Ru-AHO inner,inner+outer,inner,All Ru-AHK,Mixed transfer,2,49,1.9607788,1.7258688873759744
ExtraTreesRegressor,all_ru_ahk_to_ru_aho_inner,All Ru-AHK (inner + outer) -> Ru-AHO inner,inner+outer,inner,All Ru-AHK,Mixed transfer,2,65,1.53168147,1.5169300471999962
ExtraTreesRegressor,all_ru_ahk_to_ru_aho_inner,All Ru-AHK (inner + outer) -> Ru-AHO inner,inner+outer,inner,All Ru-AHK,Mixed transfer,2,68,1.49260764,2.0400250107999995
ExtraTreesRegressor,all_ru_ahk_to_ru_aho_inner,All Ru-AHK (inner + outer) -> Ru-AHO inner,inner+outer,inner,All Ru-AHK,Mixed transfer,2,69,1.48763592,2.360767770634013
ExtraTreesRegressor,all_ru_ahk_to_ru_aho_inner,All Ru-AHK (inner + outer) -> Ru-AHO inner,inner+outer,inner,All Ru-AHK,Mixed transfer,2,70,1.47570337,2.0974941538343175
ExtraTreesRegressor,all_ru_ahk_to_ru_aho_inner,All Ru-AHK (inner + outer) -> Ru-AHO inner,inner+outer,inner,All Ru-AHK,Mixed transfer,2,72,1.40708549,1.5169300471999962
ExtraTreesRegressor,all_ru_ahk_to_ru_aho_inner,All Ru-AHK (inner + outer) -> Ru-AHO inner,inner+outer,inner,All Ru-AHK,Mixed transfer,2,80,1.31904107,1.3347172800000033
ExtraTreesRegressor,all_ru_ahk_to_ru_aho_inner,All Ru-AHK (inner + outer) -> Ru-AHO inner,inner+outer,inner,All Ru-AHK,Mixed transfer,2,88,0.39647984,1.0809597349667286
ExtraTreesRegressor,all_ru_ahk_to_ru_aho_inner,All Ru-AHK (inner + outer) -> Ru-AHO inner,inner+outer,inner,All Ru-AHK,Mixed transfer,2,93,0.04819171,0.19433377000000004
ExtraTreesRegressor,all_ru_ahk_to_ru_aho_inner,All Ru-AHK (inner + outer) -> Ru-AHO inner,inner+outer,inner,All Ru-AHK,Delta learning,2,5,3.13437597,3.1319561286925537
ExtraTreesRegressor,all_ru_ahk_to_ru_aho_inner,All Ru-AHK (inner + outer) -> Ru-AHO inner,inner+outer,inner,All Ru-AHK,Delta learning,2,9,3.13437597,3.4965493015269815
ExtraTreesRegressor,all_ru_ahk_to_ru_aho_inner,All Ru-AHK (inner + outer) -> Ru-AHO inner,inner+outer,inner,All Ru-AHK,Delta learning,2,11,2.81808334,2.5595904999700823
ExtraTreesRegressor,all_ru_ahk_to_ru_aho_inner,All Ru-AHK (inner + outer) -> Ru-AHO inner,inner+outer,inner,All Ru-AHK,Delta learning,2,15,2.72095293,1.6003421480591546
ExtraTreesRegressor,all_ru_ahk_to_ru_aho_inner,All Ru-AHK (inner + outer) -> Ru-AHO inner,inner+outer,inner,All Ru-AHK,Delta learning,2,16,2.72095293,3.1343759699999993
ExtraTreesRegressor,all_ru_ahk_to_ru_aho_inner,All Ru-AHK (inner + outer) -> Ru-AHO inner,inner+outer,inner,All Ru-AHK,Delta learning,2,28,2.47786275,2.72095293
ExtraTreesRegressor,all_ru_ahk_to_ru_aho_inner,All Ru-AHK (inner + outer) -> Ru-AHO inner,inner+outer,inner,All Ru-AHK,Delta learning,2,30,2.3515711,2.341042342690606
ExtraTreesRegressor,all_ru_ahk_to_ru_aho_inner,All Ru-AHK (inner + outer) -> Ru-AHO inner,inner+outer,inner,All Ru-AHK,Delta learning,2,33,2.30450133,3.30704446172904
ExtraTreesRegressor,all_ru_ahk_to_ru_aho_inner,All Ru-AHK (inner + outer) -> Ru-AHO inner,inner+outer,inner,All Ru-AHK,Delta learning,2,35,2.30450133,3.163374618207309
ExtraTreesRegressor,all_ru_ahk_to_ru_aho_inner,All Ru-AHK (inner + outer) -> Ru-AHO inner,inner+outer,inner,All Ru-AHK,Delta learning,2,39,2.16934032,2.309672560455531
ExtraTreesRegressor,all_ru_ahk_to_ru_aho_inner,All Ru-AHK (inner + outer) -> Ru-AHO inner,inner+outer,inner,All Ru-AHK,Delta learning,2,45,2.01889808,1.8444231188312847
ExtraTreesRegressor,all_ru_ahk_to_ru_aho_inner,All Ru-AHK (inner + outer) -> Ru-AHO inner,inner+outer,inner,All Ru-AHK,Delta learning,2,49,1.9607788,-0.5517952927141405
ExtraTreesRegressor,all_ru_ahk_to_ru_aho_inner,All Ru-AHK (inner + outer) -> Ru-AHO inner,inner+outer,inner,All Ru-AHK,Delta learning,2,65,1.53168147,1.5136919299999967
ExtraTreesRegressor,all_ru_ahk_to_ru_aho_inner,All Ru-AHK (inner + outer) -> Ru-AHO inner,inner+outer,inner,All Ru-AHK,Delta learning,2,68,1.49260764,2.0214652684
ExtraTreesRegressor,all_ru_ahk_to_ru_aho_inner,All Ru-AHK (inner + outer) -> Ru-AHO inner,inner+outer,inner,All Ru-AHK,Delta learning,2,69,1.48763592,2.2106422366732947
ExtraTreesRegressor,all_ru_ahk_to_ru_aho_inner,All Ru-AHK (inner + outer) -> Ru-AHO inner,inner+outer,inner,All Ru-AHK,Delta learning,2,70,1.47570337,3.1563179183392736
ExtraTreesRegressor,all_ru_ahk_to_ru_aho_inner,All Ru-AHK (inner + outer) -> Ru-AHO inner,inner+outer,inner,All Ru-AHK,Delta learning,2,72,1.40708549,1.5136919299999967
ExtraTreesRegressor,all_ru_ahk_to_ru_aho_inner,All Ru-AHK (inner + outer) -> Ru-AHO inner,inner+outer,inner,All Ru-AHK,Delta learning,2,80,1.31904107,1.3325352602074163
ExtraTreesRegressor,all_ru_ahk_to_ru_aho_inner,All Ru-AHK (inner + outer) -> Ru-AHO inner,inner+outer,inner,All Ru-AHK,Delta learning,2,88,0.39647984,0.7754978175977915
ExtraTreesRegressor,all_ru_ahk_to_ru_aho_inner,All Ru-AHK (inner + outer) -> Ru-AHO inner,inner+outer,inner,All Ru-AHK,Delta learning,2,93,0.04819171,0.19433377000000207
ExtraTreesRegressor,all_ru_ahk_to_ru_aho_inner,All Ru-AHK (inner + outer) -> Ru-AHO inner,inner+outer,inner,All Ru-AHK,Mixed transfer,3,3,3.67873076,2.6540408816403174
ExtraTreesRegressor,all_ru_ahk_to_ru_aho_inner,All Ru-AHK (inner + outer) -> Ru-AHO inner,inner+outer,inner,All Ru-AHK,Mixed transfer,3,6,3.13437597,2.907726226906688
ExtraTreesRegressor,all_ru_ahk_to_ru_aho_inner,All Ru-AHK (inner + outer) -> Ru-AHO inner,inner+outer,inner,All Ru-AHK,Mixed transfer,3,7,3.13437597,3.1343759700000033
ExtraTreesRegressor,all_ru_ahk_to_ru_aho_inner,All Ru-AHK (inner + outer) -> Ru-AHO inner,inner+outer,inner,All Ru-AHK,Mixed transfer,3,8,3.13437597,3.0361175085277137
ExtraTreesRegressor,all_ru_ahk_to_ru_aho_inner,All Ru-AHK (inner + outer) -> Ru-AHO inner,inner+outer,inner,All Ru-AHK,Mixed transfer,3,13,2.72095293,2.588234528199999
ExtraTreesRegressor,all_ru_ahk_to_ru_aho_inner,All Ru-AHK (inner + outer) -> Ru-AHO inner,inner+outer,inner,All Ru-AHK,Mixed transfer,3,17,2.72095293,2.8054759135176073
ExtraTreesRegressor,all_ru_ahk_to_ru_aho_inner,All Ru-AHK (inner + outer) -> Ru-AHO inner,inner+outer,inner,All Ru-AHK,Mixed transfer,3,19,2.72095293,2.8054759135176073
ExtraTreesRegressor,all_ru_ahk_to_ru_aho_inner,All Ru-AHK (inner + outer) -> Ru-AHO inner,inner+outer,inner,All Ru-AHK,Mixed transfer,3,24,2.49823771,2.315462357617609
ExtraTreesRegressor,all_ru_ahk_to_ru_aho_inner,All Ru-AHK (inner + outer) -> Ru-AHO inner,inner+outer,inner,All Ru-AHK,Mixed transfer,3,25,2.49823771,2.6917631999999987
ExtraTreesRegressor,all_ru_ahk_to_ru_aho_inner,All Ru-AHK (inner + outer) -> Ru-AHO inner,inner+outer,inner,All Ru-AHK,Mixed transfer,3,27,2.47786275,4.500500020000003
ExtraTreesRegressor,all_ru_ahk_to_ru_aho_inner,All Ru-AHK (inner + outer) -> Ru-AHO inner,inner+outer,inner,All Ru-AHK,Mixed transfer,3,34,2.30450133,2.7841072233176103
ExtraTreesRegressor,all_ru_ahk_to_ru_aho_inner,All Ru-AHK (inner + outer) -> Ru-AHO inner,inner+outer,inner,All Ru-AHK,Mixed transfer,3,36,2.28957767,2.3671741900000063
ExtraTreesRegressor,all_ru_ahk_to_ru_aho_inner,All Ru-AHK (inner + outer) -> Ru-AHO inner,inner+outer,inner,All Ru-AHK,Mixed transfer,3,38,2.20688949,2.186166291428388
ExtraTreesRegressor,all_ru_ahk_to_ru_aho_inner,All Ru-AHK (inner + outer) -> Ru-AHO inner,inner+outer,inner,All Ru-AHK,Mixed transfer,3,53,1.84440958,2.018898080000005
ExtraTreesRegressor,all_ru_ahk_to_ru_aho_inner,All Ru-AHK (inner + outer) -> Ru-AHO inner,inner+outer,inner,All Ru-AHK,Mixed transfer,3,55,1.80901573,2.4503369768377166
ExtraTreesRegressor,all_ru_ahk_to_ru_aho_inner,All Ru-AHK (inner + outer) -> Ru-AHO inner,inner+outer,inner,All Ru-AHK,Mixed transfer,3,56,1.73731552,2.3671741900000063
ExtraTreesRegressor,all_ru_ahk_to_ru_aho_inner,All Ru-AHK (inner + outer) -> Ru-AHO inner,inner+outer,inner,All Ru-AHK,Mixed transfer,3,76,1.36999511,0.004634650600000001
ExtraTreesRegressor,all_ru_ahk_to_ru_aho_inner,All Ru-AHK (inner + outer) -> Ru-AHO inner,inner+outer,inner,All Ru-AHK,Mixed transfer,3,78,1.35390456,1.3643901656000008
ExtraTreesRegressor,all_ru_ahk_to_ru_aho_inner,All Ru-AHK (inner + outer) -> Ru-AHO inner,inner+outer,inner,All Ru-AHK,Mixed transfer,3,79,1.33471728,1.332798660799999
ExtraTreesRegressor,all_ru_ahk_to_ru_aho_inner,All Ru-AHK (inner + outer) -> Ru-AHO inner,inner+outer,inner,All Ru-AHK,Mixed transfer,3,85,0.80254597,0.004514231600000001
ExtraTreesRegressor,all_ru_ahk_to_ru_aho_inner,All Ru-AHK (inner + outer) -> Ru-AHO inner,inner+outer,inner,All Ru-AHK,Delta learning,3,3,3.67873076,1.980748205606683
ExtraTreesRegressor,all_ru_ahk_to_ru_aho_inner,All Ru-AHK (inner + outer) -> Ru-AHO inner,inner+outer,inner,All Ru-AHK,Delta learning,3,6,3.13437597,2.763554277771603
ExtraTreesRegressor,all_ru_ahk_to_ru_aho_inner,All Ru-AHK (inner + outer) -> Ru-AHO inner,inner+outer,inner,All Ru-AHK,Delta learning,3,7,3.13437597,3.111530245513124
ExtraTreesRegressor,all_ru_ahk_to_ru_aho_inner,All Ru-AHK (inner + outer) -> Ru-AHO inner,inner+outer,inner,All Ru-AHK,Delta learning,3,8,3.13437597,2.7059855198270917
ExtraTreesRegressor,all_ru_ahk_to_ru_aho_inner,All Ru-AHK (inner + outer) -> Ru-AHO inner,inner+outer,inner,All Ru-AHK,Delta learning,3,13,2.72095293,2.478452486828433
ExtraTreesRegressor,all_ru_ahk_to_ru_aho_inner,All Ru-AHK (inner + outer) -> Ru-AHO inner,inner+outer,inner,All Ru-AHK,Delta learning,3,17,2.72095293,2.743153933520302
ExtraTreesRegressor,all_ru_ahk_to_ru_aho_inner,All Ru-AHK (inner + outer) -> Ru-AHO inner,inner+outer,inner,All Ru-AHK,Delta learning,3,19,2.72095293,2.7550960441470513
ExtraTreesRegressor,all_ru_ahk_to_ru_aho_inner,All Ru-AHK (inner + outer) -> Ru-AHO inner,inner+outer,inner,All Ru-AHK,Delta learning,3,24,2.49823771,2.3151932327222933
ExtraTreesRegressor,all_ru_ahk_to_ru_aho_inner,All Ru-AHK (inner + outer) -> Ru-AHO inner,inner+outer,inner,All Ru-AHK,Delta learning,3,25,2.49823771,2.67956355195053
ExtraTreesRegressor,all_ru_ahk_to_ru_aho_inner,All Ru-AHK (inner + outer) -> Ru-AHO inner,inner+outer,inner,All Ru-AHK,Delta learning,3,27,2.47786275,4.668428480961829
ExtraTreesRegressor,all_ru_ahk_to_ru_aho_inner,All Ru-AHK (inner + outer) -> Ru-AHO inner,inner+outer,inner,All Ru-AHK,Delta learning,3,34,2.30450133,2.7401612447361354
ExtraTreesRegressor,all_ru_ahk_to_ru_aho_inner,All Ru-AHK (inner + outer) -> Ru-AHO inner,inner+outer,inner,All Ru-AHK,Delta learning,3,36,2.28957767,2.367174189999998
ExtraTreesRegressor,all_ru_ahk_to_ru_aho_inner,All Ru-AHK (inner + outer) -> Ru-AHO inner,inner+outer,inner,All Ru-AHK,Delta learning,3,38,2.20688949,2.084895968467665
ExtraTreesRegressor,all_ru_ahk_to_ru_aho_inner,All Ru-AHK (inner + outer) -> Ru-AHO inner,inner+outer,inner,All Ru-AHK,Delta learning,3,53,1.84440958,1.9152399935604658
ExtraTreesRegressor,all_ru_ahk_to_ru_aho_inner,All Ru-AHK (inner + outer) -> Ru-AHO inner,inner+outer,inner,All Ru-AHK,Delta learning,3,55,1.80901573,1.971083547058098
ExtraTreesRegressor,all_ru_ahk_to_ru_aho_inner,All Ru-AHK (inner + outer) -> Ru-AHO inner,inner+outer,inner,All Ru-AHK,Delta learning,3,56,1.73731552,2.367174189999998
ExtraTreesRegressor,all_ru_ahk_to_ru_aho_inner,All Ru-AHK (inner + outer) -> Ru-AHO inner,inner+outer,inner,All Ru-AHK,Delta learning,3,76,1.36999511,1.1012694187165761
ExtraTreesRegressor,all_ru_ahk_to_ru_aho_inner,All Ru-AHK (inner + outer) -> Ru-AHO inner,inner+outer,inner,All Ru-AHK,Delta learning,3,78,1.35390456,1.3699951100000054
ExtraTreesRegressor,all_ru_ahk_to_ru_aho_inner,All Ru-AHK (inner + outer) -> Ru-AHO inner,inner+outer,inner,All Ru-AHK,Delta learning,3,79,1.33471728,1.3188793969159538
ExtraTreesRegressor,all_ru_ahk_to_ru_aho_inner,All Ru-AHK (inner + outer) -> Ru-AHO inner,inner+outer,inner,All Ru-AHK,Delta learning,3,85,0.80254597,0.0085249182508782
ExtraTreesRegressor,all_ru_ahk_to_ru_aho_inner,All Ru-AHK (inner + outer) -> Ru-AHO inner,inner+outer,inner,All Ru-AHK,Mixed transfer,4,32,2.30450133,2.533002400000003
ExtraTreesRegressor,all_ru_ahk_to_ru_aho_inner,All Ru-AHK (inner + outer) -> Ru-AHO inner,inner+outer,inner,All Ru-AHK,Mixed transfer,4,41,2.13444943,1.2732391045000022
ExtraTreesRegressor,all_ru_ahk_to_ru_aho_inner,All Ru-AHK (inner + outer) -> Ru-AHO inner,inner+outer,inner,All Ru-AHK,Mixed transfer,4,43,2.11117069,1.8626362854000007
ExtraTreesRegressor,all_ru_ahk_to_ru_aho_inner,All Ru-AHK (inner + outer) -> Ru-AHO inner,inner+outer,inner,All Ru-AHK,Mixed transfer,4,46,2.00941149,2.0491781812366865
ExtraTreesRegressor,all_ru_ahk_to_ru_aho_inner,All Ru-AHK (inner + outer) -> Ru-AHO inner,inner+outer,inner,All Ru-AHK,Mixed transfer,4,48,1.96551622,2.4793021357091036
ExtraTreesRegressor,all_ru_ahk_to_ru_aho_inner,All Ru-AHK (inner + outer) -> Ru-AHO inner,inner+outer,inner,All Ru-AHK,Mixed transfer,4,50,1.95650617,1.49260764
ExtraTreesRegressor,all_ru_ahk_to_ru_aho_inner,All Ru-AHK (inner + outer) -> Ru-AHO inner,inner+outer,inner,All Ru-AHK,Mixed transfer,4,54,1.80901573,2.3045013299999955
ExtraTreesRegressor,all_ru_ahk_to_ru_aho_inner,All Ru-AHK (inner + outer) -> Ru-AHO inner,inner+outer,inner,All Ru-AHK,Mixed transfer,4,57,1.68395754,1.8818518699999986
ExtraTreesRegressor,all_ru_ahk_to_ru_aho_inner,All Ru-AHK (inner + outer) -> Ru-AHO inner,inner+outer,inner,All Ru-AHK,Mixed transfer,4,58,1.66417952,1.4561521774000001
ExtraTreesRegressor,all_ru_ahk_to_ru_aho_inner,All Ru-AHK (inner + outer) -> Ru-AHO inner,inner+outer,inner,All Ru-AHK,Mixed transfer,4,59,1.62929332,1.8426315918521845
ExtraTreesRegressor,all_ru_ahk_to_ru_aho_inner,All Ru-AHK (inner + outer) -> Ru-AHO inner,inner+outer,inner,All Ru-AHK,Mixed transfer,4,61,1.57873877,1.5316814699999979
ExtraTreesRegressor,all_ru_ahk_to_ru_aho_inner,All Ru-AHK (inner + outer) -> Ru-AHO inner,inner+outer,inner,All Ru-AHK,Mixed transfer,4,63,1.56019653,1.5297104674999977
ExtraTreesRegressor,all_ru_ahk_to_ru_aho_inner,All Ru-AHK (inner + outer) -> Ru-AHO inner,inner+outer,inner,All Ru-AHK,Mixed transfer,4,66,1.51369193,1.5300842992999977
ExtraTreesRegressor,all_ru_ahk_to_ru_aho_inner,All Ru-AHK (inner + outer) -> Ru-AHO inner,inner+outer,inner,All Ru-AHK,Mixed transfer,4,67,1.51369193,1.403959427199998
ExtraTreesRegressor,all_ru_ahk_to_ru_aho_inner,All Ru-AHK (inner + outer) -> Ru-AHO inner,inner+outer,inner,All Ru-AHK,Mixed transfer,4,77,1.36283425,1.3733912974999984
ExtraTreesRegressor,all_ru_ahk_to_ru_aho_inner,All Ru-AHK (inner + outer) -> Ru-AHO inner,inner+outer,inner,All Ru-AHK,Mixed transfer,4,84,0.80438248,1.8641158811204293
ExtraTreesRegressor,all_ru_ahk_to_ru_aho_inner,All Ru-AHK (inner + outer) -> Ru-AHO inner,inner+outer,inner,All Ru-AHK,Mixed transfer,4,95,0.0120419,0.2155969953441538
ExtraTreesRegressor,all_ru_ahk_to_ru_aho_inner,All Ru-AHK (inner + outer) -> Ru-AHO inner,inner+outer,inner,All Ru-AHK,Mixed transfer,4,96,0.0,0.8377613469110373
ExtraTreesRegressor,all_ru_ahk_to_ru_aho_inner,All Ru-AHK (inner + outer) -> Ru-AHO inner,inner+outer,inner,All Ru-AHK,Mixed transfer,4,97,0.0,0.803707546911037
ExtraTreesRegressor,all_ru_ahk_to_ru_aho_inner,All Ru-AHK (inner + outer) -> Ru-AHO inner,inner+outer,inner,All Ru-AHK,Delta learning,4,32,2.30450133,2.5246643576266687
ExtraTreesRegressor,all_ru_ahk_to_ru_aho_inner,All Ru-AHK (inner + outer) -> Ru-AHO inner,inner+outer,inner,All Ru-AHK,Delta learning,4,41,2.13444943,1.422689729370378
ExtraTreesRegressor,all_ru_ahk_to_ru_aho_inner,All Ru-AHK (inner + outer) -> Ru-AHO inner,inner+outer,inner,All Ru-AHK,Delta learning,4,43,2.11117069,1.8326339628000003
ExtraTreesRegressor,all_ru_ahk_to_ru_aho_inner,All Ru-AHK (inner + outer) -> Ru-AHO inner,inner+outer,inner,All Ru-AHK,Delta learning,4,46,2.00941149,1.9747271358735095
ExtraTreesRegressor,all_ru_ahk_to_ru_aho_inner,All Ru-AHK (inner + outer) -> Ru-AHO inner,inner+outer,inner,All Ru-AHK,Delta learning,4,48,1.96551622,1.07892662049451
ExtraTreesRegressor,all_ru_ahk_to_ru_aho_inner,All Ru-AHK (inner + outer) -> Ru-AHO inner,inner+outer,inner,All Ru-AHK,Delta learning,4,50,1.95650617,1.4926076400000008
ExtraTreesRegressor,all_ru_ahk_to_ru_aho_inner,All Ru-AHK (inner + outer) -> Ru-AHO inner,inner+outer,inner,All Ru-AHK,Delta learning,4,54,1.80901573,2.3045013300000003
ExtraTreesRegressor,all_ru_ahk_to_ru_aho_inner,All Ru-AHK (inner + outer) -> Ru-AHO inner,inner+outer,inner,All Ru-AHK,Delta learning,4,57,1.68395754,1.881851870000002
ExtraTreesRegressor,all_ru_ahk_to_ru_aho_inner,All Ru-AHK (inner + outer) -> Ru-AHO inner,inner+outer,inner,All Ru-AHK,Delta learning,4,58,1.66417952,1.455788083200002
ExtraTreesRegressor,all_ru_ahk_to_ru_aho_inner,All Ru-AHK (inner + outer) -> Ru-AHO inner,inner+outer,inner,All Ru-AHK,Delta learning,4,59,1.62929332,0.639096938711613
ExtraTreesRegressor,all_ru_ahk_to_ru_aho_inner,All Ru-AHK (inner + outer) -> Ru-AHO inner,inner+outer,inner,All Ru-AHK,Delta learning,4,61,1.57873877,1.4313518620631633
ExtraTreesRegressor,all_ru_ahk_to_ru_aho_inner,All Ru-AHK (inner + outer) -> Ru-AHO inner,inner+outer,inner,All Ru-AHK,Delta learning,4,63,1.56019653,1.4313518620631633
ExtraTreesRegressor,all_ru_ahk_to_ru_aho_inner,All Ru-AHK (inner + outer) -> Ru-AHO inner,inner+outer,inner,All Ru-AHK,Delta learning,4,66,1.51369193,1.5316814699999992
ExtraTreesRegressor,all_ru_ahk_to_ru_aho_inner,All Ru-AHK (inner + outer) -> Ru-AHO inner,inner+outer,inner,All Ru-AHK,Delta learning,4,67,1.51369193,1.3952887695999965
ExtraTreesRegressor,all_ru_ahk_to_ru_aho_inner,All Ru-AHK (inner + outer) -> Ru-AHO inner,inner+outer,inner,All Ru-AHK,Delta learning,4,77,1.36283425,1.3783510286026468
ExtraTreesRegressor,all_ru_ahk_to_ru_aho_inner,All Ru-AHK (inner + outer) -> Ru-AHO inner,inner+outer,inner,All Ru-AHK,Delta learning,4,84,0.80438248,1.9071903392984382
ExtraTreesRegressor,all_ru_ahk_to_ru_aho_inner,All Ru-AHK (inner + outer) -> Ru-AHO inner,inner+outer,inner,All Ru-AHK,Delta learning,4,95,0.0120419,0.12126274000000303
ExtraTreesRegressor,all_ru_ahk_to_ru_aho_inner,All Ru-AHK (inner + outer) -> Ru-AHO inner,inner+outer,inner,All Ru-AHK,Delta learning,4,96,0.0,0.8381030948803172
ExtraTreesRegressor,all_ru_ahk_to_ru_aho_inner,All Ru-AHK (inner + outer) -> Ru-AHO inner,inner+outer,inner,All Ru-AHK,Delta learning,4,97,0.0,0.8051597448803167
ExtraTreesRegressor,all_ru_ahk_to_ru_aho_inner,All Ru-AHK (inner + outer) -> Ru-AHO inner,inner+outer,inner,All Ru-AHK,Mixed transfer,5,1,4.50050002,3.1359720058213028
ExtraTreesRegressor,all_ru_ahk_to_ru_aho_inner,All Ru-AHK (inner + outer) -> Ru-AHO inner,inner+outer,inner,All Ru-AHK,Mixed transfer,5,2,3.84937533,2.926301258026836
ExtraTreesRegressor,all_ru_ahk_to_ru_aho_inner,All Ru-AHK (inner + outer) -> Ru-AHO inner,inner+outer,inner,All Ru-AHK,Mixed transfer,5,14,2.72095293,2.6751432540000035
ExtraTreesRegressor,all_ru_ahk_to_ru_aho_inner,All Ru-AHK (inner + outer) -> Ru-AHO inner,inner+outer,inner,All Ru-AHK,Mixed transfer,5,20,2.72095293,2.6917821084000035
ExtraTreesRegressor,all_ru_ahk_to_ru_aho_inner,All Ru-AHK (inner + outer) -> Ru-AHO inner,inner+outer,inner,All Ru-AHK,Mixed transfer,5,21,2.6917632,2.5915686652000045
ExtraTreesRegressor,all_ru_ahk_to_ru_aho_inner,All Ru-AHK (inner + outer) -> Ru-AHO inner,inner+outer,inner,All Ru-AHK,Mixed transfer,5,23,2.61179564,2.049815310000005
ExtraTreesRegressor,all_ru_ahk_to_ru_aho_inner,All Ru-AHK (inner + outer) -> Ru-AHO inner,inner+outer,inner,All Ru-AHK,Mixed transfer,5,29,2.47786275,2.98386186393607
ExtraTreesRegressor,all_ru_ahk_to_ru_aho_inner,All Ru-AHK (inner + outer) -> Ru-AHO inner,inner+outer,inner,All Ru-AHK,Mixed transfer,5,37,2.26077037,2.2068894900000027
ExtraTreesRegressor,all_ru_ahk_to_ru_aho_inner,All Ru-AHK (inner + outer) -> Ru-AHO inner,inner+outer,inner,All Ru-AHK,Mixed transfer,5,51,1.94448624,2.4793021357091036
ExtraTreesRegressor,all_ru_ahk_to_ru_aho_inner,All Ru-AHK (inner + outer) -> Ru-AHO inner,inner+outer,inner,All Ru-AHK,Mixed transfer,5,52,1.88185187,1.683957539999997
ExtraTreesRegressor,all_ru_ahk_to_ru_aho_inner,All Ru-AHK (inner + outer) -> Ru-AHO inner,inner+outer,inner,All Ru-AHK,Mixed transfer,5,60,1.62929332,2.009411489999998
ExtraTreesRegressor,all_ru_ahk_to_ru_aho_inner,All Ru-AHK (inner + outer) -> Ru-AHO inner,inner+outer,inner,All Ru-AHK,Mixed transfer,5,71,1.47016368,1.6587071160000024
ExtraTreesRegressor,all_ru_ahk_to_ru_aho_inner,All Ru-AHK (inner + outer) -> Ru-AHO inner,inner+outer,inner,All Ru-AHK,Mixed transfer,5,74,1.38325909,1.362834250000002
ExtraTreesRegressor,all_ru_ahk_to_ru_aho_inner,All Ru-AHK (inner + outer) -> Ru-AHO inner,inner+outer,inner,All Ru-AHK,Mixed transfer,5,82,0.99242206,1.0042165499999989
ExtraTreesRegressor,all_ru_ahk_to_ru_aho_inner,All Ru-AHK (inner + outer) -> Ru-AHO inner,inner+outer,inner,All Ru-AHK,Mixed transfer,5,86,0.67501313,0.927529123777122
ExtraTreesRegressor,all_ru_ahk_to_ru_aho_inner,All Ru-AHK (inner + outer) -> Ru-AHO inner,inner+outer,inner,All Ru-AHK,Mixed transfer,5,87,0.56782018,1.8255685710916603
ExtraTreesRegressor,all_ru_ahk_to_ru_aho_inner,All Ru-AHK (inner + outer) -> Ru-AHO inner,inner+outer,inner,All Ru-AHK,Mixed transfer,5,89,0.33293116,2.159667252166572
ExtraTreesRegressor,all_ru_ahk_to_ru_aho_inner,All Ru-AHK (inner + outer) -> Ru-AHO inner,inner+outer,inner,All Ru-AHK,Mixed transfer,5,91,0.10866753,1.801738800801424
ExtraTreesRegressor,all_ru_ahk_to_ru_aho_inner,All Ru-AHK (inner + outer) -> Ru-AHO inner,inner+outer,inner,All Ru-AHK,Mixed transfer,5,92,0.09139463,1.8430691437972073
ExtraTreesRegressor,all_ru_ahk_to_ru_aho_inner,All Ru-AHK (inner + outer) -> Ru-AHO inner,inner+outer,inner,All Ru-AHK,Delta learning,5,1,4.50050002,4.468416713757217
ExtraTreesRegressor,all_ru_ahk_to_ru_aho_inner,All Ru-AHK (inner + outer) -> Ru-AHO inner,inner+outer,inner,All Ru-AHK,Delta learning,5,2,3.84937533,4.034605099161965
ExtraTreesRegressor,all_ru_ahk_to_ru_aho_inner,All Ru-AHK (inner + outer) -> Ru-AHO inner,inner+outer,inner,All Ru-AHK,Delta learning,5,14,2.72095293,2.6824789864478547
ExtraTreesRegressor,all_ru_ahk_to_ru_aho_inner,All Ru-AHK (inner + outer) -> Ru-AHO inner,inner+outer,inner,All Ru-AHK,Delta learning,5,20,2.72095293,2.716320464652991
ExtraTreesRegressor,all_ru_ahk_to_ru_aho_inner,All Ru-AHK (inner + outer) -> Ru-AHO inner,inner+outer,inner,All Ru-AHK,Delta learning,5,21,2.6917632,2.6650535453854163
ExtraTreesRegressor,all_ru_ahk_to_ru_aho_inner,All Ru-AHK (inner + outer) -> Ru-AHO inner,inner+outer,inner,All Ru-AHK,Delta learning,5,23,2.61179564,2.0498153099999987
ExtraTreesRegressor,all_ru_ahk_to_ru_aho_inner,All Ru-AHK (inner + outer) -> Ru-AHO inner,inner+outer,inner,All Ru-AHK,Delta learning,5,29,2.47786275,2.4637723964021365
ExtraTreesRegressor,all_ru_ahk_to_ru_aho_inner,All Ru-AHK (inner + outer) -> Ru-AHO inner,inner+outer,inner,All Ru-AHK,Delta learning,5,37,2.26077037,1.7331464749818133
ExtraTreesRegressor,all_ru_ahk_to_ru_aho_inner,All Ru-AHK (inner + outer) -> Ru-AHO inner,inner+outer,inner,All Ru-AHK,Delta learning,5,51,1.94448624,1.88629407436327
ExtraTreesRegressor,all_ru_ahk_to_ru_aho_inner,All Ru-AHK (inner + outer) -> Ru-AHO inner,inner+outer,inner,All Ru-AHK,Delta learning,5,52,1.88185187,1.6839575400000022
ExtraTreesRegressor,all_ru_ahk_to_ru_aho_inner,All Ru-AHK (inner + outer) -> Ru-AHO inner,inner+outer,inner,All Ru-AHK,Delta learning,5,60,1.62929332,2.0065948045098057
ExtraTreesRegressor,all_ru_ahk_to_ru_aho_inner,All Ru-AHK (inner + outer) -> Ru-AHO inner,inner+outer,inner,All Ru-AHK,Delta learning,5,71,1.47016368,1.6641795199999991
ExtraTreesRegressor,all_ru_ahk_to_ru_aho_inner,All Ru-AHK (inner + outer) -> Ru-AHO inner,inner+outer,inner,All Ru-AHK,Delta learning,5,74,1.38325909,1.3628342500000006
ExtraTreesRegressor,all_ru_ahk_to_ru_aho_inner,All Ru-AHK (inner + outer) -> Ru-AHO inner,inner+outer,inner,All Ru-AHK,Delta learning,5,82,0.99242206,1.004216549999998
ExtraTreesRegressor,all_ru_ahk_to_ru_aho_inner,All Ru-AHK (inner + outer) -> Ru-AHO inner,inner+outer,inner,All Ru-AHK,Delta learning,5,86,0.67501313,1.1556286453561708
ExtraTreesRegressor,all_ru_ahk_to_ru_aho_inner,All Ru-AHK (inner + outer) -> Ru-AHO inner,inner+outer,inner,All Ru-AHK,Delta learning,5,87,0.56782018,2.2168588241712084
ExtraTreesRegressor,all_ru_ahk_to_ru_aho_inner,All Ru-AHK (inner + outer) -> Ru-AHO inner,inner+outer,inner,All Ru-AHK,Delta learning,5,89,0.33293116,1.8601661225570556
ExtraTreesRegressor,all_ru_ahk_to_ru_aho_inner,All Ru-AHK (inner + outer) -> Ru-AHO inner,inner+outer,inner,All Ru-AHK,Delta learning,5,91,0.10866753,-0.466230964063417
ExtraTreesRegressor,all_ru_ahk_to_ru_aho_inner,All Ru-AHK (inner + outer) -> Ru-AHO inner,inner+outer,inner,All Ru-AHK,Delta learning,5,92,0.09139463,2.093043451978099
GradientBoostingRegressor,all_ru_ahk_to_ru_aho_inner,All Ru-AHK (inner + outer) -> Ru-AHO inner,inner+outer,inner,All Ru-AHK,Mixed transfer,1,0,4.50050002,2.5494293301460775
GradientBoostingRegressor,all_ru_ahk_to_ru_aho_inner,All Ru-AHK (inner + outer) -> Ru-AHO inner,inner+outer,inner,All Ru-AHK,Mixed transfer,1,4,3.13437597,2.5448268303634154
GradientBoostingRegressor,all_ru_ahk_to_ru_aho_inner,All Ru-AHK (inner + outer) -> Ru-AHO inner,inner+outer,inner,All Ru-AHK,Mixed transfer,1,10,2.89279432,1.9950266310574651
GradientBoostingRegressor,all_ru_ahk_to_ru_aho_inner,All Ru-AHK (inner + outer) -> Ru-AHO inner,inner+outer,inner,All Ru-AHK,Mixed transfer,1,12,2.72095293,1.9950266310574651
GradientBoostingRegressor,all_ru_ahk_to_ru_aho_inner,All Ru-AHK (inner + outer) -> Ru-AHO inner,inner+outer,inner,All Ru-AHK,Mixed transfer,1,18,2.72095293,2.364780274497056
GradientBoostingRegressor,all_ru_ahk_to_ru_aho_inner,All Ru-AHK (inner + outer) -> Ru-AHO inner,inner+outer,inner,All Ru-AHK,Mixed transfer,1,22,2.63729647,1.914110906645069
GradientBoostingRegressor,all_ru_ahk_to_ru_aho_inner,All Ru-AHK (inner + outer) -> Ru-AHO inner,inner+outer,inner,All Ru-AHK,Mixed transfer,1,26,2.49268506,1.4484052863549681
GradientBoostingRegressor,all_ru_ahk_to_ru_aho_inner,All Ru-AHK (inner + outer) -> Ru-AHO inner,inner+outer,inner,All Ru-AHK,Mixed transfer,1,31,2.30450133,2.062718529945148
GradientBoostingRegressor,all_ru_ahk_to_ru_aho_inner,All Ru-AHK (inner + outer) -> Ru-AHO inner,inner+outer,inner,All Ru-AHK,Mixed transfer,1,40,2.13954868,2.0260197436822573
GradientBoostingRegressor,all_ru_ahk_to_ru_aho_inner,All Ru-AHK (inner + outer) -> Ru-AHO inner,inner+outer,inner,All Ru-AHK,Mixed transfer,1,42,2.12255274,1.8719502904316785
GradientBoostingRegressor,all_ru_ahk_to_ru_aho_inner,All Ru-AHK (inner + outer) -> Ru-AHO inner,inner+outer,inner,All Ru-AHK,Mixed transfer,1,44,2.02174776,2.0074053569544286
GradientBoostingRegressor,all_ru_ahk_to_ru_aho_inner,All Ru-AHK (inner + outer) -> Ru-AHO inner,inner+outer,inner,All Ru-AHK,Mixed transfer,1,47,1.97754867,1.4640898067892905
GradientBoostingRegressor,all_ru_ahk_to_ru_aho_inner,All Ru-AHK (inner + outer) -> Ru-AHO inner,inner+outer,inner,All Ru-AHK,Mixed transfer,1,62,1.56906465,1.8809923047130397
GradientBoostingRegressor,all_ru_ahk_to_ru_aho_inner,All Ru-AHK (inner + outer) -> Ru-AHO inner,inner+outer,inner,All Ru-AHK,Mixed transfer,1,64,1.53168147,1.608203622122955
GradientBoostingRegressor,all_ru_ahk_to_ru_aho_inner,All Ru-AHK (inner + outer) -> Ru-AHO inner,inner+outer,inner,All Ru-AHK,Mixed transfer,1,73,1.39055932,1.6644631709006765
GradientBoostingRegressor,all_ru_ahk_to_ru_aho_inner,All Ru-AHK (inner + outer) -> Ru-AHO inner,inner+outer,inner,All Ru-AHK,Mixed transfer,1,75,1.36999511,1.615465050081285
GradientBoostingRegressor,all_ru_ahk_to_ru_aho_inner,All Ru-AHK (inner + outer) -> Ru-AHO inner,inner+outer,inner,All Ru-AHK,Mixed transfer,1,81,1.00421655,1.7133140732952377
GradientBoostingRegressor,all_ru_ahk_to_ru_aho_inner,All Ru-AHK (inner + outer) -> Ru-AHO inner,inner+outer,inner,All Ru-AHK,Mixed transfer,1,83,0.83956097,1.0865250062711775
GradientBoostingRegressor,all_ru_ahk_to_ru_aho_inner,All Ru-AHK (inner + outer) -> Ru-AHO inner,inner+outer,inner,All Ru-AHK,Mixed transfer,1,90,0.19433377,0.7217337120199913
GradientBoostingRegressor,all_ru_ahk_to_ru_aho_inner,All Ru-AHK (inner + outer) -> Ru-AHO inner,inner+outer,inner,All Ru-AHK,Mixed transfer,1,94,0.04739647,1.07155419510601
GradientBoostingRegressor,all_ru_ahk_to_ru_aho_inner,All Ru-AHK (inner + outer) -> Ru-AHO inner,inner+outer,inner,All Ru-AHK,Delta learning,1,0,4.50050002,2.3854183402900917
GradientBoostingRegressor,all_ru_ahk_to_ru_aho_inner,All Ru-AHK (inner + outer) -> Ru-AHO inner,inner+outer,inner,All Ru-AHK,Delta learning,1,4,3.13437597,2.8632265924614995
GradientBoostingRegressor,all_ru_ahk_to_ru_aho_inner,All Ru-AHK (inner + outer) -> Ru-AHO inner,inner+outer,inner,All Ru-AHK,Delta learning,1,10,2.89279432,2.5333683396683817
GradientBoostingRegressor,all_ru_ahk_to_ru_aho_inner,All Ru-AHK (inner + outer) -> Ru-AHO inner,inner+outer,inner,All Ru-AHK,Delta learning,1,12,2.72095293,2.485014932127873
GradientBoostingRegressor,all_ru_ahk_to_ru_aho_inner,All Ru-AHK (inner + outer) -> Ru-AHO inner,inner+outer,inner,All Ru-AHK,Delta learning,1,18,2.72095293,2.664944788631795
GradientBoostingRegressor,all_ru_ahk_to_ru_aho_inner,All Ru-AHK (inner + outer) -> Ru-AHO inner,inner+outer,inner,All Ru-AHK,Delta learning,1,22,2.63729647,2.37735143918541
GradientBoostingRegressor,all_ru_ahk_to_ru_aho_inner,All Ru-AHK (inner + outer) -> Ru-AHO inner,inner+outer,inner,All Ru-AHK,Delta learning,1,26,2.49268506,1.85745139361023
GradientBoostingRegressor,all_ru_ahk_to_ru_aho_inner,All Ru-AHK (inner + outer) -> Ru-AHO inner,inner+outer,inner,All Ru-AHK,Delta learning,1,31,2.30450133,1.8931860684245856
GradientBoostingRegressor,all_ru_ahk_to_ru_aho_inner,All Ru-AHK (inner + outer) -> Ru-AHO inner,inner+outer,inner,All Ru-AHK,Delta learning,1,40,2.13954868,2.001513091800891
GradientBoostingRegressor,all_ru_ahk_to_ru_aho_inner,All Ru-AHK (inner + outer) -> Ru-AHO inner,inner+outer,inner,All Ru-AHK,Delta learning,1,42,2.12255274,2.215071367046404
GradientBoostingRegressor,all_ru_ahk_to_ru_aho_inner,All Ru-AHK (inner + outer) -> Ru-AHO inner,inner+outer,inner,All Ru-AHK,Delta learning,1,44,2.02174776,1.876082105757443
GradientBoostingRegressor,all_ru_ahk_to_ru_aho_inner,All Ru-AHK (inner + outer) -> Ru-AHO inner,inner+outer,inner,All Ru-AHK,Delta learning,1,47,1.97754867,1.736627516677044
GradientBoostingRegressor,all_ru_ahk_to_ru_aho_inner,All Ru-AHK (inner + outer) -> Ru-AHO inner,inner+outer,inner,All Ru-AHK,Delta learning,1,62,1.56906465,1.900522552969916
GradientBoostingRegressor,all_ru_ahk_to_ru_aho_inner,All Ru-AHK (inner + outer) -> Ru-AHO inner,inner+outer,inner,All Ru-AHK,Delta learning,1,64,1.53168147,1.4447707381678114
GradientBoostingRegressor,all_ru_ahk_to_ru_aho_inner,All Ru-AHK (inner + outer) -> Ru-AHO inner,inner+outer,inner,All Ru-AHK,Delta learning,1,73,1.39055932,1.490452218861295
GradientBoostingRegressor,all_ru_ahk_to_ru_aho_inner,All Ru-AHK (inner + outer) -> Ru-AHO inner,inner+outer,inner,All Ru-AHK,Delta learning,1,75,1.36999511,1.4552569775247548
GradientBoostingRegressor,all_ru_ahk_to_ru_aho_inner,All Ru-AHK (inner + outer) -> Ru-AHO inner,inner+outer,inner,All Ru-AHK,Delta learning,1,81,1.00421655,1.1736123940180165
GradientBoostingRegressor,all_ru_ahk_to_ru_aho_inner,All Ru-AHK (inner + outer) -> Ru-AHO inner,inner+outer,inner,All Ru-AHK,Delta learning,1,83,0.83956097,0.46450382755518427
GradientBoostingRegressor,all_ru_ahk_to_ru_aho_inner,All Ru-AHK (inner + outer) -> Ru-AHO inner,inner+outer,inner,All Ru-AHK,Delta learning,1,90,0.19433377,0.04490537357410984
GradientBoostingRegressor,all_ru_ahk_to_ru_aho_inner,All Ru-AHK (inner + outer) -> Ru-AHO inner,inner+outer,inner,All Ru-AHK,Delta learning,1,94,0.04739647,0.952141195150117
GradientBoostingRegressor,all_ru_ahk_to_ru_aho_inner,All Ru-AHK (inner + outer) -> Ru-AHO inner,inner+outer,inner,All Ru-AHK,Mixed transfer,2,5,3.13437597,2.1626098484576524
GradientBoostingRegressor,all_ru_ahk_to_ru_aho_inner,All Ru-AHK (inner + outer) -> Ru-AHO inner,inner+outer,inner,All Ru-AHK,Mixed transfer,2,9,3.13437597,2.602912298310712
GradientBoostingRegressor,all_ru_ahk_to_ru_aho_inner,All Ru-AHK (inner + outer) -> Ru-AHO inner,inner+outer,inner,All Ru-AHK,Mixed transfer,2,11,2.81808334,2.482289608822137
GradientBoostingRegressor,all_ru_ahk_to_ru_aho_inner,All Ru-AHK (inner + outer) -> Ru-AHO inner,inner+outer,inner,All Ru-AHK,Mixed transfer,2,15,2.72095293,2.2475749019442297
GradientBoostingRegressor,all_ru_ahk_to_ru_aho_inner,All Ru-AHK (inner + outer) -> Ru-AHO inner,inner+outer,inner,All Ru-AHK,Mixed transfer,2,16,2.72095293,2.602912298310712
GradientBoostingRegressor,all_ru_ahk_to_ru_aho_inner,All Ru-AHK (inner + outer) -> Ru-AHO inner,inner+outer,inner,All Ru-AHK,Mixed transfer,2,28,2.47786275,2.482289608822137
GradientBoostingRegressor,all_ru_ahk_to_ru_aho_inner,All Ru-AHK (inner + outer) -> Ru-AHO inner,inner+outer,inner,All Ru-AHK,Mixed transfer,2,30,2.3515711,2.1165030898341213
GradientBoostingRegressor,all_ru_ahk_to_ru_aho_inner,All Ru-AHK (inner + outer) -> Ru-AHO inner,inner+outer,inner,All Ru-AHK,Mixed transfer,2,33,2.30450133,2.3391793453316683
GradientBoostingRegressor,all_ru_ahk_to_ru_aho_inner,All Ru-AHK (inner + outer) -> Ru-AHO inner,inner+outer,inner,All Ru-AHK,Mixed transfer,2,35,2.30450133,2.482289608822137
GradientBoostingRegressor,all_ru_ahk_to_ru_aho_inner,All Ru-AHK (inner + outer) -> Ru-AHO inner,inner+outer,inner,All Ru-AHK,Mixed transfer,2,39,2.16934032,2.028463885629573
GradientBoostingRegressor,all_ru_ahk_to_ru_aho_inner,All Ru-AHK (inner + outer) -> Ru-AHO inner,inner+outer,inner,All Ru-AHK,Mixed transfer,2,45,2.01889808,2.058348787583401
GradientBoostingRegressor,all_ru_ahk_to_ru_aho_inner,All Ru-AHK (inner + outer) -> Ru-AHO inner,inner+outer,inner,All Ru-AHK,Mixed transfer,2,49,1.9607788,1.6452962907975237
GradientBoostingRegressor,all_ru_ahk_to_ru_aho_inner,All Ru-AHK (inner + outer) -> Ru-AHO inner,inner+outer,inner,All Ru-AHK,Mixed transfer,2,65,1.53168147,1.6389729150315273
GradientBoostingRegressor,all_ru_ahk_to_ru_aho_inner,All Ru-AHK (inner + outer) -> Ru-AHO inner,inner+outer,inner,All Ru-AHK,Mixed transfer,2,68,1.49260764,1.5157853917771489
GradientBoostingRegressor,all_ru_ahk_to_ru_aho_inner,All Ru-AHK (inner + outer) -> Ru-AHO inner,inner+outer,inner,All Ru-AHK,Mixed transfer,2,69,1.48763592,2.177276693383942
GradientBoostingRegressor,all_ru_ahk_to_ru_aho_inner,All Ru-AHK (inner + outer) -> Ru-AHO inner,inner+outer,inner,All Ru-AHK,Mixed transfer,2,70,1.47570337,1.7806874301327904
GradientBoostingRegressor,all_ru_ahk_to_ru_aho_inner,All Ru-AHK (inner + outer) -> Ru-AHO inner,inner+outer,inner,All Ru-AHK,Mixed transfer,2,72,1.40708549,1.6389729150315273
GradientBoostingRegressor,all_ru_ahk_to_ru_aho_inner,All Ru-AHK (inner + outer) -> Ru-AHO inner,inner+outer,inner,All Ru-AHK,Mixed transfer,2,80,1.31904107,1.8252741164816806
GradientBoostingRegressor,all_ru_ahk_to_ru_aho_inner,All Ru-AHK (inner + outer) -> Ru-AHO inner,inner+outer,inner,All Ru-AHK,Mixed transfer,2,88,0.39647984,1.3133272818879305
GradientBoostingRegressor,all_ru_ahk_to_ru_aho_inner,All Ru-AHK (inner + outer) -> Ru-AHO inner,inner+outer,inner,All Ru-AHK,Mixed transfer,2,93,0.04819171,0.8080097801734673
GradientBoostingRegressor,all_ru_ahk_to_ru_aho_inner,All Ru-AHK (inner + outer) -> Ru-AHO inner,inner+outer,inner,All Ru-AHK,Delta learning,2,5,3.13437597,2.8153740886668706
GradientBoostingRegressor,all_ru_ahk_to_ru_aho_inner,All Ru-AHK (inner + outer) -> Ru-AHO inner,inner+outer,inner,All Ru-AHK,Delta learning,2,9,3.13437597,4.1729447593789555
GradientBoostingRegressor,all_ru_ahk_to_ru_aho_inner,All Ru-AHK (inner + outer) -> Ru-AHO inner,inner+outer,inner,All Ru-AHK,Delta learning,2,11,2.81808334,2.926152287836894
GradientBoostingRegressor,all_ru_ahk_to_ru_aho_inner,All Ru-AHK (inner + outer) -> Ru-AHO inner,inner+outer,inner,All Ru-AHK,Delta learning,2,15,2.72095293,2.162337083580835
GradientBoostingRegressor,all_ru_ahk_to_ru_aho_inner,All Ru-AHK (inner + outer) -> Ru-AHO inner,inner+outer,inner,All Ru-AHK,Delta learning,2,16,2.72095293,3.266779783015284
GradientBoostingRegressor,all_ru_ahk_to_ru_aho_inner,All Ru-AHK (inner + outer) -> Ru-AHO inner,inner+outer,inner,All Ru-AHK,Delta learning,2,28,2.47786275,2.7942627176796067
GradientBoostingRegressor,all_ru_ahk_to_ru_aho_inner,All Ru-AHK (inner + outer) -> Ru-AHO inner,inner+outer,inner,All Ru-AHK,Delta learning,2,30,2.3515711,2.663324969303061
GradientBoostingRegressor,all_ru_ahk_to_ru_aho_inner,All Ru-AHK (inner + outer) -> Ru-AHO inner,inner+outer,inner,All Ru-AHK,Delta learning,2,33,2.30450133,3.9248881951973638
GradientBoostingRegressor,all_ru_ahk_to_ru_aho_inner,All Ru-AHK (inner + outer) -> Ru-AHO inner,inner+outer,inner,All Ru-AHK,Delta learning,2,35,2.30450133,3.4114391657739818
GradientBoostingRegressor,all_ru_ahk_to_ru_aho_inner,All Ru-AHK (inner + outer) -> Ru-AHO inner,inner+outer,inner,All Ru-AHK,Delta learning,2,39,2.16934032,2.152352947462587
GradientBoostingRegressor,all_ru_ahk_to_ru_aho_inner,All Ru-AHK (inner + outer) -> Ru-AHO inner,inner+outer,inner,All Ru-AHK,Delta learning,2,45,2.01889808,2.013919554527959
GradientBoostingRegressor,all_ru_ahk_to_ru_aho_inner,All Ru-AHK (inner + outer) -> Ru-AHO inner,inner+outer,inner,All Ru-AHK,Delta learning,2,49,1.9607788,0.4003502576370277
GradientBoostingRegressor,all_ru_ahk_to_ru_aho_inner,All Ru-AHK (inner + outer) -> Ru-AHO inner,inner+outer,inner,All Ru-AHK,Delta learning,2,65,1.53168147,1.47898506903703
GradientBoostingRegressor,all_ru_ahk_to_ru_aho_inner,All Ru-AHK (inner + outer) -> Ru-AHO inner,inner+outer,inner,All Ru-AHK,Delta learning,2,68,1.49260764,1.8677142782891718
GradientBoostingRegressor,all_ru_ahk_to_ru_aho_inner,All Ru-AHK (inner + outer) -> Ru-AHO inner,inner+outer,inner,All Ru-AHK,Delta learning,2,69,1.48763592,1.9785120667122522
GradientBoostingRegressor,all_ru_ahk_to_ru_aho_inner,All Ru-AHK (inner + outer) -> Ru-AHO inner,inner+outer,inner,All Ru-AHK,Delta learning,2,70,1.47570337,1.9445919504331186
GradientBoostingRegressor,all_ru_ahk_to_ru_aho_inner,All Ru-AHK (inner + outer) -> Ru-AHO inner,inner+outer,inner,All Ru-AHK,Delta learning,2,72,1.40708549,1.47898506903703
GradientBoostingRegressor,all_ru_ahk_to_ru_aho_inner,All Ru-AHK (inner + outer) -> Ru-AHO inner,inner+outer,inner,All Ru-AHK,Delta learning,2,80,1.31904107,1.5929934724496881
GradientBoostingRegressor,all_ru_ahk_to_ru_aho_inner,All Ru-AHK (inner + outer) -> Ru-AHO inner,inner+outer,inner,All Ru-AHK,Delta learning,2,88,0.39647984,0.948520077358387
GradientBoostingRegressor,all_ru_ahk_to_ru_aho_inner,All Ru-AHK (inner + outer) -> Ru-AHO inner,inner+outer,inner,All Ru-AHK,Delta learning,2,93,0.04819171,0.09710940043129401
GradientBoostingRegressor,all_ru_ahk_to_ru_aho_inner,All Ru-AHK (inner + outer) -> Ru-AHO inner,inner+outer,inner,All Ru-AHK,Mixed transfer,3,3,3.67873076,2.422715382221928
GradientBoostingRegressor,all_ru_ahk_to_ru_aho_inner,All Ru-AHK (inner + outer) -> Ru-AHO inner,inner+outer,inner,All Ru-AHK,Mixed transfer,3,6,3.13437597,1.848030827607066
GradientBoostingRegressor,all_ru_ahk_to_ru_aho_inner,All Ru-AHK (inner + outer) -> Ru-AHO inner,inner+outer,inner,All Ru-AHK,Mixed transfer,3,7,3.13437597,2.793874479787924
GradientBoostingRegressor,all_ru_ahk_to_ru_aho_inner,All Ru-AHK (inner + outer) -> Ru-AHO inner,inner+outer,inner,All Ru-AHK,Mixed transfer,3,8,3.13437597,2.4035212360961884
GradientBoostingRegressor,all_ru_ahk_to_ru_aho_inner,All Ru-AHK (inner + outer) -> Ru-AHO inner,inner+outer,inner,All Ru-AHK,Mixed transfer,3,13,2.72095293,2.4914938854243234
GradientBoostingRegressor,all_ru_ahk_to_ru_aho_inner,All Ru-AHK (inner + outer) -> Ru-AHO inner,inner+outer,inner,All Ru-AHK,Mixed transfer,3,17,2.72095293,2.518724600571793
GradientBoostingRegressor,all_ru_ahk_to_ru_aho_inner,All Ru-AHK (inner + outer) -> Ru-AHO inner,inner+outer,inner,All Ru-AHK,Mixed transfer,3,19,2.72095293,2.468814463168744
GradientBoostingRegressor,all_ru_ahk_to_ru_aho_inner,All Ru-AHK (inner + outer) -> Ru-AHO inner,inner+outer,inner,All Ru-AHK,Mixed transfer,3,24,2.49823771,2.0634162600080512
GradientBoostingRegressor,all_ru_ahk_to_ru_aho_inner,All Ru-AHK (inner + outer) -> Ru-AHO inner,inner+outer,inner,All Ru-AHK,Mixed transfer,3,25,2.49823771,1.9910990241563007
GradientBoostingRegressor,all_ru_ahk_to_ru_aho_inner,All Ru-AHK (inner + outer) -> Ru-AHO inner,inner+outer,inner,All Ru-AHK,Mixed transfer,3,27,2.47786275,2.260161825419425
GradientBoostingRegressor,all_ru_ahk_to_ru_aho_inner,All Ru-AHK (inner + outer) -> Ru-AHO inner,inner+outer,inner,All Ru-AHK,Mixed transfer,3,34,2.30450133,2.6030744535410193
GradientBoostingRegressor,all_ru_ahk_to_ru_aho_inner,All Ru-AHK (inner + outer) -> Ru-AHO inner,inner+outer,inner,All Ru-AHK,Mixed transfer,3,36,2.28957767,1.9546829538767494
GradientBoostingRegressor,all_ru_ahk_to_ru_aho_inner,All Ru-AHK (inner + outer) -> Ru-AHO inner,inner+outer,inner,All Ru-AHK,Mixed transfer,3,38,2.20688949,2.2080946527184184
GradientBoostingRegressor,all_ru_ahk_to_ru_aho_inner,All Ru-AHK (inner + outer) -> Ru-AHO inner,inner+outer,inner,All Ru-AHK,Mixed transfer,3,53,1.84440958,2.1123517890151424
GradientBoostingRegressor,all_ru_ahk_to_ru_aho_inner,All Ru-AHK (inner + outer) -> Ru-AHO inner,inner+outer,inner,All Ru-AHK,Mixed transfer,3,55,1.80901573,2.046300512589262
GradientBoostingRegressor,all_ru_ahk_to_ru_aho_inner,All Ru-AHK (inner + outer) -> Ru-AHO inner,inner+outer,inner,All Ru-AHK,Mixed transfer,3,56,1.73731552,1.9546829538767494
GradientBoostingRegressor,all_ru_ahk_to_ru_aho_inner,All Ru-AHK (inner + outer) -> Ru-AHO inner,inner+outer,inner,All Ru-AHK,Mixed transfer,3,76,1.36999511,1.0399733607978152
GradientBoostingRegressor,all_ru_ahk_to_ru_aho_inner,All Ru-AHK (inner + outer) -> Ru-AHO inner,inner+outer,inner,All Ru-AHK,Mixed transfer,3,78,1.35390456,1.5479455140189795
GradientBoostingRegressor,all_ru_ahk_to_ru_aho_inner,All Ru-AHK (inner + outer) -> Ru-AHO inner,inner+outer,inner,All Ru-AHK,Mixed transfer,3,79,1.33471728,1.4644044018499696
GradientBoostingRegressor,all_ru_ahk_to_ru_aho_inner,All Ru-AHK (inner + outer) -> Ru-AHO inner,inner+outer,inner,All Ru-AHK,Mixed transfer,3,85,0.80254597,0.658167926849343
GradientBoostingRegressor,all_ru_ahk_to_ru_aho_inner,All Ru-AHK (inner + outer) -> Ru-AHO inner,inner+outer,inner,All Ru-AHK,Delta learning,3,3,3.67873076,2.4360138378112097
GradientBoostingRegressor,all_ru_ahk_to_ru_aho_inner,All Ru-AHK (inner + outer) -> Ru-AHO inner,inner+outer,inner,All Ru-AHK,Delta learning,3,6,3.13437597,2.9146565535447353
GradientBoostingRegressor,all_ru_ahk_to_ru_aho_inner,All Ru-AHK (inner + outer) -> Ru-AHO inner,inner+outer,inner,All Ru-AHK,Delta learning,3,7,3.13437597,3.443310704203321
GradientBoostingRegressor,all_ru_ahk_to_ru_aho_inner,All Ru-AHK (inner + outer) -> Ru-AHO inner,inner+outer,inner,All Ru-AHK,Delta learning,3,8,3.13437597,3.2757202613387966
GradientBoostingRegressor,all_ru_ahk_to_ru_aho_inner,All Ru-AHK (inner + outer) -> Ru-AHO inner,inner+outer,inner,All Ru-AHK,Delta learning,3,13,2.72095293,2.7395719872115913
GradientBoostingRegressor,all_ru_ahk_to_ru_aho_inner,All Ru-AHK (inner + outer) -> Ru-AHO inner,inner+outer,inner,All Ru-AHK,Delta learning,3,17,2.72095293,3.1659940060397638
GradientBoostingRegressor,all_ru_ahk_to_ru_aho_inner,All Ru-AHK (inner + outer) -> Ru-AHO inner,inner+outer,inner,All Ru-AHK,Delta learning,3,19,2.72095293,2.797326765195508
GradientBoostingRegressor,all_ru_ahk_to_ru_aho_inner,All Ru-AHK (inner + outer) -> Ru-AHO inner,inner+outer,inner,All Ru-AHK,Delta learning,3,24,2.49823771,2.27023185821175
GradientBoostingRegressor,all_ru_ahk_to_ru_aho_inner,All Ru-AHK (inner + outer) -> Ru-AHO inner,inner+outer,inner,All Ru-AHK,Delta learning,3,25,2.49823771,2.1343544231996194
GradientBoostingRegressor,all_ru_ahk_to_ru_aho_inner,All Ru-AHK (inner + outer) -> Ru-AHO inner,inner+outer,inner,All Ru-AHK,Delta learning,3,27,2.47786275,3.9478070252027204
GradientBoostingRegressor,all_ru_ahk_to_ru_aho_inner,All Ru-AHK (inner + outer) -> Ru-AHO inner,inner+outer,inner,All Ru-AHK,Delta learning,3,34,2.30450133,3.191772034850068
GradientBoostingRegressor,all_ru_ahk_to_ru_aho_inner,All Ru-AHK (inner + outer) -> Ru-AHO inner,inner+outer,inner,All Ru-AHK,Delta learning,3,36,2.28957767,2.3656749138336695
GradientBoostingRegressor,all_ru_ahk_to_ru_aho_inner,All Ru-AHK (inner + outer) -> Ru-AHO inner,inner+outer,inner,All Ru-AHK,Delta learning,3,38,2.20688949,2.2027407619205617
GradientBoostingRegressor,all_ru_ahk_to_ru_aho_inner,All Ru-AHK (inner + outer) -> Ru-AHO inner,inner+outer,inner,All Ru-AHK,Delta learning,3,53,1.84440958,1.915049786602569
GradientBoostingRegressor,all_ru_ahk_to_ru_aho_inner,All Ru-AHK (inner + outer) -> Ru-AHO inner,inner+outer,inner,All Ru-AHK,Delta learning,3,55,1.80901573,1.2900888687963539
GradientBoostingRegressor,all_ru_ahk_to_ru_aho_inner,All Ru-AHK (inner + outer) -> Ru-AHO inner,inner+outer,inner,All Ru-AHK,Delta learning,3,56,1.73731552,2.3656749138336695
GradientBoostingRegressor,all_ru_ahk_to_ru_aho_inner,All Ru-AHK (inner + outer) -> Ru-AHO inner,inner+outer,inner,All Ru-AHK,Delta learning,3,76,1.36999511,1.192970063551828
GradientBoostingRegressor,all_ru_ahk_to_ru_aho_inner,All Ru-AHK (inner + outer) -> Ru-AHO inner,inner+outer,inner,All Ru-AHK,Delta learning,3,78,1.35390456,1.3909809116143212
GradientBoostingRegressor,all_ru_ahk_to_ru_aho_inner,All Ru-AHK (inner + outer) -> Ru-AHO inner,inner+outer,inner,All Ru-AHK,Delta learning,3,79,1.33471728,1.2378245236997154
GradientBoostingRegressor,all_ru_ahk_to_ru_aho_inner,All Ru-AHK (inner + outer) -> Ru-AHO inner,inner+outer,inner,All Ru-AHK,Delta learning,3,85,0.80254597,0.6139840355737034
GradientBoostingRegressor,all_ru_ahk_to_ru_aho_inner,All Ru-AHK (inner + outer) -> Ru-AHO inner,inner+outer,inner,All Ru-AHK,Mixed transfer,4,32,2.30450133,2.1062553541270663
GradientBoostingRegressor,all_ru_ahk_to_ru_aho_inner,All Ru-AHK (inner + outer) -> Ru-AHO inner,inner+outer,inner,All Ru-AHK,Mixed transfer,4,41,2.13444943,1.7485280056959926
GradientBoostingRegressor,all_ru_ahk_to_ru_aho_inner,All Ru-AHK (inner + outer) -> Ru-AHO inner,inner+outer,inner,All Ru-AHK,Mixed transfer,4,43,2.11117069,1.4605218815701704
GradientBoostingRegressor,all_ru_ahk_to_ru_aho_inner,All Ru-AHK (inner + outer) -> Ru-AHO inner,inner+outer,inner,All Ru-AHK,Mixed transfer,4,46,2.00941149,2.5053167707936344
GradientBoostingRegressor,all_ru_ahk_to_ru_aho_inner,All Ru-AHK (inner + outer) -> Ru-AHO inner,inner+outer,inner,All Ru-AHK,Mixed transfer,4,48,1.96551622,1.6941697066966983
GradientBoostingRegressor,all_ru_ahk_to_ru_aho_inner,All Ru-AHK (inner + outer) -> Ru-AHO inner,inner+outer,inner,All Ru-AHK,Mixed transfer,4,50,1.95650617,1.4605218815701704
GradientBoostingRegressor,all_ru_ahk_to_ru_aho_inner,All Ru-AHK (inner + outer) -> Ru-AHO inner,inner+outer,inner,All Ru-AHK,Mixed transfer,4,54,1.80901573,2.1337138257752106
GradientBoostingRegressor,all_ru_ahk_to_ru_aho_inner,All Ru-AHK (inner + outer) -> Ru-AHO inner,inner+outer,inner,All Ru-AHK,Mixed transfer,4,57,1.68395754,2.1403623336204465
GradientBoostingRegressor,all_ru_ahk_to_ru_aho_inner,All Ru-AHK (inner + outer) -> Ru-AHO inner,inner+outer,inner,All Ru-AHK,Mixed transfer,4,58,1.66417952,1.5596784349765958
GradientBoostingRegressor,all_ru_ahk_to_ru_aho_inner,All Ru-AHK (inner + outer) -> Ru-AHO inner,inner+outer,inner,All Ru-AHK,Mixed transfer,4,59,1.62929332,1.7085730246490385
GradientBoostingRegressor,all_ru_ahk_to_ru_aho_inner,All Ru-AHK (inner + outer) -> Ru-AHO inner,inner+outer,inner,All Ru-AHK,Mixed transfer,4,61,1.57873877,1.6727624613280823
GradientBoostingRegressor,all_ru_ahk_to_ru_aho_inner,All Ru-AHK (inner + outer) -> Ru-AHO inner,inner+outer,inner,All Ru-AHK,Mixed transfer,4,63,1.56019653,1.5910807488572536
GradientBoostingRegressor,all_ru_ahk_to_ru_aho_inner,All Ru-AHK (inner + outer) -> Ru-AHO inner,inner+outer,inner,All Ru-AHK,Mixed transfer,4,66,1.51369193,1.4631399191612908
GradientBoostingRegressor,all_ru_ahk_to_ru_aho_inner,All Ru-AHK (inner + outer) -> Ru-AHO inner,inner+outer,inner,All Ru-AHK,Mixed transfer,4,67,1.51369193,1.5764592058623499
GradientBoostingRegressor,all_ru_ahk_to_ru_aho_inner,All Ru-AHK (inner + outer) -> Ru-AHO inner,inner+outer,inner,All Ru-AHK,Mixed transfer,4,77,1.36283425,1.3949863483545306
GradientBoostingRegressor,all_ru_ahk_to_ru_aho_inner,All Ru-AHK (inner + outer) -> Ru-AHO inner,inner+outer,inner,All Ru-AHK,Mixed transfer,4,84,0.80438248,1.489016039269149
GradientBoostingRegressor,all_ru_ahk_to_ru_aho_inner,All Ru-AHK (inner + outer) -> Ru-AHO inner,inner+outer,inner,All Ru-AHK,Mixed transfer,4,95,0.0120419,0.8128310393779263
GradientBoostingRegressor,all_ru_ahk_to_ru_aho_inner,All Ru-AHK (inner + outer) -> Ru-AHO inner,inner+outer,inner,All Ru-AHK,Mixed transfer,4,96,0.0,1.3578481119402739
GradientBoostingRegressor,all_ru_ahk_to_ru_aho_inner,All Ru-AHK (inner + outer) -> Ru-AHO inner,inner+outer,inner,All Ru-AHK,Mixed transfer,4,97,0.0,1.322510140617047
GradientBoostingRegressor,all_ru_ahk_to_ru_aho_inner,All Ru-AHK (inner + outer) -> Ru-AHO inner,inner+outer,inner,All Ru-AHK,Delta learning,4,32,2.30450133,2.4798641495946834
GradientBoostingRegressor,all_ru_ahk_to_ru_aho_inner,All Ru-AHK (inner + outer) -> Ru-AHO inner,inner+outer,inner,All Ru-AHK,Delta learning,4,41,2.13444943,2.171991142343664
GradientBoostingRegressor,all_ru_ahk_to_ru_aho_inner,All Ru-AHK (inner + outer) -> Ru-AHO inner,inner+outer,inner,All Ru-AHK,Delta learning,4,43,2.11117069,1.4852007038108983
GradientBoostingRegressor,all_ru_ahk_to_ru_aho_inner,All Ru-AHK (inner + outer) -> Ru-AHO inner,inner+outer,inner,All Ru-AHK,Delta learning,4,46,2.00941149,1.8908691950363041
GradientBoostingRegressor,all_ru_ahk_to_ru_aho_inner,All Ru-AHK (inner + outer) -> Ru-AHO inner,inner+outer,inner,All Ru-AHK,Delta learning,4,48,1.96551622,1.8552014053429784
GradientBoostingRegressor,all_ru_ahk_to_ru_aho_inner,All Ru-AHK (inner + outer) -> Ru-AHO inner,inner+outer,inner,All Ru-AHK,Delta learning,4,50,1.95650617,1.6463302601864513
GradientBoostingRegressor,all_ru_ahk_to_ru_aho_inner,All Ru-AHK (inner + outer) -> Ru-AHO inner,inner+outer,inner,All Ru-AHK,Delta learning,4,54,1.80901573,2.1702809330828723
GradientBoostingRegressor,all_ru_ahk_to_ru_aho_inner,All Ru-AHK (inner + outer) -> Ru-AHO inner,inner+outer,inner,All Ru-AHK,Delta learning,4,57,1.68395754,1.8673616371277009
GradientBoostingRegressor,all_ru_ahk_to_ru_aho_inner,All Ru-AHK (inner + outer) -> Ru-AHO inner,inner+outer,inner,All Ru-AHK,Delta learning,4,58,1.66417952,1.360017658977816
GradientBoostingRegressor,all_ru_ahk_to_ru_aho_inner,All Ru-AHK (inner + outer) -> Ru-AHO inner,inner+outer,inner,All Ru-AHK,Delta learning,4,59,1.62929332,1.513134587605223
GradientBoostingRegressor,all_ru_ahk_to_ru_aho_inner,All Ru-AHK (inner + outer) -> Ru-AHO inner,inner+outer,inner,All Ru-AHK,Delta learning,4,61,1.57873877,1.4522859959833663
GradientBoostingRegressor,all_ru_ahk_to_ru_aho_inner,All Ru-AHK (inner + outer) -> Ru-AHO inner,inner+outer,inner,All Ru-AHK,Delta learning,4,63,1.56019653,1.403459152518517
GradientBoostingRegressor,all_ru_ahk_to_ru_aho_inner,All Ru-AHK (inner + outer) -> Ru-AHO inner,inner+outer,inner,All Ru-AHK,Delta learning,4,66,1.51369193,1.3051337442789253
GradientBoostingRegressor,all_ru_ahk_to_ru_aho_inner,All Ru-AHK (inner + outer) -> Ru-AHO inner,inner+outer,inner,All Ru-AHK,Delta learning,4,67,1.51369193,1.4209776122834405
GradientBoostingRegressor,all_ru_ahk_to_ru_aho_inner,All Ru-AHK (inner + outer) -> Ru-AHO inner,inner+outer,inner,All Ru-AHK,Delta learning,4,77,1.36283425,0.9035729495363101
GradientBoostingRegressor,all_ru_ahk_to_ru_aho_inner,All Ru-AHK (inner + outer) -> Ru-AHO inner,inner+outer,inner,All Ru-AHK,Delta learning,4,84,0.80438248,1.2288885879966092
GradientBoostingRegressor,all_ru_ahk_to_ru_aho_inner,All Ru-AHK (inner + outer) -> Ru-AHO inner,inner+outer,inner,All Ru-AHK,Delta learning,4,95,0.0120419,0.9449292084698466
GradientBoostingRegressor,all_ru_ahk_to_ru_aho_inner,All Ru-AHK (inner + outer) -> Ru-AHO inner,inner+outer,inner,All Ru-AHK,Delta learning,4,96,0.0,0.8363866844899516
GradientBoostingRegressor,all_ru_ahk_to_ru_aho_inner,All Ru-AHK (inner + outer) -> Ru-AHO inner,inner+outer,inner,All Ru-AHK,Delta learning,4,97,0.0,0.6250106545489563
GradientBoostingRegressor,all_ru_ahk_to_ru_aho_inner,All Ru-AHK (inner + outer) -> Ru-AHO inner,inner+outer,inner,All Ru-AHK,Mixed transfer,5,1,4.50050002,2.5048615028951384
GradientBoostingRegressor,all_ru_ahk_to_ru_aho_inner,All Ru-AHK (inner + outer) -> Ru-AHO inner,inner+outer,inner,All Ru-AHK,Mixed transfer,5,2,3.84937533,2.4817906485205805
GradientBoostingRegressor,all_ru_ahk_to_ru_aho_inner,All Ru-AHK (inner + outer) -> Ru-AHO inner,inner+outer,inner,All Ru-AHK,Mixed transfer,5,14,2.72095293,2.493657616470878
GradientBoostingRegressor,all_ru_ahk_to_ru_aho_inner,All Ru-AHK (inner + outer) -> Ru-AHO inner,inner+outer,inner,All Ru-AHK,Mixed transfer,5,20,2.72095293,2.5048615028951384
GradientBoostingRegressor,all_ru_ahk_to_ru_aho_inner,All Ru-AHK (inner + outer) -> Ru-AHO inner,inner+outer,inner,All Ru-AHK,Mixed transfer,5,21,2.6917632,1.9702308345071162
GradientBoostingRegressor,all_ru_ahk_to_ru_aho_inner,All Ru-AHK (inner + outer) -> Ru-AHO inner,inner+outer,inner,All Ru-AHK,Mixed transfer,5,23,2.61179564,1.9702308345071162
GradientBoostingRegressor,all_ru_ahk_to_ru_aho_inner,All Ru-AHK (inner + outer) -> Ru-AHO inner,inner+outer,inner,All Ru-AHK,Mixed transfer,5,29,2.47786275,2.3947015496800765
GradientBoostingRegressor,all_ru_ahk_to_ru_aho_inner,All Ru-AHK (inner + outer) -> Ru-AHO inner,inner+outer,inner,All Ru-AHK,Mixed transfer,5,37,2.26077037,2.049871732435234
GradientBoostingRegressor,all_ru_ahk_to_ru_aho_inner,All Ru-AHK (inner + outer) -> Ru-AHO inner,inner+outer,inner,All Ru-AHK,Mixed transfer,5,51,1.94448624,1.6512088844306743
GradientBoostingRegressor,all_ru_ahk_to_ru_aho_inner,All Ru-AHK (inner + outer) -> Ru-AHO inner,inner+outer,inner,All Ru-AHK,Mixed transfer,5,52,1.88185187,2.0492643100893884
GradientBoostingRegressor,all_ru_ahk_to_ru_aho_inner,All Ru-AHK (inner + outer) -> Ru-AHO inner,inner+outer,inner,All Ru-AHK,Mixed transfer,5,60,1.62929332,2.4729669190676242
GradientBoostingRegressor,all_ru_ahk_to_ru_aho_inner,All Ru-AHK (inner + outer) -> Ru-AHO inner,inner+outer,inner,All Ru-AHK,Mixed transfer,5,71,1.47016368,1.9128847606848642
GradientBoostingRegressor,all_ru_ahk_to_ru_aho_inner,All Ru-AHK (inner + outer) -> Ru-AHO inner,inner+outer,inner,All Ru-AHK,Mixed transfer,5,74,1.38325909,1.2248332609842225
GradientBoostingRegressor,all_ru_ahk_to_ru_aho_inner,All Ru-AHK (inner + outer) -> Ru-AHO inner,inner+outer,inner,All Ru-AHK,Mixed transfer,5,82,0.99242206,1.7172808820046277
GradientBoostingRegressor,all_ru_ahk_to_ru_aho_inner,All Ru-AHK (inner + outer) -> Ru-AHO inner,inner+outer,inner,All Ru-AHK,Mixed transfer,5,86,0.67501313,1.5852059659550126
GradientBoostingRegressor,all_ru_ahk_to_ru_aho_inner,All Ru-AHK (inner + outer) -> Ru-AHO inner,inner+outer,inner,All Ru-AHK,Mixed transfer,5,87,0.56782018,2.557959703711377
GradientBoostingRegressor,all_ru_ahk_to_ru_aho_inner,All Ru-AHK (inner + outer) -> Ru-AHO inner,inner+outer,inner,All Ru-AHK,Mixed transfer,5,89,0.33293116,2.7722896265473653
GradientBoostingRegressor,all_ru_ahk_to_ru_aho_inner,All Ru-AHK (inner + outer) -> Ru-AHO inner,inner+outer,inner,All Ru-AHK,Mixed transfer,5,91,0.10866753,1.2382368959963241
GradientBoostingRegressor,all_ru_ahk_to_ru_aho_inner,All Ru-AHK (inner + outer) -> Ru-AHO inner,inner+outer,inner,All Ru-AHK,Mixed transfer,5,92,0.09139463,2.3634943055591497
GradientBoostingRegressor,all_ru_ahk_to_ru_aho_inner,All Ru-AHK (inner + outer) -> Ru-AHO inner,inner+outer,inner,All Ru-AHK,Delta learning,5,1,4.50050002,3.018136840721559
GradientBoostingRegressor,all_ru_ahk_to_ru_aho_inner,All Ru-AHK (inner + outer) -> Ru-AHO inner,inner+outer,inner,All Ru-AHK,Delta learning,5,2,3.84937533,2.849052343062609
GradientBoostingRegressor,all_ru_ahk_to_ru_aho_inner,All Ru-AHK (inner + outer) -> Ru-AHO inner,inner+outer,inner,All Ru-AHK,Delta learning,5,14,2.72095293,2.4882984695804096
GradientBoostingRegressor,all_ru_ahk_to_ru_aho_inner,All Ru-AHK (inner + outer) -> Ru-AHO inner,inner+outer,inner,All Ru-AHK,Delta learning,5,20,2.72095293,2.687444631790727
GradientBoostingRegressor,all_ru_ahk_to_ru_aho_inner,All Ru-AHK (inner + outer) -> Ru-AHO inner,inner+outer,inner,All Ru-AHK,Delta learning,5,21,2.6917632,2.2972232612925083
GradientBoostingRegressor,all_ru_ahk_to_ru_aho_inner,All Ru-AHK (inner + outer) -> Ru-AHO inner,inner+outer,inner,All Ru-AHK,Delta learning,5,23,2.61179564,2.1113315616123494
GradientBoostingRegressor,all_ru_ahk_to_ru_aho_inner,All Ru-AHK (inner + outer) -> Ru-AHO inner,inner+outer,inner,All Ru-AHK,Delta learning,5,29,2.47786275,2.6625479098666567
GradientBoostingRegressor,all_ru_ahk_to_ru_aho_inner,All Ru-AHK (inner + outer) -> Ru-AHO inner,inner+outer,inner,All Ru-AHK,Delta learning,5,37,2.26077037,2.204655277604754
GradientBoostingRegressor,all_ru_ahk_to_ru_aho_inner,All Ru-AHK (inner + outer) -> Ru-AHO inner,inner+outer,inner,All Ru-AHK,Delta learning,5,51,1.94448624,1.811275396594443
GradientBoostingRegressor,all_ru_ahk_to_ru_aho_inner,All Ru-AHK (inner + outer) -> Ru-AHO inner,inner+outer,inner,All Ru-AHK,Delta learning,5,52,1.88185187,1.8167709949440418
GradientBoostingRegressor,all_ru_ahk_to_ru_aho_inner,All Ru-AHK (inner + outer) -> Ru-AHO inner,inner+outer,inner,All Ru-AHK,Delta learning,5,60,1.62929332,2.2386039562790736
GradientBoostingRegressor,all_ru_ahk_to_ru_aho_inner,All Ru-AHK (inner + outer) -> Ru-AHO inner,inner+outer,inner,All Ru-AHK,Delta learning,5,71,1.47016368,1.717712206225225
GradientBoostingRegressor,all_ru_ahk_to_ru_aho_inner,All Ru-AHK (inner + outer) -> Ru-AHO inner,inner+outer,inner,All Ru-AHK,Delta learning,5,74,1.38325909,1.3815370943997234
GradientBoostingRegressor,all_ru_ahk_to_ru_aho_inner,All Ru-AHK (inner + outer) -> Ru-AHO inner,inner+outer,inner,All Ru-AHK,Delta learning,5,82,0.99242206,1.041849585714778
GradientBoostingRegressor,all_ru_ahk_to_ru_aho_inner,All Ru-AHK (inner + outer) -> Ru-AHO inner,inner+outer,inner,All Ru-AHK,Delta learning,5,86,0.67501313,3.3051814893306437
GradientBoostingRegressor,all_ru_ahk_to_ru_aho_inner,All Ru-AHK (inner + outer) -> Ru-AHO inner,inner+outer,inner,All Ru-AHK,Delta learning,5,87,0.56782018,2.683278899457357
GradientBoostingRegressor,all_ru_ahk_to_ru_aho_inner,All Ru-AHK (inner + outer) -> Ru-AHO inner,inner+outer,inner,All Ru-AHK,Delta learning,5,89,0.33293116,3.300360048282038
GradientBoostingRegressor,all_ru_ahk_to_ru_aho_inner,All Ru-AHK (inner + outer) -> Ru-AHO inner,inner+outer,inner,All Ru-AHK,Delta learning,5,91,0.10866753,0.2776758762643703
GradientBoostingRegressor,all_ru_ahk_to_ru_aho_inner,All Ru-AHK (inner + outer) -> Ru-AHO inner,inner+outer,inner,All Ru-AHK,Delta learning,5,92,0.09139463,2.912584129696649
HistGradientBoostingRegressor,all_ru_ahk_to_ru_aho_inner,All Ru-AHK (inner + outer) -> Ru-AHO inner,inner+outer,inner,All Ru-AHK,Mixed transfer,1,0,4.50050002,2.476289320503966
HistGradientBoostingRegressor,all_ru_ahk_to_ru_aho_inner,All Ru-AHK (inner + outer) -> Ru-AHO inner,inner+outer,inner,All Ru-AHK,Mixed transfer,1,4,3.13437597,2.838144176553745
HistGradientBoostingRegressor,all_ru_ahk_to_ru_aho_inner,All Ru-AHK (inner + outer) -> Ru-AHO inner,inner+outer,inner,All Ru-AHK,Mixed transfer,1,10,2.89279432,2.528746694030074
HistGradientBoostingRegressor,all_ru_ahk_to_ru_aho_inner,All Ru-AHK (inner + outer) -> Ru-AHO inner,inner+outer,inner,All Ru-AHK,Mixed transfer,1,12,2.72095293,2.521516265383029
HistGradientBoostingRegressor,all_ru_ahk_to_ru_aho_inner,All Ru-AHK (inner + outer) -> Ru-AHO inner,inner+outer,inner,All Ru-AHK,Mixed transfer,1,18,2.72095293,2.702382039685479
HistGradientBoostingRegressor,all_ru_ahk_to_ru_aho_inner,All Ru-AHK (inner + outer) -> Ru-AHO inner,inner+outer,inner,All Ru-AHK,Mixed transfer,1,22,2.63729647,2.3181623642426614
HistGradientBoostingRegressor,all_ru_ahk_to_ru_aho_inner,All Ru-AHK (inner + outer) -> Ru-AHO inner,inner+outer,inner,All Ru-AHK,Mixed transfer,1,26,2.49268506,1.6600256036028949
HistGradientBoostingRegressor,all_ru_ahk_to_ru_aho_inner,All Ru-AHK (inner + outer) -> Ru-AHO inner,inner+outer,inner,All Ru-AHK,Mixed transfer,1,31,2.30450133,2.0431084690989905
HistGradientBoostingRegressor,all_ru_ahk_to_ru_aho_inner,All Ru-AHK (inner + outer) -> Ru-AHO inner,inner+outer,inner,All Ru-AHK,Mixed transfer,1,40,2.13954868,2.0849207822322335
HistGradientBoostingRegressor,all_ru_ahk_to_ru_aho_inner,All Ru-AHK (inner + outer) -> Ru-AHO inner,inner+outer,inner,All Ru-AHK,Mixed transfer,1,42,2.12255274,2.326058650610757
HistGradientBoostingRegressor,all_ru_ahk_to_ru_aho_inner,All Ru-AHK (inner + outer) -> Ru-AHO inner,inner+outer,inner,All Ru-AHK,Mixed transfer,1,44,2.02174776,1.9791236920303268
HistGradientBoostingRegressor,all_ru_ahk_to_ru_aho_inner,All Ru-AHK (inner + outer) -> Ru-AHO inner,inner+outer,inner,All Ru-AHK,Mixed transfer,1,47,1.97754867,1.2415253248507854
HistGradientBoostingRegressor,all_ru_ahk_to_ru_aho_inner,All Ru-AHK (inner + outer) -> Ru-AHO inner,inner+outer,inner,All Ru-AHK,Mixed transfer,1,62,1.56906465,1.9452493418653933
HistGradientBoostingRegressor,all_ru_ahk_to_ru_aho_inner,All Ru-AHK (inner + outer) -> Ru-AHO inner,inner+outer,inner,All Ru-AHK,Mixed transfer,1,64,1.53168147,1.366418576874985
HistGradientBoostingRegressor,all_ru_ahk_to_ru_aho_inner,All Ru-AHK (inner + outer) -> Ru-AHO inner,inner+outer,inner,All Ru-AHK,Mixed transfer,1,73,1.39055932,1.4774757986384393
HistGradientBoostingRegressor,all_ru_ahk_to_ru_aho_inner,All Ru-AHK (inner + outer) -> Ru-AHO inner,inner+outer,inner,All Ru-AHK,Mixed transfer,1,75,1.36999511,1.3158204200757344
HistGradientBoostingRegressor,all_ru_ahk_to_ru_aho_inner,All Ru-AHK (inner + outer) -> Ru-AHO inner,inner+outer,inner,All Ru-AHK,Mixed transfer,1,81,1.00421655,1.5333545243670528
HistGradientBoostingRegressor,all_ru_ahk_to_ru_aho_inner,All Ru-AHK (inner + outer) -> Ru-AHO inner,inner+outer,inner,All Ru-AHK,Mixed transfer,1,83,0.83956097,0.5264222985566184
HistGradientBoostingRegressor,all_ru_ahk_to_ru_aho_inner,All Ru-AHK (inner + outer) -> Ru-AHO inner,inner+outer,inner,All Ru-AHK,Mixed transfer,1,90,0.19433377,0.17165466669679721
HistGradientBoostingRegressor,all_ru_ahk_to_ru_aho_inner,All Ru-AHK (inner + outer) -> Ru-AHO inner,inner+outer,inner,All Ru-AHK,Mixed transfer,1,94,0.04739647,1.0358972114573985
HistGradientBoostingRegressor,all_ru_ahk_to_ru_aho_inner,All Ru-AHK (inner + outer) -> Ru-AHO inner,inner+outer,inner,All Ru-AHK,Delta learning,1,0,4.50050002,2.6774085600266093
HistGradientBoostingRegressor,all_ru_ahk_to_ru_aho_inner,All Ru-AHK (inner + outer) -> Ru-AHO inner,inner+outer,inner,All Ru-AHK,Delta learning,1,4,3.13437597,2.580174329221998
HistGradientBoostingRegressor,all_ru_ahk_to_ru_aho_inner,All Ru-AHK (inner + outer) -> Ru-AHO inner,inner+outer,inner,All Ru-AHK,Delta learning,1,10,2.89279432,2.6527901820905484
HistGradientBoostingRegressor,all_ru_ahk_to_ru_aho_inner,All Ru-AHK (inner + outer) -> Ru-AHO inner,inner+outer,inner,All Ru-AHK,Delta learning,1,12,2.72095293,2.6376927867786253
HistGradientBoostingRegressor,all_ru_ahk_to_ru_aho_inner,All Ru-AHK (inner + outer) -> Ru-AHO inner,inner+outer,inner,All Ru-AHK,Delta learning,1,18,2.72095293,2.6596356573842908
HistGradientBoostingRegressor,all_ru_ahk_to_ru_aho_inner,All Ru-AHK (inner + outer) -> Ru-AHO inner,inner+outer,inner,All Ru-AHK,Delta learning,1,22,2.63729647,2.2838283241668353
HistGradientBoostingRegressor,all_ru_ahk_to_ru_aho_inner,All Ru-AHK (inner + outer) -> Ru-AHO inner,inner+outer,inner,All Ru-AHK,Delta learning,1,26,2.49268506,1.463953374939715
HistGradientBoostingRegressor,all_ru_ahk_to_ru_aho_inner,All Ru-AHK (inner + outer) -> Ru-AHO inner,inner+outer,inner,All Ru-AHK,Delta learning,1,31,2.30450133,2.040733886991074
HistGradientBoostingRegressor,all_ru_ahk_to_ru_aho_inner,All Ru-AHK (inner + outer) -> Ru-AHO inner,inner+outer,inner,All Ru-AHK,Delta learning,1,40,2.13954868,2.0761639319344165
HistGradientBoostingRegressor,all_ru_ahk_to_ru_aho_inner,All Ru-AHK (inner + outer) -> Ru-AHO inner,inner+outer,inner,All Ru-AHK,Delta learning,1,42,2.12255274,2.3125980762028333
HistGradientBoostingRegressor,all_ru_ahk_to_ru_aho_inner,All Ru-AHK (inner + outer) -> Ru-AHO inner,inner+outer,inner,All Ru-AHK,Delta learning,1,44,2.02174776,1.8401100431743318
HistGradientBoostingRegressor,all_ru_ahk_to_ru_aho_inner,All Ru-AHK (inner + outer) -> Ru-AHO inner,inner+outer,inner,All Ru-AHK,Delta learning,1,47,1.97754867,1.3984771508037106
HistGradientBoostingRegressor,all_ru_ahk_to_ru_aho_inner,All Ru-AHK (inner + outer) -> Ru-AHO inner,inner+outer,inner,All Ru-AHK,Delta learning,1,62,1.56906465,1.875708095352321
HistGradientBoostingRegressor,all_ru_ahk_to_ru_aho_inner,All Ru-AHK (inner + outer) -> Ru-AHO inner,inner+outer,inner,All Ru-AHK,Delta learning,1,64,1.53168147,0.9674358786536026
HistGradientBoostingRegressor,all_ru_ahk_to_ru_aho_inner,All Ru-AHK (inner + outer) -> Ru-AHO inner,inner+outer,inner,All Ru-AHK,Delta learning,1,73,1.39055932,1.6235708822398893
HistGradientBoostingRegressor,all_ru_ahk_to_ru_aho_inner,All Ru-AHK (inner + outer) -> Ru-AHO inner,inner+outer,inner,All Ru-AHK,Delta learning,1,75,1.36999511,1.2923582669070932
HistGradientBoostingRegressor,all_ru_ahk_to_ru_aho_inner,All Ru-AHK (inner + outer) -> Ru-AHO inner,inner+outer,inner,All Ru-AHK,Delta learning,1,81,1.00421655,1.9112306084162742
HistGradientBoostingRegressor,all_ru_ahk_to_ru_aho_inner,All Ru-AHK (inner + outer) -> Ru-AHO inner,inner+outer,inner,All Ru-AHK,Delta learning,1,83,0.83956097,0.8571847464121373
HistGradientBoostingRegressor,all_ru_ahk_to_ru_aho_inner,All Ru-AHK (inner + outer) -> Ru-AHO inner,inner+outer,inner,All Ru-AHK,Delta learning,1,90,0.19433377,0.4184061535947059
HistGradientBoostingRegressor,all_ru_ahk_to_ru_aho_inner,All Ru-AHK (inner + outer) -> Ru-AHO inner,inner+outer,inner,All Ru-AHK,Delta learning,1,94,0.04739647,1.2065190246492081
HistGradientBoostingRegressor,all_ru_ahk_to_ru_aho_inner,All Ru-AHK (inner + outer) -> Ru-AHO inner,inner+outer,inner,All Ru-AHK,Mixed transfer,2,5,3.13437597,2.703191214286326
HistGradientBoostingRegressor,all_ru_ahk_to_ru_aho_inner,All Ru-AHK (inner + outer) -> Ru-AHO inner,inner+outer,inner,All Ru-AHK,Mixed transfer,2,9,3.13437597,3.2513346572056463
HistGradientBoostingRegressor,all_ru_ahk_to_ru_aho_inner,All Ru-AHK (inner + outer) -> Ru-AHO inner,inner+outer,inner,All Ru-AHK,Mixed transfer,2,11,2.81808334,3.034974656844263
HistGradientBoostingRegressor,all_ru_ahk_to_ru_aho_inner,All Ru-AHK (inner + outer) -> Ru-AHO inner,inner+outer,inner,All Ru-AHK,Mixed transfer,2,15,2.72095293,2.0306674283499984
HistGradientBoostingRegressor,all_ru_ahk_to_ru_aho_inner,All Ru-AHK (inner + outer) -> Ru-AHO inner,inner+outer,inner,All Ru-AHK,Mixed transfer,2,16,2.72095293,3.1702822847915595
HistGradientBoostingRegressor,all_ru_ahk_to_ru_aho_inner,All Ru-AHK (inner + outer) -> Ru-AHO inner,inner+outer,inner,All Ru-AHK,Mixed transfer,2,28,2.47786275,2.6942845993386473
HistGradientBoostingRegressor,all_ru_ahk_to_ru_aho_inner,All Ru-AHK (inner + outer) -> Ru-AHO inner,inner+outer,inner,All Ru-AHK,Mixed transfer,2,30,2.3515711,2.563318673985148
HistGradientBoostingRegressor,all_ru_ahk_to_ru_aho_inner,All Ru-AHK (inner + outer) -> Ru-AHO inner,inner+outer,inner,All Ru-AHK,Mixed transfer,2,33,2.30450133,2.719488198057631
HistGradientBoostingRegressor,all_ru_ahk_to_ru_aho_inner,All Ru-AHK (inner + outer) -> Ru-AHO inner,inner+outer,inner,All Ru-AHK,Mixed transfer,2,35,2.30450133,3.129214696418342
HistGradientBoostingRegressor,all_ru_ahk_to_ru_aho_inner,All Ru-AHK (inner + outer) -> Ru-AHO inner,inner+outer,inner,All Ru-AHK,Mixed transfer,2,39,2.16934032,2.50791507547411
HistGradientBoostingRegressor,all_ru_ahk_to_ru_aho_inner,All Ru-AHK (inner + outer) -> Ru-AHO inner,inner+outer,inner,All Ru-AHK,Mixed transfer,2,45,2.01889808,2.0245053830284165
HistGradientBoostingRegressor,all_ru_ahk_to_ru_aho_inner,All Ru-AHK (inner + outer) -> Ru-AHO inner,inner+outer,inner,All Ru-AHK,Mixed transfer,2,49,1.9607788,1.4288461712276024
HistGradientBoostingRegressor,all_ru_ahk_to_ru_aho_inner,All Ru-AHK (inner + outer) -> Ru-AHO inner,inner+outer,inner,All Ru-AHK,Mixed transfer,2,65,1.53168147,1.4602700038620473
HistGradientBoostingRegressor,all_ru_ahk_to_ru_aho_inner,All Ru-AHK (inner + outer) -> Ru-AHO inner,inner+outer,inner,All Ru-AHK,Mixed transfer,2,68,1.49260764,1.9039182050620116
HistGradientBoostingRegressor,all_ru_ahk_to_ru_aho_inner,All Ru-AHK (inner + outer) -> Ru-AHO inner,inner+outer,inner,All Ru-AHK,Mixed transfer,2,69,1.48763592,1.767526615568856
HistGradientBoostingRegressor,all_ru_ahk_to_ru_aho_inner,All Ru-AHK (inner + outer) -> Ru-AHO inner,inner+outer,inner,All Ru-AHK,Mixed transfer,2,70,1.47570337,1.9299095836222366
HistGradientBoostingRegressor,all_ru_ahk_to_ru_aho_inner,All Ru-AHK (inner + outer) -> Ru-AHO inner,inner+outer,inner,All Ru-AHK,Mixed transfer,2,72,1.40708549,1.4602700038620473
HistGradientBoostingRegressor,all_ru_ahk_to_ru_aho_inner,All Ru-AHK (inner + outer) -> Ru-AHO inner,inner+outer,inner,All Ru-AHK,Mixed transfer,2,80,1.31904107,2.1693845168373715
HistGradientBoostingRegressor,all_ru_ahk_to_ru_aho_inner,All Ru-AHK (inner + outer) -> Ru-AHO inner,inner+outer,inner,All Ru-AHK,Mixed transfer,2,88,0.39647984,1.1073819191082326
HistGradientBoostingRegressor,all_ru_ahk_to_ru_aho_inner,All Ru-AHK (inner + outer) -> Ru-AHO inner,inner+outer,inner,All Ru-AHK,Mixed transfer,2,93,0.04819171,0.3342894864245407
HistGradientBoostingRegressor,all_ru_ahk_to_ru_aho_inner,All Ru-AHK (inner + outer) -> Ru-AHO inner,inner+outer,inner,All Ru-AHK,Delta learning,2,5,3.13437597,2.627670911733781
HistGradientBoostingRegressor,all_ru_ahk_to_ru_aho_inner,All Ru-AHK (inner + outer) -> Ru-AHO inner,inner+outer,inner,All Ru-AHK,Delta learning,2,9,3.13437597,2.9245527809924994
HistGradientBoostingRegressor,all_ru_ahk_to_ru_aho_inner,All Ru-AHK (inner + outer) -> Ru-AHO inner,inner+outer,inner,All Ru-AHK,Delta learning,2,11,2.81808334,2.961360898649163
HistGradientBoostingRegressor,all_ru_ahk_to_ru_aho_inner,All Ru-AHK (inner + outer) -> Ru-AHO inner,inner+outer,inner,All Ru-AHK,Delta learning,2,15,2.72095293,1.9602539532956667
HistGradientBoostingRegressor,all_ru_ahk_to_ru_aho_inner,All Ru-AHK (inner + outer) -> Ru-AHO inner,inner+outer,inner,All Ru-AHK,Delta learning,2,16,2.72095293,2.820713423736087
HistGradientBoostingRegressor,all_ru_ahk_to_ru_aho_inner,All Ru-AHK (inner + outer) -> Ru-AHO inner,inner+outer,inner,All Ru-AHK,Delta learning,2,28,2.47786275,2.7764585500697327
HistGradientBoostingRegressor,all_ru_ahk_to_ru_aho_inner,All Ru-AHK (inner + outer) -> Ru-AHO inner,inner+outer,inner,All Ru-AHK,Delta learning,2,30,2.3515711,2.4426065097265526
HistGradientBoostingRegressor,all_ru_ahk_to_ru_aho_inner,All Ru-AHK (inner + outer) -> Ru-AHO inner,inner+outer,inner,All Ru-AHK,Delta learning,2,33,2.30450133,2.708440003078008
HistGradientBoostingRegressor,all_ru_ahk_to_ru_aho_inner,All Ru-AHK (inner + outer) -> Ru-AHO inner,inner+outer,inner,All Ru-AHK,Delta learning,2,35,2.30450133,3.0763303101983457
HistGradientBoostingRegressor,all_ru_ahk_to_ru_aho_inner,All Ru-AHK (inner + outer) -> Ru-AHO inner,inner+outer,inner,All Ru-AHK,Delta learning,2,39,2.16934032,1.7699977166077205
HistGradientBoostingRegressor,all_ru_ahk_to_ru_aho_inner,All Ru-AHK (inner + outer) -> Ru-AHO inner,inner+outer,inner,All Ru-AHK,Delta learning,2,45,2.01889808,2.033398453626001
HistGradientBoostingRegressor,all_ru_ahk_to_ru_aho_inner,All Ru-AHK (inner + outer) -> Ru-AHO inner,inner+outer,inner,All Ru-AHK,Delta learning,2,49,1.9607788,1.315255614151028
HistGradientBoostingRegressor,all_ru_ahk_to_ru_aho_inner,All Ru-AHK (inner + outer) -> Ru-AHO inner,inner+outer,inner,All Ru-AHK,Delta learning,2,65,1.53168147,1.6373170219621946
HistGradientBoostingRegressor,all_ru_ahk_to_ru_aho_inner,All Ru-AHK (inner + outer) -> Ru-AHO inner,inner+outer,inner,All Ru-AHK,Delta learning,2,68,1.49260764,1.7503308809397522
HistGradientBoostingRegressor,all_ru_ahk_to_ru_aho_inner,All Ru-AHK (inner + outer) -> Ru-AHO inner,inner+outer,inner,All Ru-AHK,Delta learning,2,69,1.48763592,1.9024886283793765
HistGradientBoostingRegressor,all_ru_ahk_to_ru_aho_inner,All Ru-AHK (inner + outer) -> Ru-AHO inner,inner+outer,inner,All Ru-AHK,Delta learning,2,70,1.47570337,1.4219369569107387
HistGradientBoostingRegressor,all_ru_ahk_to_ru_aho_inner,All Ru-AHK (inner + outer) -> Ru-AHO inner,inner+outer,inner,All Ru-AHK,Delta learning,2,72,1.40708549,1.6373170219621946
HistGradientBoostingRegressor,all_ru_ahk_to_ru_aho_inner,All Ru-AHK (inner + outer) -> Ru-AHO inner,inner+outer,inner,All Ru-AHK,Delta learning,2,80,1.31904107,1.652556310543095
HistGradientBoostingRegressor,all_ru_ahk_to_ru_aho_inner,All Ru-AHK (inner + outer) -> Ru-AHO inner,inner+outer,inner,All Ru-AHK,Delta learning,2,88,0.39647984,1.4750352882048499
HistGradientBoostingRegressor,all_ru_ahk_to_ru_aho_inner,All Ru-AHK (inner + outer) -> Ru-AHO inner,inner+outer,inner,All Ru-AHK,Delta learning,2,93,0.04819171,0.4502863468589391
HistGradientBoostingRegressor,all_ru_ahk_to_ru_aho_inner,All Ru-AHK (inner + outer) -> Ru-AHO inner,inner+outer,inner,All Ru-AHK,Mixed transfer,3,3,3.67873076,2.31055048704485
HistGradientBoostingRegressor,all_ru_ahk_to_ru_aho_inner,All Ru-AHK (inner + outer) -> Ru-AHO inner,inner+outer,inner,All Ru-AHK,Mixed transfer,3,6,3.13437597,2.408066147829837
HistGradientBoostingRegressor,all_ru_ahk_to_ru_aho_inner,All Ru-AHK (inner + outer) -> Ru-AHO inner,inner+outer,inner,All Ru-AHK,Mixed transfer,3,7,3.13437597,2.6494208364171157
HistGradientBoostingRegressor,all_ru_ahk_to_ru_aho_inner,All Ru-AHK (inner + outer) -> Ru-AHO inner,inner+outer,inner,All Ru-AHK,Mixed transfer,3,8,3.13437597,2.4349205625458366
HistGradientBoostingRegressor,all_ru_ahk_to_ru_aho_inner,All Ru-AHK (inner + outer) -> Ru-AHO inner,inner+outer,inner,All Ru-AHK,Mixed transfer,3,13,2.72095293,2.396163630733604
HistGradientBoostingRegressor,all_ru_ahk_to_ru_aho_inner,All Ru-AHK (inner + outer) -> Ru-AHO inner,inner+outer,inner,All Ru-AHK,Mixed transfer,3,17,2.72095293,2.7837982591102377
HistGradientBoostingRegressor,all_ru_ahk_to_ru_aho_inner,All Ru-AHK (inner + outer) -> Ru-AHO inner,inner+outer,inner,All Ru-AHK,Mixed transfer,3,19,2.72095293,2.784568706244962
HistGradientBoostingRegressor,all_ru_ahk_to_ru_aho_inner,All Ru-AHK (inner + outer) -> Ru-AHO inner,inner+outer,inner,All Ru-AHK,Mixed transfer,3,24,2.49823771,2.53354749069915
HistGradientBoostingRegressor,all_ru_ahk_to_ru_aho_inner,All Ru-AHK (inner + outer) -> Ru-AHO inner,inner+outer,inner,All Ru-AHK,Mixed transfer,3,25,2.49823771,2.473519315343848
HistGradientBoostingRegressor,all_ru_ahk_to_ru_aho_inner,All Ru-AHK (inner + outer) -> Ru-AHO inner,inner+outer,inner,All Ru-AHK,Mixed transfer,3,27,2.47786275,2.899115925993491
HistGradientBoostingRegressor,all_ru_ahk_to_ru_aho_inner,All Ru-AHK (inner + outer) -> Ru-AHO inner,inner+outer,inner,All Ru-AHK,Mixed transfer,3,34,2.30450133,2.824360905785299
HistGradientBoostingRegressor,all_ru_ahk_to_ru_aho_inner,All Ru-AHK (inner + outer) -> Ru-AHO inner,inner+outer,inner,All Ru-AHK,Mixed transfer,3,36,2.28957767,2.494035897446608
HistGradientBoostingRegressor,all_ru_ahk_to_ru_aho_inner,All Ru-AHK (inner + outer) -> Ru-AHO inner,inner+outer,inner,All Ru-AHK,Mixed transfer,3,38,2.20688949,2.062746188200751
HistGradientBoostingRegressor,all_ru_ahk_to_ru_aho_inner,All Ru-AHK (inner + outer) -> Ru-AHO inner,inner+outer,inner,All Ru-AHK,Mixed transfer,3,53,1.84440958,1.9964237073084754
HistGradientBoostingRegressor,all_ru_ahk_to_ru_aho_inner,All Ru-AHK (inner + outer) -> Ru-AHO inner,inner+outer,inner,All Ru-AHK,Mixed transfer,3,55,1.80901573,2.0406748220265643
HistGradientBoostingRegressor,all_ru_ahk_to_ru_aho_inner,All Ru-AHK (inner + outer) -> Ru-AHO inner,inner+outer,inner,All Ru-AHK,Mixed transfer,3,56,1.73731552,2.494035897446608
HistGradientBoostingRegressor,all_ru_ahk_to_ru_aho_inner,All Ru-AHK (inner + outer) -> Ru-AHO inner,inner+outer,inner,All Ru-AHK,Mixed transfer,3,76,1.36999511,1.132371588401801
HistGradientBoostingRegressor,all_ru_ahk_to_ru_aho_inner,All Ru-AHK (inner + outer) -> Ru-AHO inner,inner+outer,inner,All Ru-AHK,Mixed transfer,3,78,1.35390456,1.4039814275787446
HistGradientBoostingRegressor,all_ru_ahk_to_ru_aho_inner,All Ru-AHK (inner + outer) -> Ru-AHO inner,inner+outer,inner,All Ru-AHK,Mixed transfer,3,79,1.33471728,1.3889321598052307
HistGradientBoostingRegressor,all_ru_ahk_to_ru_aho_inner,All Ru-AHK (inner + outer) -> Ru-AHO inner,inner+outer,inner,All Ru-AHK,Mixed transfer,3,85,0.80254597,0.48795301971177585
HistGradientBoostingRegressor,all_ru_ahk_to_ru_aho_inner,All Ru-AHK (inner + outer) -> Ru-AHO inner,inner+outer,inner,All Ru-AHK,Delta learning,3,3,3.67873076,2.931154247292773
HistGradientBoostingRegressor,all_ru_ahk_to_ru_aho_inner,All Ru-AHK (inner + outer) -> Ru-AHO inner,inner+outer,inner,All Ru-AHK,Delta learning,3,6,3.13437597,3.10711874515879
HistGradientBoostingRegressor,all_ru_ahk_to_ru_aho_inner,All Ru-AHK (inner + outer) -> Ru-AHO inner,inner+outer,inner,All Ru-AHK,Delta learning,3,7,3.13437597,2.7597949300740745
HistGradientBoostingRegressor,all_ru_ahk_to_ru_aho_inner,All Ru-AHK (inner + outer) -> Ru-AHO inner,inner+outer,inner,All Ru-AHK,Delta learning,3,8,3.13437597,2.8070049392235807
HistGradientBoostingRegressor,all_ru_ahk_to_ru_aho_inner,All Ru-AHK (inner + outer) -> Ru-AHO inner,inner+outer,inner,All Ru-AHK,Delta learning,3,13,2.72095293,2.6063925972911948
HistGradientBoostingRegressor,all_ru_ahk_to_ru_aho_inner,All Ru-AHK (inner + outer) -> Ru-AHO inner,inner+outer,inner,All Ru-AHK,Delta learning,3,17,2.72095293,2.8818249049777718
HistGradientBoostingRegressor,all_ru_ahk_to_ru_aho_inner,All Ru-AHK (inner + outer) -> Ru-AHO inner,inner+outer,inner,All Ru-AHK,Delta learning,3,19,2.72095293,2.9144977607512708
HistGradientBoostingRegressor,all_ru_ahk_to_ru_aho_inner,All Ru-AHK (inner + outer) -> Ru-AHO inner,inner+outer,inner,All Ru-AHK,Delta learning,3,24,2.49823771,2.379770570707808
HistGradientBoostingRegressor,all_ru_ahk_to_ru_aho_inner,All Ru-AHK (inner + outer) -> Ru-AHO inner,inner+outer,inner,All Ru-AHK,Delta learning,3,25,2.49823771,2.2990783047116374
HistGradientBoostingRegressor,all_ru_ahk_to_ru_aho_inner,All Ru-AHK (inner + outer) -> Ru-AHO inner,inner+outer,inner,All Ru-AHK,Delta learning,3,27,2.47786275,2.611955462302909
HistGradientBoostingRegressor,all_ru_ahk_to_ru_aho_inner,All Ru-AHK (inner + outer) -> Ru-AHO inner,inner+outer,inner,All Ru-AHK,Delta learning,3,34,2.30450133,2.9174013620520833
HistGradientBoostingRegressor,all_ru_ahk_to_ru_aho_inner,All Ru-AHK (inner + outer) -> Ru-AHO inner,inner+outer,inner,All Ru-AHK,Delta learning,3,36,2.28957767,2.496331552892747
HistGradientBoostingRegressor,all_ru_ahk_to_ru_aho_inner,All Ru-AHK (inner + outer) -> Ru-AHO inner,inner+outer,inner,All Ru-AHK,Delta learning,3,38,2.20688949,1.2403165124541067
HistGradientBoostingRegressor,all_ru_ahk_to_ru_aho_inner,All Ru-AHK (inner + outer) -> Ru-AHO inner,inner+outer,inner,All Ru-AHK,Delta learning,3,53,1.84440958,1.8182214122135707
HistGradientBoostingRegressor,all_ru_ahk_to_ru_aho_inner,All Ru-AHK (inner + outer) -> Ru-AHO inner,inner+outer,inner,All Ru-AHK,Delta learning,3,55,1.80901573,1.9988638705936321
HistGradientBoostingRegressor,all_ru_ahk_to_ru_aho_inner,All Ru-AHK (inner + outer) -> Ru-AHO inner,inner+outer,inner,All Ru-AHK,Delta learning,3,56,1.73731552,2.496331552892747
HistGradientBoostingRegressor,all_ru_ahk_to_ru_aho_inner,All Ru-AHK (inner + outer) -> Ru-AHO inner,inner+outer,inner,All Ru-AHK,Delta learning,3,76,1.36999511,2.168239967648509
HistGradientBoostingRegressor,all_ru_ahk_to_ru_aho_inner,All Ru-AHK (inner + outer) -> Ru-AHO inner,inner+outer,inner,All Ru-AHK,Delta learning,3,78,1.35390456,1.306059764274325
HistGradientBoostingRegressor,all_ru_ahk_to_ru_aho_inner,All Ru-AHK (inner + outer) -> Ru-AHO inner,inner+outer,inner,All Ru-AHK,Delta learning,3,79,1.33471728,1.1909084009057347
HistGradientBoostingRegressor,all_ru_ahk_to_ru_aho_inner,All Ru-AHK (inner + outer) -> Ru-AHO inner,inner+outer,inner,All Ru-AHK,Delta learning,3,85,0.80254597,0.9202029288829732
HistGradientBoostingRegressor,all_ru_ahk_to_ru_aho_inner,All Ru-AHK (inner + outer) -> Ru-AHO inner,inner+outer,inner,All Ru-AHK,Mixed transfer,4,32,2.30450133,2.5467220099802814
HistGradientBoostingRegressor,all_ru_ahk_to_ru_aho_inner,All Ru-AHK (inner + outer) -> Ru-AHO inner,inner+outer,inner,All Ru-AHK,Mixed transfer,4,41,2.13444943,1.8954514457476002
HistGradientBoostingRegressor,all_ru_ahk_to_ru_aho_inner,All Ru-AHK (inner + outer) -> Ru-AHO inner,inner+outer,inner,All Ru-AHK,Mixed transfer,4,43,2.11117069,1.8371944961975977
HistGradientBoostingRegressor,all_ru_ahk_to_ru_aho_inner,All Ru-AHK (inner + outer) -> Ru-AHO inner,inner+outer,inner,All Ru-AHK,Mixed transfer,4,46,2.00941149,2.9548615609153432
HistGradientBoostingRegressor,all_ru_ahk_to_ru_aho_inner,All Ru-AHK (inner + outer) -> Ru-AHO inner,inner+outer,inner,All Ru-AHK,Mixed transfer,4,48,1.96551622,1.7940834901829388
HistGradientBoostingRegressor,all_ru_ahk_to_ru_aho_inner,All Ru-AHK (inner + outer) -> Ru-AHO inner,inner+outer,inner,All Ru-AHK,Mixed transfer,4,50,1.95650617,1.8363711853337836
HistGradientBoostingRegressor,all_ru_ahk_to_ru_aho_inner,All Ru-AHK (inner + outer) -> Ru-AHO inner,inner+outer,inner,All Ru-AHK,Mixed transfer,4,54,1.80901573,2.0932572618658867
HistGradientBoostingRegressor,all_ru_ahk_to_ru_aho_inner,All Ru-AHK (inner + outer) -> Ru-AHO inner,inner+outer,inner,All Ru-AHK,Mixed transfer,4,57,1.68395754,1.8014352256663877
HistGradientBoostingRegressor,all_ru_ahk_to_ru_aho_inner,All Ru-AHK (inner + outer) -> Ru-AHO inner,inner+outer,inner,All Ru-AHK,Mixed transfer,4,58,1.66417952,1.2866675232159142
HistGradientBoostingRegressor,all_ru_ahk_to_ru_aho_inner,All Ru-AHK (inner + outer) -> Ru-AHO inner,inner+outer,inner,All Ru-AHK,Mixed transfer,4,59,1.62929332,1.2769753903635486
HistGradientBoostingRegressor,all_ru_ahk_to_ru_aho_inner,All Ru-AHK (inner + outer) -> Ru-AHO inner,inner+outer,inner,All Ru-AHK,Mixed transfer,4,61,1.57873877,1.5517144323166236
HistGradientBoostingRegressor,all_ru_ahk_to_ru_aho_inner,All Ru-AHK (inner + outer) -> Ru-AHO inner,inner+outer,inner,All Ru-AHK,Mixed transfer,4,63,1.56019653,1.518559926228462
HistGradientBoostingRegressor,all_ru_ahk_to_ru_aho_inner,All Ru-AHK (inner + outer) -> Ru-AHO inner,inner+outer,inner,All Ru-AHK,Mixed transfer,4,66,1.51369193,1.3663885013754458
HistGradientBoostingRegressor,all_ru_ahk_to_ru_aho_inner,All Ru-AHK (inner + outer) -> Ru-AHO inner,inner+outer,inner,All Ru-AHK,Mixed transfer,4,67,1.51369193,1.299989534857185
HistGradientBoostingRegressor,all_ru_ahk_to_ru_aho_inner,All Ru-AHK (inner + outer) -> Ru-AHO inner,inner+outer,inner,All Ru-AHK,Mixed transfer,4,77,1.36283425,1.138573921463713
HistGradientBoostingRegressor,all_ru_ahk_to_ru_aho_inner,All Ru-AHK (inner + outer) -> Ru-AHO inner,inner+outer,inner,All Ru-AHK,Mixed transfer,4,84,0.80438248,1.6186617148516202
HistGradientBoostingRegressor,all_ru_ahk_to_ru_aho_inner,All Ru-AHK (inner + outer) -> Ru-AHO inner,inner+outer,inner,All Ru-AHK,Mixed transfer,4,95,0.0120419,0.41173069408933866
HistGradientBoostingRegressor,all_ru_ahk_to_ru_aho_inner,All Ru-AHK (inner + outer) -> Ru-AHO inner,inner+outer,inner,All Ru-AHK,Mixed transfer,4,96,0.0,0.5924084917977597
HistGradientBoostingRegressor,all_ru_ahk_to_ru_aho_inner,All Ru-AHK (inner + outer) -> Ru-AHO inner,inner+outer,inner,All Ru-AHK,Mixed transfer,4,97,0.0,0.5695118060441138
HistGradientBoostingRegressor,all_ru_ahk_to_ru_aho_inner,All Ru-AHK (inner + outer) -> Ru-AHO inner,inner+outer,inner,All Ru-AHK,Delta learning,4,32,2.30450133,2.3797053841895925
HistGradientBoostingRegressor,all_ru_ahk_to_ru_aho_inner,All Ru-AHK (inner + outer) -> Ru-AHO inner,inner+outer,inner,All Ru-AHK,Delta learning,4,41,2.13444943,1.731429359084265
HistGradientBoostingRegressor,all_ru_ahk_to_ru_aho_inner,All Ru-AHK (inner + outer) -> Ru-AHO inner,inner+outer,inner,All Ru-AHK,Delta learning,4,43,2.11117069,1.7077765878814877
HistGradientBoostingRegressor,all_ru_ahk_to_ru_aho_inner,All Ru-AHK (inner + outer) -> Ru-AHO inner,inner+outer,inner,All Ru-AHK,Delta learning,4,46,2.00941149,3.4443265445400817
HistGradientBoostingRegressor,all_ru_ahk_to_ru_aho_inner,All Ru-AHK (inner + outer) -> Ru-AHO inner,inner+outer,inner,All Ru-AHK,Delta learning,4,48,1.96551622,1.6413319943447982
HistGradientBoostingRegressor,all_ru_ahk_to_ru_aho_inner,All Ru-AHK (inner + outer) -> Ru-AHO inner,inner+outer,inner,All Ru-AHK,Delta learning,4,50,1.95650617,1.7077765878814877
HistGradientBoostingRegressor,all_ru_ahk_to_ru_aho_inner,All Ru-AHK (inner + outer) -> Ru-AHO inner,inner+outer,inner,All Ru-AHK,Delta learning,4,54,1.80901573,1.791748519340091
HistGradientBoostingRegressor,all_ru_ahk_to_ru_aho_inner,All Ru-AHK (inner + outer) -> Ru-AHO inner,inner+outer,inner,All Ru-AHK,Delta learning,4,57,1.68395754,1.935335410237284
HistGradientBoostingRegressor,all_ru_ahk_to_ru_aho_inner,All Ru-AHK (inner + outer) -> Ru-AHO inner,inner+outer,inner,All Ru-AHK,Delta learning,4,58,1.66417952,1.08650942476336
HistGradientBoostingRegressor,all_ru_ahk_to_ru_aho_inner,All Ru-AHK (inner + outer) -> Ru-AHO inner,inner+outer,inner,All Ru-AHK,Delta learning,4,59,1.62929332,1.7582052408168543
HistGradientBoostingRegressor,all_ru_ahk_to_ru_aho_inner,All Ru-AHK (inner + outer) -> Ru-AHO inner,inner+outer,inner,All Ru-AHK,Delta learning,4,61,1.57873877,0.774129555589675
HistGradientBoostingRegressor,all_ru_ahk_to_ru_aho_inner,All Ru-AHK (inner + outer) -> Ru-AHO inner,inner+outer,inner,All Ru-AHK,Delta learning,4,63,1.56019653,0.7726640841452168
HistGradientBoostingRegressor,all_ru_ahk_to_ru_aho_inner,All Ru-AHK (inner + outer) -> Ru-AHO inner,inner+outer,inner,All Ru-AHK,Delta learning,4,66,1.51369193,0.813743345721806
HistGradientBoostingRegressor,all_ru_ahk_to_ru_aho_inner,All Ru-AHK (inner + outer) -> Ru-AHO inner,inner+outer,inner,All Ru-AHK,Delta learning,4,67,1.51369193,1.4346597632913656
HistGradientBoostingRegressor,all_ru_ahk_to_ru_aho_inner,All Ru-AHK (inner + outer) -> Ru-AHO inner,inner+outer,inner,All Ru-AHK,Delta learning,4,77,1.36283425,1.4882384887738187
HistGradientBoostingRegressor,all_ru_ahk_to_ru_aho_inner,All Ru-AHK (inner + outer) -> Ru-AHO inner,inner+outer,inner,All Ru-AHK,Delta learning,4,84,0.80438248,1.6250005231067026
HistGradientBoostingRegressor,all_ru_ahk_to_ru_aho_inner,All Ru-AHK (inner + outer) -> Ru-AHO inner,inner+outer,inner,All Ru-AHK,Delta learning,4,95,0.0120419,0.6959239220798159
HistGradientBoostingRegressor,all_ru_ahk_to_ru_aho_inner,All Ru-AHK (inner + outer) -> Ru-AHO inner,inner+outer,inner,All Ru-AHK,Delta learning,4,96,0.0,1.20500428440844
HistGradientBoostingRegressor,all_ru_ahk_to_ru_aho_inner,All Ru-AHK (inner + outer) -> Ru-AHO inner,inner+outer,inner,All Ru-AHK,Delta learning,4,97,0.0,1.3196794091699289
HistGradientBoostingRegressor,all_ru_ahk_to_ru_aho_inner,All Ru-AHK (inner + outer) -> Ru-AHO inner,inner+outer,inner,All Ru-AHK,Mixed transfer,5,1,4.50050002,2.6974386807581694
HistGradientBoostingRegressor,all_ru_ahk_to_ru_aho_inner,All Ru-AHK (inner + outer) -> Ru-AHO inner,inner+outer,inner,All Ru-AHK,Mixed transfer,5,2,3.84937533,2.5885213907555364
HistGradientBoostingRegressor,all_ru_ahk_to_ru_aho_inner,All Ru-AHK (inner + outer) -> Ru-AHO inner,inner+outer,inner,All Ru-AHK,Mixed transfer,5,14,2.72095293,2.7405779779800077
HistGradientBoostingRegressor,all_ru_ahk_to_ru_aho_inner,All Ru-AHK (inner + outer) -> Ru-AHO inner,inner+outer,inner,All Ru-AHK,Mixed transfer,5,20,2.72095293,2.4781398843406857
HistGradientBoostingRegressor,all_ru_ahk_to_ru_aho_inner,All Ru-AHK (inner + outer) -> Ru-AHO inner,inner+outer,inner,All Ru-AHK,Mixed transfer,5,21,2.6917632,2.409815847185497
HistGradientBoostingRegressor,all_ru_ahk_to_ru_aho_inner,All Ru-AHK (inner + outer) -> Ru-AHO inner,inner+outer,inner,All Ru-AHK,Mixed transfer,5,23,2.61179564,2.219748980343621
HistGradientBoostingRegressor,all_ru_ahk_to_ru_aho_inner,All Ru-AHK (inner + outer) -> Ru-AHO inner,inner+outer,inner,All Ru-AHK,Mixed transfer,5,29,2.47786275,2.6518047685189803
HistGradientBoostingRegressor,all_ru_ahk_to_ru_aho_inner,All Ru-AHK (inner + outer) -> Ru-AHO inner,inner+outer,inner,All Ru-AHK,Mixed transfer,5,37,2.26077037,1.8461882300710648
HistGradientBoostingRegressor,all_ru_ahk_to_ru_aho_inner,All Ru-AHK (inner + outer) -> Ru-AHO inner,inner+outer,inner,All Ru-AHK,Mixed transfer,5,51,1.94448624,1.6559018217432833
HistGradientBoostingRegressor,all_ru_ahk_to_ru_aho_inner,All Ru-AHK (inner + outer) -> Ru-AHO inner,inner+outer,inner,All Ru-AHK,Mixed transfer,5,52,1.88185187,1.8015433284473317
HistGradientBoostingRegressor,all_ru_ahk_to_ru_aho_inner,All Ru-AHK (inner + outer) -> Ru-AHO inner,inner+outer,inner,All Ru-AHK,Mixed transfer,5,60,1.62929332,2.6010080911257534
HistGradientBoostingRegressor,all_ru_ahk_to_ru_aho_inner,All Ru-AHK (inner + outer) -> Ru-AHO inner,inner+outer,inner,All Ru-AHK,Mixed transfer,5,71,1.47016368,1.7628038991332418
HistGradientBoostingRegressor,all_ru_ahk_to_ru_aho_inner,All Ru-AHK (inner + outer) -> Ru-AHO inner,inner+outer,inner,All Ru-AHK,Mixed transfer,5,74,1.38325909,1.4277019620268097
HistGradientBoostingRegressor,all_ru_ahk_to_ru_aho_inner,All Ru-AHK (inner + outer) -> Ru-AHO inner,inner+outer,inner,All Ru-AHK,Mixed transfer,5,82,0.99242206,1.5349246908088736
HistGradientBoostingRegressor,all_ru_ahk_to_ru_aho_inner,All Ru-AHK (inner + outer) -> Ru-AHO inner,inner+outer,inner,All Ru-AHK,Mixed transfer,5,86,0.67501313,1.5121930097014016
HistGradientBoostingRegressor,all_ru_ahk_to_ru_aho_inner,All Ru-AHK (inner + outer) -> Ru-AHO inner,inner+outer,inner,All Ru-AHK,Mixed transfer,5,87,0.56782018,2.4108453126262988
HistGradientBoostingRegressor,all_ru_ahk_to_ru_aho_inner,All Ru-AHK (inner + outer) -> Ru-AHO inner,inner+outer,inner,All Ru-AHK,Mixed transfer,5,89,0.33293116,2.767752130087148
HistGradientBoostingRegressor,all_ru_ahk_to_ru_aho_inner,All Ru-AHK (inner + outer) -> Ru-AHO inner,inner+outer,inner,All Ru-AHK,Mixed transfer,5,91,0.10866753,1.0425766379123835
HistGradientBoostingRegressor,all_ru_ahk_to_ru_aho_inner,All Ru-AHK (inner + outer) -> Ru-AHO inner,inner+outer,inner,All Ru-AHK,Mixed transfer,5,92,0.09139463,2.2962663897517075
HistGradientBoostingRegressor,all_ru_ahk_to_ru_aho_inner,All Ru-AHK (inner + outer) -> Ru-AHO inner,inner+outer,inner,All Ru-AHK,Delta learning,5,1,4.50050002,2.9389415291452514
HistGradientBoostingRegressor,all_ru_ahk_to_ru_aho_inner,All Ru-AHK (inner + outer) -> Ru-AHO inner,inner+outer,inner,All Ru-AHK,Delta learning,5,2,3.84937533,2.7725379450778695
HistGradientBoostingRegressor,all_ru_ahk_to_ru_aho_inner,All Ru-AHK (inner + outer) -> Ru-AHO inner,inner+outer,inner,All Ru-AHK,Delta learning,5,14,2.72095293,2.6930859077762257
HistGradientBoostingRegressor,all_ru_ahk_to_ru_aho_inner,All Ru-AHK (inner + outer) -> Ru-AHO inner,inner+outer,inner,All Ru-AHK,Delta learning,5,20,2.72095293,2.5606493618588773
HistGradientBoostingRegressor,all_ru_ahk_to_ru_aho_inner,All Ru-AHK (inner + outer) -> Ru-AHO inner,inner+outer,inner,All Ru-AHK,Delta learning,5,21,2.6917632,2.4531555964271266
HistGradientBoostingRegressor,all_ru_ahk_to_ru_aho_inner,All Ru-AHK (inner + outer) -> Ru-AHO inner,inner+outer,inner,All Ru-AHK,Delta learning,5,23,2.61179564,2.2553014645765064
HistGradientBoostingRegressor,all_ru_ahk_to_ru_aho_inner,All Ru-AHK (inner + outer) -> Ru-AHO inner,inner+outer,inner,All Ru-AHK,Delta learning,5,29,2.47786275,2.565881767785026
HistGradientBoostingRegressor,all_ru_ahk_to_ru_aho_inner,All Ru-AHK (inner + outer) -> Ru-AHO inner,inner+outer,inner,All Ru-AHK,Delta learning,5,37,2.26077037,1.870835138169674
HistGradientBoostingRegressor,all_ru_ahk_to_ru_aho_inner,All Ru-AHK (inner + outer) -> Ru-AHO inner,inner+outer,inner,All Ru-AHK,Delta learning,5,51,1.94448624,1.0030347546479637
HistGradientBoostingRegressor,all_ru_ahk_to_ru_aho_inner,All Ru-AHK (inner + outer) -> Ru-AHO inner,inner+outer,inner,All Ru-AHK,Delta learning,5,52,1.88185187,1.9808579401867477
HistGradientBoostingRegressor,all_ru_ahk_to_ru_aho_inner,All Ru-AHK (inner + outer) -> Ru-AHO inner,inner+outer,inner,All Ru-AHK,Delta learning,5,60,1.62929332,3.278922261429287
HistGradientBoostingRegressor,all_ru_ahk_to_ru_aho_inner,All Ru-AHK (inner + outer) -> Ru-AHO inner,inner+outer,inner,All Ru-AHK,Delta learning,5,71,1.47016368,1.50971662414619
HistGradientBoostingRegressor,all_ru_ahk_to_ru_aho_inner,All Ru-AHK (inner + outer) -> Ru-AHO inner,inner+outer,inner,All Ru-AHK,Delta learning,5,74,1.38325909,1.2243278373758715
HistGradientBoostingRegressor,all_ru_ahk_to_ru_aho_inner,All Ru-AHK (inner + outer) -> Ru-AHO inner,inner+outer,inner,All Ru-AHK,Delta learning,5,82,0.99242206,1.9948324154539154
HistGradientBoostingRegressor,all_ru_ahk_to_ru_aho_inner,All Ru-AHK (inner + outer) -> Ru-AHO inner,inner+outer,inner,All Ru-AHK,Delta learning,5,86,0.67501313,2.3356094911145315
HistGradientBoostingRegressor,all_ru_ahk_to_ru_aho_inner,All Ru-AHK (inner + outer) -> Ru-AHO inner,inner+outer,inner,All Ru-AHK,Delta learning,5,87,0.56782018,2.5763200945754927
HistGradientBoostingRegressor,all_ru_ahk_to_ru_aho_inner,All Ru-AHK (inner + outer) -> Ru-AHO inner,inner+outer,inner,All Ru-AHK,Delta learning,5,89,0.33293116,3.038448232371902
HistGradientBoostingRegressor,all_ru_ahk_to_ru_aho_inner,All Ru-AHK (inner + outer) -> Ru-AHO inner,inner+outer,inner,All Ru-AHK,Delta learning,5,91,0.10866753,0.19567734326377195
HistGradientBoostingRegressor,all_ru_ahk_to_ru_aho_inner,All Ru-AHK (inner + outer) -> Ru-AHO inner,inner+outer,inner,All Ru-AHK,Delta learning,5,92,0.09139463,2.73304548099178
RandomForestRegressor,all_ru_ahk_to_ru_aho_inner,All Ru-AHK (inner + outer) -> Ru-AHO inner,inner+outer,inner,All Ru-AHK,Mixed transfer,1,0,4.50050002,2.51040849543732
RandomForestRegressor,all_ru_ahk_to_ru_aho_inner,All Ru-AHK (inner + outer) -> Ru-AHO inner,inner+outer,inner,All Ru-AHK,Mixed transfer,1,4,3.13437597,2.943001131496093
RandomForestRegressor,all_ru_ahk_to_ru_aho_inner,All Ru-AHK (inner + outer) -> Ru-AHO inner,inner+outer,inner,All Ru-AHK,Mixed transfer,1,10,2.89279432,2.7093644506225623
RandomForestRegressor,all_ru_ahk_to_ru_aho_inner,All Ru-AHK (inner + outer) -> Ru-AHO inner,inner+outer,inner,All Ru-AHK,Mixed transfer,1,12,2.72095293,2.6384032932938144
RandomForestRegressor,all_ru_ahk_to_ru_aho_inner,All Ru-AHK (inner + outer) -> Ru-AHO inner,inner+outer,inner,All Ru-AHK,Mixed transfer,1,18,2.72095293,2.577428766278037
RandomForestRegressor,all_ru_ahk_to_ru_aho_inner,All Ru-AHK (inner + outer) -> Ru-AHO inner,inner+outer,inner,All Ru-AHK,Mixed transfer,1,22,2.63729647,2.359869534153067
RandomForestRegressor,all_ru_ahk_to_ru_aho_inner,All Ru-AHK (inner + outer) -> Ru-AHO inner,inner+outer,inner,All Ru-AHK,Mixed transfer,1,26,2.49268506,1.834009846099998
RandomForestRegressor,all_ru_ahk_to_ru_aho_inner,All Ru-AHK (inner + outer) -> Ru-AHO inner,inner+outer,inner,All Ru-AHK,Mixed transfer,1,31,2.30450133,1.9781244214677063
RandomForestRegressor,all_ru_ahk_to_ru_aho_inner,All Ru-AHK (inner + outer) -> Ru-AHO inner,inner+outer,inner,All Ru-AHK,Mixed transfer,1,40,2.13954868,1.9186782375242928
RandomForestRegressor,all_ru_ahk_to_ru_aho_inner,All Ru-AHK (inner + outer) -> Ru-AHO inner,inner+outer,inner,All Ru-AHK,Mixed transfer,1,42,2.12255274,2.2466048405398604
RandomForestRegressor,all_ru_ahk_to_ru_aho_inner,All Ru-AHK (inner + outer) -> Ru-AHO inner,inner+outer,inner,All Ru-AHK,Mixed transfer,1,44,2.02174776,1.8731639680339998
RandomForestRegressor,all_ru_ahk_to_ru_aho_inner,All Ru-AHK (inner + outer) -> Ru-AHO inner,inner+outer,inner,All Ru-AHK,Mixed transfer,1,47,1.97754867,1.337045383601108
RandomForestRegressor,all_ru_ahk_to_ru_aho_inner,All Ru-AHK (inner + outer) -> Ru-AHO inner,inner+outer,inner,All Ru-AHK,Mixed transfer,1,62,1.56906465,1.9287268516360163
RandomForestRegressor,all_ru_ahk_to_ru_aho_inner,All Ru-AHK (inner + outer) -> Ru-AHO inner,inner+outer,inner,All Ru-AHK,Mixed transfer,1,64,1.53168147,1.5168309159922222
RandomForestRegressor,all_ru_ahk_to_ru_aho_inner,All Ru-AHK (inner + outer) -> Ru-AHO inner,inner+outer,inner,All Ru-AHK,Mixed transfer,1,73,1.39055932,1.473674381578309
RandomForestRegressor,all_ru_ahk_to_ru_aho_inner,All Ru-AHK (inner + outer) -> Ru-AHO inner,inner+outer,inner,All Ru-AHK,Mixed transfer,1,75,1.36999511,1.4125558365035085
RandomForestRegressor,all_ru_ahk_to_ru_aho_inner,All Ru-AHK (inner + outer) -> Ru-AHO inner,inner+outer,inner,All Ru-AHK,Mixed transfer,1,81,1.00421655,1.2621633205349505
RandomForestRegressor,all_ru_ahk_to_ru_aho_inner,All Ru-AHK (inner + outer) -> Ru-AHO inner,inner+outer,inner,All Ru-AHK,Mixed transfer,1,83,0.83956097,0.7723096968179375
RandomForestRegressor,all_ru_ahk_to_ru_aho_inner,All Ru-AHK (inner + outer) -> Ru-AHO inner,inner+outer,inner,All Ru-AHK,Mixed transfer,1,90,0.19433377,0.17277815397374244
RandomForestRegressor,all_ru_ahk_to_ru_aho_inner,All Ru-AHK (inner + outer) -> Ru-AHO inner,inner+outer,inner,All Ru-AHK,Mixed transfer,1,94,0.04739647,1.0050696158612211
RandomForestRegressor,all_ru_ahk_to_ru_aho_inner,All Ru-AHK (inner + outer) -> Ru-AHO inner,inner+outer,inner,All Ru-AHK,Delta learning,1,0,4.50050002,2.5100643778454326
RandomForestRegressor,all_ru_ahk_to_ru_aho_inner,All Ru-AHK (inner + outer) -> Ru-AHO inner,inner+outer,inner,All Ru-AHK,Delta learning,1,4,3.13437597,2.9937988215651647
RandomForestRegressor,all_ru_ahk_to_ru_aho_inner,All Ru-AHK (inner + outer) -> Ru-AHO inner,inner+outer,inner,All Ru-AHK,Delta learning,1,10,2.89279432,2.733174599679491
RandomForestRegressor,all_ru_ahk_to_ru_aho_inner,All Ru-AHK (inner + outer) -> Ru-AHO inner,inner+outer,inner,All Ru-AHK,Delta learning,1,12,2.72095293,2.6383007947553816
RandomForestRegressor,all_ru_ahk_to_ru_aho_inner,All Ru-AHK (inner + outer) -> Ru-AHO inner,inner+outer,inner,All Ru-AHK,Delta learning,1,18,2.72095293,2.646097474067602
RandomForestRegressor,all_ru_ahk_to_ru_aho_inner,All Ru-AHK (inner + outer) -> Ru-AHO inner,inner+outer,inner,All Ru-AHK,Delta learning,1,22,2.63729647,2.364956671433146
RandomForestRegressor,all_ru_ahk_to_ru_aho_inner,All Ru-AHK (inner + outer) -> Ru-AHO inner,inner+outer,inner,All Ru-AHK,Delta learning,1,26,2.49268506,1.872797399156925
RandomForestRegressor,all_ru_ahk_to_ru_aho_inner,All Ru-AHK (inner + outer) -> Ru-AHO inner,inner+outer,inner,All Ru-AHK,Delta learning,1,31,2.30450133,1.8223642122341754
RandomForestRegressor,all_ru_ahk_to_ru_aho_inner,All Ru-AHK (inner + outer) -> Ru-AHO inner,inner+outer,inner,All Ru-AHK,Delta learning,1,40,2.13954868,2.0053259376013446
RandomForestRegressor,all_ru_ahk_to_ru_aho_inner,All Ru-AHK (inner + outer) -> Ru-AHO inner,inner+outer,inner,All Ru-AHK,Delta learning,1,42,2.12255274,2.2307095399246206
RandomForestRegressor,all_ru_ahk_to_ru_aho_inner,All Ru-AHK (inner + outer) -> Ru-AHO inner,inner+outer,inner,All Ru-AHK,Delta learning,1,44,2.02174776,1.9355849327605235
RandomForestRegressor,all_ru_ahk_to_ru_aho_inner,All Ru-AHK (inner + outer) -> Ru-AHO inner,inner+outer,inner,All Ru-AHK,Delta learning,1,47,1.97754867,1.3561593727154546
RandomForestRegressor,all_ru_ahk_to_ru_aho_inner,All Ru-AHK (inner + outer) -> Ru-AHO inner,inner+outer,inner,All Ru-AHK,Delta learning,1,62,1.56906465,1.8165653606519392
RandomForestRegressor,all_ru_ahk_to_ru_aho_inner,All Ru-AHK (inner + outer) -> Ru-AHO inner,inner+outer,inner,All Ru-AHK,Delta learning,1,64,1.53168147,1.4240324179552788
RandomForestRegressor,all_ru_ahk_to_ru_aho_inner,All Ru-AHK (inner + outer) -> Ru-AHO inner,inner+outer,inner,All Ru-AHK,Delta learning,1,73,1.39055932,1.5203407264245787
RandomForestRegressor,all_ru_ahk_to_ru_aho_inner,All Ru-AHK (inner + outer) -> Ru-AHO inner,inner+outer,inner,All Ru-AHK,Delta learning,1,75,1.36999511,1.4006561009584102
RandomForestRegressor,all_ru_ahk_to_ru_aho_inner,All Ru-AHK (inner + outer) -> Ru-AHO inner,inner+outer,inner,All Ru-AHK,Delta learning,1,81,1.00421655,1.3788882090161223
RandomForestRegressor,all_ru_ahk_to_ru_aho_inner,All Ru-AHK (inner + outer) -> Ru-AHO inner,inner+outer,inner,All Ru-AHK,Delta learning,1,83,0.83956097,0.5777149708211766
RandomForestRegressor,all_ru_ahk_to_ru_aho_inner,All Ru-AHK (inner + outer) -> Ru-AHO inner,inner+outer,inner,All Ru-AHK,Delta learning,1,90,0.19433377,0.03512350656645791
RandomForestRegressor,all_ru_ahk_to_ru_aho_inner,All Ru-AHK (inner + outer) -> Ru-AHO inner,inner+outer,inner,All Ru-AHK,Delta learning,1,94,0.04739647,0.8097585298533213
RandomForestRegressor,all_ru_ahk_to_ru_aho_inner,All Ru-AHK (inner + outer) -> Ru-AHO inner,inner+outer,inner,All Ru-AHK,Mixed transfer,2,5,3.13437597,2.6410083019834136
RandomForestRegressor,all_ru_ahk_to_ru_aho_inner,All Ru-AHK (inner + outer) -> Ru-AHO inner,inner+outer,inner,All Ru-AHK,Mixed transfer,2,9,3.13437597,3.695848062023038
RandomForestRegressor,all_ru_ahk_to_ru_aho_inner,All Ru-AHK (inner + outer) -> Ru-AHO inner,inner+outer,inner,All Ru-AHK,Mixed transfer,2,11,2.81808334,2.911653953300002
RandomForestRegressor,all_ru_ahk_to_ru_aho_inner,All Ru-AHK (inner + outer) -> Ru-AHO inner,inner+outer,inner,All Ru-AHK,Mixed transfer,2,15,2.72095293,2.184955163288523
RandomForestRegressor,all_ru_ahk_to_ru_aho_inner,All Ru-AHK (inner + outer) -> Ru-AHO inner,inner+outer,inner,All Ru-AHK,Mixed transfer,2,16,2.72095293,3.287869215188869
RandomForestRegressor,all_ru_ahk_to_ru_aho_inner,All Ru-AHK (inner + outer) -> Ru-AHO inner,inner+outer,inner,All Ru-AHK,Mixed transfer,2,28,2.47786275,2.708313450777992
RandomForestRegressor,all_ru_ahk_to_ru_aho_inner,All Ru-AHK (inner + outer) -> Ru-AHO inner,inner+outer,inner,All Ru-AHK,Mixed transfer,2,30,2.3515711,2.442555201705755
RandomForestRegressor,all_ru_ahk_to_ru_aho_inner,All Ru-AHK (inner + outer) -> Ru-AHO inner,inner+outer,inner,All Ru-AHK,Mixed transfer,2,33,2.30450133,3.0673312180570007
RandomForestRegressor,all_ru_ahk_to_ru_aho_inner,All Ru-AHK (inner + outer) -> Ru-AHO inner,inner+outer,inner,All Ru-AHK,Mixed transfer,2,35,2.30450133,3.028935434472996
RandomForestRegressor,all_ru_ahk_to_ru_aho_inner,All Ru-AHK (inner + outer) -> Ru-AHO inner,inner+outer,inner,All Ru-AHK,Mixed transfer,2,39,2.16934032,2.2527328438467906
RandomForestRegressor,all_ru_ahk_to_ru_aho_inner,All Ru-AHK (inner + outer) -> Ru-AHO inner,inner+outer,inner,All Ru-AHK,Mixed transfer,2,45,2.01889808,1.9550676045396533
RandomForestRegressor,all_ru_ahk_to_ru_aho_inner,All Ru-AHK (inner + outer) -> Ru-AHO inner,inner+outer,inner,All Ru-AHK,Mixed transfer,2,49,1.9607788,1.5754308043669085
RandomForestRegressor,all_ru_ahk_to_ru_aho_inner,All Ru-AHK (inner + outer) -> Ru-AHO inner,inner+outer,inner,All Ru-AHK,Mixed transfer,2,65,1.53168147,1.4433108989999976
RandomForestRegressor,all_ru_ahk_to_ru_aho_inner,All Ru-AHK (inner + outer) -> Ru-AHO inner,inner+outer,inner,All Ru-AHK,Mixed transfer,2,68,1.49260764,1.9876014617000004
RandomForestRegressor,all_ru_ahk_to_ru_aho_inner,All Ru-AHK (inner + outer) -> Ru-AHO inner,inner+outer,inner,All Ru-AHK,Mixed transfer,2,69,1.48763592,2.1049348073838625
RandomForestRegressor,all_ru_ahk_to_ru_aho_inner,All Ru-AHK (inner + outer) -> Ru-AHO inner,inner+outer,inner,All Ru-AHK,Mixed transfer,2,70,1.47570337,1.8598358107905266
RandomForestRegressor,all_ru_ahk_to_ru_aho_inner,All Ru-AHK (inner + outer) -> Ru-AHO inner,inner+outer,inner,All Ru-AHK,Mixed transfer,2,72,1.40708549,1.4433108989999976
RandomForestRegressor,all_ru_ahk_to_ru_aho_inner,All Ru-AHK (inner + outer) -> Ru-AHO inner,inner+outer,inner,All Ru-AHK,Mixed transfer,2,80,1.31904107,1.7784362639429685
RandomForestRegressor,all_ru_ahk_to_ru_aho_inner,All Ru-AHK (inner + outer) -> Ru-AHO inner,inner+outer,inner,All Ru-AHK,Mixed transfer,2,88,0.39647984,1.2416575274232122
RandomForestRegressor,all_ru_ahk_to_ru_aho_inner,All Ru-AHK (inner + outer) -> Ru-AHO inner,inner+outer,inner,All Ru-AHK,Mixed transfer,2,93,0.04819171,0.4598300906834869
RandomForestRegressor,all_ru_ahk_to_ru_aho_inner,All Ru-AHK (inner + outer) -> Ru-AHO inner,inner+outer,inner,All Ru-AHK,Delta learning,2,5,3.13437597,2.4746093686885984
RandomForestRegressor,all_ru_ahk_to_ru_aho_inner,All Ru-AHK (inner + outer) -> Ru-AHO inner,inner+outer,inner,All Ru-AHK,Delta learning,2,9,3.13437597,3.822197936932634
RandomForestRegressor,all_ru_ahk_to_ru_aho_inner,All Ru-AHK (inner + outer) -> Ru-AHO inner,inner+outer,inner,All Ru-AHK,Delta learning,2,11,2.81808334,2.8096831757735954
RandomForestRegressor,all_ru_ahk_to_ru_aho_inner,All Ru-AHK (inner + outer) -> Ru-AHO inner,inner+outer,inner,All Ru-AHK,Delta learning,2,15,2.72095293,2.37424212594378
RandomForestRegressor,all_ru_ahk_to_ru_aho_inner,All Ru-AHK (inner + outer) -> Ru-AHO inner,inner+outer,inner,All Ru-AHK,Delta learning,2,16,2.72095293,3.382667093111208
RandomForestRegressor,all_ru_ahk_to_ru_aho_inner,All Ru-AHK (inner + outer) -> Ru-AHO inner,inner+outer,inner,All Ru-AHK,Delta learning,2,28,2.47786275,2.7769464776583526
RandomForestRegressor,all_ru_ahk_to_ru_aho_inner,All Ru-AHK (inner + outer) -> Ru-AHO inner,inner+outer,inner,All Ru-AHK,Delta learning,2,30,2.3515711,2.5689090605278824
RandomForestRegressor,all_ru_ahk_to_ru_aho_inner,All Ru-AHK (inner + outer) -> Ru-AHO inner,inner+outer,inner,All Ru-AHK,Delta learning,2,33,2.30450133,3.210612396185973
RandomForestRegressor,all_ru_ahk_to_ru_aho_inner,All Ru-AHK (inner + outer) -> Ru-AHO inner,inner+outer,inner,All Ru-AHK,Delta learning,2,35,2.30450133,3.1044440008939054
RandomForestRegressor,all_ru_ahk_to_ru_aho_inner,All Ru-AHK (inner + outer) -> Ru-AHO inner,inner+outer,inner,All Ru-AHK,Delta learning,2,39,2.16934032,2.706904168570858
RandomForestRegressor,all_ru_ahk_to_ru_aho_inner,All Ru-AHK (inner + outer) -> Ru-AHO inner,inner+outer,inner,All Ru-AHK,Delta learning,2,45,2.01889808,1.9624333837258918
RandomForestRegressor,all_ru_ahk_to_ru_aho_inner,All Ru-AHK (inner + outer) -> Ru-AHO inner,inner+outer,inner,All Ru-AHK,Delta learning,2,49,1.9607788,1.2753682352766942
RandomForestRegressor,all_ru_ahk_to_ru_aho_inner,All Ru-AHK (inner + outer) -> Ru-AHO inner,inner+outer,inner,All Ru-AHK,Delta learning,2,65,1.53168147,1.4240450948003593
RandomForestRegressor,all_ru_ahk_to_ru_aho_inner,All Ru-AHK (inner + outer) -> Ru-AHO inner,inner+outer,inner,All Ru-AHK,Delta learning,2,68,1.49260764,1.9896149751255279
RandomForestRegressor,all_ru_ahk_to_ru_aho_inner,All Ru-AHK (inner + outer) -> Ru-AHO inner,inner+outer,inner,All Ru-AHK,Delta learning,2,69,1.48763592,2.266188996029841
RandomForestRegressor,all_ru_ahk_to_ru_aho_inner,All Ru-AHK (inner + outer) -> Ru-AHO inner,inner+outer,inner,All Ru-AHK,Delta learning,2,70,1.47570337,1.4176087196278286
RandomForestRegressor,all_ru_ahk_to_ru_aho_inner,All Ru-AHK (inner + outer) -> Ru-AHO inner,inner+outer,inner,All Ru-AHK,Delta learning,2,72,1.40708549,1.4240450948003593
RandomForestRegressor,all_ru_ahk_to_ru_aho_inner,All Ru-AHK (inner + outer) -> Ru-AHO inner,inner+outer,inner,All Ru-AHK,Delta learning,2,80,1.31904107,1.3995828742243217
RandomForestRegressor,all_ru_ahk_to_ru_aho_inner,All Ru-AHK (inner + outer) -> Ru-AHO inner,inner+outer,inner,All Ru-AHK,Delta learning,2,88,0.39647984,1.0843120351475366
RandomForestRegressor,all_ru_ahk_to_ru_aho_inner,All Ru-AHK (inner + outer) -> Ru-AHO inner,inner+outer,inner,All Ru-AHK,Delta learning,2,93,0.04819171,0.1320903855575808
RandomForestRegressor,all_ru_ahk_to_ru_aho_inner,All Ru-AHK (inner + outer) -> Ru-AHO inner,inner+outer,inner,All Ru-AHK,Mixed transfer,3,3,3.67873076,2.500773574871453
RandomForestRegressor,all_ru_ahk_to_ru_aho_inner,All Ru-AHK (inner + outer) -> Ru-AHO inner,inner+outer,inner,All Ru-AHK,Mixed transfer,3,6,3.13437597,2.436574262504834
RandomForestRegressor,all_ru_ahk_to_ru_aho_inner,All Ru-AHK (inner + outer) -> Ru-AHO inner,inner+outer,inner,All Ru-AHK,Mixed transfer,3,7,3.13437597,2.7021334618250386
RandomForestRegressor,all_ru_ahk_to_ru_aho_inner,All Ru-AHK (inner + outer) -> Ru-AHO inner,inner+outer,inner,All Ru-AHK,Mixed transfer,3,8,3.13437597,2.5068881103320435
RandomForestRegressor,all_ru_ahk_to_ru_aho_inner,All Ru-AHK (inner + outer) -> Ru-AHO inner,inner+outer,inner,All Ru-AHK,Mixed transfer,3,13,2.72095293,2.5670676027031565
RandomForestRegressor,all_ru_ahk_to_ru_aho_inner,All Ru-AHK (inner + outer) -> Ru-AHO inner,inner+outer,inner,All Ru-AHK,Mixed transfer,3,17,2.72095293,3.099716188930927
RandomForestRegressor,all_ru_ahk_to_ru_aho_inner,All Ru-AHK (inner + outer) -> Ru-AHO inner,inner+outer,inner,All Ru-AHK,Mixed transfer,3,19,2.72095293,2.7277494807133786
RandomForestRegressor,all_ru_ahk_to_ru_aho_inner,All Ru-AHK (inner + outer) -> Ru-AHO inner,inner+outer,inner,All Ru-AHK,Mixed transfer,3,24,2.49823771,2.360803028556645
RandomForestRegressor,all_ru_ahk_to_ru_aho_inner,All Ru-AHK (inner + outer) -> Ru-AHO inner,inner+outer,inner,All Ru-AHK,Mixed transfer,3,25,2.49823771,2.586275852360328
RandomForestRegressor,all_ru_ahk_to_ru_aho_inner,All Ru-AHK (inner + outer) -> Ru-AHO inner,inner+outer,inner,All Ru-AHK,Mixed transfer,3,27,2.47786275,3.519320788779449
RandomForestRegressor,all_ru_ahk_to_ru_aho_inner,All Ru-AHK (inner + outer) -> Ru-AHO inner,inner+outer,inner,All Ru-AHK,Mixed transfer,3,34,2.30450133,3.09125819952094
RandomForestRegressor,all_ru_ahk_to_ru_aho_inner,All Ru-AHK (inner + outer) -> Ru-AHO inner,inner+outer,inner,All Ru-AHK,Mixed transfer,3,36,2.28957767,2.3993154703463553
RandomForestRegressor,all_ru_ahk_to_ru_aho_inner,All Ru-AHK (inner + outer) -> Ru-AHO inner,inner+outer,inner,All Ru-AHK,Mixed transfer,3,38,2.20688949,1.9395165832810113
RandomForestRegressor,all_ru_ahk_to_ru_aho_inner,All Ru-AHK (inner + outer) -> Ru-AHO inner,inner+outer,inner,All Ru-AHK,Mixed transfer,3,53,1.84440958,1.8867599040511507
RandomForestRegressor,all_ru_ahk_to_ru_aho_inner,All Ru-AHK (inner + outer) -> Ru-AHO inner,inner+outer,inner,All Ru-AHK,Mixed transfer,3,55,1.80901573,1.9790639356402397
RandomForestRegressor,all_ru_ahk_to_ru_aho_inner,All Ru-AHK (inner + outer) -> Ru-AHO inner,inner+outer,inner,All Ru-AHK,Mixed transfer,3,56,1.73731552,2.3993154703463553
RandomForestRegressor,all_ru_ahk_to_ru_aho_inner,All Ru-AHK (inner + outer) -> Ru-AHO inner,inner+outer,inner,All Ru-AHK,Mixed transfer,3,76,1.36999511,0.4840113402033358
RandomForestRegressor,all_ru_ahk_to_ru_aho_inner,All Ru-AHK (inner + outer) -> Ru-AHO inner,inner+outer,inner,All Ru-AHK,Mixed transfer,3,78,1.35390456,1.459431263571705
RandomForestRegressor,all_ru_ahk_to_ru_aho_inner,All Ru-AHK (inner + outer) -> Ru-AHO inner,inner+outer,inner,All Ru-AHK,Mixed transfer,3,79,1.33471728,1.4641530743377755
RandomForestRegressor,all_ru_ahk_to_ru_aho_inner,All Ru-AHK (inner + outer) -> Ru-AHO inner,inner+outer,inner,All Ru-AHK,Mixed transfer,3,85,0.80254597,0.3023707459988834
RandomForestRegressor,all_ru_ahk_to_ru_aho_inner,All Ru-AHK (inner + outer) -> Ru-AHO inner,inner+outer,inner,All Ru-AHK,Delta learning,3,3,3.67873076,2.4963809208501737
RandomForestRegressor,all_ru_ahk_to_ru_aho_inner,All Ru-AHK (inner + outer) -> Ru-AHO inner,inner+outer,inner,All Ru-AHK,Delta learning,3,6,3.13437597,2.53019263362809
RandomForestRegressor,all_ru_ahk_to_ru_aho_inner,All Ru-AHK (inner + outer) -> Ru-AHO inner,inner+outer,inner,All Ru-AHK,Delta learning,3,7,3.13437597,2.7380172928649076
RandomForestRegressor,all_ru_ahk_to_ru_aho_inner,All Ru-AHK (inner + outer) -> Ru-AHO inner,inner+outer,inner,All Ru-AHK,Delta learning,3,8,3.13437597,2.852094729187543
RandomForestRegressor,all_ru_ahk_to_ru_aho_inner,All Ru-AHK (inner + outer) -> Ru-AHO inner,inner+outer,inner,All Ru-AHK,Delta learning,3,13,2.72095293,2.611257406847953
RandomForestRegressor,all_ru_ahk_to_ru_aho_inner,All Ru-AHK (inner + outer) -> Ru-AHO inner,inner+outer,inner,All Ru-AHK,Delta learning,3,17,2.72095293,3.1858527447041993
RandomForestRegressor,all_ru_ahk_to_ru_aho_inner,All Ru-AHK (inner + outer) -> Ru-AHO inner,inner+outer,inner,All Ru-AHK,Delta learning,3,19,2.72095293,2.784487640612449
RandomForestRegressor,all_ru_ahk_to_ru_aho_inner,All Ru-AHK (inner + outer) -> Ru-AHO inner,inner+outer,inner,All Ru-AHK,Delta learning,3,24,2.49823771,2.418687556132382
RandomForestRegressor,all_ru_ahk_to_ru_aho_inner,All Ru-AHK (inner + outer) -> Ru-AHO inner,inner+outer,inner,All Ru-AHK,Delta learning,3,25,2.49823771,2.613219163780739
RandomForestRegressor,all_ru_ahk_to_ru_aho_inner,All Ru-AHK (inner + outer) -> Ru-AHO inner,inner+outer,inner,All Ru-AHK,Delta learning,3,27,2.47786275,4.029288352825463
RandomForestRegressor,all_ru_ahk_to_ru_aho_inner,All Ru-AHK (inner + outer) -> Ru-AHO inner,inner+outer,inner,All Ru-AHK,Delta learning,3,34,2.30450133,3.2026494968592383
RandomForestRegressor,all_ru_ahk_to_ru_aho_inner,All Ru-AHK (inner + outer) -> Ru-AHO inner,inner+outer,inner,All Ru-AHK,Delta learning,3,36,2.28957767,2.4160459997213053
RandomForestRegressor,all_ru_ahk_to_ru_aho_inner,All Ru-AHK (inner + outer) -> Ru-AHO inner,inner+outer,inner,All Ru-AHK,Delta learning,3,38,2.20688949,1.7713217781459436
RandomForestRegressor,all_ru_ahk_to_ru_aho_inner,All Ru-AHK (inner + outer) -> Ru-AHO inner,inner+outer,inner,All Ru-AHK,Delta learning,3,53,1.84440958,1.8789089238789154
RandomForestRegressor,all_ru_ahk_to_ru_aho_inner,All Ru-AHK (inner + outer) -> Ru-AHO inner,inner+outer,inner,All Ru-AHK,Delta learning,3,55,1.80901573,1.709510559772704
RandomForestRegressor,all_ru_ahk_to_ru_aho_inner,All Ru-AHK (inner + outer) -> Ru-AHO inner,inner+outer,inner,All Ru-AHK,Delta learning,3,56,1.73731552,2.4160459997213053
RandomForestRegressor,all_ru_ahk_to_ru_aho_inner,All Ru-AHK (inner + outer) -> Ru-AHO inner,inner+outer,inner,All Ru-AHK,Delta learning,3,76,1.36999511,1.0841528565316976
RandomForestRegressor,all_ru_ahk_to_ru_aho_inner,All Ru-AHK (inner + outer) -> Ru-AHO inner,inner+outer,inner,All Ru-AHK,Delta learning,3,78,1.35390456,1.4791250124427866
RandomForestRegressor,all_ru_ahk_to_ru_aho_inner,All Ru-AHK (inner + outer) -> Ru-AHO inner,inner+outer,inner,All Ru-AHK,Delta learning,3,79,1.33471728,1.1142541818236682
RandomForestRegressor,all_ru_ahk_to_ru_aho_inner,All Ru-AHK (inner + outer) -> Ru-AHO inner,inner+outer,inner,All Ru-AHK,Delta learning,3,85,0.80254597,0.3544418209740834
RandomForestRegressor,all_ru_ahk_to_ru_aho_inner,All Ru-AHK (inner + outer) -> Ru-AHO inner,inner+outer,inner,All Ru-AHK,Mixed transfer,4,32,2.30450133,2.489041001840817
RandomForestRegressor,all_ru_ahk_to_ru_aho_inner,All Ru-AHK (inner + outer) -> Ru-AHO inner,inner+outer,inner,All Ru-AHK,Mixed transfer,4,41,2.13444943,1.4949457732883635
RandomForestRegressor,all_ru_ahk_to_ru_aho_inner,All Ru-AHK (inner + outer) -> Ru-AHO inner,inner+outer,inner,All Ru-AHK,Mixed transfer,4,43,2.11117069,1.6596127470824371
RandomForestRegressor,all_ru_ahk_to_ru_aho_inner,All Ru-AHK (inner + outer) -> Ru-AHO inner,inner+outer,inner,All Ru-AHK,Mixed transfer,4,46,2.00941149,2.2726035239366866
RandomForestRegressor,all_ru_ahk_to_ru_aho_inner,All Ru-AHK (inner + outer) -> Ru-AHO inner,inner+outer,inner,All Ru-AHK,Mixed transfer,4,48,1.96551622,2.0765866459294715
RandomForestRegressor,all_ru_ahk_to_ru_aho_inner,All Ru-AHK (inner + outer) -> Ru-AHO inner,inner+outer,inner,All Ru-AHK,Mixed transfer,4,50,1.95650617,1.659355418775128
RandomForestRegressor,all_ru_ahk_to_ru_aho_inner,All Ru-AHK (inner + outer) -> Ru-AHO inner,inner+outer,inner,All Ru-AHK,Mixed transfer,4,54,1.80901573,2.2014167434165537
RandomForestRegressor,all_ru_ahk_to_ru_aho_inner,All Ru-AHK (inner + outer) -> Ru-AHO inner,inner+outer,inner,All Ru-AHK,Mixed transfer,4,57,1.68395754,1.902303634393267
RandomForestRegressor,all_ru_ahk_to_ru_aho_inner,All Ru-AHK (inner + outer) -> Ru-AHO inner,inner+outer,inner,All Ru-AHK,Mixed transfer,4,58,1.66417952,1.4120266982321374
RandomForestRegressor,all_ru_ahk_to_ru_aho_inner,All Ru-AHK (inner + outer) -> Ru-AHO inner,inner+outer,inner,All Ru-AHK,Mixed transfer,4,59,1.62929332,1.4513820526277277
RandomForestRegressor,all_ru_ahk_to_ru_aho_inner,All Ru-AHK (inner + outer) -> Ru-AHO inner,inner+outer,inner,All Ru-AHK,Mixed transfer,4,61,1.57873877,1.5083574736701584
RandomForestRegressor,all_ru_ahk_to_ru_aho_inner,All Ru-AHK (inner + outer) -> Ru-AHO inner,inner+outer,inner,All Ru-AHK,Mixed transfer,4,63,1.56019653,1.4528431047935064
RandomForestRegressor,all_ru_ahk_to_ru_aho_inner,All Ru-AHK (inner + outer) -> Ru-AHO inner,inner+outer,inner,All Ru-AHK,Mixed transfer,4,66,1.51369193,1.4348444108166154
RandomForestRegressor,all_ru_ahk_to_ru_aho_inner,All Ru-AHK (inner + outer) -> Ru-AHO inner,inner+outer,inner,All Ru-AHK,Mixed transfer,4,67,1.51369193,1.4339019270966662
RandomForestRegressor,all_ru_ahk_to_ru_aho_inner,All Ru-AHK (inner + outer) -> Ru-AHO inner,inner+outer,inner,All Ru-AHK,Mixed transfer,4,77,1.36283425,1.2531144163450574
RandomForestRegressor,all_ru_ahk_to_ru_aho_inner,All Ru-AHK (inner + outer) -> Ru-AHO inner,inner+outer,inner,All Ru-AHK,Mixed transfer,4,84,0.80438248,1.4015725789690476
RandomForestRegressor,all_ru_ahk_to_ru_aho_inner,All Ru-AHK (inner + outer) -> Ru-AHO inner,inner+outer,inner,All Ru-AHK,Mixed transfer,4,95,0.0120419,1.0187847033136919
RandomForestRegressor,all_ru_ahk_to_ru_aho_inner,All Ru-AHK (inner + outer) -> Ru-AHO inner,inner+outer,inner,All Ru-AHK,Mixed transfer,4,96,0.0,0.9175054849399105
RandomForestRegressor,all_ru_ahk_to_ru_aho_inner,All Ru-AHK (inner + outer) -> Ru-AHO inner,inner+outer,inner,All Ru-AHK,Mixed transfer,4,97,0.0,0.8601177510945246
RandomForestRegressor,all_ru_ahk_to_ru_aho_inner,All Ru-AHK (inner + outer) -> Ru-AHO inner,inner+outer,inner,All Ru-AHK,Delta learning,4,32,2.30450133,2.5150740197608856
RandomForestRegressor,all_ru_ahk_to_ru_aho_inner,All Ru-AHK (inner + outer) -> Ru-AHO inner,inner+outer,inner,All Ru-AHK,Delta learning,4,41,2.13444943,1.8983547614407748
RandomForestRegressor,all_ru_ahk_to_ru_aho_inner,All Ru-AHK (inner + outer) -> Ru-AHO inner,inner+outer,inner,All Ru-AHK,Delta learning,4,43,2.11117069,1.660809304497322
RandomForestRegressor,all_ru_ahk_to_ru_aho_inner,All Ru-AHK (inner + outer) -> Ru-AHO inner,inner+outer,inner,All Ru-AHK,Delta learning,4,46,2.00941149,2.122729563679062
RandomForestRegressor,all_ru_ahk_to_ru_aho_inner,All Ru-AHK (inner + outer) -> Ru-AHO inner,inner+outer,inner,All Ru-AHK,Delta learning,4,48,1.96551622,1.7907847938840988
RandomForestRegressor,all_ru_ahk_to_ru_aho_inner,All Ru-AHK (inner + outer) -> Ru-AHO inner,inner+outer,inner,All Ru-AHK,Delta learning,4,50,1.95650617,1.6543365243317871
RandomForestRegressor,all_ru_ahk_to_ru_aho_inner,All Ru-AHK (inner + outer) -> Ru-AHO inner,inner+outer,inner,All Ru-AHK,Delta learning,4,54,1.80901573,2.0378829252521067
RandomForestRegressor,all_ru_ahk_to_ru_aho_inner,All Ru-AHK (inner + outer) -> Ru-AHO inner,inner+outer,inner,All Ru-AHK,Delta learning,4,57,1.68395754,1.8524949638083181
RandomForestRegressor,all_ru_ahk_to_ru_aho_inner,All Ru-AHK (inner + outer) -> Ru-AHO inner,inner+outer,inner,All Ru-AHK,Delta learning,4,58,1.66417952,1.2764046139726917
RandomForestRegressor,all_ru_ahk_to_ru_aho_inner,All Ru-AHK (inner + outer) -> Ru-AHO inner,inner+outer,inner,All Ru-AHK,Delta learning,4,59,1.62929332,1.2191000670784191
RandomForestRegressor,all_ru_ahk_to_ru_aho_inner,All Ru-AHK (inner + outer) -> Ru-AHO inner,inner+outer,inner,All Ru-AHK,Delta learning,4,61,1.57873877,1.3637836694779748
RandomForestRegressor,all_ru_ahk_to_ru_aho_inner,All Ru-AHK (inner + outer) -> Ru-AHO inner,inner+outer,inner,All Ru-AHK,Delta learning,4,63,1.56019653,1.192206686209633
RandomForestRegressor,all_ru_ahk_to_ru_aho_inner,All Ru-AHK (inner + outer) -> Ru-AHO inner,inner+outer,inner,All Ru-AHK,Delta learning,4,66,1.51369193,1.185710430525284
RandomForestRegressor,all_ru_ahk_to_ru_aho_inner,All Ru-AHK (inner + outer) -> Ru-AHO inner,inner+outer,inner,All Ru-AHK,Delta learning,4,67,1.51369193,1.383457907107503
RandomForestRegressor,all_ru_ahk_to_ru_aho_inner,All Ru-AHK (inner + outer) -> Ru-AHO inner,inner+outer,inner,All Ru-AHK,Delta learning,4,77,1.36283425,1.2133170395587491
RandomForestRegressor,all_ru_ahk_to_ru_aho_inner,All Ru-AHK (inner + outer) -> Ru-AHO inner,inner+outer,inner,All Ru-AHK,Delta learning,4,84,0.80438248,1.4728887243890023
RandomForestRegressor,all_ru_ahk_to_ru_aho_inner,All Ru-AHK (inner + outer) -> Ru-AHO inner,inner+outer,inner,All Ru-AHK,Delta learning,4,95,0.0120419,0.8509951595970315
RandomForestRegressor,all_ru_ahk_to_ru_aho_inner,All Ru-AHK (inner + outer) -> Ru-AHO inner,inner+outer,inner,All Ru-AHK,Delta learning,4,96,0.0,0.871950843882128
RandomForestRegressor,all_ru_ahk_to_ru_aho_inner,All Ru-AHK (inner + outer) -> Ru-AHO inner,inner+outer,inner,All Ru-AHK,Delta learning,4,97,0.0,0.7208341855502365
RandomForestRegressor,all_ru_ahk_to_ru_aho_inner,All Ru-AHK (inner + outer) -> Ru-AHO inner,inner+outer,inner,All Ru-AHK,Mixed transfer,5,1,4.50050002,3.01150728702639
RandomForestRegressor,all_ru_ahk_to_ru_aho_inner,All Ru-AHK (inner + outer) -> Ru-AHO inner,inner+outer,inner,All Ru-AHK,Mixed transfer,5,2,3.84937533,2.873546294747677
RandomForestRegressor,all_ru_ahk_to_ru_aho_inner,All Ru-AHK (inner + outer) -> Ru-AHO inner,inner+outer,inner,All Ru-AHK,Mixed transfer,5,14,2.72095293,2.557829773178382
RandomForestRegressor,all_ru_ahk_to_ru_aho_inner,All Ru-AHK (inner + outer) -> Ru-AHO inner,inner+outer,inner,All Ru-AHK,Mixed transfer,5,20,2.72095293,2.575343193693188
RandomForestRegressor,all_ru_ahk_to_ru_aho_inner,All Ru-AHK (inner + outer) -> Ru-AHO inner,inner+outer,inner,All Ru-AHK,Mixed transfer,5,21,2.6917632,2.3344283288194414
RandomForestRegressor,all_ru_ahk_to_ru_aho_inner,All Ru-AHK (inner + outer) -> Ru-AHO inner,inner+outer,inner,All Ru-AHK,Mixed transfer,5,23,2.61179564,2.084104117906668
RandomForestRegressor,all_ru_ahk_to_ru_aho_inner,All Ru-AHK (inner + outer) -> Ru-AHO inner,inner+outer,inner,All Ru-AHK,Mixed transfer,5,29,2.47786275,2.798275680984669
RandomForestRegressor,all_ru_ahk_to_ru_aho_inner,All Ru-AHK (inner + outer) -> Ru-AHO inner,inner+outer,inner,All Ru-AHK,Mixed transfer,5,37,2.26077037,1.937522355083247
RandomForestRegressor,all_ru_ahk_to_ru_aho_inner,All Ru-AHK (inner + outer) -> Ru-AHO inner,inner+outer,inner,All Ru-AHK,Mixed transfer,5,51,1.94448624,1.774611204122402
RandomForestRegressor,all_ru_ahk_to_ru_aho_inner,All Ru-AHK (inner + outer) -> Ru-AHO inner,inner+outer,inner,All Ru-AHK,Mixed transfer,5,52,1.88185187,1.7697797586131423
RandomForestRegressor,all_ru_ahk_to_ru_aho_inner,All Ru-AHK (inner + outer) -> Ru-AHO inner,inner+outer,inner,All Ru-AHK,Mixed transfer,5,60,1.62929332,2.2018336943211234
RandomForestRegressor,all_ru_ahk_to_ru_aho_inner,All Ru-AHK (inner + outer) -> Ru-AHO inner,inner+outer,inner,All Ru-AHK,Mixed transfer,5,71,1.47016368,1.6495914268569063
RandomForestRegressor,all_ru_ahk_to_ru_aho_inner,All Ru-AHK (inner + outer) -> Ru-AHO inner,inner+outer,inner,All Ru-AHK,Mixed transfer,5,74,1.38325909,1.4135190798893809
RandomForestRegressor,all_ru_ahk_to_ru_aho_inner,All Ru-AHK (inner + outer) -> Ru-AHO inner,inner+outer,inner,All Ru-AHK,Mixed transfer,5,82,0.99242206,1.183476587967803
RandomForestRegressor,all_ru_ahk_to_ru_aho_inner,All Ru-AHK (inner + outer) -> Ru-AHO inner,inner+outer,inner,All Ru-AHK,Mixed transfer,5,86,0.67501313,1.3645786701189153
RandomForestRegressor,all_ru_ahk_to_ru_aho_inner,All Ru-AHK (inner + outer) -> Ru-AHO inner,inner+outer,inner,All Ru-AHK,Mixed transfer,5,87,0.56782018,1.88827344981321
RandomForestRegressor,all_ru_ahk_to_ru_aho_inner,All Ru-AHK (inner + outer) -> Ru-AHO inner,inner+outer,inner,All Ru-AHK,Mixed transfer,5,89,0.33293116,2.066155541900936
RandomForestRegressor,all_ru_ahk_to_ru_aho_inner,All Ru-AHK (inner + outer) -> Ru-AHO inner,inner+outer,inner,All Ru-AHK,Mixed transfer,5,91,0.10866753,1.3292655985113637
RandomForestRegressor,all_ru_ahk_to_ru_aho_inner,All Ru-AHK (inner + outer) -> Ru-AHO inner,inner+outer,inner,All Ru-AHK,Mixed transfer,5,92,0.09139463,1.718227565376976
RandomForestRegressor,all_ru_ahk_to_ru_aho_inner,All Ru-AHK (inner + outer) -> Ru-AHO inner,inner+outer,inner,All Ru-AHK,Delta learning,5,1,4.50050002,2.907747936371025
RandomForestRegressor,all_ru_ahk_to_ru_aho_inner,All Ru-AHK (inner + outer) -> Ru-AHO inner,inner+outer,inner,All Ru-AHK,Delta learning,5,2,3.84937533,2.7817212738532695
RandomForestRegressor,all_ru_ahk_to_ru_aho_inner,All Ru-AHK (inner + outer) -> Ru-AHO inner,inner+outer,inner,All Ru-AHK,Delta learning,5,14,2.72095293,2.6478166836388164
RandomForestRegressor,all_ru_ahk_to_ru_aho_inner,All Ru-AHK (inner + outer) -> Ru-AHO inner,inner+outer,inner,All Ru-AHK,Delta learning,5,20,2.72095293,2.3797495656102097
RandomForestRegressor,all_ru_ahk_to_ru_aho_inner,All Ru-AHK (inner + outer) -> Ru-AHO inner,inner+outer,inner,All Ru-AHK,Delta learning,5,21,2.6917632,2.2563421969764232
RandomForestRegressor,all_ru_ahk_to_ru_aho_inner,All Ru-AHK (inner + outer) -> Ru-AHO inner,inner+outer,inner,All Ru-AHK,Delta learning,5,23,2.61179564,2.0456730767554907
RandomForestRegressor,all_ru_ahk_to_ru_aho_inner,All Ru-AHK (inner + outer) -> Ru-AHO inner,inner+outer,inner,All Ru-AHK,Delta learning,5,29,2.47786275,2.785630459616338
RandomForestRegressor,all_ru_ahk_to_ru_aho_inner,All Ru-AHK (inner + outer) -> Ru-AHO inner,inner+outer,inner,All Ru-AHK,Delta learning,5,37,2.26077037,1.8344151365613472
RandomForestRegressor,all_ru_ahk_to_ru_aho_inner,All Ru-AHK (inner + outer) -> Ru-AHO inner,inner+outer,inner,All Ru-AHK,Delta learning,5,51,1.94448624,1.6393030813288207
RandomForestRegressor,all_ru_ahk_to_ru_aho_inner,All Ru-AHK (inner + outer) -> Ru-AHO inner,inner+outer,inner,All Ru-AHK,Delta learning,5,52,1.88185187,1.8040047003875126
RandomForestRegressor,all_ru_ahk_to_ru_aho_inner,All Ru-AHK (inner + outer) -> Ru-AHO inner,inner+outer,inner,All Ru-AHK,Delta learning,5,60,1.62929332,2.259364666150663
RandomForestRegressor,all_ru_ahk_to_ru_aho_inner,All Ru-AHK (inner + outer) -> Ru-AHO inner,inner+outer,inner,All Ru-AHK,Delta learning,5,71,1.47016368,1.7345755646158052
RandomForestRegressor,all_ru_ahk_to_ru_aho_inner,All Ru-AHK (inner + outer) -> Ru-AHO inner,inner+outer,inner,All Ru-AHK,Delta learning,5,74,1.38325909,1.4805194036787823
RandomForestRegressor,all_ru_ahk_to_ru_aho_inner,All Ru-AHK (inner + outer) -> Ru-AHO inner,inner+outer,inner,All Ru-AHK,Delta learning,5,82,0.99242206,1.3504373134662526
RandomForestRegressor,all_ru_ahk_to_ru_aho_inner,All Ru-AHK (inner + outer) -> Ru-AHO inner,inner+outer,inner,All Ru-AHK,Delta learning,5,86,0.67501313,3.0241285839211547
RandomForestRegressor,all_ru_ahk_to_ru_aho_inner,All Ru-AHK (inner + outer) -> Ru-AHO inner,inner+outer,inner,All Ru-AHK,Delta learning,5,87,0.56782018,2.5676585476057943
RandomForestRegressor,all_ru_ahk_to_ru_aho_inner,All Ru-AHK (inner + outer) -> Ru-AHO inner,inner+outer,inner,All Ru-AHK,Delta learning,5,89,0.33293116,2.862068640020233
RandomForestRegressor,all_ru_ahk_to_ru_aho_inner,All Ru-AHK (inner + outer) -> Ru-AHO inner,inner+outer,inner,All Ru-AHK,Delta learning,5,91,0.10866753,0.20568241211089466
RandomForestRegressor,all_ru_ahk_to_ru_aho_inner,All Ru-AHK (inner + outer) -> Ru-AHO inner,inner+outer,inner,All Ru-AHK,Delta learning,5,92,0.09139463,2.6698567729315794
GaussianProcessRegressor,all_ru_ahk_to_ru_aho_inner,All Ru-AHK (inner + outer) -> Ru-AHO inner,inner+outer,inner,All Ru-AHK,Mixed transfer,1,0,4.50050002,1.9933190578097604
GaussianProcessRegressor,all_ru_ahk_to_ru_aho_inner,All Ru-AHK (inner + outer) -> Ru-AHO inner,inner+outer,inner,All Ru-AHK,Mixed transfer,1,4,3.13437597,2.720952176018712
GaussianProcessRegressor,all_ru_ahk_to_ru_aho_inner,All Ru-AHK (inner + outer) -> Ru-AHO inner,inner+outer,inner,All Ru-AHK,Mixed transfer,1,10,2.89279432,1.9933190578097604
GaussianProcessRegressor,all_ru_ahk_to_ru_aho_inner,All Ru-AHK (inner + outer) -> Ru-AHO inner,inner+outer,inner,All Ru-AHK,Mixed transfer,1,12,2.72095293,1.9933190578097604
GaussianProcessRegressor,all_ru_ahk_to_ru_aho_inner,All Ru-AHK (inner + outer) -> Ru-AHO inner,inner+outer,inner,All Ru-AHK,Mixed transfer,1,18,2.72095293,2.4778622479111183
GaussianProcessRegressor,all_ru_ahk_to_ru_aho_inner,All Ru-AHK (inner + outer) -> Ru-AHO inner,inner+outer,inner,All Ru-AHK,Mixed transfer,1,22,2.63729647,1.9933190578097604
GaussianProcessRegressor,all_ru_ahk_to_ru_aho_inner,All Ru-AHK (inner + outer) -> Ru-AHO inner,inner+outer,inner,All Ru-AHK,Mixed transfer,1,26,2.49268506,1.9933190578097604
GaussianProcessRegressor,all_ru_ahk_to_ru_aho_inner,All Ru-AHK (inner + outer) -> Ru-AHO inner,inner+outer,inner,All Ru-AHK,Mixed transfer,1,31,2.30450133,1.9933190578097604
GaussianProcessRegressor,all_ru_ahk_to_ru_aho_inner,All Ru-AHK (inner + outer) -> Ru-AHO inner,inner+outer,inner,All Ru-AHK,Mixed transfer,1,40,2.13954868,1.9933190578097604
GaussianProcessRegressor,all_ru_ahk_to_ru_aho_inner,All Ru-AHK (inner + outer) -> Ru-AHO inner,inner+outer,inner,All Ru-AHK,Mixed transfer,1,42,2.12255274,2.2128962008981645
GaussianProcessRegressor,all_ru_ahk_to_ru_aho_inner,All Ru-AHK (inner + outer) -> Ru-AHO inner,inner+outer,inner,All Ru-AHK,Mixed transfer,1,44,2.02174776,1.9933190578097604
GaussianProcessRegressor,all_ru_ahk_to_ru_aho_inner,All Ru-AHK (inner + outer) -> Ru-AHO inner,inner+outer,inner,All Ru-AHK,Mixed transfer,1,47,1.97754867,1.9933190578097604
GaussianProcessRegressor,all_ru_ahk_to_ru_aho_inner,All Ru-AHK (inner + outer) -> Ru-AHO inner,inner+outer,inner,All Ru-AHK,Mixed transfer,1,62,1.56906465,1.9933190578097604
GaussianProcessRegressor,all_ru_ahk_to_ru_aho_inner,All Ru-AHK (inner + outer) -> Ru-AHO inner,inner+outer,inner,All Ru-AHK,Mixed transfer,1,64,1.53168147,1.9933190578097604
GaussianProcessRegressor,all_ru_ahk_to_ru_aho_inner,All Ru-AHK (inner + outer) -> Ru-AHO inner,inner+outer,inner,All Ru-AHK,Mixed transfer,1,73,1.39055932,1.9933190578097604
GaussianProcessRegressor,all_ru_ahk_to_ru_aho_inner,All Ru-AHK (inner + outer) -> Ru-AHO inner,inner+outer,inner,All Ru-AHK,Mixed transfer,1,75,1.36999511,1.9933190578097604
GaussianProcessRegressor,all_ru_ahk_to_ru_aho_inner,All Ru-AHK (inner + outer) -> Ru-AHO inner,inner+outer,inner,All Ru-AHK,Mixed transfer,1,81,1.00421655,1.9933190578097604
GaussianProcessRegressor,all_ru_ahk_to_ru_aho_inner,All Ru-AHK (inner + outer) -> Ru-AHO inner,inner+outer,inner,All Ru-AHK,Mixed transfer,1,83,0.83956097,1.9933190578097604
GaussianProcessRegressor,all_ru_ahk_to_ru_aho_inner,All Ru-AHK (inner + outer) -> Ru-AHO inner,inner+outer,inner,All Ru-AHK,Mixed transfer,1,90,0.19433377,0.04819372555985657
GaussianProcessRegressor,all_ru_ahk_to_ru_aho_inner,All Ru-AHK (inner + outer) -> Ru-AHO inner,inner+outer,inner,All Ru-AHK,Mixed transfer,1,94,0.04739647,1.9933190578097604
GaussianProcessRegressor,all_ru_ahk_to_ru_aho_inner,All Ru-AHK (inner + outer) -> Ru-AHO inner,inner+outer,inner,All Ru-AHK,Delta learning,1,0,4.50050002,1.8919410835897437
GaussianProcessRegressor,all_ru_ahk_to_ru_aho_inner,All Ru-AHK (inner + outer) -> Ru-AHO inner,inner+outer,inner,All Ru-AHK,Delta learning,1,4,3.13437597,2.7209521340619576
GaussianProcessRegressor,all_ru_ahk_to_ru_aho_inner,All Ru-AHK (inner + outer) -> Ru-AHO inner,inner+outer,inner,All Ru-AHK,Delta learning,1,10,2.89279432,1.8919410835897437
GaussianProcessRegressor,all_ru_ahk_to_ru_aho_inner,All Ru-AHK (inner + outer) -> Ru-AHO inner,inner+outer,inner,All Ru-AHK,Delta learning,1,12,2.72095293,1.8919410835897437
GaussianProcessRegressor,all_ru_ahk_to_ru_aho_inner,All Ru-AHK (inner + outer) -> Ru-AHO inner,inner+outer,inner,All Ru-AHK,Delta learning,1,18,2.72095293,2.477862187453944
GaussianProcessRegressor,all_ru_ahk_to_ru_aho_inner,All Ru-AHK (inner + outer) -> Ru-AHO inner,inner+outer,inner,All Ru-AHK,Delta learning,1,22,2.63729647,1.8919410835897437
GaussianProcessRegressor,all_ru_ahk_to_ru_aho_inner,All Ru-AHK (inner + outer) -> Ru-AHO inner,inner+outer,inner,All Ru-AHK,Delta learning,1,26,2.49268506,1.8919410835897437
GaussianProcessRegressor,all_ru_ahk_to_ru_aho_inner,All Ru-AHK (inner + outer) -> Ru-AHO inner,inner+outer,inner,All Ru-AHK,Delta learning,1,31,2.30450133,1.8919410835897437
GaussianProcessRegressor,all_ru_ahk_to_ru_aho_inner,All Ru-AHK (inner + outer) -> Ru-AHO inner,inner+outer,inner,All Ru-AHK,Delta learning,1,40,2.13954868,1.8919410835897437
GaussianProcessRegressor,all_ru_ahk_to_ru_aho_inner,All Ru-AHK (inner + outer) -> Ru-AHO inner,inner+outer,inner,All Ru-AHK,Delta learning,1,42,2.12255274,2.212896173906656
GaussianProcessRegressor,all_ru_ahk_to_ru_aho_inner,All Ru-AHK (inner + outer) -> Ru-AHO inner,inner+outer,inner,All Ru-AHK,Delta learning,1,44,2.02174776,1.8919410835897437
GaussianProcessRegressor,all_ru_ahk_to_ru_aho_inner,All Ru-AHK (inner + outer) -> Ru-AHO inner,inner+outer,inner,All Ru-AHK,Delta learning,1,47,1.97754867,1.8919410835897437
GaussianProcessRegressor,all_ru_ahk_to_ru_aho_inner,All Ru-AHK (inner + outer) -> Ru-AHO inner,inner+outer,inner,All Ru-AHK,Delta learning,1,62,1.56906465,1.8919410835897437
GaussianProcessRegressor,all_ru_ahk_to_ru_aho_inner,All Ru-AHK (inner + outer) -> Ru-AHO inner,inner+outer,inner,All Ru-AHK,Delta learning,1,64,1.53168147,1.8919410835897437
GaussianProcessRegressor,all_ru_ahk_to_ru_aho_inner,All Ru-AHK (inner + outer) -> Ru-AHO inner,inner+outer,inner,All Ru-AHK,Delta learning,1,73,1.39055932,1.8919410835897437
GaussianProcessRegressor,all_ru_ahk_to_ru_aho_inner,All Ru-AHK (inner + outer) -> Ru-AHO inner,inner+outer,inner,All Ru-AHK,Delta learning,1,75,1.36999511,1.8919410835897437
GaussianProcessRegressor,all_ru_ahk_to_ru_aho_inner,All Ru-AHK (inner + outer) -> Ru-AHO inner,inner+outer,inner,All Ru-AHK,Delta learning,1,81,1.00421655,1.8919410835897437
GaussianProcessRegressor,all_ru_ahk_to_ru_aho_inner,All Ru-AHK (inner + outer) -> Ru-AHO inner,inner+outer,inner,All Ru-AHK,Delta learning,1,83,0.83956097,1.8919410835897437
GaussianProcessRegressor,all_ru_ahk_to_ru_aho_inner,All Ru-AHK (inner + outer) -> Ru-AHO inner,inner+outer,inner,All Ru-AHK,Delta learning,1,90,0.19433377,0.04819348019215597
GaussianProcessRegressor,all_ru_ahk_to_ru_aho_inner,All Ru-AHK (inner + outer) -> Ru-AHO inner,inner+outer,inner,All Ru-AHK,Delta learning,1,94,0.04739647,1.8919410835897437
GaussianProcessRegressor,all_ru_ahk_to_ru_aho_inner,All Ru-AHK (inner + outer) -> Ru-AHO inner,inner+outer,inner,All Ru-AHK,Mixed transfer,2,5,3.13437597,1.9934789270474496
GaussianProcessRegressor,all_ru_ahk_to_ru_aho_inner,All Ru-AHK (inner + outer) -> Ru-AHO inner,inner+outer,inner,All Ru-AHK,Mixed transfer,2,9,3.13437597,1.9934789270474496
GaussianProcessRegressor,all_ru_ahk_to_ru_aho_inner,All Ru-AHK (inner + outer) -> Ru-AHO inner,inner+outer,inner,All Ru-AHK,Mixed transfer,2,11,2.81808334,1.9934789270474496
GaussianProcessRegressor,all_ru_ahk_to_ru_aho_inner,All Ru-AHK (inner + outer) -> Ru-AHO inner,inner+outer,inner,All Ru-AHK,Mixed transfer,2,15,2.72095293,1.9934789270474496
GaussianProcessRegressor,all_ru_ahk_to_ru_aho_inner,All Ru-AHK (inner + outer) -> Ru-AHO inner,inner+outer,inner,All Ru-AHK,Mixed transfer,2,16,2.72095293,3.1343747912169455
GaussianProcessRegressor,all_ru_ahk_to_ru_aho_inner,All Ru-AHK (inner + outer) -> Ru-AHO inner,inner+outer,inner,All Ru-AHK,Mixed transfer,2,28,2.47786275,2.7209521783686133
GaussianProcessRegressor,all_ru_ahk_to_ru_aho_inner,All Ru-AHK (inner + outer) -> Ru-AHO inner,inner+outer,inner,All Ru-AHK,Mixed transfer,2,30,2.3515711,1.9934789270474496
GaussianProcessRegressor,all_ru_ahk_to_ru_aho_inner,All Ru-AHK (inner + outer) -> Ru-AHO inner,inner+outer,inner,All Ru-AHK,Mixed transfer,2,33,2.30450133,1.9934789270474496
GaussianProcessRegressor,all_ru_ahk_to_ru_aho_inner,All Ru-AHK (inner + outer) -> Ru-AHO inner,inner+outer,inner,All Ru-AHK,Mixed transfer,2,35,2.30450133,1.9934789270474496
GaussianProcessRegressor,all_ru_ahk_to_ru_aho_inner,All Ru-AHK (inner + outer) -> Ru-AHO inner,inner+outer,inner,All Ru-AHK,Mixed transfer,2,39,2.16934032,1.9934789270474496
GaussianProcessRegressor,all_ru_ahk_to_ru_aho_inner,All Ru-AHK (inner + outer) -> Ru-AHO inner,inner+outer,inner,All Ru-AHK,Mixed transfer,2,45,2.01889808,1.9934789270474496
GaussianProcessRegressor,all_ru_ahk_to_ru_aho_inner,All Ru-AHK (inner + outer) -> Ru-AHO inner,inner+outer,inner,All Ru-AHK,Mixed transfer,2,49,1.9607788,1.9934789270474496
GaussianProcessRegressor,all_ru_ahk_to_ru_aho_inner,All Ru-AHK (inner + outer) -> Ru-AHO inner,inner+outer,inner,All Ru-AHK,Mixed transfer,2,65,1.53168147,1.9934789270474496
GaussianProcessRegressor,all_ru_ahk_to_ru_aho_inner,All Ru-AHK (inner + outer) -> Ru-AHO inner,inner+outer,inner,All Ru-AHK,Mixed transfer,2,68,1.49260764,1.9934789270474496
GaussianProcessRegressor,all_ru_ahk_to_ru_aho_inner,All Ru-AHK (inner + outer) -> Ru-AHO inner,inner+outer,inner,All Ru-AHK,Mixed transfer,2,69,1.48763592,1.9934789270474496
GaussianProcessRegressor,all_ru_ahk_to_ru_aho_inner,All Ru-AHK (inner + outer) -> Ru-AHO inner,inner+outer,inner,All Ru-AHK,Mixed transfer,2,70,1.47570337,1.9934789270474496
GaussianProcessRegressor,all_ru_ahk_to_ru_aho_inner,All Ru-AHK (inner + outer) -> Ru-AHO inner,inner+outer,inner,All Ru-AHK,Mixed transfer,2,72,1.40708549,1.9934789270474496
GaussianProcessRegressor,all_ru_ahk_to_ru_aho_inner,All Ru-AHK (inner + outer) -> Ru-AHO inner,inner+outer,inner,All Ru-AHK,Mixed transfer,2,80,1.31904107,1.9934789270474496
GaussianProcessRegressor,all_ru_ahk_to_ru_aho_inner,All Ru-AHK (inner + outer) -> Ru-AHO inner,inner+outer,inner,All Ru-AHK,Mixed transfer,2,88,0.39647984,1.9934789270474496
GaussianProcessRegressor,all_ru_ahk_to_ru_aho_inner,All Ru-AHK (inner + outer) -> Ru-AHO inner,inner+outer,inner,All Ru-AHK,Mixed transfer,2,93,0.04819171,0.19433562888975353
GaussianProcessRegressor,all_ru_ahk_to_ru_aho_inner,All Ru-AHK (inner + outer) -> Ru-AHO inner,inner+outer,inner,All Ru-AHK,Delta learning,2,5,3.13437597,1.8962698506410256
GaussianProcessRegressor,all_ru_ahk_to_ru_aho_inner,All Ru-AHK (inner + outer) -> Ru-AHO inner,inner+outer,inner,All Ru-AHK,Delta learning,2,9,3.13437597,1.8962698506410256
GaussianProcessRegressor,all_ru_ahk_to_ru_aho_inner,All Ru-AHK (inner + outer) -> Ru-AHO inner,inner+outer,inner,All Ru-AHK,Delta learning,2,11,2.81808334,1.8962698506410256
GaussianProcessRegressor,all_ru_ahk_to_ru_aho_inner,All Ru-AHK (inner + outer) -> Ru-AHO inner,inner+outer,inner,All Ru-AHK,Delta learning,2,15,2.72095293,1.8962698506410256
GaussianProcessRegressor,all_ru_ahk_to_ru_aho_inner,All Ru-AHK (inner + outer) -> Ru-AHO inner,inner+outer,inner,All Ru-AHK,Delta learning,2,16,2.72095293,3.1343747844264103
GaussianProcessRegressor,all_ru_ahk_to_ru_aho_inner,All Ru-AHK (inner + outer) -> Ru-AHO inner,inner+outer,inner,All Ru-AHK,Delta learning,2,28,2.47786275,2.7209521403080155
GaussianProcessRegressor,all_ru_ahk_to_ru_aho_inner,All Ru-AHK (inner + outer) -> Ru-AHO inner,inner+outer,inner,All Ru-AHK,Delta learning,2,30,2.3515711,1.8962698506410256
GaussianProcessRegressor,all_ru_ahk_to_ru_aho_inner,All Ru-AHK (inner + outer) -> Ru-AHO inner,inner+outer,inner,All Ru-AHK,Delta learning,2,33,2.30450133,1.8962698506410256
GaussianProcessRegressor,all_ru_ahk_to_ru_aho_inner,All Ru-AHK (inner + outer) -> Ru-AHO inner,inner+outer,inner,All Ru-AHK,Delta learning,2,35,2.30450133,1.8962698506410256
GaussianProcessRegressor,all_ru_ahk_to_ru_aho_inner,All Ru-AHK (inner + outer) -> Ru-AHO inner,inner+outer,inner,All Ru-AHK,Delta learning,2,39,2.16934032,1.8962698506410256
GaussianProcessRegressor,all_ru_ahk_to_ru_aho_inner,All Ru-AHK (inner + outer) -> Ru-AHO inner,inner+outer,inner,All Ru-AHK,Delta learning,2,45,2.01889808,1.8962698506410256
GaussianProcessRegressor,all_ru_ahk_to_ru_aho_inner,All Ru-AHK (inner + outer) -> Ru-AHO inner,inner+outer,inner,All Ru-AHK,Delta learning,2,49,1.9607788,1.8962698506410256
GaussianProcessRegressor,all_ru_ahk_to_ru_aho_inner,All Ru-AHK (inner + outer) -> Ru-AHO inner,inner+outer,inner,All Ru-AHK,Delta learning,2,65,1.53168147,1.8962698506410256
GaussianProcessRegressor,all_ru_ahk_to_ru_aho_inner,All Ru-AHK (inner + outer) -> Ru-AHO inner,inner+outer,inner,All Ru-AHK,Delta learning,2,68,1.49260764,1.8962698506410256
GaussianProcessRegressor,all_ru_ahk_to_ru_aho_inner,All Ru-AHK (inner + outer) -> Ru-AHO inner,inner+outer,inner,All Ru-AHK,Delta learning,2,69,1.48763592,1.8962698506410256
GaussianProcessRegressor,all_ru_ahk_to_ru_aho_inner,All Ru-AHK (inner + outer) -> Ru-AHO inner,inner+outer,inner,All Ru-AHK,Delta learning,2,70,1.47570337,1.8962698506410256
GaussianProcessRegressor,all_ru_ahk_to_ru_aho_inner,All Ru-AHK (inner + outer) -> Ru-AHO inner,inner+outer,inner,All Ru-AHK,Delta learning,2,72,1.40708549,1.8962698506410256
GaussianProcessRegressor,all_ru_ahk_to_ru_aho_inner,All Ru-AHK (inner + outer) -> Ru-AHO inner,inner+outer,inner,All Ru-AHK,Delta learning,2,80,1.31904107,1.8962698506410256
GaussianProcessRegressor,all_ru_ahk_to_ru_aho_inner,All Ru-AHK (inner + outer) -> Ru-AHO inner,inner+outer,inner,All Ru-AHK,Delta learning,2,88,0.39647984,1.8962698506410256
GaussianProcessRegressor,all_ru_ahk_to_ru_aho_inner,All Ru-AHK (inner + outer) -> Ru-AHO inner,inner+outer,inner,All Ru-AHK,Delta learning,2,93,0.04819171,0.194335399723363
GaussianProcessRegressor,all_ru_ahk_to_ru_aho_inner,All Ru-AHK (inner + outer) -> Ru-AHO inner,inner+outer,inner,All Ru-AHK,Mixed transfer,3,3,3.67873076,1.9904025508590029
GaussianProcessRegressor,all_ru_ahk_to_ru_aho_inner,All Ru-AHK (inner + outer) -> Ru-AHO inner,inner+outer,inner,All Ru-AHK,Mixed transfer,3,6,3.13437597,1.9904025508590029
GaussianProcessRegressor,all_ru_ahk_to_ru_aho_inner,All Ru-AHK (inner + outer) -> Ru-AHO inner,inner+outer,inner,All Ru-AHK,Mixed transfer,3,7,3.13437597,1.9904025508590029
GaussianProcessRegressor,all_ru_ahk_to_ru_aho_inner,All Ru-AHK (inner + outer) -> Ru-AHO inner,inner+outer,inner,All Ru-AHK,Mixed transfer,3,8,3.13437597,1.9904025508590029
GaussianProcessRegressor,all_ru_ahk_to_ru_aho_inner,All Ru-AHK (inner + outer) -> Ru-AHO inner,inner+outer,inner,All Ru-AHK,Mixed transfer,3,13,2.72095293,1.9904025508590029
GaussianProcessRegressor,all_ru_ahk_to_ru_aho_inner,All Ru-AHK (inner + outer) -> Ru-AHO inner,inner+outer,inner,All Ru-AHK,Mixed transfer,3,17,2.72095293,1.9904025508590029
GaussianProcessRegressor,all_ru_ahk_to_ru_aho_inner,All Ru-AHK (inner + outer) -> Ru-AHO inner,inner+outer,inner,All Ru-AHK,Mixed transfer,3,19,2.72095293,1.9904025508590029
GaussianProcessRegressor,all_ru_ahk_to_ru_aho_inner,All Ru-AHK (inner + outer) -> Ru-AHO inner,inner+outer,inner,All Ru-AHK,Mixed transfer,3,24,2.49823771,1.9904025508590029
GaussianProcessRegressor,all_ru_ahk_to_ru_aho_inner,All Ru-AHK (inner + outer) -> Ru-AHO inner,inner+outer,inner,All Ru-AHK,Mixed transfer,3,25,2.49823771,1.9904025508590029
GaussianProcessRegressor,all_ru_ahk_to_ru_aho_inner,All Ru-AHK (inner + outer) -> Ru-AHO inner,inner+outer,inner,All Ru-AHK,Mixed transfer,3,27,2.47786275,1.9904025508590029
GaussianProcessRegressor,all_ru_ahk_to_ru_aho_inner,All Ru-AHK (inner + outer) -> Ru-AHO inner,inner+outer,inner,All Ru-AHK,Mixed transfer,3,34,2.30450133,1.9904025508590029
GaussianProcessRegressor,all_ru_ahk_to_ru_aho_inner,All Ru-AHK (inner + outer) -> Ru-AHO inner,inner+outer,inner,All Ru-AHK,Mixed transfer,3,36,2.28957767,2.3671739949031316
GaussianProcessRegressor,all_ru_ahk_to_ru_aho_inner,All Ru-AHK (inner + outer) -> Ru-AHO inner,inner+outer,inner,All Ru-AHK,Mixed transfer,3,38,2.20688949,1.9904025508590029
GaussianProcessRegressor,all_ru_ahk_to_ru_aho_inner,All Ru-AHK (inner + outer) -> Ru-AHO inner,inner+outer,inner,All Ru-AHK,Mixed transfer,3,53,1.84440958,1.9904025508590029
GaussianProcessRegressor,all_ru_ahk_to_ru_aho_inner,All Ru-AHK (inner + outer) -> Ru-AHO inner,inner+outer,inner,All Ru-AHK,Mixed transfer,3,55,1.80901573,1.9904025508590029
GaussianProcessRegressor,all_ru_ahk_to_ru_aho_inner,All Ru-AHK (inner + outer) -> Ru-AHO inner,inner+outer,inner,All Ru-AHK,Mixed transfer,3,56,1.73731552,2.3671739949031316
GaussianProcessRegressor,all_ru_ahk_to_ru_aho_inner,All Ru-AHK (inner + outer) -> Ru-AHO inner,inner+outer,inner,All Ru-AHK,Mixed transfer,3,76,1.36999511,1.9904025508590029
GaussianProcessRegressor,all_ru_ahk_to_ru_aho_inner,All Ru-AHK (inner + outer) -> Ru-AHO inner,inner+outer,inner,All Ru-AHK,Mixed transfer,3,78,1.35390456,1.9904025508590029
GaussianProcessRegressor,all_ru_ahk_to_ru_aho_inner,All Ru-AHK (inner + outer) -> Ru-AHO inner,inner+outer,inner,All Ru-AHK,Mixed transfer,3,79,1.33471728,1.9904025508590029
GaussianProcessRegressor,all_ru_ahk_to_ru_aho_inner,All Ru-AHK (inner + outer) -> Ru-AHO inner,inner+outer,inner,All Ru-AHK,Mixed transfer,3,85,0.80254597,1.9904025508590029
GaussianProcessRegressor,all_ru_ahk_to_ru_aho_inner,All Ru-AHK (inner + outer) -> Ru-AHO inner,inner+outer,inner,All Ru-AHK,Delta learning,3,3,3.67873076,1.8129710492307693
GaussianProcessRegressor,all_ru_ahk_to_ru_aho_inner,All Ru-AHK (inner + outer) -> Ru-AHO inner,inner+outer,inner,All Ru-AHK,Delta learning,3,6,3.13437597,1.8129710492307693
GaussianProcessRegressor,all_ru_ahk_to_ru_aho_inner,All Ru-AHK (inner + outer) -> Ru-AHO inner,inner+outer,inner,All Ru-AHK,Delta learning,3,7,3.13437597,1.8129710492307693
GaussianProcessRegressor,all_ru_ahk_to_ru_aho_inner,All Ru-AHK (inner + outer) -> Ru-AHO inner,inner+outer,inner,All Ru-AHK,Delta learning,3,8,3.13437597,1.8129710492307693
GaussianProcessRegressor,all_ru_ahk_to_ru_aho_inner,All Ru-AHK (inner + outer) -> Ru-AHO inner,inner+outer,inner,All Ru-AHK,Delta learning,3,13,2.72095293,1.8129710492307693
GaussianProcessRegressor,all_ru_ahk_to_ru_aho_inner,All Ru-AHK (inner + outer) -> Ru-AHO inner,inner+outer,inner,All Ru-AHK,Delta learning,3,17,2.72095293,1.8129710492307693
GaussianProcessRegressor,all_ru_ahk_to_ru_aho_inner,All Ru-AHK (inner + outer) -> Ru-AHO inner,inner+outer,inner,All Ru-AHK,Delta learning,3,19,2.72095293,1.8129710492307693
GaussianProcessRegressor,all_ru_ahk_to_ru_aho_inner,All Ru-AHK (inner + outer) -> Ru-AHO inner,inner+outer,inner,All Ru-AHK,Delta learning,3,24,2.49823771,1.8129710492307693
GaussianProcessRegressor,all_ru_ahk_to_ru_aho_inner,All Ru-AHK (inner + outer) -> Ru-AHO inner,inner+outer,inner,All Ru-AHK,Delta learning,3,25,2.49823771,1.8129710492307693
GaussianProcessRegressor,all_ru_ahk_to_ru_aho_inner,All Ru-AHK (inner + outer) -> Ru-AHO inner,inner+outer,inner,All Ru-AHK,Delta learning,3,27,2.47786275,1.8129710492307693
GaussianProcessRegressor,all_ru_ahk_to_ru_aho_inner,All Ru-AHK (inner + outer) -> Ru-AHO inner,inner+outer,inner,All Ru-AHK,Delta learning,3,34,2.30450133,1.8129710492307693
GaussianProcessRegressor,all_ru_ahk_to_ru_aho_inner,All Ru-AHK (inner + outer) -> Ru-AHO inner,inner+outer,inner,All Ru-AHK,Delta learning,3,36,2.28957767,2.3671739138898076
GaussianProcessRegressor,all_ru_ahk_to_ru_aho_inner,All Ru-AHK (inner + outer) -> Ru-AHO inner,inner+outer,inner,All Ru-AHK,Delta learning,3,38,2.20688949,1.8129710492307693
GaussianProcessRegressor,all_ru_ahk_to_ru_aho_inner,All Ru-AHK (inner + outer) -> Ru-AHO inner,inner+outer,inner,All Ru-AHK,Delta learning,3,53,1.84440958,1.8129710492307693
GaussianProcessRegressor,all_ru_ahk_to_ru_aho_inner,All Ru-AHK (inner + outer) -> Ru-AHO inner,inner+outer,inner,All Ru-AHK,Delta learning,3,55,1.80901573,1.8129710492307693
GaussianProcessRegressor,all_ru_ahk_to_ru_aho_inner,All Ru-AHK (inner + outer) -> Ru-AHO inner,inner+outer,inner,All Ru-AHK,Delta learning,3,56,1.73731552,2.3671739138898076
GaussianProcessRegressor,all_ru_ahk_to_ru_aho_inner,All Ru-AHK (inner + outer) -> Ru-AHO inner,inner+outer,inner,All Ru-AHK,Delta learning,3,76,1.36999511,1.8129710492307693
GaussianProcessRegressor,all_ru_ahk_to_ru_aho_inner,All Ru-AHK (inner + outer) -> Ru-AHO inner,inner+outer,inner,All Ru-AHK,Delta learning,3,78,1.35390456,1.8129710492307693
GaussianProcessRegressor,all_ru_ahk_to_ru_aho_inner,All Ru-AHK (inner + outer) -> Ru-AHO inner,inner+outer,inner,All Ru-AHK,Delta learning,3,79,1.33471728,1.8129710492307693
GaussianProcessRegressor,all_ru_ahk_to_ru_aho_inner,All Ru-AHK (inner + outer) -> Ru-AHO inner,inner+outer,inner,All Ru-AHK,Delta learning,3,85,0.80254597,1.8129710492307693
GaussianProcessRegressor,all_ru_ahk_to_ru_aho_inner,All Ru-AHK (inner + outer) -> Ru-AHO inner,inner+outer,inner,All Ru-AHK,Mixed transfer,4,32,2.30450133,1.99805420542083
GaussianProcessRegressor,all_ru_ahk_to_ru_aho_inner,All Ru-AHK (inner + outer) -> Ru-AHO inner,inner+outer,inner,All Ru-AHK,Mixed transfer,4,41,2.13444943,1.99805420542083
GaussianProcessRegressor,all_ru_ahk_to_ru_aho_inner,All Ru-AHK (inner + outer) -> Ru-AHO inner,inner+outer,inner,All Ru-AHK,Mixed transfer,4,43,2.11117069,1.99805420542083
GaussianProcessRegressor,all_ru_ahk_to_ru_aho_inner,All Ru-AHK (inner + outer) -> Ru-AHO inner,inner+outer,inner,All Ru-AHK,Mixed transfer,4,46,2.00941149,1.99805420542083
GaussianProcessRegressor,all_ru_ahk_to_ru_aho_inner,All Ru-AHK (inner + outer) -> Ru-AHO inner,inner+outer,inner,All Ru-AHK,Mixed transfer,4,48,1.96551622,1.99805420542083
GaussianProcessRegressor,all_ru_ahk_to_ru_aho_inner,All Ru-AHK (inner + outer) -> Ru-AHO inner,inner+outer,inner,All Ru-AHK,Mixed transfer,4,50,1.95650617,1.99805420542083
GaussianProcessRegressor,all_ru_ahk_to_ru_aho_inner,All Ru-AHK (inner + outer) -> Ru-AHO inner,inner+outer,inner,All Ru-AHK,Mixed transfer,4,54,1.80901573,1.99805420542083
GaussianProcessRegressor,all_ru_ahk_to_ru_aho_inner,All Ru-AHK (inner + outer) -> Ru-AHO inner,inner+outer,inner,All Ru-AHK,Mixed transfer,4,57,1.68395754,1.881851990296068
GaussianProcessRegressor,all_ru_ahk_to_ru_aho_inner,All Ru-AHK (inner + outer) -> Ru-AHO inner,inner+outer,inner,All Ru-AHK,Mixed transfer,4,58,1.66417952,1.99805420542083
GaussianProcessRegressor,all_ru_ahk_to_ru_aho_inner,All Ru-AHK (inner + outer) -> Ru-AHO inner,inner+outer,inner,All Ru-AHK,Mixed transfer,4,59,1.62929332,1.99805420542083
GaussianProcessRegressor,all_ru_ahk_to_ru_aho_inner,All Ru-AHK (inner + outer) -> Ru-AHO inner,inner+outer,inner,All Ru-AHK,Mixed transfer,4,61,1.57873877,1.99805420542083
GaussianProcessRegressor,all_ru_ahk_to_ru_aho_inner,All Ru-AHK (inner + outer) -> Ru-AHO inner,inner+outer,inner,All Ru-AHK,Mixed transfer,4,63,1.56019653,1.99805420542083
GaussianProcessRegressor,all_ru_ahk_to_ru_aho_inner,All Ru-AHK (inner + outer) -> Ru-AHO inner,inner+outer,inner,All Ru-AHK,Mixed transfer,4,66,1.51369193,1.99805420542083
GaussianProcessRegressor,all_ru_ahk_to_ru_aho_inner,All Ru-AHK (inner + outer) -> Ru-AHO inner,inner+outer,inner,All Ru-AHK,Mixed transfer,4,67,1.51369193,1.99805420542083
GaussianProcessRegressor,all_ru_ahk_to_ru_aho_inner,All Ru-AHK (inner + outer) -> Ru-AHO inner,inner+outer,inner,All Ru-AHK,Mixed transfer,4,77,1.36283425,1.99805420542083
GaussianProcessRegressor,all_ru_ahk_to_ru_aho_inner,All Ru-AHK (inner + outer) -> Ru-AHO inner,inner+outer,inner,All Ru-AHK,Mixed transfer,4,84,0.80438248,1.99805420542083
GaussianProcessRegressor,all_ru_ahk_to_ru_aho_inner,All Ru-AHK (inner + outer) -> Ru-AHO inner,inner+outer,inner,All Ru-AHK,Mixed transfer,4,95,0.0120419,1.99805420542083
GaussianProcessRegressor,all_ru_ahk_to_ru_aho_inner,All Ru-AHK (inner + outer) -> Ru-AHO inner,inner+outer,inner,All Ru-AHK,Mixed transfer,4,96,0.0,1.99805420542083
GaussianProcessRegressor,all_ru_ahk_to_ru_aho_inner,All Ru-AHK (inner + outer) -> Ru-AHO inner,inner+outer,inner,All Ru-AHK,Mixed transfer,4,97,0.0,1.99805420542083
GaussianProcessRegressor,all_ru_ahk_to_ru_aho_inner,All Ru-AHK (inner + outer) -> Ru-AHO inner,inner+outer,inner,All Ru-AHK,Delta learning,4,32,2.30450133,2.0198745630379746
GaussianProcessRegressor,all_ru_ahk_to_ru_aho_inner,All Ru-AHK (inner + outer) -> Ru-AHO inner,inner+outer,inner,All Ru-AHK,Delta learning,4,41,2.13444943,2.0198745630379746
GaussianProcessRegressor,all_ru_ahk_to_ru_aho_inner,All Ru-AHK (inner + outer) -> Ru-AHO inner,inner+outer,inner,All Ru-AHK,Delta learning,4,43,2.11117069,2.0198745630379746
GaussianProcessRegressor,all_ru_ahk_to_ru_aho_inner,All Ru-AHK (inner + outer) -> Ru-AHO inner,inner+outer,inner,All Ru-AHK,Delta learning,4,46,2.00941149,2.0198745630379746
GaussianProcessRegressor,all_ru_ahk_to_ru_aho_inner,All Ru-AHK (inner + outer) -> Ru-AHO inner,inner+outer,inner,All Ru-AHK,Delta learning,4,48,1.96551622,2.0198745630379746
GaussianProcessRegressor,all_ru_ahk_to_ru_aho_inner,All Ru-AHK (inner + outer) -> Ru-AHO inner,inner+outer,inner,All Ru-AHK,Delta learning,4,50,1.95650617,2.0198745630379746
GaussianProcessRegressor,all_ru_ahk_to_ru_aho_inner,All Ru-AHK (inner + outer) -> Ru-AHO inner,inner+outer,inner,All Ru-AHK,Delta learning,4,54,1.80901573,2.0198745630379746
GaussianProcessRegressor,all_ru_ahk_to_ru_aho_inner,All Ru-AHK (inner + outer) -> Ru-AHO inner,inner+outer,inner,All Ru-AHK,Delta learning,4,57,1.68395754,1.8818520063806097
GaussianProcessRegressor,all_ru_ahk_to_ru_aho_inner,All Ru-AHK (inner + outer) -> Ru-AHO inner,inner+outer,inner,All Ru-AHK,Delta learning,4,58,1.66417952,2.0198745630379746
GaussianProcessRegressor,all_ru_ahk_to_ru_aho_inner,All Ru-AHK (inner + outer) -> Ru-AHO inner,inner+outer,inner,All Ru-AHK,Delta learning,4,59,1.62929332,2.0198745630379746
GaussianProcessRegressor,all_ru_ahk_to_ru_aho_inner,All Ru-AHK (inner + outer) -> Ru-AHO inner,inner+outer,inner,All Ru-AHK,Delta learning,4,61,1.57873877,2.0198745630379746
GaussianProcessRegressor,all_ru_ahk_to_ru_aho_inner,All Ru-AHK (inner + outer) -> Ru-AHO inner,inner+outer,inner,All Ru-AHK,Delta learning,4,63,1.56019653,2.0198745630379746
GaussianProcessRegressor,all_ru_ahk_to_ru_aho_inner,All Ru-AHK (inner + outer) -> Ru-AHO inner,inner+outer,inner,All Ru-AHK,Delta learning,4,66,1.51369193,2.0198745630379746
GaussianProcessRegressor,all_ru_ahk_to_ru_aho_inner,All Ru-AHK (inner + outer) -> Ru-AHO inner,inner+outer,inner,All Ru-AHK,Delta learning,4,67,1.51369193,2.0198745630379746
GaussianProcessRegressor,all_ru_ahk_to_ru_aho_inner,All Ru-AHK (inner + outer) -> Ru-AHO inner,inner+outer,inner,All Ru-AHK,Delta learning,4,77,1.36283425,2.0198745630379746
GaussianProcessRegressor,all_ru_ahk_to_ru_aho_inner,All Ru-AHK (inner + outer) -> Ru-AHO inner,inner+outer,inner,All Ru-AHK,Delta learning,4,84,0.80438248,2.0198745630379746
GaussianProcessRegressor,all_ru_ahk_to_ru_aho_inner,All Ru-AHK (inner + outer) -> Ru-AHO inner,inner+outer,inner,All Ru-AHK,Delta learning,4,95,0.0120419,2.0198745630379746
GaussianProcessRegressor,all_ru_ahk_to_ru_aho_inner,All Ru-AHK (inner + outer) -> Ru-AHO inner,inner+outer,inner,All Ru-AHK,Delta learning,4,96,0.0,2.0198745630379746
GaussianProcessRegressor,all_ru_ahk_to_ru_aho_inner,All Ru-AHK (inner + outer) -> Ru-AHO inner,inner+outer,inner,All Ru-AHK,Delta learning,4,97,0.0,2.0198745630379746
GaussianProcessRegressor,all_ru_ahk_to_ru_aho_inner,All Ru-AHK (inner + outer) -> Ru-AHO inner,inner+outer,inner,All Ru-AHK,Mixed transfer,5,1,4.50050002,1.994600491824048
GaussianProcessRegressor,all_ru_ahk_to_ru_aho_inner,All Ru-AHK (inner + outer) -> Ru-AHO inner,inner+outer,inner,All Ru-AHK,Mixed transfer,5,2,3.84937533,1.994600491824048
GaussianProcessRegressor,all_ru_ahk_to_ru_aho_inner,All Ru-AHK (inner + outer) -> Ru-AHO inner,inner+outer,inner,All Ru-AHK,Mixed transfer,5,14,2.72095293,1.994600491824048
GaussianProcessRegressor,all_ru_ahk_to_ru_aho_inner,All Ru-AHK (inner + outer) -> Ru-AHO inner,inner+outer,inner,All Ru-AHK,Mixed transfer,5,20,2.72095293,1.994600491824048
GaussianProcessRegressor,all_ru_ahk_to_ru_aho_inner,All Ru-AHK (inner + outer) -> Ru-AHO inner,inner+outer,inner,All Ru-AHK,Mixed transfer,5,21,2.6917632,1.994600491824048
GaussianProcessRegressor,all_ru_ahk_to_ru_aho_inner,All Ru-AHK (inner + outer) -> Ru-AHO inner,inner+outer,inner,All Ru-AHK,Mixed transfer,5,23,2.61179564,2.0498152909390184
GaussianProcessRegressor,all_ru_ahk_to_ru_aho_inner,All Ru-AHK (inner + outer) -> Ru-AHO inner,inner+outer,inner,All Ru-AHK,Mixed transfer,5,29,2.47786275,1.994600491824048
GaussianProcessRegressor,all_ru_ahk_to_ru_aho_inner,All Ru-AHK (inner + outer) -> Ru-AHO inner,inner+outer,inner,All Ru-AHK,Mixed transfer,5,37,2.26077037,1.994600491824048
GaussianProcessRegressor,all_ru_ahk_to_ru_aho_inner,All Ru-AHK (inner + outer) -> Ru-AHO inner,inner+outer,inner,All Ru-AHK,Mixed transfer,5,51,1.94448624,1.994600491824048
GaussianProcessRegressor,all_ru_ahk_to_ru_aho_inner,All Ru-AHK (inner + outer) -> Ru-AHO inner,inner+outer,inner,All Ru-AHK,Mixed transfer,5,52,1.88185187,1.6839578623605604
GaussianProcessRegressor,all_ru_ahk_to_ru_aho_inner,All Ru-AHK (inner + outer) -> Ru-AHO inner,inner+outer,inner,All Ru-AHK,Mixed transfer,5,60,1.62929332,1.994600491824048
GaussianProcessRegressor,all_ru_ahk_to_ru_aho_inner,All Ru-AHK (inner + outer) -> Ru-AHO inner,inner+outer,inner,All Ru-AHK,Mixed transfer,5,71,1.47016368,1.994600491824048
GaussianProcessRegressor,all_ru_ahk_to_ru_aho_inner,All Ru-AHK (inner + outer) -> Ru-AHO inner,inner+outer,inner,All Ru-AHK,Mixed transfer,5,74,1.38325909,1.994600491824048
GaussianProcessRegressor,all_ru_ahk_to_ru_aho_inner,All Ru-AHK (inner + outer) -> Ru-AHO inner,inner+outer,inner,All Ru-AHK,Mixed transfer,5,82,0.99242206,1.994600491824048
GaussianProcessRegressor,all_ru_ahk_to_ru_aho_inner,All Ru-AHK (inner + outer) -> Ru-AHO inner,inner+outer,inner,All Ru-AHK,Mixed transfer,5,86,0.67501313,1.994600491824048
GaussianProcessRegressor,all_ru_ahk_to_ru_aho_inner,All Ru-AHK (inner + outer) -> Ru-AHO inner,inner+outer,inner,All Ru-AHK,Mixed transfer,5,87,0.56782018,1.994600491824048
GaussianProcessRegressor,all_ru_ahk_to_ru_aho_inner,All Ru-AHK (inner + outer) -> Ru-AHO inner,inner+outer,inner,All Ru-AHK,Mixed transfer,5,89,0.33293116,1.994600491824048
GaussianProcessRegressor,all_ru_ahk_to_ru_aho_inner,All Ru-AHK (inner + outer) -> Ru-AHO inner,inner+outer,inner,All Ru-AHK,Mixed transfer,5,91,0.10866753,1.994600491824048
GaussianProcessRegressor,all_ru_ahk_to_ru_aho_inner,All Ru-AHK (inner + outer) -> Ru-AHO inner,inner+outer,inner,All Ru-AHK,Mixed transfer,5,92,0.09139463,1.994600491824048
GaussianProcessRegressor,all_ru_ahk_to_ru_aho_inner,All Ru-AHK (inner + outer) -> Ru-AHO inner,inner+outer,inner,All Ru-AHK,Delta learning,5,1,4.50050002,1.9274986537974683
GaussianProcessRegressor,all_ru_ahk_to_ru_aho_inner,All Ru-AHK (inner + outer) -> Ru-AHO inner,inner+outer,inner,All Ru-AHK,Delta learning,5,2,3.84937533,1.9274986537974683
GaussianProcessRegressor,all_ru_ahk_to_ru_aho_inner,All Ru-AHK (inner + outer) -> Ru-AHO inner,inner+outer,inner,All Ru-AHK,Delta learning,5,14,2.72095293,1.9274986537974683
GaussianProcessRegressor,all_ru_ahk_to_ru_aho_inner,All Ru-AHK (inner + outer) -> Ru-AHO inner,inner+outer,inner,All Ru-AHK,Delta learning,5,20,2.72095293,1.9274986537974683
GaussianProcessRegressor,all_ru_ahk_to_ru_aho_inner,All Ru-AHK (inner + outer) -> Ru-AHO inner,inner+outer,inner,All Ru-AHK,Delta learning,5,21,2.6917632,1.9274986537974683
GaussianProcessRegressor,all_ru_ahk_to_ru_aho_inner,All Ru-AHK (inner + outer) -> Ru-AHO inner,inner+outer,inner,All Ru-AHK,Delta learning,5,23,2.61179564,2.049815268698089
GaussianProcessRegressor,all_ru_ahk_to_ru_aho_inner,All Ru-AHK (inner + outer) -> Ru-AHO inner,inner+outer,inner,All Ru-AHK,Delta learning,5,29,2.47786275,1.9274986537974683
GaussianProcessRegressor,all_ru_ahk_to_ru_aho_inner,All Ru-AHK (inner + outer) -> Ru-AHO inner,inner+outer,inner,All Ru-AHK,Delta learning,5,37,2.26077037,1.9274986537974683
GaussianProcessRegressor,all_ru_ahk_to_ru_aho_inner,All Ru-AHK (inner + outer) -> Ru-AHO inner,inner+outer,inner,All Ru-AHK,Delta learning,5,51,1.94448624,1.9274986537974683
GaussianProcessRegressor,all_ru_ahk_to_ru_aho_inner,All Ru-AHK (inner + outer) -> Ru-AHO inner,inner+outer,inner,All Ru-AHK,Delta learning,5,52,1.88185187,1.6839577864138995
GaussianProcessRegressor,all_ru_ahk_to_ru_aho_inner,All Ru-AHK (inner + outer) -> Ru-AHO inner,inner+outer,inner,All Ru-AHK,Delta learning,5,60,1.62929332,1.9274986537974683
GaussianProcessRegressor,all_ru_ahk_to_ru_aho_inner,All Ru-AHK (inner + outer) -> Ru-AHO inner,inner+outer,inner,All Ru-AHK,Delta learning,5,71,1.47016368,1.9274986537974683
GaussianProcessRegressor,all_ru_ahk_to_ru_aho_inner,All Ru-AHK (inner + outer) -> Ru-AHO inner,inner+outer,inner,All Ru-AHK,Delta learning,5,74,1.38325909,1.9274986537974683
GaussianProcessRegressor,all_ru_ahk_to_ru_aho_inner,All Ru-AHK (inner + outer) -> Ru-AHO inner,inner+outer,inner,All Ru-AHK,Delta learning,5,82,0.99242206,1.9274986537974683
GaussianProcessRegressor,all_ru_ahk_to_ru_aho_inner,All Ru-AHK (inner + outer) -> Ru-AHO inner,inner+outer,inner,All Ru-AHK,Delta learning,5,86,0.67501313,1.9274986537974683
GaussianProcessRegressor,all_ru_ahk_to_ru_aho_inner,All Ru-AHK (inner + outer) -> Ru-AHO inner,inner+outer,inner,All Ru-AHK,Delta learning,5,87,0.56782018,1.9274986537974683
GaussianProcessRegressor,all_ru_ahk_to_ru_aho_inner,All Ru-AHK (inner + outer) -> Ru-AHO inner,inner+outer,inner,All Ru-AHK,Delta learning,5,89,0.33293116,1.9274986537974683
GaussianProcessRegressor,all_ru_ahk_to_ru_aho_inner,All Ru-AHK (inner + outer) -> Ru-AHO inner,inner+outer,inner,All Ru-AHK,Delta learning,5,91,0.10866753,1.9274986537974683
GaussianProcessRegressor,all_ru_ahk_to_ru_aho_inner,All Ru-AHK (inner + outer) -> Ru-AHO inner,inner+outer,inner,All Ru-AHK,Delta learning,5,92,0.09139463,1.9274986537974683
KNeighborsRegressor,all_ru_ahk_to_ru_aho_inner,All Ru-AHK (inner + outer) -> Ru-AHO inner,inner+outer,inner,All Ru-AHK,Mixed transfer,1,0,4.50050002,2.287625804
KNeighborsRegressor,all_ru_ahk_to_ru_aho_inner,All Ru-AHK (inner + outer) -> Ru-AHO inner,inner+outer,inner,All Ru-AHK,Mixed transfer,1,4,3.13437597,2.906439812
KNeighborsRegressor,all_ru_ahk_to_ru_aho_inner,All Ru-AHK (inner + outer) -> Ru-AHO inner,inner+outer,inner,All Ru-AHK,Mixed transfer,1,10,2.89279432,2.287625804
KNeighborsRegressor,all_ru_ahk_to_ru_aho_inner,All Ru-AHK (inner + outer) -> Ru-AHO inner,inner+outer,inner,All Ru-AHK,Mixed transfer,1,12,2.72095293,2.287625804
KNeighborsRegressor,all_ru_ahk_to_ru_aho_inner,All Ru-AHK (inner + outer) -> Ru-AHO inner,inner+outer,inner,All Ru-AHK,Mixed transfer,1,18,2.72095293,2.6431429399999997
KNeighborsRegressor,all_ru_ahk_to_ru_aho_inner,All Ru-AHK (inner + outer) -> Ru-AHO inner,inner+outer,inner,All Ru-AHK,Mixed transfer,1,22,2.63729647,1.570892900357317
KNeighborsRegressor,all_ru_ahk_to_ru_aho_inner,All Ru-AHK (inner + outer) -> Ru-AHO inner,inner+outer,inner,All Ru-AHK,Mixed transfer,1,26,2.49268506,1.661275568
KNeighborsRegressor,all_ru_ahk_to_ru_aho_inner,All Ru-AHK (inner + outer) -> Ru-AHO inner,inner+outer,inner,All Ru-AHK,Mixed transfer,1,31,2.30450133,1.9991921259999998
KNeighborsRegressor,all_ru_ahk_to_ru_aho_inner,All Ru-AHK (inner + outer) -> Ru-AHO inner,inner+outer,inner,All Ru-AHK,Mixed transfer,1,40,2.13954868,2.1632240712458897
KNeighborsRegressor,all_ru_ahk_to_ru_aho_inner,All Ru-AHK (inner + outer) -> Ru-AHO inner,inner+outer,inner,All Ru-AHK,Mixed transfer,1,42,2.12255274,2.429707074
KNeighborsRegressor,all_ru_ahk_to_ru_aho_inner,All Ru-AHK (inner + outer) -> Ru-AHO inner,inner+outer,inner,All Ru-AHK,Mixed transfer,1,44,2.02174776,2.3416811936760302
KNeighborsRegressor,all_ru_ahk_to_ru_aho_inner,All Ru-AHK (inner + outer) -> Ru-AHO inner,inner+outer,inner,All Ru-AHK,Mixed transfer,1,47,1.97754867,1.7504830332932955
KNeighborsRegressor,all_ru_ahk_to_ru_aho_inner,All Ru-AHK (inner + outer) -> Ru-AHO inner,inner+outer,inner,All Ru-AHK,Mixed transfer,1,62,1.56906465,2.674983199607414
KNeighborsRegressor,all_ru_ahk_to_ru_aho_inner,All Ru-AHK (inner + outer) -> Ru-AHO inner,inner+outer,inner,All Ru-AHK,Mixed transfer,1,64,1.53168147,1.557394086
KNeighborsRegressor,all_ru_ahk_to_ru_aho_inner,All Ru-AHK (inner + outer) -> Ru-AHO inner,inner+outer,inner,All Ru-AHK,Mixed transfer,1,73,1.39055932,1.421812094
KNeighborsRegressor,all_ru_ahk_to_ru_aho_inner,All Ru-AHK (inner + outer) -> Ru-AHO inner,inner+outer,inner,All Ru-AHK,Mixed transfer,1,75,1.36999511,1.5067242320000003
KNeighborsRegressor,all_ru_ahk_to_ru_aho_inner,All Ru-AHK (inner + outer) -> Ru-AHO inner,inner+outer,inner,All Ru-AHK,Mixed transfer,1,81,1.00421655,1.421812094
KNeighborsRegressor,all_ru_ahk_to_ru_aho_inner,All Ru-AHK (inner + outer) -> Ru-AHO inner,inner+outer,inner,All Ru-AHK,Mixed transfer,1,83,0.83956097,0.86837628
KNeighborsRegressor,all_ru_ahk_to_ru_aho_inner,All Ru-AHK (inner + outer) -> Ru-AHO inner,inner+outer,inner,All Ru-AHK,Mixed transfer,1,90,0.19433377,1.0917762032007599
KNeighborsRegressor,all_ru_ahk_to_ru_aho_inner,All Ru-AHK (inner + outer) -> Ru-AHO inner,inner+outer,inner,All Ru-AHK,Mixed transfer,1,94,0.04739647,0.934155758
KNeighborsRegressor,all_ru_ahk_to_ru_aho_inner,All Ru-AHK (inner + outer) -> Ru-AHO inner,inner+outer,inner,All Ru-AHK,Delta learning,1,0,4.50050002,2.352069398
KNeighborsRegressor,all_ru_ahk_to_ru_aho_inner,All Ru-AHK (inner + outer) -> Ru-AHO inner,inner+outer,inner,All Ru-AHK,Delta learning,1,4,3.13437597,2.906439812
KNeighborsRegressor,all_ru_ahk_to_ru_aho_inner,All Ru-AHK (inner + outer) -> Ru-AHO inner,inner+outer,inner,All Ru-AHK,Delta learning,1,10,2.89279432,2.352069398
KNeighborsRegressor,all_ru_ahk_to_ru_aho_inner,All Ru-AHK (inner + outer) -> Ru-AHO inner,inner+outer,inner,All Ru-AHK,Delta learning,1,12,2.72095293,2.352069398
KNeighborsRegressor,all_ru_ahk_to_ru_aho_inner,All Ru-AHK (inner + outer) -> Ru-AHO inner,inner+outer,inner,All Ru-AHK,Delta learning,1,18,2.72095293,2.64314294
KNeighborsRegressor,all_ru_ahk_to_ru_aho_inner,All Ru-AHK (inner + outer) -> Ru-AHO inner,inner+outer,inner,All Ru-AHK,Delta learning,1,22,2.63729647,1.6306775293833926
KNeighborsRegressor,all_ru_ahk_to_ru_aho_inner,All Ru-AHK (inner + outer) -> Ru-AHO inner,inner+outer,inner,All Ru-AHK,Delta learning,1,26,2.49268506,1.6612755679999998
KNeighborsRegressor,all_ru_ahk_to_ru_aho_inner,All Ru-AHK (inner + outer) -> Ru-AHO inner,inner+outer,inner,All Ru-AHK,Delta learning,1,31,2.30450133,1.9084331100128373
KNeighborsRegressor,all_ru_ahk_to_ru_aho_inner,All Ru-AHK (inner + outer) -> Ru-AHO inner,inner+outer,inner,All Ru-AHK,Delta learning,1,40,2.13954868,2.4444538037238717
KNeighborsRegressor,all_ru_ahk_to_ru_aho_inner,All Ru-AHK (inner + outer) -> Ru-AHO inner,inner+outer,inner,All Ru-AHK,Delta learning,1,42,2.12255274,2.429707074
KNeighborsRegressor,all_ru_ahk_to_ru_aho_inner,All Ru-AHK (inner + outer) -> Ru-AHO inner,inner+outer,inner,All Ru-AHK,Delta learning,1,44,2.02174776,2.3051396238683797
KNeighborsRegressor,all_ru_ahk_to_ru_aho_inner,All Ru-AHK (inner + outer) -> Ru-AHO inner,inner+outer,inner,All Ru-AHK,Delta learning,1,47,1.97754867,1.0170175151079568
KNeighborsRegressor,all_ru_ahk_to_ru_aho_inner,All Ru-AHK (inner + outer) -> Ru-AHO inner,inner+outer,inner,All Ru-AHK,Delta learning,1,62,1.56906465,2.3051396238683797
KNeighborsRegressor,all_ru_ahk_to_ru_aho_inner,All Ru-AHK (inner + outer) -> Ru-AHO inner,inner+outer,inner,All Ru-AHK,Delta learning,1,64,1.53168147,1.531342185673042
KNeighborsRegressor,all_ru_ahk_to_ru_aho_inner,All Ru-AHK (inner + outer) -> Ru-AHO inner,inner+outer,inner,All Ru-AHK,Delta learning,1,73,1.39055932,1.4069224158799138
KNeighborsRegressor,all_ru_ahk_to_ru_aho_inner,All Ru-AHK (inner + outer) -> Ru-AHO inner,inner+outer,inner,All Ru-AHK,Delta learning,1,75,1.36999511,1.344101537002361
KNeighborsRegressor,all_ru_ahk_to_ru_aho_inner,All Ru-AHK (inner + outer) -> Ru-AHO inner,inner+outer,inner,All Ru-AHK,Delta learning,1,81,1.00421655,1.667694966392603
KNeighborsRegressor,all_ru_ahk_to_ru_aho_inner,All Ru-AHK (inner + outer) -> Ru-AHO inner,inner+outer,inner,All Ru-AHK,Delta learning,1,83,0.83956097,1.3897851530474095
KNeighborsRegressor,all_ru_ahk_to_ru_aho_inner,All Ru-AHK (inner + outer) -> Ru-AHO inner,inner+outer,inner,All Ru-AHK,Delta learning,1,90,0.19433377,0.8058640744042123
KNeighborsRegressor,all_ru_ahk_to_ru_aho_inner,All Ru-AHK (inner + outer) -> Ru-AHO inner,inner+outer,inner,All Ru-AHK,Delta learning,1,94,0.04739647,1.2455498969511747
KNeighborsRegressor,all_ru_ahk_to_ru_aho_inner,All Ru-AHK (inner + outer) -> Ru-AHO inner,inner+outer,inner,All Ru-AHK,Mixed transfer,2,5,3.13437597,2.048537776
KNeighborsRegressor,all_ru_ahk_to_ru_aho_inner,All Ru-AHK (inner + outer) -> Ru-AHO inner,inner+outer,inner,All Ru-AHK,Mixed transfer,2,9,3.13437597,2.8332750239999998
KNeighborsRegressor,all_ru_ahk_to_ru_aho_inner,All Ru-AHK (inner + outer) -> Ru-AHO inner,inner+outer,inner,All Ru-AHK,Mixed transfer,2,11,2.81808334,2.388843052
KNeighborsRegressor,all_ru_ahk_to_ru_aho_inner,All Ru-AHK (inner + outer) -> Ru-AHO inner,inner+outer,inner,All Ru-AHK,Mixed transfer,2,15,2.72095293,2.544173800242734
KNeighborsRegressor,all_ru_ahk_to_ru_aho_inner,All Ru-AHK (inner + outer) -> Ru-AHO inner,inner+outer,inner,All Ru-AHK,Mixed transfer,2,16,2.72095293,2.703050086
KNeighborsRegressor,all_ru_ahk_to_ru_aho_inner,All Ru-AHK (inner + outer) -> Ru-AHO inner,inner+outer,inner,All Ru-AHK,Mixed transfer,2,28,2.47786275,2.5300266060000003
KNeighborsRegressor,all_ru_ahk_to_ru_aho_inner,All Ru-AHK (inner + outer) -> Ru-AHO inner,inner+outer,inner,All Ru-AHK,Mixed transfer,2,30,2.3515711,3.21554449599412
KNeighborsRegressor,all_ru_ahk_to_ru_aho_inner,All Ru-AHK (inner + outer) -> Ru-AHO inner,inner+outer,inner,All Ru-AHK,Mixed transfer,2,33,2.30450133,2.388843052
KNeighborsRegressor,all_ru_ahk_to_ru_aho_inner,All Ru-AHK (inner + outer) -> Ru-AHO inner,inner+outer,inner,All Ru-AHK,Mixed transfer,2,35,2.30450133,2.586236564
KNeighborsRegressor,all_ru_ahk_to_ru_aho_inner,All Ru-AHK (inner + outer) -> Ru-AHO inner,inner+outer,inner,All Ru-AHK,Mixed transfer,2,39,2.16934032,1.8667485591213668
KNeighborsRegressor,all_ru_ahk_to_ru_aho_inner,All Ru-AHK (inner + outer) -> Ru-AHO inner,inner+outer,inner,All Ru-AHK,Mixed transfer,2,45,2.01889808,1.9080573779999999
KNeighborsRegressor,all_ru_ahk_to_ru_aho_inner,All Ru-AHK (inner + outer) -> Ru-AHO inner,inner+outer,inner,All Ru-AHK,Mixed transfer,2,49,1.9607788,2.512911365319317
KNeighborsRegressor,all_ru_ahk_to_ru_aho_inner,All Ru-AHK (inner + outer) -> Ru-AHO inner,inner+outer,inner,All Ru-AHK,Mixed transfer,2,65,1.53168147,1.3130138759999999
KNeighborsRegressor,all_ru_ahk_to_ru_aho_inner,All Ru-AHK (inner + outer) -> Ru-AHO inner,inner+outer,inner,All Ru-AHK,Mixed transfer,2,68,1.49260764,1.861291052
KNeighborsRegressor,all_ru_ahk_to_ru_aho_inner,All Ru-AHK (inner + outer) -> Ru-AHO inner,inner+outer,inner,All Ru-AHK,Mixed transfer,2,69,1.48763592,1.8667485591213668
KNeighborsRegressor,all_ru_ahk_to_ru_aho_inner,All Ru-AHK (inner + outer) -> Ru-AHO inner,inner+outer,inner,All Ru-AHK,Mixed transfer,2,70,1.47570337,1.8508520932932957
KNeighborsRegressor,all_ru_ahk_to_ru_aho_inner,All Ru-AHK (inner + outer) -> Ru-AHO inner,inner+outer,inner,All Ru-AHK,Mixed transfer,2,72,1.40708549,1.3130138759999999
KNeighborsRegressor,all_ru_ahk_to_ru_aho_inner,All Ru-AHK (inner + outer) -> Ru-AHO inner,inner+outer,inner,All Ru-AHK,Mixed transfer,2,80,1.31904107,1.42079807
KNeighborsRegressor,all_ru_ahk_to_ru_aho_inner,All Ru-AHK (inner + outer) -> Ru-AHO inner,inner+outer,inner,All Ru-AHK,Mixed transfer,2,88,0.39647984,1.630866314
KNeighborsRegressor,all_ru_ahk_to_ru_aho_inner,All Ru-AHK (inner + outer) -> Ru-AHO inner,inner+outer,inner,All Ru-AHK,Mixed transfer,2,93,0.04819171,1.1210046152007598
KNeighborsRegressor,all_ru_ahk_to_ru_aho_inner,All Ru-AHK (inner + outer) -> Ru-AHO inner,inner+outer,inner,All Ru-AHK,Delta learning,2,5,3.13437597,2.1553370536845464
KNeighborsRegressor,all_ru_ahk_to_ru_aho_inner,All Ru-AHK (inner + outer) -> Ru-AHO inner,inner+outer,inner,All Ru-AHK,Delta learning,2,9,3.13437597,2.8332750239999998
KNeighborsRegressor,all_ru_ahk_to_ru_aho_inner,All Ru-AHK (inner + outer) -> Ru-AHO inner,inner+outer,inner,All Ru-AHK,Delta learning,2,11,2.81808334,2.388843052
KNeighborsRegressor,all_ru_ahk_to_ru_aho_inner,All Ru-AHK (inner + outer) -> Ru-AHO inner,inner+outer,inner,All Ru-AHK,Delta learning,2,15,2.72095293,2.3056006720492936
KNeighborsRegressor,all_ru_ahk_to_ru_aho_inner,All Ru-AHK (inner + outer) -> Ru-AHO inner,inner+outer,inner,All Ru-AHK,Delta learning,2,16,2.72095293,2.703050086
KNeighborsRegressor,all_ru_ahk_to_ru_aho_inner,All Ru-AHK (inner + outer) -> Ru-AHO inner,inner+outer,inner,All Ru-AHK,Delta learning,2,28,2.47786275,2.5300266060000003
KNeighborsRegressor,all_ru_ahk_to_ru_aho_inner,All Ru-AHK (inner + outer) -> Ru-AHO inner,inner+outer,inner,All Ru-AHK,Delta learning,2,30,2.3515711,3.000129338829802
KNeighborsRegressor,all_ru_ahk_to_ru_aho_inner,All Ru-AHK (inner + outer) -> Ru-AHO inner,inner+outer,inner,All Ru-AHK,Delta learning,2,33,2.30450133,2.750590416
KNeighborsRegressor,all_ru_ahk_to_ru_aho_inner,All Ru-AHK (inner + outer) -> Ru-AHO inner,inner+outer,inner,All Ru-AHK,Delta learning,2,35,2.30450133,2.388843052
KNeighborsRegressor,all_ru_ahk_to_ru_aho_inner,All Ru-AHK (inner + outer) -> Ru-AHO inner,inner+outer,inner,All Ru-AHK,Delta learning,2,39,2.16934032,1.8108202779035765
KNeighborsRegressor,all_ru_ahk_to_ru_aho_inner,All Ru-AHK (inner + outer) -> Ru-AHO inner,inner+outer,inner,All Ru-AHK,Delta learning,2,45,2.01889808,1.9439153918727043
KNeighborsRegressor,all_ru_ahk_to_ru_aho_inner,All Ru-AHK (inner + outer) -> Ru-AHO inner,inner+outer,inner,All Ru-AHK,Delta learning,2,49,1.9607788,0.4111162010697602
KNeighborsRegressor,all_ru_ahk_to_ru_aho_inner,All Ru-AHK (inner + outer) -> Ru-AHO inner,inner+outer,inner,All Ru-AHK,Delta learning,2,65,1.53168147,1.2491877977773758
KNeighborsRegressor,all_ru_ahk_to_ru_aho_inner,All Ru-AHK (inner + outer) -> Ru-AHO inner,inner+outer,inner,All Ru-AHK,Delta learning,2,68,1.49260764,1.861291052
KNeighborsRegressor,all_ru_ahk_to_ru_aho_inner,All Ru-AHK (inner + outer) -> Ru-AHO inner,inner+outer,inner,All Ru-AHK,Delta learning,2,69,1.48763592,1.9107050538233379
KNeighborsRegressor,all_ru_ahk_to_ru_aho_inner,All Ru-AHK (inner + outer) -> Ru-AHO inner,inner+outer,inner,All Ru-AHK,Delta learning,2,70,1.47570337,1.2746200008508286
KNeighborsRegressor,all_ru_ahk_to_ru_aho_inner,All Ru-AHK (inner + outer) -> Ru-AHO inner,inner+outer,inner,All Ru-AHK,Delta learning,2,72,1.40708549,1.2491877977773758
KNeighborsRegressor,all_ru_ahk_to_ru_aho_inner,All Ru-AHK (inner + outer) -> Ru-AHO inner,inner+outer,inner,All Ru-AHK,Delta learning,2,80,1.31904107,1.734604771583865
KNeighborsRegressor,all_ru_ahk_to_ru_aho_inner,All Ru-AHK (inner + outer) -> Ru-AHO inner,inner+outer,inner,All Ru-AHK,Delta learning,2,88,0.39647984,1.375337951265033
KNeighborsRegressor,all_ru_ahk_to_ru_aho_inner,All Ru-AHK (inner + outer) -> Ru-AHO inner,inner+outer,inner,All Ru-AHK,Delta learning,2,93,0.04819171,0.8781481766428121
KNeighborsRegressor,all_ru_ahk_to_ru_aho_inner,All Ru-AHK (inner + outer) -> Ru-AHO inner,inner+outer,inner,All Ru-AHK,Mixed transfer,3,3,3.67873076,2.3308167600000003
KNeighborsRegressor,all_ru_ahk_to_ru_aho_inner,All Ru-AHK (inner + outer) -> Ru-AHO inner,inner+outer,inner,All Ru-AHK,Mixed transfer,3,6,3.13437597,0.804266682
KNeighborsRegressor,all_ru_ahk_to_ru_aho_inner,All Ru-AHK (inner + outer) -> Ru-AHO inner,inner+outer,inner,All Ru-AHK,Mixed transfer,3,7,3.13437597,0.804266682
KNeighborsRegressor,all_ru_ahk_to_ru_aho_inner,All Ru-AHK (inner + outer) -> Ru-AHO inner,inner+outer,inner,All Ru-AHK,Mixed transfer,3,8,3.13437597,0.804266682
KNeighborsRegressor,all_ru_ahk_to_ru_aho_inner,All Ru-AHK (inner + outer) -> Ru-AHO inner,inner+outer,inner,All Ru-AHK,Mixed transfer,3,13,2.72095293,2.41410708
KNeighborsRegressor,all_ru_ahk_to_ru_aho_inner,All Ru-AHK (inner + outer) -> Ru-AHO inner,inner+outer,inner,All Ru-AHK,Mixed transfer,3,17,2.72095293,2.41410708
KNeighborsRegressor,all_ru_ahk_to_ru_aho_inner,All Ru-AHK (inner + outer) -> Ru-AHO inner,inner+outer,inner,All Ru-AHK,Mixed transfer,3,19,2.72095293,2.41410708
KNeighborsRegressor,all_ru_ahk_to_ru_aho_inner,All Ru-AHK (inner + outer) -> Ru-AHO inner,inner+outer,inner,All Ru-AHK,Mixed transfer,3,24,2.49823771,2.7153702605296273
KNeighborsRegressor,all_ru_ahk_to_ru_aho_inner,All Ru-AHK (inner + outer) -> Ru-AHO inner,inner+outer,inner,All Ru-AHK,Mixed transfer,3,25,2.49823771,2.6266010559999997
KNeighborsRegressor,all_ru_ahk_to_ru_aho_inner,All Ru-AHK (inner + outer) -> Ru-AHO inner,inner+outer,inner,All Ru-AHK,Mixed transfer,3,27,2.47786275,3.047670394
KNeighborsRegressor,all_ru_ahk_to_ru_aho_inner,All Ru-AHK (inner + outer) -> Ru-AHO inner,inner+outer,inner,All Ru-AHK,Mixed transfer,3,34,2.30450133,2.41410708
KNeighborsRegressor,all_ru_ahk_to_ru_aho_inner,All Ru-AHK (inner + outer) -> Ru-AHO inner,inner+outer,inner,All Ru-AHK,Mixed transfer,3,36,2.28957767,2.607971766
KNeighborsRegressor,all_ru_ahk_to_ru_aho_inner,All Ru-AHK (inner + outer) -> Ru-AHO inner,inner+outer,inner,All Ru-AHK,Mixed transfer,3,38,2.20688949,2.1329240080227883
KNeighborsRegressor,all_ru_ahk_to_ru_aho_inner,All Ru-AHK (inner + outer) -> Ru-AHO inner,inner+outer,inner,All Ru-AHK,Mixed transfer,3,53,1.84440958,2.3145913856760303
KNeighborsRegressor,all_ru_ahk_to_ru_aho_inner,All Ru-AHK (inner + outer) -> Ru-AHO inner,inner+outer,inner,All Ru-AHK,Mixed transfer,3,55,1.80901573,2.0982892459999998
KNeighborsRegressor,all_ru_ahk_to_ru_aho_inner,All Ru-AHK (inner + outer) -> Ru-AHO inner,inner+outer,inner,All Ru-AHK,Mixed transfer,3,56,1.73731552,2.607971766
KNeighborsRegressor,all_ru_ahk_to_ru_aho_inner,All Ru-AHK (inner + outer) -> Ru-AHO inner,inner+outer,inner,All Ru-AHK,Mixed transfer,3,76,1.36999511,0.6112595519999999
KNeighborsRegressor,all_ru_ahk_to_ru_aho_inner,All Ru-AHK (inner + outer) -> Ru-AHO inner,inner+outer,inner,All Ru-AHK,Mixed transfer,3,78,1.35390456,1.509942342
KNeighborsRegressor,all_ru_ahk_to_ru_aho_inner,All Ru-AHK (inner + outer) -> Ru-AHO inner,inner+outer,inner,All Ru-AHK,Mixed transfer,3,79,1.33471728,1.47971782
KNeighborsRegressor,all_ru_ahk_to_ru_aho_inner,All Ru-AHK (inner + outer) -> Ru-AHO inner,inner+outer,inner,All Ru-AHK,Mixed transfer,3,85,0.80254597,0.6112595519999999
KNeighborsRegressor,all_ru_ahk_to_ru_aho_inner,All Ru-AHK (inner + outer) -> Ru-AHO inner,inner+outer,inner,All Ru-AHK,Delta learning,3,3,3.67873076,2.33081676
KNeighborsRegressor,all_ru_ahk_to_ru_aho_inner,All Ru-AHK (inner + outer) -> Ru-AHO inner,inner+outer,inner,All Ru-AHK,Delta learning,3,6,3.13437597,1.3381372468589976
KNeighborsRegressor,all_ru_ahk_to_ru_aho_inner,All Ru-AHK (inner + outer) -> Ru-AHO inner,inner+outer,inner,All Ru-AHK,Delta learning,3,7,3.13437597,1.1145657932643172
KNeighborsRegressor,all_ru_ahk_to_ru_aho_inner,All Ru-AHK (inner + outer) -> Ru-AHO inner,inner+outer,inner,All Ru-AHK,Delta learning,3,8,3.13437597,1.1145657932643172
KNeighborsRegressor,all_ru_ahk_to_ru_aho_inner,All Ru-AHK (inner + outer) -> Ru-AHO inner,inner+outer,inner,All Ru-AHK,Delta learning,3,13,2.72095293,2.41410708
KNeighborsRegressor,all_ru_ahk_to_ru_aho_inner,All Ru-AHK (inner + outer) -> Ru-AHO inner,inner+outer,inner,All Ru-AHK,Delta learning,3,17,2.72095293,2.41410708
KNeighborsRegressor,all_ru_ahk_to_ru_aho_inner,All Ru-AHK (inner + outer) -> Ru-AHO inner,inner+outer,inner,All Ru-AHK,Delta learning,3,19,2.72095293,2.41410708
KNeighborsRegressor,all_ru_ahk_to_ru_aho_inner,All Ru-AHK (inner + outer) -> Ru-AHO inner,inner+outer,inner,All Ru-AHK,Delta learning,3,24,2.49823771,2.9170013044419583
KNeighborsRegressor,all_ru_ahk_to_ru_aho_inner,All Ru-AHK (inner + outer) -> Ru-AHO inner,inner+outer,inner,All Ru-AHK,Delta learning,3,25,2.49823771,2.502042997673941
KNeighborsRegressor,all_ru_ahk_to_ru_aho_inner,All Ru-AHK (inner + outer) -> Ru-AHO inner,inner+outer,inner,All Ru-AHK,Delta learning,3,27,2.47786275,3.047670394
KNeighborsRegressor,all_ru_ahk_to_ru_aho_inner,All Ru-AHK (inner + outer) -> Ru-AHO inner,inner+outer,inner,All Ru-AHK,Delta learning,3,34,2.30450133,2.41410708
KNeighborsRegressor,all_ru_ahk_to_ru_aho_inner,All Ru-AHK (inner + outer) -> Ru-AHO inner,inner+outer,inner,All Ru-AHK,Delta learning,3,36,2.28957767,2.607971766
KNeighborsRegressor,all_ru_ahk_to_ru_aho_inner,All Ru-AHK (inner + outer) -> Ru-AHO inner,inner+outer,inner,All Ru-AHK,Delta learning,3,38,2.20688949,1.7826651085483782
KNeighborsRegressor,all_ru_ahk_to_ru_aho_inner,All Ru-AHK (inner + outer) -> Ru-AHO inner,inner+outer,inner,All Ru-AHK,Delta learning,3,53,1.84440958,2.343879387954945
KNeighborsRegressor,all_ru_ahk_to_ru_aho_inner,All Ru-AHK (inner + outer) -> Ru-AHO inner,inner+outer,inner,All Ru-AHK,Delta learning,3,55,1.80901573,2.0891372446774703
KNeighborsRegressor,all_ru_ahk_to_ru_aho_inner,All Ru-AHK (inner + outer) -> Ru-AHO inner,inner+outer,inner,All Ru-AHK,Delta learning,3,56,1.73731552,2.607971766
KNeighborsRegressor,all_ru_ahk_to_ru_aho_inner,All Ru-AHK (inner + outer) -> Ru-AHO inner,inner+outer,inner,All Ru-AHK,Delta learning,3,76,1.36999511,1.5481741465858598
KNeighborsRegressor,all_ru_ahk_to_ru_aho_inner,All Ru-AHK (inner + outer) -> Ru-AHO inner,inner+outer,inner,All Ru-AHK,Delta learning,3,78,1.35390456,1.0453233680701932
KNeighborsRegressor,all_ru_ahk_to_ru_aho_inner,All Ru-AHK (inner + outer) -> Ru-AHO inner,inner+outer,inner,All Ru-AHK,Delta learning,3,79,1.33471728,1.7450443732955043
KNeighborsRegressor,all_ru_ahk_to_ru_aho_inner,All Ru-AHK (inner + outer) -> Ru-AHO inner,inner+outer,inner,All Ru-AHK,Delta learning,3,85,0.80254597,1.5481741465858598
KNeighborsRegressor,all_ru_ahk_to_ru_aho_inner,All Ru-AHK (inner + outer) -> Ru-AHO inner,inner+outer,inner,All Ru-AHK,Mixed transfer,4,32,2.30450133,2.731405950529627
KNeighborsRegressor,all_ru_ahk_to_ru_aho_inner,All Ru-AHK (inner + outer) -> Ru-AHO inner,inner+outer,inner,All Ru-AHK,Mixed transfer,4,41,2.13444943,1.7191028812932956
KNeighborsRegressor,all_ru_ahk_to_ru_aho_inner,All Ru-AHK (inner + outer) -> Ru-AHO inner,inner+outer,inner,All Ru-AHK,Mixed transfer,4,43,2.11117069,1.6526538679999998
KNeighborsRegressor,all_ru_ahk_to_ru_aho_inner,All Ru-AHK (inner + outer) -> Ru-AHO inner,inner+outer,inner,All Ru-AHK,Mixed transfer,4,46,2.00941149,2.550577422
KNeighborsRegressor,all_ru_ahk_to_ru_aho_inner,All Ru-AHK (inner + outer) -> Ru-AHO inner,inner+outer,inner,All Ru-AHK,Mixed transfer,4,48,1.96551622,1.9938180680000002
KNeighborsRegressor,all_ru_ahk_to_ru_aho_inner,All Ru-AHK (inner + outer) -> Ru-AHO inner,inner+outer,inner,All Ru-AHK,Mixed transfer,4,50,1.95650617,1.6526538679999998
KNeighborsRegressor,all_ru_ahk_to_ru_aho_inner,All Ru-AHK (inner + outer) -> Ru-AHO inner,inner+outer,inner,All Ru-AHK,Mixed transfer,4,54,1.80901573,2.098289246
KNeighborsRegressor,all_ru_ahk_to_ru_aho_inner,All Ru-AHK (inner + outer) -> Ru-AHO inner,inner+outer,inner,All Ru-AHK,Mixed transfer,4,57,1.68395754,1.9938356673316804
KNeighborsRegressor,all_ru_ahk_to_ru_aho_inner,All Ru-AHK (inner + outer) -> Ru-AHO inner,inner+outer,inner,All Ru-AHK,Mixed transfer,4,58,1.66417952,1.423260828
KNeighborsRegressor,all_ru_ahk_to_ru_aho_inner,All Ru-AHK (inner + outer) -> Ru-AHO inner,inner+outer,inner,All Ru-AHK,Mixed transfer,4,59,1.62929332,1.8977040397655607
KNeighborsRegressor,all_ru_ahk_to_ru_aho_inner,All Ru-AHK (inner + outer) -> Ru-AHO inner,inner+outer,inner,All Ru-AHK,Mixed transfer,4,61,1.57873877,1.4514852580000004
KNeighborsRegressor,all_ru_ahk_to_ru_aho_inner,All Ru-AHK (inner + outer) -> Ru-AHO inner,inner+outer,inner,All Ru-AHK,Mixed transfer,4,63,1.56019653,1.423260828
KNeighborsRegressor,all_ru_ahk_to_ru_aho_inner,All Ru-AHK (inner + outer) -> Ru-AHO inner,inner+outer,inner,All Ru-AHK,Mixed transfer,4,66,1.51369193,1.423260828
KNeighborsRegressor,all_ru_ahk_to_ru_aho_inner,All Ru-AHK (inner + outer) -> Ru-AHO inner,inner+outer,inner,All Ru-AHK,Mixed transfer,4,67,1.51369193,1.265192978
KNeighborsRegressor,all_ru_ahk_to_ru_aho_inner,All Ru-AHK (inner + outer) -> Ru-AHO inner,inner+outer,inner,All Ru-AHK,Mixed transfer,4,77,1.36283425,1.6526538679999998
KNeighborsRegressor,all_ru_ahk_to_ru_aho_inner,All Ru-AHK (inner + outer) -> Ru-AHO inner,inner+outer,inner,All Ru-AHK,Mixed transfer,4,84,0.80438248,1.8012833810782893
KNeighborsRegressor,all_ru_ahk_to_ru_aho_inner,All Ru-AHK (inner + outer) -> Ru-AHO inner,inner+outer,inner,All Ru-AHK,Mixed transfer,4,95,0.0120419,1.1282345772007598
KNeighborsRegressor,all_ru_ahk_to_ru_aho_inner,All Ru-AHK (inner + outer) -> Ru-AHO inner,inner+outer,inner,All Ru-AHK,Mixed transfer,4,96,0.0,1.045767768
KNeighborsRegressor,all_ru_ahk_to_ru_aho_inner,All Ru-AHK (inner + outer) -> Ru-AHO inner,inner+outer,inner,All Ru-AHK,Mixed transfer,4,97,0.0,1.045767768
KNeighborsRegressor,all_ru_ahk_to_ru_aho_inner,All Ru-AHK (inner + outer) -> Ru-AHO inner,inner+outer,inner,All Ru-AHK,Delta learning,4,32,2.30450133,2.877742791418139
KNeighborsRegressor,all_ru_ahk_to_ru_aho_inner,All Ru-AHK (inner + outer) -> Ru-AHO inner,inner+outer,inner,All Ru-AHK,Delta learning,4,41,2.13444943,0.9138094701075206
KNeighborsRegressor,all_ru_ahk_to_ru_aho_inner,All Ru-AHK (inner + outer) -> Ru-AHO inner,inner+outer,inner,All Ru-AHK,Delta learning,4,43,2.11117069,1.7159512122719403
KNeighborsRegressor,all_ru_ahk_to_ru_aho_inner,All Ru-AHK (inner + outer) -> Ru-AHO inner,inner+outer,inner,All Ru-AHK,Delta learning,4,46,2.00941149,2.550577422
KNeighborsRegressor,all_ru_ahk_to_ru_aho_inner,All Ru-AHK (inner + outer) -> Ru-AHO inner,inner+outer,inner,All Ru-AHK,Delta learning,4,48,1.96551622,0.8914655051146251
KNeighborsRegressor,all_ru_ahk_to_ru_aho_inner,All Ru-AHK (inner + outer) -> Ru-AHO inner,inner+outer,inner,All Ru-AHK,Delta learning,4,50,1.95650617,1.7159512122719403
KNeighborsRegressor,all_ru_ahk_to_ru_aho_inner,All Ru-AHK (inner + outer) -> Ru-AHO inner,inner+outer,inner,All Ru-AHK,Delta learning,4,54,1.80901573,2.0075302300128373
KNeighborsRegressor,all_ru_ahk_to_ru_aho_inner,All Ru-AHK (inner + outer) -> Ru-AHO inner,inner+outer,inner,All Ru-AHK,Delta learning,4,57,1.68395754,2.156763793125467
KNeighborsRegressor,all_ru_ahk_to_ru_aho_inner,All Ru-AHK (inner + outer) -> Ru-AHO inner,inner+outer,inner,All Ru-AHK,Delta learning,4,58,1.66417952,0.6328115202362321
KNeighborsRegressor,all_ru_ahk_to_ru_aho_inner,All Ru-AHK (inner + outer) -> Ru-AHO inner,inner+outer,inner,All Ru-AHK,Delta learning,4,59,1.62929332,1.6203316583354388
KNeighborsRegressor,all_ru_ahk_to_ru_aho_inner,All Ru-AHK (inner + outer) -> Ru-AHO inner,inner+outer,inner,All Ru-AHK,Delta learning,4,61,1.57873877,1.3507391249188467
KNeighborsRegressor,all_ru_ahk_to_ru_aho_inner,All Ru-AHK (inner + outer) -> Ru-AHO inner,inner+outer,inner,All Ru-AHK,Delta learning,4,63,1.56019653,1.3474338909188466
KNeighborsRegressor,all_ru_ahk_to_ru_aho_inner,All Ru-AHK (inner + outer) -> Ru-AHO inner,inner+outer,inner,All Ru-AHK,Delta learning,4,66,1.51369193,1.422728092267312
KNeighborsRegressor,all_ru_ahk_to_ru_aho_inner,All Ru-AHK (inner + outer) -> Ru-AHO inner,inner+outer,inner,All Ru-AHK,Delta learning,4,67,1.51369193,1.1608839577949241
KNeighborsRegressor,all_ru_ahk_to_ru_aho_inner,All Ru-AHK (inner + outer) -> Ru-AHO inner,inner+outer,inner,All Ru-AHK,Delta learning,4,77,1.36283425,1.7159512122719403
KNeighborsRegressor,all_ru_ahk_to_ru_aho_inner,All Ru-AHK (inner + outer) -> Ru-AHO inner,inner+outer,inner,All Ru-AHK,Delta learning,4,84,0.80438248,1.2612992530337255
KNeighborsRegressor,all_ru_ahk_to_ru_aho_inner,All Ru-AHK (inner + outer) -> Ru-AHO inner,inner+outer,inner,All Ru-AHK,Delta learning,4,95,0.0120419,0.8135502456423762
KNeighborsRegressor,all_ru_ahk_to_ru_aho_inner,All Ru-AHK (inner + outer) -> Ru-AHO inner,inner+outer,inner,All Ru-AHK,Delta learning,4,96,0.0,0.5309994828242757
KNeighborsRegressor,all_ru_ahk_to_ru_aho_inner,All Ru-AHK (inner + outer) -> Ru-AHO inner,inner+outer,inner,All Ru-AHK,Delta learning,4,97,0.0,0.9808635032246995
KNeighborsRegressor,all_ru_ahk_to_ru_aho_inner,All Ru-AHK (inner + outer) -> Ru-AHO inner,inner+outer,inner,All Ru-AHK,Mixed transfer,5,1,4.50050002,2.9057482279999998
KNeighborsRegressor,all_ru_ahk_to_ru_aho_inner,All Ru-AHK (inner + outer) -> Ru-AHO inner,inner+outer,inner,All Ru-AHK,Mixed transfer,5,2,3.84937533,2.9057482279999998
KNeighborsRegressor,all_ru_ahk_to_ru_aho_inner,All Ru-AHK (inner + outer) -> Ru-AHO inner,inner+outer,inner,All Ru-AHK,Mixed transfer,5,14,2.72095293,2.514780404
KNeighborsRegressor,all_ru_ahk_to_ru_aho_inner,All Ru-AHK (inner + outer) -> Ru-AHO inner,inner+outer,inner,All Ru-AHK,Mixed transfer,5,20,2.72095293,2.5404265379999997
KNeighborsRegressor,all_ru_ahk_to_ru_aho_inner,All Ru-AHK (inner + outer) -> Ru-AHO inner,inner+outer,inner,All Ru-AHK,Mixed transfer,5,21,2.6917632,2.43571152
KNeighborsRegressor,all_ru_ahk_to_ru_aho_inner,All Ru-AHK (inner + outer) -> Ru-AHO inner,inner+outer,inner,All Ru-AHK,Mixed transfer,5,23,2.61179564,2.3526386360000004
KNeighborsRegressor,all_ru_ahk_to_ru_aho_inner,All Ru-AHK (inner + outer) -> Ru-AHO inner,inner+outer,inner,All Ru-AHK,Mixed transfer,5,29,2.47786275,2.71512361
KNeighborsRegressor,all_ru_ahk_to_ru_aho_inner,All Ru-AHK (inner + outer) -> Ru-AHO inner,inner+outer,inner,All Ru-AHK,Mixed transfer,5,37,2.26077037,2.122147832022788
KNeighborsRegressor,all_ru_ahk_to_ru_aho_inner,All Ru-AHK (inner + outer) -> Ru-AHO inner,inner+outer,inner,All Ru-AHK,Mixed transfer,5,51,1.94448624,1.6460457190486992
KNeighborsRegressor,all_ru_ahk_to_ru_aho_inner,All Ru-AHK (inner + outer) -> Ru-AHO inner,inner+outer,inner,All Ru-AHK,Mixed transfer,5,52,1.88185187,1.7496945699999997
KNeighborsRegressor,all_ru_ahk_to_ru_aho_inner,All Ru-AHK (inner + outer) -> Ru-AHO inner,inner+outer,inner,All Ru-AHK,Mixed transfer,5,60,1.62929332,2.43571152
KNeighborsRegressor,all_ru_ahk_to_ru_aho_inner,All Ru-AHK (inner + outer) -> Ru-AHO inner,inner+outer,inner,All Ru-AHK,Mixed transfer,5,71,1.47016368,1.486690518
KNeighborsRegressor,all_ru_ahk_to_ru_aho_inner,All Ru-AHK (inner + outer) -> Ru-AHO inner,inner+outer,inner,All Ru-AHK,Mixed transfer,5,74,1.38325909,1.883160762
KNeighborsRegressor,all_ru_ahk_to_ru_aho_inner,All Ru-AHK (inner + outer) -> Ru-AHO inner,inner+outer,inner,All Ru-AHK,Mixed transfer,5,82,0.99242206,1.369446952
KNeighborsRegressor,all_ru_ahk_to_ru_aho_inner,All Ru-AHK (inner + outer) -> Ru-AHO inner,inner+outer,inner,All Ru-AHK,Mixed transfer,5,86,0.67501313,1.1051909877263426
KNeighborsRegressor,all_ru_ahk_to_ru_aho_inner,All Ru-AHK (inner + outer) -> Ru-AHO inner,inner+outer,inner,All Ru-AHK,Mixed transfer,5,87,0.56782018,1.9543634508318575
KNeighborsRegressor,all_ru_ahk_to_ru_aho_inner,All Ru-AHK (inner + outer) -> Ru-AHO inner,inner+outer,inner,All Ru-AHK,Mixed transfer,5,89,0.33293116,1.9543634508318575
KNeighborsRegressor,all_ru_ahk_to_ru_aho_inner,All Ru-AHK (inner + outer) -> Ru-AHO inner,inner+outer,inner,All Ru-AHK,Mixed transfer,5,91,0.10866753,1.1089094512007598
KNeighborsRegressor,all_ru_ahk_to_ru_aho_inner,All Ru-AHK (inner + outer) -> Ru-AHO inner,inner+outer,inner,All Ru-AHK,Mixed transfer,5,92,0.09139463,1.9543634508318575
KNeighborsRegressor,all_ru_ahk_to_ru_aho_inner,All Ru-AHK (inner + outer) -> Ru-AHO inner,inner+outer,inner,All Ru-AHK,Delta learning,5,1,4.50050002,2.803031826
KNeighborsRegressor,all_ru_ahk_to_ru_aho_inner,All Ru-AHK (inner + outer) -> Ru-AHO inner,inner+outer,inner,All Ru-AHK,Delta learning,5,2,3.84937533,2.7397733
KNeighborsRegressor,all_ru_ahk_to_ru_aho_inner,All Ru-AHK (inner + outer) -> Ru-AHO inner,inner+outer,inner,All Ru-AHK,Delta learning,5,14,2.72095293,2.4267753464673447
KNeighborsRegressor,all_ru_ahk_to_ru_aho_inner,All Ru-AHK (inner + outer) -> Ru-AHO inner,inner+outer,inner,All Ru-AHK,Delta learning,5,20,2.72095293,2.540426538
KNeighborsRegressor,all_ru_ahk_to_ru_aho_inner,All Ru-AHK (inner + outer) -> Ru-AHO inner,inner+outer,inner,All Ru-AHK,Delta learning,5,21,2.6917632,2.54616395
KNeighborsRegressor,all_ru_ahk_to_ru_aho_inner,All Ru-AHK (inner + outer) -> Ru-AHO inner,inner+outer,inner,All Ru-AHK,Delta learning,5,23,2.61179564,2.352638636
KNeighborsRegressor,all_ru_ahk_to_ru_aho_inner,All Ru-AHK (inner + outer) -> Ru-AHO inner,inner+outer,inner,All Ru-AHK,Delta learning,5,29,2.47786275,2.71512361
KNeighborsRegressor,all_ru_ahk_to_ru_aho_inner,All Ru-AHK (inner + outer) -> Ru-AHO inner,inner+outer,inner,All Ru-AHK,Delta learning,5,37,2.26077037,2.337786979178907
KNeighborsRegressor,all_ru_ahk_to_ru_aho_inner,All Ru-AHK (inner + outer) -> Ru-AHO inner,inner+outer,inner,All Ru-AHK,Delta learning,5,51,1.94448624,1.1908147801035553
KNeighborsRegressor,all_ru_ahk_to_ru_aho_inner,All Ru-AHK (inner + outer) -> Ru-AHO inner,inner+outer,inner,All Ru-AHK,Delta learning,5,52,1.88185187,2.2349398403794876
KNeighborsRegressor,all_ru_ahk_to_ru_aho_inner,All Ru-AHK (inner + outer) -> Ru-AHO inner,inner+outer,inner,All Ru-AHK,Delta learning,5,60,1.62929332,2.54616395
KNeighborsRegressor,all_ru_ahk_to_ru_aho_inner,All Ru-AHK (inner + outer) -> Ru-AHO inner,inner+outer,inner,All Ru-AHK,Delta learning,5,71,1.47016368,0.6680167802362322
KNeighborsRegressor,all_ru_ahk_to_ru_aho_inner,All Ru-AHK (inner + outer) -> Ru-AHO inner,inner+outer,inner,All Ru-AHK,Delta learning,5,74,1.38325909,1.883160762
KNeighborsRegressor,all_ru_ahk_to_ru_aho_inner,All Ru-AHK (inner + outer) -> Ru-AHO inner,inner+outer,inner,All Ru-AHK,Delta learning,5,82,0.99242206,1.5780649924101513
KNeighborsRegressor,all_ru_ahk_to_ru_aho_inner,All Ru-AHK (inner + outer) -> Ru-AHO inner,inner+outer,inner,All Ru-AHK,Delta learning,5,86,0.67501313,0.44886388537262667
KNeighborsRegressor,all_ru_ahk_to_ru_aho_inner,All Ru-AHK (inner + outer) -> Ru-AHO inner,inner+outer,inner,All Ru-AHK,Delta learning,5,87,0.56782018,1.8760188780151101
KNeighborsRegressor,all_ru_ahk_to_ru_aho_inner,All Ru-AHK (inner + outer) -> Ru-AHO inner,inner+outer,inner,All Ru-AHK,Delta learning,5,89,0.33293116,1.64400402480268
KNeighborsRegressor,all_ru_ahk_to_ru_aho_inner,All Ru-AHK (inner + outer) -> Ru-AHO inner,inner+outer,inner,All Ru-AHK,Delta learning,5,91,0.10866753,0.7942251196423762
KNeighborsRegressor,all_ru_ahk_to_ru_aho_inner,All Ru-AHK (inner + outer) -> Ru-AHO inner,inner+outer,inner,All Ru-AHK,Delta learning,5,92,0.09139463,0.9986194600043574
SVR,all_ru_ahk_to_ru_aho_inner,All Ru-AHK (inner + outer) -> Ru-AHO inner,inner+outer,inner,All Ru-AHK,Mixed transfer,1,0,4.50050002,2.5732721270788743
SVR,all_ru_ahk_to_ru_aho_inner,All Ru-AHK (inner + outer) -> Ru-AHO inner,inner+outer,inner,All Ru-AHK,Mixed transfer,1,4,3.13437597,2.7175125747012183
SVR,all_ru_ahk_to_ru_aho_inner,All Ru-AHK (inner + outer) -> Ru-AHO inner,inner+outer,inner,All Ru-AHK,Mixed transfer,1,10,2.89279432,2.5944112375614545
SVR,all_ru_ahk_to_ru_aho_inner,All Ru-AHK (inner + outer) -> Ru-AHO inner,inner+outer,inner,All Ru-AHK,Mixed transfer,1,12,2.72095293,2.5847008696384224
SVR,all_ru_ahk_to_ru_aho_inner,All Ru-AHK (inner + outer) -> Ru-AHO inner,inner+outer,inner,All Ru-AHK,Mixed transfer,1,18,2.72095293,2.5778874444578275
SVR,all_ru_ahk_to_ru_aho_inner,All Ru-AHK (inner + outer) -> Ru-AHO inner,inner+outer,inner,All Ru-AHK,Mixed transfer,1,22,2.63729647,1.8002721621252789
SVR,all_ru_ahk_to_ru_aho_inner,All Ru-AHK (inner + outer) -> Ru-AHO inner,inner+outer,inner,All Ru-AHK,Mixed transfer,1,26,2.49268506,1.6983774557810785
SVR,all_ru_ahk_to_ru_aho_inner,All Ru-AHK (inner + outer) -> Ru-AHO inner,inner+outer,inner,All Ru-AHK,Mixed transfer,1,31,2.30450133,1.9598096921954298
SVR,all_ru_ahk_to_ru_aho_inner,All Ru-AHK (inner + outer) -> Ru-AHO inner,inner+outer,inner,All Ru-AHK,Mixed transfer,1,40,2.13954868,1.9191184015002267
SVR,all_ru_ahk_to_ru_aho_inner,All Ru-AHK (inner + outer) -> Ru-AHO inner,inner+outer,inner,All Ru-AHK,Mixed transfer,1,42,2.12255274,2.511738824831811
SVR,all_ru_ahk_to_ru_aho_inner,All Ru-AHK (inner + outer) -> Ru-AHO inner,inner+outer,inner,All Ru-AHK,Mixed transfer,1,44,2.02174776,2.0785357542200025
SVR,all_ru_ahk_to_ru_aho_inner,All Ru-AHK (inner + outer) -> Ru-AHO inner,inner+outer,inner,All Ru-AHK,Mixed transfer,1,47,1.97754867,2.023471672871516
SVR,all_ru_ahk_to_ru_aho_inner,All Ru-AHK (inner + outer) -> Ru-AHO inner,inner+outer,inner,All Ru-AHK,Mixed transfer,1,62,1.56906465,2.114508452626679
SVR,all_ru_ahk_to_ru_aho_inner,All Ru-AHK (inner + outer) -> Ru-AHO inner,inner+outer,inner,All Ru-AHK,Mixed transfer,1,64,1.53168147,1.4610635368707112
SVR,all_ru_ahk_to_ru_aho_inner,All Ru-AHK (inner + outer) -> Ru-AHO inner,inner+outer,inner,All Ru-AHK,Mixed transfer,1,73,1.39055932,1.432734912113363
SVR,all_ru_ahk_to_ru_aho_inner,All Ru-AHK (inner + outer) -> Ru-AHO inner,inner+outer,inner,All Ru-AHK,Mixed transfer,1,75,1.36999511,1.453152055879615
SVR,all_ru_ahk_to_ru_aho_inner,All Ru-AHK (inner + outer) -> Ru-AHO inner,inner+outer,inner,All Ru-AHK,Mixed transfer,1,81,1.00421655,1.3821279414635026
SVR,all_ru_ahk_to_ru_aho_inner,All Ru-AHK (inner + outer) -> Ru-AHO inner,inner+outer,inner,All Ru-AHK,Mixed transfer,1,83,0.83956097,0.7219129820846686
SVR,all_ru_ahk_to_ru_aho_inner,All Ru-AHK (inner + outer) -> Ru-AHO inner,inner+outer,inner,All Ru-AHK,Mixed transfer,1,90,0.19433377,0.5923615529220918
SVR,all_ru_ahk_to_ru_aho_inner,All Ru-AHK (inner + outer) -> Ru-AHO inner,inner+outer,inner,All Ru-AHK,Mixed transfer,1,94,0.04739647,1.4598983143368833
SVR,all_ru_ahk_to_ru_aho_inner,All Ru-AHK (inner + outer) -> Ru-AHO inner,inner+outer,inner,All Ru-AHK,Delta learning,1,0,4.50050002,2.3723964599079146
SVR,all_ru_ahk_to_ru_aho_inner,All Ru-AHK (inner + outer) -> Ru-AHO inner,inner+outer,inner,All Ru-AHK,Delta learning,1,4,3.13437597,2.821176783009781
SVR,all_ru_ahk_to_ru_aho_inner,All Ru-AHK (inner + outer) -> Ru-AHO inner,inner+outer,inner,All Ru-AHK,Delta learning,1,10,2.89279432,2.6119661986568765
SVR,all_ru_ahk_to_ru_aho_inner,All Ru-AHK (inner + outer) -> Ru-AHO inner,inner+outer,inner,All Ru-AHK,Delta learning,1,12,2.72095293,2.605635263137118
SVR,all_ru_ahk_to_ru_aho_inner,All Ru-AHK (inner + outer) -> Ru-AHO inner,inner+outer,inner,All Ru-AHK,Delta learning,1,18,2.72095293,2.577722295278685
SVR,all_ru_ahk_to_ru_aho_inner,All Ru-AHK (inner + outer) -> Ru-AHO inner,inner+outer,inner,All Ru-AHK,Delta learning,1,22,2.63729647,1.9504355670295288
SVR,all_ru_ahk_to_ru_aho_inner,All Ru-AHK (inner + outer) -> Ru-AHO inner,inner+outer,inner,All Ru-AHK,Delta learning,1,26,2.49268506,1.7270008408937674
SVR,all_ru_ahk_to_ru_aho_inner,All Ru-AHK (inner + outer) -> Ru-AHO inner,inner+outer,inner,All Ru-AHK,Delta learning,1,31,2.30450133,1.930367770382643
SVR,all_ru_ahk_to_ru_aho_inner,All Ru-AHK (inner + outer) -> Ru-AHO inner,inner+outer,inner,All Ru-AHK,Delta learning,1,40,2.13954868,1.921382709515978
SVR,all_ru_ahk_to_ru_aho_inner,All Ru-AHK (inner + outer) -> Ru-AHO inner,inner+outer,inner,All Ru-AHK,Delta learning,1,42,2.12255274,2.5120452054514413
SVR,all_ru_ahk_to_ru_aho_inner,All Ru-AHK (inner + outer) -> Ru-AHO inner,inner+outer,inner,All Ru-AHK,Delta learning,1,44,2.02174776,1.960079408794339
SVR,all_ru_ahk_to_ru_aho_inner,All Ru-AHK (inner + outer) -> Ru-AHO inner,inner+outer,inner,All Ru-AHK,Delta learning,1,47,1.97754867,1.986947248043863
SVR,all_ru_ahk_to_ru_aho_inner,All Ru-AHK (inner + outer) -> Ru-AHO inner,inner+outer,inner,All Ru-AHK,Delta learning,1,62,1.56906465,1.9922518068488089
SVR,all_ru_ahk_to_ru_aho_inner,All Ru-AHK (inner + outer) -> Ru-AHO inner,inner+outer,inner,All Ru-AHK,Delta learning,1,64,1.53168147,1.4119029287634228
SVR,all_ru_ahk_to_ru_aho_inner,All Ru-AHK (inner + outer) -> Ru-AHO inner,inner+outer,inner,All Ru-AHK,Delta learning,1,73,1.39055932,1.4348673170495259
SVR,all_ru_ahk_to_ru_aho_inner,All Ru-AHK (inner + outer) -> Ru-AHO inner,inner+outer,inner,All Ru-AHK,Delta learning,1,75,1.36999511,1.4511978730979296
SVR,all_ru_ahk_to_ru_aho_inner,All Ru-AHK (inner + outer) -> Ru-AHO inner,inner+outer,inner,All Ru-AHK,Delta learning,1,81,1.00421655,1.4084282076480101
SVR,all_ru_ahk_to_ru_aho_inner,All Ru-AHK (inner + outer) -> Ru-AHO inner,inner+outer,inner,All Ru-AHK,Delta learning,1,83,0.83956097,0.6806291694409439
SVR,all_ru_ahk_to_ru_aho_inner,All Ru-AHK (inner + outer) -> Ru-AHO inner,inner+outer,inner,All Ru-AHK,Delta learning,1,90,0.19433377,0.1481133346234378
SVR,all_ru_ahk_to_ru_aho_inner,All Ru-AHK (inner + outer) -> Ru-AHO inner,inner+outer,inner,All Ru-AHK,Delta learning,1,94,0.04739647,1.532403208352712
SVR,all_ru_ahk_to_ru_aho_inner,All Ru-AHK (inner + outer) -> Ru-AHO inner,inner+outer,inner,All Ru-AHK,Mixed transfer,2,5,3.13437597,2.9381600671692922
SVR,all_ru_ahk_to_ru_aho_inner,All Ru-AHK (inner + outer) -> Ru-AHO inner,inner+outer,inner,All Ru-AHK,Mixed transfer,2,9,3.13437597,2.797400723369382
SVR,all_ru_ahk_to_ru_aho_inner,All Ru-AHK (inner + outer) -> Ru-AHO inner,inner+outer,inner,All Ru-AHK,Mixed transfer,2,11,2.81808334,2.639029365560262
SVR,all_ru_ahk_to_ru_aho_inner,All Ru-AHK (inner + outer) -> Ru-AHO inner,inner+outer,inner,All Ru-AHK,Mixed transfer,2,15,2.72095293,2.023815807787846
SVR,all_ru_ahk_to_ru_aho_inner,All Ru-AHK (inner + outer) -> Ru-AHO inner,inner+outer,inner,All Ru-AHK,Mixed transfer,2,16,2.72095293,2.8121304142015067
SVR,all_ru_ahk_to_ru_aho_inner,All Ru-AHK (inner + outer) -> Ru-AHO inner,inner+outer,inner,All Ru-AHK,Mixed transfer,2,28,2.47786275,2.6210460559358384
SVR,all_ru_ahk_to_ru_aho_inner,All Ru-AHK (inner + outer) -> Ru-AHO inner,inner+outer,inner,All Ru-AHK,Mixed transfer,2,30,2.3515711,2.490370208404542
SVR,all_ru_ahk_to_ru_aho_inner,All Ru-AHK (inner + outer) -> Ru-AHO inner,inner+outer,inner,All Ru-AHK,Mixed transfer,2,33,2.30450133,2.4954850287504318
SVR,all_ru_ahk_to_ru_aho_inner,All Ru-AHK (inner + outer) -> Ru-AHO inner,inner+outer,inner,All Ru-AHK,Mixed transfer,2,35,2.30450133,2.7086602273473477
SVR,all_ru_ahk_to_ru_aho_inner,All Ru-AHK (inner + outer) -> Ru-AHO inner,inner+outer,inner,All Ru-AHK,Mixed transfer,2,39,2.16934032,1.8416170585966105
SVR,all_ru_ahk_to_ru_aho_inner,All Ru-AHK (inner + outer) -> Ru-AHO inner,inner+outer,inner,All Ru-AHK,Mixed transfer,2,45,2.01889808,2.0380059469709835
SVR,all_ru_ahk_to_ru_aho_inner,All Ru-AHK (inner + outer) -> Ru-AHO inner,inner+outer,inner,All Ru-AHK,Mixed transfer,2,49,1.9607788,1.7123527312985671
SVR,all_ru_ahk_to_ru_aho_inner,All Ru-AHK (inner + outer) -> Ru-AHO inner,inner+outer,inner,All Ru-AHK,Mixed transfer,2,65,1.53168147,1.408739509018821
SVR,all_ru_ahk_to_ru_aho_inner,All Ru-AHK (inner + outer) -> Ru-AHO inner,inner+outer,inner,All Ru-AHK,Mixed transfer,2,68,1.49260764,1.8571956392312374
SVR,all_ru_ahk_to_ru_aho_inner,All Ru-AHK (inner + outer) -> Ru-AHO inner,inner+outer,inner,All Ru-AHK,Mixed transfer,2,69,1.48763592,1.8566450164895558
SVR,all_ru_ahk_to_ru_aho_inner,All Ru-AHK (inner + outer) -> Ru-AHO inner,inner+outer,inner,All Ru-AHK,Mixed transfer,2,70,1.47570337,1.9885282904670425
SVR,all_ru_ahk_to_ru_aho_inner,All Ru-AHK (inner + outer) -> Ru-AHO inner,inner+outer,inner,All Ru-AHK,Mixed transfer,2,72,1.40708549,1.408739509018821
SVR,all_ru_ahk_to_ru_aho_inner,All Ru-AHK (inner + outer) -> Ru-AHO inner,inner+outer,inner,All Ru-AHK,Mixed transfer,2,80,1.31904107,1.4366469843661274
SVR,all_ru_ahk_to_ru_aho_inner,All Ru-AHK (inner + outer) -> Ru-AHO inner,inner+outer,inner,All Ru-AHK,Mixed transfer,2,88,0.39647984,0.9936016641416919
SVR,all_ru_ahk_to_ru_aho_inner,All Ru-AHK (inner + outer) -> Ru-AHO inner,inner+outer,inner,All Ru-AHK,Mixed transfer,2,93,0.04819171,0.5520755837009654
SVR,all_ru_ahk_to_ru_aho_inner,All Ru-AHK (inner + outer) -> Ru-AHO inner,inner+outer,inner,All Ru-AHK,Delta learning,2,5,3.13437597,2.66210034350797
SVR,all_ru_ahk_to_ru_aho_inner,All Ru-AHK (inner + outer) -> Ru-AHO inner,inner+outer,inner,All Ru-AHK,Delta learning,2,9,3.13437597,2.9422771089229567
SVR,all_ru_ahk_to_ru_aho_inner,All Ru-AHK (inner + outer) -> Ru-AHO inner,inner+outer,inner,All Ru-AHK,Delta learning,2,11,2.81808334,2.634567069962161
SVR,all_ru_ahk_to_ru_aho_inner,All Ru-AHK (inner + outer) -> Ru-AHO inner,inner+outer,inner,All Ru-AHK,Delta learning,2,15,2.72095293,2.026514627573565
SVR,all_ru_ahk_to_ru_aho_inner,All Ru-AHK (inner + outer) -> Ru-AHO inner,inner+outer,inner,All Ru-AHK,Delta learning,2,16,2.72095293,3.0345648223930803
SVR,all_ru_ahk_to_ru_aho_inner,All Ru-AHK (inner + outer) -> Ru-AHO inner,inner+outer,inner,All Ru-AHK,Delta learning,2,28,2.47786275,2.6205390013844374
SVR,all_ru_ahk_to_ru_aho_inner,All Ru-AHK (inner + outer) -> Ru-AHO inner,inner+outer,inner,All Ru-AHK,Delta learning,2,30,2.3515711,2.2186912298592283
SVR,all_ru_ahk_to_ru_aho_inner,All Ru-AHK (inner + outer) -> Ru-AHO inner,inner+outer,inner,All Ru-AHK,Delta learning,2,33,2.30450133,2.5944940152139013
SVR,all_ru_ahk_to_ru_aho_inner,All Ru-AHK (inner + outer) -> Ru-AHO inner,inner+outer,inner,All Ru-AHK,Delta learning,2,35,2.30450133,2.7503377360576557
SVR,all_ru_ahk_to_ru_aho_inner,All Ru-AHK (inner + outer) -> Ru-AHO inner,inner+outer,inner,All Ru-AHK,Delta learning,2,39,2.16934032,2.023096743483315
SVR,all_ru_ahk_to_ru_aho_inner,All Ru-AHK (inner + outer) -> Ru-AHO inner,inner+outer,inner,All Ru-AHK,Delta learning,2,45,2.01889808,2.0311525178840735
SVR,all_ru_ahk_to_ru_aho_inner,All Ru-AHK (inner + outer) -> Ru-AHO inner,inner+outer,inner,All Ru-AHK,Delta learning,2,49,1.9607788,1.3003194896249894
SVR,all_ru_ahk_to_ru_aho_inner,All Ru-AHK (inner + outer) -> Ru-AHO inner,inner+outer,inner,All Ru-AHK,Delta learning,2,65,1.53168147,1.410909600491595
SVR,all_ru_ahk_to_ru_aho_inner,All Ru-AHK (inner + outer) -> Ru-AHO inner,inner+outer,inner,All Ru-AHK,Delta learning,2,68,1.49260764,2.0081354250987036
SVR,all_ru_ahk_to_ru_aho_inner,All Ru-AHK (inner + outer) -> Ru-AHO inner,inner+outer,inner,All Ru-AHK,Delta learning,2,69,1.48763592,1.8700282109871533
SVR,all_ru_ahk_to_ru_aho_inner,All Ru-AHK (inner + outer) -> Ru-AHO inner,inner+outer,inner,All Ru-AHK,Delta learning,2,70,1.47570337,1.9448133856839305
SVR,all_ru_ahk_to_ru_aho_inner,All Ru-AHK (inner + outer) -> Ru-AHO inner,inner+outer,inner,All Ru-AHK,Delta learning,2,72,1.40708549,1.410909600491595
SVR,all_ru_ahk_to_ru_aho_inner,All Ru-AHK (inner + outer) -> Ru-AHO inner,inner+outer,inner,All Ru-AHK,Delta learning,2,80,1.31904107,1.445238876725886
SVR,all_ru_ahk_to_ru_aho_inner,All Ru-AHK (inner + outer) -> Ru-AHO inner,inner+outer,inner,All Ru-AHK,Delta learning,2,88,0.39647984,1.085801529655887
SVR,all_ru_ahk_to_ru_aho_inner,All Ru-AHK (inner + outer) -> Ru-AHO inner,inner+outer,inner,All Ru-AHK,Delta learning,2,93,0.04819171,0.29450579399327137
SVR,all_ru_ahk_to_ru_aho_inner,All Ru-AHK (inner + outer) -> Ru-AHO inner,inner+outer,inner,All Ru-AHK,Mixed transfer,3,3,3.67873076,2.136055984453756
SVR,all_ru_ahk_to_ru_aho_inner,All Ru-AHK (inner + outer) -> Ru-AHO inner,inner+outer,inner,All Ru-AHK,Mixed transfer,3,6,3.13437597,1.8848259273114993
SVR,all_ru_ahk_to_ru_aho_inner,All Ru-AHK (inner + outer) -> Ru-AHO inner,inner+outer,inner,All Ru-AHK,Mixed transfer,3,7,3.13437597,2.80736150629244
SVR,all_ru_ahk_to_ru_aho_inner,All Ru-AHK (inner + outer) -> Ru-AHO inner,inner+outer,inner,All Ru-AHK,Mixed transfer,3,8,3.13437597,1.884813076897319
SVR,all_ru_ahk_to_ru_aho_inner,All Ru-AHK (inner + outer) -> Ru-AHO inner,inner+outer,inner,All Ru-AHK,Mixed transfer,3,13,2.72095293,2.6218522194977507
SVR,all_ru_ahk_to_ru_aho_inner,All Ru-AHK (inner + outer) -> Ru-AHO inner,inner+outer,inner,All Ru-AHK,Mixed transfer,3,17,2.72095293,2.749533967591651
SVR,all_ru_ahk_to_ru_aho_inner,All Ru-AHK (inner + outer) -> Ru-AHO inner,inner+outer,inner,All Ru-AHK,Mixed transfer,3,19,2.72095293,2.6978852180528716
SVR,all_ru_ahk_to_ru_aho_inner,All Ru-AHK (inner + outer) -> Ru-AHO inner,inner+outer,inner,All Ru-AHK,Mixed transfer,3,24,2.49823771,2.2107305247922504
SVR,all_ru_ahk_to_ru_aho_inner,All Ru-AHK (inner + outer) -> Ru-AHO inner,inner+outer,inner,All Ru-AHK,Mixed transfer,3,25,2.49823771,1.9556348790613094
SVR,all_ru_ahk_to_ru_aho_inner,All Ru-AHK (inner + outer) -> Ru-AHO inner,inner+outer,inner,All Ru-AHK,Mixed transfer,3,27,2.47786275,2.7189309738757563
SVR,all_ru_ahk_to_ru_aho_inner,All Ru-AHK (inner + outer) -> Ru-AHO inner,inner+outer,inner,All Ru-AHK,Mixed transfer,3,34,2.30450133,2.784560094398378
SVR,all_ru_ahk_to_ru_aho_inner,All Ru-AHK (inner + outer) -> Ru-AHO inner,inner+outer,inner,All Ru-AHK,Mixed transfer,3,36,2.28957767,2.5943578090011297
SVR,all_ru_ahk_to_ru_aho_inner,All Ru-AHK (inner + outer) -> Ru-AHO inner,inner+outer,inner,All Ru-AHK,Mixed transfer,3,38,2.20688949,2.1491903237980625
SVR,all_ru_ahk_to_ru_aho_inner,All Ru-AHK (inner + outer) -> Ru-AHO inner,inner+outer,inner,All Ru-AHK,Mixed transfer,3,53,1.84440958,2.07445715403116
SVR,all_ru_ahk_to_ru_aho_inner,All Ru-AHK (inner + outer) -> Ru-AHO inner,inner+outer,inner,All Ru-AHK,Mixed transfer,3,55,1.80901573,2.044914472282035
SVR,all_ru_ahk_to_ru_aho_inner,All Ru-AHK (inner + outer) -> Ru-AHO inner,inner+outer,inner,All Ru-AHK,Mixed transfer,3,56,1.73731552,2.5943578090011297
SVR,all_ru_ahk_to_ru_aho_inner,All Ru-AHK (inner + outer) -> Ru-AHO inner,inner+outer,inner,All Ru-AHK,Mixed transfer,3,76,1.36999511,0.28370877141522555
SVR,all_ru_ahk_to_ru_aho_inner,All Ru-AHK (inner + outer) -> Ru-AHO inner,inner+outer,inner,All Ru-AHK,Mixed transfer,3,78,1.35390456,1.4709400688506284
SVR,all_ru_ahk_to_ru_aho_inner,All Ru-AHK (inner + outer) -> Ru-AHO inner,inner+outer,inner,All Ru-AHK,Mixed transfer,3,79,1.33471728,1.417315284097513
SVR,all_ru_ahk_to_ru_aho_inner,All Ru-AHK (inner + outer) -> Ru-AHO inner,inner+outer,inner,All Ru-AHK,Mixed transfer,3,85,0.80254597,0.27680372851390556
SVR,all_ru_ahk_to_ru_aho_inner,All Ru-AHK (inner + outer) -> Ru-AHO inner,inner+outer,inner,All Ru-AHK,Delta learning,3,3,3.67873076,2.1921227782770836
SVR,all_ru_ahk_to_ru_aho_inner,All Ru-AHK (inner + outer) -> Ru-AHO inner,inner+outer,inner,All Ru-AHK,Delta learning,3,6,3.13437597,1.4086792242329993
SVR,all_ru_ahk_to_ru_aho_inner,All Ru-AHK (inner + outer) -> Ru-AHO inner,inner+outer,inner,All Ru-AHK,Delta learning,3,7,3.13437597,1.661227766268462
SVR,all_ru_ahk_to_ru_aho_inner,All Ru-AHK (inner + outer) -> Ru-AHO inner,inner+outer,inner,All Ru-AHK,Delta learning,3,8,3.13437597,1.5774069698678728
SVR,all_ru_ahk_to_ru_aho_inner,All Ru-AHK (inner + outer) -> Ru-AHO inner,inner+outer,inner,All Ru-AHK,Delta learning,3,13,2.72095293,2.45337840199931
SVR,all_ru_ahk_to_ru_aho_inner,All Ru-AHK (inner + outer) -> Ru-AHO inner,inner+outer,inner,All Ru-AHK,Delta learning,3,17,2.72095293,2.762086250392924
SVR,all_ru_ahk_to_ru_aho_inner,All Ru-AHK (inner + outer) -> Ru-AHO inner,inner+outer,inner,All Ru-AHK,Delta learning,3,19,2.72095293,2.6412094910702675
SVR,all_ru_ahk_to_ru_aho_inner,All Ru-AHK (inner + outer) -> Ru-AHO inner,inner+outer,inner,All Ru-AHK,Delta learning,3,24,2.49823771,2.432009809457022
SVR,all_ru_ahk_to_ru_aho_inner,All Ru-AHK (inner + outer) -> Ru-AHO inner,inner+outer,inner,All Ru-AHK,Delta learning,3,25,2.49823771,2.210800303106844
SVR,all_ru_ahk_to_ru_aho_inner,All Ru-AHK (inner + outer) -> Ru-AHO inner,inner+outer,inner,All Ru-AHK,Delta learning,3,27,2.47786275,2.652375242160261
SVR,all_ru_ahk_to_ru_aho_inner,All Ru-AHK (inner + outer) -> Ru-AHO inner,inner+outer,inner,All Ru-AHK,Delta learning,3,34,2.30450133,2.791602139057556
SVR,all_ru_ahk_to_ru_aho_inner,All Ru-AHK (inner + outer) -> Ru-AHO inner,inner+outer,inner,All Ru-AHK,Delta learning,3,36,2.28957767,2.5286159498312766
SVR,all_ru_ahk_to_ru_aho_inner,All Ru-AHK (inner + outer) -> Ru-AHO inner,inner+outer,inner,All Ru-AHK,Delta learning,3,38,2.20688949,2.096191473422832
SVR,all_ru_ahk_to_ru_aho_inner,All Ru-AHK (inner + outer) -> Ru-AHO inner,inner+outer,inner,All Ru-AHK,Delta learning,3,53,1.84440958,2.0119286399827123
SVR,all_ru_ahk_to_ru_aho_inner,All Ru-AHK (inner + outer) -> Ru-AHO inner,inner+outer,inner,All Ru-AHK,Delta learning,3,55,1.80901573,2.0603856642566782
SVR,all_ru_ahk_to_ru_aho_inner,All Ru-AHK (inner + outer) -> Ru-AHO inner,inner+outer,inner,All Ru-AHK,Delta learning,3,56,1.73731552,2.5286159498312766
SVR,all_ru_ahk_to_ru_aho_inner,All Ru-AHK (inner + outer) -> Ru-AHO inner,inner+outer,inner,All Ru-AHK,Delta learning,3,76,1.36999511,0.3226963076904432
SVR,all_ru_ahk_to_ru_aho_inner,All Ru-AHK (inner + outer) -> Ru-AHO inner,inner+outer,inner,All Ru-AHK,Delta learning,3,78,1.35390456,1.4700711489669689
SVR,all_ru_ahk_to_ru_aho_inner,All Ru-AHK (inner + outer) -> Ru-AHO inner,inner+outer,inner,All Ru-AHK,Delta learning,3,79,1.33471728,1.4358492641647833
SVR,all_ru_ahk_to_ru_aho_inner,All Ru-AHK (inner + outer) -> Ru-AHO inner,inner+outer,inner,All Ru-AHK,Delta learning,3,85,0.80254597,0.31385037298400253
SVR,all_ru_ahk_to_ru_aho_inner,All Ru-AHK (inner + outer) -> Ru-AHO inner,inner+outer,inner,All Ru-AHK,Mixed transfer,4,32,2.30450133,2.3883640038018674
SVR,all_ru_ahk_to_ru_aho_inner,All Ru-AHK (inner + outer) -> Ru-AHO inner,inner+outer,inner,All Ru-AHK,Mixed transfer,4,41,2.13444943,1.8549930090220033
SVR,all_ru_ahk_to_ru_aho_inner,All Ru-AHK (inner + outer) -> Ru-AHO inner,inner+outer,inner,All Ru-AHK,Mixed transfer,4,43,2.11117069,1.594562508810648
SVR,all_ru_ahk_to_ru_aho_inner,All Ru-AHK (inner + outer) -> Ru-AHO inner,inner+outer,inner,All Ru-AHK,Mixed transfer,4,46,2.00941149,2.6654076826289854
SVR,all_ru_ahk_to_ru_aho_inner,All Ru-AHK (inner + outer) -> Ru-AHO inner,inner+outer,inner,All Ru-AHK,Mixed transfer,4,48,1.96551622,1.9845214420178854
SVR,all_ru_ahk_to_ru_aho_inner,All Ru-AHK (inner + outer) -> Ru-AHO inner,inner+outer,inner,All Ru-AHK,Mixed transfer,4,50,1.95650617,1.5942113338949235
SVR,all_ru_ahk_to_ru_aho_inner,All Ru-AHK (inner + outer) -> Ru-AHO inner,inner+outer,inner,All Ru-AHK,Mixed transfer,4,54,1.80901573,2.022023990721857
SVR,all_ru_ahk_to_ru_aho_inner,All Ru-AHK (inner + outer) -> Ru-AHO inner,inner+outer,inner,All Ru-AHK,Mixed transfer,4,57,1.68395754,1.9816673138709877
SVR,all_ru_ahk_to_ru_aho_inner,All Ru-AHK (inner + outer) -> Ru-AHO inner,inner+outer,inner,All Ru-AHK,Mixed transfer,4,58,1.66417952,1.4022035542825504
SVR,all_ru_ahk_to_ru_aho_inner,All Ru-AHK (inner + outer) -> Ru-AHO inner,inner+outer,inner,All Ru-AHK,Mixed transfer,4,59,1.62929332,1.6245953589927151
SVR,all_ru_ahk_to_ru_aho_inner,All Ru-AHK (inner + outer) -> Ru-AHO inner,inner+outer,inner,All Ru-AHK,Mixed transfer,4,61,1.57873877,1.4635605965970788
SVR,all_ru_ahk_to_ru_aho_inner,All Ru-AHK (inner + outer) -> Ru-AHO inner,inner+outer,inner,All Ru-AHK,Mixed transfer,4,63,1.56019653,1.464177433170157
SVR,all_ru_ahk_to_ru_aho_inner,All Ru-AHK (inner + outer) -> Ru-AHO inner,inner+outer,inner,All Ru-AHK,Mixed transfer,4,66,1.51369193,1.432146280331653
SVR,all_ru_ahk_to_ru_aho_inner,All Ru-AHK (inner + outer) -> Ru-AHO inner,inner+outer,inner,All Ru-AHK,Mixed transfer,4,67,1.51369193,1.3152076533831112
SVR,all_ru_ahk_to_ru_aho_inner,All Ru-AHK (inner + outer) -> Ru-AHO inner,inner+outer,inner,All Ru-AHK,Mixed transfer,4,77,1.36283425,1.480830429079505
SVR,all_ru_ahk_to_ru_aho_inner,All Ru-AHK (inner + outer) -> Ru-AHO inner,inner+outer,inner,All Ru-AHK,Mixed transfer,4,84,0.80438248,1.0961487916494326
SVR,all_ru_ahk_to_ru_aho_inner,All Ru-AHK (inner + outer) -> Ru-AHO inner,inner+outer,inner,All Ru-AHK,Mixed transfer,4,95,0.0120419,0.70194302143447
SVR,all_ru_ahk_to_ru_aho_inner,All Ru-AHK (inner + outer) -> Ru-AHO inner,inner+outer,inner,All Ru-AHK,Mixed transfer,4,96,0.0,0.9955157146838562
SVR,all_ru_ahk_to_ru_aho_inner,All Ru-AHK (inner + outer) -> Ru-AHO inner,inner+outer,inner,All Ru-AHK,Mixed transfer,4,97,0.0,1.1696983314930052
SVR,all_ru_ahk_to_ru_aho_inner,All Ru-AHK (inner + outer) -> Ru-AHO inner,inner+outer,inner,All Ru-AHK,Delta learning,4,32,2.30450133,2.315997518686685
SVR,all_ru_ahk_to_ru_aho_inner,All Ru-AHK (inner + outer) -> Ru-AHO inner,inner+outer,inner,All Ru-AHK,Delta learning,4,41,2.13444943,1.853798085547325
SVR,all_ru_ahk_to_ru_aho_inner,All Ru-AHK (inner + outer) -> Ru-AHO inner,inner+outer,inner,All Ru-AHK,Delta learning,4,43,2.11117069,1.5961353858121892
SVR,all_ru_ahk_to_ru_aho_inner,All Ru-AHK (inner + outer) -> Ru-AHO inner,inner+outer,inner,All Ru-AHK,Delta learning,4,46,2.00941149,2.6682901097849876
SVR,all_ru_ahk_to_ru_aho_inner,All Ru-AHK (inner + outer) -> Ru-AHO inner,inner+outer,inner,All Ru-AHK,Delta learning,4,48,1.96551622,1.9203369460628212
SVR,all_ru_ahk_to_ru_aho_inner,All Ru-AHK (inner + outer) -> Ru-AHO inner,inner+outer,inner,All Ru-AHK,Delta learning,4,50,1.95650617,1.5977680049482692
SVR,all_ru_ahk_to_ru_aho_inner,All Ru-AHK (inner + outer) -> Ru-AHO inner,inner+outer,inner,All Ru-AHK,Delta learning,4,54,1.80901573,2.1420911394371895
SVR,all_ru_ahk_to_ru_aho_inner,All Ru-AHK (inner + outer) -> Ru-AHO inner,inner+outer,inner,All Ru-AHK,Delta learning,4,57,1.68395754,1.982070227823095
SVR,all_ru_ahk_to_ru_aho_inner,All Ru-AHK (inner + outer) -> Ru-AHO inner,inner+outer,inner,All Ru-AHK,Delta learning,4,58,1.66417952,1.5682205235372146
SVR,all_ru_ahk_to_ru_aho_inner,All Ru-AHK (inner + outer) -> Ru-AHO inner,inner+outer,inner,All Ru-AHK,Delta learning,4,59,1.62929332,1.6960412390844943
SVR,all_ru_ahk_to_ru_aho_inner,All Ru-AHK (inner + outer) -> Ru-AHO inner,inner+outer,inner,All Ru-AHK,Delta learning,4,61,1.57873877,1.5329033172364364
SVR,all_ru_ahk_to_ru_aho_inner,All Ru-AHK (inner + outer) -> Ru-AHO inner,inner+outer,inner,All Ru-AHK,Delta learning,4,63,1.56019653,1.535029587486761
SVR,all_ru_ahk_to_ru_aho_inner,All Ru-AHK (inner + outer) -> Ru-AHO inner,inner+outer,inner,All Ru-AHK,Delta learning,4,66,1.51369193,1.4336804477679739
SVR,all_ru_ahk_to_ru_aho_inner,All Ru-AHK (inner + outer) -> Ru-AHO inner,inner+outer,inner,All Ru-AHK,Delta learning,4,67,1.51369193,1.4344449644395274
SVR,all_ru_ahk_to_ru_aho_inner,All Ru-AHK (inner + outer) -> Ru-AHO inner,inner+outer,inner,All Ru-AHK,Delta learning,4,77,1.36283425,1.3060012090866246
SVR,all_ru_ahk_to_ru_aho_inner,All Ru-AHK (inner + outer) -> Ru-AHO inner,inner+outer,inner,All Ru-AHK,Delta learning,4,84,0.80438248,1.170823245305672
SVR,all_ru_ahk_to_ru_aho_inner,All Ru-AHK (inner + outer) -> Ru-AHO inner,inner+outer,inner,All Ru-AHK,Delta learning,4,95,0.0120419,0.40207157247413416
SVR,all_ru_ahk_to_ru_aho_inner,All Ru-AHK (inner + outer) -> Ru-AHO inner,inner+outer,inner,All Ru-AHK,Delta learning,4,96,0.0,1.1228850748480004
SVR,all_ru_ahk_to_ru_aho_inner,All Ru-AHK (inner + outer) -> Ru-AHO inner,inner+outer,inner,All Ru-AHK,Delta learning,4,97,0.0,1.2193242033511946
SVR,all_ru_ahk_to_ru_aho_inner,All Ru-AHK (inner + outer) -> Ru-AHO inner,inner+outer,inner,All Ru-AHK,Mixed transfer,5,1,4.50050002,2.6851090099539068
SVR,all_ru_ahk_to_ru_aho_inner,All Ru-AHK (inner + outer) -> Ru-AHO inner,inner+outer,inner,All Ru-AHK,Mixed transfer,5,2,3.84937533,2.618635375596979
SVR,all_ru_ahk_to_ru_aho_inner,All Ru-AHK (inner + outer) -> Ru-AHO inner,inner+outer,inner,All Ru-AHK,Mixed transfer,5,14,2.72095293,2.5783158648355484
SVR,all_ru_ahk_to_ru_aho_inner,All Ru-AHK (inner + outer) -> Ru-AHO inner,inner+outer,inner,All Ru-AHK,Mixed transfer,5,20,2.72095293,2.4255652169390016
SVR,all_ru_ahk_to_ru_aho_inner,All Ru-AHK (inner + outer) -> Ru-AHO inner,inner+outer,inner,All Ru-AHK,Mixed transfer,5,21,2.6917632,2.5721370960240595
SVR,all_ru_ahk_to_ru_aho_inner,All Ru-AHK (inner + outer) -> Ru-AHO inner,inner+outer,inner,All Ru-AHK,Mixed transfer,5,23,2.61179564,2.49197610221991
SVR,all_ru_ahk_to_ru_aho_inner,All Ru-AHK (inner + outer) -> Ru-AHO inner,inner+outer,inner,All Ru-AHK,Mixed transfer,5,29,2.47786275,2.498236330437073
SVR,all_ru_ahk_to_ru_aho_inner,All Ru-AHK (inner + outer) -> Ru-AHO inner,inner+outer,inner,All Ru-AHK,Mixed transfer,5,37,2.26077037,2.1014190799442187
SVR,all_ru_ahk_to_ru_aho_inner,All Ru-AHK (inner + outer) -> Ru-AHO inner,inner+outer,inner,All Ru-AHK,Mixed transfer,5,51,1.94448624,1.6106081312980531
SVR,all_ru_ahk_to_ru_aho_inner,All Ru-AHK (inner + outer) -> Ru-AHO inner,inner+outer,inner,All Ru-AHK,Mixed transfer,5,52,1.88185187,1.7842247851785047
SVR,all_ru_ahk_to_ru_aho_inner,All Ru-AHK (inner + outer) -> Ru-AHO inner,inner+outer,inner,All Ru-AHK,Mixed transfer,5,60,1.62929332,2.650370525377764
SVR,all_ru_ahk_to_ru_aho_inner,All Ru-AHK (inner + outer) -> Ru-AHO inner,inner+outer,inner,All Ru-AHK,Mixed transfer,5,71,1.47016368,1.5647396768074786
SVR,all_ru_ahk_to_ru_aho_inner,All Ru-AHK (inner + outer) -> Ru-AHO inner,inner+outer,inner,All Ru-AHK,Mixed transfer,5,74,1.38325909,1.5597150951391243
SVR,all_ru_ahk_to_ru_aho_inner,All Ru-AHK (inner + outer) -> Ru-AHO inner,inner+outer,inner,All Ru-AHK,Mixed transfer,5,82,0.99242206,1.3884466866514684
SVR,all_ru_ahk_to_ru_aho_inner,All Ru-AHK (inner + outer) -> Ru-AHO inner,inner+outer,inner,All Ru-AHK,Mixed transfer,5,86,0.67501313,1.3030000085479416
SVR,all_ru_ahk_to_ru_aho_inner,All Ru-AHK (inner + outer) -> Ru-AHO inner,inner+outer,inner,All Ru-AHK,Mixed transfer,5,87,0.56782018,1.887725772196587
SVR,all_ru_ahk_to_ru_aho_inner,All Ru-AHK (inner + outer) -> Ru-AHO inner,inner+outer,inner,All Ru-AHK,Mixed transfer,5,89,0.33293116,1.8895280712425158
SVR,all_ru_ahk_to_ru_aho_inner,All Ru-AHK (inner + outer) -> Ru-AHO inner,inner+outer,inner,All Ru-AHK,Mixed transfer,5,91,0.10866753,0.6750366828432177
SVR,all_ru_ahk_to_ru_aho_inner,All Ru-AHK (inner + outer) -> Ru-AHO inner,inner+outer,inner,All Ru-AHK,Mixed transfer,5,92,0.09139463,1.8906280815701115
SVR,all_ru_ahk_to_ru_aho_inner,All Ru-AHK (inner + outer) -> Ru-AHO inner,inner+outer,inner,All Ru-AHK,Delta learning,5,1,4.50050002,2.5582569687813077
SVR,all_ru_ahk_to_ru_aho_inner,All Ru-AHK (inner + outer) -> Ru-AHO inner,inner+outer,inner,All Ru-AHK,Delta learning,5,2,3.84937533,2.4363039766481664
SVR,all_ru_ahk_to_ru_aho_inner,All Ru-AHK (inner + outer) -> Ru-AHO inner,inner+outer,inner,All Ru-AHK,Delta learning,5,14,2.72095293,2.4667508728692864
SVR,all_ru_ahk_to_ru_aho_inner,All Ru-AHK (inner + outer) -> Ru-AHO inner,inner+outer,inner,All Ru-AHK,Delta learning,5,20,2.72095293,2.2484967828360123
SVR,all_ru_ahk_to_ru_aho_inner,All Ru-AHK (inner + outer) -> Ru-AHO inner,inner+outer,inner,All Ru-AHK,Delta learning,5,21,2.6917632,2.6123973372526
SVR,all_ru_ahk_to_ru_aho_inner,All Ru-AHK (inner + outer) -> Ru-AHO inner,inner+outer,inner,All Ru-AHK,Delta learning,5,23,2.61179564,2.477386218632024
SVR,all_ru_ahk_to_ru_aho_inner,All Ru-AHK (inner + outer) -> Ru-AHO inner,inner+outer,inner,All Ru-AHK,Delta learning,5,29,2.47786275,2.220315583162257
SVR,all_ru_ahk_to_ru_aho_inner,All Ru-AHK (inner + outer) -> Ru-AHO inner,inner+outer,inner,All Ru-AHK,Delta learning,5,37,2.26077037,2.0749457695321354
SVR,all_ru_ahk_to_ru_aho_inner,All Ru-AHK (inner + outer) -> Ru-AHO inner,inner+outer,inner,All Ru-AHK,Delta learning,5,51,1.94448624,1.6119487337866032
SVR,all_ru_ahk_to_ru_aho_inner,All Ru-AHK (inner + outer) -> Ru-AHO inner,inner+outer,inner,All Ru-AHK,Delta learning,5,52,1.88185187,1.7837463566209877
SVR,all_ru_ahk_to_ru_aho_inner,All Ru-AHK (inner + outer) -> Ru-AHO inner,inner+outer,inner,All Ru-AHK,Delta learning,5,60,1.62929332,2.675473493692326
SVR,all_ru_ahk_to_ru_aho_inner,All Ru-AHK (inner + outer) -> Ru-AHO inner,inner+outer,inner,All Ru-AHK,Delta learning,5,71,1.47016368,1.7269773167973703
SVR,all_ru_ahk_to_ru_aho_inner,All Ru-AHK (inner + outer) -> Ru-AHO inner,inner+outer,inner,All Ru-AHK,Delta learning,5,74,1.38325909,1.4679449801482414
SVR,all_ru_ahk_to_ru_aho_inner,All Ru-AHK (inner + outer) -> Ru-AHO inner,inner+outer,inner,All Ru-AHK,Delta learning,5,82,0.99242206,1.2874828609120321
SVR,all_ru_ahk_to_ru_aho_inner,All Ru-AHK (inner + outer) -> Ru-AHO inner,inner+outer,inner,All Ru-AHK,Delta learning,5,86,0.67501313,1.1989072859764933
SVR,all_ru_ahk_to_ru_aho_inner,All Ru-AHK (inner + outer) -> Ru-AHO inner,inner+outer,inner,All Ru-AHK,Delta learning,5,87,0.56782018,1.839795058288824
SVR,all_ru_ahk_to_ru_aho_inner,All Ru-AHK (inner + outer) -> Ru-AHO inner,inner+outer,inner,All Ru-AHK,Delta learning,5,89,0.33293116,1.8938129063731843
SVR,all_ru_ahk_to_ru_aho_inner,All Ru-AHK (inner + outer) -> Ru-AHO inner,inner+outer,inner,All Ru-AHK,Delta learning,5,91,0.10866753,0.4296143057220694
SVR,all_ru_ahk_to_ru_aho_inner,All Ru-AHK (inner + outer) -> Ru-AHO inner,inner+outer,inner,All Ru-AHK,Delta learning,5,92,0.09139463,1.9166648972861904
LinearSVR,all_ru_ahk_to_ru_aho_inner,All Ru-AHK (inner + outer) -> Ru-AHO inner,inner+outer,inner,All Ru-AHK,Mixed transfer,1,0,4.50050002,3.0052989186295527
LinearSVR,all_ru_ahk_to_ru_aho_inner,All Ru-AHK (inner + outer) -> Ru-AHO inner,inner+outer,inner,All Ru-AHK,Mixed transfer,1,4,3.13437597,2.686903166661096
LinearSVR,all_ru_ahk_to_ru_aho_inner,All Ru-AHK (inner + outer) -> Ru-AHO inner,inner+outer,inner,All Ru-AHK,Mixed transfer,1,10,2.89279432,2.700766303426069
LinearSVR,all_ru_ahk_to_ru_aho_inner,All Ru-AHK (inner + outer) -> Ru-AHO inner,inner+outer,inner,All Ru-AHK,Mixed transfer,1,12,2.72095293,2.6779230898788575
LinearSVR,all_ru_ahk_to_ru_aho_inner,All Ru-AHK (inner + outer) -> Ru-AHO inner,inner+outer,inner,All Ru-AHK,Mixed transfer,1,18,2.72095293,2.4489500937870337
LinearSVR,all_ru_ahk_to_ru_aho_inner,All Ru-AHK (inner + outer) -> Ru-AHO inner,inner+outer,inner,All Ru-AHK,Mixed transfer,1,22,2.63729647,3.2965766090063817
LinearSVR,all_ru_ahk_to_ru_aho_inner,All Ru-AHK (inner + outer) -> Ru-AHO inner,inner+outer,inner,All Ru-AHK,Mixed transfer,1,26,2.49268506,1.54194408470559
LinearSVR,all_ru_ahk_to_ru_aho_inner,All Ru-AHK (inner + outer) -> Ru-AHO inner,inner+outer,inner,All Ru-AHK,Mixed transfer,1,31,2.30450133,2.201477978583707
LinearSVR,all_ru_ahk_to_ru_aho_inner,All Ru-AHK (inner + outer) -> Ru-AHO inner,inner+outer,inner,All Ru-AHK,Mixed transfer,1,40,2.13954868,2.233338693122659
LinearSVR,all_ru_ahk_to_ru_aho_inner,All Ru-AHK (inner + outer) -> Ru-AHO inner,inner+outer,inner,All Ru-AHK,Mixed transfer,1,42,2.12255274,2.3614839329918325
LinearSVR,all_ru_ahk_to_ru_aho_inner,All Ru-AHK (inner + outer) -> Ru-AHO inner,inner+outer,inner,All Ru-AHK,Mixed transfer,1,44,2.02174776,2.1492923320034896
LinearSVR,all_ru_ahk_to_ru_aho_inner,All Ru-AHK (inner + outer) -> Ru-AHO inner,inner+outer,inner,All Ru-AHK,Mixed transfer,1,47,1.97754867,1.944269877696279
LinearSVR,all_ru_ahk_to_ru_aho_inner,All Ru-AHK (inner + outer) -> Ru-AHO inner,inner+outer,inner,All Ru-AHK,Mixed transfer,1,62,1.56906465,2.082791282034044
LinearSVR,all_ru_ahk_to_ru_aho_inner,All Ru-AHK (inner + outer) -> Ru-AHO inner,inner+outer,inner,All Ru-AHK,Mixed transfer,1,64,1.53168147,1.453459507018854
LinearSVR,all_ru_ahk_to_ru_aho_inner,All Ru-AHK (inner + outer) -> Ru-AHO inner,inner+outer,inner,All Ru-AHK,Mixed transfer,1,73,1.39055932,1.5316688288579503
LinearSVR,all_ru_ahk_to_ru_aho_inner,All Ru-AHK (inner + outer) -> Ru-AHO inner,inner+outer,inner,All Ru-AHK,Mixed transfer,1,75,1.36999511,1.4281747650360743
LinearSVR,all_ru_ahk_to_ru_aho_inner,All Ru-AHK (inner + outer) -> Ru-AHO inner,inner+outer,inner,All Ru-AHK,Mixed transfer,1,81,1.00421655,1.6019581331735968
LinearSVR,all_ru_ahk_to_ru_aho_inner,All Ru-AHK (inner + outer) -> Ru-AHO inner,inner+outer,inner,All Ru-AHK,Mixed transfer,1,83,0.83956097,-0.29570997790020037
LinearSVR,all_ru_ahk_to_ru_aho_inner,All Ru-AHK (inner + outer) -> Ru-AHO inner,inner+outer,inner,All Ru-AHK,Mixed transfer,1,90,0.19433377,0.07281080258481154
LinearSVR,all_ru_ahk_to_ru_aho_inner,All Ru-AHK (inner + outer) -> Ru-AHO inner,inner+outer,inner,All Ru-AHK,Mixed transfer,1,94,0.04739647,0.6966322351017005
LinearSVR,all_ru_ahk_to_ru_aho_inner,All Ru-AHK (inner + outer) -> Ru-AHO inner,inner+outer,inner,All Ru-AHK,Delta learning,1,0,4.50050002,2.8325281283051287
LinearSVR,all_ru_ahk_to_ru_aho_inner,All Ru-AHK (inner + outer) -> Ru-AHO inner,inner+outer,inner,All Ru-AHK,Delta learning,1,4,3.13437597,2.7070146260637102
LinearSVR,all_ru_ahk_to_ru_aho_inner,All Ru-AHK (inner + outer) -> Ru-AHO inner,inner+outer,inner,All Ru-AHK,Delta learning,1,10,2.89279432,2.8132555090653137
LinearSVR,all_ru_ahk_to_ru_aho_inner,All Ru-AHK (inner + outer) -> Ru-AHO inner,inner+outer,inner,All Ru-AHK,Delta learning,1,12,2.72095293,2.7824768508812605
LinearSVR,all_ru_ahk_to_ru_aho_inner,All Ru-AHK (inner + outer) -> Ru-AHO inner,inner+outer,inner,All Ru-AHK,Delta learning,1,18,2.72095293,2.477862749999993
LinearSVR,all_ru_ahk_to_ru_aho_inner,All Ru-AHK (inner + outer) -> Ru-AHO inner,inner+outer,inner,All Ru-AHK,Delta learning,1,22,2.63729647,1.91490504329573
LinearSVR,all_ru_ahk_to_ru_aho_inner,All Ru-AHK (inner + outer) -> Ru-AHO inner,inner+outer,inner,All Ru-AHK,Delta learning,1,26,2.49268506,1.6831482918034488
LinearSVR,all_ru_ahk_to_ru_aho_inner,All Ru-AHK (inner + outer) -> Ru-AHO inner,inner+outer,inner,All Ru-AHK,Delta learning,1,31,2.30450133,1.6946753185681103
LinearSVR,all_ru_ahk_to_ru_aho_inner,All Ru-AHK (inner + outer) -> Ru-AHO inner,inner+outer,inner,All Ru-AHK,Delta learning,1,40,2.13954868,2.212951926761698
LinearSVR,all_ru_ahk_to_ru_aho_inner,All Ru-AHK (inner + outer) -> Ru-AHO inner,inner+outer,inner,All Ru-AHK,Delta learning,1,42,2.12255274,2.2900794737022787
LinearSVR,all_ru_ahk_to_ru_aho_inner,All Ru-AHK (inner + outer) -> Ru-AHO inner,inner+outer,inner,All Ru-AHK,Delta learning,1,44,2.02174776,2.0366474546856903
LinearSVR,all_ru_ahk_to_ru_aho_inner,All Ru-AHK (inner + outer) -> Ru-AHO inner,inner+outer,inner,All Ru-AHK,Delta learning,1,47,1.97754867,1.638889971514062
LinearSVR,all_ru_ahk_to_ru_aho_inner,All Ru-AHK (inner + outer) -> Ru-AHO inner,inner+outer,inner,All Ru-AHK,Delta learning,1,62,1.56906465,1.9584731019974184
LinearSVR,all_ru_ahk_to_ru_aho_inner,All Ru-AHK (inner + outer) -> Ru-AHO inner,inner+outer,inner,All Ru-AHK,Delta learning,1,64,1.53168147,1.4398945445423765
LinearSVR,all_ru_ahk_to_ru_aho_inner,All Ru-AHK (inner + outer) -> Ru-AHO inner,inner+outer,inner,All Ru-AHK,Delta learning,1,73,1.39055932,1.4370902602971107
LinearSVR,all_ru_ahk_to_ru_aho_inner,All Ru-AHK (inner + outer) -> Ru-AHO inner,inner+outer,inner,All Ru-AHK,Delta learning,1,75,1.36999511,1.318264329997792
LinearSVR,all_ru_ahk_to_ru_aho_inner,All Ru-AHK (inner + outer) -> Ru-AHO inner,inner+outer,inner,All Ru-AHK,Delta learning,1,81,1.00421655,1.6564290044745322
LinearSVR,all_ru_ahk_to_ru_aho_inner,All Ru-AHK (inner + outer) -> Ru-AHO inner,inner+outer,inner,All Ru-AHK,Delta learning,1,83,0.83956097,0.34539516470518716
LinearSVR,all_ru_ahk_to_ru_aho_inner,All Ru-AHK (inner + outer) -> Ru-AHO inner,inner+outer,inner,All Ru-AHK,Delta learning,1,90,0.19433377,0.05499482870996597
LinearSVR,all_ru_ahk_to_ru_aho_inner,All Ru-AHK (inner + outer) -> Ru-AHO inner,inner+outer,inner,All Ru-AHK,Delta learning,1,94,0.04739647,1.8092019849634342
LinearSVR,all_ru_ahk_to_ru_aho_inner,All Ru-AHK (inner + outer) -> Ru-AHO inner,inner+outer,inner,All Ru-AHK,Mixed transfer,2,5,3.13437597,3.1967573731054366
LinearSVR,all_ru_ahk_to_ru_aho_inner,All Ru-AHK (inner + outer) -> Ru-AHO inner,inner+outer,inner,All Ru-AHK,Mixed transfer,2,9,3.13437597,2.595440540796701
LinearSVR,all_ru_ahk_to_ru_aho_inner,All Ru-AHK (inner + outer) -> Ru-AHO inner,inner+outer,inner,All Ru-AHK,Mixed transfer,2,11,2.81808334,2.6550489371363892
LinearSVR,all_ru_ahk_to_ru_aho_inner,All Ru-AHK (inner + outer) -> Ru-AHO inner,inner+outer,inner,All Ru-AHK,Mixed transfer,2,15,2.72095293,0.9212111007103938
LinearSVR,all_ru_ahk_to_ru_aho_inner,All Ru-AHK (inner + outer) -> Ru-AHO inner,inner+outer,inner,All Ru-AHK,Mixed transfer,2,16,2.72095293,2.5925307327482154
LinearSVR,all_ru_ahk_to_ru_aho_inner,All Ru-AHK (inner + outer) -> Ru-AHO inner,inner+outer,inner,All Ru-AHK,Mixed transfer,2,28,2.47786275,2.428105797648692
LinearSVR,all_ru_ahk_to_ru_aho_inner,All Ru-AHK (inner + outer) -> Ru-AHO inner,inner+outer,inner,All Ru-AHK,Mixed transfer,2,30,2.3515711,3.6760738603064325
LinearSVR,all_ru_ahk_to_ru_aho_inner,All Ru-AHK (inner + outer) -> Ru-AHO inner,inner+outer,inner,All Ru-AHK,Mixed transfer,2,33,2.30450133,2.6879015775344075
LinearSVR,all_ru_ahk_to_ru_aho_inner,All Ru-AHK (inner + outer) -> Ru-AHO inner,inner+outer,inner,All Ru-AHK,Mixed transfer,2,35,2.30450133,2.9511260257769543
LinearSVR,all_ru_ahk_to_ru_aho_inner,All Ru-AHK (inner + outer) -> Ru-AHO inner,inner+outer,inner,All Ru-AHK,Mixed transfer,2,39,2.16934032,0.09806983967668947
LinearSVR,all_ru_ahk_to_ru_aho_inner,All Ru-AHK (inner + outer) -> Ru-AHO inner,inner+outer,inner,All Ru-AHK,Mixed transfer,2,45,2.01889808,2.092323389225044
LinearSVR,all_ru_ahk_to_ru_aho_inner,All Ru-AHK (inner + outer) -> Ru-AHO inner,inner+outer,inner,All Ru-AHK,Mixed transfer,2,49,1.9607788,-0.39245286304756144
LinearSVR,all_ru_ahk_to_ru_aho_inner,All Ru-AHK (inner + outer) -> Ru-AHO inner,inner+outer,inner,All Ru-AHK,Mixed transfer,2,65,1.53168147,1.569037916925684
LinearSVR,all_ru_ahk_to_ru_aho_inner,All Ru-AHK (inner + outer) -> Ru-AHO inner,inner+outer,inner,All Ru-AHK,Mixed transfer,2,68,1.49260764,1.8292872569456196
LinearSVR,all_ru_ahk_to_ru_aho_inner,All Ru-AHK (inner + outer) -> Ru-AHO inner,inner+outer,inner,All Ru-AHK,Mixed transfer,2,69,1.48763592,2.55833617502722
LinearSVR,all_ru_ahk_to_ru_aho_inner,All Ru-AHK (inner + outer) -> Ru-AHO inner,inner+outer,inner,All Ru-AHK,Mixed transfer,2,70,1.47570337,1.2064647734092304
LinearSVR,all_ru_ahk_to_ru_aho_inner,All Ru-AHK (inner + outer) -> Ru-AHO inner,inner+outer,inner,All Ru-AHK,Mixed transfer,2,72,1.40708549,1.569037916925684
LinearSVR,all_ru_ahk_to_ru_aho_inner,All Ru-AHK (inner + outer) -> Ru-AHO inner,inner+outer,inner,All Ru-AHK,Mixed transfer,2,80,1.31904107,1.3045279814813888
LinearSVR,all_ru_ahk_to_ru_aho_inner,All Ru-AHK (inner + outer) -> Ru-AHO inner,inner+outer,inner,All Ru-AHK,Mixed transfer,2,88,0.39647984,1.7619338569342027
LinearSVR,all_ru_ahk_to_ru_aho_inner,All Ru-AHK (inner + outer) -> Ru-AHO inner,inner+outer,inner,All Ru-AHK,Mixed transfer,2,93,0.04819171,0.23307725399436552
LinearSVR,all_ru_ahk_to_ru_aho_inner,All Ru-AHK (inner + outer) -> Ru-AHO inner,inner+outer,inner,All Ru-AHK,Delta learning,2,5,3.13437597,3.1313348735057582
LinearSVR,all_ru_ahk_to_ru_aho_inner,All Ru-AHK (inner + outer) -> Ru-AHO inner,inner+outer,inner,All Ru-AHK,Delta learning,2,9,3.13437597,2.7960242444677803
LinearSVR,all_ru_ahk_to_ru_aho_inner,All Ru-AHK (inner + outer) -> Ru-AHO inner,inner+outer,inner,All Ru-AHK,Delta learning,2,11,2.81808334,2.6435425448387253
LinearSVR,all_ru_ahk_to_ru_aho_inner,All Ru-AHK (inner + outer) -> Ru-AHO inner,inner+outer,inner,All Ru-AHK,Delta learning,2,15,2.72095293,1.2278180577569326
LinearSVR,all_ru_ahk_to_ru_aho_inner,All Ru-AHK (inner + outer) -> Ru-AHO inner,inner+outer,inner,All Ru-AHK,Delta learning,2,16,2.72095293,2.5214743756250515
LinearSVR,all_ru_ahk_to_ru_aho_inner,All Ru-AHK (inner + outer) -> Ru-AHO inner,inner+outer,inner,All Ru-AHK,Delta learning,2,28,2.47786275,2.7139150768692906
LinearSVR,all_ru_ahk_to_ru_aho_inner,All Ru-AHK (inner + outer) -> Ru-AHO inner,inner+outer,inner,All Ru-AHK,Delta learning,2,30,2.3515711,3.4418708981579
LinearSVR,all_ru_ahk_to_ru_aho_inner,All Ru-AHK (inner + outer) -> Ru-AHO inner,inner+outer,inner,All Ru-AHK,Delta learning,2,33,2.30450133,2.684217101120085
LinearSVR,all_ru_ahk_to_ru_aho_inner,All Ru-AHK (inner + outer) -> Ru-AHO inner,inner+outer,inner,All Ru-AHK,Delta learning,2,35,2.30450133,2.6188008266577154
LinearSVR,all_ru_ahk_to_ru_aho_inner,All Ru-AHK (inner + outer) -> Ru-AHO inner,inner+outer,inner,All Ru-AHK,Delta learning,2,39,2.16934032,2.2667974415730203
LinearSVR,all_ru_ahk_to_ru_aho_inner,All Ru-AHK (inner + outer) -> Ru-AHO inner,inner+outer,inner,All Ru-AHK,Delta learning,2,45,2.01889808,1.8962086754304701
LinearSVR,all_ru_ahk_to_ru_aho_inner,All Ru-AHK (inner + outer) -> Ru-AHO inner,inner+outer,inner,All Ru-AHK,Delta learning,2,49,1.9607788,-2.060260734808386
LinearSVR,all_ru_ahk_to_ru_aho_inner,All Ru-AHK (inner + outer) -> Ru-AHO inner,inner+outer,inner,All Ru-AHK,Delta learning,2,65,1.53168147,1.0053661691630884
LinearSVR,all_ru_ahk_to_ru_aho_inner,All Ru-AHK (inner + outer) -> Ru-AHO inner,inner+outer,inner,All Ru-AHK,Delta learning,2,68,1.49260764,1.8509823300942143
LinearSVR,all_ru_ahk_to_ru_aho_inner,All Ru-AHK (inner + outer) -> Ru-AHO inner,inner+outer,inner,All Ru-AHK,Delta learning,2,69,1.48763592,1.7435259638583944
LinearSVR,all_ru_ahk_to_ru_aho_inner,All Ru-AHK (inner + outer) -> Ru-AHO inner,inner+outer,inner,All Ru-AHK,Delta learning,2,70,1.47570337,1.4623849026350424
LinearSVR,all_ru_ahk_to_ru_aho_inner,All Ru-AHK (inner + outer) -> Ru-AHO inner,inner+outer,inner,All Ru-AHK,Delta learning,2,72,1.40708549,1.0053661691630884
LinearSVR,all_ru_ahk_to_ru_aho_inner,All Ru-AHK (inner + outer) -> Ru-AHO inner,inner+outer,inner,All Ru-AHK,Delta learning,2,80,1.31904107,1.347031383907927
LinearSVR,all_ru_ahk_to_ru_aho_inner,All Ru-AHK (inner + outer) -> Ru-AHO inner,inner+outer,inner,All Ru-AHK,Delta learning,2,88,0.39647984,0.9855169473699519
LinearSVR,all_ru_ahk_to_ru_aho_inner,All Ru-AHK (inner + outer) -> Ru-AHO inner,inner+outer,inner,All Ru-AHK,Delta learning,2,93,0.04819171,0.19433376999999896
LinearSVR,all_ru_ahk_to_ru_aho_inner,All Ru-AHK (inner + outer) -> Ru-AHO inner,inner+outer,inner,All Ru-AHK,Mixed transfer,3,3,3.67873076,1.9358074452666727
LinearSVR,all_ru_ahk_to_ru_aho_inner,All Ru-AHK (inner + outer) -> Ru-AHO inner,inner+outer,inner,All Ru-AHK,Mixed transfer,3,6,3.13437597,1.336119658528643
LinearSVR,all_ru_ahk_to_ru_aho_inner,All Ru-AHK (inner + outer) -> Ru-AHO inner,inner+outer,inner,All Ru-AHK,Mixed transfer,3,7,3.13437597,3.1430008404680176
LinearSVR,all_ru_ahk_to_ru_aho_inner,All Ru-AHK (inner + outer) -> Ru-AHO inner,inner+outer,inner,All Ru-AHK,Mixed transfer,3,8,3.13437597,1.3283361277710641
LinearSVR,all_ru_ahk_to_ru_aho_inner,All Ru-AHK (inner + outer) -> Ru-AHO inner,inner+outer,inner,All Ru-AHK,Mixed transfer,3,13,2.72095293,2.7536715294131664
LinearSVR,all_ru_ahk_to_ru_aho_inner,All Ru-AHK (inner + outer) -> Ru-AHO inner,inner+outer,inner,All Ru-AHK,Mixed transfer,3,17,2.72095293,2.767909539623987
LinearSVR,all_ru_ahk_to_ru_aho_inner,All Ru-AHK (inner + outer) -> Ru-AHO inner,inner+outer,inner,All Ru-AHK,Mixed transfer,3,19,2.72095293,2.65694123851513
LinearSVR,all_ru_ahk_to_ru_aho_inner,All Ru-AHK (inner + outer) -> Ru-AHO inner,inner+outer,inner,All Ru-AHK,Mixed transfer,3,24,2.49823771,2.774767764062105
LinearSVR,all_ru_ahk_to_ru_aho_inner,All Ru-AHK (inner + outer) -> Ru-AHO inner,inner+outer,inner,All Ru-AHK,Mixed transfer,3,25,2.49823771,2.5376357304654182
LinearSVR,all_ru_ahk_to_ru_aho_inner,All Ru-AHK (inner + outer) -> Ru-AHO inner,inner+outer,inner,All Ru-AHK,Mixed transfer,3,27,2.47786275,2.8410902982278037
LinearSVR,all_ru_ahk_to_ru_aho_inner,All Ru-AHK (inner + outer) -> Ru-AHO inner,inner+outer,inner,All Ru-AHK,Mixed transfer,3,34,2.30450133,2.8929294442634186
LinearSVR,all_ru_ahk_to_ru_aho_inner,All Ru-AHK (inner + outer) -> Ru-AHO inner,inner+outer,inner,All Ru-AHK,Mixed transfer,3,36,2.28957767,2.4801842095847793
LinearSVR,all_ru_ahk_to_ru_aho_inner,All Ru-AHK (inner + outer) -> Ru-AHO inner,inner+outer,inner,All Ru-AHK,Mixed transfer,3,38,2.20688949,3.329236080848387
LinearSVR,all_ru_ahk_to_ru_aho_inner,All Ru-AHK (inner + outer) -> Ru-AHO inner,inner+outer,inner,All Ru-AHK,Mixed transfer,3,53,1.84440958,2.003257134382846
LinearSVR,all_ru_ahk_to_ru_aho_inner,All Ru-AHK (inner + outer) -> Ru-AHO inner,inner+outer,inner,All Ru-AHK,Mixed transfer,3,55,1.80901573,2.1432718972151332
LinearSVR,all_ru_ahk_to_ru_aho_inner,All Ru-AHK (inner + outer) -> Ru-AHO inner,inner+outer,inner,All Ru-AHK,Mixed transfer,3,56,1.73731552,2.4801842095847793
LinearSVR,all_ru_ahk_to_ru_aho_inner,All Ru-AHK (inner + outer) -> Ru-AHO inner,inner+outer,inner,All Ru-AHK,Mixed transfer,3,76,1.36999511,0.12842272815884126
LinearSVR,all_ru_ahk_to_ru_aho_inner,All Ru-AHK (inner + outer) -> Ru-AHO inner,inner+outer,inner,All Ru-AHK,Mixed transfer,3,78,1.35390456,1.450075634341819
LinearSVR,all_ru_ahk_to_ru_aho_inner,All Ru-AHK (inner + outer) -> Ru-AHO inner,inner+outer,inner,All Ru-AHK,Mixed transfer,3,79,1.33471728,1.2733173258484873
LinearSVR,all_ru_ahk_to_ru_aho_inner,All Ru-AHK (inner + outer) -> Ru-AHO inner,inner+outer,inner,All Ru-AHK,Mixed transfer,3,85,0.80254597,0.08475007402329382
LinearSVR,all_ru_ahk_to_ru_aho_inner,All Ru-AHK (inner + outer) -> Ru-AHO inner,inner+outer,inner,All Ru-AHK,Delta learning,3,3,3.67873076,2.66986611790024
LinearSVR,all_ru_ahk_to_ru_aho_inner,All Ru-AHK (inner + outer) -> Ru-AHO inner,inner+outer,inner,All Ru-AHK,Delta learning,3,6,3.13437597,-1.0294288083340768
LinearSVR,all_ru_ahk_to_ru_aho_inner,All Ru-AHK (inner + outer) -> Ru-AHO inner,inner+outer,inner,All Ru-AHK,Delta learning,3,7,3.13437597,4.576190213444034
LinearSVR,all_ru_ahk_to_ru_aho_inner,All Ru-AHK (inner + outer) -> Ru-AHO inner,inner+outer,inner,All Ru-AHK,Delta learning,3,8,3.13437597,0.4175233862730785
LinearSVR,all_ru_ahk_to_ru_aho_inner,All Ru-AHK (inner + outer) -> Ru-AHO inner,inner+outer,inner,All Ru-AHK,Delta learning,3,13,2.72095293,3.826307822090287
LinearSVR,all_ru_ahk_to_ru_aho_inner,All Ru-AHK (inner + outer) -> Ru-AHO inner,inner+outer,inner,All Ru-AHK,Delta learning,3,17,2.72095293,3.033877345537415
LinearSVR,all_ru_ahk_to_ru_aho_inner,All Ru-AHK (inner + outer) -> Ru-AHO inner,inner+outer,inner,All Ru-AHK,Delta learning,3,19,2.72095293,2.7889843597223076
LinearSVR,all_ru_ahk_to_ru_aho_inner,All Ru-AHK (inner + outer) -> Ru-AHO inner,inner+outer,inner,All Ru-AHK,Delta learning,3,24,2.49823771,2.5753733510030123
LinearSVR,all_ru_ahk_to_ru_aho_inner,All Ru-AHK (inner + outer) -> Ru-AHO inner,inner+outer,inner,All Ru-AHK,Delta learning,3,25,2.49823771,2.1373766157785266
LinearSVR,all_ru_ahk_to_ru_aho_inner,All Ru-AHK (inner + outer) -> Ru-AHO inner,inner+outer,inner,All Ru-AHK,Delta learning,3,27,2.47786275,4.4132913533501945
LinearSVR,all_ru_ahk_to_ru_aho_inner,All Ru-AHK (inner + outer) -> Ru-AHO inner,inner+outer,inner,All Ru-AHK,Delta learning,3,34,2.30450133,3.5394785420301207
LinearSVR,all_ru_ahk_to_ru_aho_inner,All Ru-AHK (inner + outer) -> Ru-AHO inner,inner+outer,inner,All Ru-AHK,Delta learning,3,36,2.28957767,2.611115736852829
LinearSVR,all_ru_ahk_to_ru_aho_inner,All Ru-AHK (inner + outer) -> Ru-AHO inner,inner+outer,inner,All Ru-AHK,Delta learning,3,38,2.20688949,3.2279859211377078
LinearSVR,all_ru_ahk_to_ru_aho_inner,All Ru-AHK (inner + outer) -> Ru-AHO inner,inner+outer,inner,All Ru-AHK,Delta learning,3,53,1.84440958,1.9405863274605117
LinearSVR,all_ru_ahk_to_ru_aho_inner,All Ru-AHK (inner + outer) -> Ru-AHO inner,inner+outer,inner,All Ru-AHK,Delta learning,3,55,1.80901573,2.061869419069535
LinearSVR,all_ru_ahk_to_ru_aho_inner,All Ru-AHK (inner + outer) -> Ru-AHO inner,inner+outer,inner,All Ru-AHK,Delta learning,3,56,1.73731552,2.611115736852829
LinearSVR,all_ru_ahk_to_ru_aho_inner,All Ru-AHK (inner + outer) -> Ru-AHO inner,inner+outer,inner,All Ru-AHK,Delta learning,3,76,1.36999511,-1.1658017324044785
LinearSVR,all_ru_ahk_to_ru_aho_inner,All Ru-AHK (inner + outer) -> Ru-AHO inner,inner+outer,inner,All Ru-AHK,Delta learning,3,78,1.35390456,1.4126887661911403
LinearSVR,all_ru_ahk_to_ru_aho_inner,All Ru-AHK (inner + outer) -> Ru-AHO inner,inner+outer,inner,All Ru-AHK,Delta learning,3,79,1.33471728,1.009538254083558
LinearSVR,all_ru_ahk_to_ru_aho_inner,All Ru-AHK (inner + outer) -> Ru-AHO inner,inner+outer,inner,All Ru-AHK,Delta learning,3,85,0.80254597,-0.9030092223977757
LinearSVR,all_ru_ahk_to_ru_aho_inner,All Ru-AHK (inner + outer) -> Ru-AHO inner,inner+outer,inner,All Ru-AHK,Mixed transfer,4,32,2.30450133,2.6275796200458625
LinearSVR,all_ru_ahk_to_ru_aho_inner,All Ru-AHK (inner + outer) -> Ru-AHO inner,inner+outer,inner,All Ru-AHK,Mixed transfer,4,41,2.13444943,2.1522772938132912
LinearSVR,all_ru_ahk_to_ru_aho_inner,All Ru-AHK (inner + outer) -> Ru-AHO inner,inner+outer,inner,All Ru-AHK,Mixed transfer,4,43,2.11117069,1.4958550500942898
LinearSVR,all_ru_ahk_to_ru_aho_inner,All Ru-AHK (inner + outer) -> Ru-AHO inner,inner+outer,inner,All Ru-AHK,Mixed transfer,4,46,2.00941149,2.685992204630902
LinearSVR,all_ru_ahk_to_ru_aho_inner,All Ru-AHK (inner + outer) -> Ru-AHO inner,inner+outer,inner,All Ru-AHK,Mixed transfer,4,48,1.96551622,1.6966821180695446
LinearSVR,all_ru_ahk_to_ru_aho_inner,All Ru-AHK (inner + outer) -> Ru-AHO inner,inner+outer,inner,All Ru-AHK,Mixed transfer,4,50,1.95650617,1.6396601655432819
LinearSVR,all_ru_ahk_to_ru_aho_inner,All Ru-AHK (inner + outer) -> Ru-AHO inner,inner+outer,inner,All Ru-AHK,Mixed transfer,4,54,1.80901573,2.072234112154452
LinearSVR,all_ru_ahk_to_ru_aho_inner,All Ru-AHK (inner + outer) -> Ru-AHO inner,inner+outer,inner,All Ru-AHK,Mixed transfer,4,57,1.68395754,1.8582061439584885
LinearSVR,all_ru_ahk_to_ru_aho_inner,All Ru-AHK (inner + outer) -> Ru-AHO inner,inner+outer,inner,All Ru-AHK,Mixed transfer,4,58,1.66417952,1.4913535330301522
LinearSVR,all_ru_ahk_to_ru_aho_inner,All Ru-AHK (inner + outer) -> Ru-AHO inner,inner+outer,inner,All Ru-AHK,Mixed transfer,4,59,1.62929332,1.4096862725427708
LinearSVR,all_ru_ahk_to_ru_aho_inner,All Ru-AHK (inner + outer) -> Ru-AHO inner,inner+outer,inner,All Ru-AHK,Mixed transfer,4,61,1.57873877,1.4746453520743743
LinearSVR,all_ru_ahk_to_ru_aho_inner,All Ru-AHK (inner + outer) -> Ru-AHO inner,inner+outer,inner,All Ru-AHK,Mixed transfer,4,63,1.56019653,1.4953734620359422
LinearSVR,all_ru_ahk_to_ru_aho_inner,All Ru-AHK (inner + outer) -> Ru-AHO inner,inner+outer,inner,All Ru-AHK,Mixed transfer,4,66,1.51369193,1.4966005122775328
LinearSVR,all_ru_ahk_to_ru_aho_inner,All Ru-AHK (inner + outer) -> Ru-AHO inner,inner+outer,inner,All Ru-AHK,Mixed transfer,4,67,1.51369193,1.5631595599031405
LinearSVR,all_ru_ahk_to_ru_aho_inner,All Ru-AHK (inner + outer) -> Ru-AHO inner,inner+outer,inner,All Ru-AHK,Mixed transfer,4,77,1.36283425,1.234716607464083
LinearSVR,all_ru_ahk_to_ru_aho_inner,All Ru-AHK (inner + outer) -> Ru-AHO inner,inner+outer,inner,All Ru-AHK,Mixed transfer,4,84,0.80438248,1.7642801322970505
LinearSVR,all_ru_ahk_to_ru_aho_inner,All Ru-AHK (inner + outer) -> Ru-AHO inner,inner+outer,inner,All Ru-AHK,Mixed transfer,4,95,0.0120419,0.9238532982637795
LinearSVR,all_ru_ahk_to_ru_aho_inner,All Ru-AHK (inner + outer) -> Ru-AHO inner,inner+outer,inner,All Ru-AHK,Mixed transfer,4,96,0.0,1.0170327101089593
LinearSVR,all_ru_ahk_to_ru_aho_inner,All Ru-AHK (inner + outer) -> Ru-AHO inner,inner+outer,inner,All Ru-AHK,Mixed transfer,4,97,0.0,1.265597599319194
LinearSVR,all_ru_ahk_to_ru_aho_inner,All Ru-AHK (inner + outer) -> Ru-AHO inner,inner+outer,inner,All Ru-AHK,Delta learning,4,32,2.30450133,2.401682502248049
LinearSVR,all_ru_ahk_to_ru_aho_inner,All Ru-AHK (inner + outer) -> Ru-AHO inner,inner+outer,inner,All Ru-AHK,Delta learning,4,41,2.13444943,2.4745386654299972
LinearSVR,all_ru_ahk_to_ru_aho_inner,All Ru-AHK (inner + outer) -> Ru-AHO inner,inner+outer,inner,All Ru-AHK,Delta learning,4,43,2.11117069,1.5086126563566598
LinearSVR,all_ru_ahk_to_ru_aho_inner,All Ru-AHK (inner + outer) -> Ru-AHO inner,inner+outer,inner,All Ru-AHK,Delta learning,4,46,2.00941149,2.82003037834056
LinearSVR,all_ru_ahk_to_ru_aho_inner,All Ru-AHK (inner + outer) -> Ru-AHO inner,inner+outer,inner,All Ru-AHK,Delta learning,4,48,1.96551622,2.0595031226465625
LinearSVR,all_ru_ahk_to_ru_aho_inner,All Ru-AHK (inner + outer) -> Ru-AHO inner,inner+outer,inner,All Ru-AHK,Delta learning,4,50,1.95650617,1.5787443627033892
LinearSVR,all_ru_ahk_to_ru_aho_inner,All Ru-AHK (inner + outer) -> Ru-AHO inner,inner+outer,inner,All Ru-AHK,Delta learning,4,54,1.80901573,2.711638368016753
LinearSVR,all_ru_ahk_to_ru_aho_inner,All Ru-AHK (inner + outer) -> Ru-AHO inner,inner+outer,inner,All Ru-AHK,Delta learning,4,57,1.68395754,1.8895821383862257
LinearSVR,all_ru_ahk_to_ru_aho_inner,All Ru-AHK (inner + outer) -> Ru-AHO inner,inner+outer,inner,All Ru-AHK,Delta learning,4,58,1.66417952,1.7654029852837096
LinearSVR,all_ru_ahk_to_ru_aho_inner,All Ru-AHK (inner + outer) -> Ru-AHO inner,inner+outer,inner,All Ru-AHK,Delta learning,4,59,1.62929332,1.8085445660712443
LinearSVR,all_ru_ahk_to_ru_aho_inner,All Ru-AHK (inner + outer) -> Ru-AHO inner,inner+outer,inner,All Ru-AHK,Delta learning,4,61,1.57873877,1.020137069104725
LinearSVR,all_ru_ahk_to_ru_aho_inner,All Ru-AHK (inner + outer) -> Ru-AHO inner,inner+outer,inner,All Ru-AHK,Delta learning,4,63,1.56019653,1.0348874206551086
LinearSVR,all_ru_ahk_to_ru_aho_inner,All Ru-AHK (inner + outer) -> Ru-AHO inner,inner+outer,inner,All Ru-AHK,Delta learning,4,66,1.51369193,1.4513809164043705
LinearSVR,all_ru_ahk_to_ru_aho_inner,All Ru-AHK (inner + outer) -> Ru-AHO inner,inner+outer,inner,All Ru-AHK,Delta learning,4,67,1.51369193,1.370246188931275
LinearSVR,all_ru_ahk_to_ru_aho_inner,All Ru-AHK (inner + outer) -> Ru-AHO inner,inner+outer,inner,All Ru-AHK,Delta learning,4,77,1.36283425,0.23572826498988309
LinearSVR,all_ru_ahk_to_ru_aho_inner,All Ru-AHK (inner + outer) -> Ru-AHO inner,inner+outer,inner,All Ru-AHK,Delta learning,4,84,0.80438248,1.6720441286348926
LinearSVR,all_ru_ahk_to_ru_aho_inner,All Ru-AHK (inner + outer) -> Ru-AHO inner,inner+outer,inner,All Ru-AHK,Delta learning,4,95,0.0120419,0.9007021410668912
LinearSVR,all_ru_ahk_to_ru_aho_inner,All Ru-AHK (inner + outer) -> Ru-AHO inner,inner+outer,inner,All Ru-AHK,Delta learning,4,96,0.0,0.6276387412734519
LinearSVR,all_ru_ahk_to_ru_aho_inner,All Ru-AHK (inner + outer) -> Ru-AHO inner,inner+outer,inner,All Ru-AHK,Delta learning,4,97,0.0,-0.010288786764121038
LinearSVR,all_ru_ahk_to_ru_aho_inner,All Ru-AHK (inner + outer) -> Ru-AHO inner,inner+outer,inner,All Ru-AHK,Mixed transfer,5,1,4.50050002,2.711827313416088
LinearSVR,all_ru_ahk_to_ru_aho_inner,All Ru-AHK (inner + outer) -> Ru-AHO inner,inner+outer,inner,All Ru-AHK,Mixed transfer,5,2,3.84937533,2.684290828000954
LinearSVR,all_ru_ahk_to_ru_aho_inner,All Ru-AHK (inner + outer) -> Ru-AHO inner,inner+outer,inner,All Ru-AHK,Mixed transfer,5,14,2.72095293,2.7876934630114842
LinearSVR,all_ru_ahk_to_ru_aho_inner,All Ru-AHK (inner + outer) -> Ru-AHO inner,inner+outer,inner,All Ru-AHK,Mixed transfer,5,20,2.72095293,2.387006957855246
LinearSVR,all_ru_ahk_to_ru_aho_inner,All Ru-AHK (inner + outer) -> Ru-AHO inner,inner+outer,inner,All Ru-AHK,Mixed transfer,5,21,2.6917632,2.5960656277910408
LinearSVR,all_ru_ahk_to_ru_aho_inner,All Ru-AHK (inner + outer) -> Ru-AHO inner,inner+outer,inner,All Ru-AHK,Mixed transfer,5,23,2.61179564,2.1384167724897503
LinearSVR,all_ru_ahk_to_ru_aho_inner,All Ru-AHK (inner + outer) -> Ru-AHO inner,inner+outer,inner,All Ru-AHK,Mixed transfer,5,29,2.47786275,2.468237120051145
LinearSVR,all_ru_ahk_to_ru_aho_inner,All Ru-AHK (inner + outer) -> Ru-AHO inner,inner+outer,inner,All Ru-AHK,Mixed transfer,5,37,2.26077037,1.2443309396088935
LinearSVR,all_ru_ahk_to_ru_aho_inner,All Ru-AHK (inner + outer) -> Ru-AHO inner,inner+outer,inner,All Ru-AHK,Mixed transfer,5,51,1.94448624,1.705283580753708
LinearSVR,all_ru_ahk_to_ru_aho_inner,All Ru-AHK (inner + outer) -> Ru-AHO inner,inner+outer,inner,All Ru-AHK,Mixed transfer,5,52,1.88185187,1.799836816762155
LinearSVR,all_ru_ahk_to_ru_aho_inner,All Ru-AHK (inner + outer) -> Ru-AHO inner,inner+outer,inner,All Ru-AHK,Mixed transfer,5,60,1.62929332,2.6832977855701836
LinearSVR,all_ru_ahk_to_ru_aho_inner,All Ru-AHK (inner + outer) -> Ru-AHO inner,inner+outer,inner,All Ru-AHK,Mixed transfer,5,71,1.47016368,1.429080661663066
LinearSVR,all_ru_ahk_to_ru_aho_inner,All Ru-AHK (inner + outer) -> Ru-AHO inner,inner+outer,inner,All Ru-AHK,Mixed transfer,5,74,1.38325909,1.3147101162296466
LinearSVR,all_ru_ahk_to_ru_aho_inner,All Ru-AHK (inner + outer) -> Ru-AHO inner,inner+outer,inner,All Ru-AHK,Mixed transfer,5,82,0.99242206,1.5898244290022547
LinearSVR,all_ru_ahk_to_ru_aho_inner,All Ru-AHK (inner + outer) -> Ru-AHO inner,inner+outer,inner,All Ru-AHK,Mixed transfer,5,86,0.67501313,2.273223565773282
LinearSVR,all_ru_ahk_to_ru_aho_inner,All Ru-AHK (inner + outer) -> Ru-AHO inner,inner+outer,inner,All Ru-AHK,Mixed transfer,5,87,0.56782018,4.310606943973015
LinearSVR,all_ru_ahk_to_ru_aho_inner,All Ru-AHK (inner + outer) -> Ru-AHO inner,inner+outer,inner,All Ru-AHK,Mixed transfer,5,89,0.33293116,4.906289569330191
LinearSVR,all_ru_ahk_to_ru_aho_inner,All Ru-AHK (inner + outer) -> Ru-AHO inner,inner+outer,inner,All Ru-AHK,Mixed transfer,5,91,0.10866753,-0.024077910206430797
LinearSVR,all_ru_ahk_to_ru_aho_inner,All Ru-AHK (inner + outer) -> Ru-AHO inner,inner+outer,inner,All Ru-AHK,Mixed transfer,5,92,0.09139463,2.124941815912728
LinearSVR,all_ru_ahk_to_ru_aho_inner,All Ru-AHK (inner + outer) -> Ru-AHO inner,inner+outer,inner,All Ru-AHK,Delta learning,5,1,4.50050002,2.5583183063130606
LinearSVR,all_ru_ahk_to_ru_aho_inner,All Ru-AHK (inner + outer) -> Ru-AHO inner,inner+outer,inner,All Ru-AHK,Delta learning,5,2,3.84937533,2.2755059132258815
LinearSVR,all_ru_ahk_to_ru_aho_inner,All Ru-AHK (inner + outer) -> Ru-AHO inner,inner+outer,inner,All Ru-AHK,Delta learning,5,14,2.72095293,2.7072733429967277
LinearSVR,all_ru_ahk_to_ru_aho_inner,All Ru-AHK (inner + outer) -> Ru-AHO inner,inner+outer,inner,All Ru-AHK,Delta learning,5,20,2.72095293,2.047655290126126
LinearSVR,all_ru_ahk_to_ru_aho_inner,All Ru-AHK (inner + outer) -> Ru-AHO inner,inner+outer,inner,All Ru-AHK,Delta learning,5,21,2.6917632,3.243986578009695
LinearSVR,all_ru_ahk_to_ru_aho_inner,All Ru-AHK (inner + outer) -> Ru-AHO inner,inner+outer,inner,All Ru-AHK,Delta learning,5,23,2.61179564,2.1189737288050225
LinearSVR,all_ru_ahk_to_ru_aho_inner,All Ru-AHK (inner + outer) -> Ru-AHO inner,inner+outer,inner,All Ru-AHK,Delta learning,5,29,2.47786275,2.6787001889189876
LinearSVR,all_ru_ahk_to_ru_aho_inner,All Ru-AHK (inner + outer) -> Ru-AHO inner,inner+outer,inner,All Ru-AHK,Delta learning,5,37,2.26077037,1.5813527680152255
LinearSVR,all_ru_ahk_to_ru_aho_inner,All Ru-AHK (inner + outer) -> Ru-AHO inner,inner+outer,inner,All Ru-AHK,Delta learning,5,51,1.94448624,1.9155854644902075
LinearSVR,all_ru_ahk_to_ru_aho_inner,All Ru-AHK (inner + outer) -> Ru-AHO inner,inner+outer,inner,All Ru-AHK,Delta learning,5,52,1.88185187,1.7235007346518645
LinearSVR,all_ru_ahk_to_ru_aho_inner,All Ru-AHK (inner + outer) -> Ru-AHO inner,inner+outer,inner,All Ru-AHK,Delta learning,5,60,1.62929332,2.8143832108105755
LinearSVR,all_ru_ahk_to_ru_aho_inner,All Ru-AHK (inner + outer) -> Ru-AHO inner,inner+outer,inner,All Ru-AHK,Delta learning,5,71,1.47016368,1.6569795080054468
LinearSVR,all_ru_ahk_to_ru_aho_inner,All Ru-AHK (inner + outer) -> Ru-AHO inner,inner+outer,inner,All Ru-AHK,Delta learning,5,74,1.38325909,1.470461425497176
LinearSVR,all_ru_ahk_to_ru_aho_inner,All Ru-AHK (inner + outer) -> Ru-AHO inner,inner+outer,inner,All Ru-AHK,Delta learning,5,82,0.99242206,1.0015366611069108
LinearSVR,all_ru_ahk_to_ru_aho_inner,All Ru-AHK (inner + outer) -> Ru-AHO inner,inner+outer,inner,All Ru-AHK,Delta learning,5,86,0.67501313,2.1456361465963756
LinearSVR,all_ru_ahk_to_ru_aho_inner,All Ru-AHK (inner + outer) -> Ru-AHO inner,inner+outer,inner,All Ru-AHK,Delta learning,5,87,0.56782018,2.4707668775169154
LinearSVR,all_ru_ahk_to_ru_aho_inner,All Ru-AHK (inner + outer) -> Ru-AHO inner,inner+outer,inner,All Ru-AHK,Delta learning,5,89,0.33293116,4.894928365217638
LinearSVR,all_ru_ahk_to_ru_aho_inner,All Ru-AHK (inner + outer) -> Ru-AHO inner,inner+outer,inner,All Ru-AHK,Delta learning,5,91,0.10866753,-0.24915277245036904
LinearSVR,all_ru_ahk_to_ru_aho_inner,All Ru-AHK (inner + outer) -> Ru-AHO inner,inner+outer,inner,All Ru-AHK,Delta learning,5,92,0.09139463,2.4055278222591348
DecisionTreeRegressor,all_ru_ahk_to_ru_aho_inner,All Ru-AHK (inner + outer) -> Ru-AHO inner,inner+outer,inner,All Ru-AHK,Mixed transfer,1,0,4.50050002,2.30450133
DecisionTreeRegressor,all_ru_ahk_to_ru_aho_inner,All Ru-AHK (inner + outer) -> Ru-AHO inner,inner+outer,inner,All Ru-AHK,Mixed transfer,1,4,3.13437597,2.72095293
DecisionTreeRegressor,all_ru_ahk_to_ru_aho_inner,All Ru-AHK (inner + outer) -> Ru-AHO inner,inner+outer,inner,All Ru-AHK,Mixed transfer,1,10,2.89279432,2.81808334
DecisionTreeRegressor,all_ru_ahk_to_ru_aho_inner,All Ru-AHK (inner + outer) -> Ru-AHO inner,inner+outer,inner,All Ru-AHK,Mixed transfer,1,12,2.72095293,2.81808334
DecisionTreeRegressor,all_ru_ahk_to_ru_aho_inner,All Ru-AHK (inner + outer) -> Ru-AHO inner,inner+outer,inner,All Ru-AHK,Mixed transfer,1,18,2.72095293,2.47786275
DecisionTreeRegressor,all_ru_ahk_to_ru_aho_inner,All Ru-AHK (inner + outer) -> Ru-AHO inner,inner+outer,inner,All Ru-AHK,Mixed transfer,1,22,2.63729647,2.30450133
DecisionTreeRegressor,all_ru_ahk_to_ru_aho_inner,All Ru-AHK (inner + outer) -> Ru-AHO inner,inner+outer,inner,All Ru-AHK,Mixed transfer,1,26,2.49268506,2.11117069
DecisionTreeRegressor,all_ru_ahk_to_ru_aho_inner,All Ru-AHK (inner + outer) -> Ru-AHO inner,inner+outer,inner,All Ru-AHK,Mixed transfer,1,31,2.30450133,1.80901573
DecisionTreeRegressor,all_ru_ahk_to_ru_aho_inner,All Ru-AHK (inner + outer) -> Ru-AHO inner,inner+outer,inner,All Ru-AHK,Mixed transfer,1,40,2.13954868,2.01889808
DecisionTreeRegressor,all_ru_ahk_to_ru_aho_inner,All Ru-AHK (inner + outer) -> Ru-AHO inner,inner+outer,inner,All Ru-AHK,Mixed transfer,1,42,2.12255274,2.2128962766666667
DecisionTreeRegressor,all_ru_ahk_to_ru_aho_inner,All Ru-AHK (inner + outer) -> Ru-AHO inner,inner+outer,inner,All Ru-AHK,Mixed transfer,1,44,2.02174776,1.84440958
DecisionTreeRegressor,all_ru_ahk_to_ru_aho_inner,All Ru-AHK (inner + outer) -> Ru-AHO inner,inner+outer,inner,All Ru-AHK,Mixed transfer,1,47,1.97754867,0.0642699620540794
DecisionTreeRegressor,all_ru_ahk_to_ru_aho_inner,All Ru-AHK (inner + outer) -> Ru-AHO inner,inner+outer,inner,All Ru-AHK,Mixed transfer,1,62,1.56906465,1.84440958
DecisionTreeRegressor,all_ru_ahk_to_ru_aho_inner,All Ru-AHK (inner + outer) -> Ru-AHO inner,inner+outer,inner,All Ru-AHK,Mixed transfer,1,64,1.53168147,1.51369193
DecisionTreeRegressor,all_ru_ahk_to_ru_aho_inner,All Ru-AHK (inner + outer) -> Ru-AHO inner,inner+outer,inner,All Ru-AHK,Mixed transfer,1,73,1.39055932,1.51369193
DecisionTreeRegressor,all_ru_ahk_to_ru_aho_inner,All Ru-AHK (inner + outer) -> Ru-AHO inner,inner+outer,inner,All Ru-AHK,Mixed transfer,1,75,1.36999511,1.35390456
DecisionTreeRegressor,all_ru_ahk_to_ru_aho_inner,All Ru-AHK (inner + outer) -> Ru-AHO inner,inner+outer,inner,All Ru-AHK,Mixed transfer,1,81,1.00421655,0.99242206
DecisionTreeRegressor,all_ru_ahk_to_ru_aho_inner,All Ru-AHK (inner + outer) -> Ru-AHO inner,inner+outer,inner,All Ru-AHK,Mixed transfer,1,83,0.83956097,1.62929332
DecisionTreeRegressor,all_ru_ahk_to_ru_aho_inner,All Ru-AHK (inner + outer) -> Ru-AHO inner,inner+outer,inner,All Ru-AHK,Mixed transfer,1,90,0.19433377,0.04819171
DecisionTreeRegressor,all_ru_ahk_to_ru_aho_inner,All Ru-AHK (inner + outer) -> Ru-AHO inner,inner+outer,inner,All Ru-AHK,Mixed transfer,1,94,0.04739647,0.80254597
DecisionTreeRegressor,all_ru_ahk_to_ru_aho_inner,All Ru-AHK (inner + outer) -> Ru-AHO inner,inner+outer,inner,All Ru-AHK,Delta learning,1,0,4.50050002,1.7947103543239673
DecisionTreeRegressor,all_ru_ahk_to_ru_aho_inner,All Ru-AHK (inner + outer) -> Ru-AHO inner,inner+outer,inner,All Ru-AHK,Delta learning,1,4,3.13437597,2.72095293
DecisionTreeRegressor,all_ru_ahk_to_ru_aho_inner,All Ru-AHK (inner + outer) -> Ru-AHO inner,inner+outer,inner,All Ru-AHK,Delta learning,1,10,2.89279432,2.81808334
DecisionTreeRegressor,all_ru_ahk_to_ru_aho_inner,All Ru-AHK (inner + outer) -> Ru-AHO inner,inner+outer,inner,All Ru-AHK,Delta learning,1,12,2.72095293,2.81808334
DecisionTreeRegressor,all_ru_ahk_to_ru_aho_inner,All Ru-AHK (inner + outer) -> Ru-AHO inner,inner+outer,inner,All Ru-AHK,Delta learning,1,18,2.72095293,2.47786275
DecisionTreeRegressor,all_ru_ahk_to_ru_aho_inner,All Ru-AHK (inner + outer) -> Ru-AHO inner,inner+outer,inner,All Ru-AHK,Delta learning,1,22,2.63729647,2.30450133
DecisionTreeRegressor,all_ru_ahk_to_ru_aho_inner,All Ru-AHK (inner + outer) -> Ru-AHO inner,inner+outer,inner,All Ru-AHK,Delta learning,1,26,2.49268506,2.11117069
DecisionTreeRegressor,all_ru_ahk_to_ru_aho_inner,All Ru-AHK (inner + outer) -> Ru-AHO inner,inner+outer,inner,All Ru-AHK,Delta learning,1,31,2.30450133,1.80901573
DecisionTreeRegressor,all_ru_ahk_to_ru_aho_inner,All Ru-AHK (inner + outer) -> Ru-AHO inner,inner+outer,inner,All Ru-AHK,Delta learning,1,40,2.13954868,2.01889808
DecisionTreeRegressor,all_ru_ahk_to_ru_aho_inner,All Ru-AHK (inner + outer) -> Ru-AHO inner,inner+outer,inner,All Ru-AHK,Delta learning,1,42,2.12255274,2.2128962766666667
DecisionTreeRegressor,all_ru_ahk_to_ru_aho_inner,All Ru-AHK (inner + outer) -> Ru-AHO inner,inner+outer,inner,All Ru-AHK,Delta learning,1,44,2.02174776,1.84440958
DecisionTreeRegressor,all_ru_ahk_to_ru_aho_inner,All Ru-AHK (inner + outer) -> Ru-AHO inner,inner+outer,inner,All Ru-AHK,Delta learning,1,47,1.97754867,3.499664008865573
DecisionTreeRegressor,all_ru_ahk_to_ru_aho_inner,All Ru-AHK (inner + outer) -> Ru-AHO inner,inner+outer,inner,All Ru-AHK,Delta learning,1,62,1.56906465,1.84440958
DecisionTreeRegressor,all_ru_ahk_to_ru_aho_inner,All Ru-AHK (inner + outer) -> Ru-AHO inner,inner+outer,inner,All Ru-AHK,Delta learning,1,64,1.53168147,1.57873877
DecisionTreeRegressor,all_ru_ahk_to_ru_aho_inner,All Ru-AHK (inner + outer) -> Ru-AHO inner,inner+outer,inner,All Ru-AHK,Delta learning,1,73,1.39055932,1.5136919299999998
DecisionTreeRegressor,all_ru_ahk_to_ru_aho_inner,All Ru-AHK (inner + outer) -> Ru-AHO inner,inner+outer,inner,All Ru-AHK,Delta learning,1,75,1.36999511,1.3539045599999997
DecisionTreeRegressor,all_ru_ahk_to_ru_aho_inner,All Ru-AHK (inner + outer) -> Ru-AHO inner,inner+outer,inner,All Ru-AHK,Delta learning,1,81,1.00421655,0.99242206
DecisionTreeRegressor,all_ru_ahk_to_ru_aho_inner,All Ru-AHK (inner + outer) -> Ru-AHO inner,inner+outer,inner,All Ru-AHK,Delta learning,1,83,0.83956097,0.80254597
DecisionTreeRegressor,all_ru_ahk_to_ru_aho_inner,All Ru-AHK (inner + outer) -> Ru-AHO inner,inner+outer,inner,All Ru-AHK,Delta learning,1,90,0.19433377,0.04819170999999978
DecisionTreeRegressor,all_ru_ahk_to_ru_aho_inner,All Ru-AHK (inner + outer) -> Ru-AHO inner,inner+outer,inner,All Ru-AHK,Delta learning,1,94,0.04739647,0.80254597
DecisionTreeRegressor,all_ru_ahk_to_ru_aho_inner,All Ru-AHK (inner + outer) -> Ru-AHO inner,inner+outer,inner,All Ru-AHK,Mixed transfer,2,5,3.13437597,3.13437597
DecisionTreeRegressor,all_ru_ahk_to_ru_aho_inner,All Ru-AHK (inner + outer) -> Ru-AHO inner,inner+outer,inner,All Ru-AHK,Mixed transfer,2,9,3.13437597,3.13437597
DecisionTreeRegressor,all_ru_ahk_to_ru_aho_inner,All Ru-AHK (inner + outer) -> Ru-AHO inner,inner+outer,inner,All Ru-AHK,Mixed transfer,2,11,2.81808334,2.89279432
DecisionTreeRegressor,all_ru_ahk_to_ru_aho_inner,All Ru-AHK (inner + outer) -> Ru-AHO inner,inner+outer,inner,All Ru-AHK,Mixed transfer,2,15,2.72095293,2.30450133
DecisionTreeRegressor,all_ru_ahk_to_ru_aho_inner,All Ru-AHK (inner + outer) -> Ru-AHO inner,inner+outer,inner,All Ru-AHK,Mixed transfer,2,16,2.72095293,3.13437597
DecisionTreeRegressor,all_ru_ahk_to_ru_aho_inner,All Ru-AHK (inner + outer) -> Ru-AHO inner,inner+outer,inner,All Ru-AHK,Mixed transfer,2,28,2.47786275,2.72095293
DecisionTreeRegressor,all_ru_ahk_to_ru_aho_inner,All Ru-AHK (inner + outer) -> Ru-AHO inner,inner+outer,inner,All Ru-AHK,Mixed transfer,2,30,2.3515711,2.49823771
DecisionTreeRegressor,all_ru_ahk_to_ru_aho_inner,All Ru-AHK (inner + outer) -> Ru-AHO inner,inner+outer,inner,All Ru-AHK,Mixed transfer,2,33,2.30450133,4.50050002
DecisionTreeRegressor,all_ru_ahk_to_ru_aho_inner,All Ru-AHK (inner + outer) -> Ru-AHO inner,inner+outer,inner,All Ru-AHK,Mixed transfer,2,35,2.30450133,2.89279432
DecisionTreeRegressor,all_ru_ahk_to_ru_aho_inner,All Ru-AHK (inner + outer) -> Ru-AHO inner,inner+outer,inner,All Ru-AHK,Mixed transfer,2,39,2.16934032,3.0275784145897218
DecisionTreeRegressor,all_ru_ahk_to_ru_aho_inner,All Ru-AHK (inner + outer) -> Ru-AHO inner,inner+outer,inner,All Ru-AHK,Mixed transfer,2,45,2.01889808,1.84440958
DecisionTreeRegressor,all_ru_ahk_to_ru_aho_inner,All Ru-AHK (inner + outer) -> Ru-AHO inner,inner+outer,inner,All Ru-AHK,Mixed transfer,2,49,1.9607788,2.1706004860057497
DecisionTreeRegressor,all_ru_ahk_to_ru_aho_inner,All Ru-AHK (inner + outer) -> Ru-AHO inner,inner+outer,inner,All Ru-AHK,Mixed transfer,2,65,1.53168147,1.53168147
DecisionTreeRegressor,all_ru_ahk_to_ru_aho_inner,All Ru-AHK (inner + outer) -> Ru-AHO inner,inner+outer,inner,All Ru-AHK,Mixed transfer,2,68,1.49260764,1.95650617
DecisionTreeRegressor,all_ru_ahk_to_ru_aho_inner,All Ru-AHK (inner + outer) -> Ru-AHO inner,inner+outer,inner,All Ru-AHK,Mixed transfer,2,69,1.48763592,2.30450133
DecisionTreeRegressor,all_ru_ahk_to_ru_aho_inner,All Ru-AHK (inner + outer) -> Ru-AHO inner,inner+outer,inner,All Ru-AHK,Mixed transfer,2,70,1.47570337,1.56906465
DecisionTreeRegressor,all_ru_ahk_to_ru_aho_inner,All Ru-AHK (inner + outer) -> Ru-AHO inner,inner+outer,inner,All Ru-AHK,Mixed transfer,2,72,1.40708549,1.53168147
DecisionTreeRegressor,all_ru_ahk_to_ru_aho_inner,All Ru-AHK (inner + outer) -> Ru-AHO inner,inner+outer,inner,All Ru-AHK,Mixed transfer,2,80,1.31904107,1.33471728
DecisionTreeRegressor,all_ru_ahk_to_ru_aho_inner,All Ru-AHK (inner + outer) -> Ru-AHO inner,inner+outer,inner,All Ru-AHK,Mixed transfer,2,88,0.39647984,0.80438248
DecisionTreeRegressor,all_ru_ahk_to_ru_aho_inner,All Ru-AHK (inner + outer) -> Ru-AHO inner,inner+outer,inner,All Ru-AHK,Mixed transfer,2,93,0.04819171,0.19433377
DecisionTreeRegressor,all_ru_ahk_to_ru_aho_inner,All Ru-AHK (inner + outer) -> Ru-AHO inner,inner+outer,inner,All Ru-AHK,Delta learning,2,5,3.13437597,3.13437597
DecisionTreeRegressor,all_ru_ahk_to_ru_aho_inner,All Ru-AHK (inner + outer) -> Ru-AHO inner,inner+outer,inner,All Ru-AHK,Delta learning,2,9,3.13437597,3.13437597
DecisionTreeRegressor,all_ru_ahk_to_ru_aho_inner,All Ru-AHK (inner + outer) -> Ru-AHO inner,inner+outer,inner,All Ru-AHK,Delta learning,2,11,2.81808334,2.89279432
DecisionTreeRegressor,all_ru_ahk_to_ru_aho_inner,All Ru-AHK (inner + outer) -> Ru-AHO inner,inner+outer,inner,All Ru-AHK,Delta learning,2,15,2.72095293,2.30450133
DecisionTreeRegressor,all_ru_ahk_to_ru_aho_inner,All Ru-AHK (inner + outer) -> Ru-AHO inner,inner+outer,inner,All Ru-AHK,Delta learning,2,16,2.72095293,3.13437597
DecisionTreeRegressor,all_ru_ahk_to_ru_aho_inner,All Ru-AHK (inner + outer) -> Ru-AHO inner,inner+outer,inner,All Ru-AHK,Delta learning,2,28,2.47786275,2.72095293
DecisionTreeRegressor,all_ru_ahk_to_ru_aho_inner,All Ru-AHK (inner + outer) -> Ru-AHO inner,inner+outer,inner,All Ru-AHK,Delta learning,2,30,2.3515711,2.1903103925
DecisionTreeRegressor,all_ru_ahk_to_ru_aho_inner,All Ru-AHK (inner + outer) -> Ru-AHO inner,inner+outer,inner,All Ru-AHK,Delta learning,2,33,2.30450133,2.89279432
DecisionTreeRegressor,all_ru_ahk_to_ru_aho_inner,All Ru-AHK (inner + outer) -> Ru-AHO inner,inner+outer,inner,All Ru-AHK,Delta learning,2,35,2.30450133,2.89279432
DecisionTreeRegressor,all_ru_ahk_to_ru_aho_inner,All Ru-AHK (inner + outer) -> Ru-AHO inner,inner+outer,inner,All Ru-AHK,Delta learning,2,39,2.16934032,5.54378035783674
DecisionTreeRegressor,all_ru_ahk_to_ru_aho_inner,All Ru-AHK (inner + outer) -> Ru-AHO inner,inner+outer,inner,All Ru-AHK,Delta learning,2,45,2.01889808,1.84440958
DecisionTreeRegressor,all_ru_ahk_to_ru_aho_inner,All Ru-AHK (inner + outer) -> Ru-AHO inner,inner+outer,inner,All Ru-AHK,Delta learning,2,49,1.9607788,0.0
DecisionTreeRegressor,all_ru_ahk_to_ru_aho_inner,All Ru-AHK (inner + outer) -> Ru-AHO inner,inner+outer,inner,All Ru-AHK,Delta learning,2,65,1.53168147,1.5136919299999998
DecisionTreeRegressor,all_ru_ahk_to_ru_aho_inner,All Ru-AHK (inner + outer) -> Ru-AHO inner,inner+outer,inner,All Ru-AHK,Delta learning,2,68,1.49260764,1.95650617
DecisionTreeRegressor,all_ru_ahk_to_ru_aho_inner,All Ru-AHK (inner + outer) -> Ru-AHO inner,inner+outer,inner,All Ru-AHK,Delta learning,2,69,1.48763592,2.30450133
DecisionTreeRegressor,all_ru_ahk_to_ru_aho_inner,All Ru-AHK (inner + outer) -> Ru-AHO inner,inner+outer,inner,All Ru-AHK,Delta learning,2,70,1.47570337,4.9115575356098775
DecisionTreeRegressor,all_ru_ahk_to_ru_aho_inner,All Ru-AHK (inner + outer) -> Ru-AHO inner,inner+outer,inner,All Ru-AHK,Delta learning,2,72,1.40708549,1.5136919299999998
DecisionTreeRegressor,all_ru_ahk_to_ru_aho_inner,All Ru-AHK (inner + outer) -> Ru-AHO inner,inner+outer,inner,All Ru-AHK,Delta learning,2,80,1.31904107,1.33471728
DecisionTreeRegressor,all_ru_ahk_to_ru_aho_inner,All Ru-AHK (inner + outer) -> Ru-AHO inner,inner+outer,inner,All Ru-AHK,Delta learning,2,88,0.39647984,1.62929332
DecisionTreeRegressor,all_ru_ahk_to_ru_aho_inner,All Ru-AHK (inner + outer) -> Ru-AHO inner,inner+outer,inner,All Ru-AHK,Delta learning,2,93,0.04819171,0.19433377000000007
DecisionTreeRegressor,all_ru_ahk_to_ru_aho_inner,All Ru-AHK (inner + outer) -> Ru-AHO inner,inner+outer,inner,All Ru-AHK,Mixed transfer,3,3,3.67873076,3.0421332946653505
DecisionTreeRegressor,all_ru_ahk_to_ru_aho_inner,All Ru-AHK (inner + outer) -> Ru-AHO inner,inner+outer,inner,All Ru-AHK,Mixed transfer,3,6,3.13437597,3.13437597
DecisionTreeRegressor,all_ru_ahk_to_ru_aho_inner,All Ru-AHK (inner + outer) -> Ru-AHO inner,inner+outer,inner,All Ru-AHK,Mixed transfer,3,7,3.13437597,3.13437597
DecisionTreeRegressor,all_ru_ahk_to_ru_aho_inner,All Ru-AHK (inner + outer) -> Ru-AHO inner,inner+outer,inner,All Ru-AHK,Mixed transfer,3,8,3.13437597,3.13437597
DecisionTreeRegressor,all_ru_ahk_to_ru_aho_inner,All Ru-AHK (inner + outer) -> Ru-AHO inner,inner+outer,inner,All Ru-AHK,Mixed transfer,3,13,2.72095293,2.30450133
DecisionTreeRegressor,all_ru_ahk_to_ru_aho_inner,All Ru-AHK (inner + outer) -> Ru-AHO inner,inner+outer,inner,All Ru-AHK,Mixed transfer,3,17,2.72095293,2.81808334
DecisionTreeRegressor,all_ru_ahk_to_ru_aho_inner,All Ru-AHK (inner + outer) -> Ru-AHO inner,inner+outer,inner,All Ru-AHK,Mixed transfer,3,19,2.72095293,2.81808334
DecisionTreeRegressor,all_ru_ahk_to_ru_aho_inner,All Ru-AHK (inner + outer) -> Ru-AHO inner,inner+outer,inner,All Ru-AHK,Mixed transfer,3,24,2.49823771,2.30450133
DecisionTreeRegressor,all_ru_ahk_to_ru_aho_inner,All Ru-AHK (inner + outer) -> Ru-AHO inner,inner+outer,inner,All Ru-AHK,Mixed transfer,3,25,2.49823771,2.6917632
DecisionTreeRegressor,all_ru_ahk_to_ru_aho_inner,All Ru-AHK (inner + outer) -> Ru-AHO inner,inner+outer,inner,All Ru-AHK,Mixed transfer,3,27,2.47786275,4.50050002
DecisionTreeRegressor,all_ru_ahk_to_ru_aho_inner,All Ru-AHK (inner + outer) -> Ru-AHO inner,inner+outer,inner,All Ru-AHK,Mixed transfer,3,34,2.30450133,2.72095293
DecisionTreeRegressor,all_ru_ahk_to_ru_aho_inner,All Ru-AHK (inner + outer) -> Ru-AHO inner,inner+outer,inner,All Ru-AHK,Mixed transfer,3,36,2.28957767,2.36717419
DecisionTreeRegressor,all_ru_ahk_to_ru_aho_inner,All Ru-AHK (inner + outer) -> Ru-AHO inner,inner+outer,inner,All Ru-AHK,Mixed transfer,3,38,2.20688949,1.5683865600697784
DecisionTreeRegressor,all_ru_ahk_to_ru_aho_inner,All Ru-AHK (inner + outer) -> Ru-AHO inner,inner+outer,inner,All Ru-AHK,Mixed transfer,3,53,1.84440958,2.01889808
DecisionTreeRegressor,all_ru_ahk_to_ru_aho_inner,All Ru-AHK (inner + outer) -> Ru-AHO inner,inner+outer,inner,All Ru-AHK,Mixed transfer,3,55,1.80901573,2.30450133
DecisionTreeRegressor,all_ru_ahk_to_ru_aho_inner,All Ru-AHK (inner + outer) -> Ru-AHO inner,inner+outer,inner,All Ru-AHK,Mixed transfer,3,56,1.73731552,2.36717419
DecisionTreeRegressor,all_ru_ahk_to_ru_aho_inner,All Ru-AHK (inner + outer) -> Ru-AHO inner,inner+outer,inner,All Ru-AHK,Mixed transfer,3,76,1.36999511,0.04739647
DecisionTreeRegressor,all_ru_ahk_to_ru_aho_inner,All Ru-AHK (inner + outer) -> Ru-AHO inner,inner+outer,inner,All Ru-AHK,Mixed transfer,3,78,1.35390456,1.36999511
DecisionTreeRegressor,all_ru_ahk_to_ru_aho_inner,All Ru-AHK (inner + outer) -> Ru-AHO inner,inner+outer,inner,All Ru-AHK,Mixed transfer,3,79,1.33471728,1.31904107
DecisionTreeRegressor,all_ru_ahk_to_ru_aho_inner,All Ru-AHK (inner + outer) -> Ru-AHO inner,inner+outer,inner,All Ru-AHK,Mixed transfer,3,85,0.80254597,0.04739647
DecisionTreeRegressor,all_ru_ahk_to_ru_aho_inner,All Ru-AHK (inner + outer) -> Ru-AHO inner,inner+outer,inner,All Ru-AHK,Delta learning,3,3,3.67873076,2.4271703715808783
DecisionTreeRegressor,all_ru_ahk_to_ru_aho_inner,All Ru-AHK (inner + outer) -> Ru-AHO inner,inner+outer,inner,All Ru-AHK,Delta learning,3,6,3.13437597,3.13437597
DecisionTreeRegressor,all_ru_ahk_to_ru_aho_inner,All Ru-AHK (inner + outer) -> Ru-AHO inner,inner+outer,inner,All Ru-AHK,Delta learning,3,7,3.13437597,2.9973074987035457
DecisionTreeRegressor,all_ru_ahk_to_ru_aho_inner,All Ru-AHK (inner + outer) -> Ru-AHO inner,inner+outer,inner,All Ru-AHK,Delta learning,3,8,3.13437597,2.9973074987035457
DecisionTreeRegressor,all_ru_ahk_to_ru_aho_inner,All Ru-AHK (inner + outer) -> Ru-AHO inner,inner+outer,inner,All Ru-AHK,Delta learning,3,13,2.72095293,2.72095293
DecisionTreeRegressor,all_ru_ahk_to_ru_aho_inner,All Ru-AHK (inner + outer) -> Ru-AHO inner,inner+outer,inner,All Ru-AHK,Delta learning,3,17,2.72095293,3.0202218084167045
DecisionTreeRegressor,all_ru_ahk_to_ru_aho_inner,All Ru-AHK (inner + outer) -> Ru-AHO inner,inner+outer,inner,All Ru-AHK,Delta learning,3,19,2.72095293,2.72095293
DecisionTreeRegressor,all_ru_ahk_to_ru_aho_inner,All Ru-AHK (inner + outer) -> Ru-AHO inner,inner+outer,inner,All Ru-AHK,Delta learning,3,24,2.49823771,2.30450133
DecisionTreeRegressor,all_ru_ahk_to_ru_aho_inner,All Ru-AHK (inner + outer) -> Ru-AHO inner,inner+outer,inner,All Ru-AHK,Delta learning,3,25,2.49823771,2.6917632
DecisionTreeRegressor,all_ru_ahk_to_ru_aho_inner,All Ru-AHK (inner + outer) -> Ru-AHO inner,inner+outer,inner,All Ru-AHK,Delta learning,3,27,2.47786275,4.838464156927275
DecisionTreeRegressor,all_ru_ahk_to_ru_aho_inner,All Ru-AHK (inner + outer) -> Ru-AHO inner,inner+outer,inner,All Ru-AHK,Delta learning,3,34,2.30450133,3.0202218084167045
DecisionTreeRegressor,all_ru_ahk_to_ru_aho_inner,All Ru-AHK (inner + outer) -> Ru-AHO inner,inner+outer,inner,All Ru-AHK,Delta learning,3,36,2.28957767,2.36717419
DecisionTreeRegressor,all_ru_ahk_to_ru_aho_inner,All Ru-AHK (inner + outer) -> Ru-AHO inner,inner+outer,inner,All Ru-AHK,Delta learning,3,38,2.20688949,2.26077037
DecisionTreeRegressor,all_ru_ahk_to_ru_aho_inner,All Ru-AHK (inner + outer) -> Ru-AHO inner,inner+outer,inner,All Ru-AHK,Delta learning,3,53,1.84440958,2.01889808
DecisionTreeRegressor,all_ru_ahk_to_ru_aho_inner,All Ru-AHK (inner + outer) -> Ru-AHO inner,inner+outer,inner,All Ru-AHK,Delta learning,3,55,1.80901573,3.9570201781093632
DecisionTreeRegressor,all_ru_ahk_to_ru_aho_inner,All Ru-AHK (inner + outer) -> Ru-AHO inner,inner+outer,inner,All Ru-AHK,Delta learning,3,56,1.73731552,2.36717419
DecisionTreeRegressor,all_ru_ahk_to_ru_aho_inner,All Ru-AHK (inner + outer) -> Ru-AHO inner,inner+outer,inner,All Ru-AHK,Delta learning,3,76,1.36999511,1.8561522973966413
DecisionTreeRegressor,all_ru_ahk_to_ru_aho_inner,All Ru-AHK (inner + outer) -> Ru-AHO inner,inner+outer,inner,All Ru-AHK,Delta learning,3,78,1.35390456,1.36999511
DecisionTreeRegressor,all_ru_ahk_to_ru_aho_inner,All Ru-AHK (inner + outer) -> Ru-AHO inner,inner+outer,inner,All Ru-AHK,Delta learning,3,79,1.33471728,1.31904107
DecisionTreeRegressor,all_ru_ahk_to_ru_aho_inner,All Ru-AHK (inner + outer) -> Ru-AHO inner,inner+outer,inner,All Ru-AHK,Delta learning,3,85,0.80254597,0.0
DecisionTreeRegressor,all_ru_ahk_to_ru_aho_inner,All Ru-AHK (inner + outer) -> Ru-AHO inner,inner+outer,inner,All Ru-AHK,Mixed transfer,4,32,2.30450133,2.49823771
DecisionTreeRegressor,all_ru_ahk_to_ru_aho_inner,All Ru-AHK (inner + outer) -> Ru-AHO inner,inner+outer,inner,All Ru-AHK,Mixed transfer,4,41,2.13444943,1.47570337
DecisionTreeRegressor,all_ru_ahk_to_ru_aho_inner,All Ru-AHK (inner + outer) -> Ru-AHO inner,inner+outer,inner,All Ru-AHK,Mixed transfer,4,43,2.11117069,1.49260764
DecisionTreeRegressor,all_ru_ahk_to_ru_aho_inner,All Ru-AHK (inner + outer) -> Ru-AHO inner,inner+outer,inner,All Ru-AHK,Mixed transfer,4,46,2.00941149,1.62929332
DecisionTreeRegressor,all_ru_ahk_to_ru_aho_inner,All Ru-AHK (inner + outer) -> Ru-AHO inner,inner+outer,inner,All Ru-AHK,Mixed transfer,4,48,1.96551622,2.4793021357091005
DecisionTreeRegressor,all_ru_ahk_to_ru_aho_inner,All Ru-AHK (inner + outer) -> Ru-AHO inner,inner+outer,inner,All Ru-AHK,Mixed transfer,4,50,1.95650617,1.49260764
DecisionTreeRegressor,all_ru_ahk_to_ru_aho_inner,All Ru-AHK (inner + outer) -> Ru-AHO inner,inner+outer,inner,All Ru-AHK,Mixed transfer,4,54,1.80901573,2.30450133
DecisionTreeRegressor,all_ru_ahk_to_ru_aho_inner,All Ru-AHK (inner + outer) -> Ru-AHO inner,inner+outer,inner,All Ru-AHK,Mixed transfer,4,57,1.68395754,1.88185187
DecisionTreeRegressor,all_ru_ahk_to_ru_aho_inner,All Ru-AHK (inner + outer) -> Ru-AHO inner,inner+outer,inner,All Ru-AHK,Mixed transfer,4,58,1.66417952,1.39055932
DecisionTreeRegressor,all_ru_ahk_to_ru_aho_inner,All Ru-AHK (inner + outer) -> Ru-AHO inner,inner+outer,inner,All Ru-AHK,Mixed transfer,4,59,1.62929332,1.8100665856486744
DecisionTreeRegressor,all_ru_ahk_to_ru_aho_inner,All Ru-AHK (inner + outer) -> Ru-AHO inner,inner+outer,inner,All Ru-AHK,Mixed transfer,4,61,1.57873877,1.53168147
DecisionTreeRegressor,all_ru_ahk_to_ru_aho_inner,All Ru-AHK (inner + outer) -> Ru-AHO inner,inner+outer,inner,All Ru-AHK,Mixed transfer,4,63,1.56019653,1.53168147
DecisionTreeRegressor,all_ru_ahk_to_ru_aho_inner,All Ru-AHK (inner + outer) -> Ru-AHO inner,inner+outer,inner,All Ru-AHK,Mixed transfer,4,66,1.51369193,1.53168147
DecisionTreeRegressor,all_ru_ahk_to_ru_aho_inner,All Ru-AHK (inner + outer) -> Ru-AHO inner,inner+outer,inner,All Ru-AHK,Mixed transfer,4,67,1.51369193,1.39055932
DecisionTreeRegressor,all_ru_ahk_to_ru_aho_inner,All Ru-AHK (inner + outer) -> Ru-AHO inner,inner+outer,inner,All Ru-AHK,Mixed transfer,4,77,1.36283425,1.38325909
DecisionTreeRegressor,all_ru_ahk_to_ru_aho_inner,All Ru-AHK (inner + outer) -> Ru-AHO inner,inner+outer,inner,All Ru-AHK,Mixed transfer,4,84,0.80438248,1.49260764
DecisionTreeRegressor,all_ru_ahk_to_ru_aho_inner,All Ru-AHK (inner + outer) -> Ru-AHO inner,inner+outer,inner,All Ru-AHK,Mixed transfer,4,95,0.0120419,0.12126274
DecisionTreeRegressor,all_ru_ahk_to_ru_aho_inner,All Ru-AHK (inner + outer) -> Ru-AHO inner,inner+outer,inner,All Ru-AHK,Mixed transfer,4,96,0.0,0.83956097
DecisionTreeRegressor,all_ru_ahk_to_ru_aho_inner,All Ru-AHK (inner + outer) -> Ru-AHO inner,inner+outer,inner,All Ru-AHK,Mixed transfer,4,97,0.0,0.80254597
DecisionTreeRegressor,all_ru_ahk_to_ru_aho_inner,All Ru-AHK (inner + outer) -> Ru-AHO inner,inner+outer,inner,All Ru-AHK,Delta learning,4,32,2.30450133,2.63729647
DecisionTreeRegressor,all_ru_ahk_to_ru_aho_inner,All Ru-AHK (inner + outer) -> Ru-AHO inner,inner+outer,inner,All Ru-AHK,Delta learning,4,41,2.13444943,0.6123340911344273
DecisionTreeRegressor,all_ru_ahk_to_ru_aho_inner,All Ru-AHK (inner + outer) -> Ru-AHO inner,inner+outer,inner,All Ru-AHK,Delta learning,4,43,2.11117069,1.49260764
DecisionTreeRegressor,all_ru_ahk_to_ru_aho_inner,All Ru-AHK (inner + outer) -> Ru-AHO inner,inner+outer,inner,All Ru-AHK,Delta learning,4,46,2.00941149,1.62929332
DecisionTreeRegressor,all_ru_ahk_to_ru_aho_inner,All Ru-AHK (inner + outer) -> Ru-AHO inner,inner+outer,inner,All Ru-AHK,Delta learning,4,48,1.96551622,1.94448624
DecisionTreeRegressor,all_ru_ahk_to_ru_aho_inner,All Ru-AHK (inner + outer) -> Ru-AHO inner,inner+outer,inner,All Ru-AHK,Delta learning,4,50,1.95650617,1.49260764
DecisionTreeRegressor,all_ru_ahk_to_ru_aho_inner,All Ru-AHK (inner + outer) -> Ru-AHO inner,inner+outer,inner,All Ru-AHK,Delta learning,4,54,1.80901573,2.30450133
DecisionTreeRegressor,all_ru_ahk_to_ru_aho_inner,All Ru-AHK (inner + outer) -> Ru-AHO inner,inner+outer,inner,All Ru-AHK,Delta learning,4,57,1.68395754,1.88185187
DecisionTreeRegressor,all_ru_ahk_to_ru_aho_inner,All Ru-AHK (inner + outer) -> Ru-AHO inner,inner+outer,inner,All Ru-AHK,Delta learning,4,58,1.66417952,1.4693834799999999
DecisionTreeRegressor,all_ru_ahk_to_ru_aho_inner,All Ru-AHK (inner + outer) -> Ru-AHO inner,inner+outer,inner,All Ru-AHK,Delta learning,4,59,1.62929332,1.94448624
DecisionTreeRegressor,all_ru_ahk_to_ru_aho_inner,All Ru-AHK (inner + outer) -> Ru-AHO inner,inner+outer,inner,All Ru-AHK,Delta learning,4,61,1.57873877,1.53168147
DecisionTreeRegressor,all_ru_ahk_to_ru_aho_inner,All Ru-AHK (inner + outer) -> Ru-AHO inner,inner+outer,inner,All Ru-AHK,Delta learning,4,63,1.56019653,1.53168147
DecisionTreeRegressor,all_ru_ahk_to_ru_aho_inner,All Ru-AHK (inner + outer) -> Ru-AHO inner,inner+outer,inner,All Ru-AHK,Delta learning,4,66,1.51369193,1.53168147
DecisionTreeRegressor,all_ru_ahk_to_ru_aho_inner,All Ru-AHK (inner + outer) -> Ru-AHO inner,inner+outer,inner,All Ru-AHK,Delta learning,4,67,1.51369193,1.4693834799999999
DecisionTreeRegressor,all_ru_ahk_to_ru_aho_inner,All Ru-AHK (inner + outer) -> Ru-AHO inner,inner+outer,inner,All Ru-AHK,Delta learning,4,77,1.36283425,1.38325909
DecisionTreeRegressor,all_ru_ahk_to_ru_aho_inner,All Ru-AHK (inner + outer) -> Ru-AHO inner,inner+outer,inner,All Ru-AHK,Delta learning,4,84,0.80438248,0.3964798399999999
DecisionTreeRegressor,all_ru_ahk_to_ru_aho_inner,All Ru-AHK (inner + outer) -> Ru-AHO inner,inner+outer,inner,All Ru-AHK,Delta learning,4,95,0.0120419,0.12126274000000015
DecisionTreeRegressor,all_ru_ahk_to_ru_aho_inner,All Ru-AHK (inner + outer) -> Ru-AHO inner,inner+outer,inner,All Ru-AHK,Delta learning,4,96,0.0,0.83956097
DecisionTreeRegressor,all_ru_ahk_to_ru_aho_inner,All Ru-AHK (inner + outer) -> Ru-AHO inner,inner+outer,inner,All Ru-AHK,Delta learning,4,97,0.0,0.80254597
DecisionTreeRegressor,all_ru_ahk_to_ru_aho_inner,All Ru-AHK (inner + outer) -> Ru-AHO inner,inner+outer,inner,All Ru-AHK,Mixed transfer,5,1,4.50050002,3.13437597
DecisionTreeRegressor,all_ru_ahk_to_ru_aho_inner,All Ru-AHK (inner + outer) -> Ru-AHO inner,inner+outer,inner,All Ru-AHK,Mixed transfer,5,2,3.84937533,2.92766445
DecisionTreeRegressor,all_ru_ahk_to_ru_aho_inner,All Ru-AHK (inner + outer) -> Ru-AHO inner,inner+outer,inner,All Ru-AHK,Mixed transfer,5,14,2.72095293,2.30450133
DecisionTreeRegressor,all_ru_ahk_to_ru_aho_inner,All Ru-AHK (inner + outer) -> Ru-AHO inner,inner+outer,inner,All Ru-AHK,Mixed transfer,5,20,2.72095293,2.59940784
DecisionTreeRegressor,all_ru_ahk_to_ru_aho_inner,All Ru-AHK (inner + outer) -> Ru-AHO inner,inner+outer,inner,All Ru-AHK,Mixed transfer,5,21,2.6917632,2.04981531
DecisionTreeRegressor,all_ru_ahk_to_ru_aho_inner,All Ru-AHK (inner + outer) -> Ru-AHO inner,inner+outer,inner,All Ru-AHK,Mixed transfer,5,23,2.61179564,2.04981531
DecisionTreeRegressor,all_ru_ahk_to_ru_aho_inner,All Ru-AHK (inner + outer) -> Ru-AHO inner,inner+outer,inner,All Ru-AHK,Mixed transfer,5,29,2.47786275,2.92766445
DecisionTreeRegressor,all_ru_ahk_to_ru_aho_inner,All Ru-AHK (inner + outer) -> Ru-AHO inner,inner+outer,inner,All Ru-AHK,Mixed transfer,5,37,2.26077037,2.20688949
DecisionTreeRegressor,all_ru_ahk_to_ru_aho_inner,All Ru-AHK (inner + outer) -> Ru-AHO inner,inner+outer,inner,All Ru-AHK,Mixed transfer,5,51,1.94448624,0.39647984
DecisionTreeRegressor,all_ru_ahk_to_ru_aho_inner,All Ru-AHK (inner + outer) -> Ru-AHO inner,inner+outer,inner,All Ru-AHK,Mixed transfer,5,52,1.88185187,1.68395754
DecisionTreeRegressor,all_ru_ahk_to_ru_aho_inner,All Ru-AHK (inner + outer) -> Ru-AHO inner,inner+outer,inner,All Ru-AHK,Mixed transfer,5,60,1.62929332,2.00941149
DecisionTreeRegressor,all_ru_ahk_to_ru_aho_inner,All Ru-AHK (inner + outer) -> Ru-AHO inner,inner+outer,inner,All Ru-AHK,Mixed transfer,5,71,1.47016368,1.66417952
DecisionTreeRegressor,all_ru_ahk_to_ru_aho_inner,All Ru-AHK (inner + outer) -> Ru-AHO inner,inner+outer,inner,All Ru-AHK,Mixed transfer,5,74,1.38325909,1.36283425
DecisionTreeRegressor,all_ru_ahk_to_ru_aho_inner,All Ru-AHK (inner + outer) -> Ru-AHO inner,inner+outer,inner,All Ru-AHK,Mixed transfer,5,82,0.99242206,1.00421655
DecisionTreeRegressor,all_ru_ahk_to_ru_aho_inner,All Ru-AHK (inner + outer) -> Ru-AHO inner,inner+outer,inner,All Ru-AHK,Mixed transfer,5,86,0.67501313,0.12126274
DecisionTreeRegressor,all_ru_ahk_to_ru_aho_inner,All Ru-AHK (inner + outer) -> Ru-AHO inner,inner+outer,inner,All Ru-AHK,Mixed transfer,5,87,0.56782018,2.8703064559165927
DecisionTreeRegressor,all_ru_ahk_to_ru_aho_inner,All Ru-AHK (inner + outer) -> Ru-AHO inner,inner+outer,inner,All Ru-AHK,Mixed transfer,5,89,0.33293116,3.67873076
DecisionTreeRegressor,all_ru_ahk_to_ru_aho_inner,All Ru-AHK (inner + outer) -> Ru-AHO inner,inner+outer,inner,All Ru-AHK,Mixed transfer,5,91,0.10866753,1.6203986780858026
DecisionTreeRegressor,all_ru_ahk_to_ru_aho_inner,All Ru-AHK (inner + outer) -> Ru-AHO inner,inner+outer,inner,All Ru-AHK,Mixed transfer,5,92,0.09139463,3.67873076
DecisionTreeRegressor,all_ru_ahk_to_ru_aho_inner,All Ru-AHK (inner + outer) -> Ru-AHO inner,inner+outer,inner,All Ru-AHK,Delta learning,5,1,4.50050002,3.13437597
DecisionTreeRegressor,all_ru_ahk_to_ru_aho_inner,All Ru-AHK (inner + outer) -> Ru-AHO inner,inner+outer,inner,All Ru-AHK,Delta learning,5,2,3.84937533,2.92766445
DecisionTreeRegressor,all_ru_ahk_to_ru_aho_inner,All Ru-AHK (inner + outer) -> Ru-AHO inner,inner+outer,inner,All Ru-AHK,Delta learning,5,14,2.72095293,2.72095293
DecisionTreeRegressor,all_ru_ahk_to_ru_aho_inner,All Ru-AHK (inner + outer) -> Ru-AHO inner,inner+outer,inner,All Ru-AHK,Delta learning,5,20,2.72095293,2.421684051583296
DecisionTreeRegressor,all_ru_ahk_to_ru_aho_inner,All Ru-AHK (inner + outer) -> Ru-AHO inner,inner+outer,inner,All Ru-AHK,Delta learning,5,21,2.6917632,2.72095293
DecisionTreeRegressor,all_ru_ahk_to_ru_aho_inner,All Ru-AHK (inner + outer) -> Ru-AHO inner,inner+outer,inner,All Ru-AHK,Delta learning,5,23,2.61179564,2.04981531
DecisionTreeRegressor,all_ru_ahk_to_ru_aho_inner,All Ru-AHK (inner + outer) -> Ru-AHO inner,inner+outer,inner,All Ru-AHK,Delta learning,5,29,2.47786275,2.4654410855815905
DecisionTreeRegressor,all_ru_ahk_to_ru_aho_inner,All Ru-AHK (inner + outer) -> Ru-AHO inner,inner+outer,inner,All Ru-AHK,Delta learning,5,37,2.26077037,2.20688949
DecisionTreeRegressor,all_ru_ahk_to_ru_aho_inner,All Ru-AHK (inner + outer) -> Ru-AHO inner,inner+outer,inner,All Ru-AHK,Delta learning,5,51,1.94448624,1.96551622
DecisionTreeRegressor,all_ru_ahk_to_ru_aho_inner,All Ru-AHK (inner + outer) -> Ru-AHO inner,inner+outer,inner,All Ru-AHK,Delta learning,5,52,1.88185187,1.68395754
DecisionTreeRegressor,all_ru_ahk_to_ru_aho_inner,All Ru-AHK (inner + outer) -> Ru-AHO inner,inner+outer,inner,All Ru-AHK,Delta learning,5,60,1.62929332,2.00941149
DecisionTreeRegressor,all_ru_ahk_to_ru_aho_inner,All Ru-AHK (inner + outer) -> Ru-AHO inner,inner+outer,inner,All Ru-AHK,Delta learning,5,71,1.47016368,1.66417952
DecisionTreeRegressor,all_ru_ahk_to_ru_aho_inner,All Ru-AHK (inner + outer) -> Ru-AHO inner,inner+outer,inner,All Ru-AHK,Delta learning,5,74,1.38325909,1.36283425
DecisionTreeRegressor,all_ru_ahk_to_ru_aho_inner,All Ru-AHK (inner + outer) -> Ru-AHO inner,inner+outer,inner,All Ru-AHK,Delta learning,5,82,0.99242206,1.0042165499999998
DecisionTreeRegressor,all_ru_ahk_to_ru_aho_inner,All Ru-AHK (inner + outer) -> Ru-AHO inner,inner+outer,inner,All Ru-AHK,Delta learning,5,86,0.67501313,2.0304349387807767
DecisionTreeRegressor,all_ru_ahk_to_ru_aho_inner,All Ru-AHK (inner + outer) -> Ru-AHO inner,inner+outer,inner,All Ru-AHK,Delta learning,5,87,0.56782018,2.30450133
DecisionTreeRegressor,all_ru_ahk_to_ru_aho_inner,All Ru-AHK (inner + outer) -> Ru-AHO inner,inner+outer,inner,All Ru-AHK,Delta learning,5,89,0.33293116,1.8388919328321203
DecisionTreeRegressor,all_ru_ahk_to_ru_aho_inner,All Ru-AHK (inner + outer) -> Ru-AHO inner,inner+outer,inner,All Ru-AHK,Delta learning,5,91,0.10866753,-0.9527307902425401
DecisionTreeRegressor,all_ru_ahk_to_ru_aho_inner,All Ru-AHK (inner + outer) -> Ru-AHO inner,inner+outer,inner,All Ru-AHK,Delta learning,5,92,0.09139463,1.8983087218906367
ExtraTreeRegressor,all_ru_ahk_to_ru_aho_inner,All Ru-AHK (inner + outer) -> Ru-AHO inner,inner+outer,inner,All Ru-AHK,Mixed transfer,1,0,4.50050002,2.81808334
ExtraTreeRegressor,all_ru_ahk_to_ru_aho_inner,All Ru-AHK (inner + outer) -> Ru-AHO inner,inner+outer,inner,All Ru-AHK,Mixed transfer,1,4,3.13437597,2.72095293
ExtraTreeRegressor,all_ru_ahk_to_ru_aho_inner,All Ru-AHK (inner + outer) -> Ru-AHO inner,inner+outer,inner,All Ru-AHK,Mixed transfer,1,10,2.89279432,2.81808334
ExtraTreeRegressor,all_ru_ahk_to_ru_aho_inner,All Ru-AHK (inner + outer) -> Ru-AHO inner,inner+outer,inner,All Ru-AHK,Mixed transfer,1,12,2.72095293,2.81808334
ExtraTreeRegressor,all_ru_ahk_to_ru_aho_inner,All Ru-AHK (inner + outer) -> Ru-AHO inner,inner+outer,inner,All Ru-AHK,Mixed transfer,1,18,2.72095293,2.47786275
ExtraTreeRegressor,all_ru_ahk_to_ru_aho_inner,All Ru-AHK (inner + outer) -> Ru-AHO inner,inner+outer,inner,All Ru-AHK,Mixed transfer,1,22,2.63729647,2.30450133
ExtraTreeRegressor,all_ru_ahk_to_ru_aho_inner,All Ru-AHK (inner + outer) -> Ru-AHO inner,inner+outer,inner,All Ru-AHK,Mixed transfer,1,26,2.49268506,2.11117069
ExtraTreeRegressor,all_ru_ahk_to_ru_aho_inner,All Ru-AHK (inner + outer) -> Ru-AHO inner,inner+outer,inner,All Ru-AHK,Mixed transfer,1,31,2.30450133,1.80901573
ExtraTreeRegressor,all_ru_ahk_to_ru_aho_inner,All Ru-AHK (inner + outer) -> Ru-AHO inner,inner+outer,inner,All Ru-AHK,Mixed transfer,1,40,2.13954868,2.01889808
ExtraTreeRegressor,all_ru_ahk_to_ru_aho_inner,All Ru-AHK (inner + outer) -> Ru-AHO inner,inner+outer,inner,All Ru-AHK,Mixed transfer,1,42,2.12255274,2.2128962766666667
ExtraTreeRegressor,all_ru_ahk_to_ru_aho_inner,All Ru-AHK (inner + outer) -> Ru-AHO inner,inner+outer,inner,All Ru-AHK,Mixed transfer,1,44,2.02174776,1.84440958
ExtraTreeRegressor,all_ru_ahk_to_ru_aho_inner,All Ru-AHK (inner + outer) -> Ru-AHO inner,inner+outer,inner,All Ru-AHK,Mixed transfer,1,47,1.97754867,0.04819171
ExtraTreeRegressor,all_ru_ahk_to_ru_aho_inner,All Ru-AHK (inner + outer) -> Ru-AHO inner,inner+outer,inner,All Ru-AHK,Mixed transfer,1,62,1.56906465,1.84440958
ExtraTreeRegressor,all_ru_ahk_to_ru_aho_inner,All Ru-AHK (inner + outer) -> Ru-AHO inner,inner+outer,inner,All Ru-AHK,Mixed transfer,1,64,1.53168147,1.57873877
ExtraTreeRegressor,all_ru_ahk_to_ru_aho_inner,All Ru-AHK (inner + outer) -> Ru-AHO inner,inner+outer,inner,All Ru-AHK,Mixed transfer,1,73,1.39055932,1.51369193
ExtraTreeRegressor,all_ru_ahk_to_ru_aho_inner,All Ru-AHK (inner + outer) -> Ru-AHO inner,inner+outer,inner,All Ru-AHK,Mixed transfer,1,75,1.36999511,1.35390456
ExtraTreeRegressor,all_ru_ahk_to_ru_aho_inner,All Ru-AHK (inner + outer) -> Ru-AHO inner,inner+outer,inner,All Ru-AHK,Mixed transfer,1,81,1.00421655,0.99242206
ExtraTreeRegressor,all_ru_ahk_to_ru_aho_inner,All Ru-AHK (inner + outer) -> Ru-AHO inner,inner+outer,inner,All Ru-AHK,Mixed transfer,1,83,0.83956097,1.62929332
ExtraTreeRegressor,all_ru_ahk_to_ru_aho_inner,All Ru-AHK (inner + outer) -> Ru-AHO inner,inner+outer,inner,All Ru-AHK,Mixed transfer,1,90,0.19433377,0.04819171
ExtraTreeRegressor,all_ru_ahk_to_ru_aho_inner,All Ru-AHK (inner + outer) -> Ru-AHO inner,inner+outer,inner,All Ru-AHK,Mixed transfer,1,94,0.04739647,0.80254597
ExtraTreeRegressor,all_ru_ahk_to_ru_aho_inner,All Ru-AHK (inner + outer) -> Ru-AHO inner,inner+outer,inner,All Ru-AHK,Delta learning,1,0,4.50050002,2.30450133
ExtraTreeRegressor,all_ru_ahk_to_ru_aho_inner,All Ru-AHK (inner + outer) -> Ru-AHO inner,inner+outer,inner,All Ru-AHK,Delta learning,1,4,3.13437597,2.72095293
ExtraTreeRegressor,all_ru_ahk_to_ru_aho_inner,All Ru-AHK (inner + outer) -> Ru-AHO inner,inner+outer,inner,All Ru-AHK,Delta learning,1,10,2.89279432,2.81808334
ExtraTreeRegressor,all_ru_ahk_to_ru_aho_inner,All Ru-AHK (inner + outer) -> Ru-AHO inner,inner+outer,inner,All Ru-AHK,Delta learning,1,12,2.72095293,2.81808334
ExtraTreeRegressor,all_ru_ahk_to_ru_aho_inner,All Ru-AHK (inner + outer) -> Ru-AHO inner,inner+outer,inner,All Ru-AHK,Delta learning,1,18,2.72095293,2.47786275
ExtraTreeRegressor,all_ru_ahk_to_ru_aho_inner,All Ru-AHK (inner + outer) -> Ru-AHO inner,inner+outer,inner,All Ru-AHK,Delta learning,1,22,2.63729647,2.30450133
ExtraTreeRegressor,all_ru_ahk_to_ru_aho_inner,All Ru-AHK (inner + outer) -> Ru-AHO inner,inner+outer,inner,All Ru-AHK,Delta learning,1,26,2.49268506,2.11117069
ExtraTreeRegressor,all_ru_ahk_to_ru_aho_inner,All Ru-AHK (inner + outer) -> Ru-AHO inner,inner+outer,inner,All Ru-AHK,Delta learning,1,31,2.30450133,1.48763592
ExtraTreeRegressor,all_ru_ahk_to_ru_aho_inner,All Ru-AHK (inner + outer) -> Ru-AHO inner,inner+outer,inner,All Ru-AHK,Delta learning,1,40,2.13954868,2.01889808
ExtraTreeRegressor,all_ru_ahk_to_ru_aho_inner,All Ru-AHK (inner + outer) -> Ru-AHO inner,inner+outer,inner,All Ru-AHK,Delta learning,1,42,2.12255274,2.2128962766666667
ExtraTreeRegressor,all_ru_ahk_to_ru_aho_inner,All Ru-AHK (inner + outer) -> Ru-AHO inner,inner+outer,inner,All Ru-AHK,Delta learning,1,44,2.02174776,1.84440958
ExtraTreeRegressor,all_ru_ahk_to_ru_aho_inner,All Ru-AHK (inner + outer) -> Ru-AHO inner,inner+outer,inner,All Ru-AHK,Delta learning,1,47,1.97754867,1.9466147228378128
ExtraTreeRegressor,all_ru_ahk_to_ru_aho_inner,All Ru-AHK (inner + outer) -> Ru-AHO inner,inner+outer,inner,All Ru-AHK,Delta learning,1,62,1.56906465,1.84440958
ExtraTreeRegressor,all_ru_ahk_to_ru_aho_inner,All Ru-AHK (inner + outer) -> Ru-AHO inner,inner+outer,inner,All Ru-AHK,Delta learning,1,64,1.53168147,1.51369193
ExtraTreeRegressor,all_ru_ahk_to_ru_aho_inner,All Ru-AHK (inner + outer) -> Ru-AHO inner,inner+outer,inner,All Ru-AHK,Delta learning,1,73,1.39055932,1.5136919299999998
ExtraTreeRegressor,all_ru_ahk_to_ru_aho_inner,All Ru-AHK (inner + outer) -> Ru-AHO inner,inner+outer,inner,All Ru-AHK,Delta learning,1,75,1.36999511,1.3539045599999997
ExtraTreeRegressor,all_ru_ahk_to_ru_aho_inner,All Ru-AHK (inner + outer) -> Ru-AHO inner,inner+outer,inner,All Ru-AHK,Delta learning,1,81,1.00421655,0.99242206
ExtraTreeRegressor,all_ru_ahk_to_ru_aho_inner,All Ru-AHK (inner + outer) -> Ru-AHO inner,inner+outer,inner,All Ru-AHK,Delta learning,1,83,0.83956097,0.8025459699999999
ExtraTreeRegressor,all_ru_ahk_to_ru_aho_inner,All Ru-AHK (inner + outer) -> Ru-AHO inner,inner+outer,inner,All Ru-AHK,Delta learning,1,90,0.19433377,0.04819171000000022
ExtraTreeRegressor,all_ru_ahk_to_ru_aho_inner,All Ru-AHK (inner + outer) -> Ru-AHO inner,inner+outer,inner,All Ru-AHK,Delta learning,1,94,0.04739647,0.8025459699999999
ExtraTreeRegressor,all_ru_ahk_to_ru_aho_inner,All Ru-AHK (inner + outer) -> Ru-AHO inner,inner+outer,inner,All Ru-AHK,Mixed transfer,2,5,3.13437597,3.13437597
ExtraTreeRegressor,all_ru_ahk_to_ru_aho_inner,All Ru-AHK (inner + outer) -> Ru-AHO inner,inner+outer,inner,All Ru-AHK,Mixed transfer,2,9,3.13437597,3.13437597
ExtraTreeRegressor,all_ru_ahk_to_ru_aho_inner,All Ru-AHK (inner + outer) -> Ru-AHO inner,inner+outer,inner,All Ru-AHK,Mixed transfer,2,11,2.81808334,4.50050002
ExtraTreeRegressor,all_ru_ahk_to_ru_aho_inner,All Ru-AHK (inner + outer) -> Ru-AHO inner,inner+outer,inner,All Ru-AHK,Mixed transfer,2,15,2.72095293,2.30450133
ExtraTreeRegressor,all_ru_ahk_to_ru_aho_inner,All Ru-AHK (inner + outer) -> Ru-AHO inner,inner+outer,inner,All Ru-AHK,Mixed transfer,2,16,2.72095293,3.13437597
ExtraTreeRegressor,all_ru_ahk_to_ru_aho_inner,All Ru-AHK (inner + outer) -> Ru-AHO inner,inner+outer,inner,All Ru-AHK,Mixed transfer,2,28,2.47786275,2.72095293
ExtraTreeRegressor,all_ru_ahk_to_ru_aho_inner,All Ru-AHK (inner + outer) -> Ru-AHO inner,inner+outer,inner,All Ru-AHK,Mixed transfer,2,30,2.3515711,2.49823771
ExtraTreeRegressor,all_ru_ahk_to_ru_aho_inner,All Ru-AHK (inner + outer) -> Ru-AHO inner,inner+outer,inner,All Ru-AHK,Mixed transfer,2,33,2.30450133,4.50050002
ExtraTreeRegressor,all_ru_ahk_to_ru_aho_inner,All Ru-AHK (inner + outer) -> Ru-AHO inner,inner+outer,inner,All Ru-AHK,Mixed transfer,2,35,2.30450133,4.50050002
ExtraTreeRegressor,all_ru_ahk_to_ru_aho_inner,All Ru-AHK (inner + outer) -> Ru-AHO inner,inner+outer,inner,All Ru-AHK,Mixed transfer,2,39,2.16934032,3.0275784145897218
ExtraTreeRegressor,all_ru_ahk_to_ru_aho_inner,All Ru-AHK (inner + outer) -> Ru-AHO inner,inner+outer,inner,All Ru-AHK,Mixed transfer,2,45,2.01889808,1.84440958
ExtraTreeRegressor,all_ru_ahk_to_ru_aho_inner,All Ru-AHK (inner + outer) -> Ru-AHO inner,inner+outer,inner,All Ru-AHK,Mixed transfer,2,49,1.9607788,1.9109878329182337
ExtraTreeRegressor,all_ru_ahk_to_ru_aho_inner,All Ru-AHK (inner + outer) -> Ru-AHO inner,inner+outer,inner,All Ru-AHK,Mixed transfer,2,65,1.53168147,1.51369193
ExtraTreeRegressor,all_ru_ahk_to_ru_aho_inner,All Ru-AHK (inner + outer) -> Ru-AHO inner,inner+outer,inner,All Ru-AHK,Mixed transfer,2,68,1.49260764,2.11117069
ExtraTreeRegressor,all_ru_ahk_to_ru_aho_inner,All Ru-AHK (inner + outer) -> Ru-AHO inner,inner+outer,inner,All Ru-AHK,Mixed transfer,2,69,1.48763592,2.30450133
ExtraTreeRegressor,all_ru_ahk_to_ru_aho_inner,All Ru-AHK (inner + outer) -> Ru-AHO inner,inner+outer,inner,All Ru-AHK,Mixed transfer,2,70,1.47570337,2.768190629679727
ExtraTreeRegressor,all_ru_ahk_to_ru_aho_inner,All Ru-AHK (inner + outer) -> Ru-AHO inner,inner+outer,inner,All Ru-AHK,Mixed transfer,2,72,1.40708549,1.51369193
ExtraTreeRegressor,all_ru_ahk_to_ru_aho_inner,All Ru-AHK (inner + outer) -> Ru-AHO inner,inner+outer,inner,All Ru-AHK,Mixed transfer,2,80,1.31904107,1.33471728
ExtraTreeRegressor,all_ru_ahk_to_ru_aho_inner,All Ru-AHK (inner + outer) -> Ru-AHO inner,inner+outer,inner,All Ru-AHK,Mixed transfer,2,88,0.39647984,1.0069686755295395
ExtraTreeRegressor,all_ru_ahk_to_ru_aho_inner,All Ru-AHK (inner + outer) -> Ru-AHO inner,inner+outer,inner,All Ru-AHK,Mixed transfer,2,93,0.04819171,0.19433377
ExtraTreeRegressor,all_ru_ahk_to_ru_aho_inner,All Ru-AHK (inner + outer) -> Ru-AHO inner,inner+outer,inner,All Ru-AHK,Delta learning,2,5,3.13437597,3.13437597
ExtraTreeRegressor,all_ru_ahk_to_ru_aho_inner,All Ru-AHK (inner + outer) -> Ru-AHO inner,inner+outer,inner,All Ru-AHK,Delta learning,2,9,3.13437597,3.13437597
ExtraTreeRegressor,all_ru_ahk_to_ru_aho_inner,All Ru-AHK (inner + outer) -> Ru-AHO inner,inner+outer,inner,All Ru-AHK,Delta learning,2,11,2.81808334,2.89279432
ExtraTreeRegressor,all_ru_ahk_to_ru_aho_inner,All Ru-AHK (inner + outer) -> Ru-AHO inner,inner+outer,inner,All Ru-AHK,Delta learning,2,15,2.72095293,2.30450133
ExtraTreeRegressor,all_ru_ahk_to_ru_aho_inner,All Ru-AHK (inner + outer) -> Ru-AHO inner,inner+outer,inner,All Ru-AHK,Delta learning,2,16,2.72095293,3.13437597
ExtraTreeRegressor,all_ru_ahk_to_ru_aho_inner,All Ru-AHK (inner + outer) -> Ru-AHO inner,inner+outer,inner,All Ru-AHK,Delta learning,2,28,2.47786275,2.72095293
ExtraTreeRegressor,all_ru_ahk_to_ru_aho_inner,All Ru-AHK (inner + outer) -> Ru-AHO inner,inner+outer,inner,All Ru-AHK,Delta learning,2,30,2.3515711,2.49823771
ExtraTreeRegressor,all_ru_ahk_to_ru_aho_inner,All Ru-AHK (inner + outer) -> Ru-AHO inner,inner+outer,inner,All Ru-AHK,Delta learning,2,33,2.30450133,2.89279432
ExtraTreeRegressor,all_ru_ahk_to_ru_aho_inner,All Ru-AHK (inner + outer) -> Ru-AHO inner,inner+outer,inner,All Ru-AHK,Delta learning,2,35,2.30450133,2.89279432
ExtraTreeRegressor,all_ru_ahk_to_ru_aho_inner,All Ru-AHK (inner + outer) -> Ru-AHO inner,inner+outer,inner,All Ru-AHK,Delta learning,2,39,2.16934032,3.3436561341927566
ExtraTreeRegressor,all_ru_ahk_to_ru_aho_inner,All Ru-AHK (inner + outer) -> Ru-AHO inner,inner+outer,inner,All Ru-AHK,Delta learning,2,45,2.01889808,1.84440958
ExtraTreeRegressor,all_ru_ahk_to_ru_aho_inner,All Ru-AHK (inner + outer) -> Ru-AHO inner,inner+outer,inner,All Ru-AHK,Delta learning,2,49,1.9607788,0.0
ExtraTreeRegressor,all_ru_ahk_to_ru_aho_inner,All Ru-AHK (inner + outer) -> Ru-AHO inner,inner+outer,inner,All Ru-AHK,Delta learning,2,65,1.53168147,1.5136919299999998
ExtraTreeRegressor,all_ru_ahk_to_ru_aho_inner,All Ru-AHK (inner + outer) -> Ru-AHO inner,inner+outer,inner,All Ru-AHK,Delta learning,2,68,1.49260764,1.95650617
ExtraTreeRegressor,all_ru_ahk_to_ru_aho_inner,All Ru-AHK (inner + outer) -> Ru-AHO inner,inner+outer,inner,All Ru-AHK,Delta learning,2,69,1.48763592,2.30450133
ExtraTreeRegressor,all_ru_ahk_to_ru_aho_inner,All Ru-AHK (inner + outer) -> Ru-AHO inner,inner+outer,inner,All Ru-AHK,Delta learning,2,70,1.47570337,2.1859598259494435
ExtraTreeRegressor,all_ru_ahk_to_ru_aho_inner,All Ru-AHK (inner + outer) -> Ru-AHO inner,inner+outer,inner,All Ru-AHK,Delta learning,2,72,1.40708549,1.5136919299999998
ExtraTreeRegressor,all_ru_ahk_to_ru_aho_inner,All Ru-AHK (inner + outer) -> Ru-AHO inner,inner+outer,inner,All Ru-AHK,Delta learning,2,80,1.31904107,1.33471728
ExtraTreeRegressor,all_ru_ahk_to_ru_aho_inner,All Ru-AHK (inner + outer) -> Ru-AHO inner,inner+outer,inner,All Ru-AHK,Delta learning,2,88,0.39647984,0.8043824800000001
ExtraTreeRegressor,all_ru_ahk_to_ru_aho_inner,All Ru-AHK (inner + outer) -> Ru-AHO inner,inner+outer,inner,All Ru-AHK,Delta learning,2,93,0.04819171,0.19433377000000007
ExtraTreeRegressor,all_ru_ahk_to_ru_aho_inner,All Ru-AHK (inner + outer) -> Ru-AHO inner,inner+outer,inner,All Ru-AHK,Mixed transfer,3,3,3.67873076,2.30450133
ExtraTreeRegressor,all_ru_ahk_to_ru_aho_inner,All Ru-AHK (inner + outer) -> Ru-AHO inner,inner+outer,inner,All Ru-AHK,Mixed transfer,3,6,3.13437597,3.13437597
ExtraTreeRegressor,all_ru_ahk_to_ru_aho_inner,All Ru-AHK (inner + outer) -> Ru-AHO inner,inner+outer,inner,All Ru-AHK,Mixed transfer,3,7,3.13437597,3.13437597
ExtraTreeRegressor,all_ru_ahk_to_ru_aho_inner,All Ru-AHK (inner + outer) -> Ru-AHO inner,inner+outer,inner,All Ru-AHK,Mixed transfer,3,8,3.13437597,3.13437597
ExtraTreeRegressor,all_ru_ahk_to_ru_aho_inner,All Ru-AHK (inner + outer) -> Ru-AHO inner,inner+outer,inner,All Ru-AHK,Mixed transfer,3,13,2.72095293,2.30450133
ExtraTreeRegressor,all_ru_ahk_to_ru_aho_inner,All Ru-AHK (inner + outer) -> Ru-AHO inner,inner+outer,inner,All Ru-AHK,Mixed transfer,3,17,2.72095293,2.81808334
ExtraTreeRegressor,all_ru_ahk_to_ru_aho_inner,All Ru-AHK (inner + outer) -> Ru-AHO inner,inner+outer,inner,All Ru-AHK,Mixed transfer,3,19,2.72095293,2.81808334
ExtraTreeRegressor,all_ru_ahk_to_ru_aho_inner,All Ru-AHK (inner + outer) -> Ru-AHO inner,inner+outer,inner,All Ru-AHK,Mixed transfer,3,24,2.49823771,2.30450133
ExtraTreeRegressor,all_ru_ahk_to_ru_aho_inner,All Ru-AHK (inner + outer) -> Ru-AHO inner,inner+outer,inner,All Ru-AHK,Mixed transfer,3,25,2.49823771,2.6917632
ExtraTreeRegressor,all_ru_ahk_to_ru_aho_inner,All Ru-AHK (inner + outer) -> Ru-AHO inner,inner+outer,inner,All Ru-AHK,Mixed transfer,3,27,2.47786275,4.50050002
ExtraTreeRegressor,all_ru_ahk_to_ru_aho_inner,All Ru-AHK (inner + outer) -> Ru-AHO inner,inner+outer,inner,All Ru-AHK,Mixed transfer,3,34,2.30450133,2.81808334
ExtraTreeRegressor,all_ru_ahk_to_ru_aho_inner,All Ru-AHK (inner + outer) -> Ru-AHO inner,inner+outer,inner,All Ru-AHK,Mixed transfer,3,36,2.28957767,2.36717419
ExtraTreeRegressor,all_ru_ahk_to_ru_aho_inner,All Ru-AHK (inner + outer) -> Ru-AHO inner,inner+outer,inner,All Ru-AHK,Mixed transfer,3,38,2.20688949,1.9109878329182337
ExtraTreeRegressor,all_ru_ahk_to_ru_aho_inner,All Ru-AHK (inner + outer) -> Ru-AHO inner,inner+outer,inner,All Ru-AHK,Mixed transfer,3,53,1.84440958,2.01889808
ExtraTreeRegressor,all_ru_ahk_to_ru_aho_inner,All Ru-AHK (inner + outer) -> Ru-AHO inner,inner+outer,inner,All Ru-AHK,Mixed transfer,3,55,1.80901573,2.550231867038473
ExtraTreeRegressor,all_ru_ahk_to_ru_aho_inner,All Ru-AHK (inner + outer) -> Ru-AHO inner,inner+outer,inner,All Ru-AHK,Mixed transfer,3,56,1.73731552,2.36717419
ExtraTreeRegressor,all_ru_ahk_to_ru_aho_inner,All Ru-AHK (inner + outer) -> Ru-AHO inner,inner+outer,inner,All Ru-AHK,Mixed transfer,3,76,1.36999511,0.0
ExtraTreeRegressor,all_ru_ahk_to_ru_aho_inner,All Ru-AHK (inner + outer) -> Ru-AHO inner,inner+outer,inner,All Ru-AHK,Mixed transfer,3,78,1.35390456,1.36999511
ExtraTreeRegressor,all_ru_ahk_to_ru_aho_inner,All Ru-AHK (inner + outer) -> Ru-AHO inner,inner+outer,inner,All Ru-AHK,Mixed transfer,3,79,1.33471728,1.31904107
ExtraTreeRegressor,all_ru_ahk_to_ru_aho_inner,All Ru-AHK (inner + outer) -> Ru-AHO inner,inner+outer,inner,All Ru-AHK,Mixed transfer,3,85,0.80254597,0.0
ExtraTreeRegressor,all_ru_ahk_to_ru_aho_inner,All Ru-AHK (inner + outer) -> Ru-AHO inner,inner+outer,inner,All Ru-AHK,Delta learning,3,3,3.67873076,3.692892744466279
ExtraTreeRegressor,all_ru_ahk_to_ru_aho_inner,All Ru-AHK (inner + outer) -> Ru-AHO inner,inner+outer,inner,All Ru-AHK,Delta learning,3,6,3.13437597,3.692892744466279
ExtraTreeRegressor,all_ru_ahk_to_ru_aho_inner,All Ru-AHK (inner + outer) -> Ru-AHO inner,inner+outer,inner,All Ru-AHK,Delta learning,3,7,3.13437597,3.13437597
ExtraTreeRegressor,all_ru_ahk_to_ru_aho_inner,All Ru-AHK (inner + outer) -> Ru-AHO inner,inner+outer,inner,All Ru-AHK,Delta learning,3,8,3.13437597,3.692892744466279
ExtraTreeRegressor,all_ru_ahk_to_ru_aho_inner,All Ru-AHK (inner + outer) -> Ru-AHO inner,inner+outer,inner,All Ru-AHK,Delta learning,3,13,2.72095293,2.30450133
ExtraTreeRegressor,all_ru_ahk_to_ru_aho_inner,All Ru-AHK (inner + outer) -> Ru-AHO inner,inner+outer,inner,All Ru-AHK,Delta learning,3,17,2.72095293,2.646320030788444
ExtraTreeRegressor,all_ru_ahk_to_ru_aho_inner,All Ru-AHK (inner + outer) -> Ru-AHO inner,inner+outer,inner,All Ru-AHK,Delta learning,3,19,2.72095293,2.81808334
ExtraTreeRegressor,all_ru_ahk_to_ru_aho_inner,All Ru-AHK (inner + outer) -> Ru-AHO inner,inner+outer,inner,All Ru-AHK,Delta learning,3,24,2.49823771,2.30450133
ExtraTreeRegressor,all_ru_ahk_to_ru_aho_inner,All Ru-AHK (inner + outer) -> Ru-AHO inner,inner+outer,inner,All Ru-AHK,Delta learning,3,25,2.49823771,2.6917632
ExtraTreeRegressor,all_ru_ahk_to_ru_aho_inner,All Ru-AHK (inner + outer) -> Ru-AHO inner,inner+outer,inner,All Ru-AHK,Delta learning,3,27,2.47786275,4.50050002
ExtraTreeRegressor,all_ru_ahk_to_ru_aho_inner,All Ru-AHK (inner + outer) -> Ru-AHO inner,inner+outer,inner,All Ru-AHK,Delta learning,3,34,2.30450133,2.646320030788444
ExtraTreeRegressor,all_ru_ahk_to_ru_aho_inner,All Ru-AHK (inner + outer) -> Ru-AHO inner,inner+outer,inner,All Ru-AHK,Delta learning,3,36,2.28957767,2.36717419
ExtraTreeRegressor,all_ru_ahk_to_ru_aho_inner,All Ru-AHK (inner + outer) -> Ru-AHO inner,inner+outer,inner,All Ru-AHK,Delta learning,3,38,2.20688949,2.665849820097792
ExtraTreeRegressor,all_ru_ahk_to_ru_aho_inner,All Ru-AHK (inner + outer) -> Ru-AHO inner,inner+outer,inner,All Ru-AHK,Delta learning,3,53,1.84440958,2.01889808
ExtraTreeRegressor,all_ru_ahk_to_ru_aho_inner,All Ru-AHK (inner + outer) -> Ru-AHO inner,inner+outer,inner,All Ru-AHK,Delta learning,3,55,1.80901573,1.8271547824487513
ExtraTreeRegressor,all_ru_ahk_to_ru_aho_inner,All Ru-AHK (inner + outer) -> Ru-AHO inner,inner+outer,inner,All Ru-AHK,Delta learning,3,56,1.73731552,2.36717419
ExtraTreeRegressor,all_ru_ahk_to_ru_aho_inner,All Ru-AHK (inner + outer) -> Ru-AHO inner,inner+outer,inner,All Ru-AHK,Delta learning,3,76,1.36999511,1.5083563352098694
ExtraTreeRegressor,all_ru_ahk_to_ru_aho_inner,All Ru-AHK (inner + outer) -> Ru-AHO inner,inner+outer,inner,All Ru-AHK,Delta learning,3,78,1.35390456,1.36999511
ExtraTreeRegressor,all_ru_ahk_to_ru_aho_inner,All Ru-AHK (inner + outer) -> Ru-AHO inner,inner+outer,inner,All Ru-AHK,Delta learning,3,79,1.33471728,1.31904107
ExtraTreeRegressor,all_ru_ahk_to_ru_aho_inner,All Ru-AHK (inner + outer) -> Ru-AHO inner,inner+outer,inner,All Ru-AHK,Delta learning,3,85,0.80254597,0.0
ExtraTreeRegressor,all_ru_ahk_to_ru_aho_inner,All Ru-AHK (inner + outer) -> Ru-AHO inner,inner+outer,inner,All Ru-AHK,Mixed transfer,4,32,2.30450133,2.49823771
ExtraTreeRegressor,all_ru_ahk_to_ru_aho_inner,All Ru-AHK (inner + outer) -> Ru-AHO inner,inner+outer,inner,All Ru-AHK,Mixed transfer,4,41,2.13444943,1.47570337
ExtraTreeRegressor,all_ru_ahk_to_ru_aho_inner,All Ru-AHK (inner + outer) -> Ru-AHO inner,inner+outer,inner,All Ru-AHK,Mixed transfer,4,43,2.11117069,2.49268506
ExtraTreeRegressor,all_ru_ahk_to_ru_aho_inner,All Ru-AHK (inner + outer) -> Ru-AHO inner,inner+outer,inner,All Ru-AHK,Mixed transfer,4,46,2.00941149,1.62929332
ExtraTreeRegressor,all_ru_ahk_to_ru_aho_inner,All Ru-AHK (inner + outer) -> Ru-AHO inner,inner+outer,inner,All Ru-AHK,Mixed transfer,4,48,1.96551622,2.4793021357091005
ExtraTreeRegressor,all_ru_ahk_to_ru_aho_inner,All Ru-AHK (inner + outer) -> Ru-AHO inner,inner+outer,inner,All Ru-AHK,Mixed transfer,4,50,1.95650617,1.49260764
ExtraTreeRegressor,all_ru_ahk_to_ru_aho_inner,All Ru-AHK (inner + outer) -> Ru-AHO inner,inner+outer,inner,All Ru-AHK,Mixed transfer,4,54,1.80901573,2.30450133
ExtraTreeRegressor,all_ru_ahk_to_ru_aho_inner,All Ru-AHK (inner + outer) -> Ru-AHO inner,inner+outer,inner,All Ru-AHK,Mixed transfer,4,57,1.68395754,1.88185187
ExtraTreeRegressor,all_ru_ahk_to_ru_aho_inner,All Ru-AHK (inner + outer) -> Ru-AHO inner,inner+outer,inner,All Ru-AHK,Mixed transfer,4,58,1.66417952,1.47016368
ExtraTreeRegressor,all_ru_ahk_to_ru_aho_inner,All Ru-AHK (inner + outer) -> Ru-AHO inner,inner+outer,inner,All Ru-AHK,Mixed transfer,4,59,1.62929332,1.8100665856486744
ExtraTreeRegressor,all_ru_ahk_to_ru_aho_inner,All Ru-AHK (inner + outer) -> Ru-AHO inner,inner+outer,inner,All Ru-AHK,Mixed transfer,4,61,1.57873877,1.53168147
ExtraTreeRegressor,all_ru_ahk_to_ru_aho_inner,All Ru-AHK (inner + outer) -> Ru-AHO inner,inner+outer,inner,All Ru-AHK,Mixed transfer,4,63,1.56019653,1.53168147
ExtraTreeRegressor,all_ru_ahk_to_ru_aho_inner,All Ru-AHK (inner + outer) -> Ru-AHO inner,inner+outer,inner,All Ru-AHK,Mixed transfer,4,66,1.51369193,1.53168147
ExtraTreeRegressor,all_ru_ahk_to_ru_aho_inner,All Ru-AHK (inner + outer) -> Ru-AHO inner,inner+outer,inner,All Ru-AHK,Mixed transfer,4,67,1.51369193,1.39055932
ExtraTreeRegressor,all_ru_ahk_to_ru_aho_inner,All Ru-AHK (inner + outer) -> Ru-AHO inner,inner+outer,inner,All Ru-AHK,Mixed transfer,4,77,1.36283425,1.38325909
ExtraTreeRegressor,all_ru_ahk_to_ru_aho_inner,All Ru-AHK (inner + outer) -> Ru-AHO inner,inner+outer,inner,All Ru-AHK,Mixed transfer,4,84,0.80438248,2.49268506
ExtraTreeRegressor,all_ru_ahk_to_ru_aho_inner,All Ru-AHK (inner + outer) -> Ru-AHO inner,inner+outer,inner,All Ru-AHK,Mixed transfer,4,95,0.0120419,0.12126274
ExtraTreeRegressor,all_ru_ahk_to_ru_aho_inner,All Ru-AHK (inner + outer) -> Ru-AHO inner,inner+outer,inner,All Ru-AHK,Mixed transfer,4,96,0.0,0.83956097
ExtraTreeRegressor,all_ru_ahk_to_ru_aho_inner,All Ru-AHK (inner + outer) -> Ru-AHO inner,inner+outer,inner,All Ru-AHK,Mixed transfer,4,97,0.0,0.80254597
ExtraTreeRegressor,all_ru_ahk_to_ru_aho_inner,All Ru-AHK (inner + outer) -> Ru-AHO inner,inner+outer,inner,All Ru-AHK,Delta learning,4,32,2.30450133,2.49823771
ExtraTreeRegressor,all_ru_ahk_to_ru_aho_inner,All Ru-AHK (inner + outer) -> Ru-AHO inner,inner+outer,inner,All Ru-AHK,Delta learning,4,41,2.13444943,2.165383377162187
ExtraTreeRegressor,all_ru_ahk_to_ru_aho_inner,All Ru-AHK (inner + outer) -> Ru-AHO inner,inner+outer,inner,All Ru-AHK,Delta learning,4,43,2.11117069,1.4926076400000001
ExtraTreeRegressor,all_ru_ahk_to_ru_aho_inner,All Ru-AHK (inner + outer) -> Ru-AHO inner,inner+outer,inner,All Ru-AHK,Delta learning,4,46,2.00941149,1.62929332
ExtraTreeRegressor,all_ru_ahk_to_ru_aho_inner,All Ru-AHK (inner + outer) -> Ru-AHO inner,inner+outer,inner,All Ru-AHK,Delta learning,4,48,1.96551622,1.9444862399999998
ExtraTreeRegressor,all_ru_ahk_to_ru_aho_inner,All Ru-AHK (inner + outer) -> Ru-AHO inner,inner+outer,inner,All Ru-AHK,Delta learning,4,50,1.95650617,1.4926076400000001
ExtraTreeRegressor,all_ru_ahk_to_ru_aho_inner,All Ru-AHK (inner + outer) -> Ru-AHO inner,inner+outer,inner,All Ru-AHK,Delta learning,4,54,1.80901573,2.30450133
ExtraTreeRegressor,all_ru_ahk_to_ru_aho_inner,All Ru-AHK (inner + outer) -> Ru-AHO inner,inner+outer,inner,All Ru-AHK,Delta learning,4,57,1.68395754,1.88185187
ExtraTreeRegressor,all_ru_ahk_to_ru_aho_inner,All Ru-AHK (inner + outer) -> Ru-AHO inner,inner+outer,inner,All Ru-AHK,Delta learning,4,58,1.66417952,1.4701636800000002
ExtraTreeRegressor,all_ru_ahk_to_ru_aho_inner,All Ru-AHK (inner + outer) -> Ru-AHO inner,inner+outer,inner,All Ru-AHK,Delta learning,4,59,1.62929332,2.913655343727479
ExtraTreeRegressor,all_ru_ahk_to_ru_aho_inner,All Ru-AHK (inner + outer) -> Ru-AHO inner,inner+outer,inner,All Ru-AHK,Delta learning,4,61,1.57873877,1.600853676261439
ExtraTreeRegressor,all_ru_ahk_to_ru_aho_inner,All Ru-AHK (inner + outer) -> Ru-AHO inner,inner+outer,inner,All Ru-AHK,Delta learning,4,63,1.56019653,1.600853676261439
ExtraTreeRegressor,all_ru_ahk_to_ru_aho_inner,All Ru-AHK (inner + outer) -> Ru-AHO inner,inner+outer,inner,All Ru-AHK,Delta learning,4,66,1.51369193,1.53168147
ExtraTreeRegressor,all_ru_ahk_to_ru_aho_inner,All Ru-AHK (inner + outer) -> Ru-AHO inner,inner+outer,inner,All Ru-AHK,Delta learning,4,67,1.51369193,1.39055932
ExtraTreeRegressor,all_ru_ahk_to_ru_aho_inner,All Ru-AHK (inner + outer) -> Ru-AHO inner,inner+outer,inner,All Ru-AHK,Delta learning,4,77,1.36283425,1.3832590900000001
ExtraTreeRegressor,all_ru_ahk_to_ru_aho_inner,All Ru-AHK (inner + outer) -> Ru-AHO inner,inner+outer,inner,All Ru-AHK,Delta learning,4,84,0.80438248,0.39647984000000003
ExtraTreeRegressor,all_ru_ahk_to_ru_aho_inner,All Ru-AHK (inner + outer) -> Ru-AHO inner,inner+outer,inner,All Ru-AHK,Delta learning,4,95,0.0120419,0.12126274000000015
ExtraTreeRegressor,all_ru_ahk_to_ru_aho_inner,All Ru-AHK (inner + outer) -> Ru-AHO inner,inner+outer,inner,All Ru-AHK,Delta learning,4,96,0.0,0.83956097
ExtraTreeRegressor,all_ru_ahk_to_ru_aho_inner,All Ru-AHK (inner + outer) -> Ru-AHO inner,inner+outer,inner,All Ru-AHK,Delta learning,4,97,0.0,0.8025459699999999
ExtraTreeRegressor,all_ru_ahk_to_ru_aho_inner,All Ru-AHK (inner + outer) -> Ru-AHO inner,inner+outer,inner,All Ru-AHK,Mixed transfer,5,1,4.50050002,3.13437597
ExtraTreeRegressor,all_ru_ahk_to_ru_aho_inner,All Ru-AHK (inner + outer) -> Ru-AHO inner,inner+outer,inner,All Ru-AHK,Mixed transfer,5,2,3.84937533,2.92766445
ExtraTreeRegressor,all_ru_ahk_to_ru_aho_inner,All Ru-AHK (inner + outer) -> Ru-AHO inner,inner+outer,inner,All Ru-AHK,Mixed transfer,5,14,2.72095293,2.72095293
ExtraTreeRegressor,all_ru_ahk_to_ru_aho_inner,All Ru-AHK (inner + outer) -> Ru-AHO inner,inner+outer,inner,All Ru-AHK,Mixed transfer,5,20,2.72095293,2.72095293
ExtraTreeRegressor,all_ru_ahk_to_ru_aho_inner,All Ru-AHK (inner + outer) -> Ru-AHO inner,inner+outer,inner,All Ru-AHK,Mixed transfer,5,21,2.6917632,2.72095293
ExtraTreeRegressor,all_ru_ahk_to_ru_aho_inner,All Ru-AHK (inner + outer) -> Ru-AHO inner,inner+outer,inner,All Ru-AHK,Mixed transfer,5,23,2.61179564,2.04981531
ExtraTreeRegressor,all_ru_ahk_to_ru_aho_inner,All Ru-AHK (inner + outer) -> Ru-AHO inner,inner+outer,inner,All Ru-AHK,Mixed transfer,5,29,2.47786275,2.92766445
ExtraTreeRegressor,all_ru_ahk_to_ru_aho_inner,All Ru-AHK (inner + outer) -> Ru-AHO inner,inner+outer,inner,All Ru-AHK,Mixed transfer,5,37,2.26077037,2.20688949
ExtraTreeRegressor,all_ru_ahk_to_ru_aho_inner,All Ru-AHK (inner + outer) -> Ru-AHO inner,inner+outer,inner,All Ru-AHK,Mixed transfer,5,51,1.94448624,2.4793021357091005
ExtraTreeRegressor,all_ru_ahk_to_ru_aho_inner,All Ru-AHK (inner + outer) -> Ru-AHO inner,inner+outer,inner,All Ru-AHK,Mixed transfer,5,52,1.88185187,1.68395754
ExtraTreeRegressor,all_ru_ahk_to_ru_aho_inner,All Ru-AHK (inner + outer) -> Ru-AHO inner,inner+outer,inner,All Ru-AHK,Mixed transfer,5,60,1.62929332,2.00941149
ExtraTreeRegressor,all_ru_ahk_to_ru_aho_inner,All Ru-AHK (inner + outer) -> Ru-AHO inner,inner+outer,inner,All Ru-AHK,Mixed transfer,5,71,1.47016368,1.66417952
ExtraTreeRegressor,all_ru_ahk_to_ru_aho_inner,All Ru-AHK (inner + outer) -> Ru-AHO inner,inner+outer,inner,All Ru-AHK,Mixed transfer,5,74,1.38325909,1.36283425
ExtraTreeRegressor,all_ru_ahk_to_ru_aho_inner,All Ru-AHK (inner + outer) -> Ru-AHO inner,inner+outer,inner,All Ru-AHK,Mixed transfer,5,82,0.99242206,1.00421655
ExtraTreeRegressor,all_ru_ahk_to_ru_aho_inner,All Ru-AHK (inner + outer) -> Ru-AHO inner,inner+outer,inner,All Ru-AHK,Mixed transfer,5,86,0.67501313,0.939458276329232
ExtraTreeRegressor,all_ru_ahk_to_ru_aho_inner,All Ru-AHK (inner + outer) -> Ru-AHO inner,inner+outer,inner,All Ru-AHK,Mixed transfer,5,87,0.56782018,2.4403643819132483
ExtraTreeRegressor,all_ru_ahk_to_ru_aho_inner,All Ru-AHK (inner + outer) -> Ru-AHO inner,inner+outer,inner,All Ru-AHK,Mixed transfer,5,89,0.33293116,2.4403643819132483
ExtraTreeRegressor,all_ru_ahk_to_ru_aho_inner,All Ru-AHK (inner + outer) -> Ru-AHO inner,inner+outer,inner,All Ru-AHK,Mixed transfer,5,91,0.10866753,1.7131604994965048
ExtraTreeRegressor,all_ru_ahk_to_ru_aho_inner,All Ru-AHK (inner + outer) -> Ru-AHO inner,inner+outer,inner,All Ru-AHK,Mixed transfer,5,92,0.09139463,2.4403643819132483
ExtraTreeRegressor,all_ru_ahk_to_ru_aho_inner,All Ru-AHK (inner + outer) -> Ru-AHO inner,inner+outer,inner,All Ru-AHK,Delta learning,5,1,4.50050002,3.924008229211556
ExtraTreeRegressor,all_ru_ahk_to_ru_aho_inner,All Ru-AHK (inner + outer) -> Ru-AHO inner,inner+outer,inner,All Ru-AHK,Delta learning,5,2,3.84937533,3.924008229211556
ExtraTreeRegressor,all_ru_ahk_to_ru_aho_inner,All Ru-AHK (inner + outer) -> Ru-AHO inner,inner+outer,inner,All Ru-AHK,Delta learning,5,14,2.72095293,2.72095293
ExtraTreeRegressor,all_ru_ahk_to_ru_aho_inner,All Ru-AHK (inner + outer) -> Ru-AHO inner,inner+outer,inner,All Ru-AHK,Delta learning,5,20,2.72095293,2.72095293
ExtraTreeRegressor,all_ru_ahk_to_ru_aho_inner,All Ru-AHK (inner + outer) -> Ru-AHO inner,inner+outer,inner,All Ru-AHK,Delta learning,5,21,2.6917632,2.72095293
ExtraTreeRegressor,all_ru_ahk_to_ru_aho_inner,All Ru-AHK (inner + outer) -> Ru-AHO inner,inner+outer,inner,All Ru-AHK,Delta learning,5,23,2.61179564,2.04981531
ExtraTreeRegressor,all_ru_ahk_to_ru_aho_inner,All Ru-AHK (inner + outer) -> Ru-AHO inner,inner+outer,inner,All Ru-AHK,Delta learning,5,29,2.47786275,2.075412267574644
ExtraTreeRegressor,all_ru_ahk_to_ru_aho_inner,All Ru-AHK (inner + outer) -> Ru-AHO inner,inner+outer,inner,All Ru-AHK,Delta learning,5,37,2.26077037,1.801810039902208
ExtraTreeRegressor,all_ru_ahk_to_ru_aho_inner,All Ru-AHK (inner + outer) -> Ru-AHO inner,inner+outer,inner,All Ru-AHK,Delta learning,5,51,1.94448624,1.96551622
ExtraTreeRegressor,all_ru_ahk_to_ru_aho_inner,All Ru-AHK (inner + outer) -> Ru-AHO inner,inner+outer,inner,All Ru-AHK,Delta learning,5,52,1.88185187,1.68395754
ExtraTreeRegressor,all_ru_ahk_to_ru_aho_inner,All Ru-AHK (inner + outer) -> Ru-AHO inner,inner+outer,inner,All Ru-AHK,Delta learning,5,60,1.62929332,2.00941149
ExtraTreeRegressor,all_ru_ahk_to_ru_aho_inner,All Ru-AHK (inner + outer) -> Ru-AHO inner,inner+outer,inner,All Ru-AHK,Delta learning,5,71,1.47016368,1.66417952
ExtraTreeRegressor,all_ru_ahk_to_ru_aho_inner,All Ru-AHK (inner + outer) -> Ru-AHO inner,inner+outer,inner,All Ru-AHK,Delta learning,5,74,1.38325909,1.3628342499999997
ExtraTreeRegressor,all_ru_ahk_to_ru_aho_inner,All Ru-AHK (inner + outer) -> Ru-AHO inner,inner+outer,inner,All Ru-AHK,Delta learning,5,82,0.99242206,1.0042165499999998
ExtraTreeRegressor,all_ru_ahk_to_ru_aho_inner,All Ru-AHK (inner + outer) -> Ru-AHO inner,inner+outer,inner,All Ru-AHK,Delta learning,5,86,0.67501313,5.199852215667488
ExtraTreeRegressor,all_ru_ahk_to_ru_aho_inner,All Ru-AHK (inner + outer) -> Ru-AHO inner,inner+outer,inner,All Ru-AHK,Delta learning,5,87,0.56782018,2.30450133
ExtraTreeRegressor,all_ru_ahk_to_ru_aho_inner,All Ru-AHK (inner + outer) -> Ru-AHO inner,inner+outer,inner,All Ru-AHK,Delta learning,5,89,0.33293116,3.13437597
ExtraTreeRegressor,all_ru_ahk_to_ru_aho_inner,All Ru-AHK (inner + outer) -> Ru-AHO inner,inner+outer,inner,All Ru-AHK,Delta learning,5,91,0.10866753,0.2637841521692099
ExtraTreeRegressor,all_ru_ahk_to_ru_aho_inner,All Ru-AHK (inner + outer) -> Ru-AHO inner,inner+outer,inner,All Ru-AHK,Delta learning,5,92,0.09139463,3.13437597
