model,task_id,scene_label,source_domain,target_domain,relation_label,method_label,fold_id,target_index,y_true,y_pred
ExtraTreesRegressor,target_only_ru_aho_inner,Ru-AHO inner target-only,none,inner,Target-only,Target-only,1,0,4.50050002,2.4893908535999953
ExtraTreesRegressor,target_only_ru_aho_inner,Ru-AHO inner target-only,none,inner,Target-only,Target-only,1,4,3.13437597,2.720952930000004
ExtraTreesRegressor,target_only_ru_aho_inner,Ru-AHO inner target-only,none,inner,Target-only,Target-only,1,10,2.89279432,2.800398520399994
ExtraTreesRegressor,target_only_ru_aho_inner,Ru-AHO inner target-only,none,inner,Target-only,Target-only,1,12,2.72095293,2.772608089599996
ExtraTreesRegressor,target_only_ru_aho_inner,Ru-AHO inner target-only,none,inner,Target-only,Target-only,1,18,2.72095293,2.4778627499999932
ExtraTreesRegressor,target_only_ru_aho_inner,Ru-AHO inner target-only,none,inner,Target-only,Target-only,1,22,2.63729647,2.2742716623999977
ExtraTreesRegressor,target_only_ru_aho_inner,Ru-AHO inner target-only,none,inner,Target-only,Target-only,1,26,2.49268506,2.1111706899999962
ExtraTreesRegressor,target_only_ru_aho_inner,Ru-AHO inner target-only,none,inner,Target-only,Target-only,1,31,2.30450133,1.8118472379999988
ExtraTreesRegressor,target_only_ru_aho_inner,Ru-AHO inner target-only,none,inner,Target-only,Target-only,1,40,2.13954868,2.018898080000005
ExtraTreesRegressor,target_only_ru_aho_inner,Ru-AHO inner target-only,none,inner,Target-only,Target-only,1,42,2.12255274,2.2128962766666684
ExtraTreesRegressor,target_only_ru_aho_inner,Ru-AHO inner target-only,none,inner,Target-only,Target-only,1,44,2.02174776,1.844409579999998
ExtraTreesRegressor,target_only_ru_aho_inner,Ru-AHO inner target-only,none,inner,Target-only,Target-only,1,47,1.97754867,2.1361939744999976
ExtraTreesRegressor,target_only_ru_aho_inner,Ru-AHO inner target-only,none,inner,Target-only,Target-only,1,62,1.56906465,1.844055641499998
ExtraTreesRegressor,target_only_ru_aho_inner,Ru-AHO inner target-only,none,inner,Target-only,Target-only,1,64,1.53168147,1.5355652653999976
ExtraTreesRegressor,target_only_ru_aho_inner,Ru-AHO inner target-only,none,inner,Target-only,Target-only,1,73,1.39055932,1.5136919299999962
ExtraTreesRegressor,target_only_ru_aho_inner,Ru-AHO inner target-only,none,inner,Target-only,Target-only,1,75,1.36999511,1.3539045600000004
ExtraTreesRegressor,target_only_ru_aho_inner,Ru-AHO inner target-only,none,inner,Target-only,Target-only,1,81,1.00421655,0.9924220599999991
ExtraTreesRegressor,target_only_ru_aho_inner,Ru-AHO inner target-only,none,inner,Target-only,Target-only,1,83,0.83956097,0.8025459699999985
ExtraTreesRegressor,target_only_ru_aho_inner,Ru-AHO inner target-only,none,inner,Target-only,Target-only,1,90,0.19433377,0.048191710000000124
ExtraTreesRegressor,target_only_ru_aho_inner,Ru-AHO inner target-only,none,inner,Target-only,Target-only,1,94,0.04739647,0.8025459699999985
ExtraTreesRegressor,target_only_ru_aho_inner,Ru-AHO inner target-only,none,inner,Target-only,Target-only,2,5,3.13437597,3.1343759700000033
ExtraTreesRegressor,target_only_ru_aho_inner,Ru-AHO inner target-only,none,inner,Target-only,Target-only,2,9,3.13437597,3.1343759700000033
ExtraTreesRegressor,target_only_ru_aho_inner,Ru-AHO inner target-only,none,inner,Target-only,Target-only,2,11,2.81808334,2.4521732988
ExtraTreesRegressor,target_only_ru_aho_inner,Ru-AHO inner target-only,none,inner,Target-only,Target-only,2,15,2.72095293,2.2305498099999976
ExtraTreesRegressor,target_only_ru_aho_inner,Ru-AHO inner target-only,none,inner,Target-only,Target-only,2,16,2.72095293,3.1343759700000033
ExtraTreesRegressor,target_only_ru_aho_inner,Ru-AHO inner target-only,none,inner,Target-only,Target-only,2,28,2.47786275,2.720952930000004
ExtraTreesRegressor,target_only_ru_aho_inner,Ru-AHO inner target-only,none,inner,Target-only,Target-only,2,30,2.3515711,2.5025077662250026
ExtraTreesRegressor,target_only_ru_aho_inner,Ru-AHO inner target-only,none,inner,Target-only,Target-only,2,33,2.30450133,3.5774835140000016
ExtraTreesRegressor,target_only_ru_aho_inner,Ru-AHO inner target-only,none,inner,Target-only,Target-only,2,35,2.30450133,2.4521732988
ExtraTreesRegressor,target_only_ru_aho_inner,Ru-AHO inner target-only,none,inner,Target-only,Target-only,2,39,2.16934032,2.2421446241999985
ExtraTreesRegressor,target_only_ru_aho_inner,Ru-AHO inner target-only,none,inner,Target-only,Target-only,2,45,2.01889808,2.0362499949999973
ExtraTreesRegressor,target_only_ru_aho_inner,Ru-AHO inner target-only,none,inner,Target-only,Target-only,2,49,1.9607788,1.3332735045000006
ExtraTreesRegressor,target_only_ru_aho_inner,Ru-AHO inner target-only,none,inner,Target-only,Target-only,2,65,1.53168147,1.5156707793999964
ExtraTreesRegressor,target_only_ru_aho_inner,Ru-AHO inner target-only,none,inner,Target-only,Target-only,2,68,1.49260764,2.0186557579
ExtraTreesRegressor,target_only_ru_aho_inner,Ru-AHO inner target-only,none,inner,Target-only,Target-only,2,69,1.48763592,2.2830267251999974
ExtraTreesRegressor,target_only_ru_aho_inner,Ru-AHO inner target-only,none,inner,Target-only,Target-only,2,70,1.47570337,0.6832082767999994
ExtraTreesRegressor,target_only_ru_aho_inner,Ru-AHO inner target-only,none,inner,Target-only,Target-only,2,72,1.40708549,1.5156707793999964
ExtraTreesRegressor,target_only_ru_aho_inner,Ru-AHO inner target-only,none,inner,Target-only,Target-only,2,80,1.31904107,1.3347172800000033
ExtraTreesRegressor,target_only_ru_aho_inner,Ru-AHO inner target-only,none,inner,Target-only,Target-only,2,88,0.39647984,0.8043824800000007
ExtraTreesRegressor,target_only_ru_aho_inner,Ru-AHO inner target-only,none,inner,Target-only,Target-only,2,93,0.04819171,0.19433377000000004
ExtraTreesRegressor,target_only_ru_aho_inner,Ru-AHO inner target-only,none,inner,Target-only,Target-only,3,3,3.67873076,2.639446072500001
ExtraTreesRegressor,target_only_ru_aho_inner,Ru-AHO inner target-only,none,inner,Target-only,Target-only,3,6,3.13437597,3.050282376400003
ExtraTreesRegressor,target_only_ru_aho_inner,Ru-AHO inner target-only,none,inner,Target-only,Target-only,3,7,3.13437597,3.1343759700000033
ExtraTreesRegressor,target_only_ru_aho_inner,Ru-AHO inner target-only,none,inner,Target-only,Target-only,3,8,3.13437597,3.053703972500003
ExtraTreesRegressor,target_only_ru_aho_inner,Ru-AHO inner target-only,none,inner,Target-only,Target-only,3,13,2.72095293,2.657977686800002
ExtraTreesRegressor,target_only_ru_aho_inner,Ru-AHO inner target-only,none,inner,Target-only,Target-only,3,17,2.72095293,2.7296946669000035
ExtraTreesRegressor,target_only_ru_aho_inner,Ru-AHO inner target-only,none,inner,Target-only,Target-only,3,19,2.72095293,2.677430278200001
ExtraTreesRegressor,target_only_ru_aho_inner,Ru-AHO inner target-only,none,inner,Target-only,Target-only,3,24,2.49823771,2.3203333908999975
ExtraTreesRegressor,target_only_ru_aho_inner,Ru-AHO inner target-only,none,inner,Target-only,Target-only,3,25,2.49823771,2.6917631999999987
ExtraTreesRegressor,target_only_ru_aho_inner,Ru-AHO inner target-only,none,inner,Target-only,Target-only,3,27,2.47786275,4.500500020000003
ExtraTreesRegressor,target_only_ru_aho_inner,Ru-AHO inner target-only,none,inner,Target-only,Target-only,3,34,2.30450133,2.7277520587000033
ExtraTreesRegressor,target_only_ru_aho_inner,Ru-AHO inner target-only,none,inner,Target-only,Target-only,3,36,2.28957767,2.3671741900000063
ExtraTreesRegressor,target_only_ru_aho_inner,Ru-AHO inner target-only,none,inner,Target-only,Target-only,3,38,2.20688949,2.3113904515999963
ExtraTreesRegressor,target_only_ru_aho_inner,Ru-AHO inner target-only,none,inner,Target-only,Target-only,3,53,1.84440958,2.018898080000005
ExtraTreesRegressor,target_only_ru_aho_inner,Ru-AHO inner target-only,none,inner,Target-only,Target-only,3,55,1.80901573,0.21200739600000001
ExtraTreesRegressor,target_only_ru_aho_inner,Ru-AHO inner target-only,none,inner,Target-only,Target-only,3,56,1.73731552,2.3671741900000063
ExtraTreesRegressor,target_only_ru_aho_inner,Ru-AHO inner target-only,none,inner,Target-only,Target-only,3,76,1.36999511,0.008531364600000002
ExtraTreesRegressor,target_only_ru_aho_inner,Ru-AHO inner target-only,none,inner,Target-only,Target-only,3,78,1.35390456,1.3618424636000008
ExtraTreesRegressor,target_only_ru_aho_inner,Ru-AHO inner target-only,none,inner,Target-only,Target-only,3,79,1.33471728,1.3307604991999988
ExtraTreesRegressor,target_only_ru_aho_inner,Ru-AHO inner target-only,none,inner,Target-only,Target-only,3,85,0.80254597,0.008531364600000002
ExtraTreesRegressor,target_only_ru_aho_inner,Ru-AHO inner target-only,none,inner,Target-only,Target-only,4,32,2.30450133,2.523268286800004
ExtraTreesRegressor,target_only_ru_aho_inner,Ru-AHO inner target-only,none,inner,Target-only,Target-only,4,41,2.13444943,1.8675561981000017
ExtraTreesRegressor,target_only_ru_aho_inner,Ru-AHO inner target-only,none,inner,Target-only,Target-only,4,43,2.11117069,1.7893504094999988
ExtraTreesRegressor,target_only_ru_aho_inner,Ru-AHO inner target-only,none,inner,Target-only,Target-only,4,46,2.00941149,1.8551634237999972
ExtraTreesRegressor,target_only_ru_aho_inner,Ru-AHO inner target-only,none,inner,Target-only,Target-only,4,48,1.96551622,2.1249686790999975
ExtraTreesRegressor,target_only_ru_aho_inner,Ru-AHO inner target-only,none,inner,Target-only,Target-only,4,50,1.95650617,1.488233698
ExtraTreesRegressor,target_only_ru_aho_inner,Ru-AHO inner target-only,none,inner,Target-only,Target-only,4,54,1.80901573,2.3045013299999955
ExtraTreesRegressor,target_only_ru_aho_inner,Ru-AHO inner target-only,none,inner,Target-only,Target-only,4,57,1.68395754,1.8818518699999986
ExtraTreesRegressor,target_only_ru_aho_inner,Ru-AHO inner target-only,none,inner,Target-only,Target-only,4,58,1.66417952,1.4462043519999994
ExtraTreesRegressor,target_only_ru_aho_inner,Ru-AHO inner target-only,none,inner,Target-only,Target-only,4,59,1.62929332,1.8818518699999986
ExtraTreesRegressor,target_only_ru_aho_inner,Ru-AHO inner target-only,none,inner,Target-only,Target-only,4,61,1.57873877,1.5316814699999979
ExtraTreesRegressor,target_only_ru_aho_inner,Ru-AHO inner target-only,none,inner,Target-only,Target-only,4,63,1.56019653,1.5312410144999975
ExtraTreesRegressor,target_only_ru_aho_inner,Ru-AHO inner target-only,none,inner,Target-only,Target-only,4,66,1.51369193,1.5312410144999975
ExtraTreesRegressor,target_only_ru_aho_inner,Ru-AHO inner target-only,none,inner,Target-only,Target-only,4,67,1.51369193,1.3984417359999979
ExtraTreesRegressor,target_only_ru_aho_inner,Ru-AHO inner target-only,none,inner,Target-only,Target-only,4,77,1.36283425,1.3481618619999987
ExtraTreesRegressor,target_only_ru_aho_inner,Ru-AHO inner target-only,none,inner,Target-only,Target-only,4,84,0.80438248,1.5624440280000003
ExtraTreesRegressor,target_only_ru_aho_inner,Ru-AHO inner target-only,none,inner,Target-only,Target-only,4,95,0.0120419,2.0962483949000013
ExtraTreesRegressor,target_only_ru_aho_inner,Ru-AHO inner target-only,none,inner,Target-only,Target-only,4,96,0.0,0.838450519999999
ExtraTreesRegressor,target_only_ru_aho_inner,Ru-AHO inner target-only,none,inner,Target-only,Target-only,4,97,0.0,0.8025459699999985
ExtraTreesRegressor,target_only_ru_aho_inner,Ru-AHO inner target-only,none,inner,Target-only,Target-only,5,1,4.50050002,3.1343759700000033
ExtraTreesRegressor,target_only_ru_aho_inner,Ru-AHO inner target-only,none,inner,Target-only,Target-only,5,2,3.84937533,2.9276644500000035
ExtraTreesRegressor,target_only_ru_aho_inner,Ru-AHO inner target-only,none,inner,Target-only,Target-only,5,14,2.72095293,2.666814222000003
ExtraTreesRegressor,target_only_ru_aho_inner,Ru-AHO inner target-only,none,inner,Target-only,Target-only,5,20,2.72095293,2.6893512066000027
ExtraTreesRegressor,target_only_ru_aho_inner,Ru-AHO inner target-only,none,inner,Target-only,Target-only,5,21,2.6917632,2.294011040600005
ExtraTreesRegressor,target_only_ru_aho_inner,Ru-AHO inner target-only,none,inner,Target-only,Target-only,5,23,2.61179564,2.049815310000005
ExtraTreesRegressor,target_only_ru_aho_inner,Ru-AHO inner target-only,none,inner,Target-only,Target-only,5,29,2.47786275,2.894790117000001
ExtraTreesRegressor,target_only_ru_aho_inner,Ru-AHO inner target-only,none,inner,Target-only,Target-only,5,37,2.26077037,2.2068894900000027
ExtraTreesRegressor,target_only_ru_aho_inner,Ru-AHO inner target-only,none,inner,Target-only,Target-only,5,51,1.94448624,2.0212706740000033
ExtraTreesRegressor,target_only_ru_aho_inner,Ru-AHO inner target-only,none,inner,Target-only,Target-only,5,52,1.88185187,1.683957539999997
ExtraTreesRegressor,target_only_ru_aho_inner,Ru-AHO inner target-only,none,inner,Target-only,Target-only,5,60,1.62929332,2.009411489999998
ExtraTreesRegressor,target_only_ru_aho_inner,Ru-AHO inner target-only,none,inner,Target-only,Target-only,5,71,1.47016368,1.6641795200000025
ExtraTreesRegressor,target_only_ru_aho_inner,Ru-AHO inner target-only,none,inner,Target-only,Target-only,5,74,1.38325909,1.362834250000002
ExtraTreesRegressor,target_only_ru_aho_inner,Ru-AHO inner target-only,none,inner,Target-only,Target-only,5,82,0.99242206,1.0042165499999989
ExtraTreesRegressor,target_only_ru_aho_inner,Ru-AHO inner target-only,none,inner,Target-only,Target-only,5,86,0.67501313,2.8281057839000026
ExtraTreesRegressor,target_only_ru_aho_inner,Ru-AHO inner target-only,none,inner,Target-only,Target-only,5,87,0.56782018,2.6288359321999963
ExtraTreesRegressor,target_only_ru_aho_inner,Ru-AHO inner target-only,none,inner,Target-only,Target-only,5,89,0.33293116,2.9337186759000002
ExtraTreesRegressor,target_only_ru_aho_inner,Ru-AHO inner target-only,none,inner,Target-only,Target-only,5,91,0.10866753,0.12126274000000013
ExtraTreesRegressor,target_only_ru_aho_inner,Ru-AHO inner target-only,none,inner,Target-only,Target-only,5,92,0.09139463,3.2010420934000035
ExtraTreesRegressor,ru_ahk_inner_to_ru_aho_inner,Ru-AHK inner -> Ru-AHO inner,inner,inner,Same mechanism,Mixed transfer,1,0,4.50050002,2.484255033499995
ExtraTreesRegressor,ru_ahk_inner_to_ru_aho_inner,Ru-AHK inner -> Ru-AHO inner,inner,inner,Same mechanism,Mixed transfer,1,4,3.13437597,2.720952930000004
ExtraTreesRegressor,ru_ahk_inner_to_ru_aho_inner,Ru-AHK inner -> Ru-AHO inner,inner,inner,Same mechanism,Mixed transfer,1,10,2.89279432,2.8016617217999946
ExtraTreesRegressor,ru_ahk_inner_to_ru_aho_inner,Ru-AHK inner -> Ru-AHO inner,inner,inner,Same mechanism,Mixed transfer,1,12,2.72095293,2.785240103599995
ExtraTreesRegressor,ru_ahk_inner_to_ru_aho_inner,Ru-AHK inner -> Ru-AHO inner,inner,inner,Same mechanism,Mixed transfer,1,18,2.72095293,2.4778627499999932
ExtraTreesRegressor,ru_ahk_inner_to_ru_aho_inner,Ru-AHK inner -> Ru-AHO inner,inner,inner,Same mechanism,Mixed transfer,1,22,2.63729647,2.2806840161333306
ExtraTreesRegressor,ru_ahk_inner_to_ru_aho_inner,Ru-AHK inner -> Ru-AHO inner,inner,inner,Same mechanism,Mixed transfer,1,26,2.49268506,2.1111706899999962
ExtraTreesRegressor,ru_ahk_inner_to_ru_aho_inner,Ru-AHK inner -> Ru-AHO inner,inner,inner,Same mechanism,Mixed transfer,1,31,2.30450133,1.809015729999999
ExtraTreesRegressor,ru_ahk_inner_to_ru_aho_inner,Ru-AHK inner -> Ru-AHO inner,inner,inner,Same mechanism,Mixed transfer,1,40,2.13954868,2.0264734865889973
ExtraTreesRegressor,ru_ahk_inner_to_ru_aho_inner,Ru-AHK inner -> Ru-AHO inner,inner,inner,Same mechanism,Mixed transfer,1,42,2.12255274,2.2128962766666684
ExtraTreesRegressor,ru_ahk_inner_to_ru_aho_inner,Ru-AHK inner -> Ru-AHO inner,inner,inner,Same mechanism,Mixed transfer,1,44,2.02174776,1.844409579999998
ExtraTreesRegressor,ru_ahk_inner_to_ru_aho_inner,Ru-AHK inner -> Ru-AHO inner,inner,inner,Same mechanism,Mixed transfer,1,47,1.97754867,1.2614139509284181
ExtraTreesRegressor,ru_ahk_inner_to_ru_aho_inner,Ru-AHK inner -> Ru-AHO inner,inner,inner,Same mechanism,Mixed transfer,1,62,1.56906465,1.8453579276382914
ExtraTreesRegressor,ru_ahk_inner_to_ru_aho_inner,Ru-AHK inner -> Ru-AHO inner,inner,inner,Same mechanism,Mixed transfer,1,64,1.53168147,1.5410116027999985
ExtraTreesRegressor,ru_ahk_inner_to_ru_aho_inner,Ru-AHK inner -> Ru-AHO inner,inner,inner,Same mechanism,Mixed transfer,1,73,1.39055932,1.5136919299999962
ExtraTreesRegressor,ru_ahk_inner_to_ru_aho_inner,Ru-AHK inner -> Ru-AHO inner,inner,inner,Same mechanism,Mixed transfer,1,75,1.36999511,1.3539045600000004
ExtraTreesRegressor,ru_ahk_inner_to_ru_aho_inner,Ru-AHK inner -> Ru-AHO inner,inner,inner,Same mechanism,Mixed transfer,1,81,1.00421655,0.9924220599999991
ExtraTreesRegressor,ru_ahk_inner_to_ru_aho_inner,Ru-AHK inner -> Ru-AHO inner,inner,inner,Same mechanism,Mixed transfer,1,83,0.83956097,0.7833722796690479
ExtraTreesRegressor,ru_ahk_inner_to_ru_aho_inner,Ru-AHK inner -> Ru-AHO inner,inner,inner,Same mechanism,Mixed transfer,1,90,0.19433377,0.048191710000000124
ExtraTreesRegressor,ru_ahk_inner_to_ru_aho_inner,Ru-AHK inner -> Ru-AHO inner,inner,inner,Same mechanism,Mixed transfer,1,94,0.04739647,0.8025459699999985
ExtraTreesRegressor,ru_ahk_inner_to_ru_aho_inner,Ru-AHK inner -> Ru-AHO inner,inner,inner,Same mechanism,Delta learning,1,0,4.50050002,2.3928462856114177
ExtraTreesRegressor,ru_ahk_inner_to_ru_aho_inner,Ru-AHK inner -> Ru-AHO inner,inner,inner,Same mechanism,Delta learning,1,4,3.13437597,2.72095293
ExtraTreesRegressor,ru_ahk_inner_to_ru_aho_inner,Ru-AHK inner -> Ru-AHO inner,inner,inner,Same mechanism,Delta learning,1,10,2.89279432,2.935549661428203
ExtraTreesRegressor,ru_ahk_inner_to_ru_aho_inner,Ru-AHK inner -> Ru-AHO inner,inner,inner,Same mechanism,Delta learning,1,12,2.72095293,3.169079495134826
ExtraTreesRegressor,ru_ahk_inner_to_ru_aho_inner,Ru-AHK inner -> Ru-AHO inner,inner,inner,Same mechanism,Delta learning,1,18,2.72095293,2.4778627499999994
ExtraTreesRegressor,ru_ahk_inner_to_ru_aho_inner,Ru-AHK inner -> Ru-AHO inner,inner,inner,Same mechanism,Delta learning,1,22,2.63729647,2.2086148291952368
ExtraTreesRegressor,ru_ahk_inner_to_ru_aho_inner,Ru-AHK inner -> Ru-AHO inner,inner,inner,Same mechanism,Delta learning,1,26,2.49268506,2.11117069
ExtraTreesRegressor,ru_ahk_inner_to_ru_aho_inner,Ru-AHK inner -> Ru-AHO inner,inner,inner,Same mechanism,Delta learning,1,31,2.30450133,1.8107679927651499
ExtraTreesRegressor,ru_ahk_inner_to_ru_aho_inner,Ru-AHK inner -> Ru-AHO inner,inner,inner,Same mechanism,Delta learning,1,40,2.13954868,2.0152443356007383
ExtraTreesRegressor,ru_ahk_inner_to_ru_aho_inner,Ru-AHK inner -> Ru-AHO inner,inner,inner,Same mechanism,Delta learning,1,42,2.12255274,2.212896276666667
ExtraTreesRegressor,ru_ahk_inner_to_ru_aho_inner,Ru-AHK inner -> Ru-AHO inner,inner,inner,Same mechanism,Delta learning,1,44,2.02174776,1.8514149461999996
ExtraTreesRegressor,ru_ahk_inner_to_ru_aho_inner,Ru-AHK inner -> Ru-AHO inner,inner,inner,Same mechanism,Delta learning,1,47,1.97754867,2.134449429999999
ExtraTreesRegressor,ru_ahk_inner_to_ru_aho_inner,Ru-AHK inner -> Ru-AHO inner,inner,inner,Same mechanism,Delta learning,1,62,1.56906465,1.863492738987578
ExtraTreesRegressor,ru_ahk_inner_to_ru_aho_inner,Ru-AHK inner -> Ru-AHO inner,inner,inner,Same mechanism,Delta learning,1,64,1.53168147,1.510121408911481
ExtraTreesRegressor,ru_ahk_inner_to_ru_aho_inner,Ru-AHK inner -> Ru-AHO inner,inner,inner,Same mechanism,Delta learning,1,73,1.39055932,1.5136919299999991
ExtraTreesRegressor,ru_ahk_inner_to_ru_aho_inner,Ru-AHK inner -> Ru-AHO inner,inner,inner,Same mechanism,Delta learning,1,75,1.36999511,1.334406143546248
ExtraTreesRegressor,ru_ahk_inner_to_ru_aho_inner,Ru-AHK inner -> Ru-AHO inner,inner,inner,Same mechanism,Delta learning,1,81,1.00421655,1.0013453272787898
ExtraTreesRegressor,ru_ahk_inner_to_ru_aho_inner,Ru-AHK inner -> Ru-AHO inner,inner,inner,Same mechanism,Delta learning,1,83,0.83956097,0.8025459700000007
ExtraTreesRegressor,ru_ahk_inner_to_ru_aho_inner,Ru-AHK inner -> Ru-AHO inner,inner,inner,Same mechanism,Delta learning,1,90,0.19433377,0.04819170999999911
ExtraTreesRegressor,ru_ahk_inner_to_ru_aho_inner,Ru-AHK inner -> Ru-AHO inner,inner,inner,Same mechanism,Delta learning,1,94,0.04739647,2.141428475883302
ExtraTreesRegressor,ru_ahk_inner_to_ru_aho_inner,Ru-AHK inner -> Ru-AHO inner,inner,inner,Same mechanism,Mixed transfer,2,5,3.13437597,3.1343759700000033
ExtraTreesRegressor,ru_ahk_inner_to_ru_aho_inner,Ru-AHK inner -> Ru-AHO inner,inner,inner,Same mechanism,Mixed transfer,2,9,3.13437597,3.1343759700000033
ExtraTreesRegressor,ru_ahk_inner_to_ru_aho_inner,Ru-AHK inner -> Ru-AHO inner,inner,inner,Same mechanism,Mixed transfer,2,11,2.81808334,2.5322129504000013
ExtraTreesRegressor,ru_ahk_inner_to_ru_aho_inner,Ru-AHK inner -> Ru-AHO inner,inner,inner,Same mechanism,Mixed transfer,2,15,2.72095293,2.2848947219999967
ExtraTreesRegressor,ru_ahk_inner_to_ru_aho_inner,Ru-AHK inner -> Ru-AHO inner,inner,inner,Same mechanism,Mixed transfer,2,16,2.72095293,3.1343759700000033
ExtraTreesRegressor,ru_ahk_inner_to_ru_aho_inner,Ru-AHK inner -> Ru-AHO inner,inner,inner,Same mechanism,Mixed transfer,2,28,2.47786275,2.720952930000004
ExtraTreesRegressor,ru_ahk_inner_to_ru_aho_inner,Ru-AHK inner -> Ru-AHO inner,inner,inner,Same mechanism,Mixed transfer,2,30,2.3515711,2.4706225448500034
ExtraTreesRegressor,ru_ahk_inner_to_ru_aho_inner,Ru-AHK inner -> Ru-AHO inner,inner,inner,Same mechanism,Mixed transfer,2,33,2.30450133,3.3513493133000014
ExtraTreesRegressor,ru_ahk_inner_to_ru_aho_inner,Ru-AHK inner -> Ru-AHO inner,inner,inner,Same mechanism,Mixed transfer,2,35,2.30450133,3.044797327900002
ExtraTreesRegressor,ru_ahk_inner_to_ru_aho_inner,Ru-AHK inner -> Ru-AHO inner,inner,inner,Same mechanism,Mixed transfer,2,39,2.16934032,2.137035119000003
ExtraTreesRegressor,ru_ahk_inner_to_ru_aho_inner,Ru-AHK inner -> Ru-AHO inner,inner,inner,Same mechanism,Mixed transfer,2,45,2.01889808,2.0229741518424023
ExtraTreesRegressor,ru_ahk_inner_to_ru_aho_inner,Ru-AHK inner -> Ru-AHO inner,inner,inner,Same mechanism,Mixed transfer,2,49,1.9607788,0.9805929651000005
ExtraTreesRegressor,ru_ahk_inner_to_ru_aho_inner,Ru-AHK inner -> Ru-AHO inner,inner,inner,Same mechanism,Mixed transfer,2,65,1.53168147,1.5138718253999963
ExtraTreesRegressor,ru_ahk_inner_to_ru_aho_inner,Ru-AHK inner -> Ru-AHO inner,inner,inner,Same mechanism,Mixed transfer,2,68,1.49260764,2.015278687600001
ExtraTreesRegressor,ru_ahk_inner_to_ru_aho_inner,Ru-AHK inner -> Ru-AHO inner,inner,inner,Same mechanism,Mixed transfer,2,69,1.48763592,2.3045013299999955
ExtraTreesRegressor,ru_ahk_inner_to_ru_aho_inner,Ru-AHK inner -> Ru-AHO inner,inner,inner,Same mechanism,Mixed transfer,2,70,1.47570337,2.1225082041399275
ExtraTreesRegressor,ru_ahk_inner_to_ru_aho_inner,Ru-AHK inner -> Ru-AHO inner,inner,inner,Same mechanism,Mixed transfer,2,72,1.40708549,1.5138718253999963
ExtraTreesRegressor,ru_ahk_inner_to_ru_aho_inner,Ru-AHK inner -> Ru-AHO inner,inner,inner,Same mechanism,Mixed transfer,2,80,1.31904107,1.3347172800000033
ExtraTreesRegressor,ru_ahk_inner_to_ru_aho_inner,Ru-AHK inner -> Ru-AHO inner,inner,inner,Same mechanism,Mixed transfer,2,88,0.39647984,0.8043824800000007
ExtraTreesRegressor,ru_ahk_inner_to_ru_aho_inner,Ru-AHK inner -> Ru-AHO inner,inner,inner,Same mechanism,Mixed transfer,2,93,0.04819171,0.19433377000000004
ExtraTreesRegressor,ru_ahk_inner_to_ru_aho_inner,Ru-AHK inner -> Ru-AHO inner,inner,inner,Same mechanism,Delta learning,2,5,3.13437597,3.1343759700000002
ExtraTreesRegressor,ru_ahk_inner_to_ru_aho_inner,Ru-AHK inner -> Ru-AHO inner,inner,inner,Same mechanism,Delta learning,2,9,3.13437597,4.766674557300503
ExtraTreesRegressor,ru_ahk_inner_to_ru_aho_inner,Ru-AHK inner -> Ru-AHO inner,inner,inner,Same mechanism,Delta learning,2,11,2.81808334,2.497875151001462
ExtraTreesRegressor,ru_ahk_inner_to_ru_aho_inner,Ru-AHK inner -> Ru-AHO inner,inner,inner,Same mechanism,Delta learning,2,15,2.72095293,2.223956248877169
ExtraTreesRegressor,ru_ahk_inner_to_ru_aho_inner,Ru-AHK inner -> Ru-AHO inner,inner,inner,Same mechanism,Delta learning,2,16,2.72095293,3.13437597
ExtraTreesRegressor,ru_ahk_inner_to_ru_aho_inner,Ru-AHK inner -> Ru-AHO inner,inner,inner,Same mechanism,Delta learning,2,28,2.47786275,2.72095293
ExtraTreesRegressor,ru_ahk_inner_to_ru_aho_inner,Ru-AHK inner -> Ru-AHO inner,inner,inner,Same mechanism,Delta learning,2,30,2.3515711,2.4920513192971225
ExtraTreesRegressor,ru_ahk_inner_to_ru_aho_inner,Ru-AHK inner -> Ru-AHO inner,inner,inner,Same mechanism,Delta learning,2,33,2.30450133,3.436978624817514
ExtraTreesRegressor,ru_ahk_inner_to_ru_aho_inner,Ru-AHK inner -> Ru-AHO inner,inner,inner,Same mechanism,Delta learning,2,35,2.30450133,2.497875151001462
ExtraTreesRegressor,ru_ahk_inner_to_ru_aho_inner,Ru-AHK inner -> Ru-AHO inner,inner,inner,Same mechanism,Delta learning,2,39,2.16934032,2.225929159283478
ExtraTreesRegressor,ru_ahk_inner_to_ru_aho_inner,Ru-AHK inner -> Ru-AHO inner,inner,inner,Same mechanism,Delta learning,2,45,2.01889808,2.0934892653908515
ExtraTreesRegressor,ru_ahk_inner_to_ru_aho_inner,Ru-AHK inner -> Ru-AHO inner,inner,inner,Same mechanism,Delta learning,2,49,1.9607788,1.1100939221092823
ExtraTreesRegressor,ru_ahk_inner_to_ru_aho_inner,Ru-AHK inner -> Ru-AHO inner,inner,inner,Same mechanism,Delta learning,2,65,1.53168147,1.4940259785326908
ExtraTreesRegressor,ru_ahk_inner_to_ru_aho_inner,Ru-AHK inner -> Ru-AHO inner,inner,inner,Same mechanism,Delta learning,2,68,1.49260764,2.0044521711999996
ExtraTreesRegressor,ru_ahk_inner_to_ru_aho_inner,Ru-AHK inner -> Ru-AHO inner,inner,inner,Same mechanism,Delta learning,2,69,1.48763592,2.300785433089828
ExtraTreesRegressor,ru_ahk_inner_to_ru_aho_inner,Ru-AHK inner -> Ru-AHO inner,inner,inner,Same mechanism,Delta learning,2,70,1.47570337,2.134449429999999
ExtraTreesRegressor,ru_ahk_inner_to_ru_aho_inner,Ru-AHK inner -> Ru-AHO inner,inner,inner,Same mechanism,Delta learning,2,72,1.40708549,1.4940259785326908
ExtraTreesRegressor,ru_ahk_inner_to_ru_aho_inner,Ru-AHK inner -> Ru-AHO inner,inner,inner,Same mechanism,Delta learning,2,80,1.31904107,1.3539045599999984
ExtraTreesRegressor,ru_ahk_inner_to_ru_aho_inner,Ru-AHK inner -> Ru-AHO inner,inner,inner,Same mechanism,Delta learning,2,88,0.39647984,0.8403823232206629
ExtraTreesRegressor,ru_ahk_inner_to_ru_aho_inner,Ru-AHK inner -> Ru-AHO inner,inner,inner,Same mechanism,Delta learning,2,93,0.04819171,0.19433376999999896
ExtraTreesRegressor,ru_ahk_inner_to_ru_aho_inner,Ru-AHK inner -> Ru-AHO inner,inner,inner,Same mechanism,Mixed transfer,3,3,3.67873076,2.646669720000003
ExtraTreesRegressor,ru_ahk_inner_to_ru_aho_inner,Ru-AHK inner -> Ru-AHO inner,inner,inner,Same mechanism,Mixed transfer,3,6,3.13437597,3.1343759700000033
ExtraTreesRegressor,ru_ahk_inner_to_ru_aho_inner,Ru-AHK inner -> Ru-AHO inner,inner,inner,Same mechanism,Mixed transfer,3,7,3.13437597,3.1343759700000033
ExtraTreesRegressor,ru_ahk_inner_to_ru_aho_inner,Ru-AHK inner -> Ru-AHO inner,inner,inner,Same mechanism,Mixed transfer,3,8,3.13437597,3.1343759700000033
ExtraTreesRegressor,ru_ahk_inner_to_ru_aho_inner,Ru-AHK inner -> Ru-AHO inner,inner,inner,Same mechanism,Mixed transfer,3,13,2.72095293,2.6861772043000034
ExtraTreesRegressor,ru_ahk_inner_to_ru_aho_inner,Ru-AHK inner -> Ru-AHO inner,inner,inner,Same mechanism,Mixed transfer,3,17,2.72095293,2.730665971000003
ExtraTreesRegressor,ru_ahk_inner_to_ru_aho_inner,Ru-AHK inner -> Ru-AHO inner,inner,inner,Same mechanism,Mixed transfer,3,19,2.72095293,2.706356953000003
ExtraTreesRegressor,ru_ahk_inner_to_ru_aho_inner,Ru-AHK inner -> Ru-AHO inner,inner,inner,Same mechanism,Mixed transfer,3,24,2.49823771,2.320026539099997
ExtraTreesRegressor,ru_ahk_inner_to_ru_aho_inner,Ru-AHK inner -> Ru-AHO inner,inner,inner,Same mechanism,Mixed transfer,3,25,2.49823771,2.6917631999999987
ExtraTreesRegressor,ru_ahk_inner_to_ru_aho_inner,Ru-AHK inner -> Ru-AHO inner,inner,inner,Same mechanism,Mixed transfer,3,27,2.47786275,4.500500020000003
ExtraTreesRegressor,ru_ahk_inner_to_ru_aho_inner,Ru-AHK inner -> Ru-AHO inner,inner,inner,Same mechanism,Mixed transfer,3,34,2.30450133,2.7277520587000037
ExtraTreesRegressor,ru_ahk_inner_to_ru_aho_inner,Ru-AHK inner -> Ru-AHO inner,inner,inner,Same mechanism,Mixed transfer,3,36,2.28957767,2.3671741900000063
ExtraTreesRegressor,ru_ahk_inner_to_ru_aho_inner,Ru-AHK inner -> Ru-AHO inner,inner,inner,Same mechanism,Mixed transfer,3,38,2.20688949,2.2488844634999974
ExtraTreesRegressor,ru_ahk_inner_to_ru_aho_inner,Ru-AHK inner -> Ru-AHO inner,inner,inner,Same mechanism,Mixed transfer,3,53,1.84440958,1.8084866383000013
ExtraTreesRegressor,ru_ahk_inner_to_ru_aho_inner,Ru-AHK inner -> Ru-AHO inner,inner,inner,Same mechanism,Mixed transfer,3,55,1.80901573,2.3128303619999957
ExtraTreesRegressor,ru_ahk_inner_to_ru_aho_inner,Ru-AHK inner -> Ru-AHO inner,inner,inner,Same mechanism,Mixed transfer,3,56,1.73731552,2.3671741900000063
ExtraTreesRegressor,ru_ahk_inner_to_ru_aho_inner,Ru-AHK inner -> Ru-AHO inner,inner,inner,Same mechanism,Mixed transfer,3,76,1.36999511,0.011849117500000004
ExtraTreesRegressor,ru_ahk_inner_to_ru_aho_inner,Ru-AHK inner -> Ru-AHO inner,inner,inner,Same mechanism,Mixed transfer,3,78,1.35390456,1.363371084800001
ExtraTreesRegressor,ru_ahk_inner_to_ru_aho_inner,Ru-AHK inner -> Ru-AHO inner,inner,inner,Same mechanism,Mixed transfer,3,79,1.33471728,1.331779579999999
ExtraTreesRegressor,ru_ahk_inner_to_ru_aho_inner,Ru-AHK inner -> Ru-AHO inner,inner,inner,Same mechanism,Mixed transfer,3,85,0.80254597,0.011849117500000004
ExtraTreesRegressor,ru_ahk_inner_to_ru_aho_inner,Ru-AHK inner -> Ru-AHO inner,inner,inner,Same mechanism,Delta learning,3,3,3.67873076,2.365473632166683
ExtraTreesRegressor,ru_ahk_inner_to_ru_aho_inner,Ru-AHK inner -> Ru-AHO inner,inner,inner,Same mechanism,Delta learning,3,6,3.13437597,2.915345431966358
ExtraTreesRegressor,ru_ahk_inner_to_ru_aho_inner,Ru-AHK inner -> Ru-AHO inner,inner,inner,Same mechanism,Delta learning,3,7,3.13437597,3.0586872948857042
ExtraTreesRegressor,ru_ahk_inner_to_ru_aho_inner,Ru-AHK inner -> Ru-AHO inner,inner,inner,Same mechanism,Delta learning,3,8,3.13437597,2.8991604890264595
ExtraTreesRegressor,ru_ahk_inner_to_ru_aho_inner,Ru-AHK inner -> Ru-AHO inner,inner,inner,Same mechanism,Delta learning,3,13,2.72095293,2.529732441138105
ExtraTreesRegressor,ru_ahk_inner_to_ru_aho_inner,Ru-AHK inner -> Ru-AHO inner,inner,inner,Same mechanism,Delta learning,3,17,2.72095293,3.7066973159559247
ExtraTreesRegressor,ru_ahk_inner_to_ru_aho_inner,Ru-AHK inner -> Ru-AHO inner,inner,inner,Same mechanism,Delta learning,3,19,2.72095293,2.7820336594666832
ExtraTreesRegressor,ru_ahk_inner_to_ru_aho_inner,Ru-AHK inner -> Ru-AHO inner,inner,inner,Same mechanism,Delta learning,3,24,2.49823771,2.3083595616566703
ExtraTreesRegressor,ru_ahk_inner_to_ru_aho_inner,Ru-AHK inner -> Ru-AHO inner,inner,inner,Same mechanism,Delta learning,3,25,2.49823771,1.528482587156195
ExtraTreesRegressor,ru_ahk_inner_to_ru_aho_inner,Ru-AHK inner -> Ru-AHO inner,inner,inner,Same mechanism,Delta learning,3,27,2.47786275,3.840679514607052
ExtraTreesRegressor,ru_ahk_inner_to_ru_aho_inner,Ru-AHK inner -> Ru-AHO inner,inner,inner,Same mechanism,Delta learning,3,34,2.30450133,3.7066973159559247
ExtraTreesRegressor,ru_ahk_inner_to_ru_aho_inner,Ru-AHK inner -> Ru-AHO inner,inner,inner,Same mechanism,Delta learning,3,36,2.28957767,2.367174190000001
ExtraTreesRegressor,ru_ahk_inner_to_ru_aho_inner,Ru-AHK inner -> Ru-AHO inner,inner,inner,Same mechanism,Delta learning,3,38,2.20688949,2.2603248324810403
ExtraTreesRegressor,ru_ahk_inner_to_ru_aho_inner,Ru-AHK inner -> Ru-AHO inner,inner,inner,Same mechanism,Delta learning,3,53,1.84440958,1.7543033210494712
ExtraTreesRegressor,ru_ahk_inner_to_ru_aho_inner,Ru-AHK inner -> Ru-AHO inner,inner,inner,Same mechanism,Delta learning,3,55,1.80901573,2.250603777604936
ExtraTreesRegressor,ru_ahk_inner_to_ru_aho_inner,Ru-AHK inner -> Ru-AHO inner,inner,inner,Same mechanism,Delta learning,3,56,1.73731552,2.367174190000001
ExtraTreesRegressor,ru_ahk_inner_to_ru_aho_inner,Ru-AHK inner -> Ru-AHO inner,inner,inner,Same mechanism,Delta learning,3,76,1.36999511,-0.006335775700698765
ExtraTreesRegressor,ru_ahk_inner_to_ru_aho_inner,Ru-AHK inner -> Ru-AHO inner,inner,inner,Same mechanism,Delta learning,3,78,1.35390456,1.3805911401747264
ExtraTreesRegressor,ru_ahk_inner_to_ru_aho_inner,Ru-AHK inner -> Ru-AHO inner,inner,inner,Same mechanism,Delta learning,3,79,1.33471728,1.3170301163995202
ExtraTreesRegressor,ru_ahk_inner_to_ru_aho_inner,Ru-AHK inner -> Ru-AHO inner,inner,inner,Same mechanism,Delta learning,3,85,0.80254597,-0.006335775700698765
ExtraTreesRegressor,ru_ahk_inner_to_ru_aho_inner,Ru-AHK inner -> Ru-AHO inner,inner,inner,Same mechanism,Mixed transfer,4,32,2.30450133,2.5232682868000036
ExtraTreesRegressor,ru_ahk_inner_to_ru_aho_inner,Ru-AHK inner -> Ru-AHO inner,inner,inner,Same mechanism,Mixed transfer,4,41,2.13444943,1.6926846059999994
ExtraTreesRegressor,ru_ahk_inner_to_ru_aho_inner,Ru-AHK inner -> Ru-AHO inner,inner,inner,Same mechanism,Mixed transfer,4,43,2.11117069,1.7371595675000007
ExtraTreesRegressor,ru_ahk_inner_to_ru_aho_inner,Ru-AHK inner -> Ru-AHO inner,inner,inner,Same mechanism,Mixed transfer,4,46,2.00941149,1.9859303259999965
ExtraTreesRegressor,ru_ahk_inner_to_ru_aho_inner,Ru-AHK inner -> Ru-AHO inner,inner,inner,Same mechanism,Mixed transfer,4,48,1.96551622,1.9564869269581617
ExtraTreesRegressor,ru_ahk_inner_to_ru_aho_inner,Ru-AHK inner -> Ru-AHO inner,inner,inner,Same mechanism,Mixed transfer,4,50,1.95650617,1.488233698
ExtraTreesRegressor,ru_ahk_inner_to_ru_aho_inner,Ru-AHK inner -> Ru-AHO inner,inner,inner,Same mechanism,Mixed transfer,4,54,1.80901573,2.3045013299999955
ExtraTreesRegressor,ru_ahk_inner_to_ru_aho_inner,Ru-AHK inner -> Ru-AHO inner,inner,inner,Same mechanism,Mixed transfer,4,57,1.68395754,1.8818518699999986
ExtraTreesRegressor,ru_ahk_inner_to_ru_aho_inner,Ru-AHK inner -> Ru-AHO inner,inner,inner,Same mechanism,Mixed transfer,4,58,1.66417952,1.4426194361999995
ExtraTreesRegressor,ru_ahk_inner_to_ru_aho_inner,Ru-AHK inner -> Ru-AHO inner,inner,inner,Same mechanism,Mixed transfer,4,59,1.62929332,0.9004103858062505
ExtraTreesRegressor,ru_ahk_inner_to_ru_aho_inner,Ru-AHK inner -> Ru-AHO inner,inner,inner,Same mechanism,Mixed transfer,4,61,1.57873877,1.556066300058157
ExtraTreesRegressor,ru_ahk_inner_to_ru_aho_inner,Ru-AHK inner -> Ru-AHO inner,inner,inner,Same mechanism,Mixed transfer,4,63,1.56019653,1.543656966058157
ExtraTreesRegressor,ru_ahk_inner_to_ru_aho_inner,Ru-AHK inner -> Ru-AHO inner,inner,inner,Same mechanism,Mixed transfer,4,66,1.51369193,1.5178609144999975
ExtraTreesRegressor,ru_ahk_inner_to_ru_aho_inner,Ru-AHK inner -> Ru-AHO inner,inner,inner,Same mechanism,Mixed transfer,4,67,1.51369193,1.4039594271999982
ExtraTreesRegressor,ru_ahk_inner_to_ru_aho_inner,Ru-AHK inner -> Ru-AHO inner,inner,inner,Same mechanism,Mixed transfer,4,77,1.36283425,1.3678974469999983
ExtraTreesRegressor,ru_ahk_inner_to_ru_aho_inner,Ru-AHK inner -> Ru-AHO inner,inner,inner,Same mechanism,Mixed transfer,4,84,0.80438248,1.1814350189948672
ExtraTreesRegressor,ru_ahk_inner_to_ru_aho_inner,Ru-AHK inner -> Ru-AHO inner,inner,inner,Same mechanism,Mixed transfer,4,95,0.0120419,0.13980829285178717
ExtraTreesRegressor,ru_ahk_inner_to_ru_aho_inner,Ru-AHK inner -> Ru-AHO inner,inner,inner,Same mechanism,Mixed transfer,4,96,0.0,0.8369699199999989
ExtraTreesRegressor,ru_ahk_inner_to_ru_aho_inner,Ru-AHK inner -> Ru-AHO inner,inner,inner,Same mechanism,Mixed transfer,4,97,0.0,0.8025459699999985
ExtraTreesRegressor,ru_ahk_inner_to_ru_aho_inner,Ru-AHK inner -> Ru-AHO inner,inner,inner,Same mechanism,Delta learning,4,32,2.30450133,2.549825205048127
ExtraTreesRegressor,ru_ahk_inner_to_ru_aho_inner,Ru-AHK inner -> Ru-AHO inner,inner,inner,Same mechanism,Delta learning,4,41,2.13444943,1.977548670000002
ExtraTreesRegressor,ru_ahk_inner_to_ru_aho_inner,Ru-AHK inner -> Ru-AHO inner,inner,inner,Same mechanism,Delta learning,4,43,2.11117069,1.8358163911106322
ExtraTreesRegressor,ru_ahk_inner_to_ru_aho_inner,Ru-AHK inner -> Ru-AHO inner,inner,inner,Same mechanism,Delta learning,4,46,2.00941149,1.8432755236000005
ExtraTreesRegressor,ru_ahk_inner_to_ru_aho_inner,Ru-AHK inner -> Ru-AHO inner,inner,inner,Same mechanism,Delta learning,4,48,1.96551622,1.9517539986928238
ExtraTreesRegressor,ru_ahk_inner_to_ru_aho_inner,Ru-AHK inner -> Ru-AHO inner,inner,inner,Same mechanism,Delta learning,4,50,1.95650617,1.4926076400000006
ExtraTreesRegressor,ru_ahk_inner_to_ru_aho_inner,Ru-AHK inner -> Ru-AHO inner,inner,inner,Same mechanism,Delta learning,4,54,1.80901573,2.314980678382606
ExtraTreesRegressor,ru_ahk_inner_to_ru_aho_inner,Ru-AHK inner -> Ru-AHO inner,inner,inner,Same mechanism,Delta learning,4,57,1.68395754,1.8818518699999998
ExtraTreesRegressor,ru_ahk_inner_to_ru_aho_inner,Ru-AHK inner -> Ru-AHO inner,inner,inner,Same mechanism,Delta learning,4,58,1.66417952,1.4479666089758476
ExtraTreesRegressor,ru_ahk_inner_to_ru_aho_inner,Ru-AHK inner -> Ru-AHO inner,inner,inner,Same mechanism,Delta learning,4,59,1.62929332,1.6196850724581866
ExtraTreesRegressor,ru_ahk_inner_to_ru_aho_inner,Ru-AHK inner -> Ru-AHO inner,inner,inner,Same mechanism,Delta learning,4,61,1.57873877,1.5316814699999983
ExtraTreesRegressor,ru_ahk_inner_to_ru_aho_inner,Ru-AHK inner -> Ru-AHO inner,inner,inner,Same mechanism,Delta learning,4,63,1.56019653,1.5285866830498402
ExtraTreesRegressor,ru_ahk_inner_to_ru_aho_inner,Ru-AHK inner -> Ru-AHO inner,inner,inner,Same mechanism,Delta learning,4,66,1.51369193,1.5285866830498402
ExtraTreesRegressor,ru_ahk_inner_to_ru_aho_inner,Ru-AHK inner -> Ru-AHO inner,inner,inner,Same mechanism,Delta learning,4,67,1.51369193,1.3944989244586923
ExtraTreesRegressor,ru_ahk_inner_to_ru_aho_inner,Ru-AHK inner -> Ru-AHO inner,inner,inner,Same mechanism,Delta learning,4,77,1.36283425,1.3546730897994976
ExtraTreesRegressor,ru_ahk_inner_to_ru_aho_inner,Ru-AHK inner -> Ru-AHO inner,inner,inner,Same mechanism,Delta learning,4,84,0.80438248,1.8556328200258072
ExtraTreesRegressor,ru_ahk_inner_to_ru_aho_inner,Ru-AHK inner -> Ru-AHO inner,inner,inner,Same mechanism,Delta learning,4,95,0.0120419,1.795382232529261
ExtraTreesRegressor,ru_ahk_inner_to_ru_aho_inner,Ru-AHK inner -> Ru-AHO inner,inner,inner,Same mechanism,Delta learning,4,96,0.0,0.8388206699999989
ExtraTreesRegressor,ru_ahk_inner_to_ru_aho_inner,Ru-AHK inner -> Ru-AHO inner,inner,inner,Same mechanism,Delta learning,4,97,0.0,0.8025459700000007
ExtraTreesRegressor,ru_ahk_inner_to_ru_aho_inner,Ru-AHK inner -> Ru-AHO inner,inner,inner,Same mechanism,Mixed transfer,5,1,4.50050002,3.1343759700000033
ExtraTreesRegressor,ru_ahk_inner_to_ru_aho_inner,Ru-AHK inner -> Ru-AHO inner,inner,inner,Same mechanism,Mixed transfer,5,2,3.84937533,2.9276644500000035
ExtraTreesRegressor,ru_ahk_inner_to_ru_aho_inner,Ru-AHK inner -> Ru-AHO inner,inner,inner,Same mechanism,Mixed transfer,5,14,2.72095293,2.6834722860000038
ExtraTreesRegressor,ru_ahk_inner_to_ru_aho_inner,Ru-AHK inner -> Ru-AHO inner,inner,inner,Same mechanism,Mixed transfer,5,20,2.72095293,2.689351206600003
ExtraTreesRegressor,ru_ahk_inner_to_ru_aho_inner,Ru-AHK inner -> Ru-AHO inner,inner,inner,Same mechanism,Mixed transfer,5,21,2.6917632,2.175223984000005
ExtraTreesRegressor,ru_ahk_inner_to_ru_aho_inner,Ru-AHK inner -> Ru-AHO inner,inner,inner,Same mechanism,Mixed transfer,5,23,2.61179564,2.049815310000005
ExtraTreesRegressor,ru_ahk_inner_to_ru_aho_inner,Ru-AHK inner -> Ru-AHO inner,inner,inner,Same mechanism,Mixed transfer,5,29,2.47786275,2.893694305900001
ExtraTreesRegressor,ru_ahk_inner_to_ru_aho_inner,Ru-AHK inner -> Ru-AHO inner,inner,inner,Same mechanism,Mixed transfer,5,37,2.26077037,1.9721439716000004
ExtraTreesRegressor,ru_ahk_inner_to_ru_aho_inner,Ru-AHK inner -> Ru-AHO inner,inner,inner,Same mechanism,Mixed transfer,5,51,1.94448624,1.9655162200000031
ExtraTreesRegressor,ru_ahk_inner_to_ru_aho_inner,Ru-AHK inner -> Ru-AHO inner,inner,inner,Same mechanism,Mixed transfer,5,52,1.88185187,1.683957539999997
ExtraTreesRegressor,ru_ahk_inner_to_ru_aho_inner,Ru-AHK inner -> Ru-AHO inner,inner,inner,Same mechanism,Mixed transfer,5,60,1.62929332,2.009411489999998
ExtraTreesRegressor,ru_ahk_inner_to_ru_aho_inner,Ru-AHK inner -> Ru-AHO inner,inner,inner,Same mechanism,Mixed transfer,5,71,1.47016368,1.6641795200000025
ExtraTreesRegressor,ru_ahk_inner_to_ru_aho_inner,Ru-AHK inner -> Ru-AHO inner,inner,inner,Same mechanism,Mixed transfer,5,74,1.38325909,1.362834250000002
ExtraTreesRegressor,ru_ahk_inner_to_ru_aho_inner,Ru-AHK inner -> Ru-AHO inner,inner,inner,Same mechanism,Mixed transfer,5,82,0.99242206,0.9985773946901224
ExtraTreesRegressor,ru_ahk_inner_to_ru_aho_inner,Ru-AHK inner -> Ru-AHO inner,inner,inner,Same mechanism,Mixed transfer,5,86,0.67501313,2.9689271355714233
ExtraTreesRegressor,ru_ahk_inner_to_ru_aho_inner,Ru-AHK inner -> Ru-AHO inner,inner,inner,Same mechanism,Mixed transfer,5,87,0.56782018,0.4878111692902148
ExtraTreesRegressor,ru_ahk_inner_to_ru_aho_inner,Ru-AHK inner -> Ru-AHO inner,inner,inner,Same mechanism,Mixed transfer,5,89,0.33293116,0.5492163507120529
ExtraTreesRegressor,ru_ahk_inner_to_ru_aho_inner,Ru-AHK inner -> Ru-AHO inner,inner,inner,Same mechanism,Mixed transfer,5,91,0.10866753,0.1245860683042792
ExtraTreesRegressor,ru_ahk_inner_to_ru_aho_inner,Ru-AHK inner -> Ru-AHO inner,inner,inner,Same mechanism,Mixed transfer,5,92,0.09139463,0.4979376046714548
ExtraTreesRegressor,ru_ahk_inner_to_ru_aho_inner,Ru-AHK inner -> Ru-AHO inner,inner,inner,Same mechanism,Delta learning,5,1,4.50050002,2.8682014326995007
ExtraTreesRegressor,ru_ahk_inner_to_ru_aho_inner,Ru-AHK inner -> Ru-AHO inner,inner,inner,Same mechanism,Delta learning,5,2,3.84937533,2.750988214077366
ExtraTreesRegressor,ru_ahk_inner_to_ru_aho_inner,Ru-AHK inner -> Ru-AHO inner,inner,inner,Same mechanism,Delta learning,5,14,2.72095293,2.5276967824653767
ExtraTreesRegressor,ru_ahk_inner_to_ru_aho_inner,Ru-AHK inner -> Ru-AHO inner,inner,inner,Same mechanism,Delta learning,5,20,2.72095293,2.6656620920899416
ExtraTreesRegressor,ru_ahk_inner_to_ru_aho_inner,Ru-AHK inner -> Ru-AHO inner,inner,inner,Same mechanism,Delta learning,5,21,2.6917632,1.7691736472104396
ExtraTreesRegressor,ru_ahk_inner_to_ru_aho_inner,Ru-AHK inner -> Ru-AHO inner,inner,inner,Same mechanism,Delta learning,5,23,2.61179564,2.049815309999999
ExtraTreesRegressor,ru_ahk_inner_to_ru_aho_inner,Ru-AHK inner -> Ru-AHO inner,inner,inner,Same mechanism,Delta learning,5,29,2.47786275,2.9383969867143644
ExtraTreesRegressor,ru_ahk_inner_to_ru_aho_inner,Ru-AHK inner -> Ru-AHO inner,inner,inner,Same mechanism,Delta learning,5,37,2.26077037,2.263918812325834
ExtraTreesRegressor,ru_ahk_inner_to_ru_aho_inner,Ru-AHK inner -> Ru-AHO inner,inner,inner,Same mechanism,Delta learning,5,51,1.94448624,1.6535199102129048
ExtraTreesRegressor,ru_ahk_inner_to_ru_aho_inner,Ru-AHK inner -> Ru-AHO inner,inner,inner,Same mechanism,Delta learning,5,52,1.88185187,1.6839575400000002
ExtraTreesRegressor,ru_ahk_inner_to_ru_aho_inner,Ru-AHK inner -> Ru-AHO inner,inner,inner,Same mechanism,Delta learning,5,60,1.62929332,2.00941149
ExtraTreesRegressor,ru_ahk_inner_to_ru_aho_inner,Ru-AHK inner -> Ru-AHO inner,inner,inner,Same mechanism,Delta learning,5,71,1.47016368,1.6641795200000018
ExtraTreesRegressor,ru_ahk_inner_to_ru_aho_inner,Ru-AHK inner -> Ru-AHO inner,inner,inner,Same mechanism,Delta learning,5,74,1.38325909,1.3628342500000001
ExtraTreesRegressor,ru_ahk_inner_to_ru_aho_inner,Ru-AHK inner -> Ru-AHO inner,inner,inner,Same mechanism,Delta learning,5,82,0.99242206,1.0164599919027182
ExtraTreesRegressor,ru_ahk_inner_to_ru_aho_inner,Ru-AHK inner -> Ru-AHO inner,inner,inner,Same mechanism,Delta learning,5,86,0.67501313,1.8042662709641466
ExtraTreesRegressor,ru_ahk_inner_to_ru_aho_inner,Ru-AHK inner -> Ru-AHO inner,inner,inner,Same mechanism,Delta learning,5,87,0.56782018,1.517525974012707
ExtraTreesRegressor,ru_ahk_inner_to_ru_aho_inner,Ru-AHK inner -> Ru-AHO inner,inner,inner,Same mechanism,Delta learning,5,89,0.33293116,1.4643614672056096
ExtraTreesRegressor,ru_ahk_inner_to_ru_aho_inner,Ru-AHK inner -> Ru-AHO inner,inner,inner,Same mechanism,Delta learning,5,91,0.10866753,0.1265082289894115
ExtraTreesRegressor,ru_ahk_inner_to_ru_aho_inner,Ru-AHK inner -> Ru-AHO inner,inner,inner,Same mechanism,Delta learning,5,92,0.09139463,1.995273065162591
ExtraTreesRegressor,ru_ahk_outer_to_ru_aho_inner,Ru-AHK outer -> Ru-AHO inner,outer,inner,Different mechanism,Mixed transfer,1,0,4.50050002,2.555047244524662
ExtraTreesRegressor,ru_ahk_outer_to_ru_aho_inner,Ru-AHK outer -> Ru-AHO inner,outer,inner,Different mechanism,Mixed transfer,1,4,3.13437597,2.720952930000004
ExtraTreesRegressor,ru_ahk_outer_to_ru_aho_inner,Ru-AHK outer -> Ru-AHO inner,outer,inner,Different mechanism,Mixed transfer,1,10,2.89279432,2.7991353189999946
ExtraTreesRegressor,ru_ahk_outer_to_ru_aho_inner,Ru-AHK outer -> Ru-AHO inner,outer,inner,Different mechanism,Mixed transfer,1,12,2.72095293,2.773871290999996
ExtraTreesRegressor,ru_ahk_outer_to_ru_aho_inner,Ru-AHK outer -> Ru-AHO inner,outer,inner,Different mechanism,Mixed transfer,1,18,2.72095293,2.4778627499999932
ExtraTreesRegressor,ru_ahk_outer_to_ru_aho_inner,Ru-AHK outer -> Ru-AHO inner,outer,inner,Different mechanism,Mixed transfer,1,22,2.63729647,2.415376499965389
ExtraTreesRegressor,ru_ahk_outer_to_ru_aho_inner,Ru-AHK outer -> Ru-AHO inner,outer,inner,Different mechanism,Mixed transfer,1,26,2.49268506,2.1111706899999962
ExtraTreesRegressor,ru_ahk_outer_to_ru_aho_inner,Ru-AHK outer -> Ru-AHO inner,outer,inner,Different mechanism,Mixed transfer,1,31,2.30450133,1.809015729999999
ExtraTreesRegressor,ru_ahk_outer_to_ru_aho_inner,Ru-AHK outer -> Ru-AHO inner,outer,inner,Different mechanism,Mixed transfer,1,40,2.13954868,2.018898080000005
ExtraTreesRegressor,ru_ahk_outer_to_ru_aho_inner,Ru-AHK outer -> Ru-AHO inner,outer,inner,Different mechanism,Mixed transfer,1,42,2.12255274,2.2128962766666684
ExtraTreesRegressor,ru_ahk_outer_to_ru_aho_inner,Ru-AHK outer -> Ru-AHO inner,outer,inner,Different mechanism,Mixed transfer,1,44,2.02174776,1.844409579999998
ExtraTreesRegressor,ru_ahk_outer_to_ru_aho_inner,Ru-AHK outer -> Ru-AHO inner,outer,inner,Different mechanism,Mixed transfer,1,47,1.97754867,0.018910363900000025
ExtraTreesRegressor,ru_ahk_outer_to_ru_aho_inner,Ru-AHK outer -> Ru-AHO inner,outer,inner,Different mechanism,Mixed transfer,1,62,1.56906465,1.9143819572311636
ExtraTreesRegressor,ru_ahk_outer_to_ru_aho_inner,Ru-AHK outer -> Ru-AHO inner,outer,inner,Different mechanism,Mixed transfer,1,64,1.53168147,1.5448371109999979
ExtraTreesRegressor,ru_ahk_outer_to_ru_aho_inner,Ru-AHK outer -> Ru-AHO inner,outer,inner,Different mechanism,Mixed transfer,1,73,1.39055932,1.5136919299999962
ExtraTreesRegressor,ru_ahk_outer_to_ru_aho_inner,Ru-AHK outer -> Ru-AHO inner,outer,inner,Different mechanism,Mixed transfer,1,75,1.36999511,1.3539045600000004
ExtraTreesRegressor,ru_ahk_outer_to_ru_aho_inner,Ru-AHK outer -> Ru-AHO inner,outer,inner,Different mechanism,Mixed transfer,1,81,1.00421655,0.9924220599999991
ExtraTreesRegressor,ru_ahk_outer_to_ru_aho_inner,Ru-AHK outer -> Ru-AHO inner,outer,inner,Different mechanism,Mixed transfer,1,83,0.83956097,0.8025459699999985
ExtraTreesRegressor,ru_ahk_outer_to_ru_aho_inner,Ru-AHK outer -> Ru-AHO inner,outer,inner,Different mechanism,Mixed transfer,1,90,0.19433377,0.048191710000000124
ExtraTreesRegressor,ru_ahk_outer_to_ru_aho_inner,Ru-AHK outer -> Ru-AHO inner,outer,inner,Different mechanism,Mixed transfer,1,94,0.04739647,0.8025459699999985
ExtraTreesRegressor,ru_ahk_outer_to_ru_aho_inner,Ru-AHK outer -> Ru-AHO inner,outer,inner,Different mechanism,Delta learning,1,0,4.50050002,2.5253415943000013
ExtraTreesRegressor,ru_ahk_outer_to_ru_aho_inner,Ru-AHK outer -> Ru-AHO inner,outer,inner,Different mechanism,Delta learning,1,4,3.13437597,2.7209529299999957
ExtraTreesRegressor,ru_ahk_outer_to_ru_aho_inner,Ru-AHK outer -> Ru-AHO inner,outer,inner,Different mechanism,Delta learning,1,10,2.89279432,2.793563824606064
ExtraTreesRegressor,ru_ahk_outer_to_ru_aho_inner,Ru-AHK outer -> Ru-AHO inner,outer,inner,Different mechanism,Delta learning,1,12,2.72095293,2.7480275817316144
ExtraTreesRegressor,ru_ahk_outer_to_ru_aho_inner,Ru-AHK outer -> Ru-AHO inner,outer,inner,Different mechanism,Delta learning,1,18,2.72095293,2.4778627499999994
ExtraTreesRegressor,ru_ahk_outer_to_ru_aho_inner,Ru-AHK outer -> Ru-AHO inner,outer,inner,Different mechanism,Delta learning,1,22,2.63729647,2.107322188997077
ExtraTreesRegressor,ru_ahk_outer_to_ru_aho_inner,Ru-AHK outer -> Ru-AHO inner,outer,inner,Different mechanism,Delta learning,1,26,2.49268506,2.1111706900000002
ExtraTreesRegressor,ru_ahk_outer_to_ru_aho_inner,Ru-AHK outer -> Ru-AHO inner,outer,inner,Different mechanism,Delta learning,1,31,2.30450133,3.1766574891005077
ExtraTreesRegressor,ru_ahk_outer_to_ru_aho_inner,Ru-AHK outer -> Ru-AHO inner,outer,inner,Different mechanism,Delta learning,1,40,2.13954868,1.7748018016451783
ExtraTreesRegressor,ru_ahk_outer_to_ru_aho_inner,Ru-AHK outer -> Ru-AHO inner,outer,inner,Different mechanism,Delta learning,1,42,2.12255274,2.212896276666666
ExtraTreesRegressor,ru_ahk_outer_to_ru_aho_inner,Ru-AHK outer -> Ru-AHO inner,outer,inner,Different mechanism,Delta learning,1,44,2.02174776,1.844409579999999
ExtraTreesRegressor,ru_ahk_outer_to_ru_aho_inner,Ru-AHK outer -> Ru-AHO inner,outer,inner,Different mechanism,Delta learning,1,47,1.97754867,2.0582749633219404
ExtraTreesRegressor,ru_ahk_outer_to_ru_aho_inner,Ru-AHK outer -> Ru-AHO inner,outer,inner,Different mechanism,Delta learning,1,62,1.56906465,1.844409579999999
ExtraTreesRegressor,ru_ahk_outer_to_ru_aho_inner,Ru-AHK outer -> Ru-AHO inner,outer,inner,Different mechanism,Delta learning,1,64,1.53168147,1.5156630866569447
ExtraTreesRegressor,ru_ahk_outer_to_ru_aho_inner,Ru-AHK outer -> Ru-AHO inner,outer,inner,Different mechanism,Delta learning,1,73,1.39055932,1.5136919299999967
ExtraTreesRegressor,ru_ahk_outer_to_ru_aho_inner,Ru-AHK outer -> Ru-AHO inner,outer,inner,Different mechanism,Delta learning,1,75,1.36999511,1.4059094164705235
ExtraTreesRegressor,ru_ahk_outer_to_ru_aho_inner,Ru-AHK outer -> Ru-AHO inner,outer,inner,Different mechanism,Delta learning,1,81,1.00421655,1.250995164650035
ExtraTreesRegressor,ru_ahk_outer_to_ru_aho_inner,Ru-AHK outer -> Ru-AHO inner,outer,inner,Different mechanism,Delta learning,1,83,0.83956097,0.802545970000001
ExtraTreesRegressor,ru_ahk_outer_to_ru_aho_inner,Ru-AHK outer -> Ru-AHO inner,outer,inner,Different mechanism,Delta learning,1,90,0.19433377,0.04819170999999933
ExtraTreesRegressor,ru_ahk_outer_to_ru_aho_inner,Ru-AHK outer -> Ru-AHO inner,outer,inner,Different mechanism,Delta learning,1,94,0.04739647,0.7817710295253006
ExtraTreesRegressor,ru_ahk_outer_to_ru_aho_inner,Ru-AHK outer -> Ru-AHO inner,outer,inner,Different mechanism,Mixed transfer,2,5,3.13437597,3.1343759700000033
ExtraTreesRegressor,ru_ahk_outer_to_ru_aho_inner,Ru-AHK outer -> Ru-AHO inner,outer,inner,Different mechanism,Mixed transfer,2,9,3.13437597,3.1343759700000033
ExtraTreesRegressor,ru_ahk_outer_to_ru_aho_inner,Ru-AHK outer -> Ru-AHO inner,outer,inner,Different mechanism,Mixed transfer,2,11,2.81808334,2.4568578114000004
ExtraTreesRegressor,ru_ahk_outer_to_ru_aho_inner,Ru-AHK outer -> Ru-AHO inner,outer,inner,Different mechanism,Mixed transfer,2,15,2.72095293,2.235133345999996
ExtraTreesRegressor,ru_ahk_outer_to_ru_aho_inner,Ru-AHK outer -> Ru-AHO inner,outer,inner,Different mechanism,Mixed transfer,2,16,2.72095293,3.1343759700000033
ExtraTreesRegressor,ru_ahk_outer_to_ru_aho_inner,Ru-AHK outer -> Ru-AHO inner,outer,inner,Different mechanism,Mixed transfer,2,28,2.47786275,2.720952930000004
ExtraTreesRegressor,ru_ahk_outer_to_ru_aho_inner,Ru-AHK outer -> Ru-AHO inner,outer,inner,Different mechanism,Mixed transfer,2,30,2.3515711,2.5271419516250035
ExtraTreesRegressor,ru_ahk_outer_to_ru_aho_inner,Ru-AHK outer -> Ru-AHO inner,outer,inner,Different mechanism,Mixed transfer,2,33,2.30450133,3.5334016587000012
ExtraTreesRegressor,ru_ahk_outer_to_ru_aho_inner,Ru-AHK outer -> Ru-AHO inner,outer,inner,Different mechanism,Mixed transfer,2,35,2.30450133,2.4568578114000004
ExtraTreesRegressor,ru_ahk_outer_to_ru_aho_inner,Ru-AHK outer -> Ru-AHO inner,outer,inner,Different mechanism,Mixed transfer,2,39,2.16934032,1.3848683399999981
ExtraTreesRegressor,ru_ahk_outer_to_ru_aho_inner,Ru-AHK outer -> Ru-AHO inner,outer,inner,Different mechanism,Mixed transfer,2,45,2.01889808,1.844409579999998
ExtraTreesRegressor,ru_ahk_outer_to_ru_aho_inner,Ru-AHK outer -> Ru-AHO inner,outer,inner,Different mechanism,Mixed transfer,2,49,1.9607788,2.0894658813597133
ExtraTreesRegressor,ru_ahk_outer_to_ru_aho_inner,Ru-AHK outer -> Ru-AHO inner,outer,inner,Different mechanism,Mixed transfer,2,65,1.53168147,1.5153109885999962
ExtraTreesRegressor,ru_ahk_outer_to_ru_aho_inner,Ru-AHK outer -> Ru-AHO inner,outer,inner,Different mechanism,Mixed transfer,2,68,1.49260764,2.0307451396
ExtraTreesRegressor,ru_ahk_outer_to_ru_aho_inner,Ru-AHK outer -> Ru-AHO inner,outer,inner,Different mechanism,Mixed transfer,2,69,1.48763592,2.3045013299999955
ExtraTreesRegressor,ru_ahk_outer_to_ru_aho_inner,Ru-AHK outer -> Ru-AHO inner,outer,inner,Different mechanism,Mixed transfer,2,70,1.47570337,2.5839446765601353
ExtraTreesRegressor,ru_ahk_outer_to_ru_aho_inner,Ru-AHK outer -> Ru-AHO inner,outer,inner,Different mechanism,Mixed transfer,2,72,1.40708549,1.5153109885999962
ExtraTreesRegressor,ru_ahk_outer_to_ru_aho_inner,Ru-AHK outer -> Ru-AHO inner,outer,inner,Different mechanism,Mixed transfer,2,80,1.31904107,1.3347172800000033
ExtraTreesRegressor,ru_ahk_outer_to_ru_aho_inner,Ru-AHK outer -> Ru-AHO inner,outer,inner,Different mechanism,Mixed transfer,2,88,0.39647984,1.3181737251249595
ExtraTreesRegressor,ru_ahk_outer_to_ru_aho_inner,Ru-AHK outer -> Ru-AHO inner,outer,inner,Different mechanism,Mixed transfer,2,93,0.04819171,0.19433377000000004
ExtraTreesRegressor,ru_ahk_outer_to_ru_aho_inner,Ru-AHK outer -> Ru-AHO inner,outer,inner,Different mechanism,Delta learning,2,5,3.13437597,3.2169888573213665
ExtraTreesRegressor,ru_ahk_outer_to_ru_aho_inner,Ru-AHK outer -> Ru-AHO inner,outer,inner,Different mechanism,Delta learning,2,9,3.13437597,3.134375969999997
ExtraTreesRegressor,ru_ahk_outer_to_ru_aho_inner,Ru-AHK outer -> Ru-AHO inner,outer,inner,Different mechanism,Delta learning,2,11,2.81808334,2.4702827653999995
ExtraTreesRegressor,ru_ahk_outer_to_ru_aho_inner,Ru-AHK outer -> Ru-AHO inner,outer,inner,Different mechanism,Delta learning,2,15,2.72095293,2.439042206026341
ExtraTreesRegressor,ru_ahk_outer_to_ru_aho_inner,Ru-AHK outer -> Ru-AHO inner,outer,inner,Different mechanism,Delta learning,2,16,2.72095293,3.134375969999997
ExtraTreesRegressor,ru_ahk_outer_to_ru_aho_inner,Ru-AHK outer -> Ru-AHO inner,outer,inner,Different mechanism,Delta learning,2,28,2.47786275,2.720952930000001
ExtraTreesRegressor,ru_ahk_outer_to_ru_aho_inner,Ru-AHK outer -> Ru-AHO inner,outer,inner,Different mechanism,Delta learning,2,30,2.3515711,3.01094402769015
ExtraTreesRegressor,ru_ahk_outer_to_ru_aho_inner,Ru-AHK outer -> Ru-AHO inner,outer,inner,Different mechanism,Delta learning,2,33,2.30450133,3.451558033599996
ExtraTreesRegressor,ru_ahk_outer_to_ru_aho_inner,Ru-AHK outer -> Ru-AHO inner,outer,inner,Different mechanism,Delta learning,2,35,2.30450133,2.9451470906692823
ExtraTreesRegressor,ru_ahk_outer_to_ru_aho_inner,Ru-AHK outer -> Ru-AHO inner,outer,inner,Different mechanism,Delta learning,2,39,2.16934032,2.1147821261460047
ExtraTreesRegressor,ru_ahk_outer_to_ru_aho_inner,Ru-AHK outer -> Ru-AHO inner,outer,inner,Different mechanism,Delta learning,2,45,2.01889808,2.383644958354821
ExtraTreesRegressor,ru_ahk_outer_to_ru_aho_inner,Ru-AHK outer -> Ru-AHO inner,outer,inner,Different mechanism,Delta learning,2,49,1.9607788,0.3000441906489004
ExtraTreesRegressor,ru_ahk_outer_to_ru_aho_inner,Ru-AHK outer -> Ru-AHO inner,outer,inner,Different mechanism,Delta learning,2,65,1.53168147,1.5136919299999967
ExtraTreesRegressor,ru_ahk_outer_to_ru_aho_inner,Ru-AHK outer -> Ru-AHO inner,outer,inner,Different mechanism,Delta learning,2,68,1.49260764,2.041571656
ExtraTreesRegressor,ru_ahk_outer_to_ru_aho_inner,Ru-AHK outer -> Ru-AHO inner,outer,inner,Different mechanism,Delta learning,2,69,1.48763592,2.174066800486169
ExtraTreesRegressor,ru_ahk_outer_to_ru_aho_inner,Ru-AHK outer -> Ru-AHO inner,outer,inner,Different mechanism,Delta learning,2,70,1.47570337,1.1344033781912921
ExtraTreesRegressor,ru_ahk_outer_to_ru_aho_inner,Ru-AHK outer -> Ru-AHO inner,outer,inner,Different mechanism,Delta learning,2,72,1.40708549,1.5136919299999967
ExtraTreesRegressor,ru_ahk_outer_to_ru_aho_inner,Ru-AHK outer -> Ru-AHO inner,outer,inner,Different mechanism,Delta learning,2,80,1.31904107,1.3206649655183698
ExtraTreesRegressor,ru_ahk_outer_to_ru_aho_inner,Ru-AHK outer -> Ru-AHO inner,outer,inner,Different mechanism,Delta learning,2,88,0.39647984,0.6567809724031717
ExtraTreesRegressor,ru_ahk_outer_to_ru_aho_inner,Ru-AHK outer -> Ru-AHO inner,outer,inner,Different mechanism,Delta learning,2,93,0.04819171,0.19433377000000052
ExtraTreesRegressor,ru_ahk_outer_to_ru_aho_inner,Ru-AHK outer -> Ru-AHO inner,outer,inner,Different mechanism,Mixed transfer,3,3,3.67873076,2.403679326454004
ExtraTreesRegressor,ru_ahk_outer_to_ru_aho_inner,Ru-AHK outer -> Ru-AHO inner,outer,inner,Different mechanism,Mixed transfer,3,6,3.13437597,2.5323675640130943
ExtraTreesRegressor,ru_ahk_outer_to_ru_aho_inner,Ru-AHK outer -> Ru-AHO inner,outer,inner,Different mechanism,Mixed transfer,3,7,3.13437597,3.109346737995217
ExtraTreesRegressor,ru_ahk_outer_to_ru_aho_inner,Ru-AHK outer -> Ru-AHO inner,outer,inner,Different mechanism,Mixed transfer,3,8,3.13437597,2.6657053760703406
ExtraTreesRegressor,ru_ahk_outer_to_ru_aho_inner,Ru-AHK outer -> Ru-AHO inner,outer,inner,Different mechanism,Mixed transfer,3,13,2.72095293,2.663441885800003
ExtraTreesRegressor,ru_ahk_outer_to_ru_aho_inner,Ru-AHK outer -> Ru-AHO inner,outer,inner,Different mechanism,Mixed transfer,3,17,2.72095293,2.732608579200004
ExtraTreesRegressor,ru_ahk_outer_to_ru_aho_inner,Ru-AHK outer -> Ru-AHO inner,outer,inner,Different mechanism,Mixed transfer,3,19,2.72095293,2.7117017671000023
ExtraTreesRegressor,ru_ahk_outer_to_ru_aho_inner,Ru-AHK outer -> Ru-AHO inner,outer,inner,Different mechanism,Mixed transfer,3,24,2.49823771,2.3165730192999967
ExtraTreesRegressor,ru_ahk_outer_to_ru_aho_inner,Ru-AHK outer -> Ru-AHO inner,outer,inner,Different mechanism,Mixed transfer,3,25,2.49823771,2.6917631999999987
ExtraTreesRegressor,ru_ahk_outer_to_ru_aho_inner,Ru-AHK outer -> Ru-AHO inner,outer,inner,Different mechanism,Mixed transfer,3,27,2.47786275,4.259195926425983
ExtraTreesRegressor,ru_ahk_outer_to_ru_aho_inner,Ru-AHK outer -> Ru-AHO inner,outer,inner,Different mechanism,Mixed transfer,3,34,2.30450133,2.7316372751000033
ExtraTreesRegressor,ru_ahk_outer_to_ru_aho_inner,Ru-AHK outer -> Ru-AHO inner,outer,inner,Different mechanism,Mixed transfer,3,36,2.28957767,2.3671741900000063
ExtraTreesRegressor,ru_ahk_outer_to_ru_aho_inner,Ru-AHK outer -> Ru-AHO inner,outer,inner,Different mechanism,Mixed transfer,3,38,2.20688949,2.2607703699999964
ExtraTreesRegressor,ru_ahk_outer_to_ru_aho_inner,Ru-AHK outer -> Ru-AHO inner,outer,inner,Different mechanism,Mixed transfer,3,53,1.84440958,2.018898080000005
ExtraTreesRegressor,ru_ahk_outer_to_ru_aho_inner,Ru-AHK outer -> Ru-AHO inner,outer,inner,Different mechanism,Mixed transfer,3,55,1.80901573,2.3045013299999955
ExtraTreesRegressor,ru_ahk_outer_to_ru_aho_inner,Ru-AHK outer -> Ru-AHO inner,outer,inner,Different mechanism,Mixed transfer,3,56,1.73731552,2.3671741900000063
ExtraTreesRegressor,ru_ahk_outer_to_ru_aho_inner,Ru-AHK outer -> Ru-AHO inner,outer,inner,Different mechanism,Mixed transfer,3,76,1.36999511,0.006161541100000002
ExtraTreesRegressor,ru_ahk_outer_to_ru_aho_inner,Ru-AHK outer -> Ru-AHO inner,outer,inner,Different mechanism,Mixed transfer,3,78,1.35390456,1.3654092464000014
ExtraTreesRegressor,ru_ahk_outer_to_ru_aho_inner,Ru-AHK outer -> Ru-AHO inner,outer,inner,Different mechanism,Mixed transfer,3,79,1.33471728,1.331270039599999
ExtraTreesRegressor,ru_ahk_outer_to_ru_aho_inner,Ru-AHK outer -> Ru-AHO inner,outer,inner,Different mechanism,Mixed transfer,3,85,0.80254597,0.006161541100000002
ExtraTreesRegressor,ru_ahk_outer_to_ru_aho_inner,Ru-AHK outer -> Ru-AHO inner,outer,inner,Different mechanism,Delta learning,3,3,3.67873076,2.8843123347999358
ExtraTreesRegressor,ru_ahk_outer_to_ru_aho_inner,Ru-AHK outer -> Ru-AHO inner,outer,inner,Different mechanism,Delta learning,3,6,3.13437597,3.550803817950951
ExtraTreesRegressor,ru_ahk_outer_to_ru_aho_inner,Ru-AHK outer -> Ru-AHO inner,outer,inner,Different mechanism,Delta learning,3,7,3.13437597,3.050758392823111
ExtraTreesRegressor,ru_ahk_outer_to_ru_aho_inner,Ru-AHK outer -> Ru-AHO inner,outer,inner,Different mechanism,Delta learning,3,8,3.13437597,3.434369221705079
ExtraTreesRegressor,ru_ahk_outer_to_ru_aho_inner,Ru-AHK outer -> Ru-AHO inner,outer,inner,Different mechanism,Delta learning,3,13,2.72095293,2.6268868283933173
ExtraTreesRegressor,ru_ahk_outer_to_ru_aho_inner,Ru-AHK outer -> Ru-AHO inner,outer,inner,Different mechanism,Delta learning,3,17,2.72095293,3.908035539132812
ExtraTreesRegressor,ru_ahk_outer_to_ru_aho_inner,Ru-AHK outer -> Ru-AHO inner,outer,inner,Different mechanism,Delta learning,3,19,2.72095293,2.7918581292999987
ExtraTreesRegressor,ru_ahk_outer_to_ru_aho_inner,Ru-AHK outer -> Ru-AHO inner,outer,inner,Different mechanism,Delta learning,3,24,2.49823771,2.227027831084606
ExtraTreesRegressor,ru_ahk_outer_to_ru_aho_inner,Ru-AHK outer -> Ru-AHO inner,outer,inner,Different mechanism,Delta learning,3,25,2.49823771,2.6917632000000014
ExtraTreesRegressor,ru_ahk_outer_to_ru_aho_inner,Ru-AHK outer -> Ru-AHO inner,outer,inner,Different mechanism,Delta learning,3,27,2.47786275,2.59940784
ExtraTreesRegressor,ru_ahk_outer_to_ru_aho_inner,Ru-AHK outer -> Ru-AHO inner,outer,inner,Different mechanism,Delta learning,3,34,2.30450133,3.8954085858328127
ExtraTreesRegressor,ru_ahk_outer_to_ru_aho_inner,Ru-AHK outer -> Ru-AHO inner,outer,inner,Different mechanism,Delta learning,3,36,2.28957767,2.367174189999999
ExtraTreesRegressor,ru_ahk_outer_to_ru_aho_inner,Ru-AHK outer -> Ru-AHO inner,outer,inner,Different mechanism,Delta learning,3,38,2.20688949,2.250469048595949
ExtraTreesRegressor,ru_ahk_outer_to_ru_aho_inner,Ru-AHK outer -> Ru-AHO inner,outer,inner,Different mechanism,Delta learning,3,53,1.84440958,1.5637858888371656
ExtraTreesRegressor,ru_ahk_outer_to_ru_aho_inner,Ru-AHK outer -> Ru-AHO inner,outer,inner,Different mechanism,Delta learning,3,55,1.80901573,0.8750263536248505
ExtraTreesRegressor,ru_ahk_outer_to_ru_aho_inner,Ru-AHK outer -> Ru-AHO inner,outer,inner,Different mechanism,Delta learning,3,56,1.73731552,2.367174189999999
ExtraTreesRegressor,ru_ahk_outer_to_ru_aho_inner,Ru-AHK outer -> Ru-AHO inner,outer,inner,Different mechanism,Delta learning,3,76,1.36999511,0.024604202777241735
ExtraTreesRegressor,ru_ahk_outer_to_ru_aho_inner,Ru-AHK outer -> Ru-AHO inner,outer,inner,Different mechanism,Delta learning,3,78,1.35390456,1.43662972740371
ExtraTreesRegressor,ru_ahk_outer_to_ru_aho_inner,Ru-AHK outer -> Ru-AHO inner,outer,inner,Different mechanism,Delta learning,3,79,1.33471728,1.3284466952645948
ExtraTreesRegressor,ru_ahk_outer_to_ru_aho_inner,Ru-AHK outer -> Ru-AHO inner,outer,inner,Different mechanism,Delta learning,3,85,0.80254597,0.01499771030443342
ExtraTreesRegressor,ru_ahk_outer_to_ru_aho_inner,Ru-AHK outer -> Ru-AHO inner,outer,inner,Different mechanism,Mixed transfer,4,32,2.30450133,2.527440049600004
ExtraTreesRegressor,ru_ahk_outer_to_ru_aho_inner,Ru-AHK outer -> Ru-AHO inner,outer,inner,Different mechanism,Mixed transfer,4,41,2.13444943,0.1694019788090206
ExtraTreesRegressor,ru_ahk_outer_to_ru_aho_inner,Ru-AHK outer -> Ru-AHO inner,outer,inner,Different mechanism,Mixed transfer,4,43,2.11117069,1.8826378338000014
ExtraTreesRegressor,ru_ahk_outer_to_ru_aho_inner,Ru-AHK outer -> Ru-AHO inner,outer,inner,Different mechanism,Mixed transfer,4,46,2.00941149,1.9264908249999968
ExtraTreesRegressor,ru_ahk_outer_to_ru_aho_inner,Ru-AHK outer -> Ru-AHO inner,outer,inner,Different mechanism,Mixed transfer,4,48,1.96551622,2.4793021357091036
ExtraTreesRegressor,ru_ahk_outer_to_ru_aho_inner,Ru-AHK outer -> Ru-AHO inner,outer,inner,Different mechanism,Mixed transfer,4,50,1.95650617,1.49260764
ExtraTreesRegressor,ru_ahk_outer_to_ru_aho_inner,Ru-AHK outer -> Ru-AHO inner,outer,inner,Different mechanism,Mixed transfer,4,54,1.80901573,2.3045013299999955
ExtraTreesRegressor,ru_ahk_outer_to_ru_aho_inner,Ru-AHK outer -> Ru-AHO inner,outer,inner,Different mechanism,Mixed transfer,4,57,1.68395754,1.8818518699999986
ExtraTreesRegressor,ru_ahk_outer_to_ru_aho_inner,Ru-AHK outer -> Ru-AHO inner,outer,inner,Different mechanism,Mixed transfer,4,58,1.66417952,1.4708669836382402
ExtraTreesRegressor,ru_ahk_outer_to_ru_aho_inner,Ru-AHK outer -> Ru-AHO inner,outer,inner,Different mechanism,Mixed transfer,4,59,1.62929332,0.8188544488732356
ExtraTreesRegressor,ru_ahk_outer_to_ru_aho_inner,Ru-AHK outer -> Ru-AHO inner,outer,inner,Different mechanism,Mixed transfer,4,61,1.57873877,2.0531169603660775
ExtraTreesRegressor,ru_ahk_outer_to_ru_aho_inner,Ru-AHK outer -> Ru-AHO inner,outer,inner,Different mechanism,Mixed transfer,4,63,1.56019653,1.9974319443953577
ExtraTreesRegressor,ru_ahk_outer_to_ru_aho_inner,Ru-AHK outer -> Ru-AHO inner,outer,inner,Different mechanism,Mixed transfer,4,66,1.51369193,1.529073861210697
ExtraTreesRegressor,ru_ahk_outer_to_ru_aho_inner,Ru-AHK outer -> Ru-AHO inner,outer,inner,Different mechanism,Mixed transfer,4,67,1.51369193,1.4110536015999986
ExtraTreesRegressor,ru_ahk_outer_to_ru_aho_inner,Ru-AHK outer -> Ru-AHO inner,outer,inner,Different mechanism,Mixed transfer,4,77,1.36283425,0.8380252225792105
ExtraTreesRegressor,ru_ahk_outer_to_ru_aho_inner,Ru-AHK outer -> Ru-AHO inner,outer,inner,Different mechanism,Mixed transfer,4,84,0.80438248,1.9116053113073463
ExtraTreesRegressor,ru_ahk_outer_to_ru_aho_inner,Ru-AHK outer -> Ru-AHO inner,outer,inner,Different mechanism,Mixed transfer,4,95,0.0120419,0.30501641841684163
ExtraTreesRegressor,ru_ahk_outer_to_ru_aho_inner,Ru-AHK outer -> Ru-AHO inner,outer,inner,Different mechanism,Mixed transfer,4,96,0.0,0.7922916569999991
ExtraTreesRegressor,ru_ahk_outer_to_ru_aho_inner,Ru-AHK outer -> Ru-AHO inner,outer,inner,Different mechanism,Mixed transfer,4,97,0.0,0.7132114213999986
ExtraTreesRegressor,ru_ahk_outer_to_ru_aho_inner,Ru-AHK outer -> Ru-AHO inner,outer,inner,Different mechanism,Delta learning,4,32,2.30450133,2.5508234259185034
ExtraTreesRegressor,ru_ahk_outer_to_ru_aho_inner,Ru-AHK outer -> Ru-AHO inner,outer,inner,Different mechanism,Delta learning,4,41,2.13444943,1.9810461532173815
ExtraTreesRegressor,ru_ahk_outer_to_ru_aho_inner,Ru-AHK outer -> Ru-AHO inner,outer,inner,Different mechanism,Delta learning,4,43,2.11117069,1.66559295514933
ExtraTreesRegressor,ru_ahk_outer_to_ru_aho_inner,Ru-AHK outer -> Ru-AHO inner,outer,inner,Different mechanism,Delta learning,4,46,2.00941149,1.9859303259999994
ExtraTreesRegressor,ru_ahk_outer_to_ru_aho_inner,Ru-AHK outer -> Ru-AHO inner,outer,inner,Different mechanism,Delta learning,4,48,1.96551622,1.2474993646357713
ExtraTreesRegressor,ru_ahk_outer_to_ru_aho_inner,Ru-AHK outer -> Ru-AHO inner,outer,inner,Different mechanism,Delta learning,4,50,1.95650617,1.4940937168746646
ExtraTreesRegressor,ru_ahk_outer_to_ru_aho_inner,Ru-AHK outer -> Ru-AHO inner,outer,inner,Different mechanism,Delta learning,4,54,1.80901573,2.3045013299999995
ExtraTreesRegressor,ru_ahk_outer_to_ru_aho_inner,Ru-AHK outer -> Ru-AHO inner,outer,inner,Different mechanism,Delta learning,4,57,1.68395754,1.8818518699999973
ExtraTreesRegressor,ru_ahk_outer_to_ru_aho_inner,Ru-AHK outer -> Ru-AHO inner,outer,inner,Different mechanism,Delta learning,4,58,1.66417952,1.4479529571128844
ExtraTreesRegressor,ru_ahk_outer_to_ru_aho_inner,Ru-AHK outer -> Ru-AHO inner,outer,inner,Different mechanism,Delta learning,4,59,1.62929332,0.28244561160116033
ExtraTreesRegressor,ru_ahk_outer_to_ru_aho_inner,Ru-AHK outer -> Ru-AHO inner,outer,inner,Different mechanism,Delta learning,4,61,1.57873877,1.49268186085172
ExtraTreesRegressor,ru_ahk_outer_to_ru_aho_inner,Ru-AHK outer -> Ru-AHO inner,outer,inner,Different mechanism,Delta learning,4,63,1.56019653,1.4916968237419002
ExtraTreesRegressor,ru_ahk_outer_to_ru_aho_inner,Ru-AHK outer -> Ru-AHO inner,outer,inner,Different mechanism,Delta learning,4,66,1.51369193,1.5306964328901804
ExtraTreesRegressor,ru_ahk_outer_to_ru_aho_inner,Ru-AHK outer -> Ru-AHO inner,outer,inner,Different mechanism,Delta learning,4,67,1.51369193,1.4615010639999997
ExtraTreesRegressor,ru_ahk_outer_to_ru_aho_inner,Ru-AHK outer -> Ru-AHO inner,outer,inner,Different mechanism,Delta learning,4,77,1.36283425,1.3719162309826392
ExtraTreesRegressor,ru_ahk_outer_to_ru_aho_inner,Ru-AHK outer -> Ru-AHO inner,outer,inner,Different mechanism,Delta learning,4,84,0.80438248,1.036593448413905
ExtraTreesRegressor,ru_ahk_outer_to_ru_aho_inner,Ru-AHK outer -> Ru-AHO inner,outer,inner,Different mechanism,Delta learning,4,95,0.0120419,0.22857158394541877
ExtraTreesRegressor,ru_ahk_outer_to_ru_aho_inner,Ru-AHK outer -> Ru-AHO inner,outer,inner,Different mechanism,Delta learning,4,96,0.0,0.8377102200000008
ExtraTreesRegressor,ru_ahk_outer_to_ru_aho_inner,Ru-AHK outer -> Ru-AHO inner,outer,inner,Different mechanism,Delta learning,4,97,0.0,0.8025459700000008
ExtraTreesRegressor,ru_ahk_outer_to_ru_aho_inner,Ru-AHK outer -> Ru-AHO inner,outer,inner,Different mechanism,Mixed transfer,5,1,4.50050002,3.1375680416426017
ExtraTreesRegressor,ru_ahk_outer_to_ru_aho_inner,Ru-AHK outer -> Ru-AHO inner,outer,inner,Different mechanism,Mixed transfer,5,2,3.84937533,2.9256196620402517
ExtraTreesRegressor,ru_ahk_outer_to_ru_aho_inner,Ru-AHK outer -> Ru-AHO inner,outer,inner,Different mechanism,Mixed transfer,5,14,2.72095293,2.2891679529138336
ExtraTreesRegressor,ru_ahk_outer_to_ru_aho_inner,Ru-AHK outer -> Ru-AHO inner,outer,inner,Different mechanism,Mixed transfer,5,20,2.72095293,2.6844894030000033
ExtraTreesRegressor,ru_ahk_outer_to_ru_aho_inner,Ru-AHK outer -> Ru-AHO inner,outer,inner,Different mechanism,Mixed transfer,5,21,2.6917632,2.520329714400005
ExtraTreesRegressor,ru_ahk_outer_to_ru_aho_inner,Ru-AHK outer -> Ru-AHO inner,outer,inner,Different mechanism,Mixed transfer,5,23,2.61179564,2.049815310000005
ExtraTreesRegressor,ru_ahk_outer_to_ru_aho_inner,Ru-AHK outer -> Ru-AHO inner,outer,inner,Different mechanism,Mixed transfer,5,29,2.47786275,2.964987659982908
ExtraTreesRegressor,ru_ahk_outer_to_ru_aho_inner,Ru-AHK outer -> Ru-AHO inner,outer,inner,Different mechanism,Mixed transfer,5,37,2.26077037,2.2068894900000027
ExtraTreesRegressor,ru_ahk_outer_to_ru_aho_inner,Ru-AHK outer -> Ru-AHO inner,outer,inner,Different mechanism,Mixed transfer,5,51,1.94448624,1.9982221373530566
ExtraTreesRegressor,ru_ahk_outer_to_ru_aho_inner,Ru-AHK outer -> Ru-AHO inner,outer,inner,Different mechanism,Mixed transfer,5,52,1.88185187,1.683957539999997
ExtraTreesRegressor,ru_ahk_outer_to_ru_aho_inner,Ru-AHK outer -> Ru-AHO inner,outer,inner,Different mechanism,Mixed transfer,5,60,1.62929332,2.009411489999998
ExtraTreesRegressor,ru_ahk_outer_to_ru_aho_inner,Ru-AHK outer -> Ru-AHO inner,outer,inner,Different mechanism,Mixed transfer,5,71,1.47016368,1.6641795200000025
ExtraTreesRegressor,ru_ahk_outer_to_ru_aho_inner,Ru-AHK outer -> Ru-AHO inner,outer,inner,Different mechanism,Mixed transfer,5,74,1.38325909,1.362834250000002
ExtraTreesRegressor,ru_ahk_outer_to_ru_aho_inner,Ru-AHK outer -> Ru-AHO inner,outer,inner,Different mechanism,Mixed transfer,5,82,0.99242206,1.0042165499999989
ExtraTreesRegressor,ru_ahk_outer_to_ru_aho_inner,Ru-AHK outer -> Ru-AHO inner,outer,inner,Different mechanism,Mixed transfer,5,86,0.67501313,2.4319208399587966
ExtraTreesRegressor,ru_ahk_outer_to_ru_aho_inner,Ru-AHK outer -> Ru-AHO inner,outer,inner,Different mechanism,Mixed transfer,5,87,0.56782018,1.8244327840145524
ExtraTreesRegressor,ru_ahk_outer_to_ru_aho_inner,Ru-AHK outer -> Ru-AHO inner,outer,inner,Different mechanism,Mixed transfer,5,89,0.33293116,1.9769814045614096
ExtraTreesRegressor,ru_ahk_outer_to_ru_aho_inner,Ru-AHK outer -> Ru-AHO inner,outer,inner,Different mechanism,Mixed transfer,5,91,0.10866753,2.409891516849883
ExtraTreesRegressor,ru_ahk_outer_to_ru_aho_inner,Ru-AHK outer -> Ru-AHO inner,outer,inner,Different mechanism,Mixed transfer,5,92,0.09139463,1.8462652187508592
ExtraTreesRegressor,ru_ahk_outer_to_ru_aho_inner,Ru-AHK outer -> Ru-AHO inner,outer,inner,Different mechanism,Delta learning,5,1,4.50050002,2.7873895991586677
ExtraTreesRegressor,ru_ahk_outer_to_ru_aho_inner,Ru-AHK outer -> Ru-AHO inner,outer,inner,Different mechanism,Delta learning,5,2,3.84937533,2.1796403758849197
ExtraTreesRegressor,ru_ahk_outer_to_ru_aho_inner,Ru-AHK outer -> Ru-AHO inner,outer,inner,Different mechanism,Delta learning,5,14,2.72095293,2.72095293
ExtraTreesRegressor,ru_ahk_outer_to_ru_aho_inner,Ru-AHK outer -> Ru-AHO inner,outer,inner,Different mechanism,Delta learning,5,20,2.72095293,2.5994078399999996
ExtraTreesRegressor,ru_ahk_outer_to_ru_aho_inner,Ru-AHK outer -> Ru-AHO inner,outer,inner,Different mechanism,Delta learning,5,21,2.6917632,2.712749945780062
ExtraTreesRegressor,ru_ahk_outer_to_ru_aho_inner,Ru-AHK outer -> Ru-AHO inner,outer,inner,Different mechanism,Delta learning,5,23,2.61179564,2.0498153099999996
ExtraTreesRegressor,ru_ahk_outer_to_ru_aho_inner,Ru-AHK outer -> Ru-AHO inner,outer,inner,Different mechanism,Delta learning,5,29,2.47786275,2.8947901169999986
ExtraTreesRegressor,ru_ahk_outer_to_ru_aho_inner,Ru-AHK outer -> Ru-AHO inner,outer,inner,Different mechanism,Delta learning,5,37,2.26077037,2.206189365540049
ExtraTreesRegressor,ru_ahk_outer_to_ru_aho_inner,Ru-AHK outer -> Ru-AHO inner,outer,inner,Different mechanism,Delta learning,5,51,1.94448624,1.4080701946347753
ExtraTreesRegressor,ru_ahk_outer_to_ru_aho_inner,Ru-AHK outer -> Ru-AHO inner,outer,inner,Different mechanism,Delta learning,5,52,1.88185187,1.6839575399999986
ExtraTreesRegressor,ru_ahk_outer_to_ru_aho_inner,Ru-AHK outer -> Ru-AHO inner,outer,inner,Different mechanism,Delta learning,5,60,1.62929332,2.009411490000002
ExtraTreesRegressor,ru_ahk_outer_to_ru_aho_inner,Ru-AHK outer -> Ru-AHO inner,outer,inner,Different mechanism,Delta learning,5,71,1.47016368,1.6641795199999991
ExtraTreesRegressor,ru_ahk_outer_to_ru_aho_inner,Ru-AHK outer -> Ru-AHO inner,outer,inner,Different mechanism,Delta learning,5,74,1.38325909,1.3628342499999997
ExtraTreesRegressor,ru_ahk_outer_to_ru_aho_inner,Ru-AHK outer -> Ru-AHO inner,outer,inner,Different mechanism,Delta learning,5,82,0.99242206,1.0042165500000046
ExtraTreesRegressor,ru_ahk_outer_to_ru_aho_inner,Ru-AHK outer -> Ru-AHO inner,outer,inner,Different mechanism,Delta learning,5,86,0.67501313,2.922659594733652
ExtraTreesRegressor,ru_ahk_outer_to_ru_aho_inner,Ru-AHK outer -> Ru-AHO inner,outer,inner,Different mechanism,Delta learning,5,87,0.56782018,3.170446971152749
ExtraTreesRegressor,ru_ahk_outer_to_ru_aho_inner,Ru-AHK outer -> Ru-AHO inner,outer,inner,Different mechanism,Delta learning,5,89,0.33293116,3.1739475934525023
ExtraTreesRegressor,ru_ahk_outer_to_ru_aho_inner,Ru-AHK outer -> Ru-AHO inner,outer,inner,Different mechanism,Delta learning,5,91,0.10866753,0.1643865435237204
ExtraTreesRegressor,ru_ahk_outer_to_ru_aho_inner,Ru-AHK outer -> Ru-AHO inner,outer,inner,Different mechanism,Delta learning,5,92,0.09139463,3.1156285817070977
GradientBoostingRegressor,target_only_ru_aho_inner,Ru-AHO inner target-only,none,inner,Target-only,Target-only,1,0,4.50050002,2.582522733883471
GradientBoostingRegressor,target_only_ru_aho_inner,Ru-AHO inner target-only,none,inner,Target-only,Target-only,1,4,3.13437597,2.9061649495881667
GradientBoostingRegressor,target_only_ru_aho_inner,Ru-AHO inner target-only,none,inner,Target-only,Target-only,1,10,2.89279432,2.5494548531147583
GradientBoostingRegressor,target_only_ru_aho_inner,Ru-AHO inner target-only,none,inner,Target-only,Target-only,1,12,2.72095293,2.5494548531147583
GradientBoostingRegressor,target_only_ru_aho_inner,Ru-AHO inner target-only,none,inner,Target-only,Target-only,1,18,2.72095293,2.620485359470137
GradientBoostingRegressor,target_only_ru_aho_inner,Ru-AHO inner target-only,none,inner,Target-only,Target-only,1,22,2.63729647,2.3066057006872267
GradientBoostingRegressor,target_only_ru_aho_inner,Ru-AHO inner target-only,none,inner,Target-only,Target-only,1,26,2.49268506,1.9420235869163562
GradientBoostingRegressor,target_only_ru_aho_inner,Ru-AHO inner target-only,none,inner,Target-only,Target-only,1,31,2.30450133,1.8423005091042872
GradientBoostingRegressor,target_only_ru_aho_inner,Ru-AHO inner target-only,none,inner,Target-only,Target-only,1,40,2.13954868,2.0116395791383286
GradientBoostingRegressor,target_only_ru_aho_inner,Ru-AHO inner target-only,none,inner,Target-only,Target-only,1,42,2.12255274,2.3111457522989105
GradientBoostingRegressor,target_only_ru_aho_inner,Ru-AHO inner target-only,none,inner,Target-only,Target-only,1,44,2.02174776,1.8419938555785897
GradientBoostingRegressor,target_only_ru_aho_inner,Ru-AHO inner target-only,none,inner,Target-only,Target-only,1,47,1.97754867,2.0374921715201726
GradientBoostingRegressor,target_only_ru_aho_inner,Ru-AHO inner target-only,none,inner,Target-only,Target-only,1,62,1.56906465,1.8857136874875695
GradientBoostingRegressor,target_only_ru_aho_inner,Ru-AHO inner target-only,none,inner,Target-only,Target-only,1,64,1.53168147,1.4694871943694396
GradientBoostingRegressor,target_only_ru_aho_inner,Ru-AHO inner target-only,none,inner,Target-only,Target-only,1,73,1.39055932,1.4548595680684795
GradientBoostingRegressor,target_only_ru_aho_inner,Ru-AHO inner target-only,none,inner,Target-only,Target-only,1,75,1.36999511,1.433250005684166
GradientBoostingRegressor,target_only_ru_aho_inner,Ru-AHO inner target-only,none,inner,Target-only,Target-only,1,81,1.00421655,1.2364247505652026
GradientBoostingRegressor,target_only_ru_aho_inner,Ru-AHO inner target-only,none,inner,Target-only,Target-only,1,83,0.83956097,0.8159824414173682
GradientBoostingRegressor,target_only_ru_aho_inner,Ru-AHO inner target-only,none,inner,Target-only,Target-only,1,90,0.19433377,0.08176812198902776
GradientBoostingRegressor,target_only_ru_aho_inner,Ru-AHO inner target-only,none,inner,Target-only,Target-only,1,94,0.04739647,1.082643653810255
GradientBoostingRegressor,target_only_ru_aho_inner,Ru-AHO inner target-only,none,inner,Target-only,Target-only,2,5,3.13437597,3.1026861071192116
GradientBoostingRegressor,target_only_ru_aho_inner,Ru-AHO inner target-only,none,inner,Target-only,Target-only,2,9,3.13437597,4.020566090882446
GradientBoostingRegressor,target_only_ru_aho_inner,Ru-AHO inner target-only,none,inner,Target-only,Target-only,2,11,2.81808334,2.8138310380617795
GradientBoostingRegressor,target_only_ru_aho_inner,Ru-AHO inner target-only,none,inner,Target-only,Target-only,2,15,2.72095293,2.051640712556474
GradientBoostingRegressor,target_only_ru_aho_inner,Ru-AHO inner target-only,none,inner,Target-only,Target-only,2,16,2.72095293,3.1973787424714377
GradientBoostingRegressor,target_only_ru_aho_inner,Ru-AHO inner target-only,none,inner,Target-only,Target-only,2,28,2.47786275,2.655741945298772
GradientBoostingRegressor,target_only_ru_aho_inner,Ru-AHO inner target-only,none,inner,Target-only,Target-only,2,30,2.3515711,2.3586020297569092
GradientBoostingRegressor,target_only_ru_aho_inner,Ru-AHO inner target-only,none,inner,Target-only,Target-only,2,33,2.30450133,3.6684335159775743
GradientBoostingRegressor,target_only_ru_aho_inner,Ru-AHO inner target-only,none,inner,Target-only,Target-only,2,35,2.30450133,3.1165685249552473
GradientBoostingRegressor,target_only_ru_aho_inner,Ru-AHO inner target-only,none,inner,Target-only,Target-only,2,39,2.16934032,2.2301517779618005
GradientBoostingRegressor,target_only_ru_aho_inner,Ru-AHO inner target-only,none,inner,Target-only,Target-only,2,45,2.01889808,1.9940241691782261
GradientBoostingRegressor,target_only_ru_aho_inner,Ru-AHO inner target-only,none,inner,Target-only,Target-only,2,49,1.9607788,0.6766650805114723
GradientBoostingRegressor,target_only_ru_aho_inner,Ru-AHO inner target-only,none,inner,Target-only,Target-only,2,65,1.53168147,1.4388597306784028
GradientBoostingRegressor,target_only_ru_aho_inner,Ru-AHO inner target-only,none,inner,Target-only,Target-only,2,68,1.49260764,1.8985369723099002
GradientBoostingRegressor,target_only_ru_aho_inner,Ru-AHO inner target-only,none,inner,Target-only,Target-only,2,69,1.48763592,1.7553942634395063
GradientBoostingRegressor,target_only_ru_aho_inner,Ru-AHO inner target-only,none,inner,Target-only,Target-only,2,70,1.47570337,1.6876246346832462
GradientBoostingRegressor,target_only_ru_aho_inner,Ru-AHO inner target-only,none,inner,Target-only,Target-only,2,72,1.40708549,1.4388597306784028
GradientBoostingRegressor,target_only_ru_aho_inner,Ru-AHO inner target-only,none,inner,Target-only,Target-only,2,80,1.31904107,1.3759679373314175
GradientBoostingRegressor,target_only_ru_aho_inner,Ru-AHO inner target-only,none,inner,Target-only,Target-only,2,88,0.39647984,1.066616809196334
GradientBoostingRegressor,target_only_ru_aho_inner,Ru-AHO inner target-only,none,inner,Target-only,Target-only,2,93,0.04819171,0.15462732312388908
GradientBoostingRegressor,target_only_ru_aho_inner,Ru-AHO inner target-only,none,inner,Target-only,Target-only,3,3,3.67873076,2.4182158253205057
GradientBoostingRegressor,target_only_ru_aho_inner,Ru-AHO inner target-only,none,inner,Target-only,Target-only,3,6,3.13437597,2.47314851957337
GradientBoostingRegressor,target_only_ru_aho_inner,Ru-AHO inner target-only,none,inner,Target-only,Target-only,3,7,3.13437597,2.9691545405506266
GradientBoostingRegressor,target_only_ru_aho_inner,Ru-AHO inner target-only,none,inner,Target-only,Target-only,3,8,3.13437597,2.399091510356691
GradientBoostingRegressor,target_only_ru_aho_inner,Ru-AHO inner target-only,none,inner,Target-only,Target-only,3,13,2.72095293,2.6504054726866455
GradientBoostingRegressor,target_only_ru_aho_inner,Ru-AHO inner target-only,none,inner,Target-only,Target-only,3,17,2.72095293,3.1198741141045883
GradientBoostingRegressor,target_only_ru_aho_inner,Ru-AHO inner target-only,none,inner,Target-only,Target-only,3,19,2.72095293,2.6504054726866455
GradientBoostingRegressor,target_only_ru_aho_inner,Ru-AHO inner target-only,none,inner,Target-only,Target-only,3,24,2.49823771,2.3372488739699677
GradientBoostingRegressor,target_only_ru_aho_inner,Ru-AHO inner target-only,none,inner,Target-only,Target-only,3,25,2.49823771,2.63419960323922
GradientBoostingRegressor,target_only_ru_aho_inner,Ru-AHO inner target-only,none,inner,Target-only,Target-only,3,27,2.47786275,4.306539518159143
GradientBoostingRegressor,target_only_ru_aho_inner,Ru-AHO inner target-only,none,inner,Target-only,Target-only,3,34,2.30450133,3.1198741141045883
GradientBoostingRegressor,target_only_ru_aho_inner,Ru-AHO inner target-only,none,inner,Target-only,Target-only,3,36,2.28957767,2.4502275956116586
GradientBoostingRegressor,target_only_ru_aho_inner,Ru-AHO inner target-only,none,inner,Target-only,Target-only,3,38,2.20688949,2.257287054540703
GradientBoostingRegressor,target_only_ru_aho_inner,Ru-AHO inner target-only,none,inner,Target-only,Target-only,3,53,1.84440958,1.8335297259877552
GradientBoostingRegressor,target_only_ru_aho_inner,Ru-AHO inner target-only,none,inner,Target-only,Target-only,3,55,1.80901573,1.6569375394425387
GradientBoostingRegressor,target_only_ru_aho_inner,Ru-AHO inner target-only,none,inner,Target-only,Target-only,3,56,1.73731552,2.4502275956116586
GradientBoostingRegressor,target_only_ru_aho_inner,Ru-AHO inner target-only,none,inner,Target-only,Target-only,3,76,1.36999511,0.19581225250313375
GradientBoostingRegressor,target_only_ru_aho_inner,Ru-AHO inner target-only,none,inner,Target-only,Target-only,3,78,1.35390456,1.4673089431458963
GradientBoostingRegressor,target_only_ru_aho_inner,Ru-AHO inner target-only,none,inner,Target-only,Target-only,3,79,1.33471728,1.3828467462840783
GradientBoostingRegressor,target_only_ru_aho_inner,Ru-AHO inner target-only,none,inner,Target-only,Target-only,3,85,0.80254597,0.21496688833578553
GradientBoostingRegressor,target_only_ru_aho_inner,Ru-AHO inner target-only,none,inner,Target-only,Target-only,4,32,2.30450133,2.366862026989457
GradientBoostingRegressor,target_only_ru_aho_inner,Ru-AHO inner target-only,none,inner,Target-only,Target-only,4,41,2.13444943,1.879731498474162
GradientBoostingRegressor,target_only_ru_aho_inner,Ru-AHO inner target-only,none,inner,Target-only,Target-only,4,43,2.11117069,1.5083632727864364
GradientBoostingRegressor,target_only_ru_aho_inner,Ru-AHO inner target-only,none,inner,Target-only,Target-only,4,46,2.00941149,2.0317516433758436
GradientBoostingRegressor,target_only_ru_aho_inner,Ru-AHO inner target-only,none,inner,Target-only,Target-only,4,48,1.96551622,1.9155519050466598
GradientBoostingRegressor,target_only_ru_aho_inner,Ru-AHO inner target-only,none,inner,Target-only,Target-only,4,50,1.95650617,1.7462680296767645
GradientBoostingRegressor,target_only_ru_aho_inner,Ru-AHO inner target-only,none,inner,Target-only,Target-only,4,54,1.80901573,2.093611044397766
GradientBoostingRegressor,target_only_ru_aho_inner,Ru-AHO inner target-only,none,inner,Target-only,Target-only,4,57,1.68395754,1.870194299771344
GradientBoostingRegressor,target_only_ru_aho_inner,Ru-AHO inner target-only,none,inner,Target-only,Target-only,4,58,1.66417952,1.4321613559340254
GradientBoostingRegressor,target_only_ru_aho_inner,Ru-AHO inner target-only,none,inner,Target-only,Target-only,4,59,1.62929332,1.585867309689158
GradientBoostingRegressor,target_only_ru_aho_inner,Ru-AHO inner target-only,none,inner,Target-only,Target-only,4,61,1.57873877,1.3647589027963842
GradientBoostingRegressor,target_only_ru_aho_inner,Ru-AHO inner target-only,none,inner,Target-only,Target-only,4,63,1.56019653,1.3647589027963842
GradientBoostingRegressor,target_only_ru_aho_inner,Ru-AHO inner target-only,none,inner,Target-only,Target-only,4,66,1.51369193,1.3647589027963842
GradientBoostingRegressor,target_only_ru_aho_inner,Ru-AHO inner target-only,none,inner,Target-only,Target-only,4,67,1.51369193,1.3838618154721705
GradientBoostingRegressor,target_only_ru_aho_inner,Ru-AHO inner target-only,none,inner,Target-only,Target-only,4,77,1.36283425,0.9915966451495386
GradientBoostingRegressor,target_only_ru_aho_inner,Ru-AHO inner target-only,none,inner,Target-only,Target-only,4,84,0.80438248,1.1072420665230982
GradientBoostingRegressor,target_only_ru_aho_inner,Ru-AHO inner target-only,none,inner,Target-only,Target-only,4,95,0.0120419,1.0359915937826316
GradientBoostingRegressor,target_only_ru_aho_inner,Ru-AHO inner target-only,none,inner,Target-only,Target-only,4,96,0.0,0.751087140624585
GradientBoostingRegressor,target_only_ru_aho_inner,Ru-AHO inner target-only,none,inner,Target-only,Target-only,4,97,0.0,0.5950443250845842
GradientBoostingRegressor,target_only_ru_aho_inner,Ru-AHO inner target-only,none,inner,Target-only,Target-only,5,1,4.50050002,3.0551574139284594
GradientBoostingRegressor,target_only_ru_aho_inner,Ru-AHO inner target-only,none,inner,Target-only,Target-only,5,2,3.84937533,2.837847514429796
GradientBoostingRegressor,target_only_ru_aho_inner,Ru-AHO inner target-only,none,inner,Target-only,Target-only,5,14,2.72095293,2.681212959638502
GradientBoostingRegressor,target_only_ru_aho_inner,Ru-AHO inner target-only,none,inner,Target-only,Target-only,5,20,2.72095293,2.6404834822420735
GradientBoostingRegressor,target_only_ru_aho_inner,Ru-AHO inner target-only,none,inner,Target-only,Target-only,5,21,2.6917632,2.46146593806189
GradientBoostingRegressor,target_only_ru_aho_inner,Ru-AHO inner target-only,none,inner,Target-only,Target-only,5,23,2.61179564,2.190320125066069
GradientBoostingRegressor,target_only_ru_aho_inner,Ru-AHO inner target-only,none,inner,Target-only,Target-only,5,29,2.47786275,2.72345971183683
GradientBoostingRegressor,target_only_ru_aho_inner,Ru-AHO inner target-only,none,inner,Target-only,Target-only,5,37,2.26077037,2.2537034217197895
GradientBoostingRegressor,target_only_ru_aho_inner,Ru-AHO inner target-only,none,inner,Target-only,Target-only,5,51,1.94448624,1.7231154450987258
GradientBoostingRegressor,target_only_ru_aho_inner,Ru-AHO inner target-only,none,inner,Target-only,Target-only,5,52,1.88185187,1.7330652070618906
GradientBoostingRegressor,target_only_ru_aho_inner,Ru-AHO inner target-only,none,inner,Target-only,Target-only,5,60,1.62929332,2.2318251109838334
GradientBoostingRegressor,target_only_ru_aho_inner,Ru-AHO inner target-only,none,inner,Target-only,Target-only,5,71,1.47016368,1.6103994267060313
GradientBoostingRegressor,target_only_ru_aho_inner,Ru-AHO inner target-only,none,inner,Target-only,Target-only,5,74,1.38325909,1.4626389560044553
GradientBoostingRegressor,target_only_ru_aho_inner,Ru-AHO inner target-only,none,inner,Target-only,Target-only,5,82,0.99242206,1.0916129116719424
GradientBoostingRegressor,target_only_ru_aho_inner,Ru-AHO inner target-only,none,inner,Target-only,Target-only,5,86,0.67501313,2.1167191169395907
GradientBoostingRegressor,target_only_ru_aho_inner,Ru-AHO inner target-only,none,inner,Target-only,Target-only,5,87,0.56782018,2.445392304092848
GradientBoostingRegressor,target_only_ru_aho_inner,Ru-AHO inner target-only,none,inner,Target-only,Target-only,5,89,0.33293116,2.836357938814566
GradientBoostingRegressor,target_only_ru_aho_inner,Ru-AHO inner target-only,none,inner,Target-only,Target-only,5,91,0.10866753,0.15698461145997228
GradientBoostingRegressor,target_only_ru_aho_inner,Ru-AHO inner target-only,none,inner,Target-only,Target-only,5,92,0.09139463,2.6507561687714665
GradientBoostingRegressor,ru_ahk_inner_to_ru_aho_inner,Ru-AHK inner -> Ru-AHO inner,inner,inner,Same mechanism,Mixed transfer,1,0,4.50050002,2.5854871090996405
GradientBoostingRegressor,ru_ahk_inner_to_ru_aho_inner,Ru-AHK inner -> Ru-AHO inner,inner,inner,Same mechanism,Mixed transfer,1,4,3.13437597,2.8340915227302874
GradientBoostingRegressor,ru_ahk_inner_to_ru_aho_inner,Ru-AHK inner -> Ru-AHO inner,inner,inner,Same mechanism,Mixed transfer,1,10,2.89279432,2.553670131720666
GradientBoostingRegressor,ru_ahk_inner_to_ru_aho_inner,Ru-AHK inner -> Ru-AHO inner,inner,inner,Same mechanism,Mixed transfer,1,12,2.72095293,2.4004873222944063
GradientBoostingRegressor,ru_ahk_inner_to_ru_aho_inner,Ru-AHK inner -> Ru-AHO inner,inner,inner,Same mechanism,Mixed transfer,1,18,2.72095293,2.8589199411298614
GradientBoostingRegressor,ru_ahk_inner_to_ru_aho_inner,Ru-AHK inner -> Ru-AHO inner,inner,inner,Same mechanism,Mixed transfer,1,22,2.63729647,2.0320303558260773
GradientBoostingRegressor,ru_ahk_inner_to_ru_aho_inner,Ru-AHK inner -> Ru-AHO inner,inner,inner,Same mechanism,Mixed transfer,1,26,2.49268506,1.5682775625605991
GradientBoostingRegressor,ru_ahk_inner_to_ru_aho_inner,Ru-AHK inner -> Ru-AHO inner,inner,inner,Same mechanism,Mixed transfer,1,31,2.30450133,1.851020289233101
GradientBoostingRegressor,ru_ahk_inner_to_ru_aho_inner,Ru-AHK inner -> Ru-AHO inner,inner,inner,Same mechanism,Mixed transfer,1,40,2.13954868,1.9442310636574442
GradientBoostingRegressor,ru_ahk_inner_to_ru_aho_inner,Ru-AHK inner -> Ru-AHO inner,inner,inner,Same mechanism,Mixed transfer,1,42,2.12255274,2.0153699886011514
GradientBoostingRegressor,ru_ahk_inner_to_ru_aho_inner,Ru-AHK inner -> Ru-AHO inner,inner,inner,Same mechanism,Mixed transfer,1,44,2.02174776,1.8376441995686017
GradientBoostingRegressor,ru_ahk_inner_to_ru_aho_inner,Ru-AHK inner -> Ru-AHO inner,inner,inner,Same mechanism,Mixed transfer,1,47,1.97754867,1.5896598514165072
GradientBoostingRegressor,ru_ahk_inner_to_ru_aho_inner,Ru-AHK inner -> Ru-AHO inner,inner,inner,Same mechanism,Mixed transfer,1,62,1.56906465,1.8376441995686017
GradientBoostingRegressor,ru_ahk_inner_to_ru_aho_inner,Ru-AHK inner -> Ru-AHO inner,inner,inner,Same mechanism,Mixed transfer,1,64,1.53168147,1.5490870144193392
GradientBoostingRegressor,ru_ahk_inner_to_ru_aho_inner,Ru-AHK inner -> Ru-AHO inner,inner,inner,Same mechanism,Mixed transfer,1,73,1.39055932,1.5254151167078918
GradientBoostingRegressor,ru_ahk_inner_to_ru_aho_inner,Ru-AHK inner -> Ru-AHO inner,inner,inner,Same mechanism,Mixed transfer,1,75,1.36999511,1.4480599024674636
GradientBoostingRegressor,ru_ahk_inner_to_ru_aho_inner,Ru-AHK inner -> Ru-AHO inner,inner,inner,Same mechanism,Mixed transfer,1,81,1.00421655,1.3932229916529704
GradientBoostingRegressor,ru_ahk_inner_to_ru_aho_inner,Ru-AHK inner -> Ru-AHO inner,inner,inner,Same mechanism,Mixed transfer,1,83,0.83956097,0.7118198149171103
GradientBoostingRegressor,ru_ahk_inner_to_ru_aho_inner,Ru-AHK inner -> Ru-AHO inner,inner,inner,Same mechanism,Mixed transfer,1,90,0.19433377,0.27740195442023946
GradientBoostingRegressor,ru_ahk_inner_to_ru_aho_inner,Ru-AHK inner -> Ru-AHO inner,inner,inner,Same mechanism,Mixed transfer,1,94,0.04739647,1.0715690662104393
GradientBoostingRegressor,ru_ahk_inner_to_ru_aho_inner,Ru-AHK inner -> Ru-AHO inner,inner,inner,Same mechanism,Delta learning,1,0,4.50050002,2.538820312492487
GradientBoostingRegressor,ru_ahk_inner_to_ru_aho_inner,Ru-AHK inner -> Ru-AHO inner,inner,inner,Same mechanism,Delta learning,1,4,3.13437597,2.9349978785932835
GradientBoostingRegressor,ru_ahk_inner_to_ru_aho_inner,Ru-AHK inner -> Ru-AHO inner,inner,inner,Same mechanism,Delta learning,1,10,2.89279432,2.304660139227397
GradientBoostingRegressor,ru_ahk_inner_to_ru_aho_inner,Ru-AHK inner -> Ru-AHO inner,inner,inner,Same mechanism,Delta learning,1,12,2.72095293,2.1180041514365824
GradientBoostingRegressor,ru_ahk_inner_to_ru_aho_inner,Ru-AHK inner -> Ru-AHO inner,inner,inner,Same mechanism,Delta learning,1,18,2.72095293,2.7067458249438565
GradientBoostingRegressor,ru_ahk_inner_to_ru_aho_inner,Ru-AHK inner -> Ru-AHO inner,inner,inner,Same mechanism,Delta learning,1,22,2.63729647,2.325327497432011
GradientBoostingRegressor,ru_ahk_inner_to_ru_aho_inner,Ru-AHK inner -> Ru-AHO inner,inner,inner,Same mechanism,Delta learning,1,26,2.49268506,1.8813829260182477
GradientBoostingRegressor,ru_ahk_inner_to_ru_aho_inner,Ru-AHK inner -> Ru-AHO inner,inner,inner,Same mechanism,Delta learning,1,31,2.30450133,1.7610118890475759
GradientBoostingRegressor,ru_ahk_inner_to_ru_aho_inner,Ru-AHK inner -> Ru-AHO inner,inner,inner,Same mechanism,Delta learning,1,40,2.13954868,2.1306803865565627
GradientBoostingRegressor,ru_ahk_inner_to_ru_aho_inner,Ru-AHK inner -> Ru-AHO inner,inner,inner,Same mechanism,Delta learning,1,42,2.12255274,2.2289672910905542
GradientBoostingRegressor,ru_ahk_inner_to_ru_aho_inner,Ru-AHK inner -> Ru-AHO inner,inner,inner,Same mechanism,Delta learning,1,44,2.02174776,1.9666314201247208
GradientBoostingRegressor,ru_ahk_inner_to_ru_aho_inner,Ru-AHK inner -> Ru-AHO inner,inner,inner,Same mechanism,Delta learning,1,47,1.97754867,1.8040588079085758
GradientBoostingRegressor,ru_ahk_inner_to_ru_aho_inner,Ru-AHK inner -> Ru-AHO inner,inner,inner,Same mechanism,Delta learning,1,62,1.56906465,1.9180655260824797
GradientBoostingRegressor,ru_ahk_inner_to_ru_aho_inner,Ru-AHK inner -> Ru-AHO inner,inner,inner,Same mechanism,Delta learning,1,64,1.53168147,1.5125691541641437
GradientBoostingRegressor,ru_ahk_inner_to_ru_aho_inner,Ru-AHK inner -> Ru-AHO inner,inner,inner,Same mechanism,Delta learning,1,73,1.39055932,1.4996841457533787
GradientBoostingRegressor,ru_ahk_inner_to_ru_aho_inner,Ru-AHK inner -> Ru-AHO inner,inner,inner,Same mechanism,Delta learning,1,75,1.36999511,1.33981873719947
GradientBoostingRegressor,ru_ahk_inner_to_ru_aho_inner,Ru-AHK inner -> Ru-AHO inner,inner,inner,Same mechanism,Delta learning,1,81,1.00421655,1.1108128677808076
GradientBoostingRegressor,ru_ahk_inner_to_ru_aho_inner,Ru-AHK inner -> Ru-AHO inner,inner,inner,Same mechanism,Delta learning,1,83,0.83956097,0.347663169661949
GradientBoostingRegressor,ru_ahk_inner_to_ru_aho_inner,Ru-AHK inner -> Ru-AHO inner,inner,inner,Same mechanism,Delta learning,1,90,0.19433377,0.0532469205532804
GradientBoostingRegressor,ru_ahk_inner_to_ru_aho_inner,Ru-AHK inner -> Ru-AHO inner,inner,inner,Same mechanism,Delta learning,1,94,0.04739647,0.7322572926537624
GradientBoostingRegressor,ru_ahk_inner_to_ru_aho_inner,Ru-AHK inner -> Ru-AHO inner,inner,inner,Same mechanism,Mixed transfer,2,5,3.13437597,2.8655732305317714
GradientBoostingRegressor,ru_ahk_inner_to_ru_aho_inner,Ru-AHK inner -> Ru-AHO inner,inner,inner,Same mechanism,Mixed transfer,2,9,3.13437597,3.1823226071362076
GradientBoostingRegressor,ru_ahk_inner_to_ru_aho_inner,Ru-AHK inner -> Ru-AHO inner,inner,inner,Same mechanism,Mixed transfer,2,11,2.81808334,2.9302320824852615
GradientBoostingRegressor,ru_ahk_inner_to_ru_aho_inner,Ru-AHK inner -> Ru-AHO inner,inner,inner,Same mechanism,Mixed transfer,2,15,2.72095293,1.8362253348705972
GradientBoostingRegressor,ru_ahk_inner_to_ru_aho_inner,Ru-AHK inner -> Ru-AHO inner,inner,inner,Same mechanism,Mixed transfer,2,16,2.72095293,3.0415532788708375
GradientBoostingRegressor,ru_ahk_inner_to_ru_aho_inner,Ru-AHK inner -> Ru-AHO inner,inner,inner,Same mechanism,Mixed transfer,2,28,2.47786275,2.9141091407354454
GradientBoostingRegressor,ru_ahk_inner_to_ru_aho_inner,Ru-AHK inner -> Ru-AHO inner,inner,inner,Same mechanism,Mixed transfer,2,30,2.3515711,2.1308683654444946
GradientBoostingRegressor,ru_ahk_inner_to_ru_aho_inner,Ru-AHK inner -> Ru-AHO inner,inner,inner,Same mechanism,Mixed transfer,2,33,2.30450133,2.9302320824852615
GradientBoostingRegressor,ru_ahk_inner_to_ru_aho_inner,Ru-AHK inner -> Ru-AHO inner,inner,inner,Same mechanism,Mixed transfer,2,35,2.30450133,3.032032114600628
GradientBoostingRegressor,ru_ahk_inner_to_ru_aho_inner,Ru-AHK inner -> Ru-AHO inner,inner,inner,Same mechanism,Mixed transfer,2,39,2.16934032,2.147222239431562
GradientBoostingRegressor,ru_ahk_inner_to_ru_aho_inner,Ru-AHK inner -> Ru-AHO inner,inner,inner,Same mechanism,Mixed transfer,2,45,2.01889808,1.967307641511432
GradientBoostingRegressor,ru_ahk_inner_to_ru_aho_inner,Ru-AHK inner -> Ru-AHO inner,inner,inner,Same mechanism,Mixed transfer,2,49,1.9607788,1.4770648672713127
GradientBoostingRegressor,ru_ahk_inner_to_ru_aho_inner,Ru-AHK inner -> Ru-AHO inner,inner,inner,Same mechanism,Mixed transfer,2,65,1.53168147,1.5284277515744598
GradientBoostingRegressor,ru_ahk_inner_to_ru_aho_inner,Ru-AHK inner -> Ru-AHO inner,inner,inner,Same mechanism,Mixed transfer,2,68,1.49260764,1.6390043966633925
GradientBoostingRegressor,ru_ahk_inner_to_ru_aho_inner,Ru-AHK inner -> Ru-AHO inner,inner,inner,Same mechanism,Mixed transfer,2,69,1.48763592,1.6495345073033745
GradientBoostingRegressor,ru_ahk_inner_to_ru_aho_inner,Ru-AHK inner -> Ru-AHO inner,inner,inner,Same mechanism,Mixed transfer,2,70,1.47570337,1.976675127268806
GradientBoostingRegressor,ru_ahk_inner_to_ru_aho_inner,Ru-AHK inner -> Ru-AHO inner,inner,inner,Same mechanism,Mixed transfer,2,72,1.40708549,1.5284277515744598
GradientBoostingRegressor,ru_ahk_inner_to_ru_aho_inner,Ru-AHK inner -> Ru-AHO inner,inner,inner,Same mechanism,Mixed transfer,2,80,1.31904107,1.1238662095016732
GradientBoostingRegressor,ru_ahk_inner_to_ru_aho_inner,Ru-AHK inner -> Ru-AHO inner,inner,inner,Same mechanism,Mixed transfer,2,88,0.39647984,1.2582562549383203
GradientBoostingRegressor,ru_ahk_inner_to_ru_aho_inner,Ru-AHK inner -> Ru-AHO inner,inner,inner,Same mechanism,Mixed transfer,2,93,0.04819171,0.37039445533086657
GradientBoostingRegressor,ru_ahk_inner_to_ru_aho_inner,Ru-AHK inner -> Ru-AHO inner,inner,inner,Same mechanism,Delta learning,2,5,3.13437597,3.1790375955768697
GradientBoostingRegressor,ru_ahk_inner_to_ru_aho_inner,Ru-AHK inner -> Ru-AHO inner,inner,inner,Same mechanism,Delta learning,2,9,3.13437597,4.130222612974344
GradientBoostingRegressor,ru_ahk_inner_to_ru_aho_inner,Ru-AHK inner -> Ru-AHO inner,inner,inner,Same mechanism,Delta learning,2,11,2.81808334,3.2561701791544317
GradientBoostingRegressor,ru_ahk_inner_to_ru_aho_inner,Ru-AHK inner -> Ru-AHO inner,inner,inner,Same mechanism,Delta learning,2,15,2.72095293,2.112069594866147
GradientBoostingRegressor,ru_ahk_inner_to_ru_aho_inner,Ru-AHK inner -> Ru-AHO inner,inner,inner,Same mechanism,Delta learning,2,16,2.72095293,3.2681925006496524
GradientBoostingRegressor,ru_ahk_inner_to_ru_aho_inner,Ru-AHK inner -> Ru-AHO inner,inner,inner,Same mechanism,Delta learning,2,28,2.47786275,2.8455294982872186
GradientBoostingRegressor,ru_ahk_inner_to_ru_aho_inner,Ru-AHK inner -> Ru-AHO inner,inner,inner,Same mechanism,Delta learning,2,30,2.3515711,2.5142358966778358
GradientBoostingRegressor,ru_ahk_inner_to_ru_aho_inner,Ru-AHK inner -> Ru-AHO inner,inner,inner,Same mechanism,Delta learning,2,33,2.30450133,4.207100136800584
GradientBoostingRegressor,ru_ahk_inner_to_ru_aho_inner,Ru-AHK inner -> Ru-AHO inner,inner,inner,Same mechanism,Delta learning,2,35,2.30450133,3.1392279615207643
GradientBoostingRegressor,ru_ahk_inner_to_ru_aho_inner,Ru-AHK inner -> Ru-AHO inner,inner,inner,Same mechanism,Delta learning,2,39,2.16934032,2.8592192297062473
GradientBoostingRegressor,ru_ahk_inner_to_ru_aho_inner,Ru-AHK inner -> Ru-AHO inner,inner,inner,Same mechanism,Delta learning,2,45,2.01889808,2.0143027072152964
GradientBoostingRegressor,ru_ahk_inner_to_ru_aho_inner,Ru-AHK inner -> Ru-AHO inner,inner,inner,Same mechanism,Delta learning,2,49,1.9607788,1.3411463349503026
GradientBoostingRegressor,ru_ahk_inner_to_ru_aho_inner,Ru-AHK inner -> Ru-AHO inner,inner,inner,Same mechanism,Delta learning,2,65,1.53168147,1.4607598140815714
GradientBoostingRegressor,ru_ahk_inner_to_ru_aho_inner,Ru-AHK inner -> Ru-AHO inner,inner,inner,Same mechanism,Delta learning,2,68,1.49260764,1.8833814967261953
GradientBoostingRegressor,ru_ahk_inner_to_ru_aho_inner,Ru-AHK inner -> Ru-AHO inner,inner,inner,Same mechanism,Delta learning,2,69,1.48763592,1.7184694637242455
GradientBoostingRegressor,ru_ahk_inner_to_ru_aho_inner,Ru-AHK inner -> Ru-AHO inner,inner,inner,Same mechanism,Delta learning,2,70,1.47570337,1.6637583010241122
GradientBoostingRegressor,ru_ahk_inner_to_ru_aho_inner,Ru-AHK inner -> Ru-AHO inner,inner,inner,Same mechanism,Delta learning,2,72,1.40708549,1.4607598140815714
GradientBoostingRegressor,ru_ahk_inner_to_ru_aho_inner,Ru-AHK inner -> Ru-AHO inner,inner,inner,Same mechanism,Delta learning,2,80,1.31904107,1.1821084651948004
GradientBoostingRegressor,ru_ahk_inner_to_ru_aho_inner,Ru-AHK inner -> Ru-AHO inner,inner,inner,Same mechanism,Delta learning,2,88,0.39647984,0.9141156140814674
GradientBoostingRegressor,ru_ahk_inner_to_ru_aho_inner,Ru-AHK inner -> Ru-AHO inner,inner,inner,Same mechanism,Delta learning,2,93,0.04819171,0.15672540294891757
GradientBoostingRegressor,ru_ahk_inner_to_ru_aho_inner,Ru-AHK inner -> Ru-AHO inner,inner,inner,Same mechanism,Mixed transfer,3,3,3.67873076,2.7319561638544037
GradientBoostingRegressor,ru_ahk_inner_to_ru_aho_inner,Ru-AHK inner -> Ru-AHO inner,inner,inner,Same mechanism,Mixed transfer,3,6,3.13437597,1.8202486005486531
GradientBoostingRegressor,ru_ahk_inner_to_ru_aho_inner,Ru-AHK inner -> Ru-AHO inner,inner,inner,Same mechanism,Mixed transfer,3,7,3.13437597,2.599113291923291
GradientBoostingRegressor,ru_ahk_inner_to_ru_aho_inner,Ru-AHK inner -> Ru-AHO inner,inner,inner,Same mechanism,Mixed transfer,3,8,3.13437597,1.7578455328206868
GradientBoostingRegressor,ru_ahk_inner_to_ru_aho_inner,Ru-AHK inner -> Ru-AHO inner,inner,inner,Same mechanism,Mixed transfer,3,13,2.72095293,2.75155970931423
GradientBoostingRegressor,ru_ahk_inner_to_ru_aho_inner,Ru-AHK inner -> Ru-AHO inner,inner,inner,Same mechanism,Mixed transfer,3,17,2.72095293,2.7418259657717674
GradientBoostingRegressor,ru_ahk_inner_to_ru_aho_inner,Ru-AHK inner -> Ru-AHO inner,inner,inner,Same mechanism,Mixed transfer,3,19,2.72095293,2.7561416393590523
GradientBoostingRegressor,ru_ahk_inner_to_ru_aho_inner,Ru-AHK inner -> Ru-AHO inner,inner,inner,Same mechanism,Mixed transfer,3,24,2.49823771,2.0785646082492004
GradientBoostingRegressor,ru_ahk_inner_to_ru_aho_inner,Ru-AHK inner -> Ru-AHO inner,inner,inner,Same mechanism,Mixed transfer,3,25,2.49823771,2.2794881288774893
GradientBoostingRegressor,ru_ahk_inner_to_ru_aho_inner,Ru-AHK inner -> Ru-AHO inner,inner,inner,Same mechanism,Mixed transfer,3,27,2.47786275,2.875486548369273
GradientBoostingRegressor,ru_ahk_inner_to_ru_aho_inner,Ru-AHK inner -> Ru-AHO inner,inner,inner,Same mechanism,Mixed transfer,3,34,2.30450133,2.8018720588312056
GradientBoostingRegressor,ru_ahk_inner_to_ru_aho_inner,Ru-AHK inner -> Ru-AHO inner,inner,inner,Same mechanism,Mixed transfer,3,36,2.28957767,2.0289777739951544
GradientBoostingRegressor,ru_ahk_inner_to_ru_aho_inner,Ru-AHK inner -> Ru-AHO inner,inner,inner,Same mechanism,Mixed transfer,3,38,2.20688949,1.7367130814461549
GradientBoostingRegressor,ru_ahk_inner_to_ru_aho_inner,Ru-AHK inner -> Ru-AHO inner,inner,inner,Same mechanism,Mixed transfer,3,53,1.84440958,1.8717422964534494
GradientBoostingRegressor,ru_ahk_inner_to_ru_aho_inner,Ru-AHK inner -> Ru-AHO inner,inner,inner,Same mechanism,Mixed transfer,3,55,1.80901573,2.046018009328201
GradientBoostingRegressor,ru_ahk_inner_to_ru_aho_inner,Ru-AHK inner -> Ru-AHO inner,inner,inner,Same mechanism,Mixed transfer,3,56,1.73731552,2.0289777739951544
GradientBoostingRegressor,ru_ahk_inner_to_ru_aho_inner,Ru-AHK inner -> Ru-AHO inner,inner,inner,Same mechanism,Mixed transfer,3,76,1.36999511,0.8149928719523747
GradientBoostingRegressor,ru_ahk_inner_to_ru_aho_inner,Ru-AHK inner -> Ru-AHO inner,inner,inner,Same mechanism,Mixed transfer,3,78,1.35390456,1.4300428133419867
GradientBoostingRegressor,ru_ahk_inner_to_ru_aho_inner,Ru-AHK inner -> Ru-AHO inner,inner,inner,Same mechanism,Mixed transfer,3,79,1.33471728,1.1494319552449144
GradientBoostingRegressor,ru_ahk_inner_to_ru_aho_inner,Ru-AHK inner -> Ru-AHO inner,inner,inner,Same mechanism,Mixed transfer,3,85,0.80254597,0.48404352911199666
GradientBoostingRegressor,ru_ahk_inner_to_ru_aho_inner,Ru-AHK inner -> Ru-AHO inner,inner,inner,Same mechanism,Delta learning,3,3,3.67873076,2.441154914302819
GradientBoostingRegressor,ru_ahk_inner_to_ru_aho_inner,Ru-AHK inner -> Ru-AHO inner,inner,inner,Same mechanism,Delta learning,3,6,3.13437597,2.1803460234437844
GradientBoostingRegressor,ru_ahk_inner_to_ru_aho_inner,Ru-AHK inner -> Ru-AHO inner,inner,inner,Same mechanism,Delta learning,3,7,3.13437597,3.134128692533114
GradientBoostingRegressor,ru_ahk_inner_to_ru_aho_inner,Ru-AHK inner -> Ru-AHO inner,inner,inner,Same mechanism,Delta learning,3,8,3.13437597,2.2060722422187524
GradientBoostingRegressor,ru_ahk_inner_to_ru_aho_inner,Ru-AHK inner -> Ru-AHO inner,inner,inner,Same mechanism,Delta learning,3,13,2.72095293,2.727271969997269
GradientBoostingRegressor,ru_ahk_inner_to_ru_aho_inner,Ru-AHK inner -> Ru-AHO inner,inner,inner,Same mechanism,Delta learning,3,17,2.72095293,3.3797459777693817
GradientBoostingRegressor,ru_ahk_inner_to_ru_aho_inner,Ru-AHK inner -> Ru-AHO inner,inner,inner,Same mechanism,Delta learning,3,19,2.72095293,2.929547465466047
GradientBoostingRegressor,ru_ahk_inner_to_ru_aho_inner,Ru-AHK inner -> Ru-AHO inner,inner,inner,Same mechanism,Delta learning,3,24,2.49823771,2.3775485529844884
GradientBoostingRegressor,ru_ahk_inner_to_ru_aho_inner,Ru-AHK inner -> Ru-AHO inner,inner,inner,Same mechanism,Delta learning,3,25,2.49823771,2.589298887950477
GradientBoostingRegressor,ru_ahk_inner_to_ru_aho_inner,Ru-AHK inner -> Ru-AHO inner,inner,inner,Same mechanism,Delta learning,3,27,2.47786275,3.8241686753600996
GradientBoostingRegressor,ru_ahk_inner_to_ru_aho_inner,Ru-AHK inner -> Ru-AHO inner,inner,inner,Same mechanism,Delta learning,3,34,2.30450133,3.4115494441196805
GradientBoostingRegressor,ru_ahk_inner_to_ru_aho_inner,Ru-AHK inner -> Ru-AHO inner,inner,inner,Same mechanism,Delta learning,3,36,2.28957767,2.3645542808303404
GradientBoostingRegressor,ru_ahk_inner_to_ru_aho_inner,Ru-AHK inner -> Ru-AHO inner,inner,inner,Same mechanism,Delta learning,3,38,2.20688949,2.196345037260273
GradientBoostingRegressor,ru_ahk_inner_to_ru_aho_inner,Ru-AHK inner -> Ru-AHO inner,inner,inner,Same mechanism,Delta learning,3,53,1.84440958,1.8949027623249253
GradientBoostingRegressor,ru_ahk_inner_to_ru_aho_inner,Ru-AHK inner -> Ru-AHO inner,inner,inner,Same mechanism,Delta learning,3,55,1.80901573,2.2691067825425706
GradientBoostingRegressor,ru_ahk_inner_to_ru_aho_inner,Ru-AHK inner -> Ru-AHO inner,inner,inner,Same mechanism,Delta learning,3,56,1.73731552,2.3645542808303404
GradientBoostingRegressor,ru_ahk_inner_to_ru_aho_inner,Ru-AHK inner -> Ru-AHO inner,inner,inner,Same mechanism,Delta learning,3,76,1.36999511,1.0298363616295
GradientBoostingRegressor,ru_ahk_inner_to_ru_aho_inner,Ru-AHK inner -> Ru-AHO inner,inner,inner,Same mechanism,Delta learning,3,78,1.35390456,1.3076732123397479
GradientBoostingRegressor,ru_ahk_inner_to_ru_aho_inner,Ru-AHK inner -> Ru-AHO inner,inner,inner,Same mechanism,Delta learning,3,79,1.33471728,1.0714118110264632
GradientBoostingRegressor,ru_ahk_inner_to_ru_aho_inner,Ru-AHK inner -> Ru-AHO inner,inner,inner,Same mechanism,Delta learning,3,85,0.80254597,0.48168413352138495
GradientBoostingRegressor,ru_ahk_inner_to_ru_aho_inner,Ru-AHK inner -> Ru-AHO inner,inner,inner,Same mechanism,Mixed transfer,4,32,2.30450133,2.2054204361775955
GradientBoostingRegressor,ru_ahk_inner_to_ru_aho_inner,Ru-AHK inner -> Ru-AHO inner,inner,inner,Same mechanism,Mixed transfer,4,41,2.13444943,1.8436456663842362
GradientBoostingRegressor,ru_ahk_inner_to_ru_aho_inner,Ru-AHK inner -> Ru-AHO inner,inner,inner,Same mechanism,Mixed transfer,4,43,2.11117069,1.5026228803684358
GradientBoostingRegressor,ru_ahk_inner_to_ru_aho_inner,Ru-AHK inner -> Ru-AHO inner,inner,inner,Same mechanism,Mixed transfer,4,46,2.00941149,2.908640998764048
GradientBoostingRegressor,ru_ahk_inner_to_ru_aho_inner,Ru-AHK inner -> Ru-AHO inner,inner,inner,Same mechanism,Mixed transfer,4,48,1.96551622,1.902947305418491
GradientBoostingRegressor,ru_ahk_inner_to_ru_aho_inner,Ru-AHK inner -> Ru-AHO inner,inner,inner,Same mechanism,Mixed transfer,4,50,1.95650617,1.5026228803684358
GradientBoostingRegressor,ru_ahk_inner_to_ru_aho_inner,Ru-AHK inner -> Ru-AHO inner,inner,inner,Same mechanism,Mixed transfer,4,54,1.80901573,1.9785602732166945
GradientBoostingRegressor,ru_ahk_inner_to_ru_aho_inner,Ru-AHK inner -> Ru-AHO inner,inner,inner,Same mechanism,Mixed transfer,4,57,1.68395754,2.0539763539076312
GradientBoostingRegressor,ru_ahk_inner_to_ru_aho_inner,Ru-AHK inner -> Ru-AHO inner,inner,inner,Same mechanism,Mixed transfer,4,58,1.66417952,1.5185885290932306
GradientBoostingRegressor,ru_ahk_inner_to_ru_aho_inner,Ru-AHK inner -> Ru-AHO inner,inner,inner,Same mechanism,Mixed transfer,4,59,1.62929332,1.6752730091287829
GradientBoostingRegressor,ru_ahk_inner_to_ru_aho_inner,Ru-AHK inner -> Ru-AHO inner,inner,inner,Same mechanism,Mixed transfer,4,61,1.57873877,1.6293664438774873
GradientBoostingRegressor,ru_ahk_inner_to_ru_aho_inner,Ru-AHK inner -> Ru-AHO inner,inner,inner,Same mechanism,Mixed transfer,4,63,1.56019653,1.6293664438774873
GradientBoostingRegressor,ru_ahk_inner_to_ru_aho_inner,Ru-AHK inner -> Ru-AHO inner,inner,inner,Same mechanism,Mixed transfer,4,66,1.51369193,1.5618118873288722
GradientBoostingRegressor,ru_ahk_inner_to_ru_aho_inner,Ru-AHK inner -> Ru-AHO inner,inner,inner,Same mechanism,Mixed transfer,4,67,1.51369193,1.5185885290932306
GradientBoostingRegressor,ru_ahk_inner_to_ru_aho_inner,Ru-AHK inner -> Ru-AHO inner,inner,inner,Same mechanism,Mixed transfer,4,77,1.36283425,1.3459668053823877
GradientBoostingRegressor,ru_ahk_inner_to_ru_aho_inner,Ru-AHK inner -> Ru-AHO inner,inner,inner,Same mechanism,Mixed transfer,4,84,0.80438248,1.4381318798648748
GradientBoostingRegressor,ru_ahk_inner_to_ru_aho_inner,Ru-AHK inner -> Ru-AHO inner,inner,inner,Same mechanism,Mixed transfer,4,95,0.0120419,0.6261271277315602
GradientBoostingRegressor,ru_ahk_inner_to_ru_aho_inner,Ru-AHK inner -> Ru-AHO inner,inner,inner,Same mechanism,Mixed transfer,4,96,0.0,1.1299671559382802
GradientBoostingRegressor,ru_ahk_inner_to_ru_aho_inner,Ru-AHK inner -> Ru-AHO inner,inner,inner,Same mechanism,Mixed transfer,4,97,0.0,0.9367809030522977
GradientBoostingRegressor,ru_ahk_inner_to_ru_aho_inner,Ru-AHK inner -> Ru-AHO inner,inner,inner,Same mechanism,Delta learning,4,32,2.30450133,2.4261306718817743
GradientBoostingRegressor,ru_ahk_inner_to_ru_aho_inner,Ru-AHK inner -> Ru-AHO inner,inner,inner,Same mechanism,Delta learning,4,41,2.13444943,2.1264866720458198
GradientBoostingRegressor,ru_ahk_inner_to_ru_aho_inner,Ru-AHK inner -> Ru-AHO inner,inner,inner,Same mechanism,Delta learning,4,43,2.11117069,1.5215395295681649
GradientBoostingRegressor,ru_ahk_inner_to_ru_aho_inner,Ru-AHK inner -> Ru-AHO inner,inner,inner,Same mechanism,Delta learning,4,46,2.00941149,2.0762417685916827
GradientBoostingRegressor,ru_ahk_inner_to_ru_aho_inner,Ru-AHK inner -> Ru-AHO inner,inner,inner,Same mechanism,Delta learning,4,48,1.96551622,2.028302268592162
GradientBoostingRegressor,ru_ahk_inner_to_ru_aho_inner,Ru-AHK inner -> Ru-AHO inner,inner,inner,Same mechanism,Delta learning,4,50,1.95650617,1.7569496243632101
GradientBoostingRegressor,ru_ahk_inner_to_ru_aho_inner,Ru-AHK inner -> Ru-AHO inner,inner,inner,Same mechanism,Delta learning,4,54,1.80901573,1.930390350095358
GradientBoostingRegressor,ru_ahk_inner_to_ru_aho_inner,Ru-AHK inner -> Ru-AHO inner,inner,inner,Same mechanism,Delta learning,4,57,1.68395754,1.859731118042806
GradientBoostingRegressor,ru_ahk_inner_to_ru_aho_inner,Ru-AHK inner -> Ru-AHO inner,inner,inner,Same mechanism,Delta learning,4,58,1.66417952,1.4827710485949952
GradientBoostingRegressor,ru_ahk_inner_to_ru_aho_inner,Ru-AHK inner -> Ru-AHO inner,inner,inner,Same mechanism,Delta learning,4,59,1.62929332,1.6258841198187943
GradientBoostingRegressor,ru_ahk_inner_to_ru_aho_inner,Ru-AHK inner -> Ru-AHO inner,inner,inner,Same mechanism,Delta learning,4,61,1.57873877,1.506854557811637
GradientBoostingRegressor,ru_ahk_inner_to_ru_aho_inner,Ru-AHK inner -> Ru-AHO inner,inner,inner,Same mechanism,Delta learning,4,63,1.56019653,1.5236094136425908
GradientBoostingRegressor,ru_ahk_inner_to_ru_aho_inner,Ru-AHK inner -> Ru-AHO inner,inner,inner,Same mechanism,Delta learning,4,66,1.51369193,1.491805947292292
GradientBoostingRegressor,ru_ahk_inner_to_ru_aho_inner,Ru-AHK inner -> Ru-AHO inner,inner,inner,Same mechanism,Delta learning,4,67,1.51369193,1.4293190987521607
GradientBoostingRegressor,ru_ahk_inner_to_ru_aho_inner,Ru-AHK inner -> Ru-AHO inner,inner,inner,Same mechanism,Delta learning,4,77,1.36283425,0.9153184536494812
GradientBoostingRegressor,ru_ahk_inner_to_ru_aho_inner,Ru-AHK inner -> Ru-AHO inner,inner,inner,Same mechanism,Delta learning,4,84,0.80438248,1.235415017464823
GradientBoostingRegressor,ru_ahk_inner_to_ru_aho_inner,Ru-AHK inner -> Ru-AHO inner,inner,inner,Same mechanism,Delta learning,4,95,0.0120419,0.1463881343157618
GradientBoostingRegressor,ru_ahk_inner_to_ru_aho_inner,Ru-AHK inner -> Ru-AHO inner,inner,inner,Same mechanism,Delta learning,4,96,0.0,1.061605625552143
GradientBoostingRegressor,ru_ahk_inner_to_ru_aho_inner,Ru-AHK inner -> Ru-AHO inner,inner,inner,Same mechanism,Delta learning,4,97,0.0,0.5710315367449781
GradientBoostingRegressor,ru_ahk_inner_to_ru_aho_inner,Ru-AHK inner -> Ru-AHO inner,inner,inner,Same mechanism,Mixed transfer,5,1,4.50050002,2.812486059160427
GradientBoostingRegressor,ru_ahk_inner_to_ru_aho_inner,Ru-AHK inner -> Ru-AHO inner,inner,inner,Same mechanism,Mixed transfer,5,2,3.84937533,2.7132606819545484
GradientBoostingRegressor,ru_ahk_inner_to_ru_aho_inner,Ru-AHK inner -> Ru-AHO inner,inner,inner,Same mechanism,Mixed transfer,5,14,2.72095293,2.589917937735095
GradientBoostingRegressor,ru_ahk_inner_to_ru_aho_inner,Ru-AHK inner -> Ru-AHO inner,inner,inner,Same mechanism,Mixed transfer,5,20,2.72095293,2.7876986466668936
GradientBoostingRegressor,ru_ahk_inner_to_ru_aho_inner,Ru-AHK inner -> Ru-AHO inner,inner,inner,Same mechanism,Mixed transfer,5,21,2.6917632,2.0649420905233766
GradientBoostingRegressor,ru_ahk_inner_to_ru_aho_inner,Ru-AHK inner -> Ru-AHO inner,inner,inner,Same mechanism,Mixed transfer,5,23,2.61179564,1.9905678582120703
GradientBoostingRegressor,ru_ahk_inner_to_ru_aho_inner,Ru-AHK inner -> Ru-AHO inner,inner,inner,Same mechanism,Mixed transfer,5,29,2.47786275,2.549688488093833
GradientBoostingRegressor,ru_ahk_inner_to_ru_aho_inner,Ru-AHK inner -> Ru-AHO inner,inner,inner,Same mechanism,Mixed transfer,5,37,2.26077037,1.9192653374886444
GradientBoostingRegressor,ru_ahk_inner_to_ru_aho_inner,Ru-AHK inner -> Ru-AHO inner,inner,inner,Same mechanism,Mixed transfer,5,51,1.94448624,1.7441310048426382
GradientBoostingRegressor,ru_ahk_inner_to_ru_aho_inner,Ru-AHK inner -> Ru-AHO inner,inner,inner,Same mechanism,Mixed transfer,5,52,1.88185187,1.9364126339571792
GradientBoostingRegressor,ru_ahk_inner_to_ru_aho_inner,Ru-AHK inner -> Ru-AHO inner,inner,inner,Same mechanism,Mixed transfer,5,60,1.62929332,2.3889942903927723
GradientBoostingRegressor,ru_ahk_inner_to_ru_aho_inner,Ru-AHK inner -> Ru-AHO inner,inner,inner,Same mechanism,Mixed transfer,5,71,1.47016368,1.5892850838358605
GradientBoostingRegressor,ru_ahk_inner_to_ru_aho_inner,Ru-AHK inner -> Ru-AHO inner,inner,inner,Same mechanism,Mixed transfer,5,74,1.38325909,1.4858832759252358
GradientBoostingRegressor,ru_ahk_inner_to_ru_aho_inner,Ru-AHK inner -> Ru-AHO inner,inner,inner,Same mechanism,Mixed transfer,5,82,0.99242206,1.3941729208529268
GradientBoostingRegressor,ru_ahk_inner_to_ru_aho_inner,Ru-AHK inner -> Ru-AHO inner,inner,inner,Same mechanism,Mixed transfer,5,86,0.67501313,1.8965438669226895
GradientBoostingRegressor,ru_ahk_inner_to_ru_aho_inner,Ru-AHK inner -> Ru-AHO inner,inner,inner,Same mechanism,Mixed transfer,5,87,0.56782018,1.6827065681953723
GradientBoostingRegressor,ru_ahk_inner_to_ru_aho_inner,Ru-AHK inner -> Ru-AHO inner,inner,inner,Same mechanism,Mixed transfer,5,89,0.33293116,1.9731739025854764
GradientBoostingRegressor,ru_ahk_inner_to_ru_aho_inner,Ru-AHK inner -> Ru-AHO inner,inner,inner,Same mechanism,Mixed transfer,5,91,0.10866753,0.8382651444379855
GradientBoostingRegressor,ru_ahk_inner_to_ru_aho_inner,Ru-AHK inner -> Ru-AHO inner,inner,inner,Same mechanism,Mixed transfer,5,92,0.09139463,1.7243983052848515
GradientBoostingRegressor,ru_ahk_inner_to_ru_aho_inner,Ru-AHK inner -> Ru-AHO inner,inner,inner,Same mechanism,Delta learning,5,1,4.50050002,2.8699250412314874
GradientBoostingRegressor,ru_ahk_inner_to_ru_aho_inner,Ru-AHK inner -> Ru-AHO inner,inner,inner,Same mechanism,Delta learning,5,2,3.84937533,2.6742223558156986
GradientBoostingRegressor,ru_ahk_inner_to_ru_aho_inner,Ru-AHK inner -> Ru-AHO inner,inner,inner,Same mechanism,Delta learning,5,14,2.72095293,2.656063558045105
GradientBoostingRegressor,ru_ahk_inner_to_ru_aho_inner,Ru-AHK inner -> Ru-AHO inner,inner,inner,Same mechanism,Delta learning,5,20,2.72095293,2.410126619095452
GradientBoostingRegressor,ru_ahk_inner_to_ru_aho_inner,Ru-AHK inner -> Ru-AHO inner,inner,inner,Same mechanism,Delta learning,5,21,2.6917632,2.2054653049876345
GradientBoostingRegressor,ru_ahk_inner_to_ru_aho_inner,Ru-AHK inner -> Ru-AHO inner,inner,inner,Same mechanism,Delta learning,5,23,2.61179564,2.089925206196849
GradientBoostingRegressor,ru_ahk_inner_to_ru_aho_inner,Ru-AHK inner -> Ru-AHO inner,inner,inner,Same mechanism,Delta learning,5,29,2.47786275,2.7683108867847164
GradientBoostingRegressor,ru_ahk_inner_to_ru_aho_inner,Ru-AHK inner -> Ru-AHO inner,inner,inner,Same mechanism,Delta learning,5,37,2.26077037,2.190193185704481
GradientBoostingRegressor,ru_ahk_inner_to_ru_aho_inner,Ru-AHK inner -> Ru-AHO inner,inner,inner,Same mechanism,Delta learning,5,51,1.94448624,1.6131570046719328
GradientBoostingRegressor,ru_ahk_inner_to_ru_aho_inner,Ru-AHK inner -> Ru-AHO inner,inner,inner,Same mechanism,Delta learning,5,52,1.88185187,1.7431247455666667
GradientBoostingRegressor,ru_ahk_inner_to_ru_aho_inner,Ru-AHK inner -> Ru-AHO inner,inner,inner,Same mechanism,Delta learning,5,60,1.62929332,1.9850409787911358
GradientBoostingRegressor,ru_ahk_inner_to_ru_aho_inner,Ru-AHK inner -> Ru-AHO inner,inner,inner,Same mechanism,Delta learning,5,71,1.47016368,1.6012531732572977
GradientBoostingRegressor,ru_ahk_inner_to_ru_aho_inner,Ru-AHK inner -> Ru-AHO inner,inner,inner,Same mechanism,Delta learning,5,74,1.38325909,1.510655901763921
GradientBoostingRegressor,ru_ahk_inner_to_ru_aho_inner,Ru-AHK inner -> Ru-AHO inner,inner,inner,Same mechanism,Delta learning,5,82,0.99242206,1.095319972219063
GradientBoostingRegressor,ru_ahk_inner_to_ru_aho_inner,Ru-AHK inner -> Ru-AHO inner,inner,inner,Same mechanism,Delta learning,5,86,0.67501313,2.3660854959917774
GradientBoostingRegressor,ru_ahk_inner_to_ru_aho_inner,Ru-AHK inner -> Ru-AHO inner,inner,inner,Same mechanism,Delta learning,5,87,0.56782018,1.7816320707239919
GradientBoostingRegressor,ru_ahk_inner_to_ru_aho_inner,Ru-AHK inner -> Ru-AHO inner,inner,inner,Same mechanism,Delta learning,5,89,0.33293116,2.1215682848181348
GradientBoostingRegressor,ru_ahk_inner_to_ru_aho_inner,Ru-AHK inner -> Ru-AHO inner,inner,inner,Same mechanism,Delta learning,5,91,0.10866753,0.11683413122990571
GradientBoostingRegressor,ru_ahk_inner_to_ru_aho_inner,Ru-AHK inner -> Ru-AHO inner,inner,inner,Same mechanism,Delta learning,5,92,0.09139463,2.005699624198089
GradientBoostingRegressor,ru_ahk_outer_to_ru_aho_inner,Ru-AHK outer -> Ru-AHO inner,outer,inner,Different mechanism,Mixed transfer,1,0,4.50050002,2.539474869587415
GradientBoostingRegressor,ru_ahk_outer_to_ru_aho_inner,Ru-AHK outer -> Ru-AHO inner,outer,inner,Different mechanism,Mixed transfer,1,4,3.13437597,2.5558071963236935
GradientBoostingRegressor,ru_ahk_outer_to_ru_aho_inner,Ru-AHK outer -> Ru-AHO inner,outer,inner,Different mechanism,Mixed transfer,1,10,2.89279432,2.271280516951538
GradientBoostingRegressor,ru_ahk_outer_to_ru_aho_inner,Ru-AHK outer -> Ru-AHO inner,outer,inner,Different mechanism,Mixed transfer,1,12,2.72095293,2.219592784594301
GradientBoostingRegressor,ru_ahk_outer_to_ru_aho_inner,Ru-AHK outer -> Ru-AHO inner,outer,inner,Different mechanism,Mixed transfer,1,18,2.72095293,2.3559239033103587
GradientBoostingRegressor,ru_ahk_outer_to_ru_aho_inner,Ru-AHK outer -> Ru-AHO inner,outer,inner,Different mechanism,Mixed transfer,1,22,2.63729647,2.275266563021163
GradientBoostingRegressor,ru_ahk_outer_to_ru_aho_inner,Ru-AHK outer -> Ru-AHO inner,outer,inner,Different mechanism,Mixed transfer,1,26,2.49268506,1.5604065818861048
GradientBoostingRegressor,ru_ahk_outer_to_ru_aho_inner,Ru-AHK outer -> Ru-AHO inner,outer,inner,Different mechanism,Mixed transfer,1,31,2.30450133,2.095319611107068
GradientBoostingRegressor,ru_ahk_outer_to_ru_aho_inner,Ru-AHK outer -> Ru-AHO inner,outer,inner,Different mechanism,Mixed transfer,1,40,2.13954868,2.0905225187231773
GradientBoostingRegressor,ru_ahk_outer_to_ru_aho_inner,Ru-AHK outer -> Ru-AHO inner,outer,inner,Different mechanism,Mixed transfer,1,42,2.12255274,2.403975160959022
GradientBoostingRegressor,ru_ahk_outer_to_ru_aho_inner,Ru-AHK outer -> Ru-AHO inner,outer,inner,Different mechanism,Mixed transfer,1,44,2.02174776,2.074267397054333
GradientBoostingRegressor,ru_ahk_outer_to_ru_aho_inner,Ru-AHK outer -> Ru-AHO inner,outer,inner,Different mechanism,Mixed transfer,1,47,1.97754867,1.5890545520214354
GradientBoostingRegressor,ru_ahk_outer_to_ru_aho_inner,Ru-AHK outer -> Ru-AHO inner,outer,inner,Different mechanism,Mixed transfer,1,62,1.56906465,2.053855339673738
GradientBoostingRegressor,ru_ahk_outer_to_ru_aho_inner,Ru-AHK outer -> Ru-AHO inner,outer,inner,Different mechanism,Mixed transfer,1,64,1.53168147,1.4659019767872257
GradientBoostingRegressor,ru_ahk_outer_to_ru_aho_inner,Ru-AHK outer -> Ru-AHO inner,outer,inner,Different mechanism,Mixed transfer,1,73,1.39055932,1.523236034446898
GradientBoostingRegressor,ru_ahk_outer_to_ru_aho_inner,Ru-AHK outer -> Ru-AHO inner,outer,inner,Different mechanism,Mixed transfer,1,75,1.36999511,1.4659019767872257
GradientBoostingRegressor,ru_ahk_outer_to_ru_aho_inner,Ru-AHK outer -> Ru-AHO inner,outer,inner,Different mechanism,Mixed transfer,1,81,1.00421655,1.6576925307071124
GradientBoostingRegressor,ru_ahk_outer_to_ru_aho_inner,Ru-AHK outer -> Ru-AHO inner,outer,inner,Different mechanism,Mixed transfer,1,83,0.83956097,0.5976013676769295
GradientBoostingRegressor,ru_ahk_outer_to_ru_aho_inner,Ru-AHK outer -> Ru-AHO inner,outer,inner,Different mechanism,Mixed transfer,1,90,0.19433377,0.5939137183396602
GradientBoostingRegressor,ru_ahk_outer_to_ru_aho_inner,Ru-AHK outer -> Ru-AHO inner,outer,inner,Different mechanism,Mixed transfer,1,94,0.04739647,1.2497330222310485
GradientBoostingRegressor,ru_ahk_outer_to_ru_aho_inner,Ru-AHK outer -> Ru-AHO inner,outer,inner,Different mechanism,Delta learning,1,0,4.50050002,2.623890560581888
GradientBoostingRegressor,ru_ahk_outer_to_ru_aho_inner,Ru-AHK outer -> Ru-AHO inner,outer,inner,Different mechanism,Delta learning,1,4,3.13437597,2.8603227824613944
GradientBoostingRegressor,ru_ahk_outer_to_ru_aho_inner,Ru-AHK outer -> Ru-AHO inner,outer,inner,Different mechanism,Delta learning,1,10,2.89279432,2.4629096568863957
GradientBoostingRegressor,ru_ahk_outer_to_ru_aho_inner,Ru-AHK outer -> Ru-AHO inner,outer,inner,Different mechanism,Delta learning,1,12,2.72095293,2.4629096568863957
GradientBoostingRegressor,ru_ahk_outer_to_ru_aho_inner,Ru-AHK outer -> Ru-AHO inner,outer,inner,Different mechanism,Delta learning,1,18,2.72095293,2.5674514406740263
GradientBoostingRegressor,ru_ahk_outer_to_ru_aho_inner,Ru-AHK outer -> Ru-AHO inner,outer,inner,Different mechanism,Delta learning,1,22,2.63729647,2.5127867635084584
GradientBoostingRegressor,ru_ahk_outer_to_ru_aho_inner,Ru-AHK outer -> Ru-AHO inner,outer,inner,Different mechanism,Delta learning,1,26,2.49268506,1.8200589979540398
GradientBoostingRegressor,ru_ahk_outer_to_ru_aho_inner,Ru-AHK outer -> Ru-AHO inner,outer,inner,Different mechanism,Delta learning,1,31,2.30450133,2.28560482294198
GradientBoostingRegressor,ru_ahk_outer_to_ru_aho_inner,Ru-AHK outer -> Ru-AHO inner,outer,inner,Different mechanism,Delta learning,1,40,2.13954868,1.8799158947380936
GradientBoostingRegressor,ru_ahk_outer_to_ru_aho_inner,Ru-AHK outer -> Ru-AHO inner,outer,inner,Different mechanism,Delta learning,1,42,2.12255274,2.247793966830163
GradientBoostingRegressor,ru_ahk_outer_to_ru_aho_inner,Ru-AHK outer -> Ru-AHO inner,outer,inner,Different mechanism,Delta learning,1,44,2.02174776,1.8742570007275656
GradientBoostingRegressor,ru_ahk_outer_to_ru_aho_inner,Ru-AHK outer -> Ru-AHO inner,outer,inner,Different mechanism,Delta learning,1,47,1.97754867,1.7846282113585634
GradientBoostingRegressor,ru_ahk_outer_to_ru_aho_inner,Ru-AHK outer -> Ru-AHO inner,outer,inner,Different mechanism,Delta learning,1,62,1.56906465,1.9987594826671566
GradientBoostingRegressor,ru_ahk_outer_to_ru_aho_inner,Ru-AHK outer -> Ru-AHO inner,outer,inner,Different mechanism,Delta learning,1,64,1.53168147,1.4589352888819314
GradientBoostingRegressor,ru_ahk_outer_to_ru_aho_inner,Ru-AHK outer -> Ru-AHO inner,outer,inner,Different mechanism,Delta learning,1,73,1.39055932,1.4806649413780926
GradientBoostingRegressor,ru_ahk_outer_to_ru_aho_inner,Ru-AHK outer -> Ru-AHO inner,outer,inner,Different mechanism,Delta learning,1,75,1.36999511,1.4176765101222535
GradientBoostingRegressor,ru_ahk_outer_to_ru_aho_inner,Ru-AHK outer -> Ru-AHO inner,outer,inner,Different mechanism,Delta learning,1,81,1.00421655,1.1444420690656911
GradientBoostingRegressor,ru_ahk_outer_to_ru_aho_inner,Ru-AHK outer -> Ru-AHO inner,outer,inner,Different mechanism,Delta learning,1,83,0.83956097,0.6203694871413088
GradientBoostingRegressor,ru_ahk_outer_to_ru_aho_inner,Ru-AHK outer -> Ru-AHO inner,outer,inner,Different mechanism,Delta learning,1,90,0.19433377,0.08431072634574299
GradientBoostingRegressor,ru_ahk_outer_to_ru_aho_inner,Ru-AHK outer -> Ru-AHO inner,outer,inner,Different mechanism,Delta learning,1,94,0.04739647,0.9105470467183245
GradientBoostingRegressor,ru_ahk_outer_to_ru_aho_inner,Ru-AHK outer -> Ru-AHO inner,outer,inner,Different mechanism,Mixed transfer,2,5,3.13437597,2.2527971274822254
GradientBoostingRegressor,ru_ahk_outer_to_ru_aho_inner,Ru-AHK outer -> Ru-AHO inner,outer,inner,Different mechanism,Mixed transfer,2,9,3.13437597,2.8616791343873484
GradientBoostingRegressor,ru_ahk_outer_to_ru_aho_inner,Ru-AHK outer -> Ru-AHO inner,outer,inner,Different mechanism,Mixed transfer,2,11,2.81808334,2.43096845816798
GradientBoostingRegressor,ru_ahk_outer_to_ru_aho_inner,Ru-AHK outer -> Ru-AHO inner,outer,inner,Different mechanism,Mixed transfer,2,15,2.72095293,1.3262728889265722
GradientBoostingRegressor,ru_ahk_outer_to_ru_aho_inner,Ru-AHK outer -> Ru-AHO inner,outer,inner,Different mechanism,Mixed transfer,2,16,2.72095293,2.695988081717582
GradientBoostingRegressor,ru_ahk_outer_to_ru_aho_inner,Ru-AHK outer -> Ru-AHO inner,outer,inner,Different mechanism,Mixed transfer,2,28,2.47786275,2.43096845816798
GradientBoostingRegressor,ru_ahk_outer_to_ru_aho_inner,Ru-AHK outer -> Ru-AHO inner,outer,inner,Different mechanism,Mixed transfer,2,30,2.3515711,2.6896649991352812
GradientBoostingRegressor,ru_ahk_outer_to_ru_aho_inner,Ru-AHK outer -> Ru-AHO inner,outer,inner,Different mechanism,Mixed transfer,2,33,2.30450133,2.3573651650225482
GradientBoostingRegressor,ru_ahk_outer_to_ru_aho_inner,Ru-AHK outer -> Ru-AHO inner,outer,inner,Different mechanism,Mixed transfer,2,35,2.30450133,2.4601860178430357
GradientBoostingRegressor,ru_ahk_outer_to_ru_aho_inner,Ru-AHK outer -> Ru-AHO inner,outer,inner,Different mechanism,Mixed transfer,2,39,2.16934032,1.4439037290428625
GradientBoostingRegressor,ru_ahk_outer_to_ru_aho_inner,Ru-AHK outer -> Ru-AHO inner,outer,inner,Different mechanism,Mixed transfer,2,45,2.01889808,2.1656992900815033
GradientBoostingRegressor,ru_ahk_outer_to_ru_aho_inner,Ru-AHK outer -> Ru-AHO inner,outer,inner,Different mechanism,Mixed transfer,2,49,1.9607788,0.7753364941999673
GradientBoostingRegressor,ru_ahk_outer_to_ru_aho_inner,Ru-AHK outer -> Ru-AHO inner,outer,inner,Different mechanism,Mixed transfer,2,65,1.53168147,1.4837573349049527
GradientBoostingRegressor,ru_ahk_outer_to_ru_aho_inner,Ru-AHK outer -> Ru-AHO inner,outer,inner,Different mechanism,Mixed transfer,2,68,1.49260764,1.6952525517247237
GradientBoostingRegressor,ru_ahk_outer_to_ru_aho_inner,Ru-AHK outer -> Ru-AHO inner,outer,inner,Different mechanism,Mixed transfer,2,69,1.48763592,1.489511537710753
GradientBoostingRegressor,ru_ahk_outer_to_ru_aho_inner,Ru-AHK outer -> Ru-AHO inner,outer,inner,Different mechanism,Mixed transfer,2,70,1.47570337,1.7135980676298825
GradientBoostingRegressor,ru_ahk_outer_to_ru_aho_inner,Ru-AHK outer -> Ru-AHO inner,outer,inner,Different mechanism,Mixed transfer,2,72,1.40708549,1.4837573349049527
GradientBoostingRegressor,ru_ahk_outer_to_ru_aho_inner,Ru-AHK outer -> Ru-AHO inner,outer,inner,Different mechanism,Mixed transfer,2,80,1.31904107,1.8652224473601633
GradientBoostingRegressor,ru_ahk_outer_to_ru_aho_inner,Ru-AHK outer -> Ru-AHO inner,outer,inner,Different mechanism,Mixed transfer,2,88,0.39647984,1.4104795830713472
GradientBoostingRegressor,ru_ahk_outer_to_ru_aho_inner,Ru-AHK outer -> Ru-AHO inner,outer,inner,Different mechanism,Mixed transfer,2,93,0.04819171,0.5796523372176431
GradientBoostingRegressor,ru_ahk_outer_to_ru_aho_inner,Ru-AHK outer -> Ru-AHO inner,outer,inner,Different mechanism,Delta learning,2,5,3.13437597,2.907181240642738
GradientBoostingRegressor,ru_ahk_outer_to_ru_aho_inner,Ru-AHK outer -> Ru-AHO inner,outer,inner,Different mechanism,Delta learning,2,9,3.13437597,4.045383336083358
GradientBoostingRegressor,ru_ahk_outer_to_ru_aho_inner,Ru-AHK outer -> Ru-AHO inner,outer,inner,Different mechanism,Delta learning,2,11,2.81808334,2.8215638711833178
GradientBoostingRegressor,ru_ahk_outer_to_ru_aho_inner,Ru-AHK outer -> Ru-AHO inner,outer,inner,Different mechanism,Delta learning,2,15,2.72095293,2.3174072322330854
GradientBoostingRegressor,ru_ahk_outer_to_ru_aho_inner,Ru-AHK outer -> Ru-AHO inner,outer,inner,Different mechanism,Delta learning,2,16,2.72095293,3.2853923123020463
GradientBoostingRegressor,ru_ahk_outer_to_ru_aho_inner,Ru-AHK outer -> Ru-AHO inner,outer,inner,Different mechanism,Delta learning,2,28,2.47786275,2.5975175250204616
GradientBoostingRegressor,ru_ahk_outer_to_ru_aho_inner,Ru-AHK outer -> Ru-AHO inner,outer,inner,Different mechanism,Delta learning,2,30,2.3515711,2.7519730157372484
GradientBoostingRegressor,ru_ahk_outer_to_ru_aho_inner,Ru-AHK outer -> Ru-AHO inner,outer,inner,Different mechanism,Delta learning,2,33,2.30450133,3.850497910495431
GradientBoostingRegressor,ru_ahk_outer_to_ru_aho_inner,Ru-AHK outer -> Ru-AHO inner,outer,inner,Different mechanism,Delta learning,2,35,2.30450133,3.3676525050744828
GradientBoostingRegressor,ru_ahk_outer_to_ru_aho_inner,Ru-AHK outer -> Ru-AHO inner,outer,inner,Different mechanism,Delta learning,2,39,2.16934032,2.469795531735281
GradientBoostingRegressor,ru_ahk_outer_to_ru_aho_inner,Ru-AHK outer -> Ru-AHO inner,outer,inner,Different mechanism,Delta learning,2,45,2.01889808,2.09491532792964
GradientBoostingRegressor,ru_ahk_outer_to_ru_aho_inner,Ru-AHK outer -> Ru-AHO inner,outer,inner,Different mechanism,Delta learning,2,49,1.9607788,-0.31610011974813546
GradientBoostingRegressor,ru_ahk_outer_to_ru_aho_inner,Ru-AHK outer -> Ru-AHO inner,outer,inner,Different mechanism,Delta learning,2,65,1.53168147,1.3306121452522395
GradientBoostingRegressor,ru_ahk_outer_to_ru_aho_inner,Ru-AHK outer -> Ru-AHO inner,outer,inner,Different mechanism,Delta learning,2,68,1.49260764,1.8583833695345098
GradientBoostingRegressor,ru_ahk_outer_to_ru_aho_inner,Ru-AHK outer -> Ru-AHO inner,outer,inner,Different mechanism,Delta learning,2,69,1.48763592,2.0082625137319297
GradientBoostingRegressor,ru_ahk_outer_to_ru_aho_inner,Ru-AHK outer -> Ru-AHO inner,outer,inner,Different mechanism,Delta learning,2,70,1.47570337,2.0696460229855607
GradientBoostingRegressor,ru_ahk_outer_to_ru_aho_inner,Ru-AHK outer -> Ru-AHO inner,outer,inner,Different mechanism,Delta learning,2,72,1.40708549,1.3306121452522395
GradientBoostingRegressor,ru_ahk_outer_to_ru_aho_inner,Ru-AHK outer -> Ru-AHO inner,outer,inner,Different mechanism,Delta learning,2,80,1.31904107,1.5973390803681804
GradientBoostingRegressor,ru_ahk_outer_to_ru_aho_inner,Ru-AHK outer -> Ru-AHO inner,outer,inner,Different mechanism,Delta learning,2,88,0.39647984,0.9407569965364113
GradientBoostingRegressor,ru_ahk_outer_to_ru_aho_inner,Ru-AHK outer -> Ru-AHO inner,outer,inner,Different mechanism,Delta learning,2,93,0.04819171,0.2154031224013604
GradientBoostingRegressor,ru_ahk_outer_to_ru_aho_inner,Ru-AHK outer -> Ru-AHO inner,outer,inner,Different mechanism,Mixed transfer,3,3,3.67873076,1.7714657094016335
GradientBoostingRegressor,ru_ahk_outer_to_ru_aho_inner,Ru-AHK outer -> Ru-AHO inner,outer,inner,Different mechanism,Mixed transfer,3,6,3.13437597,1.775647055100486
GradientBoostingRegressor,ru_ahk_outer_to_ru_aho_inner,Ru-AHK outer -> Ru-AHO inner,outer,inner,Different mechanism,Mixed transfer,3,7,3.13437597,2.677376441626358
GradientBoostingRegressor,ru_ahk_outer_to_ru_aho_inner,Ru-AHK outer -> Ru-AHO inner,outer,inner,Different mechanism,Mixed transfer,3,8,3.13437597,2.249234874427142
GradientBoostingRegressor,ru_ahk_outer_to_ru_aho_inner,Ru-AHK outer -> Ru-AHO inner,outer,inner,Different mechanism,Mixed transfer,3,13,2.72095293,2.6035150459044485
GradientBoostingRegressor,ru_ahk_outer_to_ru_aho_inner,Ru-AHK outer -> Ru-AHO inner,outer,inner,Different mechanism,Mixed transfer,3,17,2.72095293,2.909993533752941
GradientBoostingRegressor,ru_ahk_outer_to_ru_aho_inner,Ru-AHK outer -> Ru-AHO inner,outer,inner,Different mechanism,Mixed transfer,3,19,2.72095293,2.4961114438821683
GradientBoostingRegressor,ru_ahk_outer_to_ru_aho_inner,Ru-AHK outer -> Ru-AHO inner,outer,inner,Different mechanism,Mixed transfer,3,24,2.49823771,2.3970276660001657
GradientBoostingRegressor,ru_ahk_outer_to_ru_aho_inner,Ru-AHK outer -> Ru-AHO inner,outer,inner,Different mechanism,Mixed transfer,3,25,2.49823771,2.461688839598587
GradientBoostingRegressor,ru_ahk_outer_to_ru_aho_inner,Ru-AHK outer -> Ru-AHO inner,outer,inner,Different mechanism,Mixed transfer,3,27,2.47786275,3.307460244648257
GradientBoostingRegressor,ru_ahk_outer_to_ru_aho_inner,Ru-AHK outer -> Ru-AHO inner,outer,inner,Different mechanism,Mixed transfer,3,34,2.30450133,2.9720744853168055
GradientBoostingRegressor,ru_ahk_outer_to_ru_aho_inner,Ru-AHK outer -> Ru-AHO inner,outer,inner,Different mechanism,Mixed transfer,3,36,2.28957767,2.510773267653783
GradientBoostingRegressor,ru_ahk_outer_to_ru_aho_inner,Ru-AHK outer -> Ru-AHO inner,outer,inner,Different mechanism,Mixed transfer,3,38,2.20688949,1.7735948461919997
GradientBoostingRegressor,ru_ahk_outer_to_ru_aho_inner,Ru-AHK outer -> Ru-AHO inner,outer,inner,Different mechanism,Mixed transfer,3,53,1.84440958,2.1079671738709354
GradientBoostingRegressor,ru_ahk_outer_to_ru_aho_inner,Ru-AHK outer -> Ru-AHO inner,outer,inner,Different mechanism,Mixed transfer,3,55,1.80901573,1.7689874952529359
GradientBoostingRegressor,ru_ahk_outer_to_ru_aho_inner,Ru-AHK outer -> Ru-AHO inner,outer,inner,Different mechanism,Mixed transfer,3,56,1.73731552,2.510773267653783
GradientBoostingRegressor,ru_ahk_outer_to_ru_aho_inner,Ru-AHK outer -> Ru-AHO inner,outer,inner,Different mechanism,Mixed transfer,3,76,1.36999511,0.9485549278784849
GradientBoostingRegressor,ru_ahk_outer_to_ru_aho_inner,Ru-AHK outer -> Ru-AHO inner,outer,inner,Different mechanism,Mixed transfer,3,78,1.35390456,1.4626075313597513
GradientBoostingRegressor,ru_ahk_outer_to_ru_aho_inner,Ru-AHK outer -> Ru-AHO inner,outer,inner,Different mechanism,Mixed transfer,3,79,1.33471728,1.4626075313597513
GradientBoostingRegressor,ru_ahk_outer_to_ru_aho_inner,Ru-AHK outer -> Ru-AHO inner,outer,inner,Different mechanism,Mixed transfer,3,85,0.80254597,0.8503305031728258
GradientBoostingRegressor,ru_ahk_outer_to_ru_aho_inner,Ru-AHK outer -> Ru-AHO inner,outer,inner,Different mechanism,Delta learning,3,3,3.67873076,2.388876315778742
GradientBoostingRegressor,ru_ahk_outer_to_ru_aho_inner,Ru-AHK outer -> Ru-AHO inner,outer,inner,Different mechanism,Delta learning,3,6,3.13437597,2.6359820763917092
GradientBoostingRegressor,ru_ahk_outer_to_ru_aho_inner,Ru-AHK outer -> Ru-AHO inner,outer,inner,Different mechanism,Delta learning,3,7,3.13437597,3.307614991614968
GradientBoostingRegressor,ru_ahk_outer_to_ru_aho_inner,Ru-AHK outer -> Ru-AHO inner,outer,inner,Different mechanism,Delta learning,3,8,3.13437597,2.925002946202574
GradientBoostingRegressor,ru_ahk_outer_to_ru_aho_inner,Ru-AHK outer -> Ru-AHO inner,outer,inner,Different mechanism,Delta learning,3,13,2.72095293,2.783597028441149
GradientBoostingRegressor,ru_ahk_outer_to_ru_aho_inner,Ru-AHK outer -> Ru-AHO inner,outer,inner,Different mechanism,Delta learning,3,17,2.72095293,3.137929738170751
GradientBoostingRegressor,ru_ahk_outer_to_ru_aho_inner,Ru-AHK outer -> Ru-AHO inner,outer,inner,Different mechanism,Delta learning,3,19,2.72095293,2.6919400315150463
GradientBoostingRegressor,ru_ahk_outer_to_ru_aho_inner,Ru-AHK outer -> Ru-AHO inner,outer,inner,Different mechanism,Delta learning,3,24,2.49823771,2.2088732348504037
GradientBoostingRegressor,ru_ahk_outer_to_ru_aho_inner,Ru-AHK outer -> Ru-AHO inner,outer,inner,Different mechanism,Delta learning,3,25,2.49823771,2.195389237945653
GradientBoostingRegressor,ru_ahk_outer_to_ru_aho_inner,Ru-AHK outer -> Ru-AHO inner,outer,inner,Different mechanism,Delta learning,3,27,2.47786275,3.933176726591177
GradientBoostingRegressor,ru_ahk_outer_to_ru_aho_inner,Ru-AHK outer -> Ru-AHO inner,outer,inner,Different mechanism,Delta learning,3,34,2.30450133,3.18920696494547
GradientBoostingRegressor,ru_ahk_outer_to_ru_aho_inner,Ru-AHK outer -> Ru-AHO inner,outer,inner,Different mechanism,Delta learning,3,36,2.28957767,2.483183797410816
GradientBoostingRegressor,ru_ahk_outer_to_ru_aho_inner,Ru-AHK outer -> Ru-AHO inner,outer,inner,Different mechanism,Delta learning,3,38,2.20688949,2.2026946653478223
GradientBoostingRegressor,ru_ahk_outer_to_ru_aho_inner,Ru-AHK outer -> Ru-AHO inner,outer,inner,Different mechanism,Delta learning,3,53,1.84440958,1.937823754624493
GradientBoostingRegressor,ru_ahk_outer_to_ru_aho_inner,Ru-AHK outer -> Ru-AHO inner,outer,inner,Different mechanism,Delta learning,3,55,1.80901573,0.1046932149791786
GradientBoostingRegressor,ru_ahk_outer_to_ru_aho_inner,Ru-AHK outer -> Ru-AHO inner,outer,inner,Different mechanism,Delta learning,3,56,1.73731552,2.483183797410816
GradientBoostingRegressor,ru_ahk_outer_to_ru_aho_inner,Ru-AHK outer -> Ru-AHO inner,outer,inner,Different mechanism,Delta learning,3,76,1.36999511,0.42615062383654223
GradientBoostingRegressor,ru_ahk_outer_to_ru_aho_inner,Ru-AHK outer -> Ru-AHO inner,outer,inner,Different mechanism,Delta learning,3,78,1.35390456,1.3849381488165466
GradientBoostingRegressor,ru_ahk_outer_to_ru_aho_inner,Ru-AHK outer -> Ru-AHO inner,outer,inner,Different mechanism,Delta learning,3,79,1.33471728,1.2357825110602405
GradientBoostingRegressor,ru_ahk_outer_to_ru_aho_inner,Ru-AHK outer -> Ru-AHO inner,outer,inner,Different mechanism,Delta learning,3,85,0.80254597,0.337307419537479
GradientBoostingRegressor,ru_ahk_outer_to_ru_aho_inner,Ru-AHK outer -> Ru-AHO inner,outer,inner,Different mechanism,Mixed transfer,4,32,2.30450133,2.4811652155603405
GradientBoostingRegressor,ru_ahk_outer_to_ru_aho_inner,Ru-AHK outer -> Ru-AHO inner,outer,inner,Different mechanism,Mixed transfer,4,41,2.13444943,1.3847328747207228
GradientBoostingRegressor,ru_ahk_outer_to_ru_aho_inner,Ru-AHK outer -> Ru-AHO inner,outer,inner,Different mechanism,Mixed transfer,4,43,2.11117069,1.592911496882552
GradientBoostingRegressor,ru_ahk_outer_to_ru_aho_inner,Ru-AHK outer -> Ru-AHO inner,outer,inner,Different mechanism,Mixed transfer,4,46,2.00941149,2.518492732520568
GradientBoostingRegressor,ru_ahk_outer_to_ru_aho_inner,Ru-AHK outer -> Ru-AHO inner,outer,inner,Different mechanism,Mixed transfer,4,48,1.96551622,1.924518229934644
GradientBoostingRegressor,ru_ahk_outer_to_ru_aho_inner,Ru-AHK outer -> Ru-AHO inner,outer,inner,Different mechanism,Mixed transfer,4,50,1.95650617,1.592911496882552
GradientBoostingRegressor,ru_ahk_outer_to_ru_aho_inner,Ru-AHK outer -> Ru-AHO inner,outer,inner,Different mechanism,Mixed transfer,4,54,1.80901573,2.2954881487356236
GradientBoostingRegressor,ru_ahk_outer_to_ru_aho_inner,Ru-AHK outer -> Ru-AHO inner,outer,inner,Different mechanism,Mixed transfer,4,57,1.68395754,2.0237549258891545
GradientBoostingRegressor,ru_ahk_outer_to_ru_aho_inner,Ru-AHK outer -> Ru-AHO inner,outer,inner,Different mechanism,Mixed transfer,4,58,1.66417952,1.3387444665221773
GradientBoostingRegressor,ru_ahk_outer_to_ru_aho_inner,Ru-AHK outer -> Ru-AHO inner,outer,inner,Different mechanism,Mixed transfer,4,59,1.62929332,1.6888174784648293
GradientBoostingRegressor,ru_ahk_outer_to_ru_aho_inner,Ru-AHK outer -> Ru-AHO inner,outer,inner,Different mechanism,Mixed transfer,4,61,1.57873877,1.5228945960641866
GradientBoostingRegressor,ru_ahk_outer_to_ru_aho_inner,Ru-AHK outer -> Ru-AHO inner,outer,inner,Different mechanism,Mixed transfer,4,63,1.56019653,1.485100682193394
GradientBoostingRegressor,ru_ahk_outer_to_ru_aho_inner,Ru-AHK outer -> Ru-AHO inner,outer,inner,Different mechanism,Mixed transfer,4,66,1.51369193,1.3387444665221773
GradientBoostingRegressor,ru_ahk_outer_to_ru_aho_inner,Ru-AHK outer -> Ru-AHO inner,outer,inner,Different mechanism,Mixed transfer,4,67,1.51369193,1.3694788863520588
GradientBoostingRegressor,ru_ahk_outer_to_ru_aho_inner,Ru-AHK outer -> Ru-AHO inner,outer,inner,Different mechanism,Mixed transfer,4,77,1.36283425,1.510462812174202
GradientBoostingRegressor,ru_ahk_outer_to_ru_aho_inner,Ru-AHK outer -> Ru-AHO inner,outer,inner,Different mechanism,Mixed transfer,4,84,0.80438248,1.592911496882552
GradientBoostingRegressor,ru_ahk_outer_to_ru_aho_inner,Ru-AHK outer -> Ru-AHO inner,outer,inner,Different mechanism,Mixed transfer,4,95,0.0120419,0.5244940300313281
GradientBoostingRegressor,ru_ahk_outer_to_ru_aho_inner,Ru-AHK outer -> Ru-AHO inner,outer,inner,Different mechanism,Mixed transfer,4,96,0.0,1.095601535894183
GradientBoostingRegressor,ru_ahk_outer_to_ru_aho_inner,Ru-AHK outer -> Ru-AHO inner,outer,inner,Different mechanism,Mixed transfer,4,97,0.0,1.2424499705862702
GradientBoostingRegressor,ru_ahk_outer_to_ru_aho_inner,Ru-AHK outer -> Ru-AHO inner,outer,inner,Different mechanism,Delta learning,4,32,2.30450133,2.423824398204934
GradientBoostingRegressor,ru_ahk_outer_to_ru_aho_inner,Ru-AHK outer -> Ru-AHO inner,outer,inner,Different mechanism,Delta learning,4,41,2.13444943,1.8604322552888404
GradientBoostingRegressor,ru_ahk_outer_to_ru_aho_inner,Ru-AHK outer -> Ru-AHO inner,outer,inner,Different mechanism,Delta learning,4,43,2.11117069,1.5125050702997298
GradientBoostingRegressor,ru_ahk_outer_to_ru_aho_inner,Ru-AHK outer -> Ru-AHO inner,outer,inner,Different mechanism,Delta learning,4,46,2.00941149,2.0004127877120284
GradientBoostingRegressor,ru_ahk_outer_to_ru_aho_inner,Ru-AHK outer -> Ru-AHO inner,outer,inner,Different mechanism,Delta learning,4,48,1.96551622,2.0887775084230986
GradientBoostingRegressor,ru_ahk_outer_to_ru_aho_inner,Ru-AHK outer -> Ru-AHO inner,outer,inner,Different mechanism,Delta learning,4,50,1.95650617,1.5945746395605531
GradientBoostingRegressor,ru_ahk_outer_to_ru_aho_inner,Ru-AHK outer -> Ru-AHO inner,outer,inner,Different mechanism,Delta learning,4,54,1.80901573,2.3227447695574233
GradientBoostingRegressor,ru_ahk_outer_to_ru_aho_inner,Ru-AHK outer -> Ru-AHO inner,outer,inner,Different mechanism,Delta learning,4,57,1.68395754,1.7959581285160051
GradientBoostingRegressor,ru_ahk_outer_to_ru_aho_inner,Ru-AHK outer -> Ru-AHO inner,outer,inner,Different mechanism,Delta learning,4,58,1.66417952,1.3403040266496815
GradientBoostingRegressor,ru_ahk_outer_to_ru_aho_inner,Ru-AHK outer -> Ru-AHO inner,outer,inner,Different mechanism,Delta learning,4,59,1.62929332,1.5209736048190823
GradientBoostingRegressor,ru_ahk_outer_to_ru_aho_inner,Ru-AHK outer -> Ru-AHO inner,outer,inner,Different mechanism,Delta learning,4,61,1.57873877,1.355613474158961
GradientBoostingRegressor,ru_ahk_outer_to_ru_aho_inner,Ru-AHK outer -> Ru-AHO inner,outer,inner,Different mechanism,Delta learning,4,63,1.56019653,1.355613474158961
GradientBoostingRegressor,ru_ahk_outer_to_ru_aho_inner,Ru-AHK outer -> Ru-AHO inner,outer,inner,Different mechanism,Delta learning,4,66,1.51369193,1.3505857654675628
GradientBoostingRegressor,ru_ahk_outer_to_ru_aho_inner,Ru-AHK outer -> Ru-AHO inner,outer,inner,Different mechanism,Delta learning,4,67,1.51369193,1.5009028144125927
GradientBoostingRegressor,ru_ahk_outer_to_ru_aho_inner,Ru-AHK outer -> Ru-AHO inner,outer,inner,Different mechanism,Delta learning,4,77,1.36283425,1.1591611621832667
GradientBoostingRegressor,ru_ahk_outer_to_ru_aho_inner,Ru-AHK outer -> Ru-AHO inner,outer,inner,Different mechanism,Delta learning,4,84,0.80438248,1.0570146441394954
GradientBoostingRegressor,ru_ahk_outer_to_ru_aho_inner,Ru-AHK outer -> Ru-AHO inner,outer,inner,Different mechanism,Delta learning,4,95,0.0120419,0.8622984665236224
GradientBoostingRegressor,ru_ahk_outer_to_ru_aho_inner,Ru-AHK outer -> Ru-AHO inner,outer,inner,Different mechanism,Delta learning,4,96,0.0,0.7427731208044841
GradientBoostingRegressor,ru_ahk_outer_to_ru_aho_inner,Ru-AHK outer -> Ru-AHO inner,outer,inner,Different mechanism,Delta learning,4,97,0.0,0.7139101932376704
GradientBoostingRegressor,ru_ahk_outer_to_ru_aho_inner,Ru-AHK outer -> Ru-AHO inner,outer,inner,Different mechanism,Mixed transfer,5,1,4.50050002,2.5942942336735926
GradientBoostingRegressor,ru_ahk_outer_to_ru_aho_inner,Ru-AHK outer -> Ru-AHO inner,outer,inner,Different mechanism,Mixed transfer,5,2,3.84937533,2.5942942336735926
GradientBoostingRegressor,ru_ahk_outer_to_ru_aho_inner,Ru-AHK outer -> Ru-AHO inner,outer,inner,Different mechanism,Mixed transfer,5,14,2.72095293,2.3902223934269182
GradientBoostingRegressor,ru_ahk_outer_to_ru_aho_inner,Ru-AHK outer -> Ru-AHO inner,outer,inner,Different mechanism,Mixed transfer,5,20,2.72095293,2.5942942336735926
GradientBoostingRegressor,ru_ahk_outer_to_ru_aho_inner,Ru-AHK outer -> Ru-AHO inner,outer,inner,Different mechanism,Mixed transfer,5,21,2.6917632,2.313904670103667
GradientBoostingRegressor,ru_ahk_outer_to_ru_aho_inner,Ru-AHK outer -> Ru-AHO inner,outer,inner,Different mechanism,Mixed transfer,5,23,2.61179564,2.313904670103667
GradientBoostingRegressor,ru_ahk_outer_to_ru_aho_inner,Ru-AHK outer -> Ru-AHO inner,outer,inner,Different mechanism,Mixed transfer,5,29,2.47786275,2.4789050670193364
GradientBoostingRegressor,ru_ahk_outer_to_ru_aho_inner,Ru-AHK outer -> Ru-AHO inner,outer,inner,Different mechanism,Mixed transfer,5,37,2.26077037,1.6727458525590946
GradientBoostingRegressor,ru_ahk_outer_to_ru_aho_inner,Ru-AHK outer -> Ru-AHO inner,outer,inner,Different mechanism,Mixed transfer,5,51,1.94448624,1.8344471707679864
GradientBoostingRegressor,ru_ahk_outer_to_ru_aho_inner,Ru-AHK outer -> Ru-AHO inner,outer,inner,Different mechanism,Mixed transfer,5,52,1.88185187,2.0562043305302797
GradientBoostingRegressor,ru_ahk_outer_to_ru_aho_inner,Ru-AHK outer -> Ru-AHO inner,outer,inner,Different mechanism,Mixed transfer,5,60,1.62929332,2.494066126675414
GradientBoostingRegressor,ru_ahk_outer_to_ru_aho_inner,Ru-AHK outer -> Ru-AHO inner,outer,inner,Different mechanism,Mixed transfer,5,71,1.47016368,1.8779717156450888
GradientBoostingRegressor,ru_ahk_outer_to_ru_aho_inner,Ru-AHK outer -> Ru-AHO inner,outer,inner,Different mechanism,Mixed transfer,5,74,1.38325909,1.5391119467476055
GradientBoostingRegressor,ru_ahk_outer_to_ru_aho_inner,Ru-AHK outer -> Ru-AHO inner,outer,inner,Different mechanism,Mixed transfer,5,82,0.99242206,1.5745339708746084
GradientBoostingRegressor,ru_ahk_outer_to_ru_aho_inner,Ru-AHK outer -> Ru-AHO inner,outer,inner,Different mechanism,Mixed transfer,5,86,0.67501313,1.6021877676456067
GradientBoostingRegressor,ru_ahk_outer_to_ru_aho_inner,Ru-AHK outer -> Ru-AHO inner,outer,inner,Different mechanism,Mixed transfer,5,87,0.56782018,1.9769534119338437
GradientBoostingRegressor,ru_ahk_outer_to_ru_aho_inner,Ru-AHK outer -> Ru-AHO inner,outer,inner,Different mechanism,Mixed transfer,5,89,0.33293116,2.2102235264354673
GradientBoostingRegressor,ru_ahk_outer_to_ru_aho_inner,Ru-AHK outer -> Ru-AHO inner,outer,inner,Different mechanism,Mixed transfer,5,91,0.10866753,0.9418450137235805
GradientBoostingRegressor,ru_ahk_outer_to_ru_aho_inner,Ru-AHK outer -> Ru-AHO inner,outer,inner,Different mechanism,Mixed transfer,5,92,0.09139463,2.325207485263975
GradientBoostingRegressor,ru_ahk_outer_to_ru_aho_inner,Ru-AHK outer -> Ru-AHO inner,outer,inner,Different mechanism,Delta learning,5,1,4.50050002,3.0273252756721036
GradientBoostingRegressor,ru_ahk_outer_to_ru_aho_inner,Ru-AHK outer -> Ru-AHO inner,outer,inner,Different mechanism,Delta learning,5,2,3.84937533,2.8671845209593467
GradientBoostingRegressor,ru_ahk_outer_to_ru_aho_inner,Ru-AHK outer -> Ru-AHO inner,outer,inner,Different mechanism,Delta learning,5,14,2.72095293,2.728775625961081
GradientBoostingRegressor,ru_ahk_outer_to_ru_aho_inner,Ru-AHK outer -> Ru-AHO inner,outer,inner,Different mechanism,Delta learning,5,20,2.72095293,2.538346335574615
GradientBoostingRegressor,ru_ahk_outer_to_ru_aho_inner,Ru-AHK outer -> Ru-AHO inner,outer,inner,Different mechanism,Delta learning,5,21,2.6917632,2.387256890487569
GradientBoostingRegressor,ru_ahk_outer_to_ru_aho_inner,Ru-AHK outer -> Ru-AHO inner,outer,inner,Different mechanism,Delta learning,5,23,2.61179564,2.1306665917681147
GradientBoostingRegressor,ru_ahk_outer_to_ru_aho_inner,Ru-AHK outer -> Ru-AHO inner,outer,inner,Different mechanism,Delta learning,5,29,2.47786275,2.8248998907748506
GradientBoostingRegressor,ru_ahk_outer_to_ru_aho_inner,Ru-AHK outer -> Ru-AHO inner,outer,inner,Different mechanism,Delta learning,5,37,2.26077037,2.2642715125023
GradientBoostingRegressor,ru_ahk_outer_to_ru_aho_inner,Ru-AHK outer -> Ru-AHO inner,outer,inner,Different mechanism,Delta learning,5,51,1.94448624,1.8048761030670126
GradientBoostingRegressor,ru_ahk_outer_to_ru_aho_inner,Ru-AHK outer -> Ru-AHO inner,outer,inner,Different mechanism,Delta learning,5,52,1.88185187,1.815237274953664
GradientBoostingRegressor,ru_ahk_outer_to_ru_aho_inner,Ru-AHK outer -> Ru-AHO inner,outer,inner,Different mechanism,Delta learning,5,60,1.62929332,2.303554241562192
GradientBoostingRegressor,ru_ahk_outer_to_ru_aho_inner,Ru-AHK outer -> Ru-AHO inner,outer,inner,Different mechanism,Delta learning,5,71,1.47016368,1.7005839510949006
GradientBoostingRegressor,ru_ahk_outer_to_ru_aho_inner,Ru-AHK outer -> Ru-AHO inner,outer,inner,Different mechanism,Delta learning,5,74,1.38325909,1.4232719456306682
GradientBoostingRegressor,ru_ahk_outer_to_ru_aho_inner,Ru-AHK outer -> Ru-AHO inner,outer,inner,Different mechanism,Delta learning,5,82,0.99242206,1.184132319132662
GradientBoostingRegressor,ru_ahk_outer_to_ru_aho_inner,Ru-AHK outer -> Ru-AHO inner,outer,inner,Different mechanism,Delta learning,5,86,0.67501313,2.1202299309087858
GradientBoostingRegressor,ru_ahk_outer_to_ru_aho_inner,Ru-AHK outer -> Ru-AHO inner,outer,inner,Different mechanism,Delta learning,5,87,0.56782018,2.716256536140034
GradientBoostingRegressor,ru_ahk_outer_to_ru_aho_inner,Ru-AHK outer -> Ru-AHO inner,outer,inner,Different mechanism,Delta learning,5,89,0.33293116,3.0256491216611097
GradientBoostingRegressor,ru_ahk_outer_to_ru_aho_inner,Ru-AHK outer -> Ru-AHO inner,outer,inner,Different mechanism,Delta learning,5,91,0.10866753,0.21396160542398635
GradientBoostingRegressor,ru_ahk_outer_to_ru_aho_inner,Ru-AHK outer -> Ru-AHO inner,outer,inner,Different mechanism,Delta learning,5,92,0.09139463,2.7236762007063016
HistGradientBoostingRegressor,target_only_ru_aho_inner,Ru-AHO inner target-only,none,inner,Target-only,Target-only,1,0,4.50050002,2.6996281627006784
HistGradientBoostingRegressor,target_only_ru_aho_inner,Ru-AHO inner target-only,none,inner,Target-only,Target-only,1,4,3.13437597,2.6996281627006784
HistGradientBoostingRegressor,target_only_ru_aho_inner,Ru-AHO inner target-only,none,inner,Target-only,Target-only,1,10,2.89279432,2.6996281627006784
HistGradientBoostingRegressor,target_only_ru_aho_inner,Ru-AHO inner target-only,none,inner,Target-only,Target-only,1,12,2.72095293,2.6907554633782103
HistGradientBoostingRegressor,target_only_ru_aho_inner,Ru-AHO inner target-only,none,inner,Target-only,Target-only,1,18,2.72095293,2.6299276647584975
HistGradientBoostingRegressor,target_only_ru_aho_inner,Ru-AHO inner target-only,none,inner,Target-only,Target-only,1,22,2.63729647,2.2755594415534928
HistGradientBoostingRegressor,target_only_ru_aho_inner,Ru-AHO inner target-only,none,inner,Target-only,Target-only,1,26,2.49268506,1.3374795001190418
HistGradientBoostingRegressor,target_only_ru_aho_inner,Ru-AHO inner target-only,none,inner,Target-only,Target-only,1,31,2.30450133,1.9916489307127385
HistGradientBoostingRegressor,target_only_ru_aho_inner,Ru-AHO inner target-only,none,inner,Target-only,Target-only,1,40,2.13954868,1.950725775717284
HistGradientBoostingRegressor,target_only_ru_aho_inner,Ru-AHO inner target-only,none,inner,Target-only,Target-only,1,42,2.12255274,2.353909740830038
HistGradientBoostingRegressor,target_only_ru_aho_inner,Ru-AHO inner target-only,none,inner,Target-only,Target-only,1,44,2.02174776,1.702025892498021
HistGradientBoostingRegressor,target_only_ru_aho_inner,Ru-AHO inner target-only,none,inner,Target-only,Target-only,1,47,1.97754867,1.9893518357533828
HistGradientBoostingRegressor,target_only_ru_aho_inner,Ru-AHO inner target-only,none,inner,Target-only,Target-only,1,62,1.56906465,1.702025892498021
HistGradientBoostingRegressor,target_only_ru_aho_inner,Ru-AHO inner target-only,none,inner,Target-only,Target-only,1,64,1.53168147,1.4219838365220887
HistGradientBoostingRegressor,target_only_ru_aho_inner,Ru-AHO inner target-only,none,inner,Target-only,Target-only,1,73,1.39055932,1.4219838365220887
HistGradientBoostingRegressor,target_only_ru_aho_inner,Ru-AHO inner target-only,none,inner,Target-only,Target-only,1,75,1.36999511,1.4219838365220887
HistGradientBoostingRegressor,target_only_ru_aho_inner,Ru-AHO inner target-only,none,inner,Target-only,Target-only,1,81,1.00421655,1.4219838365220887
HistGradientBoostingRegressor,target_only_ru_aho_inner,Ru-AHO inner target-only,none,inner,Target-only,Target-only,1,83,0.83956097,1.3363765961538991
HistGradientBoostingRegressor,target_only_ru_aho_inner,Ru-AHO inner target-only,none,inner,Target-only,Target-only,1,90,0.19433377,0.3406819931767536
HistGradientBoostingRegressor,target_only_ru_aho_inner,Ru-AHO inner target-only,none,inner,Target-only,Target-only,1,94,0.04739647,1.3363765961538991
HistGradientBoostingRegressor,target_only_ru_aho_inner,Ru-AHO inner target-only,none,inner,Target-only,Target-only,2,5,3.13437597,2.8272061414316636
HistGradientBoostingRegressor,target_only_ru_aho_inner,Ru-AHO inner target-only,none,inner,Target-only,Target-only,2,9,3.13437597,2.908865920799502
HistGradientBoostingRegressor,target_only_ru_aho_inner,Ru-AHO inner target-only,none,inner,Target-only,Target-only,2,11,2.81808334,2.908865920799502
HistGradientBoostingRegressor,target_only_ru_aho_inner,Ru-AHO inner target-only,none,inner,Target-only,Target-only,2,15,2.72095293,1.8945144483982763
HistGradientBoostingRegressor,target_only_ru_aho_inner,Ru-AHO inner target-only,none,inner,Target-only,Target-only,2,16,2.72095293,2.908865920799502
HistGradientBoostingRegressor,target_only_ru_aho_inner,Ru-AHO inner target-only,none,inner,Target-only,Target-only,2,28,2.47786275,2.8194452626855813
HistGradientBoostingRegressor,target_only_ru_aho_inner,Ru-AHO inner target-only,none,inner,Target-only,Target-only,2,30,2.3515711,2.347121244539651
HistGradientBoostingRegressor,target_only_ru_aho_inner,Ru-AHO inner target-only,none,inner,Target-only,Target-only,2,33,2.30450133,2.908865920799502
HistGradientBoostingRegressor,target_only_ru_aho_inner,Ru-AHO inner target-only,none,inner,Target-only,Target-only,2,35,2.30450133,2.928582816712454
HistGradientBoostingRegressor,target_only_ru_aho_inner,Ru-AHO inner target-only,none,inner,Target-only,Target-only,2,39,2.16934032,1.6359262232032015
HistGradientBoostingRegressor,target_only_ru_aho_inner,Ru-AHO inner target-only,none,inner,Target-only,Target-only,2,45,2.01889808,1.9516924249453524
HistGradientBoostingRegressor,target_only_ru_aho_inner,Ru-AHO inner target-only,none,inner,Target-only,Target-only,2,49,1.9607788,1.1584785718951842
HistGradientBoostingRegressor,target_only_ru_aho_inner,Ru-AHO inner target-only,none,inner,Target-only,Target-only,2,65,1.53168147,1.4154708419534534
HistGradientBoostingRegressor,target_only_ru_aho_inner,Ru-AHO inner target-only,none,inner,Target-only,Target-only,2,68,1.49260764,1.6387381175751323
HistGradientBoostingRegressor,target_only_ru_aho_inner,Ru-AHO inner target-only,none,inner,Target-only,Target-only,2,69,1.48763592,1.7769341342413716
HistGradientBoostingRegressor,target_only_ru_aho_inner,Ru-AHO inner target-only,none,inner,Target-only,Target-only,2,70,1.47570337,1.1515327161719442
HistGradientBoostingRegressor,target_only_ru_aho_inner,Ru-AHO inner target-only,none,inner,Target-only,Target-only,2,72,1.40708549,1.4154708419534534
HistGradientBoostingRegressor,target_only_ru_aho_inner,Ru-AHO inner target-only,none,inner,Target-only,Target-only,2,80,1.31904107,1.4154708419534534
HistGradientBoostingRegressor,target_only_ru_aho_inner,Ru-AHO inner target-only,none,inner,Target-only,Target-only,2,88,0.39647984,1.6387381175751323
HistGradientBoostingRegressor,target_only_ru_aho_inner,Ru-AHO inner target-only,none,inner,Target-only,Target-only,2,93,0.04819171,0.3652597737033021
HistGradientBoostingRegressor,target_only_ru_aho_inner,Ru-AHO inner target-only,none,inner,Target-only,Target-only,3,3,3.67873076,2.809339601527076
HistGradientBoostingRegressor,target_only_ru_aho_inner,Ru-AHO inner target-only,none,inner,Target-only,Target-only,3,6,3.13437597,2.017367815904519
HistGradientBoostingRegressor,target_only_ru_aho_inner,Ru-AHO inner target-only,none,inner,Target-only,Target-only,3,7,3.13437597,2.274043836508887
HistGradientBoostingRegressor,target_only_ru_aho_inner,Ru-AHO inner target-only,none,inner,Target-only,Target-only,3,8,3.13437597,1.9938924639637672
HistGradientBoostingRegressor,target_only_ru_aho_inner,Ru-AHO inner target-only,none,inner,Target-only,Target-only,3,13,2.72095293,2.809339601527076
HistGradientBoostingRegressor,target_only_ru_aho_inner,Ru-AHO inner target-only,none,inner,Target-only,Target-only,3,17,2.72095293,2.851341007257779
HistGradientBoostingRegressor,target_only_ru_aho_inner,Ru-AHO inner target-only,none,inner,Target-only,Target-only,3,19,2.72095293,2.851341007257779
HistGradientBoostingRegressor,target_only_ru_aho_inner,Ru-AHO inner target-only,none,inner,Target-only,Target-only,3,24,2.49823771,2.4915910088792774
HistGradientBoostingRegressor,target_only_ru_aho_inner,Ru-AHO inner target-only,none,inner,Target-only,Target-only,3,25,2.49823771,2.6582594739050625
HistGradientBoostingRegressor,target_only_ru_aho_inner,Ru-AHO inner target-only,none,inner,Target-only,Target-only,3,27,2.47786275,2.6740810050161206
HistGradientBoostingRegressor,target_only_ru_aho_inner,Ru-AHO inner target-only,none,inner,Target-only,Target-only,3,34,2.30450133,2.851341007257779
HistGradientBoostingRegressor,target_only_ru_aho_inner,Ru-AHO inner target-only,none,inner,Target-only,Target-only,3,36,2.28957767,2.5918550451194156
HistGradientBoostingRegressor,target_only_ru_aho_inner,Ru-AHO inner target-only,none,inner,Target-only,Target-only,3,38,2.20688949,1.4764542762260493
HistGradientBoostingRegressor,target_only_ru_aho_inner,Ru-AHO inner target-only,none,inner,Target-only,Target-only,3,53,1.84440958,1.7732104047197499
HistGradientBoostingRegressor,target_only_ru_aho_inner,Ru-AHO inner target-only,none,inner,Target-only,Target-only,3,55,1.80901573,2.275212468882363
HistGradientBoostingRegressor,target_only_ru_aho_inner,Ru-AHO inner target-only,none,inner,Target-only,Target-only,3,56,1.73731552,2.5918550451194156
HistGradientBoostingRegressor,target_only_ru_aho_inner,Ru-AHO inner target-only,none,inner,Target-only,Target-only,3,76,1.36999511,1.4764542762260493
HistGradientBoostingRegressor,target_only_ru_aho_inner,Ru-AHO inner target-only,none,inner,Target-only,Target-only,3,78,1.35390456,1.4206748433258904
HistGradientBoostingRegressor,target_only_ru_aho_inner,Ru-AHO inner target-only,none,inner,Target-only,Target-only,3,79,1.33471728,1.4206748433258904
HistGradientBoostingRegressor,target_only_ru_aho_inner,Ru-AHO inner target-only,none,inner,Target-only,Target-only,3,85,0.80254597,0.9950371438875015
HistGradientBoostingRegressor,target_only_ru_aho_inner,Ru-AHO inner target-only,none,inner,Target-only,Target-only,4,32,2.30450133,2.284607380363555
HistGradientBoostingRegressor,target_only_ru_aho_inner,Ru-AHO inner target-only,none,inner,Target-only,Target-only,4,41,2.13444943,1.803520238126993
HistGradientBoostingRegressor,target_only_ru_aho_inner,Ru-AHO inner target-only,none,inner,Target-only,Target-only,4,43,2.11117069,1.6213167578364729
HistGradientBoostingRegressor,target_only_ru_aho_inner,Ru-AHO inner target-only,none,inner,Target-only,Target-only,4,46,2.00941149,2.90580530017421
HistGradientBoostingRegressor,target_only_ru_aho_inner,Ru-AHO inner target-only,none,inner,Target-only,Target-only,4,48,1.96551622,1.5116297350592702
HistGradientBoostingRegressor,target_only_ru_aho_inner,Ru-AHO inner target-only,none,inner,Target-only,Target-only,4,50,1.95650617,1.6213167578364729
HistGradientBoostingRegressor,target_only_ru_aho_inner,Ru-AHO inner target-only,none,inner,Target-only,Target-only,4,54,1.80901573,1.8134839900600463
HistGradientBoostingRegressor,target_only_ru_aho_inner,Ru-AHO inner target-only,none,inner,Target-only,Target-only,4,57,1.68395754,1.8997850690651152
HistGradientBoostingRegressor,target_only_ru_aho_inner,Ru-AHO inner target-only,none,inner,Target-only,Target-only,4,58,1.66417952,1.3055159659512783
HistGradientBoostingRegressor,target_only_ru_aho_inner,Ru-AHO inner target-only,none,inner,Target-only,Target-only,4,59,1.62929332,1.539177246006847
HistGradientBoostingRegressor,target_only_ru_aho_inner,Ru-AHO inner target-only,none,inner,Target-only,Target-only,4,61,1.57873877,1.3055159659512783
HistGradientBoostingRegressor,target_only_ru_aho_inner,Ru-AHO inner target-only,none,inner,Target-only,Target-only,4,63,1.56019653,1.3055159659512783
HistGradientBoostingRegressor,target_only_ru_aho_inner,Ru-AHO inner target-only,none,inner,Target-only,Target-only,4,66,1.51369193,1.3055159659512783
HistGradientBoostingRegressor,target_only_ru_aho_inner,Ru-AHO inner target-only,none,inner,Target-only,Target-only,4,67,1.51369193,1.3055159659512783
HistGradientBoostingRegressor,target_only_ru_aho_inner,Ru-AHO inner target-only,none,inner,Target-only,Target-only,4,77,1.36283425,1.539177246006847
HistGradientBoostingRegressor,target_only_ru_aho_inner,Ru-AHO inner target-only,none,inner,Target-only,Target-only,4,84,0.80438248,1.6213167578364729
HistGradientBoostingRegressor,target_only_ru_aho_inner,Ru-AHO inner target-only,none,inner,Target-only,Target-only,4,95,0.0120419,0.4118374040874831
HistGradientBoostingRegressor,target_only_ru_aho_inner,Ru-AHO inner target-only,none,inner,Target-only,Target-only,4,96,0.0,1.3578813697158103
HistGradientBoostingRegressor,target_only_ru_aho_inner,Ru-AHO inner target-only,none,inner,Target-only,Target-only,4,97,0.0,1.3578813697158103
HistGradientBoostingRegressor,target_only_ru_aho_inner,Ru-AHO inner target-only,none,inner,Target-only,Target-only,5,1,4.50050002,2.8424501697563036
HistGradientBoostingRegressor,target_only_ru_aho_inner,Ru-AHO inner target-only,none,inner,Target-only,Target-only,5,2,3.84937533,2.8424501697563036
HistGradientBoostingRegressor,target_only_ru_aho_inner,Ru-AHO inner target-only,none,inner,Target-only,Target-only,5,14,2.72095293,2.8424501697563036
HistGradientBoostingRegressor,target_only_ru_aho_inner,Ru-AHO inner target-only,none,inner,Target-only,Target-only,5,20,2.72095293,2.6947829981525855
HistGradientBoostingRegressor,target_only_ru_aho_inner,Ru-AHO inner target-only,none,inner,Target-only,Target-only,5,21,2.6917632,2.580858285429933
HistGradientBoostingRegressor,target_only_ru_aho_inner,Ru-AHO inner target-only,none,inner,Target-only,Target-only,5,23,2.61179564,2.285385374806545
HistGradientBoostingRegressor,target_only_ru_aho_inner,Ru-AHO inner target-only,none,inner,Target-only,Target-only,5,29,2.47786275,2.8424501697563036
HistGradientBoostingRegressor,target_only_ru_aho_inner,Ru-AHO inner target-only,none,inner,Target-only,Target-only,5,37,2.26077037,2.189043908918548
HistGradientBoostingRegressor,target_only_ru_aho_inner,Ru-AHO inner target-only,none,inner,Target-only,Target-only,5,51,1.94448624,1.1651886043832707
HistGradientBoostingRegressor,target_only_ru_aho_inner,Ru-AHO inner target-only,none,inner,Target-only,Target-only,5,52,1.88185187,1.9749686351437545
HistGradientBoostingRegressor,target_only_ru_aho_inner,Ru-AHO inner target-only,none,inner,Target-only,Target-only,5,60,1.62929332,2.8424501697563036
HistGradientBoostingRegressor,target_only_ru_aho_inner,Ru-AHO inner target-only,none,inner,Target-only,Target-only,5,71,1.47016368,1.4165202413280145
HistGradientBoostingRegressor,target_only_ru_aho_inner,Ru-AHO inner target-only,none,inner,Target-only,Target-only,5,74,1.38325909,1.39442135035602
HistGradientBoostingRegressor,target_only_ru_aho_inner,Ru-AHO inner target-only,none,inner,Target-only,Target-only,5,82,0.99242206,1.4165202413280145
HistGradientBoostingRegressor,target_only_ru_aho_inner,Ru-AHO inner target-only,none,inner,Target-only,Target-only,5,86,0.67501313,2.160119252003589
HistGradientBoostingRegressor,target_only_ru_aho_inner,Ru-AHO inner target-only,none,inner,Target-only,Target-only,5,87,0.56782018,2.315671451080715
HistGradientBoostingRegressor,target_only_ru_aho_inner,Ru-AHO inner target-only,none,inner,Target-only,Target-only,5,89,0.33293116,2.377378337745397
HistGradientBoostingRegressor,target_only_ru_aho_inner,Ru-AHO inner target-only,none,inner,Target-only,Target-only,5,91,0.10866753,0.6197125851382954
HistGradientBoostingRegressor,target_only_ru_aho_inner,Ru-AHO inner target-only,none,inner,Target-only,Target-only,5,92,0.09139463,2.315671451080715
HistGradientBoostingRegressor,ru_ahk_inner_to_ru_aho_inner,Ru-AHK inner -> Ru-AHO inner,inner,inner,Same mechanism,Mixed transfer,1,0,4.50050002,2.7095417986522805
HistGradientBoostingRegressor,ru_ahk_inner_to_ru_aho_inner,Ru-AHK inner -> Ru-AHO inner,inner,inner,Same mechanism,Mixed transfer,1,4,3.13437597,2.992542237042448
HistGradientBoostingRegressor,ru_ahk_inner_to_ru_aho_inner,Ru-AHK inner -> Ru-AHO inner,inner,inner,Same mechanism,Mixed transfer,1,10,2.89279432,2.6743387445961218
HistGradientBoostingRegressor,ru_ahk_inner_to_ru_aho_inner,Ru-AHK inner -> Ru-AHO inner,inner,inner,Same mechanism,Mixed transfer,1,12,2.72095293,2.466572680487858
HistGradientBoostingRegressor,ru_ahk_inner_to_ru_aho_inner,Ru-AHK inner -> Ru-AHO inner,inner,inner,Same mechanism,Mixed transfer,1,18,2.72095293,2.6201287049902082
HistGradientBoostingRegressor,ru_ahk_inner_to_ru_aho_inner,Ru-AHK inner -> Ru-AHO inner,inner,inner,Same mechanism,Mixed transfer,1,22,2.63729647,2.3553995692114955
HistGradientBoostingRegressor,ru_ahk_inner_to_ru_aho_inner,Ru-AHK inner -> Ru-AHO inner,inner,inner,Same mechanism,Mixed transfer,1,26,2.49268506,1.6259228690661645
HistGradientBoostingRegressor,ru_ahk_inner_to_ru_aho_inner,Ru-AHK inner -> Ru-AHO inner,inner,inner,Same mechanism,Mixed transfer,1,31,2.30450133,1.9326486945585137
HistGradientBoostingRegressor,ru_ahk_inner_to_ru_aho_inner,Ru-AHK inner -> Ru-AHO inner,inner,inner,Same mechanism,Mixed transfer,1,40,2.13954868,2.2030024962342853
HistGradientBoostingRegressor,ru_ahk_inner_to_ru_aho_inner,Ru-AHK inner -> Ru-AHO inner,inner,inner,Same mechanism,Mixed transfer,1,42,2.12255274,2.249739768702369
HistGradientBoostingRegressor,ru_ahk_inner_to_ru_aho_inner,Ru-AHK inner -> Ru-AHO inner,inner,inner,Same mechanism,Mixed transfer,1,44,2.02174776,2.0286995081976507
HistGradientBoostingRegressor,ru_ahk_inner_to_ru_aho_inner,Ru-AHK inner -> Ru-AHO inner,inner,inner,Same mechanism,Mixed transfer,1,47,1.97754867,1.2781542041432645
HistGradientBoostingRegressor,ru_ahk_inner_to_ru_aho_inner,Ru-AHK inner -> Ru-AHO inner,inner,inner,Same mechanism,Mixed transfer,1,62,1.56906465,1.9437263469140427
HistGradientBoostingRegressor,ru_ahk_inner_to_ru_aho_inner,Ru-AHK inner -> Ru-AHO inner,inner,inner,Same mechanism,Mixed transfer,1,64,1.53168147,1.462034490231078
HistGradientBoostingRegressor,ru_ahk_inner_to_ru_aho_inner,Ru-AHK inner -> Ru-AHO inner,inner,inner,Same mechanism,Mixed transfer,1,73,1.39055932,1.4635372562468751
HistGradientBoostingRegressor,ru_ahk_inner_to_ru_aho_inner,Ru-AHK inner -> Ru-AHO inner,inner,inner,Same mechanism,Mixed transfer,1,75,1.36999511,1.4703008770095247
HistGradientBoostingRegressor,ru_ahk_inner_to_ru_aho_inner,Ru-AHK inner -> Ru-AHO inner,inner,inner,Same mechanism,Mixed transfer,1,81,1.00421655,1.0990292350697322
HistGradientBoostingRegressor,ru_ahk_inner_to_ru_aho_inner,Ru-AHK inner -> Ru-AHO inner,inner,inner,Same mechanism,Mixed transfer,1,83,0.83956097,0.8136500305648429
HistGradientBoostingRegressor,ru_ahk_inner_to_ru_aho_inner,Ru-AHK inner -> Ru-AHO inner,inner,inner,Same mechanism,Mixed transfer,1,90,0.19433377,0.1109101904973297
HistGradientBoostingRegressor,ru_ahk_inner_to_ru_aho_inner,Ru-AHK inner -> Ru-AHO inner,inner,inner,Same mechanism,Mixed transfer,1,94,0.04739647,0.9768049057178352
HistGradientBoostingRegressor,ru_ahk_inner_to_ru_aho_inner,Ru-AHK inner -> Ru-AHO inner,inner,inner,Same mechanism,Delta learning,1,0,4.50050002,2.8202120725733564
HistGradientBoostingRegressor,ru_ahk_inner_to_ru_aho_inner,Ru-AHK inner -> Ru-AHO inner,inner,inner,Same mechanism,Delta learning,1,4,3.13437597,2.643013571776903
HistGradientBoostingRegressor,ru_ahk_inner_to_ru_aho_inner,Ru-AHK inner -> Ru-AHO inner,inner,inner,Same mechanism,Delta learning,1,10,2.89279432,3.014017414602725
HistGradientBoostingRegressor,ru_ahk_inner_to_ru_aho_inner,Ru-AHK inner -> Ru-AHO inner,inner,inner,Same mechanism,Delta learning,1,12,2.72095293,2.7008853333067973
HistGradientBoostingRegressor,ru_ahk_inner_to_ru_aho_inner,Ru-AHK inner -> Ru-AHO inner,inner,inner,Same mechanism,Delta learning,1,18,2.72095293,3.072744549596918
HistGradientBoostingRegressor,ru_ahk_inner_to_ru_aho_inner,Ru-AHK inner -> Ru-AHO inner,inner,inner,Same mechanism,Delta learning,1,22,2.63729647,2.1972279735529265
HistGradientBoostingRegressor,ru_ahk_inner_to_ru_aho_inner,Ru-AHK inner -> Ru-AHO inner,inner,inner,Same mechanism,Delta learning,1,26,2.49268506,1.4520391950332943
HistGradientBoostingRegressor,ru_ahk_inner_to_ru_aho_inner,Ru-AHK inner -> Ru-AHO inner,inner,inner,Same mechanism,Delta learning,1,31,2.30450133,2.0002390587535386
HistGradientBoostingRegressor,ru_ahk_inner_to_ru_aho_inner,Ru-AHK inner -> Ru-AHO inner,inner,inner,Same mechanism,Delta learning,1,40,2.13954868,1.863826303267133
HistGradientBoostingRegressor,ru_ahk_inner_to_ru_aho_inner,Ru-AHK inner -> Ru-AHO inner,inner,inner,Same mechanism,Delta learning,1,42,2.12255274,2.3629152016507313
HistGradientBoostingRegressor,ru_ahk_inner_to_ru_aho_inner,Ru-AHK inner -> Ru-AHO inner,inner,inner,Same mechanism,Delta learning,1,44,2.02174776,1.8560670761517173
HistGradientBoostingRegressor,ru_ahk_inner_to_ru_aho_inner,Ru-AHK inner -> Ru-AHO inner,inner,inner,Same mechanism,Delta learning,1,47,1.97754867,1.674173085795
HistGradientBoostingRegressor,ru_ahk_inner_to_ru_aho_inner,Ru-AHK inner -> Ru-AHO inner,inner,inner,Same mechanism,Delta learning,1,62,1.56906465,1.830650232210671
HistGradientBoostingRegressor,ru_ahk_inner_to_ru_aho_inner,Ru-AHK inner -> Ru-AHO inner,inner,inner,Same mechanism,Delta learning,1,64,1.53168147,1.435299209281894
HistGradientBoostingRegressor,ru_ahk_inner_to_ru_aho_inner,Ru-AHK inner -> Ru-AHO inner,inner,inner,Same mechanism,Delta learning,1,73,1.39055932,1.4973644332538811
HistGradientBoostingRegressor,ru_ahk_inner_to_ru_aho_inner,Ru-AHK inner -> Ru-AHO inner,inner,inner,Same mechanism,Delta learning,1,75,1.36999511,1.321098920818264
HistGradientBoostingRegressor,ru_ahk_inner_to_ru_aho_inner,Ru-AHK inner -> Ru-AHO inner,inner,inner,Same mechanism,Delta learning,1,81,1.00421655,1.0775641015252269
HistGradientBoostingRegressor,ru_ahk_inner_to_ru_aho_inner,Ru-AHK inner -> Ru-AHO inner,inner,inner,Same mechanism,Delta learning,1,83,0.83956097,0.5455819577962397
HistGradientBoostingRegressor,ru_ahk_inner_to_ru_aho_inner,Ru-AHK inner -> Ru-AHO inner,inner,inner,Same mechanism,Delta learning,1,90,0.19433377,0.46896417349257513
HistGradientBoostingRegressor,ru_ahk_inner_to_ru_aho_inner,Ru-AHK inner -> Ru-AHO inner,inner,inner,Same mechanism,Delta learning,1,94,0.04739647,1.0629181262707248
HistGradientBoostingRegressor,ru_ahk_inner_to_ru_aho_inner,Ru-AHK inner -> Ru-AHO inner,inner,inner,Same mechanism,Mixed transfer,2,5,3.13437597,2.987829203760906
HistGradientBoostingRegressor,ru_ahk_inner_to_ru_aho_inner,Ru-AHK inner -> Ru-AHO inner,inner,inner,Same mechanism,Mixed transfer,2,9,3.13437597,3.502865347174034
HistGradientBoostingRegressor,ru_ahk_inner_to_ru_aho_inner,Ru-AHK inner -> Ru-AHO inner,inner,inner,Same mechanism,Mixed transfer,2,11,2.81808334,3.3032481863657708
HistGradientBoostingRegressor,ru_ahk_inner_to_ru_aho_inner,Ru-AHK inner -> Ru-AHO inner,inner,inner,Same mechanism,Mixed transfer,2,15,2.72095293,2.175732485010582
HistGradientBoostingRegressor,ru_ahk_inner_to_ru_aho_inner,Ru-AHK inner -> Ru-AHO inner,inner,inner,Same mechanism,Mixed transfer,2,16,2.72095293,3.396423277817247
HistGradientBoostingRegressor,ru_ahk_inner_to_ru_aho_inner,Ru-AHK inner -> Ru-AHO inner,inner,inner,Same mechanism,Mixed transfer,2,28,2.47786275,2.740370848105693
HistGradientBoostingRegressor,ru_ahk_inner_to_ru_aho_inner,Ru-AHK inner -> Ru-AHO inner,inner,inner,Same mechanism,Mixed transfer,2,30,2.3515711,2.6739557113157484
HistGradientBoostingRegressor,ru_ahk_inner_to_ru_aho_inner,Ru-AHK inner -> Ru-AHO inner,inner,inner,Same mechanism,Mixed transfer,2,33,2.30450133,3.416379087665843
HistGradientBoostingRegressor,ru_ahk_inner_to_ru_aho_inner,Ru-AHK inner -> Ru-AHO inner,inner,inner,Same mechanism,Mixed transfer,2,35,2.30450133,3.3503714077338804
HistGradientBoostingRegressor,ru_ahk_inner_to_ru_aho_inner,Ru-AHK inner -> Ru-AHO inner,inner,inner,Same mechanism,Mixed transfer,2,39,2.16934032,1.9782525333737866
HistGradientBoostingRegressor,ru_ahk_inner_to_ru_aho_inner,Ru-AHK inner -> Ru-AHO inner,inner,inner,Same mechanism,Mixed transfer,2,45,2.01889808,2.1384879246137625
HistGradientBoostingRegressor,ru_ahk_inner_to_ru_aho_inner,Ru-AHK inner -> Ru-AHO inner,inner,inner,Same mechanism,Mixed transfer,2,49,1.9607788,1.0607531300247435
HistGradientBoostingRegressor,ru_ahk_inner_to_ru_aho_inner,Ru-AHK inner -> Ru-AHO inner,inner,inner,Same mechanism,Mixed transfer,2,65,1.53168147,1.4188392021218128
HistGradientBoostingRegressor,ru_ahk_inner_to_ru_aho_inner,Ru-AHK inner -> Ru-AHO inner,inner,inner,Same mechanism,Mixed transfer,2,68,1.49260764,1.930130224524917
HistGradientBoostingRegressor,ru_ahk_inner_to_ru_aho_inner,Ru-AHK inner -> Ru-AHO inner,inner,inner,Same mechanism,Mixed transfer,2,69,1.48763592,1.7310692057108088
HistGradientBoostingRegressor,ru_ahk_inner_to_ru_aho_inner,Ru-AHK inner -> Ru-AHO inner,inner,inner,Same mechanism,Mixed transfer,2,70,1.47570337,1.879157600337655
HistGradientBoostingRegressor,ru_ahk_inner_to_ru_aho_inner,Ru-AHK inner -> Ru-AHO inner,inner,inner,Same mechanism,Mixed transfer,2,72,1.40708549,1.4188392021218128
HistGradientBoostingRegressor,ru_ahk_inner_to_ru_aho_inner,Ru-AHK inner -> Ru-AHO inner,inner,inner,Same mechanism,Mixed transfer,2,80,1.31904107,1.1987165487217804
HistGradientBoostingRegressor,ru_ahk_inner_to_ru_aho_inner,Ru-AHK inner -> Ru-AHO inner,inner,inner,Same mechanism,Mixed transfer,2,88,0.39647984,1.0182936919981282
HistGradientBoostingRegressor,ru_ahk_inner_to_ru_aho_inner,Ru-AHK inner -> Ru-AHO inner,inner,inner,Same mechanism,Mixed transfer,2,93,0.04819171,0.15993428634710827
HistGradientBoostingRegressor,ru_ahk_inner_to_ru_aho_inner,Ru-AHK inner -> Ru-AHO inner,inner,inner,Same mechanism,Delta learning,2,5,3.13437597,2.6693002507809727
HistGradientBoostingRegressor,ru_ahk_inner_to_ru_aho_inner,Ru-AHK inner -> Ru-AHO inner,inner,inner,Same mechanism,Delta learning,2,9,3.13437597,3.131863117544933
HistGradientBoostingRegressor,ru_ahk_inner_to_ru_aho_inner,Ru-AHK inner -> Ru-AHO inner,inner,inner,Same mechanism,Delta learning,2,11,2.81808334,3.248846763922279
HistGradientBoostingRegressor,ru_ahk_inner_to_ru_aho_inner,Ru-AHK inner -> Ru-AHO inner,inner,inner,Same mechanism,Delta learning,2,15,2.72095293,2.017070306506016
HistGradientBoostingRegressor,ru_ahk_inner_to_ru_aho_inner,Ru-AHK inner -> Ru-AHO inner,inner,inner,Same mechanism,Delta learning,2,16,2.72095293,2.9129600862934275
HistGradientBoostingRegressor,ru_ahk_inner_to_ru_aho_inner,Ru-AHK inner -> Ru-AHO inner,inner,inner,Same mechanism,Delta learning,2,28,2.47786275,3.1717338829075477
HistGradientBoostingRegressor,ru_ahk_inner_to_ru_aho_inner,Ru-AHK inner -> Ru-AHO inner,inner,inner,Same mechanism,Delta learning,2,30,2.3515711,2.341024820430521
HistGradientBoostingRegressor,ru_ahk_inner_to_ru_aho_inner,Ru-AHK inner -> Ru-AHO inner,inner,inner,Same mechanism,Delta learning,2,33,2.30450133,3.089088415431715
HistGradientBoostingRegressor,ru_ahk_inner_to_ru_aho_inner,Ru-AHK inner -> Ru-AHO inner,inner,inner,Same mechanism,Delta learning,2,35,2.30450133,3.138865697166605
HistGradientBoostingRegressor,ru_ahk_inner_to_ru_aho_inner,Ru-AHK inner -> Ru-AHO inner,inner,inner,Same mechanism,Delta learning,2,39,2.16934032,2.6617038177264574
HistGradientBoostingRegressor,ru_ahk_inner_to_ru_aho_inner,Ru-AHK inner -> Ru-AHO inner,inner,inner,Same mechanism,Delta learning,2,45,2.01889808,1.9376034417946322
HistGradientBoostingRegressor,ru_ahk_inner_to_ru_aho_inner,Ru-AHK inner -> Ru-AHO inner,inner,inner,Same mechanism,Delta learning,2,49,1.9607788,1.992370422861678
HistGradientBoostingRegressor,ru_ahk_inner_to_ru_aho_inner,Ru-AHK inner -> Ru-AHO inner,inner,inner,Same mechanism,Delta learning,2,65,1.53168147,1.4868049499898293
HistGradientBoostingRegressor,ru_ahk_inner_to_ru_aho_inner,Ru-AHK inner -> Ru-AHO inner,inner,inner,Same mechanism,Delta learning,2,68,1.49260764,1.754330345228437
HistGradientBoostingRegressor,ru_ahk_inner_to_ru_aho_inner,Ru-AHK inner -> Ru-AHO inner,inner,inner,Same mechanism,Delta learning,2,69,1.48763592,1.6993167064998502
HistGradientBoostingRegressor,ru_ahk_inner_to_ru_aho_inner,Ru-AHK inner -> Ru-AHO inner,inner,inner,Same mechanism,Delta learning,2,70,1.47570337,0.8736967958107379
HistGradientBoostingRegressor,ru_ahk_inner_to_ru_aho_inner,Ru-AHK inner -> Ru-AHO inner,inner,inner,Same mechanism,Delta learning,2,72,1.40708549,1.4868049499898293
HistGradientBoostingRegressor,ru_ahk_inner_to_ru_aho_inner,Ru-AHK inner -> Ru-AHO inner,inner,inner,Same mechanism,Delta learning,2,80,1.31904107,1.064918745266049
HistGradientBoostingRegressor,ru_ahk_inner_to_ru_aho_inner,Ru-AHK inner -> Ru-AHO inner,inner,inner,Same mechanism,Delta learning,2,88,0.39647984,1.3642854077018531
HistGradientBoostingRegressor,ru_ahk_inner_to_ru_aho_inner,Ru-AHK inner -> Ru-AHO inner,inner,inner,Same mechanism,Delta learning,2,93,0.04819171,0.4767600104744443
HistGradientBoostingRegressor,ru_ahk_inner_to_ru_aho_inner,Ru-AHK inner -> Ru-AHO inner,inner,inner,Same mechanism,Mixed transfer,3,3,3.67873076,2.7309947831904005
HistGradientBoostingRegressor,ru_ahk_inner_to_ru_aho_inner,Ru-AHK inner -> Ru-AHO inner,inner,inner,Same mechanism,Mixed transfer,3,6,3.13437597,2.3516604929371225
HistGradientBoostingRegressor,ru_ahk_inner_to_ru_aho_inner,Ru-AHK inner -> Ru-AHO inner,inner,inner,Same mechanism,Mixed transfer,3,7,3.13437597,2.2508923681231097
HistGradientBoostingRegressor,ru_ahk_inner_to_ru_aho_inner,Ru-AHK inner -> Ru-AHO inner,inner,inner,Same mechanism,Mixed transfer,3,8,3.13437597,2.2336641185114225
HistGradientBoostingRegressor,ru_ahk_inner_to_ru_aho_inner,Ru-AHK inner -> Ru-AHO inner,inner,inner,Same mechanism,Mixed transfer,3,13,2.72095293,2.8929907763593183
HistGradientBoostingRegressor,ru_ahk_inner_to_ru_aho_inner,Ru-AHK inner -> Ru-AHO inner,inner,inner,Same mechanism,Mixed transfer,3,17,2.72095293,2.956865149852127
HistGradientBoostingRegressor,ru_ahk_inner_to_ru_aho_inner,Ru-AHK inner -> Ru-AHO inner,inner,inner,Same mechanism,Mixed transfer,3,19,2.72095293,2.918766925045277
HistGradientBoostingRegressor,ru_ahk_inner_to_ru_aho_inner,Ru-AHK inner -> Ru-AHO inner,inner,inner,Same mechanism,Mixed transfer,3,24,2.49823771,2.545449635386032
HistGradientBoostingRegressor,ru_ahk_inner_to_ru_aho_inner,Ru-AHK inner -> Ru-AHO inner,inner,inner,Same mechanism,Mixed transfer,3,25,2.49823771,2.4170386493607654
HistGradientBoostingRegressor,ru_ahk_inner_to_ru_aho_inner,Ru-AHK inner -> Ru-AHO inner,inner,inner,Same mechanism,Mixed transfer,3,27,2.47786275,2.8719060572002735
HistGradientBoostingRegressor,ru_ahk_inner_to_ru_aho_inner,Ru-AHK inner -> Ru-AHO inner,inner,inner,Same mechanism,Mixed transfer,3,34,2.30450133,3.118978897208997
HistGradientBoostingRegressor,ru_ahk_inner_to_ru_aho_inner,Ru-AHK inner -> Ru-AHO inner,inner,inner,Same mechanism,Mixed transfer,3,36,2.28957767,2.3773392590048386
HistGradientBoostingRegressor,ru_ahk_inner_to_ru_aho_inner,Ru-AHK inner -> Ru-AHO inner,inner,inner,Same mechanism,Mixed transfer,3,38,2.20688949,1.977720244304375
HistGradientBoostingRegressor,ru_ahk_inner_to_ru_aho_inner,Ru-AHK inner -> Ru-AHO inner,inner,inner,Same mechanism,Mixed transfer,3,53,1.84440958,1.9558098191514337
HistGradientBoostingRegressor,ru_ahk_inner_to_ru_aho_inner,Ru-AHK inner -> Ru-AHO inner,inner,inner,Same mechanism,Mixed transfer,3,55,1.80901573,2.2226918772094617
HistGradientBoostingRegressor,ru_ahk_inner_to_ru_aho_inner,Ru-AHK inner -> Ru-AHO inner,inner,inner,Same mechanism,Mixed transfer,3,56,1.73731552,2.3773392590048386
HistGradientBoostingRegressor,ru_ahk_inner_to_ru_aho_inner,Ru-AHK inner -> Ru-AHO inner,inner,inner,Same mechanism,Mixed transfer,3,76,1.36999511,0.9736094239540876
HistGradientBoostingRegressor,ru_ahk_inner_to_ru_aho_inner,Ru-AHK inner -> Ru-AHO inner,inner,inner,Same mechanism,Mixed transfer,3,78,1.35390456,1.4773821170581525
HistGradientBoostingRegressor,ru_ahk_inner_to_ru_aho_inner,Ru-AHK inner -> Ru-AHO inner,inner,inner,Same mechanism,Mixed transfer,3,79,1.33471728,1.1369172747470926
HistGradientBoostingRegressor,ru_ahk_inner_to_ru_aho_inner,Ru-AHK inner -> Ru-AHO inner,inner,inner,Same mechanism,Mixed transfer,3,85,0.80254597,0.6422792828323876
HistGradientBoostingRegressor,ru_ahk_inner_to_ru_aho_inner,Ru-AHK inner -> Ru-AHO inner,inner,inner,Same mechanism,Delta learning,3,3,3.67873076,2.8978438841733003
HistGradientBoostingRegressor,ru_ahk_inner_to_ru_aho_inner,Ru-AHK inner -> Ru-AHO inner,inner,inner,Same mechanism,Delta learning,3,6,3.13437597,2.149710817232756
HistGradientBoostingRegressor,ru_ahk_inner_to_ru_aho_inner,Ru-AHK inner -> Ru-AHO inner,inner,inner,Same mechanism,Delta learning,3,7,3.13437597,2.1808734147120084
HistGradientBoostingRegressor,ru_ahk_inner_to_ru_aho_inner,Ru-AHK inner -> Ru-AHO inner,inner,inner,Same mechanism,Delta learning,3,8,3.13437597,1.9147605855501515
HistGradientBoostingRegressor,ru_ahk_inner_to_ru_aho_inner,Ru-AHK inner -> Ru-AHO inner,inner,inner,Same mechanism,Delta learning,3,13,2.72095293,2.807423020659872
HistGradientBoostingRegressor,ru_ahk_inner_to_ru_aho_inner,Ru-AHK inner -> Ru-AHO inner,inner,inner,Same mechanism,Delta learning,3,17,2.72095293,2.4895297923444937
HistGradientBoostingRegressor,ru_ahk_inner_to_ru_aho_inner,Ru-AHK inner -> Ru-AHO inner,inner,inner,Same mechanism,Delta learning,3,19,2.72095293,3.167820541437505
HistGradientBoostingRegressor,ru_ahk_inner_to_ru_aho_inner,Ru-AHK inner -> Ru-AHO inner,inner,inner,Same mechanism,Delta learning,3,24,2.49823771,2.4252409841496605
HistGradientBoostingRegressor,ru_ahk_inner_to_ru_aho_inner,Ru-AHK inner -> Ru-AHO inner,inner,inner,Same mechanism,Delta learning,3,25,2.49823771,2.611150368354322
HistGradientBoostingRegressor,ru_ahk_inner_to_ru_aho_inner,Ru-AHK inner -> Ru-AHO inner,inner,inner,Same mechanism,Delta learning,3,27,2.47786275,2.8067763208154686
HistGradientBoostingRegressor,ru_ahk_inner_to_ru_aho_inner,Ru-AHK inner -> Ru-AHO inner,inner,inner,Same mechanism,Delta learning,3,34,2.30450133,2.65951090177342
HistGradientBoostingRegressor,ru_ahk_inner_to_ru_aho_inner,Ru-AHK inner -> Ru-AHO inner,inner,inner,Same mechanism,Delta learning,3,36,2.28957767,2.5189357336041818
HistGradientBoostingRegressor,ru_ahk_inner_to_ru_aho_inner,Ru-AHK inner -> Ru-AHO inner,inner,inner,Same mechanism,Delta learning,3,38,2.20688949,1.5367572432996432
HistGradientBoostingRegressor,ru_ahk_inner_to_ru_aho_inner,Ru-AHK inner -> Ru-AHO inner,inner,inner,Same mechanism,Delta learning,3,53,1.84440958,1.8198772562598295
HistGradientBoostingRegressor,ru_ahk_inner_to_ru_aho_inner,Ru-AHK inner -> Ru-AHO inner,inner,inner,Same mechanism,Delta learning,3,55,1.80901573,2.529522959313848
HistGradientBoostingRegressor,ru_ahk_inner_to_ru_aho_inner,Ru-AHK inner -> Ru-AHO inner,inner,inner,Same mechanism,Delta learning,3,56,1.73731552,2.5189357336041818
HistGradientBoostingRegressor,ru_ahk_inner_to_ru_aho_inner,Ru-AHK inner -> Ru-AHO inner,inner,inner,Same mechanism,Delta learning,3,76,1.36999511,1.059857204602761
HistGradientBoostingRegressor,ru_ahk_inner_to_ru_aho_inner,Ru-AHK inner -> Ru-AHO inner,inner,inner,Same mechanism,Delta learning,3,78,1.35390456,1.2937279533396442
HistGradientBoostingRegressor,ru_ahk_inner_to_ru_aho_inner,Ru-AHK inner -> Ru-AHO inner,inner,inner,Same mechanism,Delta learning,3,79,1.33471728,1.0481072610514812
HistGradientBoostingRegressor,ru_ahk_inner_to_ru_aho_inner,Ru-AHK inner -> Ru-AHO inner,inner,inner,Same mechanism,Delta learning,3,85,0.80254597,0.6476047606479842
HistGradientBoostingRegressor,ru_ahk_inner_to_ru_aho_inner,Ru-AHK inner -> Ru-AHO inner,inner,inner,Same mechanism,Mixed transfer,4,32,2.30450133,2.6930268103653523
HistGradientBoostingRegressor,ru_ahk_inner_to_ru_aho_inner,Ru-AHK inner -> Ru-AHO inner,inner,inner,Same mechanism,Mixed transfer,4,41,2.13444943,1.8627668647384732
HistGradientBoostingRegressor,ru_ahk_inner_to_ru_aho_inner,Ru-AHK inner -> Ru-AHO inner,inner,inner,Same mechanism,Mixed transfer,4,43,2.11117069,1.8192171165383517
HistGradientBoostingRegressor,ru_ahk_inner_to_ru_aho_inner,Ru-AHK inner -> Ru-AHO inner,inner,inner,Same mechanism,Mixed transfer,4,46,2.00941149,2.5662653668723845
HistGradientBoostingRegressor,ru_ahk_inner_to_ru_aho_inner,Ru-AHK inner -> Ru-AHO inner,inner,inner,Same mechanism,Mixed transfer,4,48,1.96551622,1.8026417779697173
HistGradientBoostingRegressor,ru_ahk_inner_to_ru_aho_inner,Ru-AHK inner -> Ru-AHO inner,inner,inner,Same mechanism,Mixed transfer,4,50,1.95650617,1.8192171165383517
HistGradientBoostingRegressor,ru_ahk_inner_to_ru_aho_inner,Ru-AHK inner -> Ru-AHO inner,inner,inner,Same mechanism,Mixed transfer,4,54,1.80901573,2.173468158628506
HistGradientBoostingRegressor,ru_ahk_inner_to_ru_aho_inner,Ru-AHK inner -> Ru-AHO inner,inner,inner,Same mechanism,Mixed transfer,4,57,1.68395754,1.7672328691428485
HistGradientBoostingRegressor,ru_ahk_inner_to_ru_aho_inner,Ru-AHK inner -> Ru-AHO inner,inner,inner,Same mechanism,Mixed transfer,4,58,1.66417952,1.508915782040102
HistGradientBoostingRegressor,ru_ahk_inner_to_ru_aho_inner,Ru-AHK inner -> Ru-AHO inner,inner,inner,Same mechanism,Mixed transfer,4,59,1.62929332,1.5048905176536345
HistGradientBoostingRegressor,ru_ahk_inner_to_ru_aho_inner,Ru-AHK inner -> Ru-AHO inner,inner,inner,Same mechanism,Mixed transfer,4,61,1.57873877,1.7127729405382603
HistGradientBoostingRegressor,ru_ahk_inner_to_ru_aho_inner,Ru-AHK inner -> Ru-AHO inner,inner,inner,Same mechanism,Mixed transfer,4,63,1.56019653,1.7183535479904282
HistGradientBoostingRegressor,ru_ahk_inner_to_ru_aho_inner,Ru-AHK inner -> Ru-AHO inner,inner,inner,Same mechanism,Mixed transfer,4,66,1.51369193,1.5090109132600311
HistGradientBoostingRegressor,ru_ahk_inner_to_ru_aho_inner,Ru-AHK inner -> Ru-AHO inner,inner,inner,Same mechanism,Mixed transfer,4,67,1.51369193,1.4430039557447476
HistGradientBoostingRegressor,ru_ahk_inner_to_ru_aho_inner,Ru-AHK inner -> Ru-AHO inner,inner,inner,Same mechanism,Mixed transfer,4,77,1.36283425,1.1491690508183572
HistGradientBoostingRegressor,ru_ahk_inner_to_ru_aho_inner,Ru-AHK inner -> Ru-AHO inner,inner,inner,Same mechanism,Mixed transfer,4,84,0.80438248,1.560823142705796
HistGradientBoostingRegressor,ru_ahk_inner_to_ru_aho_inner,Ru-AHK inner -> Ru-AHO inner,inner,inner,Same mechanism,Mixed transfer,4,95,0.0120419,0.362156949671668
HistGradientBoostingRegressor,ru_ahk_inner_to_ru_aho_inner,Ru-AHK inner -> Ru-AHO inner,inner,inner,Same mechanism,Mixed transfer,4,96,0.0,0.6335213863610482
HistGradientBoostingRegressor,ru_ahk_inner_to_ru_aho_inner,Ru-AHK inner -> Ru-AHO inner,inner,inner,Same mechanism,Mixed transfer,4,97,0.0,0.5323034979365476
HistGradientBoostingRegressor,ru_ahk_inner_to_ru_aho_inner,Ru-AHK inner -> Ru-AHO inner,inner,inner,Same mechanism,Delta learning,4,32,2.30450133,2.362248441025403
HistGradientBoostingRegressor,ru_ahk_inner_to_ru_aho_inner,Ru-AHK inner -> Ru-AHO inner,inner,inner,Same mechanism,Delta learning,4,41,2.13444943,2.1408647205449167
HistGradientBoostingRegressor,ru_ahk_inner_to_ru_aho_inner,Ru-AHK inner -> Ru-AHO inner,inner,inner,Same mechanism,Delta learning,4,43,2.11117069,1.5326787060740183
HistGradientBoostingRegressor,ru_ahk_inner_to_ru_aho_inner,Ru-AHK inner -> Ru-AHO inner,inner,inner,Same mechanism,Delta learning,4,46,2.00941149,3.0984138781000476
HistGradientBoostingRegressor,ru_ahk_inner_to_ru_aho_inner,Ru-AHK inner -> Ru-AHO inner,inner,inner,Same mechanism,Delta learning,4,48,1.96551622,1.396100786181514
HistGradientBoostingRegressor,ru_ahk_inner_to_ru_aho_inner,Ru-AHK inner -> Ru-AHO inner,inner,inner,Same mechanism,Delta learning,4,50,1.95650617,1.5326787060740183
HistGradientBoostingRegressor,ru_ahk_inner_to_ru_aho_inner,Ru-AHK inner -> Ru-AHO inner,inner,inner,Same mechanism,Delta learning,4,54,1.80901573,1.9715116220882312
HistGradientBoostingRegressor,ru_ahk_inner_to_ru_aho_inner,Ru-AHK inner -> Ru-AHO inner,inner,inner,Same mechanism,Delta learning,4,57,1.68395754,2.0758933513912017
HistGradientBoostingRegressor,ru_ahk_inner_to_ru_aho_inner,Ru-AHK inner -> Ru-AHO inner,inner,inner,Same mechanism,Delta learning,4,58,1.66417952,1.4725199502379889
HistGradientBoostingRegressor,ru_ahk_inner_to_ru_aho_inner,Ru-AHK inner -> Ru-AHO inner,inner,inner,Same mechanism,Delta learning,4,59,1.62929332,1.5289705207951223
HistGradientBoostingRegressor,ru_ahk_inner_to_ru_aho_inner,Ru-AHK inner -> Ru-AHO inner,inner,inner,Same mechanism,Delta learning,4,61,1.57873877,1.5847183449261322
HistGradientBoostingRegressor,ru_ahk_inner_to_ru_aho_inner,Ru-AHK inner -> Ru-AHO inner,inner,inner,Same mechanism,Delta learning,4,63,1.56019653,1.5847183449261322
HistGradientBoostingRegressor,ru_ahk_inner_to_ru_aho_inner,Ru-AHK inner -> Ru-AHO inner,inner,inner,Same mechanism,Delta learning,4,66,1.51369193,1.480843390169158
HistGradientBoostingRegressor,ru_ahk_inner_to_ru_aho_inner,Ru-AHK inner -> Ru-AHO inner,inner,inner,Same mechanism,Delta learning,4,67,1.51369193,1.4829926341402273
HistGradientBoostingRegressor,ru_ahk_inner_to_ru_aho_inner,Ru-AHK inner -> Ru-AHO inner,inner,inner,Same mechanism,Delta learning,4,77,1.36283425,1.257101839649738
HistGradientBoostingRegressor,ru_ahk_inner_to_ru_aho_inner,Ru-AHK inner -> Ru-AHO inner,inner,inner,Same mechanism,Delta learning,4,84,0.80438248,1.522527150732753
HistGradientBoostingRegressor,ru_ahk_inner_to_ru_aho_inner,Ru-AHK inner -> Ru-AHO inner,inner,inner,Same mechanism,Delta learning,4,95,0.0120419,0.25180803356650117
HistGradientBoostingRegressor,ru_ahk_inner_to_ru_aho_inner,Ru-AHK inner -> Ru-AHO inner,inner,inner,Same mechanism,Delta learning,4,96,0.0,0.8582980348956243
HistGradientBoostingRegressor,ru_ahk_inner_to_ru_aho_inner,Ru-AHK inner -> Ru-AHO inner,inner,inner,Same mechanism,Delta learning,4,97,0.0,0.9023721088558302
HistGradientBoostingRegressor,ru_ahk_inner_to_ru_aho_inner,Ru-AHK inner -> Ru-AHO inner,inner,inner,Same mechanism,Mixed transfer,5,1,4.50050002,2.5528685720557505
HistGradientBoostingRegressor,ru_ahk_inner_to_ru_aho_inner,Ru-AHK inner -> Ru-AHO inner,inner,inner,Same mechanism,Mixed transfer,5,2,3.84937533,2.545028633038385
HistGradientBoostingRegressor,ru_ahk_inner_to_ru_aho_inner,Ru-AHK inner -> Ru-AHO inner,inner,inner,Same mechanism,Mixed transfer,5,14,2.72095293,2.7729039280029206
HistGradientBoostingRegressor,ru_ahk_inner_to_ru_aho_inner,Ru-AHK inner -> Ru-AHO inner,inner,inner,Same mechanism,Mixed transfer,5,20,2.72095293,2.342443018015314
HistGradientBoostingRegressor,ru_ahk_inner_to_ru_aho_inner,Ru-AHK inner -> Ru-AHO inner,inner,inner,Same mechanism,Mixed transfer,5,21,2.6917632,2.2740652487623887
HistGradientBoostingRegressor,ru_ahk_inner_to_ru_aho_inner,Ru-AHK inner -> Ru-AHO inner,inner,inner,Same mechanism,Mixed transfer,5,23,2.61179564,2.1164189305833316
HistGradientBoostingRegressor,ru_ahk_inner_to_ru_aho_inner,Ru-AHK inner -> Ru-AHO inner,inner,inner,Same mechanism,Mixed transfer,5,29,2.47786275,2.481491181548582
HistGradientBoostingRegressor,ru_ahk_inner_to_ru_aho_inner,Ru-AHK inner -> Ru-AHO inner,inner,inner,Same mechanism,Mixed transfer,5,37,2.26077037,1.8942233941635915
HistGradientBoostingRegressor,ru_ahk_inner_to_ru_aho_inner,Ru-AHK inner -> Ru-AHO inner,inner,inner,Same mechanism,Mixed transfer,5,51,1.94448624,1.5096712097453837
HistGradientBoostingRegressor,ru_ahk_inner_to_ru_aho_inner,Ru-AHK inner -> Ru-AHO inner,inner,inner,Same mechanism,Mixed transfer,5,52,1.88185187,1.7417372339622843
HistGradientBoostingRegressor,ru_ahk_inner_to_ru_aho_inner,Ru-AHK inner -> Ru-AHO inner,inner,inner,Same mechanism,Mixed transfer,5,60,1.62929332,2.637647157991527
HistGradientBoostingRegressor,ru_ahk_inner_to_ru_aho_inner,Ru-AHK inner -> Ru-AHO inner,inner,inner,Same mechanism,Mixed transfer,5,71,1.47016368,1.5410763926385425
HistGradientBoostingRegressor,ru_ahk_inner_to_ru_aho_inner,Ru-AHK inner -> Ru-AHO inner,inner,inner,Same mechanism,Mixed transfer,5,74,1.38325909,1.2170426687764015
HistGradientBoostingRegressor,ru_ahk_inner_to_ru_aho_inner,Ru-AHK inner -> Ru-AHO inner,inner,inner,Same mechanism,Mixed transfer,5,82,0.99242206,1.0969535440669986
HistGradientBoostingRegressor,ru_ahk_inner_to_ru_aho_inner,Ru-AHK inner -> Ru-AHO inner,inner,inner,Same mechanism,Mixed transfer,5,86,0.67501313,1.7615627035952997
HistGradientBoostingRegressor,ru_ahk_inner_to_ru_aho_inner,Ru-AHK inner -> Ru-AHO inner,inner,inner,Same mechanism,Mixed transfer,5,87,0.56782018,1.311541225566301
HistGradientBoostingRegressor,ru_ahk_inner_to_ru_aho_inner,Ru-AHK inner -> Ru-AHO inner,inner,inner,Same mechanism,Mixed transfer,5,89,0.33293116,1.606838165537309
HistGradientBoostingRegressor,ru_ahk_inner_to_ru_aho_inner,Ru-AHK inner -> Ru-AHO inner,inner,inner,Same mechanism,Mixed transfer,5,91,0.10866753,1.333923904520123
HistGradientBoostingRegressor,ru_ahk_inner_to_ru_aho_inner,Ru-AHK inner -> Ru-AHO inner,inner,inner,Same mechanism,Mixed transfer,5,92,0.09139463,1.2952516870450013
HistGradientBoostingRegressor,ru_ahk_inner_to_ru_aho_inner,Ru-AHK inner -> Ru-AHO inner,inner,inner,Same mechanism,Delta learning,5,1,4.50050002,2.4980199666411917
HistGradientBoostingRegressor,ru_ahk_inner_to_ru_aho_inner,Ru-AHK inner -> Ru-AHO inner,inner,inner,Same mechanism,Delta learning,5,2,3.84937533,2.3434797930997
HistGradientBoostingRegressor,ru_ahk_inner_to_ru_aho_inner,Ru-AHK inner -> Ru-AHO inner,inner,inner,Same mechanism,Delta learning,5,14,2.72095293,2.715144867543755
HistGradientBoostingRegressor,ru_ahk_inner_to_ru_aho_inner,Ru-AHK inner -> Ru-AHO inner,inner,inner,Same mechanism,Delta learning,5,20,2.72095293,2.3379578104299625
HistGradientBoostingRegressor,ru_ahk_inner_to_ru_aho_inner,Ru-AHK inner -> Ru-AHO inner,inner,inner,Same mechanism,Delta learning,5,21,2.6917632,2.353062313807628
HistGradientBoostingRegressor,ru_ahk_inner_to_ru_aho_inner,Ru-AHK inner -> Ru-AHO inner,inner,inner,Same mechanism,Delta learning,5,23,2.61179564,2.2538796108902357
HistGradientBoostingRegressor,ru_ahk_inner_to_ru_aho_inner,Ru-AHK inner -> Ru-AHO inner,inner,inner,Same mechanism,Delta learning,5,29,2.47786275,2.2435526656104785
HistGradientBoostingRegressor,ru_ahk_inner_to_ru_aho_inner,Ru-AHK inner -> Ru-AHO inner,inner,inner,Same mechanism,Delta learning,5,37,2.26077037,2.0582516971104625
HistGradientBoostingRegressor,ru_ahk_inner_to_ru_aho_inner,Ru-AHK inner -> Ru-AHO inner,inner,inner,Same mechanism,Delta learning,5,51,1.94448624,1.3752894748869804
HistGradientBoostingRegressor,ru_ahk_inner_to_ru_aho_inner,Ru-AHK inner -> Ru-AHO inner,inner,inner,Same mechanism,Delta learning,5,52,1.88185187,2.139626663037589
HistGradientBoostingRegressor,ru_ahk_inner_to_ru_aho_inner,Ru-AHK inner -> Ru-AHO inner,inner,inner,Same mechanism,Delta learning,5,60,1.62929332,2.818580802353233
HistGradientBoostingRegressor,ru_ahk_inner_to_ru_aho_inner,Ru-AHK inner -> Ru-AHO inner,inner,inner,Same mechanism,Delta learning,5,71,1.47016368,1.5448009327710364
HistGradientBoostingRegressor,ru_ahk_inner_to_ru_aho_inner,Ru-AHK inner -> Ru-AHO inner,inner,inner,Same mechanism,Delta learning,5,74,1.38325909,1.2523899826639757
HistGradientBoostingRegressor,ru_ahk_inner_to_ru_aho_inner,Ru-AHK inner -> Ru-AHO inner,inner,inner,Same mechanism,Delta learning,5,82,0.99242206,1.1660912037227127
HistGradientBoostingRegressor,ru_ahk_inner_to_ru_aho_inner,Ru-AHK inner -> Ru-AHO inner,inner,inner,Same mechanism,Delta learning,5,86,0.67501313,1.6858946022149974
HistGradientBoostingRegressor,ru_ahk_inner_to_ru_aho_inner,Ru-AHK inner -> Ru-AHO inner,inner,inner,Same mechanism,Delta learning,5,87,0.56782018,1.2068733208123081
HistGradientBoostingRegressor,ru_ahk_inner_to_ru_aho_inner,Ru-AHK inner -> Ru-AHO inner,inner,inner,Same mechanism,Delta learning,5,89,0.33293116,1.457170497641669
HistGradientBoostingRegressor,ru_ahk_inner_to_ru_aho_inner,Ru-AHK inner -> Ru-AHO inner,inner,inner,Same mechanism,Delta learning,5,91,0.10866753,0.8904516310687829
HistGradientBoostingRegressor,ru_ahk_inner_to_ru_aho_inner,Ru-AHK inner -> Ru-AHO inner,inner,inner,Same mechanism,Delta learning,5,92,0.09139463,1.1941176082929437
HistGradientBoostingRegressor,ru_ahk_outer_to_ru_aho_inner,Ru-AHK outer -> Ru-AHO inner,outer,inner,Different mechanism,Mixed transfer,1,0,4.50050002,2.4978095025226827
HistGradientBoostingRegressor,ru_ahk_outer_to_ru_aho_inner,Ru-AHK outer -> Ru-AHO inner,outer,inner,Different mechanism,Mixed transfer,1,4,3.13437597,2.7617469467386426
HistGradientBoostingRegressor,ru_ahk_outer_to_ru_aho_inner,Ru-AHK outer -> Ru-AHO inner,outer,inner,Different mechanism,Mixed transfer,1,10,2.89279432,2.4003034689998963
HistGradientBoostingRegressor,ru_ahk_outer_to_ru_aho_inner,Ru-AHK outer -> Ru-AHO inner,outer,inner,Different mechanism,Mixed transfer,1,12,2.72095293,2.403130635799296
HistGradientBoostingRegressor,ru_ahk_outer_to_ru_aho_inner,Ru-AHK outer -> Ru-AHO inner,outer,inner,Different mechanism,Mixed transfer,1,18,2.72095293,2.500179343686516
HistGradientBoostingRegressor,ru_ahk_outer_to_ru_aho_inner,Ru-AHK outer -> Ru-AHO inner,outer,inner,Different mechanism,Mixed transfer,1,22,2.63729647,2.283107098340333
HistGradientBoostingRegressor,ru_ahk_outer_to_ru_aho_inner,Ru-AHK outer -> Ru-AHO inner,outer,inner,Different mechanism,Mixed transfer,1,26,2.49268506,1.6221332899614551
HistGradientBoostingRegressor,ru_ahk_outer_to_ru_aho_inner,Ru-AHK outer -> Ru-AHO inner,outer,inner,Different mechanism,Mixed transfer,1,31,2.30450133,2.090968078052157
HistGradientBoostingRegressor,ru_ahk_outer_to_ru_aho_inner,Ru-AHK outer -> Ru-AHO inner,outer,inner,Different mechanism,Mixed transfer,1,40,2.13954868,2.090726940837377
HistGradientBoostingRegressor,ru_ahk_outer_to_ru_aho_inner,Ru-AHK outer -> Ru-AHO inner,outer,inner,Different mechanism,Mixed transfer,1,42,2.12255274,2.355224901372629
HistGradientBoostingRegressor,ru_ahk_outer_to_ru_aho_inner,Ru-AHK outer -> Ru-AHO inner,outer,inner,Different mechanism,Mixed transfer,1,44,2.02174776,1.9711663641677144
HistGradientBoostingRegressor,ru_ahk_outer_to_ru_aho_inner,Ru-AHK outer -> Ru-AHO inner,outer,inner,Different mechanism,Mixed transfer,1,47,1.97754867,1.5041243062347418
HistGradientBoostingRegressor,ru_ahk_outer_to_ru_aho_inner,Ru-AHK outer -> Ru-AHO inner,outer,inner,Different mechanism,Mixed transfer,1,62,1.56906465,1.9910928518482656
HistGradientBoostingRegressor,ru_ahk_outer_to_ru_aho_inner,Ru-AHK outer -> Ru-AHO inner,outer,inner,Different mechanism,Mixed transfer,1,64,1.53168147,1.3254523671917156
HistGradientBoostingRegressor,ru_ahk_outer_to_ru_aho_inner,Ru-AHK outer -> Ru-AHO inner,outer,inner,Different mechanism,Mixed transfer,1,73,1.39055932,1.4695612307607588
HistGradientBoostingRegressor,ru_ahk_outer_to_ru_aho_inner,Ru-AHK outer -> Ru-AHO inner,outer,inner,Different mechanism,Mixed transfer,1,75,1.36999511,1.281146026689106
HistGradientBoostingRegressor,ru_ahk_outer_to_ru_aho_inner,Ru-AHK outer -> Ru-AHO inner,outer,inner,Different mechanism,Mixed transfer,1,81,1.00421655,1.5779663803094113
HistGradientBoostingRegressor,ru_ahk_outer_to_ru_aho_inner,Ru-AHK outer -> Ru-AHO inner,outer,inner,Different mechanism,Mixed transfer,1,83,0.83956097,0.849473123183308
HistGradientBoostingRegressor,ru_ahk_outer_to_ru_aho_inner,Ru-AHK outer -> Ru-AHO inner,outer,inner,Different mechanism,Mixed transfer,1,90,0.19433377,0.14650866495968057
HistGradientBoostingRegressor,ru_ahk_outer_to_ru_aho_inner,Ru-AHK outer -> Ru-AHO inner,outer,inner,Different mechanism,Mixed transfer,1,94,0.04739647,1.0759861136924471
HistGradientBoostingRegressor,ru_ahk_outer_to_ru_aho_inner,Ru-AHK outer -> Ru-AHO inner,outer,inner,Different mechanism,Delta learning,1,0,4.50050002,2.8175006951259114
HistGradientBoostingRegressor,ru_ahk_outer_to_ru_aho_inner,Ru-AHK outer -> Ru-AHO inner,outer,inner,Different mechanism,Delta learning,1,4,3.13437597,2.588405569985425
HistGradientBoostingRegressor,ru_ahk_outer_to_ru_aho_inner,Ru-AHK outer -> Ru-AHO inner,outer,inner,Different mechanism,Delta learning,1,10,2.89279432,2.46289230322249
HistGradientBoostingRegressor,ru_ahk_outer_to_ru_aho_inner,Ru-AHK outer -> Ru-AHO inner,outer,inner,Different mechanism,Delta learning,1,12,2.72095293,2.490676113030236
HistGradientBoostingRegressor,ru_ahk_outer_to_ru_aho_inner,Ru-AHK outer -> Ru-AHO inner,outer,inner,Different mechanism,Delta learning,1,18,2.72095293,2.5513084697793196
HistGradientBoostingRegressor,ru_ahk_outer_to_ru_aho_inner,Ru-AHK outer -> Ru-AHO inner,outer,inner,Different mechanism,Delta learning,1,22,2.63729647,2.2965145145509185
HistGradientBoostingRegressor,ru_ahk_outer_to_ru_aho_inner,Ru-AHK outer -> Ru-AHO inner,outer,inner,Different mechanism,Delta learning,1,26,2.49268506,1.509995512374529
HistGradientBoostingRegressor,ru_ahk_outer_to_ru_aho_inner,Ru-AHK outer -> Ru-AHO inner,outer,inner,Different mechanism,Delta learning,1,31,2.30450133,2.0527157617227916
HistGradientBoostingRegressor,ru_ahk_outer_to_ru_aho_inner,Ru-AHK outer -> Ru-AHO inner,outer,inner,Different mechanism,Delta learning,1,40,2.13954868,1.8277436261708164
HistGradientBoostingRegressor,ru_ahk_outer_to_ru_aho_inner,Ru-AHK outer -> Ru-AHO inner,outer,inner,Different mechanism,Delta learning,1,42,2.12255274,2.2759543518677097
HistGradientBoostingRegressor,ru_ahk_outer_to_ru_aho_inner,Ru-AHK outer -> Ru-AHO inner,outer,inner,Different mechanism,Delta learning,1,44,2.02174776,1.574117977276416
HistGradientBoostingRegressor,ru_ahk_outer_to_ru_aho_inner,Ru-AHK outer -> Ru-AHO inner,outer,inner,Different mechanism,Delta learning,1,47,1.97754867,1.940531803418093
HistGradientBoostingRegressor,ru_ahk_outer_to_ru_aho_inner,Ru-AHK outer -> Ru-AHO inner,outer,inner,Different mechanism,Delta learning,1,62,1.56906465,1.7224135138428909
HistGradientBoostingRegressor,ru_ahk_outer_to_ru_aho_inner,Ru-AHK outer -> Ru-AHO inner,outer,inner,Different mechanism,Delta learning,1,64,1.53168147,1.199999549246247
HistGradientBoostingRegressor,ru_ahk_outer_to_ru_aho_inner,Ru-AHK outer -> Ru-AHO inner,outer,inner,Different mechanism,Delta learning,1,73,1.39055932,1.489031008149322
HistGradientBoostingRegressor,ru_ahk_outer_to_ru_aho_inner,Ru-AHK outer -> Ru-AHO inner,outer,inner,Different mechanism,Delta learning,1,75,1.36999511,1.2533492907579378
HistGradientBoostingRegressor,ru_ahk_outer_to_ru_aho_inner,Ru-AHK outer -> Ru-AHO inner,outer,inner,Different mechanism,Delta learning,1,81,1.00421655,1.8011200600647557
HistGradientBoostingRegressor,ru_ahk_outer_to_ru_aho_inner,Ru-AHK outer -> Ru-AHO inner,outer,inner,Different mechanism,Delta learning,1,83,0.83956097,1.3890863003940048
HistGradientBoostingRegressor,ru_ahk_outer_to_ru_aho_inner,Ru-AHK outer -> Ru-AHO inner,outer,inner,Different mechanism,Delta learning,1,90,0.19433377,0.06049405947096531
HistGradientBoostingRegressor,ru_ahk_outer_to_ru_aho_inner,Ru-AHK outer -> Ru-AHO inner,outer,inner,Different mechanism,Delta learning,1,94,0.04739647,1.4648510346276244
HistGradientBoostingRegressor,ru_ahk_outer_to_ru_aho_inner,Ru-AHK outer -> Ru-AHO inner,outer,inner,Different mechanism,Mixed transfer,2,5,3.13437597,2.14261963091038
HistGradientBoostingRegressor,ru_ahk_outer_to_ru_aho_inner,Ru-AHK outer -> Ru-AHO inner,outer,inner,Different mechanism,Mixed transfer,2,9,3.13437597,3.112108624072418
HistGradientBoostingRegressor,ru_ahk_outer_to_ru_aho_inner,Ru-AHK outer -> Ru-AHO inner,outer,inner,Different mechanism,Mixed transfer,2,11,2.81808334,2.8140880089097817
HistGradientBoostingRegressor,ru_ahk_outer_to_ru_aho_inner,Ru-AHK outer -> Ru-AHO inner,outer,inner,Different mechanism,Mixed transfer,2,15,2.72095293,1.9854887086425619
HistGradientBoostingRegressor,ru_ahk_outer_to_ru_aho_inner,Ru-AHK outer -> Ru-AHO inner,outer,inner,Different mechanism,Mixed transfer,2,16,2.72095293,3.0345066810619716
HistGradientBoostingRegressor,ru_ahk_outer_to_ru_aho_inner,Ru-AHK outer -> Ru-AHO inner,outer,inner,Different mechanism,Mixed transfer,2,28,2.47786275,2.5413690650921277
HistGradientBoostingRegressor,ru_ahk_outer_to_ru_aho_inner,Ru-AHK outer -> Ru-AHO inner,outer,inner,Different mechanism,Mixed transfer,2,30,2.3515711,2.628004638766722
HistGradientBoostingRegressor,ru_ahk_outer_to_ru_aho_inner,Ru-AHK outer -> Ru-AHO inner,outer,inner,Different mechanism,Mixed transfer,2,33,2.30450133,2.863802671376478
HistGradientBoostingRegressor,ru_ahk_outer_to_ru_aho_inner,Ru-AHK outer -> Ru-AHO inner,outer,inner,Different mechanism,Mixed transfer,2,35,2.30450133,2.881982910123694
HistGradientBoostingRegressor,ru_ahk_outer_to_ru_aho_inner,Ru-AHK outer -> Ru-AHO inner,outer,inner,Different mechanism,Mixed transfer,2,39,2.16934032,1.3003157765917048
HistGradientBoostingRegressor,ru_ahk_outer_to_ru_aho_inner,Ru-AHK outer -> Ru-AHO inner,outer,inner,Different mechanism,Mixed transfer,2,45,2.01889808,2.070816517276667
HistGradientBoostingRegressor,ru_ahk_outer_to_ru_aho_inner,Ru-AHK outer -> Ru-AHO inner,outer,inner,Different mechanism,Mixed transfer,2,49,1.9607788,0.8355727927660564
HistGradientBoostingRegressor,ru_ahk_outer_to_ru_aho_inner,Ru-AHK outer -> Ru-AHO inner,outer,inner,Different mechanism,Mixed transfer,2,65,1.53168147,1.4419252660602049
HistGradientBoostingRegressor,ru_ahk_outer_to_ru_aho_inner,Ru-AHK outer -> Ru-AHO inner,outer,inner,Different mechanism,Mixed transfer,2,68,1.49260764,1.899626728231228
HistGradientBoostingRegressor,ru_ahk_outer_to_ru_aho_inner,Ru-AHK outer -> Ru-AHO inner,outer,inner,Different mechanism,Mixed transfer,2,69,1.48763592,1.7243550964403929
HistGradientBoostingRegressor,ru_ahk_outer_to_ru_aho_inner,Ru-AHK outer -> Ru-AHO inner,outer,inner,Different mechanism,Mixed transfer,2,70,1.47570337,1.8928317234458736
HistGradientBoostingRegressor,ru_ahk_outer_to_ru_aho_inner,Ru-AHK outer -> Ru-AHO inner,outer,inner,Different mechanism,Mixed transfer,2,72,1.40708549,1.4419252660602049
HistGradientBoostingRegressor,ru_ahk_outer_to_ru_aho_inner,Ru-AHK outer -> Ru-AHO inner,outer,inner,Different mechanism,Mixed transfer,2,80,1.31904107,2.143462344646687
HistGradientBoostingRegressor,ru_ahk_outer_to_ru_aho_inner,Ru-AHK outer -> Ru-AHO inner,outer,inner,Different mechanism,Mixed transfer,2,88,0.39647984,1.170194512422982
HistGradientBoostingRegressor,ru_ahk_outer_to_ru_aho_inner,Ru-AHK outer -> Ru-AHO inner,outer,inner,Different mechanism,Mixed transfer,2,93,0.04819171,0.17193847784935287
HistGradientBoostingRegressor,ru_ahk_outer_to_ru_aho_inner,Ru-AHK outer -> Ru-AHO inner,outer,inner,Different mechanism,Delta learning,2,5,3.13437597,2.6170035075378846
HistGradientBoostingRegressor,ru_ahk_outer_to_ru_aho_inner,Ru-AHK outer -> Ru-AHO inner,outer,inner,Different mechanism,Delta learning,2,9,3.13437597,2.916918439622112
HistGradientBoostingRegressor,ru_ahk_outer_to_ru_aho_inner,Ru-AHK outer -> Ru-AHO inner,outer,inner,Different mechanism,Delta learning,2,11,2.81808334,2.8976141819067327
HistGradientBoostingRegressor,ru_ahk_outer_to_ru_aho_inner,Ru-AHK outer -> Ru-AHO inner,outer,inner,Different mechanism,Delta learning,2,15,2.72095293,1.8474025130981746
HistGradientBoostingRegressor,ru_ahk_outer_to_ru_aho_inner,Ru-AHK outer -> Ru-AHO inner,outer,inner,Different mechanism,Delta learning,2,16,2.72095293,2.860507800232381
HistGradientBoostingRegressor,ru_ahk_outer_to_ru_aho_inner,Ru-AHK outer -> Ru-AHO inner,outer,inner,Different mechanism,Delta learning,2,28,2.47786275,2.730634232179152
HistGradientBoostingRegressor,ru_ahk_outer_to_ru_aho_inner,Ru-AHK outer -> Ru-AHO inner,outer,inner,Different mechanism,Delta learning,2,30,2.3515711,2.715747505675557
HistGradientBoostingRegressor,ru_ahk_outer_to_ru_aho_inner,Ru-AHK outer -> Ru-AHO inner,outer,inner,Different mechanism,Delta learning,2,33,2.30450133,2.933373083521965
HistGradientBoostingRegressor,ru_ahk_outer_to_ru_aho_inner,Ru-AHK outer -> Ru-AHO inner,outer,inner,Different mechanism,Delta learning,2,35,2.30450133,3.1328759676619184
HistGradientBoostingRegressor,ru_ahk_outer_to_ru_aho_inner,Ru-AHK outer -> Ru-AHO inner,outer,inner,Different mechanism,Delta learning,2,39,2.16934032,1.4685309964400015
HistGradientBoostingRegressor,ru_ahk_outer_to_ru_aho_inner,Ru-AHK outer -> Ru-AHO inner,outer,inner,Different mechanism,Delta learning,2,45,2.01889808,2.138724820761492
HistGradientBoostingRegressor,ru_ahk_outer_to_ru_aho_inner,Ru-AHK outer -> Ru-AHO inner,outer,inner,Different mechanism,Delta learning,2,49,1.9607788,0.9996471428125824
HistGradientBoostingRegressor,ru_ahk_outer_to_ru_aho_inner,Ru-AHK outer -> Ru-AHO inner,outer,inner,Different mechanism,Delta learning,2,65,1.53168147,1.467840897584637
HistGradientBoostingRegressor,ru_ahk_outer_to_ru_aho_inner,Ru-AHK outer -> Ru-AHO inner,outer,inner,Different mechanism,Delta learning,2,68,1.49260764,1.7724507331718617
HistGradientBoostingRegressor,ru_ahk_outer_to_ru_aho_inner,Ru-AHK outer -> Ru-AHO inner,outer,inner,Different mechanism,Delta learning,2,69,1.48763592,1.6307271245296604
HistGradientBoostingRegressor,ru_ahk_outer_to_ru_aho_inner,Ru-AHK outer -> Ru-AHO inner,outer,inner,Different mechanism,Delta learning,2,70,1.47570337,1.367544094295682
HistGradientBoostingRegressor,ru_ahk_outer_to_ru_aho_inner,Ru-AHK outer -> Ru-AHO inner,outer,inner,Different mechanism,Delta learning,2,72,1.40708549,1.467840897584637
HistGradientBoostingRegressor,ru_ahk_outer_to_ru_aho_inner,Ru-AHK outer -> Ru-AHO inner,outer,inner,Different mechanism,Delta learning,2,80,1.31904107,2.0358821905923135
HistGradientBoostingRegressor,ru_ahk_outer_to_ru_aho_inner,Ru-AHK outer -> Ru-AHO inner,outer,inner,Different mechanism,Delta learning,2,88,0.39647984,1.3664077102615413
HistGradientBoostingRegressor,ru_ahk_outer_to_ru_aho_inner,Ru-AHK outer -> Ru-AHO inner,outer,inner,Different mechanism,Delta learning,2,93,0.04819171,-0.025649946321129047
HistGradientBoostingRegressor,ru_ahk_outer_to_ru_aho_inner,Ru-AHK outer -> Ru-AHO inner,outer,inner,Different mechanism,Mixed transfer,3,3,3.67873076,2.506144406905371
HistGradientBoostingRegressor,ru_ahk_outer_to_ru_aho_inner,Ru-AHK outer -> Ru-AHO inner,outer,inner,Different mechanism,Mixed transfer,3,6,3.13437597,1.9485088363325254
HistGradientBoostingRegressor,ru_ahk_outer_to_ru_aho_inner,Ru-AHK outer -> Ru-AHO inner,outer,inner,Different mechanism,Mixed transfer,3,7,3.13437597,2.1578457053019875
HistGradientBoostingRegressor,ru_ahk_outer_to_ru_aho_inner,Ru-AHK outer -> Ru-AHO inner,outer,inner,Different mechanism,Mixed transfer,3,8,3.13437597,2.081968461397808
HistGradientBoostingRegressor,ru_ahk_outer_to_ru_aho_inner,Ru-AHK outer -> Ru-AHO inner,outer,inner,Different mechanism,Mixed transfer,3,13,2.72095293,2.8131996402281145
HistGradientBoostingRegressor,ru_ahk_outer_to_ru_aho_inner,Ru-AHK outer -> Ru-AHO inner,outer,inner,Different mechanism,Mixed transfer,3,17,2.72095293,3.1668226309302647
HistGradientBoostingRegressor,ru_ahk_outer_to_ru_aho_inner,Ru-AHK outer -> Ru-AHO inner,outer,inner,Different mechanism,Mixed transfer,3,19,2.72095293,2.7385386920073054
HistGradientBoostingRegressor,ru_ahk_outer_to_ru_aho_inner,Ru-AHK outer -> Ru-AHO inner,outer,inner,Different mechanism,Mixed transfer,3,24,2.49823771,2.3966130838356094
HistGradientBoostingRegressor,ru_ahk_outer_to_ru_aho_inner,Ru-AHK outer -> Ru-AHO inner,outer,inner,Different mechanism,Mixed transfer,3,25,2.49823771,2.361070058269375
HistGradientBoostingRegressor,ru_ahk_outer_to_ru_aho_inner,Ru-AHK outer -> Ru-AHO inner,outer,inner,Different mechanism,Mixed transfer,3,27,2.47786275,3.0725692528259634
HistGradientBoostingRegressor,ru_ahk_outer_to_ru_aho_inner,Ru-AHK outer -> Ru-AHO inner,outer,inner,Different mechanism,Mixed transfer,3,34,2.30450133,3.1872944166393142
HistGradientBoostingRegressor,ru_ahk_outer_to_ru_aho_inner,Ru-AHK outer -> Ru-AHO inner,outer,inner,Different mechanism,Mixed transfer,3,36,2.28957767,2.4979591946147526
HistGradientBoostingRegressor,ru_ahk_outer_to_ru_aho_inner,Ru-AHK outer -> Ru-AHO inner,outer,inner,Different mechanism,Mixed transfer,3,38,2.20688949,1.729558451020103
HistGradientBoostingRegressor,ru_ahk_outer_to_ru_aho_inner,Ru-AHK outer -> Ru-AHO inner,outer,inner,Different mechanism,Mixed transfer,3,53,1.84440958,1.9219914936848634
HistGradientBoostingRegressor,ru_ahk_outer_to_ru_aho_inner,Ru-AHK outer -> Ru-AHO inner,outer,inner,Different mechanism,Mixed transfer,3,55,1.80901573,2.2489022962824414
HistGradientBoostingRegressor,ru_ahk_outer_to_ru_aho_inner,Ru-AHK outer -> Ru-AHO inner,outer,inner,Different mechanism,Mixed transfer,3,56,1.73731552,2.4979591946147526
HistGradientBoostingRegressor,ru_ahk_outer_to_ru_aho_inner,Ru-AHK outer -> Ru-AHO inner,outer,inner,Different mechanism,Mixed transfer,3,76,1.36999511,1.407895689016668
HistGradientBoostingRegressor,ru_ahk_outer_to_ru_aho_inner,Ru-AHK outer -> Ru-AHO inner,outer,inner,Different mechanism,Mixed transfer,3,78,1.35390456,1.2849068269093102
HistGradientBoostingRegressor,ru_ahk_outer_to_ru_aho_inner,Ru-AHK outer -> Ru-AHO inner,outer,inner,Different mechanism,Mixed transfer,3,79,1.33471728,1.2714428787713499
HistGradientBoostingRegressor,ru_ahk_outer_to_ru_aho_inner,Ru-AHK outer -> Ru-AHO inner,outer,inner,Different mechanism,Mixed transfer,3,85,0.80254597,0.6966755201362506
HistGradientBoostingRegressor,ru_ahk_outer_to_ru_aho_inner,Ru-AHK outer -> Ru-AHO inner,outer,inner,Different mechanism,Delta learning,3,3,3.67873076,3.185259508371714
HistGradientBoostingRegressor,ru_ahk_outer_to_ru_aho_inner,Ru-AHK outer -> Ru-AHO inner,outer,inner,Different mechanism,Delta learning,3,6,3.13437597,3.0667715158060034
HistGradientBoostingRegressor,ru_ahk_outer_to_ru_aho_inner,Ru-AHK outer -> Ru-AHO inner,outer,inner,Different mechanism,Delta learning,3,7,3.13437597,3.0033582468386997
HistGradientBoostingRegressor,ru_ahk_outer_to_ru_aho_inner,Ru-AHK outer -> Ru-AHO inner,outer,inner,Different mechanism,Delta learning,3,8,3.13437597,3.118092403115467
HistGradientBoostingRegressor,ru_ahk_outer_to_ru_aho_inner,Ru-AHK outer -> Ru-AHO inner,outer,inner,Different mechanism,Delta learning,3,13,2.72095293,2.8997150359048334
HistGradientBoostingRegressor,ru_ahk_outer_to_ru_aho_inner,Ru-AHK outer -> Ru-AHO inner,outer,inner,Different mechanism,Delta learning,3,17,2.72095293,2.796428753362309
HistGradientBoostingRegressor,ru_ahk_outer_to_ru_aho_inner,Ru-AHK outer -> Ru-AHO inner,outer,inner,Different mechanism,Delta learning,3,19,2.72095293,2.830497824160463
HistGradientBoostingRegressor,ru_ahk_outer_to_ru_aho_inner,Ru-AHK outer -> Ru-AHO inner,outer,inner,Different mechanism,Delta learning,3,24,2.49823771,2.421146271345079
HistGradientBoostingRegressor,ru_ahk_outer_to_ru_aho_inner,Ru-AHK outer -> Ru-AHO inner,outer,inner,Different mechanism,Delta learning,3,25,2.49823771,2.0343500055479287
HistGradientBoostingRegressor,ru_ahk_outer_to_ru_aho_inner,Ru-AHK outer -> Ru-AHO inner,outer,inner,Different mechanism,Delta learning,3,27,2.47786275,2.894744051762631
HistGradientBoostingRegressor,ru_ahk_outer_to_ru_aho_inner,Ru-AHK outer -> Ru-AHO inner,outer,inner,Different mechanism,Delta learning,3,34,2.30450133,2.762668743895476
HistGradientBoostingRegressor,ru_ahk_outer_to_ru_aho_inner,Ru-AHK outer -> Ru-AHO inner,outer,inner,Different mechanism,Delta learning,3,36,2.28957767,2.5416021825634956
HistGradientBoostingRegressor,ru_ahk_outer_to_ru_aho_inner,Ru-AHK outer -> Ru-AHO inner,outer,inner,Different mechanism,Delta learning,3,38,2.20688949,1.0924287223736546
HistGradientBoostingRegressor,ru_ahk_outer_to_ru_aho_inner,Ru-AHK outer -> Ru-AHO inner,outer,inner,Different mechanism,Delta learning,3,53,1.84440958,1.7399180971962749
HistGradientBoostingRegressor,ru_ahk_outer_to_ru_aho_inner,Ru-AHK outer -> Ru-AHO inner,outer,inner,Different mechanism,Delta learning,3,55,1.80901573,2.1832546400085664
HistGradientBoostingRegressor,ru_ahk_outer_to_ru_aho_inner,Ru-AHK outer -> Ru-AHO inner,outer,inner,Different mechanism,Delta learning,3,56,1.73731552,2.5416021825634956
HistGradientBoostingRegressor,ru_ahk_outer_to_ru_aho_inner,Ru-AHK outer -> Ru-AHO inner,outer,inner,Different mechanism,Delta learning,3,76,1.36999511,1.6524743419578478
HistGradientBoostingRegressor,ru_ahk_outer_to_ru_aho_inner,Ru-AHK outer -> Ru-AHO inner,outer,inner,Different mechanism,Delta learning,3,78,1.35390456,1.2386736655905852
HistGradientBoostingRegressor,ru_ahk_outer_to_ru_aho_inner,Ru-AHK outer -> Ru-AHO inner,outer,inner,Different mechanism,Delta learning,3,79,1.33471728,1.12498359738278
HistGradientBoostingRegressor,ru_ahk_outer_to_ru_aho_inner,Ru-AHK outer -> Ru-AHO inner,outer,inner,Different mechanism,Delta learning,3,85,0.80254597,1.0510854742881843
HistGradientBoostingRegressor,ru_ahk_outer_to_ru_aho_inner,Ru-AHK outer -> Ru-AHO inner,outer,inner,Different mechanism,Mixed transfer,4,32,2.30450133,2.458192918516309
HistGradientBoostingRegressor,ru_ahk_outer_to_ru_aho_inner,Ru-AHK outer -> Ru-AHO inner,outer,inner,Different mechanism,Mixed transfer,4,41,2.13444943,1.759043418947149
HistGradientBoostingRegressor,ru_ahk_outer_to_ru_aho_inner,Ru-AHK outer -> Ru-AHO inner,outer,inner,Different mechanism,Mixed transfer,4,43,2.11117069,1.5973660710906907
HistGradientBoostingRegressor,ru_ahk_outer_to_ru_aho_inner,Ru-AHK outer -> Ru-AHO inner,outer,inner,Different mechanism,Mixed transfer,4,46,2.00941149,2.774513258414992
HistGradientBoostingRegressor,ru_ahk_outer_to_ru_aho_inner,Ru-AHK outer -> Ru-AHO inner,outer,inner,Different mechanism,Mixed transfer,4,48,1.96551622,1.759086048320989
HistGradientBoostingRegressor,ru_ahk_outer_to_ru_aho_inner,Ru-AHK outer -> Ru-AHO inner,outer,inner,Different mechanism,Mixed transfer,4,50,1.95650617,1.5973660710906907
HistGradientBoostingRegressor,ru_ahk_outer_to_ru_aho_inner,Ru-AHK outer -> Ru-AHO inner,outer,inner,Different mechanism,Mixed transfer,4,54,1.80901573,2.1723408053172633
HistGradientBoostingRegressor,ru_ahk_outer_to_ru_aho_inner,Ru-AHK outer -> Ru-AHO inner,outer,inner,Different mechanism,Mixed transfer,4,57,1.68395754,1.8666030576259947
HistGradientBoostingRegressor,ru_ahk_outer_to_ru_aho_inner,Ru-AHK outer -> Ru-AHO inner,outer,inner,Different mechanism,Mixed transfer,4,58,1.66417952,1.218160085371116
HistGradientBoostingRegressor,ru_ahk_outer_to_ru_aho_inner,Ru-AHK outer -> Ru-AHO inner,outer,inner,Different mechanism,Mixed transfer,4,59,1.62929332,1.361957272601527
HistGradientBoostingRegressor,ru_ahk_outer_to_ru_aho_inner,Ru-AHK outer -> Ru-AHO inner,outer,inner,Different mechanism,Mixed transfer,4,61,1.57873877,1.5218902502955394
HistGradientBoostingRegressor,ru_ahk_outer_to_ru_aho_inner,Ru-AHK outer -> Ru-AHO inner,outer,inner,Different mechanism,Mixed transfer,4,63,1.56019653,1.4070459382198937
HistGradientBoostingRegressor,ru_ahk_outer_to_ru_aho_inner,Ru-AHK outer -> Ru-AHO inner,outer,inner,Different mechanism,Mixed transfer,4,66,1.51369193,1.137667604118577
HistGradientBoostingRegressor,ru_ahk_outer_to_ru_aho_inner,Ru-AHK outer -> Ru-AHO inner,outer,inner,Different mechanism,Mixed transfer,4,67,1.51369193,1.3519639861518573
HistGradientBoostingRegressor,ru_ahk_outer_to_ru_aho_inner,Ru-AHK outer -> Ru-AHO inner,outer,inner,Different mechanism,Mixed transfer,4,77,1.36283425,1.354469274538057
HistGradientBoostingRegressor,ru_ahk_outer_to_ru_aho_inner,Ru-AHK outer -> Ru-AHO inner,outer,inner,Different mechanism,Mixed transfer,4,84,0.80438248,1.4415053481273656
HistGradientBoostingRegressor,ru_ahk_outer_to_ru_aho_inner,Ru-AHK outer -> Ru-AHO inner,outer,inner,Different mechanism,Mixed transfer,4,95,0.0120419,0.6650112287468237
HistGradientBoostingRegressor,ru_ahk_outer_to_ru_aho_inner,Ru-AHK outer -> Ru-AHO inner,outer,inner,Different mechanism,Mixed transfer,4,96,0.0,0.9814100304761012
HistGradientBoostingRegressor,ru_ahk_outer_to_ru_aho_inner,Ru-AHK outer -> Ru-AHO inner,outer,inner,Different mechanism,Mixed transfer,4,97,0.0,1.0847308025192655
HistGradientBoostingRegressor,ru_ahk_outer_to_ru_aho_inner,Ru-AHK outer -> Ru-AHO inner,outer,inner,Different mechanism,Delta learning,4,32,2.30450133,2.3976285335297662
HistGradientBoostingRegressor,ru_ahk_outer_to_ru_aho_inner,Ru-AHK outer -> Ru-AHO inner,outer,inner,Different mechanism,Delta learning,4,41,2.13444943,1.866014297378565
HistGradientBoostingRegressor,ru_ahk_outer_to_ru_aho_inner,Ru-AHK outer -> Ru-AHO inner,outer,inner,Different mechanism,Delta learning,4,43,2.11117069,1.7792634174911302
HistGradientBoostingRegressor,ru_ahk_outer_to_ru_aho_inner,Ru-AHK outer -> Ru-AHO inner,outer,inner,Different mechanism,Delta learning,4,46,2.00941149,3.044548045220778
HistGradientBoostingRegressor,ru_ahk_outer_to_ru_aho_inner,Ru-AHK outer -> Ru-AHO inner,outer,inner,Different mechanism,Delta learning,4,48,1.96551622,2.0583400789959274
HistGradientBoostingRegressor,ru_ahk_outer_to_ru_aho_inner,Ru-AHK outer -> Ru-AHO inner,outer,inner,Different mechanism,Delta learning,4,50,1.95650617,1.7792634174911302
HistGradientBoostingRegressor,ru_ahk_outer_to_ru_aho_inner,Ru-AHK outer -> Ru-AHO inner,outer,inner,Different mechanism,Delta learning,4,54,1.80901573,2.012704694065497
HistGradientBoostingRegressor,ru_ahk_outer_to_ru_aho_inner,Ru-AHK outer -> Ru-AHO inner,outer,inner,Different mechanism,Delta learning,4,57,1.68395754,2.1247075405438007
HistGradientBoostingRegressor,ru_ahk_outer_to_ru_aho_inner,Ru-AHK outer -> Ru-AHO inner,outer,inner,Different mechanism,Delta learning,4,58,1.66417952,1.0626696877006643
HistGradientBoostingRegressor,ru_ahk_outer_to_ru_aho_inner,Ru-AHK outer -> Ru-AHO inner,outer,inner,Different mechanism,Delta learning,4,59,1.62929332,1.4078295829863283
HistGradientBoostingRegressor,ru_ahk_outer_to_ru_aho_inner,Ru-AHK outer -> Ru-AHO inner,outer,inner,Different mechanism,Delta learning,4,61,1.57873877,1.0119255762617563
HistGradientBoostingRegressor,ru_ahk_outer_to_ru_aho_inner,Ru-AHK outer -> Ru-AHO inner,outer,inner,Different mechanism,Delta learning,4,63,1.56019653,1.0277055607546657
HistGradientBoostingRegressor,ru_ahk_outer_to_ru_aho_inner,Ru-AHK outer -> Ru-AHO inner,outer,inner,Different mechanism,Delta learning,4,66,1.51369193,1.0664904863215399
HistGradientBoostingRegressor,ru_ahk_outer_to_ru_aho_inner,Ru-AHK outer -> Ru-AHO inner,outer,inner,Different mechanism,Delta learning,4,67,1.51369193,1.2891785803682736
HistGradientBoostingRegressor,ru_ahk_outer_to_ru_aho_inner,Ru-AHK outer -> Ru-AHO inner,outer,inner,Different mechanism,Delta learning,4,77,1.36283425,1.4200471161969428
HistGradientBoostingRegressor,ru_ahk_outer_to_ru_aho_inner,Ru-AHK outer -> Ru-AHO inner,outer,inner,Different mechanism,Delta learning,4,84,0.80438248,1.7113820935477233
HistGradientBoostingRegressor,ru_ahk_outer_to_ru_aho_inner,Ru-AHK outer -> Ru-AHO inner,outer,inner,Different mechanism,Delta learning,4,95,0.0120419,0.3949510057493417
HistGradientBoostingRegressor,ru_ahk_outer_to_ru_aho_inner,Ru-AHK outer -> Ru-AHO inner,outer,inner,Different mechanism,Delta learning,4,96,0.0,1.3256221083594255
HistGradientBoostingRegressor,ru_ahk_outer_to_ru_aho_inner,Ru-AHK outer -> Ru-AHO inner,outer,inner,Different mechanism,Delta learning,4,97,0.0,1.3316482318127503
HistGradientBoostingRegressor,ru_ahk_outer_to_ru_aho_inner,Ru-AHK outer -> Ru-AHO inner,outer,inner,Different mechanism,Mixed transfer,5,1,4.50050002,2.802505369906683
HistGradientBoostingRegressor,ru_ahk_outer_to_ru_aho_inner,Ru-AHK outer -> Ru-AHO inner,outer,inner,Different mechanism,Mixed transfer,5,2,3.84937533,2.7394563753453975
HistGradientBoostingRegressor,ru_ahk_outer_to_ru_aho_inner,Ru-AHK outer -> Ru-AHO inner,outer,inner,Different mechanism,Mixed transfer,5,14,2.72095293,2.757962266675688
HistGradientBoostingRegressor,ru_ahk_outer_to_ru_aho_inner,Ru-AHK outer -> Ru-AHO inner,outer,inner,Different mechanism,Mixed transfer,5,20,2.72095293,2.39848813452229
HistGradientBoostingRegressor,ru_ahk_outer_to_ru_aho_inner,Ru-AHK outer -> Ru-AHO inner,outer,inner,Different mechanism,Mixed transfer,5,21,2.6917632,2.2798177610404844
HistGradientBoostingRegressor,ru_ahk_outer_to_ru_aho_inner,Ru-AHK outer -> Ru-AHO inner,outer,inner,Different mechanism,Mixed transfer,5,23,2.61179564,2.224691702518873
HistGradientBoostingRegressor,ru_ahk_outer_to_ru_aho_inner,Ru-AHK outer -> Ru-AHO inner,outer,inner,Different mechanism,Mixed transfer,5,29,2.47786275,2.72779842394144
HistGradientBoostingRegressor,ru_ahk_outer_to_ru_aho_inner,Ru-AHK outer -> Ru-AHO inner,outer,inner,Different mechanism,Mixed transfer,5,37,2.26077037,1.899801679986176
HistGradientBoostingRegressor,ru_ahk_outer_to_ru_aho_inner,Ru-AHK outer -> Ru-AHO inner,outer,inner,Different mechanism,Mixed transfer,5,51,1.94448624,1.5815771953179423
HistGradientBoostingRegressor,ru_ahk_outer_to_ru_aho_inner,Ru-AHK outer -> Ru-AHO inner,outer,inner,Different mechanism,Mixed transfer,5,52,1.88185187,1.6592555361898726
HistGradientBoostingRegressor,ru_ahk_outer_to_ru_aho_inner,Ru-AHK outer -> Ru-AHO inner,outer,inner,Different mechanism,Mixed transfer,5,60,1.62929332,2.832183803830033
HistGradientBoostingRegressor,ru_ahk_outer_to_ru_aho_inner,Ru-AHK outer -> Ru-AHO inner,outer,inner,Different mechanism,Mixed transfer,5,71,1.47016368,1.664461096913853
HistGradientBoostingRegressor,ru_ahk_outer_to_ru_aho_inner,Ru-AHK outer -> Ru-AHO inner,outer,inner,Different mechanism,Mixed transfer,5,74,1.38325909,1.4479214942498817
HistGradientBoostingRegressor,ru_ahk_outer_to_ru_aho_inner,Ru-AHK outer -> Ru-AHO inner,outer,inner,Different mechanism,Mixed transfer,5,82,0.99242206,1.6037188346120546
HistGradientBoostingRegressor,ru_ahk_outer_to_ru_aho_inner,Ru-AHK outer -> Ru-AHO inner,outer,inner,Different mechanism,Mixed transfer,5,86,0.67501313,1.72602070781728
HistGradientBoostingRegressor,ru_ahk_outer_to_ru_aho_inner,Ru-AHK outer -> Ru-AHO inner,outer,inner,Different mechanism,Mixed transfer,5,87,0.56782018,2.4516797630660494
HistGradientBoostingRegressor,ru_ahk_outer_to_ru_aho_inner,Ru-AHK outer -> Ru-AHO inner,outer,inner,Different mechanism,Mixed transfer,5,89,0.33293116,2.935965329377697
HistGradientBoostingRegressor,ru_ahk_outer_to_ru_aho_inner,Ru-AHK outer -> Ru-AHO inner,outer,inner,Different mechanism,Mixed transfer,5,91,0.10866753,0.6112787596874506
HistGradientBoostingRegressor,ru_ahk_outer_to_ru_aho_inner,Ru-AHK outer -> Ru-AHO inner,outer,inner,Different mechanism,Mixed transfer,5,92,0.09139463,2.557658187425071
HistGradientBoostingRegressor,ru_ahk_outer_to_ru_aho_inner,Ru-AHK outer -> Ru-AHO inner,outer,inner,Different mechanism,Delta learning,5,1,4.50050002,2.797829104699275
HistGradientBoostingRegressor,ru_ahk_outer_to_ru_aho_inner,Ru-AHK outer -> Ru-AHO inner,outer,inner,Different mechanism,Delta learning,5,2,3.84937533,2.708930534031946
HistGradientBoostingRegressor,ru_ahk_outer_to_ru_aho_inner,Ru-AHK outer -> Ru-AHO inner,outer,inner,Different mechanism,Delta learning,5,14,2.72095293,2.94796184120247
HistGradientBoostingRegressor,ru_ahk_outer_to_ru_aho_inner,Ru-AHK outer -> Ru-AHO inner,outer,inner,Different mechanism,Delta learning,5,20,2.72095293,2.563640019234325
HistGradientBoostingRegressor,ru_ahk_outer_to_ru_aho_inner,Ru-AHK outer -> Ru-AHO inner,outer,inner,Different mechanism,Delta learning,5,21,2.6917632,2.424632289626435
HistGradientBoostingRegressor,ru_ahk_outer_to_ru_aho_inner,Ru-AHK outer -> Ru-AHO inner,outer,inner,Different mechanism,Delta learning,5,23,2.61179564,2.1765127345647564
HistGradientBoostingRegressor,ru_ahk_outer_to_ru_aho_inner,Ru-AHK outer -> Ru-AHO inner,outer,inner,Different mechanism,Delta learning,5,29,2.47786275,2.7416738422534515
HistGradientBoostingRegressor,ru_ahk_outer_to_ru_aho_inner,Ru-AHK outer -> Ru-AHO inner,outer,inner,Different mechanism,Delta learning,5,37,2.26077037,2.0435130685201757
HistGradientBoostingRegressor,ru_ahk_outer_to_ru_aho_inner,Ru-AHK outer -> Ru-AHO inner,outer,inner,Different mechanism,Delta learning,5,51,1.94448624,1.1328729070016093
HistGradientBoostingRegressor,ru_ahk_outer_to_ru_aho_inner,Ru-AHK outer -> Ru-AHO inner,outer,inner,Different mechanism,Delta learning,5,52,1.88185187,2.1840969876744514
HistGradientBoostingRegressor,ru_ahk_outer_to_ru_aho_inner,Ru-AHK outer -> Ru-AHO inner,outer,inner,Different mechanism,Delta learning,5,60,1.62929332,2.899969043332292
HistGradientBoostingRegressor,ru_ahk_outer_to_ru_aho_inner,Ru-AHK outer -> Ru-AHO inner,outer,inner,Different mechanism,Delta learning,5,71,1.47016368,1.8183140795711303
HistGradientBoostingRegressor,ru_ahk_outer_to_ru_aho_inner,Ru-AHK outer -> Ru-AHO inner,outer,inner,Different mechanism,Delta learning,5,74,1.38325909,1.259888252295282
HistGradientBoostingRegressor,ru_ahk_outer_to_ru_aho_inner,Ru-AHK outer -> Ru-AHO inner,outer,inner,Different mechanism,Delta learning,5,82,0.99242206,1.8772402644117385
HistGradientBoostingRegressor,ru_ahk_outer_to_ru_aho_inner,Ru-AHK outer -> Ru-AHO inner,outer,inner,Different mechanism,Delta learning,5,86,0.67501313,2.5387913048368853
HistGradientBoostingRegressor,ru_ahk_outer_to_ru_aho_inner,Ru-AHK outer -> Ru-AHO inner,outer,inner,Different mechanism,Delta learning,5,87,0.56782018,2.723507434183115
HistGradientBoostingRegressor,ru_ahk_outer_to_ru_aho_inner,Ru-AHK outer -> Ru-AHO inner,outer,inner,Different mechanism,Delta learning,5,89,0.33293116,3.094460087787235
HistGradientBoostingRegressor,ru_ahk_outer_to_ru_aho_inner,Ru-AHK outer -> Ru-AHO inner,outer,inner,Different mechanism,Delta learning,5,91,0.10866753,0.25417177791323997
HistGradientBoostingRegressor,ru_ahk_outer_to_ru_aho_inner,Ru-AHK outer -> Ru-AHO inner,outer,inner,Different mechanism,Delta learning,5,92,0.09139463,3.322347115415877
RandomForestRegressor,target_only_ru_aho_inner,Ru-AHO inner target-only,none,inner,Target-only,Target-only,1,0,4.50050002,2.516541658816662
RandomForestRegressor,target_only_ru_aho_inner,Ru-AHO inner target-only,none,inner,Target-only,Target-only,1,4,3.13437597,2.976659399700003
RandomForestRegressor,target_only_ru_aho_inner,Ru-AHO inner target-only,none,inner,Target-only,Target-only,1,10,2.89279432,2.696397586416663
RandomForestRegressor,target_only_ru_aho_inner,Ru-AHO inner target-only,none,inner,Target-only,Target-only,1,12,2.72095293,2.696397586416663
RandomForestRegressor,target_only_ru_aho_inner,Ru-AHO inner target-only,none,inner,Target-only,Target-only,1,18,2.72095293,2.5801643364999967
RandomForestRegressor,target_only_ru_aho_inner,Ru-AHO inner target-only,none,inner,Target-only,Target-only,1,22,2.63729647,2.3030572448299993
RandomForestRegressor,target_only_ru_aho_inner,Ru-AHO inner target-only,none,inner,Target-only,Target-only,1,26,2.49268506,1.8439494909999976
RandomForestRegressor,target_only_ru_aho_inner,Ru-AHO inner target-only,none,inner,Target-only,Target-only,1,31,2.30450133,1.8429043295333332
RandomForestRegressor,target_only_ru_aho_inner,Ru-AHO inner target-only,none,inner,Target-only,Target-only,1,40,2.13954868,1.943398175595717
RandomForestRegressor,target_only_ru_aho_inner,Ru-AHO inner target-only,none,inner,Target-only,Target-only,1,42,2.12255274,2.239297263687223
RandomForestRegressor,target_only_ru_aho_inner,Ru-AHO inner target-only,none,inner,Target-only,Target-only,1,44,2.02174776,1.864419762875714
RandomForestRegressor,target_only_ru_aho_inner,Ru-AHO inner target-only,none,inner,Target-only,Target-only,1,47,1.97754867,1.7703554343999994
RandomForestRegressor,target_only_ru_aho_inner,Ru-AHO inner target-only,none,inner,Target-only,Target-only,1,62,1.56906465,1.8251877674257144
RandomForestRegressor,target_only_ru_aho_inner,Ru-AHO inner target-only,none,inner,Target-only,Target-only,1,64,1.53168147,1.5069387588357133
RandomForestRegressor,target_only_ru_aho_inner,Ru-AHO inner target-only,none,inner,Target-only,Target-only,1,73,1.39055932,1.4946835011557125
RandomForestRegressor,target_only_ru_aho_inner,Ru-AHO inner target-only,none,inner,Target-only,Target-only,1,75,1.36999511,1.3942574005166668
RandomForestRegressor,target_only_ru_aho_inner,Ru-AHO inner target-only,none,inner,Target-only,Target-only,1,81,1.00421655,1.1947379396623803
RandomForestRegressor,target_only_ru_aho_inner,Ru-AHO inner target-only,none,inner,Target-only,Target-only,1,83,0.83956097,0.7372099068999993
RandomForestRegressor,target_only_ru_aho_inner,Ru-AHO inner target-only,none,inner,Target-only,Target-only,1,90,0.19433377,0.14570677074999988
RandomForestRegressor,target_only_ru_aho_inner,Ru-AHO inner target-only,none,inner,Target-only,Target-only,1,94,0.04739647,1.0835824913999994
RandomForestRegressor,target_only_ru_aho_inner,Ru-AHO inner target-only,none,inner,Target-only,Target-only,2,5,3.13437597,2.667952914600001
RandomForestRegressor,target_only_ru_aho_inner,Ru-AHO inner target-only,none,inner,Target-only,Target-only,2,9,3.13437597,3.7260951678000023
RandomForestRegressor,target_only_ru_aho_inner,Ru-AHO inner target-only,none,inner,Target-only,Target-only,2,11,2.81808334,2.8067229891000034
RandomForestRegressor,target_only_ru_aho_inner,Ru-AHO inner target-only,none,inner,Target-only,Target-only,2,15,2.72095293,2.1449865499857124
RandomForestRegressor,target_only_ru_aho_inner,Ru-AHO inner target-only,none,inner,Target-only,Target-only,2,16,2.72095293,3.3741203630000007
RandomForestRegressor,target_only_ru_aho_inner,Ru-AHO inner target-only,none,inner,Target-only,Target-only,2,28,2.47786275,2.7000807398000033
RandomForestRegressor,target_only_ru_aho_inner,Ru-AHO inner target-only,none,inner,Target-only,Target-only,2,30,2.3515711,2.4231653607233343
RandomForestRegressor,target_only_ru_aho_inner,Ru-AHO inner target-only,none,inner,Target-only,Target-only,2,33,2.30450133,3.2387682187000024
RandomForestRegressor,target_only_ru_aho_inner,Ru-AHO inner target-only,none,inner,Target-only,Target-only,2,35,2.30450133,2.863490715500004
RandomForestRegressor,target_only_ru_aho_inner,Ru-AHO inner target-only,none,inner,Target-only,Target-only,2,39,2.16934032,2.0325492694999987
RandomForestRegressor,target_only_ru_aho_inner,Ru-AHO inner target-only,none,inner,Target-only,Target-only,2,45,2.01889808,1.965185347299999
RandomForestRegressor,target_only_ru_aho_inner,Ru-AHO inner target-only,none,inner,Target-only,Target-only,2,49,1.9607788,0.8227541833
RandomForestRegressor,target_only_ru_aho_inner,Ru-AHO inner target-only,none,inner,Target-only,Target-only,2,65,1.53168147,1.481803672299998
RandomForestRegressor,target_only_ru_aho_inner,Ru-AHO inner target-only,none,inner,Target-only,Target-only,2,68,1.49260764,1.9589580013
RandomForestRegressor,target_only_ru_aho_inner,Ru-AHO inner target-only,none,inner,Target-only,Target-only,2,69,1.48763592,1.7346816166999977
RandomForestRegressor,target_only_ru_aho_inner,Ru-AHO inner target-only,none,inner,Target-only,Target-only,2,70,1.47570337,1.6531438504333336
RandomForestRegressor,target_only_ru_aho_inner,Ru-AHO inner target-only,none,inner,Target-only,Target-only,2,72,1.40708549,1.481803672299998
RandomForestRegressor,target_only_ru_aho_inner,Ru-AHO inner target-only,none,inner,Target-only,Target-only,2,80,1.31904107,1.351769126600002
RandomForestRegressor,target_only_ru_aho_inner,Ru-AHO inner target-only,none,inner,Target-only,Target-only,2,88,0.39647984,1.130454842300001
RandomForestRegressor,target_only_ru_aho_inner,Ru-AHO inner target-only,none,inner,Target-only,Target-only,2,93,0.04819171,0.20359976650000003
RandomForestRegressor,target_only_ru_aho_inner,Ru-AHO inner target-only,none,inner,Target-only,Target-only,3,3,3.67873076,2.4816594091999975
RandomForestRegressor,target_only_ru_aho_inner,Ru-AHO inner target-only,none,inner,Target-only,Target-only,3,6,3.13437597,1.7979449868999993
RandomForestRegressor,target_only_ru_aho_inner,Ru-AHO inner target-only,none,inner,Target-only,Target-only,3,7,3.13437597,2.2327655430000006
RandomForestRegressor,target_only_ru_aho_inner,Ru-AHO inner target-only,none,inner,Target-only,Target-only,3,8,3.13437597,1.8108513634333323
RandomForestRegressor,target_only_ru_aho_inner,Ru-AHO inner target-only,none,inner,Target-only,Target-only,3,13,2.72095293,2.5962908444999986
RandomForestRegressor,target_only_ru_aho_inner,Ru-AHO inner target-only,none,inner,Target-only,Target-only,3,17,2.72095293,3.0245079560999995
RandomForestRegressor,target_only_ru_aho_inner,Ru-AHO inner target-only,none,inner,Target-only,Target-only,3,19,2.72095293,2.728730456499999
RandomForestRegressor,target_only_ru_aho_inner,Ru-AHO inner target-only,none,inner,Target-only,Target-only,3,24,2.49823771,2.367930731433331
RandomForestRegressor,target_only_ru_aho_inner,Ru-AHO inner target-only,none,inner,Target-only,Target-only,3,25,2.49823771,2.610325770099999
RandomForestRegressor,target_only_ru_aho_inner,Ru-AHO inner target-only,none,inner,Target-only,Target-only,3,27,2.47786275,3.888468786150002
RandomForestRegressor,target_only_ru_aho_inner,Ru-AHO inner target-only,none,inner,Target-only,Target-only,3,34,2.30450133,3.0240249456
RandomForestRegressor,target_only_ru_aho_inner,Ru-AHO inner target-only,none,inner,Target-only,Target-only,3,36,2.28957767,2.4349200174333334
RandomForestRegressor,target_only_ru_aho_inner,Ru-AHO inner target-only,none,inner,Target-only,Target-only,3,38,2.20688949,2.100611744399999
RandomForestRegressor,target_only_ru_aho_inner,Ru-AHO inner target-only,none,inner,Target-only,Target-only,3,53,1.84440958,1.8896779973500017
RandomForestRegressor,target_only_ru_aho_inner,Ru-AHO inner target-only,none,inner,Target-only,Target-only,3,55,1.80901573,1.528718583659999
RandomForestRegressor,target_only_ru_aho_inner,Ru-AHO inner target-only,none,inner,Target-only,Target-only,3,56,1.73731552,2.4349200174333334
RandomForestRegressor,target_only_ru_aho_inner,Ru-AHO inner target-only,none,inner,Target-only,Target-only,3,76,1.36999511,0.34792697470000006
RandomForestRegressor,target_only_ru_aho_inner,Ru-AHO inner target-only,none,inner,Target-only,Target-only,3,78,1.35390456,1.3881336159000002
RandomForestRegressor,target_only_ru_aho_inner,Ru-AHO inner target-only,none,inner,Target-only,Target-only,3,79,1.33471728,1.3790083539499998
RandomForestRegressor,target_only_ru_aho_inner,Ru-AHO inner target-only,none,inner,Target-only,Target-only,3,85,0.80254597,0.35163716140000006
RandomForestRegressor,target_only_ru_aho_inner,Ru-AHO inner target-only,none,inner,Target-only,Target-only,4,32,2.30450133,2.4929040186641687
RandomForestRegressor,target_only_ru_aho_inner,Ru-AHO inner target-only,none,inner,Target-only,Target-only,4,41,2.13444943,1.6741303417
RandomForestRegressor,target_only_ru_aho_inner,Ru-AHO inner target-only,none,inner,Target-only,Target-only,4,43,2.11117069,1.6638177772999994
RandomForestRegressor,target_only_ru_aho_inner,Ru-AHO inner target-only,none,inner,Target-only,Target-only,4,46,2.00941149,2.0602730477999973
RandomForestRegressor,target_only_ru_aho_inner,Ru-AHO inner target-only,none,inner,Target-only,Target-only,4,48,1.96551622,1.792855673000001
RandomForestRegressor,target_only_ru_aho_inner,Ru-AHO inner target-only,none,inner,Target-only,Target-only,4,50,1.95650617,1.6856583240999996
RandomForestRegressor,target_only_ru_aho_inner,Ru-AHO inner target-only,none,inner,Target-only,Target-only,4,54,1.80901573,2.194023367599998
RandomForestRegressor,target_only_ru_aho_inner,Ru-AHO inner target-only,none,inner,Target-only,Target-only,4,57,1.68395754,1.853158002699999
RandomForestRegressor,target_only_ru_aho_inner,Ru-AHO inner target-only,none,inner,Target-only,Target-only,4,58,1.66417952,1.4514329303500002
RandomForestRegressor,target_only_ru_aho_inner,Ru-AHO inner target-only,none,inner,Target-only,Target-only,4,59,1.62929332,1.5639429051000011
RandomForestRegressor,target_only_ru_aho_inner,Ru-AHO inner target-only,none,inner,Target-only,Target-only,4,61,1.57873877,1.498998810538094
RandomForestRegressor,target_only_ru_aho_inner,Ru-AHO inner target-only,none,inner,Target-only,Target-only,4,63,1.56019653,1.4293612731166658
RandomForestRegressor,target_only_ru_aho_inner,Ru-AHO inner target-only,none,inner,Target-only,Target-only,4,66,1.51369193,1.4309781367166658
RandomForestRegressor,target_only_ru_aho_inner,Ru-AHO inner target-only,none,inner,Target-only,Target-only,4,67,1.51369193,1.4247095820366655
RandomForestRegressor,target_only_ru_aho_inner,Ru-AHO inner target-only,none,inner,Target-only,Target-only,4,77,1.36283425,1.1431963984999995
RandomForestRegressor,target_only_ru_aho_inner,Ru-AHO inner target-only,none,inner,Target-only,Target-only,4,84,0.80438248,1.5025429727999995
RandomForestRegressor,target_only_ru_aho_inner,Ru-AHO inner target-only,none,inner,Target-only,Target-only,4,95,0.0120419,1.1214197540900006
RandomForestRegressor,target_only_ru_aho_inner,Ru-AHO inner target-only,none,inner,Target-only,Target-only,4,96,0.0,0.9474196987999984
RandomForestRegressor,target_only_ru_aho_inner,Ru-AHO inner target-only,none,inner,Target-only,Target-only,4,97,0.0,0.857958777499999
RandomForestRegressor,target_only_ru_aho_inner,Ru-AHO inner target-only,none,inner,Target-only,Target-only,5,1,4.50050002,2.9898128440800025
RandomForestRegressor,target_only_ru_aho_inner,Ru-AHO inner target-only,none,inner,Target-only,Target-only,5,2,3.84937533,2.875907011940002
RandomForestRegressor,target_only_ru_aho_inner,Ru-AHO inner target-only,none,inner,Target-only,Target-only,5,14,2.72095293,2.6113761981500003
RandomForestRegressor,target_only_ru_aho_inner,Ru-AHO inner target-only,none,inner,Target-only,Target-only,5,20,2.72095293,2.5511225059199982
RandomForestRegressor,target_only_ru_aho_inner,Ru-AHO inner target-only,none,inner,Target-only,Target-only,5,21,2.6917632,2.3904529637559553
RandomForestRegressor,target_only_ru_aho_inner,Ru-AHO inner target-only,none,inner,Target-only,Target-only,5,23,2.61179564,2.0540090992547615
RandomForestRegressor,target_only_ru_aho_inner,Ru-AHO inner target-only,none,inner,Target-only,Target-only,5,29,2.47786275,2.8671860974399994
RandomForestRegressor,target_only_ru_aho_inner,Ru-AHO inner target-only,none,inner,Target-only,Target-only,5,37,2.26077037,2.2725487279000025
RandomForestRegressor,target_only_ru_aho_inner,Ru-AHO inner target-only,none,inner,Target-only,Target-only,5,51,1.94448624,1.7967176193000012
RandomForestRegressor,target_only_ru_aho_inner,Ru-AHO inner target-only,none,inner,Target-only,Target-only,5,52,1.88185187,1.7038728400999983
RandomForestRegressor,target_only_ru_aho_inner,Ru-AHO inner target-only,none,inner,Target-only,Target-only,5,60,1.62929332,2.2506497599999973
RandomForestRegressor,target_only_ru_aho_inner,Ru-AHO inner target-only,none,inner,Target-only,Target-only,5,71,1.47016368,1.5501014440666665
RandomForestRegressor,target_only_ru_aho_inner,Ru-AHO inner target-only,none,inner,Target-only,Target-only,5,74,1.38325909,1.5055358683000006
RandomForestRegressor,target_only_ru_aho_inner,Ru-AHO inner target-only,none,inner,Target-only,Target-only,5,82,0.99242206,1.1875194108919034
RandomForestRegressor,target_only_ru_aho_inner,Ru-AHO inner target-only,none,inner,Target-only,Target-only,5,86,0.67501313,3.0689029369250016
RandomForestRegressor,target_only_ru_aho_inner,Ru-AHO inner target-only,none,inner,Target-only,Target-only,5,87,0.56782018,2.579208312038333
RandomForestRegressor,target_only_ru_aho_inner,Ru-AHO inner target-only,none,inner,Target-only,Target-only,5,89,0.33293116,2.915964807166668
RandomForestRegressor,target_only_ru_aho_inner,Ru-AHO inner target-only,none,inner,Target-only,Target-only,5,91,0.10866753,0.2675537261366668
RandomForestRegressor,target_only_ru_aho_inner,Ru-AHO inner target-only,none,inner,Target-only,Target-only,5,92,0.09139463,2.9513664804750026
RandomForestRegressor,ru_ahk_inner_to_ru_aho_inner,Ru-AHK inner -> Ru-AHO inner,inner,inner,Same mechanism,Mixed transfer,1,0,4.50050002,2.5273115795258523
RandomForestRegressor,ru_ahk_inner_to_ru_aho_inner,Ru-AHK inner -> Ru-AHO inner,inner,inner,Same mechanism,Mixed transfer,1,4,3.13437597,2.9255037932379704
RandomForestRegressor,ru_ahk_inner_to_ru_aho_inner,Ru-AHK inner -> Ru-AHO inner,inner,inner,Same mechanism,Mixed transfer,1,10,2.89279432,2.724414225608801
RandomForestRegressor,ru_ahk_inner_to_ru_aho_inner,Ru-AHK inner -> Ru-AHO inner,inner,inner,Same mechanism,Mixed transfer,1,12,2.72095293,2.676088981154808
RandomForestRegressor,ru_ahk_inner_to_ru_aho_inner,Ru-AHK inner -> Ru-AHO inner,inner,inner,Same mechanism,Mixed transfer,1,18,2.72095293,2.543980109099995
RandomForestRegressor,ru_ahk_inner_to_ru_aho_inner,Ru-AHK inner -> Ru-AHO inner,inner,inner,Same mechanism,Mixed transfer,1,22,2.63729647,2.2276338628598835
RandomForestRegressor,ru_ahk_inner_to_ru_aho_inner,Ru-AHK inner -> Ru-AHO inner,inner,inner,Same mechanism,Mixed transfer,1,26,2.49268506,1.7584804030082586
RandomForestRegressor,ru_ahk_inner_to_ru_aho_inner,Ru-AHK inner -> Ru-AHO inner,inner,inner,Same mechanism,Mixed transfer,1,31,2.30450133,1.8073853788737195
RandomForestRegressor,ru_ahk_inner_to_ru_aho_inner,Ru-AHK inner -> Ru-AHO inner,inner,inner,Same mechanism,Mixed transfer,1,40,2.13954868,1.9764941966097376
RandomForestRegressor,ru_ahk_inner_to_ru_aho_inner,Ru-AHK inner -> Ru-AHO inner,inner,inner,Same mechanism,Mixed transfer,1,42,2.12255274,2.2178914968232535
RandomForestRegressor,ru_ahk_inner_to_ru_aho_inner,Ru-AHK inner -> Ru-AHO inner,inner,inner,Same mechanism,Mixed transfer,1,44,2.02174776,1.8751951378761567
RandomForestRegressor,ru_ahk_inner_to_ru_aho_inner,Ru-AHK inner -> Ru-AHO inner,inner,inner,Same mechanism,Mixed transfer,1,47,1.97754867,1.6036639354355047
RandomForestRegressor,ru_ahk_inner_to_ru_aho_inner,Ru-AHK inner -> Ru-AHO inner,inner,inner,Same mechanism,Mixed transfer,1,62,1.56906465,1.863085298749846
RandomForestRegressor,ru_ahk_inner_to_ru_aho_inner,Ru-AHK inner -> Ru-AHO inner,inner,inner,Same mechanism,Mixed transfer,1,64,1.53168147,1.5242203570655521
RandomForestRegressor,ru_ahk_inner_to_ru_aho_inner,Ru-AHK inner -> Ru-AHO inner,inner,inner,Same mechanism,Mixed transfer,1,73,1.39055932,1.5159184984598943
RandomForestRegressor,ru_ahk_inner_to_ru_aho_inner,Ru-AHK inner -> Ru-AHO inner,inner,inner,Same mechanism,Mixed transfer,1,75,1.36999511,1.3926687251888117
RandomForestRegressor,ru_ahk_inner_to_ru_aho_inner,Ru-AHK inner -> Ru-AHO inner,inner,inner,Same mechanism,Mixed transfer,1,81,1.00421655,1.0861817677751089
RandomForestRegressor,ru_ahk_inner_to_ru_aho_inner,Ru-AHK inner -> Ru-AHO inner,inner,inner,Same mechanism,Mixed transfer,1,83,0.83956097,0.7207935409120303
RandomForestRegressor,ru_ahk_inner_to_ru_aho_inner,Ru-AHK inner -> Ru-AHO inner,inner,inner,Same mechanism,Mixed transfer,1,90,0.19433377,0.23261559482460703
RandomForestRegressor,ru_ahk_inner_to_ru_aho_inner,Ru-AHK inner -> Ru-AHO inner,inner,inner,Same mechanism,Mixed transfer,1,94,0.04739647,0.8781535859130457
RandomForestRegressor,ru_ahk_inner_to_ru_aho_inner,Ru-AHK inner -> Ru-AHO inner,inner,inner,Same mechanism,Delta learning,1,0,4.50050002,2.508949537330645
RandomForestRegressor,ru_ahk_inner_to_ru_aho_inner,Ru-AHK inner -> Ru-AHO inner,inner,inner,Same mechanism,Delta learning,1,4,3.13437597,2.924550465309581
RandomForestRegressor,ru_ahk_inner_to_ru_aho_inner,Ru-AHK inner -> Ru-AHO inner,inner,inner,Same mechanism,Delta learning,1,10,2.89279432,2.4710120689330677
RandomForestRegressor,ru_ahk_inner_to_ru_aho_inner,Ru-AHK inner -> Ru-AHO inner,inner,inner,Same mechanism,Delta learning,1,12,2.72095293,2.360134584240251
RandomForestRegressor,ru_ahk_inner_to_ru_aho_inner,Ru-AHK inner -> Ru-AHO inner,inner,inner,Same mechanism,Delta learning,1,18,2.72095293,2.62910568471186
RandomForestRegressor,ru_ahk_inner_to_ru_aho_inner,Ru-AHK inner -> Ru-AHO inner,inner,inner,Same mechanism,Delta learning,1,22,2.63729647,2.277595372418384
RandomForestRegressor,ru_ahk_inner_to_ru_aho_inner,Ru-AHK inner -> Ru-AHO inner,inner,inner,Same mechanism,Delta learning,1,26,2.49268506,1.7957832941762386
RandomForestRegressor,ru_ahk_inner_to_ru_aho_inner,Ru-AHK inner -> Ru-AHO inner,inner,inner,Same mechanism,Delta learning,1,31,2.30450133,1.8724631608254594
RandomForestRegressor,ru_ahk_inner_to_ru_aho_inner,Ru-AHK inner -> Ru-AHO inner,inner,inner,Same mechanism,Delta learning,1,40,2.13954868,1.9915643957565181
RandomForestRegressor,ru_ahk_inner_to_ru_aho_inner,Ru-AHK inner -> Ru-AHO inner,inner,inner,Same mechanism,Delta learning,1,42,2.12255274,2.2218463548206504
RandomForestRegressor,ru_ahk_inner_to_ru_aho_inner,Ru-AHK inner -> Ru-AHO inner,inner,inner,Same mechanism,Delta learning,1,44,2.02174776,1.8972774460290118
RandomForestRegressor,ru_ahk_inner_to_ru_aho_inner,Ru-AHK inner -> Ru-AHO inner,inner,inner,Same mechanism,Delta learning,1,47,1.97754867,1.5967484434404908
RandomForestRegressor,ru_ahk_inner_to_ru_aho_inner,Ru-AHK inner -> Ru-AHO inner,inner,inner,Same mechanism,Delta learning,1,62,1.56906465,1.828419017877482
RandomForestRegressor,ru_ahk_inner_to_ru_aho_inner,Ru-AHK inner -> Ru-AHO inner,inner,inner,Same mechanism,Delta learning,1,64,1.53168147,1.4642054785005107
RandomForestRegressor,ru_ahk_inner_to_ru_aho_inner,Ru-AHK inner -> Ru-AHO inner,inner,inner,Same mechanism,Delta learning,1,73,1.39055932,1.4725920199756162
RandomForestRegressor,ru_ahk_inner_to_ru_aho_inner,Ru-AHK inner -> Ru-AHO inner,inner,inner,Same mechanism,Delta learning,1,75,1.36999511,1.4173369668410885
RandomForestRegressor,ru_ahk_inner_to_ru_aho_inner,Ru-AHK inner -> Ru-AHO inner,inner,inner,Same mechanism,Delta learning,1,81,1.00421655,1.1587790953744395
RandomForestRegressor,ru_ahk_inner_to_ru_aho_inner,Ru-AHK inner -> Ru-AHO inner,inner,inner,Same mechanism,Delta learning,1,83,0.83956097,0.8127148563138622
RandomForestRegressor,ru_ahk_inner_to_ru_aho_inner,Ru-AHK inner -> Ru-AHO inner,inner,inner,Same mechanism,Delta learning,1,90,0.19433377,0.1340516997521417
RandomForestRegressor,ru_ahk_inner_to_ru_aho_inner,Ru-AHK inner -> Ru-AHO inner,inner,inner,Same mechanism,Delta learning,1,94,0.04739647,0.9586507792465675
RandomForestRegressor,ru_ahk_inner_to_ru_aho_inner,Ru-AHK inner -> Ru-AHO inner,inner,inner,Same mechanism,Mixed transfer,2,5,3.13437597,2.5857759211108937
RandomForestRegressor,ru_ahk_inner_to_ru_aho_inner,Ru-AHK inner -> Ru-AHO inner,inner,inner,Same mechanism,Mixed transfer,2,9,3.13437597,3.8377422524000018
RandomForestRegressor,ru_ahk_inner_to_ru_aho_inner,Ru-AHK inner -> Ru-AHO inner,inner,inner,Same mechanism,Mixed transfer,2,11,2.81808334,2.8660869718025856
RandomForestRegressor,ru_ahk_inner_to_ru_aho_inner,Ru-AHK inner -> Ru-AHO inner,inner,inner,Same mechanism,Mixed transfer,2,15,2.72095293,2.197464559004669
RandomForestRegressor,ru_ahk_inner_to_ru_aho_inner,Ru-AHK inner -> Ru-AHO inner,inner,inner,Same mechanism,Mixed transfer,2,16,2.72095293,3.3528095524999997
RandomForestRegressor,ru_ahk_inner_to_ru_aho_inner,Ru-AHK inner -> Ru-AHO inner,inner,inner,Same mechanism,Mixed transfer,2,28,2.47786275,2.712236967667841
RandomForestRegressor,ru_ahk_inner_to_ru_aho_inner,Ru-AHK inner -> Ru-AHO inner,inner,inner,Same mechanism,Mixed transfer,2,30,2.3515711,2.3665117959951734
RandomForestRegressor,ru_ahk_inner_to_ru_aho_inner,Ru-AHK inner -> Ru-AHO inner,inner,inner,Same mechanism,Mixed transfer,2,33,2.30450133,3.3603865227751455
RandomForestRegressor,ru_ahk_inner_to_ru_aho_inner,Ru-AHK inner -> Ru-AHO inner,inner,inner,Same mechanism,Mixed transfer,2,35,2.30450133,3.0274224553225992
RandomForestRegressor,ru_ahk_inner_to_ru_aho_inner,Ru-AHK inner -> Ru-AHO inner,inner,inner,Same mechanism,Mixed transfer,2,39,2.16934032,1.9756948676038795
RandomForestRegressor,ru_ahk_inner_to_ru_aho_inner,Ru-AHK inner -> Ru-AHO inner,inner,inner,Same mechanism,Mixed transfer,2,45,2.01889808,2.0194249843917964
RandomForestRegressor,ru_ahk_inner_to_ru_aho_inner,Ru-AHK inner -> Ru-AHO inner,inner,inner,Same mechanism,Mixed transfer,2,49,1.9607788,1.1567739523601952
RandomForestRegressor,ru_ahk_inner_to_ru_aho_inner,Ru-AHK inner -> Ru-AHO inner,inner,inner,Same mechanism,Mixed transfer,2,65,1.53168147,1.4960697684454802
RandomForestRegressor,ru_ahk_inner_to_ru_aho_inner,Ru-AHK inner -> Ru-AHO inner,inner,inner,Same mechanism,Mixed transfer,2,68,1.49260764,1.9712410925088586
RandomForestRegressor,ru_ahk_inner_to_ru_aho_inner,Ru-AHK inner -> Ru-AHO inner,inner,inner,Same mechanism,Mixed transfer,2,69,1.48763592,2.059679647322221
RandomForestRegressor,ru_ahk_inner_to_ru_aho_inner,Ru-AHK inner -> Ru-AHO inner,inner,inner,Same mechanism,Mixed transfer,2,70,1.47570337,1.91136231670654
RandomForestRegressor,ru_ahk_inner_to_ru_aho_inner,Ru-AHK inner -> Ru-AHO inner,inner,inner,Same mechanism,Mixed transfer,2,72,1.40708549,1.4960697684454802
RandomForestRegressor,ru_ahk_inner_to_ru_aho_inner,Ru-AHK inner -> Ru-AHO inner,inner,inner,Same mechanism,Mixed transfer,2,80,1.31904107,1.3770776386756913
RandomForestRegressor,ru_ahk_inner_to_ru_aho_inner,Ru-AHK inner -> Ru-AHO inner,inner,inner,Same mechanism,Mixed transfer,2,88,0.39647984,1.1770587128842653
RandomForestRegressor,ru_ahk_inner_to_ru_aho_inner,Ru-AHK inner -> Ru-AHO inner,inner,inner,Same mechanism,Mixed transfer,2,93,0.04819171,0.3410823226347601
RandomForestRegressor,ru_ahk_inner_to_ru_aho_inner,Ru-AHK inner -> Ru-AHO inner,inner,inner,Same mechanism,Delta learning,2,5,3.13437597,2.6869561515440354
RandomForestRegressor,ru_ahk_inner_to_ru_aho_inner,Ru-AHK inner -> Ru-AHO inner,inner,inner,Same mechanism,Delta learning,2,9,3.13437597,3.999399779245298
RandomForestRegressor,ru_ahk_inner_to_ru_aho_inner,Ru-AHK inner -> Ru-AHO inner,inner,inner,Same mechanism,Delta learning,2,11,2.81808334,2.9747002200013313
RandomForestRegressor,ru_ahk_inner_to_ru_aho_inner,Ru-AHK inner -> Ru-AHO inner,inner,inner,Same mechanism,Delta learning,2,15,2.72095293,2.2225293529197883
RandomForestRegressor,ru_ahk_inner_to_ru_aho_inner,Ru-AHK inner -> Ru-AHO inner,inner,inner,Same mechanism,Delta learning,2,16,2.72095293,3.3989842452261003
RandomForestRegressor,ru_ahk_inner_to_ru_aho_inner,Ru-AHK inner -> Ru-AHO inner,inner,inner,Same mechanism,Delta learning,2,28,2.47786275,2.7523997228176995
RandomForestRegressor,ru_ahk_inner_to_ru_aho_inner,Ru-AHK inner -> Ru-AHO inner,inner,inner,Same mechanism,Delta learning,2,30,2.3515711,2.4668819876282546
RandomForestRegressor,ru_ahk_inner_to_ru_aho_inner,Ru-AHK inner -> Ru-AHO inner,inner,inner,Same mechanism,Delta learning,2,33,2.30450133,3.3217409684419152
RandomForestRegressor,ru_ahk_inner_to_ru_aho_inner,Ru-AHK inner -> Ru-AHO inner,inner,inner,Same mechanism,Delta learning,2,35,2.30450133,2.955957086226371
RandomForestRegressor,ru_ahk_inner_to_ru_aho_inner,Ru-AHK inner -> Ru-AHO inner,inner,inner,Same mechanism,Delta learning,2,39,2.16934032,2.342049053144548
RandomForestRegressor,ru_ahk_inner_to_ru_aho_inner,Ru-AHK inner -> Ru-AHO inner,inner,inner,Same mechanism,Delta learning,2,45,2.01889808,2.075602865058789
RandomForestRegressor,ru_ahk_inner_to_ru_aho_inner,Ru-AHK inner -> Ru-AHO inner,inner,inner,Same mechanism,Delta learning,2,49,1.9607788,1.4439217336502161
RandomForestRegressor,ru_ahk_inner_to_ru_aho_inner,Ru-AHK inner -> Ru-AHO inner,inner,inner,Same mechanism,Delta learning,2,65,1.53168147,1.481177178068606
RandomForestRegressor,ru_ahk_inner_to_ru_aho_inner,Ru-AHK inner -> Ru-AHO inner,inner,inner,Same mechanism,Delta learning,2,68,1.49260764,1.9591508761181924
RandomForestRegressor,ru_ahk_inner_to_ru_aho_inner,Ru-AHK inner -> Ru-AHO inner,inner,inner,Same mechanism,Delta learning,2,69,1.48763592,1.991467401460179
RandomForestRegressor,ru_ahk_inner_to_ru_aho_inner,Ru-AHK inner -> Ru-AHO inner,inner,inner,Same mechanism,Delta learning,2,70,1.47570337,1.9694481809368485
RandomForestRegressor,ru_ahk_inner_to_ru_aho_inner,Ru-AHK inner -> Ru-AHO inner,inner,inner,Same mechanism,Delta learning,2,72,1.40708549,1.481177178068606
RandomForestRegressor,ru_ahk_inner_to_ru_aho_inner,Ru-AHK inner -> Ru-AHO inner,inner,inner,Same mechanism,Delta learning,2,80,1.31904107,1.2768591459735101
RandomForestRegressor,ru_ahk_inner_to_ru_aho_inner,Ru-AHK inner -> Ru-AHO inner,inner,inner,Same mechanism,Delta learning,2,88,0.39647984,1.100822830650167
RandomForestRegressor,ru_ahk_inner_to_ru_aho_inner,Ru-AHK inner -> Ru-AHO inner,inner,inner,Same mechanism,Delta learning,2,93,0.04819171,0.20196409595212317
RandomForestRegressor,ru_ahk_inner_to_ru_aho_inner,Ru-AHK inner -> Ru-AHO inner,inner,inner,Same mechanism,Mixed transfer,3,3,3.67873076,2.4781168771027478
RandomForestRegressor,ru_ahk_inner_to_ru_aho_inner,Ru-AHK inner -> Ru-AHO inner,inner,inner,Same mechanism,Mixed transfer,3,6,3.13437597,1.886498614905383
RandomForestRegressor,ru_ahk_inner_to_ru_aho_inner,Ru-AHK inner -> Ru-AHO inner,inner,inner,Same mechanism,Mixed transfer,3,7,3.13437597,2.1602267985384405
RandomForestRegressor,ru_ahk_inner_to_ru_aho_inner,Ru-AHK inner -> Ru-AHO inner,inner,inner,Same mechanism,Mixed transfer,3,8,3.13437597,1.7519460444314003
RandomForestRegressor,ru_ahk_inner_to_ru_aho_inner,Ru-AHK inner -> Ru-AHO inner,inner,inner,Same mechanism,Mixed transfer,3,13,2.72095293,2.588125578464917
RandomForestRegressor,ru_ahk_inner_to_ru_aho_inner,Ru-AHK inner -> Ru-AHO inner,inner,inner,Same mechanism,Mixed transfer,3,17,2.72095293,3.1369034179530355
RandomForestRegressor,ru_ahk_inner_to_ru_aho_inner,Ru-AHK inner -> Ru-AHO inner,inner,inner,Same mechanism,Mixed transfer,3,19,2.72095293,2.729819888426262
RandomForestRegressor,ru_ahk_inner_to_ru_aho_inner,Ru-AHK inner -> Ru-AHO inner,inner,inner,Same mechanism,Mixed transfer,3,24,2.49823771,2.3417667225974155
RandomForestRegressor,ru_ahk_inner_to_ru_aho_inner,Ru-AHK inner -> Ru-AHO inner,inner,inner,Same mechanism,Mixed transfer,3,25,2.49823771,2.494053685332646
RandomForestRegressor,ru_ahk_inner_to_ru_aho_inner,Ru-AHK inner -> Ru-AHO inner,inner,inner,Same mechanism,Mixed transfer,3,27,2.47786275,3.736448154688489
RandomForestRegressor,ru_ahk_inner_to_ru_aho_inner,Ru-AHK inner -> Ru-AHO inner,inner,inner,Same mechanism,Mixed transfer,3,34,2.30450133,3.1339895056530356
RandomForestRegressor,ru_ahk_inner_to_ru_aho_inner,Ru-AHK inner -> Ru-AHO inner,inner,inner,Same mechanism,Mixed transfer,3,36,2.28957767,2.400867458210105
RandomForestRegressor,ru_ahk_inner_to_ru_aho_inner,Ru-AHK inner -> Ru-AHO inner,inner,inner,Same mechanism,Mixed transfer,3,38,2.20688949,2.063408249588291
RandomForestRegressor,ru_ahk_inner_to_ru_aho_inner,Ru-AHK inner -> Ru-AHO inner,inner,inner,Same mechanism,Mixed transfer,3,53,1.84440958,1.8889608897261152
RandomForestRegressor,ru_ahk_inner_to_ru_aho_inner,Ru-AHK inner -> Ru-AHO inner,inner,inner,Same mechanism,Mixed transfer,3,55,1.80901573,2.189478028174771
RandomForestRegressor,ru_ahk_inner_to_ru_aho_inner,Ru-AHK inner -> Ru-AHO inner,inner,inner,Same mechanism,Mixed transfer,3,56,1.73731552,2.400867458210105
RandomForestRegressor,ru_ahk_inner_to_ru_aho_inner,Ru-AHK inner -> Ru-AHO inner,inner,inner,Same mechanism,Mixed transfer,3,76,1.36999511,0.4140940656090491
RandomForestRegressor,ru_ahk_inner_to_ru_aho_inner,Ru-AHK inner -> Ru-AHO inner,inner,inner,Same mechanism,Mixed transfer,3,78,1.35390456,1.407958095041248
RandomForestRegressor,ru_ahk_inner_to_ru_aho_inner,Ru-AHK inner -> Ru-AHO inner,inner,inner,Same mechanism,Mixed transfer,3,79,1.33471728,1.3818026318949646
RandomForestRegressor,ru_ahk_inner_to_ru_aho_inner,Ru-AHK inner -> Ru-AHO inner,inner,inner,Same mechanism,Mixed transfer,3,85,0.80254597,0.19459788673653453
RandomForestRegressor,ru_ahk_inner_to_ru_aho_inner,Ru-AHK inner -> Ru-AHO inner,inner,inner,Same mechanism,Delta learning,3,3,3.67873076,2.184994826628451
RandomForestRegressor,ru_ahk_inner_to_ru_aho_inner,Ru-AHK inner -> Ru-AHO inner,inner,inner,Same mechanism,Delta learning,3,6,3.13437597,1.6039796706164289
RandomForestRegressor,ru_ahk_inner_to_ru_aho_inner,Ru-AHK inner -> Ru-AHO inner,inner,inner,Same mechanism,Delta learning,3,7,3.13437597,2.419090040987254
RandomForestRegressor,ru_ahk_inner_to_ru_aho_inner,Ru-AHK inner -> Ru-AHO inner,inner,inner,Same mechanism,Delta learning,3,8,3.13437597,1.4593632444846152
RandomForestRegressor,ru_ahk_inner_to_ru_aho_inner,Ru-AHK inner -> Ru-AHO inner,inner,inner,Same mechanism,Delta learning,3,13,2.72095293,2.6020411992073793
RandomForestRegressor,ru_ahk_inner_to_ru_aho_inner,Ru-AHK inner -> Ru-AHO inner,inner,inner,Same mechanism,Delta learning,3,17,2.72095293,3.1830024109956945
RandomForestRegressor,ru_ahk_inner_to_ru_aho_inner,Ru-AHK inner -> Ru-AHO inner,inner,inner,Same mechanism,Delta learning,3,19,2.72095293,2.7576631784829218
RandomForestRegressor,ru_ahk_inner_to_ru_aho_inner,Ru-AHK inner -> Ru-AHO inner,inner,inner,Same mechanism,Delta learning,3,24,2.49823771,2.382211945118364
RandomForestRegressor,ru_ahk_inner_to_ru_aho_inner,Ru-AHK inner -> Ru-AHO inner,inner,inner,Same mechanism,Delta learning,3,25,2.49823771,2.613865262538013
RandomForestRegressor,ru_ahk_inner_to_ru_aho_inner,Ru-AHK inner -> Ru-AHO inner,inner,inner,Same mechanism,Delta learning,3,27,2.47786275,3.181980050919805
RandomForestRegressor,ru_ahk_inner_to_ru_aho_inner,Ru-AHK inner -> Ru-AHO inner,inner,inner,Same mechanism,Delta learning,3,34,2.30450133,3.1824169599053542
RandomForestRegressor,ru_ahk_inner_to_ru_aho_inner,Ru-AHK inner -> Ru-AHO inner,inner,inner,Same mechanism,Delta learning,3,36,2.28957767,2.4016939860553377
RandomForestRegressor,ru_ahk_inner_to_ru_aho_inner,Ru-AHK inner -> Ru-AHO inner,inner,inner,Same mechanism,Delta learning,3,38,2.20688949,1.7723843730025646
RandomForestRegressor,ru_ahk_inner_to_ru_aho_inner,Ru-AHK inner -> Ru-AHO inner,inner,inner,Same mechanism,Delta learning,3,53,1.84440958,1.8775853940119585
RandomForestRegressor,ru_ahk_inner_to_ru_aho_inner,Ru-AHK inner -> Ru-AHO inner,inner,inner,Same mechanism,Delta learning,3,55,1.80901573,2.1600441083126234
RandomForestRegressor,ru_ahk_inner_to_ru_aho_inner,Ru-AHK inner -> Ru-AHO inner,inner,inner,Same mechanism,Delta learning,3,56,1.73731552,2.4016939860553377
RandomForestRegressor,ru_ahk_inner_to_ru_aho_inner,Ru-AHK inner -> Ru-AHO inner,inner,inner,Same mechanism,Delta learning,3,76,1.36999511,0.9978641708228694
RandomForestRegressor,ru_ahk_inner_to_ru_aho_inner,Ru-AHK inner -> Ru-AHO inner,inner,inner,Same mechanism,Delta learning,3,78,1.35390456,1.4016147888084107
RandomForestRegressor,ru_ahk_inner_to_ru_aho_inner,Ru-AHK inner -> Ru-AHO inner,inner,inner,Same mechanism,Delta learning,3,79,1.33471728,1.3518133856580619
RandomForestRegressor,ru_ahk_inner_to_ru_aho_inner,Ru-AHK inner -> Ru-AHO inner,inner,inner,Same mechanism,Delta learning,3,85,0.80254597,0.5917071735130937
RandomForestRegressor,ru_ahk_inner_to_ru_aho_inner,Ru-AHK inner -> Ru-AHO inner,inner,inner,Same mechanism,Mixed transfer,4,32,2.30450133,2.4494370735010493
RandomForestRegressor,ru_ahk_inner_to_ru_aho_inner,Ru-AHK inner -> Ru-AHO inner,inner,inner,Same mechanism,Mixed transfer,4,41,2.13444943,1.7078578473336286
RandomForestRegressor,ru_ahk_inner_to_ru_aho_inner,Ru-AHK inner -> Ru-AHO inner,inner,inner,Same mechanism,Mixed transfer,4,43,2.11117069,1.6282642661011395
RandomForestRegressor,ru_ahk_inner_to_ru_aho_inner,Ru-AHK inner -> Ru-AHO inner,inner,inner,Same mechanism,Mixed transfer,4,46,2.00941149,2.1562870012733764
RandomForestRegressor,ru_ahk_inner_to_ru_aho_inner,Ru-AHK inner -> Ru-AHO inner,inner,inner,Same mechanism,Mixed transfer,4,48,1.96551622,2.0022620095390327
RandomForestRegressor,ru_ahk_inner_to_ru_aho_inner,Ru-AHK inner -> Ru-AHO inner,inner,inner,Same mechanism,Mixed transfer,4,50,1.95650617,1.6216908115011393
RandomForestRegressor,ru_ahk_inner_to_ru_aho_inner,Ru-AHK inner -> Ru-AHO inner,inner,inner,Same mechanism,Mixed transfer,4,54,1.80901573,2.12571503620612
RandomForestRegressor,ru_ahk_inner_to_ru_aho_inner,Ru-AHK inner -> Ru-AHO inner,inner,inner,Same mechanism,Mixed transfer,4,57,1.68395754,1.8997952873375583
RandomForestRegressor,ru_ahk_inner_to_ru_aho_inner,Ru-AHK inner -> Ru-AHO inner,inner,inner,Same mechanism,Mixed transfer,4,58,1.66417952,1.429160820156379
RandomForestRegressor,ru_ahk_inner_to_ru_aho_inner,Ru-AHK inner -> Ru-AHO inner,inner,inner,Same mechanism,Mixed transfer,4,59,1.62929332,1.5416748864835303
RandomForestRegressor,ru_ahk_inner_to_ru_aho_inner,Ru-AHK inner -> Ru-AHO inner,inner,inner,Same mechanism,Mixed transfer,4,61,1.57873877,1.6283649388404466
RandomForestRegressor,ru_ahk_inner_to_ru_aho_inner,Ru-AHK inner -> Ru-AHO inner,inner,inner,Same mechanism,Mixed transfer,4,63,1.56019653,1.653413105717414
RandomForestRegressor,ru_ahk_inner_to_ru_aho_inner,Ru-AHK inner -> Ru-AHO inner,inner,inner,Same mechanism,Mixed transfer,4,66,1.51369193,1.5520922773410077
RandomForestRegressor,ru_ahk_inner_to_ru_aho_inner,Ru-AHK inner -> Ru-AHO inner,inner,inner,Same mechanism,Mixed transfer,4,67,1.51369193,1.4472130880433005
RandomForestRegressor,ru_ahk_inner_to_ru_aho_inner,Ru-AHK inner -> Ru-AHO inner,inner,inner,Same mechanism,Mixed transfer,4,77,1.36283425,1.1661723209956625
RandomForestRegressor,ru_ahk_inner_to_ru_aho_inner,Ru-AHK inner -> Ru-AHO inner,inner,inner,Same mechanism,Mixed transfer,4,84,0.80438248,1.3665718259345865
RandomForestRegressor,ru_ahk_inner_to_ru_aho_inner,Ru-AHK inner -> Ru-AHO inner,inner,inner,Same mechanism,Mixed transfer,4,95,0.0120419,0.20924782659580365
RandomForestRegressor,ru_ahk_inner_to_ru_aho_inner,Ru-AHK inner -> Ru-AHO inner,inner,inner,Same mechanism,Mixed transfer,4,96,0.0,0.9126141185938301
RandomForestRegressor,ru_ahk_inner_to_ru_aho_inner,Ru-AHK inner -> Ru-AHO inner,inner,inner,Same mechanism,Mixed transfer,4,97,0.0,0.8978379746518743
RandomForestRegressor,ru_ahk_inner_to_ru_aho_inner,Ru-AHK inner -> Ru-AHO inner,inner,inner,Same mechanism,Delta learning,4,32,2.30450133,2.495644142887221
RandomForestRegressor,ru_ahk_inner_to_ru_aho_inner,Ru-AHK inner -> Ru-AHO inner,inner,inner,Same mechanism,Delta learning,4,41,2.13444943,1.562635187457159
RandomForestRegressor,ru_ahk_inner_to_ru_aho_inner,Ru-AHK inner -> Ru-AHO inner,inner,inner,Same mechanism,Delta learning,4,43,2.11117069,1.5753197075718786
RandomForestRegressor,ru_ahk_inner_to_ru_aho_inner,Ru-AHK inner -> Ru-AHO inner,inner,inner,Same mechanism,Delta learning,4,46,2.00941149,2.0918133687126876
RandomForestRegressor,ru_ahk_inner_to_ru_aho_inner,Ru-AHK inner -> Ru-AHO inner,inner,inner,Same mechanism,Delta learning,4,48,1.96551622,1.895578319615632
RandomForestRegressor,ru_ahk_inner_to_ru_aho_inner,Ru-AHK inner -> Ru-AHO inner,inner,inner,Same mechanism,Delta learning,4,50,1.95650617,1.5969877925448432
RandomForestRegressor,ru_ahk_inner_to_ru_aho_inner,Ru-AHK inner -> Ru-AHO inner,inner,inner,Same mechanism,Delta learning,4,54,1.80901573,2.1793700119185453
RandomForestRegressor,ru_ahk_inner_to_ru_aho_inner,Ru-AHK inner -> Ru-AHO inner,inner,inner,Same mechanism,Delta learning,4,57,1.68395754,1.7892705086558733
RandomForestRegressor,ru_ahk_inner_to_ru_aho_inner,Ru-AHK inner -> Ru-AHO inner,inner,inner,Same mechanism,Delta learning,4,58,1.66417952,1.436130347736707
RandomForestRegressor,ru_ahk_inner_to_ru_aho_inner,Ru-AHK inner -> Ru-AHO inner,inner,inner,Same mechanism,Delta learning,4,59,1.62929332,1.3786918779528727
RandomForestRegressor,ru_ahk_inner_to_ru_aho_inner,Ru-AHK inner -> Ru-AHO inner,inner,inner,Same mechanism,Delta learning,4,61,1.57873877,1.5467965044969623
RandomForestRegressor,ru_ahk_inner_to_ru_aho_inner,Ru-AHK inner -> Ru-AHO inner,inner,inner,Same mechanism,Delta learning,4,63,1.56019653,1.486239075724559
RandomForestRegressor,ru_ahk_inner_to_ru_aho_inner,Ru-AHK inner -> Ru-AHO inner,inner,inner,Same mechanism,Delta learning,4,66,1.51369193,1.4106209597338504
RandomForestRegressor,ru_ahk_inner_to_ru_aho_inner,Ru-AHK inner -> Ru-AHO inner,inner,inner,Same mechanism,Delta learning,4,67,1.51369193,1.4519543206018306
RandomForestRegressor,ru_ahk_inner_to_ru_aho_inner,Ru-AHK inner -> Ru-AHO inner,inner,inner,Same mechanism,Delta learning,4,77,1.36283425,1.2140709817674324
RandomForestRegressor,ru_ahk_inner_to_ru_aho_inner,Ru-AHK inner -> Ru-AHO inner,inner,inner,Same mechanism,Delta learning,4,84,0.80438248,1.2962236946895187
RandomForestRegressor,ru_ahk_inner_to_ru_aho_inner,Ru-AHK inner -> Ru-AHO inner,inner,inner,Same mechanism,Delta learning,4,95,0.0120419,0.3635851338017093
RandomForestRegressor,ru_ahk_inner_to_ru_aho_inner,Ru-AHK inner -> Ru-AHO inner,inner,inner,Same mechanism,Delta learning,4,96,0.0,0.7506035777368708
RandomForestRegressor,ru_ahk_inner_to_ru_aho_inner,Ru-AHK inner -> Ru-AHO inner,inner,inner,Same mechanism,Delta learning,4,97,0.0,0.6519992863911185
RandomForestRegressor,ru_ahk_inner_to_ru_aho_inner,Ru-AHK inner -> Ru-AHO inner,inner,inner,Same mechanism,Mixed transfer,5,1,4.50050002,2.977641807160847
RandomForestRegressor,ru_ahk_inner_to_ru_aho_inner,Ru-AHK inner -> Ru-AHO inner,inner,inner,Same mechanism,Mixed transfer,5,2,3.84937533,2.8988980929894184
RandomForestRegressor,ru_ahk_inner_to_ru_aho_inner,Ru-AHK inner -> Ru-AHO inner,inner,inner,Same mechanism,Mixed transfer,5,14,2.72095293,2.6604277982000024
RandomForestRegressor,ru_ahk_inner_to_ru_aho_inner,Ru-AHK inner -> Ru-AHO inner,inner,inner,Same mechanism,Mixed transfer,5,20,2.72095293,2.5575876345768975
RandomForestRegressor,ru_ahk_inner_to_ru_aho_inner,Ru-AHK inner -> Ru-AHO inner,inner,inner,Same mechanism,Mixed transfer,5,21,2.6917632,2.272396551335001
RandomForestRegressor,ru_ahk_inner_to_ru_aho_inner,Ru-AHK inner -> Ru-AHO inner,inner,inner,Same mechanism,Mixed transfer,5,23,2.61179564,2.0958557121314523
RandomForestRegressor,ru_ahk_inner_to_ru_aho_inner,Ru-AHK inner -> Ru-AHO inner,inner,inner,Same mechanism,Mixed transfer,5,29,2.47786275,2.870424685506773
RandomForestRegressor,ru_ahk_inner_to_ru_aho_inner,Ru-AHK inner -> Ru-AHO inner,inner,inner,Same mechanism,Mixed transfer,5,37,2.26077037,2.06661513616484
RandomForestRegressor,ru_ahk_inner_to_ru_aho_inner,Ru-AHK inner -> Ru-AHO inner,inner,inner,Same mechanism,Mixed transfer,5,51,1.94448624,1.7135349165688427
RandomForestRegressor,ru_ahk_inner_to_ru_aho_inner,Ru-AHK inner -> Ru-AHO inner,inner,inner,Same mechanism,Mixed transfer,5,52,1.88185187,1.7504403621224998
RandomForestRegressor,ru_ahk_inner_to_ru_aho_inner,Ru-AHK inner -> Ru-AHO inner,inner,inner,Same mechanism,Mixed transfer,5,60,1.62929332,2.2435860163570887
RandomForestRegressor,ru_ahk_inner_to_ru_aho_inner,Ru-AHK inner -> Ru-AHO inner,inner,inner,Same mechanism,Mixed transfer,5,71,1.47016368,1.5164502822537156
RandomForestRegressor,ru_ahk_inner_to_ru_aho_inner,Ru-AHK inner -> Ru-AHO inner,inner,inner,Same mechanism,Mixed transfer,5,74,1.38325909,1.4552754821368603
RandomForestRegressor,ru_ahk_inner_to_ru_aho_inner,Ru-AHK inner -> Ru-AHO inner,inner,inner,Same mechanism,Mixed transfer,5,82,0.99242206,1.120956254919983
RandomForestRegressor,ru_ahk_inner_to_ru_aho_inner,Ru-AHK inner -> Ru-AHO inner,inner,inner,Same mechanism,Mixed transfer,5,86,0.67501313,1.60787811395419
RandomForestRegressor,ru_ahk_inner_to_ru_aho_inner,Ru-AHK inner -> Ru-AHO inner,inner,inner,Same mechanism,Mixed transfer,5,87,0.56782018,1.173796682107727
RandomForestRegressor,ru_ahk_inner_to_ru_aho_inner,Ru-AHK inner -> Ru-AHO inner,inner,inner,Same mechanism,Mixed transfer,5,89,0.33293116,1.543013888881743
RandomForestRegressor,ru_ahk_inner_to_ru_aho_inner,Ru-AHK inner -> Ru-AHO inner,inner,inner,Same mechanism,Mixed transfer,5,91,0.10866753,1.1590691239630775
RandomForestRegressor,ru_ahk_inner_to_ru_aho_inner,Ru-AHK inner -> Ru-AHO inner,inner,inner,Same mechanism,Mixed transfer,5,92,0.09139463,1.2085882749350454
RandomForestRegressor,ru_ahk_inner_to_ru_aho_inner,Ru-AHK inner -> Ru-AHO inner,inner,inner,Same mechanism,Delta learning,5,1,4.50050002,2.8600014399597224
RandomForestRegressor,ru_ahk_inner_to_ru_aho_inner,Ru-AHK inner -> Ru-AHO inner,inner,inner,Same mechanism,Delta learning,5,2,3.84937533,2.7764870283722956
RandomForestRegressor,ru_ahk_inner_to_ru_aho_inner,Ru-AHK inner -> Ru-AHO inner,inner,inner,Same mechanism,Delta learning,5,14,2.72095293,2.617764730792329
RandomForestRegressor,ru_ahk_inner_to_ru_aho_inner,Ru-AHK inner -> Ru-AHO inner,inner,inner,Same mechanism,Delta learning,5,20,2.72095293,2.4700484483842007
RandomForestRegressor,ru_ahk_inner_to_ru_aho_inner,Ru-AHK inner -> Ru-AHO inner,inner,inner,Same mechanism,Delta learning,5,21,2.6917632,2.4048858588510442
RandomForestRegressor,ru_ahk_inner_to_ru_aho_inner,Ru-AHK inner -> Ru-AHO inner,inner,inner,Same mechanism,Delta learning,5,23,2.61179564,2.0446692461367766
RandomForestRegressor,ru_ahk_inner_to_ru_aho_inner,Ru-AHK inner -> Ru-AHO inner,inner,inner,Same mechanism,Delta learning,5,29,2.47786275,2.7967863301834774
RandomForestRegressor,ru_ahk_inner_to_ru_aho_inner,Ru-AHK inner -> Ru-AHO inner,inner,inner,Same mechanism,Delta learning,5,37,2.26077037,2.0028169058690453
RandomForestRegressor,ru_ahk_inner_to_ru_aho_inner,Ru-AHK inner -> Ru-AHO inner,inner,inner,Same mechanism,Delta learning,5,51,1.94448624,1.537949838078243
RandomForestRegressor,ru_ahk_inner_to_ru_aho_inner,Ru-AHK inner -> Ru-AHO inner,inner,inner,Same mechanism,Delta learning,5,52,1.88185187,1.7217991699803563
RandomForestRegressor,ru_ahk_inner_to_ru_aho_inner,Ru-AHK inner -> Ru-AHO inner,inner,inner,Same mechanism,Delta learning,5,60,1.62929332,2.1761516503799436
RandomForestRegressor,ru_ahk_inner_to_ru_aho_inner,Ru-AHK inner -> Ru-AHO inner,inner,inner,Same mechanism,Delta learning,5,71,1.47016368,1.5005748825688288
RandomForestRegressor,ru_ahk_inner_to_ru_aho_inner,Ru-AHK inner -> Ru-AHO inner,inner,inner,Same mechanism,Delta learning,5,74,1.38325909,1.4422068640801937
RandomForestRegressor,ru_ahk_inner_to_ru_aho_inner,Ru-AHK inner -> Ru-AHO inner,inner,inner,Same mechanism,Delta learning,5,82,0.99242206,1.1403240043720106
RandomForestRegressor,ru_ahk_inner_to_ru_aho_inner,Ru-AHK inner -> Ru-AHO inner,inner,inner,Same mechanism,Delta learning,5,86,0.67501313,2.3386496060453146
RandomForestRegressor,ru_ahk_inner_to_ru_aho_inner,Ru-AHK inner -> Ru-AHO inner,inner,inner,Same mechanism,Delta learning,5,87,0.56782018,1.42891676518642
RandomForestRegressor,ru_ahk_inner_to_ru_aho_inner,Ru-AHK inner -> Ru-AHO inner,inner,inner,Same mechanism,Delta learning,5,89,0.33293116,2.3046485995307284
RandomForestRegressor,ru_ahk_inner_to_ru_aho_inner,Ru-AHK inner -> Ru-AHO inner,inner,inner,Same mechanism,Delta learning,5,91,0.10866753,0.35066897179608003
RandomForestRegressor,ru_ahk_inner_to_ru_aho_inner,Ru-AHK inner -> Ru-AHO inner,inner,inner,Same mechanism,Delta learning,5,92,0.09139463,1.606241746932365
RandomForestRegressor,ru_ahk_outer_to_ru_aho_inner,Ru-AHK outer -> Ru-AHO inner,outer,inner,Different mechanism,Mixed transfer,1,0,4.50050002,2.5551845574702154
RandomForestRegressor,ru_ahk_outer_to_ru_aho_inner,Ru-AHK outer -> Ru-AHO inner,outer,inner,Different mechanism,Mixed transfer,1,4,3.13437597,2.9653773188647894
RandomForestRegressor,ru_ahk_outer_to_ru_aho_inner,Ru-AHK outer -> Ru-AHO inner,outer,inner,Different mechanism,Mixed transfer,1,10,2.89279432,2.6717802163149225
RandomForestRegressor,ru_ahk_outer_to_ru_aho_inner,Ru-AHK outer -> Ru-AHO inner,outer,inner,Different mechanism,Mixed transfer,1,12,2.72095293,2.6402056966727034
RandomForestRegressor,ru_ahk_outer_to_ru_aho_inner,Ru-AHK outer -> Ru-AHO inner,outer,inner,Different mechanism,Mixed transfer,1,18,2.72095293,2.5386352949999953
RandomForestRegressor,ru_ahk_outer_to_ru_aho_inner,Ru-AHK outer -> Ru-AHO inner,outer,inner,Different mechanism,Mixed transfer,1,22,2.63729647,2.2386402244965713
RandomForestRegressor,ru_ahk_outer_to_ru_aho_inner,Ru-AHK outer -> Ru-AHO inner,outer,inner,Different mechanism,Mixed transfer,1,26,2.49268506,1.8384934784611848
RandomForestRegressor,ru_ahk_outer_to_ru_aho_inner,Ru-AHK outer -> Ru-AHO inner,outer,inner,Different mechanism,Mixed transfer,1,31,2.30450133,1.8374524739880507
RandomForestRegressor,ru_ahk_outer_to_ru_aho_inner,Ru-AHK outer -> Ru-AHO inner,outer,inner,Different mechanism,Mixed transfer,1,40,2.13954868,2.0088282652117213
RandomForestRegressor,ru_ahk_outer_to_ru_aho_inner,Ru-AHK outer -> Ru-AHO inner,outer,inner,Different mechanism,Mixed transfer,1,42,2.12255274,2.220785351754476
RandomForestRegressor,ru_ahk_outer_to_ru_aho_inner,Ru-AHK outer -> Ru-AHO inner,outer,inner,Different mechanism,Mixed transfer,1,44,2.02174776,1.8917360651716755
RandomForestRegressor,ru_ahk_outer_to_ru_aho_inner,Ru-AHK outer -> Ru-AHO inner,outer,inner,Different mechanism,Mixed transfer,1,47,1.97754867,1.459656487687544
RandomForestRegressor,ru_ahk_outer_to_ru_aho_inner,Ru-AHK outer -> Ru-AHO inner,outer,inner,Different mechanism,Mixed transfer,1,62,1.56906465,1.8235514760873701
RandomForestRegressor,ru_ahk_outer_to_ru_aho_inner,Ru-AHK outer -> Ru-AHO inner,outer,inner,Different mechanism,Mixed transfer,1,64,1.53168147,1.4986255721483177
RandomForestRegressor,ru_ahk_outer_to_ru_aho_inner,Ru-AHK outer -> Ru-AHO inner,outer,inner,Different mechanism,Mixed transfer,1,73,1.39055932,1.501166758875148
RandomForestRegressor,ru_ahk_outer_to_ru_aho_inner,Ru-AHK outer -> Ru-AHO inner,outer,inner,Different mechanism,Mixed transfer,1,75,1.36999511,1.4065428069658776
RandomForestRegressor,ru_ahk_outer_to_ru_aho_inner,Ru-AHK outer -> Ru-AHO inner,outer,inner,Different mechanism,Mixed transfer,1,81,1.00421655,1.4185720128394002
RandomForestRegressor,ru_ahk_outer_to_ru_aho_inner,Ru-AHK outer -> Ru-AHO inner,outer,inner,Different mechanism,Mixed transfer,1,83,0.83956097,0.8378854137888788
RandomForestRegressor,ru_ahk_outer_to_ru_aho_inner,Ru-AHK outer -> Ru-AHO inner,outer,inner,Different mechanism,Mixed transfer,1,90,0.19433377,0.3065739777517444
RandomForestRegressor,ru_ahk_outer_to_ru_aho_inner,Ru-AHK outer -> Ru-AHO inner,outer,inner,Different mechanism,Mixed transfer,1,94,0.04739647,1.0682231378915426
RandomForestRegressor,ru_ahk_outer_to_ru_aho_inner,Ru-AHK outer -> Ru-AHO inner,outer,inner,Different mechanism,Delta learning,1,0,4.50050002,2.5772073995142284
RandomForestRegressor,ru_ahk_outer_to_ru_aho_inner,Ru-AHK outer -> Ru-AHO inner,outer,inner,Different mechanism,Delta learning,1,4,3.13437597,2.952989850188814
RandomForestRegressor,ru_ahk_outer_to_ru_aho_inner,Ru-AHK outer -> Ru-AHO inner,outer,inner,Different mechanism,Delta learning,1,10,2.89279432,2.7161162166531927
RandomForestRegressor,ru_ahk_outer_to_ru_aho_inner,Ru-AHK outer -> Ru-AHO inner,outer,inner,Different mechanism,Delta learning,1,12,2.72095293,2.7126974139735576
RandomForestRegressor,ru_ahk_outer_to_ru_aho_inner,Ru-AHK outer -> Ru-AHO inner,outer,inner,Different mechanism,Delta learning,1,18,2.72095293,2.6490668052360653
RandomForestRegressor,ru_ahk_outer_to_ru_aho_inner,Ru-AHK outer -> Ru-AHO inner,outer,inner,Different mechanism,Delta learning,1,22,2.63729647,2.547999901663735
RandomForestRegressor,ru_ahk_outer_to_ru_aho_inner,Ru-AHK outer -> Ru-AHO inner,outer,inner,Different mechanism,Delta learning,1,26,2.49268506,1.8718950412439825
RandomForestRegressor,ru_ahk_outer_to_ru_aho_inner,Ru-AHK outer -> Ru-AHO inner,outer,inner,Different mechanism,Delta learning,1,31,2.30450133,1.971674412692663
RandomForestRegressor,ru_ahk_outer_to_ru_aho_inner,Ru-AHK outer -> Ru-AHO inner,outer,inner,Different mechanism,Delta learning,1,40,2.13954868,1.956131928622034
RandomForestRegressor,ru_ahk_outer_to_ru_aho_inner,Ru-AHK outer -> Ru-AHO inner,outer,inner,Different mechanism,Delta learning,1,42,2.12255274,2.2471880664683828
RandomForestRegressor,ru_ahk_outer_to_ru_aho_inner,Ru-AHK outer -> Ru-AHO inner,outer,inner,Different mechanism,Delta learning,1,44,2.02174776,1.9119285799042345
RandomForestRegressor,ru_ahk_outer_to_ru_aho_inner,Ru-AHK outer -> Ru-AHO inner,outer,inner,Different mechanism,Delta learning,1,47,1.97754867,1.7391663694824682
RandomForestRegressor,ru_ahk_outer_to_ru_aho_inner,Ru-AHK outer -> Ru-AHO inner,outer,inner,Different mechanism,Delta learning,1,62,1.56906465,1.8637460925868619
RandomForestRegressor,ru_ahk_outer_to_ru_aho_inner,Ru-AHK outer -> Ru-AHO inner,outer,inner,Different mechanism,Delta learning,1,64,1.53168147,1.5013076352612251
RandomForestRegressor,ru_ahk_outer_to_ru_aho_inner,Ru-AHK outer -> Ru-AHO inner,outer,inner,Different mechanism,Delta learning,1,73,1.39055932,1.5136427664537546
RandomForestRegressor,ru_ahk_outer_to_ru_aho_inner,Ru-AHK outer -> Ru-AHO inner,outer,inner,Different mechanism,Delta learning,1,75,1.36999511,1.3338081149932022
RandomForestRegressor,ru_ahk_outer_to_ru_aho_inner,Ru-AHK outer -> Ru-AHO inner,outer,inner,Different mechanism,Delta learning,1,81,1.00421655,1.3513895668099933
RandomForestRegressor,ru_ahk_outer_to_ru_aho_inner,Ru-AHK outer -> Ru-AHO inner,outer,inner,Different mechanism,Delta learning,1,83,0.83956097,0.7058068866400199
RandomForestRegressor,ru_ahk_outer_to_ru_aho_inner,Ru-AHK outer -> Ru-AHO inner,outer,inner,Different mechanism,Delta learning,1,90,0.19433377,0.10680592809919909
RandomForestRegressor,ru_ahk_outer_to_ru_aho_inner,Ru-AHK outer -> Ru-AHO inner,outer,inner,Different mechanism,Delta learning,1,94,0.04739647,1.0979203086596847
RandomForestRegressor,ru_ahk_outer_to_ru_aho_inner,Ru-AHK outer -> Ru-AHO inner,outer,inner,Different mechanism,Mixed transfer,2,5,3.13437597,2.345719672515097
RandomForestRegressor,ru_ahk_outer_to_ru_aho_inner,Ru-AHK outer -> Ru-AHO inner,outer,inner,Different mechanism,Mixed transfer,2,9,3.13437597,3.6454833183207453
RandomForestRegressor,ru_ahk_outer_to_ru_aho_inner,Ru-AHK outer -> Ru-AHO inner,outer,inner,Different mechanism,Mixed transfer,2,11,2.81808334,2.8728044291191486
RandomForestRegressor,ru_ahk_outer_to_ru_aho_inner,Ru-AHK outer -> Ru-AHO inner,outer,inner,Different mechanism,Mixed transfer,2,15,2.72095293,1.9091067259841241
RandomForestRegressor,ru_ahk_outer_to_ru_aho_inner,Ru-AHK outer -> Ru-AHO inner,outer,inner,Different mechanism,Mixed transfer,2,16,2.72095293,3.23885929118887
RandomForestRegressor,ru_ahk_outer_to_ru_aho_inner,Ru-AHK outer -> Ru-AHO inner,outer,inner,Different mechanism,Mixed transfer,2,28,2.47786275,2.726995054657456
RandomForestRegressor,ru_ahk_outer_to_ru_aho_inner,Ru-AHK outer -> Ru-AHO inner,outer,inner,Different mechanism,Mixed transfer,2,30,2.3515711,2.3876039742886133
RandomForestRegressor,ru_ahk_outer_to_ru_aho_inner,Ru-AHK outer -> Ru-AHO inner,outer,inner,Different mechanism,Mixed transfer,2,33,2.30450133,3.278515156276
RandomForestRegressor,ru_ahk_outer_to_ru_aho_inner,Ru-AHK outer -> Ru-AHO inner,outer,inner,Different mechanism,Mixed transfer,2,35,2.30450133,2.9991995539571237
RandomForestRegressor,ru_ahk_outer_to_ru_aho_inner,Ru-AHK outer -> Ru-AHO inner,outer,inner,Different mechanism,Mixed transfer,2,39,2.16934032,1.69217546979898
RandomForestRegressor,ru_ahk_outer_to_ru_aho_inner,Ru-AHK outer -> Ru-AHO inner,outer,inner,Different mechanism,Mixed transfer,2,45,2.01889808,1.9297885415200333
RandomForestRegressor,ru_ahk_outer_to_ru_aho_inner,Ru-AHK outer -> Ru-AHO inner,outer,inner,Different mechanism,Mixed transfer,2,49,1.9607788,1.2468842248775722
RandomForestRegressor,ru_ahk_outer_to_ru_aho_inner,Ru-AHK outer -> Ru-AHO inner,outer,inner,Different mechanism,Mixed transfer,2,65,1.53168147,1.4531284750757658
RandomForestRegressor,ru_ahk_outer_to_ru_aho_inner,Ru-AHK outer -> Ru-AHO inner,outer,inner,Different mechanism,Mixed transfer,2,68,1.49260764,1.9746731933968613
RandomForestRegressor,ru_ahk_outer_to_ru_aho_inner,Ru-AHK outer -> Ru-AHO inner,outer,inner,Different mechanism,Mixed transfer,2,69,1.48763592,1.7767905716279357
RandomForestRegressor,ru_ahk_outer_to_ru_aho_inner,Ru-AHK outer -> Ru-AHO inner,outer,inner,Different mechanism,Mixed transfer,2,70,1.47570337,1.6842896691457054
RandomForestRegressor,ru_ahk_outer_to_ru_aho_inner,Ru-AHK outer -> Ru-AHO inner,outer,inner,Different mechanism,Mixed transfer,2,72,1.40708549,1.4531284750757658
RandomForestRegressor,ru_ahk_outer_to_ru_aho_inner,Ru-AHK outer -> Ru-AHO inner,outer,inner,Different mechanism,Mixed transfer,2,80,1.31904107,1.796679367604483
RandomForestRegressor,ru_ahk_outer_to_ru_aho_inner,Ru-AHK outer -> Ru-AHO inner,outer,inner,Different mechanism,Mixed transfer,2,88,0.39647984,1.3049299054969186
RandomForestRegressor,ru_ahk_outer_to_ru_aho_inner,Ru-AHK outer -> Ru-AHO inner,outer,inner,Different mechanism,Mixed transfer,2,93,0.04819171,0.37010839960033104
RandomForestRegressor,ru_ahk_outer_to_ru_aho_inner,Ru-AHK outer -> Ru-AHO inner,outer,inner,Different mechanism,Delta learning,2,5,3.13437597,2.7048902517081315
RandomForestRegressor,ru_ahk_outer_to_ru_aho_inner,Ru-AHK outer -> Ru-AHO inner,outer,inner,Different mechanism,Delta learning,2,9,3.13437597,3.647825643308013
RandomForestRegressor,ru_ahk_outer_to_ru_aho_inner,Ru-AHK outer -> Ru-AHO inner,outer,inner,Different mechanism,Delta learning,2,11,2.81808334,2.6947648207582424
RandomForestRegressor,ru_ahk_outer_to_ru_aho_inner,Ru-AHK outer -> Ru-AHO inner,outer,inner,Different mechanism,Delta learning,2,15,2.72095293,2.090712408321276
RandomForestRegressor,ru_ahk_outer_to_ru_aho_inner,Ru-AHK outer -> Ru-AHO inner,outer,inner,Different mechanism,Delta learning,2,16,2.72095293,3.3275708131808748
RandomForestRegressor,ru_ahk_outer_to_ru_aho_inner,Ru-AHK outer -> Ru-AHO inner,outer,inner,Different mechanism,Delta learning,2,28,2.47786275,2.7297611519527614
RandomForestRegressor,ru_ahk_outer_to_ru_aho_inner,Ru-AHK outer -> Ru-AHO inner,outer,inner,Different mechanism,Delta learning,2,30,2.3515711,2.587232335303724
RandomForestRegressor,ru_ahk_outer_to_ru_aho_inner,Ru-AHK outer -> Ru-AHO inner,outer,inner,Different mechanism,Delta learning,2,33,2.30450133,3.3319280986210726
RandomForestRegressor,ru_ahk_outer_to_ru_aho_inner,Ru-AHK outer -> Ru-AHO inner,outer,inner,Different mechanism,Delta learning,2,35,2.30450133,3.0688860685700017
RandomForestRegressor,ru_ahk_outer_to_ru_aho_inner,Ru-AHK outer -> Ru-AHO inner,outer,inner,Different mechanism,Delta learning,2,39,2.16934032,1.7814930988376205
RandomForestRegressor,ru_ahk_outer_to_ru_aho_inner,Ru-AHK outer -> Ru-AHO inner,outer,inner,Different mechanism,Delta learning,2,45,2.01889808,2.0064895235120317
RandomForestRegressor,ru_ahk_outer_to_ru_aho_inner,Ru-AHK outer -> Ru-AHO inner,outer,inner,Different mechanism,Delta learning,2,49,1.9607788,1.0447367642945424
RandomForestRegressor,ru_ahk_outer_to_ru_aho_inner,Ru-AHK outer -> Ru-AHO inner,outer,inner,Different mechanism,Delta learning,2,65,1.53168147,1.5153669041671103
RandomForestRegressor,ru_ahk_outer_to_ru_aho_inner,Ru-AHK outer -> Ru-AHO inner,outer,inner,Different mechanism,Delta learning,2,68,1.49260764,1.9163620097780723
RandomForestRegressor,ru_ahk_outer_to_ru_aho_inner,Ru-AHK outer -> Ru-AHO inner,outer,inner,Different mechanism,Delta learning,2,69,1.48763592,2.04743529318364
RandomForestRegressor,ru_ahk_outer_to_ru_aho_inner,Ru-AHK outer -> Ru-AHO inner,outer,inner,Different mechanism,Delta learning,2,70,1.47570337,1.5828826691242102
RandomForestRegressor,ru_ahk_outer_to_ru_aho_inner,Ru-AHK outer -> Ru-AHO inner,outer,inner,Different mechanism,Delta learning,2,72,1.40708549,1.5153669041671103
RandomForestRegressor,ru_ahk_outer_to_ru_aho_inner,Ru-AHK outer -> Ru-AHO inner,outer,inner,Different mechanism,Delta learning,2,80,1.31904107,1.6429843732615472
RandomForestRegressor,ru_ahk_outer_to_ru_aho_inner,Ru-AHK outer -> Ru-AHO inner,outer,inner,Different mechanism,Delta learning,2,88,0.39647984,1.184797816793055
RandomForestRegressor,ru_ahk_outer_to_ru_aho_inner,Ru-AHK outer -> Ru-AHO inner,outer,inner,Different mechanism,Delta learning,2,93,0.04819171,0.16699193241570542
RandomForestRegressor,ru_ahk_outer_to_ru_aho_inner,Ru-AHK outer -> Ru-AHO inner,outer,inner,Different mechanism,Mixed transfer,3,3,3.67873076,2.4711407112680117
RandomForestRegressor,ru_ahk_outer_to_ru_aho_inner,Ru-AHK outer -> Ru-AHO inner,outer,inner,Different mechanism,Mixed transfer,3,6,3.13437597,1.947403233177342
RandomForestRegressor,ru_ahk_outer_to_ru_aho_inner,Ru-AHK outer -> Ru-AHO inner,outer,inner,Different mechanism,Mixed transfer,3,7,3.13437597,2.45269876223484
RandomForestRegressor,ru_ahk_outer_to_ru_aho_inner,Ru-AHK outer -> Ru-AHO inner,outer,inner,Different mechanism,Mixed transfer,3,8,3.13437597,2.2319811704416366
RandomForestRegressor,ru_ahk_outer_to_ru_aho_inner,Ru-AHK outer -> Ru-AHO inner,outer,inner,Different mechanism,Mixed transfer,3,13,2.72095293,2.554100931976196
RandomForestRegressor,ru_ahk_outer_to_ru_aho_inner,Ru-AHK outer -> Ru-AHO inner,outer,inner,Different mechanism,Mixed transfer,3,17,2.72095293,3.1207404018538383
RandomForestRegressor,ru_ahk_outer_to_ru_aho_inner,Ru-AHK outer -> Ru-AHO inner,outer,inner,Different mechanism,Mixed transfer,3,19,2.72095293,2.710252309666116
RandomForestRegressor,ru_ahk_outer_to_ru_aho_inner,Ru-AHK outer -> Ru-AHO inner,outer,inner,Different mechanism,Mixed transfer,3,24,2.49823771,2.3055441031100132
RandomForestRegressor,ru_ahk_outer_to_ru_aho_inner,Ru-AHK outer -> Ru-AHO inner,outer,inner,Different mechanism,Mixed transfer,3,25,2.49823771,2.582800583081064
RandomForestRegressor,ru_ahk_outer_to_ru_aho_inner,Ru-AHK outer -> Ru-AHO inner,outer,inner,Different mechanism,Mixed transfer,3,27,2.47786275,3.7532266430404935
RandomForestRegressor,ru_ahk_outer_to_ru_aho_inner,Ru-AHK outer -> Ru-AHO inner,outer,inner,Different mechanism,Mixed transfer,3,34,2.30450133,3.1203351516892717
RandomForestRegressor,ru_ahk_outer_to_ru_aho_inner,Ru-AHK outer -> Ru-AHO inner,outer,inner,Different mechanism,Mixed transfer,3,36,2.28957767,2.4206308158000005
RandomForestRegressor,ru_ahk_outer_to_ru_aho_inner,Ru-AHK outer -> Ru-AHO inner,outer,inner,Different mechanism,Mixed transfer,3,38,2.20688949,1.9247663536334008
RandomForestRegressor,ru_ahk_outer_to_ru_aho_inner,Ru-AHK outer -> Ru-AHO inner,outer,inner,Different mechanism,Mixed transfer,3,53,1.84440958,1.8698073468472163
RandomForestRegressor,ru_ahk_outer_to_ru_aho_inner,Ru-AHK outer -> Ru-AHO inner,outer,inner,Different mechanism,Mixed transfer,3,55,1.80901573,1.7099263227604886
RandomForestRegressor,ru_ahk_outer_to_ru_aho_inner,Ru-AHK outer -> Ru-AHO inner,outer,inner,Different mechanism,Mixed transfer,3,56,1.73731552,2.4206308158000005
RandomForestRegressor,ru_ahk_outer_to_ru_aho_inner,Ru-AHK outer -> Ru-AHO inner,outer,inner,Different mechanism,Mixed transfer,3,76,1.36999511,0.6115006495968688
RandomForestRegressor,ru_ahk_outer_to_ru_aho_inner,Ru-AHK outer -> Ru-AHO inner,outer,inner,Different mechanism,Mixed transfer,3,78,1.35390456,1.4100510195118028
RandomForestRegressor,ru_ahk_outer_to_ru_aho_inner,Ru-AHK outer -> Ru-AHO inner,outer,inner,Different mechanism,Mixed transfer,3,79,1.33471728,1.4759579394608844
RandomForestRegressor,ru_ahk_outer_to_ru_aho_inner,Ru-AHK outer -> Ru-AHO inner,outer,inner,Different mechanism,Mixed transfer,3,85,0.80254597,0.4258371625439563
RandomForestRegressor,ru_ahk_outer_to_ru_aho_inner,Ru-AHK outer -> Ru-AHO inner,outer,inner,Different mechanism,Delta learning,3,3,3.67873076,2.5522417483222046
RandomForestRegressor,ru_ahk_outer_to_ru_aho_inner,Ru-AHK outer -> Ru-AHO inner,outer,inner,Different mechanism,Delta learning,3,6,3.13437597,2.3614186390176823
RandomForestRegressor,ru_ahk_outer_to_ru_aho_inner,Ru-AHK outer -> Ru-AHO inner,outer,inner,Different mechanism,Delta learning,3,7,3.13437597,2.5514538180009767
RandomForestRegressor,ru_ahk_outer_to_ru_aho_inner,Ru-AHK outer -> Ru-AHO inner,outer,inner,Different mechanism,Delta learning,3,8,3.13437597,2.665414472045815
RandomForestRegressor,ru_ahk_outer_to_ru_aho_inner,Ru-AHK outer -> Ru-AHO inner,outer,inner,Different mechanism,Delta learning,3,13,2.72095293,2.6175487685834424
RandomForestRegressor,ru_ahk_outer_to_ru_aho_inner,Ru-AHK outer -> Ru-AHO inner,outer,inner,Different mechanism,Delta learning,3,17,2.72095293,2.9500614690612377
RandomForestRegressor,ru_ahk_outer_to_ru_aho_inner,Ru-AHK outer -> Ru-AHO inner,outer,inner,Different mechanism,Delta learning,3,19,2.72095293,2.612217043654955
RandomForestRegressor,ru_ahk_outer_to_ru_aho_inner,Ru-AHK outer -> Ru-AHO inner,outer,inner,Different mechanism,Delta learning,3,24,2.49823771,2.4807713512431313
RandomForestRegressor,ru_ahk_outer_to_ru_aho_inner,Ru-AHK outer -> Ru-AHO inner,outer,inner,Different mechanism,Delta learning,3,25,2.49823771,2.5367069708455716
RandomForestRegressor,ru_ahk_outer_to_ru_aho_inner,Ru-AHK outer -> Ru-AHO inner,outer,inner,Different mechanism,Delta learning,3,27,2.47786275,4.045971734108403
RandomForestRegressor,ru_ahk_outer_to_ru_aho_inner,Ru-AHK outer -> Ru-AHO inner,outer,inner,Different mechanism,Delta learning,3,34,2.30450133,3.000811557583887
RandomForestRegressor,ru_ahk_outer_to_ru_aho_inner,Ru-AHK outer -> Ru-AHO inner,outer,inner,Different mechanism,Delta learning,3,36,2.28957767,2.4529763013531127
RandomForestRegressor,ru_ahk_outer_to_ru_aho_inner,Ru-AHK outer -> Ru-AHO inner,outer,inner,Different mechanism,Delta learning,3,38,2.20688949,2.1035617959652155
RandomForestRegressor,ru_ahk_outer_to_ru_aho_inner,Ru-AHK outer -> Ru-AHO inner,outer,inner,Different mechanism,Delta learning,3,53,1.84440958,1.9683363525339534
RandomForestRegressor,ru_ahk_outer_to_ru_aho_inner,Ru-AHK outer -> Ru-AHO inner,outer,inner,Different mechanism,Delta learning,3,55,1.80901573,1.7374467922716137
RandomForestRegressor,ru_ahk_outer_to_ru_aho_inner,Ru-AHK outer -> Ru-AHO inner,outer,inner,Different mechanism,Delta learning,3,56,1.73731552,2.4529763013531127
RandomForestRegressor,ru_ahk_outer_to_ru_aho_inner,Ru-AHK outer -> Ru-AHO inner,outer,inner,Different mechanism,Delta learning,3,76,1.36999511,0.3665251721832301
RandomForestRegressor,ru_ahk_outer_to_ru_aho_inner,Ru-AHK outer -> Ru-AHO inner,outer,inner,Different mechanism,Delta learning,3,78,1.35390456,1.2511078431589222
RandomForestRegressor,ru_ahk_outer_to_ru_aho_inner,Ru-AHK outer -> Ru-AHO inner,outer,inner,Different mechanism,Delta learning,3,79,1.33471728,1.2361502880276711
RandomForestRegressor,ru_ahk_outer_to_ru_aho_inner,Ru-AHK outer -> Ru-AHO inner,outer,inner,Different mechanism,Delta learning,3,85,0.80254597,0.3451533024718245
RandomForestRegressor,ru_ahk_outer_to_ru_aho_inner,Ru-AHK outer -> Ru-AHO inner,outer,inner,Different mechanism,Mixed transfer,4,32,2.30450133,2.464717346532566
RandomForestRegressor,ru_ahk_outer_to_ru_aho_inner,Ru-AHK outer -> Ru-AHO inner,outer,inner,Different mechanism,Mixed transfer,4,41,2.13444943,1.5710682062320436
RandomForestRegressor,ru_ahk_outer_to_ru_aho_inner,Ru-AHK outer -> Ru-AHO inner,outer,inner,Different mechanism,Mixed transfer,4,43,2.11117069,1.6182784238057704
RandomForestRegressor,ru_ahk_outer_to_ru_aho_inner,Ru-AHK outer -> Ru-AHO inner,outer,inner,Different mechanism,Mixed transfer,4,46,2.00941149,2.0021359128591634
RandomForestRegressor,ru_ahk_outer_to_ru_aho_inner,Ru-AHK outer -> Ru-AHO inner,outer,inner,Different mechanism,Mixed transfer,4,48,1.96551622,1.9416951259149906
RandomForestRegressor,ru_ahk_outer_to_ru_aho_inner,Ru-AHK outer -> Ru-AHO inner,outer,inner,Different mechanism,Mixed transfer,4,50,1.95650617,1.645336369775659
RandomForestRegressor,ru_ahk_outer_to_ru_aho_inner,Ru-AHK outer -> Ru-AHO inner,outer,inner,Different mechanism,Mixed transfer,4,54,1.80901573,2.147217245694425
RandomForestRegressor,ru_ahk_outer_to_ru_aho_inner,Ru-AHK outer -> Ru-AHO inner,outer,inner,Different mechanism,Mixed transfer,4,57,1.68395754,1.907641963827305
RandomForestRegressor,ru_ahk_outer_to_ru_aho_inner,Ru-AHK outer -> Ru-AHO inner,outer,inner,Different mechanism,Mixed transfer,4,58,1.66417952,1.4316775969516713
RandomForestRegressor,ru_ahk_outer_to_ru_aho_inner,Ru-AHK outer -> Ru-AHO inner,outer,inner,Different mechanism,Mixed transfer,4,59,1.62929332,1.5981234244828288
RandomForestRegressor,ru_ahk_outer_to_ru_aho_inner,Ru-AHK outer -> Ru-AHO inner,outer,inner,Different mechanism,Mixed transfer,4,61,1.57873877,1.523978838792907
RandomForestRegressor,ru_ahk_outer_to_ru_aho_inner,Ru-AHK outer -> Ru-AHO inner,outer,inner,Different mechanism,Mixed transfer,4,63,1.56019653,1.3924782889679799
RandomForestRegressor,ru_ahk_outer_to_ru_aho_inner,Ru-AHK outer -> Ru-AHO inner,outer,inner,Different mechanism,Mixed transfer,4,66,1.51369193,1.2990213815033649
RandomForestRegressor,ru_ahk_outer_to_ru_aho_inner,Ru-AHK outer -> Ru-AHO inner,outer,inner,Different mechanism,Mixed transfer,4,67,1.51369193,1.4542441245923738
RandomForestRegressor,ru_ahk_outer_to_ru_aho_inner,Ru-AHK outer -> Ru-AHO inner,outer,inner,Different mechanism,Mixed transfer,4,77,1.36283425,1.2375646965892215
RandomForestRegressor,ru_ahk_outer_to_ru_aho_inner,Ru-AHK outer -> Ru-AHO inner,outer,inner,Different mechanism,Mixed transfer,4,84,0.80438248,1.3284703023007354
RandomForestRegressor,ru_ahk_outer_to_ru_aho_inner,Ru-AHK outer -> Ru-AHO inner,outer,inner,Different mechanism,Mixed transfer,4,95,0.0120419,1.0894914889622345
RandomForestRegressor,ru_ahk_outer_to_ru_aho_inner,Ru-AHK outer -> Ru-AHO inner,outer,inner,Different mechanism,Mixed transfer,4,96,0.0,0.925722234100693
RandomForestRegressor,ru_ahk_outer_to_ru_aho_inner,Ru-AHK outer -> Ru-AHO inner,outer,inner,Different mechanism,Mixed transfer,4,97,0.0,0.9557585798127322
RandomForestRegressor,ru_ahk_outer_to_ru_aho_inner,Ru-AHK outer -> Ru-AHO inner,outer,inner,Different mechanism,Delta learning,4,32,2.30450133,2.546993418481998
RandomForestRegressor,ru_ahk_outer_to_ru_aho_inner,Ru-AHK outer -> Ru-AHO inner,outer,inner,Different mechanism,Delta learning,4,41,2.13444943,1.8374489662078157
RandomForestRegressor,ru_ahk_outer_to_ru_aho_inner,Ru-AHK outer -> Ru-AHO inner,outer,inner,Different mechanism,Delta learning,4,43,2.11117069,1.5459033371937128
RandomForestRegressor,ru_ahk_outer_to_ru_aho_inner,Ru-AHK outer -> Ru-AHO inner,outer,inner,Different mechanism,Delta learning,4,46,2.00941149,2.037762637766148
RandomForestRegressor,ru_ahk_outer_to_ru_aho_inner,Ru-AHK outer -> Ru-AHO inner,outer,inner,Different mechanism,Delta learning,4,48,1.96551622,1.9487674057878368
RandomForestRegressor,ru_ahk_outer_to_ru_aho_inner,Ru-AHK outer -> Ru-AHO inner,outer,inner,Different mechanism,Delta learning,4,50,1.95650617,1.6081332952945537
RandomForestRegressor,ru_ahk_outer_to_ru_aho_inner,Ru-AHK outer -> Ru-AHO inner,outer,inner,Different mechanism,Delta learning,4,54,1.80901573,2.2610211154979076
RandomForestRegressor,ru_ahk_outer_to_ru_aho_inner,Ru-AHK outer -> Ru-AHO inner,outer,inner,Different mechanism,Delta learning,4,57,1.68395754,1.7649334857921866
RandomForestRegressor,ru_ahk_outer_to_ru_aho_inner,Ru-AHK outer -> Ru-AHO inner,outer,inner,Different mechanism,Delta learning,4,58,1.66417952,1.2792338251995496
RandomForestRegressor,ru_ahk_outer_to_ru_aho_inner,Ru-AHK outer -> Ru-AHO inner,outer,inner,Different mechanism,Delta learning,4,59,1.62929332,1.3241275602314388
RandomForestRegressor,ru_ahk_outer_to_ru_aho_inner,Ru-AHK outer -> Ru-AHO inner,outer,inner,Different mechanism,Delta learning,4,61,1.57873877,1.4159101298740802
RandomForestRegressor,ru_ahk_outer_to_ru_aho_inner,Ru-AHK outer -> Ru-AHO inner,outer,inner,Different mechanism,Delta learning,4,63,1.56019653,1.1254257545054123
RandomForestRegressor,ru_ahk_outer_to_ru_aho_inner,Ru-AHK outer -> Ru-AHO inner,outer,inner,Different mechanism,Delta learning,4,66,1.51369193,1.0559002920698393
RandomForestRegressor,ru_ahk_outer_to_ru_aho_inner,Ru-AHK outer -> Ru-AHO inner,outer,inner,Different mechanism,Delta learning,4,67,1.51369193,1.4104859364406062
RandomForestRegressor,ru_ahk_outer_to_ru_aho_inner,Ru-AHK outer -> Ru-AHO inner,outer,inner,Different mechanism,Delta learning,4,77,1.36283425,1.2001040858147243
RandomForestRegressor,ru_ahk_outer_to_ru_aho_inner,Ru-AHK outer -> Ru-AHO inner,outer,inner,Different mechanism,Delta learning,4,84,0.80438248,1.2704377735512806
RandomForestRegressor,ru_ahk_outer_to_ru_aho_inner,Ru-AHK outer -> Ru-AHO inner,outer,inner,Different mechanism,Delta learning,4,95,0.0120419,0.7263248996004728
RandomForestRegressor,ru_ahk_outer_to_ru_aho_inner,Ru-AHK outer -> Ru-AHO inner,outer,inner,Different mechanism,Delta learning,4,96,0.0,0.7893788396250803
RandomForestRegressor,ru_ahk_outer_to_ru_aho_inner,Ru-AHK outer -> Ru-AHO inner,outer,inner,Different mechanism,Delta learning,4,97,0.0,0.742104487295319
RandomForestRegressor,ru_ahk_outer_to_ru_aho_inner,Ru-AHK outer -> Ru-AHO inner,outer,inner,Different mechanism,Mixed transfer,5,1,4.50050002,2.947337470006928
RandomForestRegressor,ru_ahk_outer_to_ru_aho_inner,Ru-AHK outer -> Ru-AHO inner,outer,inner,Different mechanism,Mixed transfer,5,2,3.84937533,2.842120641183601
RandomForestRegressor,ru_ahk_outer_to_ru_aho_inner,Ru-AHK outer -> Ru-AHO inner,outer,inner,Different mechanism,Mixed transfer,5,14,2.72095293,2.6110285950540786
RandomForestRegressor,ru_ahk_outer_to_ru_aho_inner,Ru-AHK outer -> Ru-AHO inner,outer,inner,Different mechanism,Mixed transfer,5,20,2.72095293,2.5416715183458667
RandomForestRegressor,ru_ahk_outer_to_ru_aho_inner,Ru-AHK outer -> Ru-AHO inner,outer,inner,Different mechanism,Mixed transfer,5,21,2.6917632,2.237485762650436
RandomForestRegressor,ru_ahk_outer_to_ru_aho_inner,Ru-AHK outer -> Ru-AHO inner,outer,inner,Different mechanism,Mixed transfer,5,23,2.61179564,2.0594973440711293
RandomForestRegressor,ru_ahk_outer_to_ru_aho_inner,Ru-AHK outer -> Ru-AHO inner,outer,inner,Different mechanism,Mixed transfer,5,29,2.47786275,2.804716768112489
RandomForestRegressor,ru_ahk_outer_to_ru_aho_inner,Ru-AHK outer -> Ru-AHO inner,outer,inner,Different mechanism,Mixed transfer,5,37,2.26077037,1.8568291145320435
RandomForestRegressor,ru_ahk_outer_to_ru_aho_inner,Ru-AHK outer -> Ru-AHO inner,outer,inner,Different mechanism,Mixed transfer,5,51,1.94448624,2.008698778881003
RandomForestRegressor,ru_ahk_outer_to_ru_aho_inner,Ru-AHK outer -> Ru-AHO inner,outer,inner,Different mechanism,Mixed transfer,5,52,1.88185187,1.7917920270237202
RandomForestRegressor,ru_ahk_outer_to_ru_aho_inner,Ru-AHK outer -> Ru-AHO inner,outer,inner,Different mechanism,Mixed transfer,5,60,1.62929332,2.238119682299997
RandomForestRegressor,ru_ahk_outer_to_ru_aho_inner,Ru-AHK outer -> Ru-AHO inner,outer,inner,Different mechanism,Mixed transfer,5,71,1.47016368,1.5782871783767747
RandomForestRegressor,ru_ahk_outer_to_ru_aho_inner,Ru-AHK outer -> Ru-AHO inner,outer,inner,Different mechanism,Mixed transfer,5,74,1.38325909,1.3621015391678994
RandomForestRegressor,ru_ahk_outer_to_ru_aho_inner,Ru-AHK outer -> Ru-AHO inner,outer,inner,Different mechanism,Mixed transfer,5,82,0.99242206,1.2301508029544048
RandomForestRegressor,ru_ahk_outer_to_ru_aho_inner,Ru-AHK outer -> Ru-AHO inner,outer,inner,Different mechanism,Mixed transfer,5,86,0.67501313,1.6352585318635087
RandomForestRegressor,ru_ahk_outer_to_ru_aho_inner,Ru-AHK outer -> Ru-AHO inner,outer,inner,Different mechanism,Mixed transfer,5,87,0.56782018,2.028130638981538
RandomForestRegressor,ru_ahk_outer_to_ru_aho_inner,Ru-AHK outer -> Ru-AHO inner,outer,inner,Different mechanism,Mixed transfer,5,89,0.33293116,2.1626422514786503
RandomForestRegressor,ru_ahk_outer_to_ru_aho_inner,Ru-AHK outer -> Ru-AHO inner,outer,inner,Different mechanism,Mixed transfer,5,91,0.10866753,1.0007968792434776
RandomForestRegressor,ru_ahk_outer_to_ru_aho_inner,Ru-AHK outer -> Ru-AHO inner,outer,inner,Different mechanism,Mixed transfer,5,92,0.09139463,2.211279832414794
RandomForestRegressor,ru_ahk_outer_to_ru_aho_inner,Ru-AHK outer -> Ru-AHO inner,outer,inner,Different mechanism,Delta learning,5,1,4.50050002,3.1108450942317942
RandomForestRegressor,ru_ahk_outer_to_ru_aho_inner,Ru-AHK outer -> Ru-AHO inner,outer,inner,Different mechanism,Delta learning,5,2,3.84937533,2.8964013015186953
RandomForestRegressor,ru_ahk_outer_to_ru_aho_inner,Ru-AHK outer -> Ru-AHO inner,outer,inner,Different mechanism,Delta learning,5,14,2.72095293,2.660226208821685
RandomForestRegressor,ru_ahk_outer_to_ru_aho_inner,Ru-AHK outer -> Ru-AHO inner,outer,inner,Different mechanism,Delta learning,5,20,2.72095293,2.5367778086199886
RandomForestRegressor,ru_ahk_outer_to_ru_aho_inner,Ru-AHK outer -> Ru-AHO inner,outer,inner,Different mechanism,Delta learning,5,21,2.6917632,2.360800524539996
RandomForestRegressor,ru_ahk_outer_to_ru_aho_inner,Ru-AHK outer -> Ru-AHO inner,outer,inner,Different mechanism,Delta learning,5,23,2.61179564,2.045549522777169
RandomForestRegressor,ru_ahk_outer_to_ru_aho_inner,Ru-AHK outer -> Ru-AHO inner,outer,inner,Different mechanism,Delta learning,5,29,2.47786275,2.8571731241807488
RandomForestRegressor,ru_ahk_outer_to_ru_aho_inner,Ru-AHK outer -> Ru-AHO inner,outer,inner,Different mechanism,Delta learning,5,37,2.26077037,2.185090197709181
RandomForestRegressor,ru_ahk_outer_to_ru_aho_inner,Ru-AHK outer -> Ru-AHO inner,outer,inner,Different mechanism,Delta learning,5,51,1.94448624,1.9172797172713099
RandomForestRegressor,ru_ahk_outer_to_ru_aho_inner,Ru-AHK outer -> Ru-AHO inner,outer,inner,Different mechanism,Delta learning,5,52,1.88185187,1.7187160097296201
RandomForestRegressor,ru_ahk_outer_to_ru_aho_inner,Ru-AHK outer -> Ru-AHO inner,outer,inner,Different mechanism,Delta learning,5,60,1.62929332,2.2371793243212297
RandomForestRegressor,ru_ahk_outer_to_ru_aho_inner,Ru-AHK outer -> Ru-AHO inner,outer,inner,Different mechanism,Delta learning,5,71,1.47016368,1.8126898340985949
RandomForestRegressor,ru_ahk_outer_to_ru_aho_inner,Ru-AHK outer -> Ru-AHO inner,outer,inner,Different mechanism,Delta learning,5,74,1.38325909,1.4847199715018915
RandomForestRegressor,ru_ahk_outer_to_ru_aho_inner,Ru-AHK outer -> Ru-AHO inner,outer,inner,Different mechanism,Delta learning,5,82,0.99242206,1.3656413960961709
RandomForestRegressor,ru_ahk_outer_to_ru_aho_inner,Ru-AHK outer -> Ru-AHO inner,outer,inner,Different mechanism,Delta learning,5,86,0.67501313,3.048541540730671
RandomForestRegressor,ru_ahk_outer_to_ru_aho_inner,Ru-AHK outer -> Ru-AHO inner,outer,inner,Different mechanism,Delta learning,5,87,0.56782018,2.6457744215049623
RandomForestRegressor,ru_ahk_outer_to_ru_aho_inner,Ru-AHK outer -> Ru-AHO inner,outer,inner,Different mechanism,Delta learning,5,89,0.33293116,2.6675797808043797
RandomForestRegressor,ru_ahk_outer_to_ru_aho_inner,Ru-AHK outer -> Ru-AHO inner,outer,inner,Different mechanism,Delta learning,5,91,0.10866753,0.21299595711690755
RandomForestRegressor,ru_ahk_outer_to_ru_aho_inner,Ru-AHK outer -> Ru-AHO inner,outer,inner,Different mechanism,Delta learning,5,92,0.09139463,2.8847321458891915
GaussianProcessRegressor,target_only_ru_aho_inner,Ru-AHO inner target-only,none,inner,Target-only,Target-only,1,0,4.50050002,1.8919410835897434
GaussianProcessRegressor,target_only_ru_aho_inner,Ru-AHO inner target-only,none,inner,Target-only,Target-only,1,4,3.13437597,2.720952133787392
GaussianProcessRegressor,target_only_ru_aho_inner,Ru-AHO inner target-only,none,inner,Target-only,Target-only,1,10,2.89279432,1.8919410835897434
GaussianProcessRegressor,target_only_ru_aho_inner,Ru-AHO inner target-only,none,inner,Target-only,Target-only,1,12,2.72095293,1.8919410835897434
GaussianProcessRegressor,target_only_ru_aho_inner,Ru-AHO inner target-only,none,inner,Target-only,Target-only,1,18,2.72095293,2.4778621872598894
GaussianProcessRegressor,target_only_ru_aho_inner,Ru-AHO inner target-only,none,inner,Target-only,Target-only,1,22,2.63729647,1.8919410835897434
GaussianProcessRegressor,target_only_ru_aho_inner,Ru-AHO inner target-only,none,inner,Target-only,Target-only,1,26,2.49268506,1.8919410835897434
GaussianProcessRegressor,target_only_ru_aho_inner,Ru-AHO inner target-only,none,inner,Target-only,Target-only,1,31,2.30450133,1.8919410835897434
GaussianProcessRegressor,target_only_ru_aho_inner,Ru-AHO inner target-only,none,inner,Target-only,Target-only,1,40,2.13954868,1.8919410835897434
GaussianProcessRegressor,target_only_ru_aho_inner,Ru-AHO inner target-only,none,inner,Target-only,Target-only,1,42,2.12255274,2.21289617406825
GaussianProcessRegressor,target_only_ru_aho_inner,Ru-AHO inner target-only,none,inner,Target-only,Target-only,1,44,2.02174776,1.8919410835897434
GaussianProcessRegressor,target_only_ru_aho_inner,Ru-AHO inner target-only,none,inner,Target-only,Target-only,1,47,1.97754867,1.8919410835897434
GaussianProcessRegressor,target_only_ru_aho_inner,Ru-AHO inner target-only,none,inner,Target-only,Target-only,1,62,1.56906465,1.8919410835897434
GaussianProcessRegressor,target_only_ru_aho_inner,Ru-AHO inner target-only,none,inner,Target-only,Target-only,1,64,1.53168147,1.8919410835897434
GaussianProcessRegressor,target_only_ru_aho_inner,Ru-AHO inner target-only,none,inner,Target-only,Target-only,1,73,1.39055932,1.8919410835897434
GaussianProcessRegressor,target_only_ru_aho_inner,Ru-AHO inner target-only,none,inner,Target-only,Target-only,1,75,1.36999511,1.8919410835897434
GaussianProcessRegressor,target_only_ru_aho_inner,Ru-AHO inner target-only,none,inner,Target-only,Target-only,1,81,1.00421655,1.8919410835897434
GaussianProcessRegressor,target_only_ru_aho_inner,Ru-AHO inner target-only,none,inner,Target-only,Target-only,1,83,0.83956097,1.8919410835897434
GaussianProcessRegressor,target_only_ru_aho_inner,Ru-AHO inner target-only,none,inner,Target-only,Target-only,1,90,0.19433377,0.048193480802798616
GaussianProcessRegressor,target_only_ru_aho_inner,Ru-AHO inner target-only,none,inner,Target-only,Target-only,1,94,0.04739647,1.8919410835897434
GaussianProcessRegressor,target_only_ru_aho_inner,Ru-AHO inner target-only,none,inner,Target-only,Target-only,2,5,3.13437597,1.8962698506410258
GaussianProcessRegressor,target_only_ru_aho_inner,Ru-AHO inner target-only,none,inner,Target-only,Target-only,2,9,3.13437597,1.8962698506410258
GaussianProcessRegressor,target_only_ru_aho_inner,Ru-AHO inner target-only,none,inner,Target-only,Target-only,2,11,2.81808334,1.8962698506410258
GaussianProcessRegressor,target_only_ru_aho_inner,Ru-AHO inner target-only,none,inner,Target-only,Target-only,2,15,2.72095293,1.8962698506410258
GaussianProcessRegressor,target_only_ru_aho_inner,Ru-AHO inner target-only,none,inner,Target-only,Target-only,2,16,2.72095293,3.1343747844412313
GaussianProcessRegressor,target_only_ru_aho_inner,Ru-AHO inner target-only,none,inner,Target-only,Target-only,2,28,2.47786275,2.7209521403178876
GaussianProcessRegressor,target_only_ru_aho_inner,Ru-AHO inner target-only,none,inner,Target-only,Target-only,2,30,2.3515711,1.8962698506410258
GaussianProcessRegressor,target_only_ru_aho_inner,Ru-AHO inner target-only,none,inner,Target-only,Target-only,2,33,2.30450133,1.8962698506410258
GaussianProcessRegressor,target_only_ru_aho_inner,Ru-AHO inner target-only,none,inner,Target-only,Target-only,2,35,2.30450133,1.8962698506410258
GaussianProcessRegressor,target_only_ru_aho_inner,Ru-AHO inner target-only,none,inner,Target-only,Target-only,2,39,2.16934032,1.8962698506410258
GaussianProcessRegressor,target_only_ru_aho_inner,Ru-AHO inner target-only,none,inner,Target-only,Target-only,2,45,2.01889808,1.8962698506410258
GaussianProcessRegressor,target_only_ru_aho_inner,Ru-AHO inner target-only,none,inner,Target-only,Target-only,2,49,1.9607788,1.8962698506410258
GaussianProcessRegressor,target_only_ru_aho_inner,Ru-AHO inner target-only,none,inner,Target-only,Target-only,2,65,1.53168147,1.8962698506410258
GaussianProcessRegressor,target_only_ru_aho_inner,Ru-AHO inner target-only,none,inner,Target-only,Target-only,2,68,1.49260764,1.8962698506410258
GaussianProcessRegressor,target_only_ru_aho_inner,Ru-AHO inner target-only,none,inner,Target-only,Target-only,2,69,1.48763592,1.8962698506410258
GaussianProcessRegressor,target_only_ru_aho_inner,Ru-AHO inner target-only,none,inner,Target-only,Target-only,2,70,1.47570337,1.8962698506410258
GaussianProcessRegressor,target_only_ru_aho_inner,Ru-AHO inner target-only,none,inner,Target-only,Target-only,2,72,1.40708549,1.8962698506410258
GaussianProcessRegressor,target_only_ru_aho_inner,Ru-AHO inner target-only,none,inner,Target-only,Target-only,2,80,1.31904107,1.8962698506410258
GaussianProcessRegressor,target_only_ru_aho_inner,Ru-AHO inner target-only,none,inner,Target-only,Target-only,2,88,0.39647984,1.8962698506410258
GaussianProcessRegressor,target_only_ru_aho_inner,Ru-AHO inner target-only,none,inner,Target-only,Target-only,2,93,0.04819171,0.1943353997029893
GaussianProcessRegressor,target_only_ru_aho_inner,Ru-AHO inner target-only,none,inner,Target-only,Target-only,3,3,3.67873076,1.8129710492307691
GaussianProcessRegressor,target_only_ru_aho_inner,Ru-AHO inner target-only,none,inner,Target-only,Target-only,3,6,3.13437597,1.8129710492307691
GaussianProcessRegressor,target_only_ru_aho_inner,Ru-AHO inner target-only,none,inner,Target-only,Target-only,3,7,3.13437597,1.8129710492307691
GaussianProcessRegressor,target_only_ru_aho_inner,Ru-AHO inner target-only,none,inner,Target-only,Target-only,3,8,3.13437597,1.8129710492307691
GaussianProcessRegressor,target_only_ru_aho_inner,Ru-AHO inner target-only,none,inner,Target-only,Target-only,3,13,2.72095293,1.8129710492307691
GaussianProcessRegressor,target_only_ru_aho_inner,Ru-AHO inner target-only,none,inner,Target-only,Target-only,3,17,2.72095293,1.8129710492307691
GaussianProcessRegressor,target_only_ru_aho_inner,Ru-AHO inner target-only,none,inner,Target-only,Target-only,3,19,2.72095293,1.8129710492307691
GaussianProcessRegressor,target_only_ru_aho_inner,Ru-AHO inner target-only,none,inner,Target-only,Target-only,3,24,2.49823771,1.8129710492307691
GaussianProcessRegressor,target_only_ru_aho_inner,Ru-AHO inner target-only,none,inner,Target-only,Target-only,3,25,2.49823771,1.8129710492307691
GaussianProcessRegressor,target_only_ru_aho_inner,Ru-AHO inner target-only,none,inner,Target-only,Target-only,3,27,2.47786275,1.8129710492307691
GaussianProcessRegressor,target_only_ru_aho_inner,Ru-AHO inner target-only,none,inner,Target-only,Target-only,3,34,2.30450133,1.8129710492307691
GaussianProcessRegressor,target_only_ru_aho_inner,Ru-AHO inner target-only,none,inner,Target-only,Target-only,3,36,2.28957767,2.3671739139181
GaussianProcessRegressor,target_only_ru_aho_inner,Ru-AHO inner target-only,none,inner,Target-only,Target-only,3,38,2.20688949,1.8129710492307691
GaussianProcessRegressor,target_only_ru_aho_inner,Ru-AHO inner target-only,none,inner,Target-only,Target-only,3,53,1.84440958,1.8129710492307691
GaussianProcessRegressor,target_only_ru_aho_inner,Ru-AHO inner target-only,none,inner,Target-only,Target-only,3,55,1.80901573,1.8129710492307691
GaussianProcessRegressor,target_only_ru_aho_inner,Ru-AHO inner target-only,none,inner,Target-only,Target-only,3,56,1.73731552,2.3671739139181
GaussianProcessRegressor,target_only_ru_aho_inner,Ru-AHO inner target-only,none,inner,Target-only,Target-only,3,76,1.36999511,1.8129710492307691
GaussianProcessRegressor,target_only_ru_aho_inner,Ru-AHO inner target-only,none,inner,Target-only,Target-only,3,78,1.35390456,1.8129710492307691
GaussianProcessRegressor,target_only_ru_aho_inner,Ru-AHO inner target-only,none,inner,Target-only,Target-only,3,79,1.33471728,1.8129710492307691
GaussianProcessRegressor,target_only_ru_aho_inner,Ru-AHO inner target-only,none,inner,Target-only,Target-only,3,85,0.80254597,1.8129710492307691
GaussianProcessRegressor,target_only_ru_aho_inner,Ru-AHO inner target-only,none,inner,Target-only,Target-only,4,32,2.30450133,2.019874563037974
GaussianProcessRegressor,target_only_ru_aho_inner,Ru-AHO inner target-only,none,inner,Target-only,Target-only,4,41,2.13444943,2.019874563037974
GaussianProcessRegressor,target_only_ru_aho_inner,Ru-AHO inner target-only,none,inner,Target-only,Target-only,4,43,2.11117069,2.019874563037974
GaussianProcessRegressor,target_only_ru_aho_inner,Ru-AHO inner target-only,none,inner,Target-only,Target-only,4,46,2.00941149,2.019874563037974
GaussianProcessRegressor,target_only_ru_aho_inner,Ru-AHO inner target-only,none,inner,Target-only,Target-only,4,48,1.96551622,2.019874563037974
GaussianProcessRegressor,target_only_ru_aho_inner,Ru-AHO inner target-only,none,inner,Target-only,Target-only,4,50,1.95650617,2.019874563037974
GaussianProcessRegressor,target_only_ru_aho_inner,Ru-AHO inner target-only,none,inner,Target-only,Target-only,4,54,1.80901573,2.019874563037974
GaussianProcessRegressor,target_only_ru_aho_inner,Ru-AHO inner target-only,none,inner,Target-only,Target-only,4,57,1.68395754,1.8818520061860444
GaussianProcessRegressor,target_only_ru_aho_inner,Ru-AHO inner target-only,none,inner,Target-only,Target-only,4,58,1.66417952,2.019874563037974
GaussianProcessRegressor,target_only_ru_aho_inner,Ru-AHO inner target-only,none,inner,Target-only,Target-only,4,59,1.62929332,2.019874563037974
GaussianProcessRegressor,target_only_ru_aho_inner,Ru-AHO inner target-only,none,inner,Target-only,Target-only,4,61,1.57873877,2.019874563037974
GaussianProcessRegressor,target_only_ru_aho_inner,Ru-AHO inner target-only,none,inner,Target-only,Target-only,4,63,1.56019653,2.019874563037974
GaussianProcessRegressor,target_only_ru_aho_inner,Ru-AHO inner target-only,none,inner,Target-only,Target-only,4,66,1.51369193,2.019874563037974
GaussianProcessRegressor,target_only_ru_aho_inner,Ru-AHO inner target-only,none,inner,Target-only,Target-only,4,67,1.51369193,2.019874563037974
GaussianProcessRegressor,target_only_ru_aho_inner,Ru-AHO inner target-only,none,inner,Target-only,Target-only,4,77,1.36283425,2.019874563037974
GaussianProcessRegressor,target_only_ru_aho_inner,Ru-AHO inner target-only,none,inner,Target-only,Target-only,4,84,0.80438248,2.019874563037974
GaussianProcessRegressor,target_only_ru_aho_inner,Ru-AHO inner target-only,none,inner,Target-only,Target-only,4,95,0.0120419,2.019874563037974
GaussianProcessRegressor,target_only_ru_aho_inner,Ru-AHO inner target-only,none,inner,Target-only,Target-only,4,96,0.0,2.019874563037974
GaussianProcessRegressor,target_only_ru_aho_inner,Ru-AHO inner target-only,none,inner,Target-only,Target-only,4,97,0.0,2.019874563037974
GaussianProcessRegressor,target_only_ru_aho_inner,Ru-AHO inner target-only,none,inner,Target-only,Target-only,5,1,4.50050002,1.9274986537974683
GaussianProcessRegressor,target_only_ru_aho_inner,Ru-AHO inner target-only,none,inner,Target-only,Target-only,5,2,3.84937533,1.9274986537974683
GaussianProcessRegressor,target_only_ru_aho_inner,Ru-AHO inner target-only,none,inner,Target-only,Target-only,5,14,2.72095293,1.9274986537974683
GaussianProcessRegressor,target_only_ru_aho_inner,Ru-AHO inner target-only,none,inner,Target-only,Target-only,5,20,2.72095293,1.9274986537974683
GaussianProcessRegressor,target_only_ru_aho_inner,Ru-AHO inner target-only,none,inner,Target-only,Target-only,5,21,2.6917632,1.9274986537974683
GaussianProcessRegressor,target_only_ru_aho_inner,Ru-AHO inner target-only,none,inner,Target-only,Target-only,5,23,2.61179564,2.049815268698089
GaussianProcessRegressor,target_only_ru_aho_inner,Ru-AHO inner target-only,none,inner,Target-only,Target-only,5,29,2.47786275,1.9274986537974683
GaussianProcessRegressor,target_only_ru_aho_inner,Ru-AHO inner target-only,none,inner,Target-only,Target-only,5,37,2.26077037,1.9274986537974683
GaussianProcessRegressor,target_only_ru_aho_inner,Ru-AHO inner target-only,none,inner,Target-only,Target-only,5,51,1.94448624,1.9274986537974683
GaussianProcessRegressor,target_only_ru_aho_inner,Ru-AHO inner target-only,none,inner,Target-only,Target-only,5,52,1.88185187,1.6839577864138995
GaussianProcessRegressor,target_only_ru_aho_inner,Ru-AHO inner target-only,none,inner,Target-only,Target-only,5,60,1.62929332,1.9274986537974683
GaussianProcessRegressor,target_only_ru_aho_inner,Ru-AHO inner target-only,none,inner,Target-only,Target-only,5,71,1.47016368,1.9274986537974683
GaussianProcessRegressor,target_only_ru_aho_inner,Ru-AHO inner target-only,none,inner,Target-only,Target-only,5,74,1.38325909,1.9274986537974683
GaussianProcessRegressor,target_only_ru_aho_inner,Ru-AHO inner target-only,none,inner,Target-only,Target-only,5,82,0.99242206,1.9274986537974683
GaussianProcessRegressor,target_only_ru_aho_inner,Ru-AHO inner target-only,none,inner,Target-only,Target-only,5,86,0.67501313,1.9274986537974683
GaussianProcessRegressor,target_only_ru_aho_inner,Ru-AHO inner target-only,none,inner,Target-only,Target-only,5,87,0.56782018,1.9274986537974683
GaussianProcessRegressor,target_only_ru_aho_inner,Ru-AHO inner target-only,none,inner,Target-only,Target-only,5,89,0.33293116,1.9274986537974683
GaussianProcessRegressor,target_only_ru_aho_inner,Ru-AHO inner target-only,none,inner,Target-only,Target-only,5,91,0.10866753,1.9274986537974683
GaussianProcessRegressor,target_only_ru_aho_inner,Ru-AHO inner target-only,none,inner,Target-only,Target-only,5,92,0.09139463,1.9274986537974683
GaussianProcessRegressor,ru_ahk_inner_to_ru_aho_inner,Ru-AHK inner -> Ru-AHO inner,inner,inner,Same mechanism,Mixed transfer,1,0,4.50050002,2.0521940935660243
GaussianProcessRegressor,ru_ahk_inner_to_ru_aho_inner,Ru-AHK inner -> Ru-AHO inner,inner,inner,Same mechanism,Mixed transfer,1,4,3.13437597,2.7209522653230156
GaussianProcessRegressor,ru_ahk_inner_to_ru_aho_inner,Ru-AHK inner -> Ru-AHO inner,inner,inner,Same mechanism,Mixed transfer,1,10,2.89279432,2.0521940935660243
GaussianProcessRegressor,ru_ahk_inner_to_ru_aho_inner,Ru-AHK inner -> Ru-AHO inner,inner,inner,Same mechanism,Mixed transfer,1,12,2.72095293,2.0521940935660243
GaussianProcessRegressor,ru_ahk_inner_to_ru_aho_inner,Ru-AHK inner -> Ru-AHO inner,inner,inner,Same mechanism,Mixed transfer,1,18,2.72095293,2.4778623269294644
GaussianProcessRegressor,ru_ahk_inner_to_ru_aho_inner,Ru-AHK inner -> Ru-AHO inner,inner,inner,Same mechanism,Mixed transfer,1,22,2.63729647,2.0521940935660243
GaussianProcessRegressor,ru_ahk_inner_to_ru_aho_inner,Ru-AHK inner -> Ru-AHO inner,inner,inner,Same mechanism,Mixed transfer,1,26,2.49268506,2.0521940935660243
GaussianProcessRegressor,ru_ahk_inner_to_ru_aho_inner,Ru-AHK inner -> Ru-AHO inner,inner,inner,Same mechanism,Mixed transfer,1,31,2.30450133,2.0521940935660243
GaussianProcessRegressor,ru_ahk_inner_to_ru_aho_inner,Ru-AHK inner -> Ru-AHO inner,inner,inner,Same mechanism,Mixed transfer,1,40,2.13954868,2.0521940935660243
GaussianProcessRegressor,ru_ahk_inner_to_ru_aho_inner,Ru-AHK inner -> Ru-AHO inner,inner,inner,Same mechanism,Mixed transfer,1,42,2.12255274,2.2128962233969056
GaussianProcessRegressor,ru_ahk_inner_to_ru_aho_inner,Ru-AHK inner -> Ru-AHO inner,inner,inner,Same mechanism,Mixed transfer,1,44,2.02174776,2.0521940935660243
GaussianProcessRegressor,ru_ahk_inner_to_ru_aho_inner,Ru-AHK inner -> Ru-AHO inner,inner,inner,Same mechanism,Mixed transfer,1,47,1.97754867,2.0521940935660243
GaussianProcessRegressor,ru_ahk_inner_to_ru_aho_inner,Ru-AHK inner -> Ru-AHO inner,inner,inner,Same mechanism,Mixed transfer,1,62,1.56906465,2.0521940935660243
GaussianProcessRegressor,ru_ahk_inner_to_ru_aho_inner,Ru-AHK inner -> Ru-AHO inner,inner,inner,Same mechanism,Mixed transfer,1,64,1.53168147,2.0521940935660243
GaussianProcessRegressor,ru_ahk_inner_to_ru_aho_inner,Ru-AHK inner -> Ru-AHO inner,inner,inner,Same mechanism,Mixed transfer,1,73,1.39055932,2.0521940935660243
GaussianProcessRegressor,ru_ahk_inner_to_ru_aho_inner,Ru-AHK inner -> Ru-AHO inner,inner,inner,Same mechanism,Mixed transfer,1,75,1.36999511,2.0521940935660243
GaussianProcessRegressor,ru_ahk_inner_to_ru_aho_inner,Ru-AHK inner -> Ru-AHO inner,inner,inner,Same mechanism,Mixed transfer,1,81,1.00421655,2.0521940935660243
GaussianProcessRegressor,ru_ahk_inner_to_ru_aho_inner,Ru-AHK inner -> Ru-AHO inner,inner,inner,Same mechanism,Mixed transfer,1,83,0.83956097,2.0521940935660243
GaussianProcessRegressor,ru_ahk_inner_to_ru_aho_inner,Ru-AHK inner -> Ru-AHO inner,inner,inner,Same mechanism,Mixed transfer,1,90,0.19433377,0.04819370177070903
GaussianProcessRegressor,ru_ahk_inner_to_ru_aho_inner,Ru-AHK inner -> Ru-AHO inner,inner,inner,Same mechanism,Mixed transfer,1,94,0.04739647,2.0521940935660243
GaussianProcessRegressor,ru_ahk_inner_to_ru_aho_inner,Ru-AHK inner -> Ru-AHO inner,inner,inner,Same mechanism,Delta learning,1,0,4.50050002,1.8919410835897437
GaussianProcessRegressor,ru_ahk_inner_to_ru_aho_inner,Ru-AHK inner -> Ru-AHO inner,inner,inner,Same mechanism,Delta learning,1,4,3.13437597,2.720952133788398
GaussianProcessRegressor,ru_ahk_inner_to_ru_aho_inner,Ru-AHK inner -> Ru-AHO inner,inner,inner,Same mechanism,Delta learning,1,10,2.89279432,1.8919410835897437
GaussianProcessRegressor,ru_ahk_inner_to_ru_aho_inner,Ru-AHK inner -> Ru-AHO inner,inner,inner,Same mechanism,Delta learning,1,12,2.72095293,1.8919410835897437
GaussianProcessRegressor,ru_ahk_inner_to_ru_aho_inner,Ru-AHK inner -> Ru-AHO inner,inner,inner,Same mechanism,Delta learning,1,18,2.72095293,2.4778621872606004
GaussianProcessRegressor,ru_ahk_inner_to_ru_aho_inner,Ru-AHK inner -> Ru-AHO inner,inner,inner,Same mechanism,Delta learning,1,22,2.63729647,1.8919410835897437
GaussianProcessRegressor,ru_ahk_inner_to_ru_aho_inner,Ru-AHK inner -> Ru-AHO inner,inner,inner,Same mechanism,Delta learning,1,26,2.49268506,1.8919410835897437
GaussianProcessRegressor,ru_ahk_inner_to_ru_aho_inner,Ru-AHK inner -> Ru-AHO inner,inner,inner,Same mechanism,Delta learning,1,31,2.30450133,1.8919410835897437
GaussianProcessRegressor,ru_ahk_inner_to_ru_aho_inner,Ru-AHK inner -> Ru-AHO inner,inner,inner,Same mechanism,Delta learning,1,40,2.13954868,1.8919410835897437
GaussianProcessRegressor,ru_ahk_inner_to_ru_aho_inner,Ru-AHK inner -> Ru-AHO inner,inner,inner,Same mechanism,Delta learning,1,42,2.12255274,2.2128961740143853
GaussianProcessRegressor,ru_ahk_inner_to_ru_aho_inner,Ru-AHK inner -> Ru-AHO inner,inner,inner,Same mechanism,Delta learning,1,44,2.02174776,1.8919410835897437
GaussianProcessRegressor,ru_ahk_inner_to_ru_aho_inner,Ru-AHK inner -> Ru-AHO inner,inner,inner,Same mechanism,Delta learning,1,47,1.97754867,1.8919410835897437
GaussianProcessRegressor,ru_ahk_inner_to_ru_aho_inner,Ru-AHK inner -> Ru-AHO inner,inner,inner,Same mechanism,Delta learning,1,62,1.56906465,1.8919410835897437
GaussianProcessRegressor,ru_ahk_inner_to_ru_aho_inner,Ru-AHK inner -> Ru-AHO inner,inner,inner,Same mechanism,Delta learning,1,64,1.53168147,1.8919410835897437
GaussianProcessRegressor,ru_ahk_inner_to_ru_aho_inner,Ru-AHK inner -> Ru-AHO inner,inner,inner,Same mechanism,Delta learning,1,73,1.39055932,1.8919410835897437
GaussianProcessRegressor,ru_ahk_inner_to_ru_aho_inner,Ru-AHK inner -> Ru-AHO inner,inner,inner,Same mechanism,Delta learning,1,75,1.36999511,1.8919410835897437
GaussianProcessRegressor,ru_ahk_inner_to_ru_aho_inner,Ru-AHK inner -> Ru-AHO inner,inner,inner,Same mechanism,Delta learning,1,81,1.00421655,1.8919410835897437
GaussianProcessRegressor,ru_ahk_inner_to_ru_aho_inner,Ru-AHK inner -> Ru-AHO inner,inner,inner,Same mechanism,Delta learning,1,83,0.83956097,1.8919410835897437
GaussianProcessRegressor,ru_ahk_inner_to_ru_aho_inner,Ru-AHK inner -> Ru-AHO inner,inner,inner,Same mechanism,Delta learning,1,90,0.19433377,0.048193480800560184
GaussianProcessRegressor,ru_ahk_inner_to_ru_aho_inner,Ru-AHK inner -> Ru-AHO inner,inner,inner,Same mechanism,Delta learning,1,94,0.04739647,1.8919410835897437
GaussianProcessRegressor,ru_ahk_inner_to_ru_aho_inner,Ru-AHK inner -> Ru-AHO inner,inner,inner,Same mechanism,Mixed transfer,2,5,3.13437597,2.0527833498138426
GaussianProcessRegressor,ru_ahk_inner_to_ru_aho_inner,Ru-AHK inner -> Ru-AHO inner,inner,inner,Same mechanism,Mixed transfer,2,9,3.13437597,2.0527833498138426
GaussianProcessRegressor,ru_ahk_inner_to_ru_aho_inner,Ru-AHK inner -> Ru-AHO inner,inner,inner,Same mechanism,Mixed transfer,2,11,2.81808334,2.0527833498138426
GaussianProcessRegressor,ru_ahk_inner_to_ru_aho_inner,Ru-AHK inner -> Ru-AHO inner,inner,inner,Same mechanism,Mixed transfer,2,15,2.72095293,2.0527833498138426
GaussianProcessRegressor,ru_ahk_inner_to_ru_aho_inner,Ru-AHK inner -> Ru-AHO inner,inner,inner,Same mechanism,Mixed transfer,2,16,2.72095293,3.1343748983680184
GaussianProcessRegressor,ru_ahk_inner_to_ru_aho_inner,Ru-AHK inner -> Ru-AHO inner,inner,inner,Same mechanism,Mixed transfer,2,28,2.47786275,2.7209522679837495
GaussianProcessRegressor,ru_ahk_inner_to_ru_aho_inner,Ru-AHK inner -> Ru-AHO inner,inner,inner,Same mechanism,Mixed transfer,2,30,2.3515711,2.0527833498138426
GaussianProcessRegressor,ru_ahk_inner_to_ru_aho_inner,Ru-AHK inner -> Ru-AHO inner,inner,inner,Same mechanism,Mixed transfer,2,33,2.30450133,2.0527833498138426
GaussianProcessRegressor,ru_ahk_inner_to_ru_aho_inner,Ru-AHK inner -> Ru-AHO inner,inner,inner,Same mechanism,Mixed transfer,2,35,2.30450133,2.0527833498138426
GaussianProcessRegressor,ru_ahk_inner_to_ru_aho_inner,Ru-AHK inner -> Ru-AHO inner,inner,inner,Same mechanism,Mixed transfer,2,39,2.16934032,2.0527833498138426
GaussianProcessRegressor,ru_ahk_inner_to_ru_aho_inner,Ru-AHK inner -> Ru-AHO inner,inner,inner,Same mechanism,Mixed transfer,2,45,2.01889808,2.0527833498138426
GaussianProcessRegressor,ru_ahk_inner_to_ru_aho_inner,Ru-AHK inner -> Ru-AHO inner,inner,inner,Same mechanism,Mixed transfer,2,49,1.9607788,2.0527833498138426
GaussianProcessRegressor,ru_ahk_inner_to_ru_aho_inner,Ru-AHK inner -> Ru-AHO inner,inner,inner,Same mechanism,Mixed transfer,2,65,1.53168147,2.0527833498138426
GaussianProcessRegressor,ru_ahk_inner_to_ru_aho_inner,Ru-AHK inner -> Ru-AHO inner,inner,inner,Same mechanism,Mixed transfer,2,68,1.49260764,2.0527833498138426
GaussianProcessRegressor,ru_ahk_inner_to_ru_aho_inner,Ru-AHK inner -> Ru-AHO inner,inner,inner,Same mechanism,Mixed transfer,2,69,1.48763592,2.0527833498138426
GaussianProcessRegressor,ru_ahk_inner_to_ru_aho_inner,Ru-AHK inner -> Ru-AHO inner,inner,inner,Same mechanism,Mixed transfer,2,70,1.47570337,2.0527833498138426
GaussianProcessRegressor,ru_ahk_inner_to_ru_aho_inner,Ru-AHK inner -> Ru-AHO inner,inner,inner,Same mechanism,Mixed transfer,2,72,1.40708549,2.0527833498138426
GaussianProcessRegressor,ru_ahk_inner_to_ru_aho_inner,Ru-AHK inner -> Ru-AHO inner,inner,inner,Same mechanism,Mixed transfer,2,80,1.31904107,2.0527833498138426
GaussianProcessRegressor,ru_ahk_inner_to_ru_aho_inner,Ru-AHK inner -> Ru-AHO inner,inner,inner,Same mechanism,Mixed transfer,2,88,0.39647984,2.0527833498138426
GaussianProcessRegressor,ru_ahk_inner_to_ru_aho_inner,Ru-AHK inner -> Ru-AHO inner,inner,inner,Same mechanism,Mixed transfer,2,93,0.04819171,0.1943356113346839
GaussianProcessRegressor,ru_ahk_inner_to_ru_aho_inner,Ru-AHK inner -> Ru-AHO inner,inner,inner,Same mechanism,Delta learning,2,5,3.13437597,1.8962698506410256
GaussianProcessRegressor,ru_ahk_inner_to_ru_aho_inner,Ru-AHK inner -> Ru-AHO inner,inner,inner,Same mechanism,Delta learning,2,9,3.13437597,1.8962698506410256
GaussianProcessRegressor,ru_ahk_inner_to_ru_aho_inner,Ru-AHK inner -> Ru-AHO inner,inner,inner,Same mechanism,Delta learning,2,11,2.81808334,1.8962698506410256
GaussianProcessRegressor,ru_ahk_inner_to_ru_aho_inner,Ru-AHK inner -> Ru-AHO inner,inner,inner,Same mechanism,Delta learning,2,15,2.72095293,1.8962698506410256
GaussianProcessRegressor,ru_ahk_inner_to_ru_aho_inner,Ru-AHK inner -> Ru-AHO inner,inner,inner,Same mechanism,Delta learning,2,16,2.72095293,3.1343747844257503
GaussianProcessRegressor,ru_ahk_inner_to_ru_aho_inner,Ru-AHK inner -> Ru-AHO inner,inner,inner,Same mechanism,Delta learning,2,28,2.47786275,2.720952140307576
GaussianProcessRegressor,ru_ahk_inner_to_ru_aho_inner,Ru-AHK inner -> Ru-AHO inner,inner,inner,Same mechanism,Delta learning,2,30,2.3515711,1.8962698506410256
GaussianProcessRegressor,ru_ahk_inner_to_ru_aho_inner,Ru-AHK inner -> Ru-AHO inner,inner,inner,Same mechanism,Delta learning,2,33,2.30450133,1.8962698506410256
GaussianProcessRegressor,ru_ahk_inner_to_ru_aho_inner,Ru-AHK inner -> Ru-AHO inner,inner,inner,Same mechanism,Delta learning,2,35,2.30450133,1.8962698506410256
GaussianProcessRegressor,ru_ahk_inner_to_ru_aho_inner,Ru-AHK inner -> Ru-AHO inner,inner,inner,Same mechanism,Delta learning,2,39,2.16934032,1.8962698506410256
GaussianProcessRegressor,ru_ahk_inner_to_ru_aho_inner,Ru-AHK inner -> Ru-AHO inner,inner,inner,Same mechanism,Delta learning,2,45,2.01889808,1.8962698506410256
GaussianProcessRegressor,ru_ahk_inner_to_ru_aho_inner,Ru-AHK inner -> Ru-AHO inner,inner,inner,Same mechanism,Delta learning,2,49,1.9607788,1.8962698506410256
GaussianProcessRegressor,ru_ahk_inner_to_ru_aho_inner,Ru-AHK inner -> Ru-AHO inner,inner,inner,Same mechanism,Delta learning,2,65,1.53168147,1.8962698506410256
GaussianProcessRegressor,ru_ahk_inner_to_ru_aho_inner,Ru-AHK inner -> Ru-AHO inner,inner,inner,Same mechanism,Delta learning,2,68,1.49260764,1.8962698506410256
GaussianProcessRegressor,ru_ahk_inner_to_ru_aho_inner,Ru-AHK inner -> Ru-AHO inner,inner,inner,Same mechanism,Delta learning,2,69,1.48763592,1.8962698506410256
GaussianProcessRegressor,ru_ahk_inner_to_ru_aho_inner,Ru-AHK inner -> Ru-AHO inner,inner,inner,Same mechanism,Delta learning,2,70,1.47570337,1.8962698506410256
GaussianProcessRegressor,ru_ahk_inner_to_ru_aho_inner,Ru-AHK inner -> Ru-AHO inner,inner,inner,Same mechanism,Delta learning,2,72,1.40708549,1.8962698506410256
GaussianProcessRegressor,ru_ahk_inner_to_ru_aho_inner,Ru-AHK inner -> Ru-AHO inner,inner,inner,Same mechanism,Delta learning,2,80,1.31904107,1.8962698506410256
GaussianProcessRegressor,ru_ahk_inner_to_ru_aho_inner,Ru-AHK inner -> Ru-AHO inner,inner,inner,Same mechanism,Delta learning,2,88,0.39647984,1.8962698506410256
GaussianProcessRegressor,ru_ahk_inner_to_ru_aho_inner,Ru-AHK inner -> Ru-AHO inner,inner,inner,Same mechanism,Delta learning,2,93,0.04819171,0.1943353997242705
GaussianProcessRegressor,ru_ahk_inner_to_ru_aho_inner,Ru-AHK inner -> Ru-AHO inner,inner,inner,Same mechanism,Mixed transfer,3,3,3.67873076,2.0414442459569493
GaussianProcessRegressor,ru_ahk_inner_to_ru_aho_inner,Ru-AHK inner -> Ru-AHO inner,inner,inner,Same mechanism,Mixed transfer,3,6,3.13437597,2.0414442459569493
GaussianProcessRegressor,ru_ahk_inner_to_ru_aho_inner,Ru-AHK inner -> Ru-AHO inner,inner,inner,Same mechanism,Mixed transfer,3,7,3.13437597,2.0414442459569493
GaussianProcessRegressor,ru_ahk_inner_to_ru_aho_inner,Ru-AHK inner -> Ru-AHO inner,inner,inner,Same mechanism,Mixed transfer,3,8,3.13437597,2.0414442459569493
GaussianProcessRegressor,ru_ahk_inner_to_ru_aho_inner,Ru-AHK inner -> Ru-AHO inner,inner,inner,Same mechanism,Mixed transfer,3,13,2.72095293,2.0414442459569493
GaussianProcessRegressor,ru_ahk_inner_to_ru_aho_inner,Ru-AHK inner -> Ru-AHO inner,inner,inner,Same mechanism,Mixed transfer,3,17,2.72095293,2.0414442459569493
GaussianProcessRegressor,ru_ahk_inner_to_ru_aho_inner,Ru-AHK inner -> Ru-AHO inner,inner,inner,Same mechanism,Mixed transfer,3,19,2.72095293,2.0414442459569493
GaussianProcessRegressor,ru_ahk_inner_to_ru_aho_inner,Ru-AHK inner -> Ru-AHO inner,inner,inner,Same mechanism,Mixed transfer,3,24,2.49823771,2.0414442459569493
GaussianProcessRegressor,ru_ahk_inner_to_ru_aho_inner,Ru-AHK inner -> Ru-AHO inner,inner,inner,Same mechanism,Mixed transfer,3,25,2.49823771,2.0414442459569493
GaussianProcessRegressor,ru_ahk_inner_to_ru_aho_inner,Ru-AHK inner -> Ru-AHO inner,inner,inner,Same mechanism,Mixed transfer,3,27,2.47786275,2.0414442459569493
GaussianProcessRegressor,ru_ahk_inner_to_ru_aho_inner,Ru-AHK inner -> Ru-AHO inner,inner,inner,Same mechanism,Mixed transfer,3,34,2.30450133,2.0414442459569493
GaussianProcessRegressor,ru_ahk_inner_to_ru_aho_inner,Ru-AHK inner -> Ru-AHO inner,inner,inner,Same mechanism,Mixed transfer,3,36,2.28957767,2.3671740275155644
GaussianProcessRegressor,ru_ahk_inner_to_ru_aho_inner,Ru-AHK inner -> Ru-AHO inner,inner,inner,Same mechanism,Mixed transfer,3,38,2.20688949,2.0414442459569493
GaussianProcessRegressor,ru_ahk_inner_to_ru_aho_inner,Ru-AHK inner -> Ru-AHO inner,inner,inner,Same mechanism,Mixed transfer,3,53,1.84440958,2.0414442459569493
GaussianProcessRegressor,ru_ahk_inner_to_ru_aho_inner,Ru-AHK inner -> Ru-AHO inner,inner,inner,Same mechanism,Mixed transfer,3,55,1.80901573,2.0414442459569493
GaussianProcessRegressor,ru_ahk_inner_to_ru_aho_inner,Ru-AHK inner -> Ru-AHO inner,inner,inner,Same mechanism,Mixed transfer,3,56,1.73731552,2.3671740275155644
GaussianProcessRegressor,ru_ahk_inner_to_ru_aho_inner,Ru-AHK inner -> Ru-AHO inner,inner,inner,Same mechanism,Mixed transfer,3,76,1.36999511,2.0414442459569493
GaussianProcessRegressor,ru_ahk_inner_to_ru_aho_inner,Ru-AHK inner -> Ru-AHO inner,inner,inner,Same mechanism,Mixed transfer,3,78,1.35390456,2.0414442459569493
GaussianProcessRegressor,ru_ahk_inner_to_ru_aho_inner,Ru-AHK inner -> Ru-AHO inner,inner,inner,Same mechanism,Mixed transfer,3,79,1.33471728,2.0414442459569493
GaussianProcessRegressor,ru_ahk_inner_to_ru_aho_inner,Ru-AHK inner -> Ru-AHO inner,inner,inner,Same mechanism,Mixed transfer,3,85,0.80254597,2.0414442459569493
GaussianProcessRegressor,ru_ahk_inner_to_ru_aho_inner,Ru-AHK inner -> Ru-AHO inner,inner,inner,Same mechanism,Delta learning,3,3,3.67873076,1.8129710492307693
GaussianProcessRegressor,ru_ahk_inner_to_ru_aho_inner,Ru-AHK inner -> Ru-AHO inner,inner,inner,Same mechanism,Delta learning,3,6,3.13437597,1.8129710492307693
GaussianProcessRegressor,ru_ahk_inner_to_ru_aho_inner,Ru-AHK inner -> Ru-AHO inner,inner,inner,Same mechanism,Delta learning,3,7,3.13437597,1.8129710492307693
GaussianProcessRegressor,ru_ahk_inner_to_ru_aho_inner,Ru-AHK inner -> Ru-AHO inner,inner,inner,Same mechanism,Delta learning,3,8,3.13437597,1.8129710492307693
GaussianProcessRegressor,ru_ahk_inner_to_ru_aho_inner,Ru-AHK inner -> Ru-AHO inner,inner,inner,Same mechanism,Delta learning,3,13,2.72095293,1.8129710492307693
GaussianProcessRegressor,ru_ahk_inner_to_ru_aho_inner,Ru-AHK inner -> Ru-AHO inner,inner,inner,Same mechanism,Delta learning,3,17,2.72095293,1.8129710492307693
GaussianProcessRegressor,ru_ahk_inner_to_ru_aho_inner,Ru-AHK inner -> Ru-AHO inner,inner,inner,Same mechanism,Delta learning,3,19,2.72095293,1.8129710492307693
GaussianProcessRegressor,ru_ahk_inner_to_ru_aho_inner,Ru-AHK inner -> Ru-AHO inner,inner,inner,Same mechanism,Delta learning,3,24,2.49823771,1.8129710492307693
GaussianProcessRegressor,ru_ahk_inner_to_ru_aho_inner,Ru-AHK inner -> Ru-AHO inner,inner,inner,Same mechanism,Delta learning,3,25,2.49823771,1.8129710492307693
GaussianProcessRegressor,ru_ahk_inner_to_ru_aho_inner,Ru-AHK inner -> Ru-AHO inner,inner,inner,Same mechanism,Delta learning,3,27,2.47786275,1.8129710492307693
GaussianProcessRegressor,ru_ahk_inner_to_ru_aho_inner,Ru-AHK inner -> Ru-AHO inner,inner,inner,Same mechanism,Delta learning,3,34,2.30450133,1.8129710492307693
GaussianProcessRegressor,ru_ahk_inner_to_ru_aho_inner,Ru-AHK inner -> Ru-AHO inner,inner,inner,Same mechanism,Delta learning,3,36,2.28957767,2.3671739139746855
GaussianProcessRegressor,ru_ahk_inner_to_ru_aho_inner,Ru-AHK inner -> Ru-AHO inner,inner,inner,Same mechanism,Delta learning,3,38,2.20688949,1.8129710492307693
GaussianProcessRegressor,ru_ahk_inner_to_ru_aho_inner,Ru-AHK inner -> Ru-AHO inner,inner,inner,Same mechanism,Delta learning,3,53,1.84440958,1.8129710492307693
GaussianProcessRegressor,ru_ahk_inner_to_ru_aho_inner,Ru-AHK inner -> Ru-AHO inner,inner,inner,Same mechanism,Delta learning,3,55,1.80901573,1.8129710492307693
GaussianProcessRegressor,ru_ahk_inner_to_ru_aho_inner,Ru-AHK inner -> Ru-AHO inner,inner,inner,Same mechanism,Delta learning,3,56,1.73731552,2.3671739139746855
GaussianProcessRegressor,ru_ahk_inner_to_ru_aho_inner,Ru-AHK inner -> Ru-AHO inner,inner,inner,Same mechanism,Delta learning,3,76,1.36999511,1.8129710492307693
GaussianProcessRegressor,ru_ahk_inner_to_ru_aho_inner,Ru-AHK inner -> Ru-AHO inner,inner,inner,Same mechanism,Delta learning,3,78,1.35390456,1.8129710492307693
GaussianProcessRegressor,ru_ahk_inner_to_ru_aho_inner,Ru-AHK inner -> Ru-AHO inner,inner,inner,Same mechanism,Delta learning,3,79,1.33471728,1.8129710492307693
GaussianProcessRegressor,ru_ahk_inner_to_ru_aho_inner,Ru-AHK inner -> Ru-AHO inner,inner,inner,Same mechanism,Delta learning,3,85,0.80254597,1.8129710492307693
GaussianProcessRegressor,ru_ahk_inner_to_ru_aho_inner,Ru-AHK inner -> Ru-AHO inner,inner,inner,Same mechanism,Mixed transfer,4,32,2.30450133,2.0695224766085922
GaussianProcessRegressor,ru_ahk_inner_to_ru_aho_inner,Ru-AHK inner -> Ru-AHO inner,inner,inner,Same mechanism,Mixed transfer,4,41,2.13444943,2.0695224766085922
GaussianProcessRegressor,ru_ahk_inner_to_ru_aho_inner,Ru-AHK inner -> Ru-AHO inner,inner,inner,Same mechanism,Mixed transfer,4,43,2.11117069,2.0695224766085922
GaussianProcessRegressor,ru_ahk_inner_to_ru_aho_inner,Ru-AHK inner -> Ru-AHO inner,inner,inner,Same mechanism,Mixed transfer,4,46,2.00941149,2.0695224766085922
GaussianProcessRegressor,ru_ahk_inner_to_ru_aho_inner,Ru-AHK inner -> Ru-AHO inner,inner,inner,Same mechanism,Mixed transfer,4,48,1.96551622,2.0695224766085922
GaussianProcessRegressor,ru_ahk_inner_to_ru_aho_inner,Ru-AHK inner -> Ru-AHO inner,inner,inner,Same mechanism,Mixed transfer,4,50,1.95650617,2.0695224766085922
GaussianProcessRegressor,ru_ahk_inner_to_ru_aho_inner,Ru-AHK inner -> Ru-AHO inner,inner,inner,Same mechanism,Mixed transfer,4,54,1.80901573,2.0695224766085922
GaussianProcessRegressor,ru_ahk_inner_to_ru_aho_inner,Ru-AHK inner -> Ru-AHO inner,inner,inner,Same mechanism,Mixed transfer,4,57,1.68395754,1.881852057371818
GaussianProcessRegressor,ru_ahk_inner_to_ru_aho_inner,Ru-AHK inner -> Ru-AHO inner,inner,inner,Same mechanism,Mixed transfer,4,58,1.66417952,2.0695224766085922
GaussianProcessRegressor,ru_ahk_inner_to_ru_aho_inner,Ru-AHK inner -> Ru-AHO inner,inner,inner,Same mechanism,Mixed transfer,4,59,1.62929332,2.0695224766085922
GaussianProcessRegressor,ru_ahk_inner_to_ru_aho_inner,Ru-AHK inner -> Ru-AHO inner,inner,inner,Same mechanism,Mixed transfer,4,61,1.57873877,2.0695224766085922
GaussianProcessRegressor,ru_ahk_inner_to_ru_aho_inner,Ru-AHK inner -> Ru-AHO inner,inner,inner,Same mechanism,Mixed transfer,4,63,1.56019653,2.0695224766085922
GaussianProcessRegressor,ru_ahk_inner_to_ru_aho_inner,Ru-AHK inner -> Ru-AHO inner,inner,inner,Same mechanism,Mixed transfer,4,66,1.51369193,2.0695224766085922
GaussianProcessRegressor,ru_ahk_inner_to_ru_aho_inner,Ru-AHK inner -> Ru-AHO inner,inner,inner,Same mechanism,Mixed transfer,4,67,1.51369193,2.0695224766085922
GaussianProcessRegressor,ru_ahk_inner_to_ru_aho_inner,Ru-AHK inner -> Ru-AHO inner,inner,inner,Same mechanism,Mixed transfer,4,77,1.36283425,2.0695224766085922
GaussianProcessRegressor,ru_ahk_inner_to_ru_aho_inner,Ru-AHK inner -> Ru-AHO inner,inner,inner,Same mechanism,Mixed transfer,4,84,0.80438248,2.0695224766085922
GaussianProcessRegressor,ru_ahk_inner_to_ru_aho_inner,Ru-AHK inner -> Ru-AHO inner,inner,inner,Same mechanism,Mixed transfer,4,95,0.0120419,2.0695224766085922
GaussianProcessRegressor,ru_ahk_inner_to_ru_aho_inner,Ru-AHK inner -> Ru-AHO inner,inner,inner,Same mechanism,Mixed transfer,4,96,0.0,2.0695224766085922
GaussianProcessRegressor,ru_ahk_inner_to_ru_aho_inner,Ru-AHK inner -> Ru-AHO inner,inner,inner,Same mechanism,Mixed transfer,4,97,0.0,2.0695224766085922
GaussianProcessRegressor,ru_ahk_inner_to_ru_aho_inner,Ru-AHK inner -> Ru-AHO inner,inner,inner,Same mechanism,Delta learning,4,32,2.30450133,2.0198745630379746
GaussianProcessRegressor,ru_ahk_inner_to_ru_aho_inner,Ru-AHK inner -> Ru-AHO inner,inner,inner,Same mechanism,Delta learning,4,41,2.13444943,2.0198745630379746
GaussianProcessRegressor,ru_ahk_inner_to_ru_aho_inner,Ru-AHK inner -> Ru-AHO inner,inner,inner,Same mechanism,Delta learning,4,43,2.11117069,2.0198745630379746
GaussianProcessRegressor,ru_ahk_inner_to_ru_aho_inner,Ru-AHK inner -> Ru-AHO inner,inner,inner,Same mechanism,Delta learning,4,46,2.00941149,2.0198745630379746
GaussianProcessRegressor,ru_ahk_inner_to_ru_aho_inner,Ru-AHK inner -> Ru-AHO inner,inner,inner,Same mechanism,Delta learning,4,48,1.96551622,2.0198745630379746
GaussianProcessRegressor,ru_ahk_inner_to_ru_aho_inner,Ru-AHK inner -> Ru-AHO inner,inner,inner,Same mechanism,Delta learning,4,50,1.95650617,2.0198745630379746
GaussianProcessRegressor,ru_ahk_inner_to_ru_aho_inner,Ru-AHK inner -> Ru-AHO inner,inner,inner,Same mechanism,Delta learning,4,54,1.80901573,2.0198745630379746
GaussianProcessRegressor,ru_ahk_inner_to_ru_aho_inner,Ru-AHK inner -> Ru-AHO inner,inner,inner,Same mechanism,Delta learning,4,57,1.68395754,1.8818520063806097
GaussianProcessRegressor,ru_ahk_inner_to_ru_aho_inner,Ru-AHK inner -> Ru-AHO inner,inner,inner,Same mechanism,Delta learning,4,58,1.66417952,2.0198745630379746
GaussianProcessRegressor,ru_ahk_inner_to_ru_aho_inner,Ru-AHK inner -> Ru-AHO inner,inner,inner,Same mechanism,Delta learning,4,59,1.62929332,2.0198745630379746
GaussianProcessRegressor,ru_ahk_inner_to_ru_aho_inner,Ru-AHK inner -> Ru-AHO inner,inner,inner,Same mechanism,Delta learning,4,61,1.57873877,2.0198745630379746
GaussianProcessRegressor,ru_ahk_inner_to_ru_aho_inner,Ru-AHK inner -> Ru-AHO inner,inner,inner,Same mechanism,Delta learning,4,63,1.56019653,2.0198745630379746
GaussianProcessRegressor,ru_ahk_inner_to_ru_aho_inner,Ru-AHK inner -> Ru-AHO inner,inner,inner,Same mechanism,Delta learning,4,66,1.51369193,2.0198745630379746
GaussianProcessRegressor,ru_ahk_inner_to_ru_aho_inner,Ru-AHK inner -> Ru-AHO inner,inner,inner,Same mechanism,Delta learning,4,67,1.51369193,2.0198745630379746
GaussianProcessRegressor,ru_ahk_inner_to_ru_aho_inner,Ru-AHK inner -> Ru-AHO inner,inner,inner,Same mechanism,Delta learning,4,77,1.36283425,2.0198745630379746
GaussianProcessRegressor,ru_ahk_inner_to_ru_aho_inner,Ru-AHK inner -> Ru-AHO inner,inner,inner,Same mechanism,Delta learning,4,84,0.80438248,2.0198745630379746
GaussianProcessRegressor,ru_ahk_inner_to_ru_aho_inner,Ru-AHK inner -> Ru-AHO inner,inner,inner,Same mechanism,Delta learning,4,95,0.0120419,2.0198745630379746
GaussianProcessRegressor,ru_ahk_inner_to_ru_aho_inner,Ru-AHK inner -> Ru-AHO inner,inner,inner,Same mechanism,Delta learning,4,96,0.0,2.0198745630379746
GaussianProcessRegressor,ru_ahk_inner_to_ru_aho_inner,Ru-AHK inner -> Ru-AHO inner,inner,inner,Same mechanism,Delta learning,4,97,0.0,2.0198745630379746
GaussianProcessRegressor,ru_ahk_inner_to_ru_aho_inner,Ru-AHK inner -> Ru-AHO inner,inner,inner,Same mechanism,Mixed transfer,5,1,4.50050002,2.0568087190650384
GaussianProcessRegressor,ru_ahk_inner_to_ru_aho_inner,Ru-AHK inner -> Ru-AHO inner,inner,inner,Same mechanism,Mixed transfer,5,2,3.84937533,2.0568087190650384
GaussianProcessRegressor,ru_ahk_inner_to_ru_aho_inner,Ru-AHK inner -> Ru-AHO inner,inner,inner,Same mechanism,Mixed transfer,5,14,2.72095293,2.0568087190650384
GaussianProcessRegressor,ru_ahk_inner_to_ru_aho_inner,Ru-AHK inner -> Ru-AHO inner,inner,inner,Same mechanism,Mixed transfer,5,20,2.72095293,2.0568087190650384
GaussianProcessRegressor,ru_ahk_inner_to_ru_aho_inner,Ru-AHK inner -> Ru-AHO inner,inner,inner,Same mechanism,Mixed transfer,5,21,2.6917632,2.0568087190650384
GaussianProcessRegressor,ru_ahk_inner_to_ru_aho_inner,Ru-AHK inner -> Ru-AHO inner,inner,inner,Same mechanism,Mixed transfer,5,23,2.61179564,2.04981531230664
GaussianProcessRegressor,ru_ahk_inner_to_ru_aho_inner,Ru-AHK inner -> Ru-AHO inner,inner,inner,Same mechanism,Mixed transfer,5,29,2.47786275,2.0568087190650384
GaussianProcessRegressor,ru_ahk_inner_to_ru_aho_inner,Ru-AHK inner -> Ru-AHO inner,inner,inner,Same mechanism,Mixed transfer,5,37,2.26077037,2.0568087190650384
GaussianProcessRegressor,ru_ahk_inner_to_ru_aho_inner,Ru-AHK inner -> Ru-AHO inner,inner,inner,Same mechanism,Mixed transfer,5,51,1.94448624,2.0568087190650384
GaussianProcessRegressor,ru_ahk_inner_to_ru_aho_inner,Ru-AHK inner -> Ru-AHO inner,inner,inner,Same mechanism,Mixed transfer,5,52,1.88185187,1.6839579141201708
GaussianProcessRegressor,ru_ahk_inner_to_ru_aho_inner,Ru-AHK inner -> Ru-AHO inner,inner,inner,Same mechanism,Mixed transfer,5,60,1.62929332,2.0568087190650384
GaussianProcessRegressor,ru_ahk_inner_to_ru_aho_inner,Ru-AHK inner -> Ru-AHO inner,inner,inner,Same mechanism,Mixed transfer,5,71,1.47016368,2.0568087190650384
GaussianProcessRegressor,ru_ahk_inner_to_ru_aho_inner,Ru-AHK inner -> Ru-AHO inner,inner,inner,Same mechanism,Mixed transfer,5,74,1.38325909,2.0568087190650384
GaussianProcessRegressor,ru_ahk_inner_to_ru_aho_inner,Ru-AHK inner -> Ru-AHO inner,inner,inner,Same mechanism,Mixed transfer,5,82,0.99242206,2.0568087190650384
GaussianProcessRegressor,ru_ahk_inner_to_ru_aho_inner,Ru-AHK inner -> Ru-AHO inner,inner,inner,Same mechanism,Mixed transfer,5,86,0.67501313,2.0568087190650384
GaussianProcessRegressor,ru_ahk_inner_to_ru_aho_inner,Ru-AHK inner -> Ru-AHO inner,inner,inner,Same mechanism,Mixed transfer,5,87,0.56782018,2.0568087190650384
GaussianProcessRegressor,ru_ahk_inner_to_ru_aho_inner,Ru-AHK inner -> Ru-AHO inner,inner,inner,Same mechanism,Mixed transfer,5,89,0.33293116,2.0568087190650384
GaussianProcessRegressor,ru_ahk_inner_to_ru_aho_inner,Ru-AHK inner -> Ru-AHO inner,inner,inner,Same mechanism,Mixed transfer,5,91,0.10866753,2.0568087190650384
GaussianProcessRegressor,ru_ahk_inner_to_ru_aho_inner,Ru-AHK inner -> Ru-AHO inner,inner,inner,Same mechanism,Mixed transfer,5,92,0.09139463,2.0568087190650384
GaussianProcessRegressor,ru_ahk_inner_to_ru_aho_inner,Ru-AHK inner -> Ru-AHO inner,inner,inner,Same mechanism,Delta learning,5,1,4.50050002,1.9274986537974683
GaussianProcessRegressor,ru_ahk_inner_to_ru_aho_inner,Ru-AHK inner -> Ru-AHO inner,inner,inner,Same mechanism,Delta learning,5,2,3.84937533,1.9274986537974683
GaussianProcessRegressor,ru_ahk_inner_to_ru_aho_inner,Ru-AHK inner -> Ru-AHO inner,inner,inner,Same mechanism,Delta learning,5,14,2.72095293,1.9274986537974683
GaussianProcessRegressor,ru_ahk_inner_to_ru_aho_inner,Ru-AHK inner -> Ru-AHO inner,inner,inner,Same mechanism,Delta learning,5,20,2.72095293,1.9274986537974683
GaussianProcessRegressor,ru_ahk_inner_to_ru_aho_inner,Ru-AHK inner -> Ru-AHO inner,inner,inner,Same mechanism,Delta learning,5,21,2.6917632,1.9274986537974683
GaussianProcessRegressor,ru_ahk_inner_to_ru_aho_inner,Ru-AHK inner -> Ru-AHO inner,inner,inner,Same mechanism,Delta learning,5,23,2.61179564,2.0498152687490396
GaussianProcessRegressor,ru_ahk_inner_to_ru_aho_inner,Ru-AHK inner -> Ru-AHO inner,inner,inner,Same mechanism,Delta learning,5,29,2.47786275,1.9274986537974683
GaussianProcessRegressor,ru_ahk_inner_to_ru_aho_inner,Ru-AHK inner -> Ru-AHO inner,inner,inner,Same mechanism,Delta learning,5,37,2.26077037,1.9274986537974683
GaussianProcessRegressor,ru_ahk_inner_to_ru_aho_inner,Ru-AHK inner -> Ru-AHO inner,inner,inner,Same mechanism,Delta learning,5,51,1.94448624,1.9274986537974683
GaussianProcessRegressor,ru_ahk_inner_to_ru_aho_inner,Ru-AHK inner -> Ru-AHO inner,inner,inner,Same mechanism,Delta learning,5,52,1.88185187,1.683957786316582
GaussianProcessRegressor,ru_ahk_inner_to_ru_aho_inner,Ru-AHK inner -> Ru-AHO inner,inner,inner,Same mechanism,Delta learning,5,60,1.62929332,1.9274986537974683
GaussianProcessRegressor,ru_ahk_inner_to_ru_aho_inner,Ru-AHK inner -> Ru-AHO inner,inner,inner,Same mechanism,Delta learning,5,71,1.47016368,1.9274986537974683
GaussianProcessRegressor,ru_ahk_inner_to_ru_aho_inner,Ru-AHK inner -> Ru-AHO inner,inner,inner,Same mechanism,Delta learning,5,74,1.38325909,1.9274986537974683
GaussianProcessRegressor,ru_ahk_inner_to_ru_aho_inner,Ru-AHK inner -> Ru-AHO inner,inner,inner,Same mechanism,Delta learning,5,82,0.99242206,1.9274986537974683
GaussianProcessRegressor,ru_ahk_inner_to_ru_aho_inner,Ru-AHK inner -> Ru-AHO inner,inner,inner,Same mechanism,Delta learning,5,86,0.67501313,1.9274986537974683
GaussianProcessRegressor,ru_ahk_inner_to_ru_aho_inner,Ru-AHK inner -> Ru-AHO inner,inner,inner,Same mechanism,Delta learning,5,87,0.56782018,1.9274986537974683
GaussianProcessRegressor,ru_ahk_inner_to_ru_aho_inner,Ru-AHK inner -> Ru-AHO inner,inner,inner,Same mechanism,Delta learning,5,89,0.33293116,1.9274986537974683
GaussianProcessRegressor,ru_ahk_inner_to_ru_aho_inner,Ru-AHK inner -> Ru-AHO inner,inner,inner,Same mechanism,Delta learning,5,91,0.10866753,1.9274986537974683
GaussianProcessRegressor,ru_ahk_inner_to_ru_aho_inner,Ru-AHK inner -> Ru-AHO inner,inner,inner,Same mechanism,Delta learning,5,92,0.09139463,1.9274986537974683
GaussianProcessRegressor,ru_ahk_outer_to_ru_aho_inner,Ru-AHK outer -> Ru-AHO inner,outer,inner,Different mechanism,Mixed transfer,1,0,4.50050002,1.9675658868280037
GaussianProcessRegressor,ru_ahk_outer_to_ru_aho_inner,Ru-AHK outer -> Ru-AHO inner,outer,inner,Different mechanism,Mixed transfer,1,4,3.13437597,2.720952142933255
GaussianProcessRegressor,ru_ahk_outer_to_ru_aho_inner,Ru-AHK outer -> Ru-AHO inner,outer,inner,Different mechanism,Mixed transfer,1,10,2.89279432,1.9675658868280037
GaussianProcessRegressor,ru_ahk_outer_to_ru_aho_inner,Ru-AHK outer -> Ru-AHO inner,outer,inner,Different mechanism,Mixed transfer,1,12,2.72095293,1.9675658868280037
GaussianProcessRegressor,ru_ahk_outer_to_ru_aho_inner,Ru-AHK outer -> Ru-AHO inner,outer,inner,Different mechanism,Mixed transfer,1,18,2.72095293,2.4778622168906312
GaussianProcessRegressor,ru_ahk_outer_to_ru_aho_inner,Ru-AHK outer -> Ru-AHO inner,outer,inner,Different mechanism,Mixed transfer,1,22,2.63729647,1.9675658868280037
GaussianProcessRegressor,ru_ahk_outer_to_ru_aho_inner,Ru-AHK outer -> Ru-AHO inner,outer,inner,Different mechanism,Mixed transfer,1,26,2.49268506,1.9675658868280037
GaussianProcessRegressor,ru_ahk_outer_to_ru_aho_inner,Ru-AHK outer -> Ru-AHO inner,outer,inner,Different mechanism,Mixed transfer,1,31,2.30450133,1.9675658868280037
GaussianProcessRegressor,ru_ahk_outer_to_ru_aho_inner,Ru-AHK outer -> Ru-AHO inner,outer,inner,Different mechanism,Mixed transfer,1,40,2.13954868,1.9675658868280037
GaussianProcessRegressor,ru_ahk_outer_to_ru_aho_inner,Ru-AHK outer -> Ru-AHO inner,outer,inner,Different mechanism,Mixed transfer,1,42,2.12255274,2.212896191166034
GaussianProcessRegressor,ru_ahk_outer_to_ru_aho_inner,Ru-AHK outer -> Ru-AHO inner,outer,inner,Different mechanism,Mixed transfer,1,44,2.02174776,1.9675658868280037
GaussianProcessRegressor,ru_ahk_outer_to_ru_aho_inner,Ru-AHK outer -> Ru-AHO inner,outer,inner,Different mechanism,Mixed transfer,1,47,1.97754867,1.9675658868280037
GaussianProcessRegressor,ru_ahk_outer_to_ru_aho_inner,Ru-AHK outer -> Ru-AHO inner,outer,inner,Different mechanism,Mixed transfer,1,62,1.56906465,1.9675658868280037
GaussianProcessRegressor,ru_ahk_outer_to_ru_aho_inner,Ru-AHK outer -> Ru-AHO inner,outer,inner,Different mechanism,Mixed transfer,1,64,1.53168147,1.9675658868280037
GaussianProcessRegressor,ru_ahk_outer_to_ru_aho_inner,Ru-AHK outer -> Ru-AHO inner,outer,inner,Different mechanism,Mixed transfer,1,73,1.39055932,1.9675658868280037
GaussianProcessRegressor,ru_ahk_outer_to_ru_aho_inner,Ru-AHK outer -> Ru-AHO inner,outer,inner,Different mechanism,Mixed transfer,1,75,1.36999511,1.9675658868280037
GaussianProcessRegressor,ru_ahk_outer_to_ru_aho_inner,Ru-AHK outer -> Ru-AHO inner,outer,inner,Different mechanism,Mixed transfer,1,81,1.00421655,1.9675658868280037
GaussianProcessRegressor,ru_ahk_outer_to_ru_aho_inner,Ru-AHK outer -> Ru-AHO inner,outer,inner,Different mechanism,Mixed transfer,1,83,0.83956097,1.9675658868280037
GaussianProcessRegressor,ru_ahk_outer_to_ru_aho_inner,Ru-AHK outer -> Ru-AHO inner,outer,inner,Different mechanism,Mixed transfer,1,90,0.19433377,0.04819371517861226
GaussianProcessRegressor,ru_ahk_outer_to_ru_aho_inner,Ru-AHK outer -> Ru-AHO inner,outer,inner,Different mechanism,Mixed transfer,1,94,0.04739647,1.9675658868280037
GaussianProcessRegressor,ru_ahk_outer_to_ru_aho_inner,Ru-AHK outer -> Ru-AHO inner,outer,inner,Different mechanism,Delta learning,1,0,4.50050002,1.8919410835897437
GaussianProcessRegressor,ru_ahk_outer_to_ru_aho_inner,Ru-AHK outer -> Ru-AHO inner,outer,inner,Different mechanism,Delta learning,1,4,3.13437597,2.7209521340619576
GaussianProcessRegressor,ru_ahk_outer_to_ru_aho_inner,Ru-AHK outer -> Ru-AHO inner,outer,inner,Different mechanism,Delta learning,1,10,2.89279432,1.8919410835897437
GaussianProcessRegressor,ru_ahk_outer_to_ru_aho_inner,Ru-AHK outer -> Ru-AHO inner,outer,inner,Different mechanism,Delta learning,1,12,2.72095293,1.8919410835897437
GaussianProcessRegressor,ru_ahk_outer_to_ru_aho_inner,Ru-AHK outer -> Ru-AHO inner,outer,inner,Different mechanism,Delta learning,1,18,2.72095293,2.477862187453944
GaussianProcessRegressor,ru_ahk_outer_to_ru_aho_inner,Ru-AHK outer -> Ru-AHO inner,outer,inner,Different mechanism,Delta learning,1,22,2.63729647,1.8919410835897437
GaussianProcessRegressor,ru_ahk_outer_to_ru_aho_inner,Ru-AHK outer -> Ru-AHO inner,outer,inner,Different mechanism,Delta learning,1,26,2.49268506,1.8919410835897437
GaussianProcessRegressor,ru_ahk_outer_to_ru_aho_inner,Ru-AHK outer -> Ru-AHO inner,outer,inner,Different mechanism,Delta learning,1,31,2.30450133,1.8919410835897437
GaussianProcessRegressor,ru_ahk_outer_to_ru_aho_inner,Ru-AHK outer -> Ru-AHO inner,outer,inner,Different mechanism,Delta learning,1,40,2.13954868,1.8919410835897437
GaussianProcessRegressor,ru_ahk_outer_to_ru_aho_inner,Ru-AHK outer -> Ru-AHO inner,outer,inner,Different mechanism,Delta learning,1,42,2.12255274,2.212896173906656
GaussianProcessRegressor,ru_ahk_outer_to_ru_aho_inner,Ru-AHK outer -> Ru-AHO inner,outer,inner,Different mechanism,Delta learning,1,44,2.02174776,1.8919410835897437
GaussianProcessRegressor,ru_ahk_outer_to_ru_aho_inner,Ru-AHK outer -> Ru-AHO inner,outer,inner,Different mechanism,Delta learning,1,47,1.97754867,1.8919410835897437
GaussianProcessRegressor,ru_ahk_outer_to_ru_aho_inner,Ru-AHK outer -> Ru-AHO inner,outer,inner,Different mechanism,Delta learning,1,62,1.56906465,1.8919410835897437
GaussianProcessRegressor,ru_ahk_outer_to_ru_aho_inner,Ru-AHK outer -> Ru-AHO inner,outer,inner,Different mechanism,Delta learning,1,64,1.53168147,1.8919410835897437
GaussianProcessRegressor,ru_ahk_outer_to_ru_aho_inner,Ru-AHK outer -> Ru-AHO inner,outer,inner,Different mechanism,Delta learning,1,73,1.39055932,1.8919410835897437
GaussianProcessRegressor,ru_ahk_outer_to_ru_aho_inner,Ru-AHK outer -> Ru-AHO inner,outer,inner,Different mechanism,Delta learning,1,75,1.36999511,1.8919410835897437
GaussianProcessRegressor,ru_ahk_outer_to_ru_aho_inner,Ru-AHK outer -> Ru-AHO inner,outer,inner,Different mechanism,Delta learning,1,81,1.00421655,1.8919410835897437
GaussianProcessRegressor,ru_ahk_outer_to_ru_aho_inner,Ru-AHK outer -> Ru-AHO inner,outer,inner,Different mechanism,Delta learning,1,83,0.83956097,1.8919410835897437
GaussianProcessRegressor,ru_ahk_outer_to_ru_aho_inner,Ru-AHK outer -> Ru-AHO inner,outer,inner,Different mechanism,Delta learning,1,90,0.19433377,0.04819348019215597
GaussianProcessRegressor,ru_ahk_outer_to_ru_aho_inner,Ru-AHK outer -> Ru-AHO inner,outer,inner,Different mechanism,Delta learning,1,94,0.04739647,1.8919410835897437
GaussianProcessRegressor,ru_ahk_outer_to_ru_aho_inner,Ru-AHK outer -> Ru-AHO inner,outer,inner,Different mechanism,Mixed transfer,2,5,3.13437597,1.9677746956282511
GaussianProcessRegressor,ru_ahk_outer_to_ru_aho_inner,Ru-AHK outer -> Ru-AHO inner,outer,inner,Different mechanism,Mixed transfer,2,9,3.13437597,1.9677746956282511
GaussianProcessRegressor,ru_ahk_outer_to_ru_aho_inner,Ru-AHK outer -> Ru-AHO inner,outer,inner,Different mechanism,Mixed transfer,2,11,2.81808334,1.9677746956282511
GaussianProcessRegressor,ru_ahk_outer_to_ru_aho_inner,Ru-AHK outer -> Ru-AHO inner,outer,inner,Different mechanism,Mixed transfer,2,15,2.72095293,1.9677746956282511
GaussianProcessRegressor,ru_ahk_outer_to_ru_aho_inner,Ru-AHK outer -> Ru-AHO inner,outer,inner,Different mechanism,Mixed transfer,2,16,2.72095293,3.134374754019224
GaussianProcessRegressor,ru_ahk_outer_to_ru_aho_inner,Ru-AHK outer -> Ru-AHO inner,outer,inner,Different mechanism,Mixed transfer,2,28,2.47786275,2.720952144941494
GaussianProcessRegressor,ru_ahk_outer_to_ru_aho_inner,Ru-AHK outer -> Ru-AHO inner,outer,inner,Different mechanism,Mixed transfer,2,30,2.3515711,1.9677746956282511
GaussianProcessRegressor,ru_ahk_outer_to_ru_aho_inner,Ru-AHK outer -> Ru-AHO inner,outer,inner,Different mechanism,Mixed transfer,2,33,2.30450133,1.9677746956282511
GaussianProcessRegressor,ru_ahk_outer_to_ru_aho_inner,Ru-AHK outer -> Ru-AHO inner,outer,inner,Different mechanism,Mixed transfer,2,35,2.30450133,1.9677746956282511
GaussianProcessRegressor,ru_ahk_outer_to_ru_aho_inner,Ru-AHK outer -> Ru-AHO inner,outer,inner,Different mechanism,Mixed transfer,2,39,2.16934032,1.9677746956282511
GaussianProcessRegressor,ru_ahk_outer_to_ru_aho_inner,Ru-AHK outer -> Ru-AHO inner,outer,inner,Different mechanism,Mixed transfer,2,45,2.01889808,1.9677746956282511
GaussianProcessRegressor,ru_ahk_outer_to_ru_aho_inner,Ru-AHK outer -> Ru-AHO inner,outer,inner,Different mechanism,Mixed transfer,2,49,1.9607788,1.9677746956282511
GaussianProcessRegressor,ru_ahk_outer_to_ru_aho_inner,Ru-AHK outer -> Ru-AHO inner,outer,inner,Different mechanism,Mixed transfer,2,65,1.53168147,1.9677746956282511
GaussianProcessRegressor,ru_ahk_outer_to_ru_aho_inner,Ru-AHK outer -> Ru-AHO inner,outer,inner,Different mechanism,Mixed transfer,2,68,1.49260764,1.9677746956282511
GaussianProcessRegressor,ru_ahk_outer_to_ru_aho_inner,Ru-AHK outer -> Ru-AHO inner,outer,inner,Different mechanism,Mixed transfer,2,69,1.48763592,1.9677746956282511
GaussianProcessRegressor,ru_ahk_outer_to_ru_aho_inner,Ru-AHK outer -> Ru-AHO inner,outer,inner,Different mechanism,Mixed transfer,2,70,1.47570337,1.9677746956282511
GaussianProcessRegressor,ru_ahk_outer_to_ru_aho_inner,Ru-AHK outer -> Ru-AHO inner,outer,inner,Different mechanism,Mixed transfer,2,72,1.40708549,1.9677746956282511
GaussianProcessRegressor,ru_ahk_outer_to_ru_aho_inner,Ru-AHK outer -> Ru-AHO inner,outer,inner,Different mechanism,Mixed transfer,2,80,1.31904107,1.9677746956282511
GaussianProcessRegressor,ru_ahk_outer_to_ru_aho_inner,Ru-AHK outer -> Ru-AHO inner,outer,inner,Different mechanism,Mixed transfer,2,88,0.39647984,1.9677746956282511
GaussianProcessRegressor,ru_ahk_outer_to_ru_aho_inner,Ru-AHK outer -> Ru-AHO inner,outer,inner,Different mechanism,Mixed transfer,2,93,0.04819171,0.19433561850652925
GaussianProcessRegressor,ru_ahk_outer_to_ru_aho_inner,Ru-AHK outer -> Ru-AHO inner,outer,inner,Different mechanism,Delta learning,2,5,3.13437597,1.8962698506410256
GaussianProcessRegressor,ru_ahk_outer_to_ru_aho_inner,Ru-AHK outer -> Ru-AHO inner,outer,inner,Different mechanism,Delta learning,2,9,3.13437597,1.8962698506410256
GaussianProcessRegressor,ru_ahk_outer_to_ru_aho_inner,Ru-AHK outer -> Ru-AHO inner,outer,inner,Different mechanism,Delta learning,2,11,2.81808334,1.8962698506410256
GaussianProcessRegressor,ru_ahk_outer_to_ru_aho_inner,Ru-AHK outer -> Ru-AHO inner,outer,inner,Different mechanism,Delta learning,2,15,2.72095293,1.8962698506410256
GaussianProcessRegressor,ru_ahk_outer_to_ru_aho_inner,Ru-AHK outer -> Ru-AHO inner,outer,inner,Different mechanism,Delta learning,2,16,2.72095293,3.1343747845474805
GaussianProcessRegressor,ru_ahk_outer_to_ru_aho_inner,Ru-AHK outer -> Ru-AHO inner,outer,inner,Different mechanism,Delta learning,2,28,2.47786275,2.7209521403886585
GaussianProcessRegressor,ru_ahk_outer_to_ru_aho_inner,Ru-AHK outer -> Ru-AHO inner,outer,inner,Different mechanism,Delta learning,2,30,2.3515711,1.8962698506410256
GaussianProcessRegressor,ru_ahk_outer_to_ru_aho_inner,Ru-AHK outer -> Ru-AHO inner,outer,inner,Different mechanism,Delta learning,2,33,2.30450133,1.8962698506410256
GaussianProcessRegressor,ru_ahk_outer_to_ru_aho_inner,Ru-AHK outer -> Ru-AHO inner,outer,inner,Different mechanism,Delta learning,2,35,2.30450133,1.8962698506410256
GaussianProcessRegressor,ru_ahk_outer_to_ru_aho_inner,Ru-AHK outer -> Ru-AHO inner,outer,inner,Different mechanism,Delta learning,2,39,2.16934032,1.8962698506410256
GaussianProcessRegressor,ru_ahk_outer_to_ru_aho_inner,Ru-AHK outer -> Ru-AHO inner,outer,inner,Different mechanism,Delta learning,2,45,2.01889808,1.8962698506410256
GaussianProcessRegressor,ru_ahk_outer_to_ru_aho_inner,Ru-AHK outer -> Ru-AHO inner,outer,inner,Different mechanism,Delta learning,2,49,1.9607788,1.8962698506410256
GaussianProcessRegressor,ru_ahk_outer_to_ru_aho_inner,Ru-AHK outer -> Ru-AHO inner,outer,inner,Different mechanism,Delta learning,2,65,1.53168147,1.8962698506410256
GaussianProcessRegressor,ru_ahk_outer_to_ru_aho_inner,Ru-AHK outer -> Ru-AHO inner,outer,inner,Different mechanism,Delta learning,2,68,1.49260764,1.8962698506410256
GaussianProcessRegressor,ru_ahk_outer_to_ru_aho_inner,Ru-AHK outer -> Ru-AHO inner,outer,inner,Different mechanism,Delta learning,2,69,1.48763592,1.8962698506410256
GaussianProcessRegressor,ru_ahk_outer_to_ru_aho_inner,Ru-AHK outer -> Ru-AHO inner,outer,inner,Different mechanism,Delta learning,2,70,1.47570337,1.8962698506410256
GaussianProcessRegressor,ru_ahk_outer_to_ru_aho_inner,Ru-AHK outer -> Ru-AHO inner,outer,inner,Different mechanism,Delta learning,2,72,1.40708549,1.8962698506410256
GaussianProcessRegressor,ru_ahk_outer_to_ru_aho_inner,Ru-AHK outer -> Ru-AHO inner,outer,inner,Different mechanism,Delta learning,2,80,1.31904107,1.8962698506410256
GaussianProcessRegressor,ru_ahk_outer_to_ru_aho_inner,Ru-AHK outer -> Ru-AHO inner,outer,inner,Different mechanism,Delta learning,2,88,0.39647984,1.8962698506410256
GaussianProcessRegressor,ru_ahk_outer_to_ru_aho_inner,Ru-AHK outer -> Ru-AHO inner,outer,inner,Different mechanism,Delta learning,2,93,0.04819171,0.19433539955693635
GaussianProcessRegressor,ru_ahk_outer_to_ru_aho_inner,Ru-AHK outer -> Ru-AHO inner,outer,inner,Different mechanism,Mixed transfer,3,3,3.67873076,1.963756571627014
GaussianProcessRegressor,ru_ahk_outer_to_ru_aho_inner,Ru-AHK outer -> Ru-AHO inner,outer,inner,Different mechanism,Mixed transfer,3,6,3.13437597,1.963756571627014
GaussianProcessRegressor,ru_ahk_outer_to_ru_aho_inner,Ru-AHK outer -> Ru-AHO inner,outer,inner,Different mechanism,Mixed transfer,3,7,3.13437597,1.963756571627014
GaussianProcessRegressor,ru_ahk_outer_to_ru_aho_inner,Ru-AHK outer -> Ru-AHO inner,outer,inner,Different mechanism,Mixed transfer,3,8,3.13437597,1.963756571627014
GaussianProcessRegressor,ru_ahk_outer_to_ru_aho_inner,Ru-AHK outer -> Ru-AHO inner,outer,inner,Different mechanism,Mixed transfer,3,13,2.72095293,1.963756571627014
GaussianProcessRegressor,ru_ahk_outer_to_ru_aho_inner,Ru-AHK outer -> Ru-AHO inner,outer,inner,Different mechanism,Mixed transfer,3,17,2.72095293,1.963756571627014
GaussianProcessRegressor,ru_ahk_outer_to_ru_aho_inner,Ru-AHK outer -> Ru-AHO inner,outer,inner,Different mechanism,Mixed transfer,3,19,2.72095293,1.963756571627014
GaussianProcessRegressor,ru_ahk_outer_to_ru_aho_inner,Ru-AHK outer -> Ru-AHO inner,outer,inner,Different mechanism,Mixed transfer,3,24,2.49823771,1.963756571627014
GaussianProcessRegressor,ru_ahk_outer_to_ru_aho_inner,Ru-AHK outer -> Ru-AHO inner,outer,inner,Different mechanism,Mixed transfer,3,25,2.49823771,1.963756571627014
GaussianProcessRegressor,ru_ahk_outer_to_ru_aho_inner,Ru-AHK outer -> Ru-AHO inner,outer,inner,Different mechanism,Mixed transfer,3,27,2.47786275,1.963756571627014
GaussianProcessRegressor,ru_ahk_outer_to_ru_aho_inner,Ru-AHK outer -> Ru-AHO inner,outer,inner,Different mechanism,Mixed transfer,3,34,2.30450133,1.963756571627014
GaussianProcessRegressor,ru_ahk_outer_to_ru_aho_inner,Ru-AHK outer -> Ru-AHO inner,outer,inner,Different mechanism,Mixed transfer,3,36,2.28957767,2.3671739787972648
GaussianProcessRegressor,ru_ahk_outer_to_ru_aho_inner,Ru-AHK outer -> Ru-AHO inner,outer,inner,Different mechanism,Mixed transfer,3,38,2.20688949,1.963756571627014
GaussianProcessRegressor,ru_ahk_outer_to_ru_aho_inner,Ru-AHK outer -> Ru-AHO inner,outer,inner,Different mechanism,Mixed transfer,3,53,1.84440958,1.963756571627014
GaussianProcessRegressor,ru_ahk_outer_to_ru_aho_inner,Ru-AHK outer -> Ru-AHO inner,outer,inner,Different mechanism,Mixed transfer,3,55,1.80901573,1.963756571627014
GaussianProcessRegressor,ru_ahk_outer_to_ru_aho_inner,Ru-AHK outer -> Ru-AHO inner,outer,inner,Different mechanism,Mixed transfer,3,56,1.73731552,2.3671739787972648
GaussianProcessRegressor,ru_ahk_outer_to_ru_aho_inner,Ru-AHK outer -> Ru-AHO inner,outer,inner,Different mechanism,Mixed transfer,3,76,1.36999511,1.963756571627014
GaussianProcessRegressor,ru_ahk_outer_to_ru_aho_inner,Ru-AHK outer -> Ru-AHO inner,outer,inner,Different mechanism,Mixed transfer,3,78,1.35390456,1.963756571627014
GaussianProcessRegressor,ru_ahk_outer_to_ru_aho_inner,Ru-AHK outer -> Ru-AHO inner,outer,inner,Different mechanism,Mixed transfer,3,79,1.33471728,1.963756571627014
GaussianProcessRegressor,ru_ahk_outer_to_ru_aho_inner,Ru-AHK outer -> Ru-AHO inner,outer,inner,Different mechanism,Mixed transfer,3,85,0.80254597,1.963756571627014
GaussianProcessRegressor,ru_ahk_outer_to_ru_aho_inner,Ru-AHK outer -> Ru-AHO inner,outer,inner,Different mechanism,Delta learning,3,3,3.67873076,1.8129710492307691
GaussianProcessRegressor,ru_ahk_outer_to_ru_aho_inner,Ru-AHK outer -> Ru-AHO inner,outer,inner,Different mechanism,Delta learning,3,6,3.13437597,1.8129710492307691
GaussianProcessRegressor,ru_ahk_outer_to_ru_aho_inner,Ru-AHK outer -> Ru-AHO inner,outer,inner,Different mechanism,Delta learning,3,7,3.13437597,1.8129710492307691
GaussianProcessRegressor,ru_ahk_outer_to_ru_aho_inner,Ru-AHK outer -> Ru-AHO inner,outer,inner,Different mechanism,Delta learning,3,8,3.13437597,1.8129710492307691
GaussianProcessRegressor,ru_ahk_outer_to_ru_aho_inner,Ru-AHK outer -> Ru-AHO inner,outer,inner,Different mechanism,Delta learning,3,13,2.72095293,1.8129710492307691
GaussianProcessRegressor,ru_ahk_outer_to_ru_aho_inner,Ru-AHK outer -> Ru-AHO inner,outer,inner,Different mechanism,Delta learning,3,17,2.72095293,1.8129710492307691
GaussianProcessRegressor,ru_ahk_outer_to_ru_aho_inner,Ru-AHK outer -> Ru-AHO inner,outer,inner,Different mechanism,Delta learning,3,19,2.72095293,1.8129710492307691
GaussianProcessRegressor,ru_ahk_outer_to_ru_aho_inner,Ru-AHK outer -> Ru-AHO inner,outer,inner,Different mechanism,Delta learning,3,24,2.49823771,1.8129710492307691
GaussianProcessRegressor,ru_ahk_outer_to_ru_aho_inner,Ru-AHK outer -> Ru-AHO inner,outer,inner,Different mechanism,Delta learning,3,25,2.49823771,1.8129710492307691
GaussianProcessRegressor,ru_ahk_outer_to_ru_aho_inner,Ru-AHK outer -> Ru-AHO inner,outer,inner,Different mechanism,Delta learning,3,27,2.47786275,1.8129710492307691
GaussianProcessRegressor,ru_ahk_outer_to_ru_aho_inner,Ru-AHK outer -> Ru-AHO inner,outer,inner,Different mechanism,Delta learning,3,34,2.30450133,1.8129710492307691
GaussianProcessRegressor,ru_ahk_outer_to_ru_aho_inner,Ru-AHK outer -> Ru-AHO inner,outer,inner,Different mechanism,Delta learning,3,36,2.28957767,2.3671708231548436
GaussianProcessRegressor,ru_ahk_outer_to_ru_aho_inner,Ru-AHK outer -> Ru-AHO inner,outer,inner,Different mechanism,Delta learning,3,38,2.20688949,1.8129710492307691
GaussianProcessRegressor,ru_ahk_outer_to_ru_aho_inner,Ru-AHK outer -> Ru-AHO inner,outer,inner,Different mechanism,Delta learning,3,53,1.84440958,1.8129710492307691
GaussianProcessRegressor,ru_ahk_outer_to_ru_aho_inner,Ru-AHK outer -> Ru-AHO inner,outer,inner,Different mechanism,Delta learning,3,55,1.80901573,1.8129710492307691
GaussianProcessRegressor,ru_ahk_outer_to_ru_aho_inner,Ru-AHK outer -> Ru-AHO inner,outer,inner,Different mechanism,Delta learning,3,56,1.73731552,2.3671708231548436
GaussianProcessRegressor,ru_ahk_outer_to_ru_aho_inner,Ru-AHK outer -> Ru-AHO inner,outer,inner,Different mechanism,Delta learning,3,76,1.36999511,1.8129710492307691
GaussianProcessRegressor,ru_ahk_outer_to_ru_aho_inner,Ru-AHK outer -> Ru-AHO inner,outer,inner,Different mechanism,Delta learning,3,78,1.35390456,1.8129710492307691
GaussianProcessRegressor,ru_ahk_outer_to_ru_aho_inner,Ru-AHK outer -> Ru-AHO inner,outer,inner,Different mechanism,Delta learning,3,79,1.33471728,1.8129710492307691
GaussianProcessRegressor,ru_ahk_outer_to_ru_aho_inner,Ru-AHK outer -> Ru-AHO inner,outer,inner,Different mechanism,Delta learning,3,85,0.80254597,1.8129710492307691
GaussianProcessRegressor,ru_ahk_outer_to_ru_aho_inner,Ru-AHK outer -> Ru-AHO inner,outer,inner,Different mechanism,Mixed transfer,4,32,2.30450133,1.973765590210681
GaussianProcessRegressor,ru_ahk_outer_to_ru_aho_inner,Ru-AHK outer -> Ru-AHO inner,outer,inner,Different mechanism,Mixed transfer,4,41,2.13444943,1.973765590210681
GaussianProcessRegressor,ru_ahk_outer_to_ru_aho_inner,Ru-AHK outer -> Ru-AHO inner,outer,inner,Different mechanism,Mixed transfer,4,43,2.11117069,1.973765590210681
GaussianProcessRegressor,ru_ahk_outer_to_ru_aho_inner,Ru-AHK outer -> Ru-AHO inner,outer,inner,Different mechanism,Mixed transfer,4,46,2.00941149,1.973765590210681
GaussianProcessRegressor,ru_ahk_outer_to_ru_aho_inner,Ru-AHK outer -> Ru-AHO inner,outer,inner,Different mechanism,Mixed transfer,4,48,1.96551622,1.973765590210681
GaussianProcessRegressor,ru_ahk_outer_to_ru_aho_inner,Ru-AHK outer -> Ru-AHO inner,outer,inner,Different mechanism,Mixed transfer,4,50,1.95650617,1.973765590210681
GaussianProcessRegressor,ru_ahk_outer_to_ru_aho_inner,Ru-AHK outer -> Ru-AHO inner,outer,inner,Different mechanism,Mixed transfer,4,54,1.80901573,1.973765590210681
GaussianProcessRegressor,ru_ahk_outer_to_ru_aho_inner,Ru-AHK outer -> Ru-AHO inner,outer,inner,Different mechanism,Mixed transfer,4,57,1.68395754,1.8818519660444377
GaussianProcessRegressor,ru_ahk_outer_to_ru_aho_inner,Ru-AHK outer -> Ru-AHO inner,outer,inner,Different mechanism,Mixed transfer,4,58,1.66417952,1.973765590210681
GaussianProcessRegressor,ru_ahk_outer_to_ru_aho_inner,Ru-AHK outer -> Ru-AHO inner,outer,inner,Different mechanism,Mixed transfer,4,59,1.62929332,1.973765590210681
GaussianProcessRegressor,ru_ahk_outer_to_ru_aho_inner,Ru-AHK outer -> Ru-AHO inner,outer,inner,Different mechanism,Mixed transfer,4,61,1.57873877,1.973765590210681
GaussianProcessRegressor,ru_ahk_outer_to_ru_aho_inner,Ru-AHK outer -> Ru-AHO inner,outer,inner,Different mechanism,Mixed transfer,4,63,1.56019653,1.973765590210681
GaussianProcessRegressor,ru_ahk_outer_to_ru_aho_inner,Ru-AHK outer -> Ru-AHO inner,outer,inner,Different mechanism,Mixed transfer,4,66,1.51369193,1.973765590210681
GaussianProcessRegressor,ru_ahk_outer_to_ru_aho_inner,Ru-AHK outer -> Ru-AHO inner,outer,inner,Different mechanism,Mixed transfer,4,67,1.51369193,1.973765590210681
GaussianProcessRegressor,ru_ahk_outer_to_ru_aho_inner,Ru-AHK outer -> Ru-AHO inner,outer,inner,Different mechanism,Mixed transfer,4,77,1.36283425,1.973765590210681
GaussianProcessRegressor,ru_ahk_outer_to_ru_aho_inner,Ru-AHK outer -> Ru-AHO inner,outer,inner,Different mechanism,Mixed transfer,4,84,0.80438248,1.973765590210681
GaussianProcessRegressor,ru_ahk_outer_to_ru_aho_inner,Ru-AHK outer -> Ru-AHO inner,outer,inner,Different mechanism,Mixed transfer,4,95,0.0120419,1.973765590210681
GaussianProcessRegressor,ru_ahk_outer_to_ru_aho_inner,Ru-AHK outer -> Ru-AHO inner,outer,inner,Different mechanism,Mixed transfer,4,96,0.0,1.973765590210681
GaussianProcessRegressor,ru_ahk_outer_to_ru_aho_inner,Ru-AHK outer -> Ru-AHO inner,outer,inner,Different mechanism,Mixed transfer,4,97,0.0,1.973765590210681
GaussianProcessRegressor,ru_ahk_outer_to_ru_aho_inner,Ru-AHK outer -> Ru-AHO inner,outer,inner,Different mechanism,Delta learning,4,32,2.30450133,2.0198745630379746
GaussianProcessRegressor,ru_ahk_outer_to_ru_aho_inner,Ru-AHK outer -> Ru-AHO inner,outer,inner,Different mechanism,Delta learning,4,41,2.13444943,2.0198745630379746
GaussianProcessRegressor,ru_ahk_outer_to_ru_aho_inner,Ru-AHK outer -> Ru-AHO inner,outer,inner,Different mechanism,Delta learning,4,43,2.11117069,2.0198745630379746
GaussianProcessRegressor,ru_ahk_outer_to_ru_aho_inner,Ru-AHK outer -> Ru-AHO inner,outer,inner,Different mechanism,Delta learning,4,46,2.00941149,2.0198745630379746
GaussianProcessRegressor,ru_ahk_outer_to_ru_aho_inner,Ru-AHK outer -> Ru-AHO inner,outer,inner,Different mechanism,Delta learning,4,48,1.96551622,2.0198745630379746
GaussianProcessRegressor,ru_ahk_outer_to_ru_aho_inner,Ru-AHK outer -> Ru-AHO inner,outer,inner,Different mechanism,Delta learning,4,50,1.95650617,2.0198745630379746
GaussianProcessRegressor,ru_ahk_outer_to_ru_aho_inner,Ru-AHK outer -> Ru-AHO inner,outer,inner,Different mechanism,Delta learning,4,54,1.80901573,2.0198745630379746
GaussianProcessRegressor,ru_ahk_outer_to_ru_aho_inner,Ru-AHK outer -> Ru-AHO inner,outer,inner,Different mechanism,Delta learning,4,57,1.68395754,1.8818520063806097
GaussianProcessRegressor,ru_ahk_outer_to_ru_aho_inner,Ru-AHK outer -> Ru-AHO inner,outer,inner,Different mechanism,Delta learning,4,58,1.66417952,2.0198745630379746
GaussianProcessRegressor,ru_ahk_outer_to_ru_aho_inner,Ru-AHK outer -> Ru-AHO inner,outer,inner,Different mechanism,Delta learning,4,59,1.62929332,2.0198745630379746
GaussianProcessRegressor,ru_ahk_outer_to_ru_aho_inner,Ru-AHK outer -> Ru-AHO inner,outer,inner,Different mechanism,Delta learning,4,61,1.57873877,2.0198745630379746
GaussianProcessRegressor,ru_ahk_outer_to_ru_aho_inner,Ru-AHK outer -> Ru-AHO inner,outer,inner,Different mechanism,Delta learning,4,63,1.56019653,2.0198745630379746
GaussianProcessRegressor,ru_ahk_outer_to_ru_aho_inner,Ru-AHK outer -> Ru-AHO inner,outer,inner,Different mechanism,Delta learning,4,66,1.51369193,2.0198745630379746
GaussianProcessRegressor,ru_ahk_outer_to_ru_aho_inner,Ru-AHK outer -> Ru-AHO inner,outer,inner,Different mechanism,Delta learning,4,67,1.51369193,2.0198745630379746
GaussianProcessRegressor,ru_ahk_outer_to_ru_aho_inner,Ru-AHK outer -> Ru-AHO inner,outer,inner,Different mechanism,Delta learning,4,77,1.36283425,2.0198745630379746
GaussianProcessRegressor,ru_ahk_outer_to_ru_aho_inner,Ru-AHK outer -> Ru-AHO inner,outer,inner,Different mechanism,Delta learning,4,84,0.80438248,2.0198745630379746
GaussianProcessRegressor,ru_ahk_outer_to_ru_aho_inner,Ru-AHK outer -> Ru-AHO inner,outer,inner,Different mechanism,Delta learning,4,95,0.0120419,2.0198745630379746
GaussianProcessRegressor,ru_ahk_outer_to_ru_aho_inner,Ru-AHK outer -> Ru-AHO inner,outer,inner,Different mechanism,Delta learning,4,96,0.0,2.0198745630379746
GaussianProcessRegressor,ru_ahk_outer_to_ru_aho_inner,Ru-AHK outer -> Ru-AHO inner,outer,inner,Different mechanism,Delta learning,4,97,0.0,2.0198745630379746
GaussianProcessRegressor,ru_ahk_outer_to_ru_aho_inner,Ru-AHK outer -> Ru-AHO inner,outer,inner,Different mechanism,Mixed transfer,5,1,4.50050002,1.9692552707854647
GaussianProcessRegressor,ru_ahk_outer_to_ru_aho_inner,Ru-AHK outer -> Ru-AHO inner,outer,inner,Different mechanism,Mixed transfer,5,2,3.84937533,1.9692552707854647
GaussianProcessRegressor,ru_ahk_outer_to_ru_aho_inner,Ru-AHK outer -> Ru-AHO inner,outer,inner,Different mechanism,Mixed transfer,5,14,2.72095293,1.9692552707854647
GaussianProcessRegressor,ru_ahk_outer_to_ru_aho_inner,Ru-AHK outer -> Ru-AHO inner,outer,inner,Different mechanism,Mixed transfer,5,20,2.72095293,1.9692552707854647
GaussianProcessRegressor,ru_ahk_outer_to_ru_aho_inner,Ru-AHK outer -> Ru-AHO inner,outer,inner,Different mechanism,Mixed transfer,5,21,2.6917632,1.9692552707854647
GaussianProcessRegressor,ru_ahk_outer_to_ru_aho_inner,Ru-AHK outer -> Ru-AHO inner,outer,inner,Different mechanism,Mixed transfer,5,23,2.61179564,2.049815281746176
GaussianProcessRegressor,ru_ahk_outer_to_ru_aho_inner,Ru-AHK outer -> Ru-AHO inner,outer,inner,Different mechanism,Mixed transfer,5,29,2.47786275,1.9692552707854647
GaussianProcessRegressor,ru_ahk_outer_to_ru_aho_inner,Ru-AHK outer -> Ru-AHO inner,outer,inner,Different mechanism,Mixed transfer,5,37,2.26077037,1.9692552707854647
GaussianProcessRegressor,ru_ahk_outer_to_ru_aho_inner,Ru-AHK outer -> Ru-AHO inner,outer,inner,Different mechanism,Mixed transfer,5,51,1.94448624,1.9692552707854647
GaussianProcessRegressor,ru_ahk_outer_to_ru_aho_inner,Ru-AHK outer -> Ru-AHO inner,outer,inner,Different mechanism,Mixed transfer,5,52,1.88185187,1.6839578394309767
GaussianProcessRegressor,ru_ahk_outer_to_ru_aho_inner,Ru-AHK outer -> Ru-AHO inner,outer,inner,Different mechanism,Mixed transfer,5,60,1.62929332,1.9692552707854647
GaussianProcessRegressor,ru_ahk_outer_to_ru_aho_inner,Ru-AHK outer -> Ru-AHO inner,outer,inner,Different mechanism,Mixed transfer,5,71,1.47016368,1.9692552707854647
GaussianProcessRegressor,ru_ahk_outer_to_ru_aho_inner,Ru-AHK outer -> Ru-AHO inner,outer,inner,Different mechanism,Mixed transfer,5,74,1.38325909,1.9692552707854647
GaussianProcessRegressor,ru_ahk_outer_to_ru_aho_inner,Ru-AHK outer -> Ru-AHO inner,outer,inner,Different mechanism,Mixed transfer,5,82,0.99242206,1.9692552707854647
GaussianProcessRegressor,ru_ahk_outer_to_ru_aho_inner,Ru-AHK outer -> Ru-AHO inner,outer,inner,Different mechanism,Mixed transfer,5,86,0.67501313,1.9692552707854647
GaussianProcessRegressor,ru_ahk_outer_to_ru_aho_inner,Ru-AHK outer -> Ru-AHO inner,outer,inner,Different mechanism,Mixed transfer,5,87,0.56782018,1.9692552707854647
GaussianProcessRegressor,ru_ahk_outer_to_ru_aho_inner,Ru-AHK outer -> Ru-AHO inner,outer,inner,Different mechanism,Mixed transfer,5,89,0.33293116,1.9692552707854647
GaussianProcessRegressor,ru_ahk_outer_to_ru_aho_inner,Ru-AHK outer -> Ru-AHO inner,outer,inner,Different mechanism,Mixed transfer,5,91,0.10866753,1.9692552707854647
GaussianProcessRegressor,ru_ahk_outer_to_ru_aho_inner,Ru-AHK outer -> Ru-AHO inner,outer,inner,Different mechanism,Mixed transfer,5,92,0.09139463,1.9692552707854647
GaussianProcessRegressor,ru_ahk_outer_to_ru_aho_inner,Ru-AHK outer -> Ru-AHO inner,outer,inner,Different mechanism,Delta learning,5,1,4.50050002,1.9274986537974683
GaussianProcessRegressor,ru_ahk_outer_to_ru_aho_inner,Ru-AHK outer -> Ru-AHO inner,outer,inner,Different mechanism,Delta learning,5,2,3.84937533,1.9274986537974683
GaussianProcessRegressor,ru_ahk_outer_to_ru_aho_inner,Ru-AHK outer -> Ru-AHO inner,outer,inner,Different mechanism,Delta learning,5,14,2.72095293,1.9274986537974683
GaussianProcessRegressor,ru_ahk_outer_to_ru_aho_inner,Ru-AHK outer -> Ru-AHO inner,outer,inner,Different mechanism,Delta learning,5,20,2.72095293,1.9274986537974683
GaussianProcessRegressor,ru_ahk_outer_to_ru_aho_inner,Ru-AHK outer -> Ru-AHO inner,outer,inner,Different mechanism,Delta learning,5,21,2.6917632,1.9274986537974683
GaussianProcessRegressor,ru_ahk_outer_to_ru_aho_inner,Ru-AHK outer -> Ru-AHO inner,outer,inner,Different mechanism,Delta learning,5,23,2.61179564,2.0498152687490396
GaussianProcessRegressor,ru_ahk_outer_to_ru_aho_inner,Ru-AHK outer -> Ru-AHO inner,outer,inner,Different mechanism,Delta learning,5,29,2.47786275,1.9274986537974683
GaussianProcessRegressor,ru_ahk_outer_to_ru_aho_inner,Ru-AHK outer -> Ru-AHO inner,outer,inner,Different mechanism,Delta learning,5,37,2.26077037,1.9274986537974683
GaussianProcessRegressor,ru_ahk_outer_to_ru_aho_inner,Ru-AHK outer -> Ru-AHO inner,outer,inner,Different mechanism,Delta learning,5,51,1.94448624,1.9274986537974683
GaussianProcessRegressor,ru_ahk_outer_to_ru_aho_inner,Ru-AHK outer -> Ru-AHO inner,outer,inner,Different mechanism,Delta learning,5,52,1.88185187,1.6839577864078206
GaussianProcessRegressor,ru_ahk_outer_to_ru_aho_inner,Ru-AHK outer -> Ru-AHO inner,outer,inner,Different mechanism,Delta learning,5,60,1.62929332,1.9274986537974683
GaussianProcessRegressor,ru_ahk_outer_to_ru_aho_inner,Ru-AHK outer -> Ru-AHO inner,outer,inner,Different mechanism,Delta learning,5,71,1.47016368,1.9274986537974683
GaussianProcessRegressor,ru_ahk_outer_to_ru_aho_inner,Ru-AHK outer -> Ru-AHO inner,outer,inner,Different mechanism,Delta learning,5,74,1.38325909,1.9274986537974683
GaussianProcessRegressor,ru_ahk_outer_to_ru_aho_inner,Ru-AHK outer -> Ru-AHO inner,outer,inner,Different mechanism,Delta learning,5,82,0.99242206,1.9274986537974683
GaussianProcessRegressor,ru_ahk_outer_to_ru_aho_inner,Ru-AHK outer -> Ru-AHO inner,outer,inner,Different mechanism,Delta learning,5,86,0.67501313,1.9274986537974683
GaussianProcessRegressor,ru_ahk_outer_to_ru_aho_inner,Ru-AHK outer -> Ru-AHO inner,outer,inner,Different mechanism,Delta learning,5,87,0.56782018,1.9274986537974683
GaussianProcessRegressor,ru_ahk_outer_to_ru_aho_inner,Ru-AHK outer -> Ru-AHO inner,outer,inner,Different mechanism,Delta learning,5,89,0.33293116,1.9274986537974683
GaussianProcessRegressor,ru_ahk_outer_to_ru_aho_inner,Ru-AHK outer -> Ru-AHO inner,outer,inner,Different mechanism,Delta learning,5,91,0.10866753,1.9274986537974683
GaussianProcessRegressor,ru_ahk_outer_to_ru_aho_inner,Ru-AHK outer -> Ru-AHO inner,outer,inner,Different mechanism,Delta learning,5,92,0.09139463,1.9274986537974683
KNeighborsRegressor,target_only_ru_aho_inner,Ru-AHO inner target-only,none,inner,Target-only,Target-only,1,0,4.50050002,2.3520693980000003
KNeighborsRegressor,target_only_ru_aho_inner,Ru-AHO inner target-only,none,inner,Target-only,Target-only,1,4,3.13437597,2.906439812
KNeighborsRegressor,target_only_ru_aho_inner,Ru-AHO inner target-only,none,inner,Target-only,Target-only,1,10,2.89279432,2.3520693980000003
KNeighborsRegressor,target_only_ru_aho_inner,Ru-AHO inner target-only,none,inner,Target-only,Target-only,1,12,2.72095293,2.3520693980000003
KNeighborsRegressor,target_only_ru_aho_inner,Ru-AHO inner target-only,none,inner,Target-only,Target-only,1,18,2.72095293,2.6431429399999997
KNeighborsRegressor,target_only_ru_aho_inner,Ru-AHO inner target-only,none,inner,Target-only,Target-only,1,22,2.63729647,2.288285574
KNeighborsRegressor,target_only_ru_aho_inner,Ru-AHO inner target-only,none,inner,Target-only,Target-only,1,26,2.49268506,1.661275568
KNeighborsRegressor,target_only_ru_aho_inner,Ru-AHO inner target-only,none,inner,Target-only,Target-only,1,31,2.30450133,1.999192126
KNeighborsRegressor,target_only_ru_aho_inner,Ru-AHO inner target-only,none,inner,Target-only,Target-only,1,40,2.13954868,2.050234574
KNeighborsRegressor,target_only_ru_aho_inner,Ru-AHO inner target-only,none,inner,Target-only,Target-only,1,42,2.12255274,2.429707074
KNeighborsRegressor,target_only_ru_aho_inner,Ru-AHO inner target-only,none,inner,Target-only,Target-only,1,44,2.02174776,1.966513596
KNeighborsRegressor,target_only_ru_aho_inner,Ru-AHO inner target-only,none,inner,Target-only,Target-only,1,47,1.97754867,1.4823974400000002
KNeighborsRegressor,target_only_ru_aho_inner,Ru-AHO inner target-only,none,inner,Target-only,Target-only,1,62,1.56906465,1.966513596
KNeighborsRegressor,target_only_ru_aho_inner,Ru-AHO inner target-only,none,inner,Target-only,Target-only,1,64,1.53168147,1.5076426520000001
KNeighborsRegressor,target_only_ru_aho_inner,Ru-AHO inner target-only,none,inner,Target-only,Target-only,1,73,1.39055932,1.359757102
KNeighborsRegressor,target_only_ru_aho_inner,Ru-AHO inner target-only,none,inner,Target-only,Target-only,1,75,1.36999511,1.494108594
KNeighborsRegressor,target_only_ru_aho_inner,Ru-AHO inner target-only,none,inner,Target-only,Target-only,1,81,1.00421655,1.359757102
KNeighborsRegressor,target_only_ru_aho_inner,Ru-AHO inner target-only,none,inner,Target-only,Target-only,1,83,0.83956097,1.06138341
KNeighborsRegressor,target_only_ru_aho_inner,Ru-AHO inner target-only,none,inner,Target-only,Target-only,1,90,0.19433377,0.793506956
KNeighborsRegressor,target_only_ru_aho_inner,Ru-AHO inner target-only,none,inner,Target-only,Target-only,1,94,0.04739647,0.983726884
KNeighborsRegressor,target_only_ru_aho_inner,Ru-AHO inner target-only,none,inner,Target-only,Target-only,2,5,3.13437597,2.3151337979999997
KNeighborsRegressor,target_only_ru_aho_inner,Ru-AHO inner target-only,none,inner,Target-only,Target-only,2,9,3.13437597,2.8332750239999998
KNeighborsRegressor,target_only_ru_aho_inner,Ru-AHO inner target-only,none,inner,Target-only,Target-only,2,11,2.81808334,2.388843052
KNeighborsRegressor,target_only_ru_aho_inner,Ru-AHO inner target-only,none,inner,Target-only,Target-only,2,15,2.72095293,1.9517431200000002
KNeighborsRegressor,target_only_ru_aho_inner,Ru-AHO inner target-only,none,inner,Target-only,Target-only,2,16,2.72095293,2.703050086
KNeighborsRegressor,target_only_ru_aho_inner,Ru-AHO inner target-only,none,inner,Target-only,Target-only,2,28,2.47786275,2.5300266060000003
KNeighborsRegressor,target_only_ru_aho_inner,Ru-AHO inner target-only,none,inner,Target-only,Target-only,2,30,2.3515711,2.440470012
KNeighborsRegressor,target_only_ru_aho_inner,Ru-AHO inner target-only,none,inner,Target-only,Target-only,2,33,2.30450133,2.750590416
KNeighborsRegressor,target_only_ru_aho_inner,Ru-AHO inner target-only,none,inner,Target-only,Target-only,2,35,2.30450133,2.388843052
KNeighborsRegressor,target_only_ru_aho_inner,Ru-AHO inner target-only,none,inner,Target-only,Target-only,2,39,2.16934032,1.512773602
KNeighborsRegressor,target_only_ru_aho_inner,Ru-AHO inner target-only,none,inner,Target-only,Target-only,2,45,2.01889808,1.908057378
KNeighborsRegressor,target_only_ru_aho_inner,Ru-AHO inner target-only,none,inner,Target-only,Target-only,2,49,1.9607788,0.800577144
KNeighborsRegressor,target_only_ru_aho_inner,Ru-AHO inner target-only,none,inner,Target-only,Target-only,2,65,1.53168147,1.2541769939999998
KNeighborsRegressor,target_only_ru_aho_inner,Ru-AHO inner target-only,none,inner,Target-only,Target-only,2,68,1.49260764,1.861291052
KNeighborsRegressor,target_only_ru_aho_inner,Ru-AHO inner target-only,none,inner,Target-only,Target-only,2,69,1.48763592,1.5103652220000001
KNeighborsRegressor,target_only_ru_aho_inner,Ru-AHO inner target-only,none,inner,Target-only,Target-only,2,70,1.47570337,1.7472220539999999
KNeighborsRegressor,target_only_ru_aho_inner,Ru-AHO inner target-only,none,inner,Target-only,Target-only,2,72,1.40708549,1.2541769939999998
KNeighborsRegressor,target_only_ru_aho_inner,Ru-AHO inner target-only,none,inner,Target-only,Target-only,2,80,1.31904107,1.42079807
KNeighborsRegressor,target_only_ru_aho_inner,Ru-AHO inner target-only,none,inner,Target-only,Target-only,2,88,0.39647984,1.630866314
KNeighborsRegressor,target_only_ru_aho_inner,Ru-AHO inner target-only,none,inner,Target-only,Target-only,2,93,0.04819171,0.8497675699999998
KNeighborsRegressor,target_only_ru_aho_inner,Ru-AHO inner target-only,none,inner,Target-only,Target-only,3,3,3.67873076,2.3308167600000003
KNeighborsRegressor,target_only_ru_aho_inner,Ru-AHO inner target-only,none,inner,Target-only,Target-only,3,6,3.13437597,1.5311228179999998
KNeighborsRegressor,target_only_ru_aho_inner,Ru-AHO inner target-only,none,inner,Target-only,Target-only,3,7,3.13437597,1.334030766
KNeighborsRegressor,target_only_ru_aho_inner,Ru-AHO inner target-only,none,inner,Target-only,Target-only,3,8,3.13437597,1.334030766
KNeighborsRegressor,target_only_ru_aho_inner,Ru-AHO inner target-only,none,inner,Target-only,Target-only,3,13,2.72095293,2.41410708
KNeighborsRegressor,target_only_ru_aho_inner,Ru-AHO inner target-only,none,inner,Target-only,Target-only,3,17,2.72095293,2.41410708
KNeighborsRegressor,target_only_ru_aho_inner,Ru-AHO inner target-only,none,inner,Target-only,Target-only,3,19,2.72095293,2.41410708
KNeighborsRegressor,target_only_ru_aho_inner,Ru-AHO inner target-only,none,inner,Target-only,Target-only,3,24,2.49823771,2.490313168
KNeighborsRegressor,target_only_ru_aho_inner,Ru-AHO inner target-only,none,inner,Target-only,Target-only,3,25,2.49823771,2.6266010559999997
KNeighborsRegressor,target_only_ru_aho_inner,Ru-AHO inner target-only,none,inner,Target-only,Target-only,3,27,2.47786275,3.047670394
KNeighborsRegressor,target_only_ru_aho_inner,Ru-AHO inner target-only,none,inner,Target-only,Target-only,3,34,2.30450133,2.41410708
KNeighborsRegressor,target_only_ru_aho_inner,Ru-AHO inner target-only,none,inner,Target-only,Target-only,3,36,2.28957767,2.607971766
KNeighborsRegressor,target_only_ru_aho_inner,Ru-AHO inner target-only,none,inner,Target-only,Target-only,3,38,2.20688949,2.1886401739999997
KNeighborsRegressor,target_only_ru_aho_inner,Ru-AHO inner target-only,none,inner,Target-only,Target-only,3,53,1.84440958,1.9387490819999997
KNeighborsRegressor,target_only_ru_aho_inner,Ru-AHO inner target-only,none,inner,Target-only,Target-only,3,55,1.80901573,2.0982892459999998
KNeighborsRegressor,target_only_ru_aho_inner,Ru-AHO inner target-only,none,inner,Target-only,Target-only,3,56,1.73731552,2.607971766
KNeighborsRegressor,target_only_ru_aho_inner,Ru-AHO inner target-only,none,inner,Target-only,Target-only,3,76,1.36999511,1.230106288
KNeighborsRegressor,target_only_ru_aho_inner,Ru-AHO inner target-only,none,inner,Target-only,Target-only,3,78,1.35390456,1.442602664
KNeighborsRegressor,target_only_ru_aho_inner,Ru-AHO inner target-only,none,inner,Target-only,Target-only,3,79,1.33471728,1.46262967
KNeighborsRegressor,target_only_ru_aho_inner,Ru-AHO inner target-only,none,inner,Target-only,Target-only,3,85,0.80254597,1.230106288
KNeighborsRegressor,target_only_ru_aho_inner,Ru-AHO inner target-only,none,inner,Target-only,Target-only,4,32,2.30450133,2.404080294
KNeighborsRegressor,target_only_ru_aho_inner,Ru-AHO inner target-only,none,inner,Target-only,Target-only,4,41,2.13444943,1.5590266879999999
KNeighborsRegressor,target_only_ru_aho_inner,Ru-AHO inner target-only,none,inner,Target-only,Target-only,4,43,2.11117069,1.6526538679999998
KNeighborsRegressor,target_only_ru_aho_inner,Ru-AHO inner target-only,none,inner,Target-only,Target-only,4,46,2.00941149,2.550577422
KNeighborsRegressor,target_only_ru_aho_inner,Ru-AHO inner target-only,none,inner,Target-only,Target-only,4,48,1.96551622,2.120508702
KNeighborsRegressor,target_only_ru_aho_inner,Ru-AHO inner target-only,none,inner,Target-only,Target-only,4,50,1.95650617,1.6526538679999998
KNeighborsRegressor,target_only_ru_aho_inner,Ru-AHO inner target-only,none,inner,Target-only,Target-only,4,54,1.80901573,2.0982892459999998
KNeighborsRegressor,target_only_ru_aho_inner,Ru-AHO inner target-only,none,inner,Target-only,Target-only,4,57,1.68395754,2.007605358
KNeighborsRegressor,target_only_ru_aho_inner,Ru-AHO inner target-only,none,inner,Target-only,Target-only,4,58,1.66417952,1.423260828
KNeighborsRegressor,target_only_ru_aho_inner,Ru-AHO inner target-only,none,inner,Target-only,Target-only,4,59,1.62929332,2.2042265380000003
KNeighborsRegressor,target_only_ru_aho_inner,Ru-AHO inner target-only,none,inner,Target-only,Target-only,4,61,1.57873877,1.4388696200000002
KNeighborsRegressor,target_only_ru_aho_inner,Ru-AHO inner target-only,none,inner,Target-only,Target-only,4,63,1.56019653,1.435564386
KNeighborsRegressor,target_only_ru_aho_inner,Ru-AHO inner target-only,none,inner,Target-only,Target-only,4,66,1.51369193,1.435564386
KNeighborsRegressor,target_only_ru_aho_inner,Ru-AHO inner target-only,none,inner,Target-only,Target-only,4,67,1.51369193,1.265192978
KNeighborsRegressor,target_only_ru_aho_inner,Ru-AHO inner target-only,none,inner,Target-only,Target-only,4,77,1.36283425,1.6526538679999998
KNeighborsRegressor,target_only_ru_aho_inner,Ru-AHO inner target-only,none,inner,Target-only,Target-only,4,84,0.80438248,1.5293767
KNeighborsRegressor,target_only_ru_aho_inner,Ru-AHO inner target-only,none,inner,Target-only,Target-only,4,95,0.0120419,0.965006932
KNeighborsRegressor,target_only_ru_aho_inner,Ru-AHO inner target-only,none,inner,Target-only,Target-only,4,96,0.0,1.238774898
KNeighborsRegressor,target_only_ru_aho_inner,Ru-AHO inner target-only,none,inner,Target-only,Target-only,4,97,0.0,1.504730768
KNeighborsRegressor,target_only_ru_aho_inner,Ru-AHO inner target-only,none,inner,Target-only,Target-only,5,1,4.50050002,2.8030318260000002
KNeighborsRegressor,target_only_ru_aho_inner,Ru-AHO inner target-only,none,inner,Target-only,Target-only,5,2,3.84937533,2.7397733
KNeighborsRegressor,target_only_ru_aho_inner,Ru-AHO inner target-only,none,inner,Target-only,Target-only,5,14,2.72095293,2.632439002
KNeighborsRegressor,target_only_ru_aho_inner,Ru-AHO inner target-only,none,inner,Target-only,Target-only,5,20,2.72095293,2.5404265379999997
KNeighborsRegressor,target_only_ru_aho_inner,Ru-AHO inner target-only,none,inner,Target-only,Target-only,5,21,2.6917632,2.54616395
KNeighborsRegressor,target_only_ru_aho_inner,Ru-AHO inner target-only,none,inner,Target-only,Target-only,5,23,2.61179564,2.3526386360000004
KNeighborsRegressor,target_only_ru_aho_inner,Ru-AHO inner target-only,none,inner,Target-only,Target-only,5,29,2.47786275,2.71512361
KNeighborsRegressor,target_only_ru_aho_inner,Ru-AHO inner target-only,none,inner,Target-only,Target-only,5,37,2.26077037,2.1778639980000003
KNeighborsRegressor,target_only_ru_aho_inner,Ru-AHO inner target-only,none,inner,Target-only,Target-only,5,51,1.94448624,1.975720192
KNeighborsRegressor,target_only_ru_aho_inner,Ru-AHO inner target-only,none,inner,Target-only,Target-only,5,52,1.88185187,1.889535604
KNeighborsRegressor,target_only_ru_aho_inner,Ru-AHO inner target-only,none,inner,Target-only,Target-only,5,60,1.62929332,2.54616395
KNeighborsRegressor,target_only_ru_aho_inner,Ru-AHO inner target-only,none,inner,Target-only,Target-only,5,71,1.47016368,1.4584660880000002
KNeighborsRegressor,target_only_ru_aho_inner,Ru-AHO inner target-only,none,inner,Target-only,Target-only,5,74,1.38325909,1.883160762
KNeighborsRegressor,target_only_ru_aho_inner,Ru-AHO inner target-only,none,inner,Target-only,Target-only,5,82,0.99242206,1.369446952
KNeighborsRegressor,target_only_ru_aho_inner,Ru-AHO inner target-only,none,inner,Target-only,Target-only,5,86,0.67501313,1.7408358659999998
KNeighborsRegressor,target_only_ru_aho_inner,Ru-AHO inner target-only,none,inner,Target-only,Target-only,5,87,0.56782018,2.293153396
KNeighborsRegressor,target_only_ru_aho_inner,Ru-AHO inner target-only,none,inner,Target-only,Target-only,5,89,0.33293116,2.4722322520000004
KNeighborsRegressor,target_only_ru_aho_inner,Ru-AHO inner target-only,none,inner,Target-only,Target-only,5,91,0.10866753,0.945681806
KNeighborsRegressor,target_only_ru_aho_inner,Ru-AHO inner target-only,none,inner,Target-only,Target-only,5,92,0.09139463,1.688258604
KNeighborsRegressor,ru_ahk_inner_to_ru_aho_inner,Ru-AHK inner -> Ru-AHO inner,inner,inner,Same mechanism,Mixed transfer,1,0,4.50050002,2.3520693980000003
KNeighborsRegressor,ru_ahk_inner_to_ru_aho_inner,Ru-AHK inner -> Ru-AHO inner,inner,inner,Same mechanism,Mixed transfer,1,4,3.13437597,2.906439812
KNeighborsRegressor,ru_ahk_inner_to_ru_aho_inner,Ru-AHK inner -> Ru-AHO inner,inner,inner,Same mechanism,Mixed transfer,1,10,2.89279432,2.3520693980000003
KNeighborsRegressor,ru_ahk_inner_to_ru_aho_inner,Ru-AHK inner -> Ru-AHO inner,inner,inner,Same mechanism,Mixed transfer,1,12,2.72095293,2.3520693980000003
KNeighborsRegressor,ru_ahk_inner_to_ru_aho_inner,Ru-AHK inner -> Ru-AHO inner,inner,inner,Same mechanism,Mixed transfer,1,18,2.72095293,2.6431429399999997
KNeighborsRegressor,ru_ahk_inner_to_ru_aho_inner,Ru-AHK inner -> Ru-AHO inner,inner,inner,Same mechanism,Mixed transfer,1,22,2.63729647,1.795696695133585
KNeighborsRegressor,ru_ahk_inner_to_ru_aho_inner,Ru-AHK inner -> Ru-AHO inner,inner,inner,Same mechanism,Mixed transfer,1,26,2.49268506,1.661275568
KNeighborsRegressor,ru_ahk_inner_to_ru_aho_inner,Ru-AHK inner -> Ru-AHO inner,inner,inner,Same mechanism,Mixed transfer,1,31,2.30450133,1.999192126
KNeighborsRegressor,ru_ahk_inner_to_ru_aho_inner,Ru-AHK inner -> Ru-AHO inner,inner,inner,Same mechanism,Mixed transfer,1,40,2.13954868,1.878926658
KNeighborsRegressor,ru_ahk_inner_to_ru_aho_inner,Ru-AHK inner -> Ru-AHO inner,inner,inner,Same mechanism,Mixed transfer,1,42,2.12255274,2.429707074
KNeighborsRegressor,ru_ahk_inner_to_ru_aho_inner,Ru-AHK inner -> Ru-AHO inner,inner,inner,Same mechanism,Mixed transfer,1,44,2.02174776,1.966513596
KNeighborsRegressor,ru_ahk_inner_to_ru_aho_inner,Ru-AHK inner -> Ru-AHO inner,inner,inner,Same mechanism,Mixed transfer,1,47,1.97754867,1.7604105273990416
KNeighborsRegressor,ru_ahk_inner_to_ru_aho_inner,Ru-AHK inner -> Ru-AHO inner,inner,inner,Same mechanism,Mixed transfer,1,62,1.56906465,1.966513596
KNeighborsRegressor,ru_ahk_inner_to_ru_aho_inner,Ru-AHK inner -> Ru-AHO inner,inner,inner,Same mechanism,Mixed transfer,1,64,1.53168147,1.557394086
KNeighborsRegressor,ru_ahk_inner_to_ru_aho_inner,Ru-AHK inner -> Ru-AHO inner,inner,inner,Same mechanism,Mixed transfer,1,73,1.39055932,1.4218120940000003
KNeighborsRegressor,ru_ahk_inner_to_ru_aho_inner,Ru-AHK inner -> Ru-AHO inner,inner,inner,Same mechanism,Mixed transfer,1,75,1.36999511,1.485402944
KNeighborsRegressor,ru_ahk_inner_to_ru_aho_inner,Ru-AHK inner -> Ru-AHO inner,inner,inner,Same mechanism,Mixed transfer,1,81,1.00421655,1.421812094
KNeighborsRegressor,ru_ahk_inner_to_ru_aho_inner,Ru-AHK inner -> Ru-AHO inner,inner,inner,Same mechanism,Mixed transfer,1,83,0.83956097,0.86837628
KNeighborsRegressor,ru_ahk_inner_to_ru_aho_inner,Ru-AHK inner -> Ru-AHO inner,inner,inner,Same mechanism,Mixed transfer,1,90,0.19433377,1.0958114157050136
KNeighborsRegressor,ru_ahk_inner_to_ru_aho_inner,Ru-AHK inner -> Ru-AHO inner,inner,inner,Same mechanism,Mixed transfer,1,94,0.04739647,0.707075066
KNeighborsRegressor,ru_ahk_inner_to_ru_aho_inner,Ru-AHK inner -> Ru-AHO inner,inner,inner,Same mechanism,Delta learning,1,0,4.50050002,2.3251390633216813
KNeighborsRegressor,ru_ahk_inner_to_ru_aho_inner,Ru-AHK inner -> Ru-AHO inner,inner,inner,Same mechanism,Delta learning,1,4,3.13437597,2.945379248053757
KNeighborsRegressor,ru_ahk_inner_to_ru_aho_inner,Ru-AHK inner -> Ru-AHO inner,inner,inner,Same mechanism,Delta learning,1,10,2.89279432,2.392464900017478
KNeighborsRegressor,ru_ahk_inner_to_ru_aho_inner,Ru-AHK inner -> Ru-AHO inner,inner,inner,Same mechanism,Delta learning,1,12,2.72095293,2.392464900017478
KNeighborsRegressor,ru_ahk_inner_to_ru_aho_inner,Ru-AHK inner -> Ru-AHO inner,inner,inner,Same mechanism,Delta learning,1,18,2.72095293,2.9311779717509996
KNeighborsRegressor,ru_ahk_inner_to_ru_aho_inner,Ru-AHK inner -> Ru-AHO inner,inner,inner,Same mechanism,Delta learning,1,22,2.63729647,2.3198744665420086
KNeighborsRegressor,ru_ahk_inner_to_ru_aho_inner,Ru-AHK inner -> Ru-AHO inner,inner,inner,Same mechanism,Delta learning,1,26,2.49268506,1.7303357721185826
KNeighborsRegressor,ru_ahk_inner_to_ru_aho_inner,Ru-AHK inner -> Ru-AHO inner,inner,inner,Same mechanism,Delta learning,1,31,2.30450133,2.060394514857264
KNeighborsRegressor,ru_ahk_inner_to_ru_aho_inner,Ru-AHK inner -> Ru-AHO inner,inner,inner,Same mechanism,Delta learning,1,40,2.13954868,2.0606530706028487
KNeighborsRegressor,ru_ahk_inner_to_ru_aho_inner,Ru-AHK inner -> Ru-AHO inner,inner,inner,Same mechanism,Delta learning,1,42,2.12255274,2.4027767393216815
KNeighborsRegressor,ru_ahk_inner_to_ru_aho_inner,Ru-AHK inner -> Ru-AHO inner,inner,inner,Same mechanism,Delta learning,1,44,2.02174776,1.7560336076810779
KNeighborsRegressor,ru_ahk_inner_to_ru_aho_inner,Ru-AHK inner -> Ru-AHO inner,inner,inner,Same mechanism,Delta learning,1,47,1.97754867,0.8807349187238279
KNeighborsRegressor,ru_ahk_inner_to_ru_aho_inner,Ru-AHK inner -> Ru-AHO inner,inner,inner,Same mechanism,Delta learning,1,62,1.56906465,2.010782035872582
KNeighborsRegressor,ru_ahk_inner_to_ru_aho_inner,Ru-AHK inner -> Ru-AHO inner,inner,inner,Same mechanism,Delta learning,1,64,1.53168147,1.507642652
KNeighborsRegressor,ru_ahk_inner_to_ru_aho_inner,Ru-AHK inner -> Ru-AHO inner,inner,inner,Same mechanism,Delta learning,1,73,1.39055932,1.3597571019999999
KNeighborsRegressor,ru_ahk_inner_to_ru_aho_inner,Ru-AHK inner -> Ru-AHO inner,inner,inner,Same mechanism,Delta learning,1,75,1.36999511,1.494108594
KNeighborsRegressor,ru_ahk_inner_to_ru_aho_inner,Ru-AHK inner -> Ru-AHO inner,inner,inner,Same mechanism,Delta learning,1,81,1.00421655,1.3597571019999999
KNeighborsRegressor,ru_ahk_inner_to_ru_aho_inner,Ru-AHK inner -> Ru-AHO inner,inner,inner,Same mechanism,Delta learning,1,83,0.83956097,1.1474617220485095
KNeighborsRegressor,ru_ahk_inner_to_ru_aho_inner,Ru-AHK inner -> Ru-AHO inner,inner,inner,Same mechanism,Delta learning,1,90,0.19433377,0.6209027685640625
KNeighborsRegressor,ru_ahk_inner_to_ru_aho_inner,Ru-AHK inner -> Ru-AHO inner,inner,inner,Same mechanism,Delta learning,1,94,0.04739647,1.0259567005889345
KNeighborsRegressor,ru_ahk_inner_to_ru_aho_inner,Ru-AHK inner -> Ru-AHO inner,inner,inner,Same mechanism,Mixed transfer,2,5,3.13437597,2.048537776
KNeighborsRegressor,ru_ahk_inner_to_ru_aho_inner,Ru-AHK inner -> Ru-AHO inner,inner,inner,Same mechanism,Mixed transfer,2,9,3.13437597,2.8332750239999998
KNeighborsRegressor,ru_ahk_inner_to_ru_aho_inner,Ru-AHK inner -> Ru-AHO inner,inner,inner,Same mechanism,Mixed transfer,2,11,2.81808334,2.388843052
KNeighborsRegressor,ru_ahk_inner_to_ru_aho_inner,Ru-AHK inner -> Ru-AHO inner,inner,inner,Same mechanism,Mixed transfer,2,15,2.72095293,2.544173800242734
KNeighborsRegressor,ru_ahk_inner_to_ru_aho_inner,Ru-AHK inner -> Ru-AHO inner,inner,inner,Same mechanism,Mixed transfer,2,16,2.72095293,2.703050086
KNeighborsRegressor,ru_ahk_inner_to_ru_aho_inner,Ru-AHK inner -> Ru-AHO inner,inner,inner,Same mechanism,Mixed transfer,2,28,2.47786275,2.5300266060000003
KNeighborsRegressor,ru_ahk_inner_to_ru_aho_inner,Ru-AHK inner -> Ru-AHO inner,inner,inner,Same mechanism,Mixed transfer,2,30,2.3515711,2.32080000913954
KNeighborsRegressor,ru_ahk_inner_to_ru_aho_inner,Ru-AHK inner -> Ru-AHO inner,inner,inner,Same mechanism,Mixed transfer,2,33,2.30450133,2.170140874685398
KNeighborsRegressor,ru_ahk_inner_to_ru_aho_inner,Ru-AHK inner -> Ru-AHO inner,inner,inner,Same mechanism,Mixed transfer,2,35,2.30450133,2.586236564
KNeighborsRegressor,ru_ahk_inner_to_ru_aho_inner,Ru-AHK inner -> Ru-AHO inner,inner,inner,Same mechanism,Mixed transfer,2,39,2.16934032,1.8667485591213668
KNeighborsRegressor,ru_ahk_inner_to_ru_aho_inner,Ru-AHK inner -> Ru-AHO inner,inner,inner,Same mechanism,Mixed transfer,2,45,2.01889808,1.9080573779999999
KNeighborsRegressor,ru_ahk_inner_to_ru_aho_inner,Ru-AHK inner -> Ru-AHO inner,inner,inner,Same mechanism,Mixed transfer,2,49,1.9607788,1.0922927305836467
KNeighborsRegressor,ru_ahk_inner_to_ru_aho_inner,Ru-AHK inner -> Ru-AHO inner,inner,inner,Same mechanism,Mixed transfer,2,65,1.53168147,1.3130138759999999
KNeighborsRegressor,ru_ahk_inner_to_ru_aho_inner,Ru-AHK inner -> Ru-AHO inner,inner,inner,Same mechanism,Mixed transfer,2,68,1.49260764,1.861291052
KNeighborsRegressor,ru_ahk_inner_to_ru_aho_inner,Ru-AHK inner -> Ru-AHO inner,inner,inner,Same mechanism,Mixed transfer,2,69,1.48763592,1.8667485591213668
KNeighborsRegressor,ru_ahk_inner_to_ru_aho_inner,Ru-AHK inner -> Ru-AHO inner,inner,inner,Same mechanism,Mixed transfer,2,70,1.47570337,1.8508520932932957
KNeighborsRegressor,ru_ahk_inner_to_ru_aho_inner,Ru-AHK inner -> Ru-AHO inner,inner,inner,Same mechanism,Mixed transfer,2,72,1.40708549,1.3130138759999999
KNeighborsRegressor,ru_ahk_inner_to_ru_aho_inner,Ru-AHK inner -> Ru-AHO inner,inner,inner,Same mechanism,Mixed transfer,2,80,1.31904107,1.42079807
KNeighborsRegressor,ru_ahk_inner_to_ru_aho_inner,Ru-AHK inner -> Ru-AHO inner,inner,inner,Same mechanism,Mixed transfer,2,88,0.39647984,1.523630536
KNeighborsRegressor,ru_ahk_inner_to_ru_aho_inner,Ru-AHK inner -> Ru-AHO inner,inner,inner,Same mechanism,Mixed transfer,2,93,0.04819171,1.1250398277050135
KNeighborsRegressor,ru_ahk_inner_to_ru_aho_inner,Ru-AHK inner -> Ru-AHO inner,inner,inner,Same mechanism,Delta learning,2,5,3.13437597,2.157063600792421
KNeighborsRegressor,ru_ahk_inner_to_ru_aho_inner,Ru-AHK inner -> Ru-AHO inner,inner,inner,Same mechanism,Delta learning,2,9,3.13437597,2.873670526017478
KNeighborsRegressor,ru_ahk_inner_to_ru_aho_inner,Ru-AHK inner -> Ru-AHO inner,inner,inner,Same mechanism,Delta learning,2,11,2.81808334,2.415773386678319
KNeighborsRegressor,ru_ahk_inner_to_ru_aho_inner,Ru-AHK inner -> Ru-AHO inner,inner,inner,Same mechanism,Delta learning,2,15,2.72095293,1.9326659178248073
KNeighborsRegressor,ru_ahk_inner_to_ru_aho_inner,Ru-AHK inner -> Ru-AHO inner,inner,inner,Same mechanism,Delta learning,2,16,2.72095293,2.7554546893929164
KNeighborsRegressor,ru_ahk_inner_to_ru_aho_inner,Ru-AHK inner -> Ru-AHO inner,inner,inner,Same mechanism,Delta learning,2,28,2.47786275,2.8315268050901587
KNeighborsRegressor,ru_ahk_inner_to_ru_aho_inner,Ru-AHK inner -> Ru-AHO inner,inner,inner,Same mechanism,Delta learning,2,30,2.3515711,3.5716902033110953
KNeighborsRegressor,ru_ahk_inner_to_ru_aho_inner,Ru-AHK inner -> Ru-AHO inner,inner,inner,Same mechanism,Delta learning,2,33,2.30450133,3.0944254880259052
KNeighborsRegressor,ru_ahk_inner_to_ru_aho_inner,Ru-AHK inner -> Ru-AHO inner,inner,inner,Same mechanism,Delta learning,2,35,2.30450133,2.348447549982522
KNeighborsRegressor,ru_ahk_inner_to_ru_aho_inner,Ru-AHK inner -> Ru-AHO inner,inner,inner,Same mechanism,Delta learning,2,39,2.16934032,1.9064323820011353
KNeighborsRegressor,ru_ahk_inner_to_ru_aho_inner,Ru-AHK inner -> Ru-AHO inner,inner,inner,Same mechanism,Delta learning,2,45,2.01889808,1.9050529887565477
KNeighborsRegressor,ru_ahk_inner_to_ru_aho_inner,Ru-AHK inner -> Ru-AHO inner,inner,inner,Same mechanism,Delta learning,2,49,1.9607788,0.6545801613452782
KNeighborsRegressor,ru_ahk_inner_to_ru_aho_inner,Ru-AHK inner -> Ru-AHO inner,inner,inner,Same mechanism,Delta learning,2,65,1.53168147,1.2541769939999998
KNeighborsRegressor,ru_ahk_inner_to_ru_aho_inner,Ru-AHK inner -> Ru-AHO inner,inner,inner,Same mechanism,Delta learning,2,68,1.49260764,1.9303512561185825
KNeighborsRegressor,ru_ahk_inner_to_ru_aho_inner,Ru-AHK inner -> Ru-AHO inner,inner,inner,Same mechanism,Delta learning,2,69,1.48763592,1.634389735996299
KNeighborsRegressor,ru_ahk_inner_to_ru_aho_inner,Ru-AHK inner -> Ru-AHO inner,inner,inner,Same mechanism,Delta learning,2,70,1.47570337,1.5306755647166261
KNeighborsRegressor,ru_ahk_inner_to_ru_aho_inner,Ru-AHK inner -> Ru-AHO inner,inner,inner,Same mechanism,Delta learning,2,72,1.40708549,1.2541769939999998
KNeighborsRegressor,ru_ahk_inner_to_ru_aho_inner,Ru-AHK inner -> Ru-AHO inner,inner,inner,Same mechanism,Delta learning,2,80,1.31904107,1.42079807
KNeighborsRegressor,ru_ahk_inner_to_ru_aho_inner,Ru-AHK inner -> Ru-AHO inner,inner,inner,Same mechanism,Delta learning,2,88,0.39647984,1.1934410565880869
KNeighborsRegressor,ru_ahk_inner_to_ru_aho_inner,Ru-AHK inner -> Ru-AHO inner,inner,inner,Same mechanism,Delta learning,2,93,0.04819171,0.6931868708026625
KNeighborsRegressor,ru_ahk_inner_to_ru_aho_inner,Ru-AHK inner -> Ru-AHO inner,inner,inner,Same mechanism,Mixed transfer,3,3,3.67873076,2.3308167600000003
KNeighborsRegressor,ru_ahk_inner_to_ru_aho_inner,Ru-AHK inner -> Ru-AHO inner,inner,inner,Same mechanism,Mixed transfer,3,6,3.13437597,0.6038808487638334
KNeighborsRegressor,ru_ahk_inner_to_ru_aho_inner,Ru-AHK inner -> Ru-AHO inner,inner,inner,Same mechanism,Mixed transfer,3,7,3.13437597,0.804266682
KNeighborsRegressor,ru_ahk_inner_to_ru_aho_inner,Ru-AHK inner -> Ru-AHO inner,inner,inner,Same mechanism,Mixed transfer,3,8,3.13437597,0.6038808487638334
KNeighborsRegressor,ru_ahk_inner_to_ru_aho_inner,Ru-AHK inner -> Ru-AHO inner,inner,inner,Same mechanism,Mixed transfer,3,13,2.72095293,2.41410708
KNeighborsRegressor,ru_ahk_inner_to_ru_aho_inner,Ru-AHK inner -> Ru-AHO inner,inner,inner,Same mechanism,Mixed transfer,3,17,2.72095293,2.41410708
KNeighborsRegressor,ru_ahk_inner_to_ru_aho_inner,Ru-AHK inner -> Ru-AHO inner,inner,inner,Same mechanism,Mixed transfer,3,19,2.72095293,2.41410708
KNeighborsRegressor,ru_ahk_inner_to_ru_aho_inner,Ru-AHK inner -> Ru-AHO inner,inner,inner,Same mechanism,Mixed transfer,3,24,2.49823771,2.490313168
KNeighborsRegressor,ru_ahk_inner_to_ru_aho_inner,Ru-AHK inner -> Ru-AHO inner,inner,inner,Same mechanism,Mixed transfer,3,25,2.49823771,2.6266010559999997
KNeighborsRegressor,ru_ahk_inner_to_ru_aho_inner,Ru-AHK inner -> Ru-AHO inner,inner,inner,Same mechanism,Mixed transfer,3,27,2.47786275,3.047670394
KNeighborsRegressor,ru_ahk_inner_to_ru_aho_inner,Ru-AHK inner -> Ru-AHO inner,inner,inner,Same mechanism,Mixed transfer,3,34,2.30450133,2.41410708
KNeighborsRegressor,ru_ahk_inner_to_ru_aho_inner,Ru-AHK inner -> Ru-AHO inner,inner,inner,Same mechanism,Mixed transfer,3,36,2.28957767,2.607971766
KNeighborsRegressor,ru_ahk_inner_to_ru_aho_inner,Ru-AHK inner -> Ru-AHO inner,inner,inner,Same mechanism,Mixed transfer,3,38,2.20688949,2.1329240080227883
KNeighborsRegressor,ru_ahk_inner_to_ru_aho_inner,Ru-AHK inner -> Ru-AHO inner,inner,inner,Same mechanism,Mixed transfer,3,53,1.84440958,1.8202216119999999
KNeighborsRegressor,ru_ahk_inner_to_ru_aho_inner,Ru-AHK inner -> Ru-AHO inner,inner,inner,Same mechanism,Mixed transfer,3,55,1.80901573,2.0982892459999998
KNeighborsRegressor,ru_ahk_inner_to_ru_aho_inner,Ru-AHK inner -> Ru-AHO inner,inner,inner,Same mechanism,Mixed transfer,3,56,1.73731552,2.607971766
KNeighborsRegressor,ru_ahk_inner_to_ru_aho_inner,Ru-AHK inner -> Ru-AHO inner,inner,inner,Same mechanism,Mixed transfer,3,76,1.36999511,0.6112595519999999
KNeighborsRegressor,ru_ahk_inner_to_ru_aho_inner,Ru-AHK inner -> Ru-AHO inner,inner,inner,Same mechanism,Mixed transfer,3,78,1.35390456,1.481717912
KNeighborsRegressor,ru_ahk_inner_to_ru_aho_inner,Ru-AHK inner -> Ru-AHO inner,inner,inner,Same mechanism,Mixed transfer,3,79,1.33471728,1.47971782
KNeighborsRegressor,ru_ahk_inner_to_ru_aho_inner,Ru-AHK inner -> Ru-AHO inner,inner,inner,Same mechanism,Mixed transfer,3,85,0.80254597,0.6112595519999999
KNeighborsRegressor,ru_ahk_inner_to_ru_aho_inner,Ru-AHK inner -> Ru-AHO inner,inner,inner,Same mechanism,Delta learning,3,3,3.67873076,2.3158056845782027
KNeighborsRegressor,ru_ahk_inner_to_ru_aho_inner,Ru-AHK inner -> Ru-AHO inner,inner,inner,Same mechanism,Delta learning,3,6,3.13437597,1.4127799510968215
KNeighborsRegressor,ru_ahk_inner_to_ru_aho_inner,Ru-AHK inner -> Ru-AHO inner,inner,inner,Same mechanism,Delta learning,3,7,3.13437597,1.166049781535412
KNeighborsRegressor,ru_ahk_inner_to_ru_aho_inner,Ru-AHK inner -> Ru-AHO inner,inner,inner,Same mechanism,Delta learning,3,8,3.13437597,1.2499070423999439
KNeighborsRegressor,ru_ahk_inner_to_ru_aho_inner,Ru-AHK inner -> Ru-AHO inner,inner,inner,Same mechanism,Delta learning,3,13,2.72095293,2.3856308372390433
KNeighborsRegressor,ru_ahk_inner_to_ru_aho_inner,Ru-AHK inner -> Ru-AHO inner,inner,inner,Same mechanism,Delta learning,3,17,2.72095293,2.3595451900056683
KNeighborsRegressor,ru_ahk_inner_to_ru_aho_inner,Ru-AHK inner -> Ru-AHO inner,inner,inner,Same mechanism,Delta learning,3,19,2.72095293,2.373711577982522
KNeighborsRegressor,ru_ahk_inner_to_ru_aho_inner,Ru-AHK inner -> Ru-AHO inner,inner,inner,Same mechanism,Delta learning,3,24,2.49823771,3.1566011948105994
KNeighborsRegressor,ru_ahk_inner_to_ru_aho_inner,Ru-AHK inner -> Ru-AHO inner,inner,inner,Same mechanism,Delta learning,3,25,2.49823771,2.6382929829816706
KNeighborsRegressor,ru_ahk_inner_to_ru_aho_inner,Ru-AHK inner -> Ru-AHO inner,inner,inner,Same mechanism,Delta learning,3,27,2.47786275,3.113103714382376
KNeighborsRegressor,ru_ahk_inner_to_ru_aho_inner,Ru-AHK inner -> Ru-AHO inner,inner,inner,Same mechanism,Delta learning,3,34,2.30450133,2.3595451900056683
KNeighborsRegressor,ru_ahk_inner_to_ru_aho_inner,Ru-AHK inner -> Ru-AHO inner,inner,inner,Same mechanism,Delta learning,3,36,2.28957767,2.567576263982522
KNeighborsRegressor,ru_ahk_inner_to_ru_aho_inner,Ru-AHK inner -> Ru-AHO inner,inner,inner,Same mechanism,Delta learning,3,38,2.20688949,1.7464548287431587
KNeighborsRegressor,ru_ahk_inner_to_ru_aho_inner,Ru-AHK inner -> Ru-AHO inner,inner,inner,Same mechanism,Delta learning,3,53,1.84440958,2.0701039338085474
KNeighborsRegressor,ru_ahk_inner_to_ru_aho_inner,Ru-AHK inner -> Ru-AHO inner,inner,inner,Same mechanism,Delta learning,3,55,1.80901573,2.1657456605572554
KNeighborsRegressor,ru_ahk_inner_to_ru_aho_inner,Ru-AHK inner -> Ru-AHO inner,inner,inner,Same mechanism,Delta learning,3,56,1.73731552,2.567576263982522
KNeighborsRegressor,ru_ahk_inner_to_ru_aho_inner,Ru-AHK inner -> Ru-AHO inner,inner,inner,Same mechanism,Delta learning,3,76,1.36999511,1.5353137029536972
KNeighborsRegressor,ru_ahk_inner_to_ru_aho_inner,Ru-AHK inner -> Ru-AHO inner,inner,inner,Same mechanism,Delta learning,3,78,1.35390456,1.4426026639999998
KNeighborsRegressor,ru_ahk_inner_to_ru_aho_inner,Ru-AHK inner -> Ru-AHO inner,inner,inner,Same mechanism,Delta learning,3,79,1.33471728,1.46262967
KNeighborsRegressor,ru_ahk_inner_to_ru_aho_inner,Ru-AHK inner -> Ru-AHO inner,inner,inner,Same mechanism,Delta learning,3,85,0.80254597,1.3233122424323949
KNeighborsRegressor,ru_ahk_inner_to_ru_aho_inner,Ru-AHK inner -> Ru-AHO inner,inner,inner,Same mechanism,Mixed transfer,4,32,2.30450133,2.5999649192648135
KNeighborsRegressor,ru_ahk_inner_to_ru_aho_inner,Ru-AHK inner -> Ru-AHO inner,inner,inner,Same mechanism,Mixed transfer,4,41,2.13444943,1.7191028812932956
KNeighborsRegressor,ru_ahk_inner_to_ru_aho_inner,Ru-AHK inner -> Ru-AHO inner,inner,inner,Same mechanism,Mixed transfer,4,43,2.11117069,1.6526538679999998
KNeighborsRegressor,ru_ahk_inner_to_ru_aho_inner,Ru-AHK inner -> Ru-AHO inner,inner,inner,Same mechanism,Mixed transfer,4,46,2.00941149,2.550577422
KNeighborsRegressor,ru_ahk_inner_to_ru_aho_inner,Ru-AHK inner -> Ru-AHO inner,inner,inner,Same mechanism,Mixed transfer,4,48,1.96551622,1.949301807048699
KNeighborsRegressor,ru_ahk_inner_to_ru_aho_inner,Ru-AHK inner -> Ru-AHO inner,inner,inner,Same mechanism,Mixed transfer,4,50,1.95650617,1.6526538679999998
KNeighborsRegressor,ru_ahk_inner_to_ru_aho_inner,Ru-AHK inner -> Ru-AHO inner,inner,inner,Same mechanism,Mixed transfer,4,54,1.80901573,2.0982892459999998
KNeighborsRegressor,ru_ahk_inner_to_ru_aho_inner,Ru-AHK inner -> Ru-AHO inner,inner,inner,Same mechanism,Mixed transfer,4,57,1.68395754,2.007605358
KNeighborsRegressor,ru_ahk_inner_to_ru_aho_inner,Ru-AHK inner -> Ru-AHO inner,inner,inner,Same mechanism,Mixed transfer,4,58,1.66417952,1.423260828
KNeighborsRegressor,ru_ahk_inner_to_ru_aho_inner,Ru-AHK inner -> Ru-AHO inner,inner,inner,Same mechanism,Mixed transfer,4,59,1.62929332,2.060441466753713
KNeighborsRegressor,ru_ahk_inner_to_ru_aho_inner,Ru-AHK inner -> Ru-AHO inner,inner,inner,Same mechanism,Mixed transfer,4,61,1.57873877,1.4514852580000004
KNeighborsRegressor,ru_ahk_inner_to_ru_aho_inner,Ru-AHK inner -> Ru-AHO inner,inner,inner,Same mechanism,Mixed transfer,4,63,1.56019653,1.423260828
KNeighborsRegressor,ru_ahk_inner_to_ru_aho_inner,Ru-AHK inner -> Ru-AHO inner,inner,inner,Same mechanism,Mixed transfer,4,66,1.51369193,1.423260828
KNeighborsRegressor,ru_ahk_inner_to_ru_aho_inner,Ru-AHK inner -> Ru-AHO inner,inner,inner,Same mechanism,Mixed transfer,4,67,1.51369193,1.265192978
KNeighborsRegressor,ru_ahk_inner_to_ru_aho_inner,Ru-AHK inner -> Ru-AHO inner,inner,inner,Same mechanism,Mixed transfer,4,77,1.36283425,1.1624856199999998
KNeighborsRegressor,ru_ahk_inner_to_ru_aho_inner,Ru-AHK inner -> Ru-AHO inner,inner,inner,Same mechanism,Mixed transfer,4,84,0.80438248,1.531168680079393
KNeighborsRegressor,ru_ahk_inner_to_ru_aho_inner,Ru-AHK inner -> Ru-AHO inner,inner,inner,Same mechanism,Mixed transfer,4,95,0.0120419,1.1322697897050136
KNeighborsRegressor,ru_ahk_inner_to_ru_aho_inner,Ru-AHK inner -> Ru-AHO inner,inner,inner,Same mechanism,Mixed transfer,4,96,0.0,1.7161220951213667
KNeighborsRegressor,ru_ahk_inner_to_ru_aho_inner,Ru-AHK inner -> Ru-AHO inner,inner,inner,Same mechanism,Mixed transfer,4,97,0.0,0.691195672
KNeighborsRegressor,ru_ahk_inner_to_ru_aho_inner,Ru-AHK inner -> Ru-AHO inner,inner,inner,Same mechanism,Delta learning,4,32,2.30450133,3.28986283908141
KNeighborsRegressor,ru_ahk_inner_to_ru_aho_inner,Ru-AHK inner -> Ru-AHO inner,inner,inner,Same mechanism,Delta learning,4,41,2.13444943,0.7838117939344739
KNeighborsRegressor,ru_ahk_inner_to_ru_aho_inner,Ru-AHK inner -> Ru-AHO inner,inner,inner,Same mechanism,Delta learning,4,43,2.11117069,1.804016698029053
KNeighborsRegressor,ru_ahk_inner_to_ru_aho_inner,Ru-AHK inner -> Ru-AHO inner,inner,inner,Same mechanism,Delta learning,4,46,2.00941149,2.4967167526433625
KNeighborsRegressor,ru_ahk_inner_to_ru_aho_inner,Ru-AHK inner -> Ru-AHO inner,inner,inner,Same mechanism,Delta learning,4,48,1.96551622,2.2434802067844197
KNeighborsRegressor,ru_ahk_inner_to_ru_aho_inner,Ru-AHK inner -> Ru-AHO inner,inner,inner,Same mechanism,Delta learning,4,50,1.95650617,1.804016698029053
KNeighborsRegressor,ru_ahk_inner_to_ru_aho_inner,Ru-AHK inner -> Ru-AHO inner,inner,inner,Same mechanism,Delta learning,4,54,1.80901573,2.1594916348572637
KNeighborsRegressor,ru_ahk_inner_to_ru_aho_inner,Ru-AHK inner -> Ru-AHO inner,inner,inner,Same mechanism,Delta learning,4,57,1.68395754,2.2045711016668985
KNeighborsRegressor,ru_ahk_inner_to_ru_aho_inner,Ru-AHK inner -> Ru-AHO inner,inner,inner,Same mechanism,Delta learning,4,58,1.66417952,1.423260828
KNeighborsRegressor,ru_ahk_inner_to_ru_aho_inner,Ru-AHK inner -> Ru-AHO inner,inner,inner,Same mechanism,Delta learning,4,59,1.62929332,1.8513880713664574
KNeighborsRegressor,ru_ahk_inner_to_ru_aho_inner,Ru-AHK inner -> Ru-AHO inner,inner,inner,Same mechanism,Delta learning,4,61,1.57873877,1.4388696200000002
KNeighborsRegressor,ru_ahk_inner_to_ru_aho_inner,Ru-AHK inner -> Ru-AHO inner,inner,inner,Same mechanism,Delta learning,4,63,1.56019653,1.435564386
KNeighborsRegressor,ru_ahk_inner_to_ru_aho_inner,Ru-AHK inner -> Ru-AHO inner,inner,inner,Same mechanism,Delta learning,4,66,1.51369193,1.435564386
KNeighborsRegressor,ru_ahk_inner_to_ru_aho_inner,Ru-AHK inner -> Ru-AHO inner,inner,inner,Same mechanism,Delta learning,4,67,1.51369193,1.265192978
KNeighborsRegressor,ru_ahk_inner_to_ru_aho_inner,Ru-AHK inner -> Ru-AHO inner,inner,inner,Same mechanism,Delta learning,4,77,1.36283425,1.6313661877325965
KNeighborsRegressor,ru_ahk_inner_to_ru_aho_inner,Ru-AHK inner -> Ru-AHO inner,inner,inner,Same mechanism,Delta learning,4,84,0.80438248,1.576863761791431
KNeighborsRegressor,ru_ahk_inner_to_ru_aho_inner,Ru-AHK inner -> Ru-AHO inner,inner,inner,Same mechanism,Delta learning,4,95,0.0120419,0.6348738600133086
KNeighborsRegressor,ru_ahk_inner_to_ru_aho_inner,Ru-AHK inner -> Ru-AHO inner,inner,inner,Same mechanism,Delta learning,4,96,0.0,0.853888722953078
KNeighborsRegressor,ru_ahk_inner_to_ru_aho_inner,Ru-AHK inner -> Ru-AHO inner,inner,inner,Same mechanism,Delta learning,4,97,0.0,1.290067383411216
KNeighborsRegressor,ru_ahk_inner_to_ru_aho_inner,Ru-AHK inner -> Ru-AHO inner,inner,inner,Same mechanism,Mixed transfer,5,1,4.50050002,2.9057482279999998
KNeighborsRegressor,ru_ahk_inner_to_ru_aho_inner,Ru-AHK inner -> Ru-AHO inner,inner,inner,Same mechanism,Mixed transfer,5,2,3.84937533,2.9057482279999998
KNeighborsRegressor,ru_ahk_inner_to_ru_aho_inner,Ru-AHK inner -> Ru-AHO inner,inner,inner,Same mechanism,Mixed transfer,5,14,2.72095293,2.514780404
KNeighborsRegressor,ru_ahk_inner_to_ru_aho_inner,Ru-AHK inner -> Ru-AHO inner,inner,inner,Same mechanism,Mixed transfer,5,20,2.72095293,2.5404265379999997
KNeighborsRegressor,ru_ahk_inner_to_ru_aho_inner,Ru-AHK inner -> Ru-AHO inner,inner,inner,Same mechanism,Mixed transfer,5,21,2.6917632,2.43571152
KNeighborsRegressor,ru_ahk_inner_to_ru_aho_inner,Ru-AHK inner -> Ru-AHO inner,inner,inner,Same mechanism,Mixed transfer,5,23,2.61179564,2.352638636
KNeighborsRegressor,ru_ahk_inner_to_ru_aho_inner,Ru-AHK inner -> Ru-AHO inner,inner,inner,Same mechanism,Mixed transfer,5,29,2.47786275,2.71512361
KNeighborsRegressor,ru_ahk_inner_to_ru_aho_inner,Ru-AHK inner -> Ru-AHO inner,inner,inner,Same mechanism,Mixed transfer,5,37,2.26077037,2.122147832022788
KNeighborsRegressor,ru_ahk_inner_to_ru_aho_inner,Ru-AHK inner -> Ru-AHO inner,inner,inner,Same mechanism,Mixed transfer,5,51,1.94448624,2.0120664101700663
KNeighborsRegressor,ru_ahk_inner_to_ru_aho_inner,Ru-AHK inner -> Ru-AHO inner,inner,inner,Same mechanism,Mixed transfer,5,52,1.88185187,1.7496945700000002
KNeighborsRegressor,ru_ahk_inner_to_ru_aho_inner,Ru-AHK inner -> Ru-AHO inner,inner,inner,Same mechanism,Mixed transfer,5,60,1.62929332,2.43571152
KNeighborsRegressor,ru_ahk_inner_to_ru_aho_inner,Ru-AHK inner -> Ru-AHO inner,inner,inner,Same mechanism,Mixed transfer,5,71,1.47016368,1.4584660880000002
KNeighborsRegressor,ru_ahk_inner_to_ru_aho_inner,Ru-AHK inner -> Ru-AHO inner,inner,inner,Same mechanism,Mixed transfer,5,74,1.38325909,1.883160762
KNeighborsRegressor,ru_ahk_inner_to_ru_aho_inner,Ru-AHK inner -> Ru-AHO inner,inner,inner,Same mechanism,Mixed transfer,5,82,0.99242206,1.369446952
KNeighborsRegressor,ru_ahk_inner_to_ru_aho_inner,Ru-AHK inner -> Ru-AHO inner,inner,inner,Same mechanism,Mixed transfer,5,86,0.67501313,1.325209671907672
KNeighborsRegressor,ru_ahk_inner_to_ru_aho_inner,Ru-AHK inner -> Ru-AHO inner,inner,inner,Same mechanism,Mixed transfer,5,87,0.56782018,1.4286720411893952
KNeighborsRegressor,ru_ahk_inner_to_ru_aho_inner,Ru-AHK inner -> Ru-AHO inner,inner,inner,Same mechanism,Mixed transfer,5,89,0.33293116,1.604481603890608
KNeighborsRegressor,ru_ahk_inner_to_ru_aho_inner,Ru-AHK inner -> Ru-AHO inner,inner,inner,Same mechanism,Mixed transfer,5,91,0.10866753,1.1129446637050138
KNeighborsRegressor,ru_ahk_inner_to_ru_aho_inner,Ru-AHK inner -> Ru-AHO inner,inner,inner,Same mechanism,Mixed transfer,5,92,0.09139463,1.4646640203741466
KNeighborsRegressor,ru_ahk_inner_to_ru_aho_inner,Ru-AHK inner -> Ru-AHO inner,inner,inner,Same mechanism,Delta learning,5,1,4.50050002,2.7683028791732633
KNeighborsRegressor,ru_ahk_inner_to_ru_aho_inner,Ru-AHK inner -> Ru-AHO inner,inner,inner,Same mechanism,Delta learning,5,2,3.84937533,2.644998846296071
KNeighborsRegressor,ru_ahk_inner_to_ru_aho_inner,Ru-AHK inner -> Ru-AHO inner,inner,inner,Same mechanism,Delta learning,5,14,2.72095293,2.753108165645091
KNeighborsRegressor,ru_ahk_inner_to_ru_aho_inner,Ru-AHK inner -> Ru-AHO inner,inner,inner,Same mechanism,Delta learning,5,20,2.72095293,2.8475932922809
KNeighborsRegressor,ru_ahk_inner_to_ru_aho_inner,Ru-AHK inner -> Ru-AHO inner,inner,inner,Same mechanism,Delta learning,5,21,2.6917632,2.573094284678319
KNeighborsRegressor,ru_ahk_inner_to_ru_aho_inner,Ru-AHK inner -> Ru-AHO inner,inner,inner,Same mechanism,Delta learning,5,23,2.61179564,2.3257083013216815
KNeighborsRegressor,ru_ahk_inner_to_ru_aho_inner,Ru-AHK inner -> Ru-AHO inner,inner,inner,Same mechanism,Delta learning,5,29,2.47786275,2.7285887773391595
KNeighborsRegressor,ru_ahk_inner_to_ru_aho_inner,Ru-AHK inner -> Ru-AHO inner,inner,inner,Same mechanism,Delta learning,5,37,2.26077037,1.7356786527431587
KNeighborsRegressor,ru_ahk_inner_to_ru_aho_inner,Ru-AHK inner -> Ru-AHO inner,inner,inner,Same mechanism,Delta learning,5,51,1.94448624,1.7876539343283357
KNeighborsRegressor,ru_ahk_inner_to_ru_aho_inner,Ru-AHK inner -> Ru-AHO inner,inner,inner,Same mechanism,Delta learning,5,52,1.88185187,2.0918161736364795
KNeighborsRegressor,ru_ahk_inner_to_ru_aho_inner,Ru-AHK inner -> Ru-AHO inner,inner,inner,Same mechanism,Delta learning,5,60,1.62929332,2.505768447982522
KNeighborsRegressor,ru_ahk_inner_to_ru_aho_inner,Ru-AHK inner -> Ru-AHO inner,inner,inner,Same mechanism,Delta learning,5,71,1.47016368,1.458466088
KNeighborsRegressor,ru_ahk_inner_to_ru_aho_inner,Ru-AHK inner -> Ru-AHO inner,inner,inner,Same mechanism,Delta learning,5,74,1.38325909,1.7450403537628345
KNeighborsRegressor,ru_ahk_inner_to_ru_aho_inner,Ru-AHK inner -> Ru-AHO inner,inner,inner,Same mechanism,Delta learning,5,82,0.99242206,1.369446952
KNeighborsRegressor,ru_ahk_inner_to_ru_aho_inner,Ru-AHK inner -> Ru-AHO inner,inner,inner,Same mechanism,Delta learning,5,86,0.67501313,1.0012817633701252
KNeighborsRegressor,ru_ahk_inner_to_ru_aho_inner,Ru-AHK inner -> Ru-AHO inner,inner,inner,Same mechanism,Delta learning,5,87,0.56782018,1.7044862980272644
KNeighborsRegressor,ru_ahk_inner_to_ru_aho_inner,Ru-AHK inner -> Ru-AHO inner,inner,inner,Same mechanism,Delta learning,5,89,0.33293116,1.3748195212074206
KNeighborsRegressor,ru_ahk_inner_to_ru_aho_inner,Ru-AHK inner -> Ru-AHO inner,inner,inner,Same mechanism,Delta learning,5,91,0.10866753,0.6155487340133083
KNeighborsRegressor,ru_ahk_inner_to_ru_aho_inner,Ru-AHK inner -> Ru-AHO inner,inner,inner,Same mechanism,Delta learning,5,92,0.09139463,0.5071992245119237
KNeighborsRegressor,ru_ahk_outer_to_ru_aho_inner,Ru-AHK outer -> Ru-AHO inner,outer,inner,Different mechanism,Mixed transfer,1,0,4.50050002,2.373900856
KNeighborsRegressor,ru_ahk_outer_to_ru_aho_inner,Ru-AHK outer -> Ru-AHO inner,outer,inner,Different mechanism,Mixed transfer,1,4,3.13437597,2.906439812
KNeighborsRegressor,ru_ahk_outer_to_ru_aho_inner,Ru-AHK outer -> Ru-AHO inner,outer,inner,Different mechanism,Mixed transfer,1,10,2.89279432,2.3520693980000003
KNeighborsRegressor,ru_ahk_outer_to_ru_aho_inner,Ru-AHK outer -> Ru-AHO inner,outer,inner,Different mechanism,Mixed transfer,1,12,2.72095293,2.3520693980000003
KNeighborsRegressor,ru_ahk_outer_to_ru_aho_inner,Ru-AHK outer -> Ru-AHO inner,outer,inner,Different mechanism,Mixed transfer,1,18,2.72095293,2.6431429399999997
KNeighborsRegressor,ru_ahk_outer_to_ru_aho_inner,Ru-AHK outer -> Ru-AHO inner,outer,inner,Different mechanism,Mixed transfer,1,22,2.63729647,2.0634817792237317
KNeighborsRegressor,ru_ahk_outer_to_ru_aho_inner,Ru-AHK outer -> Ru-AHO inner,outer,inner,Different mechanism,Mixed transfer,1,26,2.49268506,1.661275568
KNeighborsRegressor,ru_ahk_outer_to_ru_aho_inner,Ru-AHK outer -> Ru-AHO inner,outer,inner,Different mechanism,Mixed transfer,1,31,2.30450133,1.9991921259999998
KNeighborsRegressor,ru_ahk_outer_to_ru_aho_inner,Ru-AHK outer -> Ru-AHO inner,outer,inner,Different mechanism,Mixed transfer,1,40,2.13954868,1.931032398
KNeighborsRegressor,ru_ahk_outer_to_ru_aho_inner,Ru-AHK outer -> Ru-AHO inner,outer,inner,Different mechanism,Mixed transfer,1,42,2.12255274,2.429707074
KNeighborsRegressor,ru_ahk_outer_to_ru_aho_inner,Ru-AHK outer -> Ru-AHO inner,outer,inner,Different mechanism,Mixed transfer,1,44,2.02174776,2.07950309324589
KNeighborsRegressor,ru_ahk_outer_to_ru_aho_inner,Ru-AHK outer -> Ru-AHO inner,outer,inner,Different mechanism,Mixed transfer,1,47,1.97754867,2.19529635034341
KNeighborsRegressor,ru_ahk_outer_to_ru_aho_inner,Ru-AHK outer -> Ru-AHO inner,outer,inner,Different mechanism,Mixed transfer,1,62,1.56906465,2.07950309324589
KNeighborsRegressor,ru_ahk_outer_to_ru_aho_inner,Ru-AHK outer -> Ru-AHO inner,outer,inner,Different mechanism,Mixed transfer,1,64,1.53168147,1.557394086
KNeighborsRegressor,ru_ahk_outer_to_ru_aho_inner,Ru-AHK outer -> Ru-AHO inner,outer,inner,Different mechanism,Mixed transfer,1,73,1.39055932,1.421812094
KNeighborsRegressor,ru_ahk_outer_to_ru_aho_inner,Ru-AHK outer -> Ru-AHO inner,outer,inner,Different mechanism,Mixed transfer,1,75,1.36999511,1.467331394
KNeighborsRegressor,ru_ahk_outer_to_ru_aho_inner,Ru-AHK outer -> Ru-AHO inner,outer,inner,Different mechanism,Mixed transfer,1,81,1.00421655,1.421812094
KNeighborsRegressor,ru_ahk_outer_to_ru_aho_inner,Ru-AHK outer -> Ru-AHO inner,outer,inner,Different mechanism,Mixed transfer,1,83,0.83956097,0.86837628
KNeighborsRegressor,ru_ahk_outer_to_ru_aho_inner,Ru-AHK outer -> Ru-AHO inner,outer,inner,Different mechanism,Mixed transfer,1,90,0.19433377,0.74853614
KNeighborsRegressor,ru_ahk_outer_to_ru_aho_inner,Ru-AHK outer -> Ru-AHO inner,outer,inner,Different mechanism,Mixed transfer,1,94,0.04739647,0.707075066
KNeighborsRegressor,ru_ahk_outer_to_ru_aho_inner,Ru-AHK outer -> Ru-AHO inner,outer,inner,Different mechanism,Delta learning,1,0,4.50050002,2.352069398
KNeighborsRegressor,ru_ahk_outer_to_ru_aho_inner,Ru-AHK outer -> Ru-AHO inner,outer,inner,Different mechanism,Delta learning,1,4,3.13437597,2.906439812
KNeighborsRegressor,ru_ahk_outer_to_ru_aho_inner,Ru-AHK outer -> Ru-AHO inner,outer,inner,Different mechanism,Delta learning,1,10,2.89279432,2.352069398
KNeighborsRegressor,ru_ahk_outer_to_ru_aho_inner,Ru-AHK outer -> Ru-AHO inner,outer,inner,Different mechanism,Delta learning,1,12,2.72095293,2.352069398
KNeighborsRegressor,ru_ahk_outer_to_ru_aho_inner,Ru-AHK outer -> Ru-AHO inner,outer,inner,Different mechanism,Delta learning,1,18,2.72095293,2.64314294
KNeighborsRegressor,ru_ahk_outer_to_ru_aho_inner,Ru-AHK outer -> Ru-AHO inner,outer,inner,Different mechanism,Delta learning,1,22,2.63729647,2.1301139624166487
KNeighborsRegressor,ru_ahk_outer_to_ru_aho_inner,Ru-AHK outer -> Ru-AHO inner,outer,inner,Different mechanism,Delta learning,1,26,2.49268506,1.9121713057531617
KNeighborsRegressor,ru_ahk_outer_to_ru_aho_inner,Ru-AHK outer -> Ru-AHO inner,outer,inner,Different mechanism,Delta learning,1,31,2.30450133,2.110870901910063
KNeighborsRegressor,ru_ahk_outer_to_ru_aho_inner,Ru-AHK outer -> Ru-AHO inner,outer,inner,Different mechanism,Delta learning,1,40,2.13954868,2.559541522518717
KNeighborsRegressor,ru_ahk_outer_to_ru_aho_inner,Ru-AHK outer -> Ru-AHO inner,outer,inner,Different mechanism,Delta learning,1,42,2.12255274,2.429707074
KNeighborsRegressor,ru_ahk_outer_to_ru_aho_inner,Ru-AHK outer -> Ru-AHO inner,outer,inner,Different mechanism,Delta learning,1,44,2.02174776,2.2521499072391
KNeighborsRegressor,ru_ahk_outer_to_ru_aho_inner,Ru-AHK outer -> Ru-AHO inner,outer,inner,Different mechanism,Delta learning,1,47,1.97754867,1.571601278181177
KNeighborsRegressor,ru_ahk_outer_to_ru_aho_inner,Ru-AHK outer -> Ru-AHO inner,outer,inner,Different mechanism,Delta learning,1,62,1.56906465,2.2521499072391
KNeighborsRegressor,ru_ahk_outer_to_ru_aho_inner,Ru-AHK outer -> Ru-AHO inner,outer,inner,Different mechanism,Delta learning,1,64,1.53168147,1.2556244283206954
KNeighborsRegressor,ru_ahk_outer_to_ru_aho_inner,Ru-AHK outer -> Ru-AHO inner,outer,inner,Different mechanism,Delta learning,1,73,1.39055932,1.419074833462446
KNeighborsRegressor,ru_ahk_outer_to_ru_aho_inner,Ru-AHK outer -> Ru-AHO inner,outer,inner,Different mechanism,Delta learning,1,75,1.36999511,0.7333981805272378
KNeighborsRegressor,ru_ahk_outer_to_ru_aho_inner,Ru-AHK outer -> Ru-AHO inner,outer,inner,Different mechanism,Delta learning,1,81,1.00421655,2.339991123635599
KNeighborsRegressor,ru_ahk_outer_to_ru_aho_inner,Ru-AHK outer -> Ru-AHO inner,outer,inner,Different mechanism,Delta learning,1,83,0.83956097,1.06138341
KNeighborsRegressor,ru_ahk_outer_to_ru_aho_inner,Ru-AHK outer -> Ru-AHO inner,outer,inner,Different mechanism,Delta learning,1,90,0.19433377,0.5865588304937865
KNeighborsRegressor,ru_ahk_outer_to_ru_aho_inner,Ru-AHK outer -> Ru-AHO inner,outer,inner,Different mechanism,Delta learning,1,94,0.04739647,1.3426147228792011
KNeighborsRegressor,ru_ahk_outer_to_ru_aho_inner,Ru-AHK outer -> Ru-AHO inner,outer,inner,Different mechanism,Mixed transfer,2,5,3.13437597,2.048537776
KNeighborsRegressor,ru_ahk_outer_to_ru_aho_inner,Ru-AHK outer -> Ru-AHO inner,outer,inner,Different mechanism,Mixed transfer,2,9,3.13437597,2.8332750239999998
KNeighborsRegressor,ru_ahk_outer_to_ru_aho_inner,Ru-AHK outer -> Ru-AHO inner,outer,inner,Different mechanism,Mixed transfer,2,11,2.81808334,2.388843052
KNeighborsRegressor,ru_ahk_outer_to_ru_aho_inner,Ru-AHK outer -> Ru-AHO inner,outer,inner,Different mechanism,Mixed transfer,2,15,2.72095293,1.225781692
KNeighborsRegressor,ru_ahk_outer_to_ru_aho_inner,Ru-AHK outer -> Ru-AHO inner,outer,inner,Different mechanism,Mixed transfer,2,16,2.72095293,2.703050086
KNeighborsRegressor,ru_ahk_outer_to_ru_aho_inner,Ru-AHK outer -> Ru-AHO inner,outer,inner,Different mechanism,Mixed transfer,2,28,2.47786275,2.5300266060000003
KNeighborsRegressor,ru_ahk_outer_to_ru_aho_inner,Ru-AHK outer -> Ru-AHO inner,outer,inner,Different mechanism,Mixed transfer,2,30,2.3515711,3.420610587987114
KNeighborsRegressor,ru_ahk_outer_to_ru_aho_inner,Ru-AHK outer -> Ru-AHO inner,outer,inner,Different mechanism,Mixed transfer,2,33,2.30450133,2.388843052
KNeighborsRegressor,ru_ahk_outer_to_ru_aho_inner,Ru-AHK outer -> Ru-AHO inner,outer,inner,Different mechanism,Mixed transfer,2,35,2.30450133,2.586236564
KNeighborsRegressor,ru_ahk_outer_to_ru_aho_inner,Ru-AHK outer -> Ru-AHO inner,outer,inner,Different mechanism,Mixed transfer,2,39,2.16934032,1.225781692
KNeighborsRegressor,ru_ahk_outer_to_ru_aho_inner,Ru-AHK outer -> Ru-AHO inner,outer,inner,Different mechanism,Mixed transfer,2,45,2.01889808,1.908057378
KNeighborsRegressor,ru_ahk_outer_to_ru_aho_inner,Ru-AHK outer -> Ru-AHO inner,outer,inner,Different mechanism,Mixed transfer,2,49,1.9607788,2.263416095439358
KNeighborsRegressor,ru_ahk_outer_to_ru_aho_inner,Ru-AHK outer -> Ru-AHO inner,outer,inner,Different mechanism,Mixed transfer,2,65,1.53168147,1.2541769939999998
KNeighborsRegressor,ru_ahk_outer_to_ru_aho_inner,Ru-AHK outer -> Ru-AHO inner,outer,inner,Different mechanism,Mixed transfer,2,68,1.49260764,1.861291052
KNeighborsRegressor,ru_ahk_outer_to_ru_aho_inner,Ru-AHK outer -> Ru-AHO inner,outer,inner,Different mechanism,Mixed transfer,2,69,1.48763592,1.225781692
KNeighborsRegressor,ru_ahk_outer_to_ru_aho_inner,Ru-AHK outer -> Ru-AHO inner,outer,inner,Different mechanism,Mixed transfer,2,70,1.47570337,2.29566541034341
KNeighborsRegressor,ru_ahk_outer_to_ru_aho_inner,Ru-AHK outer -> Ru-AHO inner,outer,inner,Different mechanism,Mixed transfer,2,72,1.40708549,1.2541769939999998
KNeighborsRegressor,ru_ahk_outer_to_ru_aho_inner,Ru-AHK outer -> Ru-AHO inner,outer,inner,Different mechanism,Mixed transfer,2,80,1.31904107,1.42079807
KNeighborsRegressor,ru_ahk_outer_to_ru_aho_inner,Ru-AHK outer -> Ru-AHO inner,outer,inner,Different mechanism,Mixed transfer,2,88,0.39647984,1.458187966
KNeighborsRegressor,ru_ahk_outer_to_ru_aho_inner,Ru-AHK outer -> Ru-AHO inner,outer,inner,Different mechanism,Mixed transfer,2,93,0.04819171,0.777764552
KNeighborsRegressor,ru_ahk_outer_to_ru_aho_inner,Ru-AHK outer -> Ru-AHO inner,outer,inner,Different mechanism,Delta learning,2,5,3.13437597,2.3151337979999997
KNeighborsRegressor,ru_ahk_outer_to_ru_aho_inner,Ru-AHK outer -> Ru-AHO inner,outer,inner,Different mechanism,Delta learning,2,9,3.13437597,2.8332750239999998
KNeighborsRegressor,ru_ahk_outer_to_ru_aho_inner,Ru-AHK outer -> Ru-AHO inner,outer,inner,Different mechanism,Delta learning,2,11,2.81808334,2.388843052
KNeighborsRegressor,ru_ahk_outer_to_ru_aho_inner,Ru-AHK outer -> Ru-AHO inner,outer,inner,Different mechanism,Delta learning,2,15,2.72095293,2.203003385362148
KNeighborsRegressor,ru_ahk_outer_to_ru_aho_inner,Ru-AHK outer -> Ru-AHO inner,outer,inner,Different mechanism,Delta learning,2,16,2.72095293,2.703050086
KNeighborsRegressor,ru_ahk_outer_to_ru_aho_inner,Ru-AHK outer -> Ru-AHO inner,outer,inner,Different mechanism,Delta learning,2,28,2.47786275,2.5300266060000003
KNeighborsRegressor,ru_ahk_outer_to_ru_aho_inner,Ru-AHK outer -> Ru-AHO inner,outer,inner,Different mechanism,Delta learning,2,30,2.3515711,3.622819993780481
KNeighborsRegressor,ru_ahk_outer_to_ru_aho_inner,Ru-AHK outer -> Ru-AHO inner,outer,inner,Different mechanism,Delta learning,2,33,2.30450133,2.750590416
KNeighborsRegressor,ru_ahk_outer_to_ru_aho_inner,Ru-AHK outer -> Ru-AHO inner,outer,inner,Different mechanism,Delta learning,2,35,2.30450133,2.388843052
KNeighborsRegressor,ru_ahk_outer_to_ru_aho_inner,Ru-AHK outer -> Ru-AHO inner,outer,inner,Different mechanism,Delta learning,2,39,2.16934032,1.900272304017419
KNeighborsRegressor,ru_ahk_outer_to_ru_aho_inner,Ru-AHK outer -> Ru-AHO inner,outer,inner,Different mechanism,Delta learning,2,45,2.01889808,2.111992827296829
KNeighborsRegressor,ru_ahk_outer_to_ru_aho_inner,Ru-AHK outer -> Ru-AHO inner,outer,inner,Different mechanism,Delta learning,2,49,1.9607788,0.7897781676481324
KNeighborsRegressor,ru_ahk_outer_to_ru_aho_inner,Ru-AHK outer -> Ru-AHO inner,outer,inner,Different mechanism,Delta learning,2,65,1.53168147,1.129311467427815
KNeighborsRegressor,ru_ahk_outer_to_ru_aho_inner,Ru-AHK outer -> Ru-AHO inner,outer,inner,Different mechanism,Delta learning,2,68,1.49260764,2.1121867897531614
KNeighborsRegressor,ru_ahk_outer_to_ru_aho_inner,Ru-AHK outer -> Ru-AHO inner,outer,inner,Different mechanism,Delta learning,2,69,1.48763592,1.8052710712105324
KNeighborsRegressor,ru_ahk_outer_to_ru_aho_inner,Ru-AHK outer -> Ru-AHO inner,outer,inner,Different mechanism,Delta learning,2,70,1.47570337,2.304440471158877
KNeighborsRegressor,ru_ahk_outer_to_ru_aho_inner,Ru-AHK outer -> Ru-AHO inner,outer,inner,Different mechanism,Delta learning,2,72,1.40708549,1.129311467427815
KNeighborsRegressor,ru_ahk_outer_to_ru_aho_inner,Ru-AHK outer -> Ru-AHO inner,outer,inner,Different mechanism,Delta learning,2,80,1.31904107,1.8744228607290305
KNeighborsRegressor,ru_ahk_outer_to_ru_aho_inner,Ru-AHK outer -> Ru-AHO inner,outer,inner,Different mechanism,Delta learning,2,88,0.39647984,1.5961448962387554
KNeighborsRegressor,ru_ahk_outer_to_ru_aho_inner,Ru-AHK outer -> Ru-AHO inner,outer,inner,Different mechanism,Delta learning,2,93,0.04819171,0.6360873770712632
KNeighborsRegressor,ru_ahk_outer_to_ru_aho_inner,Ru-AHK outer -> Ru-AHO inner,outer,inner,Different mechanism,Mixed transfer,3,3,3.67873076,2.3308167600000003
KNeighborsRegressor,ru_ahk_outer_to_ru_aho_inner,Ru-AHK outer -> Ru-AHO inner,outer,inner,Different mechanism,Mixed transfer,3,6,3.13437597,0.804266682
KNeighborsRegressor,ru_ahk_outer_to_ru_aho_inner,Ru-AHK outer -> Ru-AHO inner,outer,inner,Different mechanism,Mixed transfer,3,7,3.13437597,0.804266682
KNeighborsRegressor,ru_ahk_outer_to_ru_aho_inner,Ru-AHK outer -> Ru-AHO inner,outer,inner,Different mechanism,Mixed transfer,3,8,3.13437597,0.804266682
KNeighborsRegressor,ru_ahk_outer_to_ru_aho_inner,Ru-AHK outer -> Ru-AHO inner,outer,inner,Different mechanism,Mixed transfer,3,13,2.72095293,2.41410708
KNeighborsRegressor,ru_ahk_outer_to_ru_aho_inner,Ru-AHK outer -> Ru-AHO inner,outer,inner,Different mechanism,Mixed transfer,3,17,2.72095293,2.41410708
KNeighborsRegressor,ru_ahk_outer_to_ru_aho_inner,Ru-AHK outer -> Ru-AHO inner,outer,inner,Different mechanism,Mixed transfer,3,19,2.72095293,2.41410708
KNeighborsRegressor,ru_ahk_outer_to_ru_aho_inner,Ru-AHK outer -> Ru-AHO inner,outer,inner,Different mechanism,Mixed transfer,3,24,2.49823771,2.416436802
KNeighborsRegressor,ru_ahk_outer_to_ru_aho_inner,Ru-AHK outer -> Ru-AHO inner,outer,inner,Different mechanism,Mixed transfer,3,25,2.49823771,2.6266010559999997
KNeighborsRegressor,ru_ahk_outer_to_ru_aho_inner,Ru-AHK outer -> Ru-AHO inner,outer,inner,Different mechanism,Mixed transfer,3,27,2.47786275,3.047670394
KNeighborsRegressor,ru_ahk_outer_to_ru_aho_inner,Ru-AHK outer -> Ru-AHO inner,outer,inner,Different mechanism,Mixed transfer,3,34,2.30450133,2.41410708
KNeighborsRegressor,ru_ahk_outer_to_ru_aho_inner,Ru-AHK outer -> Ru-AHO inner,outer,inner,Different mechanism,Mixed transfer,3,36,2.28957767,2.607971766
KNeighborsRegressor,ru_ahk_outer_to_ru_aho_inner,Ru-AHK outer -> Ru-AHO inner,outer,inner,Different mechanism,Mixed transfer,3,38,2.20688949,2.252916136
KNeighborsRegressor,ru_ahk_outer_to_ru_aho_inner,Ru-AHK outer -> Ru-AHO inner,outer,inner,Different mechanism,Mixed transfer,3,53,1.84440958,1.8202216119999999
KNeighborsRegressor,ru_ahk_outer_to_ru_aho_inner,Ru-AHK outer -> Ru-AHO inner,outer,inner,Different mechanism,Mixed transfer,3,55,1.80901573,2.0982892459999998
KNeighborsRegressor,ru_ahk_outer_to_ru_aho_inner,Ru-AHK outer -> Ru-AHO inner,outer,inner,Different mechanism,Mixed transfer,3,56,1.73731552,2.607971766
KNeighborsRegressor,ru_ahk_outer_to_ru_aho_inner,Ru-AHK outer -> Ru-AHO inner,outer,inner,Different mechanism,Mixed transfer,3,76,1.36999511,0.6112595519999999
KNeighborsRegressor,ru_ahk_outer_to_ru_aho_inner,Ru-AHK outer -> Ru-AHO inner,outer,inner,Different mechanism,Mixed transfer,3,78,1.35390456,1.509942342
KNeighborsRegressor,ru_ahk_outer_to_ru_aho_inner,Ru-AHK outer -> Ru-AHO inner,outer,inner,Different mechanism,Mixed transfer,3,79,1.33471728,1.47971782
KNeighborsRegressor,ru_ahk_outer_to_ru_aho_inner,Ru-AHK outer -> Ru-AHO inner,outer,inner,Different mechanism,Mixed transfer,3,85,0.80254597,0.6112595519999999
KNeighborsRegressor,ru_ahk_outer_to_ru_aho_inner,Ru-AHK outer -> Ru-AHO inner,outer,inner,Different mechanism,Delta learning,3,3,3.67873076,2.418487014711985
KNeighborsRegressor,ru_ahk_outer_to_ru_aho_inner,Ru-AHK outer -> Ru-AHO inner,outer,inner,Different mechanism,Delta learning,3,6,3.13437597,1.4284979739153334
KNeighborsRegressor,ru_ahk_outer_to_ru_aho_inner,Ru-AHK outer -> Ru-AHO inner,outer,inner,Different mechanism,Delta learning,3,7,3.13437597,1.351987539344719
KNeighborsRegressor,ru_ahk_outer_to_ru_aho_inner,Ru-AHK outer -> Ru-AHO inner,outer,inner,Different mechanism,Delta learning,3,8,3.13437597,1.351987539344719
KNeighborsRegressor,ru_ahk_outer_to_ru_aho_inner,Ru-AHK outer -> Ru-AHO inner,outer,inner,Different mechanism,Delta learning,3,13,2.72095293,2.41410708
KNeighborsRegressor,ru_ahk_outer_to_ru_aho_inner,Ru-AHK outer -> Ru-AHO inner,outer,inner,Different mechanism,Delta learning,3,17,2.72095293,2.41410708
KNeighborsRegressor,ru_ahk_outer_to_ru_aho_inner,Ru-AHK outer -> Ru-AHO inner,outer,inner,Different mechanism,Delta learning,3,19,2.72095293,2.41410708
KNeighborsRegressor,ru_ahk_outer_to_ru_aho_inner,Ru-AHK outer -> Ru-AHO inner,outer,inner,Different mechanism,Delta learning,3,24,2.49823771,2.5557190710776165
KNeighborsRegressor,ru_ahk_outer_to_ru_aho_inner,Ru-AHK outer -> Ru-AHO inner,outer,inner,Different mechanism,Delta learning,3,25,2.49823771,2.4040907491658636
KNeighborsRegressor,ru_ahk_outer_to_ru_aho_inner,Ru-AHK outer -> Ru-AHO inner,outer,inner,Different mechanism,Delta learning,3,27,2.47786275,3.047670394
KNeighborsRegressor,ru_ahk_outer_to_ru_aho_inner,Ru-AHK outer -> Ru-AHO inner,outer,inner,Different mechanism,Delta learning,3,34,2.30450133,2.41410708
KNeighborsRegressor,ru_ahk_outer_to_ru_aho_inner,Ru-AHK outer -> Ru-AHO inner,outer,inner,Different mechanism,Delta learning,3,36,2.28957767,2.607971766
KNeighborsRegressor,ru_ahk_outer_to_ru_aho_inner,Ru-AHK outer -> Ru-AHO inner,outer,inner,Different mechanism,Delta learning,3,38,2.20688949,2.161711904309907
KNeighborsRegressor,ru_ahk_outer_to_ru_aho_inner,Ru-AHK outer -> Ru-AHO inner,outer,inner,Different mechanism,Delta learning,3,53,1.84440958,2.0887650169272387
KNeighborsRegressor,ru_ahk_outer_to_ru_aho_inner,Ru-AHK outer -> Ru-AHO inner,outer,inner,Different mechanism,Delta learning,3,55,1.80901573,1.580287770984825
KNeighborsRegressor,ru_ahk_outer_to_ru_aho_inner,Ru-AHK outer -> Ru-AHO inner,outer,inner,Different mechanism,Delta learning,3,56,1.73731552,2.607971766
KNeighborsRegressor,ru_ahk_outer_to_ru_aho_inner,Ru-AHK outer -> Ru-AHO inner,outer,inner,Different mechanism,Delta learning,3,76,1.36999511,1.2166852820965106
KNeighborsRegressor,ru_ahk_outer_to_ru_aho_inner,Ru-AHK outer -> Ru-AHO inner,outer,inner,Different mechanism,Delta learning,3,78,1.35390456,0.4685987060116943
KNeighborsRegressor,ru_ahk_outer_to_ru_aho_inner,Ru-AHK outer -> Ru-AHO inner,outer,inner,Different mechanism,Delta learning,3,79,1.33471728,1.9205130778201447
KNeighborsRegressor,ru_ahk_outer_to_ru_aho_inner,Ru-AHK outer -> Ru-AHO inner,outer,inner,Different mechanism,Delta learning,3,85,0.80254597,1.2166852820965106
KNeighborsRegressor,ru_ahk_outer_to_ru_aho_inner,Ru-AHK outer -> Ru-AHO inner,outer,inner,Different mechanism,Mixed transfer,4,32,2.30450133,2.4040802940000003
KNeighborsRegressor,ru_ahk_outer_to_ru_aho_inner,Ru-AHK outer -> Ru-AHO inner,outer,inner,Different mechanism,Mixed transfer,4,41,2.13444943,2.1639161983434105
KNeighborsRegressor,ru_ahk_outer_to_ru_aho_inner,Ru-AHK outer -> Ru-AHO inner,outer,inner,Different mechanism,Mixed transfer,4,43,2.11117069,1.6526538679999998
KNeighborsRegressor,ru_ahk_outer_to_ru_aho_inner,Ru-AHK outer -> Ru-AHO inner,outer,inner,Different mechanism,Mixed transfer,4,46,2.00941149,2.550577422
KNeighborsRegressor,ru_ahk_outer_to_ru_aho_inner,Ru-AHK outer -> Ru-AHO inner,outer,inner,Different mechanism,Mixed transfer,4,48,1.96551622,1.9938180680000002
KNeighborsRegressor,ru_ahk_outer_to_ru_aho_inner,Ru-AHK outer -> Ru-AHO inner,outer,inner,Different mechanism,Mixed transfer,4,50,1.95650617,1.6526538679999998
KNeighborsRegressor,ru_ahk_outer_to_ru_aho_inner,Ru-AHK outer -> Ru-AHO inner,outer,inner,Different mechanism,Mixed transfer,4,54,1.80901573,2.0982892459999998
KNeighborsRegressor,ru_ahk_outer_to_ru_aho_inner,Ru-AHK outer -> Ru-AHO inner,outer,inner,Different mechanism,Mixed transfer,4,57,1.68395754,1.9938356673316804
KNeighborsRegressor,ru_ahk_outer_to_ru_aho_inner,Ru-AHK outer -> Ru-AHO inner,outer,inner,Different mechanism,Mixed transfer,4,58,1.66417952,1.423260828
KNeighborsRegressor,ru_ahk_outer_to_ru_aho_inner,Ru-AHK outer -> Ru-AHO inner,outer,inner,Different mechanism,Mixed transfer,4,59,1.62929332,2.1587586858367405
KNeighborsRegressor,ru_ahk_outer_to_ru_aho_inner,Ru-AHK outer -> Ru-AHO inner,outer,inner,Different mechanism,Mixed transfer,4,61,1.57873877,1.451485258
KNeighborsRegressor,ru_ahk_outer_to_ru_aho_inner,Ru-AHK outer -> Ru-AHO inner,outer,inner,Different mechanism,Mixed transfer,4,63,1.56019653,1.423260828
KNeighborsRegressor,ru_ahk_outer_to_ru_aho_inner,Ru-AHK outer -> Ru-AHO inner,outer,inner,Different mechanism,Mixed transfer,4,66,1.51369193,1.423260828
KNeighborsRegressor,ru_ahk_outer_to_ru_aho_inner,Ru-AHK outer -> Ru-AHO inner,outer,inner,Different mechanism,Mixed transfer,4,67,1.51369193,1.265192978
KNeighborsRegressor,ru_ahk_outer_to_ru_aho_inner,Ru-AHK outer -> Ru-AHO inner,outer,inner,Different mechanism,Mixed transfer,4,77,1.36283425,1.6526538679999998
KNeighborsRegressor,ru_ahk_outer_to_ru_aho_inner,Ru-AHK outer -> Ru-AHO inner,outer,inner,Different mechanism,Mixed transfer,4,84,0.80438248,1.8012833810782893
KNeighborsRegressor,ru_ahk_outer_to_ru_aho_inner,Ru-AHK outer -> Ru-AHO inner,outer,inner,Different mechanism,Mixed transfer,4,95,0.0120419,0.893003914
KNeighborsRegressor,ru_ahk_outer_to_ru_aho_inner,Ru-AHK outer -> Ru-AHO inner,outer,inner,Different mechanism,Mixed transfer,4,96,0.0,1.4481948227593562
KNeighborsRegressor,ru_ahk_outer_to_ru_aho_inner,Ru-AHK outer -> Ru-AHO inner,outer,inner,Different mechanism,Mixed transfer,4,97,0.0,1.045767768
KNeighborsRegressor,ru_ahk_outer_to_ru_aho_inner,Ru-AHK outer -> Ru-AHO inner,outer,inner,Different mechanism,Delta learning,4,32,2.30450133,2.513988258444444
KNeighborsRegressor,ru_ahk_outer_to_ru_aho_inner,Ru-AHK outer -> Ru-AHO inner,outer,inner,Different mechanism,Delta learning,4,41,2.13444943,1.5153811041516152
KNeighborsRegressor,ru_ahk_outer_to_ru_aho_inner,Ru-AHK outer -> Ru-AHO inner,outer,inner,Different mechanism,Delta learning,4,43,2.11117069,1.8762429540122403
KNeighborsRegressor,ru_ahk_outer_to_ru_aho_inner,Ru-AHK outer -> Ru-AHO inner,outer,inner,Different mechanism,Delta learning,4,46,2.00941149,2.550577422
KNeighborsRegressor,ru_ahk_outer_to_ru_aho_inner,Ru-AHK outer -> Ru-AHO inner,outer,inner,Different mechanism,Delta learning,4,48,1.96551622,1.5537807449454004
KNeighborsRegressor,ru_ahk_outer_to_ru_aho_inner,Ru-AHK outer -> Ru-AHO inner,outer,inner,Different mechanism,Delta learning,4,50,1.95650617,1.8762429540122403
KNeighborsRegressor,ru_ahk_outer_to_ru_aho_inner,Ru-AHK outer -> Ru-AHO inner,outer,inner,Different mechanism,Delta learning,4,54,1.80901573,2.209968021910063
KNeighborsRegressor,ru_ahk_outer_to_ru_aho_inner,Ru-AHK outer -> Ru-AHO inner,outer,inner,Different mechanism,Delta learning,4,57,1.68395754,2.186033766014928
KNeighborsRegressor,ru_ahk_outer_to_ru_aho_inner,Ru-AHK outer -> Ru-AHO inner,outer,inner,Different mechanism,Delta learning,4,58,1.66417952,1.0570886289319794
KNeighborsRegressor,ru_ahk_outer_to_ru_aho_inner,Ru-AHK outer -> Ru-AHO inner,outer,inner,Different mechanism,Delta learning,4,59,1.62929332,1.844495105670658
KNeighborsRegressor,ru_ahk_outer_to_ru_aho_inner,Ru-AHK outer -> Ru-AHO inner,outer,inner,Different mechanism,Delta learning,4,61,1.57873877,0.9348331726413909
KNeighborsRegressor,ru_ahk_outer_to_ru_aho_inner,Ru-AHK outer -> Ru-AHO inner,outer,inner,Different mechanism,Delta learning,4,63,1.56019653,0.9315279386413909
KNeighborsRegressor,ru_ahk_outer_to_ru_aho_inner,Ru-AHK outer -> Ru-AHO inner,outer,inner,Different mechanism,Delta learning,4,66,1.51369193,0.9315279386413909
KNeighborsRegressor,ru_ahk_outer_to_ru_aho_inner,Ru-AHK outer -> Ru-AHO inner,outer,inner,Different mechanism,Delta learning,4,67,1.51369193,0.8968264619307389
KNeighborsRegressor,ru_ahk_outer_to_ru_aho_inner,Ru-AHK outer -> Ru-AHO inner,outer,inner,Different mechanism,Delta learning,4,77,1.36283425,1.249003609629336
KNeighborsRegressor,ru_ahk_outer_to_ru_aho_inner,Ru-AHK outer -> Ru-AHO inner,outer,inner,Different mechanism,Delta learning,4,84,0.80438248,1.887969258725078
KNeighborsRegressor,ru_ahk_outer_to_ru_aho_inner,Ru-AHK outer -> Ru-AHO inner,outer,inner,Different mechanism,Delta learning,4,95,0.0120419,0.6184773170417015
KNeighborsRegressor,ru_ahk_outer_to_ru_aho_inner,Ru-AHK outer -> Ru-AHO inner,outer,inner,Different mechanism,Delta learning,4,96,0.0,1.230173289034626
KNeighborsRegressor,ru_ahk_outer_to_ru_aho_inner,Ru-AHK outer -> Ru-AHO inner,outer,inner,Different mechanism,Delta learning,4,97,0.0,1.452483575186241
KNeighborsRegressor,ru_ahk_outer_to_ru_aho_inner,Ru-AHK outer -> Ru-AHO inner,outer,inner,Different mechanism,Mixed transfer,5,1,4.50050002,2.8030318260000002
KNeighborsRegressor,ru_ahk_outer_to_ru_aho_inner,Ru-AHK outer -> Ru-AHO inner,outer,inner,Different mechanism,Mixed transfer,5,2,3.84937533,2.8030318260000002
KNeighborsRegressor,ru_ahk_outer_to_ru_aho_inner,Ru-AHK outer -> Ru-AHO inner,outer,inner,Different mechanism,Mixed transfer,5,14,2.72095293,2.632439002
KNeighborsRegressor,ru_ahk_outer_to_ru_aho_inner,Ru-AHK outer -> Ru-AHO inner,outer,inner,Different mechanism,Mixed transfer,5,20,2.72095293,2.5404265379999997
KNeighborsRegressor,ru_ahk_outer_to_ru_aho_inner,Ru-AHK outer -> Ru-AHO inner,outer,inner,Different mechanism,Mixed transfer,5,21,2.6917632,2.54616395
KNeighborsRegressor,ru_ahk_outer_to_ru_aho_inner,Ru-AHK outer -> Ru-AHO inner,outer,inner,Different mechanism,Mixed transfer,5,23,2.61179564,2.3526386360000004
KNeighborsRegressor,ru_ahk_outer_to_ru_aho_inner,Ru-AHK outer -> Ru-AHO inner,outer,inner,Different mechanism,Mixed transfer,5,29,2.47786275,2.71512361
KNeighborsRegressor,ru_ahk_outer_to_ru_aho_inner,Ru-AHK outer -> Ru-AHO inner,outer,inner,Different mechanism,Mixed transfer,5,37,2.26077037,2.2421399600000003
KNeighborsRegressor,ru_ahk_outer_to_ru_aho_inner,Ru-AHK outer -> Ru-AHO inner,outer,inner,Different mechanism,Mixed transfer,5,51,1.94448624,2.0401424063829046
KNeighborsRegressor,ru_ahk_outer_to_ru_aho_inner,Ru-AHK outer -> Ru-AHO inner,outer,inner,Different mechanism,Mixed transfer,5,52,1.88185187,1.7496945699999997
KNeighborsRegressor,ru_ahk_outer_to_ru_aho_inner,Ru-AHK outer -> Ru-AHO inner,outer,inner,Different mechanism,Mixed transfer,5,60,1.62929332,2.6324390020000004
KNeighborsRegressor,ru_ahk_outer_to_ru_aho_inner,Ru-AHK outer -> Ru-AHO inner,outer,inner,Different mechanism,Mixed transfer,5,71,1.47016368,1.486690518
KNeighborsRegressor,ru_ahk_outer_to_ru_aho_inner,Ru-AHK outer -> Ru-AHO inner,outer,inner,Different mechanism,Mixed transfer,5,74,1.38325909,1.883160762
KNeighborsRegressor,ru_ahk_outer_to_ru_aho_inner,Ru-AHK outer -> Ru-AHO inner,outer,inner,Different mechanism,Mixed transfer,5,82,0.99242206,1.369446952
KNeighborsRegressor,ru_ahk_outer_to_ru_aho_inner,Ru-AHK outer -> Ru-AHO inner,outer,inner,Different mechanism,Mixed transfer,5,86,0.67501313,1.1906865563270592
KNeighborsRegressor,ru_ahk_outer_to_ru_aho_inner,Ru-AHK outer -> Ru-AHO inner,outer,inner,Different mechanism,Mixed transfer,5,87,0.56782018,1.9543634508318575
KNeighborsRegressor,ru_ahk_outer_to_ru_aho_inner,Ru-AHK outer -> Ru-AHO inner,outer,inner,Different mechanism,Mixed transfer,5,89,0.33293116,1.9543634508318575
KNeighborsRegressor,ru_ahk_outer_to_ru_aho_inner,Ru-AHK outer -> Ru-AHO inner,outer,inner,Different mechanism,Mixed transfer,5,91,0.10866753,1.0019077133133658
KNeighborsRegressor,ru_ahk_outer_to_ru_aho_inner,Ru-AHK outer -> Ru-AHO inner,outer,inner,Different mechanism,Mixed transfer,5,92,0.09139463,2.2362267819616655
KNeighborsRegressor,ru_ahk_outer_to_ru_aho_inner,Ru-AHK outer -> Ru-AHO inner,outer,inner,Different mechanism,Delta learning,5,1,4.50050002,2.803031826
KNeighborsRegressor,ru_ahk_outer_to_ru_aho_inner,Ru-AHK outer -> Ru-AHO inner,outer,inner,Different mechanism,Delta learning,5,2,3.84937533,2.7397733
KNeighborsRegressor,ru_ahk_outer_to_ru_aho_inner,Ru-AHK outer -> Ru-AHO inner,outer,inner,Different mechanism,Delta learning,5,14,2.72095293,2.6324390020000004
KNeighborsRegressor,ru_ahk_outer_to_ru_aho_inner,Ru-AHK outer -> Ru-AHO inner,outer,inner,Different mechanism,Delta learning,5,20,2.72095293,2.540426538
KNeighborsRegressor,ru_ahk_outer_to_ru_aho_inner,Ru-AHK outer -> Ru-AHO inner,outer,inner,Different mechanism,Delta learning,5,21,2.6917632,2.54616395
KNeighborsRegressor,ru_ahk_outer_to_ru_aho_inner,Ru-AHK outer -> Ru-AHO inner,outer,inner,Different mechanism,Delta learning,5,23,2.61179564,2.352638636
KNeighborsRegressor,ru_ahk_outer_to_ru_aho_inner,Ru-AHK outer -> Ru-AHO inner,outer,inner,Different mechanism,Delta learning,5,29,2.47786275,2.71512361
KNeighborsRegressor,ru_ahk_outer_to_ru_aho_inner,Ru-AHK outer -> Ru-AHO inner,outer,inner,Different mechanism,Delta learning,5,37,2.26077037,2.1913281328450465
KNeighborsRegressor,ru_ahk_outer_to_ru_aho_inner,Ru-AHK outer -> Ru-AHO inner,outer,inner,Different mechanism,Delta learning,5,51,1.94448624,1.45375127299292
KNeighborsRegressor,ru_ahk_outer_to_ru_aho_inner,Ru-AHK outer -> Ru-AHO inner,outer,inner,Different mechanism,Delta learning,5,52,1.88185187,2.1955654873743247
KNeighborsRegressor,ru_ahk_outer_to_ru_aho_inner,Ru-AHK outer -> Ru-AHO inner,outer,inner,Different mechanism,Delta learning,5,60,1.62929332,2.54616395
KNeighborsRegressor,ru_ahk_outer_to_ru_aho_inner,Ru-AHK outer -> Ru-AHO inner,outer,inner,Different mechanism,Delta learning,5,71,1.47016368,1.0922938889319793
KNeighborsRegressor,ru_ahk_outer_to_ru_aho_inner,Ru-AHK outer -> Ru-AHO inner,outer,inner,Different mechanism,Delta learning,5,74,1.38325909,1.3813692864936764
KNeighborsRegressor,ru_ahk_outer_to_ru_aho_inner,Ru-AHK outer -> Ru-AHO inner,outer,inner,Different mechanism,Delta learning,5,82,0.99242206,2.1061799841385227
KNeighborsRegressor,ru_ahk_outer_to_ru_aho_inner,Ru-AHK outer -> Ru-AHO inner,outer,inner,Different mechanism,Delta learning,5,86,0.67501313,0.5382547744359858
KNeighborsRegressor,ru_ahk_outer_to_ru_aho_inner,Ru-AHK outer -> Ru-AHO inner,outer,inner,Different mechanism,Delta learning,5,87,0.56782018,2.0419591921640325
KNeighborsRegressor,ru_ahk_outer_to_ru_aho_inner,Ru-AHK outer -> Ru-AHO inner,outer,inner,Different mechanism,Delta learning,5,89,0.33293116,1.561981818709164
KNeighborsRegressor,ru_ahk_outer_to_ru_aho_inner,Ru-AHK outer -> Ru-AHO inner,outer,inner,Different mechanism,Delta learning,5,91,0.10866753,0.5991521910417015
KNeighborsRegressor,ru_ahk_outer_to_ru_aho_inner,Ru-AHK outer -> Ru-AHO inner,outer,inner,Different mechanism,Delta learning,5,92,0.09139463,0.9788685987724928
SVR,target_only_ru_aho_inner,Ru-AHO inner target-only,none,inner,Target-only,Target-only,1,0,4.50050002,2.365892781892209
SVR,target_only_ru_aho_inner,Ru-AHO inner target-only,none,inner,Target-only,Target-only,1,4,3.13437597,2.821136703508341
SVR,target_only_ru_aho_inner,Ru-AHO inner target-only,none,inner,Target-only,Target-only,1,10,2.89279432,2.573755068991106
SVR,target_only_ru_aho_inner,Ru-AHO inner target-only,none,inner,Target-only,Target-only,1,12,2.72095293,2.572404703459197
SVR,target_only_ru_aho_inner,Ru-AHO inner target-only,none,inner,Target-only,Target-only,1,18,2.72095293,2.5778259763536506
SVR,target_only_ru_aho_inner,Ru-AHO inner target-only,none,inner,Target-only,Target-only,1,22,2.63729647,1.929736461476843
SVR,target_only_ru_aho_inner,Ru-AHO inner target-only,none,inner,Target-only,Target-only,1,26,2.49268506,1.7826175742456947
SVR,target_only_ru_aho_inner,Ru-AHO inner target-only,none,inner,Target-only,Target-only,1,31,2.30450133,1.9445216453989258
SVR,target_only_ru_aho_inner,Ru-AHO inner target-only,none,inner,Target-only,Target-only,1,40,2.13954868,1.91953401935671
SVR,target_only_ru_aho_inner,Ru-AHO inner target-only,none,inner,Target-only,Target-only,1,42,2.12255274,2.511623880678975
SVR,target_only_ru_aho_inner,Ru-AHO inner target-only,none,inner,Target-only,Target-only,1,44,2.02174776,1.9148634893595435
SVR,target_only_ru_aho_inner,Ru-AHO inner target-only,none,inner,Target-only,Target-only,1,47,1.97754867,1.9873679179668877
SVR,target_only_ru_aho_inner,Ru-AHO inner target-only,none,inner,Target-only,Target-only,1,62,1.56906465,1.9137883073253947
SVR,target_only_ru_aho_inner,Ru-AHO inner target-only,none,inner,Target-only,Target-only,1,64,1.53168147,1.4401226045756297
SVR,target_only_ru_aho_inner,Ru-AHO inner target-only,none,inner,Target-only,Target-only,1,73,1.39055932,1.4315575368151054
SVR,target_only_ru_aho_inner,Ru-AHO inner target-only,none,inner,Target-only,Target-only,1,75,1.36999511,1.4533652427827635
SVR,target_only_ru_aho_inner,Ru-AHO inner target-only,none,inner,Target-only,Target-only,1,81,1.00421655,1.2838757547358566
SVR,target_only_ru_aho_inner,Ru-AHO inner target-only,none,inner,Target-only,Target-only,1,83,0.83956097,0.7393297497869179
SVR,target_only_ru_aho_inner,Ru-AHO inner target-only,none,inner,Target-only,Target-only,1,90,0.19433377,0.15509108227150348
SVR,target_only_ru_aho_inner,Ru-AHO inner target-only,none,inner,Target-only,Target-only,1,94,0.04739647,1.5672101178385374
SVR,target_only_ru_aho_inner,Ru-AHO inner target-only,none,inner,Target-only,Target-only,2,5,3.13437597,2.674578694294159
SVR,target_only_ru_aho_inner,Ru-AHO inner target-only,none,inner,Target-only,Target-only,2,9,3.13437597,2.991418241695804
SVR,target_only_ru_aho_inner,Ru-AHO inner target-only,none,inner,Target-only,Target-only,2,11,2.81808334,2.6273889202565406
SVR,target_only_ru_aho_inner,Ru-AHO inner target-only,none,inner,Target-only,Target-only,2,15,2.72095293,1.9751732592787379
SVR,target_only_ru_aho_inner,Ru-AHO inner target-only,none,inner,Target-only,Target-only,2,16,2.72095293,3.034133558919078
SVR,target_only_ru_aho_inner,Ru-AHO inner target-only,none,inner,Target-only,Target-only,2,28,2.47786275,2.6212342357899185
SVR,target_only_ru_aho_inner,Ru-AHO inner target-only,none,inner,Target-only,Target-only,2,30,2.3515711,2.0755190258777927
SVR,target_only_ru_aho_inner,Ru-AHO inner target-only,none,inner,Target-only,Target-only,2,33,2.30450133,2.6463204826470124
SVR,target_only_ru_aho_inner,Ru-AHO inner target-only,none,inner,Target-only,Target-only,2,35,2.30450133,2.6596490041162664
SVR,target_only_ru_aho_inner,Ru-AHO inner target-only,none,inner,Target-only,Target-only,2,39,2.16934032,1.7757192519244978
SVR,target_only_ru_aho_inner,Ru-AHO inner target-only,none,inner,Target-only,Target-only,2,45,2.01889808,2.030333400701531
SVR,target_only_ru_aho_inner,Ru-AHO inner target-only,none,inner,Target-only,Target-only,2,49,1.9607788,1.1617696471798282
SVR,target_only_ru_aho_inner,Ru-AHO inner target-only,none,inner,Target-only,Target-only,2,65,1.53168147,1.3800713793833148
SVR,target_only_ru_aho_inner,Ru-AHO inner target-only,none,inner,Target-only,Target-only,2,68,1.49260764,2.0074527891602316
SVR,target_only_ru_aho_inner,Ru-AHO inner target-only,none,inner,Target-only,Target-only,2,69,1.48763592,1.8653993103996411
SVR,target_only_ru_aho_inner,Ru-AHO inner target-only,none,inner,Target-only,Target-only,2,70,1.47570337,1.9451227755126936
SVR,target_only_ru_aho_inner,Ru-AHO inner target-only,none,inner,Target-only,Target-only,2,72,1.40708549,1.3800713793833148
SVR,target_only_ru_aho_inner,Ru-AHO inner target-only,none,inner,Target-only,Target-only,2,80,1.31904107,1.4400303499929819
SVR,target_only_ru_aho_inner,Ru-AHO inner target-only,none,inner,Target-only,Target-only,2,88,0.39647984,1.0276202551019726
SVR,target_only_ru_aho_inner,Ru-AHO inner target-only,none,inner,Target-only,Target-only,2,93,0.04819171,0.2636286474965628
SVR,target_only_ru_aho_inner,Ru-AHO inner target-only,none,inner,Target-only,Target-only,3,3,3.67873076,2.2139942007446516
SVR,target_only_ru_aho_inner,Ru-AHO inner target-only,none,inner,Target-only,Target-only,3,6,3.13437597,1.4387622998151934
SVR,target_only_ru_aho_inner,Ru-AHO inner target-only,none,inner,Target-only,Target-only,3,7,3.13437597,1.667814832926634
SVR,target_only_ru_aho_inner,Ru-AHO inner target-only,none,inner,Target-only,Target-only,3,8,3.13437597,1.585451771985637
SVR,target_only_ru_aho_inner,Ru-AHO inner target-only,none,inner,Target-only,Target-only,3,13,2.72095293,2.4859819515692614
SVR,target_only_ru_aho_inner,Ru-AHO inner target-only,none,inner,Target-only,Target-only,3,17,2.72095293,2.757743923104881
SVR,target_only_ru_aho_inner,Ru-AHO inner target-only,none,inner,Target-only,Target-only,3,19,2.72095293,2.6472341858893014
SVR,target_only_ru_aho_inner,Ru-AHO inner target-only,none,inner,Target-only,Target-only,3,24,2.49823771,2.2567727967402877
SVR,target_only_ru_aho_inner,Ru-AHO inner target-only,none,inner,Target-only,Target-only,3,25,2.49823771,2.4416220540539366
SVR,target_only_ru_aho_inner,Ru-AHO inner target-only,none,inner,Target-only,Target-only,3,27,2.47786275,2.6902108461648124
SVR,target_only_ru_aho_inner,Ru-AHO inner target-only,none,inner,Target-only,Target-only,3,34,2.30450133,2.7594331655504494
SVR,target_only_ru_aho_inner,Ru-AHO inner target-only,none,inner,Target-only,Target-only,3,36,2.28957767,2.5833142585679485
SVR,target_only_ru_aho_inner,Ru-AHO inner target-only,none,inner,Target-only,Target-only,3,38,2.20688949,2.109036950145564
SVR,target_only_ru_aho_inner,Ru-AHO inner target-only,none,inner,Target-only,Target-only,3,53,1.84440958,1.9059473064765182
SVR,target_only_ru_aho_inner,Ru-AHO inner target-only,none,inner,Target-only,Target-only,3,55,1.80901573,2.1458429382480704
SVR,target_only_ru_aho_inner,Ru-AHO inner target-only,none,inner,Target-only,Target-only,3,56,1.73731552,2.5833142585679485
SVR,target_only_ru_aho_inner,Ru-AHO inner target-only,none,inner,Target-only,Target-only,3,76,1.36999511,0.31242613119659124
SVR,target_only_ru_aho_inner,Ru-AHO inner target-only,none,inner,Target-only,Target-only,3,78,1.35390456,1.468211507114042
SVR,target_only_ru_aho_inner,Ru-AHO inner target-only,none,inner,Target-only,Target-only,3,79,1.33471728,1.4400576210039338
SVR,target_only_ru_aho_inner,Ru-AHO inner target-only,none,inner,Target-only,Target-only,3,85,0.80254597,0.3095130001880857
SVR,target_only_ru_aho_inner,Ru-AHO inner target-only,none,inner,Target-only,Target-only,4,32,2.30450133,2.253510675261223
SVR,target_only_ru_aho_inner,Ru-AHO inner target-only,none,inner,Target-only,Target-only,4,41,2.13444943,1.8523017915335038
SVR,target_only_ru_aho_inner,Ru-AHO inner target-only,none,inner,Target-only,Target-only,4,43,2.11117069,1.5973603091247932
SVR,target_only_ru_aho_inner,Ru-AHO inner target-only,none,inner,Target-only,Target-only,4,46,2.00941149,2.632126791936199
SVR,target_only_ru_aho_inner,Ru-AHO inner target-only,none,inner,Target-only,Target-only,4,48,1.96551622,1.9118318036471398
SVR,target_only_ru_aho_inner,Ru-AHO inner target-only,none,inner,Target-only,Target-only,4,50,1.95650617,1.59798226616408
SVR,target_only_ru_aho_inner,Ru-AHO inner target-only,none,inner,Target-only,Target-only,4,54,1.80901573,2.211688275667286
SVR,target_only_ru_aho_inner,Ru-AHO inner target-only,none,inner,Target-only,Target-only,4,57,1.68395754,1.9297590939932787
SVR,target_only_ru_aho_inner,Ru-AHO inner target-only,none,inner,Target-only,Target-only,4,58,1.66417952,1.5695351648526767
SVR,target_only_ru_aho_inner,Ru-AHO inner target-only,none,inner,Target-only,Target-only,4,59,1.62929332,1.757421957398122
SVR,target_only_ru_aho_inner,Ru-AHO inner target-only,none,inner,Target-only,Target-only,4,61,1.57873877,1.460621054002923
SVR,target_only_ru_aho_inner,Ru-AHO inner target-only,none,inner,Target-only,Target-only,4,63,1.56019653,1.4608265673834608
SVR,target_only_ru_aho_inner,Ru-AHO inner target-only,none,inner,Target-only,Target-only,4,66,1.51369193,1.431988174542766
SVR,target_only_ru_aho_inner,Ru-AHO inner target-only,none,inner,Target-only,Target-only,4,67,1.51369193,1.3739422610173644
SVR,target_only_ru_aho_inner,Ru-AHO inner target-only,none,inner,Target-only,Target-only,4,77,1.36283425,1.3273807769561783
SVR,target_only_ru_aho_inner,Ru-AHO inner target-only,none,inner,Target-only,Target-only,4,84,0.80438248,1.1370846649474953
SVR,target_only_ru_aho_inner,Ru-AHO inner target-only,none,inner,Target-only,Target-only,4,95,0.0120419,0.3934685978224257
SVR,target_only_ru_aho_inner,Ru-AHO inner target-only,none,inner,Target-only,Target-only,4,96,0.0,1.1529880872126874
SVR,target_only_ru_aho_inner,Ru-AHO inner target-only,none,inner,Target-only,Target-only,4,97,0.0,1.2248926519943244
SVR,target_only_ru_aho_inner,Ru-AHO inner target-only,none,inner,Target-only,Target-only,5,1,4.50050002,2.660955572969006
SVR,target_only_ru_aho_inner,Ru-AHO inner target-only,none,inner,Target-only,Target-only,5,2,3.84937533,2.512955545848325
SVR,target_only_ru_aho_inner,Ru-AHO inner target-only,none,inner,Target-only,Target-only,5,14,2.72095293,2.4421426748441384
SVR,target_only_ru_aho_inner,Ru-AHO inner target-only,none,inner,Target-only,Target-only,5,20,2.72095293,2.375290361329906
SVR,target_only_ru_aho_inner,Ru-AHO inner target-only,none,inner,Target-only,Target-only,5,21,2.6917632,2.5959993802047485
SVR,target_only_ru_aho_inner,Ru-AHO inner target-only,none,inner,Target-only,Target-only,5,23,2.61179564,2.4778219105381147
SVR,target_only_ru_aho_inner,Ru-AHO inner target-only,none,inner,Target-only,Target-only,5,29,2.47786275,2.348449360650969
SVR,target_only_ru_aho_inner,Ru-AHO inner target-only,none,inner,Target-only,Target-only,5,37,2.26077037,2.083994828102293
SVR,target_only_ru_aho_inner,Ru-AHO inner target-only,none,inner,Target-only,Target-only,5,51,1.94448624,1.6731856156195783
SVR,target_only_ru_aho_inner,Ru-AHO inner target-only,none,inner,Target-only,Target-only,5,52,1.88185187,1.7839606704312376
SVR,target_only_ru_aho_inner,Ru-AHO inner target-only,none,inner,Target-only,Target-only,5,60,1.62929332,2.6352193947931415
SVR,target_only_ru_aho_inner,Ru-AHO inner target-only,none,inner,Target-only,Target-only,5,71,1.47016368,1.6892528440719827
SVR,target_only_ru_aho_inner,Ru-AHO inner target-only,none,inner,Target-only,Target-only,5,74,1.38325909,1.4756849447956952
SVR,target_only_ru_aho_inner,Ru-AHO inner target-only,none,inner,Target-only,Target-only,5,82,0.99242206,1.1044005109428743
SVR,target_only_ru_aho_inner,Ru-AHO inner target-only,none,inner,Target-only,Target-only,5,86,0.67501313,1.7830411215308755
SVR,target_only_ru_aho_inner,Ru-AHO inner target-only,none,inner,Target-only,Target-only,5,87,0.56782018,1.9140357153290475
SVR,target_only_ru_aho_inner,Ru-AHO inner target-only,none,inner,Target-only,Target-only,5,89,0.33293116,1.9623725523234616
SVR,target_only_ru_aho_inner,Ru-AHO inner target-only,none,inner,Target-only,Target-only,5,91,0.10866753,0.36215356736732174
SVR,target_only_ru_aho_inner,Ru-AHO inner target-only,none,inner,Target-only,Target-only,5,92,0.09139463,1.9716595321939259
SVR,ru_ahk_inner_to_ru_aho_inner,Ru-AHK inner -> Ru-AHO inner,inner,inner,Same mechanism,Mixed transfer,1,0,4.50050002,2.45876320043637
SVR,ru_ahk_inner_to_ru_aho_inner,Ru-AHK inner -> Ru-AHO inner,inner,inner,Same mechanism,Mixed transfer,1,4,3.13437597,2.6807344098733856
SVR,ru_ahk_inner_to_ru_aho_inner,Ru-AHK inner -> Ru-AHO inner,inner,inner,Same mechanism,Mixed transfer,1,10,2.89279432,2.594720913946544
SVR,ru_ahk_inner_to_ru_aho_inner,Ru-AHK inner -> Ru-AHO inner,inner,inner,Same mechanism,Mixed transfer,1,12,2.72095293,2.5830443369164784
SVR,ru_ahk_inner_to_ru_aho_inner,Ru-AHK inner -> Ru-AHO inner,inner,inner,Same mechanism,Mixed transfer,1,18,2.72095293,2.6810164040457503
SVR,ru_ahk_inner_to_ru_aho_inner,Ru-AHK inner -> Ru-AHO inner,inner,inner,Same mechanism,Mixed transfer,1,22,2.63729647,1.5216477717323098
SVR,ru_ahk_inner_to_ru_aho_inner,Ru-AHK inner -> Ru-AHO inner,inner,inner,Same mechanism,Mixed transfer,1,26,2.49268506,1.6088266202669952
SVR,ru_ahk_inner_to_ru_aho_inner,Ru-AHK inner -> Ru-AHO inner,inner,inner,Same mechanism,Mixed transfer,1,31,2.30450133,1.911168147209936
SVR,ru_ahk_inner_to_ru_aho_inner,Ru-AHK inner -> Ru-AHO inner,inner,inner,Same mechanism,Mixed transfer,1,40,2.13954868,1.9231282168292487
SVR,ru_ahk_inner_to_ru_aho_inner,Ru-AHK inner -> Ru-AHO inner,inner,inner,Same mechanism,Mixed transfer,1,42,2.12255274,2.4690837515798423
SVR,ru_ahk_inner_to_ru_aho_inner,Ru-AHK inner -> Ru-AHO inner,inner,inner,Same mechanism,Mixed transfer,1,44,2.02174776,1.9564272401612146
SVR,ru_ahk_inner_to_ru_aho_inner,Ru-AHK inner -> Ru-AHO inner,inner,inner,Same mechanism,Mixed transfer,1,47,1.97754867,1.7350726482900338
SVR,ru_ahk_inner_to_ru_aho_inner,Ru-AHK inner -> Ru-AHO inner,inner,inner,Same mechanism,Mixed transfer,1,62,1.56906465,1.9706314903304445
SVR,ru_ahk_inner_to_ru_aho_inner,Ru-AHK inner -> Ru-AHO inner,inner,inner,Same mechanism,Mixed transfer,1,64,1.53168147,1.4935815095758473
SVR,ru_ahk_inner_to_ru_aho_inner,Ru-AHK inner -> Ru-AHO inner,inner,inner,Same mechanism,Mixed transfer,1,73,1.39055932,1.4430211671737592
SVR,ru_ahk_inner_to_ru_aho_inner,Ru-AHK inner -> Ru-AHO inner,inner,inner,Same mechanism,Mixed transfer,1,75,1.36999511,1.4508161949384184
SVR,ru_ahk_inner_to_ru_aho_inner,Ru-AHK inner -> Ru-AHO inner,inner,inner,Same mechanism,Mixed transfer,1,81,1.00421655,1.2742171628406624
SVR,ru_ahk_inner_to_ru_aho_inner,Ru-AHK inner -> Ru-AHO inner,inner,inner,Same mechanism,Mixed transfer,1,83,0.83956097,0.8402612630774906
SVR,ru_ahk_inner_to_ru_aho_inner,Ru-AHK inner -> Ru-AHO inner,inner,inner,Same mechanism,Mixed transfer,1,90,0.19433377,1.1479253467214825
SVR,ru_ahk_inner_to_ru_aho_inner,Ru-AHK inner -> Ru-AHO inner,inner,inner,Same mechanism,Mixed transfer,1,94,0.04739647,1.258386263312313
SVR,ru_ahk_inner_to_ru_aho_inner,Ru-AHK inner -> Ru-AHO inner,inner,inner,Same mechanism,Delta learning,1,0,4.50050002,2.3165499726392227
SVR,ru_ahk_inner_to_ru_aho_inner,Ru-AHK inner -> Ru-AHO inner,inner,inner,Same mechanism,Delta learning,1,4,3.13437597,2.8212654242980526
SVR,ru_ahk_inner_to_ru_aho_inner,Ru-AHK inner -> Ru-AHO inner,inner,inner,Same mechanism,Delta learning,1,10,2.89279432,2.5752677535035144
SVR,ru_ahk_inner_to_ru_aho_inner,Ru-AHK inner -> Ru-AHO inner,inner,inner,Same mechanism,Delta learning,1,12,2.72095293,2.562941037451137
SVR,ru_ahk_inner_to_ru_aho_inner,Ru-AHK inner -> Ru-AHO inner,inner,inner,Same mechanism,Delta learning,1,18,2.72095293,2.5782195753523753
SVR,ru_ahk_inner_to_ru_aho_inner,Ru-AHK inner -> Ru-AHO inner,inner,inner,Same mechanism,Delta learning,1,22,2.63729647,1.6179444572164727
SVR,ru_ahk_inner_to_ru_aho_inner,Ru-AHK inner -> Ru-AHO inner,inner,inner,Same mechanism,Delta learning,1,26,2.49268506,1.7137879215672125
SVR,ru_ahk_inner_to_ru_aho_inner,Ru-AHK inner -> Ru-AHO inner,inner,inner,Same mechanism,Delta learning,1,31,2.30450133,1.9626967829393673
SVR,ru_ahk_inner_to_ru_aho_inner,Ru-AHK inner -> Ru-AHO inner,inner,inner,Same mechanism,Delta learning,1,40,2.13954868,1.9278408456757783
SVR,ru_ahk_inner_to_ru_aho_inner,Ru-AHK inner -> Ru-AHO inner,inner,inner,Same mechanism,Delta learning,1,42,2.12255274,2.4353292086993674
SVR,ru_ahk_inner_to_ru_aho_inner,Ru-AHK inner -> Ru-AHO inner,inner,inner,Same mechanism,Delta learning,1,44,2.02174776,1.9651545087715168
SVR,ru_ahk_inner_to_ru_aho_inner,Ru-AHK inner -> Ru-AHO inner,inner,inner,Same mechanism,Delta learning,1,47,1.97754867,1.977041263053998
SVR,ru_ahk_inner_to_ru_aho_inner,Ru-AHK inner -> Ru-AHO inner,inner,inner,Same mechanism,Delta learning,1,62,1.56906465,1.978975791040917
SVR,ru_ahk_inner_to_ru_aho_inner,Ru-AHK inner -> Ru-AHO inner,inner,inner,Same mechanism,Delta learning,1,64,1.53168147,1.4494542565197295
SVR,ru_ahk_inner_to_ru_aho_inner,Ru-AHK inner -> Ru-AHO inner,inner,inner,Same mechanism,Delta learning,1,73,1.39055932,1.4349082240390398
SVR,ru_ahk_inner_to_ru_aho_inner,Ru-AHK inner -> Ru-AHO inner,inner,inner,Same mechanism,Delta learning,1,75,1.36999511,1.4275876069934634
SVR,ru_ahk_inner_to_ru_aho_inner,Ru-AHK inner -> Ru-AHO inner,inner,inner,Same mechanism,Delta learning,1,81,1.00421655,1.1746052659977237
SVR,ru_ahk_inner_to_ru_aho_inner,Ru-AHK inner -> Ru-AHO inner,inner,inner,Same mechanism,Delta learning,1,83,0.83956097,0.6827839545798112
SVR,ru_ahk_inner_to_ru_aho_inner,Ru-AHK inner -> Ru-AHO inner,inner,inner,Same mechanism,Delta learning,1,90,0.19433377,0.1484379764667918
SVR,ru_ahk_inner_to_ru_aho_inner,Ru-AHK inner -> Ru-AHO inner,inner,inner,Same mechanism,Delta learning,1,94,0.04739647,1.5051238702087224
SVR,ru_ahk_inner_to_ru_aho_inner,Ru-AHK inner -> Ru-AHO inner,inner,inner,Same mechanism,Mixed transfer,2,5,3.13437597,2.6490790585030943
SVR,ru_ahk_inner_to_ru_aho_inner,Ru-AHK inner -> Ru-AHO inner,inner,inner,Same mechanism,Mixed transfer,2,9,3.13437597,2.7925129082405515
SVR,ru_ahk_inner_to_ru_aho_inner,Ru-AHK inner -> Ru-AHO inner,inner,inner,Same mechanism,Mixed transfer,2,11,2.81808334,2.6530488047059517
SVR,ru_ahk_inner_to_ru_aho_inner,Ru-AHK inner -> Ru-AHO inner,inner,inner,Same mechanism,Mixed transfer,2,15,2.72095293,1.9775730716658142
SVR,ru_ahk_inner_to_ru_aho_inner,Ru-AHK inner -> Ru-AHO inner,inner,inner,Same mechanism,Mixed transfer,2,16,2.72095293,2.778164086628844
SVR,ru_ahk_inner_to_ru_aho_inner,Ru-AHK inner -> Ru-AHO inner,inner,inner,Same mechanism,Mixed transfer,2,28,2.47786275,2.7585267808577014
SVR,ru_ahk_inner_to_ru_aho_inner,Ru-AHK inner -> Ru-AHO inner,inner,inner,Same mechanism,Mixed transfer,2,30,2.3515711,1.9442370584399424
SVR,ru_ahk_inner_to_ru_aho_inner,Ru-AHK inner -> Ru-AHO inner,inner,inner,Same mechanism,Mixed transfer,2,33,2.30450133,2.197820372319561
SVR,ru_ahk_inner_to_ru_aho_inner,Ru-AHK inner -> Ru-AHO inner,inner,inner,Same mechanism,Mixed transfer,2,35,2.30450133,2.7454141167522232
SVR,ru_ahk_inner_to_ru_aho_inner,Ru-AHK inner -> Ru-AHO inner,inner,inner,Same mechanism,Mixed transfer,2,39,2.16934032,1.7057403432271434
SVR,ru_ahk_inner_to_ru_aho_inner,Ru-AHK inner -> Ru-AHO inner,inner,inner,Same mechanism,Mixed transfer,2,45,2.01889808,2.033968625649664
SVR,ru_ahk_inner_to_ru_aho_inner,Ru-AHK inner -> Ru-AHO inner,inner,inner,Same mechanism,Mixed transfer,2,49,1.9607788,1.4733345789308852
SVR,ru_ahk_inner_to_ru_aho_inner,Ru-AHK inner -> Ru-AHO inner,inner,inner,Same mechanism,Mixed transfer,2,65,1.53168147,1.4118286604780121
SVR,ru_ahk_inner_to_ru_aho_inner,Ru-AHK inner -> Ru-AHO inner,inner,inner,Same mechanism,Mixed transfer,2,68,1.49260764,1.8845747389337852
SVR,ru_ahk_inner_to_ru_aho_inner,Ru-AHK inner -> Ru-AHO inner,inner,inner,Same mechanism,Mixed transfer,2,69,1.48763592,1.6156845781879454
SVR,ru_ahk_inner_to_ru_aho_inner,Ru-AHK inner -> Ru-AHO inner,inner,inner,Same mechanism,Mixed transfer,2,70,1.47570337,2.0639099457407024
SVR,ru_ahk_inner_to_ru_aho_inner,Ru-AHK inner -> Ru-AHO inner,inner,inner,Same mechanism,Mixed transfer,2,72,1.40708549,1.4118286604780121
SVR,ru_ahk_inner_to_ru_aho_inner,Ru-AHK inner -> Ru-AHO inner,inner,inner,Same mechanism,Mixed transfer,2,80,1.31904107,1.2990676886026242
SVR,ru_ahk_inner_to_ru_aho_inner,Ru-AHK inner -> Ru-AHO inner,inner,inner,Same mechanism,Mixed transfer,2,88,0.39647984,1.0622510567920178
SVR,ru_ahk_inner_to_ru_aho_inner,Ru-AHK inner -> Ru-AHO inner,inner,inner,Same mechanism,Mixed transfer,2,93,0.04819171,1.107021075224266
SVR,ru_ahk_inner_to_ru_aho_inner,Ru-AHK inner -> Ru-AHO inner,inner,inner,Same mechanism,Delta learning,2,5,3.13437597,2.6582629921806866
SVR,ru_ahk_inner_to_ru_aho_inner,Ru-AHK inner -> Ru-AHO inner,inner,inner,Same mechanism,Delta learning,2,9,3.13437597,3.004206693455094
SVR,ru_ahk_inner_to_ru_aho_inner,Ru-AHK inner -> Ru-AHO inner,inner,inner,Same mechanism,Delta learning,2,11,2.81808334,2.65625844767305
SVR,ru_ahk_inner_to_ru_aho_inner,Ru-AHK inner -> Ru-AHO inner,inner,inner,Same mechanism,Delta learning,2,15,2.72095293,2.1699053860015707
SVR,ru_ahk_inner_to_ru_aho_inner,Ru-AHK inner -> Ru-AHO inner,inner,inner,Same mechanism,Delta learning,2,16,2.72095293,3.0344092292002793
SVR,ru_ahk_inner_to_ru_aho_inner,Ru-AHK inner -> Ru-AHO inner,inner,inner,Same mechanism,Delta learning,2,28,2.47786275,2.668093648454955
SVR,ru_ahk_inner_to_ru_aho_inner,Ru-AHK inner -> Ru-AHO inner,inner,inner,Same mechanism,Delta learning,2,30,2.3515711,1.9367328985569816
SVR,ru_ahk_inner_to_ru_aho_inner,Ru-AHK inner -> Ru-AHO inner,inner,inner,Same mechanism,Delta learning,2,33,2.30450133,2.6187647930296527
SVR,ru_ahk_inner_to_ru_aho_inner,Ru-AHK inner -> Ru-AHO inner,inner,inner,Same mechanism,Delta learning,2,35,2.30450133,2.674765313323735
SVR,ru_ahk_inner_to_ru_aho_inner,Ru-AHK inner -> Ru-AHO inner,inner,inner,Same mechanism,Delta learning,2,39,2.16934032,2.063027645364178
SVR,ru_ahk_inner_to_ru_aho_inner,Ru-AHK inner -> Ru-AHO inner,inner,inner,Same mechanism,Delta learning,2,45,2.01889808,2.0240520122715684
SVR,ru_ahk_inner_to_ru_aho_inner,Ru-AHK inner -> Ru-AHO inner,inner,inner,Same mechanism,Delta learning,2,49,1.9607788,1.0578005472184016
SVR,ru_ahk_inner_to_ru_aho_inner,Ru-AHK inner -> Ru-AHO inner,inner,inner,Same mechanism,Delta learning,2,65,1.53168147,1.4105049254897253
SVR,ru_ahk_inner_to_ru_aho_inner,Ru-AHK inner -> Ru-AHO inner,inner,inner,Same mechanism,Delta learning,2,68,1.49260764,2.003983577073819
SVR,ru_ahk_inner_to_ru_aho_inner,Ru-AHK inner -> Ru-AHO inner,inner,inner,Same mechanism,Delta learning,2,69,1.48763592,1.8249123605168667
SVR,ru_ahk_inner_to_ru_aho_inner,Ru-AHK inner -> Ru-AHO inner,inner,inner,Same mechanism,Delta learning,2,70,1.47570337,1.9757290854206508
SVR,ru_ahk_inner_to_ru_aho_inner,Ru-AHK inner -> Ru-AHO inner,inner,inner,Same mechanism,Delta learning,2,72,1.40708549,1.4105049254897253
SVR,ru_ahk_inner_to_ru_aho_inner,Ru-AHK inner -> Ru-AHO inner,inner,inner,Same mechanism,Delta learning,2,80,1.31904107,1.3012626275114938
SVR,ru_ahk_inner_to_ru_aho_inner,Ru-AHK inner -> Ru-AHO inner,inner,inner,Same mechanism,Delta learning,2,88,0.39647984,0.9526873150593979
SVR,ru_ahk_inner_to_ru_aho_inner,Ru-AHK inner -> Ru-AHO inner,inner,inner,Same mechanism,Delta learning,2,93,0.04819171,0.29472043885755816
SVR,ru_ahk_inner_to_ru_aho_inner,Ru-AHK inner -> Ru-AHO inner,inner,inner,Same mechanism,Mixed transfer,3,3,3.67873076,2.220491059071846
SVR,ru_ahk_inner_to_ru_aho_inner,Ru-AHK inner -> Ru-AHO inner,inner,inner,Same mechanism,Mixed transfer,3,6,3.13437597,1.5816290235010737
SVR,ru_ahk_inner_to_ru_aho_inner,Ru-AHK inner -> Ru-AHO inner,inner,inner,Same mechanism,Mixed transfer,3,7,3.13437597,2.579699705960079
SVR,ru_ahk_inner_to_ru_aho_inner,Ru-AHK inner -> Ru-AHO inner,inner,inner,Same mechanism,Mixed transfer,3,8,3.13437597,1.5815282285089083
SVR,ru_ahk_inner_to_ru_aho_inner,Ru-AHK inner -> Ru-AHO inner,inner,inner,Same mechanism,Mixed transfer,3,13,2.72095293,2.7636488097036818
SVR,ru_ahk_inner_to_ru_aho_inner,Ru-AHK inner -> Ru-AHO inner,inner,inner,Same mechanism,Mixed transfer,3,17,2.72095293,2.47778792099983
SVR,ru_ahk_inner_to_ru_aho_inner,Ru-AHK inner -> Ru-AHO inner,inner,inner,Same mechanism,Mixed transfer,3,19,2.72095293,2.661085235983078
SVR,ru_ahk_inner_to_ru_aho_inner,Ru-AHK inner -> Ru-AHO inner,inner,inner,Same mechanism,Mixed transfer,3,24,2.49823771,2.4133036746349896
SVR,ru_ahk_inner_to_ru_aho_inner,Ru-AHK inner -> Ru-AHO inner,inner,inner,Same mechanism,Mixed transfer,3,25,2.49823771,2.512757587054592
SVR,ru_ahk_inner_to_ru_aho_inner,Ru-AHK inner -> Ru-AHO inner,inner,inner,Same mechanism,Mixed transfer,3,27,2.47786275,2.7462256879816875
SVR,ru_ahk_inner_to_ru_aho_inner,Ru-AHK inner -> Ru-AHO inner,inner,inner,Same mechanism,Mixed transfer,3,34,2.30450133,2.554937206272712
SVR,ru_ahk_inner_to_ru_aho_inner,Ru-AHK inner -> Ru-AHO inner,inner,inner,Same mechanism,Mixed transfer,3,36,2.28957767,2.5488109940916837
SVR,ru_ahk_inner_to_ru_aho_inner,Ru-AHK inner -> Ru-AHO inner,inner,inner,Same mechanism,Mixed transfer,3,38,2.20688949,2.139491621452583
SVR,ru_ahk_inner_to_ru_aho_inner,Ru-AHK inner -> Ru-AHO inner,inner,inner,Same mechanism,Mixed transfer,3,53,1.84440958,1.9068352839633909
SVR,ru_ahk_inner_to_ru_aho_inner,Ru-AHK inner -> Ru-AHO inner,inner,inner,Same mechanism,Mixed transfer,3,55,1.80901573,2.2781432160533543
SVR,ru_ahk_inner_to_ru_aho_inner,Ru-AHK inner -> Ru-AHO inner,inner,inner,Same mechanism,Mixed transfer,3,56,1.73731552,2.5488109940916837
SVR,ru_ahk_inner_to_ru_aho_inner,Ru-AHK inner -> Ru-AHO inner,inner,inner,Same mechanism,Mixed transfer,3,76,1.36999511,0.32322672058024926
SVR,ru_ahk_inner_to_ru_aho_inner,Ru-AHK inner -> Ru-AHO inner,inner,inner,Same mechanism,Mixed transfer,3,78,1.35390456,1.4481098805083386
SVR,ru_ahk_inner_to_ru_aho_inner,Ru-AHK inner -> Ru-AHO inner,inner,inner,Same mechanism,Mixed transfer,3,79,1.33471728,1.2752589199232043
SVR,ru_ahk_inner_to_ru_aho_inner,Ru-AHK inner -> Ru-AHO inner,inner,inner,Same mechanism,Mixed transfer,3,85,0.80254597,0.31251506538078067
SVR,ru_ahk_inner_to_ru_aho_inner,Ru-AHK inner -> Ru-AHO inner,inner,inner,Same mechanism,Delta learning,3,3,3.67873076,2.162319858236434
SVR,ru_ahk_inner_to_ru_aho_inner,Ru-AHK inner -> Ru-AHO inner,inner,inner,Same mechanism,Delta learning,3,6,3.13437597,1.4340280254452877
SVR,ru_ahk_inner_to_ru_aho_inner,Ru-AHK inner -> Ru-AHO inner,inner,inner,Same mechanism,Delta learning,3,7,3.13437597,1.691328000238257
SVR,ru_ahk_inner_to_ru_aho_inner,Ru-AHK inner -> Ru-AHO inner,inner,inner,Same mechanism,Delta learning,3,8,3.13437597,1.6022119539162707
SVR,ru_ahk_inner_to_ru_aho_inner,Ru-AHK inner -> Ru-AHO inner,inner,inner,Same mechanism,Delta learning,3,13,2.72095293,2.6184947426682044
SVR,ru_ahk_inner_to_ru_aho_inner,Ru-AHK inner -> Ru-AHO inner,inner,inner,Same mechanism,Delta learning,3,17,2.72095293,2.6515469173828565
SVR,ru_ahk_inner_to_ru_aho_inner,Ru-AHK inner -> Ru-AHO inner,inner,inner,Same mechanism,Delta learning,3,19,2.72095293,2.6268393037851854
SVR,ru_ahk_inner_to_ru_aho_inner,Ru-AHK inner -> Ru-AHO inner,inner,inner,Same mechanism,Delta learning,3,24,2.49823771,2.4401581109841652
SVR,ru_ahk_inner_to_ru_aho_inner,Ru-AHK inner -> Ru-AHO inner,inner,inner,Same mechanism,Delta learning,3,25,2.49823771,2.460305650833336
SVR,ru_ahk_inner_to_ru_aho_inner,Ru-AHK inner -> Ru-AHO inner,inner,inner,Same mechanism,Delta learning,3,27,2.47786275,2.728024867584993
SVR,ru_ahk_inner_to_ru_aho_inner,Ru-AHK inner -> Ru-AHO inner,inner,inner,Same mechanism,Delta learning,3,34,2.30450133,2.7069675832480242
SVR,ru_ahk_inner_to_ru_aho_inner,Ru-AHK inner -> Ru-AHO inner,inner,inner,Same mechanism,Delta learning,3,36,2.28957767,2.5118405950679765
SVR,ru_ahk_inner_to_ru_aho_inner,Ru-AHK inner -> Ru-AHO inner,inner,inner,Same mechanism,Delta learning,3,38,2.20688949,2.083983354932347
SVR,ru_ahk_inner_to_ru_aho_inner,Ru-AHK inner -> Ru-AHO inner,inner,inner,Same mechanism,Delta learning,3,53,1.84440958,1.8916633113112453
SVR,ru_ahk_inner_to_ru_aho_inner,Ru-AHK inner -> Ru-AHO inner,inner,inner,Same mechanism,Delta learning,3,55,1.80901573,2.1716467198434226
SVR,ru_ahk_inner_to_ru_aho_inner,Ru-AHK inner -> Ru-AHO inner,inner,inner,Same mechanism,Delta learning,3,56,1.73731552,2.5118405950679765
SVR,ru_ahk_inner_to_ru_aho_inner,Ru-AHK inner -> Ru-AHO inner,inner,inner,Same mechanism,Delta learning,3,76,1.36999511,0.3320453334766764
SVR,ru_ahk_inner_to_ru_aho_inner,Ru-AHK inner -> Ru-AHO inner,inner,inner,Same mechanism,Delta learning,3,78,1.35390456,1.4170870537957208
SVR,ru_ahk_inner_to_ru_aho_inner,Ru-AHK inner -> Ru-AHO inner,inner,inner,Same mechanism,Delta learning,3,79,1.33471728,1.2942320816481598
SVR,ru_ahk_inner_to_ru_aho_inner,Ru-AHK inner -> Ru-AHO inner,inner,inner,Same mechanism,Delta learning,3,85,0.80254597,0.3236214470414853
SVR,ru_ahk_inner_to_ru_aho_inner,Ru-AHK inner -> Ru-AHO inner,inner,inner,Same mechanism,Mixed transfer,4,32,2.30450133,2.4066677998981696
SVR,ru_ahk_inner_to_ru_aho_inner,Ru-AHK inner -> Ru-AHO inner,inner,inner,Same mechanism,Mixed transfer,4,41,2.13444943,1.7656454481192236
SVR,ru_ahk_inner_to_ru_aho_inner,Ru-AHK inner -> Ru-AHO inner,inner,inner,Same mechanism,Mixed transfer,4,43,2.11117069,1.5896696022701768
SVR,ru_ahk_inner_to_ru_aho_inner,Ru-AHK inner -> Ru-AHO inner,inner,inner,Same mechanism,Mixed transfer,4,46,2.00941149,2.695674142787012
SVR,ru_ahk_inner_to_ru_aho_inner,Ru-AHK inner -> Ru-AHO inner,inner,inner,Same mechanism,Mixed transfer,4,48,1.96551622,1.927101740865229
SVR,ru_ahk_inner_to_ru_aho_inner,Ru-AHK inner -> Ru-AHO inner,inner,inner,Same mechanism,Mixed transfer,4,50,1.95650617,1.5984760409479102
SVR,ru_ahk_inner_to_ru_aho_inner,Ru-AHK inner -> Ru-AHO inner,inner,inner,Same mechanism,Mixed transfer,4,54,1.80901573,1.9591020763267313
SVR,ru_ahk_inner_to_ru_aho_inner,Ru-AHK inner -> Ru-AHO inner,inner,inner,Same mechanism,Mixed transfer,4,57,1.68395754,1.9756423389511117
SVR,ru_ahk_inner_to_ru_aho_inner,Ru-AHK inner -> Ru-AHO inner,inner,inner,Same mechanism,Mixed transfer,4,58,1.66417952,1.40685951298033
SVR,ru_ahk_inner_to_ru_aho_inner,Ru-AHK inner -> Ru-AHO inner,inner,inner,Same mechanism,Mixed transfer,4,59,1.62929332,1.7468826950909615
SVR,ru_ahk_inner_to_ru_aho_inner,Ru-AHK inner -> Ru-AHO inner,inner,inner,Same mechanism,Mixed transfer,4,61,1.57873877,1.4827404939499904
SVR,ru_ahk_inner_to_ru_aho_inner,Ru-AHK inner -> Ru-AHO inner,inner,inner,Same mechanism,Mixed transfer,4,63,1.56019653,1.4847653212116476
SVR,ru_ahk_inner_to_ru_aho_inner,Ru-AHK inner -> Ru-AHO inner,inner,inner,Same mechanism,Mixed transfer,4,66,1.51369193,1.43378282352351
SVR,ru_ahk_inner_to_ru_aho_inner,Ru-AHK inner -> Ru-AHO inner,inner,inner,Same mechanism,Mixed transfer,4,67,1.51369193,1.3416607285297641
SVR,ru_ahk_inner_to_ru_aho_inner,Ru-AHK inner -> Ru-AHO inner,inner,inner,Same mechanism,Mixed transfer,4,77,1.36283425,1.332954587243357
SVR,ru_ahk_inner_to_ru_aho_inner,Ru-AHK inner -> Ru-AHO inner,inner,inner,Same mechanism,Mixed transfer,4,84,0.80438248,1.2222545931372863
SVR,ru_ahk_inner_to_ru_aho_inner,Ru-AHK inner -> Ru-AHO inner,inner,inner,Same mechanism,Mixed transfer,4,95,0.0120419,1.2584607814066446
SVR,ru_ahk_inner_to_ru_aho_inner,Ru-AHK inner -> Ru-AHO inner,inner,inner,Same mechanism,Mixed transfer,4,96,0.0,1.027585208774306
SVR,ru_ahk_inner_to_ru_aho_inner,Ru-AHK inner -> Ru-AHO inner,inner,inner,Same mechanism,Mixed transfer,4,97,0.0,0.854636707484458
SVR,ru_ahk_inner_to_ru_aho_inner,Ru-AHK inner -> Ru-AHO inner,inner,inner,Same mechanism,Delta learning,4,32,2.30450133,2.360490074439056
SVR,ru_ahk_inner_to_ru_aho_inner,Ru-AHK inner -> Ru-AHO inner,inner,inner,Same mechanism,Delta learning,4,41,2.13444943,1.858922843667894
SVR,ru_ahk_inner_to_ru_aho_inner,Ru-AHK inner -> Ru-AHO inner,inner,inner,Same mechanism,Delta learning,4,43,2.11117069,1.595450421842468
SVR,ru_ahk_inner_to_ru_aho_inner,Ru-AHK inner -> Ru-AHO inner,inner,inner,Same mechanism,Delta learning,4,46,2.00941149,2.670774582963304
SVR,ru_ahk_inner_to_ru_aho_inner,Ru-AHK inner -> Ru-AHO inner,inner,inner,Same mechanism,Delta learning,4,48,1.96551622,1.934721294083351
SVR,ru_ahk_inner_to_ru_aho_inner,Ru-AHK inner -> Ru-AHO inner,inner,inner,Same mechanism,Delta learning,4,50,1.95650617,1.6016122577502272
SVR,ru_ahk_inner_to_ru_aho_inner,Ru-AHK inner -> Ru-AHO inner,inner,inner,Same mechanism,Delta learning,4,54,1.80901573,2.0549143923899567
SVR,ru_ahk_inner_to_ru_aho_inner,Ru-AHK inner -> Ru-AHO inner,inner,inner,Same mechanism,Delta learning,4,57,1.68395754,1.9817809698428954
SVR,ru_ahk_inner_to_ru_aho_inner,Ru-AHK inner -> Ru-AHO inner,inner,inner,Same mechanism,Delta learning,4,58,1.66417952,1.5693793448595992
SVR,ru_ahk_inner_to_ru_aho_inner,Ru-AHK inner -> Ru-AHO inner,inner,inner,Same mechanism,Delta learning,4,59,1.62929332,1.6544220863319996
SVR,ru_ahk_inner_to_ru_aho_inner,Ru-AHK inner -> Ru-AHO inner,inner,inner,Same mechanism,Delta learning,4,61,1.57873877,1.5412512186097893
SVR,ru_ahk_inner_to_ru_aho_inner,Ru-AHK inner -> Ru-AHO inner,inner,inner,Same mechanism,Delta learning,4,63,1.56019653,1.5447666896045393
SVR,ru_ahk_inner_to_ru_aho_inner,Ru-AHK inner -> Ru-AHO inner,inner,inner,Same mechanism,Delta learning,4,66,1.51369193,1.4666442979141974
SVR,ru_ahk_inner_to_ru_aho_inner,Ru-AHK inner -> Ru-AHO inner,inner,inner,Same mechanism,Delta learning,4,67,1.51369193,1.4348805460727472
SVR,ru_ahk_inner_to_ru_aho_inner,Ru-AHK inner -> Ru-AHO inner,inner,inner,Same mechanism,Delta learning,4,77,1.36283425,1.2711875755410182
SVR,ru_ahk_inner_to_ru_aho_inner,Ru-AHK inner -> Ru-AHO inner,inner,inner,Same mechanism,Delta learning,4,84,0.80438248,1.059139566339904
SVR,ru_ahk_inner_to_ru_aho_inner,Ru-AHK inner -> Ru-AHO inner,inner,inner,Same mechanism,Delta learning,4,95,0.0120419,0.37045700811931725
SVR,ru_ahk_inner_to_ru_aho_inner,Ru-AHK inner -> Ru-AHO inner,inner,inner,Same mechanism,Delta learning,4,96,0.0,1.1873548235846207
SVR,ru_ahk_inner_to_ru_aho_inner,Ru-AHK inner -> Ru-AHO inner,inner,inner,Same mechanism,Delta learning,4,97,0.0,1.1440630354807197
SVR,ru_ahk_inner_to_ru_aho_inner,Ru-AHK inner -> Ru-AHO inner,inner,inner,Same mechanism,Mixed transfer,5,1,4.50050002,2.472944829312781
SVR,ru_ahk_inner_to_ru_aho_inner,Ru-AHK inner -> Ru-AHO inner,inner,inner,Same mechanism,Mixed transfer,5,2,3.84937533,2.396271873506813
SVR,ru_ahk_inner_to_ru_aho_inner,Ru-AHK inner -> Ru-AHO inner,inner,inner,Same mechanism,Mixed transfer,5,14,2.72095293,2.3333474331507458
SVR,ru_ahk_inner_to_ru_aho_inner,Ru-AHK inner -> Ru-AHO inner,inner,inner,Same mechanism,Mixed transfer,5,20,2.72095293,2.3418776400104546
SVR,ru_ahk_inner_to_ru_aho_inner,Ru-AHK inner -> Ru-AHO inner,inner,inner,Same mechanism,Mixed transfer,5,21,2.6917632,2.535527191103701
SVR,ru_ahk_inner_to_ru_aho_inner,Ru-AHK inner -> Ru-AHO inner,inner,inner,Same mechanism,Mixed transfer,5,23,2.61179564,2.424608019124741
SVR,ru_ahk_inner_to_ru_aho_inner,Ru-AHK inner -> Ru-AHO inner,inner,inner,Same mechanism,Mixed transfer,5,29,2.47786275,2.161776825064216
SVR,ru_ahk_inner_to_ru_aho_inner,Ru-AHK inner -> Ru-AHO inner,inner,inner,Same mechanism,Mixed transfer,5,37,2.26077037,2.0865192989454493
SVR,ru_ahk_inner_to_ru_aho_inner,Ru-AHK inner -> Ru-AHO inner,inner,inner,Same mechanism,Mixed transfer,5,51,1.94448624,1.6695520798014336
SVR,ru_ahk_inner_to_ru_aho_inner,Ru-AHK inner -> Ru-AHO inner,inner,inner,Same mechanism,Mixed transfer,5,52,1.88185187,1.7837639461904786
SVR,ru_ahk_inner_to_ru_aho_inner,Ru-AHK inner -> Ru-AHO inner,inner,inner,Same mechanism,Mixed transfer,5,60,1.62929332,2.6199988555748774
SVR,ru_ahk_inner_to_ru_aho_inner,Ru-AHK inner -> Ru-AHO inner,inner,inner,Same mechanism,Mixed transfer,5,71,1.47016368,1.5635523247435674
SVR,ru_ahk_inner_to_ru_aho_inner,Ru-AHK inner -> Ru-AHO inner,inner,inner,Same mechanism,Mixed transfer,5,74,1.38325909,1.4714452496716406
SVR,ru_ahk_inner_to_ru_aho_inner,Ru-AHK inner -> Ru-AHO inner,inner,inner,Same mechanism,Mixed transfer,5,82,0.99242206,1.2705806917073719
SVR,ru_ahk_inner_to_ru_aho_inner,Ru-AHK inner -> Ru-AHO inner,inner,inner,Same mechanism,Mixed transfer,5,86,0.67501313,1.6900018979289837
SVR,ru_ahk_inner_to_ru_aho_inner,Ru-AHK inner -> Ru-AHO inner,inner,inner,Same mechanism,Mixed transfer,5,87,0.56782018,1.6993013077034032
SVR,ru_ahk_inner_to_ru_aho_inner,Ru-AHK inner -> Ru-AHO inner,inner,inner,Same mechanism,Mixed transfer,5,89,0.33293116,1.7057526672633974
SVR,ru_ahk_inner_to_ru_aho_inner,Ru-AHK inner -> Ru-AHO inner,inner,inner,Same mechanism,Mixed transfer,5,91,0.10866753,1.2304980125066165
SVR,ru_ahk_inner_to_ru_aho_inner,Ru-AHK inner -> Ru-AHO inner,inner,inner,Same mechanism,Mixed transfer,5,92,0.09139463,1.7074309984883935
SVR,ru_ahk_inner_to_ru_aho_inner,Ru-AHK inner -> Ru-AHO inner,inner,inner,Same mechanism,Delta learning,5,1,4.50050002,2.583327215139631
SVR,ru_ahk_inner_to_ru_aho_inner,Ru-AHK inner -> Ru-AHO inner,inner,inner,Same mechanism,Delta learning,5,2,3.84937533,2.418792078915857
SVR,ru_ahk_inner_to_ru_aho_inner,Ru-AHK inner -> Ru-AHO inner,inner,inner,Same mechanism,Delta learning,5,14,2.72095293,2.4198975918429655
SVR,ru_ahk_inner_to_ru_aho_inner,Ru-AHK inner -> Ru-AHO inner,inner,inner,Same mechanism,Delta learning,5,20,2.72095293,2.3457142027293916
SVR,ru_ahk_inner_to_ru_aho_inner,Ru-AHK inner -> Ru-AHO inner,inner,inner,Same mechanism,Delta learning,5,21,2.6917632,2.564824521936131
SVR,ru_ahk_inner_to_ru_aho_inner,Ru-AHK inner -> Ru-AHO inner,inner,inner,Same mechanism,Delta learning,5,23,2.61179564,2.4112354716851625
SVR,ru_ahk_inner_to_ru_aho_inner,Ru-AHK inner -> Ru-AHO inner,inner,inner,Same mechanism,Delta learning,5,29,2.47786275,2.1585904492341337
SVR,ru_ahk_inner_to_ru_aho_inner,Ru-AHK inner -> Ru-AHO inner,inner,inner,Same mechanism,Delta learning,5,37,2.26077037,2.067211025836474
SVR,ru_ahk_inner_to_ru_aho_inner,Ru-AHK inner -> Ru-AHO inner,inner,inner,Same mechanism,Delta learning,5,51,1.94448624,1.6289706904588181
SVR,ru_ahk_inner_to_ru_aho_inner,Ru-AHK inner -> Ru-AHO inner,inner,inner,Same mechanism,Delta learning,5,52,1.88185187,1.7843055290790637
SVR,ru_ahk_inner_to_ru_aho_inner,Ru-AHK inner -> Ru-AHO inner,inner,inner,Same mechanism,Delta learning,5,60,1.62929332,2.6553836266006163
SVR,ru_ahk_inner_to_ru_aho_inner,Ru-AHK inner -> Ru-AHO inner,inner,inner,Same mechanism,Delta learning,5,71,1.47016368,1.7624520048737975
SVR,ru_ahk_inner_to_ru_aho_inner,Ru-AHK inner -> Ru-AHO inner,inner,inner,Same mechanism,Delta learning,5,74,1.38325909,1.4250761766163813
SVR,ru_ahk_inner_to_ru_aho_inner,Ru-AHK inner -> Ru-AHO inner,inner,inner,Same mechanism,Delta learning,5,82,0.99242206,1.1072722403855793
SVR,ru_ahk_inner_to_ru_aho_inner,Ru-AHK inner -> Ru-AHO inner,inner,inner,Same mechanism,Delta learning,5,86,0.67501313,1.8822395737439546
SVR,ru_ahk_inner_to_ru_aho_inner,Ru-AHK inner -> Ru-AHO inner,inner,inner,Same mechanism,Delta learning,5,87,0.56782018,1.7032675651382498
SVR,ru_ahk_inner_to_ru_aho_inner,Ru-AHK inner -> Ru-AHO inner,inner,inner,Same mechanism,Delta learning,5,89,0.33293116,1.7741492514151818
SVR,ru_ahk_inner_to_ru_aho_inner,Ru-AHK inner -> Ru-AHO inner,inner,inner,Same mechanism,Delta learning,5,91,0.10866753,0.4187183657122988
SVR,ru_ahk_inner_to_ru_aho_inner,Ru-AHK inner -> Ru-AHO inner,inner,inner,Same mechanism,Delta learning,5,92,0.09139463,1.805058832344388
SVR,ru_ahk_outer_to_ru_aho_inner,Ru-AHK outer -> Ru-AHO inner,outer,inner,Different mechanism,Mixed transfer,1,0,4.50050002,2.5365826023160083
SVR,ru_ahk_outer_to_ru_aho_inner,Ru-AHK outer -> Ru-AHO inner,outer,inner,Different mechanism,Mixed transfer,1,4,3.13437597,2.8007356668672436
SVR,ru_ahk_outer_to_ru_aho_inner,Ru-AHK outer -> Ru-AHO inner,outer,inner,Different mechanism,Mixed transfer,1,10,2.89279432,2.573110342722228
SVR,ru_ahk_outer_to_ru_aho_inner,Ru-AHK outer -> Ru-AHO inner,outer,inner,Different mechanism,Mixed transfer,1,12,2.72095293,2.570278489565222
SVR,ru_ahk_outer_to_ru_aho_inner,Ru-AHK outer -> Ru-AHO inner,outer,inner,Different mechanism,Mixed transfer,1,18,2.72095293,2.5581360578869923
SVR,ru_ahk_outer_to_ru_aho_inner,Ru-AHK outer -> Ru-AHO inner,outer,inner,Different mechanism,Mixed transfer,1,22,2.63729647,2.0072872602059326
SVR,ru_ahk_outer_to_ru_aho_inner,Ru-AHK outer -> Ru-AHO inner,outer,inner,Different mechanism,Mixed transfer,1,26,2.49268506,1.704455853654586
SVR,ru_ahk_outer_to_ru_aho_inner,Ru-AHK outer -> Ru-AHO inner,outer,inner,Different mechanism,Mixed transfer,1,31,2.30450133,1.9431144448150446
SVR,ru_ahk_outer_to_ru_aho_inner,Ru-AHK outer -> Ru-AHO inner,outer,inner,Different mechanism,Mixed transfer,1,40,2.13954868,2.008694051998647
SVR,ru_ahk_outer_to_ru_aho_inner,Ru-AHK outer -> Ru-AHO inner,outer,inner,Different mechanism,Mixed transfer,1,42,2.12255274,2.5114688479880964
SVR,ru_ahk_outer_to_ru_aho_inner,Ru-AHK outer -> Ru-AHO inner,outer,inner,Different mechanism,Mixed transfer,1,44,2.02174776,1.9520719721532942
SVR,ru_ahk_outer_to_ru_aho_inner,Ru-AHK outer -> Ru-AHO inner,outer,inner,Different mechanism,Mixed transfer,1,47,1.97754867,2.033431001309476
SVR,ru_ahk_outer_to_ru_aho_inner,Ru-AHK outer -> Ru-AHO inner,outer,inner,Different mechanism,Mixed transfer,1,62,1.56906465,1.980152170819421
SVR,ru_ahk_outer_to_ru_aho_inner,Ru-AHK outer -> Ru-AHO inner,outer,inner,Different mechanism,Mixed transfer,1,64,1.53168147,1.4530405860346973
SVR,ru_ahk_outer_to_ru_aho_inner,Ru-AHK outer -> Ru-AHO inner,outer,inner,Different mechanism,Mixed transfer,1,73,1.39055932,1.4319343549222534
SVR,ru_ahk_outer_to_ru_aho_inner,Ru-AHK outer -> Ru-AHO inner,outer,inner,Different mechanism,Mixed transfer,1,75,1.36999511,1.454270601092928
SVR,ru_ahk_outer_to_ru_aho_inner,Ru-AHK outer -> Ru-AHO inner,outer,inner,Different mechanism,Mixed transfer,1,81,1.00421655,1.392269740508158
SVR,ru_ahk_outer_to_ru_aho_inner,Ru-AHK outer -> Ru-AHO inner,outer,inner,Different mechanism,Mixed transfer,1,83,0.83956097,0.8802102943755661
SVR,ru_ahk_outer_to_ru_aho_inner,Ru-AHK outer -> Ru-AHO inner,outer,inner,Different mechanism,Mixed transfer,1,90,0.19433377,0.15494159600190072
SVR,ru_ahk_outer_to_ru_aho_inner,Ru-AHK outer -> Ru-AHO inner,outer,inner,Different mechanism,Mixed transfer,1,94,0.04739647,1.7925509016527175
SVR,ru_ahk_outer_to_ru_aho_inner,Ru-AHK outer -> Ru-AHO inner,outer,inner,Different mechanism,Delta learning,1,0,4.50050002,2.3680190033708035
SVR,ru_ahk_outer_to_ru_aho_inner,Ru-AHK outer -> Ru-AHO inner,outer,inner,Different mechanism,Delta learning,1,4,3.13437597,2.820524176787384
SVR,ru_ahk_outer_to_ru_aho_inner,Ru-AHK outer -> Ru-AHO inner,outer,inner,Different mechanism,Delta learning,1,10,2.89279432,2.587763407219496
SVR,ru_ahk_outer_to_ru_aho_inner,Ru-AHK outer -> Ru-AHO inner,outer,inner,Different mechanism,Delta learning,1,12,2.72095293,2.5866720331488366
SVR,ru_ahk_outer_to_ru_aho_inner,Ru-AHK outer -> Ru-AHO inner,outer,inner,Different mechanism,Delta learning,1,18,2.72095293,2.5731127427900007
SVR,ru_ahk_outer_to_ru_aho_inner,Ru-AHK outer -> Ru-AHO inner,outer,inner,Different mechanism,Delta learning,1,22,2.63729647,1.9670316365307994
SVR,ru_ahk_outer_to_ru_aho_inner,Ru-AHK outer -> Ru-AHO inner,outer,inner,Different mechanism,Delta learning,1,26,2.49268506,1.7594324600248386
SVR,ru_ahk_outer_to_ru_aho_inner,Ru-AHK outer -> Ru-AHO inner,outer,inner,Different mechanism,Delta learning,1,31,2.30450133,1.9650307732660748
SVR,ru_ahk_outer_to_ru_aho_inner,Ru-AHK outer -> Ru-AHO inner,outer,inner,Different mechanism,Delta learning,1,40,2.13954868,1.9185536712174671
SVR,ru_ahk_outer_to_ru_aho_inner,Ru-AHK outer -> Ru-AHO inner,outer,inner,Different mechanism,Delta learning,1,42,2.12255274,2.5114405253668988
SVR,ru_ahk_outer_to_ru_aho_inner,Ru-AHK outer -> Ru-AHO inner,outer,inner,Different mechanism,Delta learning,1,44,2.02174776,1.9380158808153212
SVR,ru_ahk_outer_to_ru_aho_inner,Ru-AHK outer -> Ru-AHO inner,outer,inner,Different mechanism,Delta learning,1,47,1.97754867,1.987820173381781
SVR,ru_ahk_outer_to_ru_aho_inner,Ru-AHK outer -> Ru-AHO inner,outer,inner,Different mechanism,Delta learning,1,62,1.56906465,1.957396865467073
SVR,ru_ahk_outer_to_ru_aho_inner,Ru-AHK outer -> Ru-AHO inner,outer,inner,Different mechanism,Delta learning,1,64,1.53168147,1.414344354586747
SVR,ru_ahk_outer_to_ru_aho_inner,Ru-AHK outer -> Ru-AHO inner,outer,inner,Different mechanism,Delta learning,1,73,1.39055932,1.431881365144989
SVR,ru_ahk_outer_to_ru_aho_inner,Ru-AHK outer -> Ru-AHO inner,outer,inner,Different mechanism,Delta learning,1,75,1.36999511,1.4539531823257996
SVR,ru_ahk_outer_to_ru_aho_inner,Ru-AHK outer -> Ru-AHO inner,outer,inner,Different mechanism,Delta learning,1,81,1.00421655,1.3970059381302318
SVR,ru_ahk_outer_to_ru_aho_inner,Ru-AHK outer -> Ru-AHO inner,outer,inner,Different mechanism,Delta learning,1,83,0.83956097,0.7845364143430893
SVR,ru_ahk_outer_to_ru_aho_inner,Ru-AHK outer -> Ru-AHO inner,outer,inner,Different mechanism,Delta learning,1,90,0.19433377,0.1477203016836457
SVR,ru_ahk_outer_to_ru_aho_inner,Ru-AHK outer -> Ru-AHO inner,outer,inner,Different mechanism,Delta learning,1,94,0.04739647,1.5277245058237456
SVR,ru_ahk_outer_to_ru_aho_inner,Ru-AHK outer -> Ru-AHO inner,outer,inner,Different mechanism,Mixed transfer,2,5,3.13437597,3.0340159912070233
SVR,ru_ahk_outer_to_ru_aho_inner,Ru-AHK outer -> Ru-AHO inner,outer,inner,Different mechanism,Mixed transfer,2,9,3.13437597,2.8611069382750824
SVR,ru_ahk_outer_to_ru_aho_inner,Ru-AHK outer -> Ru-AHO inner,outer,inner,Different mechanism,Mixed transfer,2,11,2.81808334,2.6277690093659727
SVR,ru_ahk_outer_to_ru_aho_inner,Ru-AHK outer -> Ru-AHO inner,outer,inner,Different mechanism,Mixed transfer,2,15,2.72095293,1.9690386779424336
SVR,ru_ahk_outer_to_ru_aho_inner,Ru-AHK outer -> Ru-AHO inner,outer,inner,Different mechanism,Mixed transfer,2,16,2.72095293,2.8765095400661185
SVR,ru_ahk_outer_to_ru_aho_inner,Ru-AHK outer -> Ru-AHO inner,outer,inner,Different mechanism,Mixed transfer,2,28,2.47786275,2.5942292046317474
SVR,ru_ahk_outer_to_ru_aho_inner,Ru-AHK outer -> Ru-AHO inner,outer,inner,Different mechanism,Mixed transfer,2,30,2.3515711,2.530487602456099
SVR,ru_ahk_outer_to_ru_aho_inner,Ru-AHK outer -> Ru-AHO inner,outer,inner,Different mechanism,Mixed transfer,2,33,2.30450133,2.6019173804675244
SVR,ru_ahk_outer_to_ru_aho_inner,Ru-AHK outer -> Ru-AHO inner,outer,inner,Different mechanism,Mixed transfer,2,35,2.30450133,2.770462535667033
SVR,ru_ahk_outer_to_ru_aho_inner,Ru-AHK outer -> Ru-AHO inner,outer,inner,Different mechanism,Mixed transfer,2,39,2.16934032,1.7976494574144577
SVR,ru_ahk_outer_to_ru_aho_inner,Ru-AHK outer -> Ru-AHO inner,outer,inner,Different mechanism,Mixed transfer,2,45,2.01889808,2.039122047836306
SVR,ru_ahk_outer_to_ru_aho_inner,Ru-AHK outer -> Ru-AHO inner,outer,inner,Different mechanism,Mixed transfer,2,49,1.9607788,1.7902929201716775
SVR,ru_ahk_outer_to_ru_aho_inner,Ru-AHK outer -> Ru-AHO inner,outer,inner,Different mechanism,Mixed transfer,2,65,1.53168147,1.4133254697175892
SVR,ru_ahk_outer_to_ru_aho_inner,Ru-AHK outer -> Ru-AHO inner,outer,inner,Different mechanism,Mixed transfer,2,68,1.49260764,1.9890511071516184
SVR,ru_ahk_outer_to_ru_aho_inner,Ru-AHK outer -> Ru-AHO inner,outer,inner,Different mechanism,Mixed transfer,2,69,1.48763592,1.9174638562315593
SVR,ru_ahk_outer_to_ru_aho_inner,Ru-AHK outer -> Ru-AHO inner,outer,inner,Different mechanism,Mixed transfer,2,70,1.47570337,2.033078792904733
SVR,ru_ahk_outer_to_ru_aho_inner,Ru-AHK outer -> Ru-AHO inner,outer,inner,Different mechanism,Mixed transfer,2,72,1.40708549,1.4133254697175892
SVR,ru_ahk_outer_to_ru_aho_inner,Ru-AHK outer -> Ru-AHO inner,outer,inner,Different mechanism,Mixed transfer,2,80,1.31904107,1.43565911816938
SVR,ru_ahk_outer_to_ru_aho_inner,Ru-AHK outer -> Ru-AHO inner,outer,inner,Different mechanism,Mixed transfer,2,88,0.39647984,1.0095567702181585
SVR,ru_ahk_outer_to_ru_aho_inner,Ru-AHK outer -> Ru-AHO inner,outer,inner,Different mechanism,Mixed transfer,2,93,0.04819171,0.1842353161972059
SVR,ru_ahk_outer_to_ru_aho_inner,Ru-AHK outer -> Ru-AHO inner,outer,inner,Different mechanism,Delta learning,2,5,3.13437597,2.68165562688438
SVR,ru_ahk_outer_to_ru_aho_inner,Ru-AHK outer -> Ru-AHO inner,outer,inner,Different mechanism,Delta learning,2,9,3.13437597,2.98119111609548
SVR,ru_ahk_outer_to_ru_aho_inner,Ru-AHK outer -> Ru-AHO inner,outer,inner,Different mechanism,Delta learning,2,11,2.81808334,2.6264831621890603
SVR,ru_ahk_outer_to_ru_aho_inner,Ru-AHK outer -> Ru-AHO inner,outer,inner,Different mechanism,Delta learning,2,15,2.72095293,1.9960087495050467
SVR,ru_ahk_outer_to_ru_aho_inner,Ru-AHK outer -> Ru-AHO inner,outer,inner,Different mechanism,Delta learning,2,16,2.72095293,3.034360887987683
SVR,ru_ahk_outer_to_ru_aho_inner,Ru-AHK outer -> Ru-AHO inner,outer,inner,Different mechanism,Delta learning,2,28,2.47786275,2.621351918429797
SVR,ru_ahk_outer_to_ru_aho_inner,Ru-AHK outer -> Ru-AHO inner,outer,inner,Different mechanism,Delta learning,2,30,2.3515711,2.2234583231214557
SVR,ru_ahk_outer_to_ru_aho_inner,Ru-AHK outer -> Ru-AHO inner,outer,inner,Different mechanism,Delta learning,2,33,2.30450133,2.643305784522097
SVR,ru_ahk_outer_to_ru_aho_inner,Ru-AHK outer -> Ru-AHO inner,outer,inner,Different mechanism,Delta learning,2,35,2.30450133,2.665693617533015
SVR,ru_ahk_outer_to_ru_aho_inner,Ru-AHK outer -> Ru-AHO inner,outer,inner,Different mechanism,Delta learning,2,39,2.16934032,1.7917778548818284
SVR,ru_ahk_outer_to_ru_aho_inner,Ru-AHK outer -> Ru-AHO inner,outer,inner,Different mechanism,Delta learning,2,45,2.01889808,2.031304595221101
SVR,ru_ahk_outer_to_ru_aho_inner,Ru-AHK outer -> Ru-AHO inner,outer,inner,Different mechanism,Delta learning,2,49,1.9607788,1.147456004642483
SVR,ru_ahk_outer_to_ru_aho_inner,Ru-AHK outer -> Ru-AHO inner,outer,inner,Different mechanism,Delta learning,2,65,1.53168147,1.4134516620440518
SVR,ru_ahk_outer_to_ru_aho_inner,Ru-AHK outer -> Ru-AHO inner,outer,inner,Different mechanism,Delta learning,2,68,1.49260764,2.007562954129682
SVR,ru_ahk_outer_to_ru_aho_inner,Ru-AHK outer -> Ru-AHO inner,outer,inner,Different mechanism,Delta learning,2,69,1.48763592,1.8842246407781418
SVR,ru_ahk_outer_to_ru_aho_inner,Ru-AHK outer -> Ru-AHO inner,outer,inner,Different mechanism,Delta learning,2,70,1.47570337,1.9525698927400077
SVR,ru_ahk_outer_to_ru_aho_inner,Ru-AHK outer -> Ru-AHO inner,outer,inner,Different mechanism,Delta learning,2,72,1.40708549,1.4134516620440518
SVR,ru_ahk_outer_to_ru_aho_inner,Ru-AHK outer -> Ru-AHO inner,outer,inner,Different mechanism,Delta learning,2,80,1.31904107,1.439449934480002
SVR,ru_ahk_outer_to_ru_aho_inner,Ru-AHK outer -> Ru-AHO inner,outer,inner,Different mechanism,Delta learning,2,88,0.39647984,1.0575645392976978
SVR,ru_ahk_outer_to_ru_aho_inner,Ru-AHK outer -> Ru-AHO inner,outer,inner,Different mechanism,Delta learning,2,93,0.04819171,0.25195991308990195
SVR,ru_ahk_outer_to_ru_aho_inner,Ru-AHK outer -> Ru-AHO inner,outer,inner,Different mechanism,Mixed transfer,3,3,3.67873076,2.165137718825188
SVR,ru_ahk_outer_to_ru_aho_inner,Ru-AHK outer -> Ru-AHO inner,outer,inner,Different mechanism,Mixed transfer,3,6,3.13437597,2.078174245216873
SVR,ru_ahk_outer_to_ru_aho_inner,Ru-AHK outer -> Ru-AHO inner,outer,inner,Different mechanism,Mixed transfer,3,7,3.13437597,2.980981690800183
SVR,ru_ahk_outer_to_ru_aho_inner,Ru-AHK outer -> Ru-AHO inner,outer,inner,Different mechanism,Mixed transfer,3,8,3.13437597,2.078156899247617
SVR,ru_ahk_outer_to_ru_aho_inner,Ru-AHK outer -> Ru-AHO inner,outer,inner,Different mechanism,Mixed transfer,3,13,2.72095293,2.6034677149480374
SVR,ru_ahk_outer_to_ru_aho_inner,Ru-AHK outer -> Ru-AHO inner,outer,inner,Different mechanism,Mixed transfer,3,17,2.72095293,2.8864070425517445
SVR,ru_ahk_outer_to_ru_aho_inner,Ru-AHK outer -> Ru-AHO inner,outer,inner,Different mechanism,Mixed transfer,3,19,2.72095293,2.7365236343714203
SVR,ru_ahk_outer_to_ru_aho_inner,Ru-AHK outer -> Ru-AHO inner,outer,inner,Different mechanism,Mixed transfer,3,24,2.49823771,2.1770975746129384
SVR,ru_ahk_outer_to_ru_aho_inner,Ru-AHK outer -> Ru-AHO inner,outer,inner,Different mechanism,Mixed transfer,3,25,2.49823771,1.8731704472166284
SVR,ru_ahk_outer_to_ru_aho_inner,Ru-AHK outer -> Ru-AHO inner,outer,inner,Different mechanism,Mixed transfer,3,27,2.47786275,2.6656477997531858
SVR,ru_ahk_outer_to_ru_aho_inner,Ru-AHK outer -> Ru-AHO inner,outer,inner,Different mechanism,Mixed transfer,3,34,2.30450133,2.8841316421693026
SVR,ru_ahk_outer_to_ru_aho_inner,Ru-AHK outer -> Ru-AHO inner,outer,inner,Different mechanism,Mixed transfer,3,36,2.28957767,2.671409243859925
SVR,ru_ahk_outer_to_ru_aho_inner,Ru-AHK outer -> Ru-AHO inner,outer,inner,Different mechanism,Mixed transfer,3,38,2.20688949,2.1561849001586184
SVR,ru_ahk_outer_to_ru_aho_inner,Ru-AHK outer -> Ru-AHO inner,outer,inner,Different mechanism,Mixed transfer,3,53,1.84440958,1.958479773811932
SVR,ru_ahk_outer_to_ru_aho_inner,Ru-AHK outer -> Ru-AHO inner,outer,inner,Different mechanism,Mixed transfer,3,55,1.80901573,2.092003693765397
SVR,ru_ahk_outer_to_ru_aho_inner,Ru-AHK outer -> Ru-AHO inner,outer,inner,Different mechanism,Mixed transfer,3,56,1.73731552,2.671409243859925
SVR,ru_ahk_outer_to_ru_aho_inner,Ru-AHK outer -> Ru-AHO inner,outer,inner,Different mechanism,Mixed transfer,3,76,1.36999511,0.5050805768360322
SVR,ru_ahk_outer_to_ru_aho_inner,Ru-AHK outer -> Ru-AHO inner,outer,inner,Different mechanism,Mixed transfer,3,78,1.35390456,1.4703292512145345
SVR,ru_ahk_outer_to_ru_aho_inner,Ru-AHK outer -> Ru-AHO inner,outer,inner,Different mechanism,Mixed transfer,3,79,1.33471728,1.4187250413540875
SVR,ru_ahk_outer_to_ru_aho_inner,Ru-AHK outer -> Ru-AHO inner,outer,inner,Different mechanism,Mixed transfer,3,85,0.80254597,0.501430454401034
SVR,ru_ahk_outer_to_ru_aho_inner,Ru-AHK outer -> Ru-AHO inner,outer,inner,Different mechanism,Delta learning,3,3,3.67873076,2.213687320525689
SVR,ru_ahk_outer_to_ru_aho_inner,Ru-AHK outer -> Ru-AHO inner,outer,inner,Different mechanism,Delta learning,3,6,3.13437597,1.473386108460904
SVR,ru_ahk_outer_to_ru_aho_inner,Ru-AHK outer -> Ru-AHO inner,outer,inner,Different mechanism,Delta learning,3,7,3.13437597,1.6855606147392144
SVR,ru_ahk_outer_to_ru_aho_inner,Ru-AHK outer -> Ru-AHO inner,outer,inner,Different mechanism,Delta learning,3,8,3.13437597,1.6316315915482011
SVR,ru_ahk_outer_to_ru_aho_inner,Ru-AHK outer -> Ru-AHO inner,outer,inner,Different mechanism,Delta learning,3,13,2.72095293,2.4890676256601396
SVR,ru_ahk_outer_to_ru_aho_inner,Ru-AHK outer -> Ru-AHO inner,outer,inner,Different mechanism,Delta learning,3,17,2.72095293,2.767327442451157
SVR,ru_ahk_outer_to_ru_aho_inner,Ru-AHK outer -> Ru-AHO inner,outer,inner,Different mechanism,Delta learning,3,19,2.72095293,2.6627135669081268
SVR,ru_ahk_outer_to_ru_aho_inner,Ru-AHK outer -> Ru-AHO inner,outer,inner,Different mechanism,Delta learning,3,24,2.49823771,2.253372952188162
SVR,ru_ahk_outer_to_ru_aho_inner,Ru-AHK outer -> Ru-AHO inner,outer,inner,Different mechanism,Delta learning,3,25,2.49823771,2.251675363625403
SVR,ru_ahk_outer_to_ru_aho_inner,Ru-AHK outer -> Ru-AHO inner,outer,inner,Different mechanism,Delta learning,3,27,2.47786275,2.660765638925631
SVR,ru_ahk_outer_to_ru_aho_inner,Ru-AHK outer -> Ru-AHO inner,outer,inner,Different mechanism,Delta learning,3,34,2.30450133,2.7661451442288976
SVR,ru_ahk_outer_to_ru_aho_inner,Ru-AHK outer -> Ru-AHO inner,outer,inner,Different mechanism,Delta learning,3,36,2.28957767,2.5940113568959067
SVR,ru_ahk_outer_to_ru_aho_inner,Ru-AHK outer -> Ru-AHO inner,outer,inner,Different mechanism,Delta learning,3,38,2.20688949,2.1141876029693965
SVR,ru_ahk_outer_to_ru_aho_inner,Ru-AHK outer -> Ru-AHO inner,outer,inner,Different mechanism,Delta learning,3,53,1.84440958,1.9220360833310446
SVR,ru_ahk_outer_to_ru_aho_inner,Ru-AHK outer -> Ru-AHO inner,outer,inner,Different mechanism,Delta learning,3,55,1.80901573,2.160808618213323
SVR,ru_ahk_outer_to_ru_aho_inner,Ru-AHK outer -> Ru-AHO inner,outer,inner,Different mechanism,Delta learning,3,56,1.73731552,2.5940113568959067
SVR,ru_ahk_outer_to_ru_aho_inner,Ru-AHK outer -> Ru-AHO inner,outer,inner,Different mechanism,Delta learning,3,76,1.36999511,0.32981161940156367
SVR,ru_ahk_outer_to_ru_aho_inner,Ru-AHK outer -> Ru-AHO inner,outer,inner,Different mechanism,Delta learning,3,78,1.35390456,1.4688894598451487
SVR,ru_ahk_outer_to_ru_aho_inner,Ru-AHK outer -> Ru-AHO inner,outer,inner,Different mechanism,Delta learning,3,79,1.33471728,1.4280855805246593
SVR,ru_ahk_outer_to_ru_aho_inner,Ru-AHK outer -> Ru-AHO inner,outer,inner,Different mechanism,Delta learning,3,85,0.80254597,0.32642460383130567
SVR,ru_ahk_outer_to_ru_aho_inner,Ru-AHK outer -> Ru-AHO inner,outer,inner,Different mechanism,Mixed transfer,4,32,2.30450133,2.3428738568366807
SVR,ru_ahk_outer_to_ru_aho_inner,Ru-AHK outer -> Ru-AHO inner,outer,inner,Different mechanism,Mixed transfer,4,41,2.13444943,1.984753179310219
SVR,ru_ahk_outer_to_ru_aho_inner,Ru-AHK outer -> Ru-AHO inner,outer,inner,Different mechanism,Mixed transfer,4,43,2.11117069,1.5989490116142393
SVR,ru_ahk_outer_to_ru_aho_inner,Ru-AHK outer -> Ru-AHO inner,outer,inner,Different mechanism,Mixed transfer,4,46,2.00941149,2.6369074030638586
SVR,ru_ahk_outer_to_ru_aho_inner,Ru-AHK outer -> Ru-AHO inner,outer,inner,Different mechanism,Mixed transfer,4,48,1.96551622,2.027581582264715
SVR,ru_ahk_outer_to_ru_aho_inner,Ru-AHK outer -> Ru-AHO inner,outer,inner,Different mechanism,Mixed transfer,4,50,1.95650617,1.5879900017084372
SVR,ru_ahk_outer_to_ru_aho_inner,Ru-AHK outer -> Ru-AHO inner,outer,inner,Different mechanism,Mixed transfer,4,54,1.80901573,2.175918799174796
SVR,ru_ahk_outer_to_ru_aho_inner,Ru-AHK outer -> Ru-AHO inner,outer,inner,Different mechanism,Mixed transfer,4,57,1.68395754,1.9822012694958628
SVR,ru_ahk_outer_to_ru_aho_inner,Ru-AHK outer -> Ru-AHO inner,outer,inner,Different mechanism,Mixed transfer,4,58,1.66417952,1.4167866060538958
SVR,ru_ahk_outer_to_ru_aho_inner,Ru-AHK outer -> Ru-AHO inner,outer,inner,Different mechanism,Mixed transfer,4,59,1.62929332,1.6463999052310583
SVR,ru_ahk_outer_to_ru_aho_inner,Ru-AHK outer -> Ru-AHO inner,outer,inner,Different mechanism,Mixed transfer,4,61,1.57873877,1.4667942387917967
SVR,ru_ahk_outer_to_ru_aho_inner,Ru-AHK outer -> Ru-AHO inner,outer,inner,Different mechanism,Mixed transfer,4,63,1.56019653,1.4666929720878663
SVR,ru_ahk_outer_to_ru_aho_inner,Ru-AHK outer -> Ru-AHO inner,outer,inner,Different mechanism,Mixed transfer,4,66,1.51369193,1.431652662274208
SVR,ru_ahk_outer_to_ru_aho_inner,Ru-AHK outer -> Ru-AHO inner,outer,inner,Different mechanism,Mixed transfer,4,67,1.51369193,1.332016870965694
SVR,ru_ahk_outer_to_ru_aho_inner,Ru-AHK outer -> Ru-AHO inner,outer,inner,Different mechanism,Mixed transfer,4,77,1.36283425,1.488538583647125
SVR,ru_ahk_outer_to_ru_aho_inner,Ru-AHK outer -> Ru-AHO inner,outer,inner,Different mechanism,Mixed transfer,4,84,0.80438248,1.0485364248096372
SVR,ru_ahk_outer_to_ru_aho_inner,Ru-AHK outer -> Ru-AHO inner,outer,inner,Different mechanism,Mixed transfer,4,95,0.0120419,0.2953037385885289
SVR,ru_ahk_outer_to_ru_aho_inner,Ru-AHK outer -> Ru-AHO inner,outer,inner,Different mechanism,Mixed transfer,4,96,0.0,1.0687526123570397
SVR,ru_ahk_outer_to_ru_aho_inner,Ru-AHK outer -> Ru-AHO inner,outer,inner,Different mechanism,Mixed transfer,4,97,0.0,1.3693931795230057
SVR,ru_ahk_outer_to_ru_aho_inner,Ru-AHK outer -> Ru-AHO inner,outer,inner,Different mechanism,Delta learning,4,32,2.30450133,2.265173159797262
SVR,ru_ahk_outer_to_ru_aho_inner,Ru-AHK outer -> Ru-AHO inner,outer,inner,Different mechanism,Delta learning,4,41,2.13444943,1.8531053323313982
SVR,ru_ahk_outer_to_ru_aho_inner,Ru-AHK outer -> Ru-AHO inner,outer,inner,Different mechanism,Delta learning,4,43,2.11117069,1.5971782290044687
SVR,ru_ahk_outer_to_ru_aho_inner,Ru-AHK outer -> Ru-AHO inner,outer,inner,Different mechanism,Delta learning,4,46,2.00941149,2.6424287211759268
SVR,ru_ahk_outer_to_ru_aho_inner,Ru-AHK outer -> Ru-AHO inner,outer,inner,Different mechanism,Delta learning,4,48,1.96551622,1.952838828684325
SVR,ru_ahk_outer_to_ru_aho_inner,Ru-AHK outer -> Ru-AHO inner,outer,inner,Different mechanism,Delta learning,4,50,1.95650617,1.5965567093511592
SVR,ru_ahk_outer_to_ru_aho_inner,Ru-AHK outer -> Ru-AHO inner,outer,inner,Different mechanism,Delta learning,4,54,1.80901573,2.208944953933288
SVR,ru_ahk_outer_to_ru_aho_inner,Ru-AHK outer -> Ru-AHO inner,outer,inner,Different mechanism,Delta learning,4,57,1.68395754,1.9792292509529346
SVR,ru_ahk_outer_to_ru_aho_inner,Ru-AHK outer -> Ru-AHO inner,outer,inner,Different mechanism,Delta learning,4,58,1.66417952,1.568383774608879
SVR,ru_ahk_outer_to_ru_aho_inner,Ru-AHK outer -> Ru-AHO inner,outer,inner,Different mechanism,Delta learning,4,59,1.62929332,1.740804693786104
SVR,ru_ahk_outer_to_ru_aho_inner,Ru-AHK outer -> Ru-AHO inner,outer,inner,Different mechanism,Delta learning,4,61,1.57873877,1.502157695019741
SVR,ru_ahk_outer_to_ru_aho_inner,Ru-AHK outer -> Ru-AHO inner,outer,inner,Different mechanism,Delta learning,4,63,1.56019653,1.5017063742172674
SVR,ru_ahk_outer_to_ru_aho_inner,Ru-AHK outer -> Ru-AHO inner,outer,inner,Different mechanism,Delta learning,4,66,1.51369193,1.4309929395274126
SVR,ru_ahk_outer_to_ru_aho_inner,Ru-AHK outer -> Ru-AHO inner,outer,inner,Different mechanism,Delta learning,4,67,1.51369193,1.4318231075347803
SVR,ru_ahk_outer_to_ru_aho_inner,Ru-AHK outer -> Ru-AHO inner,outer,inner,Different mechanism,Delta learning,4,77,1.36283425,1.3401723152184966
SVR,ru_ahk_outer_to_ru_aho_inner,Ru-AHK outer -> Ru-AHO inner,outer,inner,Different mechanism,Delta learning,4,84,0.80438248,1.1613775267893491
SVR,ru_ahk_outer_to_ru_aho_inner,Ru-AHK outer -> Ru-AHO inner,outer,inner,Different mechanism,Delta learning,4,95,0.0120419,0.3952976452294217
SVR,ru_ahk_outer_to_ru_aho_inner,Ru-AHK outer -> Ru-AHO inner,outer,inner,Different mechanism,Delta learning,4,96,0.0,1.1696794840862585
SVR,ru_ahk_outer_to_ru_aho_inner,Ru-AHK outer -> Ru-AHO inner,outer,inner,Different mechanism,Delta learning,4,97,0.0,1.2359101072180334
SVR,ru_ahk_outer_to_ru_aho_inner,Ru-AHK outer -> Ru-AHO inner,outer,inner,Different mechanism,Mixed transfer,5,1,4.50050002,2.7842259927981567
SVR,ru_ahk_outer_to_ru_aho_inner,Ru-AHK outer -> Ru-AHO inner,outer,inner,Different mechanism,Mixed transfer,5,2,3.84937533,2.7556845955554516
SVR,ru_ahk_outer_to_ru_aho_inner,Ru-AHK outer -> Ru-AHO inner,outer,inner,Different mechanism,Mixed transfer,5,14,2.72095293,2.575405999259007
SVR,ru_ahk_outer_to_ru_aho_inner,Ru-AHK outer -> Ru-AHO inner,outer,inner,Different mechanism,Mixed transfer,5,20,2.72095293,2.512931668775066
SVR,ru_ahk_outer_to_ru_aho_inner,Ru-AHK outer -> Ru-AHO inner,outer,inner,Different mechanism,Mixed transfer,5,21,2.6917632,2.5913913120473047
SVR,ru_ahk_outer_to_ru_aho_inner,Ru-AHK outer -> Ru-AHO inner,outer,inner,Different mechanism,Mixed transfer,5,23,2.61179564,2.5102685155614566
SVR,ru_ahk_outer_to_ru_aho_inner,Ru-AHK outer -> Ru-AHO inner,outer,inner,Different mechanism,Mixed transfer,5,29,2.47786275,2.6569357778806313
SVR,ru_ahk_outer_to_ru_aho_inner,Ru-AHK outer -> Ru-AHO inner,outer,inner,Different mechanism,Mixed transfer,5,37,2.26077037,2.1057818970117372
SVR,ru_ahk_outer_to_ru_aho_inner,Ru-AHK outer -> Ru-AHO inner,outer,inner,Different mechanism,Mixed transfer,5,51,1.94448624,1.6561155479865668
SVR,ru_ahk_outer_to_ru_aho_inner,Ru-AHK outer -> Ru-AHO inner,outer,inner,Different mechanism,Mixed transfer,5,52,1.88185187,1.7841804279609816
SVR,ru_ahk_outer_to_ru_aho_inner,Ru-AHK outer -> Ru-AHO inner,outer,inner,Different mechanism,Mixed transfer,5,60,1.62929332,2.638705237001583
SVR,ru_ahk_outer_to_ru_aho_inner,Ru-AHK outer -> Ru-AHO inner,outer,inner,Different mechanism,Mixed transfer,5,71,1.47016368,1.563994067653742
SVR,ru_ahk_outer_to_ru_aho_inner,Ru-AHK outer -> Ru-AHO inner,outer,inner,Different mechanism,Mixed transfer,5,74,1.38325909,1.6907928028391193
SVR,ru_ahk_outer_to_ru_aho_inner,Ru-AHK outer -> Ru-AHO inner,outer,inner,Different mechanism,Mixed transfer,5,82,0.99242206,1.4022356438159613
SVR,ru_ahk_outer_to_ru_aho_inner,Ru-AHK outer -> Ru-AHO inner,outer,inner,Different mechanism,Mixed transfer,5,86,0.67501313,1.410413373821978
SVR,ru_ahk_outer_to_ru_aho_inner,Ru-AHK outer -> Ru-AHO inner,outer,inner,Different mechanism,Mixed transfer,5,87,0.56782018,2.0637194811079365
SVR,ru_ahk_outer_to_ru_aho_inner,Ru-AHK outer -> Ru-AHO inner,outer,inner,Different mechanism,Mixed transfer,5,89,0.33293116,2.065595393572416
SVR,ru_ahk_outer_to_ru_aho_inner,Ru-AHK outer -> Ru-AHO inner,outer,inner,Different mechanism,Mixed transfer,5,91,0.10866753,0.24483996554434984
SVR,ru_ahk_outer_to_ru_aho_inner,Ru-AHK outer -> Ru-AHO inner,outer,inner,Different mechanism,Mixed transfer,5,92,0.09139463,2.0662179536600154
SVR,ru_ahk_outer_to_ru_aho_inner,Ru-AHK outer -> Ru-AHO inner,outer,inner,Different mechanism,Delta learning,5,1,4.50050002,2.641214428108413
SVR,ru_ahk_outer_to_ru_aho_inner,Ru-AHK outer -> Ru-AHO inner,outer,inner,Different mechanism,Delta learning,5,2,3.84937533,2.496787768118959
SVR,ru_ahk_outer_to_ru_aho_inner,Ru-AHK outer -> Ru-AHO inner,outer,inner,Different mechanism,Delta learning,5,14,2.72095293,2.4575189652944345
SVR,ru_ahk_outer_to_ru_aho_inner,Ru-AHK outer -> Ru-AHO inner,outer,inner,Different mechanism,Delta learning,5,20,2.72095293,2.3556546421920155
SVR,ru_ahk_outer_to_ru_aho_inner,Ru-AHK outer -> Ru-AHO inner,outer,inner,Different mechanism,Delta learning,5,21,2.6917632,2.6252108175001614
SVR,ru_ahk_outer_to_ru_aho_inner,Ru-AHK outer -> Ru-AHO inner,outer,inner,Different mechanism,Delta learning,5,23,2.61179564,2.504652379463946
SVR,ru_ahk_outer_to_ru_aho_inner,Ru-AHK outer -> Ru-AHO inner,outer,inner,Different mechanism,Delta learning,5,29,2.47786275,2.3705378498554253
SVR,ru_ahk_outer_to_ru_aho_inner,Ru-AHK outer -> Ru-AHO inner,outer,inner,Different mechanism,Delta learning,5,37,2.26077037,2.080648425537878
SVR,ru_ahk_outer_to_ru_aho_inner,Ru-AHK outer -> Ru-AHO inner,outer,inner,Different mechanism,Delta learning,5,51,1.94448624,1.6485335884856913
SVR,ru_ahk_outer_to_ru_aho_inner,Ru-AHK outer -> Ru-AHO inner,outer,inner,Different mechanism,Delta learning,5,52,1.88185187,1.7843180052003458
SVR,ru_ahk_outer_to_ru_aho_inner,Ru-AHK outer -> Ru-AHO inner,outer,inner,Different mechanism,Delta learning,5,60,1.62929332,2.661299824355629
SVR,ru_ahk_outer_to_ru_aho_inner,Ru-AHK outer -> Ru-AHO inner,outer,inner,Different mechanism,Delta learning,5,71,1.47016368,1.6771881081021403
SVR,ru_ahk_outer_to_ru_aho_inner,Ru-AHK outer -> Ru-AHO inner,outer,inner,Different mechanism,Delta learning,5,74,1.38325909,1.4753451969357305
SVR,ru_ahk_outer_to_ru_aho_inner,Ru-AHK outer -> Ru-AHO inner,outer,inner,Different mechanism,Delta learning,5,82,0.99242206,1.2417179831027128
SVR,ru_ahk_outer_to_ru_aho_inner,Ru-AHK outer -> Ru-AHO inner,outer,inner,Different mechanism,Delta learning,5,86,0.67501313,1.3184963675188177
SVR,ru_ahk_outer_to_ru_aho_inner,Ru-AHK outer -> Ru-AHO inner,outer,inner,Different mechanism,Delta learning,5,87,0.56782018,1.8949431636090657
SVR,ru_ahk_outer_to_ru_aho_inner,Ru-AHK outer -> Ru-AHO inner,outer,inner,Different mechanism,Delta learning,5,89,0.33293116,1.942713941977853
SVR,ru_ahk_outer_to_ru_aho_inner,Ru-AHK outer -> Ru-AHO inner,outer,inner,Different mechanism,Delta learning,5,91,0.10866753,0.36868795786857356
SVR,ru_ahk_outer_to_ru_aho_inner,Ru-AHK outer -> Ru-AHO inner,outer,inner,Different mechanism,Delta learning,5,92,0.09139463,1.9520831331907802
LinearSVR,target_only_ru_aho_inner,Ru-AHO inner target-only,none,inner,Target-only,Target-only,1,0,4.50050002,2.822365785062389
LinearSVR,target_only_ru_aho_inner,Ru-AHO inner target-only,none,inner,Target-only,Target-only,1,4,3.13437597,2.702314613522178
LinearSVR,target_only_ru_aho_inner,Ru-AHO inner target-only,none,inner,Target-only,Target-only,1,10,2.89279432,2.808751578145144
LinearSVR,target_only_ru_aho_inner,Ru-AHO inner target-only,none,inner,Target-only,Target-only,1,12,2.72095293,2.777795895934433
LinearSVR,target_only_ru_aho_inner,Ru-AHO inner target-only,none,inner,Target-only,Target-only,1,18,2.72095293,2.472950358196039
LinearSVR,target_only_ru_aho_inner,Ru-AHO inner target-only,none,inner,Target-only,Target-only,1,22,2.63729647,1.673865302258922
LinearSVR,target_only_ru_aho_inner,Ru-AHO inner target-only,none,inner,Target-only,Target-only,1,26,2.49268506,1.670343620768502
LinearSVR,target_only_ru_aho_inner,Ru-AHO inner target-only,none,inner,Target-only,Target-only,1,31,2.30450133,1.9883497139589124
LinearSVR,target_only_ru_aho_inner,Ru-AHO inner target-only,none,inner,Target-only,Target-only,1,40,2.13954868,2.195533257203046
LinearSVR,target_only_ru_aho_inner,Ru-AHO inner target-only,none,inner,Target-only,Target-only,1,42,2.12255274,2.286162039528654
LinearSVR,target_only_ru_aho_inner,Ru-AHO inner target-only,none,inner,Target-only,Target-only,1,44,2.02174776,2.0148141248913203
LinearSVR,target_only_ru_aho_inner,Ru-AHO inner target-only,none,inner,Target-only,Target-only,1,47,1.97754867,2.0726905147564074
LinearSVR,target_only_ru_aho_inner,Ru-AHO inner target-only,none,inner,Target-only,Target-only,1,62,1.56906465,1.9463847336855358
LinearSVR,target_only_ru_aho_inner,Ru-AHO inner target-only,none,inner,Target-only,Target-only,1,64,1.53168147,1.48630644552239
LinearSVR,target_only_ru_aho_inner,Ru-AHO inner target-only,none,inner,Target-only,Target-only,1,73,1.39055932,1.443339243094109
LinearSVR,target_only_ru_aho_inner,Ru-AHO inner target-only,none,inner,Target-only,Target-only,1,75,1.36999511,1.3643916359312187
LinearSVR,target_only_ru_aho_inner,Ru-AHO inner target-only,none,inner,Target-only,Target-only,1,81,1.00421655,1.661287664441746
LinearSVR,target_only_ru_aho_inner,Ru-AHO inner target-only,none,inner,Target-only,Target-only,1,83,0.83956097,0.474381753262747
LinearSVR,target_only_ru_aho_inner,Ru-AHO inner target-only,none,inner,Target-only,Target-only,1,90,0.19433377,0.05179080757816701
LinearSVR,target_only_ru_aho_inner,Ru-AHO inner target-only,none,inner,Target-only,Target-only,1,94,0.04739647,1.7555915359644145
LinearSVR,target_only_ru_aho_inner,Ru-AHO inner target-only,none,inner,Target-only,Target-only,2,5,3.13437597,3.1205000478004674
LinearSVR,target_only_ru_aho_inner,Ru-AHO inner target-only,none,inner,Target-only,Target-only,2,9,3.13437597,2.7936065114599273
LinearSVR,target_only_ru_aho_inner,Ru-AHO inner target-only,none,inner,Target-only,Target-only,2,11,2.81808334,2.6455916448192616
LinearSVR,target_only_ru_aho_inner,Ru-AHO inner target-only,none,inner,Target-only,Target-only,2,15,2.72095293,2.5484198383764984
LinearSVR,target_only_ru_aho_inner,Ru-AHO inner target-only,none,inner,Target-only,Target-only,2,16,2.72095293,2.516022792773758
LinearSVR,target_only_ru_aho_inner,Ru-AHO inner target-only,none,inner,Target-only,Target-only,2,28,2.47786275,2.7182969921898192
LinearSVR,target_only_ru_aho_inner,Ru-AHO inner target-only,none,inner,Target-only,Target-only,2,30,2.3515711,2.4934728545144984
LinearSVR,target_only_ru_aho_inner,Ru-AHO inner target-only,none,inner,Target-only,Target-only,2,33,2.30450133,2.8327464413036374
LinearSVR,target_only_ru_aho_inner,Ru-AHO inner target-only,none,inner,Target-only,Target-only,2,35,2.30450133,3.080800666116982
LinearSVR,target_only_ru_aho_inner,Ru-AHO inner target-only,none,inner,Target-only,Target-only,2,39,2.16934032,1.815077351192132
LinearSVR,target_only_ru_aho_inner,Ru-AHO inner target-only,none,inner,Target-only,Target-only,2,45,2.01889808,1.9507735283779961
LinearSVR,target_only_ru_aho_inner,Ru-AHO inner target-only,none,inner,Target-only,Target-only,2,49,1.9607788,-0.27469114079652446
LinearSVR,target_only_ru_aho_inner,Ru-AHO inner target-only,none,inner,Target-only,Target-only,2,65,1.53168147,0.9988181129602554
LinearSVR,target_only_ru_aho_inner,Ru-AHO inner target-only,none,inner,Target-only,Target-only,2,68,1.49260764,1.8791628630205295
LinearSVR,target_only_ru_aho_inner,Ru-AHO inner target-only,none,inner,Target-only,Target-only,2,69,1.48763592,1.6006185307014351
LinearSVR,target_only_ru_aho_inner,Ru-AHO inner target-only,none,inner,Target-only,Target-only,2,70,1.47570337,1.9822322248858888
LinearSVR,target_only_ru_aho_inner,Ru-AHO inner target-only,none,inner,Target-only,Target-only,2,72,1.40708549,0.9988181129602554
LinearSVR,target_only_ru_aho_inner,Ru-AHO inner target-only,none,inner,Target-only,Target-only,2,80,1.31904107,1.3433063737472315
LinearSVR,target_only_ru_aho_inner,Ru-AHO inner target-only,none,inner,Target-only,Target-only,2,88,0.39647984,0.804683714221903
LinearSVR,target_only_ru_aho_inner,Ru-AHO inner target-only,none,inner,Target-only,Target-only,2,93,0.04819171,0.18776761261590846
LinearSVR,target_only_ru_aho_inner,Ru-AHO inner target-only,none,inner,Target-only,Target-only,3,3,3.67873076,2.688117903243569
LinearSVR,target_only_ru_aho_inner,Ru-AHO inner target-only,none,inner,Target-only,Target-only,3,6,3.13437597,1.1466568090705
LinearSVR,target_only_ru_aho_inner,Ru-AHO inner target-only,none,inner,Target-only,Target-only,3,7,3.13437597,4.5970108963334315
LinearSVR,target_only_ru_aho_inner,Ru-AHO inner target-only,none,inner,Target-only,Target-only,3,8,3.13437597,2.61406701197954
LinearSVR,target_only_ru_aho_inner,Ru-AHO inner target-only,none,inner,Target-only,Target-only,3,13,2.72095293,4.055738223194527
LinearSVR,target_only_ru_aho_inner,Ru-AHO inner target-only,none,inner,Target-only,Target-only,3,17,2.72095293,2.755597033062582
LinearSVR,target_only_ru_aho_inner,Ru-AHO inner target-only,none,inner,Target-only,Target-only,3,19,2.72095293,2.75482236778401
LinearSVR,target_only_ru_aho_inner,Ru-AHO inner target-only,none,inner,Target-only,Target-only,3,24,2.49823771,2.4902370837358387
LinearSVR,target_only_ru_aho_inner,Ru-AHO inner target-only,none,inner,Target-only,Target-only,3,25,2.49823771,2.4388557917974736
LinearSVR,target_only_ru_aho_inner,Ru-AHO inner target-only,none,inner,Target-only,Target-only,3,27,2.47786275,4.658101180173402
LinearSVR,target_only_ru_aho_inner,Ru-AHO inner target-only,none,inner,Target-only,Target-only,3,34,2.30450133,3.259319260323548
LinearSVR,target_only_ru_aho_inner,Ru-AHO inner target-only,none,inner,Target-only,Target-only,3,36,2.28957767,2.604816258611553
LinearSVR,target_only_ru_aho_inner,Ru-AHO inner target-only,none,inner,Target-only,Target-only,3,38,2.20688949,2.411692876673828
LinearSVR,target_only_ru_aho_inner,Ru-AHO inner target-only,none,inner,Target-only,Target-only,3,53,1.84440958,1.955309483555527
LinearSVR,target_only_ru_aho_inner,Ru-AHO inner target-only,none,inner,Target-only,Target-only,3,55,1.80901573,2.703717380052645
LinearSVR,target_only_ru_aho_inner,Ru-AHO inner target-only,none,inner,Target-only,Target-only,3,56,1.73731552,2.604816258611553
LinearSVR,target_only_ru_aho_inner,Ru-AHO inner target-only,none,inner,Target-only,Target-only,3,76,1.36999511,-1.172087209607997
LinearSVR,target_only_ru_aho_inner,Ru-AHO inner target-only,none,inner,Target-only,Target-only,3,78,1.35390456,1.4122422397809984
LinearSVR,target_only_ru_aho_inner,Ru-AHO inner target-only,none,inner,Target-only,Target-only,3,79,1.33471728,1.0063565433557111
LinearSVR,target_only_ru_aho_inner,Ru-AHO inner target-only,none,inner,Target-only,Target-only,3,85,0.80254597,-0.9110918033599016
LinearSVR,target_only_ru_aho_inner,Ru-AHO inner target-only,none,inner,Target-only,Target-only,4,32,2.30450133,2.5030667871552357
LinearSVR,target_only_ru_aho_inner,Ru-AHO inner target-only,none,inner,Target-only,Target-only,4,41,2.13444943,2.1230461737873156
LinearSVR,target_only_ru_aho_inner,Ru-AHO inner target-only,none,inner,Target-only,Target-only,4,43,2.11117069,1.5088560218588216
LinearSVR,target_only_ru_aho_inner,Ru-AHO inner target-only,none,inner,Target-only,Target-only,4,46,2.00941149,2.8139187531296033
LinearSVR,target_only_ru_aho_inner,Ru-AHO inner target-only,none,inner,Target-only,Target-only,4,48,1.96551622,2.0430130616487068
LinearSVR,target_only_ru_aho_inner,Ru-AHO inner target-only,none,inner,Target-only,Target-only,4,50,1.95650617,1.5740110718577922
LinearSVR,target_only_ru_aho_inner,Ru-AHO inner target-only,none,inner,Target-only,Target-only,4,54,1.80901573,2.3817810697155024
LinearSVR,target_only_ru_aho_inner,Ru-AHO inner target-only,none,inner,Target-only,Target-only,4,57,1.68395754,1.8784257951808354
LinearSVR,target_only_ru_aho_inner,Ru-AHO inner target-only,none,inner,Target-only,Target-only,4,58,1.66417952,1.7904339031696674
LinearSVR,target_only_ru_aho_inner,Ru-AHO inner target-only,none,inner,Target-only,Target-only,4,59,1.62929332,1.8029090922483642
LinearSVR,target_only_ru_aho_inner,Ru-AHO inner target-only,none,inner,Target-only,Target-only,4,61,1.57873877,1.0419378829096955
LinearSVR,target_only_ru_aho_inner,Ru-AHO inner target-only,none,inner,Target-only,Target-only,4,63,1.56019653,1.0567364901375895
LinearSVR,target_only_ru_aho_inner,Ru-AHO inner target-only,none,inner,Target-only,Target-only,4,66,1.51369193,1.4731991567415106
LinearSVR,target_only_ru_aho_inner,Ru-AHO inner target-only,none,inner,Target-only,Target-only,4,67,1.51369193,1.4006314444459773
LinearSVR,target_only_ru_aho_inner,Ru-AHO inner target-only,none,inner,Target-only,Target-only,4,77,1.36283425,0.45892175093018106
LinearSVR,target_only_ru_aho_inner,Ru-AHO inner target-only,none,inner,Target-only,Target-only,4,84,0.80438248,1.4435454662035059
LinearSVR,target_only_ru_aho_inner,Ru-AHO inner target-only,none,inner,Target-only,Target-only,4,95,0.0120419,0.11700778445224436
LinearSVR,target_only_ru_aho_inner,Ru-AHO inner target-only,none,inner,Target-only,Target-only,4,96,0.0,0.7036712062906108
LinearSVR,target_only_ru_aho_inner,Ru-AHO inner target-only,none,inner,Target-only,Target-only,4,97,0.0,0.35706586210633895
LinearSVR,target_only_ru_aho_inner,Ru-AHO inner target-only,none,inner,Target-only,Target-only,5,1,4.50050002,2.547290625974644
LinearSVR,target_only_ru_aho_inner,Ru-AHO inner target-only,none,inner,Target-only,Target-only,5,2,3.84937533,2.274533155548382
LinearSVR,target_only_ru_aho_inner,Ru-AHO inner target-only,none,inner,Target-only,Target-only,5,14,2.72095293,2.8096761110428217
LinearSVR,target_only_ru_aho_inner,Ru-AHO inner target-only,none,inner,Target-only,Target-only,5,20,2.72095293,2.066937968972067
LinearSVR,target_only_ru_aho_inner,Ru-AHO inner target-only,none,inner,Target-only,Target-only,5,21,2.6917632,3.238926308650377
LinearSVR,target_only_ru_aho_inner,Ru-AHO inner target-only,none,inner,Target-only,Target-only,5,23,2.61179564,2.1266960578460967
LinearSVR,target_only_ru_aho_inner,Ru-AHO inner target-only,none,inner,Target-only,Target-only,5,29,2.47786275,2.667640076139489
LinearSVR,target_only_ru_aho_inner,Ru-AHO inner target-only,none,inner,Target-only,Target-only,5,37,2.26077037,2.219517270880547
LinearSVR,target_only_ru_aho_inner,Ru-AHO inner target-only,none,inner,Target-only,Target-only,5,51,1.94448624,1.9225311337198068
LinearSVR,target_only_ru_aho_inner,Ru-AHO inner target-only,none,inner,Target-only,Target-only,5,52,1.88185187,1.7222546855431118
LinearSVR,target_only_ru_aho_inner,Ru-AHO inner target-only,none,inner,Target-only,Target-only,5,60,1.62929332,2.804471804345283
LinearSVR,target_only_ru_aho_inner,Ru-AHO inner target-only,none,inner,Target-only,Target-only,5,71,1.47016368,1.6353966074897839
LinearSVR,target_only_ru_aho_inner,Ru-AHO inner target-only,none,inner,Target-only,Target-only,5,74,1.38325909,1.461965534265948
LinearSVR,target_only_ru_aho_inner,Ru-AHO inner target-only,none,inner,Target-only,Target-only,5,82,0.99242206,0.9844861567521229
LinearSVR,target_only_ru_aho_inner,Ru-AHO inner target-only,none,inner,Target-only,Target-only,5,86,0.67501313,1.237102105364989
LinearSVR,target_only_ru_aho_inner,Ru-AHO inner target-only,none,inner,Target-only,Target-only,5,87,0.56782018,1.1922095930735142
LinearSVR,target_only_ru_aho_inner,Ru-AHO inner target-only,none,inner,Target-only,Target-only,5,89,0.33293116,2.0446153591734912
LinearSVR,target_only_ru_aho_inner,Ru-AHO inner target-only,none,inner,Target-only,Target-only,5,91,0.10866753,0.06770216286894293
LinearSVR,target_only_ru_aho_inner,Ru-AHO inner target-only,none,inner,Target-only,Target-only,5,92,0.09139463,1.4491368712683015
LinearSVR,ru_ahk_inner_to_ru_aho_inner,Ru-AHK inner -> Ru-AHO inner,inner,inner,Same mechanism,Mixed transfer,1,0,4.50050002,2.868157073404109
LinearSVR,ru_ahk_inner_to_ru_aho_inner,Ru-AHK inner -> Ru-AHO inner,inner,inner,Same mechanism,Mixed transfer,1,4,3.13437597,2.762026859136683
LinearSVR,ru_ahk_inner_to_ru_aho_inner,Ru-AHK inner -> Ru-AHO inner,inner,inner,Same mechanism,Mixed transfer,1,10,2.89279432,2.8938751274049137
LinearSVR,ru_ahk_inner_to_ru_aho_inner,Ru-AHK inner -> Ru-AHO inner,inner,inner,Same mechanism,Mixed transfer,1,12,2.72095293,2.7875548665163916
LinearSVR,ru_ahk_inner_to_ru_aho_inner,Ru-AHK inner -> Ru-AHO inner,inner,inner,Same mechanism,Mixed transfer,1,18,2.72095293,2.5710571296678126
LinearSVR,ru_ahk_inner_to_ru_aho_inner,Ru-AHK inner -> Ru-AHO inner,inner,inner,Same mechanism,Mixed transfer,1,22,2.63729647,2.334460730269042
LinearSVR,ru_ahk_inner_to_ru_aho_inner,Ru-AHK inner -> Ru-AHO inner,inner,inner,Same mechanism,Mixed transfer,1,26,2.49268506,1.2763976019137473
LinearSVR,ru_ahk_inner_to_ru_aho_inner,Ru-AHK inner -> Ru-AHO inner,inner,inner,Same mechanism,Mixed transfer,1,31,2.30450133,2.2249886446245597
LinearSVR,ru_ahk_inner_to_ru_aho_inner,Ru-AHK inner -> Ru-AHO inner,inner,inner,Same mechanism,Mixed transfer,1,40,2.13954868,2.075243376893601
LinearSVR,ru_ahk_inner_to_ru_aho_inner,Ru-AHK inner -> Ru-AHO inner,inner,inner,Same mechanism,Mixed transfer,1,42,2.12255274,1.9036810728075961
LinearSVR,ru_ahk_inner_to_ru_aho_inner,Ru-AHK inner -> Ru-AHO inner,inner,inner,Same mechanism,Mixed transfer,1,44,2.02174776,2.05562560014335
LinearSVR,ru_ahk_inner_to_ru_aho_inner,Ru-AHK inner -> Ru-AHO inner,inner,inner,Same mechanism,Mixed transfer,1,47,1.97754867,2.1065903626202673
LinearSVR,ru_ahk_inner_to_ru_aho_inner,Ru-AHK inner -> Ru-AHO inner,inner,inner,Same mechanism,Mixed transfer,1,62,1.56906465,2.234695402739546
LinearSVR,ru_ahk_inner_to_ru_aho_inner,Ru-AHK inner -> Ru-AHO inner,inner,inner,Same mechanism,Mixed transfer,1,64,1.53168147,1.6295687820105573
LinearSVR,ru_ahk_inner_to_ru_aho_inner,Ru-AHK inner -> Ru-AHO inner,inner,inner,Same mechanism,Mixed transfer,1,73,1.39055932,1.6629564919776172
LinearSVR,ru_ahk_inner_to_ru_aho_inner,Ru-AHK inner -> Ru-AHO inner,inner,inner,Same mechanism,Mixed transfer,1,75,1.36999511,1.4445603920422492
LinearSVR,ru_ahk_inner_to_ru_aho_inner,Ru-AHK inner -> Ru-AHO inner,inner,inner,Same mechanism,Mixed transfer,1,81,1.00421655,0.9548541632788681
LinearSVR,ru_ahk_inner_to_ru_aho_inner,Ru-AHK inner -> Ru-AHO inner,inner,inner,Same mechanism,Mixed transfer,1,83,0.83956097,0.05292122938349619
LinearSVR,ru_ahk_inner_to_ru_aho_inner,Ru-AHK inner -> Ru-AHO inner,inner,inner,Same mechanism,Mixed transfer,1,90,0.19433377,0.06828343876052445
LinearSVR,ru_ahk_inner_to_ru_aho_inner,Ru-AHK inner -> Ru-AHO inner,inner,inner,Same mechanism,Mixed transfer,1,94,0.04739647,1.5812948603977448
LinearSVR,ru_ahk_inner_to_ru_aho_inner,Ru-AHK inner -> Ru-AHO inner,inner,inner,Same mechanism,Delta learning,1,0,4.50050002,2.937624452533421
LinearSVR,ru_ahk_inner_to_ru_aho_inner,Ru-AHK inner -> Ru-AHO inner,inner,inner,Same mechanism,Delta learning,1,4,3.13437597,2.6950955687307196
LinearSVR,ru_ahk_inner_to_ru_aho_inner,Ru-AHK inner -> Ru-AHO inner,inner,inner,Same mechanism,Delta learning,1,10,2.89279432,2.810151881868381
LinearSVR,ru_ahk_inner_to_ru_aho_inner,Ru-AHK inner -> Ru-AHO inner,inner,inner,Same mechanism,Delta learning,1,12,2.72095293,2.7792904205327624
LinearSVR,ru_ahk_inner_to_ru_aho_inner,Ru-AHK inner -> Ru-AHO inner,inner,inner,Same mechanism,Delta learning,1,18,2.72095293,2.479659008297726
LinearSVR,ru_ahk_inner_to_ru_aho_inner,Ru-AHK inner -> Ru-AHO inner,inner,inner,Same mechanism,Delta learning,1,22,2.63729647,1.854199389867066
LinearSVR,ru_ahk_inner_to_ru_aho_inner,Ru-AHK inner -> Ru-AHO inner,inner,inner,Same mechanism,Delta learning,1,26,2.49268506,1.6512041991411444
LinearSVR,ru_ahk_inner_to_ru_aho_inner,Ru-AHK inner -> Ru-AHO inner,inner,inner,Same mechanism,Delta learning,1,31,2.30450133,2.1651884478387293
LinearSVR,ru_ahk_inner_to_ru_aho_inner,Ru-AHK inner -> Ru-AHO inner,inner,inner,Same mechanism,Delta learning,1,40,2.13954868,2.210469307792983
LinearSVR,ru_ahk_inner_to_ru_aho_inner,Ru-AHK inner -> Ru-AHO inner,inner,inner,Same mechanism,Delta learning,1,42,2.12255274,2.286225355399382
LinearSVR,ru_ahk_inner_to_ru_aho_inner,Ru-AHK inner -> Ru-AHO inner,inner,inner,Same mechanism,Delta learning,1,44,2.02174776,2.027068116640084
LinearSVR,ru_ahk_inner_to_ru_aho_inner,Ru-AHK inner -> Ru-AHO inner,inner,inner,Same mechanism,Delta learning,1,47,1.97754867,1.678627318870255
LinearSVR,ru_ahk_inner_to_ru_aho_inner,Ru-AHK inner -> Ru-AHO inner,inner,inner,Same mechanism,Delta learning,1,62,1.56906465,1.9484992777655492
LinearSVR,ru_ahk_inner_to_ru_aho_inner,Ru-AHK inner -> Ru-AHO inner,inner,inner,Same mechanism,Delta learning,1,64,1.53168147,1.5015660119009007
LinearSVR,ru_ahk_inner_to_ru_aho_inner,Ru-AHK inner -> Ru-AHO inner,inner,inner,Same mechanism,Delta learning,1,73,1.39055932,1.4936554149185157
LinearSVR,ru_ahk_inner_to_ru_aho_inner,Ru-AHK inner -> Ru-AHO inner,inner,inner,Same mechanism,Delta learning,1,75,1.36999511,1.3710789519188034
LinearSVR,ru_ahk_inner_to_ru_aho_inner,Ru-AHK inner -> Ru-AHO inner,inner,inner,Same mechanism,Delta learning,1,81,1.00421655,1.7106554696001184
LinearSVR,ru_ahk_inner_to_ru_aho_inner,Ru-AHK inner -> Ru-AHO inner,inner,inner,Same mechanism,Delta learning,1,83,0.83956097,0.057232316970324826
LinearSVR,ru_ahk_inner_to_ru_aho_inner,Ru-AHK inner -> Ru-AHO inner,inner,inner,Same mechanism,Delta learning,1,90,0.19433377,0.04482514010983696
LinearSVR,ru_ahk_inner_to_ru_aho_inner,Ru-AHK inner -> Ru-AHO inner,inner,inner,Same mechanism,Delta learning,1,94,0.04739647,2.239156836850539
LinearSVR,ru_ahk_inner_to_ru_aho_inner,Ru-AHK inner -> Ru-AHO inner,inner,inner,Same mechanism,Mixed transfer,2,5,3.13437597,3.0779315137779992
LinearSVR,ru_ahk_inner_to_ru_aho_inner,Ru-AHK inner -> Ru-AHO inner,inner,inner,Same mechanism,Mixed transfer,2,9,3.13437597,2.9958331685025166
LinearSVR,ru_ahk_inner_to_ru_aho_inner,Ru-AHK inner -> Ru-AHO inner,inner,inner,Same mechanism,Mixed transfer,2,11,2.81808334,3.0333620133028085
LinearSVR,ru_ahk_inner_to_ru_aho_inner,Ru-AHK inner -> Ru-AHO inner,inner,inner,Same mechanism,Mixed transfer,2,15,2.72095293,0.3949592088465739
LinearSVR,ru_ahk_inner_to_ru_aho_inner,Ru-AHK inner -> Ru-AHO inner,inner,inner,Same mechanism,Mixed transfer,2,16,2.72095293,2.877145621776998
LinearSVR,ru_ahk_inner_to_ru_aho_inner,Ru-AHK inner -> Ru-AHO inner,inner,inner,Same mechanism,Mixed transfer,2,28,2.47786275,2.7101797415276985
LinearSVR,ru_ahk_inner_to_ru_aho_inner,Ru-AHK inner -> Ru-AHO inner,inner,inner,Same mechanism,Mixed transfer,2,30,2.3515711,1.6002137382930726
LinearSVR,ru_ahk_inner_to_ru_aho_inner,Ru-AHK inner -> Ru-AHO inner,inner,inner,Same mechanism,Mixed transfer,2,33,2.30450133,2.705706598876648
LinearSVR,ru_ahk_inner_to_ru_aho_inner,Ru-AHK inner -> Ru-AHO inner,inner,inner,Same mechanism,Mixed transfer,2,35,2.30450133,3.5319206523616256
LinearSVR,ru_ahk_inner_to_ru_aho_inner,Ru-AHK inner -> Ru-AHO inner,inner,inner,Same mechanism,Mixed transfer,2,39,2.16934032,-0.12779657821636148
LinearSVR,ru_ahk_inner_to_ru_aho_inner,Ru-AHK inner -> Ru-AHO inner,inner,inner,Same mechanism,Mixed transfer,2,45,2.01889808,1.9373274598323122
LinearSVR,ru_ahk_inner_to_ru_aho_inner,Ru-AHK inner -> Ru-AHO inner,inner,inner,Same mechanism,Mixed transfer,2,49,1.9607788,-0.8454615921386082
LinearSVR,ru_ahk_inner_to_ru_aho_inner,Ru-AHK inner -> Ru-AHO inner,inner,inner,Same mechanism,Mixed transfer,2,65,1.53168147,1.48155163301219
LinearSVR,ru_ahk_inner_to_ru_aho_inner,Ru-AHK inner -> Ru-AHO inner,inner,inner,Same mechanism,Mixed transfer,2,68,1.49260764,1.8477717468671653
LinearSVR,ru_ahk_inner_to_ru_aho_inner,Ru-AHK inner -> Ru-AHO inner,inner,inner,Same mechanism,Mixed transfer,2,69,1.48763592,1.6686380977921145
LinearSVR,ru_ahk_inner_to_ru_aho_inner,Ru-AHK inner -> Ru-AHO inner,inner,inner,Same mechanism,Mixed transfer,2,70,1.47570337,2.354233176506071
LinearSVR,ru_ahk_inner_to_ru_aho_inner,Ru-AHK inner -> Ru-AHO inner,inner,inner,Same mechanism,Mixed transfer,2,72,1.40708549,1.48155163301219
LinearSVR,ru_ahk_inner_to_ru_aho_inner,Ru-AHK inner -> Ru-AHO inner,inner,inner,Same mechanism,Mixed transfer,2,80,1.31904107,0.9396007316831001
LinearSVR,ru_ahk_inner_to_ru_aho_inner,Ru-AHK inner -> Ru-AHO inner,inner,inner,Same mechanism,Mixed transfer,2,88,0.39647984,0.9739948474063405
LinearSVR,ru_ahk_inner_to_ru_aho_inner,Ru-AHK inner -> Ru-AHO inner,inner,inner,Same mechanism,Mixed transfer,2,93,0.04819171,0.21248017656427742
LinearSVR,ru_ahk_inner_to_ru_aho_inner,Ru-AHK inner -> Ru-AHO inner,inner,inner,Same mechanism,Delta learning,2,5,3.13437597,3.1416107809121687
LinearSVR,ru_ahk_inner_to_ru_aho_inner,Ru-AHK inner -> Ru-AHO inner,inner,inner,Same mechanism,Delta learning,2,9,3.13437597,2.8063704847394284
LinearSVR,ru_ahk_inner_to_ru_aho_inner,Ru-AHK inner -> Ru-AHO inner,inner,inner,Same mechanism,Delta learning,2,11,2.81808334,2.6545654831769783
LinearSVR,ru_ahk_inner_to_ru_aho_inner,Ru-AHK inner -> Ru-AHO inner,inner,inner,Same mechanism,Delta learning,2,15,2.72095293,0.8146600777295747
LinearSVR,ru_ahk_inner_to_ru_aho_inner,Ru-AHK inner -> Ru-AHO inner,inner,inner,Same mechanism,Delta learning,2,16,2.72095293,2.528549381180161
LinearSVR,ru_ahk_inner_to_ru_aho_inner,Ru-AHK inner -> Ru-AHO inner,inner,inner,Same mechanism,Delta learning,2,28,2.47786275,2.724448910936007
LinearSVR,ru_ahk_inner_to_ru_aho_inner,Ru-AHK inner -> Ru-AHO inner,inner,inner,Same mechanism,Delta learning,2,30,2.3515711,1.8107109273236393
LinearSVR,ru_ahk_inner_to_ru_aho_inner,Ru-AHK inner -> Ru-AHO inner,inner,inner,Same mechanism,Delta learning,2,33,2.30450133,2.559120675348481
LinearSVR,ru_ahk_inner_to_ru_aho_inner,Ru-AHK inner -> Ru-AHO inner,inner,inner,Same mechanism,Delta learning,2,35,2.30450133,2.4309066986426036
LinearSVR,ru_ahk_inner_to_ru_aho_inner,Ru-AHK inner -> Ru-AHO inner,inner,inner,Same mechanism,Delta learning,2,39,2.16934032,2.1614950164359295
LinearSVR,ru_ahk_inner_to_ru_aho_inner,Ru-AHK inner -> Ru-AHO inner,inner,inner,Same mechanism,Delta learning,2,45,2.01889808,1.9344476863815803
LinearSVR,ru_ahk_inner_to_ru_aho_inner,Ru-AHK inner -> Ru-AHO inner,inner,inner,Same mechanism,Delta learning,2,49,1.9607788,-0.6482770569444971
LinearSVR,ru_ahk_inner_to_ru_aho_inner,Ru-AHK inner -> Ru-AHO inner,inner,inner,Same mechanism,Delta learning,2,65,1.53168147,1.238402911905212
LinearSVR,ru_ahk_inner_to_ru_aho_inner,Ru-AHK inner -> Ru-AHO inner,inner,inner,Same mechanism,Delta learning,2,68,1.49260764,1.8112583813622494
LinearSVR,ru_ahk_inner_to_ru_aho_inner,Ru-AHK inner -> Ru-AHO inner,inner,inner,Same mechanism,Delta learning,2,69,1.48763592,1.3129605730718892
LinearSVR,ru_ahk_inner_to_ru_aho_inner,Ru-AHK inner -> Ru-AHO inner,inner,inner,Same mechanism,Delta learning,2,70,1.47570337,2.5294837090853646
LinearSVR,ru_ahk_inner_to_ru_aho_inner,Ru-AHK inner -> Ru-AHO inner,inner,inner,Same mechanism,Delta learning,2,72,1.40708549,1.238402911905212
LinearSVR,ru_ahk_inner_to_ru_aho_inner,Ru-AHK inner -> Ru-AHO inner,inner,inner,Same mechanism,Delta learning,2,80,1.31904107,1.370779668879178
LinearSVR,ru_ahk_inner_to_ru_aho_inner,Ru-AHK inner -> Ru-AHO inner,inner,inner,Same mechanism,Delta learning,2,88,0.39647984,0.6350555334017346
LinearSVR,ru_ahk_inner_to_ru_aho_inner,Ru-AHK inner -> Ru-AHO inner,inner,inner,Same mechanism,Delta learning,2,93,0.04819171,0.1886543057375718
LinearSVR,ru_ahk_inner_to_ru_aho_inner,Ru-AHK inner -> Ru-AHO inner,inner,inner,Same mechanism,Mixed transfer,3,3,3.67873076,2.0234995252692585
LinearSVR,ru_ahk_inner_to_ru_aho_inner,Ru-AHK inner -> Ru-AHO inner,inner,inner,Same mechanism,Mixed transfer,3,6,3.13437597,2.0754723211890433
LinearSVR,ru_ahk_inner_to_ru_aho_inner,Ru-AHK inner -> Ru-AHO inner,inner,inner,Same mechanism,Mixed transfer,3,7,3.13437597,3.0669349350285415
LinearSVR,ru_ahk_inner_to_ru_aho_inner,Ru-AHK inner -> Ru-AHO inner,inner,inner,Same mechanism,Mixed transfer,3,8,3.13437597,2.063645281780077
LinearSVR,ru_ahk_inner_to_ru_aho_inner,Ru-AHK inner -> Ru-AHO inner,inner,inner,Same mechanism,Mixed transfer,3,13,2.72095293,2.7391356282227877
LinearSVR,ru_ahk_inner_to_ru_aho_inner,Ru-AHK inner -> Ru-AHO inner,inner,inner,Same mechanism,Mixed transfer,3,17,2.72095293,2.3892588344261725
LinearSVR,ru_ahk_inner_to_ru_aho_inner,Ru-AHK inner -> Ru-AHO inner,inner,inner,Same mechanism,Mixed transfer,3,19,2.72095293,3.085257244666111
LinearSVR,ru_ahk_inner_to_ru_aho_inner,Ru-AHK inner -> Ru-AHO inner,inner,inner,Same mechanism,Mixed transfer,3,24,2.49823771,3.023485138174008
LinearSVR,ru_ahk_inner_to_ru_aho_inner,Ru-AHK inner -> Ru-AHO inner,inner,inner,Same mechanism,Mixed transfer,3,25,2.49823771,2.958518721909524
LinearSVR,ru_ahk_inner_to_ru_aho_inner,Ru-AHK inner -> Ru-AHO inner,inner,inner,Same mechanism,Mixed transfer,3,27,2.47786275,2.675149146948397
LinearSVR,ru_ahk_inner_to_ru_aho_inner,Ru-AHK inner -> Ru-AHO inner,inner,inner,Same mechanism,Mixed transfer,3,34,2.30450133,2.4211001924111004
LinearSVR,ru_ahk_inner_to_ru_aho_inner,Ru-AHK inner -> Ru-AHO inner,inner,inner,Same mechanism,Mixed transfer,3,36,2.28957767,2.2038012880746223
LinearSVR,ru_ahk_inner_to_ru_aho_inner,Ru-AHK inner -> Ru-AHO inner,inner,inner,Same mechanism,Mixed transfer,3,38,2.20688949,1.8284178126504882
LinearSVR,ru_ahk_inner_to_ru_aho_inner,Ru-AHK inner -> Ru-AHO inner,inner,inner,Same mechanism,Mixed transfer,3,53,1.84440958,1.8707096784788046
LinearSVR,ru_ahk_inner_to_ru_aho_inner,Ru-AHK inner -> Ru-AHO inner,inner,inner,Same mechanism,Mixed transfer,3,55,1.80901573,4.663227710083914
LinearSVR,ru_ahk_inner_to_ru_aho_inner,Ru-AHK inner -> Ru-AHO inner,inner,inner,Same mechanism,Mixed transfer,3,56,1.73731552,2.2038012880746223
LinearSVR,ru_ahk_inner_to_ru_aho_inner,Ru-AHK inner -> Ru-AHO inner,inner,inner,Same mechanism,Mixed transfer,3,76,1.36999511,-0.6762731938865998
LinearSVR,ru_ahk_inner_to_ru_aho_inner,Ru-AHK inner -> Ru-AHO inner,inner,inner,Same mechanism,Mixed transfer,3,78,1.35390456,1.3193551509646162
LinearSVR,ru_ahk_inner_to_ru_aho_inner,Ru-AHK inner -> Ru-AHO inner,inner,inner,Same mechanism,Mixed transfer,3,79,1.33471728,0.876022413368754
LinearSVR,ru_ahk_inner_to_ru_aho_inner,Ru-AHK inner -> Ru-AHO inner,inner,inner,Same mechanism,Mixed transfer,3,85,0.80254597,-0.8536108500827169
LinearSVR,ru_ahk_inner_to_ru_aho_inner,Ru-AHK inner -> Ru-AHO inner,inner,inner,Same mechanism,Delta learning,3,3,3.67873076,2.607850224117959
LinearSVR,ru_ahk_inner_to_ru_aho_inner,Ru-AHK inner -> Ru-AHO inner,inner,inner,Same mechanism,Delta learning,3,6,3.13437597,1.0260443475232992
LinearSVR,ru_ahk_inner_to_ru_aho_inner,Ru-AHK inner -> Ru-AHO inner,inner,inner,Same mechanism,Delta learning,3,7,3.13437597,4.581476096370785
LinearSVR,ru_ahk_inner_to_ru_aho_inner,Ru-AHK inner -> Ru-AHO inner,inner,inner,Same mechanism,Delta learning,3,8,3.13437597,2.4711139025295674
LinearSVR,ru_ahk_inner_to_ru_aho_inner,Ru-AHK inner -> Ru-AHO inner,inner,inner,Same mechanism,Delta learning,3,13,2.72095293,3.987041000561093
LinearSVR,ru_ahk_inner_to_ru_aho_inner,Ru-AHK inner -> Ru-AHO inner,inner,inner,Same mechanism,Delta learning,3,17,2.72095293,2.8594075440357205
LinearSVR,ru_ahk_inner_to_ru_aho_inner,Ru-AHK inner -> Ru-AHO inner,inner,inner,Same mechanism,Delta learning,3,19,2.72095293,2.8551656565640107
LinearSVR,ru_ahk_inner_to_ru_aho_inner,Ru-AHK inner -> Ru-AHO inner,inner,inner,Same mechanism,Delta learning,3,24,2.49823771,2.5052766847147416
LinearSVR,ru_ahk_inner_to_ru_aho_inner,Ru-AHK inner -> Ru-AHO inner,inner,inner,Same mechanism,Delta learning,3,25,2.49823771,2.849881513118482
LinearSVR,ru_ahk_inner_to_ru_aho_inner,Ru-AHK inner -> Ru-AHO inner,inner,inner,Same mechanism,Delta learning,3,27,2.47786275,4.5786785287023815
LinearSVR,ru_ahk_inner_to_ru_aho_inner,Ru-AHK inner -> Ru-AHO inner,inner,inner,Same mechanism,Delta learning,3,34,2.30450133,3.2750240632996004
LinearSVR,ru_ahk_inner_to_ru_aho_inner,Ru-AHK inner -> Ru-AHO inner,inner,inner,Same mechanism,Delta learning,3,36,2.28957767,2.6171329405721986
LinearSVR,ru_ahk_inner_to_ru_aho_inner,Ru-AHK inner -> Ru-AHO inner,inner,inner,Same mechanism,Delta learning,3,38,2.20688949,2.993585749305888
LinearSVR,ru_ahk_inner_to_ru_aho_inner,Ru-AHK inner -> Ru-AHO inner,inner,inner,Same mechanism,Delta learning,3,53,1.84440958,1.945422015596458
LinearSVR,ru_ahk_inner_to_ru_aho_inner,Ru-AHK inner -> Ru-AHO inner,inner,inner,Same mechanism,Delta learning,3,55,1.80901573,3.498510715864092
LinearSVR,ru_ahk_inner_to_ru_aho_inner,Ru-AHK inner -> Ru-AHO inner,inner,inner,Same mechanism,Delta learning,3,56,1.73731552,2.6171329405721986
LinearSVR,ru_ahk_inner_to_ru_aho_inner,Ru-AHK inner -> Ru-AHO inner,inner,inner,Same mechanism,Delta learning,3,76,1.36999511,-1.1612804622940054
LinearSVR,ru_ahk_inner_to_ru_aho_inner,Ru-AHK inner -> Ru-AHO inner,inner,inner,Same mechanism,Delta learning,3,78,1.35390456,1.402118286699656
LinearSVR,ru_ahk_inner_to_ru_aho_inner,Ru-AHK inner -> Ru-AHO inner,inner,inner,Same mechanism,Delta learning,3,79,1.33471728,1.0017329856578208
LinearSVR,ru_ahk_inner_to_ru_aho_inner,Ru-AHK inner -> Ru-AHO inner,inner,inner,Same mechanism,Delta learning,3,85,0.80254597,-0.89982349040858
LinearSVR,ru_ahk_inner_to_ru_aho_inner,Ru-AHK inner -> Ru-AHO inner,inner,inner,Same mechanism,Mixed transfer,4,32,2.30450133,2.6397919041178177
LinearSVR,ru_ahk_inner_to_ru_aho_inner,Ru-AHK inner -> Ru-AHO inner,inner,inner,Same mechanism,Mixed transfer,4,41,2.13444943,2.0495865775244857
LinearSVR,ru_ahk_inner_to_ru_aho_inner,Ru-AHK inner -> Ru-AHO inner,inner,inner,Same mechanism,Mixed transfer,4,43,2.11117069,2.120444103419468
LinearSVR,ru_ahk_inner_to_ru_aho_inner,Ru-AHK inner -> Ru-AHO inner,inner,inner,Same mechanism,Mixed transfer,4,46,2.00941149,2.9993029694309814
LinearSVR,ru_ahk_inner_to_ru_aho_inner,Ru-AHK inner -> Ru-AHO inner,inner,inner,Same mechanism,Mixed transfer,4,48,1.96551622,2.058802448061819
LinearSVR,ru_ahk_inner_to_ru_aho_inner,Ru-AHK inner -> Ru-AHO inner,inner,inner,Same mechanism,Mixed transfer,4,50,1.95650617,2.430529769359056
LinearSVR,ru_ahk_inner_to_ru_aho_inner,Ru-AHK inner -> Ru-AHO inner,inner,inner,Same mechanism,Mixed transfer,4,54,1.80901573,1.954259297330442
LinearSVR,ru_ahk_inner_to_ru_aho_inner,Ru-AHK inner -> Ru-AHO inner,inner,inner,Same mechanism,Mixed transfer,4,57,1.68395754,1.843100873226687
LinearSVR,ru_ahk_inner_to_ru_aho_inner,Ru-AHK inner -> Ru-AHO inner,inner,inner,Same mechanism,Mixed transfer,4,58,1.66417952,1.5455138051743251
LinearSVR,ru_ahk_inner_to_ru_aho_inner,Ru-AHK inner -> Ru-AHO inner,inner,inner,Same mechanism,Mixed transfer,4,59,1.62929332,1.7713405666093973
LinearSVR,ru_ahk_inner_to_ru_aho_inner,Ru-AHK inner -> Ru-AHO inner,inner,inner,Same mechanism,Mixed transfer,4,61,1.57873877,1.356721451134451
LinearSVR,ru_ahk_inner_to_ru_aho_inner,Ru-AHK inner -> Ru-AHO inner,inner,inner,Same mechanism,Mixed transfer,4,63,1.56019653,1.3801328369665478
LinearSVR,ru_ahk_inner_to_ru_aho_inner,Ru-AHK inner -> Ru-AHO inner,inner,inner,Same mechanism,Mixed transfer,4,66,1.51369193,1.574328366318034
LinearSVR,ru_ahk_inner_to_ru_aho_inner,Ru-AHK inner -> Ru-AHO inner,inner,inner,Same mechanism,Mixed transfer,4,67,1.51369193,1.5825174347143973
LinearSVR,ru_ahk_inner_to_ru_aho_inner,Ru-AHK inner -> Ru-AHO inner,inner,inner,Same mechanism,Mixed transfer,4,77,1.36283425,0.9651608512528118
LinearSVR,ru_ahk_inner_to_ru_aho_inner,Ru-AHK inner -> Ru-AHO inner,inner,inner,Same mechanism,Mixed transfer,4,84,0.80438248,1.7956663022129593
LinearSVR,ru_ahk_inner_to_ru_aho_inner,Ru-AHK inner -> Ru-AHO inner,inner,inner,Same mechanism,Mixed transfer,4,95,0.0120419,1.4451747538929185
LinearSVR,ru_ahk_inner_to_ru_aho_inner,Ru-AHK inner -> Ru-AHO inner,inner,inner,Same mechanism,Mixed transfer,4,96,0.0,1.2564479964211084
LinearSVR,ru_ahk_inner_to_ru_aho_inner,Ru-AHK inner -> Ru-AHO inner,inner,inner,Same mechanism,Mixed transfer,4,97,0.0,0.17010021069287995
LinearSVR,ru_ahk_inner_to_ru_aho_inner,Ru-AHK inner -> Ru-AHO inner,inner,inner,Same mechanism,Delta learning,4,32,2.30450133,2.631000204153832
LinearSVR,ru_ahk_inner_to_ru_aho_inner,Ru-AHK inner -> Ru-AHO inner,inner,inner,Same mechanism,Delta learning,4,41,2.13444943,2.121635808374129
LinearSVR,ru_ahk_inner_to_ru_aho_inner,Ru-AHK inner -> Ru-AHO inner,inner,inner,Same mechanism,Delta learning,4,43,2.11117069,1.459848229019447
LinearSVR,ru_ahk_inner_to_ru_aho_inner,Ru-AHK inner -> Ru-AHO inner,inner,inner,Same mechanism,Delta learning,4,46,2.00941149,2.825364074279375
LinearSVR,ru_ahk_inner_to_ru_aho_inner,Ru-AHK inner -> Ru-AHO inner,inner,inner,Same mechanism,Delta learning,4,48,1.96551622,2.055200901513407
LinearSVR,ru_ahk_inner_to_ru_aho_inner,Ru-AHK inner -> Ru-AHO inner,inner,inner,Same mechanism,Delta learning,4,50,1.95650617,1.582532155046473
LinearSVR,ru_ahk_inner_to_ru_aho_inner,Ru-AHK inner -> Ru-AHO inner,inner,inner,Same mechanism,Delta learning,4,54,1.80901573,1.8735037113910233
LinearSVR,ru_ahk_inner_to_ru_aho_inner,Ru-AHK inner -> Ru-AHO inner,inner,inner,Same mechanism,Delta learning,4,57,1.68395754,1.882545673675335
LinearSVR,ru_ahk_inner_to_ru_aho_inner,Ru-AHK inner -> Ru-AHO inner,inner,inner,Same mechanism,Delta learning,4,58,1.66417952,1.7855943004141643
LinearSVR,ru_ahk_inner_to_ru_aho_inner,Ru-AHK inner -> Ru-AHO inner,inner,inner,Same mechanism,Delta learning,4,59,1.62929332,1.8084294134300705
LinearSVR,ru_ahk_inner_to_ru_aho_inner,Ru-AHK inner -> Ru-AHO inner,inner,inner,Same mechanism,Delta learning,4,61,1.57873877,1.041730497154202
LinearSVR,ru_ahk_inner_to_ru_aho_inner,Ru-AHK inner -> Ru-AHO inner,inner,inner,Same mechanism,Delta learning,4,63,1.56019653,1.0556583352937499
LinearSVR,ru_ahk_inner_to_ru_aho_inner,Ru-AHK inner -> Ru-AHO inner,inner,inner,Same mechanism,Delta learning,4,66,1.51369193,1.4716525969946226
LinearSVR,ru_ahk_inner_to_ru_aho_inner,Ru-AHK inner -> Ru-AHO inner,inner,inner,Same mechanism,Delta learning,4,67,1.51369193,1.3961917364141592
LinearSVR,ru_ahk_inner_to_ru_aho_inner,Ru-AHK inner -> Ru-AHO inner,inner,inner,Same mechanism,Delta learning,4,77,1.36283425,0.8470084921578658
LinearSVR,ru_ahk_inner_to_ru_aho_inner,Ru-AHK inner -> Ru-AHO inner,inner,inner,Same mechanism,Delta learning,4,84,0.80438248,1.0162196548072089
LinearSVR,ru_ahk_inner_to_ru_aho_inner,Ru-AHK inner -> Ru-AHO inner,inner,inner,Same mechanism,Delta learning,4,95,0.0120419,1.0497351407278943
LinearSVR,ru_ahk_inner_to_ru_aho_inner,Ru-AHK inner -> Ru-AHO inner,inner,inner,Same mechanism,Delta learning,4,96,0.0,0.7690949937434644
LinearSVR,ru_ahk_inner_to_ru_aho_inner,Ru-AHK inner -> Ru-AHO inner,inner,inner,Same mechanism,Delta learning,4,97,0.0,-0.626125734975624
LinearSVR,ru_ahk_inner_to_ru_aho_inner,Ru-AHK inner -> Ru-AHO inner,inner,inner,Same mechanism,Mixed transfer,5,1,4.50050002,2.0660585109524012
LinearSVR,ru_ahk_inner_to_ru_aho_inner,Ru-AHK inner -> Ru-AHO inner,inner,inner,Same mechanism,Mixed transfer,5,2,3.84937533,1.9061862690254396
LinearSVR,ru_ahk_inner_to_ru_aho_inner,Ru-AHK inner -> Ru-AHO inner,inner,inner,Same mechanism,Mixed transfer,5,14,2.72095293,3.0121466338288307
LinearSVR,ru_ahk_inner_to_ru_aho_inner,Ru-AHK inner -> Ru-AHO inner,inner,inner,Same mechanism,Mixed transfer,5,20,2.72095293,1.7215610950619111
LinearSVR,ru_ahk_inner_to_ru_aho_inner,Ru-AHK inner -> Ru-AHO inner,inner,inner,Same mechanism,Mixed transfer,5,21,2.6917632,2.4498338200217975
LinearSVR,ru_ahk_inner_to_ru_aho_inner,Ru-AHK inner -> Ru-AHO inner,inner,inner,Same mechanism,Mixed transfer,5,23,2.61179564,2.018876196732605
LinearSVR,ru_ahk_inner_to_ru_aho_inner,Ru-AHK inner -> Ru-AHO inner,inner,inner,Same mechanism,Mixed transfer,5,29,2.47786275,2.2721669193451453
LinearSVR,ru_ahk_inner_to_ru_aho_inner,Ru-AHK inner -> Ru-AHO inner,inner,inner,Same mechanism,Mixed transfer,5,37,2.26077037,2.5964055569453777
LinearSVR,ru_ahk_inner_to_ru_aho_inner,Ru-AHK inner -> Ru-AHO inner,inner,inner,Same mechanism,Mixed transfer,5,51,1.94448624,1.9023183486958812
LinearSVR,ru_ahk_inner_to_ru_aho_inner,Ru-AHK inner -> Ru-AHO inner,inner,inner,Same mechanism,Mixed transfer,5,52,1.88185187,1.753751306708232
LinearSVR,ru_ahk_inner_to_ru_aho_inner,Ru-AHK inner -> Ru-AHO inner,inner,inner,Same mechanism,Mixed transfer,5,60,1.62929332,2.9403445885050234
LinearSVR,ru_ahk_inner_to_ru_aho_inner,Ru-AHK inner -> Ru-AHO inner,inner,inner,Same mechanism,Mixed transfer,5,71,1.47016368,1.5212028985713362
LinearSVR,ru_ahk_inner_to_ru_aho_inner,Ru-AHK inner -> Ru-AHO inner,inner,inner,Same mechanism,Mixed transfer,5,74,1.38325909,1.4944430261069388
LinearSVR,ru_ahk_inner_to_ru_aho_inner,Ru-AHK inner -> Ru-AHO inner,inner,inner,Same mechanism,Mixed transfer,5,82,0.99242206,0.6958104425957468
LinearSVR,ru_ahk_inner_to_ru_aho_inner,Ru-AHK inner -> Ru-AHO inner,inner,inner,Same mechanism,Mixed transfer,5,86,0.67501313,2.603083986968821
LinearSVR,ru_ahk_inner_to_ru_aho_inner,Ru-AHK inner -> Ru-AHO inner,inner,inner,Same mechanism,Mixed transfer,5,87,0.56782018,2.225629034191511
LinearSVR,ru_ahk_inner_to_ru_aho_inner,Ru-AHK inner -> Ru-AHO inner,inner,inner,Same mechanism,Mixed transfer,5,89,0.33293116,2.450026421262722
LinearSVR,ru_ahk_inner_to_ru_aho_inner,Ru-AHK inner -> Ru-AHO inner,inner,inner,Same mechanism,Mixed transfer,5,91,0.10866753,-0.09261560156855353
LinearSVR,ru_ahk_inner_to_ru_aho_inner,Ru-AHK inner -> Ru-AHO inner,inner,inner,Same mechanism,Mixed transfer,5,92,0.09139463,0.7934835103584021
LinearSVR,ru_ahk_inner_to_ru_aho_inner,Ru-AHK inner -> Ru-AHO inner,inner,inner,Same mechanism,Delta learning,5,1,4.50050002,2.577840819604023
LinearSVR,ru_ahk_inner_to_ru_aho_inner,Ru-AHK inner -> Ru-AHO inner,inner,inner,Same mechanism,Delta learning,5,2,3.84937533,2.286369311577185
LinearSVR,ru_ahk_inner_to_ru_aho_inner,Ru-AHK inner -> Ru-AHO inner,inner,inner,Same mechanism,Delta learning,5,14,2.72095293,2.4000716083581297
LinearSVR,ru_ahk_inner_to_ru_aho_inner,Ru-AHK inner -> Ru-AHO inner,inner,inner,Same mechanism,Delta learning,5,20,2.72095293,2.0462497227770364
LinearSVR,ru_ahk_inner_to_ru_aho_inner,Ru-AHK inner -> Ru-AHO inner,inner,inner,Same mechanism,Delta learning,5,21,2.6917632,3.2376019115451156
LinearSVR,ru_ahk_inner_to_ru_aho_inner,Ru-AHK inner -> Ru-AHO inner,inner,inner,Same mechanism,Delta learning,5,23,2.61179564,2.117282529987398
LinearSVR,ru_ahk_inner_to_ru_aho_inner,Ru-AHK inner -> Ru-AHO inner,inner,inner,Same mechanism,Delta learning,5,29,2.47786275,2.672036892476225
LinearSVR,ru_ahk_inner_to_ru_aho_inner,Ru-AHK inner -> Ru-AHO inner,inner,inner,Same mechanism,Delta learning,5,37,2.26077037,1.6921506949894
LinearSVR,ru_ahk_inner_to_ru_aho_inner,Ru-AHK inner -> Ru-AHO inner,inner,inner,Same mechanism,Delta learning,5,51,1.94448624,1.895410165323897
LinearSVR,ru_ahk_inner_to_ru_aho_inner,Ru-AHK inner -> Ru-AHO inner,inner,inner,Same mechanism,Delta learning,5,52,1.88185187,1.7062559891675568
LinearSVR,ru_ahk_inner_to_ru_aho_inner,Ru-AHK inner -> Ru-AHO inner,inner,inner,Same mechanism,Delta learning,5,60,1.62929332,2.8125623900459735
LinearSVR,ru_ahk_inner_to_ru_aho_inner,Ru-AHK inner -> Ru-AHO inner,inner,inner,Same mechanism,Delta learning,5,71,1.47016368,1.6770910546700282
LinearSVR,ru_ahk_inner_to_ru_aho_inner,Ru-AHK inner -> Ru-AHO inner,inner,inner,Same mechanism,Delta learning,5,74,1.38325909,1.4606059802589222
LinearSVR,ru_ahk_inner_to_ru_aho_inner,Ru-AHK inner -> Ru-AHO inner,inner,inner,Same mechanism,Delta learning,5,82,0.99242206,1.0247768611521058
LinearSVR,ru_ahk_inner_to_ru_aho_inner,Ru-AHK inner -> Ru-AHO inner,inner,inner,Same mechanism,Delta learning,5,86,0.67501313,2.6558819555953193
LinearSVR,ru_ahk_inner_to_ru_aho_inner,Ru-AHK inner -> Ru-AHO inner,inner,inner,Same mechanism,Delta learning,5,87,0.56782018,1.2279963634029443
LinearSVR,ru_ahk_inner_to_ru_aho_inner,Ru-AHK inner -> Ru-AHO inner,inner,inner,Same mechanism,Delta learning,5,89,0.33293116,1.281772829255277
LinearSVR,ru_ahk_inner_to_ru_aho_inner,Ru-AHK inner -> Ru-AHO inner,inner,inner,Same mechanism,Delta learning,5,91,0.10866753,-0.31736444174161393
LinearSVR,ru_ahk_inner_to_ru_aho_inner,Ru-AHK inner -> Ru-AHO inner,inner,inner,Same mechanism,Delta learning,5,92,0.09139463,2.232473203618263
LinearSVR,ru_ahk_outer_to_ru_aho_inner,Ru-AHK outer -> Ru-AHO inner,outer,inner,Different mechanism,Mixed transfer,1,0,4.50050002,2.9213761101592626
LinearSVR,ru_ahk_outer_to_ru_aho_inner,Ru-AHK outer -> Ru-AHO inner,outer,inner,Different mechanism,Mixed transfer,1,4,3.13437597,2.52974786791689
LinearSVR,ru_ahk_outer_to_ru_aho_inner,Ru-AHK outer -> Ru-AHO inner,outer,inner,Different mechanism,Mixed transfer,1,10,2.89279432,2.5389719013657563
LinearSVR,ru_ahk_outer_to_ru_aho_inner,Ru-AHK outer -> Ru-AHO inner,outer,inner,Different mechanism,Mixed transfer,1,12,2.72095293,2.554119103262143
LinearSVR,ru_ahk_outer_to_ru_aho_inner,Ru-AHK outer -> Ru-AHO inner,outer,inner,Different mechanism,Mixed transfer,1,18,2.72095293,2.458133237956002
LinearSVR,ru_ahk_outer_to_ru_aho_inner,Ru-AHK outer -> Ru-AHO inner,outer,inner,Different mechanism,Mixed transfer,1,22,2.63729647,2.2458109686857495
LinearSVR,ru_ahk_outer_to_ru_aho_inner,Ru-AHK outer -> Ru-AHO inner,outer,inner,Different mechanism,Mixed transfer,1,26,2.49268506,1.8714212807026374
LinearSVR,ru_ahk_outer_to_ru_aho_inner,Ru-AHK outer -> Ru-AHO inner,outer,inner,Different mechanism,Mixed transfer,1,31,2.30450133,1.4278435317027074
LinearSVR,ru_ahk_outer_to_ru_aho_inner,Ru-AHK outer -> Ru-AHO inner,outer,inner,Different mechanism,Mixed transfer,1,40,2.13954868,2.0060094732706584
LinearSVR,ru_ahk_outer_to_ru_aho_inner,Ru-AHK outer -> Ru-AHO inner,outer,inner,Different mechanism,Mixed transfer,1,42,2.12255274,2.2106005460184845
LinearSVR,ru_ahk_outer_to_ru_aho_inner,Ru-AHK outer -> Ru-AHO inner,outer,inner,Different mechanism,Mixed transfer,1,44,2.02174776,1.87807835303951
LinearSVR,ru_ahk_outer_to_ru_aho_inner,Ru-AHK outer -> Ru-AHO inner,outer,inner,Different mechanism,Mixed transfer,1,47,1.97754867,1.8024899494706974
LinearSVR,ru_ahk_outer_to_ru_aho_inner,Ru-AHK outer -> Ru-AHO inner,outer,inner,Different mechanism,Mixed transfer,1,62,1.56906465,1.764319365493485
LinearSVR,ru_ahk_outer_to_ru_aho_inner,Ru-AHK outer -> Ru-AHO inner,outer,inner,Different mechanism,Mixed transfer,1,64,1.53168147,1.3640779468323574
LinearSVR,ru_ahk_outer_to_ru_aho_inner,Ru-AHK outer -> Ru-AHO inner,outer,inner,Different mechanism,Mixed transfer,1,73,1.39055932,1.4211779202158952
LinearSVR,ru_ahk_outer_to_ru_aho_inner,Ru-AHK outer -> Ru-AHO inner,outer,inner,Different mechanism,Mixed transfer,1,75,1.36999511,1.3624275119147482
LinearSVR,ru_ahk_outer_to_ru_aho_inner,Ru-AHK outer -> Ru-AHO inner,outer,inner,Different mechanism,Mixed transfer,1,81,1.00421655,1.562732583116337
LinearSVR,ru_ahk_outer_to_ru_aho_inner,Ru-AHK outer -> Ru-AHO inner,outer,inner,Different mechanism,Mixed transfer,1,83,0.83956097,1.4444592494793926
LinearSVR,ru_ahk_outer_to_ru_aho_inner,Ru-AHK outer -> Ru-AHO inner,outer,inner,Different mechanism,Mixed transfer,1,90,0.19433377,-0.032593134679815616
LinearSVR,ru_ahk_outer_to_ru_aho_inner,Ru-AHK outer -> Ru-AHO inner,outer,inner,Different mechanism,Mixed transfer,1,94,0.04739647,2.171326947745567
LinearSVR,ru_ahk_outer_to_ru_aho_inner,Ru-AHK outer -> Ru-AHO inner,outer,inner,Different mechanism,Delta learning,1,0,4.50050002,2.9426765819844483
LinearSVR,ru_ahk_outer_to_ru_aho_inner,Ru-AHK outer -> Ru-AHO inner,outer,inner,Different mechanism,Delta learning,1,4,3.13437597,2.7166968225378767
LinearSVR,ru_ahk_outer_to_ru_aho_inner,Ru-AHK outer -> Ru-AHO inner,outer,inner,Different mechanism,Delta learning,1,10,2.89279432,2.8180503827180017
LinearSVR,ru_ahk_outer_to_ru_aho_inner,Ru-AHK outer -> Ru-AHO inner,outer,inner,Different mechanism,Delta learning,1,12,2.72095293,2.787306321096259
LinearSVR,ru_ahk_outer_to_ru_aho_inner,Ru-AHK outer -> Ru-AHO inner,outer,inner,Different mechanism,Delta learning,1,18,2.72095293,2.475278931526132
LinearSVR,ru_ahk_outer_to_ru_aho_inner,Ru-AHK outer -> Ru-AHO inner,outer,inner,Different mechanism,Delta learning,1,22,2.63729647,1.6443827205208552
LinearSVR,ru_ahk_outer_to_ru_aho_inner,Ru-AHK outer -> Ru-AHO inner,outer,inner,Different mechanism,Delta learning,1,26,2.49268506,1.6582375105075704
LinearSVR,ru_ahk_outer_to_ru_aho_inner,Ru-AHK outer -> Ru-AHO inner,outer,inner,Different mechanism,Delta learning,1,31,2.30450133,1.6557841406351024
LinearSVR,ru_ahk_outer_to_ru_aho_inner,Ru-AHK outer -> Ru-AHO inner,outer,inner,Different mechanism,Delta learning,1,40,2.13954868,2.200734107672968
LinearSVR,ru_ahk_outer_to_ru_aho_inner,Ru-AHK outer -> Ru-AHO inner,outer,inner,Different mechanism,Delta learning,1,42,2.12255274,2.2960608920041716
LinearSVR,ru_ahk_outer_to_ru_aho_inner,Ru-AHK outer -> Ru-AHO inner,outer,inner,Different mechanism,Delta learning,1,44,2.02174776,2.0239313851264837
LinearSVR,ru_ahk_outer_to_ru_aho_inner,Ru-AHK outer -> Ru-AHO inner,outer,inner,Different mechanism,Delta learning,1,47,1.97754867,1.5191620770530676
LinearSVR,ru_ahk_outer_to_ru_aho_inner,Ru-AHK outer -> Ru-AHO inner,outer,inner,Different mechanism,Delta learning,1,62,1.56906465,1.943402438311311
LinearSVR,ru_ahk_outer_to_ru_aho_inner,Ru-AHK outer -> Ru-AHO inner,outer,inner,Different mechanism,Delta learning,1,64,1.53168147,1.4812977628725976
LinearSVR,ru_ahk_outer_to_ru_aho_inner,Ru-AHK outer -> Ru-AHO inner,outer,inner,Different mechanism,Delta learning,1,73,1.39055932,1.4905822643845217
LinearSVR,ru_ahk_outer_to_ru_aho_inner,Ru-AHK outer -> Ru-AHO inner,outer,inner,Different mechanism,Delta learning,1,75,1.36999511,1.3645721646097206
LinearSVR,ru_ahk_outer_to_ru_aho_inner,Ru-AHK outer -> Ru-AHO inner,outer,inner,Different mechanism,Delta learning,1,81,1.00421655,1.6995705384882576
LinearSVR,ru_ahk_outer_to_ru_aho_inner,Ru-AHK outer -> Ru-AHO inner,outer,inner,Different mechanism,Delta learning,1,83,0.83956097,1.521952238741771
LinearSVR,ru_ahk_outer_to_ru_aho_inner,Ru-AHK outer -> Ru-AHO inner,outer,inner,Different mechanism,Delta learning,1,90,0.19433377,0.045701599118849634
LinearSVR,ru_ahk_outer_to_ru_aho_inner,Ru-AHK outer -> Ru-AHO inner,outer,inner,Different mechanism,Delta learning,1,94,0.04739647,2.245847211186762
LinearSVR,ru_ahk_outer_to_ru_aho_inner,Ru-AHK outer -> Ru-AHO inner,outer,inner,Different mechanism,Mixed transfer,2,5,3.13437597,3.0931564829886358
LinearSVR,ru_ahk_outer_to_ru_aho_inner,Ru-AHK outer -> Ru-AHO inner,outer,inner,Different mechanism,Mixed transfer,2,9,3.13437597,2.684625200820993
LinearSVR,ru_ahk_outer_to_ru_aho_inner,Ru-AHK outer -> Ru-AHO inner,outer,inner,Different mechanism,Mixed transfer,2,11,2.81808334,2.7464375548695616
LinearSVR,ru_ahk_outer_to_ru_aho_inner,Ru-AHK outer -> Ru-AHO inner,outer,inner,Different mechanism,Mixed transfer,2,15,2.72095293,0.6256702461850927
LinearSVR,ru_ahk_outer_to_ru_aho_inner,Ru-AHK outer -> Ru-AHO inner,outer,inner,Different mechanism,Mixed transfer,2,16,2.72095293,2.7554016456075323
LinearSVR,ru_ahk_outer_to_ru_aho_inner,Ru-AHK outer -> Ru-AHO inner,outer,inner,Different mechanism,Mixed transfer,2,28,2.47786275,2.60547779081735
LinearSVR,ru_ahk_outer_to_ru_aho_inner,Ru-AHK outer -> Ru-AHO inner,outer,inner,Different mechanism,Mixed transfer,2,30,2.3515711,3.379282057458605
LinearSVR,ru_ahk_outer_to_ru_aho_inner,Ru-AHK outer -> Ru-AHO inner,outer,inner,Different mechanism,Mixed transfer,2,33,2.30450133,3.1192073852637012
LinearSVR,ru_ahk_outer_to_ru_aho_inner,Ru-AHK outer -> Ru-AHO inner,outer,inner,Different mechanism,Mixed transfer,2,35,2.30450133,3.949340157750134
LinearSVR,ru_ahk_outer_to_ru_aho_inner,Ru-AHK outer -> Ru-AHO inner,outer,inner,Different mechanism,Mixed transfer,2,39,2.16934032,4.050756533784442
LinearSVR,ru_ahk_outer_to_ru_aho_inner,Ru-AHK outer -> Ru-AHO inner,outer,inner,Different mechanism,Mixed transfer,2,45,2.01889808,1.954899373162798
LinearSVR,ru_ahk_outer_to_ru_aho_inner,Ru-AHK outer -> Ru-AHO inner,outer,inner,Different mechanism,Mixed transfer,2,49,1.9607788,4.560932806064693
LinearSVR,ru_ahk_outer_to_ru_aho_inner,Ru-AHK outer -> Ru-AHO inner,outer,inner,Different mechanism,Mixed transfer,2,65,1.53168147,1.5739165692489725
LinearSVR,ru_ahk_outer_to_ru_aho_inner,Ru-AHK outer -> Ru-AHO inner,outer,inner,Different mechanism,Mixed transfer,2,68,1.49260764,2.0159861005030124
LinearSVR,ru_ahk_outer_to_ru_aho_inner,Ru-AHK outer -> Ru-AHO inner,outer,inner,Different mechanism,Mixed transfer,2,69,1.48763592,2.572530905035958
LinearSVR,ru_ahk_outer_to_ru_aho_inner,Ru-AHK outer -> Ru-AHO inner,outer,inner,Different mechanism,Mixed transfer,2,70,1.47570337,0.914911272139965
LinearSVR,ru_ahk_outer_to_ru_aho_inner,Ru-AHK outer -> Ru-AHO inner,outer,inner,Different mechanism,Mixed transfer,2,72,1.40708549,1.5739165692489725
LinearSVR,ru_ahk_outer_to_ru_aho_inner,Ru-AHK outer -> Ru-AHO inner,outer,inner,Different mechanism,Mixed transfer,2,80,1.31904107,1.4846012954148975
LinearSVR,ru_ahk_outer_to_ru_aho_inner,Ru-AHK outer -> Ru-AHO inner,outer,inner,Different mechanism,Mixed transfer,2,88,0.39647984,2.010897877810098
LinearSVR,ru_ahk_outer_to_ru_aho_inner,Ru-AHK outer -> Ru-AHO inner,outer,inner,Different mechanism,Mixed transfer,2,93,0.04819171,0.1717132778735082
LinearSVR,ru_ahk_outer_to_ru_aho_inner,Ru-AHK outer -> Ru-AHO inner,outer,inner,Different mechanism,Delta learning,2,5,3.13437597,3.1324899072493437
LinearSVR,ru_ahk_outer_to_ru_aho_inner,Ru-AHK outer -> Ru-AHO inner,outer,inner,Different mechanism,Delta learning,2,9,3.13437597,2.792768637431612
LinearSVR,ru_ahk_outer_to_ru_aho_inner,Ru-AHK outer -> Ru-AHO inner,outer,inner,Different mechanism,Delta learning,2,11,2.81808334,2.6381212136105043
LinearSVR,ru_ahk_outer_to_ru_aho_inner,Ru-AHK outer -> Ru-AHO inner,outer,inner,Different mechanism,Delta learning,2,15,2.72095293,0.5120691549574872
LinearSVR,ru_ahk_outer_to_ru_aho_inner,Ru-AHK outer -> Ru-AHO inner,outer,inner,Different mechanism,Delta learning,2,16,2.72095293,3.137135193500531
LinearSVR,ru_ahk_outer_to_ru_aho_inner,Ru-AHK outer -> Ru-AHO inner,outer,inner,Different mechanism,Delta learning,2,28,2.47786275,2.737036715022125
LinearSVR,ru_ahk_outer_to_ru_aho_inner,Ru-AHK outer -> Ru-AHO inner,outer,inner,Different mechanism,Delta learning,2,30,2.3515711,2.720233247726375
LinearSVR,ru_ahk_outer_to_ru_aho_inner,Ru-AHK outer -> Ru-AHO inner,outer,inner,Different mechanism,Delta learning,2,33,2.30450133,3.1046913356553483
LinearSVR,ru_ahk_outer_to_ru_aho_inner,Ru-AHK outer -> Ru-AHO inner,outer,inner,Different mechanism,Delta learning,2,35,2.30450133,2.035669666129566
LinearSVR,ru_ahk_outer_to_ru_aho_inner,Ru-AHK outer -> Ru-AHO inner,outer,inner,Different mechanism,Delta learning,2,39,2.16934032,2.5671851259025558
LinearSVR,ru_ahk_outer_to_ru_aho_inner,Ru-AHK outer -> Ru-AHO inner,outer,inner,Different mechanism,Delta learning,2,45,2.01889808,2.015676962279595
LinearSVR,ru_ahk_outer_to_ru_aho_inner,Ru-AHK outer -> Ru-AHO inner,outer,inner,Different mechanism,Delta learning,2,49,1.9607788,1.834780638611321
LinearSVR,ru_ahk_outer_to_ru_aho_inner,Ru-AHK outer -> Ru-AHO inner,outer,inner,Different mechanism,Delta learning,2,65,1.53168147,1.3732153261065565
LinearSVR,ru_ahk_outer_to_ru_aho_inner,Ru-AHK outer -> Ru-AHO inner,outer,inner,Different mechanism,Delta learning,2,68,1.49260764,1.8690531878818182
LinearSVR,ru_ahk_outer_to_ru_aho_inner,Ru-AHK outer -> Ru-AHO inner,outer,inner,Different mechanism,Delta learning,2,69,1.48763592,2.6789749034455403
LinearSVR,ru_ahk_outer_to_ru_aho_inner,Ru-AHK outer -> Ru-AHO inner,outer,inner,Different mechanism,Delta learning,2,70,1.47570337,0.5253572074024437
LinearSVR,ru_ahk_outer_to_ru_aho_inner,Ru-AHK outer -> Ru-AHO inner,outer,inner,Different mechanism,Delta learning,2,72,1.40708549,1.3732153261065565
LinearSVR,ru_ahk_outer_to_ru_aho_inner,Ru-AHK outer -> Ru-AHO inner,outer,inner,Different mechanism,Delta learning,2,80,1.31904107,1.3546775894688503
LinearSVR,ru_ahk_outer_to_ru_aho_inner,Ru-AHK outer -> Ru-AHO inner,outer,inner,Different mechanism,Delta learning,2,88,0.39647984,0.8690332699004789
LinearSVR,ru_ahk_outer_to_ru_aho_inner,Ru-AHK outer -> Ru-AHO inner,outer,inner,Different mechanism,Delta learning,2,93,0.04819171,0.19116216548322207
LinearSVR,ru_ahk_outer_to_ru_aho_inner,Ru-AHK outer -> Ru-AHO inner,outer,inner,Different mechanism,Mixed transfer,3,3,3.67873076,1.939654542447217
LinearSVR,ru_ahk_outer_to_ru_aho_inner,Ru-AHK outer -> Ru-AHO inner,outer,inner,Different mechanism,Mixed transfer,3,6,3.13437597,1.5989241332088202
LinearSVR,ru_ahk_outer_to_ru_aho_inner,Ru-AHK outer -> Ru-AHO inner,outer,inner,Different mechanism,Mixed transfer,3,7,3.13437597,3.164582026582507
LinearSVR,ru_ahk_outer_to_ru_aho_inner,Ru-AHK outer -> Ru-AHO inner,outer,inner,Different mechanism,Mixed transfer,3,8,3.13437597,1.593884808434034
LinearSVR,ru_ahk_outer_to_ru_aho_inner,Ru-AHK outer -> Ru-AHO inner,outer,inner,Different mechanism,Mixed transfer,3,13,2.72095293,2.676861380275073
LinearSVR,ru_ahk_outer_to_ru_aho_inner,Ru-AHK outer -> Ru-AHO inner,outer,inner,Different mechanism,Mixed transfer,3,17,2.72095293,2.657977654178394
LinearSVR,ru_ahk_outer_to_ru_aho_inner,Ru-AHK outer -> Ru-AHO inner,outer,inner,Different mechanism,Mixed transfer,3,19,2.72095293,2.496772217960282
LinearSVR,ru_ahk_outer_to_ru_aho_inner,Ru-AHK outer -> Ru-AHO inner,outer,inner,Different mechanism,Mixed transfer,3,24,2.49823771,3.692943492918009
LinearSVR,ru_ahk_outer_to_ru_aho_inner,Ru-AHK outer -> Ru-AHO inner,outer,inner,Different mechanism,Mixed transfer,3,25,2.49823771,2.108070741296781
LinearSVR,ru_ahk_outer_to_ru_aho_inner,Ru-AHK outer -> Ru-AHO inner,outer,inner,Different mechanism,Mixed transfer,3,27,2.47786275,3.0000952256100573
LinearSVR,ru_ahk_outer_to_ru_aho_inner,Ru-AHK outer -> Ru-AHO inner,outer,inner,Different mechanism,Mixed transfer,3,34,2.30450133,2.757122690243341
LinearSVR,ru_ahk_outer_to_ru_aho_inner,Ru-AHK outer -> Ru-AHO inner,outer,inner,Different mechanism,Mixed transfer,3,36,2.28957767,2.132145729018384
LinearSVR,ru_ahk_outer_to_ru_aho_inner,Ru-AHK outer -> Ru-AHO inner,outer,inner,Different mechanism,Mixed transfer,3,38,2.20688949,2.9678951084376313
LinearSVR,ru_ahk_outer_to_ru_aho_inner,Ru-AHK outer -> Ru-AHO inner,outer,inner,Different mechanism,Mixed transfer,3,53,1.84440958,1.9826945213287224
LinearSVR,ru_ahk_outer_to_ru_aho_inner,Ru-AHK outer -> Ru-AHO inner,outer,inner,Different mechanism,Mixed transfer,3,55,1.80901573,-0.6278072970788755
LinearSVR,ru_ahk_outer_to_ru_aho_inner,Ru-AHK outer -> Ru-AHO inner,outer,inner,Different mechanism,Mixed transfer,3,56,1.73731552,2.132145729018384
LinearSVR,ru_ahk_outer_to_ru_aho_inner,Ru-AHK outer -> Ru-AHO inner,outer,inner,Different mechanism,Mixed transfer,3,76,1.36999511,0.04850663659117971
LinearSVR,ru_ahk_outer_to_ru_aho_inner,Ru-AHK outer -> Ru-AHO inner,outer,inner,Different mechanism,Mixed transfer,3,78,1.35390456,1.478002825845103
LinearSVR,ru_ahk_outer_to_ru_aho_inner,Ru-AHK outer -> Ru-AHO inner,outer,inner,Different mechanism,Mixed transfer,3,79,1.33471728,1.3793009070349735
LinearSVR,ru_ahk_outer_to_ru_aho_inner,Ru-AHK outer -> Ru-AHO inner,outer,inner,Different mechanism,Mixed transfer,3,85,0.80254597,0.10071008649456448
LinearSVR,ru_ahk_outer_to_ru_aho_inner,Ru-AHK outer -> Ru-AHO inner,outer,inner,Different mechanism,Delta learning,3,3,3.67873076,2.1452802202386008
LinearSVR,ru_ahk_outer_to_ru_aho_inner,Ru-AHK outer -> Ru-AHO inner,outer,inner,Different mechanism,Delta learning,3,6,3.13437597,-0.09446508460971303
LinearSVR,ru_ahk_outer_to_ru_aho_inner,Ru-AHK outer -> Ru-AHO inner,outer,inner,Different mechanism,Delta learning,3,7,3.13437597,4.593047504022509
LinearSVR,ru_ahk_outer_to_ru_aho_inner,Ru-AHK outer -> Ru-AHO inner,outer,inner,Different mechanism,Delta learning,3,8,3.13437597,1.3572410016037657
LinearSVR,ru_ahk_outer_to_ru_aho_inner,Ru-AHK outer -> Ru-AHO inner,outer,inner,Different mechanism,Delta learning,3,13,2.72095293,3.7605218105088745
LinearSVR,ru_ahk_outer_to_ru_aho_inner,Ru-AHK outer -> Ru-AHO inner,outer,inner,Different mechanism,Delta learning,3,17,2.72095293,2.9982916828135657
LinearSVR,ru_ahk_outer_to_ru_aho_inner,Ru-AHK outer -> Ru-AHO inner,outer,inner,Different mechanism,Delta learning,3,19,2.72095293,2.9346235064797974
LinearSVR,ru_ahk_outer_to_ru_aho_inner,Ru-AHK outer -> Ru-AHO inner,outer,inner,Different mechanism,Delta learning,3,24,2.49823771,3.1135641359368647
LinearSVR,ru_ahk_outer_to_ru_aho_inner,Ru-AHK outer -> Ru-AHO inner,outer,inner,Different mechanism,Delta learning,3,25,2.49823771,2.6111240457257763
LinearSVR,ru_ahk_outer_to_ru_aho_inner,Ru-AHK outer -> Ru-AHO inner,outer,inner,Different mechanism,Delta learning,3,27,2.47786275,4.374246054697247
LinearSVR,ru_ahk_outer_to_ru_aho_inner,Ru-AHK outer -> Ru-AHO inner,outer,inner,Different mechanism,Delta learning,3,34,2.30450133,3.2614662718875667
LinearSVR,ru_ahk_outer_to_ru_aho_inner,Ru-AHK outer -> Ru-AHO inner,outer,inner,Different mechanism,Delta learning,3,36,2.28957767,2.6106341662895423
LinearSVR,ru_ahk_outer_to_ru_aho_inner,Ru-AHK outer -> Ru-AHO inner,outer,inner,Different mechanism,Delta learning,3,38,2.20688949,2.9589015830502565
LinearSVR,ru_ahk_outer_to_ru_aho_inner,Ru-AHK outer -> Ru-AHO inner,outer,inner,Different mechanism,Delta learning,3,53,1.84440958,1.9912855282852393
LinearSVR,ru_ahk_outer_to_ru_aho_inner,Ru-AHK outer -> Ru-AHO inner,outer,inner,Different mechanism,Delta learning,3,55,1.80901573,-0.007094415459202974
LinearSVR,ru_ahk_outer_to_ru_aho_inner,Ru-AHK outer -> Ru-AHO inner,outer,inner,Different mechanism,Delta learning,3,56,1.73731552,2.6106341662895423
LinearSVR,ru_ahk_outer_to_ru_aho_inner,Ru-AHK outer -> Ru-AHO inner,outer,inner,Different mechanism,Delta learning,3,76,1.36999511,-1.1576222588217346
LinearSVR,ru_ahk_outer_to_ru_aho_inner,Ru-AHK outer -> Ru-AHO inner,outer,inner,Different mechanism,Delta learning,3,78,1.35390456,1.6735735141373822
LinearSVR,ru_ahk_outer_to_ru_aho_inner,Ru-AHK outer -> Ru-AHO inner,outer,inner,Different mechanism,Delta learning,3,79,1.33471728,0.9899221514949139
LinearSVR,ru_ahk_outer_to_ru_aho_inner,Ru-AHK outer -> Ru-AHO inner,outer,inner,Different mechanism,Delta learning,3,85,0.80254597,-0.8928026629041277
LinearSVR,ru_ahk_outer_to_ru_aho_inner,Ru-AHK outer -> Ru-AHO inner,outer,inner,Different mechanism,Mixed transfer,4,32,2.30450133,2.2579812319112076
LinearSVR,ru_ahk_outer_to_ru_aho_inner,Ru-AHK outer -> Ru-AHO inner,outer,inner,Different mechanism,Mixed transfer,4,41,2.13444943,2.2242772312758965
LinearSVR,ru_ahk_outer_to_ru_aho_inner,Ru-AHK outer -> Ru-AHO inner,outer,inner,Different mechanism,Mixed transfer,4,43,2.11117069,1.4370104984920664
LinearSVR,ru_ahk_outer_to_ru_aho_inner,Ru-AHK outer -> Ru-AHO inner,outer,inner,Different mechanism,Mixed transfer,4,46,2.00941149,2.743916331946778
LinearSVR,ru_ahk_outer_to_ru_aho_inner,Ru-AHK outer -> Ru-AHO inner,outer,inner,Different mechanism,Mixed transfer,4,48,1.96551622,2.0767505027317448
LinearSVR,ru_ahk_outer_to_ru_aho_inner,Ru-AHK outer -> Ru-AHO inner,outer,inner,Different mechanism,Mixed transfer,4,50,1.95650617,1.444528935986294
LinearSVR,ru_ahk_outer_to_ru_aho_inner,Ru-AHK outer -> Ru-AHO inner,outer,inner,Different mechanism,Mixed transfer,4,54,1.80901573,2.493872756973274
LinearSVR,ru_ahk_outer_to_ru_aho_inner,Ru-AHK outer -> Ru-AHO inner,outer,inner,Different mechanism,Mixed transfer,4,57,1.68395754,1.8075315385565662
LinearSVR,ru_ahk_outer_to_ru_aho_inner,Ru-AHK outer -> Ru-AHO inner,outer,inner,Different mechanism,Mixed transfer,4,58,1.66417952,1.4538505848694743
LinearSVR,ru_ahk_outer_to_ru_aho_inner,Ru-AHK outer -> Ru-AHO inner,outer,inner,Different mechanism,Mixed transfer,4,59,1.62929332,1.7489500654455126
LinearSVR,ru_ahk_outer_to_ru_aho_inner,Ru-AHK outer -> Ru-AHO inner,outer,inner,Different mechanism,Mixed transfer,4,61,1.57873877,1.2848521251996097
LinearSVR,ru_ahk_outer_to_ru_aho_inner,Ru-AHK outer -> Ru-AHO inner,outer,inner,Different mechanism,Mixed transfer,4,63,1.56019653,1.293207823836377
LinearSVR,ru_ahk_outer_to_ru_aho_inner,Ru-AHK outer -> Ru-AHO inner,outer,inner,Different mechanism,Mixed transfer,4,66,1.51369193,1.4854335640558172
LinearSVR,ru_ahk_outer_to_ru_aho_inner,Ru-AHK outer -> Ru-AHO inner,outer,inner,Different mechanism,Mixed transfer,4,67,1.51369193,1.5073840046609046
LinearSVR,ru_ahk_outer_to_ru_aho_inner,Ru-AHK outer -> Ru-AHO inner,outer,inner,Different mechanism,Mixed transfer,4,77,1.36283425,1.1714474858413517
LinearSVR,ru_ahk_outer_to_ru_aho_inner,Ru-AHK outer -> Ru-AHO inner,outer,inner,Different mechanism,Mixed transfer,4,84,0.80438248,1.9808940057293145
LinearSVR,ru_ahk_outer_to_ru_aho_inner,Ru-AHK outer -> Ru-AHO inner,outer,inner,Different mechanism,Mixed transfer,4,95,0.0120419,0.7354491619857357
LinearSVR,ru_ahk_outer_to_ru_aho_inner,Ru-AHK outer -> Ru-AHO inner,outer,inner,Different mechanism,Mixed transfer,4,96,0.0,-1.0589343217045148
LinearSVR,ru_ahk_outer_to_ru_aho_inner,Ru-AHK outer -> Ru-AHO inner,outer,inner,Different mechanism,Mixed transfer,4,97,0.0,-0.48848302185595394
LinearSVR,ru_ahk_outer_to_ru_aho_inner,Ru-AHK outer -> Ru-AHO inner,outer,inner,Different mechanism,Delta learning,4,32,2.30450133,2.3670969782157067
LinearSVR,ru_ahk_outer_to_ru_aho_inner,Ru-AHK outer -> Ru-AHO inner,outer,inner,Different mechanism,Delta learning,4,41,2.13444943,2.6917954887547286
LinearSVR,ru_ahk_outer_to_ru_aho_inner,Ru-AHK outer -> Ru-AHO inner,outer,inner,Different mechanism,Delta learning,4,43,2.11117069,2.3748387177823496
LinearSVR,ru_ahk_outer_to_ru_aho_inner,Ru-AHK outer -> Ru-AHO inner,outer,inner,Different mechanism,Delta learning,4,46,2.00941149,2.7953484105652944
LinearSVR,ru_ahk_outer_to_ru_aho_inner,Ru-AHK outer -> Ru-AHO inner,outer,inner,Different mechanism,Delta learning,4,48,1.96551622,2.1065977291402196
LinearSVR,ru_ahk_outer_to_ru_aho_inner,Ru-AHK outer -> Ru-AHO inner,outer,inner,Different mechanism,Delta learning,4,50,1.95650617,2.3505370578887703
LinearSVR,ru_ahk_outer_to_ru_aho_inner,Ru-AHK outer -> Ru-AHO inner,outer,inner,Different mechanism,Delta learning,4,54,1.80901573,2.768554526412353
LinearSVR,ru_ahk_outer_to_ru_aho_inner,Ru-AHK outer -> Ru-AHO inner,outer,inner,Different mechanism,Delta learning,4,57,1.68395754,1.891012874610429
LinearSVR,ru_ahk_outer_to_ru_aho_inner,Ru-AHK outer -> Ru-AHO inner,outer,inner,Different mechanism,Delta learning,4,58,1.66417952,1.7540151751966169
LinearSVR,ru_ahk_outer_to_ru_aho_inner,Ru-AHK outer -> Ru-AHO inner,outer,inner,Different mechanism,Delta learning,4,59,1.62929332,1.818317629014373
LinearSVR,ru_ahk_outer_to_ru_aho_inner,Ru-AHK outer -> Ru-AHO inner,outer,inner,Different mechanism,Delta learning,4,61,1.57873877,0.997978915890649
LinearSVR,ru_ahk_outer_to_ru_aho_inner,Ru-AHK outer -> Ru-AHO inner,outer,inner,Different mechanism,Delta learning,4,63,1.56019653,1.0201120442738831
LinearSVR,ru_ahk_outer_to_ru_aho_inner,Ru-AHK outer -> Ru-AHO inner,outer,inner,Different mechanism,Delta learning,4,66,1.51369193,1.4367535127176094
LinearSVR,ru_ahk_outer_to_ru_aho_inner,Ru-AHK outer -> Ru-AHO inner,outer,inner,Different mechanism,Delta learning,4,67,1.51369193,1.383312084769741
LinearSVR,ru_ahk_outer_to_ru_aho_inner,Ru-AHK outer -> Ru-AHO inner,outer,inner,Different mechanism,Delta learning,4,77,1.36283425,0.6361716653749249
LinearSVR,ru_ahk_outer_to_ru_aho_inner,Ru-AHK outer -> Ru-AHO inner,outer,inner,Different mechanism,Delta learning,4,84,0.80438248,2.1343900449415907
LinearSVR,ru_ahk_outer_to_ru_aho_inner,Ru-AHK outer -> Ru-AHO inner,outer,inner,Different mechanism,Delta learning,4,95,0.0120419,0.8973708229311557
LinearSVR,ru_ahk_outer_to_ru_aho_inner,Ru-AHK outer -> Ru-AHO inner,outer,inner,Different mechanism,Delta learning,4,96,0.0,-1.2168433437361283
LinearSVR,ru_ahk_outer_to_ru_aho_inner,Ru-AHK outer -> Ru-AHO inner,outer,inner,Different mechanism,Delta learning,4,97,0.0,-1.3760371320830371
LinearSVR,ru_ahk_outer_to_ru_aho_inner,Ru-AHK outer -> Ru-AHO inner,outer,inner,Different mechanism,Mixed transfer,5,1,4.50050002,2.9100995923145048
LinearSVR,ru_ahk_outer_to_ru_aho_inner,Ru-AHK outer -> Ru-AHO inner,outer,inner,Different mechanism,Mixed transfer,5,2,3.84937533,2.942105830917657
LinearSVR,ru_ahk_outer_to_ru_aho_inner,Ru-AHK outer -> Ru-AHO inner,outer,inner,Different mechanism,Mixed transfer,5,14,2.72095293,3.1108219238470634
LinearSVR,ru_ahk_outer_to_ru_aho_inner,Ru-AHK outer -> Ru-AHO inner,outer,inner,Different mechanism,Mixed transfer,5,20,2.72095293,2.7068845702099202
LinearSVR,ru_ahk_outer_to_ru_aho_inner,Ru-AHK outer -> Ru-AHO inner,outer,inner,Different mechanism,Mixed transfer,5,21,2.6917632,2.8758282906648143
LinearSVR,ru_ahk_outer_to_ru_aho_inner,Ru-AHK outer -> Ru-AHO inner,outer,inner,Different mechanism,Mixed transfer,5,23,2.61179564,2.199347318560282
LinearSVR,ru_ahk_outer_to_ru_aho_inner,Ru-AHK outer -> Ru-AHO inner,outer,inner,Different mechanism,Mixed transfer,5,29,2.47786275,2.7689644384034575
LinearSVR,ru_ahk_outer_to_ru_aho_inner,Ru-AHK outer -> Ru-AHO inner,outer,inner,Different mechanism,Mixed transfer,5,37,2.26077037,1.7830167919157047
LinearSVR,ru_ahk_outer_to_ru_aho_inner,Ru-AHK outer -> Ru-AHO inner,outer,inner,Different mechanism,Mixed transfer,5,51,1.94448624,1.8129150619054042
LinearSVR,ru_ahk_outer_to_ru_aho_inner,Ru-AHK outer -> Ru-AHO inner,outer,inner,Different mechanism,Mixed transfer,5,52,1.88185187,1.7412688414847315
LinearSVR,ru_ahk_outer_to_ru_aho_inner,Ru-AHK outer -> Ru-AHO inner,outer,inner,Different mechanism,Mixed transfer,5,60,1.62929332,2.8018301625810316
LinearSVR,ru_ahk_outer_to_ru_aho_inner,Ru-AHK outer -> Ru-AHO inner,outer,inner,Different mechanism,Mixed transfer,5,71,1.47016368,1.44335998222977
LinearSVR,ru_ahk_outer_to_ru_aho_inner,Ru-AHK outer -> Ru-AHO inner,outer,inner,Different mechanism,Mixed transfer,5,74,1.38325909,1.453742965885919
LinearSVR,ru_ahk_outer_to_ru_aho_inner,Ru-AHK outer -> Ru-AHO inner,outer,inner,Different mechanism,Mixed transfer,5,82,0.99242206,1.7030644171500342
LinearSVR,ru_ahk_outer_to_ru_aho_inner,Ru-AHK outer -> Ru-AHO inner,outer,inner,Different mechanism,Mixed transfer,5,86,0.67501313,1.0955646400606356
LinearSVR,ru_ahk_outer_to_ru_aho_inner,Ru-AHK outer -> Ru-AHO inner,outer,inner,Different mechanism,Mixed transfer,5,87,0.56782018,11.91632581442995
LinearSVR,ru_ahk_outer_to_ru_aho_inner,Ru-AHK outer -> Ru-AHO inner,outer,inner,Different mechanism,Mixed transfer,5,89,0.33293116,15.001464523539402
LinearSVR,ru_ahk_outer_to_ru_aho_inner,Ru-AHK outer -> Ru-AHO inner,outer,inner,Different mechanism,Mixed transfer,5,91,0.10866753,0.32870326300900343
LinearSVR,ru_ahk_outer_to_ru_aho_inner,Ru-AHK outer -> Ru-AHO inner,outer,inner,Different mechanism,Mixed transfer,5,92,0.09139463,12.219006138375706
LinearSVR,ru_ahk_outer_to_ru_aho_inner,Ru-AHK outer -> Ru-AHO inner,outer,inner,Different mechanism,Delta learning,5,1,4.50050002,2.562581770548539
LinearSVR,ru_ahk_outer_to_ru_aho_inner,Ru-AHK outer -> Ru-AHO inner,outer,inner,Different mechanism,Delta learning,5,2,3.84937533,2.280984056646001
LinearSVR,ru_ahk_outer_to_ru_aho_inner,Ru-AHK outer -> Ru-AHO inner,outer,inner,Different mechanism,Delta learning,5,14,2.72095293,2.60707874494534
LinearSVR,ru_ahk_outer_to_ru_aho_inner,Ru-AHK outer -> Ru-AHO inner,outer,inner,Different mechanism,Delta learning,5,20,2.72095293,2.03639194638058
LinearSVR,ru_ahk_outer_to_ru_aho_inner,Ru-AHK outer -> Ru-AHO inner,outer,inner,Different mechanism,Delta learning,5,21,2.6917632,3.271938913439729
LinearSVR,ru_ahk_outer_to_ru_aho_inner,Ru-AHK outer -> Ru-AHO inner,outer,inner,Different mechanism,Delta learning,5,23,2.61179564,2.121109182314405
LinearSVR,ru_ahk_outer_to_ru_aho_inner,Ru-AHK outer -> Ru-AHO inner,outer,inner,Different mechanism,Delta learning,5,29,2.47786275,2.669730306867049
LinearSVR,ru_ahk_outer_to_ru_aho_inner,Ru-AHK outer -> Ru-AHO inner,outer,inner,Different mechanism,Delta learning,5,37,2.26077037,1.665092403054187
LinearSVR,ru_ahk_outer_to_ru_aho_inner,Ru-AHK outer -> Ru-AHO inner,outer,inner,Different mechanism,Delta learning,5,51,1.94448624,1.898811859533752
LinearSVR,ru_ahk_outer_to_ru_aho_inner,Ru-AHK outer -> Ru-AHO inner,outer,inner,Different mechanism,Delta learning,5,52,1.88185187,1.716888251405272
LinearSVR,ru_ahk_outer_to_ru_aho_inner,Ru-AHK outer -> Ru-AHO inner,outer,inner,Different mechanism,Delta learning,5,60,1.62929332,2.8100063092379375
LinearSVR,ru_ahk_outer_to_ru_aho_inner,Ru-AHK outer -> Ru-AHO inner,outer,inner,Different mechanism,Delta learning,5,71,1.47016368,1.661698731403404
LinearSVR,ru_ahk_outer_to_ru_aho_inner,Ru-AHK outer -> Ru-AHO inner,outer,inner,Different mechanism,Delta learning,5,74,1.38325909,1.4626559108446686
LinearSVR,ru_ahk_outer_to_ru_aho_inner,Ru-AHK outer -> Ru-AHO inner,outer,inner,Different mechanism,Delta learning,5,82,0.99242206,1.0138202339824276
LinearSVR,ru_ahk_outer_to_ru_aho_inner,Ru-AHK outer -> Ru-AHO inner,outer,inner,Different mechanism,Delta learning,5,86,0.67501313,1.0065271478357682
LinearSVR,ru_ahk_outer_to_ru_aho_inner,Ru-AHK outer -> Ru-AHO inner,outer,inner,Different mechanism,Delta learning,5,87,0.56782018,10.787706953075999
LinearSVR,ru_ahk_outer_to_ru_aho_inner,Ru-AHK outer -> Ru-AHO inner,outer,inner,Different mechanism,Delta learning,5,89,0.33293116,13.03607871047111
LinearSVR,ru_ahk_outer_to_ru_aho_inner,Ru-AHK outer -> Ru-AHO inner,outer,inner,Different mechanism,Delta learning,5,91,0.10866753,-0.044966723832070565
LinearSVR,ru_ahk_outer_to_ru_aho_inner,Ru-AHK outer -> Ru-AHO inner,outer,inner,Different mechanism,Delta learning,5,92,0.09139463,10.489076461442675
DecisionTreeRegressor,target_only_ru_aho_inner,Ru-AHO inner target-only,none,inner,Target-only,Target-only,1,0,4.50050002,2.30450133
DecisionTreeRegressor,target_only_ru_aho_inner,Ru-AHO inner target-only,none,inner,Target-only,Target-only,1,4,3.13437597,2.72095293
DecisionTreeRegressor,target_only_ru_aho_inner,Ru-AHO inner target-only,none,inner,Target-only,Target-only,1,10,2.89279432,2.81808334
DecisionTreeRegressor,target_only_ru_aho_inner,Ru-AHO inner target-only,none,inner,Target-only,Target-only,1,12,2.72095293,2.81808334
DecisionTreeRegressor,target_only_ru_aho_inner,Ru-AHO inner target-only,none,inner,Target-only,Target-only,1,18,2.72095293,2.47786275
DecisionTreeRegressor,target_only_ru_aho_inner,Ru-AHO inner target-only,none,inner,Target-only,Target-only,1,22,2.63729647,2.2128962766666667
DecisionTreeRegressor,target_only_ru_aho_inner,Ru-AHO inner target-only,none,inner,Target-only,Target-only,1,26,2.49268506,2.11117069
DecisionTreeRegressor,target_only_ru_aho_inner,Ru-AHO inner target-only,none,inner,Target-only,Target-only,1,31,2.30450133,1.80901573
DecisionTreeRegressor,target_only_ru_aho_inner,Ru-AHO inner target-only,none,inner,Target-only,Target-only,1,40,2.13954868,2.01889808
DecisionTreeRegressor,target_only_ru_aho_inner,Ru-AHO inner target-only,none,inner,Target-only,Target-only,1,42,2.12255274,2.2128962766666667
DecisionTreeRegressor,target_only_ru_aho_inner,Ru-AHO inner target-only,none,inner,Target-only,Target-only,1,44,2.02174776,1.84440958
DecisionTreeRegressor,target_only_ru_aho_inner,Ru-AHO inner target-only,none,inner,Target-only,Target-only,1,47,1.97754867,2.13444943
DecisionTreeRegressor,target_only_ru_aho_inner,Ru-AHO inner target-only,none,inner,Target-only,Target-only,1,62,1.56906465,1.84440958
DecisionTreeRegressor,target_only_ru_aho_inner,Ru-AHO inner target-only,none,inner,Target-only,Target-only,1,64,1.53168147,1.51369193
DecisionTreeRegressor,target_only_ru_aho_inner,Ru-AHO inner target-only,none,inner,Target-only,Target-only,1,73,1.39055932,1.51369193
DecisionTreeRegressor,target_only_ru_aho_inner,Ru-AHO inner target-only,none,inner,Target-only,Target-only,1,75,1.36999511,1.35390456
DecisionTreeRegressor,target_only_ru_aho_inner,Ru-AHO inner target-only,none,inner,Target-only,Target-only,1,81,1.00421655,0.99242206
DecisionTreeRegressor,target_only_ru_aho_inner,Ru-AHO inner target-only,none,inner,Target-only,Target-only,1,83,0.83956097,0.80254597
DecisionTreeRegressor,target_only_ru_aho_inner,Ru-AHO inner target-only,none,inner,Target-only,Target-only,1,90,0.19433377,0.04819171
DecisionTreeRegressor,target_only_ru_aho_inner,Ru-AHO inner target-only,none,inner,Target-only,Target-only,1,94,0.04739647,0.80254597
DecisionTreeRegressor,target_only_ru_aho_inner,Ru-AHO inner target-only,none,inner,Target-only,Target-only,2,5,3.13437597,3.13437597
DecisionTreeRegressor,target_only_ru_aho_inner,Ru-AHO inner target-only,none,inner,Target-only,Target-only,2,9,3.13437597,3.13437597
DecisionTreeRegressor,target_only_ru_aho_inner,Ru-AHO inner target-only,none,inner,Target-only,Target-only,2,11,2.81808334,2.89279432
DecisionTreeRegressor,target_only_ru_aho_inner,Ru-AHO inner target-only,none,inner,Target-only,Target-only,2,15,2.72095293,2.20688949
DecisionTreeRegressor,target_only_ru_aho_inner,Ru-AHO inner target-only,none,inner,Target-only,Target-only,2,16,2.72095293,3.13437597
DecisionTreeRegressor,target_only_ru_aho_inner,Ru-AHO inner target-only,none,inner,Target-only,Target-only,2,28,2.47786275,2.72095293
DecisionTreeRegressor,target_only_ru_aho_inner,Ru-AHO inner target-only,none,inner,Target-only,Target-only,2,30,2.3515711,2.63729647
DecisionTreeRegressor,target_only_ru_aho_inner,Ru-AHO inner target-only,none,inner,Target-only,Target-only,2,33,2.30450133,4.50050002
DecisionTreeRegressor,target_only_ru_aho_inner,Ru-AHO inner target-only,none,inner,Target-only,Target-only,2,35,2.30450133,2.89279432
DecisionTreeRegressor,target_only_ru_aho_inner,Ru-AHO inner target-only,none,inner,Target-only,Target-only,2,39,2.16934032,1.94448624
DecisionTreeRegressor,target_only_ru_aho_inner,Ru-AHO inner target-only,none,inner,Target-only,Target-only,2,45,2.01889808,2.13954868
DecisionTreeRegressor,target_only_ru_aho_inner,Ru-AHO inner target-only,none,inner,Target-only,Target-only,2,49,1.9607788,1.62929332
DecisionTreeRegressor,target_only_ru_aho_inner,Ru-AHO inner target-only,none,inner,Target-only,Target-only,2,65,1.53168147,1.53168147
DecisionTreeRegressor,target_only_ru_aho_inner,Ru-AHO inner target-only,none,inner,Target-only,Target-only,2,68,1.49260764,1.95650617
DecisionTreeRegressor,target_only_ru_aho_inner,Ru-AHO inner target-only,none,inner,Target-only,Target-only,2,69,1.48763592,2.20688949
DecisionTreeRegressor,target_only_ru_aho_inner,Ru-AHO inner target-only,none,inner,Target-only,Target-only,2,70,1.47570337,0.56782018
DecisionTreeRegressor,target_only_ru_aho_inner,Ru-AHO inner target-only,none,inner,Target-only,Target-only,2,72,1.40708549,1.53168147
DecisionTreeRegressor,target_only_ru_aho_inner,Ru-AHO inner target-only,none,inner,Target-only,Target-only,2,80,1.31904107,1.33471728
DecisionTreeRegressor,target_only_ru_aho_inner,Ru-AHO inner target-only,none,inner,Target-only,Target-only,2,88,0.39647984,0.80438248
DecisionTreeRegressor,target_only_ru_aho_inner,Ru-AHO inner target-only,none,inner,Target-only,Target-only,2,93,0.04819171,0.19433377
DecisionTreeRegressor,target_only_ru_aho_inner,Ru-AHO inner target-only,none,inner,Target-only,Target-only,3,3,3.67873076,2.30450133
DecisionTreeRegressor,target_only_ru_aho_inner,Ru-AHO inner target-only,none,inner,Target-only,Target-only,3,6,3.13437597,3.13437597
DecisionTreeRegressor,target_only_ru_aho_inner,Ru-AHO inner target-only,none,inner,Target-only,Target-only,3,7,3.13437597,3.13437597
DecisionTreeRegressor,target_only_ru_aho_inner,Ru-AHO inner target-only,none,inner,Target-only,Target-only,3,8,3.13437597,3.13437597
DecisionTreeRegressor,target_only_ru_aho_inner,Ru-AHO inner target-only,none,inner,Target-only,Target-only,3,13,2.72095293,2.30450133
DecisionTreeRegressor,target_only_ru_aho_inner,Ru-AHO inner target-only,none,inner,Target-only,Target-only,3,17,2.72095293,2.81808334
DecisionTreeRegressor,target_only_ru_aho_inner,Ru-AHO inner target-only,none,inner,Target-only,Target-only,3,19,2.72095293,2.81808334
DecisionTreeRegressor,target_only_ru_aho_inner,Ru-AHO inner target-only,none,inner,Target-only,Target-only,3,24,2.49823771,2.30450133
DecisionTreeRegressor,target_only_ru_aho_inner,Ru-AHO inner target-only,none,inner,Target-only,Target-only,3,25,2.49823771,2.6917632
DecisionTreeRegressor,target_only_ru_aho_inner,Ru-AHO inner target-only,none,inner,Target-only,Target-only,3,27,2.47786275,4.50050002
DecisionTreeRegressor,target_only_ru_aho_inner,Ru-AHO inner target-only,none,inner,Target-only,Target-only,3,34,2.30450133,2.81808334
DecisionTreeRegressor,target_only_ru_aho_inner,Ru-AHO inner target-only,none,inner,Target-only,Target-only,3,36,2.28957767,2.36717419
DecisionTreeRegressor,target_only_ru_aho_inner,Ru-AHO inner target-only,none,inner,Target-only,Target-only,3,38,2.20688949,2.72095293
DecisionTreeRegressor,target_only_ru_aho_inner,Ru-AHO inner target-only,none,inner,Target-only,Target-only,3,53,1.84440958,2.01889808
DecisionTreeRegressor,target_only_ru_aho_inner,Ru-AHO inner target-only,none,inner,Target-only,Target-only,3,55,1.80901573,0.12126274
DecisionTreeRegressor,target_only_ru_aho_inner,Ru-AHO inner target-only,none,inner,Target-only,Target-only,3,56,1.73731552,2.36717419
DecisionTreeRegressor,target_only_ru_aho_inner,Ru-AHO inner target-only,none,inner,Target-only,Target-only,3,76,1.36999511,0.0
DecisionTreeRegressor,target_only_ru_aho_inner,Ru-AHO inner target-only,none,inner,Target-only,Target-only,3,78,1.35390456,1.31904107
DecisionTreeRegressor,target_only_ru_aho_inner,Ru-AHO inner target-only,none,inner,Target-only,Target-only,3,79,1.33471728,1.36999511
DecisionTreeRegressor,target_only_ru_aho_inner,Ru-AHO inner target-only,none,inner,Target-only,Target-only,3,85,0.80254597,0.0
DecisionTreeRegressor,target_only_ru_aho_inner,Ru-AHO inner target-only,none,inner,Target-only,Target-only,4,32,2.30450133,2.49823771
DecisionTreeRegressor,target_only_ru_aho_inner,Ru-AHO inner target-only,none,inner,Target-only,Target-only,4,41,2.13444943,1.97754867
DecisionTreeRegressor,target_only_ru_aho_inner,Ru-AHO inner target-only,none,inner,Target-only,Target-only,4,43,2.11117069,1.38325909
DecisionTreeRegressor,target_only_ru_aho_inner,Ru-AHO inner target-only,none,inner,Target-only,Target-only,4,46,2.00941149,1.62929332
DecisionTreeRegressor,target_only_ru_aho_inner,Ru-AHO inner target-only,none,inner,Target-only,Target-only,4,48,1.96551622,2.13954868
DecisionTreeRegressor,target_only_ru_aho_inner,Ru-AHO inner target-only,none,inner,Target-only,Target-only,4,50,1.95650617,1.49260764
DecisionTreeRegressor,target_only_ru_aho_inner,Ru-AHO inner target-only,none,inner,Target-only,Target-only,4,54,1.80901573,2.30450133
DecisionTreeRegressor,target_only_ru_aho_inner,Ru-AHO inner target-only,none,inner,Target-only,Target-only,4,57,1.68395754,1.88185187
DecisionTreeRegressor,target_only_ru_aho_inner,Ru-AHO inner target-only,none,inner,Target-only,Target-only,4,58,1.66417952,1.53168147
DecisionTreeRegressor,target_only_ru_aho_inner,Ru-AHO inner target-only,none,inner,Target-only,Target-only,4,59,1.62929332,1.88185187
DecisionTreeRegressor,target_only_ru_aho_inner,Ru-AHO inner target-only,none,inner,Target-only,Target-only,4,61,1.57873877,1.53168147
DecisionTreeRegressor,target_only_ru_aho_inner,Ru-AHO inner target-only,none,inner,Target-only,Target-only,4,63,1.56019653,1.53168147
DecisionTreeRegressor,target_only_ru_aho_inner,Ru-AHO inner target-only,none,inner,Target-only,Target-only,4,66,1.51369193,1.53168147
DecisionTreeRegressor,target_only_ru_aho_inner,Ru-AHO inner target-only,none,inner,Target-only,Target-only,4,67,1.51369193,1.46938348
DecisionTreeRegressor,target_only_ru_aho_inner,Ru-AHO inner target-only,none,inner,Target-only,Target-only,4,77,1.36283425,1.38325909
DecisionTreeRegressor,target_only_ru_aho_inner,Ru-AHO inner target-only,none,inner,Target-only,Target-only,4,84,0.80438248,0.39647984
DecisionTreeRegressor,target_only_ru_aho_inner,Ru-AHO inner target-only,none,inner,Target-only,Target-only,4,95,0.0120419,2.30450133
DecisionTreeRegressor,target_only_ru_aho_inner,Ru-AHO inner target-only,none,inner,Target-only,Target-only,4,96,0.0,0.83956097
DecisionTreeRegressor,target_only_ru_aho_inner,Ru-AHO inner target-only,none,inner,Target-only,Target-only,4,97,0.0,0.80254597
DecisionTreeRegressor,target_only_ru_aho_inner,Ru-AHO inner target-only,none,inner,Target-only,Target-only,5,1,4.50050002,3.13437597
DecisionTreeRegressor,target_only_ru_aho_inner,Ru-AHO inner target-only,none,inner,Target-only,Target-only,5,2,3.84937533,2.92766445
DecisionTreeRegressor,target_only_ru_aho_inner,Ru-AHO inner target-only,none,inner,Target-only,Target-only,5,14,2.72095293,2.72095293
DecisionTreeRegressor,target_only_ru_aho_inner,Ru-AHO inner target-only,none,inner,Target-only,Target-only,5,20,2.72095293,2.72095293
DecisionTreeRegressor,target_only_ru_aho_inner,Ru-AHO inner target-only,none,inner,Target-only,Target-only,5,21,2.6917632,2.49823771
DecisionTreeRegressor,target_only_ru_aho_inner,Ru-AHO inner target-only,none,inner,Target-only,Target-only,5,23,2.61179564,2.04981531
DecisionTreeRegressor,target_only_ru_aho_inner,Ru-AHO inner target-only,none,inner,Target-only,Target-only,5,29,2.47786275,2.92766445
DecisionTreeRegressor,target_only_ru_aho_inner,Ru-AHO inner target-only,none,inner,Target-only,Target-only,5,37,2.26077037,2.20688949
DecisionTreeRegressor,target_only_ru_aho_inner,Ru-AHO inner target-only,none,inner,Target-only,Target-only,5,51,1.94448624,2.16934032
DecisionTreeRegressor,target_only_ru_aho_inner,Ru-AHO inner target-only,none,inner,Target-only,Target-only,5,52,1.88185187,1.68395754
DecisionTreeRegressor,target_only_ru_aho_inner,Ru-AHO inner target-only,none,inner,Target-only,Target-only,5,60,1.62929332,2.00941149
DecisionTreeRegressor,target_only_ru_aho_inner,Ru-AHO inner target-only,none,inner,Target-only,Target-only,5,71,1.47016368,1.66417952
DecisionTreeRegressor,target_only_ru_aho_inner,Ru-AHO inner target-only,none,inner,Target-only,Target-only,5,74,1.38325909,1.36283425
DecisionTreeRegressor,target_only_ru_aho_inner,Ru-AHO inner target-only,none,inner,Target-only,Target-only,5,82,0.99242206,1.00421655
DecisionTreeRegressor,target_only_ru_aho_inner,Ru-AHO inner target-only,none,inner,Target-only,Target-only,5,86,0.67501313,2.20688949
DecisionTreeRegressor,target_only_ru_aho_inner,Ru-AHO inner target-only,none,inner,Target-only,Target-only,5,87,0.56782018,2.81808334
DecisionTreeRegressor,target_only_ru_aho_inner,Ru-AHO inner target-only,none,inner,Target-only,Target-only,5,89,0.33293116,3.13437597
DecisionTreeRegressor,target_only_ru_aho_inner,Ru-AHO inner target-only,none,inner,Target-only,Target-only,5,91,0.10866753,0.12126274
DecisionTreeRegressor,target_only_ru_aho_inner,Ru-AHO inner target-only,none,inner,Target-only,Target-only,5,92,0.09139463,3.13437597
DecisionTreeRegressor,ru_ahk_inner_to_ru_aho_inner,Ru-AHK inner -> Ru-AHO inner,inner,inner,Same mechanism,Mixed transfer,1,0,4.50050002,2.47786275
DecisionTreeRegressor,ru_ahk_inner_to_ru_aho_inner,Ru-AHK inner -> Ru-AHO inner,inner,inner,Same mechanism,Mixed transfer,1,4,3.13437597,2.72095293
DecisionTreeRegressor,ru_ahk_inner_to_ru_aho_inner,Ru-AHK inner -> Ru-AHO inner,inner,inner,Same mechanism,Mixed transfer,1,10,2.89279432,2.81808334
DecisionTreeRegressor,ru_ahk_inner_to_ru_aho_inner,Ru-AHK inner -> Ru-AHO inner,inner,inner,Same mechanism,Mixed transfer,1,12,2.72095293,2.81808334
DecisionTreeRegressor,ru_ahk_inner_to_ru_aho_inner,Ru-AHK inner -> Ru-AHO inner,inner,inner,Same mechanism,Mixed transfer,1,18,2.72095293,2.47786275
DecisionTreeRegressor,ru_ahk_inner_to_ru_aho_inner,Ru-AHK inner -> Ru-AHO inner,inner,inner,Same mechanism,Mixed transfer,1,22,2.63729647,2.30450133
DecisionTreeRegressor,ru_ahk_inner_to_ru_aho_inner,Ru-AHK inner -> Ru-AHO inner,inner,inner,Same mechanism,Mixed transfer,1,26,2.49268506,2.11117069
DecisionTreeRegressor,ru_ahk_inner_to_ru_aho_inner,Ru-AHK inner -> Ru-AHO inner,inner,inner,Same mechanism,Mixed transfer,1,31,2.30450133,1.80901573
DecisionTreeRegressor,ru_ahk_inner_to_ru_aho_inner,Ru-AHK inner -> Ru-AHO inner,inner,inner,Same mechanism,Mixed transfer,1,40,2.13954868,2.01889808
DecisionTreeRegressor,ru_ahk_inner_to_ru_aho_inner,Ru-AHK inner -> Ru-AHO inner,inner,inner,Same mechanism,Mixed transfer,1,42,2.12255274,2.2128962766666667
DecisionTreeRegressor,ru_ahk_inner_to_ru_aho_inner,Ru-AHK inner -> Ru-AHO inner,inner,inner,Same mechanism,Mixed transfer,1,44,2.02174776,1.84440958
DecisionTreeRegressor,ru_ahk_inner_to_ru_aho_inner,Ru-AHK inner -> Ru-AHO inner,inner,inner,Same mechanism,Mixed transfer,1,47,1.97754867,2.13444943
DecisionTreeRegressor,ru_ahk_inner_to_ru_aho_inner,Ru-AHK inner -> Ru-AHO inner,inner,inner,Same mechanism,Mixed transfer,1,62,1.56906465,1.84440958
DecisionTreeRegressor,ru_ahk_inner_to_ru_aho_inner,Ru-AHK inner -> Ru-AHO inner,inner,inner,Same mechanism,Mixed transfer,1,64,1.53168147,1.51369193
DecisionTreeRegressor,ru_ahk_inner_to_ru_aho_inner,Ru-AHK inner -> Ru-AHO inner,inner,inner,Same mechanism,Mixed transfer,1,73,1.39055932,1.51369193
DecisionTreeRegressor,ru_ahk_inner_to_ru_aho_inner,Ru-AHK inner -> Ru-AHO inner,inner,inner,Same mechanism,Mixed transfer,1,75,1.36999511,1.33471728
DecisionTreeRegressor,ru_ahk_inner_to_ru_aho_inner,Ru-AHK inner -> Ru-AHO inner,inner,inner,Same mechanism,Mixed transfer,1,81,1.00421655,0.99242206
DecisionTreeRegressor,ru_ahk_inner_to_ru_aho_inner,Ru-AHK inner -> Ru-AHO inner,inner,inner,Same mechanism,Mixed transfer,1,83,0.83956097,0.80254597
DecisionTreeRegressor,ru_ahk_inner_to_ru_aho_inner,Ru-AHK inner -> Ru-AHO inner,inner,inner,Same mechanism,Mixed transfer,1,90,0.19433377,0.04819171
DecisionTreeRegressor,ru_ahk_inner_to_ru_aho_inner,Ru-AHK inner -> Ru-AHO inner,inner,inner,Same mechanism,Mixed transfer,1,94,0.04739647,2.13444943
DecisionTreeRegressor,ru_ahk_inner_to_ru_aho_inner,Ru-AHK inner -> Ru-AHO inner,inner,inner,Same mechanism,Delta learning,1,0,4.50050002,2.81808334
DecisionTreeRegressor,ru_ahk_inner_to_ru_aho_inner,Ru-AHK inner -> Ru-AHO inner,inner,inner,Same mechanism,Delta learning,1,4,3.13437597,2.72095293
DecisionTreeRegressor,ru_ahk_inner_to_ru_aho_inner,Ru-AHK inner -> Ru-AHO inner,inner,inner,Same mechanism,Delta learning,1,10,2.89279432,2.81808334
DecisionTreeRegressor,ru_ahk_inner_to_ru_aho_inner,Ru-AHK inner -> Ru-AHO inner,inner,inner,Same mechanism,Delta learning,1,12,2.72095293,2.81808334
DecisionTreeRegressor,ru_ahk_inner_to_ru_aho_inner,Ru-AHK inner -> Ru-AHO inner,inner,inner,Same mechanism,Delta learning,1,18,2.72095293,2.47786275
DecisionTreeRegressor,ru_ahk_inner_to_ru_aho_inner,Ru-AHK inner -> Ru-AHO inner,inner,inner,Same mechanism,Delta learning,1,22,2.63729647,2.30450133
DecisionTreeRegressor,ru_ahk_inner_to_ru_aho_inner,Ru-AHK inner -> Ru-AHO inner,inner,inner,Same mechanism,Delta learning,1,26,2.49268506,2.11117069
DecisionTreeRegressor,ru_ahk_inner_to_ru_aho_inner,Ru-AHK inner -> Ru-AHO inner,inner,inner,Same mechanism,Delta learning,1,31,2.30450133,1.80901573
DecisionTreeRegressor,ru_ahk_inner_to_ru_aho_inner,Ru-AHK inner -> Ru-AHO inner,inner,inner,Same mechanism,Delta learning,1,40,2.13954868,2.01889808
DecisionTreeRegressor,ru_ahk_inner_to_ru_aho_inner,Ru-AHK inner -> Ru-AHO inner,inner,inner,Same mechanism,Delta learning,1,42,2.12255274,2.2128962766666667
DecisionTreeRegressor,ru_ahk_inner_to_ru_aho_inner,Ru-AHK inner -> Ru-AHO inner,inner,inner,Same mechanism,Delta learning,1,44,2.02174776,1.94448624
DecisionTreeRegressor,ru_ahk_inner_to_ru_aho_inner,Ru-AHK inner -> Ru-AHO inner,inner,inner,Same mechanism,Delta learning,1,47,1.97754867,2.13444943
DecisionTreeRegressor,ru_ahk_inner_to_ru_aho_inner,Ru-AHK inner -> Ru-AHO inner,inner,inner,Same mechanism,Delta learning,1,62,1.56906465,1.84440958
DecisionTreeRegressor,ru_ahk_inner_to_ru_aho_inner,Ru-AHK inner -> Ru-AHO inner,inner,inner,Same mechanism,Delta learning,1,64,1.53168147,1.57873877
DecisionTreeRegressor,ru_ahk_inner_to_ru_aho_inner,Ru-AHK inner -> Ru-AHO inner,inner,inner,Same mechanism,Delta learning,1,73,1.39055932,1.51369193
DecisionTreeRegressor,ru_ahk_inner_to_ru_aho_inner,Ru-AHK inner -> Ru-AHO inner,inner,inner,Same mechanism,Delta learning,1,75,1.36999511,1.35390456
DecisionTreeRegressor,ru_ahk_inner_to_ru_aho_inner,Ru-AHK inner -> Ru-AHO inner,inner,inner,Same mechanism,Delta learning,1,81,1.00421655,1.46938348
DecisionTreeRegressor,ru_ahk_inner_to_ru_aho_inner,Ru-AHK inner -> Ru-AHO inner,inner,inner,Same mechanism,Delta learning,1,83,0.83956097,0.80254597
DecisionTreeRegressor,ru_ahk_inner_to_ru_aho_inner,Ru-AHK inner -> Ru-AHO inner,inner,inner,Same mechanism,Delta learning,1,90,0.19433377,0.04819171
DecisionTreeRegressor,ru_ahk_inner_to_ru_aho_inner,Ru-AHK inner -> Ru-AHO inner,inner,inner,Same mechanism,Delta learning,1,94,0.04739647,0.80254597
DecisionTreeRegressor,ru_ahk_inner_to_ru_aho_inner,Ru-AHK inner -> Ru-AHO inner,inner,inner,Same mechanism,Mixed transfer,2,5,3.13437597,3.1343759699999993
DecisionTreeRegressor,ru_ahk_inner_to_ru_aho_inner,Ru-AHK inner -> Ru-AHO inner,inner,inner,Same mechanism,Mixed transfer,2,9,3.13437597,3.13437597
DecisionTreeRegressor,ru_ahk_inner_to_ru_aho_inner,Ru-AHK inner -> Ru-AHO inner,inner,inner,Same mechanism,Mixed transfer,2,11,2.81808334,2.89279432
DecisionTreeRegressor,ru_ahk_inner_to_ru_aho_inner,Ru-AHK inner -> Ru-AHO inner,inner,inner,Same mechanism,Mixed transfer,2,15,2.72095293,2.30450133
DecisionTreeRegressor,ru_ahk_inner_to_ru_aho_inner,Ru-AHK inner -> Ru-AHO inner,inner,inner,Same mechanism,Mixed transfer,2,16,2.72095293,3.13437597
DecisionTreeRegressor,ru_ahk_inner_to_ru_aho_inner,Ru-AHK inner -> Ru-AHO inner,inner,inner,Same mechanism,Mixed transfer,2,28,2.47786275,2.72095293
DecisionTreeRegressor,ru_ahk_inner_to_ru_aho_inner,Ru-AHK inner -> Ru-AHO inner,inner,inner,Same mechanism,Mixed transfer,2,30,2.3515711,2.63729647
DecisionTreeRegressor,ru_ahk_inner_to_ru_aho_inner,Ru-AHK inner -> Ru-AHO inner,inner,inner,Same mechanism,Mixed transfer,2,33,2.30450133,4.50050002
DecisionTreeRegressor,ru_ahk_inner_to_ru_aho_inner,Ru-AHK inner -> Ru-AHO inner,inner,inner,Same mechanism,Mixed transfer,2,35,2.30450133,2.89279432
DecisionTreeRegressor,ru_ahk_inner_to_ru_aho_inner,Ru-AHK inner -> Ru-AHO inner,inner,inner,Same mechanism,Mixed transfer,2,39,2.16934032,2.20688949
DecisionTreeRegressor,ru_ahk_inner_to_ru_aho_inner,Ru-AHK inner -> Ru-AHO inner,inner,inner,Same mechanism,Mixed transfer,2,45,2.01889808,1.84440958
DecisionTreeRegressor,ru_ahk_inner_to_ru_aho_inner,Ru-AHK inner -> Ru-AHO inner,inner,inner,Same mechanism,Mixed transfer,2,49,1.9607788,0.80438248
DecisionTreeRegressor,ru_ahk_inner_to_ru_aho_inner,Ru-AHK inner -> Ru-AHO inner,inner,inner,Same mechanism,Mixed transfer,2,65,1.53168147,1.53168147
DecisionTreeRegressor,ru_ahk_inner_to_ru_aho_inner,Ru-AHK inner -> Ru-AHO inner,inner,inner,Same mechanism,Mixed transfer,2,68,1.49260764,1.95650617
DecisionTreeRegressor,ru_ahk_inner_to_ru_aho_inner,Ru-AHK inner -> Ru-AHO inner,inner,inner,Same mechanism,Mixed transfer,2,69,1.48763592,2.30450133
DecisionTreeRegressor,ru_ahk_inner_to_ru_aho_inner,Ru-AHK inner -> Ru-AHO inner,inner,inner,Same mechanism,Mixed transfer,2,70,1.47570337,2.13444943
DecisionTreeRegressor,ru_ahk_inner_to_ru_aho_inner,Ru-AHK inner -> Ru-AHO inner,inner,inner,Same mechanism,Mixed transfer,2,72,1.40708549,1.53168147
DecisionTreeRegressor,ru_ahk_inner_to_ru_aho_inner,Ru-AHK inner -> Ru-AHO inner,inner,inner,Same mechanism,Mixed transfer,2,80,1.31904107,1.33471728
DecisionTreeRegressor,ru_ahk_inner_to_ru_aho_inner,Ru-AHK inner -> Ru-AHO inner,inner,inner,Same mechanism,Mixed transfer,2,88,0.39647984,0.80438248
DecisionTreeRegressor,ru_ahk_inner_to_ru_aho_inner,Ru-AHK inner -> Ru-AHO inner,inner,inner,Same mechanism,Mixed transfer,2,93,0.04819171,0.19433377
DecisionTreeRegressor,ru_ahk_inner_to_ru_aho_inner,Ru-AHK inner -> Ru-AHO inner,inner,inner,Same mechanism,Delta learning,2,5,3.13437597,3.13437597
DecisionTreeRegressor,ru_ahk_inner_to_ru_aho_inner,Ru-AHK inner -> Ru-AHO inner,inner,inner,Same mechanism,Delta learning,2,9,3.13437597,4.324576261631498
DecisionTreeRegressor,ru_ahk_inner_to_ru_aho_inner,Ru-AHK inner -> Ru-AHO inner,inner,inner,Same mechanism,Delta learning,2,11,2.81808334,2.89279432
DecisionTreeRegressor,ru_ahk_inner_to_ru_aho_inner,Ru-AHK inner -> Ru-AHO inner,inner,inner,Same mechanism,Delta learning,2,15,2.72095293,3.148764537521032
DecisionTreeRegressor,ru_ahk_inner_to_ru_aho_inner,Ru-AHK inner -> Ru-AHO inner,inner,inner,Same mechanism,Delta learning,2,16,2.72095293,3.13437597
DecisionTreeRegressor,ru_ahk_inner_to_ru_aho_inner,Ru-AHK inner -> Ru-AHO inner,inner,inner,Same mechanism,Delta learning,2,28,2.47786275,2.72095293
DecisionTreeRegressor,ru_ahk_inner_to_ru_aho_inner,Ru-AHK inner -> Ru-AHO inner,inner,inner,Same mechanism,Delta learning,2,30,2.3515711,2.49823771
DecisionTreeRegressor,ru_ahk_inner_to_ru_aho_inner,Ru-AHK inner -> Ru-AHO inner,inner,inner,Same mechanism,Delta learning,2,33,2.30450133,2.89279432
DecisionTreeRegressor,ru_ahk_inner_to_ru_aho_inner,Ru-AHK inner -> Ru-AHO inner,inner,inner,Same mechanism,Delta learning,2,35,2.30450133,3.6787307599999997
DecisionTreeRegressor,ru_ahk_inner_to_ru_aho_inner,Ru-AHK inner -> Ru-AHO inner,inner,inner,Same mechanism,Delta learning,2,39,2.16934032,2.30450133
DecisionTreeRegressor,ru_ahk_inner_to_ru_aho_inner,Ru-AHK inner -> Ru-AHO inner,inner,inner,Same mechanism,Delta learning,2,45,2.01889808,2.13954868
DecisionTreeRegressor,ru_ahk_inner_to_ru_aho_inner,Ru-AHK inner -> Ru-AHO inner,inner,inner,Same mechanism,Delta learning,2,49,1.9607788,0.7961449947901305
DecisionTreeRegressor,ru_ahk_inner_to_ru_aho_inner,Ru-AHK inner -> Ru-AHO inner,inner,inner,Same mechanism,Delta learning,2,65,1.53168147,1.51369193
DecisionTreeRegressor,ru_ahk_inner_to_ru_aho_inner,Ru-AHK inner -> Ru-AHO inner,inner,inner,Same mechanism,Delta learning,2,68,1.49260764,2.11117069
DecisionTreeRegressor,ru_ahk_inner_to_ru_aho_inner,Ru-AHK inner -> Ru-AHO inner,inner,inner,Same mechanism,Delta learning,2,69,1.48763592,2.30450133
DecisionTreeRegressor,ru_ahk_inner_to_ru_aho_inner,Ru-AHK inner -> Ru-AHO inner,inner,inner,Same mechanism,Delta learning,2,70,1.47570337,2.13444943
DecisionTreeRegressor,ru_ahk_inner_to_ru_aho_inner,Ru-AHK inner -> Ru-AHO inner,inner,inner,Same mechanism,Delta learning,2,72,1.40708549,1.51369193
DecisionTreeRegressor,ru_ahk_inner_to_ru_aho_inner,Ru-AHK inner -> Ru-AHO inner,inner,inner,Same mechanism,Delta learning,2,80,1.31904107,1.33471728
DecisionTreeRegressor,ru_ahk_inner_to_ru_aho_inner,Ru-AHK inner -> Ru-AHO inner,inner,inner,Same mechanism,Delta learning,2,88,0.39647984,0.80438248
DecisionTreeRegressor,ru_ahk_inner_to_ru_aho_inner,Ru-AHK inner -> Ru-AHO inner,inner,inner,Same mechanism,Delta learning,2,93,0.04819171,0.19433377000000007
DecisionTreeRegressor,ru_ahk_inner_to_ru_aho_inner,Ru-AHK inner -> Ru-AHO inner,inner,inner,Same mechanism,Mixed transfer,3,3,3.67873076,2.30450133
DecisionTreeRegressor,ru_ahk_inner_to_ru_aho_inner,Ru-AHK inner -> Ru-AHO inner,inner,inner,Same mechanism,Mixed transfer,3,6,3.13437597,3.13437597
DecisionTreeRegressor,ru_ahk_inner_to_ru_aho_inner,Ru-AHK inner -> Ru-AHO inner,inner,inner,Same mechanism,Mixed transfer,3,7,3.13437597,3.13437597
DecisionTreeRegressor,ru_ahk_inner_to_ru_aho_inner,Ru-AHK inner -> Ru-AHO inner,inner,inner,Same mechanism,Mixed transfer,3,8,3.13437597,3.13437597
DecisionTreeRegressor,ru_ahk_inner_to_ru_aho_inner,Ru-AHK inner -> Ru-AHO inner,inner,inner,Same mechanism,Mixed transfer,3,13,2.72095293,2.72095293
DecisionTreeRegressor,ru_ahk_inner_to_ru_aho_inner,Ru-AHK inner -> Ru-AHO inner,inner,inner,Same mechanism,Mixed transfer,3,17,2.72095293,2.81808334
DecisionTreeRegressor,ru_ahk_inner_to_ru_aho_inner,Ru-AHK inner -> Ru-AHO inner,inner,inner,Same mechanism,Mixed transfer,3,19,2.72095293,2.81808334
DecisionTreeRegressor,ru_ahk_inner_to_ru_aho_inner,Ru-AHK inner -> Ru-AHO inner,inner,inner,Same mechanism,Mixed transfer,3,24,2.49823771,2.36717419
DecisionTreeRegressor,ru_ahk_inner_to_ru_aho_inner,Ru-AHK inner -> Ru-AHO inner,inner,inner,Same mechanism,Mixed transfer,3,25,2.49823771,2.6917632
DecisionTreeRegressor,ru_ahk_inner_to_ru_aho_inner,Ru-AHK inner -> Ru-AHO inner,inner,inner,Same mechanism,Mixed transfer,3,27,2.47786275,4.50050002
DecisionTreeRegressor,ru_ahk_inner_to_ru_aho_inner,Ru-AHK inner -> Ru-AHO inner,inner,inner,Same mechanism,Mixed transfer,3,34,2.30450133,2.72095293
DecisionTreeRegressor,ru_ahk_inner_to_ru_aho_inner,Ru-AHK inner -> Ru-AHO inner,inner,inner,Same mechanism,Mixed transfer,3,36,2.28957767,2.36717419
DecisionTreeRegressor,ru_ahk_inner_to_ru_aho_inner,Ru-AHK inner -> Ru-AHO inner,inner,inner,Same mechanism,Mixed transfer,3,38,2.20688949,2.26077037
DecisionTreeRegressor,ru_ahk_inner_to_ru_aho_inner,Ru-AHK inner -> Ru-AHO inner,inner,inner,Same mechanism,Mixed transfer,3,53,1.84440958,1.56906465
DecisionTreeRegressor,ru_ahk_inner_to_ru_aho_inner,Ru-AHK inner -> Ru-AHO inner,inner,inner,Same mechanism,Mixed transfer,3,55,1.80901573,2.30450133
DecisionTreeRegressor,ru_ahk_inner_to_ru_aho_inner,Ru-AHK inner -> Ru-AHO inner,inner,inner,Same mechanism,Mixed transfer,3,56,1.73731552,2.36717419
DecisionTreeRegressor,ru_ahk_inner_to_ru_aho_inner,Ru-AHK inner -> Ru-AHO inner,inner,inner,Same mechanism,Mixed transfer,3,76,1.36999511,0.0
DecisionTreeRegressor,ru_ahk_inner_to_ru_aho_inner,Ru-AHK inner -> Ru-AHO inner,inner,inner,Same mechanism,Mixed transfer,3,78,1.35390456,1.36999511
DecisionTreeRegressor,ru_ahk_inner_to_ru_aho_inner,Ru-AHK inner -> Ru-AHO inner,inner,inner,Same mechanism,Mixed transfer,3,79,1.33471728,1.31904107
DecisionTreeRegressor,ru_ahk_inner_to_ru_aho_inner,Ru-AHK inner -> Ru-AHO inner,inner,inner,Same mechanism,Mixed transfer,3,85,0.80254597,0.0
DecisionTreeRegressor,ru_ahk_inner_to_ru_aho_inner,Ru-AHK inner -> Ru-AHO inner,inner,inner,Same mechanism,Delta learning,3,3,3.67873076,2.30450133
DecisionTreeRegressor,ru_ahk_inner_to_ru_aho_inner,Ru-AHK inner -> Ru-AHO inner,inner,inner,Same mechanism,Delta learning,3,6,3.13437597,3.13437597
DecisionTreeRegressor,ru_ahk_inner_to_ru_aho_inner,Ru-AHK inner -> Ru-AHO inner,inner,inner,Same mechanism,Delta learning,3,7,3.13437597,3.13437597
DecisionTreeRegressor,ru_ahk_inner_to_ru_aho_inner,Ru-AHK inner -> Ru-AHO inner,inner,inner,Same mechanism,Delta learning,3,8,3.13437597,3.13437597
DecisionTreeRegressor,ru_ahk_inner_to_ru_aho_inner,Ru-AHK inner -> Ru-AHO inner,inner,inner,Same mechanism,Delta learning,3,13,2.72095293,2.59940784
DecisionTreeRegressor,ru_ahk_inner_to_ru_aho_inner,Ru-AHK inner -> Ru-AHO inner,inner,inner,Same mechanism,Delta learning,3,17,2.72095293,2.8591570468495906
DecisionTreeRegressor,ru_ahk_inner_to_ru_aho_inner,Ru-AHK inner -> Ru-AHO inner,inner,inner,Same mechanism,Delta learning,3,19,2.72095293,2.59940784
DecisionTreeRegressor,ru_ahk_inner_to_ru_aho_inner,Ru-AHK inner -> Ru-AHO inner,inner,inner,Same mechanism,Delta learning,3,24,2.49823771,2.30450133
DecisionTreeRegressor,ru_ahk_inner_to_ru_aho_inner,Ru-AHK inner -> Ru-AHO inner,inner,inner,Same mechanism,Delta learning,3,25,2.49823771,2.6917632
DecisionTreeRegressor,ru_ahk_inner_to_ru_aho_inner,Ru-AHK inner -> Ru-AHO inner,inner,inner,Same mechanism,Delta learning,3,27,2.47786275,4.50050002
DecisionTreeRegressor,ru_ahk_inner_to_ru_aho_inner,Ru-AHK inner -> Ru-AHO inner,inner,inner,Same mechanism,Delta learning,3,34,2.30450133,2.8591570468495906
DecisionTreeRegressor,ru_ahk_inner_to_ru_aho_inner,Ru-AHK inner -> Ru-AHO inner,inner,inner,Same mechanism,Delta learning,3,36,2.28957767,2.36717419
DecisionTreeRegressor,ru_ahk_inner_to_ru_aho_inner,Ru-AHK inner -> Ru-AHO inner,inner,inner,Same mechanism,Delta learning,3,38,2.20688949,2.26077037
DecisionTreeRegressor,ru_ahk_inner_to_ru_aho_inner,Ru-AHK inner -> Ru-AHO inner,inner,inner,Same mechanism,Delta learning,3,53,1.84440958,1.7928142356671632
DecisionTreeRegressor,ru_ahk_inner_to_ru_aho_inner,Ru-AHK inner -> Ru-AHO inner,inner,inner,Same mechanism,Delta learning,3,55,1.80901573,2.30450133
DecisionTreeRegressor,ru_ahk_inner_to_ru_aho_inner,Ru-AHK inner -> Ru-AHO inner,inner,inner,Same mechanism,Delta learning,3,56,1.73731552,2.36717419
DecisionTreeRegressor,ru_ahk_inner_to_ru_aho_inner,Ru-AHK inner -> Ru-AHO inner,inner,inner,Same mechanism,Delta learning,3,76,1.36999511,0.047396470000000024
DecisionTreeRegressor,ru_ahk_inner_to_ru_aho_inner,Ru-AHK inner -> Ru-AHO inner,inner,inner,Same mechanism,Delta learning,3,78,1.35390456,1.36999511
DecisionTreeRegressor,ru_ahk_inner_to_ru_aho_inner,Ru-AHK inner -> Ru-AHO inner,inner,inner,Same mechanism,Delta learning,3,79,1.33471728,1.31904107
DecisionTreeRegressor,ru_ahk_inner_to_ru_aho_inner,Ru-AHK inner -> Ru-AHO inner,inner,inner,Same mechanism,Delta learning,3,85,0.80254597,0.047396470000000024
DecisionTreeRegressor,ru_ahk_inner_to_ru_aho_inner,Ru-AHK inner -> Ru-AHO inner,inner,inner,Same mechanism,Mixed transfer,4,32,2.30450133,2.49823771
DecisionTreeRegressor,ru_ahk_inner_to_ru_aho_inner,Ru-AHK inner -> Ru-AHO inner,inner,inner,Same mechanism,Mixed transfer,4,41,2.13444943,1.47570337
DecisionTreeRegressor,ru_ahk_inner_to_ru_aho_inner,Ru-AHK inner -> Ru-AHO inner,inner,inner,Same mechanism,Mixed transfer,4,43,2.11117069,1.49260764
DecisionTreeRegressor,ru_ahk_inner_to_ru_aho_inner,Ru-AHK inner -> Ru-AHO inner,inner,inner,Same mechanism,Mixed transfer,4,46,2.00941149,1.62929332
DecisionTreeRegressor,ru_ahk_inner_to_ru_aho_inner,Ru-AHK inner -> Ru-AHO inner,inner,inner,Same mechanism,Mixed transfer,4,48,1.96551622,1.94448624
DecisionTreeRegressor,ru_ahk_inner_to_ru_aho_inner,Ru-AHK inner -> Ru-AHO inner,inner,inner,Same mechanism,Mixed transfer,4,50,1.95650617,1.49260764
DecisionTreeRegressor,ru_ahk_inner_to_ru_aho_inner,Ru-AHK inner -> Ru-AHO inner,inner,inner,Same mechanism,Mixed transfer,4,54,1.80901573,2.30450133
DecisionTreeRegressor,ru_ahk_inner_to_ru_aho_inner,Ru-AHK inner -> Ru-AHO inner,inner,inner,Same mechanism,Mixed transfer,4,57,1.68395754,1.88185187
DecisionTreeRegressor,ru_ahk_inner_to_ru_aho_inner,Ru-AHK inner -> Ru-AHO inner,inner,inner,Same mechanism,Mixed transfer,4,58,1.66417952,1.39055932
DecisionTreeRegressor,ru_ahk_inner_to_ru_aho_inner,Ru-AHK inner -> Ru-AHO inner,inner,inner,Same mechanism,Mixed transfer,4,59,1.62929332,0.39647984
DecisionTreeRegressor,ru_ahk_inner_to_ru_aho_inner,Ru-AHK inner -> Ru-AHO inner,inner,inner,Same mechanism,Mixed transfer,4,61,1.57873877,1.53168147
DecisionTreeRegressor,ru_ahk_inner_to_ru_aho_inner,Ru-AHK inner -> Ru-AHO inner,inner,inner,Same mechanism,Mixed transfer,4,63,1.56019653,1.39055932
DecisionTreeRegressor,ru_ahk_inner_to_ru_aho_inner,Ru-AHK inner -> Ru-AHO inner,inner,inner,Same mechanism,Mixed transfer,4,66,1.51369193,1.39055932
DecisionTreeRegressor,ru_ahk_inner_to_ru_aho_inner,Ru-AHK inner -> Ru-AHO inner,inner,inner,Same mechanism,Mixed transfer,4,67,1.51369193,1.39055932
DecisionTreeRegressor,ru_ahk_inner_to_ru_aho_inner,Ru-AHK inner -> Ru-AHO inner,inner,inner,Same mechanism,Mixed transfer,4,77,1.36283425,0.04739647
DecisionTreeRegressor,ru_ahk_inner_to_ru_aho_inner,Ru-AHK inner -> Ru-AHO inner,inner,inner,Same mechanism,Mixed transfer,4,84,0.80438248,2.02174776
DecisionTreeRegressor,ru_ahk_inner_to_ru_aho_inner,Ru-AHK inner -> Ru-AHO inner,inner,inner,Same mechanism,Mixed transfer,4,95,0.0120419,0.12126274
DecisionTreeRegressor,ru_ahk_inner_to_ru_aho_inner,Ru-AHK inner -> Ru-AHO inner,inner,inner,Same mechanism,Mixed transfer,4,96,0.0,0.83956097
DecisionTreeRegressor,ru_ahk_inner_to_ru_aho_inner,Ru-AHK inner -> Ru-AHO inner,inner,inner,Same mechanism,Mixed transfer,4,97,0.0,0.80254597
DecisionTreeRegressor,ru_ahk_inner_to_ru_aho_inner,Ru-AHK inner -> Ru-AHO inner,inner,inner,Same mechanism,Delta learning,4,32,2.30450133,2.49823771
DecisionTreeRegressor,ru_ahk_inner_to_ru_aho_inner,Ru-AHK inner -> Ru-AHO inner,inner,inner,Same mechanism,Delta learning,4,41,2.13444943,1.97754867
DecisionTreeRegressor,ru_ahk_inner_to_ru_aho_inner,Ru-AHK inner -> Ru-AHO inner,inner,inner,Same mechanism,Delta learning,4,43,2.11117069,1.49260764
DecisionTreeRegressor,ru_ahk_inner_to_ru_aho_inner,Ru-AHK inner -> Ru-AHO inner,inner,inner,Same mechanism,Delta learning,4,46,2.00941149,1.62929332
DecisionTreeRegressor,ru_ahk_inner_to_ru_aho_inner,Ru-AHK inner -> Ru-AHO inner,inner,inner,Same mechanism,Delta learning,4,48,1.96551622,2.170570084332837
DecisionTreeRegressor,ru_ahk_inner_to_ru_aho_inner,Ru-AHK inner -> Ru-AHO inner,inner,inner,Same mechanism,Delta learning,4,50,1.95650617,1.49260764
DecisionTreeRegressor,ru_ahk_inner_to_ru_aho_inner,Ru-AHK inner -> Ru-AHO inner,inner,inner,Same mechanism,Delta learning,4,54,1.80901573,2.30450133
DecisionTreeRegressor,ru_ahk_inner_to_ru_aho_inner,Ru-AHK inner -> Ru-AHO inner,inner,inner,Same mechanism,Delta learning,4,57,1.68395754,1.88185187
DecisionTreeRegressor,ru_ahk_inner_to_ru_aho_inner,Ru-AHK inner -> Ru-AHO inner,inner,inner,Same mechanism,Delta learning,4,58,1.66417952,1.47016368
DecisionTreeRegressor,ru_ahk_inner_to_ru_aho_inner,Ru-AHK inner -> Ru-AHO inner,inner,inner,Same mechanism,Delta learning,4,59,1.62929332,0.5013938155867281
DecisionTreeRegressor,ru_ahk_inner_to_ru_aho_inner,Ru-AHK inner -> Ru-AHO inner,inner,inner,Same mechanism,Delta learning,4,61,1.57873877,1.53168147
DecisionTreeRegressor,ru_ahk_inner_to_ru_aho_inner,Ru-AHK inner -> Ru-AHO inner,inner,inner,Same mechanism,Delta learning,4,63,1.56019653,1.53168147
DecisionTreeRegressor,ru_ahk_inner_to_ru_aho_inner,Ru-AHK inner -> Ru-AHO inner,inner,inner,Same mechanism,Delta learning,4,66,1.51369193,1.53168147
DecisionTreeRegressor,ru_ahk_inner_to_ru_aho_inner,Ru-AHK inner -> Ru-AHO inner,inner,inner,Same mechanism,Delta learning,4,67,1.51369193,1.39055932
DecisionTreeRegressor,ru_ahk_inner_to_ru_aho_inner,Ru-AHK inner -> Ru-AHO inner,inner,inner,Same mechanism,Delta learning,4,77,1.36283425,1.38325909
DecisionTreeRegressor,ru_ahk_inner_to_ru_aho_inner,Ru-AHK inner -> Ru-AHO inner,inner,inner,Same mechanism,Delta learning,4,84,0.80438248,1.49260764
DecisionTreeRegressor,ru_ahk_inner_to_ru_aho_inner,Ru-AHK inner -> Ru-AHO inner,inner,inner,Same mechanism,Delta learning,4,95,0.0120419,0.5257319024789682
DecisionTreeRegressor,ru_ahk_inner_to_ru_aho_inner,Ru-AHK inner -> Ru-AHO inner,inner,inner,Same mechanism,Delta learning,4,96,0.0,0.83956097
DecisionTreeRegressor,ru_ahk_inner_to_ru_aho_inner,Ru-AHK inner -> Ru-AHO inner,inner,inner,Same mechanism,Delta learning,4,97,0.0,0.80254597
DecisionTreeRegressor,ru_ahk_inner_to_ru_aho_inner,Ru-AHK inner -> Ru-AHO inner,inner,inner,Same mechanism,Mixed transfer,5,1,4.50050002,3.13437597
DecisionTreeRegressor,ru_ahk_inner_to_ru_aho_inner,Ru-AHK inner -> Ru-AHO inner,inner,inner,Same mechanism,Mixed transfer,5,2,3.84937533,2.92766445
DecisionTreeRegressor,ru_ahk_inner_to_ru_aho_inner,Ru-AHK inner -> Ru-AHO inner,inner,inner,Same mechanism,Mixed transfer,5,14,2.72095293,2.72095293
DecisionTreeRegressor,ru_ahk_inner_to_ru_aho_inner,Ru-AHK inner -> Ru-AHO inner,inner,inner,Same mechanism,Mixed transfer,5,20,2.72095293,2.72095293
DecisionTreeRegressor,ru_ahk_inner_to_ru_aho_inner,Ru-AHK inner -> Ru-AHO inner,inner,inner,Same mechanism,Mixed transfer,5,21,2.6917632,2.04981531
DecisionTreeRegressor,ru_ahk_inner_to_ru_aho_inner,Ru-AHK inner -> Ru-AHO inner,inner,inner,Same mechanism,Mixed transfer,5,23,2.61179564,2.04981531
DecisionTreeRegressor,ru_ahk_inner_to_ru_aho_inner,Ru-AHK inner -> Ru-AHO inner,inner,inner,Same mechanism,Mixed transfer,5,29,2.47786275,2.81808334
DecisionTreeRegressor,ru_ahk_inner_to_ru_aho_inner,Ru-AHK inner -> Ru-AHO inner,inner,inner,Same mechanism,Mixed transfer,5,37,2.26077037,1.80901573
DecisionTreeRegressor,ru_ahk_inner_to_ru_aho_inner,Ru-AHK inner -> Ru-AHO inner,inner,inner,Same mechanism,Mixed transfer,5,51,1.94448624,1.96551622
DecisionTreeRegressor,ru_ahk_inner_to_ru_aho_inner,Ru-AHK inner -> Ru-AHO inner,inner,inner,Same mechanism,Mixed transfer,5,52,1.88185187,1.68395754
DecisionTreeRegressor,ru_ahk_inner_to_ru_aho_inner,Ru-AHK inner -> Ru-AHO inner,inner,inner,Same mechanism,Mixed transfer,5,60,1.62929332,2.00941149
DecisionTreeRegressor,ru_ahk_inner_to_ru_aho_inner,Ru-AHK inner -> Ru-AHO inner,inner,inner,Same mechanism,Mixed transfer,5,71,1.47016368,1.66417952
DecisionTreeRegressor,ru_ahk_inner_to_ru_aho_inner,Ru-AHK inner -> Ru-AHO inner,inner,inner,Same mechanism,Mixed transfer,5,74,1.38325909,1.36283425
DecisionTreeRegressor,ru_ahk_inner_to_ru_aho_inner,Ru-AHK inner -> Ru-AHO inner,inner,inner,Same mechanism,Mixed transfer,5,82,0.99242206,1.00421655
DecisionTreeRegressor,ru_ahk_inner_to_ru_aho_inner,Ru-AHK inner -> Ru-AHO inner,inner,inner,Same mechanism,Mixed transfer,5,86,0.67501313,2.47786275
DecisionTreeRegressor,ru_ahk_inner_to_ru_aho_inner,Ru-AHK inner -> Ru-AHO inner,inner,inner,Same mechanism,Mixed transfer,5,87,0.56782018,1.2297013042473763
DecisionTreeRegressor,ru_ahk_inner_to_ru_aho_inner,Ru-AHK inner -> Ru-AHO inner,inner,inner,Same mechanism,Mixed transfer,5,89,0.33293116,1.2297013042473763
DecisionTreeRegressor,ru_ahk_inner_to_ru_aho_inner,Ru-AHK inner -> Ru-AHO inner,inner,inner,Same mechanism,Mixed transfer,5,91,0.10866753,0.12126274
DecisionTreeRegressor,ru_ahk_inner_to_ru_aho_inner,Ru-AHK inner -> Ru-AHO inner,inner,inner,Same mechanism,Mixed transfer,5,92,0.09139463,1.2297013042473763
DecisionTreeRegressor,ru_ahk_inner_to_ru_aho_inner,Ru-AHK inner -> Ru-AHO inner,inner,inner,Same mechanism,Delta learning,5,1,4.50050002,3.13437597
DecisionTreeRegressor,ru_ahk_inner_to_ru_aho_inner,Ru-AHK inner -> Ru-AHO inner,inner,inner,Same mechanism,Delta learning,5,2,3.84937533,2.92766445
DecisionTreeRegressor,ru_ahk_inner_to_ru_aho_inner,Ru-AHK inner -> Ru-AHO inner,inner,inner,Same mechanism,Delta learning,5,14,2.72095293,2.72095293
DecisionTreeRegressor,ru_ahk_inner_to_ru_aho_inner,Ru-AHK inner -> Ru-AHO inner,inner,inner,Same mechanism,Delta learning,5,20,2.72095293,2.59940784
DecisionTreeRegressor,ru_ahk_inner_to_ru_aho_inner,Ru-AHK inner -> Ru-AHO inner,inner,inner,Same mechanism,Delta learning,5,21,2.6917632,2.72095293
DecisionTreeRegressor,ru_ahk_inner_to_ru_aho_inner,Ru-AHK inner -> Ru-AHO inner,inner,inner,Same mechanism,Delta learning,5,23,2.61179564,2.04981531
DecisionTreeRegressor,ru_ahk_inner_to_ru_aho_inner,Ru-AHK inner -> Ru-AHO inner,inner,inner,Same mechanism,Delta learning,5,29,2.47786275,3.26922602151891
DecisionTreeRegressor,ru_ahk_inner_to_ru_aho_inner,Ru-AHK inner -> Ru-AHO inner,inner,inner,Same mechanism,Delta learning,5,37,2.26077037,2.20688949
DecisionTreeRegressor,ru_ahk_inner_to_ru_aho_inner,Ru-AHK inner -> Ru-AHO inner,inner,inner,Same mechanism,Delta learning,5,51,1.94448624,1.7394323756671632
DecisionTreeRegressor,ru_ahk_inner_to_ru_aho_inner,Ru-AHK inner -> Ru-AHO inner,inner,inner,Same mechanism,Delta learning,5,52,1.88185187,1.68395754
DecisionTreeRegressor,ru_ahk_inner_to_ru_aho_inner,Ru-AHK inner -> Ru-AHO inner,inner,inner,Same mechanism,Delta learning,5,60,1.62929332,2.00941149
DecisionTreeRegressor,ru_ahk_inner_to_ru_aho_inner,Ru-AHK inner -> Ru-AHO inner,inner,inner,Same mechanism,Delta learning,5,71,1.47016368,1.66417952
DecisionTreeRegressor,ru_ahk_inner_to_ru_aho_inner,Ru-AHK inner -> Ru-AHO inner,inner,inner,Same mechanism,Delta learning,5,74,1.38325909,1.36283425
DecisionTreeRegressor,ru_ahk_inner_to_ru_aho_inner,Ru-AHK inner -> Ru-AHO inner,inner,inner,Same mechanism,Delta learning,5,82,0.99242206,1.00421655
DecisionTreeRegressor,ru_ahk_inner_to_ru_aho_inner,Ru-AHK inner -> Ru-AHO inner,inner,inner,Same mechanism,Delta learning,5,86,0.67501313,1.7185707496968767
DecisionTreeRegressor,ru_ahk_inner_to_ru_aho_inner,Ru-AHK inner -> Ru-AHO inner,inner,inner,Same mechanism,Delta learning,5,87,0.56782018,0.8365779335827723
DecisionTreeRegressor,ru_ahk_inner_to_ru_aho_inner,Ru-AHK inner -> Ru-AHO inner,inner,inner,Same mechanism,Delta learning,5,89,0.33293116,0.8365779335827723
DecisionTreeRegressor,ru_ahk_inner_to_ru_aho_inner,Ru-AHK inner -> Ru-AHO inner,inner,inner,Same mechanism,Delta learning,5,91,0.10866753,0.12126273999999992
DecisionTreeRegressor,ru_ahk_inner_to_ru_aho_inner,Ru-AHK inner -> Ru-AHO inner,inner,inner,Same mechanism,Delta learning,5,92,0.09139463,1.6378108340456947
DecisionTreeRegressor,ru_ahk_outer_to_ru_aho_inner,Ru-AHK outer -> Ru-AHO inner,outer,inner,Different mechanism,Mixed transfer,1,0,4.50050002,2.47786275
DecisionTreeRegressor,ru_ahk_outer_to_ru_aho_inner,Ru-AHK outer -> Ru-AHO inner,outer,inner,Different mechanism,Mixed transfer,1,4,3.13437597,2.72095293
DecisionTreeRegressor,ru_ahk_outer_to_ru_aho_inner,Ru-AHK outer -> Ru-AHO inner,outer,inner,Different mechanism,Mixed transfer,1,10,2.89279432,2.6917632
DecisionTreeRegressor,ru_ahk_outer_to_ru_aho_inner,Ru-AHK outer -> Ru-AHO inner,outer,inner,Different mechanism,Mixed transfer,1,12,2.72095293,2.6917632
DecisionTreeRegressor,ru_ahk_outer_to_ru_aho_inner,Ru-AHK outer -> Ru-AHO inner,outer,inner,Different mechanism,Mixed transfer,1,18,2.72095293,2.47786275
DecisionTreeRegressor,ru_ahk_outer_to_ru_aho_inner,Ru-AHK outer -> Ru-AHO inner,outer,inner,Different mechanism,Mixed transfer,1,22,2.63729647,2.2128962766666667
DecisionTreeRegressor,ru_ahk_outer_to_ru_aho_inner,Ru-AHK outer -> Ru-AHO inner,outer,inner,Different mechanism,Mixed transfer,1,26,2.49268506,2.11117069
DecisionTreeRegressor,ru_ahk_outer_to_ru_aho_inner,Ru-AHK outer -> Ru-AHO inner,outer,inner,Different mechanism,Mixed transfer,1,31,2.30450133,1.80901573
DecisionTreeRegressor,ru_ahk_outer_to_ru_aho_inner,Ru-AHK outer -> Ru-AHO inner,outer,inner,Different mechanism,Mixed transfer,1,40,2.13954868,2.01889808
DecisionTreeRegressor,ru_ahk_outer_to_ru_aho_inner,Ru-AHK outer -> Ru-AHO inner,outer,inner,Different mechanism,Mixed transfer,1,42,2.12255274,2.2128962766666667
DecisionTreeRegressor,ru_ahk_outer_to_ru_aho_inner,Ru-AHK outer -> Ru-AHO inner,outer,inner,Different mechanism,Mixed transfer,1,44,2.02174776,1.84440958
DecisionTreeRegressor,ru_ahk_outer_to_ru_aho_inner,Ru-AHK outer -> Ru-AHO inner,outer,inner,Different mechanism,Mixed transfer,1,47,1.97754867,0.0120419
DecisionTreeRegressor,ru_ahk_outer_to_ru_aho_inner,Ru-AHK outer -> Ru-AHO inner,outer,inner,Different mechanism,Mixed transfer,1,62,1.56906465,1.84440958
DecisionTreeRegressor,ru_ahk_outer_to_ru_aho_inner,Ru-AHK outer -> Ru-AHO inner,outer,inner,Different mechanism,Mixed transfer,1,64,1.53168147,1.51369193
DecisionTreeRegressor,ru_ahk_outer_to_ru_aho_inner,Ru-AHK outer -> Ru-AHO inner,outer,inner,Different mechanism,Mixed transfer,1,73,1.39055932,1.51369193
DecisionTreeRegressor,ru_ahk_outer_to_ru_aho_inner,Ru-AHK outer -> Ru-AHO inner,outer,inner,Different mechanism,Mixed transfer,1,75,1.36999511,1.35390456
DecisionTreeRegressor,ru_ahk_outer_to_ru_aho_inner,Ru-AHK outer -> Ru-AHO inner,outer,inner,Different mechanism,Mixed transfer,1,81,1.00421655,0.99242206
DecisionTreeRegressor,ru_ahk_outer_to_ru_aho_inner,Ru-AHK outer -> Ru-AHO inner,outer,inner,Different mechanism,Mixed transfer,1,83,0.83956097,0.80254597
DecisionTreeRegressor,ru_ahk_outer_to_ru_aho_inner,Ru-AHK outer -> Ru-AHO inner,outer,inner,Different mechanism,Mixed transfer,1,90,0.19433377,0.04819171
DecisionTreeRegressor,ru_ahk_outer_to_ru_aho_inner,Ru-AHK outer -> Ru-AHO inner,outer,inner,Different mechanism,Mixed transfer,1,94,0.04739647,0.80254597
DecisionTreeRegressor,ru_ahk_outer_to_ru_aho_inner,Ru-AHK outer -> Ru-AHO inner,outer,inner,Different mechanism,Delta learning,1,0,4.50050002,2.30450133
DecisionTreeRegressor,ru_ahk_outer_to_ru_aho_inner,Ru-AHK outer -> Ru-AHO inner,outer,inner,Different mechanism,Delta learning,1,4,3.13437597,2.72095293
DecisionTreeRegressor,ru_ahk_outer_to_ru_aho_inner,Ru-AHK outer -> Ru-AHO inner,outer,inner,Different mechanism,Delta learning,1,10,2.89279432,2.8180833399999994
DecisionTreeRegressor,ru_ahk_outer_to_ru_aho_inner,Ru-AHK outer -> Ru-AHO inner,outer,inner,Different mechanism,Delta learning,1,12,2.72095293,2.8180833399999994
DecisionTreeRegressor,ru_ahk_outer_to_ru_aho_inner,Ru-AHK outer -> Ru-AHO inner,outer,inner,Different mechanism,Delta learning,1,18,2.72095293,2.47786275
DecisionTreeRegressor,ru_ahk_outer_to_ru_aho_inner,Ru-AHK outer -> Ru-AHO inner,outer,inner,Different mechanism,Delta learning,1,22,2.63729647,0.6975103892494773
DecisionTreeRegressor,ru_ahk_outer_to_ru_aho_inner,Ru-AHK outer -> Ru-AHO inner,outer,inner,Different mechanism,Delta learning,1,26,2.49268506,2.11117069
DecisionTreeRegressor,ru_ahk_outer_to_ru_aho_inner,Ru-AHK outer -> Ru-AHO inner,outer,inner,Different mechanism,Delta learning,1,31,2.30450133,1.80901573
DecisionTreeRegressor,ru_ahk_outer_to_ru_aho_inner,Ru-AHK outer -> Ru-AHO inner,outer,inner,Different mechanism,Delta learning,1,40,2.13954868,2.01889808
DecisionTreeRegressor,ru_ahk_outer_to_ru_aho_inner,Ru-AHK outer -> Ru-AHO inner,outer,inner,Different mechanism,Delta learning,1,42,2.12255274,2.2128962766666667
DecisionTreeRegressor,ru_ahk_outer_to_ru_aho_inner,Ru-AHK outer -> Ru-AHO inner,outer,inner,Different mechanism,Delta learning,1,44,2.02174776,1.84440958
DecisionTreeRegressor,ru_ahk_outer_to_ru_aho_inner,Ru-AHK outer -> Ru-AHO inner,outer,inner,Different mechanism,Delta learning,1,47,1.97754867,1.4831502481152223
DecisionTreeRegressor,ru_ahk_outer_to_ru_aho_inner,Ru-AHK outer -> Ru-AHO inner,outer,inner,Different mechanism,Delta learning,1,62,1.56906465,1.84440958
DecisionTreeRegressor,ru_ahk_outer_to_ru_aho_inner,Ru-AHK outer -> Ru-AHO inner,outer,inner,Different mechanism,Delta learning,1,64,1.53168147,1.51369193
DecisionTreeRegressor,ru_ahk_outer_to_ru_aho_inner,Ru-AHK outer -> Ru-AHO inner,outer,inner,Different mechanism,Delta learning,1,73,1.39055932,1.5136919299999998
DecisionTreeRegressor,ru_ahk_outer_to_ru_aho_inner,Ru-AHK outer -> Ru-AHO inner,outer,inner,Different mechanism,Delta learning,1,75,1.36999511,1.3539045599999997
DecisionTreeRegressor,ru_ahk_outer_to_ru_aho_inner,Ru-AHK outer -> Ru-AHO inner,outer,inner,Different mechanism,Delta learning,1,81,1.00421655,0.99242206
DecisionTreeRegressor,ru_ahk_outer_to_ru_aho_inner,Ru-AHK outer -> Ru-AHO inner,outer,inner,Different mechanism,Delta learning,1,83,0.83956097,0.80254597
DecisionTreeRegressor,ru_ahk_outer_to_ru_aho_inner,Ru-AHK outer -> Ru-AHO inner,outer,inner,Different mechanism,Delta learning,1,90,0.19433377,0.04819171000000022
DecisionTreeRegressor,ru_ahk_outer_to_ru_aho_inner,Ru-AHK outer -> Ru-AHO inner,outer,inner,Different mechanism,Delta learning,1,94,0.04739647,0.80254597
DecisionTreeRegressor,ru_ahk_outer_to_ru_aho_inner,Ru-AHK outer -> Ru-AHO inner,outer,inner,Different mechanism,Mixed transfer,2,5,3.13437597,3.13437597
DecisionTreeRegressor,ru_ahk_outer_to_ru_aho_inner,Ru-AHK outer -> Ru-AHO inner,outer,inner,Different mechanism,Mixed transfer,2,9,3.13437597,3.13437597
DecisionTreeRegressor,ru_ahk_outer_to_ru_aho_inner,Ru-AHK outer -> Ru-AHO inner,outer,inner,Different mechanism,Mixed transfer,2,11,2.81808334,2.72095293
DecisionTreeRegressor,ru_ahk_outer_to_ru_aho_inner,Ru-AHK outer -> Ru-AHO inner,outer,inner,Different mechanism,Mixed transfer,2,15,2.72095293,2.30450133
DecisionTreeRegressor,ru_ahk_outer_to_ru_aho_inner,Ru-AHK outer -> Ru-AHO inner,outer,inner,Different mechanism,Mixed transfer,2,16,2.72095293,3.13437597
DecisionTreeRegressor,ru_ahk_outer_to_ru_aho_inner,Ru-AHK outer -> Ru-AHO inner,outer,inner,Different mechanism,Mixed transfer,2,28,2.47786275,2.72095293
DecisionTreeRegressor,ru_ahk_outer_to_ru_aho_inner,Ru-AHK outer -> Ru-AHO inner,outer,inner,Different mechanism,Mixed transfer,2,30,2.3515711,2.2070016345216943
DecisionTreeRegressor,ru_ahk_outer_to_ru_aho_inner,Ru-AHK outer -> Ru-AHO inner,outer,inner,Different mechanism,Mixed transfer,2,33,2.30450133,4.50050002
DecisionTreeRegressor,ru_ahk_outer_to_ru_aho_inner,Ru-AHK outer -> Ru-AHO inner,outer,inner,Different mechanism,Mixed transfer,2,35,2.30450133,2.72095293
DecisionTreeRegressor,ru_ahk_outer_to_ru_aho_inner,Ru-AHK outer -> Ru-AHO inner,outer,inner,Different mechanism,Mixed transfer,2,39,2.16934032,2.30450133
DecisionTreeRegressor,ru_ahk_outer_to_ru_aho_inner,Ru-AHK outer -> Ru-AHO inner,outer,inner,Different mechanism,Mixed transfer,2,45,2.01889808,1.84440958
DecisionTreeRegressor,ru_ahk_outer_to_ru_aho_inner,Ru-AHK outer -> Ru-AHO inner,outer,inner,Different mechanism,Mixed transfer,2,49,1.9607788,1.248320083653738
DecisionTreeRegressor,ru_ahk_outer_to_ru_aho_inner,Ru-AHK outer -> Ru-AHO inner,outer,inner,Different mechanism,Mixed transfer,2,65,1.53168147,1.53168147
DecisionTreeRegressor,ru_ahk_outer_to_ru_aho_inner,Ru-AHK outer -> Ru-AHO inner,outer,inner,Different mechanism,Mixed transfer,2,68,1.49260764,1.95650617
DecisionTreeRegressor,ru_ahk_outer_to_ru_aho_inner,Ru-AHK outer -> Ru-AHO inner,outer,inner,Different mechanism,Mixed transfer,2,69,1.48763592,2.30450133
DecisionTreeRegressor,ru_ahk_outer_to_ru_aho_inner,Ru-AHK outer -> Ru-AHO inner,outer,inner,Different mechanism,Mixed transfer,2,70,1.47570337,2.9090369105391654
DecisionTreeRegressor,ru_ahk_outer_to_ru_aho_inner,Ru-AHK outer -> Ru-AHO inner,outer,inner,Different mechanism,Mixed transfer,2,72,1.40708549,1.53168147
DecisionTreeRegressor,ru_ahk_outer_to_ru_aho_inner,Ru-AHK outer -> Ru-AHO inner,outer,inner,Different mechanism,Mixed transfer,2,80,1.31904107,1.33471728
DecisionTreeRegressor,ru_ahk_outer_to_ru_aho_inner,Ru-AHK outer -> Ru-AHO inner,outer,inner,Different mechanism,Mixed transfer,2,88,0.39647984,1.248320083653738
DecisionTreeRegressor,ru_ahk_outer_to_ru_aho_inner,Ru-AHK outer -> Ru-AHO inner,outer,inner,Different mechanism,Mixed transfer,2,93,0.04819171,0.19433377
DecisionTreeRegressor,ru_ahk_outer_to_ru_aho_inner,Ru-AHK outer -> Ru-AHO inner,outer,inner,Different mechanism,Delta learning,2,5,3.13437597,3.13437597
DecisionTreeRegressor,ru_ahk_outer_to_ru_aho_inner,Ru-AHK outer -> Ru-AHO inner,outer,inner,Different mechanism,Delta learning,2,9,3.13437597,3.4021791183131205
DecisionTreeRegressor,ru_ahk_outer_to_ru_aho_inner,Ru-AHK outer -> Ru-AHO inner,outer,inner,Different mechanism,Delta learning,2,11,2.81808334,2.72095293
DecisionTreeRegressor,ru_ahk_outer_to_ru_aho_inner,Ru-AHK outer -> Ru-AHO inner,outer,inner,Different mechanism,Delta learning,2,15,2.72095293,2.30450133
DecisionTreeRegressor,ru_ahk_outer_to_ru_aho_inner,Ru-AHK outer -> Ru-AHO inner,outer,inner,Different mechanism,Delta learning,2,16,2.72095293,3.13437597
DecisionTreeRegressor,ru_ahk_outer_to_ru_aho_inner,Ru-AHK outer -> Ru-AHO inner,outer,inner,Different mechanism,Delta learning,2,28,2.47786275,2.72095293
DecisionTreeRegressor,ru_ahk_outer_to_ru_aho_inner,Ru-AHK outer -> Ru-AHO inner,outer,inner,Different mechanism,Delta learning,2,30,2.3515711,4.260084993305649
DecisionTreeRegressor,ru_ahk_outer_to_ru_aho_inner,Ru-AHK outer -> Ru-AHO inner,outer,inner,Different mechanism,Delta learning,2,33,2.30450133,4.50050002
DecisionTreeRegressor,ru_ahk_outer_to_ru_aho_inner,Ru-AHK outer -> Ru-AHO inner,outer,inner,Different mechanism,Delta learning,2,35,2.30450133,2.72095293
DecisionTreeRegressor,ru_ahk_outer_to_ru_aho_inner,Ru-AHK outer -> Ru-AHO inner,outer,inner,Different mechanism,Delta learning,2,39,2.16934032,1.0664906716337266
DecisionTreeRegressor,ru_ahk_outer_to_ru_aho_inner,Ru-AHK outer -> Ru-AHO inner,outer,inner,Different mechanism,Delta learning,2,45,2.01889808,2.13954868
DecisionTreeRegressor,ru_ahk_outer_to_ru_aho_inner,Ru-AHK outer -> Ru-AHO inner,outer,inner,Different mechanism,Delta learning,2,49,1.9607788,0.7274530099059372
DecisionTreeRegressor,ru_ahk_outer_to_ru_aho_inner,Ru-AHK outer -> Ru-AHO inner,outer,inner,Different mechanism,Delta learning,2,65,1.53168147,1.5136919299999998
DecisionTreeRegressor,ru_ahk_outer_to_ru_aho_inner,Ru-AHK outer -> Ru-AHO inner,outer,inner,Different mechanism,Delta learning,2,68,1.49260764,1.95650617
DecisionTreeRegressor,ru_ahk_outer_to_ru_aho_inner,Ru-AHK outer -> Ru-AHO inner,outer,inner,Different mechanism,Delta learning,2,69,1.48763592,1.2380106583662733
DecisionTreeRegressor,ru_ahk_outer_to_ru_aho_inner,Ru-AHK outer -> Ru-AHO inner,outer,inner,Different mechanism,Delta learning,2,70,1.47570337,1.1827540928743379
DecisionTreeRegressor,ru_ahk_outer_to_ru_aho_inner,Ru-AHK outer -> Ru-AHO inner,outer,inner,Different mechanism,Delta learning,2,72,1.40708549,1.5136919299999998
DecisionTreeRegressor,ru_ahk_outer_to_ru_aho_inner,Ru-AHK outer -> Ru-AHO inner,outer,inner,Different mechanism,Delta learning,2,80,1.31904107,1.33471728
DecisionTreeRegressor,ru_ahk_outer_to_ru_aho_inner,Ru-AHK outer -> Ru-AHO inner,outer,inner,Different mechanism,Delta learning,2,88,0.39647984,0.5986289839431075
DecisionTreeRegressor,ru_ahk_outer_to_ru_aho_inner,Ru-AHK outer -> Ru-AHO inner,outer,inner,Different mechanism,Delta learning,2,93,0.04819171,0.19433377000000007
DecisionTreeRegressor,ru_ahk_outer_to_ru_aho_inner,Ru-AHK outer -> Ru-AHO inner,outer,inner,Different mechanism,Mixed transfer,3,3,3.67873076,2.30450133
DecisionTreeRegressor,ru_ahk_outer_to_ru_aho_inner,Ru-AHK outer -> Ru-AHO inner,outer,inner,Different mechanism,Mixed transfer,3,6,3.13437597,3.13437597
DecisionTreeRegressor,ru_ahk_outer_to_ru_aho_inner,Ru-AHK outer -> Ru-AHO inner,outer,inner,Different mechanism,Mixed transfer,3,7,3.13437597,3.13437597
DecisionTreeRegressor,ru_ahk_outer_to_ru_aho_inner,Ru-AHK outer -> Ru-AHO inner,outer,inner,Different mechanism,Mixed transfer,3,8,3.13437597,3.13437597
DecisionTreeRegressor,ru_ahk_outer_to_ru_aho_inner,Ru-AHK outer -> Ru-AHO inner,outer,inner,Different mechanism,Mixed transfer,3,13,2.72095293,2.30450133
DecisionTreeRegressor,ru_ahk_outer_to_ru_aho_inner,Ru-AHK outer -> Ru-AHO inner,outer,inner,Different mechanism,Mixed transfer,3,17,2.72095293,2.81808334
DecisionTreeRegressor,ru_ahk_outer_to_ru_aho_inner,Ru-AHK outer -> Ru-AHO inner,outer,inner,Different mechanism,Mixed transfer,3,19,2.72095293,2.81808334
DecisionTreeRegressor,ru_ahk_outer_to_ru_aho_inner,Ru-AHK outer -> Ru-AHO inner,outer,inner,Different mechanism,Mixed transfer,3,24,2.49823771,2.30450133
DecisionTreeRegressor,ru_ahk_outer_to_ru_aho_inner,Ru-AHK outer -> Ru-AHO inner,outer,inner,Different mechanism,Mixed transfer,3,25,2.49823771,2.6917632
DecisionTreeRegressor,ru_ahk_outer_to_ru_aho_inner,Ru-AHK outer -> Ru-AHO inner,outer,inner,Different mechanism,Mixed transfer,3,27,2.47786275,3.2939795521299096
DecisionTreeRegressor,ru_ahk_outer_to_ru_aho_inner,Ru-AHK outer -> Ru-AHO inner,outer,inner,Different mechanism,Mixed transfer,3,34,2.30450133,2.81808334
DecisionTreeRegressor,ru_ahk_outer_to_ru_aho_inner,Ru-AHK outer -> Ru-AHO inner,outer,inner,Different mechanism,Mixed transfer,3,36,2.28957767,2.36717419
DecisionTreeRegressor,ru_ahk_outer_to_ru_aho_inner,Ru-AHK outer -> Ru-AHO inner,outer,inner,Different mechanism,Mixed transfer,3,38,2.20688949,2.26077037
DecisionTreeRegressor,ru_ahk_outer_to_ru_aho_inner,Ru-AHK outer -> Ru-AHO inner,outer,inner,Different mechanism,Mixed transfer,3,53,1.84440958,2.01889808
DecisionTreeRegressor,ru_ahk_outer_to_ru_aho_inner,Ru-AHK outer -> Ru-AHO inner,outer,inner,Different mechanism,Mixed transfer,3,55,1.80901573,2.30450133
DecisionTreeRegressor,ru_ahk_outer_to_ru_aho_inner,Ru-AHK outer -> Ru-AHO inner,outer,inner,Different mechanism,Mixed transfer,3,56,1.73731552,2.36717419
DecisionTreeRegressor,ru_ahk_outer_to_ru_aho_inner,Ru-AHK outer -> Ru-AHO inner,outer,inner,Different mechanism,Mixed transfer,3,76,1.36999511,0.0
DecisionTreeRegressor,ru_ahk_outer_to_ru_aho_inner,Ru-AHK outer -> Ru-AHO inner,outer,inner,Different mechanism,Mixed transfer,3,78,1.35390456,1.36999511
DecisionTreeRegressor,ru_ahk_outer_to_ru_aho_inner,Ru-AHK outer -> Ru-AHO inner,outer,inner,Different mechanism,Mixed transfer,3,79,1.33471728,1.31904107
DecisionTreeRegressor,ru_ahk_outer_to_ru_aho_inner,Ru-AHK outer -> Ru-AHO inner,outer,inner,Different mechanism,Mixed transfer,3,85,0.80254597,0.0
DecisionTreeRegressor,ru_ahk_outer_to_ru_aho_inner,Ru-AHK outer -> Ru-AHO inner,outer,inner,Different mechanism,Delta learning,3,3,3.67873076,2.30450133
DecisionTreeRegressor,ru_ahk_outer_to_ru_aho_inner,Ru-AHK outer -> Ru-AHO inner,outer,inner,Different mechanism,Delta learning,3,6,3.13437597,3.13437597
DecisionTreeRegressor,ru_ahk_outer_to_ru_aho_inner,Ru-AHK outer -> Ru-AHO inner,outer,inner,Different mechanism,Delta learning,3,7,3.13437597,2.916173990741811
DecisionTreeRegressor,ru_ahk_outer_to_ru_aho_inner,Ru-AHK outer -> Ru-AHO inner,outer,inner,Different mechanism,Delta learning,3,8,3.13437597,2.916173990741811
DecisionTreeRegressor,ru_ahk_outer_to_ru_aho_inner,Ru-AHK outer -> Ru-AHO inner,outer,inner,Different mechanism,Delta learning,3,13,2.72095293,2.8180833399999994
DecisionTreeRegressor,ru_ahk_outer_to_ru_aho_inner,Ru-AHK outer -> Ru-AHO inner,outer,inner,Different mechanism,Delta learning,3,17,2.72095293,4.762198075398188
DecisionTreeRegressor,ru_ahk_outer_to_ru_aho_inner,Ru-AHK outer -> Ru-AHO inner,outer,inner,Different mechanism,Delta learning,3,19,2.72095293,2.8180833399999994
DecisionTreeRegressor,ru_ahk_outer_to_ru_aho_inner,Ru-AHK outer -> Ru-AHO inner,outer,inner,Different mechanism,Delta learning,3,24,2.49823771,2.2884506702889458
DecisionTreeRegressor,ru_ahk_outer_to_ru_aho_inner,Ru-AHK outer -> Ru-AHO inner,outer,inner,Different mechanism,Delta learning,3,25,2.49823771,2.6917632
DecisionTreeRegressor,ru_ahk_outer_to_ru_aho_inner,Ru-AHK outer -> Ru-AHO inner,outer,inner,Different mechanism,Delta learning,3,27,2.47786275,4.875137463489019
DecisionTreeRegressor,ru_ahk_outer_to_ru_aho_inner,Ru-AHK outer -> Ru-AHO inner,outer,inner,Different mechanism,Delta learning,3,34,2.30450133,4.762198075398188
DecisionTreeRegressor,ru_ahk_outer_to_ru_aho_inner,Ru-AHK outer -> Ru-AHO inner,outer,inner,Different mechanism,Delta learning,3,36,2.28957767,2.36717419
DecisionTreeRegressor,ru_ahk_outer_to_ru_aho_inner,Ru-AHK outer -> Ru-AHO inner,outer,inner,Different mechanism,Delta learning,3,38,2.20688949,2.26077037
DecisionTreeRegressor,ru_ahk_outer_to_ru_aho_inner,Ru-AHK outer -> Ru-AHO inner,outer,inner,Different mechanism,Delta learning,3,53,1.84440958,1.56906465
DecisionTreeRegressor,ru_ahk_outer_to_ru_aho_inner,Ru-AHK outer -> Ru-AHO inner,outer,inner,Different mechanism,Delta learning,3,55,1.80901573,-0.4692115579679512
DecisionTreeRegressor,ru_ahk_outer_to_ru_aho_inner,Ru-AHK outer -> Ru-AHO inner,outer,inner,Different mechanism,Delta learning,3,56,1.73731552,2.36717419
DecisionTreeRegressor,ru_ahk_outer_to_ru_aho_inner,Ru-AHK outer -> Ru-AHO inner,outer,inner,Different mechanism,Delta learning,3,76,1.36999511,0.0
DecisionTreeRegressor,ru_ahk_outer_to_ru_aho_inner,Ru-AHK outer -> Ru-AHO inner,outer,inner,Different mechanism,Delta learning,3,78,1.35390456,1.36999511
DecisionTreeRegressor,ru_ahk_outer_to_ru_aho_inner,Ru-AHK outer -> Ru-AHO inner,outer,inner,Different mechanism,Delta learning,3,79,1.33471728,1.31904107
DecisionTreeRegressor,ru_ahk_outer_to_ru_aho_inner,Ru-AHK outer -> Ru-AHO inner,outer,inner,Different mechanism,Delta learning,3,85,0.80254597,0.0
DecisionTreeRegressor,ru_ahk_outer_to_ru_aho_inner,Ru-AHK outer -> Ru-AHO inner,outer,inner,Different mechanism,Mixed transfer,4,32,2.30450133,2.49823771
DecisionTreeRegressor,ru_ahk_outer_to_ru_aho_inner,Ru-AHK outer -> Ru-AHO inner,outer,inner,Different mechanism,Mixed transfer,4,41,2.13444943,0.4130529746397604
DecisionTreeRegressor,ru_ahk_outer_to_ru_aho_inner,Ru-AHK outer -> Ru-AHO inner,outer,inner,Different mechanism,Mixed transfer,4,43,2.11117069,1.49260764
DecisionTreeRegressor,ru_ahk_outer_to_ru_aho_inner,Ru-AHK outer -> Ru-AHO inner,outer,inner,Different mechanism,Mixed transfer,4,46,2.00941149,1.62929332
DecisionTreeRegressor,ru_ahk_outer_to_ru_aho_inner,Ru-AHK outer -> Ru-AHO inner,outer,inner,Different mechanism,Mixed transfer,4,48,1.96551622,2.4793021357091005
DecisionTreeRegressor,ru_ahk_outer_to_ru_aho_inner,Ru-AHK outer -> Ru-AHO inner,outer,inner,Different mechanism,Mixed transfer,4,50,1.95650617,1.49260764
DecisionTreeRegressor,ru_ahk_outer_to_ru_aho_inner,Ru-AHK outer -> Ru-AHO inner,outer,inner,Different mechanism,Mixed transfer,4,54,1.80901573,2.30450133
DecisionTreeRegressor,ru_ahk_outer_to_ru_aho_inner,Ru-AHK outer -> Ru-AHO inner,outer,inner,Different mechanism,Mixed transfer,4,57,1.68395754,1.88185187
DecisionTreeRegressor,ru_ahk_outer_to_ru_aho_inner,Ru-AHK outer -> Ru-AHO inner,outer,inner,Different mechanism,Mixed transfer,4,58,1.66417952,1.39055932
DecisionTreeRegressor,ru_ahk_outer_to_ru_aho_inner,Ru-AHK outer -> Ru-AHO inner,outer,inner,Different mechanism,Mixed transfer,4,59,1.62929332,0.39647984
DecisionTreeRegressor,ru_ahk_outer_to_ru_aho_inner,Ru-AHK outer -> Ru-AHO inner,outer,inner,Different mechanism,Mixed transfer,4,61,1.57873877,1.53168147
DecisionTreeRegressor,ru_ahk_outer_to_ru_aho_inner,Ru-AHK outer -> Ru-AHO inner,outer,inner,Different mechanism,Mixed transfer,4,63,1.56019653,1.53168147
DecisionTreeRegressor,ru_ahk_outer_to_ru_aho_inner,Ru-AHK outer -> Ru-AHO inner,outer,inner,Different mechanism,Mixed transfer,4,66,1.51369193,1.53168147
DecisionTreeRegressor,ru_ahk_outer_to_ru_aho_inner,Ru-AHK outer -> Ru-AHO inner,outer,inner,Different mechanism,Mixed transfer,4,67,1.51369193,1.39055932
DecisionTreeRegressor,ru_ahk_outer_to_ru_aho_inner,Ru-AHK outer -> Ru-AHO inner,outer,inner,Different mechanism,Mixed transfer,4,77,1.36283425,0.04739647
DecisionTreeRegressor,ru_ahk_outer_to_ru_aho_inner,Ru-AHK outer -> Ru-AHO inner,outer,inner,Different mechanism,Mixed transfer,4,84,0.80438248,1.49260764
DecisionTreeRegressor,ru_ahk_outer_to_ru_aho_inner,Ru-AHK outer -> Ru-AHO inner,outer,inner,Different mechanism,Mixed transfer,4,95,0.0120419,0.39647984
DecisionTreeRegressor,ru_ahk_outer_to_ru_aho_inner,Ru-AHK outer -> Ru-AHO inner,outer,inner,Different mechanism,Mixed transfer,4,96,0.0,0.83956097
DecisionTreeRegressor,ru_ahk_outer_to_ru_aho_inner,Ru-AHK outer -> Ru-AHO inner,outer,inner,Different mechanism,Mixed transfer,4,97,0.0,0.80254597
DecisionTreeRegressor,ru_ahk_outer_to_ru_aho_inner,Ru-AHK outer -> Ru-AHO inner,outer,inner,Different mechanism,Delta learning,4,32,2.30450133,2.5142883697110543
DecisionTreeRegressor,ru_ahk_outer_to_ru_aho_inner,Ru-AHK outer -> Ru-AHO inner,outer,inner,Different mechanism,Delta learning,4,41,2.13444943,2.6288478518847778
DecisionTreeRegressor,ru_ahk_outer_to_ru_aho_inner,Ru-AHK outer -> Ru-AHO inner,outer,inner,Different mechanism,Delta learning,4,43,2.11117069,1.49260764
DecisionTreeRegressor,ru_ahk_outer_to_ru_aho_inner,Ru-AHK outer -> Ru-AHO inner,outer,inner,Different mechanism,Delta learning,4,46,2.00941149,1.62929332
DecisionTreeRegressor,ru_ahk_outer_to_ru_aho_inner,Ru-AHK outer -> Ru-AHO inner,outer,inner,Different mechanism,Delta learning,4,48,1.96551622,1.94448624
DecisionTreeRegressor,ru_ahk_outer_to_ru_aho_inner,Ru-AHK outer -> Ru-AHO inner,outer,inner,Different mechanism,Delta learning,4,50,1.95650617,1.49260764
DecisionTreeRegressor,ru_ahk_outer_to_ru_aho_inner,Ru-AHK outer -> Ru-AHO inner,outer,inner,Different mechanism,Delta learning,4,54,1.80901573,2.30450133
DecisionTreeRegressor,ru_ahk_outer_to_ru_aho_inner,Ru-AHK outer -> Ru-AHO inner,outer,inner,Different mechanism,Delta learning,4,57,1.68395754,1.88185187
DecisionTreeRegressor,ru_ahk_outer_to_ru_aho_inner,Ru-AHK outer -> Ru-AHO inner,outer,inner,Different mechanism,Delta learning,4,58,1.66417952,1.4701636800000002
DecisionTreeRegressor,ru_ahk_outer_to_ru_aho_inner,Ru-AHK outer -> Ru-AHO inner,outer,inner,Different mechanism,Delta learning,4,59,1.62929332,-0.10596360260518933
DecisionTreeRegressor,ru_ahk_outer_to_ru_aho_inner,Ru-AHK outer -> Ru-AHO inner,outer,inner,Different mechanism,Delta learning,4,61,1.57873877,1.53168147
DecisionTreeRegressor,ru_ahk_outer_to_ru_aho_inner,Ru-AHK outer -> Ru-AHO inner,outer,inner,Different mechanism,Delta learning,4,63,1.56019653,1.53168147
DecisionTreeRegressor,ru_ahk_outer_to_ru_aho_inner,Ru-AHK outer -> Ru-AHO inner,outer,inner,Different mechanism,Delta learning,4,66,1.51369193,1.53168147
DecisionTreeRegressor,ru_ahk_outer_to_ru_aho_inner,Ru-AHK outer -> Ru-AHO inner,outer,inner,Different mechanism,Delta learning,4,67,1.51369193,1.39055932
DecisionTreeRegressor,ru_ahk_outer_to_ru_aho_inner,Ru-AHK outer -> Ru-AHO inner,outer,inner,Different mechanism,Delta learning,4,77,1.36283425,1.38325909
DecisionTreeRegressor,ru_ahk_outer_to_ru_aho_inner,Ru-AHK outer -> Ru-AHO inner,outer,inner,Different mechanism,Delta learning,4,84,0.80438248,0.6022333360568926
DecisionTreeRegressor,ru_ahk_outer_to_ru_aho_inner,Ru-AHK outer -> Ru-AHO inner,outer,inner,Different mechanism,Delta learning,4,95,0.0120419,-0.4118241753016014
DecisionTreeRegressor,ru_ahk_outer_to_ru_aho_inner,Ru-AHK outer -> Ru-AHO inner,outer,inner,Different mechanism,Delta learning,4,96,0.0,0.83956097
DecisionTreeRegressor,ru_ahk_outer_to_ru_aho_inner,Ru-AHK outer -> Ru-AHO inner,outer,inner,Different mechanism,Delta learning,4,97,0.0,0.80254597
DecisionTreeRegressor,ru_ahk_outer_to_ru_aho_inner,Ru-AHK outer -> Ru-AHO inner,outer,inner,Different mechanism,Mixed transfer,5,1,4.50050002,3.13437597
DecisionTreeRegressor,ru_ahk_outer_to_ru_aho_inner,Ru-AHK outer -> Ru-AHO inner,outer,inner,Different mechanism,Mixed transfer,5,2,3.84937533,2.92766445
DecisionTreeRegressor,ru_ahk_outer_to_ru_aho_inner,Ru-AHK outer -> Ru-AHO inner,outer,inner,Different mechanism,Mixed transfer,5,14,2.72095293,2.72095293
DecisionTreeRegressor,ru_ahk_outer_to_ru_aho_inner,Ru-AHK outer -> Ru-AHO inner,outer,inner,Different mechanism,Mixed transfer,5,20,2.72095293,2.72095293
DecisionTreeRegressor,ru_ahk_outer_to_ru_aho_inner,Ru-AHK outer -> Ru-AHO inner,outer,inner,Different mechanism,Mixed transfer,5,21,2.6917632,2.04981531
DecisionTreeRegressor,ru_ahk_outer_to_ru_aho_inner,Ru-AHK outer -> Ru-AHO inner,outer,inner,Different mechanism,Mixed transfer,5,23,2.61179564,2.04981531
DecisionTreeRegressor,ru_ahk_outer_to_ru_aho_inner,Ru-AHK outer -> Ru-AHO inner,outer,inner,Different mechanism,Mixed transfer,5,29,2.47786275,2.92766445
DecisionTreeRegressor,ru_ahk_outer_to_ru_aho_inner,Ru-AHK outer -> Ru-AHO inner,outer,inner,Different mechanism,Mixed transfer,5,37,2.26077037,2.20688949
DecisionTreeRegressor,ru_ahk_outer_to_ru_aho_inner,Ru-AHK outer -> Ru-AHO inner,outer,inner,Different mechanism,Mixed transfer,5,51,1.94448624,1.990333535827212
DecisionTreeRegressor,ru_ahk_outer_to_ru_aho_inner,Ru-AHK outer -> Ru-AHO inner,outer,inner,Different mechanism,Mixed transfer,5,52,1.88185187,1.68395754
DecisionTreeRegressor,ru_ahk_outer_to_ru_aho_inner,Ru-AHK outer -> Ru-AHO inner,outer,inner,Different mechanism,Mixed transfer,5,60,1.62929332,2.00941149
DecisionTreeRegressor,ru_ahk_outer_to_ru_aho_inner,Ru-AHK outer -> Ru-AHO inner,outer,inner,Different mechanism,Mixed transfer,5,71,1.47016368,1.66417952
DecisionTreeRegressor,ru_ahk_outer_to_ru_aho_inner,Ru-AHK outer -> Ru-AHO inner,outer,inner,Different mechanism,Mixed transfer,5,74,1.38325909,1.36283425
DecisionTreeRegressor,ru_ahk_outer_to_ru_aho_inner,Ru-AHK outer -> Ru-AHO inner,outer,inner,Different mechanism,Mixed transfer,5,82,0.99242206,1.00421655
DecisionTreeRegressor,ru_ahk_outer_to_ru_aho_inner,Ru-AHK outer -> Ru-AHO inner,outer,inner,Different mechanism,Mixed transfer,5,86,0.67501313,1.8829450286426468
DecisionTreeRegressor,ru_ahk_outer_to_ru_aho_inner,Ru-AHK outer -> Ru-AHO inner,outer,inner,Different mechanism,Mixed transfer,5,87,0.56782018,2.8703064559165927
DecisionTreeRegressor,ru_ahk_outer_to_ru_aho_inner,Ru-AHK outer -> Ru-AHO inner,outer,inner,Different mechanism,Mixed transfer,5,89,0.33293116,3.67873076
DecisionTreeRegressor,ru_ahk_outer_to_ru_aho_inner,Ru-AHK outer -> Ru-AHO inner,outer,inner,Different mechanism,Mixed transfer,5,91,0.10866753,2.325174575364294
DecisionTreeRegressor,ru_ahk_outer_to_ru_aho_inner,Ru-AHK outer -> Ru-AHO inner,outer,inner,Different mechanism,Mixed transfer,5,92,0.09139463,3.67873076
DecisionTreeRegressor,ru_ahk_outer_to_ru_aho_inner,Ru-AHK outer -> Ru-AHO inner,outer,inner,Different mechanism,Delta learning,5,1,4.50050002,1.8751590962886913
DecisionTreeRegressor,ru_ahk_outer_to_ru_aho_inner,Ru-AHK outer -> Ru-AHO inner,outer,inner,Different mechanism,Delta learning,5,2,3.84937533,1.684904199971393
DecisionTreeRegressor,ru_ahk_outer_to_ru_aho_inner,Ru-AHK outer -> Ru-AHO inner,outer,inner,Different mechanism,Delta learning,5,14,2.72095293,2.72095293
DecisionTreeRegressor,ru_ahk_outer_to_ru_aho_inner,Ru-AHK outer -> Ru-AHO inner,outer,inner,Different mechanism,Delta learning,5,20,2.72095293,1.1514756380908313
DecisionTreeRegressor,ru_ahk_outer_to_ru_aho_inner,Ru-AHK outer -> Ru-AHO inner,outer,inner,Different mechanism,Delta learning,5,21,2.6917632,2.49823771
DecisionTreeRegressor,ru_ahk_outer_to_ru_aho_inner,Ru-AHK outer -> Ru-AHO inner,outer,inner,Different mechanism,Delta learning,5,23,2.61179564,2.04981531
DecisionTreeRegressor,ru_ahk_outer_to_ru_aho_inner,Ru-AHK outer -> Ru-AHO inner,outer,inner,Different mechanism,Delta learning,5,29,2.47786275,2.92766445
DecisionTreeRegressor,ru_ahk_outer_to_ru_aho_inner,Ru-AHK outer -> Ru-AHO inner,outer,inner,Different mechanism,Delta learning,5,37,2.26077037,2.20688949
DecisionTreeRegressor,ru_ahk_outer_to_ru_aho_inner,Ru-AHK outer -> Ru-AHO inner,outer,inner,Different mechanism,Delta learning,5,51,1.94448624,1.3432107541011655
DecisionTreeRegressor,ru_ahk_outer_to_ru_aho_inner,Ru-AHK outer -> Ru-AHO inner,outer,inner,Different mechanism,Delta learning,5,52,1.88185187,1.68395754
DecisionTreeRegressor,ru_ahk_outer_to_ru_aho_inner,Ru-AHK outer -> Ru-AHO inner,outer,inner,Different mechanism,Delta learning,5,60,1.62929332,2.00941149
DecisionTreeRegressor,ru_ahk_outer_to_ru_aho_inner,Ru-AHK outer -> Ru-AHO inner,outer,inner,Different mechanism,Delta learning,5,71,1.47016368,1.66417952
DecisionTreeRegressor,ru_ahk_outer_to_ru_aho_inner,Ru-AHK outer -> Ru-AHO inner,outer,inner,Different mechanism,Delta learning,5,74,1.38325909,1.36283425
DecisionTreeRegressor,ru_ahk_outer_to_ru_aho_inner,Ru-AHK outer -> Ru-AHO inner,outer,inner,Different mechanism,Delta learning,5,82,0.99242206,1.0042165499999998
DecisionTreeRegressor,ru_ahk_outer_to_ru_aho_inner,Ru-AHK outer -> Ru-AHO inner,outer,inner,Different mechanism,Delta learning,5,86,0.67501313,1.3121322161192386
DecisionTreeRegressor,ru_ahk_outer_to_ru_aho_inner,Ru-AHK outer -> Ru-AHO inner,outer,inner,Different mechanism,Delta learning,5,87,0.56782018,1.5303341953774274
DecisionTreeRegressor,ru_ahk_outer_to_ru_aho_inner,Ru-AHK outer -> Ru-AHO inner,outer,inner,Different mechanism,Delta learning,5,89,0.33293116,1.5303341953774274
DecisionTreeRegressor,ru_ahk_outer_to_ru_aho_inner,Ru-AHK outer -> Ru-AHO inner,outer,inner,Different mechanism,Delta learning,5,91,0.10866753,0.12126274000000015
DecisionTreeRegressor,ru_ahk_outer_to_ru_aho_inner,Ru-AHK outer -> Ru-AHO inner,outer,inner,Different mechanism,Delta learning,5,92,0.09139463,1.5303341953774274
ExtraTreeRegressor,target_only_ru_aho_inner,Ru-AHO inner target-only,none,inner,Target-only,Target-only,1,0,4.50050002,2.81808334
ExtraTreeRegressor,target_only_ru_aho_inner,Ru-AHO inner target-only,none,inner,Target-only,Target-only,1,4,3.13437597,2.72095293
ExtraTreeRegressor,target_only_ru_aho_inner,Ru-AHO inner target-only,none,inner,Target-only,Target-only,1,10,2.89279432,2.81808334
ExtraTreeRegressor,target_only_ru_aho_inner,Ru-AHO inner target-only,none,inner,Target-only,Target-only,1,12,2.72095293,2.81808334
ExtraTreeRegressor,target_only_ru_aho_inner,Ru-AHO inner target-only,none,inner,Target-only,Target-only,1,18,2.72095293,2.47786275
ExtraTreeRegressor,target_only_ru_aho_inner,Ru-AHO inner target-only,none,inner,Target-only,Target-only,1,22,2.63729647,2.30450133
ExtraTreeRegressor,target_only_ru_aho_inner,Ru-AHO inner target-only,none,inner,Target-only,Target-only,1,26,2.49268506,2.11117069
ExtraTreeRegressor,target_only_ru_aho_inner,Ru-AHO inner target-only,none,inner,Target-only,Target-only,1,31,2.30450133,1.80901573
ExtraTreeRegressor,target_only_ru_aho_inner,Ru-AHO inner target-only,none,inner,Target-only,Target-only,1,40,2.13954868,2.01889808
ExtraTreeRegressor,target_only_ru_aho_inner,Ru-AHO inner target-only,none,inner,Target-only,Target-only,1,42,2.12255274,2.2128962766666667
ExtraTreeRegressor,target_only_ru_aho_inner,Ru-AHO inner target-only,none,inner,Target-only,Target-only,1,44,2.02174776,1.84440958
ExtraTreeRegressor,target_only_ru_aho_inner,Ru-AHO inner target-only,none,inner,Target-only,Target-only,1,47,1.97754867,2.13444943
ExtraTreeRegressor,target_only_ru_aho_inner,Ru-AHO inner target-only,none,inner,Target-only,Target-only,1,62,1.56906465,1.84440958
ExtraTreeRegressor,target_only_ru_aho_inner,Ru-AHO inner target-only,none,inner,Target-only,Target-only,1,64,1.53168147,1.57873877
ExtraTreeRegressor,target_only_ru_aho_inner,Ru-AHO inner target-only,none,inner,Target-only,Target-only,1,73,1.39055932,1.51369193
ExtraTreeRegressor,target_only_ru_aho_inner,Ru-AHO inner target-only,none,inner,Target-only,Target-only,1,75,1.36999511,1.35390456
ExtraTreeRegressor,target_only_ru_aho_inner,Ru-AHO inner target-only,none,inner,Target-only,Target-only,1,81,1.00421655,0.99242206
ExtraTreeRegressor,target_only_ru_aho_inner,Ru-AHO inner target-only,none,inner,Target-only,Target-only,1,83,0.83956097,0.80254597
ExtraTreeRegressor,target_only_ru_aho_inner,Ru-AHO inner target-only,none,inner,Target-only,Target-only,1,90,0.19433377,0.04819171
ExtraTreeRegressor,target_only_ru_aho_inner,Ru-AHO inner target-only,none,inner,Target-only,Target-only,1,94,0.04739647,0.80254597
ExtraTreeRegressor,target_only_ru_aho_inner,Ru-AHO inner target-only,none,inner,Target-only,Target-only,2,5,3.13437597,3.13437597
ExtraTreeRegressor,target_only_ru_aho_inner,Ru-AHO inner target-only,none,inner,Target-only,Target-only,2,9,3.13437597,3.13437597
ExtraTreeRegressor,target_only_ru_aho_inner,Ru-AHO inner target-only,none,inner,Target-only,Target-only,2,11,2.81808334,2.00941149
ExtraTreeRegressor,target_only_ru_aho_inner,Ru-AHO inner target-only,none,inner,Target-only,Target-only,2,15,2.72095293,2.30450133
ExtraTreeRegressor,target_only_ru_aho_inner,Ru-AHO inner target-only,none,inner,Target-only,Target-only,2,16,2.72095293,3.13437597
ExtraTreeRegressor,target_only_ru_aho_inner,Ru-AHO inner target-only,none,inner,Target-only,Target-only,2,28,2.47786275,2.72095293
ExtraTreeRegressor,target_only_ru_aho_inner,Ru-AHO inner target-only,none,inner,Target-only,Target-only,2,30,2.3515711,2.49823771
ExtraTreeRegressor,target_only_ru_aho_inner,Ru-AHO inner target-only,none,inner,Target-only,Target-only,2,33,2.30450133,2.00941149
ExtraTreeRegressor,target_only_ru_aho_inner,Ru-AHO inner target-only,none,inner,Target-only,Target-only,2,35,2.30450133,2.00941149
ExtraTreeRegressor,target_only_ru_aho_inner,Ru-AHO inner target-only,none,inner,Target-only,Target-only,2,39,2.16934032,2.30450133
ExtraTreeRegressor,target_only_ru_aho_inner,Ru-AHO inner target-only,none,inner,Target-only,Target-only,2,45,2.01889808,2.13954868
ExtraTreeRegressor,target_only_ru_aho_inner,Ru-AHO inner target-only,none,inner,Target-only,Target-only,2,49,1.9607788,0.80438248
ExtraTreeRegressor,target_only_ru_aho_inner,Ru-AHO inner target-only,none,inner,Target-only,Target-only,2,65,1.53168147,1.51369193
ExtraTreeRegressor,target_only_ru_aho_inner,Ru-AHO inner target-only,none,inner,Target-only,Target-only,2,68,1.49260764,2.11117069
ExtraTreeRegressor,target_only_ru_aho_inner,Ru-AHO inner target-only,none,inner,Target-only,Target-only,2,69,1.48763592,2.30450133
ExtraTreeRegressor,target_only_ru_aho_inner,Ru-AHO inner target-only,none,inner,Target-only,Target-only,2,70,1.47570337,1.51369193
ExtraTreeRegressor,target_only_ru_aho_inner,Ru-AHO inner target-only,none,inner,Target-only,Target-only,2,72,1.40708549,1.51369193
ExtraTreeRegressor,target_only_ru_aho_inner,Ru-AHO inner target-only,none,inner,Target-only,Target-only,2,80,1.31904107,1.33471728
ExtraTreeRegressor,target_only_ru_aho_inner,Ru-AHO inner target-only,none,inner,Target-only,Target-only,2,88,0.39647984,0.80438248
ExtraTreeRegressor,target_only_ru_aho_inner,Ru-AHO inner target-only,none,inner,Target-only,Target-only,2,93,0.04819171,0.19433377
ExtraTreeRegressor,target_only_ru_aho_inner,Ru-AHO inner target-only,none,inner,Target-only,Target-only,3,3,3.67873076,2.59940784
ExtraTreeRegressor,target_only_ru_aho_inner,Ru-AHO inner target-only,none,inner,Target-only,Target-only,3,6,3.13437597,3.13437597
ExtraTreeRegressor,target_only_ru_aho_inner,Ru-AHO inner target-only,none,inner,Target-only,Target-only,3,7,3.13437597,3.13437597
ExtraTreeRegressor,target_only_ru_aho_inner,Ru-AHO inner target-only,none,inner,Target-only,Target-only,3,8,3.13437597,3.13437597
ExtraTreeRegressor,target_only_ru_aho_inner,Ru-AHO inner target-only,none,inner,Target-only,Target-only,3,13,2.72095293,2.72095293
ExtraTreeRegressor,target_only_ru_aho_inner,Ru-AHO inner target-only,none,inner,Target-only,Target-only,3,17,2.72095293,2.72095293
ExtraTreeRegressor,target_only_ru_aho_inner,Ru-AHO inner target-only,none,inner,Target-only,Target-only,3,19,2.72095293,2.59940784
ExtraTreeRegressor,target_only_ru_aho_inner,Ru-AHO inner target-only,none,inner,Target-only,Target-only,3,24,2.49823771,2.30450133
ExtraTreeRegressor,target_only_ru_aho_inner,Ru-AHO inner target-only,none,inner,Target-only,Target-only,3,25,2.49823771,2.6917632
ExtraTreeRegressor,target_only_ru_aho_inner,Ru-AHO inner target-only,none,inner,Target-only,Target-only,3,27,2.47786275,4.50050002
ExtraTreeRegressor,target_only_ru_aho_inner,Ru-AHO inner target-only,none,inner,Target-only,Target-only,3,34,2.30450133,2.72095293
ExtraTreeRegressor,target_only_ru_aho_inner,Ru-AHO inner target-only,none,inner,Target-only,Target-only,3,36,2.28957767,2.36717419
ExtraTreeRegressor,target_only_ru_aho_inner,Ru-AHO inner target-only,none,inner,Target-only,Target-only,3,38,2.20688949,2.26077037
ExtraTreeRegressor,target_only_ru_aho_inner,Ru-AHO inner target-only,none,inner,Target-only,Target-only,3,53,1.84440958,2.01889808
ExtraTreeRegressor,target_only_ru_aho_inner,Ru-AHO inner target-only,none,inner,Target-only,Target-only,3,55,1.80901573,0.33293116
ExtraTreeRegressor,target_only_ru_aho_inner,Ru-AHO inner target-only,none,inner,Target-only,Target-only,3,56,1.73731552,2.36717419
ExtraTreeRegressor,target_only_ru_aho_inner,Ru-AHO inner target-only,none,inner,Target-only,Target-only,3,76,1.36999511,0.0
ExtraTreeRegressor,target_only_ru_aho_inner,Ru-AHO inner target-only,none,inner,Target-only,Target-only,3,78,1.35390456,1.36999511
ExtraTreeRegressor,target_only_ru_aho_inner,Ru-AHO inner target-only,none,inner,Target-only,Target-only,3,79,1.33471728,1.36999511
ExtraTreeRegressor,target_only_ru_aho_inner,Ru-AHO inner target-only,none,inner,Target-only,Target-only,3,85,0.80254597,0.0
ExtraTreeRegressor,target_only_ru_aho_inner,Ru-AHO inner target-only,none,inner,Target-only,Target-only,4,32,2.30450133,2.49823771
ExtraTreeRegressor,target_only_ru_aho_inner,Ru-AHO inner target-only,none,inner,Target-only,Target-only,4,41,2.13444943,1.97754867
ExtraTreeRegressor,target_only_ru_aho_inner,Ru-AHO inner target-only,none,inner,Target-only,Target-only,4,43,2.11117069,1.49260764
ExtraTreeRegressor,target_only_ru_aho_inner,Ru-AHO inner target-only,none,inner,Target-only,Target-only,4,46,2.00941149,1.62929332
ExtraTreeRegressor,target_only_ru_aho_inner,Ru-AHO inner target-only,none,inner,Target-only,Target-only,4,48,1.96551622,2.13954868
ExtraTreeRegressor,target_only_ru_aho_inner,Ru-AHO inner target-only,none,inner,Target-only,Target-only,4,50,1.95650617,1.49260764
ExtraTreeRegressor,target_only_ru_aho_inner,Ru-AHO inner target-only,none,inner,Target-only,Target-only,4,54,1.80901573,2.30450133
ExtraTreeRegressor,target_only_ru_aho_inner,Ru-AHO inner target-only,none,inner,Target-only,Target-only,4,57,1.68395754,1.88185187
ExtraTreeRegressor,target_only_ru_aho_inner,Ru-AHO inner target-only,none,inner,Target-only,Target-only,4,58,1.66417952,1.39055932
ExtraTreeRegressor,target_only_ru_aho_inner,Ru-AHO inner target-only,none,inner,Target-only,Target-only,4,59,1.62929332,1.88185187
ExtraTreeRegressor,target_only_ru_aho_inner,Ru-AHO inner target-only,none,inner,Target-only,Target-only,4,61,1.57873877,1.53168147
ExtraTreeRegressor,target_only_ru_aho_inner,Ru-AHO inner target-only,none,inner,Target-only,Target-only,4,63,1.56019653,1.53168147
ExtraTreeRegressor,target_only_ru_aho_inner,Ru-AHO inner target-only,none,inner,Target-only,Target-only,4,66,1.51369193,1.53168147
ExtraTreeRegressor,target_only_ru_aho_inner,Ru-AHO inner target-only,none,inner,Target-only,Target-only,4,67,1.51369193,1.39055932
ExtraTreeRegressor,target_only_ru_aho_inner,Ru-AHO inner target-only,none,inner,Target-only,Target-only,4,77,1.36283425,1.38325909
ExtraTreeRegressor,target_only_ru_aho_inner,Ru-AHO inner target-only,none,inner,Target-only,Target-only,4,84,0.80438248,1.49260764
ExtraTreeRegressor,target_only_ru_aho_inner,Ru-AHO inner target-only,none,inner,Target-only,Target-only,4,95,0.0120419,1.97754867
ExtraTreeRegressor,target_only_ru_aho_inner,Ru-AHO inner target-only,none,inner,Target-only,Target-only,4,96,0.0,0.80254597
ExtraTreeRegressor,target_only_ru_aho_inner,Ru-AHO inner target-only,none,inner,Target-only,Target-only,4,97,0.0,0.80254597
ExtraTreeRegressor,target_only_ru_aho_inner,Ru-AHO inner target-only,none,inner,Target-only,Target-only,5,1,4.50050002,3.13437597
ExtraTreeRegressor,target_only_ru_aho_inner,Ru-AHO inner target-only,none,inner,Target-only,Target-only,5,2,3.84937533,2.92766445
ExtraTreeRegressor,target_only_ru_aho_inner,Ru-AHO inner target-only,none,inner,Target-only,Target-only,5,14,2.72095293,2.72095293
ExtraTreeRegressor,target_only_ru_aho_inner,Ru-AHO inner target-only,none,inner,Target-only,Target-only,5,20,2.72095293,2.72095293
ExtraTreeRegressor,target_only_ru_aho_inner,Ru-AHO inner target-only,none,inner,Target-only,Target-only,5,21,2.6917632,2.49823771
ExtraTreeRegressor,target_only_ru_aho_inner,Ru-AHO inner target-only,none,inner,Target-only,Target-only,5,23,2.61179564,2.04981531
ExtraTreeRegressor,target_only_ru_aho_inner,Ru-AHO inner target-only,none,inner,Target-only,Target-only,5,29,2.47786275,2.92766445
ExtraTreeRegressor,target_only_ru_aho_inner,Ru-AHO inner target-only,none,inner,Target-only,Target-only,5,37,2.26077037,2.20688949
ExtraTreeRegressor,target_only_ru_aho_inner,Ru-AHO inner target-only,none,inner,Target-only,Target-only,5,51,1.94448624,2.16934032
ExtraTreeRegressor,target_only_ru_aho_inner,Ru-AHO inner target-only,none,inner,Target-only,Target-only,5,52,1.88185187,1.68395754
ExtraTreeRegressor,target_only_ru_aho_inner,Ru-AHO inner target-only,none,inner,Target-only,Target-only,5,60,1.62929332,2.00941149
ExtraTreeRegressor,target_only_ru_aho_inner,Ru-AHO inner target-only,none,inner,Target-only,Target-only,5,71,1.47016368,1.66417952
ExtraTreeRegressor,target_only_ru_aho_inner,Ru-AHO inner target-only,none,inner,Target-only,Target-only,5,74,1.38325909,1.36283425
ExtraTreeRegressor,target_only_ru_aho_inner,Ru-AHO inner target-only,none,inner,Target-only,Target-only,5,82,0.99242206,1.00421655
ExtraTreeRegressor,target_only_ru_aho_inner,Ru-AHO inner target-only,none,inner,Target-only,Target-only,5,86,0.67501313,4.50050002
ExtraTreeRegressor,target_only_ru_aho_inner,Ru-AHO inner target-only,none,inner,Target-only,Target-only,5,87,0.56782018,2.04981531
ExtraTreeRegressor,target_only_ru_aho_inner,Ru-AHO inner target-only,none,inner,Target-only,Target-only,5,89,0.33293116,3.67873076
ExtraTreeRegressor,target_only_ru_aho_inner,Ru-AHO inner target-only,none,inner,Target-only,Target-only,5,91,0.10866753,0.12126274
ExtraTreeRegressor,target_only_ru_aho_inner,Ru-AHO inner target-only,none,inner,Target-only,Target-only,5,92,0.09139463,3.13437597
ExtraTreeRegressor,ru_ahk_inner_to_ru_aho_inner,Ru-AHK inner -> Ru-AHO inner,inner,inner,Same mechanism,Mixed transfer,1,0,4.50050002,2.30450133
ExtraTreeRegressor,ru_ahk_inner_to_ru_aho_inner,Ru-AHK inner -> Ru-AHO inner,inner,inner,Same mechanism,Mixed transfer,1,4,3.13437597,2.72095293
ExtraTreeRegressor,ru_ahk_inner_to_ru_aho_inner,Ru-AHK inner -> Ru-AHO inner,inner,inner,Same mechanism,Mixed transfer,1,10,2.89279432,2.81808334
ExtraTreeRegressor,ru_ahk_inner_to_ru_aho_inner,Ru-AHK inner -> Ru-AHO inner,inner,inner,Same mechanism,Mixed transfer,1,12,2.72095293,2.6917632
ExtraTreeRegressor,ru_ahk_inner_to_ru_aho_inner,Ru-AHK inner -> Ru-AHO inner,inner,inner,Same mechanism,Mixed transfer,1,18,2.72095293,2.47786275
ExtraTreeRegressor,ru_ahk_inner_to_ru_aho_inner,Ru-AHK inner -> Ru-AHO inner,inner,inner,Same mechanism,Mixed transfer,1,22,2.63729647,2.30450133
ExtraTreeRegressor,ru_ahk_inner_to_ru_aho_inner,Ru-AHK inner -> Ru-AHO inner,inner,inner,Same mechanism,Mixed transfer,1,26,2.49268506,2.11117069
ExtraTreeRegressor,ru_ahk_inner_to_ru_aho_inner,Ru-AHK inner -> Ru-AHO inner,inner,inner,Same mechanism,Mixed transfer,1,31,2.30450133,1.80901573
ExtraTreeRegressor,ru_ahk_inner_to_ru_aho_inner,Ru-AHK inner -> Ru-AHO inner,inner,inner,Same mechanism,Mixed transfer,1,40,2.13954868,2.01889808
ExtraTreeRegressor,ru_ahk_inner_to_ru_aho_inner,Ru-AHK inner -> Ru-AHO inner,inner,inner,Same mechanism,Mixed transfer,1,42,2.12255274,2.2128962766666667
ExtraTreeRegressor,ru_ahk_inner_to_ru_aho_inner,Ru-AHK inner -> Ru-AHO inner,inner,inner,Same mechanism,Mixed transfer,1,44,2.02174776,1.84440958
ExtraTreeRegressor,ru_ahk_inner_to_ru_aho_inner,Ru-AHK inner -> Ru-AHO inner,inner,inner,Same mechanism,Mixed transfer,1,47,1.97754867,0.39647984
ExtraTreeRegressor,ru_ahk_inner_to_ru_aho_inner,Ru-AHK inner -> Ru-AHO inner,inner,inner,Same mechanism,Mixed transfer,1,62,1.56906465,1.84440958
ExtraTreeRegressor,ru_ahk_inner_to_ru_aho_inner,Ru-AHK inner -> Ru-AHO inner,inner,inner,Same mechanism,Mixed transfer,1,64,1.53168147,1.57873877
ExtraTreeRegressor,ru_ahk_inner_to_ru_aho_inner,Ru-AHK inner -> Ru-AHO inner,inner,inner,Same mechanism,Mixed transfer,1,73,1.39055932,1.51369193
ExtraTreeRegressor,ru_ahk_inner_to_ru_aho_inner,Ru-AHK inner -> Ru-AHO inner,inner,inner,Same mechanism,Mixed transfer,1,75,1.36999511,1.35390456
ExtraTreeRegressor,ru_ahk_inner_to_ru_aho_inner,Ru-AHK inner -> Ru-AHO inner,inner,inner,Same mechanism,Mixed transfer,1,81,1.00421655,0.99242206
ExtraTreeRegressor,ru_ahk_inner_to_ru_aho_inner,Ru-AHK inner -> Ru-AHO inner,inner,inner,Same mechanism,Mixed transfer,1,83,0.83956097,0.80254597
ExtraTreeRegressor,ru_ahk_inner_to_ru_aho_inner,Ru-AHK inner -> Ru-AHO inner,inner,inner,Same mechanism,Mixed transfer,1,90,0.19433377,0.04819171
ExtraTreeRegressor,ru_ahk_inner_to_ru_aho_inner,Ru-AHK inner -> Ru-AHO inner,inner,inner,Same mechanism,Mixed transfer,1,94,0.04739647,0.80254597
ExtraTreeRegressor,ru_ahk_inner_to_ru_aho_inner,Ru-AHK inner -> Ru-AHO inner,inner,inner,Same mechanism,Delta learning,1,0,4.50050002,2.30450133
ExtraTreeRegressor,ru_ahk_inner_to_ru_aho_inner,Ru-AHK inner -> Ru-AHO inner,inner,inner,Same mechanism,Delta learning,1,4,3.13437597,2.72095293
ExtraTreeRegressor,ru_ahk_inner_to_ru_aho_inner,Ru-AHK inner -> Ru-AHO inner,inner,inner,Same mechanism,Delta learning,1,10,2.89279432,2.81808334
ExtraTreeRegressor,ru_ahk_inner_to_ru_aho_inner,Ru-AHK inner -> Ru-AHO inner,inner,inner,Same mechanism,Delta learning,1,12,2.72095293,4.0061811150932165
ExtraTreeRegressor,ru_ahk_inner_to_ru_aho_inner,Ru-AHK inner -> Ru-AHO inner,inner,inner,Same mechanism,Delta learning,1,18,2.72095293,2.47786275
ExtraTreeRegressor,ru_ahk_inner_to_ru_aho_inner,Ru-AHK inner -> Ru-AHO inner,inner,inner,Same mechanism,Delta learning,1,22,2.63729647,2.30450133
ExtraTreeRegressor,ru_ahk_inner_to_ru_aho_inner,Ru-AHK inner -> Ru-AHO inner,inner,inner,Same mechanism,Delta learning,1,26,2.49268506,2.11117069
ExtraTreeRegressor,ru_ahk_inner_to_ru_aho_inner,Ru-AHK inner -> Ru-AHO inner,inner,inner,Same mechanism,Delta learning,1,31,2.30450133,1.80901573
ExtraTreeRegressor,ru_ahk_inner_to_ru_aho_inner,Ru-AHK inner -> Ru-AHO inner,inner,inner,Same mechanism,Delta learning,1,40,2.13954868,2.01889808
ExtraTreeRegressor,ru_ahk_inner_to_ru_aho_inner,Ru-AHK inner -> Ru-AHO inner,inner,inner,Same mechanism,Delta learning,1,42,2.12255274,2.2128962766666667
ExtraTreeRegressor,ru_ahk_inner_to_ru_aho_inner,Ru-AHK inner -> Ru-AHO inner,inner,inner,Same mechanism,Delta learning,1,44,2.02174776,1.94448624
ExtraTreeRegressor,ru_ahk_inner_to_ru_aho_inner,Ru-AHK inner -> Ru-AHO inner,inner,inner,Same mechanism,Delta learning,1,47,1.97754867,2.13444943
ExtraTreeRegressor,ru_ahk_inner_to_ru_aho_inner,Ru-AHK inner -> Ru-AHO inner,inner,inner,Same mechanism,Delta learning,1,62,1.56906465,1.84440958
ExtraTreeRegressor,ru_ahk_inner_to_ru_aho_inner,Ru-AHK inner -> Ru-AHO inner,inner,inner,Same mechanism,Delta learning,1,64,1.53168147,1.51369193
ExtraTreeRegressor,ru_ahk_inner_to_ru_aho_inner,Ru-AHK inner -> Ru-AHO inner,inner,inner,Same mechanism,Delta learning,1,73,1.39055932,1.51369193
ExtraTreeRegressor,ru_ahk_inner_to_ru_aho_inner,Ru-AHK inner -> Ru-AHO inner,inner,inner,Same mechanism,Delta learning,1,75,1.36999511,1.35390456
ExtraTreeRegressor,ru_ahk_inner_to_ru_aho_inner,Ru-AHK inner -> Ru-AHO inner,inner,inner,Same mechanism,Delta learning,1,81,1.00421655,0.99242206
ExtraTreeRegressor,ru_ahk_inner_to_ru_aho_inner,Ru-AHK inner -> Ru-AHO inner,inner,inner,Same mechanism,Delta learning,1,83,0.83956097,0.80254597
ExtraTreeRegressor,ru_ahk_inner_to_ru_aho_inner,Ru-AHK inner -> Ru-AHO inner,inner,inner,Same mechanism,Delta learning,1,90,0.19433377,0.04819171
ExtraTreeRegressor,ru_ahk_inner_to_ru_aho_inner,Ru-AHK inner -> Ru-AHO inner,inner,inner,Same mechanism,Delta learning,1,94,0.04739647,0.80254597
ExtraTreeRegressor,ru_ahk_inner_to_ru_aho_inner,Ru-AHK inner -> Ru-AHO inner,inner,inner,Same mechanism,Mixed transfer,2,5,3.13437597,3.13437597
ExtraTreeRegressor,ru_ahk_inner_to_ru_aho_inner,Ru-AHK inner -> Ru-AHO inner,inner,inner,Same mechanism,Mixed transfer,2,9,3.13437597,3.13437597
ExtraTreeRegressor,ru_ahk_inner_to_ru_aho_inner,Ru-AHK inner -> Ru-AHO inner,inner,inner,Same mechanism,Mixed transfer,2,11,2.81808334,2.00941149
ExtraTreeRegressor,ru_ahk_inner_to_ru_aho_inner,Ru-AHK inner -> Ru-AHO inner,inner,inner,Same mechanism,Mixed transfer,2,15,2.72095293,2.30450133
ExtraTreeRegressor,ru_ahk_inner_to_ru_aho_inner,Ru-AHK inner -> Ru-AHO inner,inner,inner,Same mechanism,Mixed transfer,2,16,2.72095293,3.13437597
ExtraTreeRegressor,ru_ahk_inner_to_ru_aho_inner,Ru-AHK inner -> Ru-AHO inner,inner,inner,Same mechanism,Mixed transfer,2,28,2.47786275,2.72095293
ExtraTreeRegressor,ru_ahk_inner_to_ru_aho_inner,Ru-AHK inner -> Ru-AHO inner,inner,inner,Same mechanism,Mixed transfer,2,30,2.3515711,2.63729647
ExtraTreeRegressor,ru_ahk_inner_to_ru_aho_inner,Ru-AHK inner -> Ru-AHO inner,inner,inner,Same mechanism,Mixed transfer,2,33,2.30450133,2.00941149
ExtraTreeRegressor,ru_ahk_inner_to_ru_aho_inner,Ru-AHK inner -> Ru-AHO inner,inner,inner,Same mechanism,Mixed transfer,2,35,2.30450133,2.00941149
ExtraTreeRegressor,ru_ahk_inner_to_ru_aho_inner,Ru-AHK inner -> Ru-AHO inner,inner,inner,Same mechanism,Mixed transfer,2,39,2.16934032,2.20688949
ExtraTreeRegressor,ru_ahk_inner_to_ru_aho_inner,Ru-AHK inner -> Ru-AHO inner,inner,inner,Same mechanism,Mixed transfer,2,45,2.01889808,1.7131604994965048
ExtraTreeRegressor,ru_ahk_inner_to_ru_aho_inner,Ru-AHK inner -> Ru-AHO inner,inner,inner,Same mechanism,Mixed transfer,2,49,1.9607788,0.80438248
ExtraTreeRegressor,ru_ahk_inner_to_ru_aho_inner,Ru-AHK inner -> Ru-AHO inner,inner,inner,Same mechanism,Mixed transfer,2,65,1.53168147,1.51369193
ExtraTreeRegressor,ru_ahk_inner_to_ru_aho_inner,Ru-AHK inner -> Ru-AHO inner,inner,inner,Same mechanism,Mixed transfer,2,68,1.49260764,1.95650617
ExtraTreeRegressor,ru_ahk_inner_to_ru_aho_inner,Ru-AHK inner -> Ru-AHO inner,inner,inner,Same mechanism,Mixed transfer,2,69,1.48763592,2.30450133
ExtraTreeRegressor,ru_ahk_inner_to_ru_aho_inner,Ru-AHK inner -> Ru-AHO inner,inner,inner,Same mechanism,Mixed transfer,2,70,1.47570337,2.13444943
ExtraTreeRegressor,ru_ahk_inner_to_ru_aho_inner,Ru-AHK inner -> Ru-AHO inner,inner,inner,Same mechanism,Mixed transfer,2,72,1.40708549,1.51369193
ExtraTreeRegressor,ru_ahk_inner_to_ru_aho_inner,Ru-AHK inner -> Ru-AHO inner,inner,inner,Same mechanism,Mixed transfer,2,80,1.31904107,1.33471728
ExtraTreeRegressor,ru_ahk_inner_to_ru_aho_inner,Ru-AHK inner -> Ru-AHO inner,inner,inner,Same mechanism,Mixed transfer,2,88,0.39647984,0.80438248
ExtraTreeRegressor,ru_ahk_inner_to_ru_aho_inner,Ru-AHK inner -> Ru-AHO inner,inner,inner,Same mechanism,Mixed transfer,2,93,0.04819171,0.19433377
ExtraTreeRegressor,ru_ahk_inner_to_ru_aho_inner,Ru-AHK inner -> Ru-AHO inner,inner,inner,Same mechanism,Delta learning,2,5,3.13437597,3.13437597
ExtraTreeRegressor,ru_ahk_inner_to_ru_aho_inner,Ru-AHK inner -> Ru-AHO inner,inner,inner,Same mechanism,Delta learning,2,9,3.13437597,4.50050002
ExtraTreeRegressor,ru_ahk_inner_to_ru_aho_inner,Ru-AHK inner -> Ru-AHO inner,inner,inner,Same mechanism,Delta learning,2,11,2.81808334,2.89279432
ExtraTreeRegressor,ru_ahk_inner_to_ru_aho_inner,Ru-AHK inner -> Ru-AHO inner,inner,inner,Same mechanism,Delta learning,2,15,2.72095293,2.30450133
ExtraTreeRegressor,ru_ahk_inner_to_ru_aho_inner,Ru-AHK inner -> Ru-AHO inner,inner,inner,Same mechanism,Delta learning,2,16,2.72095293,3.13437597
ExtraTreeRegressor,ru_ahk_inner_to_ru_aho_inner,Ru-AHK inner -> Ru-AHO inner,inner,inner,Same mechanism,Delta learning,2,28,2.47786275,2.72095293
ExtraTreeRegressor,ru_ahk_inner_to_ru_aho_inner,Ru-AHK inner -> Ru-AHO inner,inner,inner,Same mechanism,Delta learning,2,30,2.3515711,2.49823771
ExtraTreeRegressor,ru_ahk_inner_to_ru_aho_inner,Ru-AHK inner -> Ru-AHO inner,inner,inner,Same mechanism,Delta learning,2,33,2.30450133,4.50050002
ExtraTreeRegressor,ru_ahk_inner_to_ru_aho_inner,Ru-AHK inner -> Ru-AHO inner,inner,inner,Same mechanism,Delta learning,2,35,2.30450133,2.89279432
ExtraTreeRegressor,ru_ahk_inner_to_ru_aho_inner,Ru-AHK inner -> Ru-AHO inner,inner,inner,Same mechanism,Delta learning,2,39,2.16934032,2.30450133
ExtraTreeRegressor,ru_ahk_inner_to_ru_aho_inner,Ru-AHK inner -> Ru-AHO inner,inner,inner,Same mechanism,Delta learning,2,45,2.01889808,2.13954868
ExtraTreeRegressor,ru_ahk_inner_to_ru_aho_inner,Ru-AHK inner -> Ru-AHO inner,inner,inner,Same mechanism,Delta learning,2,49,1.9607788,0.7116206585892978
ExtraTreeRegressor,ru_ahk_inner_to_ru_aho_inner,Ru-AHK inner -> Ru-AHO inner,inner,inner,Same mechanism,Delta learning,2,65,1.53168147,1.51369193
ExtraTreeRegressor,ru_ahk_inner_to_ru_aho_inner,Ru-AHK inner -> Ru-AHO inner,inner,inner,Same mechanism,Delta learning,2,68,1.49260764,1.95650617
ExtraTreeRegressor,ru_ahk_inner_to_ru_aho_inner,Ru-AHK inner -> Ru-AHO inner,inner,inner,Same mechanism,Delta learning,2,69,1.48763592,2.30450133
ExtraTreeRegressor,ru_ahk_inner_to_ru_aho_inner,Ru-AHK inner -> Ru-AHO inner,inner,inner,Same mechanism,Delta learning,2,70,1.47570337,2.13444943
ExtraTreeRegressor,ru_ahk_inner_to_ru_aho_inner,Ru-AHK inner -> Ru-AHO inner,inner,inner,Same mechanism,Delta learning,2,72,1.40708549,1.51369193
ExtraTreeRegressor,ru_ahk_inner_to_ru_aho_inner,Ru-AHK inner -> Ru-AHO inner,inner,inner,Same mechanism,Delta learning,2,80,1.31904107,1.33471728
ExtraTreeRegressor,ru_ahk_inner_to_ru_aho_inner,Ru-AHK inner -> Ru-AHO inner,inner,inner,Same mechanism,Delta learning,2,88,0.39647984,0.80438248
ExtraTreeRegressor,ru_ahk_inner_to_ru_aho_inner,Ru-AHK inner -> Ru-AHO inner,inner,inner,Same mechanism,Delta learning,2,93,0.04819171,0.19433377000000007
ExtraTreeRegressor,ru_ahk_inner_to_ru_aho_inner,Ru-AHK inner -> Ru-AHO inner,inner,inner,Same mechanism,Mixed transfer,3,3,3.67873076,2.72095293
ExtraTreeRegressor,ru_ahk_inner_to_ru_aho_inner,Ru-AHK inner -> Ru-AHO inner,inner,inner,Same mechanism,Mixed transfer,3,6,3.13437597,3.13437597
ExtraTreeRegressor,ru_ahk_inner_to_ru_aho_inner,Ru-AHK inner -> Ru-AHO inner,inner,inner,Same mechanism,Mixed transfer,3,7,3.13437597,3.13437597
ExtraTreeRegressor,ru_ahk_inner_to_ru_aho_inner,Ru-AHK inner -> Ru-AHO inner,inner,inner,Same mechanism,Mixed transfer,3,8,3.13437597,3.13437597
ExtraTreeRegressor,ru_ahk_inner_to_ru_aho_inner,Ru-AHK inner -> Ru-AHO inner,inner,inner,Same mechanism,Mixed transfer,3,13,2.72095293,2.72095293
ExtraTreeRegressor,ru_ahk_inner_to_ru_aho_inner,Ru-AHK inner -> Ru-AHO inner,inner,inner,Same mechanism,Mixed transfer,3,17,2.72095293,2.72095293
ExtraTreeRegressor,ru_ahk_inner_to_ru_aho_inner,Ru-AHK inner -> Ru-AHO inner,inner,inner,Same mechanism,Mixed transfer,3,19,2.72095293,2.72095293
ExtraTreeRegressor,ru_ahk_inner_to_ru_aho_inner,Ru-AHK inner -> Ru-AHO inner,inner,inner,Same mechanism,Mixed transfer,3,24,2.49823771,2.30450133
ExtraTreeRegressor,ru_ahk_inner_to_ru_aho_inner,Ru-AHK inner -> Ru-AHO inner,inner,inner,Same mechanism,Mixed transfer,3,25,2.49823771,2.6917632
ExtraTreeRegressor,ru_ahk_inner_to_ru_aho_inner,Ru-AHK inner -> Ru-AHO inner,inner,inner,Same mechanism,Mixed transfer,3,27,2.47786275,4.50050002
ExtraTreeRegressor,ru_ahk_inner_to_ru_aho_inner,Ru-AHK inner -> Ru-AHO inner,inner,inner,Same mechanism,Mixed transfer,3,34,2.30450133,2.72095293
ExtraTreeRegressor,ru_ahk_inner_to_ru_aho_inner,Ru-AHK inner -> Ru-AHO inner,inner,inner,Same mechanism,Mixed transfer,3,36,2.28957767,2.36717419
ExtraTreeRegressor,ru_ahk_inner_to_ru_aho_inner,Ru-AHK inner -> Ru-AHO inner,inner,inner,Same mechanism,Mixed transfer,3,38,2.20688949,2.26077037
ExtraTreeRegressor,ru_ahk_inner_to_ru_aho_inner,Ru-AHK inner -> Ru-AHO inner,inner,inner,Same mechanism,Mixed transfer,3,53,1.84440958,2.02174776
ExtraTreeRegressor,ru_ahk_inner_to_ru_aho_inner,Ru-AHK inner -> Ru-AHO inner,inner,inner,Same mechanism,Mixed transfer,3,55,1.80901573,2.30450133
ExtraTreeRegressor,ru_ahk_inner_to_ru_aho_inner,Ru-AHK inner -> Ru-AHO inner,inner,inner,Same mechanism,Mixed transfer,3,56,1.73731552,2.36717419
ExtraTreeRegressor,ru_ahk_inner_to_ru_aho_inner,Ru-AHK inner -> Ru-AHO inner,inner,inner,Same mechanism,Mixed transfer,3,76,1.36999511,0.0
ExtraTreeRegressor,ru_ahk_inner_to_ru_aho_inner,Ru-AHK inner -> Ru-AHO inner,inner,inner,Same mechanism,Mixed transfer,3,78,1.35390456,1.36999511
ExtraTreeRegressor,ru_ahk_inner_to_ru_aho_inner,Ru-AHK inner -> Ru-AHO inner,inner,inner,Same mechanism,Mixed transfer,3,79,1.33471728,1.31904107
ExtraTreeRegressor,ru_ahk_inner_to_ru_aho_inner,Ru-AHK inner -> Ru-AHO inner,inner,inner,Same mechanism,Mixed transfer,3,85,0.80254597,0.0
ExtraTreeRegressor,ru_ahk_inner_to_ru_aho_inner,Ru-AHK inner -> Ru-AHO inner,inner,inner,Same mechanism,Delta learning,3,3,3.67873076,2.59940784
ExtraTreeRegressor,ru_ahk_inner_to_ru_aho_inner,Ru-AHK inner -> Ru-AHO inner,inner,inner,Same mechanism,Delta learning,3,6,3.13437597,0.6210325753100063
ExtraTreeRegressor,ru_ahk_inner_to_ru_aho_inner,Ru-AHK inner -> Ru-AHO inner,inner,inner,Same mechanism,Delta learning,3,7,3.13437597,3.13437597
ExtraTreeRegressor,ru_ahk_inner_to_ru_aho_inner,Ru-AHK inner -> Ru-AHO inner,inner,inner,Same mechanism,Delta learning,3,8,3.13437597,0.6395748153100063
ExtraTreeRegressor,ru_ahk_inner_to_ru_aho_inner,Ru-AHK inner -> Ru-AHO inner,inner,inner,Same mechanism,Delta learning,3,13,2.72095293,2.59940784
ExtraTreeRegressor,ru_ahk_inner_to_ru_aho_inner,Ru-AHK inner -> Ru-AHO inner,inner,inner,Same mechanism,Delta learning,3,17,2.72095293,2.72095293
ExtraTreeRegressor,ru_ahk_inner_to_ru_aho_inner,Ru-AHK inner -> Ru-AHO inner,inner,inner,Same mechanism,Delta learning,3,19,2.72095293,2.59940784
ExtraTreeRegressor,ru_ahk_inner_to_ru_aho_inner,Ru-AHK inner -> Ru-AHO inner,inner,inner,Same mechanism,Delta learning,3,24,2.49823771,2.30450133
ExtraTreeRegressor,ru_ahk_inner_to_ru_aho_inner,Ru-AHK inner -> Ru-AHO inner,inner,inner,Same mechanism,Delta learning,3,25,2.49823771,2.6917632
ExtraTreeRegressor,ru_ahk_inner_to_ru_aho_inner,Ru-AHK inner -> Ru-AHO inner,inner,inner,Same mechanism,Delta learning,3,27,2.47786275,2.2694863688478577
ExtraTreeRegressor,ru_ahk_inner_to_ru_aho_inner,Ru-AHK inner -> Ru-AHO inner,inner,inner,Same mechanism,Delta learning,3,34,2.30450133,2.72095293
ExtraTreeRegressor,ru_ahk_inner_to_ru_aho_inner,Ru-AHK inner -> Ru-AHO inner,inner,inner,Same mechanism,Delta learning,3,36,2.28957767,2.36717419
ExtraTreeRegressor,ru_ahk_inner_to_ru_aho_inner,Ru-AHK inner -> Ru-AHO inner,inner,inner,Same mechanism,Delta learning,3,38,2.20688949,2.26077037
ExtraTreeRegressor,ru_ahk_inner_to_ru_aho_inner,Ru-AHK inner -> Ru-AHO inner,inner,inner,Same mechanism,Delta learning,3,53,1.84440958,2.02174776
ExtraTreeRegressor,ru_ahk_inner_to_ru_aho_inner,Ru-AHK inner -> Ru-AHO inner,inner,inner,Same mechanism,Delta learning,3,55,1.80901573,2.72095293
ExtraTreeRegressor,ru_ahk_inner_to_ru_aho_inner,Ru-AHK inner -> Ru-AHO inner,inner,inner,Same mechanism,Delta learning,3,56,1.73731552,2.36717419
ExtraTreeRegressor,ru_ahk_inner_to_ru_aho_inner,Ru-AHK inner -> Ru-AHO inner,inner,inner,Same mechanism,Delta learning,3,76,1.36999511,0.0
ExtraTreeRegressor,ru_ahk_inner_to_ru_aho_inner,Ru-AHK inner -> Ru-AHO inner,inner,inner,Same mechanism,Delta learning,3,78,1.35390456,1.36999511
ExtraTreeRegressor,ru_ahk_inner_to_ru_aho_inner,Ru-AHK inner -> Ru-AHO inner,inner,inner,Same mechanism,Delta learning,3,79,1.33471728,1.31904107
ExtraTreeRegressor,ru_ahk_inner_to_ru_aho_inner,Ru-AHK inner -> Ru-AHO inner,inner,inner,Same mechanism,Delta learning,3,85,0.80254597,0.0
ExtraTreeRegressor,ru_ahk_inner_to_ru_aho_inner,Ru-AHK inner -> Ru-AHO inner,inner,inner,Same mechanism,Mixed transfer,4,32,2.30450133,2.49823771
ExtraTreeRegressor,ru_ahk_inner_to_ru_aho_inner,Ru-AHK inner -> Ru-AHO inner,inner,inner,Same mechanism,Mixed transfer,4,41,2.13444943,3.13437597
ExtraTreeRegressor,ru_ahk_inner_to_ru_aho_inner,Ru-AHK inner -> Ru-AHO inner,inner,inner,Same mechanism,Mixed transfer,4,43,2.11117069,1.49260764
ExtraTreeRegressor,ru_ahk_inner_to_ru_aho_inner,Ru-AHK inner -> Ru-AHO inner,inner,inner,Same mechanism,Mixed transfer,4,46,2.00941149,1.62929332
ExtraTreeRegressor,ru_ahk_inner_to_ru_aho_inner,Ru-AHK inner -> Ru-AHO inner,inner,inner,Same mechanism,Mixed transfer,4,48,1.96551622,1.94448624
ExtraTreeRegressor,ru_ahk_inner_to_ru_aho_inner,Ru-AHK inner -> Ru-AHO inner,inner,inner,Same mechanism,Mixed transfer,4,50,1.95650617,1.49260764
ExtraTreeRegressor,ru_ahk_inner_to_ru_aho_inner,Ru-AHK inner -> Ru-AHO inner,inner,inner,Same mechanism,Mixed transfer,4,54,1.80901573,2.30450133
ExtraTreeRegressor,ru_ahk_inner_to_ru_aho_inner,Ru-AHK inner -> Ru-AHO inner,inner,inner,Same mechanism,Mixed transfer,4,57,1.68395754,1.88185187
ExtraTreeRegressor,ru_ahk_inner_to_ru_aho_inner,Ru-AHK inner -> Ru-AHO inner,inner,inner,Same mechanism,Mixed transfer,4,58,1.66417952,1.39055932
ExtraTreeRegressor,ru_ahk_inner_to_ru_aho_inner,Ru-AHK inner -> Ru-AHO inner,inner,inner,Same mechanism,Mixed transfer,4,59,1.62929332,0.39647984
ExtraTreeRegressor,ru_ahk_inner_to_ru_aho_inner,Ru-AHK inner -> Ru-AHO inner,inner,inner,Same mechanism,Mixed transfer,4,61,1.57873877,1.53168147
ExtraTreeRegressor,ru_ahk_inner_to_ru_aho_inner,Ru-AHK inner -> Ru-AHO inner,inner,inner,Same mechanism,Mixed transfer,4,63,1.56019653,1.53168147
ExtraTreeRegressor,ru_ahk_inner_to_ru_aho_inner,Ru-AHK inner -> Ru-AHO inner,inner,inner,Same mechanism,Mixed transfer,4,66,1.51369193,1.53168147
ExtraTreeRegressor,ru_ahk_inner_to_ru_aho_inner,Ru-AHK inner -> Ru-AHO inner,inner,inner,Same mechanism,Mixed transfer,4,67,1.51369193,1.39055932
ExtraTreeRegressor,ru_ahk_inner_to_ru_aho_inner,Ru-AHK inner -> Ru-AHO inner,inner,inner,Same mechanism,Mixed transfer,4,77,1.36283425,1.38325909
ExtraTreeRegressor,ru_ahk_inner_to_ru_aho_inner,Ru-AHK inner -> Ru-AHO inner,inner,inner,Same mechanism,Mixed transfer,4,84,0.80438248,0.67501313
ExtraTreeRegressor,ru_ahk_inner_to_ru_aho_inner,Ru-AHK inner -> Ru-AHO inner,inner,inner,Same mechanism,Mixed transfer,4,95,0.0120419,0.12126274
ExtraTreeRegressor,ru_ahk_inner_to_ru_aho_inner,Ru-AHK inner -> Ru-AHO inner,inner,inner,Same mechanism,Mixed transfer,4,96,0.0,0.83956097
ExtraTreeRegressor,ru_ahk_inner_to_ru_aho_inner,Ru-AHK inner -> Ru-AHO inner,inner,inner,Same mechanism,Mixed transfer,4,97,0.0,0.80254597
ExtraTreeRegressor,ru_ahk_inner_to_ru_aho_inner,Ru-AHK inner -> Ru-AHO inner,inner,inner,Same mechanism,Delta learning,4,32,2.30450133,2.49823771
ExtraTreeRegressor,ru_ahk_inner_to_ru_aho_inner,Ru-AHK inner -> Ru-AHO inner,inner,inner,Same mechanism,Delta learning,4,41,2.13444943,1.97754867
ExtraTreeRegressor,ru_ahk_inner_to_ru_aho_inner,Ru-AHK inner -> Ru-AHO inner,inner,inner,Same mechanism,Delta learning,4,43,2.11117069,2.49268506
ExtraTreeRegressor,ru_ahk_inner_to_ru_aho_inner,Ru-AHK inner -> Ru-AHO inner,inner,inner,Same mechanism,Delta learning,4,46,2.00941149,1.62929332
ExtraTreeRegressor,ru_ahk_inner_to_ru_aho_inner,Ru-AHK inner -> Ru-AHO inner,inner,inner,Same mechanism,Delta learning,4,48,1.96551622,2.13954868
ExtraTreeRegressor,ru_ahk_inner_to_ru_aho_inner,Ru-AHK inner -> Ru-AHO inner,inner,inner,Same mechanism,Delta learning,4,50,1.95650617,1.49260764
ExtraTreeRegressor,ru_ahk_inner_to_ru_aho_inner,Ru-AHK inner -> Ru-AHO inner,inner,inner,Same mechanism,Delta learning,4,54,1.80901573,2.30450133
ExtraTreeRegressor,ru_ahk_inner_to_ru_aho_inner,Ru-AHK inner -> Ru-AHO inner,inner,inner,Same mechanism,Delta learning,4,57,1.68395754,1.88185187
ExtraTreeRegressor,ru_ahk_inner_to_ru_aho_inner,Ru-AHK inner -> Ru-AHO inner,inner,inner,Same mechanism,Delta learning,4,58,1.66417952,1.47016368
ExtraTreeRegressor,ru_ahk_inner_to_ru_aho_inner,Ru-AHK inner -> Ru-AHO inner,inner,inner,Same mechanism,Delta learning,4,59,1.62929332,1.88185187
ExtraTreeRegressor,ru_ahk_inner_to_ru_aho_inner,Ru-AHK inner -> Ru-AHO inner,inner,inner,Same mechanism,Delta learning,4,61,1.57873877,1.53168147
ExtraTreeRegressor,ru_ahk_inner_to_ru_aho_inner,Ru-AHK inner -> Ru-AHO inner,inner,inner,Same mechanism,Delta learning,4,63,1.56019653,1.53168147
ExtraTreeRegressor,ru_ahk_inner_to_ru_aho_inner,Ru-AHK inner -> Ru-AHO inner,inner,inner,Same mechanism,Delta learning,4,66,1.51369193,1.53168147
ExtraTreeRegressor,ru_ahk_inner_to_ru_aho_inner,Ru-AHK inner -> Ru-AHO inner,inner,inner,Same mechanism,Delta learning,4,67,1.51369193,1.39055932
ExtraTreeRegressor,ru_ahk_inner_to_ru_aho_inner,Ru-AHK inner -> Ru-AHO inner,inner,inner,Same mechanism,Delta learning,4,77,1.36283425,1.38325909
ExtraTreeRegressor,ru_ahk_inner_to_ru_aho_inner,Ru-AHK inner -> Ru-AHO inner,inner,inner,Same mechanism,Delta learning,4,84,0.80438248,0.39647984000000003
ExtraTreeRegressor,ru_ahk_inner_to_ru_aho_inner,Ru-AHK inner -> Ru-AHO inner,inner,inner,Same mechanism,Delta learning,4,95,0.0120419,0.12126273999999992
ExtraTreeRegressor,ru_ahk_inner_to_ru_aho_inner,Ru-AHK inner -> Ru-AHO inner,inner,inner,Same mechanism,Delta learning,4,96,0.0,0.80254597
ExtraTreeRegressor,ru_ahk_inner_to_ru_aho_inner,Ru-AHK inner -> Ru-AHO inner,inner,inner,Same mechanism,Delta learning,4,97,0.0,0.80254597
ExtraTreeRegressor,ru_ahk_inner_to_ru_aho_inner,Ru-AHK inner -> Ru-AHO inner,inner,inner,Same mechanism,Mixed transfer,5,1,4.50050002,3.13437597
ExtraTreeRegressor,ru_ahk_inner_to_ru_aho_inner,Ru-AHK inner -> Ru-AHO inner,inner,inner,Same mechanism,Mixed transfer,5,2,3.84937533,2.92766445
ExtraTreeRegressor,ru_ahk_inner_to_ru_aho_inner,Ru-AHK inner -> Ru-AHO inner,inner,inner,Same mechanism,Mixed transfer,5,14,2.72095293,2.72095293
ExtraTreeRegressor,ru_ahk_inner_to_ru_aho_inner,Ru-AHK inner -> Ru-AHO inner,inner,inner,Same mechanism,Mixed transfer,5,20,2.72095293,2.59940784
ExtraTreeRegressor,ru_ahk_inner_to_ru_aho_inner,Ru-AHK inner -> Ru-AHO inner,inner,inner,Same mechanism,Mixed transfer,5,21,2.6917632,2.49823771
ExtraTreeRegressor,ru_ahk_inner_to_ru_aho_inner,Ru-AHK inner -> Ru-AHO inner,inner,inner,Same mechanism,Mixed transfer,5,23,2.61179564,2.04981531
ExtraTreeRegressor,ru_ahk_inner_to_ru_aho_inner,Ru-AHK inner -> Ru-AHO inner,inner,inner,Same mechanism,Mixed transfer,5,29,2.47786275,2.81808334
ExtraTreeRegressor,ru_ahk_inner_to_ru_aho_inner,Ru-AHK inner -> Ru-AHO inner,inner,inner,Same mechanism,Mixed transfer,5,37,2.26077037,1.80901573
ExtraTreeRegressor,ru_ahk_inner_to_ru_aho_inner,Ru-AHK inner -> Ru-AHO inner,inner,inner,Same mechanism,Mixed transfer,5,51,1.94448624,1.96551622
ExtraTreeRegressor,ru_ahk_inner_to_ru_aho_inner,Ru-AHK inner -> Ru-AHO inner,inner,inner,Same mechanism,Mixed transfer,5,52,1.88185187,1.68395754
ExtraTreeRegressor,ru_ahk_inner_to_ru_aho_inner,Ru-AHK inner -> Ru-AHO inner,inner,inner,Same mechanism,Mixed transfer,5,60,1.62929332,2.00941149
ExtraTreeRegressor,ru_ahk_inner_to_ru_aho_inner,Ru-AHK inner -> Ru-AHO inner,inner,inner,Same mechanism,Mixed transfer,5,71,1.47016368,1.66417952
ExtraTreeRegressor,ru_ahk_inner_to_ru_aho_inner,Ru-AHK inner -> Ru-AHO inner,inner,inner,Same mechanism,Mixed transfer,5,74,1.38325909,1.36283425
ExtraTreeRegressor,ru_ahk_inner_to_ru_aho_inner,Ru-AHK inner -> Ru-AHO inner,inner,inner,Same mechanism,Mixed transfer,5,82,0.99242206,1.00421655
ExtraTreeRegressor,ru_ahk_inner_to_ru_aho_inner,Ru-AHK inner -> Ru-AHO inner,inner,inner,Same mechanism,Mixed transfer,5,86,0.67501313,4.50050002
ExtraTreeRegressor,ru_ahk_inner_to_ru_aho_inner,Ru-AHK inner -> Ru-AHO inner,inner,inner,Same mechanism,Mixed transfer,5,87,0.56782018,1.2297013042473763
ExtraTreeRegressor,ru_ahk_inner_to_ru_aho_inner,Ru-AHK inner -> Ru-AHO inner,inner,inner,Same mechanism,Mixed transfer,5,89,0.33293116,1.2297013042473763
ExtraTreeRegressor,ru_ahk_inner_to_ru_aho_inner,Ru-AHK inner -> Ru-AHO inner,inner,inner,Same mechanism,Mixed transfer,5,91,0.10866753,0.12126274
ExtraTreeRegressor,ru_ahk_inner_to_ru_aho_inner,Ru-AHK inner -> Ru-AHO inner,inner,inner,Same mechanism,Mixed transfer,5,92,0.09139463,1.2297013042473763
ExtraTreeRegressor,ru_ahk_inner_to_ru_aho_inner,Ru-AHK inner -> Ru-AHO inner,inner,inner,Same mechanism,Delta learning,5,1,4.50050002,3.13437597
ExtraTreeRegressor,ru_ahk_inner_to_ru_aho_inner,Ru-AHK inner -> Ru-AHO inner,inner,inner,Same mechanism,Delta learning,5,2,3.84937533,2.92766445
ExtraTreeRegressor,ru_ahk_inner_to_ru_aho_inner,Ru-AHK inner -> Ru-AHO inner,inner,inner,Same mechanism,Delta learning,5,14,2.72095293,2.72095293
ExtraTreeRegressor,ru_ahk_inner_to_ru_aho_inner,Ru-AHK inner -> Ru-AHO inner,inner,inner,Same mechanism,Delta learning,5,20,2.72095293,2.72095293
ExtraTreeRegressor,ru_ahk_inner_to_ru_aho_inner,Ru-AHK inner -> Ru-AHO inner,inner,inner,Same mechanism,Delta learning,5,21,2.6917632,2.04981531
ExtraTreeRegressor,ru_ahk_inner_to_ru_aho_inner,Ru-AHK inner -> Ru-AHO inner,inner,inner,Same mechanism,Delta learning,5,23,2.61179564,2.04981531
ExtraTreeRegressor,ru_ahk_inner_to_ru_aho_inner,Ru-AHK inner -> Ru-AHO inner,inner,inner,Same mechanism,Delta learning,5,29,2.47786275,2.92766445
ExtraTreeRegressor,ru_ahk_inner_to_ru_aho_inner,Ru-AHK inner -> Ru-AHO inner,inner,inner,Same mechanism,Delta learning,5,37,2.26077037,1.80901573
ExtraTreeRegressor,ru_ahk_inner_to_ru_aho_inner,Ru-AHK inner -> Ru-AHO inner,inner,inner,Same mechanism,Delta learning,5,51,1.94448624,2.02174776
ExtraTreeRegressor,ru_ahk_inner_to_ru_aho_inner,Ru-AHK inner -> Ru-AHO inner,inner,inner,Same mechanism,Delta learning,5,52,1.88185187,1.68395754
ExtraTreeRegressor,ru_ahk_inner_to_ru_aho_inner,Ru-AHK inner -> Ru-AHO inner,inner,inner,Same mechanism,Delta learning,5,60,1.62929332,2.00941149
ExtraTreeRegressor,ru_ahk_inner_to_ru_aho_inner,Ru-AHK inner -> Ru-AHO inner,inner,inner,Same mechanism,Delta learning,5,71,1.47016368,1.66417952
ExtraTreeRegressor,ru_ahk_inner_to_ru_aho_inner,Ru-AHK inner -> Ru-AHO inner,inner,inner,Same mechanism,Delta learning,5,74,1.38325909,1.36283425
ExtraTreeRegressor,ru_ahk_inner_to_ru_aho_inner,Ru-AHK inner -> Ru-AHO inner,inner,inner,Same mechanism,Delta learning,5,82,0.99242206,1.00421655
ExtraTreeRegressor,ru_ahk_inner_to_ru_aho_inner,Ru-AHK inner -> Ru-AHO inner,inner,inner,Same mechanism,Delta learning,5,86,0.67501313,0.7475693782717584
ExtraTreeRegressor,ru_ahk_inner_to_ru_aho_inner,Ru-AHK inner -> Ru-AHO inner,inner,inner,Same mechanism,Delta learning,5,87,0.56782018,2.7436785961615735
ExtraTreeRegressor,ru_ahk_inner_to_ru_aho_inner,Ru-AHK inner -> Ru-AHO inner,inner,inner,Same mechanism,Delta learning,5,89,0.33293116,2.7436785961615735
ExtraTreeRegressor,ru_ahk_inner_to_ru_aho_inner,Ru-AHK inner -> Ru-AHO inner,inner,inner,Same mechanism,Delta learning,5,91,0.10866753,0.12126273999999992
ExtraTreeRegressor,ru_ahk_inner_to_ru_aho_inner,Ru-AHK inner -> Ru-AHO inner,inner,inner,Same mechanism,Delta learning,5,92,0.09139463,2.7436785961615735
ExtraTreeRegressor,ru_ahk_outer_to_ru_aho_inner,Ru-AHK outer -> Ru-AHO inner,outer,inner,Different mechanism,Mixed transfer,1,0,4.50050002,2.960265840779156
ExtraTreeRegressor,ru_ahk_outer_to_ru_aho_inner,Ru-AHK outer -> Ru-AHO inner,outer,inner,Different mechanism,Mixed transfer,1,4,3.13437597,2.72095293
ExtraTreeRegressor,ru_ahk_outer_to_ru_aho_inner,Ru-AHK outer -> Ru-AHO inner,outer,inner,Different mechanism,Mixed transfer,1,10,2.89279432,2.81808334
ExtraTreeRegressor,ru_ahk_outer_to_ru_aho_inner,Ru-AHK outer -> Ru-AHO inner,outer,inner,Different mechanism,Mixed transfer,1,12,2.72095293,2.81808334
ExtraTreeRegressor,ru_ahk_outer_to_ru_aho_inner,Ru-AHK outer -> Ru-AHO inner,outer,inner,Different mechanism,Mixed transfer,1,18,2.72095293,2.47786275
ExtraTreeRegressor,ru_ahk_outer_to_ru_aho_inner,Ru-AHK outer -> Ru-AHO inner,outer,inner,Different mechanism,Mixed transfer,1,22,2.63729647,2.49823771
ExtraTreeRegressor,ru_ahk_outer_to_ru_aho_inner,Ru-AHK outer -> Ru-AHO inner,outer,inner,Different mechanism,Mixed transfer,1,26,2.49268506,2.11117069
ExtraTreeRegressor,ru_ahk_outer_to_ru_aho_inner,Ru-AHK outer -> Ru-AHO inner,outer,inner,Different mechanism,Mixed transfer,1,31,2.30450133,1.80901573
ExtraTreeRegressor,ru_ahk_outer_to_ru_aho_inner,Ru-AHK outer -> Ru-AHO inner,outer,inner,Different mechanism,Mixed transfer,1,40,2.13954868,2.01889808
ExtraTreeRegressor,ru_ahk_outer_to_ru_aho_inner,Ru-AHK outer -> Ru-AHO inner,outer,inner,Different mechanism,Mixed transfer,1,42,2.12255274,2.2128962766666667
ExtraTreeRegressor,ru_ahk_outer_to_ru_aho_inner,Ru-AHK outer -> Ru-AHO inner,outer,inner,Different mechanism,Mixed transfer,1,44,2.02174776,1.84440958
ExtraTreeRegressor,ru_ahk_outer_to_ru_aho_inner,Ru-AHK outer -> Ru-AHO inner,outer,inner,Different mechanism,Mixed transfer,1,47,1.97754867,0.0120419
ExtraTreeRegressor,ru_ahk_outer_to_ru_aho_inner,Ru-AHK outer -> Ru-AHO inner,outer,inner,Different mechanism,Mixed transfer,1,62,1.56906465,1.84440958
ExtraTreeRegressor,ru_ahk_outer_to_ru_aho_inner,Ru-AHK outer -> Ru-AHO inner,outer,inner,Different mechanism,Mixed transfer,1,64,1.53168147,1.51369193
ExtraTreeRegressor,ru_ahk_outer_to_ru_aho_inner,Ru-AHK outer -> Ru-AHO inner,outer,inner,Different mechanism,Mixed transfer,1,73,1.39055932,1.51369193
ExtraTreeRegressor,ru_ahk_outer_to_ru_aho_inner,Ru-AHK outer -> Ru-AHO inner,outer,inner,Different mechanism,Mixed transfer,1,75,1.36999511,1.35390456
ExtraTreeRegressor,ru_ahk_outer_to_ru_aho_inner,Ru-AHK outer -> Ru-AHO inner,outer,inner,Different mechanism,Mixed transfer,1,81,1.00421655,0.99242206
ExtraTreeRegressor,ru_ahk_outer_to_ru_aho_inner,Ru-AHK outer -> Ru-AHO inner,outer,inner,Different mechanism,Mixed transfer,1,83,0.83956097,0.80254597
ExtraTreeRegressor,ru_ahk_outer_to_ru_aho_inner,Ru-AHK outer -> Ru-AHO inner,outer,inner,Different mechanism,Mixed transfer,1,90,0.19433377,0.04819171
ExtraTreeRegressor,ru_ahk_outer_to_ru_aho_inner,Ru-AHK outer -> Ru-AHO inner,outer,inner,Different mechanism,Mixed transfer,1,94,0.04739647,0.80254597
ExtraTreeRegressor,ru_ahk_outer_to_ru_aho_inner,Ru-AHK outer -> Ru-AHO inner,outer,inner,Different mechanism,Delta learning,1,0,4.50050002,2.30450133
ExtraTreeRegressor,ru_ahk_outer_to_ru_aho_inner,Ru-AHK outer -> Ru-AHO inner,outer,inner,Different mechanism,Delta learning,1,4,3.13437597,2.72095293
ExtraTreeRegressor,ru_ahk_outer_to_ru_aho_inner,Ru-AHK outer -> Ru-AHO inner,outer,inner,Different mechanism,Delta learning,1,10,2.89279432,2.6917632
ExtraTreeRegressor,ru_ahk_outer_to_ru_aho_inner,Ru-AHK outer -> Ru-AHO inner,outer,inner,Different mechanism,Delta learning,1,12,2.72095293,2.6917632
ExtraTreeRegressor,ru_ahk_outer_to_ru_aho_inner,Ru-AHK outer -> Ru-AHO inner,outer,inner,Different mechanism,Delta learning,1,18,2.72095293,2.47786275
ExtraTreeRegressor,ru_ahk_outer_to_ru_aho_inner,Ru-AHK outer -> Ru-AHO inner,outer,inner,Different mechanism,Delta learning,1,22,2.63729647,1.782904705
ExtraTreeRegressor,ru_ahk_outer_to_ru_aho_inner,Ru-AHK outer -> Ru-AHO inner,outer,inner,Different mechanism,Delta learning,1,26,2.49268506,2.11117069
ExtraTreeRegressor,ru_ahk_outer_to_ru_aho_inner,Ru-AHK outer -> Ru-AHO inner,outer,inner,Different mechanism,Delta learning,1,31,2.30450133,1.80901573
ExtraTreeRegressor,ru_ahk_outer_to_ru_aho_inner,Ru-AHK outer -> Ru-AHO inner,outer,inner,Different mechanism,Delta learning,1,40,2.13954868,2.01889808
ExtraTreeRegressor,ru_ahk_outer_to_ru_aho_inner,Ru-AHK outer -> Ru-AHO inner,outer,inner,Different mechanism,Delta learning,1,42,2.12255274,2.2128962766666667
ExtraTreeRegressor,ru_ahk_outer_to_ru_aho_inner,Ru-AHK outer -> Ru-AHO inner,outer,inner,Different mechanism,Delta learning,1,44,2.02174776,1.84440958
ExtraTreeRegressor,ru_ahk_outer_to_ru_aho_inner,Ru-AHK outer -> Ru-AHO inner,outer,inner,Different mechanism,Delta learning,1,47,1.97754867,-0.09972457594238437
ExtraTreeRegressor,ru_ahk_outer_to_ru_aho_inner,Ru-AHK outer -> Ru-AHO inner,outer,inner,Different mechanism,Delta learning,1,62,1.56906465,1.84440958
ExtraTreeRegressor,ru_ahk_outer_to_ru_aho_inner,Ru-AHK outer -> Ru-AHO inner,outer,inner,Different mechanism,Delta learning,1,64,1.53168147,1.51369193
ExtraTreeRegressor,ru_ahk_outer_to_ru_aho_inner,Ru-AHK outer -> Ru-AHO inner,outer,inner,Different mechanism,Delta learning,1,73,1.39055932,1.5136919299999998
ExtraTreeRegressor,ru_ahk_outer_to_ru_aho_inner,Ru-AHK outer -> Ru-AHO inner,outer,inner,Different mechanism,Delta learning,1,75,1.36999511,1.3539045599999997
ExtraTreeRegressor,ru_ahk_outer_to_ru_aho_inner,Ru-AHK outer -> Ru-AHO inner,outer,inner,Different mechanism,Delta learning,1,81,1.00421655,0.99242206
ExtraTreeRegressor,ru_ahk_outer_to_ru_aho_inner,Ru-AHK outer -> Ru-AHO inner,outer,inner,Different mechanism,Delta learning,1,83,0.83956097,0.80254597
ExtraTreeRegressor,ru_ahk_outer_to_ru_aho_inner,Ru-AHK outer -> Ru-AHO inner,outer,inner,Different mechanism,Delta learning,1,90,0.19433377,0.04819171000000022
ExtraTreeRegressor,ru_ahk_outer_to_ru_aho_inner,Ru-AHK outer -> Ru-AHO inner,outer,inner,Different mechanism,Delta learning,1,94,0.04739647,0.6834429778328089
ExtraTreeRegressor,ru_ahk_outer_to_ru_aho_inner,Ru-AHK outer -> Ru-AHO inner,outer,inner,Different mechanism,Mixed transfer,2,5,3.13437597,3.13437597
ExtraTreeRegressor,ru_ahk_outer_to_ru_aho_inner,Ru-AHK outer -> Ru-AHO inner,outer,inner,Different mechanism,Mixed transfer,2,9,3.13437597,3.13437597
ExtraTreeRegressor,ru_ahk_outer_to_ru_aho_inner,Ru-AHK outer -> Ru-AHO inner,outer,inner,Different mechanism,Mixed transfer,2,11,2.81808334,2.89279432
ExtraTreeRegressor,ru_ahk_outer_to_ru_aho_inner,Ru-AHK outer -> Ru-AHO inner,outer,inner,Different mechanism,Mixed transfer,2,15,2.72095293,2.30450133
ExtraTreeRegressor,ru_ahk_outer_to_ru_aho_inner,Ru-AHK outer -> Ru-AHO inner,outer,inner,Different mechanism,Mixed transfer,2,16,2.72095293,3.13437597
ExtraTreeRegressor,ru_ahk_outer_to_ru_aho_inner,Ru-AHK outer -> Ru-AHO inner,outer,inner,Different mechanism,Mixed transfer,2,28,2.47786275,2.72095293
ExtraTreeRegressor,ru_ahk_outer_to_ru_aho_inner,Ru-AHK outer -> Ru-AHO inner,outer,inner,Different mechanism,Mixed transfer,2,30,2.3515711,2.49823771
ExtraTreeRegressor,ru_ahk_outer_to_ru_aho_inner,Ru-AHK outer -> Ru-AHO inner,outer,inner,Different mechanism,Mixed transfer,2,33,2.30450133,2.89279432
ExtraTreeRegressor,ru_ahk_outer_to_ru_aho_inner,Ru-AHK outer -> Ru-AHO inner,outer,inner,Different mechanism,Mixed transfer,2,35,2.30450133,2.89279432
ExtraTreeRegressor,ru_ahk_outer_to_ru_aho_inner,Ru-AHK outer -> Ru-AHO inner,outer,inner,Different mechanism,Mixed transfer,2,39,2.16934032,2.30450133
ExtraTreeRegressor,ru_ahk_outer_to_ru_aho_inner,Ru-AHK outer -> Ru-AHO inner,outer,inner,Different mechanism,Mixed transfer,2,45,2.01889808,1.84440958
ExtraTreeRegressor,ru_ahk_outer_to_ru_aho_inner,Ru-AHK outer -> Ru-AHO inner,outer,inner,Different mechanism,Mixed transfer,2,49,1.9607788,2.1706004860057497
ExtraTreeRegressor,ru_ahk_outer_to_ru_aho_inner,Ru-AHK outer -> Ru-AHO inner,outer,inner,Different mechanism,Mixed transfer,2,65,1.53168147,1.51369193
ExtraTreeRegressor,ru_ahk_outer_to_ru_aho_inner,Ru-AHK outer -> Ru-AHO inner,outer,inner,Different mechanism,Mixed transfer,2,68,1.49260764,2.11117069
ExtraTreeRegressor,ru_ahk_outer_to_ru_aho_inner,Ru-AHK outer -> Ru-AHO inner,outer,inner,Different mechanism,Mixed transfer,2,69,1.48763592,2.30450133
ExtraTreeRegressor,ru_ahk_outer_to_ru_aho_inner,Ru-AHK outer -> Ru-AHO inner,outer,inner,Different mechanism,Mixed transfer,2,70,1.47570337,3.13437597
ExtraTreeRegressor,ru_ahk_outer_to_ru_aho_inner,Ru-AHK outer -> Ru-AHO inner,outer,inner,Different mechanism,Mixed transfer,2,72,1.40708549,1.51369193
ExtraTreeRegressor,ru_ahk_outer_to_ru_aho_inner,Ru-AHK outer -> Ru-AHO inner,outer,inner,Different mechanism,Mixed transfer,2,80,1.31904107,1.33471728
ExtraTreeRegressor,ru_ahk_outer_to_ru_aho_inner,Ru-AHK outer -> Ru-AHO inner,outer,inner,Different mechanism,Mixed transfer,2,88,0.39647984,1.36283425
ExtraTreeRegressor,ru_ahk_outer_to_ru_aho_inner,Ru-AHK outer -> Ru-AHO inner,outer,inner,Different mechanism,Mixed transfer,2,93,0.04819171,0.19433377
ExtraTreeRegressor,ru_ahk_outer_to_ru_aho_inner,Ru-AHK outer -> Ru-AHO inner,outer,inner,Different mechanism,Delta learning,2,5,3.13437597,3.2725300363288126
ExtraTreeRegressor,ru_ahk_outer_to_ru_aho_inner,Ru-AHK outer -> Ru-AHO inner,outer,inner,Different mechanism,Delta learning,2,9,3.13437597,3.13437597
ExtraTreeRegressor,ru_ahk_outer_to_ru_aho_inner,Ru-AHK outer -> Ru-AHO inner,outer,inner,Different mechanism,Delta learning,2,11,2.81808334,2.47786275
ExtraTreeRegressor,ru_ahk_outer_to_ru_aho_inner,Ru-AHK outer -> Ru-AHO inner,outer,inner,Different mechanism,Delta learning,2,15,2.72095293,1.80901573
ExtraTreeRegressor,ru_ahk_outer_to_ru_aho_inner,Ru-AHK outer -> Ru-AHO inner,outer,inner,Different mechanism,Delta learning,2,16,2.72095293,3.13437597
ExtraTreeRegressor,ru_ahk_outer_to_ru_aho_inner,Ru-AHK outer -> Ru-AHO inner,outer,inner,Different mechanism,Delta learning,2,28,2.47786275,2.72095293
ExtraTreeRegressor,ru_ahk_outer_to_ru_aho_inner,Ru-AHK outer -> Ru-AHO inner,outer,inner,Different mechanism,Delta learning,2,30,2.3515711,1.8589127208822456
ExtraTreeRegressor,ru_ahk_outer_to_ru_aho_inner,Ru-AHK outer -> Ru-AHO inner,outer,inner,Different mechanism,Delta learning,2,33,2.30450133,4.50050002
ExtraTreeRegressor,ru_ahk_outer_to_ru_aho_inner,Ru-AHK outer -> Ru-AHO inner,outer,inner,Different mechanism,Delta learning,2,35,2.30450133,2.47786275
ExtraTreeRegressor,ru_ahk_outer_to_ru_aho_inner,Ru-AHK outer -> Ru-AHO inner,outer,inner,Different mechanism,Delta learning,2,39,2.16934032,2.260560788568019
ExtraTreeRegressor,ru_ahk_outer_to_ru_aho_inner,Ru-AHK outer -> Ru-AHO inner,outer,inner,Different mechanism,Delta learning,2,45,2.01889808,2.13954868
ExtraTreeRegressor,ru_ahk_outer_to_ru_aho_inner,Ru-AHK outer -> Ru-AHO inner,outer,inner,Different mechanism,Delta learning,2,49,1.9607788,0.02909945002044534
ExtraTreeRegressor,ru_ahk_outer_to_ru_aho_inner,Ru-AHK outer -> Ru-AHO inner,outer,inner,Different mechanism,Delta learning,2,65,1.53168147,1.5136919299999998
ExtraTreeRegressor,ru_ahk_outer_to_ru_aho_inner,Ru-AHK outer -> Ru-AHO inner,outer,inner,Different mechanism,Delta learning,2,68,1.49260764,2.11117069
ExtraTreeRegressor,ru_ahk_outer_to_ru_aho_inner,Ru-AHK outer -> Ru-AHO inner,outer,inner,Different mechanism,Delta learning,2,69,1.48763592,2.30450133
ExtraTreeRegressor,ru_ahk_outer_to_ru_aho_inner,Ru-AHK outer -> Ru-AHO inner,outer,inner,Different mechanism,Delta learning,2,70,1.47570337,0.67501313
ExtraTreeRegressor,ru_ahk_outer_to_ru_aho_inner,Ru-AHK outer -> Ru-AHO inner,outer,inner,Different mechanism,Delta learning,2,72,1.40708549,1.5136919299999998
ExtraTreeRegressor,ru_ahk_outer_to_ru_aho_inner,Ru-AHK outer -> Ru-AHO inner,outer,inner,Different mechanism,Delta learning,2,80,1.31904107,1.33471728
ExtraTreeRegressor,ru_ahk_outer_to_ru_aho_inner,Ru-AHK outer -> Ru-AHO inner,outer,inner,Different mechanism,Delta learning,2,88,0.39647984,0.5986289839431075
ExtraTreeRegressor,ru_ahk_outer_to_ru_aho_inner,Ru-AHK outer -> Ru-AHO inner,outer,inner,Different mechanism,Delta learning,2,93,0.04819171,0.19433377000000007
ExtraTreeRegressor,ru_ahk_outer_to_ru_aho_inner,Ru-AHK outer -> Ru-AHO inner,outer,inner,Different mechanism,Mixed transfer,3,3,3.67873076,1.9776764572176584
ExtraTreeRegressor,ru_ahk_outer_to_ru_aho_inner,Ru-AHK outer -> Ru-AHO inner,outer,inner,Different mechanism,Mixed transfer,3,6,3.13437597,2.59940784
ExtraTreeRegressor,ru_ahk_outer_to_ru_aho_inner,Ru-AHK outer -> Ru-AHO inner,outer,inner,Different mechanism,Mixed transfer,3,7,3.13437597,3.13437597
ExtraTreeRegressor,ru_ahk_outer_to_ru_aho_inner,Ru-AHK outer -> Ru-AHO inner,outer,inner,Different mechanism,Mixed transfer,3,8,3.13437597,2.59940784
ExtraTreeRegressor,ru_ahk_outer_to_ru_aho_inner,Ru-AHK outer -> Ru-AHO inner,outer,inner,Different mechanism,Mixed transfer,3,13,2.72095293,2.59940784
ExtraTreeRegressor,ru_ahk_outer_to_ru_aho_inner,Ru-AHK outer -> Ru-AHO inner,outer,inner,Different mechanism,Mixed transfer,3,17,2.72095293,2.72095293
ExtraTreeRegressor,ru_ahk_outer_to_ru_aho_inner,Ru-AHK outer -> Ru-AHO inner,outer,inner,Different mechanism,Mixed transfer,3,19,2.72095293,2.59940784
ExtraTreeRegressor,ru_ahk_outer_to_ru_aho_inner,Ru-AHK outer -> Ru-AHO inner,outer,inner,Different mechanism,Mixed transfer,3,24,2.49823771,2.30450133
ExtraTreeRegressor,ru_ahk_outer_to_ru_aho_inner,Ru-AHK outer -> Ru-AHO inner,outer,inner,Different mechanism,Mixed transfer,3,25,2.49823771,2.6917632
ExtraTreeRegressor,ru_ahk_outer_to_ru_aho_inner,Ru-AHK outer -> Ru-AHO inner,outer,inner,Different mechanism,Mixed transfer,3,27,2.47786275,4.50050002
ExtraTreeRegressor,ru_ahk_outer_to_ru_aho_inner,Ru-AHK outer -> Ru-AHO inner,outer,inner,Different mechanism,Mixed transfer,3,34,2.30450133,2.72095293
ExtraTreeRegressor,ru_ahk_outer_to_ru_aho_inner,Ru-AHK outer -> Ru-AHO inner,outer,inner,Different mechanism,Mixed transfer,3,36,2.28957767,2.36717419
ExtraTreeRegressor,ru_ahk_outer_to_ru_aho_inner,Ru-AHK outer -> Ru-AHO inner,outer,inner,Different mechanism,Mixed transfer,3,38,2.20688949,2.26077037
ExtraTreeRegressor,ru_ahk_outer_to_ru_aho_inner,Ru-AHK outer -> Ru-AHO inner,outer,inner,Different mechanism,Mixed transfer,3,53,1.84440958,2.01889808
ExtraTreeRegressor,ru_ahk_outer_to_ru_aho_inner,Ru-AHK outer -> Ru-AHO inner,outer,inner,Different mechanism,Mixed transfer,3,55,1.80901573,2.30450133
ExtraTreeRegressor,ru_ahk_outer_to_ru_aho_inner,Ru-AHK outer -> Ru-AHO inner,outer,inner,Different mechanism,Mixed transfer,3,56,1.73731552,2.36717419
ExtraTreeRegressor,ru_ahk_outer_to_ru_aho_inner,Ru-AHK outer -> Ru-AHO inner,outer,inner,Different mechanism,Mixed transfer,3,76,1.36999511,0.0
ExtraTreeRegressor,ru_ahk_outer_to_ru_aho_inner,Ru-AHK outer -> Ru-AHO inner,outer,inner,Different mechanism,Mixed transfer,3,78,1.35390456,1.36999511
ExtraTreeRegressor,ru_ahk_outer_to_ru_aho_inner,Ru-AHK outer -> Ru-AHO inner,outer,inner,Different mechanism,Mixed transfer,3,79,1.33471728,1.31904107
ExtraTreeRegressor,ru_ahk_outer_to_ru_aho_inner,Ru-AHK outer -> Ru-AHO inner,outer,inner,Different mechanism,Mixed transfer,3,85,0.80254597,0.0
ExtraTreeRegressor,ru_ahk_outer_to_ru_aho_inner,Ru-AHK outer -> Ru-AHO inner,outer,inner,Different mechanism,Delta learning,3,3,3.67873076,2.72095293
ExtraTreeRegressor,ru_ahk_outer_to_ru_aho_inner,Ru-AHK outer -> Ru-AHO inner,outer,inner,Different mechanism,Delta learning,3,6,3.13437597,3.7724580992087957
ExtraTreeRegressor,ru_ahk_outer_to_ru_aho_inner,Ru-AHK outer -> Ru-AHO inner,outer,inner,Different mechanism,Delta learning,3,7,3.13437597,2.996221903671187
ExtraTreeRegressor,ru_ahk_outer_to_ru_aho_inner,Ru-AHK outer -> Ru-AHO inner,outer,inner,Different mechanism,Delta learning,3,8,3.13437597,3.9449618795216517
ExtraTreeRegressor,ru_ahk_outer_to_ru_aho_inner,Ru-AHK outer -> Ru-AHO inner,outer,inner,Different mechanism,Delta learning,3,13,2.72095293,2.72095293
ExtraTreeRegressor,ru_ahk_outer_to_ru_aho_inner,Ru-AHK outer -> Ru-AHO inner,outer,inner,Different mechanism,Delta learning,3,17,2.72095293,2.72095293
ExtraTreeRegressor,ru_ahk_outer_to_ru_aho_inner,Ru-AHK outer -> Ru-AHO inner,outer,inner,Different mechanism,Delta learning,3,19,2.72095293,2.72095293
ExtraTreeRegressor,ru_ahk_outer_to_ru_aho_inner,Ru-AHK outer -> Ru-AHO inner,outer,inner,Different mechanism,Delta learning,3,24,2.49823771,2.36717419
ExtraTreeRegressor,ru_ahk_outer_to_ru_aho_inner,Ru-AHK outer -> Ru-AHO inner,outer,inner,Different mechanism,Delta learning,3,25,2.49823771,2.6917632
ExtraTreeRegressor,ru_ahk_outer_to_ru_aho_inner,Ru-AHK outer -> Ru-AHO inner,outer,inner,Different mechanism,Delta learning,3,27,2.47786275,4.50050002
ExtraTreeRegressor,ru_ahk_outer_to_ru_aho_inner,Ru-AHK outer -> Ru-AHO inner,outer,inner,Different mechanism,Delta learning,3,34,2.30450133,2.72095293
ExtraTreeRegressor,ru_ahk_outer_to_ru_aho_inner,Ru-AHK outer -> Ru-AHO inner,outer,inner,Different mechanism,Delta learning,3,36,2.28957767,2.36717419
ExtraTreeRegressor,ru_ahk_outer_to_ru_aho_inner,Ru-AHK outer -> Ru-AHO inner,outer,inner,Different mechanism,Delta learning,3,38,2.20688949,2.26077037
ExtraTreeRegressor,ru_ahk_outer_to_ru_aho_inner,Ru-AHK outer -> Ru-AHO inner,outer,inner,Different mechanism,Delta learning,3,53,1.84440958,1.56906465
ExtraTreeRegressor,ru_ahk_outer_to_ru_aho_inner,Ru-AHK outer -> Ru-AHO inner,outer,inner,Different mechanism,Delta learning,3,55,1.80901573,2.30450133
ExtraTreeRegressor,ru_ahk_outer_to_ru_aho_inner,Ru-AHK outer -> Ru-AHO inner,outer,inner,Different mechanism,Delta learning,3,56,1.73731552,2.36717419
ExtraTreeRegressor,ru_ahk_outer_to_ru_aho_inner,Ru-AHK outer -> Ru-AHO inner,outer,inner,Different mechanism,Delta learning,3,76,1.36999511,0.0
ExtraTreeRegressor,ru_ahk_outer_to_ru_aho_inner,Ru-AHK outer -> Ru-AHO inner,outer,inner,Different mechanism,Delta learning,3,78,1.35390456,1.36999511
ExtraTreeRegressor,ru_ahk_outer_to_ru_aho_inner,Ru-AHK outer -> Ru-AHO inner,outer,inner,Different mechanism,Delta learning,3,79,1.33471728,1.31904107
ExtraTreeRegressor,ru_ahk_outer_to_ru_aho_inner,Ru-AHK outer -> Ru-AHO inner,outer,inner,Different mechanism,Delta learning,3,85,0.80254597,0.0
ExtraTreeRegressor,ru_ahk_outer_to_ru_aho_inner,Ru-AHK outer -> Ru-AHO inner,outer,inner,Different mechanism,Mixed transfer,4,32,2.30450133,2.49823771
ExtraTreeRegressor,ru_ahk_outer_to_ru_aho_inner,Ru-AHK outer -> Ru-AHO inner,outer,inner,Different mechanism,Mixed transfer,4,41,2.13444943,2.3211426106712203
ExtraTreeRegressor,ru_ahk_outer_to_ru_aho_inner,Ru-AHK outer -> Ru-AHO inner,outer,inner,Different mechanism,Mixed transfer,4,43,2.11117069,1.49260764
ExtraTreeRegressor,ru_ahk_outer_to_ru_aho_inner,Ru-AHK outer -> Ru-AHO inner,outer,inner,Different mechanism,Mixed transfer,4,46,2.00941149,1.62929332
ExtraTreeRegressor,ru_ahk_outer_to_ru_aho_inner,Ru-AHK outer -> Ru-AHO inner,outer,inner,Different mechanism,Mixed transfer,4,48,1.96551622,2.4793021357091005
ExtraTreeRegressor,ru_ahk_outer_to_ru_aho_inner,Ru-AHK outer -> Ru-AHO inner,outer,inner,Different mechanism,Mixed transfer,4,50,1.95650617,1.49260764
ExtraTreeRegressor,ru_ahk_outer_to_ru_aho_inner,Ru-AHK outer -> Ru-AHO inner,outer,inner,Different mechanism,Mixed transfer,4,54,1.80901573,2.30450133
ExtraTreeRegressor,ru_ahk_outer_to_ru_aho_inner,Ru-AHK outer -> Ru-AHO inner,outer,inner,Different mechanism,Mixed transfer,4,57,1.68395754,1.88185187
ExtraTreeRegressor,ru_ahk_outer_to_ru_aho_inner,Ru-AHK outer -> Ru-AHO inner,outer,inner,Different mechanism,Mixed transfer,4,58,1.66417952,1.47016368
ExtraTreeRegressor,ru_ahk_outer_to_ru_aho_inner,Ru-AHK outer -> Ru-AHO inner,outer,inner,Different mechanism,Mixed transfer,4,59,1.62929332,1.6302397679210456
ExtraTreeRegressor,ru_ahk_outer_to_ru_aho_inner,Ru-AHK outer -> Ru-AHO inner,outer,inner,Different mechanism,Mixed transfer,4,61,1.57873877,2.064004623188458
ExtraTreeRegressor,ru_ahk_outer_to_ru_aho_inner,Ru-AHK outer -> Ru-AHO inner,outer,inner,Different mechanism,Mixed transfer,4,63,1.56019653,2.064004623188458
ExtraTreeRegressor,ru_ahk_outer_to_ru_aho_inner,Ru-AHK outer -> Ru-AHO inner,outer,inner,Different mechanism,Mixed transfer,4,66,1.51369193,1.53168147
ExtraTreeRegressor,ru_ahk_outer_to_ru_aho_inner,Ru-AHK outer -> Ru-AHO inner,outer,inner,Different mechanism,Mixed transfer,4,67,1.51369193,1.39055932
ExtraTreeRegressor,ru_ahk_outer_to_ru_aho_inner,Ru-AHK outer -> Ru-AHO inner,outer,inner,Different mechanism,Mixed transfer,4,77,1.36283425,0.04739647
ExtraTreeRegressor,ru_ahk_outer_to_ru_aho_inner,Ru-AHK outer -> Ru-AHO inner,outer,inner,Different mechanism,Mixed transfer,4,84,0.80438248,1.49260764
ExtraTreeRegressor,ru_ahk_outer_to_ru_aho_inner,Ru-AHK outer -> Ru-AHO inner,outer,inner,Different mechanism,Mixed transfer,4,95,0.0120419,0.12126274
ExtraTreeRegressor,ru_ahk_outer_to_ru_aho_inner,Ru-AHK outer -> Ru-AHO inner,outer,inner,Different mechanism,Mixed transfer,4,96,0.0,0.83956097
ExtraTreeRegressor,ru_ahk_outer_to_ru_aho_inner,Ru-AHK outer -> Ru-AHO inner,outer,inner,Different mechanism,Mixed transfer,4,97,0.0,0.80254597
ExtraTreeRegressor,ru_ahk_outer_to_ru_aho_inner,Ru-AHK outer -> Ru-AHO inner,outer,inner,Different mechanism,Delta learning,4,32,2.30450133,2.49823771
ExtraTreeRegressor,ru_ahk_outer_to_ru_aho_inner,Ru-AHK outer -> Ru-AHO inner,outer,inner,Different mechanism,Delta learning,4,41,2.13444943,1.2663342330316265
ExtraTreeRegressor,ru_ahk_outer_to_ru_aho_inner,Ru-AHK outer -> Ru-AHO inner,outer,inner,Different mechanism,Delta learning,4,43,2.11117069,1.49260764
ExtraTreeRegressor,ru_ahk_outer_to_ru_aho_inner,Ru-AHK outer -> Ru-AHO inner,outer,inner,Different mechanism,Delta learning,4,46,2.00941149,1.62929332
ExtraTreeRegressor,ru_ahk_outer_to_ru_aho_inner,Ru-AHK outer -> Ru-AHO inner,outer,inner,Different mechanism,Delta learning,4,48,1.96551622,1.94448624
ExtraTreeRegressor,ru_ahk_outer_to_ru_aho_inner,Ru-AHK outer -> Ru-AHO inner,outer,inner,Different mechanism,Delta learning,4,50,1.95650617,1.49260764
ExtraTreeRegressor,ru_ahk_outer_to_ru_aho_inner,Ru-AHK outer -> Ru-AHO inner,outer,inner,Different mechanism,Delta learning,4,54,1.80901573,2.30450133
ExtraTreeRegressor,ru_ahk_outer_to_ru_aho_inner,Ru-AHK outer -> Ru-AHO inner,outer,inner,Different mechanism,Delta learning,4,57,1.68395754,1.88185187
ExtraTreeRegressor,ru_ahk_outer_to_ru_aho_inner,Ru-AHK outer -> Ru-AHO inner,outer,inner,Different mechanism,Delta learning,4,58,1.66417952,1.4701636800000002
ExtraTreeRegressor,ru_ahk_outer_to_ru_aho_inner,Ru-AHK outer -> Ru-AHO inner,outer,inner,Different mechanism,Delta learning,4,59,1.62929332,-0.10596360260518933
ExtraTreeRegressor,ru_ahk_outer_to_ru_aho_inner,Ru-AHK outer -> Ru-AHO inner,outer,inner,Different mechanism,Delta learning,4,61,1.57873877,1.53168147
ExtraTreeRegressor,ru_ahk_outer_to_ru_aho_inner,Ru-AHK outer -> Ru-AHO inner,outer,inner,Different mechanism,Delta learning,4,63,1.56019653,1.53168147
ExtraTreeRegressor,ru_ahk_outer_to_ru_aho_inner,Ru-AHK outer -> Ru-AHO inner,outer,inner,Different mechanism,Delta learning,4,66,1.51369193,1.53168147
ExtraTreeRegressor,ru_ahk_outer_to_ru_aho_inner,Ru-AHK outer -> Ru-AHO inner,outer,inner,Different mechanism,Delta learning,4,67,1.51369193,1.39055932
ExtraTreeRegressor,ru_ahk_outer_to_ru_aho_inner,Ru-AHK outer -> Ru-AHO inner,outer,inner,Different mechanism,Delta learning,4,77,1.36283425,1.38325909
ExtraTreeRegressor,ru_ahk_outer_to_ru_aho_inner,Ru-AHK outer -> Ru-AHO inner,outer,inner,Different mechanism,Delta learning,4,84,0.80438248,0.6022333360568926
ExtraTreeRegressor,ru_ahk_outer_to_ru_aho_inner,Ru-AHK outer -> Ru-AHO inner,outer,inner,Different mechanism,Delta learning,4,95,0.0120419,0.09923768106876962
ExtraTreeRegressor,ru_ahk_outer_to_ru_aho_inner,Ru-AHK outer -> Ru-AHO inner,outer,inner,Different mechanism,Delta learning,4,96,0.0,0.83956097
ExtraTreeRegressor,ru_ahk_outer_to_ru_aho_inner,Ru-AHK outer -> Ru-AHO inner,outer,inner,Different mechanism,Delta learning,4,97,0.0,0.24962526163372667
ExtraTreeRegressor,ru_ahk_outer_to_ru_aho_inner,Ru-AHK outer -> Ru-AHO inner,outer,inner,Different mechanism,Mixed transfer,5,1,4.50050002,3.13437597
ExtraTreeRegressor,ru_ahk_outer_to_ru_aho_inner,Ru-AHK outer -> Ru-AHO inner,outer,inner,Different mechanism,Mixed transfer,5,2,3.84937533,2.92766445
ExtraTreeRegressor,ru_ahk_outer_to_ru_aho_inner,Ru-AHK outer -> Ru-AHO inner,outer,inner,Different mechanism,Mixed transfer,5,14,2.72095293,1.7122575325322005
ExtraTreeRegressor,ru_ahk_outer_to_ru_aho_inner,Ru-AHK outer -> Ru-AHO inner,outer,inner,Different mechanism,Mixed transfer,5,20,2.72095293,2.72095293
ExtraTreeRegressor,ru_ahk_outer_to_ru_aho_inner,Ru-AHK outer -> Ru-AHO inner,outer,inner,Different mechanism,Mixed transfer,5,21,2.6917632,2.49823771
ExtraTreeRegressor,ru_ahk_outer_to_ru_aho_inner,Ru-AHK outer -> Ru-AHO inner,outer,inner,Different mechanism,Mixed transfer,5,23,2.61179564,2.04981531
ExtraTreeRegressor,ru_ahk_outer_to_ru_aho_inner,Ru-AHK outer -> Ru-AHO inner,outer,inner,Different mechanism,Mixed transfer,5,29,2.47786275,2.92766445
ExtraTreeRegressor,ru_ahk_outer_to_ru_aho_inner,Ru-AHK outer -> Ru-AHO inner,outer,inner,Different mechanism,Mixed transfer,5,37,2.26077037,2.20688949
ExtraTreeRegressor,ru_ahk_outer_to_ru_aho_inner,Ru-AHK outer -> Ru-AHO inner,outer,inner,Different mechanism,Mixed transfer,5,51,1.94448624,1.9651380437606216
ExtraTreeRegressor,ru_ahk_outer_to_ru_aho_inner,Ru-AHK outer -> Ru-AHO inner,outer,inner,Different mechanism,Mixed transfer,5,52,1.88185187,1.68395754
ExtraTreeRegressor,ru_ahk_outer_to_ru_aho_inner,Ru-AHK outer -> Ru-AHO inner,outer,inner,Different mechanism,Mixed transfer,5,60,1.62929332,2.00941149
ExtraTreeRegressor,ru_ahk_outer_to_ru_aho_inner,Ru-AHK outer -> Ru-AHO inner,outer,inner,Different mechanism,Mixed transfer,5,71,1.47016368,1.66417952
ExtraTreeRegressor,ru_ahk_outer_to_ru_aho_inner,Ru-AHK outer -> Ru-AHO inner,outer,inner,Different mechanism,Mixed transfer,5,74,1.38325909,1.36283425
ExtraTreeRegressor,ru_ahk_outer_to_ru_aho_inner,Ru-AHK outer -> Ru-AHO inner,outer,inner,Different mechanism,Mixed transfer,5,82,0.99242206,1.00421655
ExtraTreeRegressor,ru_ahk_outer_to_ru_aho_inner,Ru-AHK outer -> Ru-AHO inner,outer,inner,Different mechanism,Mixed transfer,5,86,0.67501313,2.4793021357091005
ExtraTreeRegressor,ru_ahk_outer_to_ru_aho_inner,Ru-AHK outer -> Ru-AHO inner,outer,inner,Different mechanism,Mixed transfer,5,87,0.56782018,2.4403643819132483
ExtraTreeRegressor,ru_ahk_outer_to_ru_aho_inner,Ru-AHK outer -> Ru-AHO inner,outer,inner,Different mechanism,Mixed transfer,5,89,0.33293116,2.4403643819132483
ExtraTreeRegressor,ru_ahk_outer_to_ru_aho_inner,Ru-AHK outer -> Ru-AHO inner,outer,inner,Different mechanism,Mixed transfer,5,91,0.10866753,2.7225335188487896
ExtraTreeRegressor,ru_ahk_outer_to_ru_aho_inner,Ru-AHK outer -> Ru-AHO inner,outer,inner,Different mechanism,Mixed transfer,5,92,0.09139463,2.4403643819132483
ExtraTreeRegressor,ru_ahk_outer_to_ru_aho_inner,Ru-AHK outer -> Ru-AHO inner,outer,inner,Different mechanism,Delta learning,5,1,4.50050002,3.13437597
ExtraTreeRegressor,ru_ahk_outer_to_ru_aho_inner,Ru-AHK outer -> Ru-AHO inner,outer,inner,Different mechanism,Delta learning,5,2,3.84937533,2.92766445
ExtraTreeRegressor,ru_ahk_outer_to_ru_aho_inner,Ru-AHK outer -> Ru-AHO inner,outer,inner,Different mechanism,Delta learning,5,14,2.72095293,2.72095293
ExtraTreeRegressor,ru_ahk_outer_to_ru_aho_inner,Ru-AHK outer -> Ru-AHO inner,outer,inner,Different mechanism,Delta learning,5,20,2.72095293,2.72095293
ExtraTreeRegressor,ru_ahk_outer_to_ru_aho_inner,Ru-AHK outer -> Ru-AHO inner,outer,inner,Different mechanism,Delta learning,5,21,2.6917632,2.6891402991177547
ExtraTreeRegressor,ru_ahk_outer_to_ru_aho_inner,Ru-AHK outer -> Ru-AHO inner,outer,inner,Different mechanism,Delta learning,5,23,2.61179564,2.04981531
ExtraTreeRegressor,ru_ahk_outer_to_ru_aho_inner,Ru-AHK outer -> Ru-AHO inner,outer,inner,Different mechanism,Delta learning,5,29,2.47786275,2.81808334
ExtraTreeRegressor,ru_ahk_outer_to_ru_aho_inner,Ru-AHK outer -> Ru-AHO inner,outer,inner,Different mechanism,Delta learning,5,37,2.26077037,0.08185430142513428
ExtraTreeRegressor,ru_ahk_outer_to_ru_aho_inner,Ru-AHK outer -> Ru-AHO inner,outer,inner,Different mechanism,Delta learning,5,51,1.94448624,1.3432107541011655
ExtraTreeRegressor,ru_ahk_outer_to_ru_aho_inner,Ru-AHK outer -> Ru-AHO inner,outer,inner,Different mechanism,Delta learning,5,52,1.88185187,1.68395754
ExtraTreeRegressor,ru_ahk_outer_to_ru_aho_inner,Ru-AHK outer -> Ru-AHO inner,outer,inner,Different mechanism,Delta learning,5,60,1.62929332,2.00941149
ExtraTreeRegressor,ru_ahk_outer_to_ru_aho_inner,Ru-AHK outer -> Ru-AHO inner,outer,inner,Different mechanism,Delta learning,5,71,1.47016368,1.66417952
ExtraTreeRegressor,ru_ahk_outer_to_ru_aho_inner,Ru-AHK outer -> Ru-AHO inner,outer,inner,Different mechanism,Delta learning,5,74,1.38325909,1.36283425
ExtraTreeRegressor,ru_ahk_outer_to_ru_aho_inner,Ru-AHK outer -> Ru-AHO inner,outer,inner,Different mechanism,Delta learning,5,82,0.99242206,1.0042165499999998
ExtraTreeRegressor,ru_ahk_outer_to_ru_aho_inner,Ru-AHK outer -> Ru-AHO inner,outer,inner,Different mechanism,Delta learning,5,86,0.67501313,1.8385377608822453
ExtraTreeRegressor,ru_ahk_outer_to_ru_aho_inner,Ru-AHK outer -> Ru-AHO inner,outer,inner,Different mechanism,Delta learning,5,87,0.56782018,1.820182266259673
ExtraTreeRegressor,ru_ahk_outer_to_ru_aho_inner,Ru-AHK outer -> Ru-AHO inner,outer,inner,Different mechanism,Delta learning,5,89,0.33293116,1.6264458862596727
ExtraTreeRegressor,ru_ahk_outer_to_ru_aho_inner,Ru-AHK outer -> Ru-AHO inner,outer,inner,Different mechanism,Delta learning,5,91,0.10866753,0.12126274000000015
ExtraTreeRegressor,ru_ahk_outer_to_ru_aho_inner,Ru-AHK outer -> Ru-AHO inner,outer,inner,Different mechanism,Delta learning,5,92,0.09139463,1.820182266259673
