Domain,x_ddG,density,scaled_density
ahk_outer,0.0,0.060511588940135363,0.13678008148781556
ahk_outer,0.008764607679465776,0.06232604086640725,0.1408814592020369
ahk_outer,0.017529215358931552,0.06411687323653362,0.14492944739417035
ahk_outer,0.026293823038397328,0.06588050266487304,0.14891594619791565
ahk_outer,0.035058430717863104,0.06761352212806428,0.15283325439535492
ahk_outer,0.04382303839732888,0.06931272489987607,0.1566741235191631
ahk_outer,0.052587646076794656,0.07097512694042526,0.1604318084610803
ahk_outer,0.06135225375626043,0.07259798752795724,0.16410011410788108
ahk_outer,0.07011686143572621,0.07417882794324102,0.16767343757548436
ahk_outer,0.07888146911519198,0.07571544804089878,0.17114680566670032
ahk_outer,0.08764607679465776,0.07720594056827262,0.17451590723752283
ahk_outer,0.09641068447412354,0.07864870312027378,0.1777771202198082
ahk_outer,0.10517529215358931,0.0800424476476004,0.18092753311360169
ahk_outer,0.11393989983305508,0.08138620746526767,0.18396496082918218
ahk_outer,0.12270450751252086,0.08267934173807472,0.1868879548259886
ahk_outer,0.13146911519198665,0.08392153744896169,0.189695807561884
ahk_outer,0.14023372287145242,0.0851128088847145,0.19238855133064497
ahk_outer,0.14899833055091818,0.08625349470070985,0.19496695162712696
ahk_outer,0.15776293823038395,0.08734425265195128,0.19743249523732506
ahk_outer,0.16652754590984975,0.08838605210114839,0.19978737330367555
ahk_outer,0.17529215358931552,0.08938016443571829,0.20203445966369554
ahk_outer,0.1840567612687813,0.09032815154406677,0.20417728480182873
ahk_outer,0.19282136894824708,0.09123185251711051,0.2062200057896353
ahk_outer,0.20158597662771285,0.0920933687535938,0.2081673726179273
ahk_outer,0.21035058430717862,0.09291504765721711,0.21002469134584245
ahk_outer,0.2191151919866444,0.09369946511991986,0.21179778450614756
ahk_outer,0.22787979966611016,0.09444940698885011,0.21349294921327308
ahk_outer,0.23664440734557596,0.09516784971472306,0.21511691342096306
ahk_outer,0.24540901502504173,0.09585794037653106,0.21667679077023347
ahk_outer,0.2541736227045075,0.09652297627213807,0.21818003445605771
ahk_outer,0.2629382303839733,0.09716638425638621,0.21963439052332998
ahk_outer,0.27170283806343903,0.09779169999824917,0.22104785097984264
ahk_outer,0.28046744574290483,0.09840254731658399,0.22242860708692666
ahk_outer,0.2892320534223706,0.09900261774048696,0.22378500315778635
ahk_outer,0.29799666110183637,0.09959565042550728,0.22512549116021285
ahk_outer,0.30676126878130217,0.1001854125413401,0.2264585863850275
ahk_outer,0.3155258764607679,0.10077568023049284,0.22779282440514972
ahk_outer,0.3242904841402337,0.1013702202211068,0.22913671951331477
ahk_outer,0.3330550918196995,0.10197277216098245,0.23049872478999606
ahk_outer,0.34181969949916524,0.10258703172417899,0.23188719391765047
ahk_outer,0.35058430717863104,0.10321663452665159,0.2333103448237084
ahk_outer,0.35934891485809684,0.10386514087347887,0.23477622520328587
ahk_outer,0.3681135225375626,0.10453602134755863,0.23629267994394715
ahk_outer,0.3768781302170284,0.10523264323837792,0.23786732044936706
ahk_outer,0.38564273789649417,0.10595825779973984,0.239507495836763
ahk_outer,0.3944073455759599,0.10671598831726074,0.24122026596472723
ahk_outer,0.4031719532554257,0.10750881896008666,0.24301237623370478
ahk_outer,0.41193656093489145,0.10833958438664801,0.2448902340908954
ahk_outer,0.42070116861435725,0.10921096007135442,0.24685988716476454
ahk_outer,0.42946577629382304,0.11012545331787847,0.2489270029515168
ahk_outer,0.4382303839732888,0.11108539492499503,0.25109684997660225
ahk_outer,0.4469949916527546,0.11209293147273737,0.25337428035838394
ahk_outer,0.4557595993322203,0.11315001819973747,0.2557637137081148
ahk_outer,0.4645242070116861,0.1142584124469042,0.2582691223100617
ahk_outer,0.4732888146911519,0.11541966764786685,0.26089401753753555
ahk_outer,0.48205342237061766,0.11663512785269381,0.26364143747433316
ahk_outer,0.49081803005008345,0.11790592277809712,0.2665139357262453
ahk_outer,0.49958263772954925,0.11923296338444628,0.26951357142336196
ahk_outer,0.508347245409015,0.12061693798725166,0.27264190043048925
ahk_outer,0.5171118530884807,0.12205830891815267,0.2758999677996646
ahk_outer,0.5258764607679466,0.1235573097576545,0.27928830151504935
ahk_outer,0.5346410684474123,0.12511394316874647,0.28280690759605076
ahk_outer,0.5434056761268781,0.12672797936693658,0.28645526663899595
ahk_outer,0.5521702838063439,0.12839895526798972,0.29023233189068415
ahk_outer,0.5609348914858097,0.13012617435964796,0.2941365289584235
ahk_outer,0.5696994991652754,0.1319087073477124,0.2981657572704313
ahk_outer,0.5784641068447413,0.13374539362996576,0.3023173934074811
ahk_outer,0.587228714524207,0.13563484365345538,0.30658829643129265
ahk_outer,0.5959933222036727,0.13757544221154022,0.3109748153371601
ahk_outer,0.6047579298831386,0.13956535273679158,0.31547279875760226
ahk_outer,0.6135225375626043,0.14160252264429246,0.3200776070403291
ahk_outer,0.6222871452420701,0.14368468977707455,0.3247841268174736
ahk_outer,0.6310517529215358,0.14580939000134138,0.32958678817379505
ahk_outer,0.6398163606010017,0.14797396599378382,0.3344795845094813
ahk_outer,0.6485809682804674,0.15017557725669173,0.3394560951782551
ahk_outer,0.6573455759599331,0.1524112113887292,0.3445095109637759
ahk_outer,0.666110183639399,0.1546776966302367,0.3496326624369759
ahk_outer,0.6748747913188647,0.15697171569176904,0.3548180512140152
ahk_outer,0.6836393989983305,0.15928982086337404,0.36005788410921713
ahk_outer,0.6924040066777963,0.1616284503899172,0.36534411014976687
ahk_outer,0.7011686143572621,0.16398394608466127,0.3706684603893554
ahk_outer,0.7099332220367278,0.1663525721394471,0.3760224904266147
ahk_outer,0.7186978297161937,0.16873053507527846,0.3813976255013158
ahk_outer,0.7274624373956594,0.1711140047620593,0.38678520800727423
ahk_outer,0.7362270450751252,0.1734991364208178,0.39217654722606266
ahk_outer,0.744991652754591,0.17588209350613968,0.3975629710503445
ahk_outer,0.7537562604340567,0.1782590713509208,0.4029358794303499
ahk_outer,0.7625208681135225,0.18062632144014681,0.4082867992422012
ahk_outer,0.7712854757929883,0.18298017616542903,0.41360744024293744
ahk_outer,0.7800500834724541,0.18531707389769964,0.4188897517447043
ahk_outer,0.7888146911519198,0.18763358420204723,0.4241259796102375
ahk_outer,0.7975792988313856,0.18992643300641363,0.42930872314405444
ahk_outer,0.8063439065108514,0.19219252752499508,0.4344309914291809
ahk_outer,0.8151085141903172,0.19442898072800463,0.4394862586384747
ahk_outer,0.8238731218697829,0.1966331351421353,0.44446851783306934
ahk_outer,0.8326377295492488,0.19880258576092982,0.4493723327488547
ahk_outer,0.8414023372287145,0.20093520184144514,0.4541928870655442
ahk_outer,0.8501669449081802,0.20302914736338237,0.4589260306523862
ahk_outer,0.8589315525876461,0.20508289992931314,0.4635683222901373
ahk_outer,0.8676961602671118,0.20709526788999327,0.46811706838103245
ahk_outer,0.8764607679465776,0.20906540548700414,0.4725703571771332
ahk_outer,0.8852253756260434,0.21099282581623843,0.476927088082923
ahk_outer,0.8939899833055092,0.21287741142997912,0.4811869956201922
ahk_outer,0.9027545909849749,0.21471942241247674,0.48535066768203033
ahk_outer,0.9115191986644406,0.21651950178386242,0.48941955774780355
ahk_outer,0.9202838063439065,0.2182786781098357,0.4933959907820792
ahk_outer,0.9290484140233722,0.21999836521950294,0.49728316259682914
ahk_outer,0.937813021702838,0.22168035896082197,0.501085132517454
ahk_outer,0.9465776293823038,0.22332683095193376,0.5048068092583256
ahk_outer,0.9553422370617696,0.22494031931688357,0.5084539299818585
ahk_outer,0.9641068447412353,0.22652371642536576,0.512033032585494
ahk_outer,0.9728714524207012,0.22808025368781118,0.515551421332594
ahk_outer,0.9816360601001669,0.22961348348877447,0.5190171260147629
ahk_outer,0.9904006677796326,0.23112725837274015,0.5224388549035527
ahk_outer,0.9991652754590985,0.23262570762666737,0.5258259418177682
ahk_outer,1.0079298831385641,0.23411321143224736,0.5291882876973641
ahk_outer,1.01669449081803,0.23559437278759268,0.5325362971353771
ahk_outer,1.0254590984974958,0.23707398742238311,0.5358808103742778
ahk_outer,1.0342237061769615,0.2385570119519995,0.5392330313217403
ahk_outer,1.0429883138564273,0.24004853053450095,0.5426044521822463
ahk_outer,1.0517529215358932,0.24155372030919295,0.5460067753346044
ahk_outer,1.0605175292153588,0.2430778159066943,0.5494518331106891
ahk_outer,1.0692821368948247,0.24462607332777966,0.5529515061473644
ahk_outer,1.0780467445742905,0.2462037334916918,0.5565176409912779
ahk_outer,1.0868113522537561,0.24781598575411762,0.560161967635083
ahk_outer,1.095575959933222,0.249467931690728,0.5638960176539408
ahk_outer,1.1043405676126878,0.2511645494341631,0.5677310435930268
ahk_outer,1.1131051752921535,0.25291065884092306,0.571677940230951
ahk_outer,1.1218697829716193,0.25471088775004724,0.575747168311052
ahk_outer,1.1306343906510852,0.2565696395780988,0.5799486812932684
ahk_outer,1.1393989983305508,0.2584910624752336,0.5842918556346769
ahk_outer,1.1481636060100167,0.2604790202454671,0.5887854250578145
ahk_outer,1.1569282136894825,0.26253706521110926,0.5934374192135888
ahk_outer,1.1656928213689481,0.2646684131772374,0.5982551070911011
ahk_outer,1.174457429048414,0.2668759206274629,0.6032449454710769
ahk_outer,1.1832220367278798,0.26916206425764755,0.608412532663984
ahk_outer,1.1919866444073455,0.27152892293001796,0.613762567719207
ahk_outer,1.2007512520868113,0.2739781621068061,0.6192988152389285
ahk_outer,1.2095158597662772,0.276511020800409,0.6250240758803384
ahk_outer,1.2182804674457428,0.2791283010564759,0.6309401625832581
ahk_outer,1.2270450751252087,0.2818303599675308,0.6370478825177752
ahk_outer,1.2358096828046745,0.2846171041978916,0.6433470247083983
ahk_outer,1.2445742904841401,0.2874879869859271,0.6498363532579748
ahk_outer,1.253338898163606,0.29044200757710065,0.6565136060661458
ahk_outer,1.2621035058430716,0.29347771303077275,0.6633754989134326
ahk_outer,1.2708681135225375,0.2965932023353415,0.6704177347630798
ahk_outer,1.2796327212020033,0.2997861327597761,0.6776350181180277
ahk_outer,1.288397328881469,0.30305372836483535,0.6850210742596272
ahk_outer,1.2971619365609348,0.30639279059395,0.6925686731872149
ahk_outer,1.3059265442404007,0.3097997108616661,0.7002696580729648
ahk_outer,1.3146911519198663,0.31327048505641947,0.7081149780438852
ahk_outer,1.3234557595993321,0.3168007298738996,0.7160947251016692
ahk_outer,1.332220367278798,0.3203857008970451,0.724198174990622
ahk_outer,1.3409849749582636,0.3240203123386525,0.7324138318237525
ahk_outer,1.3497495826377295,0.32769915836214486,0.7407294762761271
ahk_outer,1.3585141903171953,0.3314165358952994,0.7491322171529016
ahk_outer,1.367278797996661,0.3351664688502118,0.7576085461360026
ahk_outer,1.3760434056761268,0.338942733660507,0.7661443955083062
ahk_outer,1.3848080133555927,0.3427388860435621,0.7747251986468279
ahk_outer,1.3935726210350583,0.3465482888913463,0.7833359530670319
ahk_outer,1.4023372287145242,0.35036414118826686,0.7919612857885807
ahk_outer,1.41110183639399,0.3541795078483373,0.8005855207791147
ahk_outer,1.4198664440734556,0.35798735035702967,0.8091927482169362
ahk_outer,1.4286310517529215,0.36178055809556425,0.8177668952962711
ahk_outer,1.4373956594323873,0.3655519802173036,0.8262917982805045
ahk_outer,1.446160267111853,0.3692944579375123,0.8347512754897858
ahk_outer,1.4549248747913188,0.3730008570893572,0.8431292008904435
ahk_outer,1.4636894824707847,0.3766641007908847,0.8514095779352499
ahk_outer,1.4724540901502503,0.3802772020600398,0.8595766132862416
ahk_outer,1.4812186978297162,0.3838332962079592,0.8676147900363508
ahk_outer,1.489983305509182,0.3873256728349666,0.8755089400329868
ahk_outer,1.4987479131886476,0.3907478072491642,0.8832443148964577
ahk_outer,1.5075125208681135,0.3940933911245907,0.8908066553195109
ahk_outer,1.5162771285475793,0.39735636221455306,0.898182258231194
ahk_outer,1.525041736227045,0.4005309329363776,0.9053580414096786
ahk_outer,1.5338063439065108,0.4036116176463183,0.9123216051343203
ahk_outer,1.5425709515859767,0.4065932584279667,0.9190612904776473
ahk_outer,1.5513355592654423,0.409471049224056,0.9255662338527652
ahk_outer,1.5601001669449082,0.41224055815027694,0.9318264174513894
ahk_outer,1.5688647746243738,0.41489774784018985,0.9378327152313805
ahk_outer,1.5776293823038396,0.4174389936828009,0.9435769341408656
ahk_outer,1.5863939899833055,0.41986109982838793,0.9490518502977241
ahk_outer,1.5951585976627711,0.42216131285379765,0.9542512398785553
ahk_outer,1.603923205342237,0.42433733299516274,0.9591699045090527
ahk_outer,1.6126878130217028,0.42638732287395426,0.9638036909883286
ahk_outer,1.6214524207011685,0.4283099136608491,0.9681495052216874
ahk_outer,1.6302170283806343,0.4301042086410631,0.9722053202796865
ahk_outer,1.6389816360601002,0.43176978416421624,0.9759701785452062
ahk_outer,1.6477462437395658,0.4333066879810935,0.979444187953873
ahk_outer,1.6565108514190316,0.4347154349888609,0.9826285123765678
ahk_outer,1.6652754590984975,0.4359970004247523,0.985525356234471
ahk_outer,1.6740400667779631,0.4371528105662162,0.9881379434777224
ahk_outer,1.682804674457429,0.43818473101230254,0.9904704910967292
ahk_outer,1.6915692821368948,0.43909505263695325,0.9925281773710565
ahk_outer,1.7003338898163605,0.43988647531937974,0.9943171050936568
ahk_outer,1.7090984974958263,0.44056208956995085,0.9958442600381232
ahk_outer,1.7178631051752922,0.4411253561817155,0.9971174649630964
ahk_outer,1.7266277128547578,0.4415800840480251,0.9981453294713337
ahk_outer,1.7353923205342237,0.44193040629541425,0.9989371960605962
ahk_outer,1.7441569282136895,0.4421807548881724,0.9995030827199548
ahk_outer,1.7529215358931551,0.4423358338667809,0.9998536224380922
ahk_outer,1.761686143572621,0.44240059138673465,1.0
ahk_outer,1.7704507512520868,0.4423801907272116,0.9999538864551263
ahk_outer,1.7792153589315525,0.4422799804407295,0.9997273716438148
ahk_outer,1.7879799666110183,0.4421054638155165,0.9993328951702053
ahk_outer,1.7967445742904842,0.4418622678216453,0.9987831762082371
ahk_outer,1.8055091819699498,0.4415561117105667,0.9980911425241976
ahk_outer,1.8142737896494157,0.44119277543529967,0.9972698590938837
ahk_outer,1.8230383973288813,0.44077806805541253,0.9963324566853851
ahk_outer,1.8318030050083471,0.4403177962873299,0.9952920607703618
ahk_outer,1.840567612687813,0.43981773335618424,0.994161721116931
ahk_outer,1.8493322203672786,0.43928358830097347,0.9929543424072045
ahk_outer,1.8580968280467445,0.43872097587970516,0.9916826162110328
ahk_outer,1.8668614357262103,0.43813538721618817,0.990358954636166
ahk_outer,1.875626043405676,0.4375321613246653,0.9889954259626803
ahk_outer,1.8843906510851418,0.4369164576430585,0.9876036925572685
ahk_outer,1.8931552587646077,0.4362932297000864,0.9861949513505298
ahk_outer,1.9019198664440733,0.43566720003573306,0.9847798771473263
ahk_outer,1.9106844741235391,0.4350428364889911,0.9833685690277217
ahk_outer,1.919449081803005,0.43442432996099223,0.9819705000828767
ahk_outer,1.9282136894824706,0.4338155737557929,0.9805944707170678
ahk_outer,1.9369782971619365,0.43322014459515673,0.9792485657336009
ahk_outer,1.9457429048414023,0.43264128539761815,0.9779401154086949
ahk_outer,1.954507512520868,0.4320818899057965,0.9766756607431435
ahk_outer,1.9632721202003338,0.4315444892395237,0.9754609230670742
ahk_outer,1.9720367278797997,0.43103124044546076,0.974300778157561
ahk_outer,1.9808013355592653,0.4305439171068191,0.9731992350128873
ahk_outer,1.9895659432387311,0.4300839020692741,0.9721594194102384
ahk_outer,1.998330550918197,0.4296521823311405,0.971183562355481
ahk_outer,2.0070951585976626,0.42924934613740956,0.9702729935145393
ahk_outer,2.0158597662771283,0.4288755823082334,0.969428139695505
ahk_outer,2.0246243739565943,0.4285306818228286,0.9686485284288842
ahk_outer,2.03338898163606,0.42821404166951915,0.9679327966702151
ahk_outer,2.0421535893155256,0.4279246709619401,0.9672787046251028
ahk_outer,2.0509181969949917,0.4276611993098057,0.9666831546704597
ahk_outer,2.0596828046744573,0.427421887420865,0.9661422153191118
ahk_outer,2.068447412353923,0.4272046398979419,0.9656511501461604
ahk_outer,2.077212020033389,0.4270070201819349,0.9652044515660625
ahk_outer,2.0859766277128546,0.42682626757824366,0.9647958793190754
ahk_outer,2.0947412353923203,0.42665931629008796,0.964418503494074
ahk_outer,2.1035058430717863,0.42650281636826354,0.9640647518832683
ahk_outer,2.112270450751252,0.42635315647252864,0.9637264614319248
ahk_outer,2.1210350584307176,0.42620648832556524,0.9633949335139722
ahk_outer,2.1297996661101837,0.42605875272639776,0.9630609927325995
ahk_outer,2.1385642737896493,0.4259057069762184,0.9627150489134476
ahk_outer,2.147328881469115,0.425742953556071,0.9623471619274985
ahk_outer,2.156093489148581,0.4255659698831075,0.9619471089519617
ahk_outer,2.1648580968280466,0.425370138959714,0.9615044537494004
ahk_outer,2.1736227045075123,0.425150780718787,0.961008617520431
ahk_outer,2.1823873121869783,0.42490318385801856,0.9604489508617761
ahk_outer,2.191151919866444,0.42462263794709054,0.9598148063411988
ahk_outer,2.1999165275459096,0.42430446558402773,0.9590956111835579
ahk_outer,2.2086811352253757,0.42394405437075733,0.9582809395481953
ahk_outer,2.2174457429048413,0.42353688847342846,0.9573605838677189
ahk_outer,2.226210350584307,0.42307857953029654,0.9563246247120241
ahk_outer,2.234974958263773,0.4225648966692449,0.9551634986397431
ahk_outer,2.2437395659432386,0.4219917953981199,0.9538680635018094
ahk_outer,2.2525041736227043,0.42135544513455425,0.952429660669727
ahk_outer,2.2612687813021703,0.42065225514750004,0.9508401736736767
ahk_outer,2.270033388981636,0.4198788986906758,0.9490920827536349
ahk_outer,2.2787979966611016,0.41903233511847104,0.9471785148500498
ahk_outer,2.2875626043405677,0.41810982978773187,0.9450932885897333
ahk_outer,2.2963272120200333,0.41710897156414206,0.9428309538571947
ahk_outer,2.305091819699499,0.41602768776980326,0.9403868255820732
ahk_outer,2.313856427378965,0.4148642564289384,0.937757011419262
ahk_outer,2.3226210350584306,0.41361731569160826,0.9349384330502288
ahk_outer,2.3313856427378963,0.41228587034046765,0.9319288408908534
ahk_outer,2.3401502504173624,0.4108692953132149,0.928726822053554
ahk_outer,2.348914858096828,0.4093673362031082,0.925331801478652
ahk_outer,2.3576794657762936,0.4077801067315395,0.9217440362213919
ahk_outer,2.3664440734557597,0.4061080832200085,0.9179646029564182
ahk_outer,2.3752086811352253,0.40435209612362927,0.9139953788401598
ahk_outer,2.383973288814691,0.40251331872399837,0.909839015952246
ahk_outer,2.392737896494157,0.40059325311567495,0.9054989096194204
ahk_outer,2.4015025041736227,0.39859371365704777,0.900979161007965
ahk_outer,2.4102671118530883,0.39651680809230483,0.8962845344519003
ahk_outer,2.4190317195325544,0.3943649165865487,0.8914204100640669
ahk_outer,2.42779632721202,0.39214066894925276,0.8863927322521455
ahk_outer,2.4365609348914856,0.3898469203526696,0.8812079548326732
ahk_outer,2.4453255425709517,0.3874867258797064,0.8758729834991924
ahk_outer,2.4540901502504173,0.385063314260342,0.870395116456185
ahk_outer,2.462854757929883,0.38258006117557297,0.8647819840754504
ahk_outer,2.471619365609349,0.3800404625227034,0.8590414884651053
ahk_outer,2.4803839732888147,0.37744810804498774,0.8531817438621658
ahk_outer,2.4891485809682803,0.3748066557312125,0.8472110187654941
ahk_outer,2.4979131886477464,0.372119807386707,0.841137680716638
ahk_outer,2.506677796327212,0.3693912857657311,0.8349701446099994
ahk_outer,2.5154424040066776,0.3666248136361678,0.8287168253707741
ahk_outer,2.5242070116861433,0.3638240951204823,0.8223860957781521
ahk_outer,2.5329716193656093,0.36099279962226083,0.8159862501329495
ahk_outer,2.541736227045075,0.3581345486054147,0.8095254743733902
ahk_outer,2.5505008347245406,0.35525290544343335,0.80301182313041
ahk_outer,2.5592654424040067,0.35235136849982346,0.7964532040867174
ahk_outer,2.5680300500834723,0.349433367538331,0.7898573698624778
ahk_outer,2.576794657762938,0.3465022634939689,0.7832319174977458
ahk_outer,2.585559265442404,0.34356135156421735,0.7765842954397981
ahk_outer,2.5943238731218696,0.34061386750505473,0.7699218177746496
ahk_outer,2.6030884808013353,0.33766299694055396,0.7632516852704161
ahk_outer,2.6118530884808013,0.334711887418666,0.7565810126281451
ahk_outer,2.620617696160267,0.33176366287142844,0.7499168611675964
ahk_outer,2.6293823038397326,0.3288214400667523,0.7432662760147747
ahk_outer,2.6381469115191987,0.325888346572867,0.736636326708669
ahk_outer,2.6469115191986643,0.32296753969711367,0.7300341500104013
ahk_outer,2.65567612687813,0.3200622258096415,0.7234669935824108
ahk_outer,2.664440734557596,0.31717567942163144,0.716942259112771
ahk_outer,2.6732053422370616,0.31431126135745185,0.710467543391436
ahk_outer,2.6819699499165273,0.3114724353432462,0.7040506758069982
ahk_outer,2.6907345575959933,0.30866278233030703,0.6976997507231684
ahk_outer,2.699499165275459,0.30588601188258746,0.6914231532190475
ahk_outer,2.7082637729549246,0.30314596998283994,0.6852295767340825
ahk_outer,2.7170283806343907,0.3004466426526685,0.6791280312508131
ahk_outer,2.7257929883138563,0.2977921548371683,0.6731278407737173
ahk_outer,2.734557595993322,0.29518676407478744,0.6672386290205999
ahk_outer,2.743322203672788,0.29263484855684685,0.6614702924323927
ahk_outer,2.7520868113522536,0.290140889277445,0.6558329598248925
ahk_outer,2.7608514190317193,0.28770944608179866,0.6503369382485541
ahk_outer,2.7696160267111853,0.2853451275382237,0.644992644887273
ahk_outer,2.778380634390651,0.2830525546829753,0.6398105251074098
ahk_outer,2.7871452420701166,0.28083631881671284,0.6348009570611385
ahk_outer,2.7959098497495827,0.27870093366356363,0.6299741435470433
ahk_outer,2.8046744574290483,0.2766507823358963,0.6253399921295667
ahk_outer,2.813439065108514,0.2746900596775814,0.6209079848120157
ahk_outer,2.82220367278798,0.27282271068299935,0.616687038839207
ahk_outer,2.8309682804674456,0.2710523658051716,0.6126853604683022
ahk_outer,2.8397328881469113,0.2693822740722171,0.6089102937855939
ahk_outer,2.8484974958263773,0.2678152350237608,0.6053681668559162
ahk_outer,2.857262103505843,0.2663535305559269,0.6020641376654216
ahk_outer,2.8660267111853086,0.26499885782318966,0.5990020424532724
ahk_outer,2.8747913188647747,0.2637522643855355,0.5961842491186238
ahk_outer,2.8835559265442403,0.2626140868090909,0.5936115184338004
ahk_outer,2.892320534223706,0.26158389392631626,0.5912828757899347
ahk_outer,2.901085141903172,0.2606604359376396,0.5891954961465621
ahk_outer,2.9098497495826376,0.25984160048952704,0.5873446047507214
ahk_outer,2.9186143572621033,0.2591243767952488,0.5857233960357193
ahk_outer,2.9273789649415694,0.25850482877430786,0.5843229729056351
ahk_outer,2.936143572621035,0.257978078075786,0.5831323083613794
ahk_outer,2.9449081803005006,0.257538297721818,0.5821382311324376
ahk_outer,2.9536727879799667,0.25717871696152345,0.5813254366486702
ahk_outer,2.9624373956594323,0.2568916377654953,0.5806765243243709
ahk_outer,2.971202003338898,0.25666846321921877,0.5801720617386023
ahk_outer,2.979966611018364,0.2564997378933749,0.5797906758880206
ahk_outer,2.9887312186978297,0.25637520008292825,0.5795091712678385
ahk_outer,2.9974958263772953,0.25628384561884715,0.5793026741115062
ahk_outer,3.0062604340567614,0.2562140027690553,0.5791448016964335
ahk_outer,3.015025041736227,0.2561534175630273,0.5790078552112623
ahk_outer,3.0237896494156926,0.2560893486995713,0.5788630342849268
ahk_outer,3.0325542570951587,0.2560086710341864,0.5786806709089377
ahk_outer,3.0413188647746243,0.25589798649284407,0.5784304801463183
ahk_outer,3.05008347245409,0.255743741126739,0.5780818247215558
ahk_outer,3.058848080133556,0.2555323469096361,0.5776039903306924
ahk_outer,3.0676126878130217,0.2552503067878039,0.5769664683035448
ahk_outer,3.0763772954924873,0.25488434142444205,0.5761392420961504
ahk_outer,3.0851419031719534,0.2544215160365807,0.5750930739922367
ahk_outer,3.093906510851419,0.2538493657041913,0.5737997883512842
ahk_outer,3.1026711185308846,0.2531560175383673,0.5722325477568477
ahk_outer,3.1114357262103502,0.2523303081284938,0.5703661184935294
ahk_outer,3.1202003338898163,0.25136189474593296,0.5681771219112118
ahk_outer,3.128964941569282,0.2502413588638097,0.5656442684206439
ahk_outer,3.1377295492487476,0.24896030065655847,0.5627485710997255
ahk_outer,3.1464941569282137,0.24751142326783374,0.559473536172256
ahk_outer,3.1552587646076793,0.24588860577863844,0.5558053279447117
ahk_outer,3.164023372287145,0.24408696396654672,0.5517329061460781
ahk_outer,3.172787979966611,0.24210289811896252,0.5472481340046914
ahk_outer,3.1815525876460766,0.23993412734553574,0.5423458558078459
ahk_outer,3.1903171953255423,0.23757971002376133,0.5370239431169195
ahk_outer,3.1990818030050083,0.23504005020454263,0.5312833092464765
ahk_outer,3.207846410684474,0.23231688999759317,0.5251278920522691
ahk_outer,3.2166110183639396,0.22941328814692635,0.5185646055033851
ahk_outer,3.2253756260434057,0.22633358519136332,0.5116032609312419
ahk_outer,3.2341402337228713,0.2230833557807736,0.5042564592454628
ahk_outer,3.242904841402337,0.21966934888335554,0.4965394557787255
ahk_outer,3.251669449081803,0.21609941676984312,0.4884699997630312
ahk_outer,3.2604340567612686,0.21238243379522134,0.4800681507443157
ahk_outer,3.2691986644407343,0.2085282061154735,0.47135607450665407
ahk_outer,3.2779632721202003,0.20454737357442498,0.4623578212977911
ahk_outer,3.286727879799666,0.20045130507322975,0.45309908932287263
ahk_outer,3.2954924874791316,0.19625198879121775,0.44360697660021786
ahk_outer,3.3042570951585977,0.19196191866191317,0.4339097243523014
ahk_outer,3.3130217028380633,0.1875939785216151,0.4240364551358059
ahk_outer,3.321786310517529,0.18316132534075202,0.41401690889838194
ahk_outer,3.330550918196995,0.17867727292096286,0.40388118008813423
ahk_outer,3.3393155258764606,0.17415517739430422,0.3936594588366236
ahk_outer,3.3480801335559263,0.16960832579697904,0.38338177909150223
ahk_outer,3.3568447412353923,0.16504982890975,0.3730777763935399
ahk_outer,3.365609348914858,0.16049251946254703,0.36277645777884776
ahk_outer,3.3743739565943236,0.15594885669400285,0.3525059860457478
ahk_outer,3.3831385642737897,0.15143083813942945,0.3422934803607726
ahk_outer,3.3919031719532553,0.14694991939569052,0.3321648348956
ahk_outer,3.400667779632721,0.14251694248025581,0.3221445568902311
ahk_outer,3.409432387312187,0.13814207326732142,0.3122556252339214
ahk_outer,3.4181969949916526,0.1338347483477568,0.3025193703476813
ahk_outer,3.4269616026711183,0.1296036315244058,0.2929553758464798
ahk_outer,3.4357262103505843,0.125456580021745,0.2835814021597323
ahk_outer,3.44449081803005,0.1214006203609167,0.2744133319993498
ahk_outer,3.4532554257095156,0.11744193372954943,0.2654651372897575
ahk_outer,3.4620200333889817,0.1135858505619839,0.2567488669170657
ahk_outer,3.4707846410684473,0.1098368539408767,0.2482746544180369
ahk_outer,3.479549248747913,0.10619859133687433,0.24005074451638422
ahk_outer,3.488313856427379,0.102673894119883,0.23208353722594427
ahk_outer,3.4970784641068446,0.09926480420419366,0.22437764807917954
ahk_outer,3.5058430717863103,0.09597260713081353,0.2169359829063087
ahk_outer,3.5146076794657763,0.09279787084396464,0.20975982548550268
ahk_outer,3.523372287145242,0.0897404893849534,0.20284893630828058
ahk_outer,3.5321368948247076,0.08679973070528282,0.19620166065602032
ahk_outer,3.5409015025041737,0.08397428779167314,0.18981504416268982
ahk_outer,3.5496661101836393,0.0812623322979725,0.1836849540441395
ahk_outer,3.558430717863105,0.07866156989222792,0.1778062042043341
ahk_outer,3.567195325542571,0.07616929655062549,0.17217268248188292
ahk_outer,3.5759599332220366,0.07378245506260318,0.16677747837390333
ahk_outer,3.5847245409015023,0.07149769105239145,0.1616130096668205
ahk_outer,3.5934891485809684,0.06931140787034526,0.15667114651244915
ahk_outer,3.602253756260434,0.06721981976165203,0.15194333161026513
ahk_outer,3.6110183639398996,0.06521900277923126,0.14742069529065924
ahk_outer,3.6197829716193657,0.0633049429707382,0.1430941644365903
ahk_outer,3.6285475792988313,0.06147358143545002,0.1389545643299366
ahk_outer,3.637312186978297,0.05972085591427765,0.1349927126613429
ahk_outer,3.6460767946577626,0.05804273864433132,0.13119950509648376
ahk_outer,3.6548414023372287,0.05643527027718231,0.1275659919447262
ahk_outer,3.6636060100166943,0.05489458972643564,0.12408344562642837
ahk_outer,3.67237061769616,0.053416959874521025,0.12074341878043594
ahk_outer,3.681135225375626,0.05199878912999722,0.11753779299210132
ahk_outer,3.6898998330550916,0.05063664888442323,0.11445881825270446
ahk_outer,3.6986644407345572,0.04932728697145944,0.11149914338233526
ahk_outer,3.7074290484140233,0.04806763727971794,0.10865183775873055
ahk_outer,3.716193656093489,0.04685482571473284,0.10591040479368079
ahk_outer,3.7249582637729546,0.0456861727437681,0.10326878768530054
ahk_outer,3.7337228714524207,0.044559192790018826,0.10072136804868415
ahk_outer,3.7424874791318863,0.04347159076977419,0.09826295808852684
ahk_outer,3.751252086811352,0.04242125608736377,0.09588878702533256
ahk_outer,3.760016694490818,0.04140625441822753,0.09359448252190808
ahk_outer,3.7687813021702836,0.04042481762027623,0.09137604787905436
ahk_outer,3.7775459098497493,0.039475332118099164,0.08922983577929013
ahk_outer,3.7863105175292153,0.03855632610373048,0.08715251935553038
ahk_outer,3.795075125208681,0.03766645589187257,0.08514106134850433
ahk_outer,3.8038397328881466,0.036804491757089636,0.08319268209322113
ahk_outer,3.8126043405676127,0.03596930356586202,0.08130482704174015
ahk_outer,3.8213689482470783,0.03515984649796562,0.07947513448785115
ahk_outer,3.830133555926544,0.03437514712985132,0.07770140411001733
ahk_outer,3.83889816360601,0.03361429012802114,0.0759815668931519
ahk_outer,3.8476627712854756,0.03287640577328397,0.07431365692851052
ahk_outer,3.8564273789649413,0.03216065850774577,0.07269578552536742
ahk_outer,3.8651919866444073,0.031466236665917746,0.07112611799926553
ahk_outer,3.873956594323873,0.030792343519911884,0.06960285343062313
ahk_outer,3.8827212020033386,0.030138189736804464,0.06812420761539731
ahk_outer,3.8914858096828047,0.02950298731437688,0.06668839935746416
ahk_outer,3.9002504173622703,0.02888594503003145,0.06529364018137158
ahk_outer,3.909015025041736,0.028286265407140607,0.06393812747509083
ahk_outer,3.917779632721202,0.027703143173874196,0.06262004100635764
ahk_outer,3.9265442404006676,0.027135765161979512,0.061337542693875285
ahk_outer,3.9353088480801333,0.026583311567449752,0.060088779456922876
ahk_outer,3.9440734557595993,0.02604495847180291,0.058871888914441145
ahk_outer,3.952838063439065,0.025519881502043616,0.05768500765799118
ahk_outer,3.9616026711185306,0.025007260489580935,0.05652628178274803
ahk_outer,3.9703672787979967,0.024506284973528258,0.0553938793271312
ahk_outer,3.9791318864774623,0.024016160382139395,0.0542860042452907
ahk_outer,3.987896494156928,0.023536114717639535,0.05320091151746427
ahk_outer,3.996661101836394,0.023065405564509506,0.05213692299146669
ahk_outer,4.005425709515859,0.022603327239316406,0.05109244354412987
ahk_outer,4.014190317195325,0.022149217901436945,0.05006597715434493
ahk_outer,4.022954924874791,0.02170246644836441,0.04905614248917833
ahk_outer,4.0317195325542565,0.02126251902661827,0.048061687621098026
ahk_outer,4.040484140233723,0.020828884999368285,0.047081503517160166
ahk_outer,4.049248747913189,0.02040114222455785,0.04611463596965159
ahk_outer,4.058013355592654,0.01997894151226521,0.04516029567148602
ahk_outer,4.06677796327212,0.019562010147046397,0.044217866178089746
ahk_outer,4.075542570951586,0.01915015437967206,0.04328690953971061
ahk_outer,4.084307178631051,0.018743260812752825,0.04236716943347838
ahk_outer,4.093071786310517,0.01834129662581001,0.04145857167215345
ahk_outer,4.101836393989983,0.01794430860708891,0.04056122201564256
ahk_outer,4.1106010016694485,0.0175524209814299,0.03967540126112997
ahk_outer,4.119365609348915,0.017165832045466116,0.038801557637295765
ahk_outer,4.128130217028381,0.01678480964290758,0.03794029657667151
ahk_outer,4.136894824707846,0.01640968553340672,0.0370923679870532
ahk_outer,4.145659432387312,0.0160408487280911,0.03625865118717399
ahk_outer,4.154424040066778,0.015678737883036597,0.03544013771295045
ahk_outer,4.163188647746243,0.01532383285842282,0.03463791223784134
ahk_outer,4.171953255425709,0.014976645565632907,0.033853131883679444
ahk_outer,4.180717863105175,0.01463771023690975,0.033087004226253075
ahk_outer,4.1894824707846405,0.014307573262185758,0.03234076432252882
ahk_outer,4.198247078464107,0.013986782745228153,0.031615651103416555
ahk_outer,4.207011686143573,0.013675877936193827,0.030912883487171344
ahk_outer,4.215776293823038,0.013375378700011684,0.030233636573779553
ahk_outer,4.224540901502504,0.013085775179707965,0.02957901827999306
ahk_outer,4.23330550918197,0.012807517810889789,0.028950046768119717
ahk_outer,4.242070116861435,0.012541007838180645,0.02834762900942335
ahk_outer,4.250834724540901,0.012286588476583392,0.027772540805314584
ahk_outer,4.259599332220367,0.012044536850680526,0.02722540856676097
ahk_outer,4.2683639398998325,0.011815056832450406,0.026706693124923974
ahk_outer,4.277128547579299,0.011598272884523269,0.02621667581448681
ahk_outer,4.285893155258765,0.01139422500013272,0.0257554470359471
ahk_outer,4.29465776293823,0.01120286481414539,0.025322897465008466
ahk_outer,4.303422370617696,0.011024052941625211,0.024918712036685053
ahk_outer,4.312186978297162,0.010857557581731797,0.02454236678956067
ahk_outer,4.320951585976627,0.010703054405657116,0.024193128612481428
ahk_outer,4.329716193656093,0.010560127728086753,0.023870057892520707
ahk_outer,4.338480801335559,0.010428272942642057,0.02357201402003991
ahk_outer,4.3472454090150245,0.01030690018320346,0.02329766366472473
ahk_outer,4.356010016694491,0.010195339155243064,0.023045491696304207
ahk_outer,4.364774624373957,0.010092845064554119,0.022813814585820085
ahk_outer,4.373539232053422,0.00999860555532976,0.022600796088423962
ahk_outer,4.382303839732888,0.009911748555618903,0.02240446497720506
ahk_outer,4.391068447412354,0.009831350916000545,0.022222734570004777
ahk_outer,4.399833055091819,0.009756447716998446,0.0220534237678485
ahk_outer,4.408597662771285,0.00968604211248991,0.021894279304935725
ahk_outer,4.417362270450751,0.009619115570200553,0.02174299889620125
ahk_outer,4.4261268781302165,0.009554638366425752,0.021597254959529077
ahk_outer,4.434891485809683,0.009491580190374663,0.021454718585756545
ahk_outer,4.443656093489149,0.00942892071401655,0.02131308343070012
ahk_outer,4.452420701168614,0.009365659985955751,0.021170089209416414
ahk_outer,4.46118530884808,0.009300828512601896,0.021023544483626973
ahk_outer,4.469949916527546,0.009233496896629164,0.020871348448441584
ahk_outer,4.478714524207011,0.009162784911279474,0.020711511443866074
ahk_outer,4.487479131886477,0.009087869899298703,0.020542173939714137
ahk_outer,4.496243739565943,0.009007994397004896,0.020361623769011534
ahk_outer,4.5050083472454086,0.008922472896955748,0.02016831141429457
ahk_outer,4.513772954924875,0.008830697676679503,0.01996086318284314
ahk_outer,4.522537562604341,0.008732143635713795,0.019738092140298227
ahk_outer,4.531302170283806,0.008626372098503773,0.019499006706713083
ahk_outer,4.540066777963272,0.008513033556293285,0.01924281685430981
ahk_outer,4.548831385642738,0.008391869336736165,0.018968937881460063
ahk_outer,4.557595993322203,0.008262712205319973,0.018676991772140134
ahk_outer,4.566360601001669,0.008125485917576315,0.018366806183749505
ahk_outer,4.575125208681135,0.007980203755234953,0.018038411138241166
ahk_outer,4.5838898163606006,0.007826966092750373,0.017692033521510938
ahk_outer,4.592654424040067,0.007665957052792592,0.017328089523486235
ahk_outer,4.601419031719533,0.007497440320201785,0.016947175176010843
ahk_outer,4.610183639398998,0.0073217541934007275,0.016550055167083282
ahk_outer,4.618948247078464,0.007139305960245215,0.01613765012805832
ahk_outer,4.62771285475793,0.006950565691685396,0.01571102260487125
ahk_outer,4.636477462437395,0.006756059551355418,0.015271361935069054
ahk_outer,4.645242070116861,0.006556362722296515,0.01481996825941202
ahk_outer,4.654006677796327,0.00635209205344936,0.014358235900043209
ahk_outer,4.662771285475793,0.006143898528368185,0.01388763633680895
ahk_outer,4.671535893155259,0.005932459656882274,0.013409701009409993
ahk_outer,4.680300500834725,0.0057184718872413725,0.012926004165854378
ahk_outer,4.68906510851419,0.005502643131750447,0.012438145967441045
ahk_outer,4.697829716193656,0.005285685493160782,0.01194773604753204
ahk_outer,4.706594323873122,0.005068308272273398,0.011456377705975577
ahk_outer,4.715358931552587,0.0048512113295097695,0.010965652903634958
ahk_outer,4.724123539232053,0.004635078864760412,0.010477108202390605
ahk_outer,4.732888146911519,0.004420573670829508,0.00999224177565613
ahk_outer,4.741652754590985,0.0042083319064151045,0.009512491593249916
ahk_outer,4.750417362270451,0.003998958424985964,0.009039224862812587
ahk_outer,4.759181969949917,0.0037930226862988342,0.008573728788221886
ahk_outer,4.767946577629382,0.0035910552678122386,0.008117202684010508
ahk_outer,4.776711185308848,0.00339354498404154,0.007670751463971247
ahk_outer,4.785475792988314,0.0032009366131061476,0.007235380502256099
ahk_outer,4.794240400667779,0.0030136292214594596,0.006811991846604532
ahk_outer,4.803005008347245,0.0028319750701794894,0.006401381746128484
ahk_outer,4.811769616026711,0.002656279079313694,0.006004239440520202
ahk_outer,4.820534223706177,0.002486798820685064,0.00562114714379116
ahk_outer,4.829298831385643,0.002323745004332737,0.005252581143819905
ahk_outer,4.838063439065109,0.0021672824194047917,0.004898913929141229
ahk_outer,4.846828046744574,0.002017531286859324,0.004560417246584674
ahk_outer,4.85559265442404,0.0018745689787588,0.004237265987558553
ahk_outer,4.864357262103506,0.0017384320572422405,0.003929542796932091
ahk_outer,4.873121869782971,0.0016091185853918828,0.0036372432965064345
ahk_outer,4.881886477462437,0.001486590662134858,0.003360281814893237
ahk_outer,4.890651085141903,0.0013707771339716995,0.0030984975170917054
ahk_outer,4.899415692821369,0.0012615764376390926,0.002851660830028721
ahk_outer,4.908180300500835,0.001158859529718144,0.0026194800646301584
ahk_outer,4.916944908180301,0.0010624728616138528,0.0024016081404490434
ahk_outer,4.925709515859766,0.0009722413611726679,0.002197649325298394
ahk_outer,4.934474123539232,0.0008879713853923699,0.002007165909541313
ahk_outer,4.943238731218698,0.0008094536121267775,0.0018296847424852897
ahk_outer,4.952003338898163,0.0007364658423191817,0.0016647035665361106
ahk_outer,4.960767946577629,0.0006687756880341866,0.0015116970932110734
ahk_outer,4.969532554257095,0.0006061431253281089,0.0013701227736339866
ahk_outer,4.978297161936561,0.0005483228947349436,0.001239426224581184
ahk_outer,4.987061769616027,0.0004950667357914642,0.001119046279390459
ahk_outer,4.995826377295493,0.00044612544552670517,0.0010084196409600058
ahk_outer,5.004590984974958,0.0004012507541554888,0.0009069851215563277
ahk_outer,5.013355592654424,0.0003601970143042799,0.000814187461131591
ahk_outer,5.02212020033389,0.0003227227029331367,0.0007294807222602044
ahk_outer,5.030884808013355,0.0002885917376765819,0.0006523312655888898
ahk_outer,5.039649415692821,0.00025757461159639207,0.0005822203148259973
ahk_outer,5.0484140233722865,0.0002294493523116047,0.000518646124753993
ahk_outer,5.057178631051753,0.0002040023131450934,0.0004611257695330703
ahk_outer,5.065943238731219,0.00018102880530579364,0.0004091965716825707
ahk_outer,5.074707846410684,0.0001603335812203858,0.00036241719460141167
ahk_outer,5.08347245409015,0.00014173117995126141,0.0003203684233490634
ahk_outer,5.092237061769616,0.0001250461462060192,0.0002826536596934773
ahk_outer,5.101001669449081,0.00011011313477671547,0.000248899158185025
ahk_outer,5.109766277128547,9.677691236681638e-05,0.00021875403028613182
ahk_outer,5.118530884808013,8.489226869279464e-05,0.00019189004342578763
ahk_outer,5.1272954924874785,7.432384850962491e-05,0.00016800124131084853
ahk_outer,5.136060100166945,6.494591582890984e-05,0.0001468034109659132
ahk_outer,5.144824707846411,5.6642061098736826e-05,0.00012803342084419112
ahk_outer,5.153589315525876,4.930486151838085e-05,0.00011144845300462059
ahk_outer,5.162353923205342,4.2835503990671326e-05,9.682515083535611e-05
ahk_outer,5.171118530884808,3.714337949045125e-05,8.395870216633935e-05
ahk_outer,5.179883138564273,3.2145656867908677e-05,7.266187589656229e-05
ahk_outer,5.188647746243739,2.776684332776639e-05,6.276402850350931e-05
ahk_outer,5.197412353923205,2.3938338044306154e-05,5.411009503687554e-05
ahk_outer,5.2061769616026705,2.0597984601271584e-05,4.65595774560468e-05
ahk_outer,5.214941569282137,1.7689627196021694e-05,3.9985541476272346e-05
ahk_outer,5.223706176961603,1.5162674828198284e-05,3.427363146299116e-05
ahk_outer,5.232470784641068,1.2971677012106413e-05,2.9321111374299505e-05
ahk_outer,5.241235392320534,1.1075913914804252e-05,2.5035938311217102e-05
ahk_outer,5.25,9.439003232646912e-06,2.1335873903467706e-05
ahk_inner,0.0,0.07348408644338619,0.17276271821731376
ahk_inner,0.008764607679465776,0.07497210356437338,0.17626107949548933
ahk_inner,0.017529215358931552,0.07644215638009233,0.17971720629325916
ahk_inner,0.026293823038397328,0.07789268165918894,0.18312742341901364
ahk_inner,0.035058430717863104,0.07932217373412426,0.18648819101495018
ahk_inner,0.04382303839732888,0.0807291896395991,0.18979611663762366
ahk_inner,0.052587646076794656,0.08211235403225331,0.19304796682426836
ahk_inner,0.06135225375626043,0.08347036387334789,0.1962406781018878
ahk_inner,0.07011686143572621,0.08480199285771556,0.19937136739981573
ahk_inner,0.07888146911519198,0.08610609557389973,0.2024373418302951
ahk_inner,0.08764607679465776,0.0873816113820753,0.20543610780555613
ahk_inner,0.09641068447412354,0.08862756799803878,0.2083653794638564
ahk_inner,0.10517529215358931,0.08984308477325681,0.21122308638094783
ahk_inner,0.11393989983305508,0.09102737566264897,0.21400738054740004
ahk_inner,0.12270450751252086,0.09217975187344787,0.21671664259612902
ahk_inner,0.13146911519198665,0.09329962419009857,0.2193494872682874
ahk_inner,0.14023372287145242,0.09438650497173112,0.22190476810936666
ahk_inner,0.14899833055091818,0.09544000982024298,0.22438158139089598
ahk_inner,0.15776293823038395,0.09645985891845209,0.22677926925646977
ahk_inner,0.16652754590984975,0.0974458780391259,0.22909742209399728
ahk_inner,0.17529215358931552,0.09839799922693407,0.23133588013898862
ahk_inner,0.1840567612687813,0.09931626115652167,0.23349473431639275
ahk_inner,0.19282136894824708,0.10020080917093992,0.23557432633094896
ahk_inner,0.20158597662771285,0.1010518950056061,0.23757524801821062
ahk_inner,0.21035058430717862,0.1018698762037887,0.23949833997033762
ahk_inner,0.2191151919866444,0.1026552152303303,0.24134468945243936
ahk_inner,0.22787979966611016,0.10340847829092882,0.24311562762667865
ahk_inner,0.23664440734557596,0.10413033386480451,0.24481272610253932
ahk_inner,0.24540901502504173,0.10482155095898334,0.24643779283260756
ahk_inner,0.2541736227045075,0.10548299709274371,0.24799286737396167
ahk_inner,0.2629382303839733,0.10611563602099555,0.24948021553578556
ahk_inner,0.27170283806343903,0.10672052520551294,0.2509023234341805
ahk_inner,0.28046744574290483,0.1072988130430156,0.2522618909753235
ahk_inner,0.2892320534223706,0.10785173585911828,0.2535618247881751
ahk_inner,0.29799666110183637,0.10838061467712973,0.2548052306278546
ahk_inner,0.30676126878130217,0.10888685177061848,0.2559954052706452
ahk_inner,0.3155258764607679,0.10937192700855917,0.25713582792135214
ahk_inner,0.3242904841402337,0.10983739400175713,0.2582301511534613
ahk_inner,0.3330550918196995,0.1102848760591264,0.2592821914022593
ahk_inner,0.34181969949916524,0.11071606196227132,0.26029591903078053
ahk_inner,0.35058430717863104,0.11113270156671722,0.26127544798820335
ahk_inner,0.35934891485809684,0.11153660123804697,0.26222502508010564
ahk_inner,0.3681135225375626,0.1119296191311474,0.26314901886986836
ahk_inner,0.3768781302170284,0.11231366032075271,0.26405190823047486
ahk_inner,0.38564273789649417,0.11269067179150255,0.26493827056602665
ahk_inner,0.3944073455759599,0.1130626372958171,0.2658127697224932
ahk_inner,0.4031719532554257,0.1134315720880288,0.2666801436075389
ahk_inner,0.41193656093489145,0.11379951754341476,0.2675451915397488
ahk_inner,0.42070116861435725,0.11416853567103699,0.2684127613481943
ahk_inner,0.42946577629382304,0.11454070352963124,0.26928773624406366
ahk_inner,0.4382303839732888,0.11491810755617879,0.2701750214870087
ahk_inner,0.4469949916527546,0.11530283781726268,0.27107953086995545
ahk_inner,0.4557595993322203,0.11569698219383016,0.2720061730473516
ahk_inner,0.4645242070116861,0.11610262051057188,0.27295983773320687
ahk_inner,0.4732888146911519,0.11652181862176787,0.27394538179678557
ahk_inner,0.48205342237061766,0.11695662246614084,0.2749676152854347
ahk_inner,0.49081803005008345,0.11740905210399104,0.27603128740575544
ahk_inner,0.49958263772954925,0.11788109575065862,0.27714107249614145
ahk_inner,0.508347245409015,0.11837470382115545,0.2783015560255752
ahk_inner,0.5171118530884807,0.11889178300162388,0.27951722065549656
ahk_inner,0.5258764607679466,0.11943419036410562,0.2807924324034935
ahk_inner,0.5346410684474123,0.12000372754192255,0.2821314269494933
ahk_inner,0.5434056761268781,0.12060213498378324,0.2835382961270392
ahk_inner,0.5521702838063439,0.12123108630550644,0.28501697464406733
ahk_inner,0.5609348914858097,0.12189218275900308,0.2865712270793602
ahk_inner,0.5696994991652754,0.12258694783885088,0.28820463520248424
ahk_inner,0.5784641068447413,0.12331682204743223,0.2899205856665125
ahk_inner,0.587228714524207,0.12408315784016542,0.2917222581241515
ahk_inner,0.5959933222036727,0.12488721477283529,0.2936126138190071
ahk_inner,0.6047579298831386,0.12573015487340466,0.2955943847046115
ahk_inner,0.6135225375626043,0.1266130382609596,0.2976700631444655
ahk_inner,0.6222871452420701,0.1275368190345841,0.29984189224669183
ahk_inner,0.6310517529215358,0.12850234145498438,0.3021118568869493
ahk_inner,0.6398163606010017,0.12951033644155602,0.30448167547295985
ahk_inner,0.6485809682804674,0.13056141840732002,0.30695279250337276
ahk_inner,0.6573455759599331,0.13165608245372748,0.30952637197268845
ahk_inner,0.666110183639399,0.13279470194674384,0.3122032916725785
ahk_inner,0.6748747913188647,0.13397752649486575,0.3149841384381587
ahk_inner,0.6836393989983305,0.1352046803487991,0.31786920438559635
ahk_inner,0.6924040066777963,0.13647616124141898,0.3208584841848305
ahk_inner,0.7011686143572621,0.13779183968535277,0.32395167340817405
ahk_inner,0.7099332220367278,0.13915145874407722,0.3271481679921581
ahk_inner,0.7186978297161937,0.1405546342907788,0.33044706484611835
ahk_inner,0.7274624373956594,0.14200085576743654,0.3338471636368156
ahk_inner,0.7362270450751252,0.1434894874546076,0.3373469697737298
ahk_inner,0.744991652754591,0.14501977026027343,0.34094469861467724
ahk_inner,0.7537562604340567,0.14659082403381782,0.34463828090602416
ahk_inner,0.7625208681135225,0.14820165040878883,0.34842536946608316
ahk_inner,0.7712854757929883,0.1498511361755375,0.3523033471142617
ahk_inner,0.7800500834724541,0.1515380571821519,0.3562693358422446
ahk_inner,0.7888146911519198,0.15326108275932904,0.36032020721696617
ahk_inner,0.7975792988313856,0.155018780661956,0.3644525939983771
ahk_inner,0.8063439065108514,0.15680962251723213,0.3686629029481005
ahk_inner,0.8151085141903172,0.15863198976617066,0.3729473287980345
ahk_inner,0.8238731218697829,0.1604841800822874,0.3773018693408314
ahk_inner,0.8326377295492488,0.16236441424823764,0.3817223415970237
ahk_inner,0.8414023372287145,0.16427084346812965,0.3862043990064358
ahk_inner,0.8501669449081802,0.16620155709022097,0.39074354958441393
ahk_inner,0.8589315525876461,0.16815459071175098,0.39533517497646775
ahk_inner,0.8676961602671118,0.17012793463476697,0.39997455033810486
ahk_inner,0.8764607679465776,0.17211954263900234,0.4046568649600624
ahk_inner,0.8852253756260434,0.17412734103518784,0.40937724355284266
ahk_inner,0.8939899833055092,0.17614923795962892,0.4141307680984704
ahk_inner,0.9027545909849749,0.17818313286850457,0.41891250017180065
ahk_inner,0.9115191986644406,0.1802269261881307,0.4237175036285018
ahk_inner,0.9202838063439065,0.18227852907544223,0.4285408675521657
ahk_inner,0.9290484140233722,0.18433587324115333,0.43337772934877544
ahk_inner,0.937813021702838,0.18639692078652292,0.4382232978731593
ahk_inner,0.9465776293823038,0.188459674003357,0.4430728764690137
ahk_inner,0.9553422370617696,0.19052218508586813,0.4479218858017007
ahk_inner,0.9641068447412353,0.19258256570227592,0.4527658863612928
ahk_inner,0.9728714524207012,0.19463899637359858,0.45760060051232015
ahk_inner,0.9816360601001669,0.19668973560695238,0.4624219339663605
ahk_inner,0.9904006677796326,0.1987331287308695,0.46722599655406744
ahk_inner,0.9991652754590985,0.20076761638064164,0.4720091221744013
ahk_inner,1.0079298831385641,0.20279174258253685,0.47676788780080276
ahk_inner,1.01669449081803,0.2048041623868946,0.48149913142676876
ahk_inner,1.0254590984974958,0.20680364900159245,0.4861999688367904
ahk_inner,1.0342237061769615,0.20878910037918696,0.49086780909286815
ahk_inner,1.0429883138564273,0.21075954521317583,0.49550036863185687
ahk_inner,1.0517529215358932,0.21271414830125993,0.5000956838746139
ahk_inner,1.0605175292153588,0.21465221523625194,0.5046521222544292
ahk_inner,1.0692821368948247,0.21657319638831998,0.5091683915793692
ahk_inner,1.0780467445742905,0.2184766901455777,0.5136435476509751
ahk_inner,1.0868113522537561,0.22036244538363978,0.5180770000702433
ahk_inner,1.095575959933222,0.22223036313859462,0.5224685161708211
ahk_inner,1.1043405676126878,0.22408049746192735,0.5268182230289497
ahk_inner,1.1131051752921535,0.22591305544020956,0.5311266075097553
ahk_inner,1.1218697829716193,0.22772839636684614,0.5353945143200072
ahk_inner,1.1306343906510852,0.2295270300578022,0.539623142048355
ahk_inner,1.1393989983305508,0.2313096143080207,0.5438140371853093
ahk_inner,1.1481636060100167,0.23307695149011193,0.5479690861266858
ahk_inner,1.1569282136894825,0.23482998430189173,0.5520905051759727
ahk_inner,1.1656928213689481,0.23656979067435574,0.5561808285728657
ahk_inner,1.174457429048414,0.23829757785675237,0.5602428945871427
ahk_inner,1.1832220367278798,0.24001467570045668,0.5642798297289029
ahk_inner,1.1919866444073455,0.2417225291683801,0.568295031138022
ahk_inner,1.2007512520868113,0.24342269010160214,0.5722921472273214
ahk_inner,1.2095158597662772,0.2451168082797656,0.5762750566653583
ahk_inner,1.2182804674457428,0.24680662181652166,0.5802478457959043
ahk_inner,1.2270450751252087,0.24849394693586177,0.5842147846018747
ahk_inner,1.2358096828046745,0.2501806671795803,0.5881803013318335
ahk_inner,1.2445742904841401,0.25186872210024447,0.5921489559169147
ahk_inner,1.253338898163606,0.2535600954979785,0.5961254123152412
ahk_inner,1.2621035058430716,0.25525680326297673,0.6001144099294029
ahk_inner,1.2708681135225375,0.25696088088898217,0.6041207342503676
ahk_inner,1.2796327212020033,0.2586743707259479,0.6081491868882052
ahk_inner,1.288397328881469,0.2603993090426977,0.6122045551561156
ahk_inner,1.2971619365609348,0.2621377129726455,0.6162915813795254
ahk_inner,1.3059265442404007,0.2638915674174238,0.6204149321062281
ahk_inner,1.3146911519198663,0.2656628119846712,0.6245791673968316
ahk_inner,1.3234557595993321,0.267453328037137,0.6287887103769169
ahk_inner,1.332220367278798,0.2692649259307471,0.6330478172334464
ahk_inner,1.3409849749582636,0.2710993325192193,0.6373605478378388
ahk_inner,1.3497495826377295,0.2729581790023404,0.6417307371769974
ahk_inner,1.3585141903171953,0.27484298919397177,0.6461619677711316
ahk_inner,1.367278797996661,0.2767551682843461,0.6506575432536666
ahk_inner,1.3760434056761268,0.27869599216918306,0.6552204632837585
ahk_inner,1.3848080133555927,0.2806665974156176,0.6598533999559674
ahk_inner,1.3935726210350583,0.28266797193189774,0.6645586758645111
ahk_inner,1.4023372287145242,0.2847009464042843,0.6693382439712263
ahk_inner,1.41110183639399,0.2867661865605764,0.6741936694169446
ahk_inner,1.4198664440734556,0.28886418631520777,0.6791261134054619
ahk_inner,1.4286310517529215,0.2909952618459693,0.6841363192777825
ahk_inner,1.4373956594323873,0.2931595466470519,0.6892246008817121
ahk_inner,1.446160267111853,0.2953569875974143,0.6943908333285035
ahk_inner,1.4549248747913188,0.29758734207737786,0.6996344462139072
ahk_inner,1.4636894824707847,0.2998501761599662,0.7049544193659709
ahk_inner,1.4724540901502503,0.30214486389681083,0.7103492811661872
ahk_inner,1.4812186978297162,0.3044705877115311,0.715817109474339
ahk_inner,1.489983305509182,0.30682633990636227,0.7213555351706152
ahk_inner,1.4987479131886476,0.3092109252805458,0.726961748311505
ahk_inner,1.5075125208681135,0.3116229648516326,0.732632506878664
ahk_inner,1.5162771285475793,0.3140609006634319,0.7383641480825084
ahk_inner,1.525041736227045,0.316523001656951,0.7441526021649255
ahk_inner,1.5338063439065108,0.3190073705733354,0.7499934086282384
ahk_inner,1.5425709515859767,0.321511951850613,0.7558817348006271
ahk_inner,1.5513355592654423,0.3240345404690214,0.7618123966316898
ahk_inner,1.5601001669449082,0.32657279169292175,0.7677798815958974
ahk_inner,1.5688647746243738,0.32912423165078264,0.773778373566372
ahk_inner,1.5776293823038396,0.33168626868862283,0.7798017795070816
ahk_inner,1.5863939899833055,0.3342562054265193,0.7858437578179583
ahk_inner,1.5951585976627711,0.33683125144254117,0.7918977481551089
ahk_inner,1.603923205342237,0.3394085365036789,0.797957002537023
ahk_inner,1.6126878130217028,0.34198512425911787,0.8040146175377623
ahk_inner,1.6214524207011685,0.3445580263075692,0.810063567359569
ahk_inner,1.6302170283806343,0.3471242165473618,0.8160967375702495
ahk_inner,1.6389816360601002,0.34968064571566526,0.8221069592852107
ahk_inner,1.6477462437395658,0.35222425602153645,0.8280870435700775
ahk_inner,1.6565108514190316,0.35475199577654365,0.8340298158376139
ahk_inner,1.6652754590984975,0.35726083392649655,0.8399281500121442
ahk_inner,1.6740400667779631,0.35974777438831,0.8457750022358366
ahk_inner,1.682804674457429,0.3622098700972696,0.8515634438941371
ahk_inner,1.6915692821368948,0.36464423667195317,0.8572866937423027
ahk_inner,1.7003338898163605,0.3670480656067405,0.8629381489212854
ahk_inner,1.7090984974958263,0.3694186369052504,0.8685114146592222
ahk_inner,1.7178631051752922,0.37175333107212755,0.8740003324643929
ahk_inner,1.7266277128547578,0.37404964038531197,0.8793990066265751
ahk_inner,1.7353923205342237,0.37630517937629604,0.8847018288563617
ahk_inner,1.7441569282136895,0.3785176944517441,0.8899035009058017
ahk_inner,1.7529215358931551,0.3806850725963365,0.8949990550289799
ahk_inner,1.761686143572621,0.3828053491035633,0.8999838721572846
ahk_inner,1.7704507512520868,0.3848767142885283,0.9048536976813586
ahk_inner,1.7792153589315525,0.3868975191445111,0.9096046547498023
ahk_inner,1.7879799666110183,0.3888662799129444,0.9142332550132919
ahk_inner,1.7967445742904842,0.39078168154468684,0.9187364067621081
ahk_inner,1.8055091819699498,0.3926425800387513,0.9231114204245392
ahk_inner,1.8142737896494157,0.3944480036530573,0.927356011413386
ahk_inner,1.8230383973288813,0.3961971529901717,0.9314683003275404
ahk_inner,1.8318030050083471,0.3978893999693222,0.9354468105351662
ahk_inner,1.840567612687813,0.3995242857041455,0.9392904631842386
ahk_inner,1.8493322203672786,0.40110151731362437,0.9429985697049853
ahk_inner,1.8580968280467445,0.40262096370132694,0.9465708218867854
ahk_inner,1.8668614357262103,0.4040826503454325,0.9500072796294039
ahk_inner,1.875626043405676,0.4054867531489581,0.953308356484738
ahk_inner,1.8843906510851418,0.40683359140607006,0.9564748031204596
ahk_inner,1.8931552587646077,0.40812361994634777,0.9595076888510047
ahk_inner,1.9019198664440733,0.40935742052422647,0.9624083813939628
ahk_inner,1.9106844741235391,0.41053569252569133,0.9651785250213079
ahk_inner,1.919449081803005,0.41165924306841345,0.9678200172845989
ahk_inner,1.9282136894824706,0.4127289765750317,0.9703349845015335
ahk_inner,1.9369782971619365,0.4137458839020794,0.9727257561978139
ahk_inner,1.9457429048414023,0.4147110311091918,0.9749948387033036
ahk_inner,1.954507512520868,0.41562554795456724,0.9771448881046023
ahk_inner,1.9632721202003338,0.41649061620340955,0.9791786827579335
ahk_inner,1.9720367278797997,0.4173074578360275,0.9810990955661253
ahk_inner,1.9808013355592653,0.41807732324157015,0.9829090662218195
ahk_inner,1.9895659432387311,0.41880147948202473,0.9846115736158707
ahk_inner,1.998330550918197,0.4194811987090639,0.986209608605097
ahk_inner,2.0070951585976626,0.42011774681373376,0.9877061473274442
ahk_inner,2.0158597662771283,0.4207123723857555,0.9891041252450596
ahk_inner,2.0246243739565943,0.4212662960554943,0.990406412087024
ahk_inner,2.03338898163606,0.4217807002874223,0.991615787853556
ahk_inner,2.0421535893155256,0.42225671968927675,0.9927349200326286
ahk_inner,2.0509181969949917,0.42269543189602693,0.9937663421679731
ahk_inner,2.0596828046744573,0.4230978490824564,0.9947124339049709
ahk_inner,2.068447412353923,0.4234649101524752,0.9955754026275536
ahk_inner,2.077212020033389,0.42379747364744175,0.9963572667855102
ahk_inner,2.0859766277128546,0.4240963114097741,0.9970598409974968
ahk_inner,2.0947412353923203,0.4243621030319515,0.9976847230005157
ahk_inner,2.1035058430717863,0.4245954311149256,0.9982332825023351
ahk_inner,2.112270450751252,0.4247967773537226,0.998706651978653
ahk_inner,2.1210350584307176,0.4249665194619687,0.9991057194425879
ahk_inner,2.1297996661101837,0.4251049289410595,0.9994311231999469
ahk_inner,2.1385642737896493,0.4252121696938537,0.9996832485899886
ahk_inner,2.147328881469115,0.42528829747714425,0.9998622266981707
ahk_inner,2.156093489148581,0.4253332601817354,0.9999679350146177
ahk_inner,2.1648580968280466,0.4253468989238318,1.0
ahk_inner,2.1736227045075123,0.4253289499265821,0.9999578015090855
ahk_inner,2.1823873121869783,0.4252790471661198,0.9998404790116404
ahk_inner,2.191151919866444,0.4251967257522579,0.9996469395405165
ahk_inner,2.1999165275459096,0.4250814260101657,0.9993758672877648
ahk_inner,2.2086811352253757,0.4249324982259111,0.9990257347615107
ahk_inner,2.2174457429048413,0.42474920801568106,0.9985948154091097
ahk_inner,2.226210350584307,0.42453074227576904,0.9980811976057008
ahk_inner,2.234974958263773,0.42427621566811374,0.9974827999018518
ahk_inner,2.2437395659432386,0.4239846775942102,0.996797387419379
ahk_inner,2.2525041736227043,0.4236551196086053,0.9960225892806392
ahk_inner,2.2612687813021703,0.42328648322194906,0.9951559169536776
ahk_inner,2.270033388981636,0.42287766804265675,0.9941947833934549
ahk_inner,2.2787979966611016,0.4224275402056347,0.9931365228579699
ahk_inner,2.2875626043405677,0.42193494103621776,0.9919784112773676
ahk_inner,2.2963272120200333,0.42139869589743817,0.9907176870540658
ahk_inner,2.305091819699499,0.42081762316899396,0.9893515721725082
ahk_inner,2.313856427378965,0.42019054330671995,0.9878772934981824
ahk_inner,2.3226210350584306,0.4195162879321019,0.9862921041472691
ahk_inner,2.3313856427378963,0.4187937089021915,0.9845933048102137
ahk_inner,2.3401502504173624,0.41802168731138223,0.9827782649151009
ahk_inner,2.348914858096828,0.4171991423776824,0.9808444435194802
ahk_inner,2.3576794657762936,0.41632504016749133,0.9787894098225081
ahk_inner,2.3664440734557597,0.4153984021143353,0.9766108631926854
ahk_inner,2.3752086811352253,0.4144183132886237,0.9743066526102377
ahk_inner,2.383973288814691,0.41338393037710514,0.9718747954269935
ahk_inner,2.392737896494157,0.41229448933254964,0.969313495350957
ahk_inner,2.4015025041736227,0.41114931265592125,0.9666211595668576
ahk_inner,2.4102671118530883,0.40994781627528626,0.9637964149086153
ahk_inner,2.4190317195325544,0.408689515987639,0.960838123004217
ahk_inner,2.42779632721202,0.4073740334318731,0.9577453943183041
ahk_inner,2.4365609348914856,0.4060011015632203,0.9545176010226988
ahk_inner,2.4453255425709517,0.4045705696016507,0.9511543886302047
ahk_inner,2.4540901502504173,0.40308240742893925,0.9476556863322059
ahk_inner,2.462854757929883,0.4015367094114003,0.944021715986002
ahk_inner,2.471619365609349,0.39993369762766506,0.9402529997033843
ahk_inner,2.4803839732888147,0.3982737244832796,0.9363503659976129
ahk_inner,2.4891485809682803,0.3965572746964403,0.9323149544519261
ahk_inner,2.4979131886477464,0.39478496664174234,0.9281482188787221
ahk_inner,2.506677796327212,0.3929575530415253,0.9238519289449278
ahk_inner,2.5154424040066776,0.3910759209970604,0.9194281702453215
ahk_inner,2.5242070116861433,0.3891410913547849,0.9148793428125348
ahk_inner,2.5329716193656093,0.38715421740556166,0.9102081580589837
ahk_inner,2.541736227045075,0.3851165829180169,0.905417634153202
ahk_inner,2.5505008347245406,0.38302959951004223,0.9005110898401837
ahk_inner,2.5592654424040067,0.3808948033656489,0.8954921367226352
ahk_inner,2.5680300500834723,0.3787138513075718,0.8903646700275797
ahk_inner,2.576794657762938,0.3764885162391992,0.8851328578902328
ahk_inner,2.585559265442404,0.374220681972705,0.8798011291948267
ahk_inner,2.5943238731218696,0.3719123374634776,0.8743741600196246
ahk_inner,2.6030884808013353,0.3695655704742179,0.8688568587410747
ahk_inner,2.6118530884808013,0.36718256069529864,0.8632543498596217
ahk_inner,2.620617696160267,0.3647655723512051,0.8575719566172852
ahk_inner,2.6293823038397326,0.3623169463259168,0.8518151824842575
ahk_inner,2.6381469115191987,0.35983909184319346,0.8459896915990704
ahk_inner,2.6469115191986643,0.3573344777405557,0.8401012882535314
ahk_inner,2.65567612687813,0.3548056233785597,0.8341558955202253
ahk_inner,2.664440734557596,0.3522550892294971,0.82815953312634
ahk_inner,2.6732053422370616,0.34968546719204263,0.8221182946831873
ahk_inner,2.6819699499165273,0.34709937068053454,0.8160383243858813
ahk_inner,2.6907345575959933,0.34449942453943383,0.8099257933020088
ahk_inner,2.699499165275459,0.34188825483512136,0.803786875371917
ahk_inner,2.7082637729549246,0.3392684785785596,0.7976277232464635
ahk_inner,2.7170283806343907,0.3366426934332492,0.7914544440901939
ahk_inner,2.7257929883138563,0.3340134674636418,0.7852730754796325
ahk_inner,2.734557595993322,0.3313833289794228,0.7790895615269658
ahk_inner,2.743322203672788,0.3287547565309991,0.7729097293592124
ahk_inner,2.7520868113522536,0.32613016911114284,0.7667392660820691
ahk_inner,2.7608514190317193,0.3235119166168136,0.7605836963554444
ahk_inner,2.7696160267111853,0.32090227062406773,0.7544483607050646
ahk_inner,2.778380634390651,0.3183034155272918,0.7483383946906155
ahk_inner,2.7871452420701166,0.3157174400920906,0.7422587090463943
ahk_inner,2.7959098497495827,0.31314632946875726,0.736213970904801
ahk_inner,2.8046744574290483,0.3105919577106446,0.7302085862068627
ahk_inner,2.813439065108514,0.30805608083866814,0.7242466833967272
ahk_inner,2.82220367278798,0.30554033048988855,0.7183320984893382
ahk_inner,2.8309682804674456,0.3030462081844702,0.7124683615919288
ahk_inner,2.8397328881469113,0.3005750802414668,0.7066586849509198
ahk_inner,2.8484974958263773,0.29812817336976605,0.7009059525861332
ahk_inner,2.857262103505843,0.29570657095621566,0.6952127115640938
ahk_inner,2.8660267111853086,0.2933112100685361,0.6895811649518109
ahk_inner,2.8747913188647747,0.2909428791860235,0.68401316648161
ahk_inner,2.8835559265442403,0.2886022166664031,0.6785102169466716
ahk_inner,2.892320534223706,0.2862897099524914,0.6730734623358762
ahk_inner,2.901085141903172,0.2840056955176722,0.6677036937056169
ahk_inner,2.9098497495826376,0.28175035954447314,0.6624013487751489
ahk_inner,2.9186143572621033,0.27952373932602514,0.6571665152214506
ahk_inner,2.9273789649415694,0.2773257253757033,0.6519989356390369
ahk_inner,2.936143572621035,0.2751560642259498,0.6468980141200532
ahk_inner,2.9449081803005006,0.273014361893214,0.6418628244004279
ahk_inner,2.9536727879799667,0.2709000879820246,0.6368921195086354
ahk_inner,2.9624373956594323,0.2688125803976365,0.6319843428452351
ahk_inner,2.971202003338898,0.26675105063332893,0.6271376406134253
ahk_inner,2.979966611018364,0.2647145895954304,0.6223498755138066
ahk_inner,2.9887312186978297,0.26270217392643863,0.6176186416101779
ahk_inner,2.9974958263772953,0.26071267278425864,0.6129412802676746
ahk_inner,3.0062604340567614,0.2587448550336021,0.6083148970599086
ahk_inner,3.015025041736227,0.2567973968039549,0.6037363795379178
ahk_inner,3.0237896494156926,0.2548688893672977,0.5992024157508619
ahk_inner,3.0325542570951587,0.2529578472878529,0.5947095134062582
ahk_inner,3.0413188647746243,0.251062716795695,0.5902540195565257
ahk_inner,3.05008347245409,0.24918188433584873,0.5858321406981046
ahk_inner,3.058848080133556,0.24731368524480474,0.5814399631701369
ahk_inner,3.0676126878130217,0.24545641250686523,0.5770734737408297
ahk_inner,3.0763772954924873,0.24360832554369208,0.5727285802718778
ahk_inner,3.0851419031719534,0.24176765899156918,0.5684011323540019
ahk_inner,3.093906510851419,0.23993263142240193,0.5640869418102127
ahk_inner,3.1026711185308846,0.23810145396619692,0.5597818029674515
ahk_inner,3.1114357262103502,0.23627233879474657,0.5554815126019211
ahk_inner,3.1202003338898163,0.23444350742840783,0.5511818894685073
ahk_inner,3.128964941569282,0.23261319883022227,0.5468787933302343
ahk_inner,3.1377295492487476,0.23077967725413337,0.542568143409598
ahk_inner,3.1464941569282137,0.2289412398166624,0.5382459361897443
ahk_inner,3.1552587646076793,0.22709622376413757,0.5339082624998858
ahk_inner,3.164023372287145,0.2252430134103134,0.5295513238257988
ahk_inner,3.172787979966611,0.22338004672205333,0.52517144779291
ahk_inner,3.1815525876460766,0.22150582153354223,0.5207651027760472
ahk_inner,3.1903171953255423,0.2196189013722927,0.5163289115965097
ahk_inner,3.1990818030050083,0.2177179208829702,0.5118596642736019
ahk_inner,3.207846410684474,0.21580159083774633,0.5073543298040845
ahk_inner,3.2166110183639396,0.21386870272449696,0.5028100669491306
ahk_inner,3.2253756260434057,0.21191813290666484,0.498224234014255
ahk_inner,3.2341402337228713,0.20994884635102834,0.4935943976133808
ahk_inner,3.242904841402337,0.20795989992183928,0.4889183404134311
ahk_inner,3.251669449081803,0.20595044524197145,0.4841940678609523
ahk_inner,3.2604340567612686,0.20391973112367942,0.4794198138968822
ahk_inner,3.2691986644407343,0.20186710557341994,0.4745940456699295
ahk_inner,3.2779632721202003,0.199792017376874,0.469715467262996
ahk_inner,3.286727879799666,0.19769401727184494,0.46478302245068587
ahk_inner,3.2954924874791316,0.19557275871809449,0.45979589650920744
ahk_inner,3.3042570951585977,0.19342799827441137,0.45475351710286976
ahk_inner,3.3130217028380633,0.19125959559432135,0.44965555427399695
ahk_inner,3.321786310517529,0.18906751305279426,0.44450191956530793
ahk_inner,3.330550918196995,0.18685181501712902,0.4392927643057512
ahk_inner,3.3393155258764606,0.1846126667759442,0.4340284770925375
ahk_inner,3.3480801335559263,0.1823503331407784,0.42870968050347164
ahk_inner,3.3568447412353923,0.18006517673530112,0.4233372270748492
ahk_inner,3.365609348914858,0.17775765598759022,0.41791219458125595
ahk_inner,3.3743739565943236,0.17542832284120638,0.41243588065425363
ahk_inner,3.3831385642737897,0.173077820201124,0.40690979677770633
ahk_inner,3.3919031719532553,0.17070687913071136,0.401335661697819
ahk_inner,3.400667779632721,0.1683163158161662,0.3957153942864578
ahk_inner,3.409432387312187,0.16590702831488136,0.3900511058964858
ahk_inner,3.4181969949916526,0.16347999310429673,0.38434509224803726
ahk_inner,3.4269616026711183,0.1610362614478482,0.37859982488478294
ahk_inner,3.4357262103505843,0.1585769555946237,0.372817942239237
ahk_inner,3.44449081803005,0.15610326482935993,0.3670022403462117
ahk_inner,3.4532554257095156,0.1536164413893626,0.3611556632434063
ahk_inner,3.4620200333889817,0.15111779626494706,0.35528129309815
ahk_inner,3.4707846410684473,0.14860869489990497,0.34938234009910296
ahk_inner,3.479549248747913,0.1460905528084769,0.3434621321516624
ahk_inner,3.488313856427379,0.1435648311252347,0.33752410441563674
ahk_inner,3.4970784641068446,0.14103303210416343,0.3315717887234877
ahk_inner,3.5058430717863103,0.1384966945831549,0.32560880291725347
ahk_inner,3.5146076794657763,0.13595738942997854,0.3196388401419258
ahk_inner,3.523372287145242,0.13341671498562033,0.3136656581326379
ahk_inner,3.5321368948247076,0.130876292520714,0.3076930685326342
ahk_inner,3.5409015025041737,0.12833776172054004,0.301724926278402
ahk_inner,3.5496661101836393,0.12580277621378752,0.29576511908769176
ahk_inner,3.558430717863105,0.12327299915997775,0.2898175570854523
ahk_inner,3.567195325542571,0.12075009891003861,0.2838861626017443
ahk_inner,3.5759599332220366,0.1182357447541172,0.2779748601747536
ahk_inner,3.5847245409015023,0.1157316027701972,0.2720875667907987
ahk_inner,3.5934891485809684,0.11323933178654845,0.26622818239195994
ahk_inner,3.602253756260434,0.11076057947038881,0.26040058068043664
ahk_inner,3.6110183639398996,0.10829697855444943,0.25460860024711857
ahk_inner,3.6197829716193657,0.10585014321236319,0.24885603605004325
ahk_inner,3.6285475792988313,0.1034216655929507,0.243146631266426
ahk_inner,3.637312186978297,0.10101311252256621,0.23748406953980156
ahk_inner,3.6460767946577626,0.09862602238368774,0.23187196764152032
ahk_inner,3.6548414023372287,0.0962619021768926,0.22631386856338762
ahk_inner,3.6636060100166943,0.09392222477224502,0.22081323505561506
ahk_inner,3.67237061769616,0.09160842635497907,0.21537344362156421
ahk_inner,3.681135225375626,0.08932190406913647,0.209997778977887
ahk_inner,3.6898998330550916,0.08706401386159053,0.2046894289857779
ahk_inner,3.6986644407345572,0.08483606852759136,0.19945148005600769
ahk_inner,3.7074290484140233,0.08263933595768948,0.19428691302740156
ahk_inner,3.716193656093489,0.08047503758457279,0.18919859951531867
ahk_inner,3.7249582637729546,0.07834434702705509,0.18418929872363887
ahk_inner,3.7337228714524207,0.07624838892715007,0.1792616547106979
ahk_inner,3.7424874791318863,0.07418823797491315,0.174418194096669
ahk_inner,3.751252086811352,0.07216491811448007,0.16966132419694183
ahk_inner,3.760016694490818,0.07017940192357412,0.1649933315633303
ahk_inner,3.7687813021702836,0.06823261015762157,0.1604163809122779
ahk_inner,3.7775459098497493,0.06632541144857257,0.15593251441677883
ahk_inner,3.7863105175292153,0.0644586221475822,0.1515436513365177
ahk_inner,3.795075125208681,0.06263300629983214,0.14725158795867468
ahk_inner,3.8038397328881466,0.060849275739044126,0.1430579978201289
ahk_inner,3.8126043405676127,0.0591080902885896,0.13896443218027144
ahk_inner,3.8213689482470783,0.05741005805562059,0.13497232071251372
ahk_inner,3.830133555926544,0.05575573580426082,0.1310829723816681
ahk_inner,3.83889816360601,0.054145629393691296,0.12729757647389672
ahk_inner,3.8476627712854756,0.05258019426687999,0.12361720374572588
ahk_inner,3.8564273789649413,0.05105983597578354,0.12004280765880694
ahk_inner,3.8651919866444073,0.04958491072907748,0.11657522566764218
ahk_inner,3.873956594323873,0.04815572594885908,0.11321518052840553
ahk_inner,3.8827212020033386,0.04677254082329009,0.10996328159821801
ahk_inner,3.8914858096828047,0.04543556684284591,0.10682002609588132
ahk_inner,3.9002504173622703,0.044144968308656475,0.10378580029699865
ahk_inner,3.909015025041736,0.04290086280239677,0.1008608806386976
ahk_inner,3.917779632721202,0.041703321608286464,0.09804543471176078
ahk_inner,3.9265442404006676,0.04055237007897755,0.09533952212083575
ahk_inner,3.9353088480801333,0.03944798793844028,0.09274309519652653
ahk_inner,3.9440734557595993,0.03839010951639268,0.09025599954654263
ahk_inner,3.952838063439065,0.037378623910329645,0.08787797443663307
ahk_inner,3.9616026711185306,0.036413375072796565,0.08560865299576857
ahk_inner,3.9703672787979967,0.03549416182318841,0.08344756224388146
ahk_inner,3.9791318864774623,0.03462073778503419,0.08139412294442008
ahk_inner,3.987896494156928,0.03379281125141795,0.07944764928795056
ahk_inner,3.996661101836394,0.033010044982883444,0.0776073484170262
ahk_inner,4.005425709515859,0.03227205594384906,0.0758723198064931
ahk_inner,4.014190317195325,0.03157841498519354,0.07424155451724213
ahk_inner,4.022954924874791,0.030928646482263688,0.07271393434515712
ahk_inner,4.0317195325542565,0.030322227939055205,0.07128823089053507
ahk_inner,4.040484140233723,0.029758589570739118,0.06996310457659662
ahk_inner,4.049248747913189,0.029237113878005455,0.06873710364875855
ahk_inner,4.058013355592654,0.028757135227870413,0.06760866318910214
ahk_inner,4.06677796327212,0.028317939456622962,0.06657610418289177
ahk_inner,4.075542570951586,0.027918763511458382,0.06563763267604751
ahk_inner,4.084307178631051,0.027558795148039564,0.06479133906410495
ahk_inner,4.093071786310517,0.02723717270173983,0.064035197554402
ahk_inner,4.101836393989983,0.026952984950640923,0.06336706584398415
ahk_inner,4.1106010016694485,0.026705271088463847,0.06278468505596427
ahk_inner,4.119365609348915,0.026493020825520963,0.06228567997686319
ahk_inner,4.128130217028381,0.02631517463546038,0.061867559636711304
ahk_inner,4.136894824707846,0.02617062416504598,0.061527718272450446
ahk_inner,4.145659432387312,0.026058212823472315,0.06126343671342633
ahk_inner,4.154424040066778,0.025976736566753415,0.06107188422550402
ahk_inner,4.163188647746243,0.025924944891557205,0.06095012084759472
ahk_inner,4.171953255425709,0.025901542051487248,0.060895100251161155
ahk_inner,4.180717863105175,0.02590518850725192,0.06090367314959746
ahk_inner,4.1894824707846405,0.02593450262041821,0.060972591280281985
ahk_inner,4.198247078464107,0.02598806259853788,0.061098511977612055
ahk_inner,4.207011686143573,0.026064408697374877,0.06127800335048948
ahk_inner,4.215776293823038,0.026162045683769508,0.061507550072568945
ahk_inner,4.224540901502504,0.026279445560369964,0.06178355978816224
ahk_inner,4.23330550918197,0.026415050551063864,0.06210237013105411
ahk_inner,4.242070116861435,0.026567276343477258,0.062460256347689376
ahk_inner,4.250834724540901,0.02673451558239732,0.06285343951028724
ahk_inner,4.259599332220367,0.02691514160544106,0.06327809529948128
ahk_inner,4.2683639398998325,0.027107512409769656,0.06373036333015297
ahk_inner,4.277128547579299,0.027309974836149123,0.06420635698825114
ahk_inner,4.285893155258765,0.027520868954222115,0.0647021737406633
ahk_inner,4.29465776293823,0.027738532630499926,0.0652139058746662
ahk_inner,4.303422370617696,0.027961306258335587,0.06573765161819765
ahk_inner,4.312186978297162,0.028187537627028865,0.06626952658723038
ahk_inner,4.320951585976627,0.02841558690525511,0.06680567550192384
ahk_inner,4.329716193656093,0.028643831712233753,0.06734228410905399
ahk_inner,4.338480801335559,0.02887067224847798,0.06787559124451956
ahk_inner,4.3472454090150245,0.02909453645660938,0.06840190096653186
ahk_inner,4.356010016694491,0.029313885181602935,0.06891759468746536
ahk_inner,4.364774624373957,0.029527217298961714,0.0694191432303101
ahk_inner,4.373539232053422,0.02973307477871402,0.06990311873424146
ahk_inner,4.382303839732888,0.029930047652805332,0.07036620633306885
ahk_inner,4.391068447412354,0.03011677885340106,0.07080521553019284
ahk_inner,4.399833055091819,0.030291968889864247,0.07121709119428357
ahk_inner,4.408597662771285,0.030454380332693827,0.07159892410111914
ahk_inner,4.417362270450751,0.030602842073524296,0.07194796094893934
ahk_inner,4.4261268781302165,0.0307362533313818,0.07226161377724265
ahk_inner,4.434891485809683,0.030853587376758973,0.07253746872216886
ahk_inner,4.443656093489149,0.03095389494670535,0.07277329404545244
ahk_inner,4.452420701168614,0.031036307326011144,0.0729670473783539
ahk_inner,4.46118530884808,0.03110003907168198,0.07311688212696046
ahk_inner,4.469949916527546,0.03114439036023529,0.07322115299073195
ahk_inner,4.478714524207011,0.031168748939883757,0.07327842055212737
ahk_inner,4.487479131886477,0.03117259167237143,0.07328745490149582
ahk_inner,4.496243739565943,0.031155485652086805,0.07324723826813632
ahk_inner,4.5050083472454086,0.03111708889305206,0.07315696663542455
ahk_inner,4.513772954924875,0.031057150577460637,0.07301605032513035
ahk_inner,4.522537562604341,0.03097551086257711,0.07282411354343503
ahk_inner,4.531302170283806,0.030872100245990276,0.07258099288862721
ahk_inner,4.540066777963272,0.03074693849239905,0.07228673482795275
ahk_inner,4.548831385642738,0.030600133128277307,0.07194159215853826
ahk_inner,4.557595993322203,0.030431877513879598,0.07154601947463388
ahk_inner,4.566360601001669,0.030242448505087255,0.07110066767056145
ahk_inner,4.575125208681135,0.030032203720529043,0.07060637751565459
ahk_inner,4.5838898163606006,0.029801578432203366,0.07006417234404247
ahk_inner,4.592654424040067,0.02955108210047315,0.06947524990834587
ahk_inner,4.601419031719533,0.029281294576762207,0.06884097345213207
ahk_inner,4.610183639398998,0.028992861999533985,0.06816286206126973
ahk_inner,4.618948247078464,0.028686492411169877,0.06744258035911262
ahk_inner,4.62771285475793,0.028362951125156168,0.0666819276146532
ahk_inner,4.636477462437395,0.028023055874527792,0.06588282633640634
ahk_inner,4.645242070116861,0.027667671773792632,0.06504731042778136
ahk_inner,4.654006677796327,0.027297706127560602,0.06417751298205394
ahk_inner,4.662771285475793,0.026914103119821956,0.06327565379674144
ahk_inner,4.671535893155259,0.02651783841825507,0.0623440266882108
ahk_inner,4.680300500834725,0.026109913728100138,0.06138498668771468
ahk_inner,4.68906510851419,0.02569135133000332,0.06040093719974188
ahk_inner,4.697829716193656,0.025263188635835317,0.05939431720262588
ahk_inner,4.706594323873122,0.024826472795813462,0.0583675885697693
ahk_inner,4.715358931552587,0.02438225538932884,0.05732322358766049
ahk_inner,4.724123539232053,0.023931587230701944,0.05626369274408992
ahk_inner,4.732888146911519,0.023475513319687457,0.05519145285667473
ahk_inner,4.741652754590985,0.023015067964929116,0.054108935607992986
ahk_inner,4.750417362270451,0.02255127010674996,0.053018536549359646
ahk_inner,4.759181969949917,0.022085118863680715,0.05192260463061602
ahk_inner,4.767946577629382,0.02161758932498048,0.05082343230825249
ahk_inner,4.776711185308848,0.02114962860913822,0.04972324627885802
ahk_inner,4.785475792988314,0.02068215220595937,0.04862419887928462
ahk_inner,4.794240400667779,0.020216040617381963,0.04752836018913144
ahk_inner,4.803005008347245,0.019752136309639214,0.04643771086521143
ahk_inner,4.811769616026711,0.01929124098682829,0.04535413573165096
ahk_inner,4.820534223706177,0.018834113193371544,0.04427941814322297
ahk_inner,4.829298831385643,0.018381466250293046,0.043215235133487295
ahk_inner,4.838063439065109,0.0179339665277053,0.04216315335336861
ahk_inner,4.846828046744574,0.01749223205342272,0.04112462579997582
ahk_inner,4.85559265442404,0.017056831455219218,0.04010098932982614
ahk_inner,4.864357262103506,0.01662828323193526,0.03909346294520167
ahk_inner,4.873121869782971,0.016207055346443507,0.038103146837202534
ahk_inner,4.881886477462437,0.015793565131405635,0.03713102216417907
ahk_inner,4.890651085141903,0.015388179496824415,0.03617795153969143
ahk_inner,4.899415692821369,0.014991215426606839,0.03524468019994043
ahk_inner,4.908180300500835,0.01460294074974254,0.034331837816825216
ahk_inner,4.916944908180301,0.014223575170247244,0.0334399409193631
ahk_inner,4.925709515859766,0.013853291538752718,0.03256939588322582
ahk_inner,4.934474123539232,0.01349221734753308,0.031720502445579536
ahk_inner,4.943238731218698,0.01314043642985491,0.03089345770029467
ahk_inner,4.952003338898163,0.012797990843813193,0.030088360526886005
ahk_inner,4.960767946577629,0.012464882920284486,0.02930521640529607
ahk_inner,4.969532554257095,0.012141077454269594,0.028543942567790376
ahk_inner,4.978297161936561,0.0118265040187237,0.02780437343882342
ahk_inner,4.987061769616027,0.011521059379962976,0.02708626631371324
ahk_inner,4.995826377295493,0.011224609993899152,0.02638930722734428
ahk_inner,5.004590984974958,0.01093699456266417,0.025713116964848712
ahk_inner,5.013355592654424,0.010658026631651276,0.02505725716730767
ahk_inner,5.02212020033389,0.010387497207596389,0.024421236486918668
ahk_inner,5.030884808013355,0.010125177379046597,0.023804516747775194
ahk_inner,5.039649415692821,0.009870820921398786,0.023206519070370333
ahk_inner,5.0484140233722865,0.009624166869632819,0.022626629920149594
ahk_inner,5.057178631051753,0.009384942042886235,0.022064207042842048
ahk_inner,5.065943238731219,0.009152863506125071,0.021518585251903064
ahk_inner,5.074707846410684,0.008927640955328001,0.020989082036135174
ahk_inner,5.08347245409015,0.008708979013819883,0.020475002958419187
ahk_inner,5.092237061769616,0.008496579428643526,0.01997564681943299
ahk_inner,5.101001669449081,0.008290143157138422,0.019490310563244434
ahk_inner,5.109766277128547,0.008089372335188047,0.019018293904704442
ahk_inner,5.118530884808013,0.00789397211989231,0.018558903661610823
ahk_inner,5.1272954924874785,0.007703652400707225,0.01811145777763562
ahk_inner,5.136060100166945,0.007518129374360945,0.017675289024987672
ahk_inner,5.144824707846411,0.007337126980094542,0.017249748378695536
ahk_inner,5.153589315525876,0.00716037819297481,0.01683420805721459
ahk_inner,5.162353923205342,0.006987626174184624,0.016428064226785204
ahk_inner,5.171118530884808,0.00681862527829836,0.016030739369559604
ahk_inner,5.179883138564273,0.00665314191859513,0.01564168431797249
ahk_inner,5.188647746243739,0.006490955292443869,0.01526037996013749
ahk_inner,5.197412353923205,0.00633185796970699,0.014886338623197192
ahk_inner,5.2061769616026705,0.006175656347949017,0.014519105143528766
ahk_inner,5.214941569282137,0.006022170979002975,0.014158257634508778
ahk_inner,5.223706176961603,0.0058712367721350965,0.013803407964157926
ahk_inner,5.232470784641068,0.005722703079658513,0.013454201956420742
ahk_inner,5.241235392320534,0.005576433671378446,0.01311031933108565
ahk_inner,5.25,0.005432306604703147,0.012771473398412921
aho_inner,0.0,0.1068248238231177,0.2571472232157786
aho_inner,0.008764607679465776,0.10784278445202364,0.2595976438174506
aho_inner,0.017529215358931552,0.10883196425568967,0.2619787836187671
aho_inner,0.026293823038397328,0.10979192526102761,0.26428958833703015
aho_inner,0.035058430717863104,0.11072228518397344,0.26652913774338255
aho_inner,0.04382303839732888,0.11162271840547515,0.26869664801219234
aho_inner,0.052587646076794656,0.11249295681048416,0.2707914737406609
aho_inner,0.06135225375626043,0.11333279048821306,0.2728131096344741
aho_inner,0.07011686143572621,0.11414206829246776,0.2747611918566254
aho_inner,0.07888146911519198,0.11492069826140806,0.2766354990378581
aho_inner,0.08764607679465776,0.11566864789664112,0.27843595294849505
aho_inner,0.09641068447412354,0.11638594430209642,0.2801626188327366
aho_inner,0.10517529215358931,0.11707267418367485,0.28181570540781575
aho_inner,0.11393989983305508,0.11772898371119647,0.28339556453168097
aho_inner,0.12270450751252086,0.11835507824469599,0.28490269054413814
aho_inner,0.13146911519198665,0.11895122192762408,0.2863377192876109
aho_inner,0.14023372287145242,0.11951773715000721,0.28770142681486605
aho_inner,0.14899833055091818,0.12005500388509305,0.2889947277921959
aho_inner,0.15776293823038395,0.12056345890346273,0.29021867360764037
aho_inner,0.16652754590984975,0.12104359486902133,0.29137445019486746
aho_inner,0.17529215358931552,0.12149595932168157,0.29246337558430424
aho_inner,0.1840567612687813,0.12192115355193234,0.2934868971940136
aho_inner,0.19282136894824708,0.12231983137282845,0.29444658887364517
aho_inner,0.20158597662771285,0.122692697795253,0.2953441477155454
aho_inner,0.21035058430717862,0.12304050761258208,0.2961813906477823
aho_inner,0.2191151919866444,0.12336406390112835,0.29696025082443417
aho_inner,0.22787979966611016,0.12366421644294721,0.2976827738289905
aho_inner,0.23664440734557596,0.12394186007776085,0.2983511137071267
aho_inner,0.24540901502504173,0.12419793299088897,0.2989675288454348
aho_inner,0.2541736227045075,0.12443341494416754,0.299534377712916
aho_inner,0.2629382303839733,0.12464932545689401,0.3000541144821771
aho_inner,0.27170283806343903,0.12484672194385006,0.3005292845473049
aho_inner,0.28046744574290483,0.12502669781743214,0.3009625199553417
aho_inner,0.2892320534223706,0.12519038056085457,0.30135653476812635
aho_inner,0.29799666110183637,0.12533892977929106,0.3017141203710295
aho_inner,0.30676126878130217,0.12547353523568017,0.3020381407447721
aho_inner,0.3155258764607679,0.12559541487774545,0.3023315277160955
aho_inner,0.3242904841402337,0.12570581286257113,0.30259727620254795
aho_inner,0.3330550918196995,0.1258059975848285,0.3028384394660585
aho_inner,0.34181969949916524,0.1258972597144717,0.30305812438930596
aho_inner,0.35058430717863104,0.12598091024941593,0.30325948678815295
aho_inner,0.35934891485809684,0.12605827858837365,0.3034457267726039
aho_inner,0.3681135225375626,0.12613071062866493,0.3036200841678812
aho_inner,0.3768781302170284,0.12619956689343242,0.3037858340062829
aho_inner,0.38564273789649417,0.12626622069228524,0.3039462820995104
aho_inner,0.3944073455759599,0.12633205631897235,0.30410476070013315
aho_inner,0.4031719532554257,0.1263984672892458,0.30426462425979756
aho_inner,0.41193656093489145,0.1264668546216223,0.30442924529070015
aho_inner,0.42070116861435725,0.12653862516328807,0.3046020103357294
aho_inner,0.42946577629382304,0.12661518996292562,0.3047863160515569
aho_inner,0.4382303839732888,0.12669796269176714,0.30498556540781924
aho_inner,0.4469949916527546,0.12678835811370828,0.30520316400439707
aho_inner,0.4557595993322203,0.12688779060484617,0.30544251650766796
aho_inner,0.4645242070116861,0.1269976727223431,0.305707023205495
aho_inner,0.4732888146911519,0.12711941382206307,0.30600007667962065
aho_inner,0.48205342237061766,0.12725441872398732,0.30632505859307385
aho_inner,0.49081803005008345,0.1274040864239893,0.30668533658917263
aho_inner,0.49958263772954925,0.1275698088501414,0.30708426129772315
aho_inner,0.508347245409015,0.12775296966134084,0.30752516344308845
aho_inner,0.5171118530884807,0.12795494308567817,0.30801135104792576
aho_inner,0.5258764607679466,0.12817709279563877,0.30854610672558686
aho_inner,0.5346410684474123,0.1284207708169186,0.3091326850534349
aho_inner,0.5434056761268781,0.12868731646736312,0.3097743100186728
aho_inner,0.5521702838063439,0.12897805532229392,0.31047417252769205
aho_inner,0.5609348914858097,0.12929429820228439,0.3112354279694606
aho_inner,0.5696994991652754,0.1296373401792738,0.31206119382305414
aho_inner,0.5784641068447413,0.13000845959677987,0.3129545472991259
aho_inner,0.587228714524207,0.13040891709987917,0.31391852300488904
aho_inner,0.5959933222036727,0.13083995467057263,0.3149561106220615
aho_inner,0.6047579298831386,0.13130279466414657,0.31607025258720833
aho_inner,0.6135225375626043,0.13179863884217022,0.3172638417639863
aho_inner,0.6222871452420701,0.1323286673978475,0.31853971909698486
aho_inner,0.6310517529215358,0.1328940379695553,0.3199006712371289
aho_inner,0.6398163606010017,0.13349588463856124,0.3213494281289989
aho_inner,0.6485809682804674,0.1341353169071096,0.32288866055089405
aho_inner,0.6573455759599331,0.13481341865330596,0.3245209775990447
aho_inner,0.666110183639399,0.13553124705950753,0.3262489241080489
aho_inner,0.6748747913188647,0.1362898315112401,0.3280749780003604
aho_inner,0.6836393989983305,0.13709017246401559,0.33000154755850786
aho_inner,0.6924040066777963,0.13793324027580472,0.33203096861463943
aho_inner,0.7011686143572621,0.13881997400333804,0.3341655016529951
aho_inner,0.7099332220367278,0.1397512801608514,0.3364073288219765
aho_inner,0.7186978297161937,0.14072803144036106,0.3387585508536108
aho_inner,0.7274624373956594,0.141751065393051,0.34122118388940476
aho_inner,0.7362270450751252,0.1428211830718641,0.34379715621280915
aho_inner,0.744991652754591,0.14393914763592597,0.34648830488980736
aho_inner,0.7537562604340567,0.14510568291796805,0.34929637232043614
aho_inner,0.7625208681135225,0.1463214719564773,0.3522230027053971
aho_inner,0.7712854757929883,0.1475871554948566,0.3552697384332563
aho_inner,0.7800500834724541,0.14890333045044565,0.35843801639509304
aho_inner,0.7888146911519198,0.15027054835681303,0.36172916423480683
aho_inner,0.7975792988313856,0.15168931378328854,0.36514439654463793
aho_inner,0.8063439065108514,0.15316008273625228,0.36868481101677264
aho_inner,0.8151085141903172,0.15468326104723085,0.37235138456319095
aho_inner,0.8238731218697829,0.1562592027533717,0.3761449694171672
aho_inner,0.8326377295492488,0.1578882084763613,0.3800662892310243
aho_inner,0.8414023372287145,0.15957052380632697,0.3841159351858851
aho_inner,0.8501669449081802,0.16130633769770647,0.3882943621302319
aho_inner,0.8589315525876461,0.16309578088448223,0.39260188476508034
aho_inner,0.8676961602671118,0.1649389243225543,0.39703867389448166
aho_inner,0.8764607679465776,0.16683577766736327,0.40160475276087737
aho_inner,0.8852253756260434,0.1687862877951768,0.40629999348556145
aho_inner,0.8939899833055092,0.17079033737669952,0.4111241136350935
aho_inner,0.9027545909849749,0.17284774351187604,0.4160766729350158
aho_inner,0.9115191986644406,0.17495825643491342,0.4211570701526018
aho_inner,0.9202838063439065,0.17712155829865045,0.4263645401706063
aho_inner,0.9290484140233722,0.1793372620474559,0.4316981512741222
aho_inner,0.937813021702838,0.18160491038783377,0.4371568026726359
aho_inner,0.9465776293823038,0.18392397486585113,0.4427392222792242
aho_inner,0.9553422370617696,0.18629385506039162,0.44844396476856563
aho_inner,0.9641068447412353,0.18871387790106017,0.45426940993501025
aho_inner,0.9728714524207012,0.19118329711933338,0.4602137613713963
aho_inner,0.9816360601001669,0.1937012928412623,0.46627504548861015
aho_inner,0.9904006677796326,0.1962669713296867,0.47245111089504815
aho_inner,0.9991652754590985,0.1988793648835156,0.478739628154166
aho_inner,1.0079298831385641,0.2015374319011759,0.4851380899372116
aho_inner,1.01669449081803,0.20424005711481738,0.49164381158699966
aho_inner,1.0254590984974958,0.20698605200129924,0.49825393210723334
aho_inner,1.0342237061769615,0.2097741553753767,0.5049654155904142
aho_inner,1.0429883138564273,0.21260303416984522,0.5117750530957949
aho_inner,1.0517529215358932,0.21547128440670124,0.5186794649871431
aho_inner,1.0605175292153588,0.2183774323626339,0.5256751037382981
aho_inner,1.0692821368948247,0.22131993593139307,0.5327582572126424
aho_inner,1.0780467445742905,0.2242971861847543,0.5399250524206363
aho_inner,1.0868113522537561,0.22730750913297867,0.5471714597575713
aho_inner,1.095575959933222,0.23034916768478828,0.5544932977215962
aho_inner,1.1043405676126878,0.23342036380599848,0.561886238109946
aho_inner,1.1131051752921535,0.23651924087505527,0.5693458116891589
aho_inner,1.1218697829716193,0.2396438862328025,0.5768674143328404
aho_inner,1.1306343906510852,0.2427923339229018,0.5844463136183635
aho_inner,1.1393989983305508,0.24596256761840404,0.5920776558716712
aho_inner,1.1481636060100167,0.2491525237290616,0.5997564736471541
aho_inner,1.1569282136894825,0.25236009468306775,0.607477693627409
aho_inner,1.1656928213689481,0.2555831323760249,0.615236144925546
aho_inner,1.174457429048414,0.2588194517790749,0.6230265677706297
aho_inner,1.1832220367278798,0.26206683469727576,0.6308436225547911
aho_inner,1.1919866444073455,0.26532303366851023,0.6386818992186261
aho_inner,1.2007512520868113,0.26858577599241873,0.6465359269495858
aho_inner,1.2095158597662772,0.2718527678781212,0.6544001841663158
aho_inner,1.2182804674457428,0.27512169869879116,0.6622691087602065
aho_inner,1.2270450751252087,0.2783902453405019,0.6701371085638745
aho_inner,1.2358096828046745,0.28165607663216674,0.6779985720148546
aho_inner,1.2445742904841401,0.28491685784286164,0.6858478789814898
aho_inner,1.253338898163606,0.2881702552323326,0.6936794117168508
aho_inner,1.2621035058430716,0.29141394064007553,0.7014875659055042
aho_inner,1.2708681135225375,0.29464559609802676,0.7092667617671167
aho_inner,1.2796327212020033,0.2978629184516121,0.7170114551801797
aho_inner,1.288397328881469,0.3010636239736965,0.7247161487886451
aho_inner,1.2971619365609348,0.3042454529558209,0.7323754030538855
aho_inner,1.3059265442404007,0.30740617426105565,0.7399838472142604
aho_inner,1.3146911519198663,0.310543589822791,0.7475361901145406
aho_inner,1.3234557595993321,0.31365553907387217,0.7550272308676617
aho_inner,1.332220367278798,0.31673990329062685,0.7624518693116048
aho_inner,1.3409849749582636,0.31979460983657154,0.7698051162247885
aho_inner,1.3497495826377295,0.32281763629086213,0.7770821032640168
aho_inner,1.3585141903171953,0.32580701444694143,0.7842780925899673
aho_inner,1.367278797996661,0.3287608341672625,0.7913884861462278
aho_inner,1.3760434056761268,0.33167724708047897,0.7984088345591214
aho_inner,1.3848080133555927,0.33455447010806133,0.805334845626927
aho_inner,1.3935726210350583,0.33739078880793894,0.8121623923686486
aho_inner,1.4023372287145242,0.3401845605234536,0.818887520604132
aho_inner,1.41110183639399,0.3429342173266654,0.8255064560391491
aho_inner,1.4198664440734556,0.34563826874585285,0.8320156108309986
aho_inner,1.4286310517529215,0.3482953042678926,0.8384115896121999
aho_inner,1.4373956594323873,0.3509039956071077,0.8446911949520314
aho_inner,1.446160267111853,0.35346309873309273,0.8508514322378845
aho_inner,1.4549248747913188,0.3559714556509989,0.8568895139607403
aho_inner,1.4636894824707847,0.35842799592875,0.8628028633914624
aho_inner,1.4724540901502503,0.36083173796668366,0.8685891176370595
aho_inner,1.4812186978297162,0.3631817900061415,0.8742461300685499
aho_inner,1.489983305509182,0.3654773508745863,0.8797719721145973
aho_inner,1.4987479131886476,0.36771771046588164,0.8851649344176323
aho_inner,1.5075125208681135,0.36990224995541904,0.8904235273517046
aho_inner,1.5162771285475793,0.37203044175084227,0.8955464809038662
aho_inner,1.525041736227045,0.37410184918016215,0.9005327439234068
aho_inner,1.5338063439065108,0.3761161259200811,0.9053814827457234
aho_inner,1.5425709515859767,0.37807301516836495,0.9100920792000665
aho_inner,1.5513355592654423,0.3799723485650866,0.9146641280127721
aho_inner,1.5601001669449082,0.3818140448685211,0.9190974336198949
aho_inner,1.5688647746243738,0.38359810839239755,0.9233920064053837
aho_inner,1.5776293823038396,0.38532462721209965,0.9275480583830711
aho_inner,1.5863939899833055,0.3869937711482495,0.9315659983427859
aho_inner,1.5951585976627711,0.3886057895369004,0.9354464264827912
aho_inner,1.603923205342237,0.3901610087963173,0.9391901285525738
aho_inner,1.6126878130217028,0.39165982980101444,0.9427980695316625
aho_inner,1.6214524207011685,0.3931027250743428,0.946271386871665
aho_inner,1.6302170283806343,0.39449023581152143,0.9496113833301506
aho_inner,1.6389816360601002,0.3958229687454925,0.9528195194261796
aho_inner,1.6477462437395658,0.39710159286845453,0.9558974055484242
aho_inner,1.6565108514190316,0.3983268360223055,0.9588467937477309
aho_inner,1.6652754590984975,0.39949948137154734,0.9616695692467454
aho_inner,1.6740400667779631,0.4006203637724619,0.9643677416998436
aho_inner,1.682804674457429,0.4016903660525595,0.9669434362370726
aho_inner,1.6915692821368948,0.4027104152144139,0.9693988843260746
aho_inner,1.7003338898163605,0.4036814785780623,0.9717364144861264
aho_inner,1.7090984974958263,0.4046045598761333,0.9739584428883863
aho_inner,1.7178631051752922,0.40548069531579617,0.9760674638762729
aho_inner,1.7266277128547578,0.40631094962148295,0.9780660404395612
aho_inner,1.7353923205342237,0.4070964120721492,0.9799567946753326
aho_inner,1.7441569282136895,0.4078381925465671,0.9817423982682586
aho_inner,1.7529215358931551,0.408537417589854,0.9834255630220042
aho_inner,1.761686143572621,0.40919522651406,0.9850090314726165
aho_inner,1.7704507512520868,0.4098127675452289,0.9864955676137839
aho_inner,1.7792153589315525,0.41039119402889773,0.9878879477627668
aho_inner,1.7879799666110183,0.4109316607054736,0.9891889515945379
aho_inner,1.7967445742904842,0.41143532006641337,0.990401353370428
aho_inner,1.8055091819699498,0.4119033188015221,0.9915279133861128
aho_inner,1.8142737896494157,0.4123367943471082,0.9925713696623804
aho_inner,1.8230383973288813,0.41273687154406635,0.9935344299005147
aho_inner,1.8318030050083471,0.4131046594143217,0.9944197637225971
aho_inner,1.840567612687813,0.41344124806337174,0.995229995215349
aho_inner,1.8493322203672786,0.4137477057159848,0.9959676957945062
aho_inner,1.8580968280467445,0.41402507589137993,0.9966353774049513
aho_inner,1.8668614357262103,0.41427437472353984,0.9972354860702088
aho_inner,1.875626043405676,0.41449658843155207,0.9977703958030856
aho_inner,1.8843906510851418,0.4146926709441853,0.998242402887584
aho_inner,1.8931552587646077,0.41486354168219103,0.9986537205404897
aho_inner,1.9019198664440733,0.4150100835011152,0.9990064739593368
aho_inner,1.9106844741235391,0.4151331407967201,0.9993026957618051
aho_inner,1.919449081803005,0.4152335177744478,0.9995443218199974
aho_inner,1.9282136894824706,0.4153119768836901,0.9997331874914358
aho_inner,1.9369782971619365,0.4153692374170072,0.9998710242471204
aho_inner,1.9457429048414023,0.4154059742738283,0.9999594566955264
aho_inner,1.954507512520868,0.41542281688757865,1.0
aho_inner,1.9632721202003338,0.41542034831463587,0.9999940576857062
aho_inner,1.9720367278797997,0.4153991044829788,0.9999429198309868
aho_inner,1.9808013355592653,0.41535957359793074,0.9998477616368746
aho_inner,1.9895659432387311,0.4153021957019119,0.9997096423673344
aho_inner,1.998330550918197,0.41522736238472424,0.9995295046518659
aho_inner,2.0070951585976626,0.41513541664048287,0.99930817414111
aho_inner,2.0158597662771283,0.41502665286698603,0.999046359505333
aho_inner,2.0246243739565943,0.41490131700298205,0.9987446527648535
aho_inner,2.03338898163606,0.41475960679853296,0.9984035299408575
aho_inner,2.0421535893155256,0.4146016722134284,0.998023352014455
aho_inner,2.0509181969949917,0.41442761593841176,0.9976043661813688
aho_inner,2.0596828046744573,0.4142374940338054,0.9971467073892235
aho_inner,2.068447412353923,0.4140313166799948,0.9966504001441009
aho_inner,2.077212020033389,0.4138090490341396,0.9961153605728023
aho_inner,2.0859766277128546,0.41357061218740176,0.9955413987270754
aho_inner,2.0947412353923203,0.41331588421696014,0.994928221116009
aho_inner,2.1035058430717863,0.41304470132706766,0.9942754334527693
aho_inner,2.112270450751252,0.4127568590734276,0.993582543601902
aho_inner,2.1210350584307176,0.41245211366521456,0.992848964713539
aho_inner,2.1297996661101837,0.4121301833391425,0.992074018531035
aho_inner,2.1385642737896493,0.4117907498000579,0.9912569388587444
aho_inner,2.147328881469115,0.41143345972266276,0.9903968751769465
aho_inner,2.156093489148581,0.4110579263090883,0.9894928963912167
aho_inner,2.1648580968280466,0.41066373089718816,0.9885439947038865
aho_inner,2.1736227045075123,0.41025042461456734,0.9875490895955986
aho_inner,2.1823873121869783,0.4098175300735353,0.9865070319053749
aho_inner,2.191151919866444,0.4093645431023407,0.9854166079980209
aho_inner,2.1999165275459096,0.40889093450821423,0.9842765440080965
aho_inner,2.2086811352253757,0.4083961518679447,0.9830855101501671
aho_inner,2.2174457429048413,0.40787962134188643,0.9818421250854559
aho_inner,2.226210350584307,0.40734074950746973,0.9805449603354452
aho_inner,2.234974958263773,0.4067789252084973,0.9791925447334767
aho_inner,2.2437395659432386,0.406193521416652,0.9777833689057472
aho_inner,2.2525041736227043,0.4055838971018432,0.9763158897735797
aho_inner,2.2612687813021703,0.40494939910816247,0.9747885350691979
aho_inner,2.270033388981636,0.40428936403240034,0.9731997078576663
aho_inner,2.2787979966611016,0.4036031201022109,0.9715477910579804
aho_inner,2.2875626043405677,0.4028899890511494,0.969831151956632
aho_inner,2.2963272120200333,0.4021492879879615,0.968048146707336
aho_inner,2.305091819699499,0.4013803312575886,0.966197124810816
aho_inner,2.313856427378965,0.4005824322914951,0.9642764335688869
aho_inner,2.3226210350584306,0.39975490544499376,0.9622844225072381
aho_inner,2.3313856427378963,0.3988970678193548,0.9602194477615897
aho_inner,2.3401502504173624,0.39800824106653543,0.9580798764220119
aho_inner,2.348914858096828,0.3970877531744487,0.955864090830399
aho_inner,2.3576794657762936,0.3961349402307287,0.953570492826181
aho_inner,2.3664440734557597,0.39514914816300545,0.9511975079354882
aho_inner,2.3752086811352253,0.394129734453716,0.9487435894990213
aho_inner,2.383973288814691,0.3930760698275227,0.9462072227339804
aho_inner,2.392737896494157,0.3919875399094086,0.9435869287254097
aho_inner,2.4015025041736227,0.3908635468515394,0.9408812683423562
aho_inner,2.4102671118530883,0.3897035109269735,0.9380888460742268
aho_inner,2.4190317195325544,0.3885068720883112,0.9352083137827467
aho_inner,2.42779632721202,0.3872730914893573,0.9322383743648842
aho_inner,2.4365609348914856,0.38600165296787226,0.9291777853221088
aho_inner,2.4453255425709517,0.3846920644874637,0.926025362231292
aho_inner,2.4540901502504173,0.38334385953667827,0.922779982112582
aho_inner,2.462854757929883,0.3819565984833279,0.919440586689519
aho_inner,2.471619365609349,0.38052986988208876,0.9160061855366683
aho_inner,2.4803839732888147,0.3790632917334004,0.9124758591100262
aho_inner,2.4891485809682803,0.3775565126917064,0.9088487616554785
aho_inner,2.4979131886477464,0.3760092132210692,0.9051241239905812
aho_inner,2.506677796327212,0.37442110669621487,0.90130125615498
aho_inner,2.5154424040066776,0.3727919404470896,0.8973795499248521
aho_inner,2.5242070116861433,0.3711214967450289,0.8933584811867988
aho_inner,2.5329716193656093,0.3694095937286912,0.8892376121667397
aho_inner,2.541736227045075,0.3676560862679442,0.8850165935094484
aho_inner,2.5505008347245406,0.36586086676396534,0.8806951662045426
aho_inner,2.5592654424040067,0.3640238658838813,0.8762731633548986
aho_inner,2.5680300500834723,0.36214505322835344,0.8717505117836529
aho_inner,2.576794657762938,0.36022443793060516,0.8671272334761737
aho_inner,2.585559265442404,0.35826206918550346,0.8624034468536571
aho_inner,2.5943238731218696,0.3562580367074116,0.8575793678752648
aho_inner,2.6030884808013353,0.3542124711156501,0.8526553109660001
aho_inner,2.6118530884808013,0.3521255442465673,0.8476316897679195
aho_inner,2.620617696160267,0.34999746939132853,0.8425090177125358
aho_inner,2.6293823038397326,0.3478285014587271,0.8372879084127345
aho_inner,2.6381469115191987,0.345618937062456,0.8319690758728524
aho_inner,2.6469115191986643,0.3433691145324774,0.8265533345160472
aho_inner,2.65567612687813,0.34107941385028573,0.8210415990284624
aho_inner,2.664440734557596,0.33875025650806434,0.8154348840201925
aho_inner,2.6732053422370616,0.3363821052919201,0.809734303503487
aho_inner,2.6819699499165273,0.3339754639895734,0.803941070189107
aho_inner,2.6907345575959933,0.331530877023094,0.7980564946022514
aho_inner,2.699499165275459,0.3290489290074566,0.7920819840199185
aho_inner,2.7082637729549246,0.3265302442359,0.7860190412320691
aho_inner,2.7170283806343907,0.32397548609328924,0.7798692631294809
aho_inner,2.7257929883138563,0.32138535639884275,0.7736343391215696
aho_inner,2.734557595993322,0.31876059467982076,0.7673160493880226
aho_inner,2.743322203672788,0.3161019773779426,0.760916262968497
aho_inner,2.7520868113522536,0.31341031699048005,0.7544369356950725
aho_inner,2.7608514190317193,0.31068646114817533,0.7478801079726274
aho_inner,2.7696160267111853,0.30793129163227845,0.7412479024126654
aho_inner,2.778380634390651,0.3051457233331745,0.7345425213265375
aho_inner,2.7871452420701166,0.3023307031532182,0.7277662440843606
aho_inner,2.7959098497495827,0.2994872088565354,0.720921424346276
aho_inner,2.8046744574290483,0.29661624786867663,0.7140104871729919
aho_inner,2.813439065108514,0.2937188560291235,0.7070359260228344
aho_inner,2.82220367278798,0.29079609629976105,0.7000002996427999
aho_inner,2.8309682804674456,0.2878490574325017,0.6929062288612788
aho_inner,2.8397328881469113,0.2848788525993324,0.6857563932903233
aho_inner,2.8484974958263773,0.28188661798812154,0.6785535279454943
aho_inner,2.857262103505843,0.2788735113675558,0.671300419791396
aho_inner,2.8660267111853086,0.2758407106246092,0.6639999042210938
aho_inner,2.8747913188647747,0.2727894122779816,0.6566548614776825
aho_inner,2.8835559265442403,0.2697208299709211,0.6492682130262304
aho_inner,2.892320534223706,0.26663619294684726,0.6418429178843205
aho_inner,2.901085141903172,0.2635367445111652,0.6343819689193512
aho_inner,2.9098497495826376,0.2604237404826227,0.6268883891206638
aho_inner,2.9186143572621033,0.2572984476374926,0.6193652278544018
aho_inner,2.9273789649415694,0.25416214214983746,0.6118155571089361
aho_inner,2.936143572621035,0.2510161080309917,0.604242467738409
aho_inner,2.9449081803005006,0.24786163557134894,0.5966490657118264
aho_inner,2.9536727879799667,0.24470001978742412,0.5890384683748476
aho_inner,2.9624373956594323,0.24153255887707037,0.5814138007312046
aho_inner,2.971202003338898,0.23836055268560571,0.5737781917503839
aho_inner,2.979966611018364,0.23518530118550174,0.566134770707954
aho_inner,2.9887312186978297,0.2320081029721519,0.5584866635646009
aho_inner,2.9974958263772953,0.2288302537781148,0.5508369893896334
aho_inner,3.0062604340567614,0.22565304500809333,0.5431888568344078
aho_inner,3.015025041736227,0.222477762296788,0.5355453606608102
aho_inner,3.0237896494156926,0.21930568409161094,0.5279095783295872
aho_inner,3.0325542570951587,0.21613808026212922,0.5202845666530164
aho_inner,3.0413188647746243,0.2129762107379688,0.512673358516088
aho_inner,3.05008347245409,0.20982132417676977,0.5050789596700256
aho_inner,3.058848080133556,0.2066746566636745,0.49750434560171164
aho_inner,3.0676126878130217,0.203537430443683,0.4899524584822314
aho_inner,3.0763772954924873,0.20041085268810913,0.4824262041975035
aho_inner,3.0851419031719534,0.19729611429624694,0.47492844946366786
aho_inner,3.093906510851419,0.1941943887332489,0.4674620190296423
aho_inner,3.1026711185308846,0.1911068309051117,0.4600296929690043
aho_inner,3.1114357262103502,0.1880345760715796,0.45263420406314697
aho_inner,3.1202003338898163,0.18497873879767468,0.4452782352774173
aho_inner,3.128964941569282,0.18194041194449004,0.4379644173317678
aho_inner,3.1377295492487476,0.17892066569980017,0.43069532636725516
aho_inner,3.1464941569282137,0.17592054664898876,0.42347348170959087
aho_inner,3.1552587646076793,0.17294107688671959,0.41630134373076755
aho_inner,3.164023372287145,0.1699832531697353,0.40918131180968814
aho_inner,3.172787979966611,0.16704804611112464,0.4021157223926172
aho_inner,3.1815525876460766,0.16413639941635108,0.3951068471541599
aho_inner,3.1903171953255423,0.1612492291613169,0.38815689125942743
aho_inner,3.1990818030050083,0.15838742311270068,0.3812679917279636
aho_inner,3.207846410684474,0.15555184009079598,0.37444221589997856
aho_inner,3.2166110183639396,0.15274330937505026,0.36768156000537044
aho_inner,3.2253756260434057,0.1499626301525098,0.3609879478360298
aho_inner,3.2341402337228713,0.14721057100935075,0.3543632295218602
aho_inner,3.242904841402337,0.144487869465679,0.34780918041095504
aho_inner,3.251669449081803,0.1417952315537844,0.3413275000543769
aho_inner,3.2604340567612686,0.13913333144001563,0.3349198112959399
aho_inner,3.2691986644407343,0.13650281109045598,0.3285876594674294
aho_inner,3.2779632721202003,0.13390427998056884,0.3223325116896646
aho_inner,3.286727879799666,0.13133831484897865,0.31615575627980325
aho_inner,3.2954924874791316,0.1288054594955437,0.3100587022652656
aho_inner,3.3042570951585977,0.12630622462387756,0.30404257900465403
aho_inner,3.3130217028380633,0.12384108772844604,0.2981085359159745
aho_inner,3.321786310517529,0.12141049302636518,0.2922576423124616
aho_inner,3.330550918196995,0.11901485143399189,0.28649088734622774
aho_inner,3.3393155258764606,0.11665454058837636,0.2808091800599034
aho_inner,3.3480801335559263,0.11432990491360752,0.27521334954634274
aho_inner,3.3568447412353923,0.11204125573204485,0.26970414521637925
aho_inner,3.365609348914858,0.10978887142038114,0.26428223717449806
aho_inner,3.3743739565943236,0.10757299761042359,0.2589482167021531
aho_inner,3.3831385642737897,0.10539384743442441,0.2537025968483238
aho_inner,3.3919031719532553,0.10325160181472029,0.24854581312673094
aho_inner,3.400667779632721,0.10114640979735647,0.24347822431893196
aho_inner,3.409432387312187,0.09907838892930526,0.2385001133823561
aho_inner,3.4181969949916526,0.09704762567877762,0.2336116884620725
aho_inner,3.4269616026711183,0.09505417589804488,0.22881308400488834
aho_inner,3.4357262103505843,0.09309806532807781,0.2241043619741087
aho_inner,3.44449081803005,0.09117929014420234,0.21948551316303166
aho_inner,3.4532554257095156,0.08929781754185422,0.2149564586049685
aho_inner,3.4620200333889817,0.08745358636140267,0.21051705107731067
aho_inner,3.4707846410684473,0.08564650775088356,0.20616707669685158
aho_inner,3.479549248747913,0.0838764658653603,0.20190625660327866
aho_inner,3.488313856427379,0.08214331860150309,0.19773424872744205
aho_inner,3.4970784641068446,0.08044689836584527,0.19365064964069065
aho_inner,3.5058430717863103,0.07878701287504962,0.18965499648126186
aho_inner,3.5146076794657763,0.07716344598638314,0.1857467689533891
aho_inner,3.523372287145242,0.07557595855648024,0.1819253913945043
aho_inner,3.5321368948247076,0.07402428932633726,0.1781902349055845
aho_inner,3.5409015025041737,0.07250815583037414,0.17454061953943234
aho_inner,3.5496661101836393,0.07102725532727233,0.1709758165413761
aho_inner,3.558430717863105,0.06958126575019205,0.1674950506366194
aho_inner,3.567195325542571,0.06816984667386981,0.16409750235822476
aho_inner,3.5759599332220366,0.06679264029599953,0.1607823104094807
aho_inner,3.5847245409015023,0.06544927243021471,0.15754857405419437
aho_inner,3.5934891485809684,0.06413935350791253,0.15439535552826858
aho_inner,3.602253756260434,0.06286247958609481,0.15132168246576258
aho_inner,3.6110183639398996,0.061618233358345945,0.1483265503325038
aho_inner,3.6197829716193657,0.06040618516602412,0.14540892486021342
aho_inner,3.6285475792988313,0.05922589400671668,0.1425677444740459
aho_inner,3.637312186978297,0.058076908536988006,0.13980192270638983
aho_inner,3.6460767946577626,0.056958768066454245,0.1371103505897905
aho_inner,3.6548414023372287,0.055871003540222716,0.13449189902186445
aho_inner,3.6636060100166943,0.05481313850676964,0.13194542109516127
aho_inner,3.67237061769616,0.05378469006836364,0.12946975438500963
aho_inner,3.681135225375626,0.05278516981120668,0.12706372318853962
aho_inner,3.6898998330550916,0.05181408471252988,0.12472614070823115
aho_inner,3.6986644407345572,0.05087093802197361,0.12245581117355972
aho_inner,3.7074290484140233,0.04995523011467792,0.12025153189454388
aho_inner,3.716193656093489,0.049066459313630635,0.11811209524128993
aho_inner,3.7249582637729546,0.048204122678945104,0.11603629054393047
aho_inner,3.7337228714524207,0.04736771676188713,0.11402290590770736
aho_inner,3.7424874791318863,0.04655673832162356,0.11207072993831897
aho_inner,3.751252086811352,0.04577068500283528,0.11017855337306064
aho_inner,3.760016694490818,0.04500905597251449,0.10834517061371428
aho_inner,3.7687813021702836,0.04427135251446026,0.10656938115760968
aho_inner,3.7775459098497493,0.04355707858017789,0.10484999092374184
aho_inner,3.7863105175292153,0.04286574129510451,0.10318581347135007
aho_inner,3.795075125208681,0.04219685141928823,0.10157567110885848
aho_inner,3.8038397328881466,0.04154992376187746,0.1000183958916288
aho_inner,3.8126043405676127,0.04092447754899501,0.09851283050750184
aho_inner,3.8213689482470783,0.04032003674480567,0.09705782904966687
aho_inner,3.830133555926544,0.03973613032581398,0.09565225767694734
aho_inner,3.83889816360601,0.0391722925086619,0.09429499516215228
aho_inner,3.8476627712854756,0.03862806293192646,0.09298493332969708
aho_inner,3.8564273789649413,0.03810298679264866,0.09172097738425393
aho_inner,3.8651919866444073,0.03759661493854761,0.09050204613272836
aho_inner,3.873956594323873,0.03710850391710047,0.08932707210240391
aho_inner,3.8827212020033386,0.03663821598287879,0.0881950015586019
aho_inner,3.8914858096828047,0.03618531906474449,0.08710479442571621
aho_inner,3.9002504173622703,0.03574938669470734,0.08605542411595993
aho_inner,3.909015025041736,0.03532999790043453,0.08504587727061583
aho_inner,3.917779632721202,0.034926737063585005,0.0840751534190209
aho_inner,3.9265442404006676,0.03453919374630682,0.08314226456091309
aho_inner,3.9353088480801333,0.03416696248839057,0.08224623467814192
aho_inner,3.9440734557595993,0.03380964257771413,0.08138609918208624
aho_inner,3.952838063439065,0.03346683779673658,0.08056090430341804
aho_inner,3.9616026711185306,0.033138156147913246,0.07976970643112524
aho_inner,3.9703672787979967,0.032823209560995305,0.07901157140792749
aho_inner,3.9791318864774623,0.032521613585255876,0.07828557378940706
aho_inner,3.987896494156928,0.03223298706974384,0.07759079607432036
aho_inner,3.996661101836394,0.03195695183470959,0.07692632791365851
aho_inner,4.005425709515859,0.03169313233737141,0.07629126530608495
aho_inner,4.014190317195325,0.031441155335196785,0.07568470978739081
aho_inner,4.022954924874791,0.03120064954986273,0.07510576762158498
aho_inner,4.0317195325542565,0.030971245335026945,0.07455354900115743
aho_inner,4.040484140233723,0.030752574350997087,0.07402716726394766
aho_inner,4.049248747913189,0.030544269249317406,0.07352573813388606
aho_inner,4.058013355592654,0.03034596337021123,0.07304837899268163
aho_inner,4.06677796327212,0.030157290455717457,0.07259420818928826
aho_inner,4.075542570951586,0.029977884381245237,0.07216234439370678
aho_inner,4.084307178631051,0.029807378908138206,0.07175190600136114
aho_inner,4.093071786310517,0.029645407459696665,0.07136201059394212
aho_inner,4.101836393989983,0.029491602922944397,0.07099177446222311
aho_inner,4.1106010016694485,0.029345597478256918,0.07064031219594372
aho_inner,4.119365609348915,0.029207022458782397,0.07030673634540968
aho_inner,4.128130217028381,0.02907550824139282,0.06999015715899208
aho_inner,4.136894824707846,0.02895068417069826,0.06968968240021556
aho_inner,4.145659432387312,0.028832178517445104,0.06940441724761508
aho_inner,4.154424040066778,0.028719618472398362,0.06913346428000954
aho_inner,4.163188647746243,0.028612630176584414,0.06887592354930167
aho_inner,4.171953255425709,0.028510838788538165,0.06863089274235445
aho_inner,4.180717863105175,0.028413868588967932,0.06839746743293898
aho_inner,4.1894824707846405,0.028321343123014285,0.06817474142417791
aho_inner,4.198247078464107,0.028232885380044974,0.0679618071813454
aho_inner,4.207011686143573,0.028148118010693165,0.06775775635431835
aho_inner,4.215776293823038,0.028066663580613868,0.06756168038841555
aho_inner,4.224540901502504,0.02798814486020437,0.06737267122180844
aho_inner,4.23330550918197,0.027912185149312752,0.06718982206715507
aho_inner,4.242070116861435,0.02783840863573756,0.0670122282745754
aho_inner,4.250834724540901,0.027766440786114878,0.06683898827258929
aho_inner,4.259599332220367,0.027695908767585455,0.06666920458314762
aho_inner,4.2683639398998325,0.027626441898442895,0.0665019849064264
aho_inner,4.277128547579299,0.02755767212578303,0.06633644327061762
aho_inner,4.285893155258765,0.027489234528005158,0.06617170124154319
aho_inner,4.29465776293823,0.027420767839857613,0.06600688918653738
aho_inner,4.303422370617696,0.027351914997578563,0.06584114758670204
aho_inner,4.312186978297162,0.027282323701552213,0.0656736283913248
aho_inner,4.320951585976627,0.027211646993786212,0.06550349640797463
aho_inner,4.329716193656093,0.027139543847417607,0.06532993072155227
aho_inner,4.338480801335559,0.027065679765371206,0.06515212613537233
aho_inner,4.3472454090150245,0.026989727385226883,0.0649692946271914
aho_inner,4.356010016694491,0.026911367087301984,0.06478066681297555
aho_inner,4.364774624373957,0.02683028760292265,0.06458549341112248
aho_inner,4.373539232053422,0.026746186619838165,0.06438304669980656
aho_inner,4.382303839732888,0.026658771381734937,0.06417262196012047
aho_inner,4.391068447412354,0.026567759278821792,0.0639535388977239
aho_inner,4.399833055091819,0.02647287842649176,0.06372514303579004
aho_inner,4.408597662771285,0.02637386822911387,0.06348680707215738
aho_inner,4.417362270450751,0.026270479926074074,0.06323793219375182
aho_inner,4.4261268781302165,0.02616247711726412,0.06297794934153601
aho_inner,4.434891485809683,0.026049636265312058,0.06270632041947177
aho_inner,4.443656093489149,0.025931747171956773,0.0624225394412421
aho_inner,4.452420701168614,0.025808613426090747,0.06212613360877347
aho_inner,4.46118530884808,0.025680052821131148,0.061816664316925715
aho_inner,4.469949916527546,0.025545897739524023,0.06149372807906512
aho_inner,4.478714524207011,0.025405995502344857,0.06115695736861802
aho_inner,4.487479131886477,0.025260208682125272,0.06080602137210284
aho_inner,4.496243739565943,0.025108415377210924,0.06044062664956061
aho_inner,4.5050083472454086,0.024950509446140558,0.06006051769874894
aho_inner,4.513772954924875,0.02478640070072399,0.05966547741991664
aho_inner,4.522537562604341,0.024616015056695924,0.059255327478455494
aho_inner,4.531302170283806,0.02443929464101884,0.05882992856319825
aho_inner,4.540066777963272,0.02425619785511529,0.058389180538630556
aho_inner,4.548831385642738,0.024066699393512785,0.05793302248977262
aho_inner,4.557595993322203,0.023870790217593425,0.05746143265898974
aho_inner,4.566360601001669,0.023668477484344797,0.05697442827448243
aho_inner,4.575125208681135,0.023459784430216724,0.05647206527070801
aho_inner,4.5838898163606006,0.02324475021038833,0.05595443790146655
aho_inner,4.592654424040067,0.023023429693952803,0.05542167824687247
aho_inner,4.601419031719533,0.022795893215720092,0.05487395561589747
aho_inner,4.610183639398998,0.02256222628552943,0.0543114758466317
aho_inner,4.618948247078464,0.02232252925614517,0.05373448050684725
aho_inner,4.62771285475793,0.022076916950988817,0.05314324599787992
aho_inner,4.636477462437395,0.021825518253124742,0.05253808256524134
aho_inner,4.645242070116861,0.0215684756570802,0.051919333219766405
aho_inner,4.654006677796327,0.021305944785226766,0.05128737257345343
aho_inner,4.662771285475793,0.02103809387059308,0.05064260559449817
aho_inner,4.671535893155259,0.020765103208105158,0.049985466286327246
aho_inner,4.680300500834725,0.0204871645763703,0.049316416295724363
aho_inner,4.68906510851419,0.02020448063222407,0.04863594345539231
aho_inner,4.697829716193656,0.019917264280356006,0.047944560266524786
aho_inner,4.706594323873122,0.019625738020409643,0.04724280232715466
aho_inner,4.715358931552587,0.01933013327402125,0.04653122671221103
aho_inner,4.724123539232053,0.019030689694317357,0.04581041031135135
aho_inner,4.732888146911519,0.018727654460436182,0.045080948130743245
aho_inner,4.741652754590985,0.01842128155966536,0.044343451565036475
aho_inner,4.750417362270451,0.01811183105980825,0.04359854664581329
aho_inner,4.759181969949917,0.0177995683743955,0.042846872272815965
aho_inner,4.767946577629382,0.017484763523350214,0.04208907843423036
aho_inner,4.776711185308848,0.017167690391697077,0.04132582442226081
aho_inner,4.785475792988314,0.016848625988873062,0.040557777050153274
aho_inner,4.794240400667779,0.01652784971115593,0.0397856088767235
aho_inner,4.803005008347245,0.01620564260967171,0.039009996444314875
aho_inner,4.811769616026711,0.015882286666380554,0.03823161853596165
aho_inner,4.820534223706177,0.01555806408036374,0.03745115445734905
aho_inner,4.829298831385643,0.015233256566654274,0.03666928234896805
aho_inner,4.838063439065109,0.014908144669759942,0.03588667753363766
aho_inner,4.846828046744574,0.014583007093928787,0.03510401090432938
aho_inner,4.85559265442404,0.014258120052099721,0.03432194735697014
aho_inner,4.864357262103506,0.013933756635367913,0.033541144272628276
aho_inner,4.873121869782971,0.013610186204674477,0.03276225005319738
aho_inner,4.881886477462437,0.013287673806306289,0.03198590271439565
aho_inner,4.890651085141903,0.012966479612662734,0.031212728539587443
aho_inner,4.899415692821369,0.012646858389613309,0.030443340797613894
aho_inner,4.908180300500835,0.012329058991635859,0.029678338527496764
aho_inner,4.916944908180301,0.012013323885787339,0.0289183053925475
aho_inner,4.925709515859766,0.01169988870542026,0.028163808606079706
aho_inner,4.934474123539232,0.011388981834419514,0.02741539793058981
aho_inner,4.943238731218698,0.011080824022595128,0.026673604751935934
aho_inner,4.952003338898163,0.010775628032727686,0.02593894122971049
aho_inner,4.960767946577629,0.010473598319627379,0.025211899524675688
aho_inner,4.969532554257095,0.010174930741432957,0.024492951103806337
aho_inner,4.978297161936561,0.009879812303244057,0.023782546123165216
aho_inner,4.987061769616027,0.009588420933053477,0.023081112888530354
aho_inner,4.995826377295493,0.009300925289820341,0.02238905739339144
aho_inner,5.004590984974958,0.009017484603405025,0.021706762933643407
aho_inner,5.013355592654424,0.008738248545971092,0.02103458979802698
aho_inner,5.02212020033389,0.008463357134350556,0.02037287503310369
aho_inner,5.030884808013355,0.00819294066276191,0.019721932281295654
aho_inner,5.039649415692821,0.007927119665174209,0.01908205169028893
aho_inner,5.0484140233722865,0.00766600490651667,0.018453499891873386
aho_inner,5.057178631051753,0.007409697401847663,0.017836520048086016
aho_inner,5.065943238731219,0.007158288462518606,0.01723133196233604
aho_inner,5.074707846410684,0.00691185976829482,0.016638132253013204
aho_inner,5.08347245409015,0.006670483464331163,0.016057094586926175
aho_inner,5.092237061769616,0.006434222281841828,0.015488369969777207
aho_inner,5.101001669449081,0.006203129681252202,0.014932087090755266
aho_inner,5.109766277128547,0.005977250016577145,0.01438835271822516
aho_inner,5.118530884808013,0.005756618719733273,0.013857252143401463
aho_inner,5.1272954924874785,0.005541262503462242,0.013338849668822629
aho_inner,5.136060100166945,0.005331199581519563,0.012833189138386417
aho_inner,5.144824707846411,0.005126439904767115,0.012340294505668493
aho_inner,5.153589315525876,0.004926985411797256,0.011860170437221295
aho_inner,5.162353923205342,0.004732830292713333,0.011392802947542786
aho_inner,5.171118530884808,0.004543961264694484,0.010938160062412187
aho_inner,5.179883138564273,0.004360357857979908,0.01049619250730733
aho_inner,5.188647746243739,0.0041819927109230754,0.010066834417655018
aho_inner,5.197412353923205,0.004008831872785357,0.009650004067711628
aho_inner,5.2061769616026705,0.003840835112962561,0.0092456046149289
aho_inner,5.214941569282137,0.0036779562353670865,0.008853524856730273
aho_inner,5.223706176961603,0.0035201433967223302,0.008473639996704727
aho_inner,5.232470784641068,0.003367339427561932,0.008105812417311682
aho_inner,5.241235392320534,0.0032194821547686537,0.007749892456292084
aho_inner,5.25,0.0030765047245313528,0.007405719184085918
