Reactant SMILES,Product SMILES,Reaction Year,Metal,Ligand SMILES,Solvent SMILES,Additive SMILES,Pressure/atm,Temperature/C,S/C,ddG,Mechanism
O=C(COCc1ccccc1)CC(=O)c1ccccc1,O=C(C[C@@H](O)COCc1ccccc1)c1ccccc1,2019,Ru,CC1(C)Oc2c(O1)c(c1c3OC(Oc3ccc1P(c1ccccc1)c1ccccc1)(C)C)c(cc2)P(c1ccccc1)c1ccccc1,C1CCCO1,,20.0,70.0,200.0,5.182772722985827,inner
CC(=O)CC(=O)COCc1ccccc1,CC(=O)C[C@@H](O)COCc1ccccc1,2019,Ru,CC1(C)Oc2c(O1)c(c1c3OC(Oc3ccc1P(c1ccccc1)c1ccccc1)(C)C)c(cc2)P(c1ccccc1)c1ccccc1,C1CCCO1,,20.0,90.0,200.0,4.984271189359757,inner
CC(=O)c1ccc(Br)cc1,C[C@H](O)c1ccc(Br)cc1,2002,Ru,COc1nc(OC)cc(c1c1c(OC)nc(cc1P(c1cc(C)cc(c1)C)c1cc(C)cc(c1)C)OC)P(c1cc(C)cc(c1)C)c1cc(C)cc(c1)C,CC(O)C,[O-1]C(C)(C)C.[K+],20.41,26.5,49999.99999999999,4.525769623904132,outer
CC(=O)c1ccccc1Br,C[C@H](O)c1ccccc1Br,2002,Ru,COc1nc(OC)cc(c1c1c(OC)nc(cc1P(c1ccccc1)c1ccccc1)OC)P(c1ccccc1)c1ccccc1,CC(O)C,[O-1]C(C)(C)C.[K+],20.41,26.5,4000.0,4.525769623904132,outer
CC(=O)c1ccccc1Br,C[C@H](O)c1ccccc1Br,2002,Ru,COc1nc(OC)cc(c1c1c(OC)nc(cc1P(c1cc(C)cc(c1)C)c1cc(C)cc(c1)C)OC)P(c1cc(C)cc(c1)C)c1cc(C)cc(c1)C,CC(O)C,[O-1]C(C)(C)C.[K+],27.22,26.5,10000.0,4.525769623904132,outer
CC(=O)c1ccccc1Br,C[C@H](O)c1ccccc1Br,2002,Ru,COc1nc(OC)cc(c1c1c(OC)nc(cc1P(c1ccc(cc1)C)c1ccc(cc1)C)OC)P(c1ccc(cc1)C)c1ccc(cc1)C,CC(O)C,[O-1]C(C)(C)C.[K+],20.41,26.5,4000.0,4.525769623904132,outer
CN(CCC(=O)c1ccccc1)Cc1ccccc1,CN(CC[C@@H](O)c1ccccc1)Cc1ccccc1,2013,Ru,CC([C@H]1COC(=N1)C12C3[Ru]4567891(C2(C7C34)P(c1ccccc1)c1ccccc1)C1C5C9(C8(C61)P(c1ccccc1)c1ccccc1)C1=N[C@H](CO1)C(C)(C)C)(C)C,Cc1ccccc1.O,[OH-1].[K+],20.0,25.0,2000.0,4.503114344625453,inner
CN(CCC(=O)c1ccc(Cl)cc1)Cc1ccccc1,CN(CC[C@@H](O)c1ccc(Cl)cc1)Cc1ccccc1,2013,Ru,CC([C@H]1COC(=N1)C12C3[Ru]4567891(C2(C7C34)P(c1ccccc1)c1ccccc1)C1C5C9(C8(C61)P(c1ccccc1)c1ccccc1)C1=N[C@H](CO1)C(C)(C)C)(C)C,Cc1ccccc1.O,[OH-1].[K+],20.0,25.0,400.0,4.503114344625453,inner
Cc1ccc(C(=O)CCN(C)Cc2ccccc2)cc1,Cc1ccc([C@H](O)CCN(C)Cc2ccccc2)cc1,2013,Ru,CC([C@H]1COC(=N1)C12C3[Ru]4567891(C2(C7C34)P(c1ccccc1)c1ccccc1)C1C5C9(C8(C61)P(c1ccccc1)c1ccccc1)C1=N[C@H](CO1)C(C)(C)C)(C)C,Cc1ccccc1.O,[OH-1].[K+],20.0,25.0,400.0,4.503114344625453,inner
COc1ccc(C(C)=O)cc1,COc1ccc([C@H](C)O)cc1,2004,Ru,Cc1cc(C)cc(c1)P(c1ccc2c(c1c1c(ccc3c1cccc3)P(c1cc(C)cc(c1)C)c1cc(C)cc(c1)C)cccc2)c1cc(C)cc(c1)C.COc1ccc(cc1)C(c1ccc(cc1)OC)([C@@H](C(C)C)N)N,CC(O)C,[O-1]C(C)(C)C.[K+],48.3,25.0,1000.0,4.503114344625453,outer
COc1cccc(C(=O)CCN(C)Cc2ccccc2)c1,COc1cccc([C@H](O)CCN(C)Cc2ccccc2)c1,2013,Ru,CC([C@H]1COC(=N1)C12C3[Ru]4567891(C2(C7C34)P(c1ccccc1)c1ccccc1)C1C5C9(C8(C61)P(c1ccccc1)c1ccccc1)C1=N[C@H](CO1)C(C)(C)C)(C)C,Cc1ccccc1.O,[OH-1].[K+],20.0,25.0,400.0,4.503114344625453,inner
CN(CCC(=O)c1ccccc1)Cc1ccccc1,CN(CC[C@@H](O)c1ccccc1)Cc1ccccc1,2013,Ru,CC([C@H]1COC(=N1)C12C3[Ru]4567891(C2(C7C34)P(c1ccccc1)c1ccccc1)C1C5C9(C8(C61)P(c1ccccc1)c1ccccc1)C1=N[C@H](CO1)C(C)(C)C)(C)C,Cc1ccccc1.O,[Li+].[OH-1],20.0,25.0,400.0,4.503114344625453,inner
CC(=O)c1cccc2ccccc12,C[C@H](O)c1cccc2ccccc12,2004,Ru,Cc1cc(C)cc(c1)P(c1cc(c2c(c1c1c(cc(c3c1cccc3)[Si](C)(C)C)P(c1cc(C)cc(c1)C)c1cc(C)cc(c1)C)cccc2)[Si](C)(C)C)c1cc(C)cc(c1)C.COc1ccc(cc1)C(c1ccc(cc1)OC)([C@@H](C(C)C)N)N,CC(O)C,[O-1]C(C)(C)C.[K+],48.3,25.0,1000.0,4.503114344625453,outer
Cc1cccc(C(=O)CCN(C)Cc2ccccc2)c1,Cc1cccc([C@H](O)CCN(C)Cc2ccccc2)c1,2013,Ru,CC([C@H]1COC(=N1)C12C3[Ru]4567891(C2(C7C34)P(c1ccccc1)c1ccccc1)C1C5C9(C8(C61)P(c1ccccc1)c1ccccc1)C1=N[C@H](CO1)C(C)(C)C)(C)C,Cc1ccccc1.O,[OH-1].[K+],20.0,25.0,400.0,4.503114344625453,inner
CN(CCC(=O)c1ccccc1)Cc1ccccc1,CN(CC[C@@H](O)c1ccccc1)Cc1ccccc1,2013,Ru,CC([C@H]1COC(=N1)C12C3[Ru]4567891(C2(C7C34)P(c1ccccc1)c1ccccc1)C1C5C9(C8(C61)P(c1ccccc1)c1ccccc1)C1=N[C@H](CO1)C(C)(C)C)(C)C,Cc1ccccc1.O,[OH-1].[Na+],20.0,25.0,400.0,4.503114344625453,inner
CN(CCC(=O)c1ccc(Cl)c(Cl)c1)Cc1ccccc1,CN(CC[C@@H](O)c1ccc(Cl)c(Cl)c1)Cc1ccccc1,2013,Ru,CC([C@H]1COC(=N1)C12C3[Ru]4567891(C2(C7C34)P(c1ccccc1)c1ccccc1)C1C5C9(C8(C61)P(c1ccccc1)c1ccccc1)C1=N[C@H](CO1)C(C)(C)C)(C)C,Cc1ccccc1.O,[OH-1].[K+],20.0,25.0,400.0,4.503114344625453,inner
CN(CCC(=O)c1ccc2ccccc2c1)Cc1ccccc1,CN(CC[C@@H](O)c1ccc2ccccc2c1)Cc1ccccc1,2013,Ru,CC([C@H]1COC(=N1)C12C3[Ru]4567891(C2(C7C34)P(c1ccccc1)c1ccccc1)C1C5C9(C8(C61)P(c1ccccc1)c1ccccc1)C1=N[C@H](CO1)C(C)(C)C)(C)C,Cc1ccccc1.O,[OH-1].[K+],20.0,25.0,400.0,4.503114344625453,inner
CN(CCC(=O)c1ccccc1)Cc1ccccc1,CN(CC[C@@H](O)c1ccccc1)Cc1ccccc1,2013,Ru,CC([C@H]1COC(=N1)C12C3[Ru]4567891(C2(C7C34)P(c1ccccc1)c1ccccc1)C1C5C9(C8(C61)P(c1ccccc1)c1ccccc1)C1=N[C@H](CO1)C(C)(C)C)(C)C,Cc1ccccc1.O,[OH-1].[K+],20.0,25.0,400.0,4.503114344625453,inner
CC(=O)c1ccccc1,C[C@H](O)c1ccccc1,2004,Ru,Cc1cc(C)cc(c1)P(c1cc(c2c(c1c1c(cc(c3c1cccc3)[Si](C)(C)C)P(c1cc(C)cc(c1)C)c1cc(C)cc(c1)C)cccc2)[Si](C)(C)C)c1cc(C)cc(c1)C.COc1ccc(cc1)C(c1ccc(cc1)OC)([C@@H](C(C)C)N)N,CC(O)C,[O-1]C(C)(C)C.[K+],48.3,25.0,1000.0,4.09213948811128,outer
CN(CC(=O)c1ccccc1)C(=O)c1ccccc1,CN(C[C@H](O)c1ccccc1)C(=O)c1ccccc1,2000,Ru,Cc1cc(C)cc(c1)P(c1ccc2c(c1c1c(ccc3c1cccc3)P(c1cc(C)cc(c1)C)c1cc(C)cc(c1)C)cccc2)c1cc(C)cc(c1)C.COc1ccc(cc1)C(c1ccc(cc1)OC)(C(C(C)C)N)N,CC(O)C,[O-1]C(C)(C)C.[K+],8.0,25.0,20000.0,4.09213948811128,outer
CC(=O)c1ccc(C(C)(C)C)cc1,C[C@H](O)c1ccc(C(C)(C)C)cc1,2004,Ru,Cc1ccc2c(c1)c(C)cc(c2c1c(cc(c2c1ccc(c2)C)C)P(c1cc(C)cc(c1)C)c1cc(C)cc(c1)C)P(c1cc(C)cc(c1)C)c1cc(C)cc(c1)C.COc1ccc(cc1)C(c1ccc(cc1)OC)([C@@H](C(C)C)N)N,CC(O)C,[O-1]C(C)(C)C.[K+],48.3,25.0,1000.0,4.09213948811128,outer
CC(=O)c1cccc2ccccc12,C[C@H](O)c1cccc2ccccc12,2004,Ru,C[Si](c1cc(P(c2ccccc2)c2ccccc2)c(c2c1cccc2)c1c(cc(c2c1cccc2)[Si](C)(C)C)P(c1ccccc1)c1ccccc1)(C)C.COc1ccc(cc1)C(c1ccc(cc1)OC)([C@@H](C(C)C)N)N,CC(O)C,[O-1]C(C)(C)C.[K+],47.62,25.0,1000.0,4.09213948811128,outer
CC(=O)c1ccc([N+](=O)[O-])cc1,C[C@H](O)c1ccc([N+](=O)[O-])cc1,2004,Ru,Cc1ccc2c(c1)c(C)cc(c2c1c(cc(c2c1ccc(c2)C)C)P(c1cc(C)cc(c1)C)c1cc(C)cc(c1)C)P(c1cc(C)cc(c1)C)c1cc(C)cc(c1)C.COc1ccc(cc1)C(c1ccc(cc1)OC)([C@@H](C(C)C)N)N,CC(O)C,[O-1]C(C)(C)C.[K+],48.3,25.0,1000.0,4.09213948811128,outer
CCC(=O)c1ccccc1,CC[C@@H](O)c1ccccc1,2009,Ru,C[C@@H]1C[C@@H](C)Oc2c(-c3c(O1)cccc3P(c1cc(C)cc(c1)C)c1cc(C)cc(c1)C)c(ccc2)P(c1cc(C)cc(c1)C)c1cc(C)cc(c1)C.COc1ccc(cc1)C(c1ccc(cc1)OC)([C@H](C(C)C)N)N,CC(O)C,[O-1]C(C)(C)C.[K+],10.0,21.0,10000.0,4.037239075726759,outer
CC(=O)c1ccccc1,C[C@@H](O)c1ccccc1,2009,Ru,C[C@@H]1C[C@@H](C)Oc2c(-c3c(O1)cccc3P(c1cc(C)cc(c1)C)c1cc(C)cc(c1)C)c(ccc2)P(c1cc(C)cc(c1)C)c1cc(C)cc(c1)C.COc1ccc(cc1)C(c1ccc(cc1)OC)([C@H](C(C)C)N)N,CC(O)C,[O-1]C(C)(C)C.[K+],10.0,21.0,99999.99999999999,4.037239075726759,outer
CC(=O)c1ccccc1,C[C@@H](O)c1ccccc1,2009,Ru,C[C@@H]1C[C@@H](C)Oc2c(-c3c(O1)cccc3P(c1cc(C)cc(c1)C)c1cc(C)cc(c1)C)c(ccc2)P(c1cc(C)cc(c1)C)c1cc(C)cc(c1)C.COc1ccc(cc1)C(c1ccc(cc1)OC)([C@H](C(C)C)N)N,CC(O)C,[O-1]C(C)(C)C.[K+],50.0,21.0,10000.0,4.037239075726759,outer
CC(=O)c1ccccc1,C[C@@H](O)c1ccccc1,2009,Ru,C[C@@H]1C[C@@H](C)Oc2c(-c3c(O1)cccc3P(c1cc(C)cc(c1)C)c1cc(C)cc(c1)C)c(ccc2)P(c1cc(C)cc(c1)C)c1cc(C)cc(c1)C.COc1ccc(cc1)C(c1ccc(cc1)OC)([C@H](C(C)C)N)N,CC(O)C,[O-1]C(C)(C)C.[K+],10.0,21.0,10000.0,4.037239075726759,outer
CC(=O)CC(=O)COCc1ccccc1,CC(=O)C[C@@H](O)COCc1ccccc1,2019,Ru,CC1(C)Oc2c(O1)c(c1c3OC(Oc3ccc1P(c1ccccc1)c1ccccc1)(C)C)c(cc2)P(c1ccccc1)c1ccccc1,C1CCCO1,,20.0,50.0,200.0,3.989509992838227,inner
O=C(CO)c1ccccc1,OC[C@@H](O)c1ccccc1,2012,Ru,Cc1ccc(cc1)S(=O)(=O)c1ccc(cc1)S(=O)(=O)N[C@@H]([C@@H](c1ccccc1)NCCc1ccccc1)c1ccccc1,CO,,30.0,60.0,500.0,3.964906144124444,outer
COc1ccccc1C(C)=O,COc1ccccc1[C@H](C)O,2015,Ru,C[N+]1(CCCC1)C[C@@H]1COC(=N1)C12C3[Fe]4567891(C2(C9C34)P(c1ccccc1)c1ccccc1)C1C7C6C5C81,Cc1ccccc1.O,[K+].[OH-1],20.0,30.0,200.0,3.916203256084418,inner
CC(=O)CC(=O)COCc1ccccc1,CC(=O)C[C@@H](O)COCc1ccccc1,2019,Ru,CC1(C)Oc2c(O1)c(c1c3OC(Oc3ccc1P(c1ccccc1)c1ccccc1)(C)C)c(cc2)P(c1ccccc1)c1ccccc1,C1CCCO1,,20.0,70.0,200.0,3.8537918235260804,inner
CC(=O)c1ccccc1,C[C@H](O)c1ccccc1,2023,Ru,Cc1cc(C)cc(c1)P(c1ccc2c(c1c1c(ccc3c1cccc3)P(c1cc(C)cc(c1)C)c1cc(C)cc(c1)C)cccc2)c1cc(C)cc(c1)C.COc1ccc(cc1)C(c1ccc(cc1)OC)([C@@H](C(C)C)N)N,CCO,C1CN2CCN1CC2,10.0,25.0,1000.0,3.851611416135804,outer
CC(=O)c1ccccc1,C[C@H](O)c1ccccc1,2023,Ru,Cc1cc(C)cc(c1)P(c1ccc2c(c1c1c(ccc3c1cccc3)P(c1cc(C)cc(c1)C)c1cc(C)cc(c1)C)cccc2)c1cc(C)cc(c1)C.COc1ccc(cc1)C(c1ccc(cc1)OC)([C@@H](C(C)C)N)N,Cc1ccccc1,C1CN2CCN1CC2,10.0,25.0,1000.0,3.851611416135804,outer
CC(=O)c1cccc(C)c1,Cc1cccc([C@@H](C)O)c1,2009,Ru,C[C@@H]1C[C@@H](C)Oc2c(-c3c(O1)cccc3P(c1cc(C)cc(c1)C)c1cc(C)cc(c1)C)c(ccc2)P(c1cc(C)cc(c1)C)c1cc(C)cc(c1)C.COc1ccc(cc1)C(c1ccc(cc1)OC)([C@H](C(C)C)N)N,CC(O)C,[O-1]C(C)(C)C.[K+],10.0,21.0,10000.0,3.799937944176914,outer
CC(=O)c1ccc2ccccc2c1,C[C@@H](O)c1ccc2ccccc2c1,2009,Ru,C[C@@H]1C[C@@H](C)Oc2c(-c3c(O1)cccc3P(c1cc(C)cc(c1)C)c1cc(C)cc(c1)C)c(ccc2)P(c1cc(C)cc(c1)C)c1cc(C)cc(c1)C.COc1ccc(cc1)C(c1ccc(cc1)OC)([C@H](C(C)C)N)N,CC(O)C,[O-1]C(C)(C)C.[K+],10.0,21.0,10000.0,3.799937944176914,outer
CC(=O)c1cccs1,C[C@@H](O)c1cccs1,2009,Ru,C[C@@H]1C[C@@H](C)Oc2c(-c3c(O1)cccc3P(c1cc(C)cc(c1)C)c1cc(C)cc(c1)C)c(ccc2)P(c1cc(C)cc(c1)C)c1cc(C)cc(c1)C.COc1ccc(cc1)C(c1ccc(cc1)OC)([C@H](C(C)C)N)N,CC(O)C,[O-1]C(C)(C)C.[K+],10.0,21.0,10000.0,3.799937944176914,outer
O=C(CCl)c1ccccc1,O[C@@H](CCl)c1ccccc1,2023,Ru,Cc1cc(C)cc(c1)P(c1ccc2c(c1c1c(ccc3c1cccc3)P(c1cc(C)cc(c1)C)c1cc(C)cc(c1)C)cccc2)c1cc(C)cc(c1)C.COc1ccc(cc1)C(c1ccc(cc1)OC)([C@@H](C(C)C)N)N,CCO,,50.0,30.0,1000.0,3.742596176168679,outer
O=C1CCCc2ccccc21,O[C@@H]1CCCc2ccccc21,2012,Ru,Cc1ccc(cc1)S(=O)(=O)c1ccc(cc1)S(=O)(=O)N[C@@H]([C@@H](c1ccccc1)NCCc1ccccc1)c1ccccc1,CO,,30.0,60.0,500.0,3.741485490332839,outer
CC(=O)CC(=O)COCc1ccccc1,CC(=O)C[C@@H](O)COCc1ccccc1,2019,Ru,CC1(C)Oc2c(O1)c(c1c3OC(Oc3ccc1P(c1ccccc1)c1ccccc1)(C)C)c(cc2)P(c1ccccc1)c1ccccc1,C1CCCO1,,10.0,50.0,200.0,3.7284912537372032,inner
O=C(CN1C(=O)c2ccccc2C1=O)c1ccccc1,O=C1c2ccccc2C(=O)N1C[C@H](O)c1ccccc1,2005,Ru,[SiH3]c1cc(P(c2ccccc2)c2ccccc2)c(c2c1cccc2)c1c(cc(c2c1cccc2)[SiH3])P(c1ccccc1)c1ccccc1,CCO,,102.04,80.0,100.0,3.7147337660376096,inner
CCC(=O)c1ccccc1,CC[C@H](O)c1ccccc1,2004,Ru,Cc1ccc2c(c1)c(C)cc(c2c1c(cc(c2c1ccc(c2)C)C)P(c1cc(C)cc(c1)C)c1cc(C)cc(c1)C)P(c1cc(C)cc(c1)C)c1cc(C)cc(c1)C.COc1ccc(cc1)C(c1ccc(cc1)OC)([C@@H](C(C)C)N)N,CC(O)C,[O-1]C(C)(C)C.[K+],48.3,25.0,1000.0,3.6808677220012913,outer
CN(C)CCC(=O)c1ccccc1,CN(C)CC[C@H](O)c1ccccc1,2013,Ru,CC([C@H]1COC(=N1)C12C3[Ru]4567891(C2(C7C34)P(c1ccccc1)c1ccccc1)C1C5C9(C8(C61)P(c1ccccc1)c1ccccc1)C1=N[C@H](CO1)C(C)(C)C)(C)C,Cc1ccccc1.O,[OH-1].[K+],20.0,25.0,400.0,3.6808677220012913,inner
COc1ccc(C(=O)CCN(C)Cc2ccccc2)cc1,COc1ccc([C@H](O)CCN(C)Cc2ccccc2)cc1,2013,Ru,CC([C@H]1COC(=N1)C12C3[Ru]4567891(C2(C7C34)P(c1ccccc1)c1ccccc1)C1C5C9(C8(C61)P(c1ccccc1)c1ccccc1)C1=N[C@H](CO1)C(C)(C)C)(C)C,Cc1ccccc1.O,[OH-1].[K+],20.0,25.0,400.0,3.6808677220012913,inner
CC(=O)c1ccccc1,C[C@H](O)c1ccccc1,2023,Ru,Cc1cc(C)cc(c1)P(c1ccc2c(c1c1c3OCOc3ccc1P(c1cc(C)cc(c1)C)c1cc(C)cc(c1)C)OCO2)c1cc(C)cc(c1)C.COc1ccc(cc1)C(c1ccc(cc1)OC)([C@@H](C(C)C)N)N,Cc1ccccc1,C1CN2CCN1CC2,10.0,25.0,1000.0,3.6808677220012913,outer
CC(=O)c1ccccc1,C[C@H](O)c1ccccc1,2004,Ru,Cc1ccc2c(c1)c(C)cc(c2c1c(cc(c2c1ccc(c2)C)C)P(c1cc(C)cc(c1)C)c1cc(C)cc(c1)C)P(c1cc(C)cc(c1)C)c1cc(C)cc(c1)C.COc1ccc(cc1)C(c1ccc(cc1)OC)([C@@H](C(C)C)N)N,CC(O)C,[O-1]C(C)(C)C.[K+],48.3,25.0,1000.0,3.6808677220012913,outer
CCC(=O)c1ccccc1,CC[C@H](O)c1ccccc1,2004,Ru,Cc1cc(C)cc(c1)P(c1cc(c2c(c1c1c(cc(c3c1cccc3)[Si](C)(C)C)P(c1cc(C)cc(c1)C)c1cc(C)cc(c1)C)cccc2)[Si](C)(C)C)c1cc(C)cc(c1)C.COc1ccc(cc1)C(c1ccc(cc1)OC)([C@@H](C(C)C)N)N,CC(O)C,[O-1]C(C)(C)C.[K+],48.3,25.0,1000.0,3.6808677220012913,outer
CC(=O)c1ccc(C(C)(C)C)cc1,C[C@H](O)c1ccc(C(C)(C)C)cc1,2004,Ru,C[Si](c1cc(P(c2ccccc2)c2ccccc2)c(c2c1cccc2)c1c(cc(c2c1cccc2)[Si](C)(C)C)P(c1ccccc1)c1ccccc1)(C)C.COc1ccc(cc1)C(c1ccc(cc1)OC)([C@@H](C(C)C)N)N,CC(O)C,[O-1]C(C)(C)C.[K+],47.62,25.0,1000.0,3.6808677220012913,outer
CC(=O)c1ccccc1,C[C@H](O)c1ccccc1,2023,Ru,Cc1cc(C)cc(c1)P(c1ccc2c(c1c1c(ccc3c1cccc3)P(c1cc(C)cc(c1)C)c1cc(C)cc(c1)C)cccc2)c1cc(C)cc(c1)C.COc1ccc(cc1)C(c1ccc(cc1)OC)([C@@H](C(C)C)N)N,Cc1ccccc1,C1CN2CCN1CC2,10.0,25.0,3333.3333333333335,3.6808677220012913,outer
COc1ccc(C(C)=O)cc1,COc1ccc([C@@H](C)O)cc1,2009,Ru,C[C@@H]1C[C@@H](C)Oc2c(-c3c(O1)cccc3P(c1cc(C)cc(c1)C)c1cc(C)cc(c1)C)c(ccc2)P(c1cc(C)cc(c1)C)c1cc(C)cc(c1)C.COc1ccc(cc1)C(c1ccc(cc1)OC)([C@H](C(C)C)N)N,CC(O)C,[O-1]C(C)(C)C.[K+],10.0,21.0,10000.0,3.631484958667382,outer
CC(=O)c1cc(C(F)(F)F)cc(C(F)(F)F)c1,C[C@@H](O)c1cc(C(F)(F)F)cc(C(F)(F)F)c1,2009,Ru,C[C@@H]1C[C@@H](C)Oc2c(-c3c(O1)cccc3P(c1cc(C)cc(c1)C)c1cc(C)cc(c1)C)c(ccc2)P(c1cc(C)cc(c1)C)c1cc(C)cc(c1)C.COc1ccc(cc1)C(c1ccc(cc1)OC)([C@H](C(C)C)N)N,CC(O)C,[O-1]C(C)(C)C.[K+],10.0,21.0,10000.0,3.631484958667382,outer
CC(=O)c1ccco1,C[C@@H](O)c1ccco1,2009,Ru,C[C@@H]1C[C@@H](C)Oc2c(-c3c(O1)cccc3P(c1cc(C)cc(c1)C)c1cc(C)cc(c1)C)c(ccc2)P(c1cc(C)cc(c1)C)c1cc(C)cc(c1)C.COc1ccc(cc1)C(c1ccc(cc1)OC)([C@H](C(C)C)N)N,CC(O)C,[O-1]C(C)(C)C.[K+],10.0,21.0,10000.0,3.631484958667382,outer
CC(=O)c1ccc(C)cc1,Cc1ccc([C@@H](C)O)cc1,2009,Ru,C[C@@H]1C[C@@H](C)Oc2c(-c3c(O1)cccc3P(c1cc(C)cc(c1)C)c1cc(C)cc(c1)C)c(ccc2)P(c1cc(C)cc(c1)C)c1cc(C)cc(c1)C.COc1ccc(cc1)C(c1ccc(cc1)OC)([C@H](C(C)C)N)N,CC(O)C,[O-1]C(C)(C)C.[K+],10.0,21.0,10000.0,3.631484958667382,outer
COc1cccc(C(C)=O)c1,COc1cccc([C@@H](C)O)c1,2009,Ru,C[C@@H]1C[C@@H](C)Oc2c(-c3c(O1)cccc3P(c1cc(C)cc(c1)C)c1cc(C)cc(c1)C)c(ccc2)P(c1cc(C)cc(c1)C)c1cc(C)cc(c1)C.COc1ccc(cc1)C(c1ccc(cc1)OC)([C@H](C(C)C)N)N,CC(O)C,[O-1]C(C)(C)C.[K+],10.0,21.0,10000.0,3.631484958667382,outer
CC(=O)c1ccc(Cl)cc1,C[C@@H](O)c1ccc(Cl)cc1,2009,Ru,C[C@@H]1C[C@@H](C)Oc2c(-c3c(O1)cccc3P(c1cc(C)cc(c1)C)c1cc(C)cc(c1)C)c(ccc2)P(c1cc(C)cc(c1)C)c1cc(C)cc(c1)C.COc1ccc(cc1)C(c1ccc(cc1)OC)([C@H](C(C)C)N)N,CC(O)C,[O-1]C(C)(C)C.[K+],10.0,21.0,10000.0,3.631484958667382,outer
CC(=O)c1cccc(Br)c1,C[C@H](O)c1cccc(Br)c1,2002,Ru,COc1nc(OC)cc(c1c1c(OC)nc(cc1P(c1cc(C)cc(c1)C)c1cc(C)cc(c1)C)OC)P(c1cc(C)cc(c1)C)c1cc(C)cc(c1)C,CC(O)C,[O-1]C(C)(C)C.[K+],20.41,26.5,4000.0,3.5662137958483853,outer
O=C1CCC/C1=C\C1CCCCC1,O[C@@H]1CCC/C1=C\C1CCCCC1,2019,Ru,CC([C@H]1COC(=N1)C12C3[Ru]4567891(C2(C7C34)P(c1ccccc1)c1ccccc1)C1C5C9(C8(C61)P(c1ccccc1)c1ccccc1)C1=N[C@H](CO1)C(C)(C)C)(C)C,CO,C1CCN2C(=NCCC2)CC1,2.0,25.0,100.0,3.54836189965692,inner
CCCC/C=C1\CCCC1=O,CCCC/C=C1\CCC[C@H]1O,2019,Ru,CC([C@H]1COC(=N1)C12C3[Ru]4567891(C2(C7C34)P(c1ccccc1)c1ccccc1)C1C5C9(C8(C61)P(c1ccccc1)c1ccccc1)C1=N[C@H](CO1)C(C)(C)C)(C)C,CO,C1CCN2C(=NCCC2)CC1,2.0,25.0,100.0,3.54836189965692,inner
O=C1CCC/C1=C\c1ccccc1,O[C@@H]1CCC/C1=C\c1ccccc1,2019,Ru,CC([C@H]1COC(=N1)C12C3[Ru]4567891(C2(C7C34)P(c1ccccc1)c1ccccc1)C1C5C9(C8(C61)P(c1ccccc1)c1ccccc1)C1=N[C@H](CO1)C(C)(C)C)(C)C,CO,C1CCN2C(=NCCC2)CC1,2.0,25.0,100.0,3.54836189965692,inner
O=C1CCC/C1=C/c1ccccc1,O[C@@H]1CCC/C1=C/c1ccccc1,2019,Ru,CC([C@H]1COC(=N1)C12C3[Ru]4567891(C2(C7C34)P(c1ccccc1)c1ccccc1)C1C5C9(C8(C61)P(c1ccccc1)c1ccccc1)C1=N[C@H](CO1)C(C)(C)C)(C)C,CO,C1CCN2C(=NCCC2)CC1,2.0,25.0,100.0,3.54836189965692,inner
O=C1CCC/C1=C\c1ccccc1,O[C@@H]1CCC/C1=C\c1ccccc1,2019,Ru,CC([C@H]1COC(=N1)C12C3[Ru]4567891(C2(C7C34)P(c1ccccc1)c1ccccc1)C1C5C9(C8(C61)P(c1ccccc1)c1ccccc1)C1=N[C@H](CO1)C(C)(C)C)(C)C,CO,C1CCN2C(=NCCC2)CC1,5.9,25.0,100.0,3.54836189965692,inner
O=C1CCC/C1=C\c1ccccc1,O[C@@H]1CCC/C1=C\c1ccccc1,2019,Ru,CC([C@H]1COC(=N1)C12C3[Ru]4567891(C2(C7C34)P(c1ccccc1)c1ccccc1)C1C5C9(C8(C61)P(c1ccccc1)c1ccccc1)C1=N[C@H](CO1)C(C)(C)C)(C)C,CO,C1CCN2C(=NCCC2)CC1,19.7,25.0,100.0,3.54836189965692,inner
CCC(=O)c1ccccc1,CC[C@H](O)c1ccccc1,2003,Ru,Cc1cc(C)cc(c1)P(c1cccc2c1[C@]1(CC2)CCc2c1c(ccc2)P(c1cc(C)cc(c1)C)c1cc(C)cc(c1)C)c1ccc(cc1C)C.N[C@@H]([C@@H](c1ccccc1)N)c1ccccc1,CC(O)C,[O-1]C(C)(C)C.[K+],50.0,25.0,5000.0,3.54836189965692,outer
COc1ccc(C(C)=O)cc1,COc1ccc([C@@H](C)O)cc1,2008,Ru,COc1nc(OC)cc(c1c1c(OC)nc(cc1P(c1ccc(cc1)OC)c1ccc(cc1)OC)OC)P(c1ccc(cc1)OC)c1ccc(cc1)OC.COc1ccc(cc1)C(c1ccc(cc1)OC)([C@H](C(C)C)N)N,CC(O)C,[K+].[OH-1],30.0,25.0,2000.0,3.54836189965692,outer
CC(=O)c1ccc([N+](=O)[O-])cc1,C[C@H](O)c1ccc([N+](=O)[O-])cc1,2004,Ru,Cc1cc(C)cc(c1)P(c1cc(c2c(c1c1c(cc(c3c1cccc3)[Si](C)(C)C)P(c1cc(C)cc(c1)C)c1cc(C)cc(c1)C)cccc2)[Si](C)(C)C)c1cc(C)cc(c1)C.COc1ccc(cc1)C(c1ccc(cc1)OC)([C@@H](C(C)C)N)N,CC(O)C,[O-1]C(C)(C)C.[K+],48.3,25.0,1000.0,3.54836189965692,outer
CC(=O)c1cccc2ccccc12,C[C@H](O)c1cccc2ccccc12,2004,Ru,OP(=O)(c1cc(P(c2ccccc2)c2ccccc2)c(c2c1cccc2)c1c(cc(c2c1cccc2)P(=O)(O)O)P(c1ccccc1)c1ccccc1)O.COc1ccc(cc1)C(c1ccc(cc1)OC)([C@@H](C(C)C)N)N,CC(O)C,[O-1]C(C)(C)C.[K+],47.62,25.0,1000.0,3.54836189965692,outer
CC(=O)c1cccc2ccccc12,C[C@H](O)c1cccc2ccccc12,2004,Ru,Cc1ccc2c(c1)c(C)cc(c2c1c(cc(c2c1ccc(c2)C)C)P(c1cc(C)cc(c1)C)c1cc(C)cc(c1)C)P(c1cc(C)cc(c1)C)c1cc(C)cc(c1)C.COc1ccc(cc1)C(c1ccc(cc1)OC)([C@@H](C(C)C)N)N,CC(O)C,[O-1]C(C)(C)C.[K+],48.3,25.0,1000.0,3.54836189965692,outer
CC(=O)c1ccc(Cl)cc1,C[C@H](O)c1ccc(Cl)cc1,2004,Ru,Cc1cc(C)cc(c1)P(c1cc(c2c(c1c1c(cc(c3c1cccc3)[Si](C)(C)C)P(c1cc(C)cc(c1)C)c1cc(C)cc(c1)C)cccc2)[Si](C)(C)C)c1cc(C)cc(c1)C.COc1ccc(cc1)C(c1ccc(cc1)OC)([C@@H](C(C)C)N)N,CC(O)C,[O-1]C(C)(C)C.[K+],48.3,25.0,1000.0,3.54836189965692,outer
CC(=O)c1ccc2ccccc2c1,C[C@H](O)c1ccc2ccccc2c1,2004,Ru,Cc1ccc2c(c1)c(C)cc(c2c1c(cc(c2c1ccc(c2)C)C)P(c1cc(C)cc(c1)C)c1cc(C)cc(c1)C)P(c1cc(C)cc(c1)C)c1cc(C)cc(c1)C.COc1ccc(cc1)C(c1ccc(cc1)OC)([C@@H](C(C)C)N)N,CC(O)C,[O-1]C(C)(C)C.[K+],48.3,25.0,1000.0,3.54836189965692,outer
CC(=O)c1cccc2ccccc12,C[C@H](O)c1cccc2ccccc12,2004,Ru,CCOP(=O)(c1cc(P(c2ccccc2)c2ccccc2)c(c2c1cccc2)c1c(cc(c2c1cccc2)P(=O)(OCC)OCC)P(c1ccccc1)c1ccccc1)OCC.COc1ccc(cc1)C(c1ccc(cc1)OC)([C@@H](C(C)C)N)N,CC(O)C,[O-1]C(C)(C)C.[K+],47.62,25.0,1000.0,3.54836189965692,outer
O=C1CCC/C1=C\c1ccccc1,O[C@@H]1CCC/C1=C\c1ccccc1,2019,Ru,CC([C@H]1COC(=N1)C12C3[Ru]4567891(C2(C7C34)P(c1ccccc1)c1ccccc1)C1C5C9(C8(C61)P(c1ccccc1)c1ccccc1)C1=N[C@H](CO1)C(C)(C)C)(C)C,CO,C1CCN2C(=NCCC2)CC1,49.3,25.0,100.0,3.54836189965692,inner
COC(=O)c1ccc(C(C)=O)cc1,COC(=O)c1ccc([C@H](C)O)cc1,2023,Ru,Cc1cc(C)cc(c1)P(c1ccc2c(c1c1c(ccc3c1cccc3)P(c1cc(C)cc(c1)C)c1cc(C)cc(c1)C)cccc2)c1cc(C)cc(c1)C.COc1ccc(cc1)C(c1ccc(cc1)OC)([C@@H](C(C)C)N)N,Cc1ccccc1,C1CN2CCN1CC2,10.0,25.0,1000.0,3.54836189965692,outer
O=C1CCOc2ccccc21,O[C@@H]1CCOc2ccccc21,2012,Ru,Cc1ccc(cc1)S(=O)(=O)c1ccc(cc1)S(=O)(=O)N[C@@H]([C@@H](c1ccccc1)NCCc1ccccc1)c1ccccc1,CO,,30.0,60.0,500.0,3.5043566590837596,outer
O=C(CO)c1ccc(Br)cc1,OC[C@H](O)c1ccc(Br)cc1,2009,Ru,C[C@@H]1CC[C@H](P1c1c(C)sc(c1P(c1ccccc1C)c1ccccc1C)C)C,CO,[H+].[Br-1],49.35,60.0,100.0,3.5043566590837596,inner
O=C(CO)c1ccc(Cl)cc1,OC[C@H](O)c1ccc(Cl)cc1,2009,Ru,C[C@@H]1CC[C@H](P1c1c(C)sc(c1P(c1ccccc1C)c1ccccc1C)C)C,CO,[H+].[Br-1],49.35,60.0,100.0,3.5043566590837596,inner
CC(=O)c1cccc(Cl)c1,C[C@@H](O)c1cccc(Cl)c1,2009,Ru,C[C@@H]1C[C@@H](C)Oc2c(-c3c(O1)cccc3P(c1cc(C)cc(c1)C)c1cc(C)cc(c1)C)c(ccc2)P(c1cc(C)cc(c1)C)c1cc(C)cc(c1)C.COc1ccc(cc1)C(c1ccc(cc1)OC)([C@H](C(C)C)N)N,CC(O)C,[O-1]C(C)(C)C.[K+],10.0,21.0,10000.0,3.5007568431463456,outer
O=C1CCC/C1=C\c1ccccc1,O[C@@H]1CCC/C1=C\c1ccccc1,2019,Ru,CC([C@H]1COC(=N1)C12C3[Ru]4567891(C2(C7C34)P(c1ccccc1)c1ccccc1)C1C5C9(C8(C61)P(c1ccccc1)c1ccccc1)C1=N[C@H](CO1)C(C)(C)C)(C)C,CO,C1CCN2C(=NCCC2)CC1,2.0,25.0,500.0,3.4400422939865294,inner
O=C1CCC/C1=C\c1ccccc1,O[C@@H]1CCC/C1=C\c1ccccc1,2019,Ru,CC([C@H]1COC(=N1)C12C3[Ru]4567891(C2(C7C34)P(c1ccccc1)c1ccccc1)C1C5C9(C8(C61)P(c1ccccc1)c1ccccc1)C1=N[C@H](CO1)C(C)(C)C)(C)C,CO,C1CCN2C(=NCCC2)CC1,2.0,25.0,400.0,3.4400422939865294,inner
CC(=O)c1ccccc1,C[C@H](O)c1ccccc1,2023,Ru,Cc1cc(C)cc(c1)P(c1ccc2c(c1c1c(ccc3c1cccc3)P(c1cc(C)cc(c1)C)c1cc(C)cc(c1)C)cccc2)c1cc(C)cc(c1)C.COc1ccc(cc1)C(c1ccc(cc1)OC)([C@@H](C(C)C)N)N,CCO,,10.0,25.0,1000.0,3.4400422939865294,outer
CC(=O)c1ccccc1,C[C@H](O)c1ccccc1,2023,Ru,Cc1cc(C)cc(c1)P(c1ccc2c(c1c1c(ccc3c1cccc3)P(c1cc(C)cc(c1)C)c1cc(C)cc(c1)C)cccc2)c1cc(C)cc(c1)C.COc1ccc(cc1)C(c1ccc(cc1)OC)([C@@H](C(C)C)N)N,CCO,,50.0,25.0,1000.0,3.4400422939865294,outer
CC(=O)c1ccc(C)cc1,Cc1ccc([C@H](C)O)cc1,2004,Ru,Cc1ccc2c(c1)c(C)cc(c2c1c(cc(c2c1ccc(c2)C)C)P(c1cc(C)cc(c1)C)c1cc(C)cc(c1)C)P(c1cc(C)cc(c1)C)c1cc(C)cc(c1)C.COc1ccc(cc1)C(c1ccc(cc1)OC)([C@@H](C(C)C)N)N,CC(O)C,[O-1]C(C)(C)C.[K+],48.3,25.0,1000.0,3.4400422939865294,outer
CCC(=O)c1ccccc1,CC[C@H](O)c1ccccc1,2004,Ru,C[Si](c1cc(P(c2ccccc2)c2ccccc2)c(c2c1cccc2)c1c(cc(c2c1cccc2)[Si](C)(C)C)P(c1ccccc1)c1ccccc1)(C)C.COc1ccc(cc1)C(c1ccc(cc1)OC)([C@@H](C(C)C)N)N,CC(O)C,[O-1]C(C)(C)C.[K+],47.62,25.0,1000.0,3.4400422939865294,outer
COc1ccc(C(=O)CC(=O)COCc2ccccc2)cc1,COc1ccc(C(=O)C[C@@H](O)COCc2ccccc2)cc1,2019,Ru,CC1(C)Oc2c(O1)c(c1c3OC(Oc3ccc1P(c1ccccc1)c1ccccc1)(C)C)c(cc2)P(c1ccccc1)c1ccccc1,C1CCCO1,,20.0,70.0,200.0,3.429608228479939,inner
COC(=O)CC(C)=O,COC(=O)C[C@H](C)O,2004,Ru,c1ccc(cc1)P(c1ccc2c(c1c1c(ccc3c1cccc3)P(c1ccccc1)c1ccccc1)cccc2)c1ccccc1,CO,,3.95,50.0,100.0,3.3991681056068344,inner
CCOC(=O)CC(=O)C(C)C,CCOC(=O)C[C@H](O)C(C)C,2004,Ru,c1ccc(cc1)P(c1ccc2c(c1c1c3OCCOc3ccc1P(c1ccccc1)c1ccccc1)OCCO2)c1ccccc1,CCO,,3.95,50.0,100.0,3.3991681056068344,inner
CCOC(=O)CC(=O)C(C)C,CCOC(=O)C[C@H](O)C(C)C,2004,Ru,FC1(F)Oc2c(O1)c(c1c3OC(Oc3ccc1P(c1ccccc1)c1ccccc1)(F)F)c(cc2)P(c1ccccc1)c1ccccc1,CCO,,3.95,50.0,100.0,3.3991681056068344,inner
CCOC(=O)CC(=O)C(C)C,CCOC(=O)C[C@H](O)C(C)C,2004,Ru,COc1cccc(c1c1c(OC)cccc1P(c1ccccc1)c1ccccc1)P(c1ccccc1)c1ccccc1,CCO,,3.95,50.0,100.0,3.3991681056068344,inner
COC(=O)CC(C)=O,COC(=O)C[C@H](C)O,2004,Ru,c1ccc(cc1)P(c1ccc2c(c1c1c3OCCOc3ccc1P(c1ccccc1)c1ccccc1)OCCO2)c1ccccc1,CO,,3.95,50.0,100.0,3.3991681056068344,inner
COC(=O)CC(C)=O,COC(=O)C[C@H](C)O,2004,Ru,COc1cccc(c1c1c(OC)cccc1P(c1ccccc1)c1ccccc1)P(c1ccccc1)c1ccccc1,CO,,3.95,50.0,100.0,3.3991681056068344,inner
COC(=O)CC(C)=O,COC(=O)C[C@H](C)O,2004,Ru,FC1(F)Oc2c(O1)c(c1c3OC(Oc3ccc1P(c1ccccc1)c1ccccc1)(F)F)c(cc2)P(c1ccccc1)c1ccccc1,CO,,3.95,50.0,100.0,3.3991681056068344,inner
O=C(CN1C(=O)c2ccccc2C1=O)c1cccc2ccccc12,O=C1c2ccccc2C(=O)N1C[C@H](O)c1cccc2ccccc12,2005,Ru,[SiH3]c1cc(P(c2ccccc2)c2ccccc2)c(c2c1cccc2)c1c(cc(c2c1cccc2)[SiH3])P(c1ccccc1)c1ccccc1,CCO,,102.04,80.0,100.0,3.3827756546202066,inner
CC(=O)CC(=O)COc1ccccc1,CC(=O)C[C@@H](O)COc1ccccc1,2019,Ru,CC1(C)Oc2c(O1)c(c1c3OC(Oc3ccc1P(c1ccccc1)c1ccccc1)(C)C)c(cc2)P(c1ccccc1)c1ccccc1,C1CCCO1,,20.0,70.0,200.0,3.37873016219314,inner
CC(=O)c1ccc(C(C)(C)C)cc1,C[C@H](O)c1ccc(C(C)(C)C)cc1,2004,Ru,CCOP(=O)(c1cc(P(c2ccccc2)c2ccccc2)c(c2c1cccc2)c1c(cc(c2c1cccc2)P(=O)(OCC)OCC)P(c1ccccc1)c1ccccc1)OCC.COc1ccc(cc1)C(c1ccc(cc1)OC)([C@@H](C(C)C)N)N,CC(O)C,[O-1]C(C)(C)C.[K+],47.62,25.0,1000.0,3.3484133241564935,outer
CC(=O)c1ccc2ccccc2c1,C[C@H](O)c1ccc2ccccc2c1,2004,Ru,Cc1cc(C)cc(c1)P(c1cc(c2c(c1c1c(cc(c3c1cccc3)[Si](C)(C)C)P(c1cc(C)cc(c1)C)c1cc(C)cc(c1)C)cccc2)[Si](C)(C)C)c1cc(C)cc(c1)C.COc1ccc(cc1)C(c1ccc(cc1)OC)([C@@H](C(C)C)N)N,CC(O)C,[O-1]C(C)(C)C.[K+],48.3,25.0,1000.0,3.3484133241564935,outer
CN(CCC(=O)c1ccc(F)cc1)Cc1ccccc1,CN(CC[C@@H](O)c1ccc(F)cc1)Cc1ccccc1,2013,Ru,CC([C@H]1COC(=N1)C12C3[Ru]4567891(C2(C7C34)P(c1ccccc1)c1ccccc1)C1C5C9(C8(C61)P(c1ccccc1)c1ccccc1)C1=N[C@H](CO1)C(C)(C)C)(C)C,Cc1ccccc1.O,[OH-1].[K+],20.0,25.0,400.0,3.3484133241564935,inner
CN(CCC(=O)c1cccc(Cl)c1)Cc1ccccc1,CN(CC[C@@H](O)c1cccc(Cl)c1)Cc1ccccc1,2013,Ru,CC([C@H]1COC(=N1)C12C3[Ru]4567891(C2(C7C34)P(c1ccccc1)c1ccccc1)C1C5C9(C8(C61)P(c1ccccc1)c1ccccc1)C1=N[C@H](CO1)C(C)(C)C)(C)C,Cc1ccccc1.O,[OH-1].[K+],20.0,25.0,400.0,3.3484133241564935,inner
CN(CCC(=O)c1ccc(-c2ccccc2)cc1)Cc1ccccc1,CN(CC[C@@H](O)c1ccc(-c2ccccc2)cc1)Cc1ccccc1,2013,Ru,CC([C@H]1COC(=N1)C12C3[Ru]4567891(C2(C7C34)P(c1ccccc1)c1ccccc1)C1C5C9(C8(C61)P(c1ccccc1)c1ccccc1)C1=N[C@H](CO1)C(C)(C)C)(C)C,Cc1ccccc1.O,[OH-1].[K+],20.0,25.0,400.0,3.3484133241564935,inner
O=C1CCC/C1=C\c1cccs1,O[C@@H]1CCC/C1=C\c1cccs1,2019,Ru,CC([C@H]1COC(=N1)C12C3[Ru]4567891(C2(C7C34)P(c1ccccc1)c1ccccc1)C1C5C9(C8(C61)P(c1ccccc1)c1ccccc1)C1=N[C@H](CO1)C(C)(C)C)(C)C,CO,C1CCN2C(=NCCC2)CC1,2.0,25.0,100.0,3.3484133241564935,inner
O=C1CCC/C1=C\c1ccccc1,O[C@@H]1CCC/C1=C\c1ccccc1,2019,Ru,CC([C@H]1COC(=N1)C12C3[Ru]4567891(C2(C7C34)P(c1ccccc1)c1ccccc1)C1C5C9(C8(C61)P(c1ccccc1)c1ccccc1)C1=N[C@H](CO1)C(C)(C)C)(C)C,CO,C1CCN2C(=NCCC2)CC1,2.0,25.0,266.6666666666667,3.3484133241564935,inner
CC(=O)c1ccccc1,C[C@@H](O)c1ccccc1,2002,Ru,Cc1cc(C)cc(c1)P(c1ccc2c(c1c1c(ccc3c1cccc3)P(c1cc(C)cc(c1)C)c1cc(C)cc(c1)C)cccc2)c1cc(C)cc(c1)C.N[C@H]([C@H](c1ccccc1)N)c1ccccc1,CC(O)C,,8.0,45.0,99999.99999999999,3.3465738288683715,outer
O=C(COCc1ccccc1)CC(=O)c1ccc2ccccc2c1,O=C(C[C@@H](O)COCc1ccccc1)c1ccc2ccccc2c1,2019,Ru,CC1(C)Oc2c(O1)c(c1c3OC(Oc3ccc1P(c1ccccc1)c1ccccc1)(C)C)c(cc2)P(c1ccccc1)c1ccccc1,C1CCCO1,,20.0,70.0,200.0,3.331339949446069,inner
CC(=O)c1ccc(F)cc1,C[C@@H](O)c1ccc(F)cc1,2009,Ru,C[C@@H]1C[C@@H](C)Oc2c(-c3c(O1)cccc3P(c1cc(C)cc(c1)C)c1cc(C)cc(c1)C)c(ccc2)P(c1cc(C)cc(c1)C)c1cc(C)cc(c1)C.COc1ccc(cc1)C(c1ccc(cc1)OC)([C@H](C(C)C)N)N,CC(O)C,[O-1]C(C)(C)C.[K+],10.0,21.0,10000.0,3.3034907908791973,outer
COc1ccc2ccccc2c1C(C)=O,COc1ccc2ccccc2c1[C@H](C)O,2018,Ru,C[C@H](P(c1cc(cc(c1)C(C)C)C(C)C)c1cc(cc(c1)C(C)C)C(C)C)C[C@@H](P(c1cc(cc(c1)C(C)C)C(C)C)c1cc(cc(c1)C(C)C)C(C)C)C.NCc1ncc(cc1C)C,CC(O)C,[O-1]C(C)(C)C.[K+],10.0,40.0,1000.0,3.2939795521299096,outer
CC(=O)c1c(Cl)ccc(F)c1Cl,C[C@H](O)c1c(Cl)ccc(F)c1Cl,2018,Ru,C[C@H](P(c1cc(cc(c1)C(C)C)C(C)C)c1cc(cc(c1)C(C)C)C(C)C)C[C@@H](P(c1cc(cc(c1)C(C)C)C(C)C)c1cc(cc(c1)C(C)C)C(C)C)C.NCc1ncc2c(c1)cccc2,CC(O)C,[O-1]C(C)(C)C.[K+],10.0,40.0,1000.0,3.2939795521299096,outer
CC(=O)c1c(C)c(C)c(C)c(C)c1C,Cc1c(C)c(C)c([C@H](C)O)c(C)c1C,2018,Ru,C[C@H](P(c1cc(cc(c1)C(C)C)C(C)C)c1cc(cc(c1)C(C)C)C(C)C)C[C@@H](P(c1cc(cc(c1)C(C)C)C(C)C)c1cc(cc(c1)C(C)C)C(C)C)C.NCc1ncc2c(c1)cccc2,CC(O)C,[O-1]C(C)(C)C.[K+],10.0,40.0,200.0,3.2939795521299096,outer
COc1cc(OC)c(C(C)=O)cc1OC,COc1cc(OC)c([C@H](C)O)cc1OC,2018,Ru,C[C@H](P(c1cc(cc(c1)C(C)C)C(C)C)c1cc(cc(c1)C(C)C)C(C)C)C[C@@H](P(c1cc(cc(c1)C(C)C)C(C)C)c1cc(cc(c1)C(C)C)C(C)C)C.NCc1ncc2c(c1)cccc2,CCO,[O-1]C(C)(C)C.[Na+],10.0,40.0,2000.0,3.2939795521299096,outer
CC(=O)c1c(Cl)cccc1Cl,C[C@H](O)c1c(Cl)cccc1Cl,2018,Ru,C[C@H](P(c1cc(cc(c1)C(C)C)C(C)C)c1cc(cc(c1)C(C)C)C(C)C)C[C@@H](P(c1cc(cc(c1)C(C)C)C(C)C)c1cc(cc(c1)C(C)C)C(C)C)C.NCc1ncc2c(c1)cccc2,CC(O)C,[O-1]C(C)(C)C.[K+],10.0,40.0,2000.0,3.2939795521299096,outer
CC(=O)c1c(C)c(C)c(C)c(C)c1C,Cc1c(C)c(C)c([C@H](C)O)c(C)c1C,2018,Ru,C[C@H](P(c1cc(cc(c1)C(C)C)C(C)C)c1cc(cc(c1)C(C)C)C(C)C)C[C@@H](P(c1cc(cc(c1)C(C)C)C(C)C)c1cc(cc(c1)C(C)C)C(C)C)C.NCc1ncc2c(c1)cccc2,CC(O)C,[O-1]C(C)(C)C.[Na+],10.0,40.0,500.0,3.2939795521299096,outer
CC(=O)c1c(Cl)cccc1Cl,C[C@H](O)c1c(Cl)cccc1Cl,2018,Ru,C[C@H](P(c1cc(cc(c1)C(C)C)C(C)C)c1cc(cc(c1)C(C)C)C(C)C)C[C@@H](P(c1cc(cc(c1)C(C)C)C(C)C)c1cc(cc(c1)C(C)C)C(C)C)C.NCc1ncc(cc1C)C,CC(O)C,[O-1]C(C)(C)C.[K+],10.0,40.0,2000.0,3.2939795521299096,outer
CC(=O)c1c(C)c(C)c(C)c(C)c1C,Cc1c(C)c(C)c([C@H](C)O)c(C)c1C,2018,Ru,C[C@H](P(c1cc(cc(c1)C(C)C)C(C)C)c1cc(cc(c1)C(C)C)C(C)C)C[C@@H](P(c1cc(cc(c1)C(C)C)C(C)C)c1cc(cc(c1)C(C)C)C(C)C)C.NCc1ncc2c(c1)cccc2,CC(O)C,[O-1]C(C)(C)C.[Na+],50.0,40.0,2000.0,3.2939795521299096,outer
CC(=O)c1ccccc1,C[C@H](O)c1ccccc1,2005,Ru,Cc1cc(C)cc(c1)P(c1cccc2c1C1(CC2)CCc2c1c(ccc2)P(c1cc(C)cc(c1)C)c1cc(C)cc(c1)C)c1cc(C)cc(c1)C.N[C@@H]([C@@H](c1ccccc1)N)c1ccccc1,CC(O)C,[O-1]C(C)(C)C.[K+],60.0,40.0,10000.0,3.2939795521299096,outer
COc1ccc2ccccc2c1C(C)=O,COc1ccc2ccccc2c1[C@H](C)O,2018,Ru,C[C@H](P(c1cc(cc(c1)C(C)C)C(C)C)c1cc(cc(c1)C(C)C)C(C)C)C[C@@H](P(c1cc(cc(c1)C(C)C)C(C)C)c1cc(cc(c1)C(C)C)C(C)C)C.NCc1ncc2c(c1)cccc2,CC(O)C,[O-1]C(C)(C)C.[K+],10.0,40.0,1000.0,3.2939795521299096,outer
COc1cc(OC)c(C(C)=O)cc1OC,COc1cc(OC)c([C@H](C)O)cc1OC,2018,Ru,C[C@H](P(c1cc(cc(c1)C(C)C)C(C)C)c1cc(cc(c1)C(C)C)C(C)C)C[C@@H](P(c1cc(cc(c1)C(C)C)C(C)C)c1cc(cc(c1)C(C)C)C(C)C)C.NCc1ncc(cc1C)C,CCO,[O-1]C(C)(C)C.[K+],10.0,40.0,2000.0,3.2939795521299096,outer
COc1cc(OC)c(C(C)=O)cc1OC,COc1cc(OC)c([C@H](C)O)cc1OC,2018,Ru,C[C@H](P(c1cc(cc(c1)C(C)C)C(C)C)c1cc(cc(c1)C(C)C)C(C)C)C[C@@H](P(c1cc(cc(c1)C(C)C)C(C)C)c1cc(cc(c1)C(C)C)C(C)C)C.NCc1ncc2c(c1)cccc2,CCO,[O-1]C(C)(C)C.[K+],10.0,40.0,2000.0,3.2939795521299096,outer
CCC(=O)c1c(OC)cc(OC)cc1OC,CC[C@H](O)c1c(OC)cc(OC)cc1OC,2018,Ru,C[C@H](P(c1cc(cc(c1)C(C)C)C(C)C)c1cc(cc(c1)C(C)C)C(C)C)C[C@@H](P(c1cc(cc(c1)C(C)C)C(C)C)c1cc(cc(c1)C(C)C)C(C)C)C.NCc1ncc(cc1C)C,CC(O)C,[O-1]C(C)(C)C.[K+],10.0,40.0,1000.0,3.2939795521299096,outer
CCC(=O)c1c(OC)cc(OC)cc1OC,CC[C@H](O)c1c(OC)cc(OC)cc1OC,2018,Ru,C[C@H](P(c1cc(cc(c1)C(C)C)C(C)C)c1cc(cc(c1)C(C)C)C(C)C)C[C@@H](P(c1cc(cc(c1)C(C)C)C(C)C)c1cc(cc(c1)C(C)C)C(C)C)C.NCc1ncc2c(c1)cccc2,CC(O)C,[O-1]C(C)(C)C.[K+],10.0,40.0,1000.0,3.2939795521299096,outer
CCC(=O)c1ccc(Cl)cc1Cl,CC[C@H](O)c1ccc(Cl)cc1Cl,2018,Ru,C[C@H](P(c1cc(cc(c1)C(C)C)C(C)C)c1cc(cc(c1)C(C)C)C(C)C)C[C@@H](P(c1cc(cc(c1)C(C)C)C(C)C)c1cc(cc(c1)C(C)C)C(C)C)C.NCc1ncc(cc1C)C,CC(O)C,[O-1]C(C)(C)C.[K+],10.0,40.0,1000.0,3.2939795521299096,outer
CCC(=O)c1ccc(Cl)cc1Cl,CC[C@H](O)c1ccc(Cl)cc1Cl,2018,Ru,C[C@H](P(c1cc(cc(c1)C(C)C)C(C)C)c1cc(cc(c1)C(C)C)C(C)C)C[C@@H](P(c1cc(cc(c1)C(C)C)C(C)C)c1cc(cc(c1)C(C)C)C(C)C)C.NCc1ncc2c(c1)cccc2,CC(O)C,[O-1]C(C)(C)C.[K+],10.0,40.0,1000.0,3.2939795521299096,outer
CC(=O)c1ccccc1,C[C@H](O)c1ccccc1,2003,Ru,Cc1cc(C)cc(c1)P(c1cccc2c1[C@]1(CC2)CCc2c1c(ccc2)P(c1cc(C)cc(c1)C)c1cc(C)cc(c1)C)c1ccc(cc1C)C.N[C@@H]([C@@H](c1ccccc1)N)c1ccccc1,CC(O)C,[O-1]C(C)(C)C.[K+],50.0,40.0,5000.0,3.2939795521299096,outer
CC(=O)c1c(C)c(C)c(C)c(C)c1C,Cc1c(C)c(C)c([C@H](C)O)c(C)c1C,2018,Ru,C[C@H](P(c1cc(cc(c1)C(C)C)C(C)C)c1cc(cc(c1)C(C)C)C(C)C)C[C@@H](P(c1cc(cc(c1)C(C)C)C(C)C)c1cc(cc(c1)C(C)C)C(C)C)C.NCc1ncc2c(c1)cccc2,CC(O)C,[O-1]C(C)(C)C.[Na+],10.0,40.0,200.0,3.2939795521299096,outer
CC(=O)c1ccccc1,C[C@H](O)c1ccccc1,2005,Ru,Cc1cc(C)cc(c1)P(c1cccc2c1C1(CC2)CCc2c1c(ccc2)P(c1cc(C)cc(c1)C)c1cc(C)cc(c1)C)c1cc(C)cc(c1)C.N[C@@H]([C@@H](c1ccccc1)N)c1ccccc1,CC(O)C,[O-1]C(C)(C)C.[K+],50.0,40.0,5000.0,3.2939795521299096,outer
O=C1CCC/C1=C\c1ccccc1,O[C@@H]1CCC/C1=C\c1ccccc1,2019,Ru,CC([C@H]1COC(=N1)C12C3[Ru]4567891(C2(C7C34)P(c1ccccc1)c1ccccc1)C1C5C9(C8(C61)P(c1ccccc1)c1ccccc1)C1=N[C@H](CO1)C(C)(C)C)(C)C,CO,CCN(C(C)C)C(C)C,2.0,25.0,100.0,3.269000796324068,inner
O=C1CCC/C1=C\c1ccccc1,O[C@@H]1CCC/C1=C\c1ccccc1,2019,Ru,CC([C@H]1COC(=N1)C12C3[Ru]4567891(C2(C7C34)P(c1ccccc1)c1ccccc1)C1C5C9(C8(C61)P(c1ccccc1)c1ccccc1)C1=N[C@H](CO1)C(C)(C)C)(C)C,CO,C1CCN2C(=NCCC2)CC1,2.0,25.0,181.81818181818184,3.269000796324068,inner
CC(=O)c1ccc2ccccc2c1,C[C@H](O)c1ccc2ccccc2c1,2004,Ru,OP(=O)(c1cc(P(c2ccccc2)c2ccccc2)c(c2c1cccc2)c1c(cc(c2c1cccc2)P(=O)(O)O)P(c1ccccc1)c1ccccc1)O.COc1ccc(cc1)C(c1ccc(cc1)OC)([C@@H](C(C)C)N)N,CC(O)C,[O-1]C(C)(C)C.[K+],47.62,25.0,1000.0,3.269000796324068,outer
CC(=O)c1ccc(C)cc1,Cc1ccc([C@H](C)O)cc1,2004,Ru,Cc1cc(C)cc(c1)P(c1cc(c2c(c1c1c(cc(c3c1cccc3)[Si](C)(C)C)P(c1cc(C)cc(c1)C)c1cc(C)cc(c1)C)cccc2)[Si](C)(C)C)c1cc(C)cc(c1)C.COc1ccc(cc1)C(c1ccc(cc1)OC)([C@@H](C(C)C)N)N,CC(O)C,[O-1]C(C)(C)C.[K+],48.3,25.0,1000.0,3.269000796324068,outer
O=C1CCC/C1=C\c1ccccc1,O[C@@H]1CCC/C1=C\c1ccccc1,2019,Ru,CC([C@H]1COC(=N1)C12C3[Ru]4567891(C2(C7C34)P(c1ccccc1)c1ccccc1)C1C5C9(C8(C61)P(c1ccccc1)c1ccccc1)C1=N[C@H](CO1)C(C)(C)C)(C)C,CO,CCN(CC)CC,2.0,25.0,100.0,3.269000796324068,inner
CC(=O)c1ccc(C(C)(C)C)cc1,C[C@H](O)c1ccc(C(C)(C)C)cc1,2004,Ru,OP(=O)(c1cc(P(c2ccccc2)c2ccccc2)c(c2c1cccc2)c1c(cc(c2c1cccc2)P(=O)(O)O)P(c1ccccc1)c1ccccc1)O.COc1ccc(cc1)C(c1ccc(cc1)OC)([C@@H](C(C)C)N)N,CC(O)C,[O-1]C(C)(C)C.[K+],47.62,25.0,1000.0,3.269000796324068,outer
O=C1CCC/C1=C\c1ccccc1,O[C@@H]1CCC/C1=C\c1ccccc1,2019,Ru,CC([C@H]1COC(=N1)C12C3[Ru]4567891(C2(C7C34)P(c1ccccc1)c1ccccc1)C1C5C9(C8(C61)P(c1ccccc1)c1ccccc1)C1=N[C@H](CO1)C(C)(C)C)(C)C,CO,CN(CCN(C)C)C,2.0,25.0,100.0,3.269000796324068,inner
CC(=O)c1ccccc1,C[C@H](O)c1ccccc1,2023,Ru,Cc1cc(C)cc(c1)P(c1ccc2c(c1c1c(ccc3c1cccc3)P(c1cc(C)cc(c1)C)c1cc(C)cc(c1)C)cccc2)c1cc(C)cc(c1)C.COc1ccc(cc1)C(c1ccc(cc1)OC)([C@@H](C(C)C)N)N,CCO,,50.0,25.0,10000.0,3.269000796324068,outer
CC(=O)c1ccccc1,C[C@H](O)c1ccccc1,2023,Ru,Cc1cc(C)cc(c1)P(c1ccc2c(c1c1c(ccc3c1cccc3)P(c1cc(C)cc(c1)C)c1cc(C)cc(c1)C)cccc2)c1cc(C)cc(c1)C.COc1ccc(cc1)C(c1ccc(cc1)OC)([C@@H](C(C)C)N)N,C1CCCO1,C1CN2CCN1CC2,10.0,25.0,1000.0,3.269000796324068,outer
CC(=O)c1ccc(C(F)(F)F)cc1,C[C@H](O)c1ccc(C(F)(F)F)cc1,2003,Ru,Cc1cc(C)cc(c1)P(c1cccc2c1[C@]1(CC2)CCc2c1c(ccc2)P(c1cc(C)cc(c1)C)c1cc(C)cc(c1)C)c1ccc(cc1C)C.N[C@@H]([C@@H](c1ccccc1)N)c1ccccc1,CC(O)C,[O-1]C(C)(C)C.[K+],50.0,25.0,5000.0,3.269000796324068,outer
CC(=O)c1ccc(C#N)cc1,C[C@H](O)c1ccc(C#N)cc1,2023,Ru,Cc1cc(C)cc(c1)P(c1ccc2c(c1c1c(ccc3c1cccc3)P(c1cc(C)cc(c1)C)c1cc(C)cc(c1)C)cccc2)c1cc(C)cc(c1)C.COc1ccc(cc1)C(c1ccc(cc1)OC)([C@@H](C(C)C)N)N,CCO,,50.0,25.0,1000.0,3.269000796324068,outer
CC(=O)c1ccc2ccccc2c1,C[C@H](O)c1ccc2ccccc2c1,2003,Ru,Cc1cc(C)cc(c1)P(c1cccc2c1[C@]1(CC2)CCc2c1c(ccc2)P(c1cc(C)cc(c1)C)c1cc(C)cc(c1)C)c1ccc(cc1C)C.N[C@@H]([C@@H](c1ccccc1)N)c1ccccc1,CC(O)C,[O-1]C(C)(C)C.[K+],50.0,25.0,5000.0,3.269000796324068,outer
CC(=O)c1ccc(C)cc1,Cc1ccc([C@H](C)O)cc1,2003,Ru,Cc1cc(C)cc(c1)P(c1cccc2c1[C@]1(CC2)CCc2c1c(ccc2)P(c1cc(C)cc(c1)C)c1cc(C)cc(c1)C)c1ccc(cc1C)C.N[C@@H]([C@@H](c1ccccc1)N)c1ccccc1,CC(O)C,[O-1]C(C)(C)C.[K+],50.0,25.0,5000.0,3.269000796324068,outer
CC(=O)c1cccc(Br)c1,C[C@H](O)c1cccc(Br)c1,2003,Ru,Cc1cc(C)cc(c1)P(c1cccc2c1[C@]1(CC2)CCc2c1c(ccc2)P(c1cc(C)cc(c1)C)c1cc(C)cc(c1)C)c1ccc(cc1C)C.N[C@@H]([C@@H](c1ccccc1)N)c1ccccc1,CC(O)C,[O-1]C(C)(C)C.[K+],50.0,25.0,5000.0,3.269000796324068,outer
CC(=O)c1ccccc1Br,C[C@H](O)c1ccccc1Br,2003,Ru,Cc1cc(C)cc(c1)P(c1cccc2c1[C@]1(CC2)CCc2c1c(ccc2)P(c1cc(C)cc(c1)C)c1cc(C)cc(c1)C)c1ccc(cc1C)C.N[C@@H]([C@@H](c1ccccc1)N)c1ccccc1,CC(O)C,[O-1]C(C)(C)C.[K+],50.0,25.0,5000.0,3.269000796324068,outer
O=C(CN1C(=O)c2ccccc2C1=O)c1ccc(Cl)cc1,O=C1c2ccccc2C(=O)N1C[C@H](O)c1ccc(Cl)cc1,2005,Ru,[SiH3]c1cc(P(c2ccccc2)c2ccccc2)c(c2c1cccc2)c1c(cc(c2c1cccc2)[SiH3])P(c1ccccc1)c1ccccc1,CCO,,102.04,80.0,100.0,3.261112674418902,inner
CC(=O)c1ccccc1,C[C@@H](O)c1ccccc1,2011,Ru,Cc1cc(C)cc(c1)P(c1ccc2c(c1c1c(ccc3c1cccc3)P(c1cc(C)cc(c1)C)c1cc(C)cc(c1)C)cccc2)c1cc(C)cc(c1)C.COc1ccc(cc1)C(c1ccc(cc1)OC)([C@H](C(C)C)N)N,CCO.CC(O)C,C1CCN2C(=NCCC2)CC1,10.0,35.0,99999.99999999999,3.2413852753914467,outer
CC(=O)c1ccccc1,C[C@@H](O)c1ccccc1,2011,Ru,Cc1cc(C)cc(c1)P(c1ccc2c(c1c1c(ccc3c1cccc3)P(c1cc(C)cc(c1)C)c1cc(C)cc(c1)C)cccc2)c1cc(C)cc(c1)C.COc1ccc(cc1)C(c1ccc(cc1)OC)([C@H](C(C)C)N)N,ClCCl,[O-1]C(C)(C)C.[K+],10.0,35.0,2000.0,3.2413852753914467,outer
CC(=O)c1ccccc1,C[C@@H](O)c1ccccc1,2011,Ru,Cc1cc(C)cc(c1)P(c1ccc2c(c1c1c(ccc3c1cccc3)P(c1cc(C)cc(c1)C)c1cc(C)cc(c1)C)cccc2)c1cc(C)cc(c1)C.COc1ccc(cc1)C(c1ccc(cc1)OC)([C@H](C(C)C)N)N,Cc1ccccc1,[O-1]C(C)(C)C.[K+],10.0,35.0,2000.0,3.2413852753914467,outer
CC(=O)c1ccccc1,C[C@@H](O)c1ccccc1,2011,Ru,Cc1cc(C)cc(c1)P(c1ccc2c(c1c1c(ccc3c1cccc3)P(c1cc(C)cc(c1)C)c1cc(C)cc(c1)C)cccc2)c1cc(C)cc(c1)C.COc1ccc(cc1)C(c1ccc(cc1)OC)([C@H](C(C)C)N)N,CCO.CC(O)C,[O-1]C(C)(C)C.[K+],7.0,35.0,99999.99999999999,3.2413852753914467,outer
CC(=O)c1ccccc1,C[C@@H](O)c1ccccc1,2011,Ru,Cc1cc(C)cc(c1)P(c1ccc2c(c1c1c(ccc3c1cccc3)P(c1cc(C)cc(c1)C)c1cc(C)cc(c1)C)cccc2)c1cc(C)cc(c1)C.COc1ccc(cc1)C(c1ccc(cc1)OC)([C@H](C(C)C)N)N,CC(O)C,[O-1]C(C)(C)C.[K+],50.0,35.0,99999.99999999999,3.2413852753914467,outer
CC(=O)c1ccccc1,C[C@@H](O)c1ccccc1,2011,Ru,Cc1cc(C)cc(c1)P(c1ccc2c(c1c1c(ccc3c1cccc3)P(c1cc(C)cc(c1)C)c1cc(C)cc(c1)C)cccc2)c1cc(C)cc(c1)C.COc1ccc(cc1)C(c1ccc(cc1)OC)([C@H](C(C)C)N)N,CCO.CC(O)C,[O-1]C(C)(C)C.[K+],50.0,35.0,10000.0,3.2413852753914467,outer
CC(=O)c1ccccc1,C[C@@H](O)c1ccccc1,2011,Ru,Cc1cc(C)cc(c1)P(c1ccc2c(c1c1c(ccc3c1cccc3)P(c1cc(C)cc(c1)C)c1cc(C)cc(c1)C)cccc2)c1cc(C)cc(c1)C.COc1ccc(cc1)C(c1ccc(cc1)OC)([C@H](C(C)C)N)N,CCO.CC(O)C,[O-1]C(C)(C)C.[K+],50.0,35.0,99999.99999999999,3.2413852753914467,outer
CC(=O)c1ccccc1,C[C@@H](O)c1ccccc1,2011,Ru,Cc1cc(C)cc(c1)P(c1ccc2c(c1c1c(ccc3c1cccc3)P(c1cc(C)cc(c1)C)c1cc(C)cc(c1)C)cccc2)c1cc(C)cc(c1)C.COc1ccc(cc1)C(c1ccc(cc1)OC)([C@H](C(C)C)N)N,CCO.CC(O)C,[O-1]C(C)(C)C.[K+],1.0,35.0,99999.99999999999,3.2413852753914467,outer
CC(=O)c1ccccc1,C[C@@H](O)c1ccccc1,2011,Ru,Cc1cc(C)cc(c1)P(c1ccc2c(c1c1c(ccc3c1cccc3)P(c1cc(C)cc(c1)C)c1cc(C)cc(c1)C)cccc2)c1cc(C)cc(c1)C.COc1ccc(cc1)C(c1ccc(cc1)OC)([C@H](C(C)C)N)N,Cc1ccccc1,C1CCN2C(=NCCC2)CC1,10.0,35.0,4000.0,3.2413852753914467,outer
CC(=O)c1ccccc1,C[C@@H](O)c1ccccc1,2011,Ru,Cc1cc(C)cc(c1)P(c1ccc2c(c1c1c(ccc3c1cccc3)P(c1cc(C)cc(c1)C)c1cc(C)cc(c1)C)cccc2)c1cc(C)cc(c1)C.COc1ccc(cc1)C(c1ccc(cc1)OC)([C@H](C(C)C)N)N,CO,[O-1]C(C)(C)C.[K+],50.0,35.0,10000.0,3.2413852753914467,outer
CC(=O)c1ccccc1,C[C@@H](O)c1ccccc1,2011,Ru,Cc1cc(C)cc(c1)P(c1ccc2c(c1c1c(ccc3c1cccc3)P(c1cc(C)cc(c1)C)c1cc(C)cc(c1)C)cccc2)c1cc(C)cc(c1)C.COc1ccc(cc1)C(c1ccc(cc1)OC)([C@H](C(C)C)N)N,CCO,[O-1]C(C)(C)C.[K+],50.0,35.0,99999.99999999999,3.2413852753914467,outer
CC(=O)c1ccccc1,C[C@@H](O)c1ccccc1,2011,Ru,Cc1cc(C)cc(c1)P(c1ccc2c(c1c1c(ccc3c1cccc3)P(c1cc(C)cc(c1)C)c1cc(C)cc(c1)C)cccc2)c1cc(C)cc(c1)C.COc1ccc(cc1)C(c1ccc(cc1)OC)([C@H](C(C)C)N)N,ClCCl,C1CCN2C(=NCCC2)CC1,10.0,35.0,4000.0,3.2413852753914467,outer
CC(=O)c1ccccc1,C[C@@H](O)c1ccccc1,2009,Ru,C[C@@H]1C[C@@H](C)Oc2c(-c3c(O1)cccc3P(c1cc(C)cc(c1)C)c1cc(C)cc(c1)C)c(ccc2)P(c1cc(C)cc(c1)C)c1cc(C)cc(c1)C.COc1ccc(cc1)C(c1ccc(cc1)OC)([C@H](C(C)C)N)N,CC(O)C,[O-1]C(C)(C)C.[K+],50.0,21.0,500000.0,3.2251436667406495,outer
CC(=O)c1ccccc1,C[C@H](O)c1ccccc1,2002,Ru,COc1nc(OC)cc(c1c1c(OC)nc(cc1P(c1cc(C)cc(c1)C)c1cc(C)cc(c1)C)OC)P(c1cc(C)cc(c1)C)c1cc(C)cc(c1)C,CC(O)C,[O-1]C(C)(C)C.[K+],34.02,26.5,49999.99999999999,3.215012602828856,outer
CC(=O)c1ccccc1,C[C@H](O)c1ccccc1,2002,Ru,COc1nc(OC)cc(c1c1c(OC)nc(cc1P(c1cc(C)cc(c1)C)c1cc(C)cc(c1)C)OC)P(c1cc(C)cc(c1)C)c1cc(C)cc(c1)C,CC(O)C,[O-1]C(C)(C)C.[K+],34.02,26.5,99999.99999999999,3.215012602828856,outer
O=C1CCC/C1=C\c1ccccc1,O[C@@H]1CCC/C1=C\c1ccccc1,2019,Ru,CC([C@H]1COC(=N1)C12C3[Ru]4567891(C2(C7C34)P(c1ccccc1)c1ccccc1)C1C5C9(C8(C61)P(c1ccccc1)c1ccccc1)C1=N[C@H](CO1)C(C)(C)C)(C)C,CO,[K+].[OH-1],2.0,25.0,100.0,3.1989187636690253,inner
CCC(=O)c1ccccc1,CC[C@H](O)c1ccccc1,2004,Ru,Cc1cc(C)cc(c1)P(c1cc(c2c(c1c1c(cc(c3c1cccc3)[Si](C)(C)C)P(c1cc(C)cc(c1)C)c1cc(C)cc(c1)C)cccc2)[Si](C)(C)C)c1cc(C)cc(c1)C.N[C@@H]([C@@H](c1ccccc1)N)c1ccccc1,CC(O)C,[O-1]C(C)(C)C.[K+],48.3,25.0,1000.0,3.1989187636690253,outer
CC(=O)c1cccc2ccccc12,C[C@H](O)c1cccc2ccccc12,2004,Ru,Cc1ccc2c(c1)c(C)cc(c2c1c(cc(c2c1ccc(c2)C)C)P(c1cc(C)cc(c1)C)c1cc(C)cc(c1)C)P(c1cc(C)cc(c1)C)c1cc(C)cc(c1)C.N[C@@H]([C@@H](c1ccccc1)N)c1ccccc1,CC(O)C,[O-1]C(C)(C)C.[K+],48.3,25.0,1000.0,3.1989187636690253,outer
CC(=O)c1ccc(C(C)(C)C)cc1,C[C@H](O)c1ccc(C(C)(C)C)cc1,2004,Ru,OP(=O)(c1cc(P(c2ccccc2)c2ccccc2)c(c2c1cccc2)c1c(cc(c2c1cccc2)P(=O)(O)O)P(c1ccccc1)c1ccccc1)O.N[C@@H]([C@@H](c1ccccc1)N)c1ccccc1,CC(O)C,[O-1]C(C)(C)C.[K+],47.62,25.0,1000.0,3.1989187636690253,outer
O=C1CCC/C1=C\c1ccccc1,O[C@@H]1CCC/C1=C\c1ccccc1,2019,Ru,CC([C@H]1COC(=N1)C12C3[Ru]4567891(C2(C7C34)P(c1ccccc1)c1ccccc1)C1C5C9(C8(C61)P(c1ccccc1)c1ccccc1)C1=N[C@H](CO1)C(C)(C)C)(C)C,CO,[O-1]C(=O)[O-1].[Cs+].[Cs+],2.0,25.0,100.0,3.1989187636690253,inner
CC(=O)c1ccc(Cl)cc1,C[C@H](O)c1ccc(Cl)cc1,2004,Ru,Cc1ccc2c(c1)c(C)cc(c2c1c(cc(c2c1ccc(c2)C)C)P(c1cc(C)cc(c1)C)c1cc(C)cc(c1)C)P(c1cc(C)cc(c1)C)c1cc(C)cc(c1)C.COc1ccc(cc1)C(c1ccc(cc1)OC)([C@@H](C(C)C)N)N,CC(O)C,[O-1]C(C)(C)C.[K+],48.3,25.0,1000.0,3.1989187636690253,outer
O=C1CCC/C1=C\c1ccccc1,O[C@@H]1CCC/C1=C\c1ccccc1,2019,Ru,CC([C@H]1COC(=N1)C12C3[Ru]4567891(C2(C7C34)P(c1ccccc1)c1ccccc1)C1C5C9(C8(C61)P(c1ccccc1)c1ccccc1)C1=N[C@H](CO1)C(C)(C)C)(C)C,CO,C1CCN2C(=NCCC2)CC1,2.0,25.0,298.5074626865672,3.1989187636690253,inner
O=C1CCC/C1=C\c1ccccc1,O[C@@H]1CCC/C1=C\c1ccccc1,2019,Ru,CC([C@H]1COC(=N1)C12C3[Ru]4567891(C2(C7C34)P(c1ccccc1)c1ccccc1)C1C5C9(C8(C61)P(c1ccccc1)c1ccccc1)C1=N[C@H](CO1)C(C)(C)C)(C)C,CO,[Na+].[O-1]C(=O)O,2.0,25.0,100.0,3.1989187636690253,inner
O=C1CCC/C1=C\c1ccccc1,O[C@@H]1CCC/C1=C\c1ccccc1,2019,Ru,CC([C@H]1COC(=N1)C12C3[Ru]4567891(C2(C7C34)P(c1ccccc1)c1ccccc1)C1C5C9(C8(C61)P(c1ccccc1)c1ccccc1)C1=N[C@H](CO1)C(C)(C)C)(C)C,CO,[O-1]C(=O)[O-1].[Na+].[Na+],2.0,25.0,100.0,3.1989187636690253,inner
O=C1CCC/C1=C\c1ccccc1,O[C@@H]1CCC/C1=C\c1ccccc1,2019,Ru,CC([C@H]1COC(=N1)C12C3[Ru]4567891(C2(C7C34)P(c1ccccc1)c1ccccc1)C1C5C9(C8(C61)P(c1ccccc1)c1ccccc1)C1=N[C@H](CO1)C(C)(C)C)(C)C,CO,[O-1]C(=O)[O-1].[K+].[K+],2.0,25.0,100.0,3.1989187636690253,inner
CC(=O)c1cccc2ccccc12,C[C@H](O)c1cccc2ccccc12,2004,Ru,Cc1cc(C)cc(c1)P(c1cc(c2c(c1c1c(cc(c3c1cccc3)[Si](C)(C)C)P(c1cc(C)cc(c1)C)c1cc(C)cc(c1)C)cccc2)[Si](C)(C)C)c1cc(C)cc(c1)C.N[C@@H]([C@@H](c1ccccc1)N)c1ccccc1,CC(O)C,[O-1]C(C)(C)C.[K+],48.3,25.0,1000.0,3.1989187636690253,outer
CC(=O)c1cccc2ccccc12,C[C@H](O)c1cccc2ccccc12,2004,Ru,Cc1cc(C)cc(c1)P(c1ccc2c(c1c1c(cc(c3c1cccc3)[Si](C)(C)C)P(c1cc(C)cc(c1)C)c1cc(C)cc(c1)C)cccc2)c1cc(C)cc(c1)C.COc1ccc(cc1)C(c1ccc(cc1)OC)([C@@H](C(C)C)N)N,CC(O)C,[O-1]C(C)(C)C.[K+],48.3,25.0,1000.0,3.1989187636690253,outer
O=C(Cc1ccccc1)c1ccccc1,O[C@@H](Cc1ccccc1)c1ccccc1,2004,Ru,Cc1ccc2c(c1)c(C)cc(c2c1c(cc(c2c1ccc(c2)C)C)P(c1cc(C)cc(c1)C)c1cc(C)cc(c1)C)P(c1cc(C)cc(c1)C)c1cc(C)cc(c1)C.COc1ccc(cc1)C(c1ccc(cc1)OC)([C@@H](C(C)C)N)N,CC(O)C,[O-1]C(C)(C)C.[K+],48.3,25.0,1000.0,3.1989187636690253,outer
O=C1CCC/C1=C\c1ccccc1,O[C@@H]1CCC/C1=C\c1ccccc1,2019,Ru,CC([C@H]1COC(=N1)C12C3[Ru]4567891(C2(C7C34)P(c1ccccc1)c1ccccc1)C1C5C9(C8(C61)P(c1ccccc1)c1ccccc1)C1=N[C@H](CO1)C(C)(C)C)(C)C,CO,[Na+].[OH-1],2.0,25.0,100.0,3.1989187636690253,inner
O=C(CN1C(=O)c2ccccc2C1=O)c1ccc(Br)cc1,O=C1c2ccccc2C(=O)N1C[C@H](O)c1ccc(Br)cc1,2005,Ru,[SiH3]c1cc(P(c2ccccc2)c2ccccc2)c(c2c1cccc2)c1c(cc(c2c1cccc2)[SiH3])P(c1ccccc1)c1ccccc1,CCO,,102.04,80.0,100.0,3.1901672684755855,inner
CC1(C)CCC(CN2CCN(CCC(=O)c3ccccc3)CC2)=C(c2ccc(Cl)cc2)C1,CC1(C)CCC(CN2CCN(CC[C@@H](O)c3ccccc3)CC2)=C(c2ccc(Cl)cc2)C1,2025,Ru,Cc1cc(C)c(c(c1)C)[C@H](c1ccc2c(c1)cccc2)NCCP(c1ccccc1)c1ccccc1.CP(CCP(C)C)C,C1CCCO1,[K+].[O-1]C,50.0,30.0,100.0,3.1887909986529843,outer
Cc1ccccc1C(=O)CCN1CCN(c2ccccc2)CC1,Cc1ccccc1[C@H](O)CCN1CCN(c2ccccc2)CC1,2025,Ru,Cc1cc(C)c(c(c1)C)[C@H](c1ccc2c(c1)cccc2)NCCP(c1ccccc1)c1ccccc1.CP(CCP(C)C)C,C1CCCO1,[K+].[O-1]C,50.0,30.0,100.0,3.1887909986529843,outer
O=C(CCN1CCC(=C2c3ccc(Cl)cc3CCc3cccnc32)CC1)c1ccccc1,O[C@H](CCN1CCC(=C2c3ccc(Cl)cc3CCc3cccnc32)CC1)c1ccccc1,2025,Ru,Cc1cc(C)c(c(c1)C)[C@H](c1ccccc1)NCCP(c1ccccc1)c1ccccc1.CP(CCP(C)C)C,C1CCCO1,[K+].[O-1]C,50.0,30.0,100.0,3.1887909986529843,outer
Cc1ccc(C(=O)CCN2CCN(c3ccccc3)CC2)cc1,Cc1ccc([C@H](O)CCN2CCN(c3ccccc3)CC2)cc1,2025,Ru,Cc1cc(C)c(c(c1)C)[C@H](c1ccc2c(c1)cccc2)NCCP(c1ccccc1)c1ccccc1.CP(CCP(C)C)C,C1CCCO1,[K+].[O-1]C,50.0,30.0,100.0,3.1887909986529843,outer
O=C(CCN1CCN(c2ccccc2)CC1)c1cccc2ccccc12,O[C@H](CCN1CCN(c2ccccc2)CC1)c1cccc2ccccc12,2025,Ru,Cc1cc(C)c(c(c1)C)[C@H](c1ccc2c(c1)cccc2)NCCP(c1ccccc1)c1ccccc1.CP(CCP(C)C)C,C1CCCO1,[K+].[O-1]C,50.0,30.0,100.0,3.1887909986529843,outer
COc1cccc(C(=O)CCN2CCN(c3ccccc3)CC2)c1,COc1cccc([C@H](O)CCN2CCN(c3ccccc3)CC2)c1,2025,Ru,Cc1cc(C)c(c(c1)C)[C@H](c1ccc2c(c1)cccc2)NCCP(c1ccccc1)c1ccccc1.CP(CCP(C)C)C,C1CCCO1,[K+].[O-1]C,50.0,30.0,100.0,3.1887909986529843,outer
CCOC(=O)CC(C)=O,CCOC(=O)C[C@H](C)O,2002,Ru,CC(CN([C@@H](C12C3[Fe]4567892(C1(P(c1ccccc1)c1ccccc1)C5C34)C1C8C7C6C91)c1ccccc1P(c1ccccc1)c1ccccc1)CC(C)C)C,CCO,,50.0,50.0,125.0,3.181805775645383,inner
COc1ccccc1C(=O)c1ccccc1,COc1ccccc1[C@@H](O)c1ccccc1,2000,Ru,Cc1cc(C)cc(c1)P(c1ccc2c(c1c1c(ccc3c1cccc3)P(c1cc(C)cc(c1)C)c1cc(C)cc(c1)C)cccc2)c1cc(C)cc(c1)C.COc1ccc(cc1)C(c1ccc(cc1)OC)([C@H](C(C)C)N)N,CC(O)C,[O-1]C(C)(C)C.[K+],8.0,28.0,2000.0,3.167753287957599,outer
CC(C)(C)OC(=O)N1CCC(C(=O)c2ccc(F)cc2)CC1,CC(C)(C)OC(=O)N1CCC([C@H](O)c2ccc(F)cc2)CC1,2007,Ru,Cc1ccc(cc1)P(c1ccc2c(c1c1c(ccc3c1cccc3)P(c1ccc(cc1)C)c1ccc(cc1)C)cccc2)c1ccc(cc1)C.NC[C@@H](c1ccccc1)N,CC(O)C,[K+].[O-1]C(C)(C)C,8.0,27.5,400.0,3.162493860283753,outer
CC(=O)c1ccsc1,C[C@H](O)c1ccsc1,2003,Ru,COc1nc(OC)cc(c1c1c(OC)nc(cc1P(c1cc(C)cc(c1)C)c1cc(C)cc(c1)C)OC)P(c1cc(C)cc(c1)C)c1cc(C)cc(c1)C.N[C@@H]([C@@H](c1ccccc1)N)c1ccccc1,CC(O)C,[O-1]C(C)(C)C.[K+],34.02286336,27.5,10000.0,3.162493860283753,outer
CC(=O)c1ccccc1,C[C@H](O)c1ccccc1,2002,Ru,COc1nc(OC)cc(c1c1c(OC)nc(cc1P(c1cc(C)cc(c1)C)c1cc(C)cc(c1)C)OC)P(c1cc(C)cc(c1)C)c1cc(C)cc(c1)C,CC(O)C,[O-1]C(C)(C)C.[K+],20.41,26.5,1995.307037846984,3.15197500493606,outer
CC(=O)c1nccc2ccccc12,C[C@H](O)c1nccc2ccccc12,2025,Ru,Cc1ccccc1[C@H](c1ccccn1)N[C@H](C12C3[Fe]4567891(C2(C8C34)P(c1ccccc1)c1ccccc1)C1C5C6C9(C71)P(c1ccccc1)c1ccccc1)C,COC(C)(C)C,C1CN=C2N(C1)CCC2,50.0,25.0,33.333333333333336,3.1361967219145215,outer
CC(=O)c1cc2ccccc2cn1,C[C@H](O)c1cc2ccccc2cn1,2025,Ru,Cc1ccccc1[C@H](c1ccccn1)N[C@H](C12C3[Fe]4567891(C2(C8C34)P(c1ccccc1)c1ccccc1)C1C5C6C9(C71)P(c1ccccc1)c1ccccc1)C,COC(C)(C)C,C1CN=C2N(C1)CCC2,50.0,25.0,33.333333333333336,3.1361967219145215,outer
CC(=O)c1ccc(Cl)cc1,C[C@H](O)c1ccc(Cl)cc1,2003,Ru,Cc1cc(C)cc(c1)P(c1cccc2c1[C@]1(CC2)CCc2c1c(ccc2)P(c1cc(C)cc(c1)C)c1cc(C)cc(c1)C)c1ccc(cc1C)C.N[C@@H]([C@@H](c1ccccc1)N)c1ccccc1,CC(O)C,[O-1]C(C)(C)C.[K+],50.0,25.0,5000.0,3.1361967219145215,outer
CC(=O)c1ccc(Br)cc1,C[C@H](O)c1ccc(Br)cc1,2003,Ru,Cc1cc(C)cc(c1)P(c1cccc2c1[C@]1(CC2)CCc2c1c(ccc2)P(c1cc(C)cc(c1)C)c1cc(C)cc(c1)C)c1ccc(cc1C)C.N[C@@H]([C@@H](c1ccccc1)N)c1ccccc1,CC(O)C,[O-1]C(C)(C)C.[K+],50.0,25.0,5000.0,3.1361967219145215,outer
CC(=O)c1ccccc1,C[C@H](O)c1ccccc1,2003,Ru,Cc1cc(C)cc(c1)P(c1cccc2c1[C@]1(CC2)CCc2c1c(ccc2)P(c1cc(C)cc(c1)C)c1cc(C)cc(c1)C)c1ccc(cc1C)C.N[C@@H]([C@@H](c1ccccc1)N)c1ccccc1,CC(O)C,[O-1]C(C)(C)C.[K+],50.0,25.0,5000.0,3.1361967219145215,outer
CC(=O)c1ccccc1,C[C@H](O)c1ccccc1,2004,Ru,Cc1cc(C)cc(c1)P(c1ccc2c(c1c1c(ccc3c1cccc3)P(c1cc(C)cc(c1)C)c1cc(C)cc(c1)C)cccc2)c1cc(C)cc(c1)C.COc1ccc(cc1)C(c1ccc(cc1)OC)([C@@H](C(C)C)N)N,CC(O)C,[O-1]C(C)(C)C.[K+],48.3,25.0,1000.0,3.1361967219145215,outer
O=C1CCC/C1=C\c1ccccc1,O[C@@H]1CCC/C1=C\c1ccccc1,2019,Ru,CC([C@H]1COC(=N1)C12C3[Ru]4567891(C2(C7C34)P(c1ccccc1)c1ccccc1)C1C5C9(C8(C61)P(c1ccccc1)c1ccccc1)C1=N[C@H](CO1)C(C)(C)C)(C)C,CO,[Na+].[O-1]C(C)(C)C,2.0,25.0,100.0,3.1361967219145215,inner
CC(=O)c1ncccc1Cl,C[C@H](O)c1ncccc1Cl,2025,Ru,Cc1ccccc1[C@H](c1ccccn1)N[C@H](C12C3[Fe]4567891(C2(C8C34)P(c1ccccc1)c1ccccc1)C1C5C6C9(C71)P(c1ccccc1)c1ccccc1)C,COC(C)(C)C,C1CN=C2N(C1)CCC2,50.0,25.0,33.333333333333336,3.1361967219145215,outer
CC(=O)c1cccc(C(F)(F)F)c1,C[C@@H](O)c1cccc(C(F)(F)F)c1,2002,Ru,Cc1cc(C)cc(c1)P(c1cc(C)c(c(c1c1c(C)c(C)c(cc1P(c1cc(C)cc(c1)C)c1cc(C)cc(c1)C)C)C)C)c1cc(C)cc(c1)C.COc1ccc(cc1)C(c1ccc(cc1)OC)(C(C(C)C)N)N,CC(O)C.CC(O)(C)C,[O-1]C(C)(C)C.[K+],8.17,25.0,3030.3030303030305,3.1361967219145215,outer
CC(=O)c1ncccc1Br,C[C@H](O)c1ncccc1Br,2025,Ru,Cc1ccccc1[C@H](c1ccccn1)N[C@H](C12C3[Fe]4567891(C2(C8C34)P(c1ccccc1)c1ccccc1)C1C5C6C9(C71)P(c1ccccc1)c1ccccc1)C,COC(C)(C)C,C1CN=C2N(C1)CCC2,50.0,25.0,33.333333333333336,3.1361967219145215,outer
CC(=O)c1ccccc1,C[C@H](O)c1ccccc1,2005,Ru,Cc1cc(C)cc(c1)P(c1cccc2c1C1(CC2)CCc2c1c(ccc2)P(c1cc(C)cc(c1)C)c1cc(C)cc(c1)C)c1cc(C)cc(c1)C.N[C@@H]([C@@H](c1ccccc1)N)c1ccccc1,CC(O)C,[O-1]C(C)(C)C.[K+],50.0,25.0,5000.0,3.1361967219145215,outer
CC(=O)c1cccc(C(F)(F)F)c1,C[C@H](O)c1cccc(C(F)(F)F)c1,2003,Ru,Cc1cc(C)cc(c1)P(c1cccc2c1[C@]1(CC2)CCc2c1c(ccc2)P(c1cc(C)cc(c1)C)c1cc(C)cc(c1)C)c1ccc(cc1C)C.N[C@@H]([C@@H](c1ccccc1)N)c1ccccc1,CC(O)C,[O-1]C(C)(C)C.[K+],50.0,25.0,5000.0,3.1361967219145215,outer
CC(=O)c1ccccc1,C[C@H](O)c1ccccc1,2023,Ru,Cc1cc(C)cc(c1)P(c1ccc2c(c1c1c(ccc3c1cccc3)P(c1cc(C)cc(c1)C)c1cc(C)cc(c1)C)cccc2)c1cc(C)cc(c1)C.COc1ccc(cc1)C(c1ccc(cc1)OC)([C@@H](C(C)C)N)N,CC#N,,10.0,25.0,1000.0,3.1361967219145215,outer
C[Si](C)(C(=O)C1CCCCC1)c1ccccc1,C[Si](C)(c1ccccc1)[C@@H](O)C1CCCCC1,2008,Ru,Cc1ccc(cc1)P(c1ccc2c(c1c1c(ccc3c1cccc3)P(c1ccc(cc1)C)c1ccc(cc1)C)cccc2)c1ccc(cc1)C.NCc1ccccn1,CCO,[O-1]C(C)(C)C.[K+],10.0,25.0,599.9998800000241,3.1361967219145215,outer
CC(C)C(=O)[Si](C)(C)c1ccccc1,CC(C)[C@H](O)[Si](C)(C)c1ccccc1,2008,Ru,Cc1ccc(cc1)P(c1ccc2c(c1c1c(ccc3c1cccc3)P(c1ccc(cc1)C)c1ccc(cc1)C)cccc2)c1ccc(cc1)C.NCc1ccccn1,CCO,[O-1]C(C)(C)C.[K+],10.0,25.0,900.0000900000091,3.1361967219145215,outer
CC(=O)c1ncccc1Br,C[C@H](O)c1ncccc1Br,2025,Ru,Cc1ccccc1[C@H](c1ccccn1)N[C@H](C12C3[Fe]4567891(C2(C8C34)P(c1ccccc1)c1ccccc1)C1C5C6C9(C71)P(c1ccccc1)c1ccccc1)C,COC(C)(C)C,C1CN=C2N(C1)CCC2,50.0,25.0,100.0,3.1361967219145215,outer
O=C1CCC/C1=C\c1cccc(Cl)c1,O[C@@H]1CCC/C1=C\c1cccc(Cl)c1,2019,Ru,CC([C@H]1COC(=N1)C12C3[Ru]4567891(C2(C7C34)P(c1ccccc1)c1ccccc1)C1C5C9(C8(C61)P(c1ccccc1)c1ccccc1)C1=N[C@H](CO1)C(C)(C)C)(C)C,CO,C1CCN2C(=NCCC2)CC1,2.0,25.0,100.0,3.1361967219145215,inner
COc1ccnc(C(C)=O)c1,COc1ccnc([C@H](C)O)c1,2025,Ru,Cc1ccccc1[C@H](c1ccccn1)N[C@H](C12C3[Fe]4567891(C2(C8C34)P(c1ccccc1)c1ccccc1)C1C5C6C9(C71)P(c1ccccc1)c1ccccc1)C,COC(C)(C)C,C1CN=C2N(C1)CCC2,50.0,25.0,33.333333333333336,3.1361967219145215,outer
Cc1ccc(/C=C2\CCCC2=O)cc1,Cc1ccc(/C=C2\CCC[C@H]2O)cc1,2019,Ru,CC([C@H]1COC(=N1)C12C3[Ru]4567891(C2(C7C34)P(c1ccccc1)c1ccccc1)C1C5C9(C8(C61)P(c1ccccc1)c1ccccc1)C1=N[C@H](CO1)C(C)(C)C)(C)C,CO,C1CCN2C(=NCCC2)CC1,2.0,25.0,100.0,3.1361967219145215,inner
O=C1CCC/C1=C\c1ccc(Cl)cc1,O[C@@H]1CCC/C1=C\c1ccc(Cl)cc1,2019,Ru,CC([C@H]1COC(=N1)C12C3[Ru]4567891(C2(C7C34)P(c1ccccc1)c1ccccc1)C1C5C9(C8(C61)P(c1ccccc1)c1ccccc1)C1=N[C@H](CO1)C(C)(C)C)(C)C,CO,C1CCN2C(=NCCC2)CC1,2.0,25.0,100.0,3.1361967219145215,inner
CC(=O)c1ccccc1,C[C@@H](O)c1ccccc1,2002,Ru,Cc1cc(C)cc(c1)P(c1cc(C)c(c(c1c1c(C)c(C)c(cc1P(c1cc(C)cc(c1)C)c1cc(C)cc(c1)C)C)C)C)c1cc(C)cc(c1)C.N[C@H]([C@H](c1ccccc1)N)c1ccccc1,CC(O)C.CC(O)(C)C,[O-1]C(C)(C)C.[K+],8.17,25.0,3030.3030303030305,3.1361967219145215,outer
CC(=O)c1ccccc1,C[C@@H](O)c1ccccc1,2002,Ru,Cc1cc(C)cc(c1)P(c1cc(C)c(c(c1c1c(C)c(C)c(cc1P(c1cc(C)cc(c1)C)c1cc(C)cc(c1)C)C)C)C)c1cc(C)cc(c1)C.COc1ccc(cc1)C(c1ccc(cc1)OC)(C(C(C)C)N)N,CC(O)C.CC(O)(C)C,[O-1]C(C)(C)C.[K+],8.17,25.0,3030.3030303030305,3.1361967219145215,outer
CC(=O)c1cccc(C(F)(F)F)c1,C[C@@H](O)c1cccc(C(F)(F)F)c1,2002,Ru,Cc1cc(C)cc(c1)P(c1cc(C)c(c(c1c1c(C)c(C)c(cc1P(c1cc(C)cc(c1)C)c1cc(C)cc(c1)C)C)C)C)c1cc(C)cc(c1)C.N[C@H]([C@H](c1ccccc1)N)c1ccccc1,CC(O)C.CC(O)(C)C,[O-1]C(C)(C)C.[K+],8.17,25.0,3030.3030303030305,3.1361967219145215,outer
COC(=O)c1ccc(C(C)=O)cc1,COC(=O)c1ccc([C@H](C)O)cc1,2023,Ru,Cc1cc(C)cc(c1)P(c1ccc2c(c1c1c(ccc3c1cccc3)P(c1cc(C)cc(c1)C)c1cc(C)cc(c1)C)cccc2)c1cc(C)cc(c1)C.COc1ccc(cc1)C(c1ccc(cc1)OC)([C@@H](C(C)C)N)N,CO,,50.0,25.0,1000.0,3.1361967219145215,outer
O=C(Cn1ccnc1)c1ccccc1,O[C@H](Cn1ccnc1)c1ccccc1,2022,Ru,Cc1cc(C)cc(c1)P(c1ccc2c(c1c1c(ccc3c1cccc3)P(c1cc(C)cc(c1)C)c1cc(C)cc(c1)C)cccc2)c1cc(C)cc(c1)C.COc1ccc(cc1)C(c1ccc(cc1)OC)([C@H](C(C)C)N)N,C1CCCO1,[K+].[OH-1],50.0,25.0,100.0,3.1361967219145215,outer
O=C(Cn1ccnc1)c1ccc(Cl)cc1Cl,O[C@H](Cn1ccnc1)c1ccc(Cl)cc1Cl,2022,Ru,Cc1cc(C)cc(c1)P(c1ccc2c(c1c1c(ccc3c1cccc3)P(c1cc(C)cc(c1)C)c1cc(C)cc(c1)C)cccc2)c1cc(C)cc(c1)C.COc1ccc(cc1)C(c1ccc(cc1)OC)([C@H](C(C)C)N)N,C1CCCO1,[K+].[OH-1],50.0,25.0,100.0,3.1361967219145215,outer
O=C(Cn1ccnc1)c1ccc(Cl)cc1Cl,O[C@H](Cn1ccnc1)c1ccc(Cl)cc1Cl,2022,Ru,Cc1cc(C)cc(c1)P(c1ccc2c(c1c1c(ccc3c1cccc3)P(c1cc(C)cc(c1)C)c1cc(C)cc(c1)C)cccc2)c1cc(C)cc(c1)C.COc1ccc(cc1)C(c1ccc(cc1)OC)([C@H](C(C)C)N)N,C1CCCO1,[K+].[OH-1],50.0,25.0,2000.0,3.1361967219145215,outer
O=C(Cn1ccnc1)c1ccc(Cl)cc1Cl,O[C@H](Cn1ccnc1)c1ccc(Cl)cc1Cl,2022,Ru,Cc1cc(C)cc(c1)P(c1ccc2c(c1c1c(ccc3c1cccc3)P(c1cc(C)cc(c1)C)c1cc(C)cc(c1)C)cccc2)c1cc(C)cc(c1)C.COc1ccc(cc1)C(c1ccc(cc1)OC)([C@H](C(C)C)N)N,C1CCCO1,[Na+].[O-1]C,50.0,25.0,800.0,3.1361967219145215,outer
O=C(Cn1ccnc1)c1ccc(Cl)cc1Cl,O[C@H](Cn1ccnc1)c1ccc(Cl)cc1Cl,2022,Ru,Cc1cc(C)cc(c1)P(c1ccc2c(c1c1c(ccc3c1cccc3)P(c1cc(C)cc(c1)C)c1cc(C)cc(c1)C)cccc2)c1cc(C)cc(c1)C.COc1ccc(cc1)C(c1ccc(cc1)OC)([C@H](C(C)C)N)N,C1CCCO1,[K+].[OH-1],50.0,25.0,800.0,3.1361967219145215,outer
O=C(Cn1ccnc1)c1ccc(Cl)cc1Cl,O[C@H](Cn1ccnc1)c1ccc(Cl)cc1Cl,2022,Ru,Cc1cc(C)cc(c1)P(c1ccc2c(c1c1c(ccc3c1cccc3)P(c1cc(C)cc(c1)C)c1cc(C)cc(c1)C)cccc2)c1cc(C)cc(c1)C.COc1ccc(cc1)C(c1ccc(cc1)OC)([C@H](C(C)C)N)N,C1CCCO1,[Na+].[OH-1],50.0,25.0,800.0,3.1361967219145215,outer
O=C(Cn1ccnc1)c1ccc(Cl)cc1Cl,O[C@H](Cn1ccnc1)c1ccc(Cl)cc1Cl,2022,Ru,Cc1cc(C)cc(c1)P(c1ccc2c(c1c1c(ccc3c1cccc3)P(c1cc(C)cc(c1)C)c1cc(C)cc(c1)C)cccc2)c1cc(C)cc(c1)C.COc1ccc(cc1)C(c1ccc(cc1)OC)([C@H](C(C)C)N)N,CCOC(=O)C,[K+].[O-1]C(C)(C)C,50.0,25.0,200.0,3.1361967219145215,outer
O=C(Cn1ccnc1)c1ccc(Cl)cc1Cl,O[C@H](Cn1ccnc1)c1ccc(Cl)cc1Cl,2022,Ru,Cc1cc(C)cc(c1)P(c1ccc2c(c1c1c(ccc3c1cccc3)P(c1cc(C)cc(c1)C)c1cc(C)cc(c1)C)cccc2)c1cc(C)cc(c1)C.COc1ccc(cc1)C(c1ccc(cc1)OC)([C@H](C(C)C)N)N,C1CCCO1,[K+].[O-1]C(C)(C)C,50.0,25.0,200.0,3.1361967219145215,outer
CC(=O)c1ncccc1C,Cc1cccnc1[C@H](C)O,2025,Ru,Cc1ccccc1[C@H](c1ccccn1)N[C@H](C12C3[Fe]4567891(C2(C8C34)P(c1ccccc1)c1ccccc1)C1C5C6C9(C71)P(c1ccccc1)c1ccccc1)C,COC(C)(C)C,C1CN=C2N(C1)CCC2,50.0,25.0,33.333333333333336,3.1361967219145215,outer
CC(=O)c1cccc2ccccc12,C[C@H](O)c1cccc2ccccc12,2004,Ru,OP(=O)(c1cc(P(c2ccccc2)c2ccccc2)c(c2c1cccc2)c1c(cc(c2c1cccc2)P(=O)(O)O)P(c1ccccc1)c1ccccc1)O.N[C@@H]([C@@H](c1ccccc1)N)c1ccccc1,CC(O)C,[O-1]C(C)(C)C.[K+],47.62,25.0,1000.0,3.1361967219145215,outer
COc1cccc(/C=C2\CCCC2=O)c1,COc1cccc(/C=C2\CCC[C@H]2O)c1,2019,Ru,CC([C@H]1COC(=N1)C12C3[Ru]4567891(C2(C7C34)P(c1ccccc1)c1ccccc1)C1C5C9(C8(C61)P(c1ccccc1)c1ccccc1)C1=N[C@H](CO1)C(C)(C)C)(C)C,CO,C1CCN2C(=NCCC2)CC1,2.0,25.0,100.0,3.1361967219145215,inner
CON(C)C(=O)CC(C)=O,CON(C)C(=O)C[C@H](C)O,2017,Ru,c1ccc(cc1)P(c1ccc2c(c1c1c(ccc3c1cccc3)P(c1ccccc1)c1ccccc1)cccc2)c1ccccc1,CCO,,5.0,25.0,200.0,3.1361967219145215,inner
CC(=O)c1cccc2ccccc12,C[C@H](O)c1cccc2ccccc12,2004,Ru,C[Si](c1cc(P(c2ccccc2)c2ccccc2)c(c2c1cccc2)c1c(cc(c2c1cccc2)[Si](C)(C)C)P(c1ccccc1)c1ccccc1)(C)C.N[C@@H]([C@@H](c1ccccc1)N)c1ccccc1,CC(O)C,[O-1]C(C)(C)C.[K+],47.62,25.0,1000.0,3.1361967219145215,outer
CCC(=O)c1ccccn1,CC[C@H](O)c1ccccn1,2025,Ru,Cc1ccccc1[C@H](c1ccccn1)N[C@H](C12C3[Fe]4567891(C2(C8C34)P(c1ccccc1)c1ccccc1)C1C5C6C9(C71)P(c1ccccc1)c1ccccc1)C,COC(C)(C)C,C1CN=C2N(C1)CCC2,50.0,25.0,33.333333333333336,3.1361967219145215,outer
COc1ccc(C(C)=O)cc1,COc1ccc([C@H](C)O)cc1,2010,Ru,CC1(C)O[C@@H]([C@H](O1)CP(c1ccccc1)c1ccccc1)CP(c1ccccc1)c1ccccc1.NCc1nc2c([nH]1)cccc2,Cc1ccccc1.CC(O)(C)C,[O-1]C(C)(C)C.[K+].c1ccc(cc1)P(c1ccccc1)c1ccccc1,8.0,25.0,1000.0,3.1361967219145215,outer
CC(=O)c1cccc(Br)c1,C[C@H](O)c1cccc(Br)c1,2010,Ru,CC1(C)O[C@@H]([C@H](O1)CP(c1ccccc1)c1ccccc1)CP(c1ccccc1)c1ccccc1.NCc1nc2c([nH]1)cccc2,Cc1ccccc1.CC(O)(C)C,[O-1]C(C)(C)C.[K+].c1ccc(cc1)P(c1ccccc1)c1ccccc1,8.0,25.0,5000.0,3.1361967219145215,outer
O=C1CCC/C1=C\c1ccccc1,O[C@@H]1CCC/C1=C\c1ccccc1,2019,Ru,CC([C@H]1COC(=N1)C12C3[Ru]4567891(C2(C7C34)P(c1ccccc1)c1ccccc1)C1C5C9(C8(C61)P(c1ccccc1)c1ccccc1)C1=N[C@H](CO1)C(C)(C)C)(C)C,CCO,C1CCN2C(=NCCC2)CC1,19.7,25.0,100.0,3.1361967219145215,inner
COc1ccc(C(C)=O)cc1,COc1ccc([C@H](C)O)cc1,2004,Ru,Cc1ccc2c(c1)c(C)cc(c2c1c(cc(c2c1ccc(c2)C)C)P(c1cc(C)cc(c1)C)c1cc(C)cc(c1)C)P(c1cc(C)cc(c1)C)c1cc(C)cc(c1)C.COc1ccc(cc1)C(c1ccc(cc1)OC)([C@@H](C(C)C)N)N,CC(O)C,[O-1]C(C)(C)C.[K+],48.3,25.0,1000.0,3.1361967219145215,outer
O=C(Cn1ccnc1)c1ccco1,O[C@H](Cn1ccnc1)c1ccco1,2022,Ru,Cc1cc(C)cc(c1)P(c1ccc2c(c1c1c(ccc3c1cccc3)P(c1cc(C)cc(c1)C)c1cc(C)cc(c1)C)cccc2)c1cc(C)cc(c1)C.COc1ccc(cc1)C(c1ccc(cc1)OC)([C@H](C(C)C)N)N,C1CCCO1,[K+].[OH-1],50.0,25.0,100.0,3.1361967219145215,outer
O=C(Cn1ccnc1)c1ccccn1,O[C@H](Cn1ccnc1)c1ccccn1,2022,Ru,Cc1cc(C)cc(c1)P(c1ccc2c(c1c1c(ccc3c1cccc3)P(c1cc(C)cc(c1)C)c1cc(C)cc(c1)C)cccc2)c1cc(C)cc(c1)C.COc1ccc(cc1)C(c1ccc(cc1)OC)([C@H](C(C)C)N)N,C1CCCO1,[K+].[OH-1],50.0,25.0,100.0,3.1361967219145215,outer
O=C(Cn1ccnc1)c1cccs1,O[C@H](Cn1ccnc1)c1cccs1,2022,Ru,Cc1cc(C)cc(c1)P(c1ccc2c(c1c1c(ccc3c1cccc3)P(c1cc(C)cc(c1)C)c1cc(C)cc(c1)C)cccc2)c1cc(C)cc(c1)C.COc1ccc(cc1)C(c1ccc(cc1)OC)([C@H](C(C)C)N)N,C1CCCO1,[K+].[OH-1],50.0,25.0,100.0,3.1361967219145215,outer
O=C(Cn1ccnc1)c1ccc2ccccc2c1,O[C@H](Cn1ccnc1)c1ccc2ccccc2c1,2022,Ru,Cc1cc(C)cc(c1)P(c1ccc2c(c1c1c(ccc3c1cccc3)P(c1cc(C)cc(c1)C)c1cc(C)cc(c1)C)cccc2)c1cc(C)cc(c1)C.COc1ccc(cc1)C(c1ccc(cc1)OC)([C@H](C(C)C)N)N,C1CCCO1,[K+].[OH-1],50.0,25.0,100.0,3.1361967219145215,outer
COC(=O)/C=C/c1cn(CC(=O)c2ccc(Cl)cc2Cl)cn1,COC(=O)/C=C/c1cn(C[C@@H](O)c2ccc(Cl)cc2Cl)cn1,2022,Ru,Cc1cc(C)cc(c1)P(c1ccc2c(c1c1c(ccc3c1cccc3)P(c1cc(C)cc(c1)C)c1cc(C)cc(c1)C)cccc2)c1cc(C)cc(c1)C.COc1ccc(cc1)C(c1ccc(cc1)OC)([C@H](C(C)C)N)N,C1CCCO1,[K+].[OH-1],50.0,25.0,100.0,3.1361967219145215,outer
O=C(Cn1ccnn1)c1ccc(Cl)cc1Cl,O[C@H](Cn1ccnn1)c1ccc(Cl)cc1Cl,2022,Ru,Cc1cc(C)cc(c1)P(c1ccc2c(c1c1c(ccc3c1cccc3)P(c1cc(C)cc(c1)C)c1cc(C)cc(c1)C)cccc2)c1cc(C)cc(c1)C.COc1ccc(cc1)C(c1ccc(cc1)OC)([C@H](C(C)C)N)N,C1CCCO1,[K+].[OH-1],50.0,25.0,100.0,3.1361967219145215,outer
Cc1ccccc1C(=O)Cn1ccnc1,Cc1ccccc1[C@H](O)Cn1ccnc1,2022,Ru,Cc1cc(C)cc(c1)P(c1ccc2c(c1c1c(ccc3c1cccc3)P(c1cc(C)cc(c1)C)c1cc(C)cc(c1)C)cccc2)c1cc(C)cc(c1)C.COc1ccc(cc1)C(c1ccc(cc1)OC)([C@H](C(C)C)N)N,C1CCCO1,[K+].[OH-1],50.0,25.0,100.0,3.1361967219145215,outer
COc1ccccc1C(=O)Cn1ccnc1,COc1ccccc1[C@H](O)Cn1ccnc1,2022,Ru,Cc1cc(C)cc(c1)P(c1ccc2c(c1c1c(ccc3c1cccc3)P(c1cc(C)cc(c1)C)c1cc(C)cc(c1)C)cccc2)c1cc(C)cc(c1)C.COc1ccc(cc1)C(c1ccc(cc1)OC)([C@H](C(C)C)N)N,C1CCCO1,[K+].[OH-1],50.0,25.0,100.0,3.1361967219145215,outer
O=C(Cn1ccnc1)c1ccccc1Br,O[C@H](Cn1ccnc1)c1ccccc1Br,2022,Ru,Cc1cc(C)cc(c1)P(c1ccc2c(c1c1c(ccc3c1cccc3)P(c1cc(C)cc(c1)C)c1cc(C)cc(c1)C)cccc2)c1cc(C)cc(c1)C.COc1ccc(cc1)C(c1ccc(cc1)OC)([C@H](C(C)C)N)N,C1CCCO1,[K+].[OH-1],50.0,25.0,100.0,3.1361967219145215,outer
O=C(Cn1ccnc1)c1cccc(Cl)c1,O[C@H](Cn1ccnc1)c1cccc(Cl)c1,2022,Ru,Cc1cc(C)cc(c1)P(c1ccc2c(c1c1c(ccc3c1cccc3)P(c1cc(C)cc(c1)C)c1cc(C)cc(c1)C)cccc2)c1cc(C)cc(c1)C.COc1ccc(cc1)C(c1ccc(cc1)OC)([C@H](C(C)C)N)N,C1CCCO1,[K+].[OH-1],50.0,25.0,100.0,3.1361967219145215,outer
Cc1ccc(C(=O)Cn2ccnc2)cc1,Cc1ccc([C@H](O)Cn2ccnc2)cc1,2022,Ru,Cc1cc(C)cc(c1)P(c1ccc2c(c1c1c(ccc3c1cccc3)P(c1cc(C)cc(c1)C)c1cc(C)cc(c1)C)cccc2)c1cc(C)cc(c1)C.COc1ccc(cc1)C(c1ccc(cc1)OC)([C@H](C(C)C)N)N,C1CCCO1,[K+].[OH-1],50.0,25.0,100.0,3.1361967219145215,outer
CC(C)(C)c1ccc(C(=O)Cn2ccnc2)cc1,CC(C)(C)c1ccc([C@H](O)Cn2ccnc2)cc1,2022,Ru,Cc1cc(C)cc(c1)P(c1ccc2c(c1c1c(ccc3c1cccc3)P(c1cc(C)cc(c1)C)c1cc(C)cc(c1)C)cccc2)c1cc(C)cc(c1)C.COc1ccc(cc1)C(c1ccc(cc1)OC)([C@H](C(C)C)N)N,C1CCCO1,[K+].[OH-1],50.0,25.0,100.0,3.1361967219145215,outer
O=C(Cn1ccnc1)c1ccc(F)cc1,O[C@H](Cn1ccnc1)c1ccc(F)cc1,2022,Ru,Cc1cc(C)cc(c1)P(c1ccc2c(c1c1c(ccc3c1cccc3)P(c1cc(C)cc(c1)C)c1cc(C)cc(c1)C)cccc2)c1cc(C)cc(c1)C.COc1ccc(cc1)C(c1ccc(cc1)OC)([C@H](C(C)C)N)N,C1CCCO1,[K+].[OH-1],50.0,25.0,100.0,3.1361967219145215,outer
O=C(CCCc1ccccc1)c1ccccc1,O[C@H](CCCc1ccccc1)c1ccccc1,2006,Ru,c1ccc(cc1)c1cc2ccccc2c(c1NCc1ccccn1)c1c(NCc2ccccn2)c(cc2c1cccc2)c1ccccc1,CC(O)C,[O-1]C(C)(C)C.[K+],50.0,25.0,1000.0,3.1361967219145215,outer
O=C(Cn1ccnc1)c1ccc(Cl)cc1Cl,O[C@H](Cn1ccnc1)c1ccc(Cl)cc1Cl,2022,Ru,Cc1cc(C)cc(c1)P(c1ccc2c(c1c1c(ccc3c1cccc3)P(c1cc(C)cc(c1)C)c1cc(C)cc(c1)C)cccc2)c1cc(C)cc(c1)C.COc1ccc(cc1)C(c1ccc(cc1)OC)([C@H](C(C)C)N)N,CC(O)C,[K+].[O-1]C(C)(C)C,50.0,25.0,100.0,3.1361967219145215,outer
O=C(Cn1ncnn1)c1ccccc1Cl,O[C@H](Cn1ncnn1)c1ccccc1Cl,2022,Ru,Cc1cc(C)cc(c1)P(c1ccc2c(c1c1c(ccc3c1cccc3)P(c1cc(C)cc(c1)C)c1cc(C)cc(c1)C)cccc2)c1cc(C)cc(c1)C.COc1ccc(cc1)C(c1ccc(cc1)OC)([C@H](C(C)C)N)N,C1CCCO1,[Cs+].[O-1]C(=O)[O-1].[Cs+],50.0,25.0,100.0,3.1361967219145215,outer
CC(=O)N(C)CC(=O)c1ccccc1,CC(=O)N(C)C[C@H](O)c1ccccc1,2000,Ru,Cc1cc(C)cc(c1)P(c1ccc2c(c1c1c(ccc3c1cccc3)P(c1cc(C)cc(c1)C)c1cc(C)cc(c1)C)cccc2)c1cc(C)cc(c1)C.COc1ccc(cc1)C(c1ccc(cc1)OC)(C(C(C)C)N)N,CC(O)C,[O-1]C(C)(C)C.[K+],8.0,25.0,20000.0,3.1361967219145215,outer
CN(CC(=O)c1ccccc1)C(=O)OC(C)(C)C,CN(C[C@H](O)c1ccccc1)C(=O)OC(C)(C)C,2000,Ru,Cc1cc(C)cc(c1)P(c1ccc2c(c1c1c(ccc3c1cccc3)P(c1cc(C)cc(c1)C)c1cc(C)cc(c1)C)cccc2)c1cc(C)cc(c1)C.COc1ccc(cc1)C(c1ccc(cc1)OC)(C(C(C)C)N)N,CC(O)C,[O-1]C(C)(C)C.[K+],8.0,25.0,20000.0,3.1361967219145215,outer
CCC(=O)c1ccccc1,CC[C@H](O)c1ccccc1,2010,Ru,CC1(C)O[C@@H]([C@H](O1)CP(c1ccccc1)c1ccccc1)CP(c1ccccc1)c1ccccc1.NCc1nc2c([nH]1)cccc2,Cc1ccccc1.CC(O)(C)C,[O-1]C(C)(C)C.[K+].c1ccc(cc1)P(c1ccccc1)c1ccccc1,8.0,25.0,1000.0,3.1361967219145215,outer
O=C(Cn1ccnc1)c1ccc(C(F)(F)F)cc1,O[C@H](Cn1ccnc1)c1ccc(C(F)(F)F)cc1,2022,Ru,Cc1cc(C)cc(c1)P(c1ccc2c(c1c1c(ccc3c1cccc3)P(c1cc(C)cc(c1)C)c1cc(C)cc(c1)C)cccc2)c1cc(C)cc(c1)C.COc1ccc(cc1)C(c1ccc(cc1)OC)([C@H](C(C)C)N)N,C1CCCO1,[K+].[OH-1],50.0,25.0,100.0,3.1361967219145215,outer
O=C1CCCc2ccccc21,O[C@@H]1CCCc2ccccc21,2004,Ru,Cc1cc(C)cc(c1)P(c1ccc2c(c1c1c(ccc3c1cccc3)P(c1cc(C)cc(c1)C)c1cc(C)cc(c1)C)cccc2)c1cc(C)cc(c1)C.C[C@H]([C@H]1OC(O[C@@H]1[C@H](N)C)(C)C)N,CC(O)C,[O-1]C(C)(C)C.[K+],9.0,25.0,3000.003000003,3.1361967219145215,outer
O=C1CCCc2ccccc21,O[C@@H]1CCCc2ccccc21,2004,Ru,Cc1cc(C)cc(c1)P(c1ccc2c(c1c1c(ccc3c1cccc3)P(c1cc(C)cc(c1)C)c1cc(C)cc(c1)C)cccc2)c1cc(C)cc(c1)C.C[C@H]([C@H]1OC(O[C@@H]1[C@H](N)C)(C)C)N,CC(O)C.CC(O)C.CC(O)C.CC(O)(C)C,[O-1]C(C)(C)C.[K+],9.0,25.0,3000.003000003,3.1361967219145215,outer
COc1ccc2c(c1)C(=O)CCC2,COc1ccc2c(c1)[C@H](O)CCC2,2004,Ru,Cc1cc(C)cc(c1)P(c1ccc2c(c1c1c(ccc3c1cccc3)P(c1cc(C)cc(c1)C)c1cc(C)cc(c1)C)cccc2)c1cc(C)cc(c1)C.C[C@H]([C@H]1OC(O[C@@H]1[C@H](N)C)(C)C)N,CC(O)C,[O-1]C(C)(C)C.[K+],9.0,25.0,3300.0033000033004,3.1361967219145215,outer
CC(=O)c1cccs1,C[C@@H](O)c1cccs1,2000,Ru,Cc1cc(C)cc(c1)P(c1ccc2c(c1c1c(ccc3c1cccc3)P(c1cc(C)cc(c1)C)c1cc(C)cc(c1)C)cccc2)c1cc(C)cc(c1)C.COc1ccc(cc1)C(c1ccc(cc1)OC)(C(C(C)C)N)N,CC(O)C,[O-1]C(C)(C)C.[K+],1.0,25.0,1000.0,3.1361967219145215,outer
CC(=O)c1ccc2ccccc2c1,C[C@H](O)c1ccc2ccccc2c1,2010,Ru,CC1(C)O[C@@H]([C@H](O1)CP(c1ccccc1)c1ccccc1)CP(c1ccccc1)c1ccccc1.NCc1nc2c([nH]1)cccc2,Cc1ccccc1.CC(O)(C)C,[O-1]C(C)(C)C.[K+].c1ccc(cc1)P(c1ccccc1)c1ccccc1,8.0,25.0,1000.0,3.1361967219145215,outer
O=C(c1ccccc1)c1ccccc1Cl,O[C@H](c1ccccc1)c1ccccc1Cl,2010,Ru,CC1(C)O[C@@H]([C@H](O1)CP(c1ccccc1)c1ccccc1)CP(c1ccccc1)c1ccccc1.NCc1nc2c([nH]1)cccc2,Cc1ccccc1.CC(O)(C)C,[O-1]C(C)(C)C.[K+].c1ccc(cc1)P(c1ccccc1)c1ccccc1,8.0,25.0,1000.0,3.1361967219145215,outer
O=C(Cn1cnc2ccccc21)c1ccc(Cl)cc1Cl,O[C@H](Cn1cnc2ccccc21)c1ccc(Cl)cc1Cl,2022,Ru,Cc1cc(C)cc(c1)P(c1ccc2c(c1c1c(ccc3c1cccc3)P(c1cc(C)cc(c1)C)c1cc(C)cc(c1)C)cccc2)c1cc(C)cc(c1)C.COc1ccc(cc1)C(c1ccc(cc1)OC)([C@H](C(C)C)N)N,C1CCCO1,[K+].[OH-1],50.0,25.0,100.0,3.1361967219145215,outer
O=C(Cn1ccnc1)c1ccc(Cl)cc1Cl,O[C@H](Cn1ccnc1)c1ccc(Cl)cc1Cl,2022,Ru,Cc1cc(C)cc(c1)P(c1ccc2c(c1c1c(ccc3c1cccc3)P(c1cc(C)cc(c1)C)c1cc(C)cc(c1)C)cccc2)c1cc(C)cc(c1)C.COc1ccc(cc1)C(c1ccc(cc1)OC)([C@H](C(C)C)N)N,ClCCl,[K+].[O-1]C(C)(C)C,50.0,25.0,200.0,3.1361967219145215,outer
O=C1CCn2ccnc21,O[C@@H]1CCn2ccnc21,2022,Ru,Cc1cc(C)cc(c1)P(c1ccc2c(c1c1c(ccc3c1cccc3)P(c1cc(C)cc(c1)C)c1cc(C)cc(c1)C)cccc2)c1cc(C)cc(c1)C.COc1ccc(cc1)C(c1ccc(cc1)OC)([C@H](C(C)C)N)N,C1CCCO1,[K+].[OH-1],50.0,25.0,100.0,3.1361967219145215,outer
O=C(Cn1ccnc1)c1ccc(Cl)cc1,O[C@H](Cn1ccnc1)c1ccc(Cl)cc1,2022,Ru,Cc1cc(C)cc(c1)P(c1ccc2c(c1c1c(ccc3c1cccc3)P(c1cc(C)cc(c1)C)c1cc(C)cc(c1)C)cccc2)c1cc(C)cc(c1)C.COc1ccc(cc1)C(c1ccc(cc1)OC)([C@H](C(C)C)N)N,C1CCCO1,[K+].[OH-1],50.0,25.0,100.0,3.1361967219145215,outer
COC(=O)c1ccc(C(=O)Cn2ccnc2)cc1,COC(=O)c1ccc([C@H](O)Cn2ccnc2)cc1,2022,Ru,Cc1cc(C)cc(c1)P(c1ccc2c(c1c1c(ccc3c1cccc3)P(c1cc(C)cc(c1)C)c1cc(C)cc(c1)C)cccc2)c1cc(C)cc(c1)C.COc1ccc(cc1)C(c1ccc(cc1)OC)([C@H](C(C)C)N)N,C1CCCO1,[K+].[OH-1],50.0,25.0,100.0,3.1361967219145215,outer
CCCCCCCCC(=O)c1ccccc1,CCCCCCCC[C@H](O)c1ccccc1,2011,Ru,Brc1ccc2c(c1)[C@H](NC2)[C@H]1NCc2c1cc(Br)cc2.c1ccc(cc1)P(C12C3[Fe]4567892(C1C5C34)C1C6C7C9(C81)P(c1ccccc1)c1ccccc1)c1ccccc1,CCCO,[K+].[O-1]C(C)(C)C,10.0,25.0,1000.0,3.1361967219145215,outer
CC(=O)c1ccccc1,C[C@H](O)c1ccccc1,2005,Ru,Cc1cc(C)cc(c1)P(c1cccc2c1C1(CC2)CCc2c1c(ccc2)P(c1cc(C)cc(c1)C)c1cc(C)cc(c1)C)c1cc(C)cc(c1)C.N[C@@H]([C@@H](c1ccccc1)N)c1ccccc1,CC(O)C,[O-1]C(C)(C)C.[K+],20.0,25.0,5000.0,3.1361967219145215,outer
CC(=O)c1ccccc1,C[C@H](O)c1ccccc1,2005,Ru,Cc1cc(C)cc(c1)P(c1cccc2c1C1(CC2)CCc2c1c(ccc2)P(c1cc(C)cc(c1)C)c1cc(C)cc(c1)C)c1cc(C)cc(c1)C.N[C@@H]([C@@H](c1ccccc1)N)c1ccccc1,CC(O)C,[O-1]C(C)(C)C.[K+],30.0,25.0,5000.0,3.1361967219145215,outer
COc1ccc(C(C)=O)cc1,COc1ccc([C@H](C)O)cc1,2004,Ru,CCOP(=O)(c1cc(P(c2ccccc2)c2ccccc2)c(c2c1cccc2)c1c(cc(c2c1cccc2)P(=O)(OCC)OCC)P(c1ccccc1)c1ccccc1)OCC.COc1ccc(cc1)C(c1ccc(cc1)OC)([C@@H](C(C)C)N)N,CC(O)C,[O-1]C(C)(C)C.[K+],47.62,25.0,1000.0,3.1361967219145215,outer
CC(=O)c1ccccc1,C[C@H](O)c1ccccc1,2005,Ru,Cc1cc(C)cc(c1)P(c1cccc2c1C1(CC2)CCc2c1c(ccc2)P(c1cc(C)cc(c1)C)c1cc(C)cc(c1)C)c1cc(C)cc(c1)C.N[C@@H]([C@@H](c1ccccc1)N)c1ccccc1,CC(O)C,[O-1]C(C)(C)C.[K+],60.0,25.0,5000.0,3.1361967219145215,outer
COc1ccc2c(c1)CCCC2=O,COc1ccc2c(c1)CCC[C@@H]2O,2011,Ru,Brc1ccc2c(c1)[C@H](NC2)[C@H]1NCc2c1cc(Br)cc2.c1ccc(cc1)P(c1ccccc1Oc1ccccc1P(c1ccccc1)c1ccccc1)c1ccccc1,CCCO,[K+].[O-1]C(C)(C)C,10.0,25.0,1000.0,3.1361967219145215,outer
CC(=O)c1ccc([N+](=O)[O-])cc1,C[C@H](O)c1ccc([N+](=O)[O-])cc1,2004,Ru,Cc1cc(C)cc(c1)P(c1ccc2c(c1c1c(ccc3c1cccc3)P(c1cc(C)cc(c1)C)c1cc(C)cc(c1)C)cccc2)c1cc(C)cc(c1)C.COc1ccc(cc1)C(c1ccc(cc1)OC)([C@@H](C(C)C)N)N,CC(O)C,[O-1]C(C)(C)C.[K+],48.3,25.0,1000.0,3.1361967219145215,outer
CC(C)(C)OC(=O)N1CCC(C(=O)c2ccc(F)cc2)CC1,CC(C)(C)OC(=O)N1CCC([C@H](O)c2ccc(F)cc2)CC1,2008,Ru,Cc1ccc(cc1)P(c1ccc2c(c1c1c(ccc3c1cccc3)P(c1ccc(cc1)C)c1ccc(cc1)C)cccc2)c1ccc(cc1)C.N[C@H](c1ccccc1)CN(C)C,CC(O)C,[K+].[O-1]C(C)(C)C,8.0,25.0,400.0,3.1361967219145215,outer
CC(=O)c1cccc2ccccc12,C[C@@H](O)c1cccc2ccccc12,2006,Ru,O=C(c1ccccc1P(c1ccccc1)c1ccccc1)c1ccccc1P(c1ccccc1)c1ccccc1.N[C@H]([C@H](c1ccccc1)N)c1ccccc1,CC(O)C,[K+].[OH-1],15.0,25.0,250.0,3.1361967219145215,outer
CC(=O)c1cccc2ccccc12,C[C@H](O)c1cccc2ccccc12,2004,Ru,Cc1cc(C)cc(c1)P(c1ccc2c(c1c1c(ccc3c1cccc3)P(c1cc(C)cc(c1)C)c1cc(C)cc(c1)C)cccc2)c1cc(C)cc(c1)C.COc1ccc(cc1)C(c1ccc(cc1)OC)([C@@H](C(C)C)N)N,CC(O)C,[O-1]C(C)(C)C.[K+],48.3,25.0,1000.0,3.1361967219145215,outer
COc1ccc(C(=O)CCNCc2ccccc2)cc1,COc1ccc([C@H](O)CCNCc2ccccc2)cc1,2015,Ru,CC([C@H]1COC(=N1)C12C3[Ru]4567891(C2(C7C34)P(c1ccccc1)c1ccccc1)C1C5C9(C8(C61)P(c1ccccc1)c1ccccc1)C1=N[C@H](CO1)C(C)(C)C)(C)C.c1ccc(cc1)P(c1ccccc1)c1ccccc1,CCO,C1CCN2C(=NCCC2)CC1,50.0,25.0,200.0,3.1361967219145215,inner
CC(=O)c1ccc(C(C)(C)C)cc1,C[C@H](O)c1ccc(C(C)(C)C)cc1,2004,Ru,C[Si](c1cc(P(c2ccccc2)c2ccccc2)c(c2c1cccc2)c1c(cc(c2c1cccc2)[Si](C)(C)C)P(c1ccccc1)c1ccccc1)(C)C.N[C@@H]([C@@H](c1ccccc1)N)c1ccccc1,CC(O)C,[O-1]C(C)(C)C.[K+],47.62,25.0,1000.0,3.1361967219145215,outer
CCC(=O)c1ccccc1,CC[C@H](O)c1ccccc1,2004,Ru,Cc1cc(C)cc(c1)P(c1ccc2c(c1c1c(ccc3c1cccc3)P(c1cc(C)cc(c1)C)c1cc(C)cc(c1)C)cccc2)c1cc(C)cc(c1)C.COc1ccc(cc1)C(c1ccc(cc1)OC)([C@@H](C(C)C)N)N,CC(O)C,[O-1]C(C)(C)C.[K+],48.3,25.0,1000.0,3.1361967219145215,outer
CC(=O)c1ccccc1,C[C@@H](O)c1ccccc1,2002,Ru,Cc1cc(C)cc(c1)P(c1ccc2c(c1c1c(ccc3c1cccc3)P(c1cc(C)cc(c1)C)c1cc(C)cc(c1)C)cccc2)c1cc(C)cc(c1)C.N[C@H]([C@H](c1ccccc1)N)c1ccccc1,CC(O)C,,8.0,24.0,4000.0,3.125677866566829,outer
CCOC(=O)c1ccc(C(C)=O)cc1,CCOC(=O)c1ccc([C@@H](C)O)cc1,2002,Ru,Cc1cc(C)cc(c1)P(c1ccc2c(c1c1c(ccc3c1cccc3)P(c1cc(C)cc(c1)C)c1cc(C)cc(c1)C)cccc2)c1cc(C)cc(c1)C.N[C@H]([C@H](c1ccccc1)N)c1ccccc1,CC(O)C,,8.0,24.0,4000.0,3.125677866566829,outer
CCCCC/C=C/C(C)=O,CCCCC/C=C/[C@@H](C)O,2002,Ru,Cc1cc(C)cc(c1)P(c1ccc2c(c1c1c(ccc3c1cccc3)P(c1cc(C)cc(c1)C)c1cc(C)cc(c1)C)cccc2)c1cc(C)cc(c1)C.N[C@H]([C@H](c1ccccc1)N)c1ccccc1,CC(O)C,,8.0,24.0,4000.0,3.125677866566829,outer
Cc1ccc(C(=O)CN2C(=O)c3ccccc3C2=O)cc1,Cc1ccc([C@@H](O)CN2C(=O)c3ccccc3C2=O)cc1,2005,Ru,[SiH3]c1cc(P(c2ccccc2)c2ccccc2)c(c2c1cccc2)c1c(cc(c2c1cccc2)[SiH3])P(c1ccccc1)c1ccccc1,CCO,,102.04,80.0,100.0,3.125615537900602,inner
CC(=O)c1ccsc1,C[C@H](O)c1ccsc1,2003,Ru,COc1nc(OC)cc(c1c1c(OC)nc(cc1P(c1cc(C)cc(c1)C)c1cc(C)cc(c1)C)OC)P(c1cc(C)cc(c1)C)c1cc(C)cc(c1)C.N[C@@H]([C@@H](c1ccccc1)N)c1ccccc1,CC(O)C,[O-1]C(C)(C)C.[K+],23.81600435,27.5,4000.0,3.105250330804495,outer
CC(=O)c1ccccc1Br,C[C@@H](O)c1ccccc1Br,2010,Ru,COc1cccc(c1P(c1ccc(cc1)OC(C)(C)C)c1ccc(cc1)OC(C)(C)C)c1cccc(c1P(c1ccc(cc1)OC(C)(C)C)c1ccc(cc1)OC(C)(C)C)OC.N[C@H]([C@H](c1ccccc1)N)c1ccccc1,CC(O)C,[K+].[OH-1],29.61,20.0,3000.003000003,3.083602445176059,outer
CC(=O)c1ccccc1Br,C[C@@H](O)c1ccccc1Br,2010,Ru,c1ccc(cc1)P(c1ccc2c(c1c1c(ccc3c1cccc3)P(c1ccccc1)c1ccccc1)cccc2)c1ccccc1.CN[C@H]1CCCC[C@@H]1NC,CC(O)C,[OH-1].[K+],30.0,20.0,3003.003003003003,3.083602445176059,outer
CON(C)C(=O)CC(=O)C1CC1,CON(C)C(=O)C[C@@H](O)C1CC1,2017,Ru,c1ccc(cc1)P(c1ccc2c(c1c1c(ccc3c1cccc3)P(c1ccccc1)c1ccccc1)cccc2)c1ccccc1,CCO,,5.0,25.0,200.0,3.07942919051841,inner
CCC(=O)c1ccccc1,CC[C@H](O)c1ccccc1,2004,Ru,Cc1cc(C)cc(c1)P(c1ccc2c(c1c1c(cc(c3c1cccc3)[Si](C)(C)C)P(c1cc(C)cc(c1)C)c1cc(C)cc(c1)C)cccc2)c1cc(C)cc(c1)C.COc1ccc(cc1)C(c1ccc(cc1)OC)([C@@H](C(C)C)N)N,CC(O)C,[O-1]C(C)(C)C.[K+],48.3,25.0,1000.0,3.07942919051841,outer
CCCCCC(=O)CC(=O)N(C)OC,CCCCC[C@H](O)CC(=O)N(C)OC,2017,Ru,c1ccc(cc1)P(c1ccc2c(c1c1c(ccc3c1cccc3)P(c1ccccc1)c1ccccc1)cccc2)c1ccccc1,CCO,,5.0,25.0,200.0,3.07942919051841,inner
CON(C)C(=O)CC(=O)CC(C)C,CON(C)C(=O)C[C@@H](O)CC(C)C,2017,Ru,c1ccc(cc1)P(c1ccc2c(c1c1c(ccc3c1cccc3)P(c1ccccc1)c1ccccc1)cccc2)c1ccccc1,CCO,,5.0,25.0,200.0,3.07942919051841,inner
CCc1ccc(C(C)=O)cc1,CCc1ccc([C@H](C)O)cc1,2023,Ru,CCCCCN[C@H](c1ccnc2c1cccc2)[C@H]1CC2CCN1CC2C=C.C1CCC(CC1)P(C1CCCCC1)C1CCCCC1,CCO,[Ba+2].[OH-1].[OH-1],60.0,30.0,1000.0,3.078351153388812,outer
COc1cccc(C(C)=O)c1,COc1cccc([C@H](C)O)c1,2023,Ru,CCCCCN[C@H](c1ccnc2c1cccc2)[C@H]1CC2CCN1CC2C=C.C1CCC(CC1)P(C1CCCCC1)C1CCCCC1,CCO,[Ba+2].[OH-1].[OH-1],60.0,30.0,1000.0,3.078351153388812,outer
CC(=O)c1ccc2ccccc2c1,C[C@@H](O)c1ccc2ccccc2c1,2000,Ru,Cc1cc(C)cc(c1)P(c1cc2CCc3ccc(CCc1cc2)cc3P(c1cc(C)cc(c1)C)c1cc(C)cc(c1)C)c1cc(C)cc(c1)C.N[C@H]([C@H](c1ccccc1)N)c1ccccc1,CC(O)C,[K+].[O-1]C(C)(C)C,8.0,19.0,3000.003000003,3.0730835898283666,outer
CC(=O)c1cccc2ccccc12,C[C@@H](O)c1cccc2ccccc12,2000,Ru,Cc1cc(C)cc(c1)P(c1cc2CCc3ccc(CCc1cc2)cc3P(c1cc(C)cc(c1)C)c1cc(C)cc(c1)C)c1cc(C)cc(c1)C.N[C@H]([C@H](c1ccccc1)N)c1ccccc1,CC(O)C,[K+].[O-1]C(C)(C)C,8.0,19.0,3000.003000003,3.0730835898283666,outer
CC(=O)c1cccc(C(F)(F)F)c1,C[C@@H](O)c1cccc(C(F)(F)F)c1,2000,Ru,Cc1cc(C)cc(c1)P(c1cc2CCc3ccc(CCc1cc2)cc3P(c1cc(C)cc(c1)C)c1cc(C)cc(c1)C)c1cc(C)cc(c1)C.N[C@H]([C@H](c1ccccc1)N)c1ccccc1,CC(O)C,[K+].[O-1]C(C)(C)C,8.0,19.0,3000.003000003,3.0730835898283666,outer
CC(=O)c1ccccc1Br,C[C@@H](O)c1ccccc1Br,2000,Ru,Cc1cc(C)cc(c1)P(c1cc2CCc3ccc(CCc1cc2)cc3P(c1cc(C)cc(c1)C)c1cc(C)cc(c1)C)c1cc(C)cc(c1)C.N[C@H]([C@H](c1ccccc1)N)c1ccccc1,CC(O)C,[K+].[O-1]C(C)(C)C,5.5,19.0,3000.003000003,3.0730835898283666,outer
CC(=O)c1ccccc1,C[C@@H](O)c1ccccc1,2000,Ru,Cc1cc(C)cc(c1)P(c1cc2CCc3ccc(CCc1cc2)cc3P(c1cc(C)cc(c1)C)c1cc(C)cc(c1)C)c1cc(C)cc(c1)C.N[C@H]([C@H](c1ccccc1)N)c1ccccc1,CC(O)C,[K+].[O-1]C(C)(C)C,8.0,19.0,3000.003000003,3.0730835898283666,outer
CCC(=O)c1ccccc1,CC[C@H](O)c1ccccc1,2000,Ru,Cc1cc(C)cc(c1)P(c1cc2CCc3ccc(CCc1cc2)cc3P(c1cc(C)cc(c1)C)c1cc(C)cc(c1)C)c1cc(C)cc(c1)C.N[C@@H]([C@@H](c1ccccc1)N)c1ccccc1,CC(O)C,[K+].[O-1]C(C)(C)C,5.5,19.0,3000.003000003,3.0730835898283666,outer
CC(=O)c1cccnc1,C[C@@H](O)c1cccnc1,2000,Ru,Cc1cc(C)cc(c1)P(c1cc2CCc3ccc(CCc1cc2)cc3P(c1cc(C)cc(c1)C)c1cc(C)cc(c1)C)c1cc(C)cc(c1)C.N[C@H]([C@H](c1ccccc1)N)c1ccccc1,CC(O)C,[K+].[O-1]C(C)(C)C,8.0,19.0,1499.999250000375,3.0730835898283666,outer
CC(=O)c1ccccc1,C[C@@H](O)c1ccccc1,2000,Ru,Cc1cc(C)cc(c1)P(c1cc2CCc3ccc(CCc1cc2)cc3P(c1cc(C)cc(c1)C)c1cc(C)cc(c1)C)c1cc(C)cc(c1)C.N[C@H]([C@H](c1ccccc1)N)c1ccccc1,CC(O)C,[K+].[O-1]C(C)(C)C,5.5,19.0,10000.0,3.0730835898283666,outer
CC(=O)c1ccccc1,C[C@@H](O)c1ccccc1,2000,Ru,Cc1cc(C)cc(c1)P(c1cc2CCc3ccc(CCc1cc2)cc3P(c1cc(C)cc(c1)C)c1cc(C)cc(c1)C)c1cc(C)cc(c1)C.N[C@H]([C@H](c1ccccc1)N)c1ccccc1,CC(O)C,[K+].[O-1]C(C)(C)C,5.5,19.0,20000.0,3.0730835898283666,outer
CC(=O)c1ccc(Br)cc1,C[C@@H](O)c1ccc(Br)cc1,2000,Ru,Cc1cc(C)cc(c1)P(c1cc2CCc3ccc(CCc1cc2)cc3P(c1cc(C)cc(c1)C)c1cc(C)cc(c1)C)c1cc(C)cc(c1)C.N[C@H]([C@H](c1ccccc1)N)c1ccccc1,CC(O)C,[K+].[O-1]C(C)(C)C,8.0,19.0,3000.003000003,3.0730835898283666,outer
O=C(COCc1ccccc1)CC(=O)c1cccc2ccccc12,O=C(C[C@@H](O)COCc1ccccc1)c1cccc2ccccc12,2019,Ru,CC1(C)Oc2c(O1)c(c1c3OC(Oc3ccc1P(c1ccccc1)c1ccccc1)(C)C)c(cc2)P(c1ccccc1)c1ccccc1,C1CCCO1,,20.0,70.0,200.0,3.0677656289890898,inner
COc1cccc(C(C)=O)c1,COc1cccc([C@H](C)O)c1,2002,Ru,COc1nc(OC)cc(c1c1c(OC)nc(cc1P(c1cc(C)cc(c1)C)c1cc(C)cc(c1)C)OC)P(c1cc(C)cc(c1)C)c1cc(C)cc(c1)C,CC(O)C,[O-1]C(C)(C)C.[K+],20.41,26.5,4000.0,3.0428102362294487,outer
CC(=O)c1ccc(C)cc1,Cc1ccc([C@H](C)O)cc1,2002,Ru,COc1nc(OC)cc(c1c1c(OC)nc(cc1P(c1cc(C)cc(c1)C)c1cc(C)cc(c1)C)OC)P(c1cc(C)cc(c1)C)c1cc(C)cc(c1)C,CC(O)C,[O-1]C(C)(C)C.[K+],20.41,26.5,20000.0,3.0428102362294487,outer
O=C(CO)c1ccc2ccccc2c1,OC[C@H](O)c1ccc2ccccc2c1,2009,Ru,C[C@@H]1CC[C@H](P1c1c(C)sc(c1P(c1ccccc1C)c1ccccc1C)C)C,CO,[H+].[Br-1],49.35,60.0,100.0,3.0421332946653505,inner
CCc1ccc(C(=O)CO)cc1,CCc1ccc([C@@H](O)CO)cc1,2009,Ru,C[C@@H]1CC[C@H](P1c1c(C)sc(c1P(c1ccccc1C)c1ccccc1C)C)C,CO,[H+].[Br-1],49.35,60.0,100.0,3.0421332946653505,inner
COc1cccc(C(=O)CO)c1,COc1cccc([C@@H](O)CO)c1,2009,Ru,C[C@@H]1CC[C@H](P1c1c(C)sc(c1P(c1ccccc1C)c1ccccc1C)C)C,CO,[H+].[Br-1],49.35,60.0,100.0,3.0421332946653505,inner
Cc1ccc(C(=O)CO)cc1,Cc1ccc([C@@H](O)CO)cc1,2009,Ru,C[C@@H]1CC[C@H](P1c1c(C)sc(c1P(c1ccccc1C)c1ccccc1C)C)C,CO,[H+].[Br-1],78.96,60.0,100.0,3.0421332946653505,inner
O=C(CO)c1ccccc1,OC[C@H](O)c1ccccc1,2009,Ru,C[C@@H]1CC[C@H](P1c1c(C)sc(c1P(c1ccccc1C)c1ccccc1C)C)C,CO,[H+].[Br-1],49.35,60.0,100.0,3.0421332946653505,inner
CC(=O)c1ccccc1,C[C@@H](O)c1ccccc1,2012,Ru,CC([C@H]1COC(=N1)C12C3[Ru]4567891(C2(C7C34)P(c1ccccc1)c1ccccc1)C1C5C9(C8(C61)P(c1ccccc1)c1ccccc1)C1=N[C@H](CO1)C(C)(C)C)(C)C,CC(O)C,[O-1]C(C)(C)C.[K+],10.0,25.0,,3.0275784145897218,inner
CC(=O)c1ccc2ccccc2c1,C[C@H](O)c1ccc2ccccc2c1,2004,Ru,C[Si](c1cc(P(c2ccccc2)c2ccccc2)c(c2c1cccc2)c1c(cc(c2c1cccc2)[Si](C)(C)C)P(c1ccccc1)c1ccccc1)(C)C.COc1ccc(cc1)C(c1ccc(cc1)OC)([C@@H](C(C)C)N)N,CC(O)C,[O-1]C(C)(C)C.[K+],47.62,25.0,1000.0,3.0275784145897218,outer
CC(=O)c1ccccc1,C[C@@H](O)c1ccccc1,2012,Ru,CC([C@H]1COC(=N1)C12C3[Ru]4567891(C2(C7C34)P(c1ccccc1)c1ccccc1)C1C5C9(C8(C61)P(c1ccccc1)c1ccccc1)C1=N[C@H](CO1)C(C)(C)C)(C)C,CC(O)C,[O-1]C(C)(C)C.[K+],20.0,25.0,,3.0275784145897218,inner
CCC(=O)CC(=O)N(C)OC,CC[C@H](O)CC(=O)N(C)OC,2017,Ru,c1ccc(cc1)P(c1ccc2c(c1c1c(ccc3c1cccc3)P(c1ccccc1)c1ccccc1)cccc2)c1ccccc1,CCO,,5.0,25.0,200.0,3.0275784145897218,inner
CC(=O)c1ccccc1,C[C@@H](O)c1ccccc1,2012,Ru,CC([C@H]1COC(=N1)C12C3[Ru]4567891(C2(C7C34)P(c1ccccc1)c1ccccc1)C1C5C9(C8(C61)P(c1ccccc1)c1ccccc1)C1=N[C@H](CO1)C(C)(C)C)(C)C,CC(O)C,[O-1]C(C)(C)C.[K+],10.0,50.0,,3.0191260922661596,inner
COc1ccc(C(C)=O)cc1,COc1ccc([C@H](C)O)cc1,2002,Ru,COc1nc(OC)cc(c1c1c(OC)nc(cc1P(c1cc(C)cc(c1)C)c1cc(C)cc(c1)C)OC)P(c1cc(C)cc(c1)C)c1cc(C)cc(c1)C,CC(O)C,[O-1]C(C)(C)C.[K+],20.41,26.5,20000.0,2.9948480421507027,outer
O=C(CN1C(=O)c2ccccc2C1=O)c1ccc2ccccc2c1,O=C1c2ccccc2C(=O)N1C[C@H](O)c1ccc2ccccc2c1,2005,Ru,[SiH3]c1cc(P(c2ccccc2)c2ccccc2)c(c2c1cccc2)c1c(cc(c2c1cccc2)[SiH3])P(c1ccccc1)c1ccccc1,CCO,,102.04,80.0,100.0,2.9857911422839525,inner
O=C(CN1C(=O)c2ccccc2C1=O)c1ccc(Br)cc1,O=C1c2ccccc2C(=O)N1C[C@H](O)c1ccc(Br)cc1,2005,Ru,Brc1cc(P(c2ccccc2)c2ccccc2)c(c2c1cccc2)c1c(cc(c2c1cccc2)Br)P(c1ccccc1)c1ccccc1,CCO,,102.04,80.0,100.0,2.9857911422839525,inner
COc1ccc(C(C)=O)cc1,COc1ccc([C@H](C)O)cc1,2004,Ru,Cc1cc(C)cc(c1)P(c1cc(c2c(c1c1c(cc(c3c1cccc3)[Si](C)(C)C)P(c1cc(C)cc(c1)C)c1cc(C)cc(c1)C)cccc2)[Si](C)(C)C)c1cc(C)cc(c1)C.COc1ccc(cc1)C(c1ccc(cc1)OC)([C@@H](C(C)C)N)N,CC(O)C,[O-1]C(C)(C)C.[K+],48.3,25.0,1000.0,2.9798563115876253,outer
CN(CCC(=O)c1ccco1)Cc1ccccc1,CN(CC[C@@H](O)c1ccco1)Cc1ccccc1,2013,Ru,CC([C@H]1COC(=N1)C12C3[Ru]4567891(C2(C7C34)P(c1ccccc1)c1ccccc1)C1C5C9(C8(C61)P(c1ccccc1)c1ccccc1)C1=N[C@H](CO1)C(C)(C)C)(C)C,Cc1ccccc1.O,[OH-1].[K+],20.0,25.0,400.0,2.9798563115876253,inner
CCC(=O)c1ccccc1,CC[C@H](O)c1ccccc1,2004,Ru,Cc1ccc2c(c1)c(C)cc(c2c1c(cc(c2c1ccc(c2)C)C)P(c1cc(C)cc(c1)C)c1cc(C)cc(c1)C)P(c1cc(C)cc(c1)C)c1cc(C)cc(c1)C.N[C@@H]([C@@H](c1ccccc1)N)c1ccccc1,CC(O)C,[O-1]C(C)(C)C.[K+],48.3,25.0,1000.0,2.9798563115876253,outer
CON(C)C(=O)CC(=O)C(C)C,CON(C)C(=O)C[C@@H](O)C(C)C,2017,Ru,c1ccc(cc1)P(c1ccc2c(c1c1c(ccc3c1cccc3)P(c1ccccc1)c1ccccc1)cccc2)c1ccccc1,CCO,,5.0,25.0,200.0,2.9798563115876253,inner
CC(=O)c1ccc2ccccc2c1,C[C@H](O)c1ccc2ccccc2c1,2004,Ru,CCOP(=O)(c1cc(P(c2ccccc2)c2ccccc2)c(c2c1cccc2)c1c(cc(c2c1cccc2)P(=O)(OCC)OCC)P(c1ccccc1)c1ccccc1)OCC.COc1ccc(cc1)C(c1ccc(cc1)OC)([C@@H](C(C)C)N)N,CC(O)C,[O-1]C(C)(C)C.[K+],47.62,25.0,1000.0,2.9798563115876253,outer
CC(=O)c1ccc(C(C)(C)C)cc1,C[C@H](O)c1ccc(C(C)(C)C)cc1,2004,Ru,Cc1cc(C)cc(c1)P(c1cc(c2c(c1c1c(cc(c3c1cccc3)[Si](C)(C)C)P(c1cc(C)cc(c1)C)c1cc(C)cc(c1)C)cccc2)[Si](C)(C)C)c1cc(C)cc(c1)C.COc1ccc(cc1)C(c1ccc(cc1)OC)([C@@H](C(C)C)N)N,CC(O)C,[O-1]C(C)(C)C.[K+],48.3,25.0,1000.0,2.9798563115876253,outer
CCOC(OCC)C(=O)CC(=O)c1ccccc1,CCOC(OCC)[C@H](O)CC(=O)c1ccccc1,2019,Ru,CC1(C)Oc2c(O1)c(c1c3OC(Oc3ccc1P(c1ccccc1)c1ccccc1)(C)C)c(cc2)P(c1ccccc1)c1ccccc1,C1CCCO1,,20.0,70.0,200.0,2.9795600479567685,inner
Cc1ccc(C(=O)c2ccccc2)c(Br)c1,Cc1ccc([C@@H](O)c2ccccc2)c(Br)c1,2023,Ru,CC([C@H]1COC(=N1)C12C3[Ru]4567891(C2(C7C34)P(c1ccccc1)c1ccccc1)C1C5C9(C8(C61)P(c1ccccc1)c1ccccc1)C1=N[C@H](CO1)C(C)(C)C)(C)C.c1ccc(cc1)P(c1ccccc1)c1ccccc1,C1CCCO1,[K+].[OH-1],40.0,10.0,100.0,2.978413891699134,inner
O=C(c1ccc(Cl)cc1)c1ccccc1Br,O[C@@H](c1ccc(Cl)cc1)c1ccccc1Br,2023,Ru,CC([C@H]1COC(=N1)C12C3[Ru]4567891(C2(C7C34)P(c1ccccc1)c1ccccc1)C1C5C9(C8(C61)P(c1ccccc1)c1ccccc1)C1=N[C@H](CO1)C(C)(C)C)(C)C.c1ccc(cc1)P(c1ccccc1)c1ccccc1,C1CCCO1,[K+].[OH-1],40.0,10.0,100.0,2.978413891699134,inner
Cc1ccc(C(=O)c2ccccc2Cl)cc1,Cc1ccc([C@H](O)c2ccccc2Cl)cc1,2023,Ru,CC([C@H]1COC(=N1)C12C3[Ru]4567891(C2(C7C34)P(c1ccccc1)c1ccccc1)C1C5C9(C8(C61)P(c1ccccc1)c1ccccc1)C1=N[C@H](CO1)C(C)(C)C)(C)C.c1ccc(cc1)P(c1ccccc1)c1ccccc1,C1CCCO1,[K+].[OH-1],40.0,10.0,100.0,2.978413891699134,inner
CC(=O)c1cccc2ccccc12,C[C@H](O)c1cccc2ccccc12,2003,Ru,COc1nc(OC)cc(c1c1c(OC)nc(cc1P(c1cc(C)cc(c1)C)c1cc(C)cc(c1)C)OC)P(c1cc(C)cc(c1)C)c1cc(C)cc(c1)C.N[C@@H]([C@@H](c1ccccc1)N)c1ccccc1,CC(O)C,[O-1]C(C)(C)C.[K+],20.41371802,27.5,4000.0,2.960265840779156,outer
O=C(COCc1ccccc1)CC(=O)c1ccc(C(F)(F)F)cc1,O=C(C[C@@H](O)COCc1ccccc1)c1ccc(C(F)(F)F)cc1,2019,Ru,CC1(C)Oc2c(O1)c(c1c3OC(Oc3ccc1P(c1ccccc1)c1ccccc1)(C)C)c(cc2)P(c1ccccc1)c1ccccc1,C1CCCO1,,20.0,70.0,200.0,2.952469785291509,inner
CCOC(=O)CC(=O)C(C)C,CCOC(=O)C[C@H](O)C(C)C,2004,Ru,c1ccc(cc1)P(c1ccc2c(c1c1c(ccc3c1cccc3)P(c1ccccc1)c1ccccc1)cccc2)c1ccccc1,CCO,,3.95,50.0,100.0,2.9508190730034762,inner
CCOC(=O)CC(=O)c1ccccc1,CCOC(=O)C[C@H](O)c1ccccc1,2004,Ru,c1ccc(cc1)P(c1ccc2c(c1c1c3OCCOc3ccc1P(c1ccccc1)c1ccccc1)OCCO2)c1ccccc1,CCO,,9.87,80.0,100.0,2.936661241742978,inner
COc1ccc(C(C)=O)cc1,COc1ccc([C@H](C)O)cc1,2004,Ru,OP(=O)(c1cc(P(c2ccccc2)c2ccccc2)c(c2c1cccc2)c1c(cc(c2c1cccc2)P(=O)(O)O)P(c1ccccc1)c1ccccc1)O.COc1ccc(cc1)C(c1ccc(cc1)OC)([C@@H](C(C)C)N)N,CC(O)C,[O-1]C(C)(C)C.[K+],47.62,25.0,1000.0,2.935650292460686,outer
CC(=O)c1ccc(C)cc1,Cc1ccc([C@H](C)O)cc1,2004,Ru,OP(=O)(c1cc(P(c2ccccc2)c2ccccc2)c(c2c1cccc2)c1c(cc(c2c1cccc2)P(=O)(O)O)P(c1ccccc1)c1ccccc1)O.COc1ccc(cc1)C(c1ccc(cc1)OC)([C@@H](C(C)C)N)N,CC(O)C,[O-1]C(C)(C)C.[K+],47.62,25.0,1000.0,2.935650292460686,outer
CC(=O)c1ccccc1,C[C@@H](O)c1ccccc1,2012,Ru,CC([C@H]1COC(=N1)C12C3[Ru]4567891(C2(C7C34)P(c1ccccc1)c1ccccc1)C1C5C9(C8(C61)P(c1ccccc1)c1ccccc1)C1=N[C@H](CO1)C(C)(C)C)(C)C,CC(O)C,[K+].[OH-1],10.0,25.0,,2.935650292460686,inner
CC(=O)c1ccccc1,C[C@@H](O)c1ccccc1,2012,Ru,CC([C@H]1COC(=N1)C12C3[Ru]4567891(C2(C7C34)P(c1ccccc1)c1ccccc1)C1C5C9(C8(C61)P(c1ccccc1)c1ccccc1)C1=N[C@H](CO1)C(C)(C)C)(C)C,CC(O)C,[O-1]C(C)(C)C.[K+],10.0,0.0,,2.9306881110051797,inner
O=C(CN1C(=O)c2ccccc2C1=O)c1ccc(Cl)cc1,O=C1c2ccccc2C(=O)N1C[C@H](O)c1ccc(Cl)cc1,2005,Ru,CCOP(=O)(c1cc(P(c2ccccc2)c2ccccc2)c(c2c1cccc2)c1c(cc(c2c1cccc2)P(=O)(OCC)OCC)P(c1ccccc1)c1ccccc1)OCC,CCO,,102.04,80.0,100.0,2.913293686589742,inner
CC(=O)c1ccccc1,C[C@H](O)c1ccccc1,2002,Ru,COc1nc(OC)cc(c1c1c(OC)nc(cc1P(c1cc(C)cc(c1)C)c1cc(C)cc(c1)C)OC)P(c1cc(C)cc(c1)C)c1cc(C)cc(c1)C,CC(O)C,[O-1]C(C)(C)C.[K+],34.02,26.5,1995.307037846984,2.9090369105391654,outer
CC(=O)c1ccccc1,C[C@H](O)c1ccccc1,2004,Ru,Cc1ccc2c(c1)c(C)cc(c2c1c(cc(c2c1ccc(c2)C)C)P(c1cc(C)cc(c1)C)c1cc(C)cc(c1)C)P(c1cc(C)cc(c1)C)c1cc(C)cc(c1)C.N[C@@H]([C@@H](c1ccccc1)N)c1ccccc1,CC(O)C,[O-1]C(C)(C)C.[K+],48.3,25.0,1000.0,2.8944747367837547,outer
CC(=O)c1ccccc1,C[C@H](O)c1ccccc1,2004,Ru,C[Si](c1cc(P(c2ccccc2)c2ccccc2)c(c2c1cccc2)c1c(cc(c2c1cccc2)[Si](C)(C)C)P(c1ccccc1)c1ccccc1)(C)C.COc1ccc(cc1)C(c1ccc(cc1)OC)([C@@H](C(C)C)N)N,CC(O)C,[O-1]C(C)(C)C.[K+],47.62,25.0,1000.0,2.8944747367837547,outer
CC(=O)c1ccccc1,C[C@@H](O)c1ccccc1,2012,Ru,CC([C@H]1COC(=N1)C12C3[Ru]4567891(C2(C7C34)P(c1ccccc1)c1ccccc1)C1C5C9(C8(C61)P(c1ccccc1)c1ccccc1)C1=N[C@H](CO1)C(C)(C)C)(C)C,CC(O)C,[O-1]C(=O)[O-1].[Na+].[Na+],10.0,25.0,,2.8944747367837547,inner
CC(=O)c1cccc2ccccc12,C[C@H](O)c1cccc2ccccc12,2004,Ru,OC(c1cc(P(c2ccccc2)c2ccccc2)c(c2c1cccc2)c1c(cc(c2c1cccc2)C(c1ccccc1)(c1ccccc1)O)P(c1ccccc1)c1ccccc1)(c1ccccc1)c1ccccc1.N[C@@H]([C@@H](c1ccccc1)N)c1ccccc1,CC(O)C,[O-1]C(C)(C)C.[K+],47.62,25.0,1000.0,2.8944747367837547,outer
CC(=O)c1ccccc1,C[C@H](O)c1ccccc1,2004,Ru,OP(=O)(c1cc(P(c2ccccc2)c2ccccc2)c(c2c1cccc2)c1c(cc(c2c1cccc2)P(=O)(O)O)P(c1ccccc1)c1ccccc1)O.COc1ccc(cc1)C(c1ccc(cc1)OC)([C@@H](C(C)C)N)N,CC(O)C,[O-1]C(C)(C)C.[K+],47.62,25.0,1000.0,2.8944747367837547,outer
CC(=O)c1cccc2ccccc12,C[C@H](O)c1cccc2ccccc12,2004,Ru,OC1(CCCC1)c1cc(P(c2ccccc2)c2ccccc2)c(c2c1cccc2)c1c(cc(c2c1cccc2)C1(O)CCCC1)P(c1ccccc1)c1ccccc1.N[C@@H]([C@@H](c1ccccc1)N)c1ccccc1,CC(O)C,[O-1]C(C)(C)C.[K+],47.62,25.0,1000.0,2.8944747367837547,outer
CCC(=O)c1ccccc1,CC[C@H](O)c1ccccc1,2004,Ru,OP(=O)(c1cc(P(c2ccccc2)c2ccccc2)c(c2c1cccc2)c1c(cc(c2c1cccc2)P(=O)(O)O)P(c1ccccc1)c1ccccc1)O.COc1ccc(cc1)C(c1ccc(cc1)OC)([C@@H](C(C)C)N)N,CC(O)C,[O-1]C(C)(C)C.[K+],47.62,25.0,1000.0,2.8944747367837547,outer
O=C1CCc2ccccc21,O[C@@H]1CCc2ccccc21,2012,Ru,Cc1ccc(cc1)S(=O)(=O)c1ccc(cc1)S(=O)(=O)N[C@@H]([C@@H](c1ccccc1)NCCc1ccccc1)c1ccccc1,CO,,30.0,60.0,500.0,2.892730380232544,outer
CC(=O)c1ccccc1C(F)(F)F,C[C@H](O)c1ccccc1C(F)(F)F,2021,Ru,COc1ccccc1P(c1ccccc1OC)c1ccccc1OC.C=CC1CN2CCC1CC2[C@@H](c1ccnc2c1cccc2)N,CCCO,[Li+].[OH-1],60.0,40.0,250.0,2.8917384510669097,outer
CC(=O)c1ccccc1Br,C[C@@H](O)c1ccccc1Br,2006,Ru,Brc1ccccc1p1oc2ccc3c(c2c2c(o1)ccc1c2cccc1)cccc3.N[C@@H]1CCCC[C@H]1N,CC(O)C,[O-1]C(C)(C)C.[K+],80.0,0.0,300.3003003003003,2.873225338222209,outer
CC(=O)c1ccccc1I,C[C@@H](O)c1ccccc1I,2005,Ru,Brc1ccccc1p1oc2ccc3c(c2c2c(o1)ccc1c2cccc1)cccc3.N[C@H]([C@H](c1ccccc1)N)c1ccccc1,CC(O)C,[O-1]C(C)(C)C.[K+],60.0,0.0,2000.0,2.873225338222209,outer
CC(=O)c1ccccc1I,C[C@@H](O)c1ccccc1I,2006,Ru,Brc1ccccc1p1oc2ccc3c(c2c2c(o1)ccc1c2cccc1)cccc3.N[C@@H]1CCCC[C@H]1N,CC(O)C,[O-1]C(C)(C)C.[K+],80.0,0.0,300.3003003003003,2.873225338222209,outer
CC(=O)c1cccc2ccccc12,C[C@@H](O)c1cccc2ccccc12,2005,Ru,Brc1ccccc1p1oc2ccc3c(c2c2c(o1)ccc1c2cccc1)cccc3.N[C@H]([C@H](c1ccccc1)N)c1ccccc1,CC(O)C,[O-1]C(C)(C)C.[K+],50.0,0.0,2000.0,2.873225338222209,outer
CC(=O)c1ccccc1Br,C[C@@H](O)c1ccccc1Br,2005,Ru,Brc1ccccc1p1oc2ccc3c(c2c2c(o1)ccc1c2cccc1)cccc3.N[C@H]([C@H](c1ccccc1)N)c1ccccc1,CC(O)C,[O-1]C(C)(C)C.[K+],50.0,0.0,2000.0,2.873225338222209,outer
CC(=O)c1ccccc1,C[C@H](O)c1ccccc1,2002,Ru,COc1nc(OC)cc(c1c1c(OC)nc(cc1P(c1cc(C)cc(c1)C)c1cc(C)cc(c1)C)OC)P(c1cc(C)cc(c1)C)c1cc(C)cc(c1)C,CC(O)C,[O-1]C(C)(C)C.[K+],0.95,26.5,1995.307037846984,2.8703064559165927,outer
O=C(CCN1CCN(c2ccccc2)CC1)c1ccccc1,O[C@H](CCN1CCN(c2ccccc2)CC1)c1ccccc1,2025,Ru,Cc1cc(C)c(c(c1)C)[C@H](c1ccc2c(c1)cccc2)NCCP(c1ccccc1)c1ccccc1.CP(CCP(C)C)C,C1CCCO1,[K+].[O-1]C,50.0,30.0,100.0,2.867007297487658,outer
CC(=O)c1ccccc1,C[C@H](O)c1ccccc1,2003,Ru,Cc1cc(C)cc(c1)P(c1cccc2c1[C@]1(CC2)CCc2c1c(ccc2)P(c1cc(C)cc(c1)C)c1cc(C)cc(c1)C)c1ccc(cc1C)C.N[C@@H]([C@@H](c1ccccc1)N)c1ccccc1,CC(O)C,[O-1]C(C)(C)C.[K+],100.0,40.0,99999.99999999999,2.8595048513416015,outer
CC(=O)c1c(Cl)ccc(F)c1Cl,C[C@H](O)c1c(Cl)ccc(F)c1Cl,2018,Ru,C[C@H](P(c1cc(cc(c1)C(C)C)C(C)C)c1cc(cc(c1)C(C)C)C(C)C)C[C@@H](P(c1cc(cc(c1)C(C)C)C(C)C)c1cc(cc(c1)C(C)C)C(C)C)C.NCc1ncc(cc1C)C,CC(O)C,[O-1]C(C)(C)C.[K+],10.0,40.0,1000.0,2.8595048513416015,outer
CC(=O)c1c(C)cc(C)cc1C,Cc1cc(C)c([C@H](C)O)c(C)c1,2018,Ru,C[C@H](P(c1cc(cc(c1)C(C)C)C(C)C)c1cc(cc(c1)C(C)C)C(C)C)C[C@@H](P(c1cc(cc(c1)C(C)C)C(C)C)c1cc(cc(c1)C(C)C)C(C)C)C.NCc1ncc2c(c1)cccc2,CC(O)C,[O-1]C(C)(C)C.[K+],10.0,40.0,2000.0,2.8595048513416015,outer
COc1cccc(OC)c1C(C)=O,COc1cccc(OC)c1[C@H](C)O,2018,Ru,C[C@H](P(c1cc(cc(c1)C(C)C)C(C)C)c1cc(cc(c1)C(C)C)C(C)C)C[C@@H](P(c1cc(cc(c1)C(C)C)C(C)C)c1cc(cc(c1)C(C)C)C(C)C)C.NCc1ncc2c(c1)cccc2,CC(O)C,[O-1]C(C)(C)C.[K+],10.0,40.0,2000.0,2.8595048513416015,outer
COc1cccc(OC)c1C(C)=O,COc1cccc(OC)c1[C@H](C)O,2018,Ru,C[C@H](P(c1cc(cc(c1)C(C)C)C(C)C)c1cc(cc(c1)C(C)C)C(C)C)C[C@@H](P(c1cc(cc(c1)C(C)C)C(C)C)c1cc(cc(c1)C(C)C)C(C)C)C.NCc1ncc2c(c1)cccc2,CC(O)C,[O-1]C(C)(C)C.[Na+],10.0,40.0,2000.0,2.8595048513416015,outer
CC(=O)c1c(C)cc(C)cc1C,Cc1cc(C)c([C@H](C)O)c(C)c1,2018,Ru,C[C@H](P(c1cc(cc(c1)C(C)C)C(C)C)c1cc(cc(c1)C(C)C)C(C)C)C[C@@H](P(c1cc(cc(c1)C(C)C)C(C)C)c1cc(cc(c1)C(C)C)C(C)C)C.NCc1ncc(cc1C)C,CC(O)C,[O-1]C(C)(C)C.[K+],10.0,40.0,2000.0,2.8595048513416015,outer
CC(=O)c1c(C)cc(C)cc1C,Cc1cc(C)c([C@H](C)O)c(C)c1,2018,Ru,C[C@H](P(c1cc(cc(c1)C(C)C)C(C)C)c1cc(cc(c1)C(C)C)C(C)C)C[C@@H](P(c1cc(cc(c1)C(C)C)C(C)C)c1cc(cc(c1)C(C)C)C(C)C)C.NCc1ncc2c(c1)cccc2,CC(O)C,[O-1]C(C)(C)C.[Na+],10.0,40.0,2000.0,2.8595048513416015,outer
CC(=O)c1ccccc1,C[C@H](O)c1ccccc1,2003,Ru,Cc1cc(C)cc(c1)P(c1cccc2c1[C@]1(CC2)CCc2c1c(ccc2)P(c1cc(C)cc(c1)C)c1cc(C)cc(c1)C)c1ccc(cc1C)C.N[C@@H]([C@@H](c1ccccc1)N)c1ccccc1,CC(O)C,[O-1]C(C)(C)C.[K+],50.0,40.0,99999.99999999999,2.8595048513416015,outer
CC(=O)c1ccccc1,C[C@H](O)c1ccccc1,2005,Ru,Cc1cc(C)cc(c1)P(c1cccc2c1C1(CC2)CCc2c1c(ccc2)P(c1cc(C)cc(c1)C)c1cc(C)cc(c1)C)c1cc(C)cc(c1)C.N[C@@H]([C@@H](c1ccccc1)N)c1ccccc1,CC(O)C,[O-1]C(C)(C)C.[K+],100.0,40.0,99999.99999999999,2.8595048513416015,outer
CC(=O)c1c(Cl)ccc(F)c1Cl,C[C@H](O)c1c(Cl)ccc(F)c1Cl,2018,Ru,C[C@H](P(c1cc(C)cc(c1)C)c1cc(C)cc(c1)C)C[C@@H](P(c1cc(C)cc(c1)C)c1cc(C)cc(c1)C)C.NCc1ncc(cc1C)C,CC(O)C,[O-1]C(C)(C)C.[K+],10.0,40.0,10000.0,2.8595048513416015,outer
CC(=O)c1c(Cl)ccc(F)c1Cl,C[C@H](O)c1c(Cl)ccc(F)c1Cl,2018,Ru,C[C@H](P(c1cc(C)cc(c1)C)c1cc(C)cc(c1)C)C[C@@H](P(c1cc(C)cc(c1)C)c1cc(C)cc(c1)C)C.NCc1ncc(cc1C)C,CC(O)C,[O-1]C(C)(C)C.[K+],10.0,40.0,1000.0,2.8595048513416015,outer
CC(=O)c1ccccc1,C[C@H](O)c1ccccc1,2004,Ru,Cc1cc(C)cc(c1)P(c1ccc2c(c1c1c(cc(c3c1cccc3)[Si](C)(C)C)P(c1cc(C)cc(c1)C)c1cc(C)cc(c1)C)cccc2)c1cc(C)cc(c1)C.COc1ccc(cc1)C(c1ccc(cc1)OC)([C@@H](C(C)C)N)N,CC(O)C,[O-1]C(C)(C)C.[K+],48.3,25.0,1000.0,2.855938160625837,outer
CC(=O)c1ccc(C)cc1,Cc1ccc([C@H](C)O)cc1,2004,Ru,C[Si](c1cc(P(c2ccccc2)c2ccccc2)c(c2c1cccc2)c1c(cc(c2c1cccc2)[Si](C)(C)C)P(c1ccccc1)c1ccccc1)(C)C.COc1ccc(cc1)C(c1ccc(cc1)OC)([C@@H](C(C)C)N)N,CC(O)C,[O-1]C(C)(C)C.[K+],47.62,25.0,1000.0,2.855938160625837,outer
CC(=O)c1ccccc1,C[C@H](O)c1ccccc1,2005,Ru,Cc1cc(C)cc(c1)P(c1cccc2c1C1(CC2)CCc2c1c(ccc2)P(c1cc(C)cc(c1)C)c1cc(C)cc(c1)C)c1cc(C)cc(c1)C.N[C@@H]([C@@H](c1ccccc1)N)c1ccccc1,CC(O)C,[O-1]C(C)(C)C.[K+],50.0,25.0,59880.239520958086,2.855938160625837,outer
CC(=O)c1ccccc1,C[C@H](O)c1ccccc1,2023,Ru,Cc1cc(C)cc(c1)P(c1ccc2c(c1c1c(ccc3c1cccc3)P(c1cc(C)cc(c1)C)c1cc(C)cc(c1)C)cccc2)c1cc(C)cc(c1)C.COc1ccc(cc1)C(c1ccc(cc1)OC)([C@@H](C(C)C)N)N,CO,,10.0,25.0,1000.0,2.855938160625837,outer
CC(=O)c1ccccc1,C[C@H](O)c1ccccc1,2004,Ru,Cc1cc(C)cc(c1)P(c1cc(c2c(c1c1c(cc(c3c1cccc3)[Si](C)(C)C)P(c1cc(C)cc(c1)C)c1cc(C)cc(c1)C)cccc2)[Si](C)(C)C)c1cc(C)cc(c1)C.N[C@@H]([C@@H](c1ccccc1)N)c1ccccc1,CC(O)C,[O-1]C(C)(C)C.[K+],48.3,25.0,1000.0,2.855938160625837,outer
Cc1ccc(C(=O)CN2C(=O)c3ccccc3C2=O)cc1,Cc1ccc([C@@H](O)CN2C(=O)c3ccccc3C2=O)cc1,2005,Ru,CCOP(=O)(c1cc(P(c2ccccc2)c2ccccc2)c(c2c1cccc2)c1c(cc(c2c1cccc2)P(=O)(OCC)OCC)P(c1ccccc1)c1ccccc1)OCC,CCO,,102.04,80.0,100.0,2.8473979093784583,inner
CC(=O)c1cccs1,C[C@H](O)c1cccs1,2003,Ru,COc1nc(OC)cc(c1c1c(OC)nc(cc1P(c1cc(C)cc(c1)C)c1cc(C)cc(c1)C)OC)P(c1cc(C)cc(c1)C)c1cc(C)cc(c1)C.N[C@@H]([C@@H](c1ccccc1)N)c1ccccc1,CC(O)C,[O-1]C(C)(C)C.[K+],23.81600435,27.5,4000.0,2.843363826454443,outer
CC(=O)c1ccccc1,C[C@@H](O)c1ccccc1,2000,Ru,Cc1cc(C)cc(c1)P(c1cc2CCc3ccc(CCc1cc2)cc3P(c1cc(C)cc(c1)C)c1cc(C)cc(c1)C)c1cc(C)cc(c1)C.N[C@H]([C@H](c1ccccc1)N)c1ccccc1,CC(O)C,[K+].[O-1]C(C)(C)C,5.5,19.0,40000.0,2.8362260417621132,outer
CC(C)C(=O)c1ccccc1,CC(C)[C@H](O)c1ccccc1,2023,Ru,CCCCCN[C@H](c1ccnc2c1cccc2)[C@H]1CC2CCN1CC2C=C.C1CCC(CC1)P(C1CCCCC1)C1CCCCC1,CCO,[Ba+2].[OH-1].[OH-1],60.0,30.0,1000.0,2.832270075415399,outer
CC(=O)c1ccc(C)cc1,Cc1ccc([C@H](C)O)cc1,2004,Ru,CCOP(=O)(c1cc(P(c2ccccc2)c2ccccc2)c(c2c1cccc2)c1c(cc(c2c1cccc2)P(=O)(OCC)OCC)P(c1ccccc1)c1ccccc1)OCC.COc1ccc(cc1)C(c1ccc(cc1)OC)([C@@H](C(C)C)N)N,CC(O)C,[O-1]C(C)(C)C.[K+],47.62,25.0,1000.0,2.819720355421228,outer
COc1ccc(C(C)=O)cc1,COc1ccc([C@H](C)O)cc1,2004,Ru,C[Si](c1cc(P(c2ccccc2)c2ccccc2)c(c2c1cccc2)c1c(cc(c2c1cccc2)[Si](C)(C)C)P(c1ccccc1)c1ccccc1)(C)C.COc1ccc(cc1)C(c1ccc(cc1)OC)([C@@H](C(C)C)N)N,CC(O)C,[O-1]C(C)(C)C.[K+],47.62,25.0,1000.0,2.819720355421228,outer
CN(C)CCC(=O)c1ccccc1,CN(C)CC[C@H](O)c1ccccc1,2004,Ru,Cc1ccc2c(c1)c(C)cc(c2c1c(cc(c2c1ccc(c2)C)C)P(c1cc(C)cc(c1)C)c1cc(C)cc(c1)C)P(c1cc(C)cc(c1)C)c1cc(C)cc(c1)C.N[C@@H]([C@@H](c1ccccc1)N)c1ccccc1,CC(O)C,[O-1]C(C)(C)C.[K+],48.3,25.0,1000.0,2.819720355421228,outer
CCC(=O)c1ccccc1,CC[C@H](O)c1ccccc1,2004,Ru,CCOP(=O)(c1cc(P(c2ccccc2)c2ccccc2)c(c2c1cccc2)c1c(cc(c2c1cccc2)P(=O)(OCC)OCC)P(c1ccccc1)c1ccccc1)OCC.COc1ccc(cc1)C(c1ccc(cc1)OC)([C@@H](C(C)C)N)N,CC(O)C,[O-1]C(C)(C)C.[K+],47.62,25.0,1000.0,2.819720355421228,outer
CC(=O)c1ccccc1,C[C@@H](O)c1ccccc1,2012,Ru,CC([C@H]1COC(=N1)C12C3[Ru]4567891(C2(C7C34)P(c1ccccc1)c1ccccc1)C1C5C9(C8(C61)P(c1ccccc1)c1ccccc1)C1=N[C@H](CO1)C(C)(C)C)(C)C,CC(O)C,[O-1]C(C)(C)C.[K+],5.0,25.0,,2.819720355421228,inner
CC(=O)c1cccc2ccccc12,C[C@H](O)c1cccc2ccccc12,2004,Ru,CCOP(=O)(c1cc(P(c2ccccc2)c2ccccc2)c(c2c1cccc2)c1c(cc(c2c1cccc2)P(=O)(OCC)OCC)P(c1ccccc1)c1ccccc1)OCC.N[C@@H]([C@@H](c1ccccc1)N)c1ccccc1,CC(O)C,[O-1]C(C)(C)C.[K+],47.62,25.0,1000.0,2.819720355421228,outer
CC(=O)c1ccccc1,C[C@@H](O)c1ccccc1,2011,Ru,Cc1cc(C)cc(c1)P(c1ccc2c(c1c1c(ccc3c1cccc3)P(c1cc(C)cc(c1)C)c1cc(C)cc(c1)C)cccc2)c1cc(C)cc(c1)C.COc1ccc(cc1)C(c1ccc(cc1)OC)([C@H](C(C)C)N)N,CC(O)C,C1CCN2C(=NCCC2)CC1,10.0,35.0,1000.0,2.813847740510664,outer
CC(=O)c1ccccc1,C[C@@H](O)c1ccccc1,2011,Ru,Cc1cc(C)cc(c1)P(c1ccc2c(c1c1c(ccc3c1cccc3)P(c1cc(C)cc(c1)C)c1cc(C)cc(c1)C)cccc2)c1cc(C)cc(c1)C.COc1ccc(cc1)C(c1ccc(cc1)OC)([C@H](C(C)C)N)N,CC(O)C,[O-1]C(C)(C)C.[K+],50.0,35.0,33003.300330033,2.813847740510664,outer
CC(=O)c1ccccc1,C[C@@H](O)c1ccccc1,2011,Ru,Cc1cc(C)cc(c1)P(c1ccc2c(c1c1c3OCOc3ccc1P(c1cc(C)cc(c1)C)c1cc(C)cc(c1)C)OCO2)c1cc(C)cc(c1)C.COc1ccc(cc1)C(c1ccc(cc1)OC)([C@H](C(C)C)N)N,CCO.CC(O)C,[O-1]C(C)(C)C.[K+],1.0,35.0,99999.99999999999,2.813847740510664,outer
CC(=O)CO,C[C@H](O)CO,2004,Ru,c1ccc(cc1)P(c1ccc2c(c1c1c3OCCOc3ccc1P(c1ccccc1)c1ccccc1)OCCO2)c1ccccc1,CO,,29.61,65.0,100.0,2.8119269400973748,inner
CC(=O)CO,C[C@H](O)CO,2004,Ru,COc1cccc(c1c1c(OC)cccc1P(c1ccccc1)c1ccccc1)P(c1ccccc1)c1ccccc1,CO,,29.61,65.0,100.0,2.8119269400973748,inner
CCOC(OCC)C(=O)CC(=O)c1cccs1,CCOC(OCC)[C@H](O)CC(=O)c1cccs1,2019,Ru,CC1(C)Oc2c(O1)c(c1c3OC(Oc3ccc1P(c1ccccc1)c1ccccc1)(C)C)c(cc2)P(c1ccccc1)c1ccccc1,C1CCCO1,,20.0,70.0,200.0,2.787473067471242,inner
O=C(CN1C(=O)c2ccccc2C1=O)c1ccc(Cl)cc1,O=C1c2ccccc2C(=O)N1C[C@H](O)c1ccc(Cl)cc1,2005,Ru,OC1(CCCC1)c1cc(P(c2ccccc2)c2ccccc2)c(c2c1cccc2)c1c(cc(c2c1cccc2)C1(O)CCCC1)P(c1ccccc1)c1ccccc1,CCO,,102.04,80.0,100.0,2.7869855604042604,inner
CC(=O)c1ccccc1,C[C@H](O)c1ccccc1,2005,Ru,Cc1cc(C)cc(c1)P(c1cccc2c1C1(CC2)CCc2c1c(ccc2)P(c1cc(C)cc(c1)C)c1cc(C)cc(c1)C)c1cc(C)cc(c1)C.N[C@@H]([C@@H](c1ccccc1)N)c1ccccc1,CC(O)C,[O-1]C(C)(C)C.[K+],50.0,25.0,14992.503748125939,2.7855560712027088,outer
CC(=O)c1ccc(Cl)cc1,C[C@H](O)c1ccc(Cl)cc1,2004,Ru,OP(=O)(c1cc(P(c2ccccc2)c2ccccc2)c(c2c1cccc2)c1c(cc(c2c1cccc2)P(=O)(O)O)P(c1ccccc1)c1ccccc1)O.COc1ccc(cc1)C(c1ccc(cc1)OC)([C@@H](C(C)C)N)N,CC(O)C,[O-1]C(C)(C)C.[K+],47.62,25.0,1000.0,2.7855560712027088,outer
CC(=O)c1ccc(C)cc1,Cc1ccc([C@H](C)O)cc1,2004,Ru,Cc1cc(C)cc(c1)P(c1cc(c2c(c1c1c(cc(c3c1cccc3)[Si](C)(C)C)P(c1cc(C)cc(c1)C)c1cc(C)cc(c1)C)cccc2)[Si](C)(C)C)c1cc(C)cc(c1)C.N[C@@H]([C@@H](c1ccccc1)N)c1ccccc1,CC(O)C,[O-1]C(C)(C)C.[K+],48.3,25.0,1000.0,2.7855560712027088,outer
CC(=O)c1cccs1,C[C@H](O)c1cccs1,2003,Ru,COc1nc(OC)cc(c1c1c(OC)nc(cc1P(c1cc(C)cc(c1)C)c1cc(C)cc(c1)C)OC)P(c1cc(C)cc(c1)C)c1cc(C)cc(c1)C.N[C@@H]([C@@H](c1ccccc1)N)c1ccccc1,CC(O)C,[O-1]C(C)(C)C.[K+],40.82743604,27.5,4000.0,2.776309006269412,outer
CCCCCC(=O)CO,CCCCC[C@@H](O)CO,2009,Ru,C[C@@H]1CC[C@H](P1c1c(C)sc(c1P(c1ccccc1C)c1ccccc1C)C)C,CO,[H+].[Br-1],49.35,60.0,100.0,2.770348839548841,inner
COc1cc(OC)cc(C(C)=O)c1,COc1cc(OC)cc([C@H](C)O)c1,2018,Ru,C[C@H](P(c1cc(cc(c1)C(C)C)C(C)C)c1cc(cc(c1)C(C)C)C(C)C)C[C@@H](P(c1cc(cc(c1)C(C)C)C(C)C)c1cc(cc(c1)C(C)C)C(C)C)C.NCc1ncc2c(c1)cccc2,CCO,[O-1]C(C)(C)C.[K+],10.0,30.0,2000.0,2.768190629679727,outer
O=C(CCl)c1ccccc1,O[C@@H](CCl)c1ccccc1,2006,Ru,Cc1ccc(cc1)S(=O)(=O)ONC(C(c1ccccc1)N)c1ccccc1.Cc1cc(C)cc(c1)C,CO,,10.0,30.0,1000.0,2.768190629679727,outer
O=C(CCl)c1cccc(O)c1,Oc1cccc([C@@H](O)CCl)c1,2006,Ru,Cc1ccc(cc1)S(=O)(=O)ONC(C(c1ccccc1)N)c1ccccc1.Cc1cc(C)cc(c1)C,CO,,10.0,30.0,1000.0,2.768190629679727,outer
O=C(CCN1CCN(c2ccccc2)CC1)c1cccc(Cl)c1,O[C@H](CCN1CCN(c2ccccc2)CC1)c1cccc(Cl)c1,2025,Ru,Cc1cc(C)c(c(c1)C)[C@H](c1ccc2c(c1)cccc2)NCCP(c1ccccc1)c1ccccc1.CP(CCP(C)C)C,C1CCCO1,[K+].[O-1]C,50.0,30.0,100.0,2.768190629679727,outer
O=C(CCN1CCN(c2ccccc2)CC1)c1ccc(Cl)cc1,O[C@H](CCN1CCN(c2ccccc2)CC1)c1ccc(Cl)cc1,2025,Ru,Cc1cc(C)c(c(c1)C)[C@H](c1ccc2c(c1)cccc2)NCCP(c1ccccc1)c1ccccc1.CP(CCP(C)C)C,C1CCCO1,[K+].[O-1]C,50.0,30.0,100.0,2.768190629679727,outer
O=C(CCN1CCN(c2ccccc2)CC1)c1cccc(Br)c1,O[C@H](CCN1CCN(c2ccccc2)CC1)c1cccc(Br)c1,2025,Ru,Cc1cc(C)c(c(c1)C)[C@H](c1ccc2c(c1)cccc2)NCCP(c1ccccc1)c1ccccc1.CP(CCP(C)C)C,C1CCCO1,[K+].[O-1]C,50.0,30.0,100.0,2.768190629679727,outer
Cc1cccc(C(=O)CCN2CCN(c3ccccc3)CC2)c1,Cc1cccc([C@H](O)CCN2CCN(c3ccccc3)CC2)c1,2025,Ru,Cc1cc(C)c(c(c1)C)[C@H](c1ccc2c(c1)cccc2)NCCP(c1ccccc1)c1ccccc1.CP(CCP(C)C)C,C1CCCO1,[K+].[O-1]C,50.0,30.0,100.0,2.768190629679727,outer
O=C(CCN1CCN(c2ccccc2)CC1)c1cccc(F)c1,O[C@H](CCN1CCN(c2ccccc2)CC1)c1cccc(F)c1,2025,Ru,Cc1cc(C)c(c(c1)C)[C@H](c1ccc2c(c1)cccc2)NCCP(c1ccccc1)c1ccccc1.CP(CCP(C)C)C,C1CCCO1,[K+].[O-1]C,50.0,30.0,100.0,2.768190629679727,outer
O=C(CCN1CCN(c2ccccc2)CC1)c1ccc(F)cc1,O[C@H](CCN1CCN(c2ccccc2)CC1)c1ccc(F)cc1,2025,Ru,Cc1cc(C)c(c(c1)C)[C@H](c1ccc2c(c1)cccc2)NCCP(c1ccccc1)c1ccccc1.CP(CCP(C)C)C,C1CCCO1,[K+].[O-1]C,50.0,30.0,100.0,2.768190629679727,outer
COc1ccc(C(=O)CCN2CCN(c3ccccc3)CC2)cc1,COc1ccc([C@H](O)CCN2CCN(c3ccccc3)CC2)cc1,2025,Ru,Cc1cc(C)c(c(c1)C)[C@H](c1ccc2c(c1)cccc2)NCCP(c1ccccc1)c1ccccc1.CP(CCP(C)C)C,C1CCCO1,[K+].[O-1]C,50.0,30.0,100.0,2.768190629679727,outer
O=C(CCN1CCN(c2ccccc2)CC1)c1ccc(Br)cc1,O[C@H](CCN1CCN(c2ccccc2)CC1)c1ccc(Br)cc1,2025,Ru,Cc1cc(C)c(c(c1)C)[C@H](c1ccc2c(c1)cccc2)NCCP(c1ccccc1)c1ccccc1.CP(CCP(C)C)C,C1CCCO1,[K+].[O-1]C,50.0,30.0,100.0,2.768190629679727,outer
O=C(CCN1CCN(c2ccccc2Cl)CC1)c1ccccc1,O[C@H](CCN1CCN(c2ccccc2Cl)CC1)c1ccccc1,2025,Ru,Cc1cc(C)c(c(c1)C)[C@H](c1ccc2c(c1)cccc2)NCCP(c1ccccc1)c1ccccc1.CP(CCP(C)C)C,C1CCCO1,[K+].[O-1]C,50.0,30.0,100.0,2.768190629679727,outer
O=C(CCN1CCN(c2ccccc2)CC1)c1ccc2ccccc2c1,O[C@H](CCN1CCN(c2ccccc2)CC1)c1ccc2ccccc2c1,2025,Ru,Cc1cc(C)c(c(c1)C)[C@H](c1ccc2c(c1)cccc2)NCCP(c1ccccc1)c1ccccc1.CP(CCP(C)C)C,C1CCCO1,[K+].[O-1]C,50.0,30.0,100.0,2.768190629679727,outer
COc1cccc(N2CCN(CCC(=O)c3ccccc3)CC2)c1,COc1cccc(N2CCN(CC[C@@H](O)c3ccccc3)CC2)c1,2025,Ru,Cc1cc(C)c(c(c1)C)[C@H](c1ccc2c(c1)cccc2)NCCP(c1ccccc1)c1ccccc1.CP(CCP(C)C)C,C1CCCO1,[K+].[O-1]C,50.0,30.0,100.0,2.768190629679727,outer
O=C(CCN1CCN(c2ccc(C(F)(F)F)cc2)CC1)c1ccccc1,O[C@H](CCN1CCN(c2ccc(C(F)(F)F)cc2)CC1)c1ccccc1,2025,Ru,Cc1cc(C)c(c(c1)C)[C@H](c1ccc2c(c1)cccc2)NCCP(c1ccccc1)c1ccccc1.CP(CCP(C)C)C,C1CCCO1,[K+].[O-1]C,50.0,30.0,100.0,2.768190629679727,outer
Cc1ccc(N2CCN(CCC(=O)c3ccccc3)CC2)cc1,Cc1ccc(N2CCN(CC[C@@H](O)c3ccccc3)CC2)cc1,2025,Ru,Cc1cc(C)c(c(c1)C)[C@H](c1ccc2c(c1)cccc2)NCCP(c1ccccc1)c1ccccc1.CP(CCP(C)C)C,C1CCCO1,[K+].[O-1]C,50.0,30.0,100.0,2.768190629679727,outer
O=C(CCN1CCN(c2ccc(F)cc2)CC1)c1ccccc1,O[C@H](CCN1CCN(c2ccc(F)cc2)CC1)c1ccccc1,2025,Ru,Cc1cc(C)c(c(c1)C)[C@H](c1ccc2c(c1)cccc2)NCCP(c1ccccc1)c1ccccc1.CP(CCP(C)C)C,C1CCCO1,[K+].[O-1]C,50.0,30.0,100.0,2.768190629679727,outer
O=C(CCN1CCN(c2cccc(C(F)(F)F)c2)CC1)c1ccccc1,O[C@H](CCN1CCN(c2cccc(C(F)(F)F)c2)CC1)c1ccccc1,2025,Ru,Cc1cc(C)c(c(c1)C)[C@H](c1ccc2c(c1)cccc2)NCCP(c1ccccc1)c1ccccc1.CP(CCP(C)C)C,C1CCCO1,[K+].[O-1]C,50.0,30.0,100.0,2.768190629679727,outer
O=C(CCN1CCOCC1)c1ccccc1,O[C@H](CCN1CCOCC1)c1ccccc1,2025,Ru,Cc1cc(C)c(c(c1)C)[C@H](c1ccc2c(c1)cccc2)NCCP(c1ccccc1)c1ccccc1.CP(CCP(C)C)C,C1CCCO1,[K+].[O-1]C,50.0,30.0,100.0,2.768190629679727,outer
Cc1ccccc1N1CCN(CCC(=O)c2ccccc2)CC1,Cc1ccccc1N1CCN(CC[C@@H](O)c2ccccc2)CC1,2025,Ru,Cc1cc(C)c(c(c1)C)[C@H](c1ccc2c(c1)cccc2)NCCP(c1ccccc1)c1ccccc1.CP(CCP(C)C)C,C1CCCO1,[K+].[O-1]C,50.0,30.0,100.0,2.768190629679727,outer
O=C(CCN1CCN(c2ccccc2F)CC1)c1ccccc1,O[C@H](CCN1CCN(c2ccccc2F)CC1)c1ccccc1,2025,Ru,Cc1cc(C)c(c(c1)C)[C@H](c1ccc2c(c1)cccc2)NCCP(c1ccccc1)c1ccccc1.CP(CCP(C)C)C,C1CCCO1,[K+].[O-1]C,50.0,30.0,100.0,2.768190629679727,outer
O=C(CCN1CCN(c2ccccc2)CC1)c1cccs1,O[C@H](CCN1CCN(c2ccccc2)CC1)c1cccs1,2025,Ru,Cc1cc(C)c(c(c1)C)[C@H](c1ccc2c(c1)cccc2)NCCP(c1ccccc1)c1ccccc1.CP(CCP(C)C)C,C1CCCO1,[K+].[O-1]C,50.0,30.0,100.0,2.768190629679727,outer
COc1ccc(N2CCN(CCC(=O)c3ccccc3)CC2)cc1,COc1ccc(N2CCN(CC[C@@H](O)c3ccccc3)CC2)cc1,2025,Ru,Cc1cc(C)c(c(c1)C)[C@H](c1ccc2c(c1)cccc2)NCCP(c1ccccc1)c1ccccc1.CP(CCP(C)C)C,C1CCCO1,[K+].[O-1]C,50.0,30.0,100.0,2.768190629679727,outer
Cc1ccc(C(=O)c2ccccc2Br)cc1,Cc1ccc([C@H](O)c2ccccc2Br)cc1,2000,Ru,Cc1cc(C)cc(c1)P(c1ccc2c(c1c1c(ccc3c1cccc3)P(c1cc(C)cc(c1)C)c1cc(C)cc(c1)C)cccc2)c1cc(C)cc(c1)C.COc1ccc(cc1)C(c1ccc(cc1)OC)([C@H](C(C)C)N)N,CC(O)C,[O-1]C(C)(C)C.[K+],8.0,28.0,2000.0,2.749927785347352,outer
CCOC(OCC)C(=O)c1ccc(OC)cc1,CCOC(OCC)[C@H](O)c1ccc(OC)cc1,2007,Ru,Cc1ccc(cc1)P(c1ccc2c(c1c1c(ccc3c1cccc3)P(c1ccc(cc1)C)c1ccc(cc1)C)cccc2)c1ccc(cc1)C.NC[C@@H](c1ccccc1)N,CC(O)C,[K+].[O-1]C(C)(C)C,8.0,27.5,1000.0,2.7453620742642584,outer
CC(=O)c1ccccc1Cl,C[C@H](O)c1ccccc1Cl,2021,Ru,COc1ccccc1P(c1ccccc1OC)c1ccccc1OC.C=CC1CN2CCC1CC2[C@@H](c1ccnc2c1cccc2)N,CCCO,[Li+].[OH-1],60.0,30.0,250.0,2.7384941453727136,outer
O=C(CN1C(=O)c2ccccc2C1=O)c1ccccc1,O=C1c2ccccc2C(=O)N1C[C@H](O)c1ccccc1,2005,Ru,c1ccc(cc1)P(c1ccc2c(c1c1c(ccc3c1cccc3)P(c1ccccc1)c1ccccc1)cccc2)c1ccccc1,CCO,,102.04,80.0,100.0,2.7312004034255795,inner
O=C(CN1C(=O)c2ccccc2C1=O)c1ccc(Br)cc1,O=C1c2ccccc2C(=O)N1C[C@H](O)c1ccc(Br)cc1,2005,Ru,OC1(CCCC1)c1cc(P(c2ccccc2)c2ccccc2)c(c2c1cccc2)c1c(cc(c2c1cccc2)C1(O)CCCC1)P(c1ccccc1)c1ccccc1,CCO,,102.04,80.0,100.0,2.7312004034255795,inner
O=C(Cc1ccccc1)c1ccccc1,O[C@@H](Cc1ccccc1)c1ccccc1,2003,Ru,Cc1cc(C)cc(c1)P(c1cccc2c1[C@]1(CC2)CCc2c1c(ccc2)P(c1cc(C)cc(c1)C)c1cc(C)cc(c1)C)c1ccc(cc1C)C.N[C@@H]([C@@H](c1ccccc1)N)c1ccccc1,CC(O)C,[O-1]C(C)(C)C.[K+],50.0,25.0,5000.0,2.7225335188487896,outer
CC(=O)c1ccco1,C[C@H](O)c1ccco1,2003,Ru,Cc1cc(C)cc(c1)P(c1cccc2c1[C@]1(CC2)CCc2c1c(ccc2)P(c1cc(C)cc(c1)C)c1cc(C)cc(c1)C)c1ccc(cc1C)C.N[C@@H]([C@@H](c1ccccc1)N)c1ccccc1,CC(O)C,[O-1]C(C)(C)C.[K+],50.0,25.0,5000.0,2.7225335188487896,outer
CC(=O)c1ccccc1,C[C@H](O)c1ccccc1,2003,Ru,Cc1cc(C)cc(c1)P(c1cccc2c1[C@]1(CC2)CCc2c1c(ccc2)P(c1cc(C)cc(c1)C)c1cc(C)cc(c1)C)c1ccc(cc1C)C.N[C@@H]([C@@H](c1ccccc1)N)c1ccccc1,CC(O)C,[O-1]C(C)(C)C.[K+],60.0,25.0,10000.0,2.7225335188487896,outer
CC(=O)c1ccccc1Cl,C[C@H](O)c1ccccc1Cl,2003,Ru,Cc1cc(C)cc(c1)P(c1cccc2c1[C@]1(CC2)CCc2c1c(ccc2)P(c1cc(C)cc(c1)C)c1cc(C)cc(c1)C)c1ccc(cc1C)C.N[C@@H]([C@@H](c1ccccc1)N)c1ccccc1,CC(O)C,[O-1]C(C)(C)C.[K+],50.0,25.0,5000.0,2.7225335188487896,outer
CC(=O)[Si](C)(C)C(C)(C)C,C[C@H](O)[Si](C)(C)C(C)(C)C,2008,Ru,Cc1ccc(cc1)P(c1ccc2c(c1c1c(ccc3c1cccc3)P(c1ccc(cc1)C)c1ccc(cc1)C)cccc2)c1ccc(cc1)C.NCc1ncc(c(c1)C(C)(C)C)C(C)(C)C,CCO,[O-1]C(C)(C)C.[K+],10.0,25.0,800.0,2.7225335188487896,outer
CC(=O)c1cccs1,C[C@H](O)c1cccs1,2003,Ru,Cc1cc(C)cc(c1)P(c1cccc2c1[C@]1(CC2)CCc2c1c(ccc2)P(c1cc(C)cc(c1)C)c1cc(C)cc(c1)C)c1ccc(cc1C)C.N[C@@H]([C@@H](c1ccccc1)N)c1ccccc1,CC(O)C,[O-1]C(C)(C)C.[K+],50.0,25.0,5000.0,2.7225335188487896,outer
CC(C)C/C=C1\CCCC1=O,CC(C)C/C=C1\CCC[C@H]1O,2019,Ru,CC([C@H]1COC(=N1)C12C3[Ru]4567891(C2(C7C34)P(c1ccccc1)c1ccccc1)C1C5C9(C8(C61)P(c1ccccc1)c1ccccc1)C1=N[C@H](CO1)C(C)(C)C)(C)C,CO,C1CCN2C(=NCCC2)CC1,2.0,25.0,100.0,2.7225335188487896,inner
O=C1CCC/C1=C\c1ccc(C(F)(F)F)cc1,O[C@@H]1CCC/C1=C\c1ccc(C(F)(F)F)cc1,2019,Ru,CC([C@H]1COC(=N1)C12C3[Ru]4567891(C2(C7C34)P(c1ccccc1)c1ccccc1)C1C5C9(C8(C61)P(c1ccccc1)c1ccccc1)C1=N[C@H](CO1)C(C)(C)C)(C)C,CO,C1CCN2C(=NCCC2)CC1,2.0,25.0,100.0,2.7225335188487896,inner
O=C1CC2CCC1CC2,O[C@@H]1CC2CCC1CC2,2010,Ru,c1ccc(cc1)P(c1ccc2c(c1c1c(ccc3c1cccc3)P(c1ccccc1)c1ccccc1)cccc2)c1ccccc1.C[C@H]([C@H]1OC(O[C@@H]1[C@H](N)C)(C)C)N,CC(O)C.CC(O)(C)C,[K+].[O-1]C(C)(C)C,20.0,25.0,1000.0,2.7225335188487896,outer
COc1ccccc1/C=C1\CCCC1=O,COc1ccccc1/C=C1\CCC[C@H]1O,2019,Ru,CC([C@H]1COC(=N1)C12C3[Ru]4567891(C2(C7C34)P(c1ccccc1)c1ccccc1)C1C5C9(C8(C61)P(c1ccccc1)c1ccccc1)C1=N[C@H](CO1)C(C)(C)C)(C)C,CO,C1CCN2C(=NCCC2)CC1,2.0,25.0,100.0,2.7225335188487896,inner
O=C1CCC/C1=C\c1ccccc1Br,O[C@@H]1CCC/C1=C\c1ccccc1Br,2019,Ru,CC([C@H]1COC(=N1)C12C3[Ru]4567891(C2(C7C34)P(c1ccccc1)c1ccccc1)C1C5C9(C8(C61)P(c1ccccc1)c1ccccc1)C1=N[C@H](CO1)C(C)(C)C)(C)C,CO,C1CCN2C(=NCCC2)CC1,2.0,25.0,100.0,2.7225335188487896,inner
O=C1CCC/C1=C\c1ccccc1Cl,O[C@@H]1CCC/C1=C\c1ccccc1Cl,2019,Ru,CC([C@H]1COC(=N1)C12C3[Ru]4567891(C2(C7C34)P(c1ccccc1)c1ccccc1)C1C5C9(C8(C61)P(c1ccccc1)c1ccccc1)C1=N[C@H](CO1)C(C)(C)C)(C)C,CO,C1CCN2C(=NCCC2)CC1,2.0,25.0,100.0,2.7225335188487896,inner
Cc1cccc(/C=C2\CCCC2=O)c1,Cc1cccc(/C=C2\CCC[C@H]2O)c1,2019,Ru,CC([C@H]1COC(=N1)C12C3[Ru]4567891(C2(C7C34)P(c1ccccc1)c1ccccc1)C1C5C9(C8(C61)P(c1ccccc1)c1ccccc1)C1=N[C@H](CO1)C(C)(C)C)(C)C,CO,C1CCN2C(=NCCC2)CC1,2.0,25.0,100.0,2.7225335188487896,inner
Cc1ccccc1/C=C1\CCCC1=O,Cc1ccccc1/C=C1\CCC[C@H]1O,2019,Ru,CC([C@H]1COC(=N1)C12C3[Ru]4567891(C2(C7C34)P(c1ccccc1)c1ccccc1)C1C5C9(C8(C61)P(c1ccccc1)c1ccccc1)C1=N[C@H](CO1)C(C)(C)C)(C)C,CO,C1CCN2C(=NCCC2)CC1,2.0,25.0,100.0,2.7225335188487896,inner
O=C1CCC/C1=C\c1ccco1,O[C@@H]1CCC/C1=C\c1ccco1,2019,Ru,CC([C@H]1COC(=N1)C12C3[Ru]4567891(C2(C7C34)P(c1ccccc1)c1ccccc1)C1C5C9(C8(C61)P(c1ccccc1)c1ccccc1)C1=N[C@H](CO1)C(C)(C)C)(C)C,CO,C1CCN2C(=NCCC2)CC1,2.0,25.0,100.0,2.7225335188487896,inner
O=C1CCC/C1=C\c1ccc(Br)cc1,O[C@@H]1CCC/C1=C\c1ccc(Br)cc1,2019,Ru,CC([C@H]1COC(=N1)C12C3[Ru]4567891(C2(C7C34)P(c1ccccc1)c1ccccc1)C1C5C9(C8(C61)P(c1ccccc1)c1ccccc1)C1=N[C@H](CO1)C(C)(C)C)(C)C,CO,C1CCN2C(=NCCC2)CC1,2.0,25.0,100.0,2.7225335188487896,inner
O=C1CCC/C1=C\c1ccc2ccccc2c1,O[C@@H]1CCC/C1=C\c1ccc2ccccc2c1,2019,Ru,CC([C@H]1COC(=N1)C12C3[Ru]4567891(C2(C7C34)P(c1ccccc1)c1ccccc1)C1C5C9(C8(C61)P(c1ccccc1)c1ccccc1)C1=N[C@H](CO1)C(C)(C)C)(C)C,CO,C1CCN2C(=NCCC2)CC1,2.0,25.0,100.0,2.7225335188487896,inner
COc1ccc(/C=C2\CCCC2=O)cc1,COc1ccc(/C=C2\CCC[C@H]2O)cc1,2019,Ru,CC([C@H]1COC(=N1)C12C3[Ru]4567891(C2(C7C34)P(c1ccccc1)c1ccccc1)C1C5C9(C8(C61)P(c1ccccc1)c1ccccc1)C1=N[C@H](CO1)C(C)(C)C)(C)C,CO,C1CCN2C(=NCCC2)CC1,2.0,25.0,100.0,2.7225335188487896,inner
COc1ccc(C(C)=O)cc1,COc1ccc([C@H](C)O)cc1,2003,Ru,Cc1cc(C)cc(c1)P(c1cccc2c1[C@]1(CC2)CCc2c1c(ccc2)P(c1cc(C)cc(c1)C)c1cc(C)cc(c1)C)c1ccc(cc1C)C.N[C@@H]([C@@H](c1ccccc1)N)c1ccccc1,CC(O)C,[O-1]C(C)(C)C.[K+],50.0,25.0,5000.0,2.7225335188487896,outer
O=C1CCCc2ccc(F)cc21,O[C@@H]1CCCc2ccc(F)cc21,2004,Ru,Cc1cc(C)cc(c1)P(c1ccc2c(c1c1c(ccc3c1cccc3)P(c1cc(C)cc(c1)C)c1cc(C)cc(c1)C)cccc2)c1cc(C)cc(c1)C.C[C@H]([C@H]1OC(O[C@@H]1[C@H](N)C)(C)C)N,CC(O)C,[O-1]C(C)(C)C.[K+],9.0,25.0,3000.003000003,2.7225335188487896,outer
O=C1CCCc2ccccc21,O[C@@H]1CCCc2ccccc21,2004,Ru,Cc1cc(C)cc(c1)P(c1ccc2c(c1c1c(ccc3c1cccc3)P(c1cc(C)cc(c1)C)c1cc(C)cc(c1)C)cccc2)c1cc(C)cc(c1)C.C[C@H]([C@H]1OC(O[C@@H]1[C@H](N)C)(C)C)N,CC(O)C.CC(O)C.CC(O)C.CC(O)(C)C,[O-1]C(C)(C)C.[K+],50.0,25.0,11001.100110011,2.7225335188487896,outer
Cc1cccc(C(=O)CCNCc2ccccc2)c1,Cc1cccc([C@H](O)CCNCc2ccccc2)c1,2015,Ru,CC([C@H]1COC(=N1)C12C3[Ru]4567891(C2(C7C34)P(c1ccccc1)c1ccccc1)C1C5C9(C8(C61)P(c1ccccc1)c1ccccc1)C1=N[C@H](CO1)C(C)(C)C)(C)C.c1ccc(cc1)P(c1ccccc1)c1ccccc1,CCO,C1CCN2C(=NCCC2)CC1,50.0,25.0,200.0,2.7225335188487896,inner
Cc1ccccc1C(=O)CCNCc1ccccc1,Cc1ccccc1[C@H](O)CCNCc1ccccc1,2015,Ru,CC([C@H]1COC(=N1)C12C3[Ru]4567891(C2(C7C34)P(c1ccccc1)c1ccccc1)C1C5C9(C8(C61)P(c1ccccc1)c1ccccc1)C1=N[C@H](CO1)C(C)(C)C)(C)C.c1ccc(cc1)P(c1ccccc1)c1ccccc1,CCO,C1CCN2C(=NCCC2)CC1,50.0,25.0,200.0,2.7225335188487896,inner
CCOC(OCC)C(=O)c1ccc(OC)cc1,CCOC(OCC)[C@H](O)c1ccc(OC)cc1,2008,Ru,Cc1ccc(cc1)P(c1ccc2c(c1c1c(ccc3c1cccc3)P(c1ccc(cc1)C)c1ccc(cc1)C)cccc2)c1ccc(cc1)C.N[C@H](c1ccccc1)CN(C)C,CC(O)C,[K+].[O-1]C(C)(C)C,8.0,25.0,1000.0,2.7225335188487896,outer
CC(=O)c1ccc(Br)cc1,C[C@H](O)c1ccc(Br)cc1,2010,Ru,CC1(C)O[C@@H]([C@H](O1)CP(c1ccccc1)c1ccccc1)CP(c1ccccc1)c1ccccc1.NCc1nc2c([nH]1)cccc2,Cc1ccccc1.CC(O)(C)C,[O-1]C(C)(C)C.[K+].c1ccc(cc1)P(c1ccccc1)c1ccccc1,8.0,25.0,1000.0,2.7225335188487896,outer
O=C(CCNCc1ccccc1)c1ccccc1,O[C@H](CCNCc1ccccc1)c1ccccc1,2015,Ru,CC([C@H]1COC(=N1)C12C3[Ru]4567891(C2(C7C34)P(c1ccccc1)c1ccccc1)C1C5C9(C8(C61)P(c1ccccc1)c1ccccc1)C1=N[C@H](CO1)C(C)(C)C)(C)C.c1ccc(cc1)P(c1ccccc1)c1ccccc1,CCO,C1CCN2C(=NCCC2)CC1,50.0,25.0,200.0,2.7225335188487896,inner
COc1ccc(OC)c(C(=O)CCNCc2ccccc2)c1,COc1ccc(OC)c([C@H](O)CCNCc2ccccc2)c1,2015,Ru,CC([C@H]1COC(=N1)C12C3[Ru]4567891(C2(C7C34)P(c1ccccc1)c1ccccc1)C1C5C9(C8(C61)P(c1ccccc1)c1ccccc1)C1=N[C@H](CO1)C(C)(C)C)(C)C.c1ccc(cc1)P(c1ccccc1)c1ccccc1,CCO,C1CCN2C(=NCCC2)CC1,50.0,25.0,200.0,2.7225335188487896,inner
Cc1ccc(C(=O)CCNCc2ccccc2)c(C)c1,Cc1ccc([C@H](O)CCNCc2ccccc2)c(C)c1,2015,Ru,CC([C@H]1COC(=N1)C12C3[Ru]4567891(C2(C7C34)P(c1ccccc1)c1ccccc1)C1C5C9(C8(C61)P(c1ccccc1)c1ccccc1)C1=N[C@H](CO1)C(C)(C)C)(C)C.c1ccc(cc1)P(c1ccccc1)c1ccccc1,CCO,C1CCN2C(=NCCC2)CC1,50.0,25.0,200.0,2.7225335188487896,inner
COc1ccc2c(c1)CCCC2=O,COc1ccc2c(c1)CCC[C@@H]2O,2010,Ru,CC1(C)O[C@@H]([C@H](O1)CP(c1ccccc1)c1ccccc1)CP(c1ccccc1)c1ccccc1.NCc1nc2c([nH]1)cccc2,Cc1ccccc1.CC(O)(C)C,[O-1]C(C)(C)C.[K+].c1ccc(cc1)P(c1ccccc1)c1ccccc1,8.0,25.0,1000.0,2.7225335188487896,outer
COc1cccc2c1CCCC2=O,COc1cccc2c1CCC[C@H]2O,2004,Ru,Cc1ccc(cc1)P(c1ccc2c(c1c1c(ccc3c1cccc3)P(c1ccc(cc1)C)c1ccc(cc1)C)cccc2)c1ccc(cc1)C.C[C@H]([C@H]1OC(O[C@@H]1[C@H](N)C)(C)C)N,CC(O)C,[O-1]C(C)(C)C.[K+],9.0,25.0,54945.05494505495,2.7225335188487896,outer
CC(=O)c1cccs1,C[C@H](O)c1cccs1,2010,Ru,CC1(C)O[C@@H]([C@H](O1)CP(c1ccccc1)c1ccccc1)CP(c1ccccc1)c1ccccc1.NCc1nc2c([nH]1)cccc2,Cc1ccccc1.CC(O)(C)C,[O-1]C(C)(C)C.[K+].c1ccc(cc1)P(c1ccccc1)c1ccccc1,8.0,25.0,1000.0,2.7225335188487896,outer
CC(=O)c1ccccc1,C[C@H](O)c1ccccc1,2010,Ru,CC1(C)O[C@@H]([C@H](O1)CP(c1ccccc1)c1ccccc1)CP(c1ccccc1)c1ccccc1.NCc1nc2c([nH]1)cccc2,Cc1ccccc1.CC(O)(C)C,[O-1]C(C)(C)C.[K+].c1ccc(cc1)P(c1ccccc1)c1ccccc1,30.0,25.0,99999.99999999999,2.7225335188487896,outer
CC(=O)c1ccccc1,C[C@H](O)c1ccccc1,2010,Ru,CC1(C)O[C@@H]([C@H](O1)CP(c1ccccc1)c1ccccc1)CP(c1ccccc1)c1ccccc1.COc1ccc2c(c1)[nH]c(n2)[C@@H](N)C,Cc1ccccc1.CC(O)(C)C.CO,[O-1]C(C)(C)C.[K+],8.0,25.0,1000.0,2.7225335188487896,outer
COc1cccc2c1CCCC2=O,COc1cccc2c1CCC[C@H]2O,2004,Ru,Cc1ccc(cc1)P(c1ccc2c(c1c1c(ccc3c1cccc3)P(c1ccc(cc1)C)c1ccc(cc1)C)cccc2)c1ccc(cc1)C.C[C@H]([C@H]1OC(O[C@@H]1[C@H](N)C)(C)C)N,CC(O)C,[O-1]C(C)(C)C.[K+],9.0,25.0,10000.0,2.7225335188487896,outer
Cc1ccc(C(=O)CCNCc2ccccc2)cc1,Cc1ccc([C@H](O)CCNCc2ccccc2)cc1,2015,Ru,CC([C@H]1COC(=N1)C12C3[Ru]4567891(C2(C7C34)P(c1ccccc1)c1ccccc1)C1C5C9(C8(C61)P(c1ccccc1)c1ccccc1)C1=N[C@H](CO1)C(C)(C)C)(C)C.c1ccc(cc1)P(c1ccccc1)c1ccccc1,CCO,C1CCN2C(=NCCC2)CC1,50.0,25.0,200.0,2.7225335188487896,inner
CC(=O)[Si](C)(C)C(C)(C)C,C[C@H](O)[Si](C)(C)C(C)(C)C,2008,Ru,Cc1ccc(cc1)P(c1ccc2c(c1c1c(ccc3c1cccc3)P(c1ccc(cc1)C)c1ccc(cc1)C)cccc2)c1ccc(cc1)C.NCc1ccccn1,CCO,[O-1]C(C)(C)C.[K+],10.0,25.0,2000.0,2.7225335188487896,outer
CCC(=O)c1ccccc1,CC[C@H](O)c1ccccc1,2011,Ru,Brc1ccc2c(c1)[C@H](NC2)[C@H]1NCc2c1cc(Br)cc2.c1ccc(cc1)P(C12C3[Fe]4567892(C1C5C34)C1C6C7C9(C81)P(c1ccccc1)c1ccccc1)c1ccccc1,CCCO,[K+].[O-1]C(C)(C)C,10.0,25.0,1000.0,2.7225335188487896,outer
CC(=O)c1cccc2ccccc12,C[C@H](O)c1cccc2ccccc12,2004,Ru,Cc1cc(P(c2ccccc2)c2ccccc2)c(c2c1cccc2)c1c(cc(c2c1cccc2)C)P(c1ccccc1)c1ccccc1.N[C@@H]([C@@H](c1ccccc1)N)c1ccccc1,CC(O)C,[O-1]C(C)(C)C.[K+],47.62,25.0,1000.0,2.7225335188487896,outer
CC(=O)[C]12[CH]3[CH]4[CH]5[CH]1[Fe]45321678[CH]2[CH]1[CH]6[CH]7[CH]28,C[C@H](O)[C]12[CH]3[CH]4[CH]5[CH]1[Fe]45321678[CH]2[CH]1[CH]6[CH]7[CH]28,2003,Ru,Cc1cc(C)cc(c1)P(c1cccc2c1[C@]1(CC2)CCc2c1c(ccc2)P(c1cc(C)cc(c1)C)c1cc(C)cc(c1)C)c1ccc(cc1C)C.N[C@@H]([C@@H](c1ccccc1)N)c1ccccc1,CC(O)C,[O-1]C(C)(C)C.[K+],50.0,25.0,5000.0,2.7225335188487896,outer
CN(C)CCC(=O)c1ccccc1,CN(C)CC[C@H](O)c1ccccc1,2011,Ru,Brc1ccc2c(c1)[C@H](NC2)[C@H]1NCc2c1cc(Br)cc2.c1ccc(cc1)P(C12C3[Fe]4567892(C1C5C34)C1C6C7C9(C81)P(c1ccccc1)c1ccccc1)c1ccccc1,CCCO,[K+].[O-1]C(C)(C)C,50.0,25.0,1000.0,2.7225335188487896,outer
CC(C)C(=O)c1ccccc1,CC(C)[C@@H](O)c1ccccc1,2006,Ru,c1ccc(cc1)c1cc2ccccc2c(c1NCc1ccccn1)c1c(NCc2ccccn2)c(cc2c1cccc2)c1ccccc1,CC(O)C,[O-1]C(C)(C)C.[K+],50.0,25.0,1000.0,2.7225335188487896,outer
COc1ccc(C(C)=O)cc1,COc1ccc([C@@H](C)O)cc1,2006,Ru,c1ccc(cc1)c1cc2ccccc2c(c1NCc1ccccn1)c1c(NCc2ccccn2)c(cc2c1cccc2)c1ccccc1,CC(O)C,[O-1]C(C)(C)C.[K+],50.0,25.0,1000.0,2.7225335188487896,outer
CCC(=O)c1ccccc1,CC[C@@H](O)c1ccccc1,2006,Ru,c1ccc(cc1)c1cc2ccccc2c(c1NCc1ccccn1)c1c(NCc2ccccn2)c(cc2c1cccc2)c1ccccc1,CC(O)C,[O-1]C(C)(C)C.[K+],50.0,25.0,1000.0,2.7225335188487896,outer
O=C(Cn1ccnc1)c1ccc(Cl)cc1Cl,O[C@H](Cn1ccnc1)c1ccc(Cl)cc1Cl,2022,Ru,Cc1cc(C)cc(c1)P(c1ccc2c(c1c1c(ccc3c1cccc3)P(c1cc(C)cc(c1)C)c1cc(C)cc(c1)C)cccc2)c1cc(C)cc(c1)C.COc1ccc(cc1)C(c1ccc(cc1)OC)([C@H](C(C)C)N)N,C1CCCO1,[K+].[O-1]C,50.0,25.0,800.0,2.7225335188487896,outer
CC(=O)c1ccc2ccccc2c1,C[C@H](O)c1ccc2ccccc2c1,2004,Ru,Cc1cc(C)cc(c1)P(c1ccc2c(c1c1c(ccc3c1cccc3)P(c1cc(C)cc(c1)C)c1cc(C)cc(c1)C)cccc2)c1cc(C)cc(c1)C.COc1ccc(cc1)C(c1ccc(cc1)OC)([C@@H](C(C)C)N)N,CC(O)C,[O-1]C(C)(C)C.[K+],48.3,25.0,1000.0,2.7225335188487896,outer
O=C1CCCc2ccccc21,O[C@H]1CCCc2ccccc21,2011,Ru,Brc1ccc2c(c1)[C@H](NC2)[C@H]1NCc2c1cc(Br)cc2.c1ccc(cc1)P(c1ccccc1Oc1ccccc1P(c1ccccc1)c1ccccc1)c1ccccc1,CCCO,[K+].[O-1]C(C)(C)C,10.0,25.0,1000.0,2.7225335188487896,outer
CC(=O)c1ccco1,C[C@H](O)c1ccco1,2011,Ru,Brc1ccc2c(c1)[C@H](NC2)[C@H]1NCc2c1cc(Br)cc2.c1ccc(cc1)P(C12C3[Fe]4567892(C1C5C34)C1C6C7C9(C81)P(c1ccccc1)c1ccccc1)c1ccccc1,CCCO,[K+].[O-1]C(C)(C)C,10.0,25.0,1000.0,2.7225335188487896,outer
CC(=O)c1ccc(C)cc1,Cc1ccc([C@H](C)O)cc1,2004,Ru,Cc1cc(C)cc(c1)P(c1ccc2c(c1c1c(ccc3c1cccc3)P(c1cc(C)cc(c1)C)c1cc(C)cc(c1)C)cccc2)c1cc(C)cc(c1)C.COc1ccc(cc1)C(c1ccc(cc1)OC)([C@@H](C(C)C)N)N,CC(O)C,[O-1]C(C)(C)C.[K+],48.3,25.0,1000.0,2.7225335188487896,outer
O=C(c1ccccc1)c1ccccc1Cl,O[C@H](c1ccccc1)c1ccccc1Cl,2010,Ru,CC1(C)O[C@@H]([C@H](O1)CP(c1ccccc1)c1ccccc1)CP(c1ccccc1)c1ccccc1.COc1ccc2c(c1)[nH]c(n2)[C@@H](N)C,Cc1ccccc1.CC(O)(C)C,[O-1]C(C)(C)C.[K+],8.0,25.0,5000.0,2.7225335188487896,outer
CC(=O)c1ccc(Cl)cc1,C[C@H](O)c1ccc(Cl)cc1,2004,Ru,Cc1cc(C)cc(c1)P(c1ccc2c(c1c1c(ccc3c1cccc3)P(c1cc(C)cc(c1)C)c1cc(C)cc(c1)C)cccc2)c1cc(C)cc(c1)C.COc1ccc(cc1)C(c1ccc(cc1)OC)([C@@H](C(C)C)N)N,CC(O)C,[O-1]C(C)(C)C.[K+],48.3,25.0,1000.0,2.7225335188487896,outer
CC(=O)c1ccccc1C,Cc1ccccc1[C@@H](C)O,2006,Ru,O=C(c1ccccc1P(c1ccccc1)c1ccccc1)c1ccccc1P(c1ccccc1)c1ccccc1.N[C@H]([C@H](c1ccccc1)N)c1ccccc1,CC(O)C,[K+].[OH-1],15.0,25.0,250.0,2.7225335188487896,outer
C[Si](C)(C(=O)C1CC1)c1ccccc1,C[Si](C)(c1ccccc1)[C@@H](O)C1CC1,2008,Ru,Cc1ccc(cc1)P(c1ccc2c(c1c1c(ccc3c1cccc3)P(c1ccc(cc1)C)c1ccc(cc1)C)cccc2)c1ccc(cc1)C.NCc1ccccn1,CCO,[O-1]C(C)(C)C.[K+],10.0,25.0,599.9998800000241,2.7225335188487896,outer
CC(=O)c1ccncc1,C[C@H](O)c1ccncc1,2003,Ru,COc1nc(OC)cc(c1c1c(OC)nc(cc1P(c1cc(C)cc(c1)C)c1cc(C)cc(c1)C)OC)P(c1cc(C)cc(c1)C)c1cc(C)cc(c1)C.N[C@@H]([C@@H](c1ccccc1)N)c1ccccc1,CC(O)C,[O-1]C(C)(C)C.[K+],23.81600435,27.5,4000.0,2.71591048921757,outer
CC(=O)c1ccc2ccccc2c1,C[C@H](O)c1ccc2ccccc2c1,2004,Ru,Cc1cc(C)cc(c1)P(c1ccc2c(c1c1c(cc(c3c1cccc3)[Si](C)(C)C)P(c1cc(C)cc(c1)C)c1cc(C)cc(c1)C)cccc2)c1cc(C)cc(c1)C.COc1ccc(cc1)C(c1ccc(cc1)OC)([C@@H](C(C)C)N)N,CC(O)C,[O-1]C(C)(C)C.[K+],48.3,25.0,1000.0,2.693326833062426,outer
CC(=O)c1cccc2ccccc12,C[C@H](O)c1cccc2ccccc12,2004,Ru,c1ccc(cc1)P(c1cc(c2ccccc2)c2c(c1c1c(cc(c3c1cccc3)c1ccccc1)P(c1ccccc1)c1ccccc1)cccc2)c1ccccc1.N[C@@H]([C@@H](c1ccccc1)N)c1ccccc1,CC(O)C,[O-1]C(C)(C)C.[K+],47.62,25.0,1000.0,2.693326833062426,outer
CC(=O)c1cccc2ccccc12,C[C@H](O)c1cccc2ccccc12,2004,Ru,Clc1cc(P(c2ccccc2)c2ccccc2)c(c2c1cccc2)c1c(cc(c2c1cccc2)Cl)P(c1ccccc1)c1ccccc1.N[C@@H]([C@@H](c1ccccc1)N)c1ccccc1,CC(O)C,[O-1]C(C)(C)C.[K+],47.62,25.0,1000.0,2.693326833062426,outer
CC(=O)c1ccc(C)cc1,Cc1ccc([C@H](C)O)cc1,2004,Ru,Cc1cc(C)cc(c1)P(c1ccc2c(c1c1c(cc(c3c1cccc3)[Si](C)(C)C)P(c1cc(C)cc(c1)C)c1cc(C)cc(c1)C)cccc2)c1cc(C)cc(c1)C.COc1ccc(cc1)C(c1ccc(cc1)OC)([C@@H](C(C)C)N)N,CC(O)C,[O-1]C(C)(C)C.[K+],48.3,25.0,1000.0,2.693326833062426,outer
CC(=O)c1ccc2ccccc2c1,C[C@H](O)c1ccc2ccccc2c1,2004,Ru,OP(=O)(c1cc(P(c2ccccc2)c2ccccc2)c(c2c1cccc2)c1c(cc(c2c1cccc2)P(=O)(O)O)P(c1ccccc1)c1ccccc1)O.N[C@@H]([C@@H](c1ccccc1)N)c1ccccc1,CC(O)C,[O-1]C(C)(C)C.[K+],47.62,25.0,1000.0,2.693326833062426,outer
CC(=O)c1cccs1,C[C@H](O)c1cccs1,2003,Ru,COc1nc(OC)cc(c1c1c(OC)nc(cc1P(c1cc(C)cc(c1)C)c1cc(C)cc(c1)C)OC)P(c1cc(C)cc(c1)C)c1cc(C)cc(c1)C.N[C@@H]([C@@H](c1ccccc1)N)c1ccccc1,CC(O)C,[O-1]C(C)(C)C.[K+],10.20685901,27.5,4000.0,2.6878150556770217,outer
CCOC(=O)CC(=O)CCl,CCOC(=O)C[C@H](O)CCl,2004,Ru,COc1cccc(c1c1c(OC)cccc1P(c1ccccc1)c1ccccc1)P(c1ccccc1)c1ccccc1,CO,,49.35,50.0,100.0,2.687192638451772,inner
CC(=O)C#C[Si](C)(C)C(C)(C)C,C[C@H](O)C#C[Si](C)(C)C(C)(C)C,2013,Ru,Cc1ccc(cc1)S(=O)(=O)N[C@H]([C@H](c1ccccc1)N)c1ccccc1,CO,,10.0,50.0,1000.0,2.687192638451772,outer
CC(=O)c1ccccc1,C[C@@H](O)c1ccccc1,2009,Ru,C[C@@H]1C[C@@H](C)Oc2c(-c3c(O1)cccc3P(c1cc(C)cc(c1)C)c1cc(C)cc(c1)C)c(ccc2)P(c1cc(C)cc(c1)C)c1cc(C)cc(c1)C.N[C@H]([C@H](c1ccccc1)N)c1ccccc1,CC(O)C,[O-1]C(C)(C)C.[K+],50.0,21.0,10000.0,2.6860078301840398,outer
CC(=O)c1ccccc1,C[C@@H](O)c1ccccc1,2009,Ru,C[C@@H]1C[C@@H](C)Oc2c(-c3c(O1)cccc3P(c1cc(C)cc(c1)C)c1cc(C)cc(c1)C)c(ccc2)P(c1cc(C)cc(c1)C)c1cc(C)cc(c1)C.COc1ccc(cc1)C(c1ccc(cc1)OC)([C@H](C(C)C)N)N,CC(O)C,[O-1]C(C)(C)C.[K+],50.0,21.0,1000000.0,2.6860078301840398,outer
O=C(CCN1CCN(c2ccccc2)CC1)c1ccccc1,O[C@H](CCN1CCN(c2ccccc2)CC1)c1ccccc1,2025,Ru,Cc1c([C@H](c2ccccc2)NCCP(c2ccccc2)c2ccccc2)c(C)c(c(c1C)C)C.CP(CCP(C)C)C,C1CCCO1,[K+].[O-1]C,50.0,30.0,100.0,2.68308183580509,outer
O=C(CCN1CCN(c2ccccc2)CC1)c1ccccc1,O[C@H](CCN1CCN(c2ccccc2)CC1)c1ccccc1,2025,Ru,Cc1cc(C)c(c(c1)C)[C@H](c1ccccc1)NCCP(c1ccccc1)c1ccccc1.CP(CCP(C)C)C,C1CCCO1,[K+].[O-1]C,50.0,30.0,100.0,2.68308183580509,outer
COc1ccc(C(=O)CN2C(=O)c3ccccc3C2=O)cc1,COc1ccc([C@@H](O)CN2C(=O)c3ccccc3C2=O)cc1,2005,Ru,[SiH3]c1cc(P(c2ccccc2)c2ccccc2)c(c2c1cccc2)c1c(cc(c2c1cccc2)[SiH3])P(c1ccccc1)c1ccccc1,CCO,,102.04,80.0,100.0,2.6793722572180787,inner
CC(=O)c1ccccc1C(F)(F)F,C[C@@H](O)c1ccccc1C(F)(F)F,2010,Ru,COc1cccc(c1P(c1ccc(cc1)OC(C)(C)C)c1ccc(cc1)OC(C)(C)C)c1cccc(c1P(c1ccc(cc1)OC(C)(C)C)c1ccc(cc1)OC(C)(C)C)OC.N[C@H]([C@H](c1ccccc1)N)c1ccccc1,CC(O)C,[K+].[OH-1],29.61,20.0,3000.003000003,2.6768764080178524,outer
CC(=O)c1ccc(C)s1,Cc1ccc([C@H](C)O)s1,2021,Ru,COc1ccccc1P(c1ccccc1OC)c1ccccc1OC.C=CC1CN2CCC1CC2[C@@H](c1ccnc2c1cccc2)N,CCCO,[Li+].[OH-1],60.0,40.0,250.0,2.6705483411226942,outer
CC(=O)c1ccc(C)cc1,Cc1ccc([C@H](C)O)cc1,2000,Ru,Cc1cc(C)cc(c1)P(c1cc2CCc3ccc(CCc1cc2)cc3P(c1cc(C)cc(c1)C)c1cc(C)cc(c1)C)c1cc(C)cc(c1)C.N[C@@H]([C@@H](c1ccccc1)N)c1ccccc1,CC(O)C,[K+].[O-1]C(C)(C)C,5.5,19.0,3000.003000003,2.667744985851665,outer
CC(=O)c1ccccc1C(F)(F)F,C[C@@H](O)c1ccccc1C(F)(F)F,2000,Ru,Cc1cc(C)cc(c1)P(c1cc2CCc3ccc(CCc1cc2)cc3P(c1cc(C)cc(c1)C)c1cc(C)cc(c1)C)c1cc(C)cc(c1)C.N[C@H]([C@H](c1ccccc1)N)c1ccccc1,CC(O)C,[K+].[O-1]C(C)(C)C,8.0,19.0,3000.003000003,2.667744985851665,outer
O=C(Cc1ccccc1)c1ccccc1,O[C@H](Cc1ccccc1)c1ccccc1,2000,Ru,Cc1cc(C)cc(c1)P(c1cc2CCc3ccc(CCc1cc2)cc3P(c1cc(C)cc(c1)C)c1cc(C)cc(c1)C)c1cc(C)cc(c1)C.N[C@H]([C@H](c1ccccc1)N)c1ccccc1,CC(O)C,[K+].[O-1]C(C)(C)C,5.5,19.0,3000.003000003,2.667744985851665,outer
CC(=O)c1ccccc1,C[C@H](O)c1ccccc1,2000,Ru,c1ccc(cc1)P(c1cc2CCc3ccc(CCc1cc2)cc3P(c1ccccc1)c1ccccc1)c1ccccc1.N[C@@H]([C@@H](c1ccccc1)N)c1ccccc1,CC(O)C,[K+].[O-1]C(C)(C)C,8.0,19.0,3000.003000003,2.667744985851665,outer
CC(=O)c1ccccc1,C[C@@H](O)c1ccccc1,2000,Ru,Cc1cc(C)cc(c1)P(c1cc2CCc3ccc(CCc1cc2)cc3P(c1cc(C)cc(c1)C)c1cc(C)cc(c1)C)c1cc(C)cc(c1)C.N[C@@H]1CCCC[C@H]1N,CC(O)C,[K+].[O-1]C(C)(C)C,8.0,19.0,3000.003000003,2.667744985851665,outer
CC(=O)c1ccccc1,C[C@H](O)c1ccccc1,2000,Ru,Cc1cc(C)cc(c1)P(c1cc2CCc3ccc(CCc1cc2)cc3P(c1cc(C)cc(c1)C)c1cc(C)cc(c1)C)c1cc(C)cc(c1)C.N[C@@H]1CCCC[C@H]1N,CC(O)C,[K+].[O-1]C(C)(C)C,8.0,19.0,3000.003000003,2.667744985851665,outer
CC(=O)c1ccsc1,C[C@H](O)c1ccsc1,2000,Ru,Cc1cc(C)cc(c1)P(c1cc2CCc3ccc(CCc1cc2)cc3P(c1cc(C)cc(c1)C)c1cc(C)cc(c1)C)c1cc(C)cc(c1)C.N[C@@H]([C@@H](c1ccccc1)N)c1ccccc1,CC(O)C,[K+].[O-1]C(C)(C)C,5.5,19.0,3000.003000003,2.667744985851665,outer
CCC(=O)c1ccccc1,CC[C@@H](O)c1ccccc1,2008,Ru,COc1nc(OC)cc(c1c1c(OC)nc(cc1P(c1ccc(cc1)OC)c1ccc(cc1)OC)OC)P(c1ccc(cc1)OC)c1ccc(cc1)OC.COc1ccc(cc1)C(c1ccc(cc1)OC)([C@H](C(C)C)N)N,CC(O)C,[K+].[OH-1],30.0,25.0,2000.0,2.665465021952782,outer
CC(=O)c1cccc2ccccc12,C[C@H](O)c1cccc2ccccc12,2004,Ru,Ic1cc(P(c2ccccc2)c2ccccc2)c(c2c1cccc2)c1c(cc(c2c1cccc2)I)P(c1ccccc1)c1ccccc1.N[C@@H]([C@@H](c1ccccc1)N)c1ccccc1,CC(O)C,[O-1]C(C)(C)C.[K+],47.62,25.0,1000.0,2.665465021952782,outer
O=C(CN1C(=O)c2ccccc2C1=O)c1ccc(Br)cc1,O=C1c2ccccc2C(=O)N1C[C@H](O)c1ccc(Br)cc1,2005,Ru,CCOP(=O)(c1cc(P(c2ccccc2)c2ccccc2)c(c2c1cccc2)c1c(cc(c2c1cccc2)P(=O)(OCC)OCC)P(c1ccccc1)c1ccccc1)OCC,CCO,,102.04,80.0,100.0,2.6628799890897255,inner
CC(=O)C1CC1,C[C@@H](O)C1CC1,2009,Ru,C[C@@H]1C[C@@H](C)Oc2c(-c3c(O1)cccc3P(c1cc(C)cc(c1)C)c1cc(C)cc(c1)C)c(ccc2)P(c1cc(C)cc(c1)C)c1cc(C)cc(c1)C.COc1ccc(cc1)C(c1ccc(cc1)OC)([C@H](C(C)C)N)N,CC(O)C,[O-1]C(C)(C)C.[K+],10.0,21.0,10000.0,2.6571929832141965,outer
O=C(CBr)c1ccc(Br)cc1,O[C@@H](CBr)c1ccc(Br)cc1,2015,Ru,C[N+]1(CCCC1)C[C@@H]1COC(=N1)C12C3[Fe]4567891(C2(C9C34)P(c1ccccc1)c1ccccc1)C1C7C6C5C81,Cc1ccccc1.O,[K+].[OH-1],20.0,30.0,200.0,2.6571382953636475,inner
O=C(CCN1CCN(c2ccccc2)CC1)c1ccccc1,O[C@H](CCN1CCN(c2ccccc2)CC1)c1ccccc1,2025,Ru,Fc1cc(C)c(c(c1)C)[C@H](c1ccccc1)NCCP(c1ccccc1)c1ccccc1.CP(CCP(C)C)C,C1CCCO1,[K+].[O-1]C,50.0,30.0,100.0,2.6571382953636475,outer
COc1ccc(C(=O)CBr)cc1,COc1ccc([C@@H](O)CBr)cc1,2015,Ru,C[N+]1(CCCC1)C[C@@H]1COC(=N1)C12C3[Fe]4567891(C2(C9C34)P(c1ccccc1)c1ccccc1)C1C7C6C5C81,Cc1ccccc1.O,[K+].[OH-1],20.0,30.0,200.0,2.6571382953636475,inner
COC(=O)C(=O)c1ccccc1,COC(=O)[C@H](O)c1ccccc1,2005,Ru,CC1(C)Oc2c(O1)c(c1c3OC(Oc3ccc1P(c1ccccc1)c1ccccc1)(C)C)c(cc2)P(c1ccccc1)c1ccccc1,CO,[Nd+3].[Cl-1].[Cl-1].O.O.O.O.O.O.[Cl-1],50.0,70.0,100.0,2.653862150461525,inner
CCOC(=O)C(=O)c1ccccc1,CCOC(=O)[C@H](O)c1ccccc1,2005,Ru,CC1(C)Oc2c(O1)c(c1c3OC(Oc3ccc1P(c1ccccc1)c1ccccc1)(C)C)c(cc2)P(c1ccccc1)c1ccccc1,CO,[Ce+3].[Cl-1].[Cl-1].O.O.O.O.O.O.[Cl-1].O,50.0,70.0,100.0,2.653862150461525,inner
COC(=O)C(=O)c1ccccc1,COC(=O)[C@H](O)c1ccccc1,2005,Ru,CC1(C)Oc2c(O1)c(c1c3OC(Oc3ccc1P(c1ccccc1)c1ccccc1)(C)C)c(cc2)P(c1ccccc1)c1ccccc1,CO,[Ce+3].[Cl-1].[Cl-1].O.O.O.O.O.O.[Cl-1].O,50.0,70.0,100.0,2.653862150461525,inner
COC(=O)C(=O)c1ccccc1,COC(=O)[C@H](O)c1ccccc1,2005,Ru,CC1(C)Oc2c(O1)c(c1c3OC(Oc3ccc1P(c1ccccc1)c1ccccc1)(C)C)c(cc2)P(c1ccccc1)c1ccccc1,CO,[Ce+3].[Cl-1].[Cl-1].O.O.O.O.O.O.[Cl-1].O.O=C1CC2C(C1(CC2)CS(=O)(=O)O)(C)C,50.0,70.0,100.0,2.653862150461525,inner
CC(=O)c1ccccc1C,Cc1ccccc1[C@H](C)O,2002,Ru,COc1nc(OC)cc(c1c1c(OC)nc(cc1P(c1cc(C)cc(c1)C)c1cc(C)cc(c1)C)OC)P(c1cc(C)cc(c1)C)c1cc(C)cc(c1)C,CC(O)C,[O-1]C(C)(C)C.[K+],20.41,26.5,4000.0,2.652104476658404,outer
CC(=O)c1ccc(C(F)(F)F)cc1,C[C@H](O)c1ccc(C(F)(F)F)cc1,2002,Ru,COc1nc(OC)cc(c1c1c(OC)nc(cc1P(c1cc(C)cc(c1)C)c1cc(C)cc(c1)C)OC)P(c1cc(C)cc(c1)C)c1cc(C)cc(c1)C,CC(O)C,[O-1]C(C)(C)C.[K+],20.41,26.5,12048.192771084337,2.652104476658404,outer
CC(=O)c1cccc(C)c1,Cc1cccc([C@H](C)O)c1,2002,Ru,COc1nc(OC)cc(c1c1c(OC)nc(cc1P(c1cc(C)cc(c1)C)c1cc(C)cc(c1)C)OC)P(c1cc(C)cc(c1)C)c1cc(C)cc(c1)C,CC(O)C,[O-1]C(C)(C)C.[K+],20.41,26.5,12048.192771084337,2.652104476658404,outer
O=C(CN1C(=O)c2ccccc2C1=O)c1ccccc1,O=C1c2ccccc2C(=O)N1C[C@H](O)c1ccccc1,2005,Ru,OC1(CCCC1)c1cc(P(c2ccccc2)c2ccccc2)c(c2c1cccc2)c1c(cc(c2c1cccc2)C1(O)CCCC1)P(c1ccccc1)c1ccccc1,CCO,,102.04,80.0,100.0,2.6467501206889628,inner
CC(=O)c1ccc(C(C)(C)C)cc1,C[C@H](O)c1ccc(C(C)(C)C)cc1,2004,Ru,c1ccc(cc1)P(c1cc(c2ccccc2)c2c(c1c1c(cc(c3c1cccc3)c1ccccc1)P(c1ccccc1)c1ccccc1)cccc2)c1ccccc1.N[C@@H]([C@@H](c1ccccc1)N)c1ccccc1,CC(O)C,[O-1]C(C)(C)C.[K+],47.62,25.0,1000.0,2.6388284655955387,outer
CC(=O)c1cccc2ccccc12,C[C@H](O)c1cccc2ccccc12,2004,Ru,Brc1cc(P(c2ccccc2)c2ccccc2)c(c2c1cccc2)c1c(cc(c2c1cccc2)Br)P(c1ccccc1)c1ccccc1.N[C@@H]([C@@H](c1ccccc1)N)c1ccccc1,CC(O)C,[O-1]C(C)(C)C.[K+],47.62,25.0,1000.0,2.6388284655955387,outer
CC(=O)c1ccc2ccccc2c1,C[C@H](O)c1ccc2ccccc2c1,2004,Ru,Cc1cc(C)cc(c1)P(c1cc(c2c(c1c1c(cc(c3c1cccc3)[Si](C)(C)C)P(c1cc(C)cc(c1)C)c1cc(C)cc(c1)C)cccc2)[Si](C)(C)C)c1cc(C)cc(c1)C.N[C@@H]([C@@H](c1ccccc1)N)c1ccccc1,CC(O)C,[O-1]C(C)(C)C.[K+],48.3,25.0,1000.0,2.6388284655955387,outer
O=C(c1ccccc1)C1CC1,O[C@H](c1ccccc1)C1CC1,2003,Ru,COc1nc(OC)cc(c1c1c(OC)nc(cc1P(c1cc(C)cc(c1)C)c1cc(C)cc(c1)C)OC)P(c1cc(C)cc(c1)C)c1cc(C)cc(c1)C.N[C@@H]([C@@H](c1ccccc1)N)c1ccccc1,CC(O)C,[O-1]C(C)(C)C.[K+],23.81600435,27.5,5000.0,2.635225559957383,outer
O=C(c1ccccc1)c1ccccc1F,O[C@H](c1ccccc1)c1ccccc1F,2003,Ru,COc1nc(OC)cc(c1c1c(OC)nc(cc1P(c1cc(C)cc(c1)C)c1cc(C)cc(c1)C)OC)P(c1cc(C)cc(c1)C)c1cc(C)cc(c1)C.N[C@@H]([C@@H](c1ccccc1)N)c1ccccc1,CC(O)C,[O-1]C(C)(C)C.[K+],20.41371802,27.5,2000.0,2.635225559957383,outer
O=C(CCN1CCN(c2ccccc2)CC1)c1ccccc1,O[C@H](CCN1CCN(c2ccccc2)CC1)c1ccccc1,2025,Ru,Cc1cc(C)c(c(c1)C)[C@H](c1ccccc1)NCCP(c1ccccc1)c1ccccc1.CP(CCP(C)C)C,COCCOC,[K+].[O-1]C,50.0,30.0,100.0,2.6322413770598696,outer
COc1ccc2c(c1)CCCC2=O,COc1ccc2c(c1)CCC[C@@H]2O,2011,Ru,Cc1cc(C)cc(c1)P(c1ccc2c(c1c1c3OCOc3ccc1P(c1cc(C)cc(c1)C)c1cc(C)cc(c1)C)OCO2)c1cc(C)cc(c1)C.COc1ccc(cc1)C(c1ccc(cc1)OC)([C@H](C(C)C)N)N,CCO.CC(O)C,[O-1]C(C)(C)C.[K+],10.0,15.0,1000.0,2.631219297186915,outer
CC(=O)CO,C[C@H](O)CO,2004,Ru,FC1(F)Oc2c(O1)c(c1c3OC(Oc3ccc1P(c1ccccc1)c1ccccc1)(F)F)c(cc2)P(c1ccccc1)c1ccccc1,CO,,29.61,65.0,100.0,2.6151930239794976,inner
CC(=O)c1ccc(C(F)(F)F)cc1,C[C@H](O)c1ccc(C(F)(F)F)cc1,2023,Ru,CCCCCN[C@H](c1ccnc2c1cccc2)[C@H]1CC2CCN1CC2C=C.C1CCC(CC1)P(C1CCCCC1)C1CCCCC1,CCO,[Ba+2].[OH-1].[OH-1],60.0,30.0,1000.0,2.608308947722923,outer
CC(=O)c1ccccc1,C[C@H](O)c1ccccc1,2002,Ru,COc1nc(OC)cc(c1c1c(OC)nc(cc1P(c1cc(C)cc(c1)C)c1cc(C)cc(c1)C)OC)P(c1cc(C)cc(c1)C)c1cc(C)cc(c1)C,CC(O)C,[O-1]C(C)(C)C.[K+],34.02,50.0,99999.99999999999,2.60551220279102,outer
CC(=O)c1ccccc1,C[C@@H](O)c1ccccc1,2012,Ru,CC([C@H]1COC(=N1)C12C3[Ru]4567891(C2(C7C34)P(c1ccccc1)c1ccccc1)C1C5C9(C8(C61)P(c1ccccc1)c1ccccc1)C1=N[C@H](CO1)C(C)(C)C)(C)C,CC(O)C,[O-1]C(C)(C)C.[K+],10.0,45.0,,2.6041693168654434,inner
CC(=O)c1c(C)coc1C,Cc1coc(C)c1[C@H](C)O,2018,Ru,C[C@H](P(c1cc(cc(c1)C(C)C)C(C)C)c1cc(cc(c1)C(C)C)C(C)C)C[C@@H](P(c1cc(cc(c1)C(C)C)C(C)C)c1cc(cc(c1)C(C)C)C(C)C)C.NCc1ncc(cc1C)C,CC(O)C,[O-1]C(C)(C)C.[K+],10.0,40.0,1000.0,2.6040364373547034,outer
O=C(COCc1ccccc1)CC(=O)c1ccco1,O=C(C[C@@H](O)COCc1ccccc1)c1ccco1,2019,Ru,CC1(C)Oc2c(O1)c(c1c3OC(Oc3ccc1P(c1ccccc1)c1ccccc1)(C)C)c(cc2)P(c1ccccc1)c1ccccc1,C1CCCO1,,20.0,70.0,200.0,2.6035016000690465,inner
CC(=O)/C=C/c1ccccc1,C[C@H](O)/C=C/c1ccccc1,2023,Ru,Cc1cc(C)cc(c1)P(c1ccc2c(c1c1c(ccc3c1cccc3)P(c1cc(C)cc(c1)C)c1cc(C)cc(c1)C)cccc2)c1cc(C)cc(c1)C.COc1ccc(cc1)C(c1ccc(cc1)OC)([C@@H](C(C)C)N)N,CCO,,50.0,25.0,1000.0,2.588826543197757,outer
O=C(c1ccccc1)c1ccccc1Cl,O[C@H](c1ccccc1)c1ccccc1Cl,2003,Ru,COc1nc(OC)cc(c1c1c(OC)nc(cc1P(c1cc(C)cc(c1)C)c1cc(C)cc(c1)C)OC)P(c1cc(C)cc(c1)C)c1cc(C)cc(c1)C.N[C@@H]([C@@H](c1ccccc1)N)c1ccccc1,CC(O)C,[O-1]C(C)(C)C.[K+],34.02286336,27.5,10000.0,2.586798895374886,outer
CCCC(=O)CC(=O)OCC,CCC[C@@H](O)CC(=O)OCC,2002,Ru,CN([C@@H](C12C3[Fe]4567891(C2(C9C34)P(c1ccccc1)c1ccccc1)C1C7C6C5C81)c1ccccc1P(c1ccccc1)c1ccccc1)C,CCO,,50.0,50.0,125.0,2.586570741710627,inner
O=C(c1ccccc1)c1ccccc1I,O[C@@H](c1ccccc1)c1ccccc1I,2023,Ru,CC([C@H]1COC(=N1)C12C3[Ru]4567891(C2(C7C34)P(c1ccccc1)c1ccccc1)C1C5C9(C8(C61)P(c1ccccc1)c1ccccc1)C1=N[C@H](CO1)C(C)(C)C)(C)C.c1ccc(cc1)P(c1ccccc1)c1ccccc1,C1CCCO1,[K+].[OH-1],40.0,10.0,100.0,2.585562186355978,inner
O=C(c1ccccc1)c1ccccc1Br,O[C@@H](c1ccccc1)c1ccccc1Br,2023,Ru,CC([C@H]1COC(=N1)C12C3[Ru]4567891(C2(C7C34)P(c1ccccc1)c1ccccc1)C1C5C9(C8(C61)P(c1ccccc1)c1ccccc1)C1=N[C@H](CO1)C(C)(C)C)(C)C.c1ccc(cc1)P(c1ccccc1)c1ccccc1,C1CCCO1,[K+].[OH-1],40.0,10.0,100.0,2.585562186355978,inner
O=C(c1ccccc1)c1ccccc1F,O[C@@H](c1ccccc1)c1ccccc1F,2023,Ru,CC([C@H]1COC(=N1)C12C3[Ru]4567891(C2(C7C34)P(c1ccccc1)c1ccccc1)C1C5C9(C8(C61)P(c1ccccc1)c1ccccc1)C1=N[C@H](CO1)C(C)(C)C)(C)C.c1ccc(cc1)P(c1ccccc1)c1ccccc1,C1CCCO1,[K+].[OH-1],40.0,10.0,100.0,2.585562186355978,inner
O=C(c1ccccc1)c1ccccc1I,O[C@@H](c1ccccc1)c1ccccc1I,2023,Ru,CC([C@H]1COC(=N1)C12C3[Ru]4567891(C2(C7C34)P(c1ccccc1)c1ccccc1)C1C5C9(C8(C61)P(c1ccccc1)c1ccccc1)C1=N[C@H](CO1)C(C)(C)C)(C)C.c1ccc(cc1)P(c1ccccc1)c1ccccc1,C1CCCO1,[K+].[OH-1],40.0,10.0,2000.0,2.585562186355978,inner
Nc1ccc(Br)cc1C(=O)c1ccccc1F,Nc1ccc(Br)cc1[C@@H](O)c1ccccc1F,2023,Ru,CC([C@H]1COC(=N1)C12C3[Ru]4567891(C2(C7C34)P(c1ccccc1)c1ccccc1)C1C5C9(C8(C61)P(c1ccccc1)c1ccccc1)C1=N[C@H](CO1)C(C)(C)C)(C)C.c1ccc(cc1)P(c1ccccc1)c1ccccc1,C1CCCO1,[K+].[OH-1],40.0,10.0,100.0,2.585562186355978,inner
O=C(c1ccccc1)c1ccccc1Br,O[C@@H](c1ccccc1)c1ccccc1Br,2023,Ru,CC([C@H]1COC(=N1)C12C3[Ru]4567891(C2(C7C34)P(c1ccccc1)c1ccccc1)C1C5C9(C8(C61)P(c1ccccc1)c1ccccc1)C1=N[C@H](CO1)C(C)(C)C)(C)C.c1ccc(cc1)P(c1ccccc1)c1ccccc1,C1CCCO1,[K+].[OH-1],40.0,10.0,2000.0,2.585562186355978,inner
Cc1ccc(C(=O)c2ccc(C)cc2Cl)cc1,Cc1ccc([C@H](O)c2ccc(C)cc2Cl)cc1,2023,Ru,CC([C@H]1COC(=N1)C12C3[Ru]4567891(C2(C7C34)P(c1ccccc1)c1ccccc1)C1C5C9(C8(C61)P(c1ccccc1)c1ccccc1)C1=N[C@H](CO1)C(C)(C)C)(C)C.c1ccc(cc1)P(c1ccccc1)c1ccccc1,C1CCCO1,[K+].[OH-1],40.0,10.0,100.0,2.585562186355978,inner
Cc1ccc(C(=O)c2ccc(C)cc2Br)cc1,Cc1ccc([C@H](O)c2ccc(C)cc2Br)cc1,2023,Ru,CC([C@H]1COC(=N1)C12C3[Ru]4567891(C2(C7C34)P(c1ccccc1)c1ccccc1)C1C5C9(C8(C61)P(c1ccccc1)c1ccccc1)C1=N[C@H](CO1)C(C)(C)C)(C)C.c1ccc(cc1)P(c1ccccc1)c1ccccc1,C1CCCO1,[K+].[OH-1],40.0,10.0,100.0,2.585562186355978,inner
CC(C)C(=O)CO,CC(C)[C@@H](O)CO,2009,Ru,C[C@@H]1CC[C@H](P1c1c(C)sc(c1P(c1ccccc1C)c1ccccc1C)C)C,CO,[H+].[Br-1],49.35,60.0,100.0,2.576523897497471,inner
O=C(CO)CCCc1ccccc1,OC[C@H](O)CCCc1ccccc1,2009,Ru,C[C@@H]1CC[C@H](P1c1c(C)sc(c1P(c1ccccc1C)c1ccccc1C)C)C,CO,[H+].[Br-1],49.35,60.0,100.0,2.576523897497471,inner
CC(=O)CO,C[C@@H](O)CO,2009,Ru,C[C@@H]1CC[C@H](P1c1c(C)sc(c1P(c1ccccc1C)c1ccccc1C)C)C,CO,[H+].[Br-1],49.35,60.0,100.0,2.576523897497471,inner
CC(=O)c1ccccc1,C[C@H](O)c1ccccc1,2012,Ru,Cc1ccc(cc1)S(=O)(=O)c1ccc(cc1)S(=O)(=O)N[C@H]([C@H](c1ccccc1)NCCc1ccccc1)c1ccccc1,CO,,30.0,60.0,100.0,2.576523897497471,outer
CC(=O)CO,C[C@@H](O)CO,2009,Ru,C[C@@H]1CC[C@H](P1c1c(C)sc(c1P(c1ccccc1C)c1ccccc1C)C)C,CO,[H+].[Br-1],78.96,80.0,1000.0,2.571013119681136,inner
CC(=O)c1ccc(C)cc1,Cc1ccc([C@H](C)O)cc1,2004,Ru,OP(=O)(c1cc(P(c2ccccc2)c2ccccc2)c(c2c1cccc2)c1c(cc(c2c1cccc2)P(=O)(O)O)P(c1ccccc1)c1ccccc1)O.N[C@@H]([C@@H](c1ccccc1)N)c1ccccc1,CC(O)C,[O-1]C(C)(C)C.[K+],47.62,25.0,1000.0,2.5652888430268495,outer
CC(=O)c1ccccc1C,Cc1ccccc1[C@H](C)O,2021,Ru,COc1ccccc1P(c1ccccc1OC)c1ccccc1OC.C=CC1CN2CCC1CC2[C@@H](c1ccnc2c1cccc2)N,CCCO,[Li+].[OH-1],60.0,40.0,250.0,2.5632425634965066,outer
CC(=O)c1ccc(C)cc1,Cc1ccc([C@H](C)O)cc1,2015,Ru,C[N+]1(CCCC1)C[C@@H]1COC(=N1)C12C3[Fe]4567891(C2(C9C34)P(c1ccccc1)c1ccccc1)C1C7C6C5C81,Cc1ccccc1.O,[K+].[OH-1],20.0,30.0,200.0,2.563054183161207,inner
O=C(c1ccccc1)c1ccccc1Cl,O[C@@H](c1ccccc1)c1ccccc1Cl,2000,Ru,Cc1cc(C)cc(c1)P(c1ccc2c(c1c1c(ccc3c1cccc3)P(c1cc(C)cc(c1)C)c1cc(C)cc(c1)C)cccc2)c1cc(C)cc(c1)C.COc1ccc(cc1)C(c1ccc(cc1)OC)([C@H](C(C)C)N)N,CC(O)C,[O-1]C(C)(C)C.[K+],8.0,35.0,20000.0,2.562458336806169,outer
O=C(CN1C(=O)c2ccccc2C1=O)c1ccc2ccccc2c1,O=C1c2ccccc2C(=O)N1C[C@H](O)c1ccc2ccccc2c1,2005,Ru,CCOP(=O)(c1cc(P(c2ccccc2)c2ccccc2)c(c2c1cccc2)c1c(cc(c2c1cccc2)P(=O)(OCC)OCC)P(c1ccccc1)c1ccccc1)OCC,CCO,,102.04,80.0,100.0,2.556756058908398,inner
Cc1ccccc1C(=O)CC(=O)COCc1ccccc1,Cc1ccccc1C(=O)C[C@@H](O)COCc1ccccc1,2019,Ru,CC1(C)Oc2c(O1)c(c1c3OC(Oc3ccc1P(c1ccccc1)c1ccccc1)(C)C)c(cc2)P(c1ccccc1)c1ccccc1,C1CCCO1,,20.0,70.0,200.0,2.5564667344477967,inner
CC(=O)c1ccccc1C,Cc1ccccc1[C@@H](C)O,2009,Ru,C[C@@H]1C[C@@H](C)Oc2c(-c3c(O1)cccc3P(c1cc(C)cc(c1)C)c1cc(C)cc(c1)C)c(ccc2)P(c1cc(C)cc(c1)C)c1cc(C)cc(c1)C.COc1ccc(cc1)C(c1ccc(cc1)OC)([C@H](C(C)C)N)N,CC(O)C,[O-1]C(C)(C)C.[K+],10.0,21.0,10000.0,2.5540946761080674,outer
COC(=O)CC(C)=O,COC(=O)C[C@@H](C)O,2002,Ru,CN([C@@H](C12C3[Fe]4567891(C2(C9C34)P(c1ccccc1)c1ccccc1)C1C7C6C5C81)c1ccccc1P(c1ccccc1)c1ccccc1)C,CO,,50.0,50.0,125.0,2.550231867038473,inner
CC(=O)c1ccccc1,C[C@H](O)c1ccccc1,2004,Ru,CCOP(=O)(c1cc(P(c2ccccc2)c2ccccc2)c(c2c1cccc2)c1c(cc(c2c1cccc2)P(=O)(OCC)OCC)P(c1ccccc1)c1ccccc1)OCC.COc1ccc(cc1)C(c1ccc(cc1)OC)([C@@H](C(C)C)N)N,CC(O)C,[O-1]C(C)(C)C.[K+],47.62,25.0,1000.0,2.542628094861029,outer
CC(=O)c1ccc(C(C)(C)C)cc1,C[C@H](O)c1ccc(C(C)(C)C)cc1,2004,Ru,Cc1ccc2c(c1)c(C)cc(c2c1c(cc(c2c1ccc(c2)C)C)P(c1cc(C)cc(c1)C)c1cc(C)cc(c1)C)P(c1cc(C)cc(c1)C)c1cc(C)cc(c1)C.N[C@@H]([C@@H](c1ccccc1)N)c1ccccc1,CC(O)C,[O-1]C(C)(C)C.[K+],48.3,25.0,1000.0,2.542628094861029,outer
CN(CCC(=O)c1ccc(Br)cc1)Cc1ccccc1,CN(CC[C@@H](O)c1ccc(Br)cc1)Cc1ccccc1,2013,Ru,CC([C@H]1COC(=N1)C12C3[Ru]4567891(C2(C7C34)P(c1ccccc1)c1ccccc1)C1C5C9(C8(C61)P(c1ccccc1)c1ccccc1)C1=N[C@H](CO1)C(C)(C)C)(C)C,Cc1ccccc1.O,[OH-1].[K+],20.0,25.0,400.0,2.542628094861029,inner
CC(=O)c1ccccc1,C[C@H](O)c1ccccc1,2023,Ru,Cc1cc(C)cc(c1)P(c1ccc2c(c1c1c(ccc3c1cccc3)P(c1cc(C)cc(c1)C)c1cc(C)cc(c1)C)cccc2)c1cc(C)cc(c1)C.COc1ccc(cc1)C(c1ccc(cc1)OC)([C@@H](C(C)C)N)N,C1CCCO1,,10.0,25.0,1000.0,2.542628094861029,outer
O=C(c1ccccc1)c1ccccc1Cl,O[C@H](c1ccccc1)c1ccccc1Cl,2003,Ru,COc1nc(OC)cc(c1c1c(OC)nc(cc1P(c1cc(C)cc(c1)C)c1cc(C)cc(c1)C)OC)P(c1cc(C)cc(c1)C)c1cc(C)cc(c1)C.N[C@@H]([C@@H](c1ccccc1)N)c1ccccc1,CC(O)C,[O-1]C(C)(C)C.[K+],20.41371802,27.5,2000.0,2.5419173352050697,outer
CC(=O)c1cccnc1,C[C@H](O)c1cccnc1,2003,Ru,COc1nc(OC)cc(c1c1c(OC)nc(cc1P(c1cc(C)cc(c1)C)c1cc(C)cc(c1)C)OC)P(c1cc(C)cc(c1)C)c1cc(C)cc(c1)C.N[C@@H]([C@@H](c1ccccc1)N)c1ccccc1,CC(O)C,[O-1]C(C)(C)C.[K+],23.81600435,27.5,2000.0,2.5419173352050697,outer
CC(=O)/C=C/c1ccccc1,C[C@@H](O)/C=C/c1ccccc1,2009,Ru,C[C@@H]1C[C@@H](C)Oc2c(-c3c(O1)cccc3P(c1cc(C)cc(c1)C)c1cc(C)cc(c1)C)c(ccc2)P(c1cc(C)cc(c1)C)c1cc(C)cc(c1)C.COc1ccc(cc1)C(c1ccc(cc1)OC)([C@H](C(C)C)N)N,CC(O)C,[O-1]C(C)(C)C.[K+],10.0,21.0,10000.0,2.530872759269991,outer
COc1cc(OC)cc(C(C)=O)c1,COc1cc(OC)cc([C@H](C)O)c1,2018,Ru,C[C@H](P(c1cc(cc(c1)C(C)C)C(C)C)c1cc(cc(c1)C(C)C)C(C)C)C[C@@H](P(c1cc(cc(c1)C(C)C)C(C)C)c1cc(cc(c1)C(C)C)C(C)C)C.NCc1ncc(cc1C)C,CCO,[O-1]C(C)(C)C.[K+],10.0,30.0,2000.0,2.520880236257635,outer
O=C(CCN1CCN(c2ccccc2)CC1)c1ccccc1,O[C@H](CCN1CCN(c2ccccc2)CC1)c1ccccc1,2025,Ru,Cc1cc(C)c(c(c1)C)[C@H](c1ccccc1)NCCP(c1ccccc1)c1ccccc1.CP(CCP(C)C)C,C1CCCO1,[K+].[OH-1],50.0,30.0,100.0,2.520880236257635,outer
O=C(CCNCc1ccccc1)c1ccccc1,O[C@H](CCNCc1ccccc1)c1ccccc1,2025,Ru,Cc1cc(C)c(c(c1)C)[C@H](c1ccccc1)NCCP(c1ccccc1)c1ccccc1.CP(CCP(C)C)C,C1CCCO1,[K+].[O-1]C,50.0,30.0,100.0,2.520880236257635,outer
O=C(CCN1CCN(c2ccccc2)CC1)c1ccccc1,O[C@H](CCN1CCN(c2ccccc2)CC1)c1ccccc1,2025,Ru,Cc1cc(C)c(c(c1)C)[C@H](c1ccccc1)NCCP(c1ccccc1)c1ccccc1.CP(CCP(C)C)C,C1CCCO1,[K+].[O-1]CC,50.0,30.0,100.0,2.520880236257635,outer
O=C(CCN1CCN(c2ccccc2)CC1)c1ccccc1,O[C@H](CCN1CCN(c2ccccc2)CC1)c1ccccc1,2025,Ru,Cc1cc(C)c(c(c1)C)[C@H](c1ccccc1)NCCP(c1ccccc1)c1ccccc1.CP(CCP(C)C)C,C1CCCO1,[K+].[O-1]C(C)(C)C,30.0,30.0,100.0,2.520880236257635,outer
CCN1CCN(CCC(=O)c2ccccc2)CC1,CCN1CCN(CC[C@@H](O)c2ccccc2)CC1,2025,Ru,Cc1cc(C)c(c(c1)C)[C@H](c1ccc2c(c1)cccc2)NCCP(c1ccccc1)c1ccccc1.CP(CCP(C)C)C,C1CCCO1,[K+].[O-1]C,50.0,30.0,100.0,2.520880236257635,outer
Cc1cc(C)cc(C(=O)CCN2CCN(c3ccccc3)CC2)c1,Cc1cc(C)cc([C@H](O)CCN2CCN(c3ccccc3)CC2)c1,2025,Ru,Cc1cc(C)c(c(c1)C)[C@H](c1ccc2c(c1)cccc2)NCCP(c1ccccc1)c1ccccc1.CP(CCP(C)C)C,C1CCCO1,[K+].[O-1]C,50.0,30.0,100.0,2.520880236257635,outer
O=C(CCN1CCN(c2ccccc2)CC1)c1ccccc1,O[C@H](CCN1CCN(c2ccccc2)CC1)c1ccccc1,2025,Ru,Cc1cc(C)c(c(c1)C)[C@H](c1ccccc1)NCCP(c1ccccc1)c1ccccc1.CP(CCP(C)C)C,Cc1ccccc1,[K+].[O-1]C,50.0,30.0,100.0,2.520880236257635,outer
COc1ccccc1N1CCN(CCC(=O)c2ccccc2)CC1,COc1ccccc1N1CCN(CC[C@@H](O)c2ccccc2)CC1,2025,Ru,Cc1cc(C)c(c(c1)C)[C@H](c1ccc2c(c1)cccc2)NCCP(c1ccccc1)c1ccccc1.CP(CCP(C)C)C,C1CCCO1,[K+].[O-1]C,50.0,30.0,100.0,2.520880236257635,outer
O=C(CCN1CCN(c2ccccc2)CC1)c1ccccc1,O[C@H](CCN1CCN(c2ccccc2)CC1)c1ccccc1,2025,Ru,Cc1cc(C)c(c(c1)C)[C@H](c1ccccc1)NCCP(c1ccccc1)c1ccccc1.CP(CCP(C)C)C,C1CCCO1,[Na+].[O-1]C,50.0,30.0,100.0,2.520880236257635,outer
O=C(CCN1CCN(c2ccccc2)CC1)c1ccccc1,O[C@H](CCN1CCN(c2ccccc2)CC1)c1ccccc1,2025,Ru,Cc1cc(C)c(c(c1)C)[C@H](c1ccccc1)NCCP(c1ccccc1)c1ccccc1.CP(CCP(C)C)C,C1CCCO1,[K+].[O-1]C(C)(C)C,50.0,30.0,100.0,2.520880236257635,outer
O=C(CCN1CCN(c2ccc(Br)cc2)CC1)c1ccccc1,O[C@H](CCN1CCN(c2ccc(Br)cc2)CC1)c1ccccc1,2025,Ru,Cc1cc(C)c(c(c1)C)[C@H](c1ccc2c(c1)cccc2)NCCP(c1ccccc1)c1ccccc1.CP(CCP(C)C)C,C1CCCO1,[K+].[O-1]C,50.0,30.0,100.0,2.520880236257635,outer
O=C(c1ccccc1)c1ccccc1Cl,O[C@@H](c1ccccc1)c1ccccc1Cl,2000,Ru,Cc1cc(C)cc(c1)P(c1ccc2c(c1c1c(ccc3c1cccc3)P(c1cc(C)cc(c1)C)c1cc(C)cc(c1)C)cccc2)c1cc(C)cc(c1)C.COc1ccc(cc1)C(c1ccc(cc1)OC)([C@H](C(C)C)N)N,CC(O)C,[O-1]C(C)(C)C.[K+],8.0,30.0,20000.0,2.520880236257635,outer
COc1ccc(C(C)=O)cc1,COc1ccc([C@H](C)O)cc1,2015,Ru,C[N+]1(CCCC1)C[C@@H]1COC(=N1)C12C3[Fe]4567891(C2(C9C34)P(c1ccccc1)c1ccccc1)C1C7C6C5C81,Cc1ccccc1.O,[K+].[OH-1],20.0,30.0,200.0,2.520880236257635,inner
CC(C)N1CCN(CCC(=O)c2ccccc2)CC1,CC(C)N1CCN(CC[C@@H](O)c2ccccc2)CC1,2025,Ru,Cc1cc(C)c(c(c1)C)[C@H](c1ccc2c(c1)cccc2)NCCP(c1ccccc1)c1ccccc1.CP(CCP(C)C)C,C1CCCO1,[K+].[O-1]C,50.0,30.0,100.0,2.520880236257635,outer
O=C(CCN1CCN(c2ccc(Cl)cc2)CC1)c1ccccc1,O[C@H](CCN1CCN(c2ccc(Cl)cc2)CC1)c1ccccc1,2025,Ru,Cc1cc(C)c(c(c1)C)[C@H](c1ccc2c(c1)cccc2)NCCP(c1ccccc1)c1ccccc1.CP(CCP(C)C)C,C1CCCO1,[K+].[O-1]C,50.0,30.0,100.0,2.520880236257635,outer
O=C(CCN1CCc2ccccc21)c1ccccc1,O[C@H](CCN1CCc2ccccc21)c1ccccc1,2025,Ru,Cc1cc(C)c(c(c1)C)[C@H](c1ccc2c(c1)cccc2)NCCP(c1ccccc1)c1ccccc1.CP(CCP(C)C)C,C1CCCO1,[K+].[O-1]C,50.0,30.0,100.0,2.520880236257635,outer
CC(=O)c1ccccc1,C[C@H](O)c1ccccc1,2023,Ru,Cc1cc(C)cc(c1)P(c1ccc2c(c1c1c(ccc3c1cccc3)P(c1cc(C)cc(c1)C)c1cc(C)cc(c1)C)cccc2)c1cc(C)cc(c1)C.COc1ccc(cc1)C(c1ccc(cc1)OC)([C@@H](C(C)C)N)N,O1CCOCC1,,10.0,25.0,1000.0,2.520780487248932,outer
CC(=O)/C=C/c1ccccc1,C[C@H](O)/C=C/c1ccccc1,2003,Ru,COc1nc(OC)cc(c1c1c(OC)nc(cc1P(c1cc(C)cc(c1)C)c1cc(C)cc(c1)C)OC)P(c1cc(C)cc(c1)C)c1cc(C)cc(c1)C.N[C@@H]([C@@H](c1ccccc1)N)c1ccccc1,CC(O)C,[O-1]C(=O)[O-1].[K+].[K+],34.02286336,27.5,10000.0,2.520648923003775,outer
O=C(c1ccccc1)c1ccccc1F,O[C@@H](c1ccccc1)c1ccccc1F,2000,Ru,Cc1cc(C)cc(c1)P(c1ccc2c(c1c1c(ccc3c1cccc3)P(c1cc(C)cc(c1)C)c1cc(C)cc(c1)C)cccc2)c1cc(C)cc(c1)C.COc1ccc(cc1)C(c1ccc(cc1)OC)([C@H](C(C)C)N)N,CC(O)C,[O-1]C(C)(C)C.[K+],8.0,28.0,2000.0,2.504248996038221,outer
O=C(CN1C(=O)c2ccccc2C1=O)c1ccccc1,O=C1c2ccccc2C(=O)N1C[C@H](O)c1ccccc1,2005,Ru,c1ccc(cc1)P(c1cc(c2ccccc2)c2c(c1c1c(cc(c3c1cccc3)c1ccccc1)P(c1ccccc1)c1ccccc1)cccc2)c1ccccc1,CCO,,102.04,80.0,100.0,2.5023246262012093,inner
O=C(CN1C(=O)c2ccccc2C1=O)c1ccc2ccccc2c1,O=C1c2ccccc2C(=O)N1C[C@H](O)c1ccc2ccccc2c1,2005,Ru,OC1(CCCC1)c1cc(P(c2ccccc2)c2ccccc2)c(c2c1cccc2)c1c(cc(c2c1cccc2)C1(O)CCCC1)P(c1ccccc1)c1ccccc1,CCO,,102.04,80.0,100.0,2.5023246262012093,inner
CC(=O)/C=C/c1ccccc1,C[C@H](O)/C=C/c1ccccc1,2003,Ru,COc1nc(OC)cc(c1c1c(OC)nc(cc1P(c1cc(C)cc(c1)C)c1cc(C)cc(c1)C)OC)P(c1cc(C)cc(c1)C)c1cc(C)cc(c1)C.N[C@@H]([C@@H](c1ccccc1)N)c1ccccc1,CC(O)C,[O-1]C(=O)[O-1].[K+].[K+],23.81600435,27.5,2000.0,2.5000911859833677,outer
CCOC(OCC)C(=O)c1ccc2ccccc2c1,CCOC(OCC)[C@H](O)c1ccc2ccccc2c1,2007,Ru,Cc1ccc(cc1)P(c1ccc2c(c1c1c(ccc3c1cccc3)P(c1ccc(cc1)C)c1ccc(cc1)C)cccc2)c1ccc(cc1)C.NC[C@@H](c1ccccc1)N,CC(O)C,[K+].[O-1]C(C)(C)C,8.0,27.5,1000.0,2.5000911859833677,outer
CC(=O)/C=C/c1ccccc1,C[C@H](O)/C=C/c1ccccc1,2003,Ru,COc1nc(OC)cc(c1c1c(OC)nc(cc1P(c1cc(C)cc(c1)C)c1cc(C)cc(c1)C)OC)P(c1cc(C)cc(c1)C)c1cc(C)cc(c1)C.N[C@@H]([C@@H](c1ccccc1)N)c1ccccc1,CC(O)C,[O-1]C(C)(C)C.[K+],34.02286336,27.5,10000.0,2.5000911859833677,outer
CC(=O)c1cccnc1,C[C@H](O)c1cccnc1,2003,Ru,COc1nc(OC)cc(c1c1c(OC)nc(cc1P(c1cc(C)cc(c1)C)c1cc(C)cc(c1)C)OC)P(c1cc(C)cc(c1)C)c1cc(C)cc(c1)C.N[C@@H]([C@@H](c1ccccc1)N)c1ccccc1,CC(O)C,[O-1]C(C)(C)C.[K+],23.81600435,27.5,4000.0,2.5000911859833677,outer
CC(=O)c1ccc(Cl)cc1,C[C@H](O)c1ccc(Cl)cc1,2004,Ru,CCOP(=O)(c1cc(P(c2ccccc2)c2ccccc2)c(c2c1cccc2)c1c(cc(c2c1cccc2)P(=O)(OCC)OCC)P(c1ccccc1)c1ccccc1)OCC.COc1ccc(cc1)C(c1ccc(cc1)OC)([C@@H](C(C)C)N)N,CC(O)C,[O-1]C(C)(C)C.[K+],47.62,25.0,1000.0,2.499688928633213,outer
CC(=O)c1ccccc1,C[C@H](O)c1ccccc1,2005,Ru,Cc1cc(C)cc(c1)P(c1cccc2c1C1(CC2)CCc2c1c(ccc2)P(c1cc(C)cc(c1)C)c1cc(C)cc(c1)C)c1cc(C)cc(c1)C.N[C@@H]([C@@H](c1ccccc1)N)c1ccccc1,CC(O)C,[O-1]C(C)(C)C.[K+],50.0,25.0,10000.0,2.499688928633213,outer
CC(=O)c1ccc(Cl)cc1,C[C@H](O)c1ccc(Cl)cc1,2004,Ru,Cc1cc(C)cc(c1)P(c1cc(c2c(c1c1c(cc(c3c1cccc3)[Si](C)(C)C)P(c1cc(C)cc(c1)C)c1cc(C)cc(c1)C)cccc2)[Si](C)(C)C)c1cc(C)cc(c1)C.N[C@@H]([C@@H](c1ccccc1)N)c1ccccc1,CC(O)C,[O-1]C(C)(C)C.[K+],48.3,25.0,1000.0,2.499688928633213,outer
CC(=O)c1ccc(C(C)(C)C)cc1,C[C@H](O)c1ccc(C(C)(C)C)cc1,2004,Ru,Cc1cc(C)cc(c1)P(c1cc(c2c(c1c1c(cc(c3c1cccc3)[Si](C)(C)C)P(c1cc(C)cc(c1)C)c1cc(C)cc(c1)C)cccc2)[Si](C)(C)C)c1cc(C)cc(c1)C.N[C@@H]([C@@H](c1ccccc1)N)c1ccccc1,CC(O)C,[O-1]C(C)(C)C.[K+],48.3,25.0,1000.0,2.499688928633213,outer
CC(=O)c1ccc(Cl)cc1,C[C@H](O)c1ccc(Cl)cc1,2004,Ru,Cc1cc(C)cc(c1)P(c1ccc2c(c1c1c(cc(c3c1cccc3)[Si](C)(C)C)P(c1cc(C)cc(c1)C)c1cc(C)cc(c1)C)cccc2)c1cc(C)cc(c1)C.COc1ccc(cc1)C(c1ccc(cc1)OC)([C@@H](C(C)C)N)N,CC(O)C,[O-1]C(C)(C)C.[K+],48.3,25.0,1000.0,2.499688928633213,outer
CC(=O)c1ccccc1,C[C@H](O)c1ccccc1,2004,Ru,OP(=O)(c1cc(P(c2ccccc2)c2ccccc2)c(c2c1cccc2)c1c(cc(c2c1cccc2)P(=O)(O)O)P(c1ccccc1)c1ccccc1)O.N[C@@H]([C@@H](c1ccccc1)N)c1ccccc1,CC(O)C,[O-1]C(C)(C)C.[K+],47.62,25.0,1000.0,2.499688928633213,outer
CC(C)(C)[Si](C)(C)C#CC(=O)C1CCCCC1,CC(C)(C)[Si](C)(C)C#C[C@@H](O)C1CCCCC1,2013,Ru,Cc1ccc(cc1)S(=O)(=O)N[C@H]([C@H](c1ccccc1)N)c1ccccc1,CO,,10.0,50.0,1000.0,2.4991856445334166,outer
CC(=O)C#C[Si](C(C)C)(C(C)C)C(C)C,CC(C)[Si](C#C[C@H](C)O)(C(C)C)C(C)C,2013,Ru,Cc1ccc(cc1)S(=O)(=O)N[C@H]([C@H](c1ccccc1)N)c1ccccc1,CO,,10.0,50.0,1000.0,2.4991856445334166,outer
CCCCCCCCCC(=O)C#C[Si](C)(C)C(C)(C)C,CCCCCCCCC[C@H](O)C#C[Si](C)(C)C(C)(C)C,2013,Ru,Cc1ccc(cc1)S(=O)(=O)N[C@H]([C@H](c1ccccc1)N)c1ccccc1,CO,,20.0,50.0,1000.0,2.4991856445334166,outer
COC(=O)C(=O)c1ccccc1,COC(=O)[C@H](O)c1ccccc1,2005,Ru,CC1(C)Oc2c(O1)c(c1c3OC(Oc3ccc1P(c1ccccc1)c1ccccc1)(C)C)c(cc2)P(c1ccccc1)c1ccccc1,CO,[Sm+3].[Cl-1].[Cl-1].O.O.O.O.O.O.[Cl-1],50.0,70.0,100.0,2.4982108226492477,inner
CCOC(=O)C(=O)c1ccc(Br)cc1,CCOC(=O)[C@H](O)c1ccc(Br)cc1,2005,Ru,CC1(C)Oc2c(O1)c(c1c3OC(Oc3ccc1P(c1ccccc1)c1ccccc1)(C)C)c(cc2)P(c1ccccc1)c1ccccc1,CO,[Ce+3].[Cl-1].[Cl-1].O.O.O.O.O.O.[Cl-1].O,50.0,70.0,100.0,2.4982108226492477,inner
COC(=O)C(=O)c1ccccc1,COC(=O)[C@H](O)c1ccccc1,2005,Ru,CC1(C)Oc2c(O1)c(c1c3OC(Oc3ccc1P(c1ccccc1)c1ccccc1)(C)C)c(cc2)P(c1ccccc1)c1ccccc1,CO,[La+3].[Cl-1].[Cl-1].O.O.O.O.O.O.[Cl-1].O,50.0,70.0,100.0,2.4982108226492477,inner
CCOC(=O)C(=O)c1ccc(F)cc1,CCOC(=O)[C@H](O)c1ccc(F)cc1,2005,Ru,CC1(C)Oc2c(O1)c(c1c3OC(Oc3ccc1P(c1ccccc1)c1ccccc1)(C)C)c(cc2)P(c1ccccc1)c1ccccc1,CO,[Ce+3].[Cl-1].[Cl-1].O.O.O.O.O.O.[Cl-1].O,50.0,70.0,100.0,2.4982108226492477,inner
CCOC(=O)C(=O)c1ccc(C)cc1,CCOC(=O)[C@H](O)c1ccc(C)cc1,2005,Ru,CC1(C)Oc2c(O1)c(c1c3OC(Oc3ccc1P(c1ccccc1)c1ccccc1)(C)C)c(cc2)P(c1ccccc1)c1ccccc1,CO,[Ce+3].[Cl-1].[Cl-1].O.O.O.O.O.O.[Cl-1].O,50.0,70.0,100.0,2.4982108226492477,inner
CC(=O)c1ccccc1,C[C@H](O)c1ccccc1,2005,Ru,Cc1cc(C)cc(c1)P(c1cccc2c1C1(CC2)CCc2c1c(ccc2)P(c1cc(C)cc(c1)C)c1cc(C)cc(c1)C)c1cc(C)cc(c1)C.N[C@@H]([C@@H](c1ccccc1)N)c1ccccc1,CC(O)C,[O-1]C(C)(C)C.[K+],50.0,0.0,5000.0,2.4942479646941034,outer
Cc1ccc(C(=O)/C=C/c2ccccc2)cc1,Cc1ccc([C@@H](O)/C=C/c2ccccc2)cc1,2008,Ru,Cc1ccc(cc1)P(c1ccc2c(c1c1c(ccc3c1cccc3)P(c1ccc(cc1)C)c1ccc(cc1)C)cccc2)c1ccc(cc1)C.N[C@H](c1ccccc1)CN(C)C,CC(O)C,[O-1]C(C)(C)C.[K+],8.0,0.0,1000.0,2.4942479646941034,outer
CC(=O)c1ccccc1,C[C@H](O)c1ccccc1,2003,Ru,Cc1cc(C)cc(c1)P(c1cccc2c1[C@]1(CC2)CCc2c1c(ccc2)P(c1cc(C)cc(c1)C)c1cc(C)cc(c1)C)c1ccc(cc1C)C.N[C@@H]([C@@H](c1ccccc1)N)c1ccccc1,CC(O)C,[O-1]C(C)(C)C.[K+],50.0,0.0,5000.0,2.4942479646941034,outer
O=C(CN1C(=O)c2ccccc2C1=O)c1ccccc1,O=C1c2ccccc2C(=O)N1C[C@H](O)c1ccccc1,2005,Ru,CCOP(=O)(c1cc(P(c2ccccc2)c2ccccc2)c(c2c1cccc2)c1c(cc(c2c1cccc2)P(=O)(OCC)OCC)P(c1ccccc1)c1ccccc1)OCC,CCO,,102.04,80.0,100.0,2.4893187002150787,inner
CCOC(=O)CC(=O)C(C)C,CCOC(=O)C[C@@H](O)C(C)C,2002,Ru,CN([C@@H](C12C3[Fe]4567891(C2(C9C34)P(c1ccccc1)c1ccccc1)C1C7C6C5C81)c1ccccc1P(c1ccccc1)c1ccccc1)C,CCO,,50.0,50.0,125.0,2.483001227424282,inner
CC(=O)/C=C/c1ccccc1,C[C@H](O)/C=C/c1ccccc1,2003,Ru,COc1nc(OC)cc(c1c1c(OC)nc(cc1P(c1cc(C)cc(c1)C)c1cc(C)cc(c1)C)OC)P(c1cc(C)cc(c1)C)c1cc(C)cc(c1)C.N[C@@H]([C@@H](c1ccccc1)N)c1ccccc1,CC(O)C,[O-1]C(C)(C)C.[K+],23.81600435,27.5,2000.0,2.4801974992870055,outer
CC(=O)c1ccccc1,C[C@H](O)c1ccccc1,2010,Ru,CC1(C)O[C@@H]([C@H](O1)CP(c1ccccc1)c1ccccc1)CP(c1ccccc1)c1ccccc1.COc1ccc2c(c1)[nH]c(n2)[C@@H](N)C,Cc1ccccc1.CC(O)(C)C,[OH-1].[K+],8.0,25.0,1000.0,2.4793021357091005,outer
O=C1CN2CCC1CC2,O[C@H]1CN2CCC1CC2,2010,Ru,Cc1ccc(cc1)P(c1ccc2c(c1c1c(ccc3c1cccc3)P(c1ccc(cc1)C)c1ccc(cc1)C)cccc2)c1ccc(cc1)C.C[C@H]([C@H]1OC(O[C@@H]1[C@H](N)C)(C)C)N,CC(O)C,[K+].[O-1]C(C)(C)C,50.0,25.0,49999.99999999999,2.4793021357091005,outer
CC(=O)c1cc(C)cc(C)c1,Cc1cc(C)cc([C@H](C)O)c1,2010,Ru,CC1(C)O[C@@H]([C@H](O1)CP(c1ccccc1)c1ccccc1)CP(c1ccccc1)c1ccccc1.NCc1nc2c([nH]1)cccc2,Cc1ccccc1.CC(O)(C)C,[O-1]C(C)(C)C.[K+].c1ccc(cc1)P(c1ccccc1)c1ccccc1,8.0,25.0,1000.0,2.4793021357091005,outer
O=C(CCc1ccccc1)c1ccccc1,O[C@@H](CCc1ccccc1)c1ccccc1,2010,Ru,CC1(C)O[C@@H]([C@H](O1)CP(c1ccccc1)c1ccccc1)CP(c1ccccc1)c1ccccc1.COc1ccc2c(c1)[nH]c(n2)[C@@H](N)C,Cc1ccccc1.CC(O)(C)C,[O-1]C(C)(C)C.[K+],8.0,25.0,1000.0,2.4793021357091005,outer
COc1ccc2c(c1)CCCC2=O,COc1ccc2c(c1)CCC[C@@H]2O,2010,Ru,CC1(C)O[C@@H]([C@H](O1)CP(c1ccccc1)c1ccccc1)CP(c1ccccc1)c1ccccc1.COc1ccc2c(c1)[nH]c(n2)[C@@H](N)C,Cc1ccccc1.CC(O)(C)C,[O-1]C(C)(C)C.[K+],8.0,25.0,5000.0,2.4793021357091005,outer
O=C1CN2CCC1CC2,O[C@H]1CN2CCC1CC2,2010,Ru,c1ccc(cc1)P(c1ccc2c(c1c1c(ccc3c1cccc3)P(c1ccccc1)c1ccccc1)cccc2)c1ccccc1.C[C@H]([C@H]1OC(O[C@@H]1[C@H](N)C)(C)C)N,CC(O)C,[K+].[O-1]C(C)(C)C,20.0,25.0,10000.0,2.4793021357091005,outer
O=C1CN2CCC1CC2,O[C@@H]1CN2CCC1CC2,2010,Ru,Cc1ccc(cc1)P(c1ccc2c(c1c1c(ccc3c1cccc3)P(c1ccc(cc1)C)c1ccc(cc1)C)cccc2)c1ccc(cc1)C.C[C@@H](CC[C@@H](N)C)N,CC(O)C,[K+].[O-1]C(C)(C)C,20.0,25.0,10000.0,2.4793021357091005,outer
O=C1CN2CCC1CC2,O[C@H]1CN2CCC1CC2,2010,Ru,c1ccc(cc1)P(c1ccc2c(c1c1c(ccc3c1cccc3)P(c1ccccc1)c1ccccc1)cccc2)c1ccccc1.C[C@H]([C@H]1OC(O[C@@H]1[C@H](N)C)(C)C)N,CC(O)C,[K+].[O-1]C(C)(C)C,50.0,25.0,49999.99999999999,2.4793021357091005,outer
O=C1CCCc2cc(Oc3ccccc3)ccc21,O[C@H]1CCCc2cc(Oc3ccccc3)ccc21,2010,Ru,CC1(C)O[C@@H]([C@H](O1)CP(c1ccccc1)c1ccccc1)CP(c1ccccc1)c1ccccc1.NCc1nc2c([nH]1)cccc2,Cc1ccccc1.CC(O)(C)C,[O-1]C(C)(C)C.[K+],8.0,25.0,1000.0,2.4793021357091005,outer
CC(=O)c1ccccc1,C[C@H](O)c1ccccc1,2010,Ru,CC1(C)O[C@@H]([C@H](O1)CP(c1ccccc1)c1ccccc1)CP(c1ccccc1)c1ccccc1.COc1ccc2c(c1)[nH]c(n2)[C@@H](N)C,Cc1ccccc1.CC(O)C,[O-1]C(C)(C)C.[K+],8.0,25.0,1000.0,2.4793021357091005,outer
CC(=O)c1ccccc1,C[C@H](O)c1ccccc1,2010,Ru,CC1(C)O[C@@H]([C@H](O1)CP(c1ccccc1)c1ccccc1)CP(c1ccccc1)c1ccccc1.COc1ccc2c(c1)[nH]c(n2)[C@@H](N)C,Cc1ccccc1.CCO,[O-1]C(C)(C)C.[K+],8.0,25.0,1000.0,2.4793021357091005,outer
CC(=O)c1ccccc1,C[C@H](O)c1ccccc1,2010,Ru,CC1(C)O[C@@H]([C@H](O1)CP(c1ccccc1)c1ccccc1)CP(c1ccccc1)c1ccccc1.COc1ccc2c(c1)[nH]c(n2)[C@H](C(C)(C)C)N,Cc1ccccc1.CC(O)(C)C,[O-1]C(C)(C)C.[K+],8.0,25.0,1000.0,2.4793021357091005,outer
CC(=O)c1ccccc1,C[C@H](O)c1ccccc1,2010,Ru,CC1(C)O[C@@H]([C@H](O1)CP(c1ccccc1)c1ccccc1)CP(c1ccccc1)c1ccccc1.COc1ccc2c(c1)[nH]c(n2)[C@@H](N)C,Cc1ccccc1.CC(O)(C)C,[O-1]C(C)(C)C.[K+],60.0,25.0,1000.0,2.4793021357091005,outer
COc1ccc2c(c1)C(=O)CCC2,COc1ccc2c(c1)[C@@H](O)CCC2,2010,Ru,CC1(C)O[C@@H]([C@H](O1)CP(c1ccccc1)c1ccccc1)CP(c1ccccc1)c1ccccc1.NCc1nc2c([nH]1)cccc2,Cc1ccccc1.CC(O)(C)C,[O-1]C(C)(C)C.[K+].c1ccc(cc1)P(c1ccccc1)c1ccccc1,12.0,25.0,5000.0,2.4793021357091005,outer
CCCCCCCC(=O)/C=C(/c1ccccc1)C(C)C,CCCCCCC[C@H](O)/C=C(/c1ccccc1)C(C)C,2014,Ru,c1ccc(cc1)P(c1ccccc1Oc1ccccc1P(c1ccccc1)c1ccccc1)c1ccccc1.c1ccc2c(c1)[C@H](NC2)[C@@H]1NCc2c1cccc2,CC(O)C,[O-1]C(C)(C)C.[K+],10.0,25.0,1000.0,2.4793021357091005,outer
CCCCCCC(=O)/C=C(\C)c1cccs1,CCCCCC[C@H](O)/C=C(\C)c1cccs1,2014,Ru,c1ccc(cc1)P(c1ccccc1Oc1ccccc1P(c1ccccc1)c1ccccc1)c1ccccc1.c1ccc2c(c1)[C@H](NC2)[C@@H]1NCc2c1cccc2,CC(O)C,[O-1]C(C)(C)C.[K+],10.0,25.0,1000.0,2.4793021357091005,outer
O=C1C=C(c2ccccc2)CCC1,O[C@@H]1C=C(c2ccccc2)CCC1,2014,Ru,c1ccc(cc1)P(c1ccccc1Oc1ccccc1P(c1ccccc1)c1ccccc1)c1ccccc1.c1ccc2c(c1)[C@H](NC2)[C@@H]1NCc2c1cccc2,CC(O)C,[O-1]C(C)(C)C.[K+],10.0,25.0,1000.0,2.4793021357091005,outer
CC(C)(C)C(=O)/C=C/c1ccccc1,CC(C)(C)[C@H](O)/C=C/c1ccccc1,2014,Ru,c1ccc(cc1)P(c1ccccc1Oc1ccccc1P(c1ccccc1)c1ccccc1)c1ccccc1.c1ccc2c(c1)[C@H](NC2)[C@@H]1NCc2c1cccc2,CC(O)C,[O-1]C(C)(C)C.[K+],10.0,25.0,1000.0,2.4793021357091005,outer
CC(=O)c1ccc(Oc2ccccc2)c(Oc2ccccc2)c1,C[C@H](O)c1ccc(Oc2ccccc2)c(Oc2ccccc2)c1,2010,Ru,CC1(C)O[C@@H]([C@H](O1)CP(c1ccccc1)c1ccccc1)CP(c1ccccc1)c1ccccc1.COc1ccc2c(c1)[nH]c(n2)[C@@H](N)C,Cc1ccccc1.CC(O)(C)C,[O-1]C(C)(C)C.[K+],8.0,25.0,2000.0,2.4793021357091005,outer
COc1ccc2c(c1)CCCC2=O,COc1ccc2c(c1)CCC[C@@H]2O,2010,Ru,CC1(C)O[C@@H]([C@H](O1)CP(c1ccccc1)c1ccccc1)CP(c1ccccc1)c1ccccc1.COc1ccc2c(c1)[nH]c(n2)[C@@H](N)C,Cc1ccccc1.CC(O)(C)C,[OH-1].[K+],12.0,25.0,10000.0,2.4793021357091005,outer
COc1ccc(C(C)=O)cc1,COc1ccc([C@H](C)O)cc1,2010,Ru,CC1(C)O[C@@H]([C@H](O1)CP(c1ccccc1)c1ccccc1)CP(c1ccccc1)c1ccccc1.NCc1nc2c([nH]1)cccc2,Cc1ccccc1.CC(O)(C)C,[O-1]C(C)(C)C.[K+],8.0,25.0,1000.0,2.4793021357091005,outer
CC(=O)c1ccc(F)cc1,C[C@H](O)c1ccc(F)cc1,2010,Ru,CC1(C)O[C@@H]([C@H](O1)CP(c1ccccc1)c1ccccc1)CP(c1ccccc1)c1ccccc1.NCc1nc2c([nH]1)cccc2,Cc1ccccc1.CC(O)(C)C,[O-1]C(C)(C)C.[K+].c1ccc(cc1)P(c1ccccc1)c1ccccc1,8.0,25.0,1000.0,2.4793021357091005,outer
CC(=O)c1cccc(C)n1,Cc1cccc([C@H](C)O)n1,2025,Ru,Cc1ccccc1[C@H](c1ccccn1)N[C@H](C12C3[Fe]4567891(C2(C8C34)P(c1ccccc1)c1ccccc1)C1C5C6C9(C71)P(c1ccccc1)c1ccccc1)C,COC(C)(C)C,C1CN=C2N(C1)CCC2,50.0,25.0,33.333333333333336,2.4793021357091005,outer
O=C1CCC/C1=C\c1ccc(OC(F)(F)F)cc1,O[C@@H]1CCC/C1=C\c1ccc(OC(F)(F)F)cc1,2019,Ru,CC([C@H]1COC(=N1)C12C3[Ru]4567891(C2(C7C34)P(c1ccccc1)c1ccccc1)C1C5C9(C8(C61)P(c1ccccc1)c1ccccc1)C1=N[C@H](CO1)C(C)(C)C)(C)C,CO,C1CCN2C(=NCCC2)CC1,2.0,25.0,100.0,2.4793021357091005,inner
O=C1CCC/C1=C\c1cccc(Br)c1,O[C@@H]1CCC/C1=C\c1cccc(Br)c1,2019,Ru,CC([C@H]1COC(=N1)C12C3[Ru]4567891(C2(C7C34)P(c1ccccc1)c1ccccc1)C1C5C9(C8(C61)P(c1ccccc1)c1ccccc1)C1=N[C@H](CO1)C(C)(C)C)(C)C,CO,C1CCN2C(=NCCC2)CC1,2.0,25.0,100.0,2.4793021357091005,inner
O=C1CCC/C1=C\c1cccc(F)c1,O[C@@H]1CCC/C1=C\c1cccc(F)c1,2019,Ru,CC([C@H]1COC(=N1)C12C3[Ru]4567891(C2(C7C34)P(c1ccccc1)c1ccccc1)C1C5C9(C8(C61)P(c1ccccc1)c1ccccc1)C1=N[C@H](CO1)C(C)(C)C)(C)C,CO,C1CCN2C(=NCCC2)CC1,2.0,25.0,100.0,2.4793021357091005,inner
O=C1CCC/C1=C\c1cccc(C(F)(F)F)c1,O[C@@H]1CCC/C1=C\c1cccc(C(F)(F)F)c1,2019,Ru,CC([C@H]1COC(=N1)C12C3[Ru]4567891(C2(C7C34)P(c1ccccc1)c1ccccc1)C1C5C9(C8(C61)P(c1ccccc1)c1ccccc1)C1=N[C@H](CO1)C(C)(C)C)(C)C,CO,C1CCN2C(=NCCC2)CC1,2.0,25.0,100.0,2.4793021357091005,inner
CC(=O)c1cc(Cl)ccn1,C[C@H](O)c1cc(Cl)ccn1,2025,Ru,Cc1ccccc1[C@H](c1ccccn1)N[C@H](C12C3[Fe]4567891(C2(C8C34)P(c1ccccc1)c1ccccc1)C1C5C6C9(C71)P(c1ccccc1)c1ccccc1)C,COC(C)(C)C,C1CN=C2N(C1)CCC2,50.0,25.0,33.333333333333336,2.4793021357091005,outer
O=C(CCCCl)c1ccccc1,O[C@H](CCCCl)c1ccccc1,2023,Ru,Cc1cc(C)cc(c1)P(c1ccc2c(c1c1c(ccc3c1cccc3)P(c1cc(C)cc(c1)C)c1cc(C)cc(c1)C)cccc2)c1cc(C)cc(c1)C.COc1ccc(cc1)C(c1ccc(cc1)OC)([C@H](C(C)C)N)N,C1CCCO1,[Cs+].[O-1]C(=O)[O-1].[Cs+],60.0,25.0,100.0,2.4793021357091005,outer
O=C1CCCCC/C1=C\c1ccccc1,O[C@@H]1CCCCC/C1=C\c1ccccc1,2019,Ru,CC([C@H]1COC(=N1)C12C3[Ru]4567891(C2(C7C34)P(c1ccccc1)c1ccccc1)C1C5C9(C8(C61)P(c1ccccc1)c1ccccc1)C1=N[C@H](CO1)C(C)(C)C)(C)C,CO,C1CCN2C(=NCCC2)CC1,2.0,25.0,100.0,2.4793021357091005,inner
O=C1CCC/C1=C\c1ccccc1,O[C@@H]1CCC/C1=C\c1ccccc1,2019,Ru,CC([C@H]1COC(=N1)C12C3[Ru]4567891(C2(C7C34)P(c1ccccc1)c1ccccc1)C1C5C9(C8(C61)P(c1ccccc1)c1ccccc1)C1=N[C@H](CO1)C(C)(C)C)(C)C,CO,C1CCN2C(=NCCC2)CC1,1.0,25.0,100.0,2.4793021357091005,inner
O=C1CCC/C1=C\c1ccccc1,O[C@@H]1CCC/C1=C\c1ccccc1,2019,Ru,CC([C@H]1COC(=N1)C12C3[Ru]4567891(C2(C7C34)P(c1ccccc1)c1ccccc1)C1C5C9(C8(C61)P(c1ccccc1)c1ccccc1)C1=N[C@H](CO1)C(C)(C)C)(C)C,CC(O)C,C1CCN2C(=NCCC2)CC1,19.7,25.0,100.0,2.4793021357091005,inner
CCCCC(=O)[Si](C)(C)c1ccccc1,CCCC[C@H](O)[Si](C)(C)c1ccccc1,2008,Ru,Cc1ccc(cc1)P(c1ccc2c(c1c1c(ccc3c1cccc3)P(c1ccc(cc1)C)c1ccc(cc1)C)cccc2)c1ccc(cc1)C.NCc1ccccn1,CCO,[O-1]C(C)(C)C.[K+],10.0,25.0,599.9998800000241,2.4793021357091005,outer
CCOC(OCC)C(=O)c1ccc2ccccc2c1,CCOC(OCC)[C@H](O)c1ccc2ccccc2c1,2008,Ru,Cc1ccc(cc1)P(c1ccc2c(c1c1c(ccc3c1cccc3)P(c1ccc(cc1)C)c1ccc(cc1)C)cccc2)c1ccc(cc1)C.N[C@H](c1ccccc1)CN(C)C,CC(O)C,[K+].[O-1]C(C)(C)C,8.0,25.0,1000.0,2.4793021357091005,outer
O=C(CCNCc1ccccc1)c1ccccc1,O[C@H](CCNCc1ccccc1)c1ccccc1,2015,Ru,CC([C@H]1COC(=N1)C12C3[Ru]4567891(C2(C7C34)P(c1ccccc1)c1ccccc1)C1C5C9(C8(C61)P(c1ccccc1)c1ccccc1)C1=N[C@H](CO1)C(C)(C)C)(C)C.c1ccc(cc1)P(c1ccccc1)c1ccccc1,CC(O)C,C1CCN2C(=NCCC2)CC1,50.0,25.0,200.0,2.4793021357091005,inner
O=C(CCNCc1ccccc1)c1ccc(F)cc1,O[C@H](CCNCc1ccccc1)c1ccc(F)cc1,2015,Ru,CC([C@H]1COC(=N1)C12C3[Ru]4567891(C2(C7C34)P(c1ccccc1)c1ccccc1)C1C5C9(C8(C61)P(c1ccccc1)c1ccccc1)C1=N[C@H](CO1)C(C)(C)C)(C)C.c1ccc(cc1)P(c1ccccc1)c1ccccc1,CCO,C1CCN2C(=NCCC2)CC1,50.0,25.0,200.0,2.4793021357091005,inner
CC(=O)c1ccccc1,C[C@@H](O)c1ccccc1,2012,Ru,CC([C@H]1COC(=N1)C12C3[Ru]4567891(C2(C7C34)P(c1ccccc1)c1ccccc1)C1C5C9(C8(C61)P(c1ccccc1)c1ccccc1)C1=N[C@H](CO1)C(C)C)C,CC(O)C,[O-1]C(C)(C)C.[K+],10.0,25.0,,2.4793021357091005,inner
O=C(c1ccccc1)C1CCCCC1,O[C@@H](c1ccccc1)C1CCCCC1,2006,Ru,c1ccc(cc1)c1cc2ccccc2c(c1NCc1ccccn1)c1c(NCc2ccccn2)c(cc2c1cccc2)c1ccccc1,CC(O)C,[O-1]C(C)(C)C.[K+],50.0,25.0,1000.0,2.4793021357091005,outer
CC(=O)c1ccccc1,C[C@H](O)c1ccccc1,2011,Ru,Brc1ccc2c(c1)[C@H](NC2)[C@H]1NCc2c1cc(Br)cc2.c1ccc(cc1)P(C12C3[Fe]4567892(C1C5C34)C1C6C7C9(C81)P(c1ccccc1)c1ccccc1)c1ccccc1,CCCO,[K+].[O-1]C(C)(C)C,10.0,25.0,1000.0,2.4793021357091005,outer
CC(=O)c1ccccc1,C[C@H](O)c1ccccc1,2011,Ru,Fc1ccc2c(c1)[C@H](NC2)[C@H]1NCc2c1cc(F)cc2.c1ccc(cc1)P(C12C3[Fe]4567892(C1C5C34)C1C6C7C9(C81)P(c1ccccc1)c1ccccc1)c1ccccc1,CCCO,[K+].[O-1]C(C)(C)C,10.0,25.0,1000.0,2.4793021357091005,outer
CC(=O)c1cccc(Br)c1,C[C@H](O)c1cccc(Br)c1,2010,Ru,CC1(C)O[C@@H]([C@H](O1)CP(c1ccccc1)c1ccccc1)CP(c1ccccc1)c1ccccc1.COc1ccc2c(c1)[nH]c(n2)[C@@H](N)C,Cc1ccccc1.CC(O)(C)C,[OH-1].[K+].c1ccc(cc1)P(c1ccccc1)c1ccccc1,8.0,25.0,5000.0,2.4793021357091005,outer
CC(=O)c1ccccc1C,Cc1ccccc1[C@@H](C)O,2010,Ru,N(CC1=NC2C(O1)Cc1c2cccc1)CC1=NC2C(O1)Cc1c2cccc1,CC(O)C,[O-1]C(C)(C)C.[K+],5.0,25.0,100.0,2.4793021357091005,outer
COc1cccc2c1CCCC2=O,COc1cccc2c1CCC[C@H]2O,2024,Ru,COC[C@@H](N[C@@H](C[C@H](P(c1ccccc1)c1ccccc1)C)C)C,CC(O)C,[K+].[O-1]C(C)(C)C,70.0,25.0,200.0,2.4793021357091005,outer
CC(=O)c1ccccc1,C[C@H](O)c1ccccc1,2010,Ru,CC1(C)O[C@@H]([C@H](O1)CP(c1ccccc1)c1ccccc1)CP(c1ccccc1)c1ccccc1.COc1ccc2c(c1)[nH]c(n2)[C@@H](N)C,Cc1ccccc1.CC(O)(C)C,[O-1]C(C)(C)C.[K+],8.0,25.0,1000.0,2.4793021357091005,outer
CC(=O)c1ccccc1,C[C@H](O)c1ccccc1,2010,Ru,CC1(C)O[C@@H]([C@H](O1)CP(c1ccccc1)c1ccccc1)CP(c1ccccc1)c1ccccc1.COc1ccc2c(c1)[nH]c(n2)[C@@H](N)C,Cc1ccccc1.CC(O)(C)C,[O-1]C(C)(C)C.[K+],20.0,25.0,1000.0,2.4793021357091005,outer
CC(=O)c1cccc2ccccc12,C[C@@H](O)c1cccc2ccccc12,2006,Ru,c1ccc(cc1)P(c1ccc2c(c1c1c(ccc3c1cccc3)P(c1ccccc1)c1ccccc1)cccc2)c1ccccc1.N[C@H]([C@H](c1ccccc1)N)c1ccccc1,CC(O)C,[K+].[OH-1],15.0,25.0,250.0,2.4793021357091005,outer
CC(=O)c1ccccc1,C[C@H](O)c1ccccc1,2011,Ru,Brc1ccc2c(c1)[C@H](NC2)[C@H]1NCc2c1cc(Br)cc2.c1ccc(cc1)P(C12C3[Fe]4567892(C1C5C34)C1C6C7C9(C81)P(c1ccccc1)c1ccccc1)c1ccccc1,CCCO,[K+].[O-1]C(C)(C)C,50.0,25.0,1000.0,2.4793021357091005,outer
CC(=O)c1ccccc1,C[C@H](O)c1ccccc1,2011,Ru,Clc1ccc2c(c1)[C@H](NC2)[C@H]1NCc2c1cc(Cl)cc2.c1ccc(cc1)P(C12C3[Fe]4567892(C1C5C34)C1C6C7C9(C81)P(c1ccccc1)c1ccccc1)c1ccccc1,CCCO,[K+].[O-1]C(C)(C)C,10.0,25.0,1000.0,2.4793021357091005,outer
O=C(Cn1ccnc1)c1ccc(Cl)cc1Cl,O[C@H](Cn1ccnc1)c1ccc(Cl)cc1Cl,2022,Ru,Cc1cc(C)cc(c1)P(c1ccc2c(c1c1c(ccc3c1cccc3)P(c1cc(C)cc(c1)C)c1cc(C)cc(c1)C)cccc2)c1cc(C)cc(c1)C.COc1ccc(cc1)C(c1ccc(cc1)OC)([C@H](C(C)C)N)N,C1CCCO1,[K+].[OH-1],50.0,25.0,4000.0,2.4793021357091005,outer
O=C(Cn1nc2ccccc2n1)c1ccc(Cl)cc1Cl,O[C@H](Cn1nc2ccccc2n1)c1ccc(Cl)cc1Cl,2022,Ru,Cc1cc(C)cc(c1)P(c1ccc2c(c1c1c(ccc3c1cccc3)P(c1cc(C)cc(c1)C)c1cc(C)cc(c1)C)cccc2)c1cc(C)cc(c1)C.COc1ccc(cc1)C(c1ccc(cc1)OC)([C@H](C(C)C)N)N,C1CCCO1,[K+].[OH-1],50.0,25.0,100.0,2.4793021357091005,outer
CC(=O)c1ccccc1,C[C@H](O)c1ccccc1,2011,Ru,Brc1ccc2c(c1)[C@H](NC2)[C@H]1NCc2c1cc(Br)cc2.c1ccc(cc1)P(C12C3[Fe]4567892(C1C5C34)C1C6C7C9(C81)P(c1ccccc1)c1ccccc1)c1ccccc1,CCCO,[K+].[O-1]C(C)(C)C,50.0,25.0,99999.99999999999,2.4793021357091005,outer
CC(=O)c1cccc2ccccc12,C[C@H](O)c1cccc2ccccc12,2006,Ru,O=C(c1ccccc1P(c1ccccc1)c1ccccc1)c1ccccc1P(c1ccccc1)c1ccccc1.NC(C(c1ccccc1)N)c1ccccc1,CC(O)C,[O-1]C(C)(C)C.[K+],20.0,25.0,1000.0,2.4793021357091005,outer
CC(=O)c1ccccc1C,Cc1ccccc1[C@H](C)O,2006,Ru,O=C(c1ccccc1P(c1ccccc1)c1ccccc1)c1ccccc1P(c1ccccc1)c1ccccc1.NC(C(c1ccccc1)N)c1ccccc1,CC(O)C,[O-1]C(C)(C)C.[K+],20.0,25.0,1000.0,2.4793021357091005,outer
CC(C)(C)[Si](C)(C)C(=O)c1ccccc1,CC(C)(C)[Si](C)(C)[C@@H](O)c1ccccc1,2008,Ru,Cc1ccc(cc1)P(c1ccc2c(c1c1c(ccc3c1cccc3)P(c1ccc(cc1)C)c1ccc(cc1)C)cccc2)c1ccc(cc1)C.NCc1ncc(c(c1)C(C)(C)C)C(C)(C)C,CCO,[O-1]C(C)(C)C.[K+],10.0,25.0,1200.000480000192,2.4793021357091005,outer
CC(C)(C)[Si](C)(C)C(=O)c1ccccc1,CC(C)(C)[Si](C)(C)[C@@H](O)c1ccccc1,2008,Ru,Cc1ccc(cc1)P(c1ccc2c(c1c1c(ccc3c1cccc3)P(c1ccc(cc1)C)c1ccc(cc1)C)cccc2)c1ccc(cc1)C.NCc1ccccn1,CCO,[Na+].[BH4-1],10.0,25.0,300.000030000003,2.4793021357091005,outer
CC(=O)c1ccccc1,C[C@@H](O)c1ccccc1,2002,Ru,Cc1cc(C)cc(c1)P(c1ccc2c(c1c1c(ccc3c1cccc3)P(c1cc(C)cc(c1)C)c1cc(C)cc(c1)C)cccc2)c1cc(C)cc(c1)C.N[C@H]([C@H](c1ccccc1)N)c1ccccc1,CC(O)C,,1.0,24.0,2000.0,2.4709865155993938,outer
CN(C)CCC(=O)c1ccccc1,CN(C)CC[C@@H](O)c1ccccc1,2002,Ru,Cc1cc(C)cc(c1)P(c1ccc2c(c1c1c(ccc3c1cccc3)P(c1cc(C)cc(c1)C)c1cc(C)cc(c1)C)cccc2)c1cc(C)cc(c1)C.N[C@H]([C@H](c1ccccc1)N)c1ccccc1,CC(O)C,,8.0,24.0,4000.0,2.4709865155993938,outer
CC(=O)c1ccc(Cl)cc1,C[C@H](O)c1ccc(Cl)cc1,2023,Ru,CCCCCN[C@H](c1ccnc2c1cccc2)[C@H]1CC2CCN1CC2C=C.C1CCC(CC1)P(C1CCCCC1)C1CCCCC1,CCO,[Ba+2].[OH-1].[OH-1],60.0,30.0,1000.0,2.4625454186329794,outer
CC(=O)c1cccc2ccccc12,C[C@H](O)c1cccc2ccccc12,2004,Ru,c1ccc(cc1)P(c1ccc2c(c1c1c(ccc3c1cccc3)P(c1ccccc1)c1ccccc1)cccc2)c1ccccc1.N[C@@H]([C@@H](c1ccccc1)N)c1ccccc1,CC(O)C,[O-1]C(C)(C)C.[K+],47.62,25.0,1000.0,2.4595738713202078,outer
O=C(CN1C(=O)c2ccccc2C1=O)c1ccc2ccccc2c1,O=C1c2ccccc2C(=O)N1C[C@H](O)c1ccc2ccccc2c1,2005,Ru,c1ccc(cc1)P(c1ccc2c(c1c1c(ccc3c1cccc3)P(c1ccccc1)c1ccccc1)cccc2)c1ccccc1,CCO,,102.04,80.0,100.0,2.451611969217427,inner
CC(=O)c1cccc2ccccc12,C[C@@H](O)c1cccc2ccccc12,2009,Ru,C[C@@H]1C[C@@H](C)Oc2c(-c3c(O1)cccc3P(c1cc(C)cc(c1)C)c1cc(C)cc(c1)C)c(ccc2)P(c1cc(C)cc(c1)C)c1cc(C)cc(c1)C.COc1ccc(cc1)C(c1ccc(cc1)OC)([C@H](C(C)C)N)N,CC(O)C,[O-1]C(C)(C)C.[K+],10.0,21.0,10000.0,2.446039655270273,outer
COc1cccc(C(=O)c2cc(Cl)ccc2N)c1OC,COc1cccc([C@@H](O)c2cc(Cl)ccc2N)c1OC,2011,Ru,CN(c1c(C)cc(cc1C)P(c1ccc2c(c1c1c(ccc3c1cccc3)P(c1cc(C)c(c(c1)C)N(C)C)c1cc(C)c(c(c1)C)N(C)C)cccc2)c1cc(C)c(c(c1)C)N(C)C)C.N[C@H]([C@H](c1ccccc1)N)c1ccccc1,CC(O)C.C1CCCO1,[OH-1].[K+],1.0,43.0,1000.0,2.4450488674585786,outer
CC(=O)c1ccc(F)cc1,C[C@H](O)c1ccc(F)cc1,2023,Ru,CCCCCN[C@H](c1ccnc2c1cccc2)[C@H]1CC2CCN1CC2C=C.C1CCC(CC1)P(C1CCCCC1)C1CCCCC1,CCO,[Ba+2].[OH-1].[OH-1],60.0,30.0,1000.0,2.4442550650660615,outer
CCC(=O)c1ccccc1,CC[C@H](O)c1ccccc1,2004,Ru,C[Si](c1cc(P(c2ccccc2)c2ccccc2)c(c2c1cccc2)c1c(cc(c2c1cccc2)[Si](C)(C)C)P(c1ccccc1)c1ccccc1)(C)C.N[C@@H]([C@@H](c1ccccc1)N)c1ccccc1,CC(O)C,[O-1]C(C)(C)C.[K+],47.62,25.0,1000.0,2.440462303389696,outer
CC(=O)c1ccccc1,C[C@@H](O)c1ccccc1,2012,Ru,CC([C@H]1COC(=N1)C12C3[Fe]4567891(C2(C7C34)P(c1ccccc1)c1ccccc1)C1C5C9(C8(C61)P(c1ccccc1)c1ccccc1)C1=N[C@H](CO1)C(C)C)C,CC(O)C,[O-1]C(C)(C)C.[K+],10.0,25.0,,2.440462303389696,inner
CC(=O)CO,C[C@@H](O)CO,2009,Ru,C[C@@H]1CC[C@H](P1c1c(C)sc(c1P(c1ccccc1C)c1ccccc1C)C)C,CO,[H+].[Br-1],78.96,80.0,10000.0,2.439455426201017,inner
CCOC(=O)CC(=O)c1ccccc1,CCOC(=O)C[C@H](O)c1ccccc1,2004,Ru,COc1cccc(c1c1c(OC)cccc1P(c1ccccc1)c1ccccc1)P(c1ccccc1)c1ccccc1,CCO,,9.87,80.0,100.0,2.439455426201017,inner
O=C(CN1C(=O)c2ccccc2C1=O)c1ccc(Cl)cc1,O=C1c2ccccc2C(=O)N1C[C@H](O)c1ccc(Cl)cc1,2005,Ru,c1ccc(cc1)P(c1ccc2c(c1c1c(ccc3c1cccc3)P(c1ccccc1)c1ccccc1)cccc2)c1ccccc1,CCO,,102.04,80.0,100.0,2.439455426201017,inner
COc1ccc(C(=O)CO)cc1,COc1ccc([C@H](O)CO)cc1,2011,Ru,Cc1cc(C)cc(c1)P(c1ccc2c(c1c1c(ccc3c1cccc3)P(c1cc(C)cc(c1)C)c1cc(C)cc(c1)C)cccc2)c1cc(C)cc(c1)C.COc1ccc(cc1)C(c1ccc(cc1)OC)([C@H](C(C)C)N)N,CCO,C1CCN2C(=NCCC2)CC1,10.0,20.0,2000.0,2.4377240351605662,outer
CC(=O)c1ccccc1Cl,C[C@@H](O)c1ccccc1Cl,2010,Ru,COc1cccc(c1P(c1ccc(cc1)OC(C)(C)C)c1ccc(cc1)OC(C)(C)C)c1cccc(c1P(c1ccc(cc1)OC(C)(C)C)c1ccc(cc1)OC(C)(C)C)OC.N[C@H]([C@H](c1ccccc1)N)c1ccccc1,CC(O)C,[K+].[OH-1],29.61,20.0,3000.003000003,2.4377240351605662,outer
CC(=O)c1ccccc1,C[C@@H](O)c1ccccc1,2010,Ru,COc1cccc(c1P(c1ccc(cc1)OC(C)(C)C)c1ccc(cc1)OC(C)(C)C)c1cccc(c1P(c1ccc(cc1)OC(C)(C)C)c1ccc(cc1)OC(C)(C)C)OC.N[C@H]([C@H](c1ccccc1)N)c1ccccc1,CC(O)C,[K+].[OH-1],29.61,20.0,3000.003000003,2.4377240351605662,outer
CC(=O)c1ccccc1C(F)(F)F,C[C@@H](O)c1ccccc1C(F)(F)F,2010,Ru,c1ccc(cc1)P(c1ccc2c(c1c1c(ccc3c1cccc3)P(c1ccccc1)c1ccccc1)cccc2)c1ccccc1.CN[C@H]1CCCC[C@@H]1NC,CC(O)C,[OH-1].[K+],30.0,20.0,3003.003003003003,2.4377240351605662,outer
CC(=O)c1ccc(C(F)(F)F)cc1,C[C@@H](O)c1ccc(C(F)(F)F)cc1,2000,Ru,Cc1cc(C)cc(c1)P(c1cc2CCc3ccc(CCc1cc2)cc3P(c1cc(C)cc(c1)C)c1cc(C)cc(c1)C)c1cc(C)cc(c1)C.N[C@H]([C@H](c1ccccc1)N)c1ccccc1,CC(O)C,[K+].[O-1]C(C)(C)C,8.0,19.0,3300.0033000033004,2.4294084150508595,outer
CC(=O)c1ccccc1C,Cc1ccccc1[C@H](C)O,2000,Ru,Cc1cc(C)cc(c1)P(c1cc2CCc3ccc(CCc1cc2)cc3P(c1cc(C)cc(c1)C)c1cc(C)cc(c1)C)c1cc(C)cc(c1)C.N[C@@H]([C@@H](c1ccccc1)N)c1ccccc1,CC(O)C,[K+].[O-1]C(C)(C)C,5.5,19.0,3000.003000003,2.4294084150508595,outer
COc1ccc(C(C)=O)cc1,COc1ccc([C@@H](C)O)cc1,2000,Ru,Cc1cc(C)cc(c1)P(c1cc2CCc3ccc(CCc1cc2)cc3P(c1cc(C)cc(c1)C)c1cc(C)cc(c1)C)c1cc(C)cc(c1)C.N[C@H]([C@H](c1ccccc1)N)c1ccccc1,CC(O)C,[K+].[O-1]C(C)(C)C,5.5,19.0,3000.003000003,2.4294084150508595,outer
CC(=O)c1cc2ccccc2o1,C[C@H](O)c1cc2ccccc2o1,2000,Ru,Cc1cc(C)cc(c1)P(c1cc2CCc3ccc(CCc1cc2)cc3P(c1cc(C)cc(c1)C)c1cc(C)cc(c1)C)c1cc(C)cc(c1)C.N[C@H]([C@H](c1ccccc1)N)c1ccccc1,CC(O)C,[K+].[O-1]C(C)(C)C,5.5,19.0,3000.003000003,2.4294084150508595,outer
CC(=O)/C=C/c1ccccc1,C[C@@H](O)/C=C/c1ccccc1,2000,Ru,Cc1cc(C)cc(c1)P(c1cc2CCc3ccc(CCc1cc2)cc3P(c1cc(C)cc(c1)C)c1cc(C)cc(c1)C)c1cc(C)cc(c1)C.N[C@H]([C@H](c1ccccc1)N)c1ccccc1,CC(O)C,[K+].[O-1]C(C)(C)C,5.5,19.0,3000.003000003,2.4294084150508595,outer
CC(=O)c1ccccc1,C[C@H](O)c1ccccc1,2000,Ru,c1ccc(cc1)P(c1cc2CCc3ccc(CCc1cc2)cc3P(c1ccccc1)c1ccccc1)c1ccccc1.N[C@@H]1CCCC[C@H]1N,CC(O)C,[K+].[O-1]C(C)(C)C,8.0,19.0,3000.003000003,2.4294084150508595,outer
CC(=O)c1sccc1Cl,C[C@H](O)c1sccc1Cl,2021,Ru,COc1ccccc1P(c1ccccc1OC)c1ccccc1OC.C=CC1CN2CCC1CC2[C@@H](c1ccnc2c1cccc2)N,CCCO,[Li+].[OH-1],60.0,30.0,250.0,2.4264859054605497,outer
O=C(CO)C1CCCC1,OC[C@H](O)C1CCCC1,2009,Ru,C[C@@H]1CC[C@H](P1c1c(C)sc(c1P(c1ccccc1C)c1ccccc1C)C)C,CO,[H+].[Br-1],49.35,60.0,100.0,2.4254085256173594,inner
O=C(CN1CCOCC1)c1ccccc1,O[C@H](CN1CCOCC1)c1ccccc1,2012,Ru,Cc1ccc(cc1)S(=O)(=O)c1ccc(cc1)S(=O)(=O)N[C@@H]([C@@H](c1ccccc1)NCCc1ccccc1)c1ccccc1,CO,,30.0,60.0,500.0,2.4254085256173594,outer
COc1ccc(C(C)=O)cc1,COc1ccc([C@H](C)O)cc1,2004,Ru,Cc1cc(C)cc(c1)P(c1cc(c2c(c1c1c(cc(c3c1cccc3)[Si](C)(C)C)P(c1cc(C)cc(c1)C)c1cc(C)cc(c1)C)cccc2)[Si](C)(C)C)c1cc(C)cc(c1)C.N[C@@H]([C@@H](c1ccccc1)N)c1ccccc1,CC(O)C,[O-1]C(C)(C)C.[K+],48.3,25.0,1000.0,2.4219294625281966,outer
CC(=O)c1ccc2ccccc2c1,C[C@H](O)c1ccc2ccccc2c1,2004,Ru,C[Si](c1cc(P(c2ccccc2)c2ccccc2)c(c2c1cccc2)c1c(cc(c2c1cccc2)[Si](C)(C)C)P(c1ccccc1)c1ccccc1)(C)C.N[C@@H]([C@@H](c1ccccc1)N)c1ccccc1,CC(O)C,[O-1]C(C)(C)C.[K+],47.62,25.0,1000.0,2.4219294625281966,outer
CCOC(=O)CC(C)=O,CCOC(=O)C[C@@H](C)O,2002,Ru,CN([C@@H](C12C3[Fe]4567891(C2(C9C34)P(c1ccccc1)c1ccccc1)C1C7C6C5C81)c1ccccc1P(c1ccccc1)c1ccccc1)C,CCO,,50.0,50.0,125.0,2.4219093911953515,inner
COc1cccc(OC)c1C(C)=O,COc1cccc(OC)c1[C@H](C)O,2018,Ru,C[C@H](P(c1cc(cc(c1)C(C)C)C(C)C)c1cc(cc(c1)C(C)C)C(C)C)C[C@@H](P(c1cc(cc(c1)C(C)C)C(C)C)c1cc(cc(c1)C(C)C)C(C)C)C.NCc1ncc(cc1C)C,CC(O)C,[O-1]C(C)(C)C.[K+],10.0,40.0,2000.0,2.421847391569362,outer
CC(=O)c1c(C)c(C)c(C)c(C)c1C,Cc1c(C)c(C)c([C@H](C)O)c(C)c1C,2018,Ru,C[C@H](P(c1cc(cc(c1)C(C)C)C(C)C)c1cc(cc(c1)C(C)C)C(C)C)C[C@@H](P(c1cc(cc(c1)C(C)C)C(C)C)c1cc(cc(c1)C(C)C)C(C)C)C.NCc1ncc2c(c1)cccc2,CC(O)C,[O-1]C(C)(C)C.[K+],10.0,40.0,300.000030000003,2.421847391569362,outer
CC(=O)c1c(C)c(C)c(C)c(C)c1C,Cc1c(C)c(C)c([C@H](C)O)c(C)c1C,2018,Ru,C[C@H](P(c1cc(cc(c1)C(C)C)C(C)C)c1cc(cc(c1)C(C)C)C(C)C)C[C@@H](P(c1cc(cc(c1)C(C)C)C(C)C)c1cc(cc(c1)C(C)C)C(C)C)C.NCc1ncc2c(c1)cccc2,CC(O)C,[O-1]C(C)(C)C.[K+],50.0,40.0,300.000030000003,2.421847391569362,outer
Cc1ccc(C(=O)CN2C(=O)c3ccccc3C2=O)cc1,Cc1ccc([C@@H](O)CN2C(=O)c3ccccc3C2=O)cc1,2005,Ru,c1ccc(cc1)P(c1ccc2c(c1c1c(ccc3c1cccc3)P(c1ccccc1)c1ccccc1)cccc2)c1ccccc1,CCO,,102.04,80.0,100.0,2.4157203374403453,inner
O=C1CCCc2ccccc21,O[C@H]1CCCc2ccccc21,2011,Ru,Cc1cc(C)cc(c1)P(c1ccc2c(c1c1c3OCOc3ccc1P(c1cc(C)cc(c1)C)c1cc(C)cc(c1)C)OCO2)c1cc(C)cc(c1)C.COc1ccc(cc1)C(c1ccc(cc1)OC)([C@H](C(C)C)N)N,CCO.CC(O)C,[O-1]C(C)(C)C.[K+],10.0,15.0,2000.0,2.396145934612032,outer
O=C(CN1C(=O)c2ccccc2C1=O)c1ccc(Br)cc1,O=C1c2ccccc2C(=O)N1C[C@H](O)c1ccc(Br)cc1,2005,Ru,c1ccc(cc1)P(c1ccc2c(c1c1c(ccc3c1cccc3)P(c1ccccc1)c1ccccc1)cccc2)c1ccccc1,CCO,,102.04,80.0,100.0,2.3927151413033845,inner
CC(=O)c1ccc(C)cc1,Cc1ccc([C@H](C)O)cc1,2004,Ru,Clc1ccc2c(c1)c(cc(c2c1c(cc(c2c1ccc(c2)Cl)c1ccccc1)P(c1cc(C)cc(c1)C)c1cc(C)cc(c1)C)P(c1cc(C)cc(c1)C)c1cc(C)cc(c1)C)c1ccccc1.N[C@@H]([C@@H](c1ccccc1)N)c1ccccc1,CC(O)C,[O-1]C(C)(C)C.[K+],48.3,25.0,1000.0,2.38646469639803,outer
O=C(c1ccccc1)C1CC1,O[C@H](c1ccccc1)C1CC1,2004,Ru,Cc1ccc2c(c1)c(C)cc(c2c1c(cc(c2c1ccc(c2)C)C)P(c1cc(C)cc(c1)C)c1cc(C)cc(c1)C)P(c1cc(C)cc(c1)C)c1cc(C)cc(c1)C.N[C@@H]([C@@H](c1ccccc1)N)c1ccccc1,CC(O)C,[O-1]C(C)(C)C.[K+],48.3,25.0,1000.0,2.38646469639803,outer
O=C(c1ccccc1)C1CC1,O[C@H](c1ccccc1)C1CC1,2004,Ru,Cc1ccc2c(c1)c(C)cc(c2c1c(cc(c2c1ccc(c2)C)C)P(c1cc(C)cc(c1)C)c1cc(C)cc(c1)C)P(c1cc(C)cc(c1)C)c1cc(C)cc(c1)C.COc1ccc(cc1)C(c1ccc(cc1)OC)([C@@H](C(C)C)N)N,CC(O)C,[O-1]C(C)(C)C.[K+],48.3,25.0,1000.0,2.38646469639803,outer
CC(=O)c1ccccc1,C[C@@H](O)c1ccccc1,2011,Ru,Cc1cc(C)cc(c1)P(c1ccc2c(c1c1c(ccc3c1cccc3)P(c1cc(C)cc(c1)C)c1cc(C)cc(c1)C)cccc2)c1cc(C)cc(c1)C.COc1ccc(cc1)C(c1ccc(cc1)OC)([C@H](C(C)C)N)N,ClCCl,C1CCN2C(=NCCC2)CC1,10.0,35.0,1000.0,2.3831782650873348,outer
CC(=O)CC(=O)COCc1ccccc1,CC(=O)C[C@@H](O)COCc1ccccc1,2019,Ru,CC1(C)Oc2c(O1)c(c1c3OC(Oc3ccc1P(c1ccccc1)c1ccccc1)(C)C)c(cc2)P(c1ccccc1)c1ccccc1,O1CCOCC1,,20.0,70.0,200.0,2.37037839303661,inner
CCOC(=O)C(=O)c1ccc(Cl)cc1,CCOC(=O)[C@H](O)c1ccc(Cl)cc1,2005,Ru,CC1(C)Oc2c(O1)c(c1c3OC(Oc3ccc1P(c1ccccc1)c1ccccc1)(C)C)c(cc2)P(c1ccccc1)c1ccccc1,CO,[Ce+3].[Cl-1].[Cl-1].O.O.O.O.O.O.[Cl-1].O,50.0,70.0,100.0,2.37037839303661,inner
CC(=O)c1ccc(C(C)(C)C)cc1,C[C@H](O)c1ccc(C(C)(C)C)cc1,2004,Ru,OC1(CCCC1)c1cc(P(c2ccccc2)c2ccccc2)c(c2c1cccc2)c1c(cc(c2c1cccc2)C1(O)CCCC1)P(c1ccccc1)c1ccccc1.N[C@@H]([C@@H](c1ccccc1)N)c1ccccc1,CC(O)C,[O-1]C(C)(C)C.[K+],47.62,25.0,1000.0,2.369472316383481,outer
CC(=O)c1ccccc1,C[C@@H](O)c1ccccc1,2012,Ru,Cc1ccc(cc1)S(=O)(=O)c1ccc(cc1)S(=O)(=O)N[C@@H]([C@@H](c1ccccc1)NCCc1ccccc1)c1ccccc1,CO,,30.0,60.0,500.0,2.3606100784905366,outer
O=C(CN1C(=O)c2ccccc2C1=O)c1ccccc1,O=C1c2ccccc2C(=O)N1C[C@H](O)c1ccccc1,2005,Ru,Brc1cc(P(c2ccccc2)c2ccccc2)c(c2c1cccc2)c1c(cc(c2c1cccc2)Br)P(c1ccccc1)c1ccccc1,CCO,,102.04,80.0,100.0,2.3594786278191546,inner
CC(=O)c1ccccc1,C[C@@H](O)c1ccccc1,2012,Ru,CC([C@H]1COC(=N1)C12C3[Ru]4567891(C2(C7C34)P(c1ccccc1)c1ccccc1)C1C5C9(C8(C61)P(c1ccccc1)c1ccccc1)C1=N[C@H](CO1)C(C)(C)C)(C)C,CC(O)C,[O-1]C(C)(C)C.[K+],10.0,65.0,,2.3593131565531835,inner
Nc1ccc(Br)cc1C(=O)c1ccccc1Cl,Nc1ccc(Br)cc1[C@@H](O)c1ccccc1Cl,2023,Ru,CC([C@H]1COC(=N1)C12C3[Ru]4567891(C2(C7C34)P(c1ccccc1)c1ccccc1)C1C5C9(C8(C61)P(c1ccccc1)c1ccccc1)C1=N[C@H](CO1)C(C)(C)C)(C)C.c1ccc(cc1)P(c1ccccc1)c1ccccc1,C1CCCO1,[K+].[OH-1],40.0,10.0,100.0,2.3545678340634977,inner
O=C(c1ccccc1)c1ccccc1C(F)(F)F,O[C@@H](c1ccccc1)c1ccccc1C(F)(F)F,2023,Ru,CC([C@H]1COC(=N1)C12C3[Ru]4567891(C2(C7C34)P(c1ccccc1)c1ccccc1)C1C5C9(C8(C61)P(c1ccccc1)c1ccccc1)C1=N[C@H](CO1)C(C)(C)C)(C)C.c1ccc(cc1)P(c1ccccc1)c1ccccc1,C1CCCO1,[K+].[OH-1],40.0,10.0,100.0,2.3545678340634977,inner
O=C(c1ccccc1)c1ccc(Cl)cc1Cl,O[C@@H](c1ccccc1)c1ccc(Cl)cc1Cl,2023,Ru,CC([C@H]1COC(=N1)C12C3[Ru]4567891(C2(C7C34)P(c1ccccc1)c1ccccc1)C1C5C9(C8(C61)P(c1ccccc1)c1ccccc1)C1=N[C@H](CO1)C(C)(C)C)(C)C.c1ccc(cc1)P(c1ccccc1)c1ccccc1,C1CCCO1,[K+].[OH-1],40.0,10.0,100.0,2.3545678340634977,inner
Nc1ccc(Cl)cc1C(=O)c1ccccc1,Nc1ccc(Cl)cc1[C@@H](O)c1ccccc1,2023,Ru,CC([C@H]1COC(=N1)C12C3[Ru]4567891(C2(C7C34)P(c1ccccc1)c1ccccc1)C1C5C9(C8(C61)P(c1ccccc1)c1ccccc1)C1=N[C@H](CO1)C(C)(C)C)(C)C.c1ccc(cc1)P(c1ccccc1)c1ccccc1,C1CCCO1,[K+].[OH-1],40.0,10.0,100.0,2.3545678340634977,inner
O=C(c1ccccc1)c1ccccc1Cl,O[C@@H](c1ccccc1)c1ccccc1Cl,2023,Ru,CC([C@H]1COC(=N1)C12C3[Ru]4567891(C2(C7C34)P(c1ccccc1)c1ccccc1)C1C5C9(C8(C61)P(c1ccccc1)c1ccccc1)C1=N[C@H](CO1)C(C)(C)C)(C)C.c1ccc(cc1)P(c1ccccc1)c1ccccc1,C1CCCO1,[K+].[OH-1],40.0,10.0,100.0,2.3545678340634977,inner
COc1cccc(C(=O)c2ccccc2Cl)c1,COc1cccc([C@H](O)c2ccccc2Cl)c1,2023,Ru,CC([C@H]1COC(=N1)C12C3[Ru]4567891(C2(C7C34)P(c1ccccc1)c1ccccc1)C1C5C9(C8(C61)P(c1ccccc1)c1ccccc1)C1=N[C@H](CO1)C(C)(C)C)(C)C.c1ccc(cc1)P(c1ccccc1)c1ccccc1,C1CCCO1,[K+].[OH-1],40.0,10.0,100.0,2.3545678340634977,inner
CON(C)C(=O)CC(=O)C1CCCCC1,CON(C)C(=O)C[C@@H](O)C1CCCCC1,2017,Ru,c1ccc(cc1)P(c1ccc2c(c1c1c(ccc3c1cccc3)P(c1ccccc1)c1ccccc1)cccc2)c1ccccc1,CCO,,5.0,25.0,200.0,2.3529371225669835,inner
CC(=O)c1ccc(C(C)(C)C)cc1,C[C@H](O)c1ccc(C(C)(C)C)cc1,2004,Ru,Cc1cc(C)cc(c1)P(c1ccc2c(c1c1c(cc(c3c1cccc3)[Si](C)(C)C)P(c1cc(C)cc(c1)C)c1cc(C)cc(c1)C)cccc2)c1cc(C)cc(c1)C.COc1ccc(cc1)C(c1ccc(cc1)OC)([C@@H](C(C)C)N)N,CC(O)C,[O-1]C(C)(C)C.[K+],48.3,25.0,1000.0,2.3529371225669835,outer
CCC(=O)C#C[Si](C)(C)C(C)(C)C,CC[C@H](O)C#C[Si](C)(C)C(C)(C)C,2013,Ru,Cc1ccc(cc1)S(=O)(=O)N[C@H]([C@H](c1ccccc1)N)c1ccccc1,CO,,20.0,50.0,1000.0,2.3526062285854707,outer
CCOC(=O)CC(=O)c1ccccc1,CCOC(=O)C[C@H](O)c1ccccc1,2002,Ru,CN([C@@H](C12C3[Fe]4567891(C2(C9C34)P(c1ccccc1)c1ccccc1)C1C7C6C5C81)c1ccccc1P(c1ccccc1)c1ccccc1)C,CCO,,50.0,50.0,125.0,2.3526062285854707,inner
CC(=O)C#CC1CCCCC1,C[C@H](O)C#CC1CCCCC1,2013,Ru,Cc1ccc(cc1)S(=O)(=O)N[C@H]([C@H](c1ccccc1)N)c1ccccc1,CO,,10.0,50.0,200.0,2.3526062285854707,outer
CC(=O)C#C[Si](c1ccccc1)(c1ccccc1)C(C)(C)C,C[C@H](O)C#C[Si](c1ccccc1)(c1ccccc1)C(C)(C)C,2013,Ru,Cc1ccc(cc1)S(=O)(=O)N[C@H]([C@H](c1ccccc1)N)c1ccccc1,CO,,10.0,50.0,1000.0,2.3526062285854707,outer
CC(=O)C#C[Si](C)(C)C(C)(C)C,C[C@H](O)C#C[Si](C)(C)C(C)(C)C,2013,Ru,Cc1ccc(cc1)S(=O)(=O)N[C@H]([C@H](c1ccccc1)N)c1ccccc1,CO,,50.0,50.0,5000.0,2.3526062285854707,outer
O=C(CCN1CCN(c2ccccc2)CC1)c1ccccc1,O[C@H](CCN1CCN(c2ccccc2)CC1)c1ccccc1,2025,Ru,Cc1cc(C)c(c(c1)C)[C@H](c1ccccc1)NCCP(c1ccccc1)c1ccccc1.CP(CCP(C)C)C,O=CN(C)C,[K+].[O-1]C,50.0,30.0,100.0,2.3445091386053076,outer
CN(CCC(=O)c1ccccc1)Cc1ccccc1,CN(CC[C@@H](O)c1ccccc1)Cc1ccccc1,2025,Ru,Cc1cc(C)c(c(c1)C)[C@H](c1ccc2c(c1)cccc2)NCCP(c1ccccc1)c1ccccc1.CP(CCP(C)C)C,C1CCCO1,[K+].[O-1]C,50.0,30.0,100.0,2.3445091386053076,outer
O=C(CCN(Cc1ccccc1)Cc1ccccc1)c1ccccc1,O[C@H](CCN(Cc1ccccc1)Cc1ccccc1)c1ccccc1,2025,Ru,Cc1cc(C)c(c(c1)C)[C@H](c1ccc2c(c1)cccc2)NCCP(c1ccccc1)c1ccccc1.CP(CCP(C)C)C,C1CCCO1,[K+].[O-1]C,50.0,30.0,100.0,2.3445091386053076,outer
COc1ccccc1C(C)=O,COc1ccccc1[C@H](C)O,2015,Ru,CN(CC[N+](C[C@@H]1COC(=N1)C12C3[Fe]4567891(C2(C9C34)P(c1ccccc1)c1ccccc1)C1C7C6C5C81)(C)C)C,Cc1ccccc1.O,[K+].[OH-1],20.0,30.0,200.0,2.3445091386053076,inner
COc1ccccc1C(C)=O,COc1ccccc1[C@H](C)O,2015,Ru,C[n+]1ccn(c1C)C[C@@H]1COC(=N1)C12C3[Fe]4567891(C2(C9C34)P(c1ccccc1)c1ccccc1)C1C7C6C5C81,Cc1ccccc1.O,[K+].[OH-1],20.0,30.0,200.0,2.3445091386053076,inner
CC(C)(C)[Si](C)(C)C#CC(=O)CCl,CC(C)(C)[Si](C)(C)C#C[C@@H](O)CCl,2013,Ru,Cc1ccc(cc1)S(=O)(=O)N[C@H]([C@H](c1ccccc1)N)c1ccccc1,CO,,10.0,30.0,200.0,2.3445091386053076,outer
O=C(CCl)c1ccccc1,O[C@@H](CCl)c1ccccc1,2006,Ru,Cc1ccc(cc1)S(=O)(=O)ONC(C(c1ccccc1)N)c1ccccc1.Cc1ccc(cc1)C(C)C,CO,,10.0,30.0,1004.1299866350299,2.3445091386053076,outer
O=C(CCl)c1cccc(O)c1,Oc1cccc([C@@H](O)CCl)c1,2006,Ru,Cc1ccc(cc1)S(=O)(=O)ONC(C(c1ccccc1)N)c1ccccc1.Cc1ccc(cc1)C(C)C,CO,,10.0,30.0,1000.0,2.3445091386053076,outer
CCN(CC)CCC(=O)c1ccccc1,CCN(CC)CC[C@@H](O)c1ccccc1,2025,Ru,Cc1cc(C)c(c(c1)C)[C@H](c1ccc2c(c1)cccc2)NCCP(c1ccccc1)c1ccccc1.CP(CCP(C)C)C,C1CCCO1,[K+].[O-1]C,50.0,30.0,100.0,2.3445091386053076,outer
O=C(CCN1CCN(c2ccccc2)CC1)c1cccc(C(F)(F)F)c1,O[C@H](CCN1CCN(c2ccccc2)CC1)c1cccc(C(F)(F)F)c1,2025,Ru,Cc1cc(C)c(c(c1)C)[C@H](c1ccc2c(c1)cccc2)NCCP(c1ccccc1)c1ccccc1.CP(CCP(C)C)C,C1CCCO1,[K+].[O-1]C,50.0,30.0,100.0,2.3445091386053076,outer
O=C(CCN1CCN(c2ccccc2)CC1)c1ccccc1,O[C@H](CCN1CCN(c2ccccc2)CC1)c1ccccc1,2025,Ru,Cc1cc(C)c(c(c1)C)[C@H](c1cccc(c1)F)NCCP(c1ccccc1)c1ccccc1.CP(CCP(C)C)C,C1CCCO1,[K+].[O-1]C,50.0,30.0,100.0,2.3445091386053076,outer
Cc1cccc(C(=O)CCl)c1,Cc1cccc([C@@H](O)CCl)c1,2006,Ru,Cc1ccc(cc1)S(=O)(=O)ONC(C(c1ccccc1)N)c1ccccc1.Cc1ccc(cc1)C(C)C,CO,,10.0,30.0,1000.0,2.3445091386053076,outer
O=C(CCl)c1ccccc1,O[C@@H](CCl)c1ccccc1,2006,Ru,Cc1ccc(cc1)S(=O)(=O)ONC(C(c1ccccc1)N)c1ccccc1.Cc1ccc(cc1)C(C)C,CO,,10.0,30.0,1879.9996240000753,2.3445091386053076,outer
O=C(/C=C/c1ccccc1)c1ccccc1,O[C@@H](/C=C/c1ccccc1)c1ccccc1,2008,Ru,Cc1ccc(cc1)P(c1ccc2c(c1c1c(ccc3c1cccc3)P(c1ccc(cc1)C)c1ccc(cc1)C)cccc2)c1ccc(cc1)C.N[C@H](c1ccccc1)CN(C)C,CC(O)C,[O-1]C(C)(C)C.[K+],8.0,30.0,1000.0,2.3445091386053076,outer
O=C(CCl)c1ccc(Cl)cc1,O[C@@H](CCl)c1ccc(Cl)cc1,2006,Ru,Cc1ccc(cc1)S(=O)(=O)ONC(C(c1ccccc1)N)c1ccccc1.Cc1cc(C)cc(c1)C,CO,,10.0,30.0,1000.0,2.3445091386053076,outer
O=C(CCN1CCN(c2ccccc2)CC1)c1ccccc1,O[C@H](CCN1CCN(c2ccccc2)CC1)c1ccccc1,2025,Ru,Cc1cc(C)c(c(c1)C)[C@H](c1cccc(c1)C(F)(F)F)NCCP(c1ccccc1)c1ccccc1.CP(CCP(C)C)C,C1CCCO1,[K+].[O-1]C,50.0,30.0,100.0,2.3445091386053076,outer
O=C(CCN1CCN(c2ccccc2)CC1)c1ccccc1,O[C@H](CCN1CCN(c2ccccc2)CC1)c1ccccc1,2025,Ru,COc1cc(C)c(c(c1)C)[C@H](c1ccccc1)NCCP(c1ccccc1)c1ccccc1.CP(CCP(C)C)C,C1CCCO1,[K+].[O-1]C,50.0,30.0,100.0,2.3445091386053076,outer
CC(=O)c1ccccc1,C[C@H](O)c1ccccc1,2023,Ru,Cc1cc(C)cc(c1)P(c1ccc2c(c1c1c(ccc3c1cccc3)P(c1cc(C)cc(c1)C)c1cc(C)cc(c1)C)cccc2)c1cc(C)cc(c1)C.COc1ccc(cc1)C(c1ccc(cc1)OC)([C@@H](C(C)C)N)N,CC(O)C,,10.0,25.0,1000.0,2.3368347188779626,outer
O=C(c1ccccc1)C1CC1,O[C@H](c1ccccc1)C1CC1,2004,Ru,Cc1cc(C)cc(c1)P(c1cc(c2c(c1c1c(cc(c3c1cccc3)[Si](C)(C)C)P(c1cc(C)cc(c1)C)c1cc(C)cc(c1)C)cccc2)[Si](C)(C)C)c1cc(C)cc(c1)C.COc1ccc(cc1)C(c1ccc(cc1)OC)([C@@H](C(C)C)N)N,CC(O)C,[O-1]C(C)(C)C.[K+],48.3,25.0,1000.0,2.3368347188779626,outer
CC(=O)c1ccc(C(C)(C)C)cc1,C[C@H](O)c1ccc(C(C)(C)C)cc1,2004,Ru,CCOP(=O)(c1cc(P(c2ccccc2)c2ccccc2)c(c2c1cccc2)c1c(cc(c2c1cccc2)P(=O)(OCC)OCC)P(c1ccccc1)c1ccccc1)OCC.N[C@@H]([C@@H](c1ccccc1)N)c1ccccc1,CC(O)C,[O-1]C(C)(C)C.[K+],47.62,25.0,1000.0,2.3368347188779626,outer
CC(=O)CC(=O)COCc1ccccc1,CC(=O)C[C@H](O)COCc1ccccc1,2019,Ru,c1ccc(cc1)P(c1ccc2c(c1c1c(ccc3c1cccc3)P(c1ccccc1)c1ccccc1)cccc2)c1ccccc1,C1CCCO1,,20.0,70.0,200.0,2.3360526927948415,inner
O=C(c1ccccc1)c1ccccc1Br,O[C@@H](c1ccccc1)c1ccccc1Br,2000,Ru,Cc1cc(C)cc(c1)P(c1ccc2c(c1c1c(ccc3c1cccc3)P(c1cc(C)cc(c1)C)c1cc(C)cc(c1)C)cccc2)c1cc(C)cc(c1)C.COc1ccc(cc1)C(c1ccc(cc1)OC)([C@H](C(C)C)N)N,CC(O)C,[O-1]C(C)(C)C.[K+],8.0,28.0,2000.0,2.3290414880124968,outer
COC(OC)C(=O)c1ccccc1,COC(OC)[C@H](O)c1ccccc1,2007,Ru,Cc1ccc(cc1)P(c1ccc2c(c1c1c(ccc3c1cccc3)P(c1ccc(cc1)C)c1ccc(cc1)C)cccc2)c1ccc(cc1)C.NC[C@@H](c1ccccc1)N,CC(O)C,[K+].[O-1]C(C)(C)C,8.0,27.5,2000.0,2.325174575364294,outer
CCOC(OCC)C(=O)c1ccc(C)cc1,CCOC(OCC)[C@H](O)c1ccc(C)cc1,2007,Ru,Cc1ccc(cc1)P(c1ccc2c(c1c1c(ccc3c1cccc3)P(c1ccc(cc1)C)c1ccc(cc1)C)cccc2)c1ccc(cc1)C.NC[C@@H](c1ccccc1)N,CC(O)C,[K+].[O-1]C(C)(C)C,8.0,27.5,1000.0,2.325174575364294,outer
COC(OC)C(=O)c1ccccc1,COC(OC)[C@H](O)c1ccccc1,2007,Ru,Cc1ccc(cc1)P(c1ccc2c(c1c1c(ccc3c1cccc3)P(c1ccc(cc1)C)c1ccc(cc1)C)cccc2)c1ccc(cc1)C.NC[C@@H](c1ccccc1)N,CC(O)C,[K+].[O-1]C(C)(C)C,1.5,27.5,500.0,2.325174575364294,outer
COC(OC)C(=O)c1ccccc1,COC(OC)[C@H](O)c1ccccc1,2007,Ru,Cc1ccc(cc1)P(c1ccc2c(c1c1c(ccc3c1cccc3)P(c1ccc(cc1)C)c1ccc(cc1)C)cccc2)c1ccc(cc1)C.NC[C@@H](c1ccccc1)N,CC(O)C,[K+].[O-1]C(C)(C)C,50.0,27.5,5000.0,2.325174575364294,outer
CC(=O)c1ccc(C)cc1,Cc1ccc([C@H](C)O)cc1,2004,Ru,Cc1ccc2c(c1)c(C)cc(c2c1c(cc(c2c1ccc(c2)C)C)P(c1cc(C)cc(c1)C)c1cc(C)cc(c1)C)P(c1cc(C)cc(c1)C)c1cc(C)cc(c1)C.N[C@@H]([C@@H](c1ccccc1)N)c1ccccc1,CC(O)C,[O-1]C(C)(C)C.[K+],48.3,25.0,1000.0,2.3211426106712203,outer
CC(=O)c1ccc(Cl)cc1,C[C@H](O)c1ccc(Cl)cc1,2004,Ru,C[Si](c1cc(P(c2ccccc2)c2ccccc2)c(c2c1cccc2)c1c(cc(c2c1cccc2)[Si](C)(C)C)P(c1ccccc1)c1ccccc1)(C)C.COc1ccc(cc1)C(c1ccc(cc1)OC)([C@@H](C(C)C)N)N,CC(O)C,[O-1]C(C)(C)C.[K+],47.62,25.0,1000.0,2.3211426106712203,outer
CC(=O)c1ccc(Cl)cc1,C[C@H](O)c1ccc(Cl)cc1,2004,Ru,Cc1ccc2c(c1)c(C)cc(c2c1c(cc(c2c1ccc(c2)C)C)P(c1cc(C)cc(c1)C)c1cc(C)cc(c1)C)P(c1cc(C)cc(c1)C)c1cc(C)cc(c1)C.N[C@@H]([C@@H](c1ccccc1)N)c1ccccc1,CC(O)C,[O-1]C(C)(C)C.[K+],48.3,25.0,1000.0,2.3211426106712203,outer
Cc1ccccc1C(=O)c1ccccc1,Cc1ccccc1[C@H](O)c1ccccc1,2003,Ru,COc1nc(OC)cc(c1c1c(OC)nc(cc1P(c1cc(C)cc(c1)C)c1cc(C)cc(c1)C)OC)P(c1cc(C)cc(c1)C)c1cc(C)cc(c1)C.N[C@@H]([C@@H](c1ccccc1)N)c1ccccc1,CC(O)C,[O-1]C(C)(C)C.[K+],20.41371802,27.5,2000.0,2.3101170324156284,outer
CC(=O)/C=C/c1ccc(C)cc1,Cc1ccc(/C=C/[C@H](C)O)cc1,2014,Ru,c1ccc(cc1)P(c1ccccc1Oc1ccccc1P(c1ccccc1)c1ccccc1)c1ccccc1.c1ccc2c(c1)[C@H](NC2)[C@@H]1NCc2c1cccc2,CC(O)C,[O-1]C(C)(C)C.[K+],10.0,25.0,1000.0,2.3058400121232805,outer
COc1ccc(/C=C/C(C)=O)cc1,COc1ccc(/C=C/[C@H](C)O)cc1,2014,Ru,c1ccc(cc1)P(c1ccccc1Oc1ccccc1P(c1ccccc1)c1ccccc1)c1ccccc1.c1ccc2c(c1)[C@H](NC2)[C@@H]1NCc2c1cccc2,CC(O)C,[O-1]C(C)(C)C.[K+],10.0,25.0,1000.0,2.3058400121232805,outer
CC(=O)/C=C/c1ccccc1,C[C@H](O)/C=C/c1ccccc1,2003,Ru,Cc1cc(C)cc(c1)P(c1cccc2c1[C@]1(CC2)CCc2c1c(ccc2)P(c1cc(C)cc(c1)C)c1cc(C)cc(c1)C)c1ccc(cc1C)C.N[C@@H]([C@@H](c1ccccc1)N)c1ccccc1,CC(O)C,[O-1]C(C)(C)C.[K+],50.0,25.0,5000.0,2.3058400121232805,outer
O=C(CNC(=O)c1ccccc1)c1cccc(Cl)c1,O=C(NC[C@H](O)c1cccc(Cl)c1)c1ccccc1,2004,Ru,C1C[C@@H]([C@@H](C1)P(c1ccccc1)c1ccccc1)[C@H]1CCC[C@H]1P(c1ccccc1)c1ccccc1.NCCSC(C)(C)C,CCCCO,[O-1]C(C)(C)C.[Na+],7.0,25.0,1000.0,2.3058400121232805,outer
CC(C)C(=O)c1ccccc1,CC(C)[C@@H](O)c1ccccc1,2025,Ru,OC[C@@H](NC(=O)CN[C@@H](C12C3[Fe]4567891(C2(C8C34)P(c1ccccc1)c1ccccc1)C1C5C6C9(C71)P(c1ccccc1)c1ccccc1)C)C,CC(O)C,[Na+].[O-1]C(C)(C)C,10.0,25.0,1000.0,2.3058400121232805,outer
CC(C)(C)[Si](C)(C)C(=O)c1ccccc1,CC(C)(C)[Si](C)(C)[C@@H](O)c1ccccc1,2008,Ru,Cc1ccc(cc1)P(c1ccc2c(c1c1c(ccc3c1cccc3)P(c1ccc(cc1)C)c1ccc(cc1)C)cccc2)c1ccc(cc1)C.NCc1ccccn1,CCO,C1CCN2C(=NCCC2)CC1,10.0,25.0,400.0,2.3058400121232805,outer
CC(=O)c1ccccc1,C[C@H](O)c1ccccc1,2010,Ru,CC1(C)O[C@@H]([C@H](O1)CP(c1ccccc1)c1ccccc1)CP(c1ccccc1)c1ccccc1.COc1ccc2c(c1)[nH]c(n2)[C@@H](N)C,Cc1ccccc1.CC(O)(C)C,[O-1]C(C)(C)C.[K+],4.0,25.0,1000.0,2.3058400121232805,outer
CC(=O)c1cc(OCc2ccccc2)cc(OCc2ccccc2)c1,C[C@H](O)c1cc(OCc2ccccc2)cc(OCc2ccccc2)c1,2010,Ru,CC1(C)O[C@@H]([C@H](O1)CP(c1ccccc1)c1ccccc1)CP(c1ccccc1)c1ccccc1.COc1ccc2c(c1)[nH]c(n2)[C@@H](N)C,Cc1ccccc1.CC(O)(C)C,[O-1]C(C)(C)C.[K+],8.0,25.0,5000.0,2.3058400121232805,outer
COc1ccc2c(c1)C(=O)CCC2,COc1ccc2c(c1)[C@@H](O)CCC2,2010,Ru,CC1(C)O[C@@H]([C@H](O1)CP(c1ccccc1)c1ccccc1)CP(c1ccccc1)c1ccccc1.COc1ccc2c(c1)[nH]c(n2)[C@@H](N)C,Cc1ccccc1.CC(O)(C)C,[O-1]C(C)(C)C.[K+],8.0,25.0,5000.0,2.3058400121232805,outer
CC(=O)c1ccc(C)cc1,Cc1ccc([C@@H](C)O)cc1,2006,Ru,c1ccc(cc1)c1cc2ccccc2c(c1NCc1ccccn1)c1c(NCc2ccccn2)c(cc2c1cccc2)c1ccccc1,CC(O)C,[O-1]C(C)(C)C.[K+],50.0,25.0,1000.0,2.3058400121232805,outer
CC(=O)c1ccccc1,C[C@H](O)c1ccccc1,2010,Ru,CC1(C)O[C@@H]([C@H](O1)CP(c1ccccc1)c1ccccc1)CP(c1ccccc1)c1ccccc1.NCc1nc2c([nH]1)cccc2,Cc1ccccc1.CC(O)(C)C,[O-1]C(C)(C)C.[K+],8.0,25.0,1000.0,2.3058400121232805,outer
CC(=O)c1ccc(F)cc1,C[C@H](O)c1ccc(F)cc1,2010,Ru,CC1(C)O[C@@H]([C@H](O1)CP(c1ccccc1)c1ccccc1)CP(c1ccccc1)c1ccccc1.COc1ccc2c(c1)[nH]c(n2)[C@@H](N)C,Cc1ccccc1.CC(O)(C)C,[O-1]C(C)(C)C.[K+],8.0,25.0,5000.0,2.3058400121232805,outer
COc1ccc(C(C)=O)cc1,COc1ccc([C@H](C)O)cc1,2010,Ru,CC1(C)O[C@@H]([C@H](O1)CP(c1ccccc1)c1ccccc1)CP(c1ccccc1)c1ccccc1.COc1ccc2c(c1)[nH]c(n2)[C@@H](N)C,Cc1ccccc1.CC(O)(C)C,[OH-1].[K+].c1ccc(cc1)P(c1ccccc1)c1ccccc1,8.0,25.0,10000.0,2.3058400121232805,outer
O=C1CCCc2ccccc21,O[C@H]1CCCc2ccccc21,2010,Ru,CC1(C)O[C@@H]([C@H](O1)CP(c1ccccc1)c1ccccc1)CP(c1ccccc1)c1ccccc1.NCc1nc2c([nH]1)cccc2,Cc1ccccc1.CC(O)(C)C,[O-1]C(C)(C)C.[K+].c1ccc(cc1)P(c1ccccc1)c1ccccc1,8.0,25.0,1000.0,2.3058400121232805,outer
CC(=O)c1ccccc1,C[C@H](O)c1ccccc1,2004,Ru,C[Si](c1cc(P(c2ccccc2)c2ccccc2)c(c2c1cccc2)c1c(cc(c2c1cccc2)[Si](C)(C)C)P(c1ccccc1)c1ccccc1)(C)C.N[C@@H]([C@@H](c1ccccc1)N)c1ccccc1,CC(O)C,[O-1]C(C)(C)C.[K+],47.62,25.0,1000.0,2.3058400121232805,outer
COc1ccc(C(C)=O)cc1OC,COc1ccc([C@H](C)O)cc1OC,2010,Ru,CC1(C)O[C@@H]([C@H](O1)CP(c1ccccc1)c1ccccc1)CP(c1ccccc1)c1ccccc1.COc1ccc2c(c1)[nH]c(n2)[C@@H](N)C,Cc1ccccc1.CC(O)(C)C,[O-1]C(C)(C)C.[K+],30.0,25.0,199999.99999999997,2.3058400121232805,outer
CC(=O)c1cccc(Oc2ccccc2)c1,C[C@H](O)c1cccc(Oc2ccccc2)c1,2010,Ru,CC1(C)O[C@@H]([C@H](O1)CP(c1ccccc1)c1ccccc1)CP(c1ccccc1)c1ccccc1.COc1ccc2c(c1)[nH]c(n2)[C@@H](N)C,Cc1ccccc1.CC(O)(C)C,[OH-1].[K+],8.0,25.0,10000.0,2.3058400121232805,outer
CC(=O)c1ccccc1C,Cc1ccccc1[C@H](C)O,2010,Ru,CC1(C)O[C@@H]([C@H](O1)CP(c1ccccc1)c1ccccc1)CP(c1ccccc1)c1ccccc1.NCc1nc2c([nH]1)cccc2,Cc1ccccc1.CC(O)(C)C,[O-1]C(C)(C)C.[K+].c1ccc(cc1)P(c1ccccc1)c1ccccc1,12.0,25.0,1000.0,2.3058400121232805,outer
CC(=O)c1ccccc1,C[C@H](O)c1ccccc1,2010,Ru,CC1(C)O[C@@H]([C@H](O1)CP(c1ccccc1)c1ccccc1)CP(c1ccccc1)c1ccccc1.COc1ccc2c(c1)[nH]c(n2)[C@@H](N)C,Cc1ccccc1.CC(O)(C)C,[O-1]C(C)(C)C.[Na+],8.0,25.0,1000.0,2.3058400121232805,outer
COc1ccc(C(C)=O)cc1,COc1ccc([C@H](C)O)cc1,2010,Ru,CC1(C)O[C@@H]([C@H](O1)CP(c1ccccc1)c1ccccc1)CP(c1ccccc1)c1ccccc1.COc1ccc2c(c1)[nH]c(n2)[C@@H](N)C,Cc1ccccc1.CC(O)(C)C,[OH-1].[K+],8.0,25.0,10000.0,2.3058400121232805,outer
O=C(CCNCc1ccccc1)c1cccc(Cl)c1,O[C@H](CCNCc1ccccc1)c1cccc(Cl)c1,2015,Ru,CC([C@H]1COC(=N1)C12C3[Ru]4567891(C2(C7C34)P(c1ccccc1)c1ccccc1)C1C5C9(C8(C61)P(c1ccccc1)c1ccccc1)C1=N[C@H](CO1)C(C)(C)C)(C)C.c1ccc(cc1)P(c1ccccc1)c1ccccc1,CCO,C1CCN2C(=NCCC2)CC1,50.0,25.0,200.0,2.3058400121232805,inner
O=C1CCC/C1=C\c1ccccc1,O[C@@H]1CCC/C1=C\c1ccccc1,2019,Ru,CC([C@H]1COC(=N1)C12C3[Ru]4567891(C2(C7C34)P(c1ccccc1)c1ccccc1)C1C5C9(C8(C61)P(c1ccccc1)c1ccccc1)C1=N[C@H](CO1)C(C)(C)C)(C)C,Cc1ccccc1,C1CCN2C(=NCCC2)CC1,19.7,25.0,100.0,2.3058400121232805,inner
O=C(CCNCc1ccccc1)c1ccc(Cl)cc1,O[C@H](CCNCc1ccccc1)c1ccc(Cl)cc1,2015,Ru,CC([C@H]1COC(=N1)C12C3[Ru]4567891(C2(C7C34)P(c1ccccc1)c1ccccc1)C1C5C9(C8(C61)P(c1ccccc1)c1ccccc1)C1=N[C@H](CO1)C(C)(C)C)(C)C.c1ccc(cc1)P(c1ccccc1)c1ccccc1,CCO,C1CCN2C(=NCCC2)CC1,50.0,25.0,200.0,2.3058400121232805,inner
O=C(c1ccccc1)C1CCCCC1,O[C@@H](c1ccccc1)C1CCCCC1,2025,Ru,OC[C@@H](NC(=O)CN[C@@H](C12C3[Fe]4567891(C2(C8C34)P(c1ccccc1)c1ccccc1)C1C5C6C9(C71)P(c1ccccc1)c1ccccc1)C)C,CC(O)C,[Na+].[O-1]C(C)(C)C,10.0,25.0,1000.0,2.3058400121232805,outer
CC(=O)c1ccc(C)cc1,Cc1ccc([C@H](C)O)cc1,2011,Ru,Brc1ccc2c(c1)[C@H](NC2)[C@H]1NCc2c1cc(Br)cc2.c1ccc(cc1)P(C12C3[Fe]4567892(C1C5C34)C1C6C7C9(C81)P(c1ccccc1)c1ccccc1)c1ccccc1,CCCO,[K+].[O-1]C(C)(C)C,10.0,25.0,1000.0,2.3058400121232805,outer
O=C(CCNCc1ccccc1)c1ccc2ccccc2c1,O[C@H](CCNCc1ccccc1)c1ccc2ccccc2c1,2015,Ru,CC([C@H]1COC(=N1)C12C3[Ru]4567891(C2(C7C34)P(c1ccccc1)c1ccccc1)C1C5C9(C8(C61)P(c1ccccc1)c1ccccc1)C1=N[C@H](CO1)C(C)(C)C)(C)C.c1ccc(cc1)P(c1ccccc1)c1ccccc1,CCO,C1CCN2C(=NCCC2)CC1,50.0,25.0,200.0,2.3058400121232805,inner
O=C(CCNCc1ccccc1)c1ccco1,O[C@H](CCNCc1ccccc1)c1ccco1,2015,Ru,CC([C@H]1COC(=N1)C12C3[Ru]4567891(C2(C7C34)P(c1ccccc1)c1ccccc1)C1C5C9(C8(C61)P(c1ccccc1)c1ccccc1)C1=N[C@H](CO1)C(C)(C)C)(C)C.c1ccc(cc1)P(c1ccccc1)c1ccccc1,CCO,C1CCN2C(=NCCC2)CC1,50.0,25.0,200.0,2.3058400121232805,inner
O=C(CCNCc1ccccc1)c1ccccc1,O[C@H](CCNCc1ccccc1)c1ccccc1,2015,Ru,CC([C@H]1COC(=N1)C12C3[Ru]4567891(C2(C7C34)P(c1ccccc1)c1ccccc1)C1C5C9(C8(C61)P(c1ccccc1)c1ccccc1)C1=N[C@H](CO1)C(C)(C)C)(C)C.c1ccc(cc1)P(c1ccccc1)c1ccccc1,CO,C1CCN2C(=NCCC2)CC1,50.0,25.0,200.0,2.3058400121232805,inner
CC(=O)c1ccccc1,C[C@H](O)c1ccccc1,2010,Ru,CC1(C)O[C@@H]([C@H](O1)CP(c1ccccc1)c1ccccc1)CP(c1ccccc1)c1ccccc1.COc1ccc2c(c1)[nH]c(n2)[C@@H](N)C,Cc1ccccc1.CC(O)(C)C,[O-1]C(C)(C)C.[K+],8.0,25.0,10000.0,2.3058400121232805,outer
CC(=O)c1ccccc1Br,C[C@@H](O)c1ccccc1Br,2008,Ru,COc1nc(OC)cc(c1c1c(OC)nc(cc1P(c1ccc(cc1)OC)c1ccc(cc1)OC)OC)P(c1ccc(cc1)OC)c1ccc(cc1)OC.COc1ccc(cc1)C(c1ccc(cc1)OC)([C@H](C(C)C)N)N,CC(O)C,[K+].[OH-1],30.0,25.0,2000.0,2.3058400121232805,outer
O=C1CCCC/C1=C\c1ccccc1,O[C@@H]1CCCC/C1=C\c1ccccc1,2019,Ru,CC([C@H]1COC(=N1)C12C3[Ru]4567891(C2(C7C34)P(c1ccccc1)c1ccccc1)C1C5C9(C8(C61)P(c1ccccc1)c1ccccc1)C1=N[C@H](CO1)C(C)(C)C)(C)C,CO,C1CCN2C(=NCCC2)CC1,2.0,25.0,100.0,2.3058400121232805,inner
CC(=O)c1ccccc1,C[C@H](O)c1ccccc1,2010,Ru,CC1(C)O[C@@H]([C@H](O1)CP(c1ccccc1)c1ccccc1)CP(c1ccccc1)c1ccccc1.C[C@@H](c1nc2c([nH]1)cccc2)N,Cc1ccccc1.CC(O)(C)C,[O-1]C(C)(C)C.[K+],8.0,25.0,1000.0,2.3058400121232805,outer
CC(=O)c1ccccc1,C[C@H](O)c1ccccc1,2010,Ru,CC1(C)O[C@@H]([C@H](O1)CP(c1ccccc1)c1ccccc1)CP(c1ccccc1)c1ccccc1.COc1ccc2c(c1)[nH]c(n2)[C@H](C(C)C)N,Cc1ccccc1.CC(O)(C)C,[O-1]C(C)(C)C.[K+],8.0,25.0,1000.0,2.3058400121232805,outer
CC(=O)c1ccccc1,C[C@H](O)c1ccccc1,2010,Ru,CC1(C)O[C@@H]([C@H](O1)CP(c1ccccc1)c1ccccc1)CP(c1ccccc1)c1ccccc1.N[C@@H](C(C)(C)C)c1nc2c([nH]1)cccc2,Cc1ccccc1.CC(O)(C)C,[O-1]C(C)(C)C.[K+],8.0,25.0,1000.0,2.3058400121232805,outer
CC(=O)c1ccccc1,C[C@@H](O)c1ccccc1,2002,Ru,Cc1cc(C)cc(c1)P(c1cc(C)c(c(c1c1c(C)c(C)c(cc1P(c1cc(C)cc(c1)C)c1cc(C)cc(c1)C)C)C)C)c1cc(C)cc(c1)C.N[C@H]1CCCC[C@@H]1N,CC(O)C.CC(O)(C)C,[O-1]C(C)(C)C.[K+],8.17,25.0,3030.3030303030305,2.3058400121232805,outer
O=C1CCC/C1=C\c1cccc2ccccc12,O[C@@H]1CCC/C1=C\c1cccc2ccccc12,2019,Ru,CC([C@H]1COC(=N1)C12C3[Ru]4567891(C2(C7C34)P(c1ccccc1)c1ccccc1)C1C5C9(C8(C61)P(c1ccccc1)c1ccccc1)C1=N[C@H](CO1)C(C)(C)C)(C)C,CO,C1CCN2C(=NCCC2)CC1,2.0,25.0,100.0,2.3058400121232805,inner
CCOC(OCC)C(=O)c1ccc(C)cc1,CCOC(OCC)[C@H](O)c1ccc(C)cc1,2008,Ru,Cc1ccc(cc1)P(c1ccc2c(c1c1c(ccc3c1cccc3)P(c1ccc(cc1)C)c1ccc(cc1)C)cccc2)c1ccc(cc1)C.N[C@H](c1ccccc1)CN(C)C,CC(O)C,[K+].[O-1]C(C)(C)C,8.0,25.0,1000.0,2.3058400121232805,outer
CCOC(OCC)C(=O)c1ccccc1,CCOC(OCC)[C@H](O)c1ccccc1,2008,Ru,Cc1ccc(cc1)P(c1ccc2c(c1c1c(ccc3c1cccc3)P(c1ccc(cc1)C)c1ccc(cc1)C)cccc2)c1ccc(cc1)C.N[C@H](c1ccccc1)CN(C)C,CC(O)C,[K+].[O-1]C(C)(C)C,8.0,25.0,2000.0,2.3058400121232805,outer
CCOC(OCC)C(=O)c1ccccc1,CCOC(OCC)[C@H](O)c1ccccc1,2008,Ru,Cc1ccc(cc1)P(c1ccc2c(c1c1c(ccc3c1cccc3)P(c1ccc(cc1)C)c1ccc(cc1)C)cccc2)c1ccc(cc1)C.N[C@H](c1ccccc1)CN(C)C,CC(O)C,[K+].[O-1]C(C)(C)C,50.0,25.0,5000.0,2.3058400121232805,outer
O=C1CCCC2=C1C=CC2,O[C@@H]1CCCC2=C1C=CC2,2004,Ru,Cc1ccc(cc1)P(c1ccc2c(c1c1c(ccc3c1cccc3)P(c1ccc(cc1)C)c1ccc(cc1)C)cccc2)c1ccc(cc1)C.C[C@H]([C@H]1OC(O[C@@H]1[C@H](N)C)(C)C)N,CC(O)C,[O-1]C(C)(C)C.[K+],9.0,25.0,12004.801920768306,2.3058400121232805,outer
CC1=CC(C)(C)CCC1=O,CC1=CC(C)(C)CC[C@H]1O,2004,Ru,Cc1ccc(cc1)P(c1ccc2c(c1c1c(ccc3c1cccc3)P(c1ccc(cc1)C)c1ccc(cc1)C)cccc2)c1ccc(cc1)C.C[C@H]([C@H]1OC(O[C@@H]1[C@H](N)C)(C)C)N,CC(O)C,[O-1]C(C)(C)C.[K+],9.0,25.0,10000.0,2.3058400121232805,outer
CCOC(OCC)C(=O)c1ccccc1,CCOC(OCC)[C@H](O)c1ccccc1,2008,Ru,Cc1ccc(cc1)P(c1ccc2c(c1c1c(ccc3c1cccc3)P(c1ccc(cc1)C)c1ccc(cc1)C)cccc2)c1ccc(cc1)C.N[C@H](c1ccccc1)CN(C)C,CC(O)C,[K+].[O-1]C(C)(C)C,1.5,25.0,500.0,2.3058400121232805,outer
CC(=O)c1ccccn1,C[C@H](O)c1ccccn1,2025,Ru,Cc1ccccc1[C@H](c1ccccn1)N[C@H](C12C3[Fe]4567891(C2(C8C34)P(c1ccccc1)c1ccccc1)C1C5C6C9(C71)P(c1ccccc1)c1ccccc1)C,COC(C)(C)C,C1CN=C2N(C1)CCC2,50.0,25.0,33.333333333333336,2.3058400121232805,outer
COc1cccc(C(=O)[Si](C)(C)C(C)(C)C)c1,COc1cccc([C@H](O)[Si](C)(C)C(C)(C)C)c1,2008,Ru,Cc1ccc(cc1)P(c1ccc2c(c1c1c(ccc3c1cccc3)P(c1ccc(cc1)C)c1ccc(cc1)C)cccc2)c1ccc(cc1)C.NCc1ccccn1,CCO,[O-1]C(C)(C)C.[K+],10.0,25.0,1000.0,2.3058400121232805,outer
COc1ccc(C(=O)[Si](C)(C)C(C)(C)C)cc1,COc1ccc([C@H](O)[Si](C)(C)C(C)(C)C)cc1,2008,Ru,Cc1ccc(cc1)P(c1ccc2c(c1c1c(ccc3c1cccc3)P(c1ccc(cc1)C)c1ccc(cc1)C)cccc2)c1ccc(cc1)C.NCc1ccccn1,CCO,[O-1]C(C)(C)C.[K+],10.0,25.0,500.0,2.3058400121232805,outer
CC(=O)c1ncccc1F,C[C@H](O)c1ncccc1F,2025,Ru,Cc1ccccc1[C@H](c1ccccn1)N[C@H](C12C3[Fe]4567891(C2(C8C34)P(c1ccccc1)c1ccccc1)C1C5C6C9(C71)P(c1ccccc1)c1ccccc1)C,COC(C)(C)C,C1CN=C2N(C1)CCC2,50.0,25.0,33.333333333333336,2.3058400121232805,outer
C[Si](C)(C(=O)c1ccccc1)c1ccccc1,C[Si](C)(c1ccccc1)[C@@H](O)c1ccccc1,2008,Ru,Cc1ccc(cc1)P(c1ccc2c(c1c1c(ccc3c1cccc3)P(c1ccc(cc1)C)c1ccc(cc1)C)cccc2)c1ccc(cc1)C.NCc1ccccn1,CCO,[O-1]C(C)(C)C.[K+],10.0,25.0,900.0000900000091,2.3058400121232805,outer
CC(C)(C)[Si](C)(C)C(=O)c1ccc(F)cc1,CC(C)(C)[Si](C)(C)[C@@H](O)c1ccc(F)cc1,2008,Ru,Cc1ccc(cc1)P(c1ccc2c(c1c1c(ccc3c1cccc3)P(c1ccc(cc1)C)c1ccc(cc1)C)cccc2)c1ccc(cc1)C.NCc1ccccn1,CCO,[O-1]C(C)(C)C.[K+],10.0,25.0,1600.0,2.3058400121232805,outer
CN(C)CCC(=O)c1cccs1,CN(C)CC[C@H](O)c1cccs1,2004,Ru,C1C[C@@H]([C@@H](C1)P(c1ccccc1)c1ccccc1)[C@H]1CCC[C@H]1P(c1ccccc1)c1ccccc1.NCC(N)(C)C,CCO,[O-1]C(C)(C)C.[Na+],7.0,25.0,2000.0,2.3058400121232805,outer
CC(C)(C)[Si](C)(C)C(=O)c1ccccc1,CC(C)(C)[Si](C)(C)[C@@H](O)c1ccccc1,2008,Ru,Cc1ccc(cc1)P(c1ccc2c(c1c1c(ccc3c1cccc3)P(c1ccc(cc1)C)c1ccc(cc1)C)cccc2)c1ccc(cc1)C.NCc1ccccn1,CCO,[O-1]C(C)(C)C.[K+],10.0,25.0,2000.0,2.3058400121232805,outer
CC(C)(C)[Si](C)(C)C(=O)c1ccccc1,CC(C)(C)[Si](C)(C)[C@@H](O)c1ccccc1,2008,Ru,Cc1ccc(cc1)P(c1ccc2c(c1c1c(ccc3c1cccc3)P(c1ccc(cc1)C)c1ccc(cc1)C)cccc2)c1ccc(cc1)C.NCc1ccccn1,CCO,[OH-1].[K+],10.0,25.0,1600.0,2.3058400121232805,outer
COc1cccc(C(=O)c2cc(Cl)ccc2N)c1OC,COc1cccc([C@@H](O)c2cc(Cl)ccc2N)c1OC,2011,Ru,CN(c1c(C)cc(cc1C)P(c1ccc2c(c1c1c(ccc3c1cccc3)P(c1cc(C)c(c(c1)C)N(C)C)c1cc(C)c(c(c1)C)N(C)C)cccc2)c1cc(C)c(c(c1)C)N(C)C)C.N[C@H]([C@H](c1ccccc1)N)c1ccccc1,CC(O)C.C1CCCO1,[OH-1].[K+],4.0,43.0,1000.0,2.3016446206631493,outer
CCCC(=O)CO,CCC[C@@H](O)CO,2009,Ru,C[C@@H]1CC[C@H](P1c1c(C)sc(c1P(c1ccccc1C)c1ccccc1C)C)C,CO,[H+].[Br-1],49.35,60.0,100.0,2.3013013598722036,inner
Cc1ccccc1C(=O)CO,Cc1ccccc1[C@@H](O)CO,2009,Ru,C[C@@H]1CC[C@H](P1c1c(C)sc(c1P(c1ccccc1C)c1ccccc1C)C)C,CO,[H+].[Br-1],49.35,60.0,100.0,2.3013013598722036,inner
O=C(CO)c1ccccc1,OC[C@H](O)c1ccccc1,2009,Ru,C[C@@H]1CC[C@H](P1c1c(C)sc(c1P(c1ccccc1C)c1ccccc1C)C)C,Cc1ccccc1,[H+].[Br-1],49.35,60.0,100.0,2.3013013598722036,inner
CC(=O)c1ccccc1,C[C@H](O)c1ccccc1,2012,Ru,Cc1ccc(cc1)S(=O)(=O)c1ccc(cc1)S(=O)(=O)N[C@H]([C@H](c1ccccc1)NCCc1ccccc1)c1ccccc1,CO,,30.0,60.0,1000.0,2.3013013598722036,outer
CN(C)CCC(=O)c1ccccc1,CN(C)CC[C@H](O)c1ccccc1,2004,Ru,Cc1cc(C)cc(c1)P(c1ccc2c(c1c1c(ccc3c1cccc3)P(c1cc(C)cc(c1)C)c1cc(C)cc(c1)C)cccc2)c1cc(C)cc(c1)C.COc1ccc(cc1)C(c1ccc(cc1)OC)([C@@H](C(C)C)N)N,CC(O)C,[O-1]C(C)(C)C.[K+],48.3,25.0,1000.0,2.290907677414667,outer
CC(=O)c1ccccc1,C[C@@H](O)c1ccccc1,2012,Ru,CC([C@H]1COC(=N1)C12C3[Fe]4567891(C2(C7C34)P(c1ccccc1)c1ccccc1)C1C5C9(C8(C61)P(c1ccccc1)c1ccccc1)C1=N[C@H](CO1)C(C)(C)C)(C)C,CC(O)C,[O-1]C(C)(C)C.[K+],10.0,25.0,,2.290907677414667,inner
O=C(c1ccccc1)C1CC1,O[C@H](c1ccccc1)C1CC1,2004,Ru,Cc1cc(C)cc(c1)P(c1cc(c2c(c1c1c(cc(c3c1cccc3)[Si](C)(C)C)P(c1cc(C)cc(c1)C)c1cc(C)cc(c1)C)cccc2)[Si](C)(C)C)c1cc(C)cc(c1)C.N[C@@H]([C@@H](c1ccccc1)N)c1ccccc1,CC(O)C,[O-1]C(C)(C)C.[K+],48.3,25.0,1000.0,2.290907677414667,outer
CC(=O)c1ccccc1,C[C@@H](O)c1ccccc1,2012,Ru,CC([C@H]1COC(=N1)C12C3[Ru]4567891(C2(C7C34)P(c1ccccc1)c1ccccc1)C1C5C9(C8(C61)P(c1ccccc1)c1ccccc1)C1=N[C@H](CO1)C(C)(C)C)(C)C,CC(O)C,[O-1]C(C)(C)C.[K+],10.0,82.0,,2.280593700557853,inner
CC(=O)c1c(C)coc1C,Cc1coc(C)c1[C@H](C)O,2018,Ru,C[C@H](P(c1cc(cc(c1)C(C)C)C(C)C)c1cc(cc(c1)C(C)C)C(C)C)C[C@@H](P(c1cc(cc(c1)C(C)C)C(C)C)c1cc(cc(c1)C(C)C)C(C)C)C.NCc1ncc2c(c1)cccc2,CC(O)C,[O-1]C(C)(C)C.[K+],10.0,40.0,1000.0,2.2798039315535825,outer
CCOc1cccc(OCC)c1C(C)=O,CCOc1cccc(OCC)c1[C@H](C)O,2018,Ru,C[C@H](P(c1cc(cc(c1)C(C)C)C(C)C)c1cc(cc(c1)C(C)C)C(C)C)C[C@@H](P(c1cc(cc(c1)C(C)C)C(C)C)c1cc(cc(c1)C(C)C)C(C)C)C.NCc1ncc2c(c1)cccc2,CC(O)C,[O-1]C(C)(C)C.[K+],10.0,40.0,500.0,2.2798039315535825,outer
CC(=O)c1ccccc1,C[C@H](O)c1ccccc1,2010,Ru,CC1(C)O[C@@H]([C@H](O1)CP(c1ccccc1)c1ccccc1)CP(c1ccccc1)c1ccccc1.COc1ccc2c(c1)[nH]c(n2)[C@@H](N)C,Cc1ccccc1.CC(O)(C)C,[O-1]C(C)(C)C.[K+],8.0,40.0,1000.0,2.2798039315535825,outer
COc1ccc(C(C)=O)cc1,COc1ccc([C@H](C)O)cc1,2004,Ru,C[Si](c1cc(P(c2ccccc2)c2ccccc2)c(c2c1cccc2)c1c(cc(c2c1cccc2)[Si](C)(C)C)P(c1ccccc1)c1ccccc1)(C)C.N[C@@H]([C@@H](c1ccccc1)N)c1ccccc1,CC(O)C,[O-1]C(C)(C)C.[K+],47.62,25.0,1000.0,2.276327752257976,outer
CC(=O)c1ccc(Cl)cc1,C[C@H](O)c1ccc(Cl)cc1,2004,Ru,OP(=O)(c1cc(P(c2ccccc2)c2ccccc2)c(c2c1cccc2)c1c(cc(c2c1cccc2)P(=O)(O)O)P(c1ccccc1)c1ccccc1)O.N[C@@H]([C@@H](c1ccccc1)N)c1ccccc1,CC(O)C,[O-1]C(C)(C)C.[K+],47.62,25.0,1000.0,2.276327752257976,outer
CC(C)(C)/C=C/C(=O)c1ccccc1,CC(C)(C)/C=C/[C@H](O)c1ccccc1,2008,Ru,Cc1ccc(cc1)P(c1ccc2c(c1c1c(ccc3c1cccc3)P(c1ccc(cc1)C)c1ccc(cc1)C)cccc2)c1ccc(cc1)C.N[C@H](c1ccccc1)CN(C)C,CC(O)C,[O-1]C(C)(C)C.[K+],8.0,0.0,1000.0,2.271411632966429,outer
CC(=O)c1ccccc1I,C[C@H](O)c1ccccc1I,2006,Ru,Brc1ccccc1p1oc2ccc3c(c2c2c(o1)ccc1c2cccc1)cccc3.N[C@@H]1CCCC[C@H]1N,CC(O)C,[O-1]C(C)(C)C.[K+],80.0,0.0,200.0,2.271411632966429,outer
O=C(/C=C/c1ccccc1)c1ccccc1F,O[C@@H](/C=C/c1ccccc1)c1ccccc1F,2008,Ru,Cc1ccc(cc1)P(c1ccc2c(c1c1c(ccc3c1cccc3)P(c1ccc(cc1)C)c1ccc(cc1)C)cccc2)c1ccc(cc1)C.N[C@H](c1ccccc1)CN(C)C,CC(O)C,[O-1]C(C)(C)C.[K+].c1ccc(cc1)P(c1ccccc1)c1ccccc1,8.0,0.0,1000.0,2.271411632966429,outer
Cc1ccc(/C=C/C(=O)c2ccccc2)cc1,Cc1ccc(/C=C/[C@H](O)c2ccccc2)cc1,2008,Ru,Cc1ccc(cc1)P(c1ccc2c(c1c1c(ccc3c1cccc3)P(c1ccc(cc1)C)c1ccc(cc1)C)cccc2)c1ccc(cc1)C.N[C@H](c1ccccc1)CN(C)C,CC(O)C,[O-1]C(C)(C)C.[K+],8.0,0.0,1000.0,2.271411632966429,outer
O=C(/C=C/c1ccccc1)c1ccccc1,O[C@@H](/C=C/c1ccccc1)c1ccccc1,2008,Ru,Cc1ccc(cc1)P(c1ccc2c(c1c1c(ccc3c1cccc3)P(c1ccc(cc1)C)c1ccc(cc1)C)cccc2)c1ccc(cc1)C.N[C@H](c1ccccc1)CN(C)C,CC(O)C,[O-1]C(C)(C)C.[K+],40.0,0.0,10000.0,2.271411632966429,outer
O=C(/C=C/c1ccc(Cl)cc1)c1ccccc1,O[C@@H](/C=C/c1ccc(Cl)cc1)c1ccccc1,2008,Ru,Cc1ccc(cc1)P(c1ccc2c(c1c1c(ccc3c1cccc3)P(c1ccc(cc1)C)c1ccc(cc1)C)cccc2)c1ccc(cc1)C.N[C@H](c1ccccc1)CN(C)C,CC(O)C,[O-1]C(C)(C)C.[K+],8.0,0.0,1000.0,2.271411632966429,outer
CC(=O)c1ccccc1Br,C[C@H](O)c1ccccc1Br,2006,Ru,Brc1ccccc1p1oc2ccc3c(c2c2c(o1)ccc1c2cccc1)cccc3.N[C@@H]1CCCC[C@H]1N,CC(O)C,[O-1]C(C)(C)C.[K+],80.0,0.0,300.3003003003003,2.271411632966429,outer
CC(=O)c1ccccc1I,C[C@H](O)c1ccccc1I,2006,Ru,Brc1ccccc1p1oc2ccc3c(c2c2c(o1)ccc1c2cccc1)cccc3.N[C@@H]1CCCC[C@H]1N,CC(O)C,[O-1]C(C)(C)C.[K+],80.0,0.0,300.3003003003003,2.271411632966429,outer
CC(=O)c1cc(C)sc1C,Cc1cc([C@@H](C)O)c(C)s1,2005,Ru,Brc1ccccc1p1oc2ccc3c(c2c2c(o1)ccc1c2cccc1)cccc3.N[C@H]([C@H](c1ccccc1)N)c1ccccc1,CC(O)C,[O-1]C(C)(C)C.[K+],80.0,0.0,300.3003003003003,2.271411632966429,outer
COc1ccc2cc(C(=O)C(=O)O)ccc2c1,COc1ccc2cc([C@H](O)C(=O)O)ccc2c1,2017,Ru,CC([C@H]1COC(=N1)C12C3[Ru-2]4567892(C1(P(c1ccccc1)c1ccccc1)C5C34)C1C6C9(C8(C71)P(c1ccccc1)c1ccccc1)C1=N[C@H](CO1)C(C)(C)C)(C)C.c1ccc(cc1)P(c1ccccc1)c1ccccc1,CO,[O-1]C(=O)C.[Na+].c1ccc(cc1)P(c1ccccc1)c1ccccc1,40.0,0.0,50.0,2.271411632966429,inner
O=C(/C=C/c1ccccc1)c1ccccc1,O[C@@H](/C=C/c1ccccc1)c1ccccc1,2008,Ru,Cc1ccc(cc1)P(c1ccc2c(c1c1c(ccc3c1cccc3)P(c1ccc(cc1)C)c1ccc(cc1)C)cccc2)c1ccc(cc1)C.N[C@H](c1ccccc1)CN(C)C,CC(O)C,[O-1]C(C)(C)C.[K+],8.0,0.0,1000.0,2.271411632966429,outer
O=C(CN1C(=O)c2ccccc2C1=O)c1cccc2ccccc12,O=C1c2ccccc2C(=O)N1C[C@H](O)c1cccc2ccccc12,2005,Ru,CCOP(=O)(c1cc(P(c2ccccc2)c2ccccc2)c(c2c1cccc2)c1c(cc(c2c1cccc2)P(=O)(OCC)OCC)P(c1ccccc1)c1ccccc1)OCC,CCO,,102.04,80.0,100.0,2.2677507119583438,inner
CC(=O)c1ccccc1Cl,C[C@@H](O)c1ccccc1Cl,2010,Ru,c1ccc(cc1)P(c1ccc2c(c1c1c(ccc3c1cccc3)P(c1ccccc1)c1ccccc1)cccc2)c1ccccc1.CN[C@H]1CCCC[C@@H]1NC,CC(O)C,[OH-1].[K+],30.0,20.0,3003.003003003003,2.2671708856412534,outer
CCC(=O)c1ccccc1,CC[C@H](O)c1ccccc1,2004,Ru,CCOP(=O)(c1cc(P(c2ccccc2)c2ccccc2)c(c2c1cccc2)c1c(cc(c2c1cccc2)P(=O)(OCC)OCC)P(c1ccccc1)c1ccccc1)OCC.N[C@@H]([C@@H](c1ccccc1)N)c1ccccc1,CC(O)C,[O-1]C(C)(C)C.[K+],47.62,25.0,1000.0,2.2620836428984004,outer
O=C(Cc1ccccc1)c1ccccc1,O[C@@H](Cc1ccccc1)c1ccccc1,2004,Ru,Cc1ccc2c(c1)c(C)cc(c2c1c(cc(c2c1ccc(c2)C)C)P(c1cc(C)cc(c1)C)c1cc(C)cc(c1)C)P(c1cc(C)cc(c1)C)c1cc(C)cc(c1)C.N[C@@H]([C@@H](c1ccccc1)N)c1ccccc1,CC(O)C,[O-1]C(C)(C)C.[K+],48.3,25.0,1000.0,2.2620836428984004,outer
COC(=O)C(=O)c1ccccc1,COC(=O)[C@H](O)c1ccccc1,2005,Ru,CC1(C)Oc2c(O1)c(c1c3OC(Oc3ccc1P(c1ccccc1)c1ccccc1)(C)C)c(cc2)P(c1ccccc1)c1ccccc1,CO,[Yb+3].[Cl-1].[Cl-1].O.O.O.O.O.O.[Cl-1],50.0,70.0,100.0,2.26173778204413,inner
CCCCC(=O)c1ccccc1,CCCC[C@H](O)c1ccccc1,2000,Ru,Cc1cc(C)cc(c1)P(c1cc2CCc3ccc(CCc1cc2)cc3P(c1cc(C)cc(c1)C)c1cc(C)cc(c1)C)c1cc(C)cc(c1)C.N[C@@H]([C@@H](c1ccccc1)N)c1ccccc1,CC(O)C,[K+].[O-1]C(C)(C)C,5.5,19.0,3000.003000003,2.259437060344848,outer
CC(=O)/C=C/c1ccccc1,C[C@@H](O)/C=C/c1ccccc1,2000,Ru,c1ccc(cc1)P(c1cc2CCc3ccc(CCc1cc2)cc3P(c1ccccc1)c1ccccc1)c1ccccc1.N[C@@H]1CCCC[C@H]1N,CC(O)C,[K+].[O-1]C(C)(C)C,5.5,19.0,3000.003000003,2.259437060344848,outer
CC(=O)c1cccs1,C[C@H](O)c1cccs1,2000,Ru,Cc1cc(C)cc(c1)P(c1cc2CCc3ccc(CCc1cc2)cc3P(c1cc(C)cc(c1)C)c1cc(C)cc(c1)C)c1cc(C)cc(c1)C.N[C@@H]([C@@H](c1ccccc1)N)c1ccccc1,CC(O)C,[K+].[O-1]C(C)(C)C,5.5,19.0,3000.003000003,2.259437060344848,outer
CC(=O)c1ccncc1,C[C@H](O)c1ccncc1,2000,Ru,Cc1cc(C)cc(c1)P(c1cc2CCc3ccc(CCc1cc2)cc3P(c1cc(C)cc(c1)C)c1cc(C)cc(c1)C)c1cc(C)cc(c1)C.N[C@@H]([C@@H](c1ccccc1)N)c1ccccc1,CC(O)C,[K+].[O-1]C(C)(C)C,5.5,19.0,1000.0,2.259437060344848,outer
CC(=O)c1ccco1,C[C@@H](O)c1ccco1,2000,Ru,Cc1cc(C)cc(c1)P(c1cc2CCc3ccc(CCc1cc2)cc3P(c1cc(C)cc(c1)C)c1cc(C)cc(c1)C)c1cc(C)cc(c1)C.N[C@H]([C@H](c1ccccc1)N)c1ccccc1,CC(O)C,[K+].[O-1]C(C)(C)C,5.5,19.0,3000.003000003,2.259437060344848,outer
CC(=O)c1ccc(Br)cc1,C[C@H](O)c1ccc(Br)cc1,2015,Ru,C[N+]1(CCCC1)C[C@@H]1COC(=N1)C12C3[Fe]4567891(C2(C9C34)P(c1ccccc1)c1ccccc1)C1C7C6C5C81,Cc1ccccc1.O,[K+].[OH-1],20.0,30.0,200.0,2.258466823685996,inner
O=C(CN1C(=O)c2ccccc2C1=O)c1cccc2ccccc12,O=C1c2ccccc2C(=O)N1C[C@H](O)c1cccc2ccccc12,2005,Ru,c1ccc(cc1)P(c1cc(c2ccccc2)c2c(c1c1c(cc(c3c1cccc3)c1ccccc1)P(c1ccccc1)c1ccccc1)cccc2)c1ccccc1,CCO,,102.04,80.0,100.0,2.258212145563191,inner
O=C(CN1C(=O)c2ccccc2C1=O)c1ccc2ccccc2c1,O=C1c2ccccc2C(=O)N1C[C@H](O)c1ccc2ccccc2c1,2005,Ru,c1ccc(cc1)P(c1cc(c2ccccc2)c2c(c1c1c(cc(c3c1cccc3)c1ccccc1)P(c1ccccc1)c1ccccc1)cccc2)c1ccccc1,CCO,,102.04,80.0,100.0,2.248791763294225,inner
CC(=O)c1ccccc1,C[C@H](O)c1ccccc1,2012,Ru,Cc1ccc(cc1)S(=O)(=O)c1ccc(cc1)S(=O)(=O)N[C@H]([C@H](c1ccccc1)NCCc1ccccc1)c1ccccc1,CO,,30.0,60.0,500.0,2.246601751346152,outer
COc1ccc(C(C)=O)cc1,COc1ccc([C@H](C)O)cc1,2023,Ru,CCCCCN[C@H](c1ccnc2c1cccc2)[C@H]1CC2CCN1CC2C=C.C1CCC(CC1)P(C1CCCCC1)C1CCCCC1,CCO,[Ba+2].[OH-1].[OH-1],60.0,30.0,1000.0,2.2452026827447695,outer
CC(=O)CC(=O)COCc1ccccc1,CC(=O)C[C@@H](O)COCc1ccccc1,2019,Ru,CC1(C)Oc2c(O1)c(c1c3OC(Oc3ccc1P(c1ccccc1)c1ccccc1)(C)C)c(cc2)P(c1ccccc1)c1ccccc1,CCOC(=O)C,,20.0,70.0,200.0,2.2418208382174045,inner
CN(C)CCC(=O)c1ccccc1,CN(C)CC[C@H](O)c1ccccc1,2004,Ru,Cc1ccc2c(c1)c(C)cc(c2c1c(cc(c2c1ccc(c2)C)C)P(c1cc(C)cc(c1)C)c1cc(C)cc(c1)C)P(c1cc(C)cc(c1)C)c1cc(C)cc(c1)C.COc1ccc(cc1)C(c1ccc(cc1)OC)([C@@H](C(C)C)N)N,CC(O)C,[O-1]C(C)(C)C.[K+],48.3,25.0,1000.0,2.234542116617342,outer
CCOC(=O)CC(=O)C(C)C,CCOC(=O)C[C@@H](O)C(C)C,2004,Ru,c1ccc(cc1)P(c1ccc2c(c1c1c3OCCOc3ccc1P(c1ccccc1)c1ccccc1)OCCO2)c1ccccc1,CCO,,19.74,50.0,100.0,2.2322243267077972,inner
CCOC(=O)CC(=O)C(C)C,CCOC(=O)C[C@@H](O)C(C)C,2004,Ru,COc1cccc(c1c1c(OC)cccc1P(c1ccccc1)c1ccccc1)P(c1ccccc1)c1ccccc1,CCO,,19.74,50.0,100.0,2.2322243267077972,inner
COc1ccc(C#CC(C)=O)cc1,COc1ccc(C#C[C@H](C)O)cc1,2013,Ru,Cc1ccc(cc1)S(=O)(=O)N[C@H]([C@H](c1ccccc1)N)c1ccccc1,CO,,10.0,50.0,200.0,2.2322243267077972,outer
O=C(CCl)c1ccccc1,O[C@@H](CCl)c1ccccc1,2012,Ru,Cc1ccc(cc1)S(=O)(=O)c1ccc(cc1)S(=O)(=O)N[C@H]([C@H](c1ccccc1)NCCc1ccccc1)c1ccccc1,CO,,75.0,50.0,200.0,2.2322243267077972,outer
CC(=O)c1ccccc1,C[C@H](O)c1ccccc1,2012,Ru,Cc1ccc(cc1)S(=O)(=O)c1ccc(cc1)S(=O)(=O)N[C@H]([C@H](c1ccccc1)NCCc1ccccc1)c1ccccc1,CO,,30.0,50.0,250.0,2.2322243267077972,outer
CC(=O)C(F)(F)F,C[C@@H](O)C(F)(F)F,2012,Ru,Cc1ccc(cc1)S(=O)(=O)c1ccc(cc1)S(=O)(=O)N[C@H]([C@H](c1ccccc1)NCCc1ccccc1)c1ccccc1,CO,O,30.0,50.0,500.0,2.2322243267077972,outer
CCOC(=O)CC(=O)c1ccccc1,CCOC(=O)C[C@H](O)c1ccccc1,2004,Ru,FC1(F)Oc2c(O1)c(c1c3OC(Oc3ccc1P(c1ccccc1)c1ccccc1)(F)F)c(cc2)P(c1ccccc1)c1ccccc1,CCO,,9.87,80.0,100.0,2.230293600084356,inner
COc1ccc(C(=O)CN2C(=O)c3ccccc3C2=O)cc1,COc1ccc([C@@H](O)CN2C(=O)c3ccccc3C2=O)cc1,2005,Ru,CCOP(=O)(c1cc(P(c2ccccc2)c2ccccc2)c(c2c1cccc2)c1c(cc(c2c1cccc2)P(=O)(OCC)OCC)P(c1ccccc1)c1ccccc1)OCC,CCO,,102.04,80.0,100.0,2.230293600084356,inner
CC(=O)c1ccc(C)cc1,Cc1ccc([C@H](C)O)cc1,2004,Ru,C[Si](c1cc(P(c2ccccc2)c2ccccc2)c(c2c1cccc2)c1c(cc(c2c1cccc2)[Si](C)(C)C)P(c1ccccc1)c1ccccc1)(C)C.N[C@@H]([C@@H](c1ccccc1)N)c1ccccc1,CC(O)C,[O-1]C(C)(C)C.[K+],47.62,25.0,1000.0,2.221216834840771,outer
COc1ccc(C(C)=O)cc1,COc1ccc([C@H](C)O)cc1,2004,Ru,OP(=O)(c1cc(P(c2ccccc2)c2ccccc2)c(c2c1cccc2)c1c(cc(c2c1cccc2)P(=O)(O)O)P(c1ccccc1)c1ccccc1)O.N[C@@H]([C@@H](c1ccccc1)N)c1ccccc1,CC(O)C,[O-1]C(C)(C)C.[K+],47.62,25.0,1000.0,2.221216834840771,outer
CC(=O)c1ccc(C(C)(C)C)cc1,C[C@H](O)c1ccc(C(C)(C)C)cc1,2004,Ru,OC(c1cc(P(c2ccccc2)c2ccccc2)c(c2c1cccc2)c1c(cc(c2c1cccc2)C(c1ccccc1)(c1ccccc1)O)P(c1ccccc1)c1ccccc1)(c1ccccc1)c1ccccc1.N[C@@H]([C@@H](c1ccccc1)N)c1ccccc1,CC(O)C,[O-1]C(C)(C)C.[K+],47.62,25.0,1000.0,2.221216834840771,outer
CC(=O)c1ccccc1,C[C@H](O)c1ccccc1,2021,Ru,COc1ccccc1P(c1ccccc1OC)c1ccccc1OC.C=CC1CN2CCC1CC2[C@@H](c1ccnc2c1cccc2)N,CCCO,[Li+].[OH-1],60.0,25.0,500.0,2.2081714658101697,outer
CC(C)(C)OC(=O)NCCCC(=O)c1ccccc1,CC(C)(C)OC(=O)NCCC[C@@H](O)c1ccccc1,2025,Ru,Cc1cc(C)c(c(c1)C)[C@H](c1ccccc1)NCCP(c1ccccc1)c1ccccc1.CP(CCP(C)C)C,C1CCCO1,[K+].[O-1]C,50.0,30.0,100.0,2.2070016345216943,outer
O=C(CCNc1ccc(Br)cc1)c1ccccc1,O[C@H](CCNc1ccc(Br)cc1)c1ccccc1,2025,Ru,Cc1cc(C)c(c(c1)C)[C@H](c1ccccc1)NCCP(c1ccccc1)c1ccccc1.CP(CCP(C)C)C,C1CCCO1,[K+].[O-1]C,50.0,30.0,100.0,2.2070016345216943,outer
O=C(CCl)c1ccccc1Cl,O[C@@H](CCl)c1ccccc1Cl,2006,Ru,Cc1ccc(cc1)S(=O)(=O)ONC(C(c1ccccc1)N)c1ccccc1.Cc1ccc(cc1)C(C)C,CO,,10.0,30.0,519.9999792000008,2.2070016345216943,outer
COc1ccc(C(=O)CCl)cc1,COc1ccc([C@@H](O)CCl)cc1,2006,Ru,Cc1ccc(cc1)S(=O)(=O)ONC(C(c1ccccc1)N)c1ccccc1.Cc1ccc(cc1)C(C)C,CO,,10.0,30.0,1000.0,2.2070016345216943,outer
O=C(CCl)c1ccccc1,O[C@@H](CCl)c1ccccc1,2006,Ru,Cc1ccc(cc1)S(=O)(=O)ONC(C(c1ccccc1)N)c1ccccc1.Cc1ccc(cc1)C(C)C,CO,[O-1][Cl](=O)(=O)=O.[Na+],10.0,30.0,1879.9996240000753,2.2070016345216943,outer
O=C(CCl)c1ccccc1,O[C@@H](CCl)c1ccccc1,2006,Ru,Cc1ccc(cc1)S(=O)(=O)ONC(C(c1ccccc1)N)c1ccccc1.Cc1ccc(cc1)C(C)C,CO,,20.0,30.0,666.6666666666666,2.2070016345216943,outer
Cc1ccc(C(=O)CCl)cc1,Cc1ccc([C@@H](O)CCl)cc1,2006,Ru,Cc1ccc(cc1)S(=O)(=O)ONC(C(c1ccccc1)N)c1ccccc1.Cc1ccc(cc1)C(C)C,CO,,10.0,30.0,1000.0,2.2070016345216943,outer
O=C(CCl)c1ccccc1,O[C@@H](CCl)c1ccccc1,2006,Ru,Cc1ccc(cc1)S(=O)(=O)ONC(C(c1ccccc1)N)c1ccccc1.Cc1ccc(cc1)C(C)C,CO,,100.0,30.0,2666.6666666666665,2.2070016345216943,outer
O=C(CCN1CCN(c2ccccc2)CC1)c1ccc(C(F)(F)F)cc1,O[C@H](CCN1CCN(c2ccccc2)CC1)c1ccc(C(F)(F)F)cc1,2025,Ru,Cc1cc(C)c(c(c1)C)[C@H](c1ccc2c(c1)cccc2)NCCP(c1ccccc1)c1ccccc1.CP(CCP(C)C)C,C1CCCO1,[K+].[O-1]C,50.0,30.0,100.0,2.2070016345216943,outer
COc1cccc(C(=O)c2cc(Cl)ccc2N)c1OC,COc1cccc([C@@H](O)c2cc(Cl)ccc2N)c1OC,2011,Ru,CN(c1c(C)cc(cc1C)P(c1ccc2c(c1c1c(ccc3c1cccc3)P(c1cc(C)c(c(c1)C)N(C)C)c1cc(C)c(c(c1)C)N(C)C)cccc2)c1cc(C)c(c(c1)C)N(C)C)C.N[C@H]([C@H](c1ccccc1)N)c1ccccc1,CC(O)C.C1CCCO1,[OH-1].[K+],1.0,30.0,1000.0,2.2070016345216943,outer
Cc1ccc(C(=O)CN2C(=O)c3ccccc3C2=O)cc1,Cc1ccc([C@@H](O)CN2C(=O)c3ccccc3C2=O)cc1,2005,Ru,Brc1cc(P(c2ccccc2)c2ccccc2)c(c2c1cccc2)c1c(cc(c2c1cccc2)Br)P(c1ccccc1)c1ccccc1,CCO,,102.04,80.0,100.0,2.203360913498713,inner
CC(=O)c1ccccc1,C[C@H](O)c1ccccc1,2012,Ru,Cc1ccc(cc1)S(=O)(=O)c1ccc(cc1)S(=O)(=O)N[C@H]([C@H](c1ccccc1)NCCc1ccccc1)c1ccccc1,CO,,30.0,60.0,2000.0,2.1958267290922393,outer
CC(C)(C)C(=O)CO,CC(C)(C)[C@@H](O)CO,2009,Ru,C[C@@H]1CC[C@H](P1c1c(C)sc(c1P(c1ccccc1C)c1ccccc1C)C)C,CO,[H+].[Br-1],49.35,60.0,100.0,2.1958267290922393,inner
O=C1CCC/C1=C\c1ccccc1,O[C@@H]1CCC/C1=C\c1ccccc1,2019,Ru,CC([C@H]1COC(=N1)C12C3[Ru]4567891(C2(C7C34)P(c1ccccc1)c1ccccc1)C1C5C9(C8(C61)P(c1ccccc1)c1ccccc1)C1=N[C@H](CO1)C(C)(C)C)(C)C,CO,C1CN2CCN1CC2,2.0,25.0,100.0,2.195394215697701,inner
CC(=O)c1ccc(C(C)(C)C)cc1,C[C@H](O)c1ccc(C(C)(C)C)cc1,2004,Ru,Ic1cc(P(c2ccccc2)c2ccccc2)c(c2c1cccc2)c1c(cc(c2c1cccc2)I)P(c1ccccc1)c1ccccc1.N[C@@H]([C@@H](c1ccccc1)N)c1ccccc1,CC(O)C,[O-1]C(C)(C)C.[K+],47.62,25.0,1000.0,2.195394215697701,outer
CCC(=O)c1ccccc1,CC[C@H](O)c1ccccc1,2004,Ru,OC(c1cc(P(c2ccccc2)c2ccccc2)c(c2c1cccc2)c1c(cc(c2c1cccc2)C(c1ccccc1)(c1ccccc1)O)P(c1ccccc1)c1ccccc1)(c1ccccc1)c1ccccc1.N[C@@H]([C@@H](c1ccccc1)N)c1ccccc1,CC(O)C,[O-1]C(C)(C)C.[K+],47.62,25.0,1000.0,2.195394215697701,outer
CC(=O)c1ccccc1F,C[C@H](O)c1ccccc1F,2021,Ru,COc1ccccc1P(c1ccccc1OC)c1ccccc1OC.C=CC1CN2CCC1CC2[C@@H](c1ccnc2c1cccc2)N,CCCO,[Li+].[OH-1],60.0,30.0,250.0,2.194763129712816,outer
O=C(c1ccccc1)[C]12[CH]3[CH]4[CH]5[CH]1[Fe]45321678[CH]2[CH]1[CH]6[CH]7[CH]28,O[C@@H](c1ccccc1)[C]12[CH]3[CH]4[CH]5[CH]1[Fe]45321678[CH]2[CH]1[CH]6[CH]7[CH]28,2000,Ru,Cc1ccc(cc1)P(c1ccc2c(c1c1c(ccc3c1cccc3)P(c1ccc(cc1)C)c1ccc(cc1)C)cccc2)c1ccc(cc1)C.COc1ccc(cc1)C(c1ccc(cc1)OC)([C@H](C(C)C)N)N,CC(O)C.Cc1ccccc1,[O-1]C(C)(C)C.[K+],8.0,28.0,2000.0,2.1924411751153166,outer
Cc1ccc(C(=O)c2cccc3ccccc23)cc1,Cc1ccc([C@H](O)c2cccc3ccccc23)cc1,2023,Ru,CC([C@H]1COC(=N1)C12C3[Ru]4567891(C2(C7C34)P(c1ccccc1)c1ccccc1)C1C5C9(C8(C61)P(c1ccccc1)c1ccccc1)C1=N[C@H](CO1)C(C)(C)C)(C)C.c1ccc(cc1)P(c1ccccc1)c1ccccc1,C1CCCO1,[K+].[OH-1],40.0,10.0,100.0,2.189832632677199,inner
Cc1cc(C)cc(C(=O)c2ccccc2Cl)c1,Cc1cc(C)cc([C@H](O)c2ccccc2Cl)c1,2023,Ru,CC([C@H]1COC(=N1)C12C3[Ru]4567891(C2(C7C34)P(c1ccccc1)c1ccccc1)C1C5C9(C8(C61)P(c1ccccc1)c1ccccc1)C1=N[C@H](CO1)C(C)(C)C)(C)C.c1ccc(cc1)P(c1ccccc1)c1ccccc1,C1CCCO1,[K+].[OH-1],40.0,10.0,100.0,2.189832632677199,inner
Nc1ccccc1C(=O)c1ccccc1,Nc1ccccc1[C@@H](O)c1ccccc1,2023,Ru,CC([C@H]1COC(=N1)C12C3[Ru]4567891(C2(C7C34)P(c1ccccc1)c1ccccc1)C1C5C9(C8(C61)P(c1ccccc1)c1ccccc1)C1=N[C@H](CO1)C(C)(C)C)(C)C.c1ccc(cc1)P(c1ccccc1)c1ccccc1,C1CCCO1,[K+].[OH-1],40.0,10.0,100.0,2.189832632677199,inner
Cc1ccccc1C(=O)c1ccccc1,Cc1ccccc1[C@@H](O)c1ccccc1,2023,Ru,CC([C@H]1COC(=N1)C12C3[Ru]4567891(C2(C7C34)P(c1ccccc1)c1ccccc1)C1C5C9(C8(C61)P(c1ccccc1)c1ccccc1)C1=N[C@H](CO1)C(C)(C)C)(C)C.c1ccc(cc1)P(c1ccccc1)c1ccccc1,C1CCCO1,[K+].[OH-1],50.0,10.0,100.0,2.189832632677199,inner
Cc1ccccc1C(=O)c1ccccc1,Cc1ccccc1[C@@H](O)c1ccccc1,2023,Ru,CC([C@H]1COC(=N1)C12C3[Ru]4567891(C2(C7C34)P(c1ccccc1)c1ccccc1)C1C5C9(C8(C61)P(c1ccccc1)c1ccccc1)C1=N[C@H](CO1)C(C)(C)C)(C)C.c1ccc(cc1)P(c1ccccc1)c1ccccc1,C1CCCO1,[K+].[OH-1],20.0,10.0,100.0,2.189832632677199,inner
O=C(c1ccccc1)c1cc(C(F)(F)F)cc(C(F)(F)F)c1,O[C@@H](c1ccccc1)c1cc(C(F)(F)F)cc(C(F)(F)F)c1,2023,Ru,CC([C@H]1COC(=N1)C12C3[Ru]4567891(C2(C7C34)P(c1ccccc1)c1ccccc1)C1C5C9(C8(C61)P(c1ccccc1)c1ccccc1)C1=N[C@H](CO1)C(C)(C)C)(C)C.c1ccc(cc1)P(c1ccccc1)c1ccccc1,C1CCCO1,[K+].[OH-1],40.0,10.0,100.0,2.189832632677199,inner
Cc1ccccc1C(=O)c1ccccc1,Cc1ccccc1[C@@H](O)c1ccccc1,2023,Ru,CC([C@H]1COC(=N1)C12C3[Ru]4567891(C2(C7C34)P(c1ccccc1)c1ccccc1)C1C5C9(C8(C61)P(c1ccccc1)c1ccccc1)C1=N[C@H](CO1)C(C)(C)C)(C)C.c1ccc(cc1)P(c1ccccc1)c1ccccc1,C1CCCO1,[K+].[O-1]C(=O)[O-1].[K+],40.0,10.0,100.0,2.189832632677199,inner
Cc1ccccc1C(=O)c1ccccc1,Cc1ccccc1[C@@H](O)c1ccccc1,2023,Ru,CC([C@H]1COC(=N1)C12C3[Ru]4567891(C2(C7C34)P(c1ccccc1)c1ccccc1)C1C5C9(C8(C61)P(c1ccccc1)c1ccccc1)C1=N[C@H](CO1)C(C)(C)C)(C)C.c1ccc(cc1)P(c1ccccc1)c1ccccc1,C1CCCO1,[K+].[OH-1],40.0,10.0,100.0,2.189832632677199,inner
CC(C)C(=O)c1ccccc1,CC(C)[C@H](O)c1ccccc1,2007,Ru,Cc1ccc(cc1)P(c1ccc2c(c1c1c(ccc3c1cccc3)P(c1ccc(cc1)C)c1ccc(cc1)C)cccc2)c1ccc(cc1)C.NC[C@@H](c1ccccc1)N,CC(O)C,[K+].[O-1]C(C)(C)C,8.0,27.5,2000.0,2.1888010602637222,outer
COCC(=O)c1ccc(C(F)(F)F)cc1,COC[C@@H](O)c1ccc(C(F)(F)F)cc1,2004,Ru,COc1c(C)cc(cc1C)P([C@H]1CCC[C@H]1[C@@H]1CCC[C@@H]1P(c1cc(C)c(c(c1)C)OC)c1cc(C)c(c(c1)C)OC)c1cc(C)c(c(c1)C)OC.NCCSC(C)(C)C,CCCCO,[O-1]C(C)(C)C.[Na+],7.0,-10.0,500.0,2.1882554318693606,outer
COc1ccc(C(=O)CN2C(=O)c3ccccc3C2=O)cc1,COc1ccc([C@@H](O)CN2C(=O)c3ccccc3C2=O)cc1,2005,Ru,c1ccc(cc1)P(c1ccc2c(c1c1c(ccc3c1cccc3)P(c1ccccc1)c1ccccc1)cccc2)c1ccccc1,CCO,,102.04,80.0,100.0,2.1859185373724963,inner
COc1cccc(C(=O)c2cc(Cl)ccc2N)c1OC,COc1cccc([C@@H](O)c2cc(Cl)ccc2N)c1OC,2011,Ru,Cc1cc(C)cc(c1)P(c1ccc2c(c1c1c(ccc3c1cccc3)P(c1cc(C)cc(c1)C)c1cc(C)cc(c1)C)cccc2)c1cc(C)cc(c1)C.N[C@H]([C@H](c1ccccc1)N)c1ccccc1,CC(O)C.C1CCCO1,[OH-1].[K+],4.0,43.0,1000.0,2.1838704034927128,outer
O=C(c1ccccc1)C1CC1,O[C@H](c1ccccc1)C1CC1,2004,Ru,Cc1cc(C)cc(c1)P(c1ccc2c(c1c1c(cc(c3c1cccc3)[Si](C)(C)C)P(c1cc(C)cc(c1)C)c1cc(C)cc(c1)C)cccc2)c1cc(C)cc(c1)C.COc1ccc(cc1)C(c1ccc(cc1)OC)([C@@H](C(C)C)N)N,CC(O)C,[O-1]C(C)(C)C.[K+],48.3,25.0,1000.0,2.1828740202873127,outer
O=C(CN1C(=O)c2ccccc2C1=O)c1ccc(Cl)cc1,O=C1c2ccccc2C(=O)N1C[C@H](O)c1ccc(Cl)cc1,2005,Ru,c1ccc(cc1)P(c1cc(c2ccccc2)c2c(c1c1c(cc(c3c1cccc3)c1ccccc1)P(c1ccccc1)c1ccccc1)cccc2)c1ccccc1,CCO,,102.04,80.0,100.0,2.1773439340293783,inner
CC(=O)c1ccccc1,C[C@H](O)c1ccccc1,2021,Ru,COc1ccccc1P(c1ccccc1OC)c1ccccc1OC.C=CC1CN2CCC1CC2[C@@H](c1ccnc2c1cccc2)N,CCCO,[Li+].[OH-1],60.0,30.0,250.0,2.1709717843732625,outer
CCC(=O)c1ccc(C)cc1,CC[C@@H](O)c1ccc(C)cc1,2025,Ru,OC[C@@H](NC(=O)CN[C@@H](C12C3[Fe]4567891(C2(C8C34)P(c1ccccc1)c1ccccc1)C1C5C6C9(C71)P(c1ccccc1)c1ccccc1)C)C,CC(O)C,[Na+].[O-1]C(C)(C)C,10.0,25.0,1000.0,2.1706004860057497,outer
CCC(=O)c1cccc(OC)c1,CC[C@@H](O)c1cccc(OC)c1,2025,Ru,OC[C@@H](NC(=O)CN[C@@H](C12C3[Fe]4567891(C2(C8C34)P(c1ccccc1)c1ccccc1)C1C5C6C9(C71)P(c1ccccc1)c1ccccc1)C)C,CC(O)C,[Na+].[O-1]C(C)(C)C,10.0,25.0,1000.0,2.1706004860057497,outer
CCCC(=O)c1ccccc1,CCC[C@H](O)c1ccccc1,2008,Ru,Cc1ccc(cc1)P(c1ccc2c(c1c1c(ccc3c1cccc3)P(c1ccc(cc1)C)c1ccc(cc1)C)cccc2)c1ccc(cc1)C.N[C@H](c1ccccc1)CN(C)C,CC(O)C,[K+].[O-1]C(C)(C)C,8.0,25.0,500.0,2.1706004860057497,outer
CC(C)(C)[Si](C)(C)C(=O)c1ccccc1,CC(C)(C)[Si](C)(C)[C@@H](O)c1ccccc1,2008,Ru,Cc1ccc(cc1)P(c1ccc2c(c1c1c(ccc3c1cccc3)P(c1ccc(cc1)C)c1ccc(cc1)C)cccc2)c1ccc(cc1)C.NCc1ccccn1,CCO,[O-1]C(C)(C)C.[K+],10.0,25.0,10000.0,2.1706004860057497,outer
CC(C)C(=O)c1ccccc1,CC(C)[C@H](O)c1ccccc1,2008,Ru,Cc1ccc(cc1)P(c1ccc2c(c1c1c(ccc3c1cccc3)P(c1ccc(cc1)C)c1ccc(cc1)C)cccc2)c1ccc(cc1)C.N[C@H](c1ccccc1)CN(C)C,CC(O)C,[K+].[O-1]C(C)(C)C,8.0,25.0,2000.0,2.1706004860057497,outer
CC(=O)c1ccc(Br)cc1,C[C@H](O)c1ccc(Br)cc1,2011,Ru,Brc1ccc2c(c1)[C@H](NC2)[C@H]1NCc2c1cc(Br)cc2.c1ccc(cc1)P(C12C3[Fe]4567892(C1C5C34)C1C6C7C9(C81)P(c1ccccc1)c1ccccc1)c1ccccc1,CCCO,[K+].[O-1]C(C)(C)C,10.0,25.0,1000.0,2.1706004860057497,outer
CCCCCCC(=O)/C=C(\C)c1ccc(C)cc1,CCCCCC[C@H](O)/C=C(\C)c1ccc(C)cc1,2014,Ru,c1ccc(cc1)P(c1ccccc1Oc1ccccc1P(c1ccccc1)c1ccccc1)c1ccccc1.c1ccc2c(c1)[C@H](NC2)[C@@H]1NCc2c1cccc2,CC(O)C,[O-1]C(C)(C)C.[K+],10.0,25.0,1000.0,2.1706004860057497,outer
Cc1cc(C)c2c(c1)C(=O)CCC2,Cc1cc(C)c2c(c1)[C@H](O)CCC2,2004,Ru,c1ccc(cc1)P(c1ccc2c(c1c1c(ccc3c1cccc3)P(c1ccccc1)c1ccccc1)cccc2)c1ccccc1.C[C@H]([C@H]1OC(O[C@@H]1[C@H](N)C)(C)C)N,CC(O)C,[O-1]C(C)(C)C.[K+],9.0,25.0,3300.0033000033004,2.1706004860057497,outer
CC(=O)c1ccc(Cl)cc1,C[C@H](O)c1ccc(Cl)cc1,2011,Ru,Brc1ccc2c(c1)[C@H](NC2)[C@H]1NCc2c1cc(Br)cc2.c1ccc(cc1)P(C12C3[Fe]4567892(C1C5C34)C1C6C7C9(C81)P(c1ccccc1)c1ccccc1)c1ccccc1,CCCO,[K+].[O-1]C(C)(C)C,10.0,25.0,1000.0,2.1706004860057497,outer
CC(=O)c1cccc(C)c1,Cc1cccc([C@H](C)O)c1,2011,Ru,Brc1ccc2c(c1)[C@H](NC2)[C@H]1NCc2c1cc(Br)cc2.c1ccc(cc1)P(C12C3[Fe]4567892(C1C5C34)C1C6C7C9(C81)P(c1ccccc1)c1ccccc1)c1ccccc1,CCCO,[K+].[O-1]C(C)(C)C,50.0,25.0,1000.0,2.1706004860057497,outer
O=C1CN2CCC1CC2,O[C@H]1CN2CCC1CC2,2010,Ru,c1ccc(cc1)P(c1ccc2c(c1c1c(ccc3c1cccc3)P(c1ccccc1)c1ccccc1)cccc2)c1ccccc1.C[C@H](CC[C@H](N)C)N,CC(O)C,[K+].[O-1]C(C)(C)C,80.0,25.0,20000.0,2.1706004860057497,outer
CC(=O)c1ccccc1,C[C@H](O)c1ccccc1,2011,Ru,Brc1ccc2c(c1)[C@H](NC2)[C@H]1NCc2c1cc(Br)cc2.c1ccc(cc1)P(c1ccccc1Oc1ccccc1P(c1ccccc1)c1ccccc1)c1ccccc1,CCCO,[K+].[O-1]C(C)(C)C,50.0,25.0,1000.0,2.1706004860057497,outer
CC(=O)c1ccc(F)cc1,C[C@H](O)c1ccc(F)cc1,2011,Ru,Brc1ccc2c(c1)[C@H](NC2)[C@H]1NCc2c1cc(Br)cc2.c1ccc(cc1)P(C12C3[Fe]4567892(C1C5C34)C1C6C7C9(C81)P(c1ccccc1)c1ccccc1)c1ccccc1,CCCO,[K+].[O-1]C(C)(C)C,10.0,25.0,1000.0,2.1706004860057497,outer
O=C1CCc2ccccc21,O[C@H]1CCc2ccccc21,2011,Ru,Brc1ccc2c(c1)[C@H](NC2)[C@H]1NCc2c1cc(Br)cc2.c1ccc(cc1)P(C12C3[Fe]4567892(C1C5C34)C1C6C7C9(C81)P(c1ccccc1)c1ccccc1)c1ccccc1,CCCO,[K+].[O-1]C(C)(C)C,10.0,25.0,1000.0,2.1706004860057497,outer
O=C1CCOc2ccccc21,O[C@@H]1CCOc2ccccc21,2024,Ru,COC[C@@H](N[C@@H](C[C@H](P(c1ccccc1)c1ccccc1)C)C)C,CC(O)C,[K+].[O-1]C(C)(C)C,70.0,25.0,200.0,2.1706004860057497,outer
CC(=O)c1ccccc1,C[C@@H](O)c1ccccc1,2010,Ru,N(CC1=NC2C(O1)Cc1c2cccc1)CC1=NC2C(O1)Cc1c2cccc1,CC(O)C,[O-1]C(C)(C)C.[K+],5.0,25.0,100.0,2.1706004860057497,outer
CC(=O)c1ccccc1,C[C@H](O)c1ccccc1,2010,Ru,CC1(C)O[C@@H]([C@H](O1)CP(c1ccccc1)c1ccccc1)CP(c1ccccc1)c1ccccc1.N[C@H](c1nc2c([nH]1)cccc2)C(C)C,Cc1ccccc1.CC(O)(C)C,[O-1]C(C)(C)C.[K+],8.0,25.0,1000.0,2.1706004860057497,outer
CC(=O)c1ccccc1C,Cc1ccccc1[C@@H](C)O,2010,Ru,N(CC1=NC2C(O1)Cc1c2cccc1)CC1=NC2C(O1)Cc1c2cccc1,CC(O)C,[O-1]C(C)(C)C.[K+],5.0,25.0,1000.0,2.1706004860057497,outer
CC(=O)C1CCCCC1,C[C@@H](O)C1CCCCC1,2010,Ru,N(CC1=NC2C(O1)Cc1c2cccc1)CC1=NC2C(O1)Cc1c2cccc1,CC(O)C,[O-1]C(C)(C)C.[K+],5.0,25.0,100.0,2.1706004860057497,outer
O=C1CN2CCC1CC2,O[C@H]1CN2CCC1CC2,2010,Ru,c1ccc(cc1)P(c1ccc2c(c1c1c(ccc3c1cccc3)P(c1ccccc1)c1ccccc1)cccc2)c1ccccc1.C[C@H](CC[C@H](N)C)N,CC(O)C,[K+].[O-1]C(C)(C)C,20.0,25.0,10000.0,2.1706004860057497,outer
O=C(CCNCc1ccccc1)c1ccccc1,O[C@H](CCNCc1ccccc1)c1ccccc1,2015,Ru,CC([C@H]1COC(=N1)C12C3[Ru]4567891(C2(C7C34)P(c1ccccc1)c1ccccc1)C1C5C9(C8(C61)P(c1ccccc1)c1ccccc1)C1=N[C@H](CO1)C(C)(C)C)(C)C.c1ccc(cc1)P(c1ccccc1)c1ccccc1,CO,CCN(CC)CC,50.0,25.0,200.0,2.1706004860057497,inner
CC(=O)c1ccccc1,C[C@@H](O)c1ccccc1,2010,Ru,N(CC1=NC2C(O1)Cc1c2cccc1)CC1=NC2C(O1)Cc1c2cccc1,CCO,[O-1]C(C)(C)C.[K+],30.0,25.0,100.0,2.1706004860057497,outer
CC(=O)c1ccccc1,C[C@@H](O)c1ccccc1,2010,Ru,N(CC1=NC2C(O1)Cc1c2cccc1)CC1=NC2C(O1)Cc1c2cccc1,ClCCl,[O-1]C(C)(C)C.[K+],30.0,25.0,100.0,2.1706004860057497,outer
CC(=O)c1cccc(C)c1,Cc1cccc([C@@H](C)O)c1,2010,Ru,N(CC1=NC2C(O1)Cc1c2cccc1)CC1=NC2C(O1)Cc1c2cccc1,CC(O)C,[O-1]C(C)(C)C.[K+],5.0,25.0,100.0,2.1706004860057497,outer
CC(=O)c1cccc(C(F)(F)F)c1,C[C@@H](O)c1cccc(C(F)(F)F)c1,2002,Ru,Cc1cc(C)cc(c1)P(c1cc(C)c(c(c1c1c(C)c(C)c(cc1P(c1cc(C)cc(c1)C)c1cc(C)cc(c1)C)C)C)C)c1cc(C)cc(c1)C.N[C@H]1CCCC[C@@H]1N,CC(O)C.CC(O)(C)C,[O-1]C(C)(C)C.[K+],8.17,25.0,3030.3030303030305,2.1706004860057497,outer
O=C(CCNCc1ccccc1)c1ccc(Br)cc1,O[C@H](CCNCc1ccccc1)c1ccc(Br)cc1,2015,Ru,CC([C@H]1COC(=N1)C12C3[Ru]4567891(C2(C7C34)P(c1ccccc1)c1ccccc1)C1C5C9(C8(C61)P(c1ccccc1)c1ccccc1)C1=N[C@H](CO1)C(C)(C)C)(C)C.c1ccc(cc1)P(c1ccccc1)c1ccccc1,CCO,C1CCN2C(=NCCC2)CC1,50.0,25.0,200.0,2.1706004860057497,inner
CC(=O)c1cccc(C)c1,Cc1cccc([C@@H](C)O)c1,2025,Ru,OC[C@@H](NC(=O)CN[C@@H](C12C3[Fe]4567891(C2(C8C34)P(c1ccccc1)c1ccccc1)C1C5C6C9(C71)P(c1ccccc1)c1ccccc1)C)C,CC(O)C,[Na+].[O-1]C(C)(C)C,10.0,25.0,1000.0,2.1706004860057497,outer
O=C1CCC/C1=C\c1ccccc1F,O[C@@H]1CCC/C1=C\c1ccccc1F,2019,Ru,CC([C@H]1COC(=N1)C12C3[Ru]4567891(C2(C7C34)P(c1ccccc1)c1ccccc1)C1C5C9(C8(C61)P(c1ccccc1)c1ccccc1)C1=N[C@H](CO1)C(C)(C)C)(C)C,CO,C1CCN2C(=NCCC2)CC1,2.0,25.0,100.0,2.1706004860057497,inner
O=C1CCC/C1=C\c1ccccc1C(F)(F)F,O[C@@H]1CCC/C1=C\c1ccccc1C(F)(F)F,2019,Ru,CC([C@H]1COC(=N1)C12C3[Ru]4567891(C2(C7C34)P(c1ccccc1)c1ccccc1)C1C5C9(C8(C61)P(c1ccccc1)c1ccccc1)C1=N[C@H](CO1)C(C)(C)C)(C)C,CO,C1CCN2C(=NCCC2)CC1,2.0,25.0,100.0,2.1706004860057497,inner
CC(=O)c1ccccc1,C[C@H](O)c1ccccc1,2011,Ru,FC(c1ccc(cc1)c1ccc2c(c1)[C@H](NC2)[C@H]1NCc2c1cc(cc2)c1ccc(cc1)C(F)(F)F)(F)F.c1ccc(cc1)P(C12C3[Fe]4567892(C1C5C34)C1C6C7C9(C81)P(c1ccccc1)c1ccccc1)c1ccccc1,CCCO,[K+].[O-1]C(C)(C)C,10.0,25.0,1000.0,2.1706004860057497,outer
CC(=O)c1ccco1,C[C@H](O)c1ccco1,2013,Ru,c1ccc2c(c1)[C@H](NC2)[C@H]1NCc2c1cccc2.c1ccc(cc1)P(c1ccccc1)c1ccccc1,CC(O)C,[K+].[O-1]C(C)(C)C,50.0,25.0,,2.1706004860057497,outer
COc1ccc(C(C)=O)cc1,COc1ccc([C@H](C)O)cc1,2011,Ru,Brc1ccc2c(c1)[C@H](NC2)[C@H]1NCc2c1cc(Br)cc2.c1ccc(cc1)P(C12C3[Fe]4567892(C1C5C34)C1C6C7C9(C81)P(c1ccccc1)c1ccccc1)c1ccccc1,CCCO,[K+].[O-1]C(C)(C)C,10.0,25.0,1000.0,2.1706004860057497,outer
CC(C)(C)[Si](C)(C)C(=O)c1ccccc1,CC(C)(C)[Si](C)(C)[C@@H](O)c1ccccc1,2008,Ru,Cc1ccc(cc1)P(c1ccc2c(c1c1c(ccc3c1cccc3)P(c1ccc(cc1)C)c1ccc(cc1)C)cccc2)c1ccc(cc1)C.NCc1ccccn1,CCO,[O-1]C(=O)[O-1].[K+].[K+],10.0,25.0,30.000000300000004,2.1706004860057497,outer
CC(=O)c1cccc2ccccc12,C[C@H](O)c1cccc2ccccc12,2006,Ru,O=C(c1ccccc1P(c1ccccc1)c1ccccc1)c1ccccc1P(c1ccccc1)c1ccccc1.NC(C(c1ccccc1)N)c1ccccc1,CCO,[O-1]C(C)(C)C.[K+],20.0,25.0,1000.0,2.1706004860057497,outer
O=C(CNC(=O)c1ccccc1)c1ccccc1,O=C(NC[C@H](O)c1ccccc1)c1ccccc1,2000,Ru,Cc1cc(C)cc(c1)P(c1ccc2c(c1c1c(ccc3c1cccc3)P(c1cc(C)cc(c1)C)c1cc(C)cc(c1)C)cccc2)c1cc(C)cc(c1)C.COc1ccc(cc1)C(c1ccc(cc1)OC)(C(C(C)C)N)N,CC(O)C,[O-1]C(C)(C)C.[K+],8.0,25.0,10000.0,2.1706004860057497,outer
COc1ccc(C(=O)CCNc2ccccc2)cc1,COc1ccc([C@H](O)CCNc2ccccc2)cc1,2015,Ru,CC([C@H]1COC(=N1)C12C3[Ru]4567891(C2(C7C34)P(c1ccccc1)c1ccccc1)C1C5C9(C8(C61)P(c1ccccc1)c1ccccc1)C1=N[C@H](CO1)C(C)(C)C)(C)C.c1ccc(cc1)P(c1ccccc1)c1ccccc1,CCO,C1CCN2C(=NCCC2)CC1,50.0,25.0,200.0,2.1706004860057497,inner
CC(=O)c1ccc2ccccc2c1,C[C@@H](O)c1ccc2ccccc2c1,2006,Ru,c1ccc(cc1)c1cc2ccccc2c(c1NCc1ccccn1)c1c(NCc2ccccn2)c(cc2c1cccc2)c1ccccc1,CC(O)C,[O-1]C(C)(C)C.[K+],50.0,25.0,1000.0,2.1706004860057497,outer
CC(=O)/C=C/c1ccc(Br)cc1,C[C@H](O)/C=C/c1ccc(Br)cc1,2014,Ru,c1ccc(cc1)P(c1ccccc1Oc1ccccc1P(c1ccccc1)c1ccccc1)c1ccccc1.c1ccc2c(c1)[C@H](NC2)[C@@H]1NCc2c1cccc2,CC(O)C,[O-1]C(C)(C)C.[K+],10.0,25.0,1000.0,2.1706004860057497,outer
O=C1/C(=C/c2ccccc2)CCc2ccccc21,O[C@@H]1/C(=C/c2ccccc2)CCc2ccccc21,2014,Ru,c1ccc(cc1)P(c1ccccc1Oc1ccccc1P(c1ccccc1)c1ccccc1)c1ccccc1.c1ccc2c(c1)[C@H](NC2)[C@@H]1NCc2c1cccc2,CC(O)C,[O-1]C(C)(C)C.[K+],10.0,25.0,1000.0,2.1706004860057497,outer
CC(=O)/C=C/c1ccccc1,C[C@H](O)/C=C/c1ccccc1,2014,Ru,c1ccc(cc1)P(c1ccccc1Oc1ccccc1P(c1ccccc1)c1ccccc1)c1ccccc1.c1ccc2c(c1)[C@H](NC2)[C@@H]1NCc2c1cccc2,CC(O)C,[O-1]C(C)(C)C.[K+],10.0,25.0,1000.0,2.1706004860057497,outer
CCCCCCC(=O)/C=C/c1ccccc1,CCCCCC[C@H](O)/C=C/c1ccccc1,2014,Ru,c1ccc(cc1)P(c1ccccc1Oc1ccccc1P(c1ccccc1)c1ccccc1)c1ccccc1.c1ccc2c(c1)[C@H](NC2)[C@@H]1NCc2c1cccc2,CC(O)C,[O-1]C(C)(C)C.[K+],10.0,25.0,1000.0,2.1706004860057497,outer
CCCCCC(=O)[Si](C)(C)C(C)(C)C,CCCCC[C@H](O)[Si](C)(C)C(C)(C)C,2008,Ru,Cc1ccc(cc1)P(c1ccc2c(c1c1c(ccc3c1cccc3)P(c1ccc(cc1)C)c1ccc(cc1)C)cccc2)c1ccc(cc1)C.NCc1ncc(c(c1)C(C)(C)C)C(C)(C)C,CCO,[O-1]C(C)(C)C.[K+],10.0,25.0,500.0,2.1706004860057497,outer
CC(=O)/C=C/c1ccccc1,C[C@H](O)/C=C/c1ccccc1,2023,Ru,Cc1cc(C)cc(c1)P(c1ccc2c(c1c1c(ccc3c1cccc3)P(c1cc(C)cc(c1)C)c1cc(C)cc(c1)C)cccc2)c1cc(C)cc(c1)C.COc1ccc(cc1)C(c1ccc(cc1)OC)([C@@H](C(C)C)N)N,Cc1ccccc1,C1CN2CCN1CC2,10.0,25.0,1000.0,2.1706004860057497,outer
CCOC(=O)CC(C)=O,CCOC(=O)C[C@@H](C)O,2002,Ru,Cc1cc(C)cc(c1)P(c1ccccc1[C@H](C12C3[Fe]4567891(C2(C9C34)P(c1cc(C)cc(c1)C)c1cc(C)cc(c1)C)C1C7C6C5C81)N(C)C)c1cc(C)cc(c1)C,CCO,,50.0,50.0,125.0,2.16903044007161,inner
Cc1ccc(C(=O)CN2C(=O)c3ccccc3C2=O)cc1,Cc1ccc([C@@H](O)CN2C(=O)c3ccccc3C2=O)cc1,2005,Ru,c1ccc(cc1)P(c1cc(c2ccccc2)c2c(c1c1c(cc(c3c1cccc3)c1ccccc1)P(c1ccccc1)c1ccccc1)cccc2)c1ccccc1,CCO,,102.04,80.0,100.0,2.168864031918014,inner
CCOC(=O)C(C)=O,CCOC(=O)[C@@H](C)O,2005,Ru,CC1(C)Oc2c(O1)c(c1c3OC(Oc3ccc1P(c1ccccc1)c1ccccc1)(C)C)c(cc2)P(c1ccccc1)c1ccccc1,CO,O=C1CC2C(C1(CC2)CS(=O)(=O)O)(C)C,50.0,70.0,100.0,2.167139314367682,inner
COC(=O)C(=O)c1ccccc1,COC(=O)[C@H](O)c1ccccc1,2005,Ru,CC1(C)Oc2c(O1)c(c1c3OC(Oc3ccc1P(c1ccccc1)c1ccccc1)(C)C)c(cc2)P(c1ccccc1)c1ccccc1,CO,[Fe+3].[Cl-1].[Cl-1].[Cl-1],50.0,70.0,100.0,2.167139314367682,inner
CC(=O)c1c(C)c(C)c(C)c(C)c1C,Cc1c(C)c(C)c([C@H](C)O)c(C)c1C,2018,Ru,C[C@H](P(c1cc(cc(c1)C(C)C)C(C)C)c1cc(cc(c1)C(C)C)C(C)C)C[C@@H](P(c1cc(cc(c1)C(C)C)C(C)C)c1cc(cc(c1)C(C)C)C(C)C)C.NCc1ncc(cc1C)C,CC(O)C,[O-1]C(C)(C)C.[K+],10.0,40.0,200.0,2.1631472935433904,outer
CC(=O)c1ccccc1,C[C@H](O)c1ccccc1,2012,Ru,Cc1ccc(cc1)S(=O)(=O)c1ccc(cc1)S(=O)(=O)N[C@H]([C@H](c1ccccc1)NCCc1ccccc1)c1ccccc1,CO,,30.0,40.0,100.0,2.1631472935433904,outer
COc1ccc(C(C)=O)cc1,COc1ccc([C@H](C)O)cc1,2004,Ru,Cc1cc(C)cc(c1)P(c1ccc2c(c1c1c(cc(c3c1cccc3)[Si](C)(C)C)P(c1cc(C)cc(c1)C)c1cc(C)cc(c1)C)cccc2)c1cc(C)cc(c1)C.COc1ccc(cc1)C(c1ccc(cc1)OC)([C@@H](C(C)C)N)N,CC(O)C,[O-1]C(C)(C)C.[K+],48.3,25.0,1000.0,2.1585638367932574,outer
CC1=CC(C)(C)CCC1=O,CC1=CC(C)(C)CC[C@@H]1O,2013,Ru,CC(Sc1cc(ccc1/C=N/[C@@H]1CCCC[C@H]1/N=C/c1ccc(cc1SC(C)(C)C)C(C)(C)C)C(C)(C)C)(C)C,CC(O)C,[K+].[OH-1],50.0,23.0,2000.0,2.1560400265993724,inner
O=C1CCCc2ccccc21,O[C@H]1CCCc2ccccc21,2013,Ru,CC(Sc1cc(ccc1/C=N/[C@@H]1CCCC[C@H]1/N=C/c1ccc(cc1SC(C)(C)C)C(C)(C)C)C(C)(C)C)(C)C,CC(O)C,[K+].[OH-1],50.0,23.0,2000.0,2.1560400265993724,inner
CC(=O)c1ccc(C(C)(C)C)cc1,C[C@H](O)c1ccc(C(C)(C)C)cc1,2004,Ru,Brc1cc(P(c2ccccc2)c2ccccc2)c(c2c1cccc2)c1c(cc(c2c1cccc2)Br)P(c1ccccc1)c1ccccc1.N[C@@H]([C@@H](c1ccccc1)N)c1ccccc1,CC(O)C,[O-1]C(C)(C)C.[K+],47.62,25.0,1000.0,2.1467548661334983,outer
CC(=O)c1ccccc1,C[C@H](O)c1ccccc1,2021,Ru,COc1ccccc1P(c1ccccc1OC)c1ccccc1OC.C=CC1CN2CCC1CC2[C@@H](c1ccnc2c1cccc2)N,CCCCO,[Li+].[OH-1],60.0,25.0,500.0,2.135164893652938,outer
CC(=O)CO,C[C@@H](O)CO,2011,Ru,Cc1cc(C)cc(c1)P(c1ccc2c(c1c1c(ccc3c1cccc3)P(c1cc(C)cc(c1)C)c1cc(C)cc(c1)C)cccc2)c1cc(C)cc(c1)C.COc1ccc(cc1)C(c1ccc(cc1)OC)([C@H](C(C)C)N)N,CO,C1CCN2C(=NCCC2)CC1,15.0,20.0,1492.5373134328358,2.134199337489806,outer
O=C(CO)c1ccccc1,OC[C@@H](O)c1ccccc1,2011,Ru,Cc1cc(C)cc(c1)P(c1ccc2c(c1c1c(ccc3c1cccc3)P(c1cc(C)cc(c1)C)c1cc(C)cc(c1)C)cccc2)c1cc(C)cc(c1)C.COc1ccc(cc1)C(c1ccc(cc1)OC)([C@H](C(C)C)N)N,CO,C1CCN2C(=NCCC2)CC1,10.0,20.0,2000.0,2.134199337489806,outer
CCOC(OCC)C(=O)CC(=O)c1ccccc1,CCOC(OCC)[C@H](O)CC(=O)c1ccccc1,2019,Ru,CC1(C)Oc2c(O1)c(c1c3OC(Oc3ccc1P(c1ccccc1)c1ccccc1)(C)C)c(cc2)P(c1ccccc1)c1ccccc1,C1CCCO1,[O-1]C(=O)[O-1].[Ca+2],20.0,70.0,200.0,2.132446803819167,inner
CC(=O)CC(=O)COCc1ccccc1,CC(=O)C[C@@H](O)COCc1ccccc1,2019,Ru,c1ccc(cc1)P(c1ccc2c(c1c1c3OCOc3ccc1P(c1ccccc1)c1ccccc1)OCO2)c1ccccc1,C1CCCO1,,20.0,70.0,200.0,2.132446803819167,inner
CCCCCCCCCC(=O)C#C[Si](C)(C)C,CCCCCCCCC[C@H](O)C#C[Si](C)(C)C,2013,Ru,Cc1ccc(cc1)S(=O)(=O)N[C@H]([C@H](c1ccccc1)N)c1ccccc1,CO,,10.0,50.0,200.0,2.1299156761403486,outer
CC(=O)c1ccccc1,C[C@H](O)c1ccccc1,2010,Ru,CC1(C)O[C@@H]([C@H](O1)CP(c1ccccc1)c1ccccc1)CP(c1ccccc1)c1ccccc1.COc1ccc2c(c1)[nH]c(n2)[C@@H](N)C,Cc1ccccc1.CC(O)(C)C,[O-1]C(C)(C)C.[K+],8.0,50.0,1000.0,2.1299156761403486,outer
CC(=O)c1ccccc1,C[C@@H](O)c1ccccc1,2011,Ru,Cc1cc(C)cc(c1)P(c1ccc2c(c1c1c(ccc3c1cccc3)P(c1cc(C)cc(c1)C)c1cc(C)cc(c1)C)cccc2)c1cc(C)cc(c1)C.COc1ccc(cc1)C(c1ccc(cc1)OC)([C@H](C(C)C)N)N,CO,[O-1]C(C)(C)C.[K+],50.0,35.0,33003.300330033,2.128608776961187,outer
CC(=O)c1ccccc1Br,C[C@H](O)c1ccccc1Br,2021,Ru,COc1ccccc1P(c1ccccc1OC)c1ccccc1OC.C=CC1CN2CCC1CC2[C@@H](c1ccnc2c1cccc2)N,CCCO,[Li+].[OH-1],60.0,30.0,250.0,2.1151139535978047,outer
COc1ccc(C(=O)C(=O)O)cc1,COc1ccc([C@H](O)C(=O)O)cc1,2017,Ru,CC([C@H]1COC(=N1)C12C3[Ru-2]4567892(C1(P(c1ccccc1)c1ccccc1)C5C34)C1C6C9(C8(C71)P(c1ccccc1)c1ccccc1)C1=N[C@H](CO1)C(C)(C)C)(C)C.c1ccc(cc1)P(c1ccccc1)c1ccccc1,CO,[O-1]C(=O)C.[Na+].c1ccc(cc1)P(c1ccccc1)c1ccccc1,40.0,0.0,50.0,2.112494379713145,inner
O=C(/C=C/c1ccccc1)c1ccc(F)cc1,O[C@@H](/C=C/c1ccccc1)c1ccc(F)cc1,2008,Ru,Cc1ccc(cc1)P(c1ccc2c(c1c1c(ccc3c1cccc3)P(c1ccc(cc1)C)c1ccc(cc1)C)cccc2)c1ccc(cc1)C.N[C@H](c1ccccc1)CN(C)C,CC(O)C,[O-1]C(C)(C)C.[K+],8.0,0.0,1000.0,2.112494379713145,outer
Cc1ccccc1C(=O)c1ccccc1,Cc1ccccc1[C@@H](O)c1ccccc1,2023,Ru,CC([C@H]1COC(=N1)C12C3[Ru]4567891(C2(C7C34)P(c1ccccc1)c1ccccc1)C1C5C9(C8(C61)P(c1ccccc1)c1ccccc1)C1=N[C@H](CO1)C(C)(C)C)(C)C.c1ccc(cc1)P(c1ccccc1)c1ccccc1,C1CCCO1,[K+].[OH-1],40.0,0.0,100.0,2.112494379713145,inner
CC(=O)c1ccccc1,C[C@H](O)c1ccccc1,2021,Ru,COc1ccccc1P(c1ccccc1OC)c1ccccc1OC.C=CC1CN2CCC1CC2[C@@H](c1ccnc2c1cccc2)N,CCCO,[Na+].[OH-1],60.0,25.0,500.0,2.1016292523548796,outer
O=C(CCl)c1cccc(Cl)c1,O[C@@H](CCl)c1cccc(Cl)c1,2006,Ru,Cc1ccc(cc1)S(=O)(=O)ONC(C(c1ccccc1)N)c1ccccc1.Cc1ccc(cc1)C(C)C,CO,,10.0,30.0,1000.0,2.094070260378984,outer
COC(=O)c1ccc(C(=O)CCl)cc1,COC(=O)c1ccc([C@@H](O)CCl)cc1,2006,Ru,Cc1ccc(cc1)S(=O)(=O)ONC(C(c1ccccc1)N)c1ccccc1.Cc1ccc(cc1)C(C)C,CO,,10.0,30.0,1000.0,2.094070260378984,outer
O=C(CCNc1ccccc1Br)c1ccccc1,O[C@H](CCNc1ccccc1Br)c1ccccc1,2025,Ru,Cc1cc(C)c(c(c1)C)[C@H](c1ccccc1)NCCP(c1ccccc1)c1ccccc1.CP(CCP(C)C)C,C1CCCO1,[K+].[O-1]C,50.0,30.0,100.0,2.094070260378984,outer
Cc1cccc(NCCC(=O)c2ccccc2)c1,Cc1cccc(NCC[C@@H](O)c2ccccc2)c1,2025,Ru,Cc1cc(C)c(c(c1)C)[C@H](c1ccccc1)NCCP(c1ccccc1)c1ccccc1.CP(CCP(C)C)C,C1CCCO1,[K+].[O-1]C,50.0,30.0,100.0,2.094070260378984,outer
COc1ccccc1NCCC(=O)c1ccccc1,COc1ccccc1NCC[C@@H](O)c1ccccc1,2025,Ru,Cc1cc(C)c(c(c1)C)[C@H](c1ccccc1)NCCP(c1ccccc1)c1ccccc1.CP(CCP(C)C)C,C1CCCO1,[K+].[O-1]C,50.0,30.0,100.0,2.094070260378984,outer
O=C(CCNc1ccccc1)c1ccccc1,O[C@H](CCNc1ccccc1)c1ccccc1,2025,Ru,Cc1cc(C)c(c(c1)C)[C@H](c1ccccc1)NCCP(c1ccccc1)c1ccccc1.CP(CCP(C)C)C,C1CCCO1,[K+].[O-1]C,50.0,30.0,100.0,2.094070260378984,outer
COc1ccc(NCCC(=O)c2ccccc2)cc1,COc1ccc(NCC[C@@H](O)c2ccccc2)cc1,2025,Ru,Cc1cc(C)c(c(c1)C)[C@H](c1ccccc1)NCCP(c1ccccc1)c1ccccc1.CP(CCP(C)C)C,C1CCCO1,[K+].[O-1]C,50.0,30.0,100.0,2.094070260378984,outer
O=C(CCN1CCN(c2ccccc2)CC1)c1ccccc1,O[C@H](CCN1CCN(c2ccccc2)CC1)c1ccccc1,2025,Ru,CC(c1cc(cc(c1[C@H](c1ccccc1)NCCP(c1ccccc1)c1ccccc1)C(C)C)C(C)C)C.CP(CCP(C)C)C,C1CCCO1,[K+].[O-1]C,50.0,30.0,100.0,2.094070260378984,outer
Cc1ccc(C(=O)CBr)cc1,Cc1ccc([C@@H](O)CBr)cc1,2015,Ru,C[N+]1(CCCC1)C[C@@H]1COC(=N1)C12C3[Fe]4567891(C2(C9C34)P(c1ccccc1)c1ccccc1)C1C7C6C5C81,Cc1ccccc1.O,[K+].[OH-1],20.0,30.0,200.0,2.094070260378984,inner
CC(=O)Oc1ccc(C(C)=O)cc1,CC(=O)Oc1ccc([C@H](C)O)cc1,2023,Ru,Cc1cc(C)cc(c1)P(c1ccc2c(c1c1c(ccc3c1cccc3)P(c1cc(C)cc(c1)C)c1cc(C)cc(c1)C)cccc2)c1cc(C)cc(c1)C.COc1ccc(cc1)C(c1ccc(cc1)OC)([C@@H](C(C)C)N)N,Cc1ccccc1,C1CN2CCN1CC2,10.0,40.0,1000.0,2.092229172593992,outer
CC(=O)c1ccccc1,C[C@@H](O)c1ccccc1,2012,Ru,Cc1ccc(cc1)S(=O)(=O)c1ccc(cc1)S(=O)(=O)N[C@@H]([C@@H](c1ccccc1)NCCc1ccccc1)c1ccccc1,CO,,30.0,50.0,500.0,2.083945164717179,outer
COC(=O)C(=O)c1ccccc1,COC(=O)[C@H](O)c1ccccc1,2005,Ru,CC1(C)Oc2c(O1)c(c1c3OC(Oc3ccc1P(c1ccccc1)c1ccccc1)(C)C)c(cc2)P(c1ccccc1)c1ccccc1,CO,[Cu+2].[Cl-1].[Cl-1],50.0,70.0,100.0,2.083261274074603,inner
CCC(=O)c1ccccc1,CC[C@H](O)c1ccccc1,2004,Ru,OP(=O)(c1cc(P(c2ccccc2)c2ccccc2)c(c2c1cccc2)c1c(cc(c2c1cccc2)P(=O)(O)O)P(c1ccccc1)c1ccccc1)O.N[C@@H]([C@@H](c1ccccc1)N)c1ccccc1,CC(O)C,[O-1]C(C)(C)C.[K+],47.62,25.0,1000.0,2.0802283531756074,outer
COc1ccc(C(=O)CN2C(=O)c3ccccc3C2=O)cc1,COc1ccc([C@@H](O)CN2C(=O)c3ccccc3C2=O)cc1,2005,Ru,c1ccc(cc1)P(c1cc(c2ccccc2)c2c(c1c1c(cc(c3c1cccc3)c1ccccc1)P(c1ccccc1)c1ccccc1)cccc2)c1ccccc1,CCO,,102.04,80.0,100.0,2.073769826619119,inner
CC(=O)c1ccc2ccccc2c1,C[C@H](O)c1ccc2ccccc2c1,2004,Ru,Cc1ccc2c(c1)c(C)cc(c2c1c(cc(c2c1ccc(c2)C)C)P(c1cc(C)cc(c1)C)c1cc(C)cc(c1)C)P(c1cc(C)cc(c1)C)c1cc(C)cc(c1)C.N[C@@H]([C@@H](c1ccccc1)N)c1ccccc1,CC(O)C,[O-1]C(C)(C)C.[K+],48.3,25.0,1000.0,2.0697950123805064,outer
CC(=O)c1ccccc1,C[C@H](O)c1ccccc1,2004,Ru,CCOP(=O)(c1cc(P(c2ccccc2)c2ccccc2)c(c2c1cccc2)c1c(cc(c2c1cccc2)P(=O)(OCC)OCC)P(c1ccccc1)c1ccccc1)OCC.N[C@@H]([C@@H](c1ccccc1)N)c1ccccc1,CC(O)C,[O-1]C(C)(C)C.[K+],47.62,25.0,1000.0,2.0697950123805064,outer
CC(=O)c1ccccc1,C[C@H](O)c1ccccc1,2021,Ru,COc1ccccc1P(c1ccccc1OC)c1ccccc1OC.C=CC1CN2CCC1CC2[C@@H](c1ccnc2c1cccc2)N,CCCO,[K+].[OH-1],60.0,25.0,500.0,2.0697950123805064,outer
O=C(CN1C(=O)c2ccccc2C1=O)c1ccc2ccccc2c1,O=C1c2ccccc2C(=O)N1C[C@H](O)c1ccc2ccccc2c1,2005,Ru,Brc1cc(P(c2ccccc2)c2ccccc2)c(c2c1cccc2)c1c(cc(c2c1cccc2)Br)P(c1ccccc1)c1ccccc1,CCO,,102.04,80.0,100.0,2.0663474445789514,inner
COc1cccc(C(=O)c2cc(Cl)ccc2N)c1OC,COc1cccc([C@@H](O)c2cc(Cl)ccc2N)c1OC,2011,Ru,CN(c1c(C)cc(cc1C)P(c1ccc2c(c1c1c(ccc3c1cccc3)P(c1cc(C)c(c(c1)C)N(C)C)c1cc(C)c(c(c1)C)N(C)C)cccc2)c1cc(C)c(c(c1)C)N(C)C)C.N[C@H]([C@H](c1ccccc1)N)c1ccccc1,CC(O)C.C1CCCO1,[OH-1].[K+],1.0,40.0,1000.0,2.064004623188458,outer
CCOc1cccc(OCC)c1C(C)=O,CCOc1cccc(OCC)c1[C@H](C)O,2018,Ru,C[C@H](P(c1cc(C)cc(c1)C)c1cc(C)cc(c1)C)C[C@@H](P(c1cc(C)cc(c1)C)c1cc(C)cc(c1)C)C.NCc1ncc(cc1C)C,CC(O)C,[O-1]C(C)(C)C.[K+],10.0,40.0,500.0,2.064004623188458,outer
CC(=O)c1c(C)c(C)c(C)c(C)c1C,Cc1c(C)c(C)c([C@H](C)O)c(C)c1C,2018,Ru,C[C@H](P(c1cc(C)cc(c1)C)c1cc(C)cc(c1)C)C[C@@H](P(c1cc(C)cc(c1)C)c1cc(C)cc(c1)C)C.NCc1ncc(cc1C)C,CC(O)C,[O-1]C(C)(C)C.[K+],10.0,40.0,200.0,2.064004623188458,outer
CC(=O)c1ccccc1,C[C@@H](O)c1ccccc1,2012,Ru,Cc1ccc(cc1)S(=O)(=O)c1ccc(cc1)S(=O)(=O)N[C@@H]([C@@H](c1ccccc1)NCCc1ccccc1)c1ccccc1,CO,,15.0,60.0,500.0,2.062123065908671,outer
O=C1CN2CCC1CC2,O[C@@H]1CN2CCC1CC2,2011,Ru,Cc1cc(C)cc(c1)P(c1ccc2c(c1c1c(ccc3c1cccc3)P(c1cc(C)cc(c1)C)c1cc(C)cc(c1)C)cccc2)c1cc(C)cc(c1)C.COc1ccc(cc1)C(c1ccc(cc1)OC)([C@H](C(C)C)N)N,CC(O)C,[O-1]C(C)(C)C.[K+],30.0,10.0,99999.99999999999,2.061397040457918,outer
Cc1cccc(C(=O)c2ccccc2C)c1,Cc1cccc([C@H](O)c2ccccc2C)c1,2023,Ru,CC([C@H]1COC(=N1)C12C3[Ru]4567891(C2(C7C34)P(c1ccccc1)c1ccccc1)C1C5C9(C8(C61)P(c1ccccc1)c1ccccc1)C1=N[C@H](CO1)C(C)(C)C)(C)C.c1ccc(cc1)P(c1ccccc1)c1ccccc1,C1CCCO1,[K+].[OH-1],40.0,10.0,100.0,2.061397040457918,inner
O=C1CN2CCC1CC2,O[C@@H]1CN2CCC1CC2,2011,Ru,Cc1cc(C)cc(c1)P(c1ccc2c(c1c1c(ccc3c1cccc3)P(c1cc(C)cc(c1)C)c1cc(C)cc(c1)C)cccc2)c1cc(C)cc(c1)C.COc1ccc(cc1)C(c1ccc(cc1)OC)([C@H](C(C)C)N)N,CC(O)C,[O-1]C(C)(C)C.[K+],30.0,10.0,49999.99999999999,2.061397040457918,outer
CC(=O)c1cccs1,C[C@H](O)c1cccs1,2011,Ru,Brc1ccc2c(c1)[C@H](NC2)[C@H]1NCc2c1cc(Br)cc2.c1ccc(cc1)P(C12C3[Fe]4567892(C1C5C34)C1C6C7C9(C81)P(c1ccccc1)c1ccccc1)c1ccccc1,CCCO,[K+].[O-1]C(C)(C)C,10.0,25.0,1000.0,2.059531743796781,outer
CC(=O)c1ccc(C(C)(C)C)cc1,C[C@@H](O)c1ccc(C(C)(C)C)cc1,2025,Ru,OC[C@@H](NC(=O)CN[C@@H](C12C3[Fe]4567891(C2(C8C34)P(c1ccccc1)c1ccccc1)C1C5C6C9(C71)P(c1ccccc1)c1ccccc1)C)C,CC(O)C,[Na+].[O-1]C(C)(C)C,10.0,25.0,1000.0,2.059531743796781,outer
CC(=O)c1ccccc1,C[C@H](O)c1ccccc1,2011,Ru,c1ccc2c(c1)[C@H](NC2)[C@H]1NCc2c1cccc2.c1ccc(cc1)P(C12C3[Fe]4567892(C1C5C34)C1C6C7C9(C81)P(c1ccccc1)c1ccccc1)c1ccccc1,CCCO,[K+].[O-1]C(C)(C)C,10.0,25.0,1000.0,2.059531743796781,outer
O=C1CCC/C1=C\c1ccc(F)cc1,O[C@@H]1CCC/C1=C\c1ccc(F)cc1,2019,Ru,CC([C@H]1COC(=N1)C12C3[Ru]4567891(C2(C7C34)P(c1ccccc1)c1ccccc1)C1C5C9(C8(C61)P(c1ccccc1)c1ccccc1)C1=N[C@H](CO1)C(C)(C)C)(C)C,CO,C1CCN2C(=NCCC2)CC1,2.0,25.0,100.0,2.059531743796781,inner
CC(=O)c1ccc(C(C)(C)C)cc1,C[C@H](O)c1ccc(C(C)(C)C)cc1,2004,Ru,c1ccc(cc1)P(c1ccc2c(c1c1c(ccc3c1cccc3)P(c1ccccc1)c1ccccc1)cccc2)c1ccccc1.N[C@@H]([C@@H](c1ccccc1)N)c1ccccc1,CC(O)C,[O-1]C(C)(C)C.[K+],47.62,25.0,1000.0,2.059531743796781,outer
CC(=O)c1cccc2ccccc12,C[C@@H](O)c1cccc2ccccc12,2010,Ru,N(CC1=NC2C(O1)Cc1c2cccc1)CC1=NC2C(O1)Cc1c2cccc1,CC(O)C,[O-1]C(C)(C)C.[K+],5.0,25.0,100.0,2.059531743796781,outer
CC(=O)c1cccc2ccccc12,C[C@H](O)c1cccc2ccccc12,2011,Ru,Brc1ccc2c(c1)[C@H](NC2)[C@H]1NCc2c1cc(Br)cc2.c1ccc(cc1)P(C12C3[Fe]4567892(C1C5C34)C1C6C7C9(C81)P(c1ccccc1)c1ccccc1)c1ccccc1,CCCO,[K+].[O-1]C(C)(C)C,50.0,25.0,1000.0,2.059531743796781,outer
O=C(CCCCc1ccccc1)c1ccccc1,O[C@H](CCCCc1ccccc1)c1ccccc1,2006,Ru,c1ccc(cc1)c1cc2ccccc2c(c1NCc1ccccn1)c1c(NCc2ccccn2)c(cc2c1cccc2)c1ccccc1,CC(O)C,[O-1]C(C)(C)C.[K+],50.0,25.0,1000.0,2.059531743796781,outer
CCCCCCC(=O)/C=C(\C)c1ccccc1,CCCCCC[C@H](O)/C=C(\C)c1ccccc1,2014,Ru,c1ccc(cc1)P(c1ccccc1Oc1ccccc1P(c1ccccc1)c1ccccc1)c1ccccc1.c1ccc2c(c1)[C@H](NC2)[C@@H]1NCc2c1cccc2,CC(O)C,[O-1]C(C)(C)C.[K+],10.0,25.0,1000.0,2.059531743796781,outer
CC(=O)c1ccccc1,C[C@@H](O)c1ccccc1,2006,Ru,c1ccc(cc1)c1cc2ccccc2c(c1NCc1ccccn1)c1c(NCc2ccccn2)c(cc2c1cccc2)c1ccccc1,CC(O)C,,50.0,25.0,1000.0,2.059531743796781,outer
CN(CC(=O)c1ccccc1)C(=O)c1ccccc1,CN(C[C@H](O)c1ccccc1)C(=O)c1ccccc1,2000,Ru,Cc1cc(C)cc(c1)P(c1ccc2c(c1c1c(ccc3c1cccc3)P(c1cc(C)cc(c1)C)c1cc(C)cc(c1)C)cccc2)c1cc(C)cc(c1)C.COc1ccc(cc1)C(c1ccc(cc1)OC)(C(C(C)C)N)N,CC(O)C,[O-1]C(C)(C)C.[K+],8.0,25.0,2500.0,2.059531743796781,outer
CC(=O)c1ccccc1,C[C@@H](O)c1ccccc1,2006,Ru,c1ccc(cc1)c1cc2ccccc2c(c1NCc1ccccn1)c1c(NCc2ccccn2)c(cc2c1cccc2)c1ccccc1,CC(O)C,[O-1]C(C)(C)C.[K+],0.0,25.0,1000.0,2.059531743796781,outer
COc1ccccc1C(=O)c1ccccn1,COc1ccccc1[C@H](O)c1ccccn1,2025,Ru,Cc1ccccc1[C@H](c1ccccn1)N[C@H](C12C3[Fe]4567891(C2(C8C34)P(c1ccccc1)c1ccccc1)C1C5C6C9(C71)P(c1ccccc1)c1ccccc1)C,COC(C)(C)C,C1CN=C2N(C1)CCC2,50.0,25.0,33.333333333333336,2.059531743796781,outer
COc1ccc(C(C)=O)cc1,COc1ccc([C@@H](C)O)cc1,2005,Ru,CCCC[C@H]1C=Cc2c(N1p1oc3ccc4c(c3c3c(o1)ccc1c3cccc1)cccc4)c(ccc2)P(c1ccccc1)c1ccccc1.N[C@H]([C@H](c1ccccc1)N)c1ccccc1,ClCCl.CO,[O-1]C(C)(C)C.[Na+],30.0,25.0,500.0,2.059531743796781,outer
CC(=O)c1ccc(Cl)s1,C[C@H](O)c1ccc(Cl)s1,2004,Ru,C1C[C@@H]([C@@H](C1)P(c1ccccc1)c1ccccc1)[C@H]1CCC[C@H]1P(c1ccccc1)c1ccccc1.NCC(N)(C)C,CCO,[O-1]C(C)(C)C.[Na+],7.0,25.0,200.0,2.059531743796781,outer
CC(=O)c1ccc(Br)s1,C[C@H](O)c1ccc(Br)s1,2004,Ru,C1C[C@@H]([C@@H](C1)P(c1ccccc1)c1ccccc1)[C@H]1CCC[C@H]1P(c1ccccc1)c1ccccc1.NCC(N)(C)C,CCO,[O-1]C(C)(C)C.[Na+],7.0,25.0,200.0,2.059531743796781,outer
CC(=O)/C=C/c1ccc(Cl)cc1,C[C@H](O)/C=C/c1ccc(Cl)cc1,2014,Ru,c1ccc(cc1)P(c1ccccc1Oc1ccccc1P(c1ccccc1)c1ccccc1)c1ccccc1.c1ccc2c(c1)[C@H](NC2)[C@@H]1NCc2c1cccc2,CC(O)C,[O-1]C(C)(C)C.[K+],10.0,25.0,1000.0,2.059531743796781,outer
O=C1CCCC/C1=C\c1ccccc1,O[C@H]1CCCC/C1=C\c1ccccc1,2014,Ru,c1ccc(cc1)P(c1ccccc1Oc1ccccc1P(c1ccccc1)c1ccccc1)c1ccccc1.c1ccc2c(c1)[C@H](NC2)[C@@H]1NCc2c1cccc2,CC(O)C,[O-1]C(C)(C)C.[K+],10.0,25.0,1000.0,2.059531743796781,outer
CC(=O)c1ccc(F)cc1,C[C@@H](O)c1ccc(F)cc1,2005,Ru,CCCC[C@H]1C=Cc2c(N1p1oc3ccc4c(c3c3c(o1)ccc1c3cccc1)cccc4)c(ccc2)P(c1ccccc1)c1ccccc1.N[C@H]([C@H](c1ccccc1)N)c1ccccc1,ClCCl.CO,[O-1]C(C)(C)C.[Na+],30.0,25.0,500.0,2.059531743796781,outer
O=C(c1ccc(Br)cc1)c1ccccn1,O[C@@H](c1ccc(Br)cc1)c1ccccn1,2025,Ru,Cc1ccccc1[C@H](c1ccccn1)N[C@H](C12C3[Fe]4567891(C2(C8C34)P(c1ccccc1)c1ccccc1)C1C5C6C9(C71)P(c1ccccc1)c1ccccc1)C,COC(C)(C)C,C1CN=C2N(C1)CCC2,50.0,25.0,33.333333333333336,2.059531743796781,outer
CC(=O)c1ccc(C)cc1,Cc1ccc([C@@H](C)O)cc1,2005,Ru,CCCC[C@H]1C=Cc2c(N1p1oc3ccc4c(c3c3c(o1)ccc1c3cccc1)cccc4)c(ccc2)P(c1ccccc1)c1ccccc1.N[C@H]([C@H](c1ccccc1)N)c1ccccc1,ClCCl.CO,[O-1]C(C)(C)C.[Na+],30.0,25.0,500.0,2.059531743796781,outer
CN(C)CCC(=O)c1cccs1,CN(C)CC[C@H](O)c1cccs1,2011,Ru,Brc1ccc2c(c1)[C@H](NC2)[C@H]1NCc2c1cc(Br)cc2.c1ccc(cc1)P(C12C3[Fe]4567892(C1C5C34)C1C6C7C9(C81)P(c1ccccc1)c1ccccc1)c1ccccc1,CCCO,[K+].[O-1]C(C)(C)C,50.0,25.0,1000.0,2.059531743796781,outer
O=C(CCNCc1ccccc1)c1ccccc1,O[C@H](CCNCc1ccccc1)c1ccccc1,2015,Ru,CC([C@H]1COC(=N1)C12C3[Ru]4567891(C2(C7C34)P(c1ccccc1)c1ccccc1)C1C5C9(C8(C61)P(c1ccccc1)c1ccccc1)C1=N[C@H](CO1)C(C)(C)C)(C)C.c1ccc(cc1)P(c1ccccc1)c1ccccc1,CO,[OH-1].[K+],50.0,25.0,200.0,2.059531743796781,inner
CC(=O)c1ccccc1,C[C@@H](O)c1ccccc1,2010,Ru,N(CC1=NC2C(O1)Cc1c2cccc1)CC1=NC2C(O1)Cc1c2cccc1,CC(O)C,[Na+].[O-1]C(C)C,5.0,25.0,100.0,2.059531743796781,outer
CC(=O)c1ccccc1,C[C@@H](O)c1ccccc1,2025,Ru,OC[C@@H](NC(=O)CN[C@@H](C12C3[Fe]4567891(C2(C8C34)P(c1ccccc1)c1ccccc1)C1C5C6C9(C71)P(c1ccccc1)c1ccccc1)C)C,CC(O)C,[Na+].[O-1]C(C)(C)C,10.0,25.0,1000.0,2.059531743796781,outer
O=C(c1ccccc1)c1ccccn1,O[C@@H](c1ccccc1)c1ccccn1,2025,Ru,Cc1ccccc1[C@H](c1ccccn1)N[C@H](C12C3[Fe]4567891(C2(C8C34)P(c1ccccc1)c1ccccc1)C1C5C6C9(C71)P(c1ccccc1)c1ccccc1)C,COC(C)(C)C,C1CN=C2N(C1)CCC2,50.0,25.0,33.333333333333336,2.059531743796781,outer
O=C(c1ccc(F)cc1)c1ccccn1,O[C@@H](c1ccc(F)cc1)c1ccccn1,2025,Ru,Cc1ccccc1[C@H](c1ccccn1)N[C@H](C12C3[Fe]4567891(C2(C8C34)P(c1ccccc1)c1ccccc1)C1C5C6C9(C71)P(c1ccccc1)c1ccccc1)C,COC(C)(C)C,C1CN=C2N(C1)CCC2,50.0,25.0,33.333333333333336,2.059531743796781,outer
CC(=O)c1ccccc1Br,C[C@H](O)c1ccccc1Br,2006,Ru,O=C(c1ccccc1P(c1ccccc1)c1ccccc1)c1ccccc1P(c1ccccc1)c1ccccc1.NC(C(c1ccccc1)N)c1ccccc1,CCO,[O-1]C(C)(C)C.[K+],20.0,25.0,1000.0,2.059531743796781,outer
CC(=O)c1ccccc1C,Cc1ccccc1[C@@H](C)O,2006,Ru,c1ccc(cc1)P(c1ccc2c(c1c1c(ccc3c1cccc3)P(c1ccccc1)c1ccccc1)cccc2)c1ccccc1.N[C@H]([C@H](c1ccccc1)N)c1ccccc1,CC(O)C,[K+].[OH-1],15.0,25.0,250.0,2.059531743796781,outer
CC(C)(C)c1ccc(C(=O)CCNc2ccccc2)cc1,CC(C)(C)c1ccc([C@H](O)CCNc2ccccc2)cc1,2015,Ru,CC([C@H]1COC(=N1)C12C3[Ru]4567891(C2(C7C34)P(c1ccccc1)c1ccccc1)C1C5C9(C8(C61)P(c1ccccc1)c1ccccc1)C1=N[C@H](CO1)C(C)(C)C)(C)C.c1ccc(cc1)P(c1ccccc1)c1ccccc1,CCO,C1CCN2C(=NCCC2)CC1,50.0,25.0,200.0,2.059531743796781,inner
CC(=O)c1ccccc1,C[C@@H](O)c1ccccc1,2010,Ru,N(CC1=NC2C(O1)Cc1c2cccc1)CC1=NC2C(O1)Cc1c2cccc1,CC(O)C,[O-1]C(C)(C)C.[K+],30.0,25.0,100.0,2.059531743796781,outer
CC(=O)c1ccccc1,C[C@H](O)c1ccccc1,2013,Ru,c1ccc2c(c1)[C@H](NC2)[C@H]1NCc2c1cccc2.c1ccc(cc1)P(c1ccccc1)c1ccccc1,CC(O)C,[K+].[O-1]C(C)(C)C,10.0,25.0,,2.059531743796781,outer
O=C1CCCc2ccccc21,O[C@H]1CCCc2ccccc21,2013,Ru,c1ccc2c(c1)[C@H](NC2)[C@H]1NCc2c1cccc2.c1ccc(cc1)P(c1ccccc1)c1ccccc1,CC(O)C,[K+].[O-1]C(C)(C)C,50.0,25.0,,2.059531743796781,outer
CCCCCCCCC(=O)c1ccccc1,CCCCCCCC[C@@H](O)c1ccccc1,2006,Ru,c1ccc(cc1)c1cc2ccccc2c(c1NCc1ccccn1)c1c(NCc2ccccn2)c(cc2c1cccc2)c1ccccc1,CC(O)C,[O-1]C(C)(C)C.[K+],50.0,25.0,1000.0,2.059531743796781,outer
CC(=O)c1ccccc1Cl,C[C@H](O)c1ccccc1Cl,2023,Ru,CCCCCN[C@H](c1ccnc2c1cccc2)[C@H]1CC2CCN1CC2C=C.C1CCC(CC1)P(C1CCCCC1)C1CCCCC1,CCO,[Ba+2].[OH-1].[OH-1],60.0,25.0,1000.0,2.0494329194507146,outer
CC(=O)c1ccc2ccccc2c1,C[C@H](O)c1ccc2ccccc2c1,2004,Ru,CCOP(=O)(c1cc(P(c2ccccc2)c2ccccc2)c(c2c1cccc2)c1c(cc(c2c1cccc2)P(=O)(OCC)OCC)P(c1ccccc1)c1ccccc1)OCC.N[C@@H]([C@@H](c1ccccc1)N)c1ccccc1,CC(O)C,[O-1]C(C)(C)C.[K+],47.62,25.0,1000.0,2.0494329194507146,outer
COC(=O)CC(=O)c1ccccc1,COC(=O)C[C@H](O)c1ccccc1,2004,Ru,c1ccc(cc1)P(c1ccc2c(c1c1c3OCCOc3ccc1P(c1ccccc1)c1ccccc1)OCCO2)c1ccccc1,CO,,19.74,50.0,100.0,2.040830742934333,inner
CC(=O)C#Cc1ccccc1,C[C@H](O)C#Cc1ccccc1,2013,Ru,Cc1ccc(cc1)S(=O)(=O)N[C@H]([C@H](c1ccccc1)N)c1ccccc1,CO,,10.0,50.0,200.0,2.040830742934333,outer
CC(=O)C(F)(F)F,C[C@@H](O)C(F)(F)F,2012,Ru,Cc1ccc(cc1)S(=O)(=O)c1ccc(cc1)S(=O)(=O)N[C@H]([C@H](c1ccccc1)NCCc1ccccc1)c1ccccc1,CO,,30.0,50.0,500.0,2.040830742934333,outer
O=C1CCCc2ccccc21,O[C@@H]1CCCc2ccccc21,2020,Ru,C[C@H](c1cccc2c1cccc2)N1CC[N+](=[C-1]1)[C@@H](c1cccc2c1cccc2)C.N[C@@H]([C@@H](c1ccc(cc1)C)N)c1ccc(cc1)C,CC(O)C,[O-1]C(C)(C)C.[Na+],7.5,22.0,3333.3333333333335,2.038808633847459,outer
COCC(=O)c1ccccc1,COC[C@@H](O)c1ccccc1,2004,Ru,COc1c(C)cc(cc1C)P([C@H]1CCC[C@H]1[C@@H]1CCC[C@@H]1P(c1cc(C)c(c(c1)C)OC)c1cc(C)c(c(c1)C)OC)c1cc(C)c(c(c1)C)OC.NCCSC(C)(C)C,CCCCO,[O-1]C(C)(C)C.[Na+],7.0,-10.0,500.0,2.03515612674909,outer
COCC(=O)c1ccc(C(F)(F)F)cc1,COC[C@H](O)c1ccc(C(F)(F)F)cc1,2004,Ru,C1C[C@@H]([C@@H](C1)P(c1ccccc1)c1ccccc1)[C@H]1CCC[C@H]1P(c1ccccc1)c1ccccc1.NCCSC(C)(C)C,CCCCO,[O-1]C(C)(C)C.[Na+],7.0,-10.0,500.0,2.03515612674909,outer
COc1ccc(C(C)=O)cc1,COc1ccc([C@@H](C)O)cc1,2012,Ru,Cc1ccc(cc1)S(=O)(=O)c1ccc(cc1)S(=O)(=O)N[C@@H]([C@@H](c1ccccc1)NCCc1ccccc1)c1ccccc1,CO,,30.0,60.0,500.0,2.030294991806482,outer
CC(=O)c1ccccc1F,C[C@@H](O)c1ccccc1F,2010,Ru,c1ccc(cc1)P(c1ccc2c(c1c1c(ccc3c1cccc3)P(c1ccccc1)c1ccccc1)cccc2)c1ccccc1.CN[C@H]1CCCC[C@@H]1NC,CC(O)C,[OH-1].[K+],30.0,20.0,3003.003003003003,2.0249932272145776,outer
O=C(CN1C(=O)c2ccccc2C1=O)c1cccc2ccccc12,O=C1c2ccccc2C(=O)N1C[C@H](O)c1cccc2ccccc12,2005,Ru,Brc1cc(P(c2ccccc2)c2ccccc2)c(c2c1cccc2)c1c(cc(c2c1cccc2)Br)P(c1ccccc1)c1ccccc1,CCO,,102.04,80.0,100.0,2.0232358559612207,inner
CC(C)CC(=O)CO,CC(C)C[C@@H](O)CO,2009,Ru,C[C@@H]1CC[C@H](P1c1c(C)sc(c1P(c1ccccc1C)c1ccccc1C)C)C,CO,[H+].[Br-1],49.35,60.0,100.0,2.0225513433132853,inner
O=C(CO)c1cccc2ccccc12,OC[C@H](O)c1cccc2ccccc12,2009,Ru,C[C@@H]1CC[C@H](P1c1c(C)sc(c1P(c1ccccc1C)c1ccccc1C)C)C,CO,[H+].[Br-1],49.35,60.0,100.0,2.0225513433132853,inner
COc1ccccc1C(C)=O,COc1ccccc1[C@H](C)O,2000,Ru,Cc1cc(C)cc(c1)P(c1cc2CCc3ccc(CCc1cc2)cc3P(c1cc(C)cc(c1)C)c1cc(C)cc(c1)C)c1cc(C)cc(c1)C.N[C@@H]([C@@H](c1ccccc1)N)c1ccccc1,CC(O)C,[K+].[O-1]C(C)(C)C,5.5,19.0,500.0,2.018085523898137,outer
CC(=O)C1=CCCCC1,C[C@H](O)C1=CCCCC1,2000,Ru,Cc1cc(C)cc(c1)P(c1cc2CCc3ccc(CCc1cc2)cc3P(c1cc(C)cc(c1)C)c1cc(C)cc(c1)C)c1cc(C)cc(c1)C.N[C@@H]([C@@H](c1ccccc1)N)c1ccccc1,CC(O)C,[K+].[O-1]C(C)(C)C,5.5,19.0,1000.0,2.018085523898137,outer
CCCCC/C=C/C(C)=O,CCCCC/C=C/[C@H](C)O,2003,Ru,COc1nc(OC)cc(c1c1c(OC)nc(cc1P(c1cc(C)cc(c1)C)c1cc(C)cc(c1)C)OC)P(c1cc(C)cc(c1)C)c1cc(C)cc(c1)C.N[C@@H]([C@@H](c1ccccc1)N)c1ccccc1,CC(O)C,[O-1]C(=O)[O-1].[K+].[K+],23.81600435,27.5,2000.0,2.018007123031192,outer
Cc1ccc(C(=O)CN2C(=O)c3ccccc3C2=O)cc1,Cc1ccc([C@@H](O)CN2C(=O)c3ccccc3C2=O)cc1,2005,Ru,OC1(CCCC1)c1cc(P(c2ccccc2)c2ccccc2)c(c2c1cccc2)c1c(cc(c2c1cccc2)C1(O)CCCC1)P(c1ccccc1)c1ccccc1,CCO,,102.04,80.0,100.0,2.016275701318421,inner
CCC(=O)c1ccccc1,CC[C@H](O)c1ccccc1,2004,Ru,Clc1ccc2c(c1)c(cc(c2c1c(cc(c2c1ccc(c2)Cl)c1ccccc1)P(c1cc(C)cc(c1)C)c1cc(C)cc(c1)C)P(c1cc(C)cc(c1)C)c1cc(C)cc(c1)C)c1ccccc1.N[C@@H]([C@@H](c1ccccc1)N)c1ccccc1,CC(O)C,[O-1]C(C)(C)C.[K+],48.3,25.0,1000.0,2.0105787548067093,outer
CCOC(=O)C(=O)c1ccc(C)cc1,CCOC(=O)[C@H](O)c1ccc(C)cc1,2005,Ru,CC1(C)Oc2c(O1)c(c1c3OC(Oc3ccc1P(c1ccccc1)c1ccccc1)(C)C)c(cc2)P(c1ccccc1)c1ccccc1,CO,O=C1CC2C(C1(CC2)CS(=O)(=O)O)(C)C,50.0,70.0,100.0,2.007835553184956,inner
COC(=O)C(=O)c1ccccc1,COC(=O)[C@H](O)c1ccccc1,2005,Ru,CC1(C)Oc2c(O1)c(c1c3OC(Oc3ccc1P(c1ccccc1)c1ccccc1)(C)C)c(cc2)P(c1ccccc1)c1ccccc1,CO,[Cu+].[Cl-1],50.0,70.0,100.0,2.007835553184956,inner
CC(=O)c1ccccc1,C[C@H](O)c1ccccc1,2023,Ru,CCCCCN[C@H](c1ccnc2c1cccc2)[C@H]1CC2CCN1CC2C=C.C1CCC(CC1)P(C1CCCCC1)C1CCCCC1,CCO,[Ba+2].[OH-1].[OH-1],60.0,30.0,250.0,2.007073682561335,outer
COc1ccccc1C(C)=O,COc1ccccc1[C@H](C)O,2002,Ru,COc1nc(OC)cc(c1c1c(OC)nc(cc1P(c1cc(C)cc(c1)C)c1cc(C)cc(c1)C)OC)P(c1cc(C)cc(c1)C)c1cc(C)cc(c1)C,CC(O)C,[O-1]C(C)(C)C.[K+],20.41,26.5,4000.0,2.0020324814554993,outer
CC(=O)c1ccccc1,C[C@H](O)c1ccccc1,2021,Ru,COc1ccccc1P(c1ccccc1OC)c1ccccc1OC.C=CC1CN2CCC1CC2[C@@H](c1ccnc2c1cccc2)N,CCO,[Li+].[OH-1],60.0,25.0,500.0,2.001226754471145,outer
O=C(CCl)c1ccc(Cl)cc1,O[C@@H](CCl)c1ccc(Cl)cc1,2006,Ru,Cc1ccc(cc1)S(=O)(=O)ONC(C(c1ccccc1)N)c1ccccc1.Cc1ccc(cc1)C(C)C,CO,,10.0,30.0,1000.0,1.998093570236567,outer
O=C(CCl)c1cccc(C(F)(F)F)c1,O[C@@H](CCl)c1cccc(C(F)(F)F)c1,2006,Ru,Cc1ccc(cc1)S(=O)(=O)ONC(C(c1ccccc1)N)c1ccccc1.Cc1ccc(cc1)C(C)C,CO,,10.0,30.0,519.9999792000008,1.998093570236567,outer
O=C(CCN1CCN(c2ccccc2)CC1)c1ccccc1,O[C@H](CCN1CCN(c2ccccc2)CC1)c1ccccc1,2025,Ru,Cc1cc(C)c(c(c1)C)[C@H](c1ccccc1)NCCP(c1ccccc1)c1ccccc1.CP(CCP(C)C)C,C1CCCCC1,[K+].[O-1]C,50.0,30.0,100.0,1.998093570236567,outer
O=C(CCNCc1ccccc1)c1ccc(F)cc1,O[C@H](CCNCc1ccccc1)c1ccc(F)cc1,2025,Ru,Cc1cc(C)c(c(c1)C)[C@H](c1ccccc1)NCCP(c1ccccc1)c1ccccc1.CP(CCP(C)C)C,C1CCCO1,[K+].[O-1]C,50.0,30.0,100.0,1.998093570236567,outer
CC(=O)c1cc(Cl)ccc1Cl,C[C@@H](O)c1cc(Cl)ccc1Cl,2005,Ru,Brc1ccccc1p1oc2ccc3c(c2c2c(o1)ccc1c2cccc1)cccc3.N[C@H]([C@H](c1ccccc1)N)c1ccccc1,CC(O)C,[O-1]C(C)(C)C.[K+],80.0,0.0,1000.0,1.9885947434260294,outer
COc1cccc(C(=O)C(=O)O)c1,COc1cccc([C@H](O)C(=O)O)c1,2017,Ru,CC([C@H]1COC(=N1)C12C3[Ru-2]4567892(C1(P(c1ccccc1)c1ccccc1)C5C34)C1C6C9(C8(C71)P(c1ccccc1)c1ccccc1)C1=N[C@H](CO1)C(C)(C)C)(C)C.c1ccc(cc1)P(c1ccccc1)c1ccccc1,CO,[O-1]C(=O)C.[Na+].c1ccc(cc1)P(c1ccccc1)c1ccccc1,40.0,0.0,50.0,1.9885947434260294,inner
CC(C)c1ccc(C(=O)C(=O)O)cc1,CC(C)c1ccc([C@H](O)C(=O)O)cc1,2017,Ru,CC([C@H]1COC(=N1)C12C3[Ru-2]4567892(C1(P(c1ccccc1)c1ccccc1)C5C34)C1C6C9(C8(C71)P(c1ccccc1)c1ccccc1)C1=N[C@H](CO1)C(C)(C)C)(C)C.c1ccc(cc1)P(c1ccccc1)c1ccccc1,CO,[O-1]C(=O)C.[Na+].c1ccc(cc1)P(c1ccccc1)c1ccccc1,40.0,0.0,50.0,1.9885947434260294,inner
CC(=O)c1ccccc1Cl,C[C@@H](O)c1ccccc1Cl,2005,Ru,Brc1ccccc1p1oc2ccc3c(c2c2c(o1)ccc1c2cccc1)cccc3.N[C@H]([C@H](c1ccccc1)N)c1ccccc1,CC(O)C,[O-1]C(C)(C)C.[K+],60.0,0.0,2000.0,1.9885947434260294,outer
O=C(/C=C/c1ccccc1)c1ccc2ccc(O)cc2c1,Oc1ccc2ccc([C@@H](O)/C=C/c3ccccc3)cc2c1,2008,Ru,Cc1ccc(cc1)P(c1ccc2c(c1c1c(ccc3c1cccc3)P(c1ccc(cc1)C)c1ccc(cc1)C)cccc2)c1ccc(cc1)C.N[C@H](c1ccccc1)CN(C)C,CC(O)C.CC(O)C.O=CN(C)C,[O-1]C(C)(C)C.[K+],8.0,0.0,1000.0,1.9885947434260294,outer
CC(=O)c1ccccc1C,Cc1ccccc1[C@@H](C)O,2005,Ru,Brc1ccccc1p1oc2ccc3c(c2c2c(o1)ccc1c2cccc1)cccc3.N[C@H]([C@H](c1ccccc1)N)c1ccccc1,CC(O)C,[O-1]C(C)(C)C.[K+],60.0,0.0,2000.0,1.9885947434260294,outer
COc1ccc(C(=O)/C=C/c2ccccc2)cc1,COc1ccc([C@@H](O)/C=C/c2ccccc2)cc1,2008,Ru,Cc1ccc(cc1)P(c1ccc2c(c1c1c(ccc3c1cccc3)P(c1ccc(cc1)C)c1ccc(cc1)C)cccc2)c1ccc(cc1)C.N[C@H](c1ccccc1)CN(C)C,CC(O)C.O=CN(C)C,[O-1]C(C)(C)C.[K+],8.0,0.0,1000.0,1.9885947434260294,outer
Cc1ccccc1C(=O)c1ccccc1,Cc1ccccc1[C@@H](O)c1ccccc1,2000,Ru,Cc1cc(C)cc(c1)P(c1ccc2c(c1c1c(ccc3c1cccc3)P(c1cc(C)cc(c1)C)c1cc(C)cc(c1)C)cccc2)c1cc(C)cc(c1)C.COc1ccc(cc1)C(c1ccc(cc1)OC)([C@H](C(C)C)N)N,CC(O)C,[O-1]C(C)(C)C.[K+],8.0,28.0,2000.0,1.9849113596461887,outer
CC(=O)c1ccc(C)cc1,Cc1ccc([C@H](C)O)cc1,2004,Ru,CCOP(=O)(c1cc(P(c2ccccc2)c2ccccc2)c(c2c1cccc2)c1c(cc(c2c1cccc2)P(=O)(OCC)OCC)P(c1ccccc1)c1ccccc1)OCC.N[C@@H]([C@@H](c1ccccc1)N)c1ccccc1,CC(O)C,[O-1]C(C)(C)C.[K+],47.62,25.0,1000.0,1.982926341105829,outer
CC(=O)c1ccccc1,C[C@H](O)c1ccccc1,2021,Ru,COc1ccccc1P(c1ccccc1OC)c1ccccc1OC.C=CC1CN2CCC1CC2[C@@H](c1ccnc2c1cccc2)N,CCCO,[O-1]C(C)(C)C.[K+],60.0,25.0,500.0,1.982926341105829,outer
O=C(CN1C(=O)c2ccccc2C1=O)c1ccc(Cl)cc1,O=C1c2ccccc2C(=O)N1C[C@H](O)c1ccc(Cl)cc1,2005,Ru,Brc1cc(P(c2ccccc2)c2ccccc2)c(c2c1cccc2)c1c(cc(c2c1cccc2)Br)P(c1ccccc1)c1ccccc1,CCO,,102.04,80.0,100.0,1.9823693274256444,inner
O=C(c1ccccc1)C1OCCCO1,O[C@H](c1ccccc1)C1OCCCO1,2007,Ru,Cc1ccc(cc1)P(c1ccc2c(c1c1c(ccc3c1cccc3)P(c1ccc(cc1)C)c1ccc(cc1)C)cccc2)c1ccc(cc1)C.NC[C@@H](c1ccccc1)N,CC(O)C,[K+].[O-1]C(C)(C)C,8.0,27.5,1000.0,1.9816158069985945,outer
CC(=O)c1ccc(C)cc1,Cc1ccc([C@H](C)O)cc1,2023,Ru,CCCCCN[C@H](c1ccnc2c1cccc2)[C@H]1CC2CCN1CC2C=C.C1CCC(CC1)P(C1CCCCC1)C1CCCCC1,CCO,[Ba+2].[OH-1].[OH-1],60.0,30.0,1000.0,1.9804982867714007,outer
CCOc1cccc(OCC)c1C(C)=O,CCOc1cccc(OCC)c1[C@H](C)O,2018,Ru,C[C@H](P(c1cc(cc(c1)C(C)C)C(C)C)c1cc(cc(c1)C(C)C)C(C)C)C[C@@H](P(c1cc(cc(c1)C(C)C)C(C)C)c1cc(cc(c1)C(C)C)C(C)C)C.NCc1ncc(cc1C)C,CC(O)C,[O-1]C(C)(C)C.[K+],10.0,40.0,500.0,1.9776764572176584,outer
O=C(CN1C(=O)c2ccccc2C1=O)c1ccc(Br)cc1,O=C1c2ccccc2C(=O)N1C[C@H](O)c1ccc(Br)cc1,2005,Ru,c1ccc(cc1)P(c1cc(c2ccccc2)c2c(c1c1c(cc(c3c1cccc3)c1ccccc1)P(c1ccccc1)c1ccccc1)cccc2)c1ccccc1,CCO,,102.04,80.0,100.0,1.9757594409389623,inner
CC(=O)c1ccc2ccccc2c1,C[C@H](O)c1ccc2ccccc2c1,2004,Ru,OC1(CCCC1)c1cc(P(c2ccccc2)c2ccccc2)c(c2c1cccc2)c1c(cc(c2c1cccc2)C1(O)CCCC1)P(c1ccccc1)c1ccccc1.N[C@@H]([C@@H](c1ccccc1)N)c1ccccc1,CC(O)C,[O-1]C(C)(C)C.[K+],47.62,25.0,1000.0,1.9739700427368037,outer
O=C1CCC/C1=C\Cc1ccccc1,O[C@@H]1CCC/C1=C\Cc1ccccc1,2019,Ru,CC([C@H]1COC(=N1)C12C3[Ru]4567891(C2(C7C34)P(c1ccccc1)c1ccccc1)C1C5C9(C8(C61)P(c1ccccc1)c1ccccc1)C1=N[C@H](CO1)C(C)(C)C)(C)C,CO,C1CCN2C(=NCCC2)CC1,2.0,25.0,100.0,1.9651380437606216,inner
COc1ccccc1C(C)=O,COc1ccccc1[C@@H](C)O,2010,Ru,N(CC1=NC2C(O1)Cc1c2cccc1)CC1=NC2C(O1)Cc1c2cccc1,CC(O)C,[O-1]C(C)(C)C.[K+],5.0,25.0,100.0,1.9651380437606216,outer
O=C(CCNCc1ccccc1)c1ccc(-c2ccccc2)cc1,O[C@H](CCNCc1ccccc1)c1ccc(-c2ccccc2)cc1,2015,Ru,CC([C@H]1COC(=N1)C12C3[Ru]4567891(C2(C7C34)P(c1ccccc1)c1ccccc1)C1C5C9(C8(C61)P(c1ccccc1)c1ccccc1)C1=N[C@H](CO1)C(C)(C)C)(C)C.c1ccc(cc1)P(c1ccccc1)c1ccccc1,CCO,C1CCN2C(=NCCC2)CC1,50.0,25.0,200.0,1.9651380437606216,inner
CC(=O)c1ccc(CC(C)C)cc1,CC(C)Cc1ccc([C@@H](C)O)cc1,2025,Ru,OC[C@@H](NC(=O)CN[C@@H](C12C3[Fe]4567891(C2(C8C34)P(c1ccccc1)c1ccccc1)C1C5C6C9(C71)P(c1ccccc1)c1ccccc1)C)C,CC(O)C,[Na+].[O-1]C(C)(C)C,10.0,25.0,1000.0,1.9651380437606216,outer
CC(=O)c1ccc(F)cn1,C[C@H](O)c1ccc(F)cn1,2025,Ru,Cc1ccccc1[C@H](c1ccccn1)N[C@H](C12C3[Fe]4567891(C2(C8C34)P(c1ccccc1)c1ccccc1)C1C5C6C9(C71)P(c1ccccc1)c1ccccc1)C,COC(C)(C)C,C1CN=C2N(C1)CCC2,50.0,25.0,33.333333333333336,1.9651380437606216,outer
COc1ccc(C(C)=O)cc1,COc1ccc([C@H](C)O)cc1,2013,Ru,c1ccc2c(c1)[C@H](NC2)[C@H]1NCc2c1cccc2.c1ccc(cc1)P(c1ccccc1)c1ccccc1,CC(O)C,[K+].[O-1]C(C)(C)C,10.0,25.0,,1.9651380437606216,outer
CC(=O)c1ccccc1,C[C@@H](O)c1ccccc1,2010,Ru,N(CC1=NC2C(O1)Cc1c2cccc1)CC1=NC2C(O1)Cc1c2cccc1,CC(O)C,[K+].[OH-1],5.0,25.0,100.0,1.9651380437606216,outer
CC(=O)c1cccc(Cl)n1,C[C@H](O)c1cccc(Cl)n1,2025,Ru,Cc1ccccc1[C@H](c1ccccn1)N[C@H](C12C3[Fe]4567891(C2(C8C34)P(c1ccccc1)c1ccccc1)C1C5C6C9(C71)P(c1ccccc1)c1ccccc1)C,COC(C)(C)C,C1CN=C2N(C1)CCC2,50.0,25.0,33.333333333333336,1.9651380437606216,outer
O=C(c1ccccc1)C1OCCCO1,O[C@H](c1ccccc1)C1OCCCO1,2008,Ru,Cc1ccc(cc1)P(c1ccc2c(c1c1c(ccc3c1cccc3)P(c1ccc(cc1)C)c1ccc(cc1)C)cccc2)c1ccc(cc1)C.N[C@H](c1ccccc1)CN(C)C,CC(O)C,[K+].[O-1]C(C)(C)C,8.0,25.0,1000.0,1.9651380437606216,outer
CCCCCCC(=O)/C=C(\C)c1ccccc1OC,CCCCCC[C@H](O)/C=C(\C)c1ccccc1OC,2014,Ru,c1ccc(cc1)P(c1ccccc1Oc1ccccc1P(c1ccccc1)c1ccccc1)c1ccccc1.c1ccc2c(c1)[C@H](NC2)[C@@H]1NCc2c1cccc2,CC(O)C,[O-1]C(C)(C)C.[K+],10.0,25.0,1000.0,1.9651380437606216,outer
CCCCCCC(=O)/C=C(\C)c1ccc2ccccc2c1,CCCCCC[C@H](O)/C=C(\C)c1ccc2ccccc2c1,2014,Ru,c1ccc(cc1)P(c1ccccc1Oc1ccccc1P(c1ccccc1)c1ccccc1)c1ccccc1.c1ccc2c(c1)[C@H](NC2)[C@@H]1NCc2c1cccc2,CC(O)C,[O-1]C(C)(C)C.[K+],10.0,25.0,1000.0,1.9651380437606216,outer
C/C(=C\C(=O)c1ccccc1)c1ccccc1,C/C(=C\[C@@H](O)c1ccccc1)c1ccccc1,2014,Ru,c1ccc(cc1)P(c1ccccc1Oc1ccccc1P(c1ccccc1)c1ccccc1)c1ccccc1.c1ccc2c(c1)[C@H](NC2)[C@@H]1NCc2c1cccc2,CC(O)C,[O-1]C(C)(C)C.[K+],10.0,25.0,1000.0,1.9651380437606216,outer
CC(=O)/C=C(\C)c1ccccc1,C/C(=C\[C@H](C)O)c1ccccc1,2014,Ru,c1ccc(cc1)P(c1ccccc1Oc1ccccc1P(c1ccccc1)c1ccccc1)c1ccccc1.c1ccc2c(c1)[C@H](NC2)[C@@H]1NCc2c1cccc2,CC(O)C,[O-1]C(C)(C)C.[K+],10.0,25.0,49999.99999999999,1.9651380437606216,outer
CCCCCCC(=O)/C=C(\C)c1ccc(Br)cc1,CCCCCC[C@H](O)/C=C(\C)c1ccc(Br)cc1,2014,Ru,c1ccc(cc1)P(c1ccccc1Oc1ccccc1P(c1ccccc1)c1ccccc1)c1ccccc1.c1ccc2c(c1)[C@H](NC2)[C@@H]1NCc2c1cccc2,CC(O)C,[O-1]C(C)(C)C.[K+],10.0,25.0,1000.0,1.9651380437606216,outer
CN(C)CC(=O)c1ccccc1,CN(C)C[C@@H](O)c1ccccc1,2000,Ru,Cc1cc(C)cc(c1)P(c1ccc2c(c1c1c(ccc3c1cccc3)P(c1cc(C)cc(c1)C)c1cc(C)cc(c1)C)cccc2)c1cc(C)cc(c1)C.COc1ccc(cc1)C(c1ccc(cc1)OC)(C(C(C)C)N)N,CC(O)C,[O-1]C(C)(C)C.[K+],8.0,25.0,20000.0,1.9651380437606216,outer
CC(=O)c1ccccc1,C[C@H](O)c1ccccc1,2006,Ru,c1ccc(cc1)c1cc2ccccc2c(c1NCc1ccccn1)c1c(NCc2ccccn2)c(cc2c1cccc2)c1ccccc1,CC(O)C,[O-1]C(C)(C)C.[K+],50.0,25.0,1000.0,1.9651380437606216,outer
O=C1CCCc2ccccc21,O[C@H]1CCCc2ccccc21,2010,Ru,CC1(C)O[C@@H]([C@H](O1)CP(c1ccccc1)c1ccccc1)CP(c1ccccc1)c1ccccc1.COc1ccc2c(c1)[nH]c(n2)[C@@H](N)C,Cc1ccccc1.CC(O)(C)C,[O-1]C(C)(C)C.[K+],8.0,25.0,5000.0,1.9651380437606216,outer
CC(=O)c1ccc(Br)cc1,C[C@H](O)c1ccc(Br)cc1,2010,Ru,CC1(C)O[C@@H]([C@H](O1)CP(c1ccccc1)c1ccccc1)CP(c1ccccc1)c1ccccc1.NCc1nc2c([nH]1)cccc2,Cc1ccccc1.CC(O)(C)C,[O-1]C(C)(C)C.[K+],8.0,25.0,1000.0,1.9651380437606216,outer
CC(=O)/C=C(\C)c1ccccc1,C/C(=C\[C@H](C)O)c1ccccc1,2014,Ru,c1ccc(cc1)P(c1ccccc1Oc1ccccc1P(c1ccccc1)c1ccccc1)c1ccccc1.c1ccc2c(c1)[C@H](NC2)[C@@H]1NCc2c1cccc2,CC(O)C,[O-1]C(C)(C)C.[K+],10.0,25.0,1000.0,1.9651380437606216,outer
O=C(CNC(=O)c1ccccc1)c1cccc(Cl)c1,O=C(NC[C@@H](O)c1cccc(Cl)c1)c1ccccc1,2004,Ru,COc1c(C)cc(cc1C)P([C@H]1CCC[C@H]1[C@@H]1CCC[C@@H]1P(c1cc(C)c(c(c1)C)OC)c1cc(C)c(c(c1)C)OC)c1cc(C)c(c(c1)C)OC.NCCSC(C)(C)C,CCCCO,[O-1]C(C)(C)C.[Na+],7.0,25.0,500.0,1.9651380437606216,outer
CC(=O)c1ccccc1,C[C@@H](O)c1ccccc1,2006,Ru,c1ccc(cc1)c1cc2ccccc2c(c1NCc1ccccn1)c1c(NCc2ccccn2)c(cc2c1cccc2)c1ccccc1,CC(O)C,[O-1]C(C)(C)C.[K+],50.0,25.0,1000.0,1.9651380437606216,outer
CCCCCCCC(=O)/C=C(\CC)c1ccccc1,CCCCCCC[C@H](O)/C=C(\CC)c1ccccc1,2014,Ru,c1ccc(cc1)P(c1ccccc1Oc1ccccc1P(c1ccccc1)c1ccccc1)c1ccccc1.c1ccc2c(c1)[C@H](NC2)[C@@H]1NCc2c1cccc2,CC(O)C,[O-1]C(C)(C)C.[K+],10.0,25.0,1000.0,1.9651380437606216,outer
O=C(CCc1ccccc1)c1ccccc1,O[C@H](CCc1ccccc1)c1ccccc1,2006,Ru,c1ccc(cc1)c1cc2ccccc2c(c1NCc1ccccn1)c1c(NCc2ccccn2)c(cc2c1cccc2)c1ccccc1,CC(O)C,,50.0,25.0,1000.0,1.9651380437606216,outer
CC(=O)c1ccc(C)cc1,Cc1ccc([C@@H](C)O)cc1,2010,Ru,N(CC1=NC2C(O1)Cc1c2cccc1)CC1=NC2C(O1)Cc1c2cccc1,CC(O)C,[O-1]C(C)(C)C.[K+],5.0,25.0,100.0,1.9651380437606216,outer
O=C(CCNCc1ccccc1)c1ccccc1,O[C@H](CCNCc1ccccc1)c1ccccc1,2015,Ru,CC([C@H]1COC(=N1)C12C3[Ru]4567891(C2(C7C34)P(c1ccccc1)c1ccccc1)C1C5C9(C8(C61)P(c1ccccc1)c1ccccc1)C1=N[C@H](CO1)C(C)(C)C)(C)C.c1ccc(cc1)P(c1ccccc1)c1ccccc1,CCO,C1CCN2C(=NCCC2)CC1,100.0,25.0,2000.0,1.9651380437606216,inner
Cc1ccc(C(=O)CCNc2ccccc2)cc1,Cc1ccc([C@H](O)CCNc2ccccc2)cc1,2015,Ru,CC([C@H]1COC(=N1)C12C3[Ru]4567891(C2(C7C34)P(c1ccccc1)c1ccccc1)C1C5C9(C8(C61)P(c1ccccc1)c1ccccc1)C1=N[C@H](CO1)C(C)(C)C)(C)C.c1ccc(cc1)P(c1ccccc1)c1ccccc1,CCO,C1CCN2C(=NCCC2)CC1,50.0,25.0,200.0,1.9651380437606216,inner
CCC(=O)c1ccccc1,CC[C@@H](O)c1ccccc1,2010,Ru,N(CC1=NC2C(O1)Cc1c2cccc1)CC1=NC2C(O1)Cc1c2cccc1,CC(O)C,[O-1]C(C)(C)C.[K+],5.0,25.0,100.0,1.9651380437606216,outer
CC(=O)[Si](C)(C)c1ccccc1,C[C@H](O)[Si](C)(C)c1ccccc1,2008,Ru,Cc1ccc(cc1)P(c1ccc2c(c1c1c(ccc3c1cccc3)P(c1ccc(cc1)C)c1ccc(cc1)C)cccc2)c1ccc(cc1)C.NCc1ccccn1,CCO,[Na+].[BH4-1],10.0,25.0,1099.999890000011,1.9651380437606216,outer
CC1(C)CCC(=O)c2ccccc21,CC1(C)CC[C@@H](O)c2ccccc21,2004,Ru,Cc1ccc(cc1)P(c1ccc2c(c1c1c(ccc3c1cccc3)P(c1ccc(cc1)C)c1ccc(cc1)C)cccc2)c1ccc(cc1)C.C[C@H]([C@H]1OC(O[C@@H]1[C@H](N)C)(C)C)N,CC(O)C,[O-1]C(C)(C)C.[K+],9.0,25.0,12004.801920768306,1.9651380437606216,outer
CCCCCCC(=O)/C=C(\C)c1ccc(Cl)cc1,CCCCCC[C@H](O)/C=C(\C)c1ccc(Cl)cc1,2014,Ru,c1ccc(cc1)P(c1ccccc1Oc1ccccc1P(c1ccccc1)c1ccccc1)c1ccccc1.c1ccc2c(c1)[C@H](NC2)[C@@H]1NCc2c1cccc2,CC(O)C,[O-1]C(C)(C)C.[K+],10.0,25.0,1000.0,1.9651380437606216,outer
CC(=O)c1cccc(C)c1,Cc1cccc([C@H](C)O)c1,2004,Ru,Cc1cc(C)cc(c1)P([C@@H]1CCC[C@@H]1[C@H]1CCC[C@H]1P(c1cc(C)cc(c1)C)c1cc(C)cc(c1)C)c1cc(C)cc(c1)C.CCCSc1ccccc1N,CCO,[O-1]C(C)(C)C.[Na+],7.0,25.0,500.0,1.9651380437606216,outer
CC(=O)c1ccc(C(F)(F)F)cn1,C[C@H](O)c1ccc(C(F)(F)F)cn1,2025,Ru,Cc1ccccc1[C@H](c1ccccn1)N[C@H](C12C3[Fe]4567891(C2(C8C34)P(c1ccccc1)c1ccccc1)C1C5C6C9(C71)P(c1ccccc1)c1ccccc1)C,COC(C)(C)C,C1CN=C2N(C1)CCC2,50.0,25.0,33.333333333333336,1.9651380437606216,outer
O=C(c1ccccc1)c1ccccn1,O[C@@H](c1ccccc1)c1ccccn1,2025,Ru,C[C@@H](C12C3[Fe]4567891(C2(C8C34)P(c1ccccc1)c1ccccc1)C1C5C6C9(C71)P(c1ccccc1)c1ccccc1)N[C@@H](c1ccccn1)c1ccccc1,COC(C)(C)C,C1CN=C2N(C1)CCC2,50.0,25.0,33.333333333333336,1.9651380437606216,outer
CC(=O)c1ccc(Br)cc1,C[C@H](O)c1ccc(Br)cc1,2013,Ru,c1ccc2c(c1)[C@H](NC2)[C@H]1NCc2c1cccc2.c1ccc(cc1)P(c1ccccc1)c1ccccc1,CC(O)C,[K+].[O-1]C(C)(C)C,10.0,25.0,,1.9651380437606216,outer
COc1ccc(C(C)=O)cc1,COc1ccc([C@H](C)O)cc1,2021,Ru,COc1ccccc1P(c1ccccc1OC)c1ccccc1OC.C=CC1CN2CCC1CC2[C@@H](c1ccnc2c1cccc2)N,CCCO,[Li+].[OH-1],60.0,30.0,250.0,1.9633673644769327,outer
CC(C)(C(=O)c1ccccc1)c1ccccc1,CC(C)(c1ccccc1)[C@@H](O)c1ccccc1,2017,Ru,C[C@H](C12C3[Fe]4567891(C2(C9C34)P(c1ccccc1)c1ccccc1)C1C7C6C5C81)NCc1ccccn1,CC(O)C,[O-1]C(C)(C)C.[K+],49.35,50.0,400.0,1.961841412551968,outer
O=C(c1ccccc1)C1CC1,O[C@@H](c1ccccc1)C1CC1,2009,Ru,C[C@@H]1C[C@@H](C)Oc2c(-c3c(O1)cccc3P(c1cc(C)cc(c1)C)c1cc(C)cc(c1)C)c(ccc2)P(c1cc(C)cc(c1)C)c1cc(C)cc(c1)C.COc1ccc(cc1)C(c1ccc(cc1)OC)([C@H](C(C)C)N)N,CC(O)C,[O-1]C(C)(C)C.[K+],10.0,21.0,10000.0,1.9563232709585097,outer
Cc1ccc(C(=O)c2ccccc2)c(C)c1,Cc1ccc([C@@H](O)c2ccccc2)c(C)c1,2023,Ru,CC([C@H]1COC(=N1)C12C3[Ru]4567891(C2(C7C34)P(c1ccccc1)c1ccccc1)C1C5C9(C8(C61)P(c1ccccc1)c1ccccc1)C1=N[C@H](CO1)C(C)(C)C)(C)C.c1ccc(cc1)P(c1ccccc1)c1ccccc1,C1CCCO1,[K+].[OH-1],40.0,10.0,100.0,1.955916194050171,inner
CCc1ccccc1C(=O)c1ccccc1,CCc1ccccc1[C@@H](O)c1ccccc1,2023,Ru,CC([C@H]1COC(=N1)C12C3[Ru]4567891(C2(C7C34)P(c1ccccc1)c1ccccc1)C1C5C9(C8(C61)P(c1ccccc1)c1ccccc1)C1=N[C@H](CO1)C(C)(C)C)(C)C.c1ccc(cc1)P(c1ccccc1)c1ccccc1,C1CCCO1,[K+].[OH-1],40.0,10.0,100.0,1.955916194050171,inner
Cc1ccccc1C(=O)c1ccc(C(C)(C)C)cc1,Cc1ccccc1[C@@H](O)c1ccc(C(C)(C)C)cc1,2023,Ru,CC([C@H]1COC(=N1)C12C3[Ru]4567891(C2(C7C34)P(c1ccccc1)c1ccccc1)C1C5C9(C8(C61)P(c1ccccc1)c1ccccc1)C1=N[C@H](CO1)C(C)(C)C)(C)C.c1ccc(cc1)P(c1ccccc1)c1ccccc1,C1CCCO1,[K+].[OH-1],40.0,10.0,100.0,1.955916194050171,inner
CON(C)C(=O)CC(=O)C(C)(C)C,CON(C)C(=O)C[C@@H](O)C(C)(C)C,2017,Ru,c1ccc(cc1)P(c1ccc2c(c1c1c(ccc3c1cccc3)P(c1ccccc1)c1ccccc1)cccc2)c1ccccc1,CCO,,5.0,25.0,200.0,1.94783296784065,inner
O=C1CCOc2ccccc21,O[C@@H]1CCOc2ccccc21,2020,Ru,C[C@H](c1cccc2c1cccc2)N1CC[N+](=[C-1]1)[C@@H](c1cccc2c1cccc2)C.N[C@@H]([C@@H](c1ccc(cc1)C)N)c1ccc(cc1)C,CC(O)C,[O-1]C(C)(C)C.[Na+],7.5,22.0,3333.3333333333335,1.9453647278750545,outer
CCOC(=O)C(=O)c1ccccc1,CCOC(=O)[C@H](O)c1ccccc1,2005,Ru,CC1(C)Oc2c(O1)c(c1c3OC(Oc3ccc1P(c1ccccc1)c1ccccc1)(C)C)c(cc2)P(c1ccccc1)c1ccccc1,CO,O=C1CC2C(C1(CC2)CS(=O)(=O)O)(C)C,50.0,70.0,100.0,1.9392443438293419,inner
CCOC(=O)C(=O)c1ccc(OC)cc1,CCOC(=O)[C@H](O)c1ccc(OC)cc1,2005,Ru,CC1(C)Oc2c(O1)c(c1c3OC(Oc3ccc1P(c1ccccc1)c1ccccc1)(C)C)c(cc2)P(c1ccccc1)c1ccccc1,CO,,50.0,70.0,100.0,1.9392443438293419,inner
COC(=O)C(=O)c1ccccc1,COC(=O)[C@H](O)c1ccccc1,2005,Ru,CC1(C)Oc2c(O1)c(c1c3OC(Oc3ccc1P(c1ccccc1)c1ccccc1)(C)C)c(cc2)P(c1ccccc1)c1ccccc1,CO,O=C1CC2C(C1(CC2)CS(=O)(=O)O)(C)C,50.0,70.0,100.0,1.9392443438293419,inner
CCOC(=O)C(=O)c1ccc(OC)cc1,CCOC(=O)[C@H](O)c1ccc(OC)cc1,2005,Ru,CC1(C)Oc2c(O1)c(c1c3OC(Oc3ccc1P(c1ccccc1)c1ccccc1)(C)C)c(cc2)P(c1ccccc1)c1ccccc1,CO,O=C1CC2C(C1(CC2)CS(=O)(=O)O)(C)C,50.0,70.0,100.0,1.9392443438293419,inner
CCOC(=O)CC(=O)c1ccccc1,CCOC(=O)C[C@H](O)c1ccccc1,2004,Ru,c1ccc(cc1)P(c1ccc2c(c1c1c(ccc3c1cccc3)P(c1ccccc1)c1ccccc1)cccc2)c1ccccc1,CCO,,9.87,80.0,100.0,1.9309715714952786,inner
CC(=O)c1cccc(C(F)(F)F)c1,C[C@H](O)c1cccc(C(F)(F)F)c1,2023,Ru,CCCCCN[C@H](c1ccnc2c1cccc2)[C@H]1CC2CCN1CC2C=C.C1CCC(CC1)P(C1CCCCC1)C1CCCCC1,CCO,[Ba+2].[OH-1].[OH-1],60.0,30.0,1000.0,1.9304013111783782,outer
CCC(=O)c1ccccc1,CC[C@@H](O)c1ccccc1,2012,Ru,Cc1ccc(cc1)S(=O)(=O)c1ccc(cc1)S(=O)(=O)N[C@@H]([C@@H](c1ccccc1)NCCc1ccccc1)c1ccccc1,CO,,30.0,60.0,500.0,1.928708534432308,outer
COCC(=O)c1ccc(C(F)(F)F)cc1,COC[C@H](O)c1ccc(C(F)(F)F)cc1,2004,Ru,C1C[C@@H]([C@@H](C1)P(c1ccccc1)c1ccccc1)[C@H]1CCC[C@H]1P(c1ccccc1)c1ccccc1.NCCSC(C)(C)C,CCCCO,[O-1]C(C)(C)C.[Na+],7.0,-10.0,1000.0,1.915792446394141,outer
CC(=O)CO,C[C@H](O)CO,2004,Ru,c1ccc(cc1)P(c1ccc2c(c1c1c(ccc3c1cccc3)P(c1ccccc1)c1ccccc1)cccc2)c1ccccc1,CO,,29.61,65.0,100.0,1.9109878329182337,inner
COc1cccc(C(=O)c2cc(Cl)ccc2N)c1OC,COc1cccc([C@@H](O)c2cc(Cl)ccc2N)c1OC,2011,Ru,CN(c1c(C)cc(cc1C)P(c1ccc2c(c1c1c(ccc3c1cccc3)P(c1cc(C)c(c(c1)C)N(C)C)c1cc(C)c(c(c1)C)N(C)C)cccc2)c1cc(C)c(c(c1)C)N(C)C)C.N[C@H]([C@H](c1ccccc1)N)c1ccccc1,CC(O)C.C1CCCO1.O,[OH-1].[K+],1.0,40.0,1000.0,1.9011314817906508,outer
CCOC(OCC)C(=O)c1ccc(Cl)cc1,CCOC(OCC)[C@H](O)c1ccc(Cl)cc1,2007,Ru,Cc1ccc(cc1)P(c1ccc2c(c1c1c(ccc3c1cccc3)P(c1ccc(cc1)C)c1ccc(cc1)C)cccc2)c1ccc(cc1)C.NC[C@@H](c1ccccc1)N,CC(O)C,[K+].[O-1]C(C)(C)C,8.0,27.5,1000.0,1.8987336000718156,outer
CCOC(OCC)C(=O)c1ccccc1C,CCOC(OCC)[C@H](O)c1ccccc1C,2007,Ru,Cc1ccc(cc1)P(c1ccc2c(c1c1c(ccc3c1cccc3)P(c1ccc(cc1)C)c1ccc(cc1)C)cccc2)c1ccc(cc1)C.NC[C@@H](c1ccccc1)N,CC(O)C,[K+].[O-1]C(C)(C)C,8.0,27.5,1000.0,1.8987336000718156,outer
COC(=O)CC(=O)c1ccccc1,COC(=O)C[C@H](O)c1ccccc1,2004,Ru,COc1cccc(c1c1c(OC)cccc1P(c1ccccc1)c1ccccc1)P(c1ccccc1)c1ccccc1,CO,,19.74,50.0,100.0,1.890811770396965,inner
CCOC(=O)CC(=O)CCl,CCOC(=O)C[C@H](O)CCl,2004,Ru,c1ccc(cc1)P(c1ccc2c(c1c1c(ccc3c1cccc3)P(c1ccccc1)c1ccccc1)cccc2)c1ccccc1,CO,,49.35,50.0,100.0,1.890811770396965,inner
COc1ccc(C(C)=O)cc1,COc1ccc([C@H](C)O)cc1,2004,Ru,Cc1ccc2c(c1)c(C)cc(c2c1c(cc(c2c1ccc(c2)C)C)P(c1cc(C)cc(c1)C)c1cc(C)cc(c1)C)P(c1cc(C)cc(c1)C)c1cc(C)cc(c1)C.N[C@@H]([C@@H](c1ccccc1)N)c1ccccc1,CC(O)C,[O-1]C(C)(C)C.[K+],48.3,25.0,1000.0,1.8907062567316346,outer
O=C(O)C(=O)c1ccco1,O=C(O)[C@@H](O)c1ccco1,2017,Ru,CC([C@H]1COC(=N1)C12C3[Ru-2]4567892(C1(P(c1ccccc1)c1ccccc1)C5C34)C1C6C9(C8(C71)P(c1ccccc1)c1ccccc1)C1=N[C@H](CO1)C(C)(C)C)(C)C.c1ccc(cc1)P(c1ccccc1)c1ccccc1,CO,[O-1]C(=O)C.[Na+].c1ccc(cc1)P(c1ccccc1)c1ccccc1,40.0,0.0,50.0,1.8868391608857644,inner
CC(C)(C)c1ccc(C(=O)C(=O)O)cc1,CC(C)(C)c1ccc([C@H](O)C(=O)O)cc1,2017,Ru,CC([C@H]1COC(=N1)C12C3[Ru-2]4567892(C1(P(c1ccccc1)c1ccccc1)C5C34)C1C6C9(C8(C71)P(c1ccccc1)c1ccccc1)C1=N[C@H](CO1)C(C)(C)C)(C)C.c1ccc(cc1)P(c1ccccc1)c1ccccc1,CO,[O-1]C(=O)C.[Na+].c1ccc(cc1)P(c1ccccc1)c1ccccc1,40.0,0.0,50.0,1.8868391608857644,inner
CC(=O)c1ccccc1Cl,C[C@H](O)c1ccccc1Cl,2006,Ru,Brc1ccccc1p1oc2ccc3c(c2c2c(o1)ccc1c2cccc1)cccc3.N[C@@H]1CCCC[C@H]1N,CC(O)C,[O-1]C(C)(C)C.[K+],80.0,0.0,300.3003003003003,1.8868391608857644,outer
CCc1ccc(C(=O)C(=O)O)cc1,CCc1ccc([C@H](O)C(=O)O)cc1,2017,Ru,CC([C@H]1COC(=N1)C12C3[Ru-2]4567892(C1(P(c1ccccc1)c1ccccc1)C5C34)C1C6C9(C8(C71)P(c1ccccc1)c1ccccc1)C1=N[C@H](CO1)C(C)(C)C)(C)C.c1ccc(cc1)P(c1ccccc1)c1ccccc1,CO,[O-1]C(=O)C.[Na+].c1ccc(cc1)P(c1ccccc1)c1ccccc1,40.0,0.0,50.0,1.8868391608857644,inner
CCC(C)c1ccc(C(=O)C(=O)O)cc1,CCC(C)c1ccc([C@H](O)C(=O)O)cc1,2017,Ru,CC([C@H]1COC(=N1)C12C3[Ru-2]4567892(C1(P(c1ccccc1)c1ccccc1)C5C34)C1C6C9(C8(C71)P(c1ccccc1)c1ccccc1)C1=N[C@H](CO1)C(C)(C)C)(C)C.c1ccc(cc1)P(c1ccccc1)c1ccccc1,CO,[O-1]C(=O)C.[Na+].c1ccc(cc1)P(c1ccccc1)c1ccccc1,40.0,0.0,50.0,1.8868391608857644,inner
O=C(O)C(=O)c1ccccc1,O=C(O)[C@@H](O)c1ccccc1,2017,Ru,CC([C@H]1COC(=N1)C12C3[Ru-2]4567892(C1(P(c1ccccc1)c1ccccc1)C5C34)C1C6C9(C8(C71)P(c1ccccc1)c1ccccc1)C1=N[C@H](CO1)C(C)(C)C)(C)C.c1ccc(cc1)P(c1ccccc1)c1ccccc1,CO,[O-1]C(=O)C.[Na+].c1ccc(cc1)P(c1ccccc1)c1ccccc1,40.0,0.0,50.0,1.8868391608857644,inner
CC(=O)/C=C(\C)c1ccccc1,C/C(=C\[C@H](C)O)c1ccccc1,2014,Ru,c1ccc(cc1)P(c1ccccc1Oc1ccccc1P(c1ccccc1)c1ccccc1)c1ccccc1.c1ccc2c(c1)[C@H](NC2)[C@@H]1NCc2c1cccc2,CO,[O-1]C(C)(C)C.[K+],10.0,25.0,1000.0,1.8829450286426468,outer
CC(=O)c1ccccc1,C[C@H](O)c1ccccc1,2003,Ru,COc1ccc(cc1)P(c1cccc2c1C1(CC2)CCc2c1c(ccc2)P(c1ccc(cc1)OC)c1ccc(cc1)OC)c1ccc(cc1)OC.N[C@H]([C@H](c1ccccc1)N)c1ccccc1,CC(O)C,[O-1]C(C)(C)C.[K+],50.0,25.0,5000.0,1.8829450286426468,outer
CC(=O)c1ccccc1,C[C@H](O)c1ccccc1,2010,Ru,CC1(C)O[C@@H]([C@H](O1)CP(c1ccccc1)c1ccccc1)CP(c1ccccc1)c1ccccc1.Clc1ccc2c(c1)[nH]c(n2)[C@@H](N)C,Cc1ccccc1.CC(O)(C)C,[O-1]C(C)(C)C.[K+],8.0,25.0,1000.0,1.8829450286426468,outer
CC(=O)c1ccccc1,C[C@H](O)c1ccccc1,2010,Ru,CC1(C)O[C@@H]([C@H](O1)CP(c1ccccc1)c1ccccc1)CP(c1ccccc1)c1ccccc1.COc1ccc2c(c1)[nH]c(n2)[C@@H](N)C,ClCCl,[O-1]C(C)(C)C.[K+],8.0,25.0,1000.0,1.8829450286426468,outer
O=C(O)C(=O)c1ccccc1,O=C(O)[C@@H](O)c1ccccc1,2017,Ru,CC([C@H]1COC(=N1)C12C3[Ru-2]4567892(C1(P(c1ccccc1)c1ccccc1)C5C34)C1C6C9(C8(C71)P(c1ccccc1)c1ccccc1)C1=N[C@H](CO1)C(C)(C)C)(C)C.c1ccc(cc1)P(c1ccccc1)c1ccccc1,CO,[O-1]C(=O)C.[Na+].c1ccc(cc1)P(c1ccccc1)c1ccccc1,40.0,25.0,50.0,1.8829450286426468,inner
CC(=O)c1ccccc1,C[C@H](O)c1ccccc1,2010,Ru,CC1(C)O[C@@H]([C@H](O1)CP(c1ccccc1)c1ccccc1)CP(c1ccccc1)c1ccccc1.COc1ccc2c(c1)[nH]c(n2)[C@@H](N)C,Cc1ccccc1,[O-1]C(C)(C)C.[K+],8.0,25.0,1000.0,1.8829450286426468,outer
Cc1ccc2c(c1)C(=O)CCO2,Cc1ccc2c(c1)[C@H](O)CCO2,2024,Ru,COC[C@@H](N[C@@H](C[C@H](P(c1ccccc1)c1ccccc1)C)C)C,CC(O)C,[K+].[O-1]C(C)(C)C,70.0,25.0,200.0,1.8829450286426468,outer
CCCCCCC(=O)/C=C(\C)c1ccccc1Cl,CCCCCC[C@H](O)/C=C(\C)c1ccccc1Cl,2014,Ru,c1ccc(cc1)P(c1ccccc1Oc1ccccc1P(c1ccccc1)c1ccccc1)c1ccccc1.c1ccc2c(c1)[C@H](NC2)[C@@H]1NCc2c1cccc2,CC(O)C,[O-1]C(C)(C)C.[K+],10.0,25.0,1000.0,1.8829450286426468,outer
CC(=O)/C=C(\C)c1ccccc1,C/C(=C\[C@H](C)O)c1ccccc1,2014,Ru,c1ccc(cc1)P(c1ccccc1Oc1ccccc1P(c1ccccc1)c1ccccc1)c1ccccc1.Brc1ccc2c(c1)[C@H](NC2)[C@@H]1NCc2c1cc(Br)cc2,CC(O)C,[O-1]C(C)(C)C.[K+],10.0,25.0,1000.0,1.8829450286426468,outer
CC(=O)c1cccc(C)c1,Cc1cccc([C@@H](C)O)c1,2006,Ru,O=C(c1ccccc1P(c1ccccc1)c1ccccc1)c1ccccc1P(c1ccccc1)c1ccccc1.N[C@H]([C@H](c1ccccc1)N)c1ccccc1,CC(O)C,[K+].[OH-1],15.0,25.0,250.0,1.8829450286426468,outer
CC(=O)CN(C)C,C[C@H](O)CN(C)C,2000,Ru,Cc1cc(C)cc(c1)P(c1ccc2c(c1c1c(ccc3c1cccc3)P(c1cc(C)cc(c1)C)c1cc(C)cc(c1)C)cccc2)c1cc(C)cc(c1)C.COc1ccc(cc1)C(c1ccc(cc1)OC)(C(C(C)C)N)N,CC(O)C,[O-1]C(C)(C)C.[K+],8.0,25.0,20000.0,1.8829450286426468,outer
O=C(c1ccccc1)C1CC1,O[C@@H](c1ccccc1)C1CC1,2010,Ru,N(CC1=NC2C(O1)Cc1c2cccc1)CC1=NC2C(O1)Cc1c2cccc1,CC(O)C,[O-1]C(C)(C)C.[K+],5.0,25.0,100.0,1.8829450286426468,outer
CC(=O)c1ccc(F)cc1,C[C@H](O)c1ccc(F)cc1,2013,Ru,c1ccc2c(c1)[C@H](NC2)[C@H]1NCc2c1cccc2.c1ccc(cc1)P(c1ccccc1)c1ccccc1,CC(O)C,[K+].[O-1]C(C)(C)C,10.0,25.0,,1.8829450286426468,outer
CC(=O)c1ccccc1,C[C@H](O)c1ccccc1,2013,Ru,Brc1ccc2c(c1)[C@H](NC2)[C@H]1NCc2c1cc(Br)cc2.c1ccc(cc1)P(c1ccccc1)c1ccccc1,CC(O)C,[K+].[O-1]C(C)(C)C,10.0,25.0,,1.8829450286426468,outer
CCCCCCCCC(=O)c1ccccc1,CCCCCCCC[C@H](O)c1ccccc1,2013,Ru,c1ccc2c(c1)[C@H](NC2)[C@H]1NCc2c1cccc2.c1ccc(cc1)P(c1ccccc1)c1ccccc1,CC(O)C,[K+].[O-1]C(C)(C)C,50.0,25.0,,1.8829450286426468,outer
O=C1CN2CCC1CC2,O[C@@H]1CN2CCC1CC2,2010,Ru,c1ccc(cc1)P(c1ccc2c(c1c1c(ccc3c1cccc3)P(c1ccccc1)c1ccccc1)cccc2)c1ccccc1.NC[C@@H]1OC(O[C@H]1CN)(C)C,CC(O)C,[K+].[O-1]C(C)(C)C,20.0,25.0,10000.0,1.8829450286426468,outer
CC(=O)c1cccc(C)c1,Cc1cccc([C@H](C)O)c1,2013,Ru,c1ccc2c(c1)[C@H](NC2)[C@H]1NCc2c1cccc2.c1ccc(cc1)P(c1ccccc1)c1ccccc1,CC(O)C,[K+].[O-1]C(C)(C)C,50.0,25.0,,1.8829450286426468,outer
CC(=O)c1ccc2ccccc2c1,C[C@H](O)c1ccc2ccccc2c1,2013,Ru,c1ccc2c(c1)[C@H](NC2)[C@H]1NCc2c1cccc2.c1ccc(cc1)P(c1ccccc1)c1ccccc1,CC(O)C,[K+].[O-1]C(C)(C)C,10.0,25.0,,1.8829450286426468,outer
COc1ccc(C(C)=O)cc1,COc1ccc([C@@H](C)O)cc1,2010,Ru,N(CC1=NC2C(O1)Cc1c2cccc1)CC1=NC2C(O1)Cc1c2cccc1,CC(O)C,[O-1]C(C)(C)C.[K+],5.0,25.0,100.0,1.8829450286426468,outer
O=C(CCNCc1ccccc1)c1ccccc1,O[C@H](CCNCc1ccccc1)c1ccccc1,2015,Ru,CC([C@H]1COC(=N1)C12C3[Ru]4567891(C2(C7C34)P(c1ccccc1)c1ccccc1)C1C5C9(C8(C61)P(c1ccccc1)c1ccccc1)C1=N[C@H](CO1)C(C)(C)C)(C)C.c1ccc(cc1)P(c1ccccc1)c1ccccc1,CO,[O-1]C(=O)[O-1].[K+].[K+],50.0,25.0,200.0,1.8829450286426468,inner
O=C(CCNCc1ccccc1)c1ccccc1,O[C@H](CCNCc1ccccc1)c1ccccc1,2015,Ru,CC([C@H]1COC(=N1)C12C3[Ru]4567891(C2(C7C34)P(c1ccccc1)c1ccccc1)C1C5C9(C8(C61)P(c1ccccc1)c1ccccc1)C1=N[C@H](CO1)C(C)(C)C)(C)C.c1ccc(cc1)P(c1ccccc1)c1ccccc1,CO,[O-1]C(=O)O.[Na+],50.0,25.0,200.0,1.8829450286426468,inner
CC(=O)c1ccccc1,C[C@@H](O)c1ccccc1,2010,Ru,N(CC1=NC2C(O1)Cc1c2cccc1)CC1=NC2C(O1)Cc1c2cccc1,CO,[O-1]C(C)(C)C.[K+],30.0,25.0,100.0,1.8829450286426468,outer
CC(=O)c1ccccc1Cl,C[C@@H](O)c1ccccc1Cl,2010,Ru,N(CC1=NC2C(O1)Cc1c2cccc1)CC1=NC2C(O1)Cc1c2cccc1,CC(O)C,[O-1]C(C)(C)C.[K+],5.0,25.0,100.0,1.8829450286426468,outer
CC(=O)c1cc(C(F)(F)F)cc(C(F)(F)F)c1,C[C@@H](O)c1cc(C(F)(F)F)cc(C(F)(F)F)c1,2014,Ru,CC1(C)O[C@@H]([C@H](O1)CP(c1ccccc1)c1ccccc1)CP(c1ccccc1)c1ccccc1.C[C@H](c1nc2c([nH]1)cccc2)N,Cc1ccccc1.CC(O)(C)C,[O-1]C(C)(C)C.[K+].c1ccc(cc1)P(c1ccccc1)c1ccccc1,8.0,25.0,1000.0,1.8829450286426468,outer
O=C1CCC/C1=C\CCc1ccccc1,O[C@@H]1CCC/C1=C\CCc1ccccc1,2019,Ru,CC([C@H]1COC(=N1)C12C3[Ru]4567891(C2(C7C34)P(c1ccccc1)c1ccccc1)C1C5C9(C8(C61)P(c1ccccc1)c1ccccc1)C1=N[C@H](CO1)C(C)(C)C)(C)C,CO,C1CCN2C(=NCCC2)CC1,2.0,25.0,100.0,1.8829450286426468,inner
CC(=O)c1ccc2ccccc2c1,C[C@H](O)c1ccc2ccccc2c1,2011,Ru,Brc1ccc2c(c1)[C@H](NC2)[C@H]1NCc2c1cc(Br)cc2.c1ccc(cc1)P(C12C3[Fe]4567892(C1C5C34)C1C6C7C9(C81)P(c1ccccc1)c1ccccc1)c1ccccc1,CCCO,[K+].[O-1]C(C)(C)C,10.0,25.0,1000.0,1.8829450286426468,outer
CC(=O)c1ccc(C)cc1,Cc1ccc([C@H](C)O)cc1,2006,Ru,O=C(c1ccccc1P(c1ccccc1)c1ccccc1)c1ccccc1P(c1ccccc1)c1ccccc1.NC(C(c1ccccc1)N)c1ccccc1,CC(O)C,[O-1]C(C)(C)C.[K+],20.0,25.0,1000.0,1.8829450286426468,outer
CCC(=O)c1ccccc1,CC[C@H](O)c1ccccc1,2006,Ru,O=C(c1ccccc1P(c1ccccc1)c1ccccc1)c1ccccc1P(c1ccccc1)c1ccccc1.NC(C(c1ccccc1)N)c1ccccc1,CCO,[O-1]C(C)(C)C.[K+],20.0,25.0,1000.0,1.8829450286426468,outer
CC(=O)c1ccccc1,C[C@H](O)c1ccccc1,2011,Ru,COc1ccc2c(c1)[C@H](NC2)[C@H]1NCc2c1cc(OC)cc2.c1ccc(cc1)P(C12C3[Fe]4567892(C1C5C34)C1C6C7C9(C81)P(c1ccccc1)c1ccccc1)c1ccccc1,CCCO,[K+].[O-1]C(C)(C)C,10.0,25.0,1000.0,1.8829450286426468,outer
CC(=O)c1ccc(C)cc1,Cc1ccc([C@H](C)O)cc1,2013,Ru,c1ccc2c(c1)[C@H](NC2)[C@H]1NCc2c1cccc2.c1ccc(cc1)P(c1ccccc1)c1ccccc1,CC(O)C,[K+].[O-1]C(C)(C)C,10.0,25.0,,1.8829450286426468,outer
CSc1ccc(C(C)=O)cc1,CSc1ccc([C@@H](C)O)cc1,2025,Ru,OC[C@@H](NC(=O)CN[C@@H](C12C3[Fe]4567891(C2(C8C34)P(c1ccccc1)c1ccccc1)C1C5C6C9(C71)P(c1ccccc1)c1ccccc1)C)C,CC(O)C,[Na+].[O-1]C(C)(C)C,10.0,25.0,1000.0,1.8829450286426468,outer
CC(=O)c1ccc(Cl)cn1,C[C@H](O)c1ccc(Cl)cn1,2025,Ru,Cc1ccccc1[C@H](c1ccccn1)N[C@H](C12C3[Fe]4567891(C2(C8C34)P(c1ccccc1)c1ccccc1)C1C5C6C9(C71)P(c1ccccc1)c1ccccc1)C,COC(C)(C)C,C1CN=C2N(C1)CCC2,50.0,25.0,33.333333333333336,1.8829450286426468,outer
CC(=O)c1ccc(Br)cn1,C[C@H](O)c1ccc(Br)cn1,2025,Ru,Cc1ccccc1[C@H](c1ccccn1)N[C@H](C12C3[Fe]4567891(C2(C8C34)P(c1ccccc1)c1ccccc1)C1C5C6C9(C71)P(c1ccccc1)c1ccccc1)C,COC(C)(C)C,C1CN=C2N(C1)CCC2,50.0,25.0,33.333333333333336,1.8829450286426468,outer
CCOC(OCC)C(=O)c1ccc(Cl)cc1,CCOC(OCC)[C@H](O)c1ccc(Cl)cc1,2008,Ru,Cc1ccc(cc1)P(c1ccc2c(c1c1c(ccc3c1cccc3)P(c1ccc(cc1)C)c1ccc(cc1)C)cccc2)c1ccc(cc1)C.N[C@H](c1ccccc1)CN(C)C,CC(O)C,[K+].[O-1]C(C)(C)C,8.0,25.0,1000.0,1.8829450286426468,outer
CCOC(OCC)C(=O)c1ccccc1C,CCOC(OCC)[C@H](O)c1ccccc1C,2008,Ru,Cc1ccc(cc1)P(c1ccc2c(c1c1c(ccc3c1cccc3)P(c1ccc(cc1)C)c1ccc(cc1)C)cccc2)c1ccc(cc1)C.N[C@H](c1ccccc1)CN(C)C,CC(O)C,[K+].[O-1]C(C)(C)C,8.0,25.0,1000.0,1.8829450286426468,outer
CC(=O)c1ccccc1,C[C@H](O)c1ccccc1,2008,Ru,Cc1ccc(cc1)P(c1ccc2c(c1c1c(ccc3c1cccc3)P(c1ccc(cc1)C)c1ccc(cc1)C)cccc2)c1ccc(cc1)C.N[C@H](c1ccccc1)CN(C)C,CC(O)C,[K+].[O-1]C(C)(C)C,8.0,25.0,500.0,1.8829450286426468,outer
O=C(c1ccccc1)c1ccccn1,O[C@@H](c1ccccc1)c1ccccn1,2025,Ru,Cc1ccc(c(c1)C)[C@H](c1ccccn1)N[C@H](C12C3[Fe]4567891(C2(C8C34)P(c1ccccc1)c1ccccc1)C1C5C6C9(C71)P(c1ccccc1)c1ccccc1)C,COC(C)(C)C,C1CN=C2N(C1)CCC2,50.0,25.0,33.333333333333336,1.8829450286426468,outer
CC(=O)c1ccccc1,C[C@H](O)c1ccccc1,2005,Ru,Cc1ccc(cc1)P(c1cccc2c1C1(CC2)CCc2c1c(ccc2)P(c1ccc(cc1)C)c1ccc(cc1)C)c1ccc(cc1)C.N[C@@H]([C@@H](c1ccccc1)N)c1ccccc1,CC(O)C,[O-1]C(C)(C)C.[K+],50.0,25.0,5000.0,1.8829450286426468,outer
COc1ccc2c(c1)CCCC2=O,COc1ccc2c(c1)CCC[C@H]2O,2004,Ru,Cc1ccc(cc1)P(c1ccc2c(c1c1c(ccc3c1cccc3)P(c1ccc(cc1)C)c1ccc(cc1)C)cccc2)c1ccc(cc1)C.C[C@H]([C@H]1OC(O[C@@H]1[C@H](N)C)(C)C)N,CC(O)C,[O-1]C(C)(C)C.[K+],9.0,25.0,1000.0,1.8829450286426468,outer
CC(=O)c1ccccc1,C[C@@H](O)c1ccccc1,2003,Ru,COc1ccc(cc1)P(c1cccc2c1C1(CC2)CCc2c1c(ccc2)P(c1ccc(cc1)OC)c1ccc(cc1)OC)c1ccc(cc1)OC.N[C@H]([C@H](c1ccccc1)N)c1ccccc1,CC(O)C,[O-1]C(C)(C)C.[K+],50.0,25.0,5000.0,1.8829450286426468,outer
CCOC(=O)C(=O)c1ccc(OC)cc1,CCOC(=O)[C@H](O)c1ccc(OC)cc1,2005,Ru,CC1(C)Oc2c(O1)c(c1c3OC(Oc3ccc1P(c1ccccc1)c1ccccc1)(C)C)c(cc2)P(c1ccccc1)c1ccccc1,CO,[Ce+3].[Cl-1].[Cl-1].O.O.O.O.O.O.[Cl-1].O,50.0,70.0,100.0,1.876293061754509,inner
CCOC(=O)C(=O)c1ccc(F)cc1,CCOC(=O)[C@H](O)c1ccc(F)cc1,2005,Ru,CC1(C)Oc2c(O1)c(c1c3OC(Oc3ccc1P(c1ccccc1)c1ccccc1)(C)C)c(cc2)P(c1ccccc1)c1ccccc1,CO,O=C1CC2C(C1(CC2)CS(=O)(=O)O)(C)C,50.0,70.0,100.0,1.876293061754509,inner
CC(=O)c1cccc2ccccc12,C[C@H](O)c1cccc2ccccc12,2004,Ru,Clc1ccc2c(c1)c(cc(c2c1c(cc(c2c1ccc(c2)Cl)c1ccccc1)P(c1cc(C)cc(c1)C)c1cc(C)cc(c1)C)P(c1cc(C)cc(c1)C)c1cc(C)cc(c1)C)c1ccccc1.COc1ccc(cc1)C(c1ccc(cc1)OC)([C@@H](C(C)C)N)N,CC(O)C,[O-1]C(C)(C)C.[K+],48.3,25.0,1000.0,1.8752762226403719,outer
Cc1ccccc1C(=O)c1ccc(Cl)cc1Br,Cc1ccccc1[C@@H](O)c1ccc(Cl)cc1Br,2023,Ru,CC([C@H]1COC(=N1)C12C3[Ru]4567891(C2(C7C34)P(c1ccccc1)c1ccccc1)C1C5C9(C8(C61)P(c1ccccc1)c1ccccc1)C1=N[C@H](CO1)C(C)(C)C)(C)C.c1ccc(cc1)P(c1ccccc1)c1ccccc1,C1CCCO1,[K+].[OH-1],40.0,10.0,100.0,1.8662714643327856,inner
COc1cccc(C(=O)c2ccccc2C)c1,COc1cccc([C@H](O)c2ccccc2C)c1,2023,Ru,CC([C@H]1COC(=N1)C12C3[Ru]4567891(C2(C7C34)P(c1ccccc1)c1ccccc1)C1C5C9(C8(C61)P(c1ccccc1)c1ccccc1)C1=N[C@H](CO1)C(C)(C)C)(C)C.c1ccc(cc1)P(c1ccccc1)c1ccccc1,C1CCCO1,[K+].[OH-1],40.0,10.0,100.0,1.8662714643327856,inner
O=C1CCCc2ccc(F)cc21,O[C@@H]1CCCc2ccc(F)cc21,2020,Ru,C[C@H](c1cccc2c1cccc2)N1CC[N+](=[C-1]1)[C@@H](c1cccc2c1cccc2)C.N[C@@H]([C@@H](c1ccc(cc1)C)N)c1ccc(cc1)C,CC(O)C,[O-1]C(C)(C)C.[Na+],7.5,22.0,3333.3333333333335,1.8639987429276448,outer
CC(=O)c1ccccc1,C[C@@H](O)c1ccccc1,2008,Ru,COc1nc(OC)cc(c1c1c(OC)nc(cc1P(c1ccc(cc1)OC)c1ccc(cc1)OC)OC)P(c1ccc(cc1)OC)c1ccc(cc1)OC.COc1ccc(cc1)C(c1ccc(cc1)OC)([C@H](C(C)C)N)N,CC(O)C,[K+].[OH-1],30.0,25.0,2000.0,1.860206870620533,outer
O=C(CN1C(=O)c2ccccc2C1=O)c1cccc2ccccc12,O=C1c2ccccc2C(=O)N1C[C@H](O)c1cccc2ccccc12,2005,Ru,OC1(CCCC1)c1cc(P(c2ccccc2)c2ccccc2)c(c2c1cccc2)c1c(cc(c2c1cccc2)C1(O)CCCC1)P(c1ccccc1)c1ccccc1,CCO,,102.04,80.0,100.0,1.8539187608147627,inner
CC(=O)c1ccccc1,C[C@@H](O)c1ccccc1,2010,Ru,COc1cccc(c1P(c1ccc(cc1)OC(C)C)c1ccc(cc1)OC(C)C)c1cccc(c1P(c1ccc(cc1)OC(C)C)c1ccc(cc1)OC(C)C)OC.N[C@H]([C@H](c1ccccc1)N)c1ccccc1,CC(O)C,[K+].[OH-1],29.61,20.0,3000.003000003,1.8513678857843097,outer
CC(=O)c1ccccc1C,Cc1ccccc1[C@H](C)O,2010,Ru,C[C@@H]1Oc2cccc(c2-c2c(O[C@H]1C)cccc2P(c1ccccc1)c1ccccc1)P(c1ccccc1)c1ccccc1.N[C@@H]([C@@H](c1ccccc1)N)c1ccccc1,CCCCO,[K+].[O-1]C(C)(C)C,20.0,20.0,500.0,1.8513678857843097,outer
CC(=O)c1ccccc1,C[C@@H](O)c1ccccc1,2010,Ru,Cc1cc(P(c2ccccc2)c2ccccc2)c(c(c1C)C)c1c(C)c(C)c(cc1P(c1ccccc1)c1ccccc1)C.CN[C@H]1CCCC[C@@H]1NC,CC(O)C,[OH-1].[K+],30.0,20.0,3003.003003003003,1.8513678857843097,outer
COc1ccccc1C(C)=O,COc1ccccc1[C@@H](C)O,2010,Ru,c1ccc(cc1)P(c1ccc2c(c1c1c(ccc3c1cccc3)P(c1ccccc1)c1ccccc1)cccc2)c1ccccc1.CN[C@H]1CCCC[C@@H]1NC,CC(O)C,[OH-1].[K+],30.0,20.0,3003.003003003003,1.8513678857843097,outer
COc1cccc(C(=O)c2cc(Cl)ccc2N)c1OC,COc1cccc([C@@H](O)c2cc(Cl)ccc2N)c1OC,2011,Ru,CCc1cc(cc(c1N(C)C)CC)P(c1ccc2c(c1c1c(ccc3c1cccc3)P(c1cc(CC)c(c(c1)CC)N(C)C)c1cc(CC)c(c(c1)CC)N(C)C)cccc2)c1cc(CC)c(c(c1)CC)N(C)C.N[C@H]([C@H](c1ccccc1)N)c1ccccc1,CC(O)C.C1CCCO1,[OH-1].[K+],4.0,43.0,1000.0,1.8498534464211682,outer
COc1cccc(C(=O)c2cc(Cl)ccc2N)c1OC,COc1cccc([C@@H](O)c2cc(Cl)ccc2N)c1OC,2011,Ru,Cc1cc(C)cc(c1)P(c1ccc2c(c1c1c(ccc3c1cccc3)P(c1cc(C)cc(c1)C)c1cc(C)cc(c1)C)cccc2)c1cc(C)cc(c1)C.N[C@H]([C@H](c1ccccc1)N)c1ccccc1,CC(O)C.C1CCCO1,[OH-1].[K+],1.0,43.0,1000.0,1.8498534464211682,outer
CC(=O)c1ccccc1,C[C@H](O)c1ccccc1,2004,Ru,OC1(CCCC1)c1cc(P(c2ccccc2)c2ccccc2)c(c2c1cccc2)c1c(cc(c2c1cccc2)C1(O)CCCC1)P(c1ccccc1)c1ccccc1.N[C@@H]([C@@H](c1ccccc1)N)c1ccccc1,CC(O)C,[O-1]C(C)(C)C.[K+],47.62,25.0,1000.0,1.8454809908469765,outer
CC(=O)c1ccccc1,C[C@H](O)c1ccccc1,2004,Ru,OC(c1cc(P(c2ccccc2)c2ccccc2)c(c2c1cccc2)c1c(cc(c2c1cccc2)C(c1ccccc1)(c1ccccc1)O)P(c1ccccc1)c1ccccc1)(c1ccccc1)c1ccccc1.N[C@@H]([C@@H](c1ccccc1)N)c1ccccc1,CC(O)C,[O-1]C(C)(C)C.[K+],47.62,25.0,1000.0,1.8454809908469765,outer
CC(=O)c1ccccc1,C[C@@H](O)c1ccccc1,2000,Ru,Cc1cc(C)cc(c1)P(c1cc2CCc3ccc(CCc1cc2)cc3P(c1cc(C)cc(c1)C)c1cc(C)cc(c1)C)c1cc(C)cc(c1)C.NC[C@@H]1CCCN1,CC(O)C,[K+].[O-1]C(C)(C)C,8.0,19.0,3000.003000003,1.8450524572126423,outer
CC(=O)[C]12[CH]3[CH]4[CH]5[CH]1[Fe]45321678[CH]2[CH]1[CH]6[CH]7[CH]28,C[C@@H](O)[C]12[CH]3[CH]4[CH]5[CH]1[Fe]45321678[CH]2[CH]1[CH]6[CH]7[CH]28,2000,Ru,Cc1cc(C)cc(c1)P(c1cc2CCc3ccc(CCc1cc2)cc3P(c1cc(C)cc(c1)C)c1cc(C)cc(c1)C)c1cc(C)cc(c1)C.N[C@H]([C@H](c1ccccc1)N)c1ccccc1,CC(O)C,[K+].[O-1]C(C)(C)C,5.5,19.0,1000.0,1.8450524572126423,outer
CCC(=O)c1ccccc1,CC[C@H](O)c1ccccc1,2004,Ru,OC1(CCCC1)c1cc(P(c2ccccc2)c2ccccc2)c(c2c1cccc2)c1c(cc(c2c1cccc2)C1(O)CCCC1)P(c1ccccc1)c1ccccc1.N[C@@H]([C@@H](c1ccccc1)N)c1ccccc1,CC(O)C,[O-1]C(C)(C)C.[K+],47.62,25.0,1000.0,1.8382418064019794,outer
CC(=O)c1ccc(C(C)(C)C)cc1,C[C@H](O)c1ccc(C(C)(C)C)cc1,2004,Ru,Clc1cc(P(c2ccccc2)c2ccccc2)c(c2c1cccc2)c1c(cc(c2c1cccc2)Cl)P(c1ccccc1)c1ccccc1.N[C@@H]([C@@H](c1ccccc1)N)c1ccccc1,CC(O)C,[O-1]C(C)(C)C.[K+],47.62,25.0,1000.0,1.8382418064019794,outer
CC(=O)c1ccc(C(F)(F)F)cc1,C[C@@H](O)c1ccc(C(F)(F)F)cc1,2012,Ru,Cc1ccc(cc1)S(=O)(=O)c1ccc(cc1)S(=O)(=O)N[C@@H]([C@@H](c1ccccc1)NCCc1ccccc1)c1ccccc1,CO,,30.0,60.0,500.0,1.8334453829351571,outer
CC(=O)c1ccccc1Cl,C[C@@H](O)c1ccccc1Cl,2008,Ru,COc1nc(OC)cc(c1c1c(OC)nc(cc1P(c1ccc(cc1)OC)c1ccc(cc1)OC)OC)P(c1ccc(cc1)OC)c1ccc(cc1)OC.COc1ccc(cc1)C(c1ccc(cc1)OC)([C@H](C(C)C)N)N,CC(O)C,[K+].[OH-1],30.0,25.0,2000.0,1.8310825743065435,outer
CC(=O)c1cc(C(F)(F)F)cc(C(F)(F)F)c1,C[C@@H](O)c1cc(C(F)(F)F)cc(C(F)(F)F)c1,2014,Ru,CC1(C)O[C@@H]([C@H](O1)CP(c1ccccc1)c1ccccc1)CP(c1ccccc1)c1ccccc1.C[C@H](c1nc2c([nH]1)c(C)ccc2C)N,Cc1ccccc1,[O-1]C(C)(C)C.[K+],8.0,25.0,1000.0,1.8310825743065435,outer
CC(=O)C#CC(C)(C)C,C[C@H](O)C#CC(C)(C)C,2013,Ru,Cc1ccc(cc1)S(=O)(=O)N[C@H]([C@H](c1ccccc1)N)c1ccccc1,CO,,20.0,50.0,200.0,1.82621830018491,outer
CC(=O)c1ccccc1,C[C@@H](O)c1ccccc1,2012,Ru,CS(=O)(=O)N[C@@H]([C@@H](c1ccccc1)NCCc1ccccc1)c1ccccc1,CO,,30.0,60.0,500.0,1.8216145520137395,outer
CC(=O)c1ccccc1,C[C@@H](O)c1ccccc1,2012,Ru,CS(=O)(=O)N[C@@H]([C@@H](c1ccccc1)NCCc1ccccc1)c1ccccc1,CO,,30.0,60.0,1000.0,1.8216145520137395,outer
CC(=O)c1ccccc1,C[C@@H](O)c1ccccc1,2012,Ru,CS(=O)(=O)N[C@@H]([C@@H](c1ccccc1)NCCc1ccccc1)c1ccccc1,CO,,30.0,60.0,200.0,1.8216145520137395,outer
COc1ccc(C(=O)CN2C(=O)c3ccccc3C2=O)cc1,COc1ccc([C@@H](O)CN2C(=O)c3ccccc3C2=O)cc1,2005,Ru,OC1(CCCC1)c1cc(P(c2ccccc2)c2ccccc2)c(c2c1cccc2)c1c(cc(c2c1cccc2)C1(O)CCCC1)P(c1ccccc1)c1ccccc1,CCO,,102.04,80.0,100.0,1.8206939199274383,inner
CCCC(=O)c1ccccc1,CCC[C@H](O)c1ccccc1,2023,Ru,CCCCCN[C@H](c1ccnc2c1cccc2)[C@H]1CC2CCN1CC2C=C.C1CCC(CC1)P(C1CCCCC1)C1CCCCC1,CCO,[Ba+2].[OH-1].[OH-1],60.0,30.0,1000.0,1.819721363660544,outer
COC(=O)C(=O)c1ccccc1,COC(=O)[C@H](O)c1ccccc1,2005,Ru,CC1(C)Oc2c(O1)c(c1c3OC(Oc3ccc1P(c1ccccc1)c1ccccc1)(C)C)c(cc2)P(c1ccccc1)c1ccccc1,CO,[Al+3].[Cl-1].[Cl-1].[Cl-1],50.0,70.0,100.0,1.818074475083233,inner
CCOC(=O)C(=O)c1ccc(C)cc1,CCOC(=O)[C@H](O)c1ccc(C)cc1,2005,Ru,CC1(C)Oc2c(O1)c(c1c3OC(Oc3ccc1P(c1ccccc1)c1ccccc1)(C)C)c(cc2)P(c1ccccc1)c1ccccc1,CO,,50.0,70.0,100.0,1.818074475083233,inner
COC(=O)C(=O)c1ccccc1,COC(=O)[C@H](O)c1ccccc1,2005,Ru,CC1(C)Oc2c(O1)c(c1c3OC(Oc3ccc1P(c1ccccc1)c1ccccc1)(C)C)c(cc2)P(c1ccccc1)c1ccccc1,CO,F[B-1](F)(F)F.[H+],50.0,70.0,100.0,1.818074475083233,inner
CCOC(=O)C(=O)c1ccccc1C,CCOC(=O)[C@H](O)c1ccccc1C,2005,Ru,CC1(C)Oc2c(O1)c(c1c3OC(Oc3ccc1P(c1ccccc1)c1ccccc1)(C)C)c(cc2)P(c1ccccc1)c1ccccc1,CO,[Ce+3].[Cl-1].[Cl-1].O.O.O.O.O.O.[Cl-1].O,50.0,70.0,100.0,1.818074475083233,inner
CCOC(=O)C(=O)c1ccc(Cl)cc1,CCOC(=O)[C@H](O)c1ccc(Cl)cc1,2005,Ru,CC1(C)Oc2c(O1)c(c1c3OC(Oc3ccc1P(c1ccccc1)c1ccccc1)(C)C)c(cc2)P(c1ccccc1)c1ccccc1,CO,O=C1CC2C(C1(CC2)CS(=O)(=O)O)(C)C,50.0,70.0,100.0,1.818074475083233,inner
O=C(O)C(=O)c1ccccc1,O=C(O)[C@@H](O)c1ccccc1,2017,Ru,CC([C@H]1COC(=N1)C12C3[Ru-2]4567892(C1(P(c1ccccc1)c1ccccc1)C5C34)C1C6C9(C8(C71)P(c1ccccc1)c1ccccc1)C1=N[C@H](CO1)C(C)(C)C)(C)C.c1ccc(cc1)P(c1ccccc1)c1ccccc1,CO,[O-1]C(=O)C.[Na+].c1ccc(cc1)P(c1ccccc1)c1ccccc1,40.0,-10.0,50.0,1.817762127721358,inner
CC(=O)c1ccc2ccccc2c1,C[C@H](O)c1ccc2ccccc2c1,2004,Ru,c1ccc(cc1)P(c1cc(c2ccccc2)c2c(c1c1c(cc(c3c1cccc3)c1ccccc1)P(c1ccccc1)c1ccccc1)cccc2)c1ccccc1.N[C@@H]([C@@H](c1ccccc1)N)c1ccccc1,CC(O)C,[O-1]C(C)(C)C.[K+],47.62,25.0,1000.0,1.8169967036082924,outer
CC(=O)c1ccc2ccccc2c1,C[C@H](O)c1ccc2ccccc2c1,2023,Ru,CCCCCN[C@H](c1ccnc2c1cccc2)[C@H]1CC2CCN1CC2C=C.C1CCC(CC1)P(C1CCCCC1)C1CCCCC1,CCO,[Ba+2].[OH-1].[OH-1],60.0,25.0,1000.0,1.8169967036082924,outer
COc1ccc(C(C)=O)cc1,COc1ccc([C@H](C)O)cc1,2004,Ru,CCOP(=O)(c1cc(P(c2ccccc2)c2ccccc2)c(c2c1cccc2)c1c(cc(c2c1cccc2)P(=O)(OCC)OCC)P(c1ccccc1)c1ccccc1)OCC.N[C@@H]([C@@H](c1ccccc1)N)c1ccccc1,CC(O)C,[O-1]C(C)(C)C.[K+],47.62,25.0,1000.0,1.8169967036082924,outer
CCC(=O)c1ccccc1,CC[C@H](O)c1ccccc1,2004,Ru,c1ccc(cc1)P(c1cc(c2ccccc2)c2c(c1c1c(cc(c3c1cccc3)c1ccccc1)P(c1ccccc1)c1ccccc1)cccc2)c1ccccc1.N[C@@H]([C@@H](c1ccccc1)N)c1ccccc1,CC(O)C,[O-1]C(C)(C)C.[K+],47.62,25.0,1000.0,1.8169967036082924,outer
CCOC(=O)C(=O)CC(=O)Cc1ccccc1,CCOC(=O)[C@H](O)CC(=O)Cc1ccccc1,2019,Ru,CC1(C)Oc2c(O1)c(c1c3OC(Oc3ccc1P(c1ccccc1)c1ccccc1)(C)C)c(cc2)P(c1ccccc1)c1ccccc1,C1CCCO1,,20.0,70.0,200.0,1.8124843492572829,inner
O=C(CCNc1ccc(Br)cc1)c1ccccc1,O[C@H](CCNc1ccc(Br)cc1)c1ccccc1,2015,Ru,CC([C@H]1COC(=N1)C12C3[Ru]4567891(C2(C7C34)P(c1ccccc1)c1ccccc1)C1C5C9(C8(C61)P(c1ccccc1)c1ccccc1)C1=N[C@H](CO1)C(C)(C)C)(C)C.c1ccc(cc1)P(c1ccccc1)c1ccccc1,CCO,C1CCN2C(=NCCC2)CC1,50.0,25.0,200.0,1.8100665856486746,inner
CC(=O)c1ccccc1,C[C@H](O)c1ccccc1,2006,Ru,O=C(c1ccccc1P(c1ccccc1)c1ccccc1)c1ccccc1P(c1ccccc1)c1ccccc1.NC(C(c1ccccc1)N)c1ccccc1,CCO,[O-1]C(C)(C)C.[K+],80.0,25.0,1000.0,1.8100665856486746,outer
CCCCCCC(=O)C=C(c1ccccc1)c1ccccc1,CCCCCC[C@H](O)C=C(c1ccccc1)c1ccccc1,2014,Ru,c1ccc(cc1)P(c1ccccc1Oc1ccccc1P(c1ccccc1)c1ccccc1)c1ccccc1.c1ccc2c(c1)[C@H](NC2)[C@@H]1NCc2c1cccc2,CC(O)C,[O-1]C(C)(C)C.[K+],10.0,25.0,500.0,1.8100665856486746,outer
CC(=O)c1cccc(C)c1,Cc1cccc([C@H](C)O)c1,2006,Ru,O=C(c1ccccc1P(c1ccccc1)c1ccccc1)c1ccccc1P(c1ccccc1)c1ccccc1.NC(C(c1ccccc1)N)c1ccccc1,CCO,[O-1]C(C)(C)C.[K+],20.0,25.0,1000.0,1.8100665856486746,outer
CC(=O)c1ccc(C)cc1,Cc1ccc([C@@H](C)O)cc1,2025,Ru,OC[C@@H](NC(=O)CN[C@@H](C12C3[Fe]4567891(C2(C8C34)P(c1ccccc1)c1ccccc1)C1C5C6C9(C71)P(c1ccccc1)c1ccccc1)C)C,CC(O)C,[Na+].[O-1]C(C)(C)C,10.0,25.0,1000.0,1.8100665856486746,outer
CC(=O)c1ccccc1C(F)(F)F,C[C@H](O)c1ccccc1C(F)(F)F,2006,Ru,O=C(c1ccccc1P(c1ccccc1)c1ccccc1)c1ccccc1P(c1ccccc1)c1ccccc1.NC(C(c1ccccc1)N)c1ccccc1,CCO,[O-1]C(C)(C)C.[K+],20.0,25.0,1000.0,1.8100665856486746,outer
CC(=O)c1ccc2ccccc2c1,C[C@H](O)c1ccc2ccccc2c1,2006,Ru,O=C(c1ccccc1P(c1ccccc1)c1ccccc1)c1ccccc1P(c1ccccc1)c1ccccc1.NC(C(c1ccccc1)N)c1ccccc1,CCO,[O-1]C(C)(C)C.[K+],20.0,25.0,1000.0,1.8100665856486746,outer
CCCCCC(=O)[Si](C)(C)C(C)(C)C,CCCCC[C@H](O)[Si](C)(C)C(C)(C)C,2008,Ru,Cc1ccc(cc1)P(c1ccc2c(c1c1c(ccc3c1cccc3)P(c1ccc(cc1)C)c1ccc(cc1)C)cccc2)c1ccc(cc1)C.NCc1ccccn1,CCO,[O-1]C(C)(C)C.[K+],10.0,25.0,1200.000480000192,1.8100665856486746,outer
O=C(c1cccc(Cl)c1)c1ccccn1,O[C@@H](c1cccc(Cl)c1)c1ccccn1,2025,Ru,Cc1ccccc1[C@H](c1ccccn1)N[C@H](C12C3[Fe]4567891(C2(C8C34)P(c1ccccc1)c1ccccc1)C1C5C6C9(C71)P(c1ccccc1)c1ccccc1)C,COC(C)(C)C,C1CN=C2N(C1)CCC2,50.0,25.0,33.333333333333336,1.8100665856486746,outer
O=C(c1ccccc1)c1ccccn1,O[C@@H](c1ccccc1)c1ccccn1,2025,Ru,Cc1ccccc1[C@H](c1ccccn1)N[C@H](C12C3[Fe]4567891(C2(C8C34)P(c1ccccc1)c1ccccc1)C1C5C6C9(C71)P(c1ccccc1)c1ccccc1)C,COC(C)(C)C,C1CCN2C(=NCCC2)CC1,50.0,25.0,33.333333333333336,1.8100665856486746,outer
CC(C)C(=O)c1ccccc1,CC(C)[C@@H](O)c1ccccc1,2010,Ru,N(CC1=NC2C(O1)Cc1c2cccc1)CC1=NC2C(O1)Cc1c2cccc1,CC(O)C,[O-1]C(C)(C)C.[K+],5.0,25.0,100.0,1.8100665856486746,outer
CC(=O)c1ccccc1,C[C@@H](O)c1ccccc1,2010,Ru,CC1(C)O[C@@H]([C@H](O1)CP(c1ccccc1)c1ccccc1)CP(c1ccccc1)c1ccccc1.COc1ccc2c(c1)[nH]c(n2)[C@@H](N)C,CCOCC,[O-1]C(C)(C)C.[K+],8.0,25.0,1000.0,1.8100665856486746,outer
CC(=O)c1ccc(C)cc1,Cc1ccc([C@@H](C)O)cc1,2006,Ru,O=C(c1ccccc1P(c1ccccc1)c1ccccc1)c1ccccc1P(c1ccccc1)c1ccccc1.N[C@H]([C@H](c1ccccc1)N)c1ccccc1,CC(O)C,[K+].[OH-1],15.0,25.0,250.0,1.8100665856486746,outer
CC(=O)c1ccccc1,C[C@H](O)c1ccccc1,2013,Ru,Clc1ccc2c(c1)[C@H](NC2)[C@H]1NCc2c1cc(Cl)cc2.c1ccc(cc1)P(c1ccccc1)c1ccccc1,CC(O)C,[K+].[O-1]C(C)(C)C,10.0,25.0,,1.8100665856486746,outer
CC(=O)c1ccccc1,C[C@H](O)c1ccccc1,2006,Ru,O=C(c1ccccc1P(c1ccccc1)c1ccccc1)c1ccccc1P(c1ccccc1)c1ccccc1.NC(C(c1ccccc1)N)c1ccccc1,CCO,[O-1]C(C)(C)C.[K+],40.0,25.0,1000.0,1.8100665856486746,outer
O=C(O)C(=O)c1ccccc1,O=C(O)[C@@H](O)c1ccccc1,2017,Ru,CC([C@H]1COC(=N1)C12C3[Ru-2]4567892(C1(P(c1ccccc1)c1ccccc1)C5C34)C1C6C9(C8(C71)P(c1ccccc1)c1ccccc1)C1=N[C@H](CO1)C(C)(C)C)(C)C.c1ccc(cc1)P(c1ccccc1)c1ccccc1,CO,[O-1]C(=O)C.[Na+].Cc1cc(C)cc(c1P(c1c(C)cc(cc1C)C)c1c(C)cc(cc1C)C)C,40.0,25.0,50.0,1.8100665856486746,inner
CCCC(=O)c1ccccc1,CCC[C@@H](O)c1ccccc1,2004,Ru,COc1c(C)cc(cc1C)P([C@H]1CCC[C@H]1[C@@H]1CCC[C@@H]1P(c1cc(C)c(c(c1)C)OC)c1cc(C)c(c(c1)C)OC)c1cc(C)c(c(c1)C)OC.CCCSc1ccccc1N,CCO,[O-1]C(C)(C)C.[Na+],7.0,25.0,500.0,1.8100665856486746,outer
CC(=O)/C=C(\C)c1ccccc1,C/C(=C\[C@H](C)O)c1ccccc1,2014,Ru,c1ccc(cc1)P(c1ccccc1Oc1ccccc1P(c1ccccc1)c1ccccc1)c1ccccc1.c1ccc2c(c1)[C@H](NC2)[C@@H]1NCc2c1cccc2,CCCO,[O-1]C(C)(C)C.[K+],10.0,25.0,1000.0,1.8100665856486746,outer
COc1ccccc1C(C)=O,COc1ccccc1[C@H](C)O,2021,Ru,COc1ccccc1P(c1ccccc1OC)c1ccccc1OC.C=CC1CN2CCC1CC2[C@@H](c1ccnc2c1cccc2)N,CCCO,[Li+].[OH-1],60.0,30.0,250.0,1.8062713102590537,outer
CC(=O)c1ccc(C(C)(C)C)cc1,C[C@H](O)c1ccc(C(C)(C)C)cc1,2004,Ru,Cc1cc(P(c2ccccc2)c2ccccc2)c(c2c1cccc2)c1c(cc(c2c1cccc2)C)P(c1ccccc1)c1ccccc1.N[C@@H]([C@@H](c1ccccc1)N)c1ccccc1,CC(O)C,[O-1]C(C)(C)C.[K+],47.62,25.0,1000.0,1.803209455929095,outer
O=C(CC(=O)c1ccccc1Cl)c1ccccc1,O=C(C[C@@H](O)c1ccccc1Cl)c1ccccc1,2019,Ru,CC1(C)Oc2c(O1)c(c1c3OC(Oc3ccc1P(c1ccccc1)c1ccccc1)(C)C)c(cc2)P(c1ccccc1)c1ccccc1,C1CCCO1,,20.0,70.0,200.0,1.8014221231023244,inner
CC(=O)c1ccc(F)cc1,C[C@H](O)c1ccc(F)cc1,2006,Ru,Brc1ccccc1p1oc2ccc3c(c2c2c(o1)ccc1c2cccc1)cccc3.N[C@@H]1CCCC[C@H]1N,CC(O)C,[O-1]C(C)(C)C.[K+],80.0,0.0,500.0,1.8003604113808949,outer
CC(=O)c1ccccc1,C[C@@H](O)c1ccccc1,2005,Ru,Brc1ccccc1p1oc2ccc3c(c2c2c(o1)ccc1c2cccc1)cccc3.N[C@H]([C@H](c1ccccc1)N)c1ccccc1,CC(O)C,[O-1]C(C)(C)C.[K+],50.0,0.0,2000.0,1.8003604113808949,outer
CC(=O)c1cccc(C(F)(F)F)c1,C[C@H](O)c1cccc(C(F)(F)F)c1,2006,Ru,Brc1ccccc1p1oc2ccc3c(c2c2c(o1)ccc1c2cccc1)cccc3.N[C@@H]1CCCC[C@H]1N,CC(O)C,[O-1]C(C)(C)C.[K+],80.0,0.0,300.3003003003003,1.8003604113808949,outer
CC(=O)c1ccncc1,C[C@@H](O)c1ccncc1,2005,Ru,Brc1ccccc1p1oc2ccc3c(c2c2c(o1)ccc1c2cccc1)cccc3.N[C@H]([C@H](c1ccccc1)N)c1ccccc1,CC(O)C,[O-1]C(C)(C)C.[K+],55.0,0.0,200.0,1.8003604113808949,outer
Cc1ccc(C(=O)C(=O)O)cc1,Cc1ccc([C@H](O)C(=O)O)cc1,2017,Ru,CC([C@H]1COC(=N1)C12C3[Ru-2]4567892(C1(P(c1ccccc1)c1ccccc1)C5C34)C1C6C9(C8(C71)P(c1ccccc1)c1ccccc1)C1=N[C@H](CO1)C(C)(C)C)(C)C.c1ccc(cc1)P(c1ccccc1)c1ccccc1,CO,[O-1]C(=O)C.[Na+].c1ccc(cc1)P(c1ccccc1)c1ccccc1,40.0,0.0,50.0,1.8003604113808949,inner
O=C(O)C(=O)c1ccc2ccccc2c1,O=C(O)[C@@H](O)c1ccc2ccccc2c1,2017,Ru,CC([C@H]1COC(=N1)C12C3[Ru-2]4567892(C1(P(c1ccccc1)c1ccccc1)C5C34)C1C6C9(C8(C71)P(c1ccccc1)c1ccccc1)C1=N[C@H](CO1)C(C)(C)C)(C)C.c1ccc(cc1)P(c1ccccc1)c1ccccc1,CO,[O-1]C(=O)C.[Na+].c1ccc(cc1)P(c1ccccc1)c1ccccc1,40.0,0.0,50.0,1.8003604113808949,inner
Cc1cccc(C(=O)C(=O)O)c1,Cc1cccc([C@H](O)C(=O)O)c1,2017,Ru,CC([C@H]1COC(=N1)C12C3[Ru-2]4567892(C1(P(c1ccccc1)c1ccccc1)C5C34)C1C6C9(C8(C71)P(c1ccccc1)c1ccccc1)C1=N[C@H](CO1)C(C)(C)C)(C)C.c1ccc(cc1)P(c1ccccc1)c1ccccc1,CO,[O-1]C(=O)C.[Na+].c1ccc(cc1)P(c1ccccc1)c1ccccc1,40.0,0.0,50.0,1.8003604113808949,inner
CC(=O)c1ccccc1,C[C@@H](O)c1ccccc1,2009,Ru,C[C@@H]1C[C@@H](C)Oc2c(-c3c(O1)cccc3P(c1cc(C)cc(c1)C)c1cc(C)cc(c1)C)c(ccc2)P(c1cc(C)cc(c1)C)c1cc(C)cc(c1)C.N[C@H]1CCCC[C@@H]1N,CC(O)C,[O-1]C(C)(C)C.[K+],50.0,21.0,10000.0,1.7995305396148966,outer
C/C=C(\C)C(C)=O,C/C=C(\C)[C@H](C)O,2013,Ru,CC(Sc1cc(ccc1/C=N/[C@@H]1CCCC[C@H]1/N=C/c1ccc(cc1SC(C)(C)C)C(C)(C)C)C(C)(C)C)(C)C,CC(O)C,[K+].[OH-1],50.0,23.0,2000.0,1.7979245994964115,inner
COc1ccc(C(C)=O)cc1,COc1ccc([C@H](C)O)cc1,2004,Ru,OC1(CCCC1)c1cc(P(c2ccccc2)c2ccccc2)c(c2c1cccc2)c1c(cc(c2c1cccc2)C1(O)CCCC1)P(c1ccccc1)c1ccccc1.N[C@@H]([C@@H](c1ccccc1)N)c1ccccc1,CC(O)C,[O-1]C(C)(C)C.[K+],47.62,25.0,1000.0,1.7964237153097928,outer
O=C1CCCCc2ccccc21,O[C@@H]1CCCCc2ccccc21,2020,Ru,C[C@H](c1cccc2c1cccc2)N1CC[N+](=[C-1]1)[C@@H](c1cccc2c1cccc2)C.N[C@@H]([C@@H](c1ccc(cc1)C)N)c1ccc(cc1)C,CC(O)C,[O-1]C(C)(C)C.[Na+],7.5,22.0,3333.3333333333335,1.7918536064202797,outer
CN(CCC(=O)c1ccccc1)Cc1ccccc1,CN(CC[C@@H](O)c1ccccc1)Cc1ccccc1,2013,Ru,CC([C@H]1COC(=N1)C12C3[Ru]4567891(C2(C7C34)P(c1ccccc1)c1ccccc1)C1C5C9(C8(C61)P(c1ccccc1)c1ccccc1)C1=N[C@H](CO1)C(C)(C)C)(C)C,Cc1ccccc1.O,[O-1]C(=O)[O-1].[K+].[K+],20.0,25.0,400.0,1.789707816511269,inner
Cc1ccccc1C(=O)c1ccccc1,Cc1ccccc1[C@@H](O)c1ccccc1,2023,Ru,CC([C@H]1COC(=N1)C12C3[Ru]4567891(C2(C7C34)P(c1ccccc1)c1ccccc1)C1C5C9(C8(C61)P(c1ccccc1)c1ccccc1)C1=N[C@H](CO1)C(C)(C)C)(C)C.c1ccc(cc1)P(c1ccccc1)c1ccccc1,CC(O)C,[K+].[OH-1],40.0,10.0,100.0,1.7882136000676352,inner
O=C(c1ccc(Cl)cc1)c1ccccc1Cl,O[C@@H](c1ccc(Cl)cc1)c1ccccc1Cl,2023,Ru,CC([C@H]1COC(=N1)C12C3[Ru]4567891(C2(C7C34)P(c1ccccc1)c1ccccc1)C1C5C9(C8(C61)P(c1ccccc1)c1ccccc1)C1=N[C@H](CO1)C(C)(C)C)(C)C.c1ccc(cc1)P(c1ccccc1)c1ccccc1,C1CCCO1,[K+].[OH-1],40.0,10.0,100.0,1.7882136000676352,inner
Cc1ccc(C(=O)c2ccccc2C)cc1,Cc1ccc([C@H](O)c2ccccc2C)cc1,2023,Ru,CC([C@H]1COC(=N1)C12C3[Ru]4567891(C2(C7C34)P(c1ccccc1)c1ccccc1)C1C5C9(C8(C61)P(c1ccccc1)c1ccccc1)C1=N[C@H](CO1)C(C)(C)C)(C)C.c1ccc(cc1)P(c1ccccc1)c1ccccc1,C1CCCO1,[K+].[OH-1],40.0,10.0,100.0,1.7882136000676352,inner
O=C(c1ccccc1)c1cccc2ccccc12,O[C@@H](c1ccccc1)c1cccc2ccccc12,2023,Ru,CC([C@H]1COC(=N1)C12C3[Ru]4567891(C2(C7C34)P(c1ccccc1)c1ccccc1)C1C5C9(C8(C61)P(c1ccccc1)c1ccccc1)C1=N[C@H](CO1)C(C)(C)C)(C)C.c1ccc(cc1)P(c1ccccc1)c1ccccc1,C1CCCO1,[K+].[OH-1],40.0,10.0,100.0,1.7882136000676352,inner
Cc1ccccc1C(=O)c1ccccc1,Cc1ccccc1[C@@H](O)c1ccccc1,2023,Ru,CC([C@H]1COC(=N1)C12C3[Ru]4567891(C2(C7C34)P(c1ccccc1)c1ccccc1)C1C5C9(C8(C61)P(c1ccccc1)c1ccccc1)C1=N[C@H](CO1)C(C)(C)C)(C)C.c1ccc(cc1)P(c1ccccc1)c1ccccc1,C1CCCO1,[Na+].[OH-1],40.0,10.0,100.0,1.7882136000676352,inner
Cc1ccccc1C(=O)c1cccc(F)c1,Cc1ccccc1[C@@H](O)c1cccc(F)c1,2023,Ru,CC([C@H]1COC(=N1)C12C3[Ru]4567891(C2(C7C34)P(c1ccccc1)c1ccccc1)C1C5C9(C8(C61)P(c1ccccc1)c1ccccc1)C1=N[C@H](CO1)C(C)(C)C)(C)C.c1ccc(cc1)P(c1ccccc1)c1ccccc1,C1CCCO1,[K+].[OH-1],40.0,10.0,100.0,1.7882136000676352,inner
COc1ccccc1C(C)=O,COc1ccccc1[C@H](C)O,2015,Ru,C[N+]1(CCCC1)C[C@@H]1COC(=N1)C12C3[Fe]4567891(C2(C9C34)P(c1ccccc1)c1ccccc1)C1C7C6C5C81,Cc1ccccc1.O,[K+].[OH-1],20.0,30.0,10000.0,1.7801594872988415,inner
CC(=O)c1ccccc1,C[C@@H](O)c1ccccc1,2010,Ru,c1ccc(cc1)P(c1ccc2c(c1c1c(ccc3c1cccc3)P(c1ccccc1)c1ccccc1)cccc2)c1ccccc1.CN[C@H]1CCCC[C@@H]1NC,CC(O)C,[OH-1].[K+],30.0,20.0,3003.003003003003,1.779711620268016,outer
COc1ccc(C(C)=O)cc1,COc1ccc([C@@H](C)O)cc1,2010,Ru,c1ccc(cc1)P(c1ccc2c(c1c1c(ccc3c1cccc3)P(c1ccccc1)c1ccccc1)cccc2)c1ccccc1.CN[C@H]1CCCC[C@@H]1NC,CC(O)C,[OH-1].[K+],30.0,20.0,3003.003003003003,1.779711620268016,outer
COc1ccc(C(=O)CN2C(=O)c3ccccc3C2=O)cc1,COc1ccc([C@@H](O)CN2C(=O)c3ccccc3C2=O)cc1,2005,Ru,Brc1cc(P(c2ccccc2)c2ccccc2)c(c2c1cccc2)c1c(cc(c2c1cccc2)Br)P(c1ccccc1)c1ccccc1,CCO,,102.04,80.0,100.0,1.7783999857117934,inner
CC(=O)C=C(C)C,CC(C)=C[C@H](C)O,2003,Ru,COc1nc(OC)cc(c1c1c(OC)nc(cc1P(c1cc(C)cc(c1)C)c1cc(C)cc(c1)C)OC)P(c1cc(C)cc(c1)C)c1cc(C)cc(c1)C.N[C@@H]([C@@H](c1ccccc1)N)c1ccccc1,CC(O)C,[O-1]C(C)(C)C.[K+],34.02286336,27.5,12004.801920768306,1.7783005202387319,outer
CC(=O)c1ccc(Cl)cc1,C[C@H](O)c1ccc(Cl)cc1,2004,Ru,C[Si](c1cc(P(c2ccccc2)c2ccccc2)c(c2c1cccc2)c1c(cc(c2c1cccc2)[Si](C)(C)C)P(c1ccccc1)c1ccccc1)(C)C.N[C@@H]([C@@H](c1ccccc1)N)c1ccccc1,CC(O)C,[O-1]C(C)(C)C.[K+],47.62,25.0,1000.0,1.7764796013647923,outer
CC(=O)c1cc(C(F)(F)F)cc(C(F)(F)F)c1,C[C@@H](O)c1cc(C(F)(F)F)cc(C(F)(F)F)c1,2014,Ru,CC1(C)O[C@@H]([C@H](O1)CP(c1ccccc1)c1ccccc1)CP(c1ccccc1)c1ccccc1.N[C@@H](c1nc2c([nH]1)cccc2)C(C)C,Cc1ccccc1.CC(O)(C)C,[O-1]C(C)(C)C.[K+].c1ccc(cc1)P(c1ccccc1)c1ccccc1,8.0,25.0,1000.0,1.7764796013647923,outer
CCC(=O)c1ccccc1,CC[C@H](O)c1ccccc1,2004,Ru,Cc1cc(P(c2ccccc2)c2ccccc2)c(c2c1cccc2)c1c(cc(c2c1cccc2)C)P(c1ccccc1)c1ccccc1.N[C@@H]([C@@H](c1ccccc1)N)c1ccccc1,CC(O)C,[O-1]C(C)(C)C.[K+],47.62,25.0,1000.0,1.7764796013647923,outer
O=C1CN2CCC1CC2,O[C@H]1CN2CCC1CC2,2009,Ru,C[C@H](P(c1cc(C)cc(c1)C)c1cc(C)cc(c1)C)C[C@@H](P(c1cc(C)cc(c1)C)c1cc(C)cc(c1)C)C.NCc1ccccn1,CCO,[O-1]C(C)(C)C.[K+],10.0,30.0,49999.99999999999,1.773787987608974,outer
CC(=O)C=C(C)C,CC(C)=C[C@H](C)O,2003,Ru,COc1nc(OC)cc(c1c1c(OC)nc(cc1P(c1cc(C)cc(c1)C)c1cc(C)cc(c1)C)OC)P(c1cc(C)cc(c1)C)c1cc(C)cc(c1)C.N[C@@H]([C@@H](c1ccccc1)N)c1ccccc1,CC(O)C,[O-1]C(C)(C)C.[K+],23.81600435,27.5,2000.0,1.771858721927074,outer
CC(=O)C#Cc1ccc(Cl)cc1,C[C@H](O)C#Cc1ccc(Cl)cc1,2013,Ru,Cc1ccc(cc1)S(=O)(=O)N[C@H]([C@H](c1ccccc1)N)c1ccccc1,CO,,10.0,50.0,200.0,1.7669360422729699,outer
CCOC(=O)C(=O)c1ccc(Br)cc1,CCOC(=O)[C@H](O)c1ccc(Br)cc1,2005,Ru,CC1(C)Oc2c(O1)c(c1c3OC(Oc3ccc1P(c1ccccc1)c1ccccc1)(C)C)c(cc2)P(c1ccccc1)c1ccccc1,CO,O=C1CC2C(C1(CC2)CS(=O)(=O)O)(C)C,50.0,70.0,100.0,1.7638833295145495,inner
CN(CCC(=O)c1ccccc1)Cc1ccccc1,CN(CC[C@@H](O)c1ccccc1)Cc1ccccc1,2013,Ru,CC([C@H]1COC(=N1)C12C3[Ru]4567891(C2(C7C34)P(c1ccccc1)c1ccccc1)C1C5C9(C8(C61)P(c1ccccc1)c1ccccc1)C1=N[C@H](CO1)C(C)(C)C)(C)C,CO,[O-1]C(=O)[O-1].[K+].[K+],20.0,25.0,400.0,1.763513388023209,inner
CC(=O)c1cc(C(F)(F)F)cc(C(F)(F)F)c1,C[C@@H](O)c1cc(C(F)(F)F)cc(C(F)(F)F)c1,2014,Ru,CC1(C)O[C@@H]([C@H](O1)CP(c1ccccc1)c1ccccc1)CP(c1ccccc1)c1ccccc1.C[C@H](c1nc2c([nH]1)c(C)ccc2C)N,Cc1ccccc1,[O-1]C(C)(C)C.[K+],30.0,25.0,10905.125408942202,1.763513388023209,outer
CC(=O)c1cc(C(F)(F)F)cc(C(F)(F)F)c1,C[C@@H](O)c1cc(C(F)(F)F)cc(C(F)(F)F)c1,2014,Ru,CC1(C)O[C@@H]([C@H](O1)CP(c1ccccc1)c1ccccc1)CP(c1ccccc1)c1ccccc1.N[C@@H](c1nc2c([nH]1)cccc2)C(C)C,Cc1ccccc1.CC(O)(C)C,[O-1]C(C)(C)C.[K+],8.0,25.0,1000.0,1.763513388023209,outer
CC(=O)c1cccc(Cl)c1,C[C@H](O)c1cccc(Cl)c1,2023,Ru,CCCCCN[C@H](c1ccnc2c1cccc2)[C@H]1CC2CCN1CC2C=C.C1CCC(CC1)P(C1CCCCC1)C1CCCCC1,CCO,[Ba+2].[OH-1].[OH-1],60.0,30.0,1000.0,1.7612240352461916,outer
CC(=O)c1cc(C(F)(F)F)cc(C(F)(F)F)c1,C[C@@H](O)c1cc(C(F)(F)F)cc(C(F)(F)F)c1,2014,Ru,CC1(C)O[C@@H]([C@H](O1)CP(c1ccccc1)c1ccccc1)CP(c1ccccc1)c1ccccc1.C[C@H](c1nc2c([nH]1)cccc2)N,Cc1ccccc1.CC(O)(C)C,[O-1]C(C)(C)C.[K+],8.0,25.0,1000.0,1.757125155305362,outer
CC(=O)c1ccccc1,C[C@H](O)c1ccccc1,2021,Ru,COc1ccccc1P(c1ccccc1OC)c1ccccc1OC.C=CC1CN2CCC1CC2[C@@H](c1ccnc2c1cccc2)N,CC(O)C,[Li+].[OH-1],60.0,25.0,500.0,1.757125155305362,outer
CC(=O)c1cccc2ccccc12,C[C@H](O)c1cccc2ccccc12,2004,Ru,Clc1ccc2c(c1)c(cc(c2c1c(cc(c2c1ccc(c2)Cl)c1ccccc1)P(c1cc(C)cc(c1)C)c1cc(C)cc(c1)C)P(c1cc(C)cc(c1)C)c1cc(C)cc(c1)C)c1ccccc1.N[C@@H]([C@@H](c1ccccc1)N)c1ccccc1,CC(O)C,[O-1]C(C)(C)C.[K+],48.3,25.0,1000.0,1.7507984533668137,outer
CC(=O)c1ccccc1,C[C@H](O)c1ccccc1,2015,Ru,C[N+]1(CCCC1)C[C@@H]1COC(=N1)C12C3[Fe]4567891(C2(C9C34)P(c1ccccc1)c1ccccc1)C1C7C6C5C81,Cc1ccccc1.O,[K+].[OH-1],20.0,30.0,200.0,1.7488910693051953,inner
CC(=O)c1cc(C(F)(F)F)cc(C(F)(F)F)c1,C[C@@H](O)c1cc(C(F)(F)F)cc(C(F)(F)F)c1,2004,Ru,COc1c(C)cc(cc1C)P([C@H]1CCC[C@H]1[C@@H]1CCC[C@@H]1P(c1cc(C)c(c(c1)C)OC)c1cc(C)c(c(c1)C)OC)c1cc(C)c(c(c1)C)OC.CCCSc1ccccc1N,CCO,[O-1]C(C)(C)C.[Na+],7.0,25.0,1000.0,1.744532041911976,outer
O=C(O)C(=O)c1ccccc1,O=C(O)[C@@H](O)c1ccccc1,2017,Ru,CC([C@H]1COC(=N1)C12C3[Ru-2]4567892(C1(P(c1ccccc1)c1ccccc1)C5C34)C1C6C9(C8(C71)P(c1ccccc1)c1ccccc1)C1=N[C@H](CO1)C(C)(C)C)(C)C.c1ccc(cc1)P(c1ccccc1)c1ccccc1,CO,[O-1]C(=O)C.[Na+],40.0,25.0,50.0,1.744532041911976,inner
CC(=O)c1ccccc1,C[C@H](O)c1ccccc1,2003,Ru,c1ccc(cc1)P(c1cccc2c1C1(CC2)CCc2c1c(ccc2)P(c1ccccc1)c1ccccc1)c1ccccc1.N[C@@H]([C@@H](c1ccccc1)N)c1ccccc1,CC(O)C,[O-1]C(C)(C)C.[K+],50.0,25.0,5000.0,1.744532041911976,outer
CCC/C=C/C(=O)[Si](C)(C)c1ccccc1,CCC/C=C/[C@H](O)[Si](C)(C)c1ccccc1,2008,Ru,Cc1ccc(cc1)P(c1ccc2c(c1c1c(ccc3c1cccc3)P(c1ccc(cc1)C)c1ccc(cc1)C)cccc2)c1ccc(cc1)C.NCc1ccccn1,CCO,[O-1]C(C)(C)C.[K+],10.0,25.0,349.9999825000009,1.744532041911976,outer
CC(=O)c1ccc2c(c1)OCO2,C[C@@H](O)c1ccc2c(c1)OCO2,2025,Ru,OC[C@@H](NC(=O)CN[C@@H](C12C3[Fe]4567891(C2(C8C34)P(c1ccccc1)c1ccccc1)C1C5C6C9(C71)P(c1ccccc1)c1ccccc1)C)C,CC(O)C,[Na+].[O-1]C(C)(C)C,10.0,25.0,1000.0,1.744532041911976,outer
CC(=O)c1ccc(F)cc1,C[C@@H](O)c1ccc(F)cc1,2025,Ru,OC[C@@H](NC(=O)CN[C@@H](C12C3[Fe]4567891(C2(C8C34)P(c1ccccc1)c1ccccc1)C1C5C6C9(C71)P(c1ccccc1)c1ccccc1)C)C,CC(O)C,[Na+].[O-1]C(C)(C)C,10.0,25.0,1000.0,1.744532041911976,outer
CC(=O)c1cc(C(F)(F)F)cc(C(F)(F)F)c1,C[C@@H](O)c1cc(C(F)(F)F)cc(C(F)(F)F)c1,2014,Ru,CC1(C)O[C@@H]([C@H](O1)CP(c1ccccc1)c1ccccc1)CP(c1ccccc1)c1ccccc1.C[C@H](c1nc2c([nH]1)c(C)ccc2C)N,Cc1ccccc1,[O-1]C(C)(C)C.[K+],30.0,25.0,5518.763796909492,1.744532041911976,outer
O=C(O)C(=O)c1ccccc1,O=C(O)[C@@H](O)c1ccccc1,2017,Ru,CC([C@H]1COC(=N1)C12C3[Ru-2]4567892(C1(P(c1ccccc1)c1ccccc1)C5C34)C1C6C9(C8(C71)P(c1ccccc1)c1ccccc1)C1=N[C@H](CO1)C(C)(C)C)(C)C.c1ccc(cc1)P(c1ccccc1)c1ccccc1,CO,[O-1]C(=O)C.[Na+].Fc1c(P(c2c(F)c(F)c(c(c2F)F)F)c2c(F)c(F)c(c(c2F)F)F)c(F)c(c(c1F)F)F,40.0,25.0,50.0,1.744532041911976,inner
O=C(CCNCc1ccccc1)c1ccccc1,O[C@H](CCNCc1ccccc1)c1ccccc1,2015,Ru,CC([C@H]1COC(=N1)C12C3[Ru]4567891(C2(C7C34)P(c1ccccc1)c1ccccc1)C1C5C9(C8(C61)P(c1ccccc1)c1ccccc1)C1=N[C@H](CO1)C(C)(C)C)(C)C.c1ccc(cc1)P(c1ccccc1)c1ccccc1,CO,[O-1]C(=O)O.[K+],50.0,25.0,200.0,1.744532041911976,inner
COCC(=O)c1ccc(C(F)(F)F)cc1,COC[C@H](O)c1ccc(C(F)(F)F)cc1,2004,Ru,C1C[C@@H]([C@@H](C1)P(c1ccccc1)c1ccccc1)[C@H]1CCC[C@H]1P(c1ccccc1)c1ccccc1.NCCSC(C)(C)C,CCCCO,[O-1]C(C)(C)C.[Na+],7.0,25.0,200.0,1.744532041911976,outer
CCCC(=O)c1ccccc1,CCC[C@H](O)c1ccccc1,2004,Ru,C1C[C@@H]([C@@H](C1)P(c1ccccc1)c1ccccc1)[C@H]1CCC[C@H]1P(c1ccccc1)c1ccccc1.CCCSc1ccccc1N,CCO,[O-1]C(C)(C)C.[Na+],7.0,25.0,500.0,1.744532041911976,outer
CC(=O)c1ccccc1,C[C@H](O)c1ccccc1,2006,Ru,O=C(c1ccccc1P(c1ccccc1)c1ccccc1)c1ccccc1P(c1ccccc1)c1ccccc1.NC(C(c1ccccc1)N)c1ccccc1,CCO,[O-1]C(C)(C)C.[K+],20.0,25.0,1000.0,1.744532041911976,outer
CC(=O)c1ccccc1,C[C@H](O)c1ccccc1,2002,Ru,Cc1cc(P(c2ccccc2)c2ccccc2)c(c(c1C)C)c1c(C)c(C)c(cc1P(c1ccccc1)c1ccccc1)C.COc1ccc(cc1)C(c1ccc(cc1)OC)([C@@H](C(C)C)N)N,CC(O)C.CC(O)(C)C,[O-1]C(C)(C)C.[K+],8.17,25.0,3030.3030303030305,1.744532041911976,outer
CC(=O)c1ccccc1,C[C@H](O)c1ccccc1,2006,Ru,O=C(c1ccccc1P(c1ccccc1)c1ccccc1)c1ccccc1P(c1ccccc1)c1ccccc1.NC(C(c1ccccc1)N)c1ccccc1,CCO,[O-1]C(C)(C)C.[K+],10.0,25.0,1000.0,1.744532041911976,outer
CCCC(=O)c1ccccc1,CCC[C@H](O)c1ccccc1,2020,Ru,O=C(c1ccccc1P(C(C)(C)C)C)N[C@@H]1CCCC[C@H]1NC(=O)c1ccccc1P(C(C)(C)C)C,CC(O)C,[O-1]C(C)(C)C.[K+],30.0,25.0,100.0,1.744532041911976,outer
CC(=O)c1ccccc1,C[C@H](O)c1ccccc1,2013,Ru,Fc1ccc2c(c1)[C@H](NC2)[C@H]1NCc2c1cc(F)cc2.c1ccc(cc1)P(c1ccccc1)c1ccccc1,CC(O)C,[K+].[O-1]C(C)(C)C,10.0,25.0,,1.744532041911976,outer
CC(=O)c1ccc(I)cc1,C[C@H](O)c1ccc(I)cc1,2013,Ru,c1ccc2c(c1)[C@H](NC2)[C@H]1NCc2c1cccc2.c1ccc(cc1)P(c1ccccc1)c1ccccc1,CC(O)C,[K+].[O-1]C(C)(C)C,10.0,25.0,,1.744532041911976,outer
O=C(c1ccccc1)c1ccccn1,O[C@@H](c1ccccc1)c1ccccn1,2025,Ru,CCc1ccccc1[C@H](c1ccccn1)N[C@H](C12C3[Fe]4567891(C2(C8C34)P(c1ccccc1)c1ccccc1)C1C5C6C9(C71)P(c1ccccc1)c1ccccc1)C,COC(C)(C)C,C1CN=C2N(C1)CCC2,50.0,25.0,33.333333333333336,1.744532041911976,outer
CC(=O)c1cc(C(F)(F)F)cc(C(F)(F)F)c1,C[C@@H](O)c1cc(C(F)(F)F)cc(C(F)(F)F)c1,2014,Ru,CC1(C)O[C@@H]([C@H](O1)CP(c1ccccc1)c1ccccc1)CP(c1ccccc1)c1ccccc1.C[C@H](c1nc2c([nH]1)c(C)ccc2C)N,Cc1ccccc1.CC(O)(C)C,[O-1]C(C)(C)C.[K+],8.0,25.0,1000.0,1.744532041911976,outer
COc1cccc(C(C)=O)c1,COc1cccc([C@@H](C)O)c1,2010,Ru,N(CC1=NC2C(O1)Cc1c2cccc1)CC1=NC2C(O1)Cc1c2cccc1,CC(O)C,[O-1]C(C)(C)C.[K+],5.0,25.0,100.0,1.744532041911976,outer
O=C1CCOc2ccc(Cl)cc21,O[C@@H]1CCOc2ccc(Cl)cc21,2024,Ru,COC[C@@H](N[C@@H](C[C@H](P(c1ccccc1)c1ccccc1)C)C)C,CC(O)C,[K+].[O-1]C(C)(C)C,70.0,25.0,200.0,1.744532041911976,outer
O=C(O)C(=O)c1ccccc1,O=C(O)[C@@H](O)c1ccccc1,2017,Ru,CC([C@H]1COC(=N1)C12C3[Ru-2]4567892(C1(P(c1ccccc1)c1ccccc1)C5C34)C1C6C9(C8(C71)P(c1ccccc1)c1ccccc1)C1=N[C@H](CO1)C(C)(C)C)(C)C.c1ccc(cc1)P(c1ccccc1)c1ccccc1,CO,[O-1]C(=O)C.[Na+].F[B-1](F)(F)F.[Na+],40.0,25.0,50.0,1.744532041911976,inner
O=C(O)C(=O)c1ccccc1,O=C(O)[C@@H](O)c1ccccc1,2017,Ru,CC([C@H]1COC(=N1)C12C3[Ru-2]4567892(C1(P(c1ccccc1)c1ccccc1)C5C34)C1C6C9(C8(C71)P(c1ccccc1)c1ccccc1)C1=N[C@H](CO1)C(C)(C)C)(C)C.c1ccc(cc1)P(c1ccccc1)c1ccccc1,CO,[O-1]C(=O)C.[Na+].CP(C)C,40.0,25.0,50.0,1.744532041911976,inner
CC(=O)c1ccccc1,C[C@H](O)c1ccccc1,2010,Ru,CC1(C)O[C@@H]([C@H](O1)CP(c1ccccc1)c1ccccc1)CP(c1ccccc1)c1ccccc1.COc1ccc2c(c1)[nH]c(n2)[C@@H](N)C,CC(O)(C)C,[O-1]C(C)(C)C.[K+],8.0,25.0,1000.0,1.744532041911976,outer
O=C(CCNc1ccccc1)c1ccccc1,O[C@H](CCNc1ccccc1)c1ccccc1,2015,Ru,CC([C@H]1COC(=N1)C12C3[Ru]4567891(C2(C7C34)P(c1ccccc1)c1ccccc1)C1C5C9(C8(C61)P(c1ccccc1)c1ccccc1)C1=N[C@H](CO1)C(C)(C)C)(C)C.c1ccc(cc1)P(c1ccccc1)c1ccccc1,CCO,C1CCN2C(=NCCC2)CC1,50.0,25.0,200.0,1.744532041911976,inner
CC(=O)c1ccccc1,C[C@@H](O)c1ccccc1,2006,Ru,O=C(c1ccccc1P(c1ccccc1)c1ccccc1)c1ccccc1P(c1ccccc1)c1ccccc1.N[C@H]([C@H](c1ccccc1)N)c1ccccc1,CC(O)C,[K+].[OH-1],15.0,25.0,250.0,1.744532041911976,outer
CC(=O)c1ccccc1Cl,C[C@H](O)c1ccccc1Cl,2006,Ru,O=C(c1ccccc1P(c1ccccc1)c1ccccc1)c1ccccc1P(c1ccccc1)c1ccccc1.NC(C(c1ccccc1)N)c1ccccc1,CCO,[O-1]C(C)(C)C.[K+],20.0,25.0,1000.0,1.744532041911976,outer
O=C1CCCc2ccccc21,O[C@@H]1CCCc2ccccc21,2004,Ru,Cc1ccc(cc1)P(c1ccc2c(c1c1c(ccc3c1cccc3)P(c1ccc(cc1)C)c1ccc(cc1)C)cccc2)c1ccc(cc1)C.C[C@H]([C@H]1OC(O[C@@H]1[C@H](N)C)(C)C)N,CC(O)C,[O-1]C(C)(C)C.[K+],9.0,25.0,11001.100110011,1.744532041911976,outer
COc1ccc(C(C)=O)cc1,COc1ccc([C@@H](C)O)cc1,2004,Ru,COc1c(C)cc(cc1C)P([C@H]1CCC[C@H]1[C@@H]1CCC[C@@H]1P(c1cc(C)c(c(c1)C)OC)c1cc(C)c(c(c1)C)OC)c1cc(C)c(c(c1)C)OC.CCCSc1ccccc1N,CCO,[O-1]C(C)(C)C.[Na+],7.0,25.0,500.0,1.744532041911976,outer
CC(=O)c1ccc(F)cc1,C[C@@H](O)c1ccc(F)cc1,2004,Ru,COc1c(C)cc(cc1C)P([C@H]1CCC[C@H]1[C@@H]1CCC[C@@H]1P(c1cc(C)c(c(c1)C)OC)c1cc(C)c(c(c1)C)OC)c1cc(C)c(c(c1)C)OC.CCCSc1ccccc1N,CCO,[O-1]C(C)(C)C.[Na+],7.0,25.0,1000.0,1.744532041911976,outer
CC(=O)c1ccccc1,C[C@H](O)c1ccccc1,2005,Ru,c1ccc(cc1)P(c1cccc2c1C1(CC2)CCc2c1c(ccc2)P(c1ccccc1)c1ccccc1)c1ccccc1.N[C@@H]([C@@H](c1ccccc1)N)c1ccccc1,CC(O)C,[O-1]C(C)(C)C.[K+],50.0,25.0,5000.0,1.744532041911976,outer
CC(=O)c1ccccc1,C[C@H](O)c1ccccc1,2004,Ru,Cc1cc(P(c2ccccc2)c2ccccc2)c(c2c1cccc2)c1c(cc(c2c1cccc2)C)P(c1ccccc1)c1ccccc1.N[C@@H]([C@@H](c1ccccc1)N)c1ccccc1,CC(O)C,[O-1]C(C)(C)C.[K+],47.62,25.0,1000.0,1.7383247176648275,outer
CC(=O)c1ccccc1,C[C@H](O)c1ccccc1,2004,Ru,Clc1ccc2c(c1)c(cc(c2c1c(cc(c2c1ccc(c2)Cl)c1ccccc1)P(c1cc(C)cc(c1)C)c1cc(C)cc(c1)C)P(c1cc(C)cc(c1)C)c1cc(C)cc(c1)C)c1ccccc1.COc1ccc(cc1)C(c1ccc(cc1)OC)([C@@H](C(C)C)N)N,CC(O)C,[O-1]C(C)(C)C.[K+],48.3,25.0,1000.0,1.7383247176648275,outer
CC(=O)c1cc(C(F)(F)F)cc(C(F)(F)F)c1,C[C@@H](O)c1cc(C(F)(F)F)cc(C(F)(F)F)c1,2014,Ru,CC1(C)O[C@@H]([C@H](O1)CP(c1ccccc1)c1ccccc1)CP(c1ccccc1)c1ccccc1.C[C@H](c1nc2c([nH]1)c(C)ccc2C)N,Cc1ccccc1,[O-1]C(C)(C)C.[K+],30.0,25.0,1839.926402943882,1.7383247176648275,outer
CC(=O)c1cc(C(F)(F)F)cc(C(F)(F)F)c1,C[C@H](O)c1cc(C(F)(F)F)cc(C(F)(F)F)c1,2004,Ru,COc1c(C)cc(cc1C)P([C@H]1CCC[C@H]1[C@@H]1CCC[C@@H]1P(c1cc(C)c(c(c1)C)OC)c1cc(C)c(c(c1)C)OC)c1cc(C)c(c(c1)C)OC.NCCSC(C)(C)C,CCCCO,[O-1]C(C)(C)C.[Na+],7.0,-10.0,1000.0,1.7344493584290042,outer
COCC(=O)c1ccccc1,COC[C@H](O)c1ccccc1,2004,Ru,C1C[C@@H]([C@@H](C1)P(c1ccccc1)c1ccccc1)[C@H]1CCC[C@H]1P(c1ccccc1)c1ccccc1.NCCSC(C)(C)C,CCCCO,[O-1]C(C)(C)C.[Na+],7.0,-10.0,500.0,1.7344493584290042,outer
CC(=O)c1ccc(C(C)(C)C)cc1,C[C@H](O)c1ccc(C(C)(C)C)cc1,2013,Ru,CC(Sc1cc(ccc1/C=N/[C@@H]1CCCC[C@H]1/N=C/c1ccc(cc1SC(C)(C)C)C(C)(C)C)C(C)(C)C)(C)C,CC(O)C,[K+].[OH-1],50.0,23.0,2000.0,1.732829663633177,inner
CC(=O)C1=CCCCC1,C[C@H](O)C1=CCCCC1,2013,Ru,CC(Sc1cc(ccc1/C=N/[C@@H]1CCCC[C@H]1/N=C/c1ccc(cc1SC(C)(C)C)C(C)(C)C)C(C)(C)C)(C)C,CC(O)C,[K+].[OH-1],50.0,23.0,2000.0,1.732829663633177,inner
CCOC(=O)C(=O)CC(=O)c1ccccc1,CCOC(=O)[C@H](O)CC(=O)c1ccccc1,2019,Ru,CC1(C)Oc2c(O1)c(c1c3OC(Oc3ccc1P(c1ccccc1)c1ccccc1)(C)C)c(cc2)P(c1ccccc1)c1ccccc1,C1CCCO1,,20.0,70.0,200.0,1.7280417813875177,inner
O=C1CCCc2ccc(Br)cc21,O[C@@H]1CCCc2ccc(Br)cc21,2020,Ru,C[C@H](c1cccc2c1cccc2)N1CC[N+](=[C-1]1)[C@@H](c1cccc2c1cccc2)C.N[C@@H]([C@@H](c1ccc(cc1)C)N)c1ccc(cc1)C,CC(O)C,[O-1]C(C)(C)C.[Na+],7.5,22.0,3333.3333333333335,1.7269784744937777,outer
O=C(/C=C/c1ccccc1)c1ccco1,O[C@@H](/C=C/c1ccccc1)c1ccco1,2008,Ru,Cc1ccc(cc1)P(c1ccc2c(c1c1c(ccc3c1cccc3)P(c1ccc(cc1)C)c1ccc(cc1)C)cccc2)c1ccc(cc1)C.N[C@H](c1ccccc1)CN(C)C,CC(O)C.CC(O)C.O=CN(C)C,[O-1]C(C)(C)C.[K+].c1ccc(cc1)P(c1ccccc1)c1ccccc1,8.0,0.0,1000.0,1.725059314350961,outer
CC(=O)c1ccccc1C,Cc1ccccc1[C@H](C)O,2006,Ru,Brc1ccccc1p1oc2ccc3c(c2c2c(o1)ccc1c2cccc1)cccc3.N[C@@H]1CCCC[C@H]1N,CC(O)C,[O-1]C(C)(C)C.[K+],80.0,0.0,300.3003003003003,1.725059314350961,outer
CC(=O)c1cc(Cl)sc1Cl,C[C@@H](O)c1cc(Cl)sc1Cl,2005,Ru,Brc1ccccc1p1oc2ccc3c(c2c2c(o1)ccc1c2cccc1)cccc3.N[C@H]([C@H](c1ccccc1)N)c1ccccc1,CC(O)C,[O-1]C(C)(C)C.[K+],80.0,0.0,300.3003003003003,1.725059314350961,outer
O=C(/C=C/c1ccccc1)c1ccc(C(F)(F)F)cc1,O[C@@H](/C=C/c1ccccc1)c1ccc(C(F)(F)F)cc1,2008,Ru,Cc1ccc(cc1)P(c1ccc2c(c1c1c(ccc3c1cccc3)P(c1ccc(cc1)C)c1ccc(cc1)C)cccc2)c1ccc(cc1)C.N[C@H](c1ccccc1)CN(C)C,CC(O)C.CC(O)C.O=CN(C)C,[O-1]C(C)(C)C.[K+],8.0,0.0,1000.0,1.725059314350961,outer
CC(=O)c1ccc(Cl)cc1,C[C@H](O)c1ccc(Cl)cc1,2004,Ru,CCOP(=O)(c1cc(P(c2ccccc2)c2ccccc2)c(c2c1cccc2)c1c(cc(c2c1cccc2)P(=O)(OCC)OCC)P(c1ccccc1)c1ccccc1)OCC.N[C@@H]([C@@H](c1ccccc1)N)c1ccccc1,CC(O)C,[O-1]C(C)(C)C.[K+],47.62,25.0,1000.0,1.7200457605586144,outer
Cc1ccccc1C(=O)c1ccccc1,Cc1ccccc1[C@@H](O)c1ccccc1,2023,Ru,CC([C@H]1COC(=N1)C12C3[Ru]4567891(C2(C7C34)P(c1ccccc1)c1ccccc1)C1C5C9(C8(C61)P(c1ccccc1)c1ccccc1)C1=N[C@H](CO1)C(C)(C)C)(C)C.c1ccc(cc1)P(c1ccccc1)c1ccccc1,CCO,[K+].[OH-1],40.0,10.0,100.0,1.7190016895066988,inner
CCOC(=O)CC(=O)C(F)(F)C(F)(F)F,CCOC(=O)C[C@@H](O)C(F)(F)C(F)(F)F,2004,Ru,FC1(F)Oc2c(O1)c(c1c3OC(Oc3ccc1P(c1ccccc1)c1ccccc1)(F)F)c(cc2)P(c1ccccc1)c1ccccc1,CCO,,9.87,110.0,100.0,1.716230063337687,inner
CC(=O)c1ccc(C(F)(F)F)cc1,C[C@@H](O)c1ccc(C(F)(F)F)cc1,2010,Ru,c1ccc(cc1)P(c1ccc2c(c1c1c(ccc3c1cccc3)P(c1ccccc1)c1ccccc1)cccc2)c1ccccc1.CN[C@H]1CCCC[C@@H]1NC,CC(O)C,[OH-1].[K+],30.0,20.0,3003.003003003003,1.7152760962149785,outer
CC(=O)c1ccccc1,C[C@@H](O)c1ccccc1,2005,Ru,Brc1ccccc1p1oc2ccc3c(c2c2c(o1)ccc1c2cccc1)cccc3.N[C@H]([C@H](c1ccccc1)N)c1ccccc1,CC(O)C,[O-1]C(C)(C)C.[K+],50.0,20.0,10000.0,1.7152760962149785,outer
CC(=O)c1ccccc1,C[C@@H](O)c1ccccc1,2010,Ru,c1ccc(cc1)P(c1ccc2c(c1c1c(ccc3c1cccc3)P(c1ccccc1)c1ccccc1)cccc2)c1ccccc1.CCN[C@H]1CCCC[C@@H]1NCC,CC(O)C,[OH-1].[K+],30.0,20.0,3003.003003003003,1.7152760962149785,outer
CC(=O)c1ccccc1,C[C@@H](O)c1ccccc1,2005,Ru,Brc1ccccc1p1oc2ccc3c(c2c2c(o1)ccc1c2cccc1)cccc3.N[C@H]([C@H](c1ccccc1)N)c1ccccc1,CC(O)C,[O-1]C(C)(C)C.[K+],50.0,20.0,1000.0,1.7152760962149785,outer
CC(=O)c1cc(C(F)(F)F)cc(C(F)(F)F)c1,C[C@@H](O)c1cc(C(F)(F)F)cc(C(F)(F)F)c1,2014,Ru,CC1(C)O[C@@H]([C@H](O1)CP(c1ccccc1)c1ccccc1)CP(c1ccccc1)c1ccccc1.C[C@H](c1nc2c([nH]1)c(C)ccc2C)N,Cc1ccccc1,[O-1]C(C)(C)C.[K+],30.0,25.0,20703.933747412008,1.7140634431755264,outer
CC(=O)c1cc(C(F)(F)F)cc(C(F)(F)F)c1,C[C@@H](O)c1cc(C(F)(F)F)cc(C(F)(F)F)c1,2014,Ru,CC1(C)O[C@@H]([C@H](O1)CP(c1ccccc1)c1ccccc1)CP(c1ccccc1)c1ccccc1.C[C@H](c1nc2c([nH]1)c(C)ccc2C)N,CC(O)(C)C,[O-1]C(C)(C)C.[K+],8.0,25.0,1000.0,1.7140634431755264,outer
CCCC(=O)c1cccs1,CCC[C@H](O)c1cccs1,2021,Ru,COc1ccccc1P(c1ccccc1OC)c1ccccc1OC.C=CC1CN2CCC1CC2[C@@H](c1ccnc2c1cccc2)N,CCCO,[Li+].[OH-1],60.0,30.0,125.0,1.713192256540478,outer
COC(=O)C(=O)c1ccccc1,COC(=O)[C@H](O)c1ccccc1,2005,Ru,CC1(C)Oc2c(O1)c(c1c3OC(Oc3ccc1P(c1ccccc1)c1ccccc1)(C)C)c(cc2)P(c1ccccc1)c1ccccc1,CO,[Mg+2].[Cl-1].[Cl-1].O.O.O.O.O.O,50.0,70.0,100.0,1.7131604994965048,inner
CC(C)(C)C(=O)c1ccccc1,CC(C)(C)[C@H](O)c1ccccc1,2011,Ru,N[C@@H]1CCCC[C@H]1NCc1ccccc1P(c1cc(cc(c1)C(C)(C)C)C(C)(C)C)c1cc(cc(c1)C(C)(C)C)C(C)(C)C,CC(O)C,[O-1]C(C)(C)C.[K+],49.35,70.0,200.0,1.7131604994965048,outer
COC(=O)C(=O)c1ccccc1,COC(=O)[C@H](O)c1ccccc1,2005,Ru,CC1(C)Oc2c(O1)c(c1c3OC(Oc3ccc1P(c1ccccc1)c1ccccc1)(C)C)c(cc2)P(c1ccccc1)c1ccccc1,CO,,50.0,70.0,100.0,1.7131604994965048,inner
CCOC(=O)C(=O)c1ccccc1,CCOC(=O)[C@H](O)c1ccccc1,2005,Ru,CC1(C)Oc2c(O1)c(c1c3OC(Oc3ccc1P(c1ccccc1)c1ccccc1)(C)C)c(cc2)P(c1ccccc1)c1ccccc1,CO,,50.0,70.0,100.0,1.7131604994965048,inner
CC(=O)c1c(C)c(C)c(C)c(C)c1C,Cc1c(C)c(C)c([C@H](C)O)c(C)c1C,2018,Ru,C[C@H](P(c1cc(C)cc(c1)C)c1cc(C)cc(c1)C)C[C@@H](P(c1cc(C)cc(c1)C)c1cc(C)cc(c1)C)C.NCc1ccccn1,CC(O)C,[O-1]C(C)(C)C.[K+],10.0,40.0,200.0,1.7122575325322003,outer
CCOC(=O)CC(=O)C(C)C,CCOC(=O)C[C@@H](O)C(C)C,2004,Ru,FC1(F)Oc2c(O1)c(c1c3OC(Oc3ccc1P(c1ccccc1)c1ccccc1)(F)F)c(cc2)P(c1ccccc1)c1ccccc1,CCO,,19.74,50.0,100.0,1.7121106414779157,inner
CC(=O)c1ccccc1,C[C@H](O)c1ccccc1,2006,Ru,O=C(c1ccccc1P(c1ccccc1)c1ccccc1)c1ccccc1P(c1ccccc1)c1ccccc1.NC(C(c1ccccc1)N)c1ccccc1,CCCO,[O-1]C(C)(C)C.[K+],20.0,25.0,1000.0,1.702258531355195,outer
CC(=O)c1ccc(Cl)cc1,C[C@H](O)c1ccc(Cl)cc1,2004,Ru,OC1(CCCC1)c1cc(P(c2ccccc2)c2ccccc2)c(c2c1cccc2)c1c(cc(c2c1cccc2)C1(O)CCCC1)P(c1ccccc1)c1ccccc1.N[C@@H]([C@@H](c1ccccc1)N)c1ccccc1,CC(O)C,[O-1]C(C)(C)C.[K+],47.62,25.0,1000.0,1.702258531355195,outer
CC(=O)c1ccccc1,C[C@H](O)c1ccccc1,2023,Ru,CCCCCN[C@H](c1ccnc2c1cccc2)[C@H]1CC2CCN1CC2C=C.C1CCC(CC1)P(C1CCCCC1)C1CCCCC1,CCO,[Li+].[OH-1],60.0,30.0,250.0,1.7016997355488719,outer
O=C1CN2CCC1CC2,O[C@H]1CN2CCC1CC2,2009,Ru,C[C@H](P(c1cc(C)cc(c1)C)c1cc(C)cc(c1)C)C[C@@H](P(c1cc(C)cc(c1)C)c1cc(C)cc(c1)C)C.NCc1ccccn1,CCO,[O-1]C(C)(C)C.[K+],15.0,37.5,99999.99999999999,1.698587905097008,outer
CC(=O)c1cccc2ccccc12,C[C@H](O)c1cccc2ccccc12,2015,Ru,CC(P(c1ccccc1)Cc1cccc(n1)CP(C(C)(C)C)c1ccccc1)(C)C,CCO,[O-1]C(C)(C)C.[K+],30.0,-40.0,200.0,1.697385555298476,outer
CC(=O)c1ccc(C)o1,Cc1ccc([C@H](C)O)o1,2021,Ru,COc1ccccc1P(c1ccccc1OC)c1ccccc1OC.C=CC1CN2CCC1CC2[C@@H](c1ccnc2c1cccc2)N,CCCO,[Li+].[OH-1],60.0,30.0,62.5,1.6960256959384012,outer
O=C1CCCc2ccccc21,O[C@H]1CCCc2ccccc21,2011,Ru,Cc1cc(C)cc(c1)P(c1ccc2c(c1c1c3OCOc3ccc1P(c1cc(C)cc(c1)C)c1cc(C)cc(c1)C)OCO2)c1cc(C)cc(c1)C.COc1ccc(cc1)C(c1ccc(cc1)OC)([C@H](C(C)C)N)N,CC(O)C,[O-1]C(C)(C)C.[K+],10.0,15.0,2000.0,1.6860201505179804,outer
O=C1CCCc2ccccc21,O[C@@H]1CCCc2ccccc21,2004,Ru,Cc1ccc(cc1)P(c1ccc2c(c1c1c(ccc3c1cccc3)P(c1ccc(cc1)C)c1ccc(cc1)C)cccc2)c1ccc(cc1)C.NC[C@H]1OC(O[C@@H]1CN)(C)C,CC(O)C,[O-1]C(C)(C)C.[K+],8.0,25.0,1000.0,1.6849357456293699,outer
CC(=O)c1ccccc1,C[C@H](O)c1ccccc1,2010,Ru,c1ccc(cc1)P(c1ccc2c(c1c1c3OCOc3ccc1P(c1ccccc1)c1ccccc1)OCO2)c1ccccc1.C[C@@H](c1nc2c([nH]1)cccc2)N,Cc1ccccc1.CC(O)(C)C,[O-1]C(C)(C)C.[K+],8.0,25.0,1000.0,1.6849357456293699,outer
O=C(O)C(=O)c1ccccc1,O=C(O)[C@@H](O)c1ccccc1,2017,Ru,CC([C@H]1COC(=N1)C12C3[Ru-2]4567892(C1(P(c1ccccc1)c1ccccc1)C5C34)C1C6C9(C8(C71)P(c1ccccc1)c1ccccc1)C1=N[C@H](CO1)C(C)(C)C)(C)C.c1ccc(cc1)P(c1ccccc1)c1ccccc1,CO,[Na+].[O-1]C(=O)O,40.0,25.0,50.0,1.6849357456293699,inner
O=C(O)C(=O)c1ccccc1,O=C(O)[C@@H](O)c1ccccc1,2017,Ru,CC([C@H]1COC(=N1)C12C3[Ru-2]4567892(C1(P(c1ccccc1)c1ccccc1)C5C34)C1C6C9(C8(C71)P(c1ccccc1)c1ccccc1)C1=N[C@H](CO1)C(C)(C)C)(C)C.c1ccc(cc1)P(c1ccccc1)c1ccccc1,CO,[O-1]C(=O)C.[Li+],40.0,25.0,50.0,1.6849357456293699,inner
CC(=O)c1cccc(C)c1,Cc1cccc([C@@H](C)O)c1,2006,Ru,c1ccc(cc1)P(c1ccc2c(c1c1c(ccc3c1cccc3)P(c1ccccc1)c1ccccc1)cccc2)c1ccccc1.N[C@H]([C@H](c1ccccc1)N)c1ccccc1,CC(O)C,[K+].[OH-1],15.0,25.0,250.0,1.6849357456293699,outer
O=C1CCC/C1=C\c1ccccc1,O[C@@H]1CCC/C1=C\c1ccccc1,2019,Ru,CC([C@H]1COC(=N1)C12C3[Ru]4567891(C2(C7C34)P(c1ccccc1)c1ccccc1)C1C5C9(C8(C61)P(c1ccccc1)c1ccccc1)C1=N[C@H](CO1)C(C)(C)C)(C)C,CC(=O)C,C1CCN2C(=NCCC2)CC1,19.7,25.0,100.0,1.6849357456293699,inner
CC(=O)c1ccccc1,C[C@H](O)c1ccccc1,2005,Ru,COc1ccc(cc1)P(c1cccc2c1C1(CC2)CCc2c1c(ccc2)P(c1ccc(cc1)OC)c1ccc(cc1)OC)c1ccc(cc1)OC.N[C@@H]([C@@H](c1ccccc1)N)c1ccccc1,CC(O)C,[O-1]C(C)(C)C.[K+],50.0,25.0,5000.0,1.6849357456293699,outer
CC(=O)/C=C(\C)c1ccccc1,C/C(=C\[C@H](C)O)c1ccccc1,2014,Ru,c1ccc(cc1)P(c1ccccc1Oc1ccccc1P(c1ccccc1)c1ccccc1)c1ccccc1.Fc1ccc2c(c1)[C@H](NC2)[C@@H]1NCc2c1cc(F)cc2,CC(O)C,[O-1]C(C)(C)C.[K+],10.0,25.0,1000.0,1.6849357456293699,outer
CC(=O)c1ccccc1,C[C@H](O)c1ccccc1,2003,Ru,Cc1ccc(cc1)P(c1cccc2c1C1(CC2)CCc2c1c(ccc2)P(c1ccc(cc1)C)c1ccc(cc1)C)c1ccc(cc1)C.N[C@H]([C@H](c1ccccc1)N)c1ccccc1,CC(O)C,[O-1]C(C)(C)C.[K+],50.0,25.0,5000.0,1.6849357456293699,outer
CCC/C=C/C(=O)[Si](C)(C)C(C)(C)C,CCC/C=C/[C@H](O)[Si](C)(C)C(C)(C)C,2008,Ru,Cc1ccc(cc1)P(c1ccc2c(c1c1c(ccc3c1cccc3)P(c1ccc(cc1)C)c1ccc(cc1)C)cccc2)c1ccc(cc1)C.NCc1ccccn1,CCO,[O-1]C(C)(C)C.[K+],10.0,25.0,349.9999825000009,1.6849357456293699,outer
CC(=O)c1ccccc1,C[C@@H](O)c1ccccc1,2003,Ru,Cc1ccc(cc1)P(c1cccc2c1C1(CC2)CCc2c1c(ccc2)P(c1ccc(cc1)C)c1ccc(cc1)C)c1ccc(cc1)C.N[C@H]([C@H](c1ccccc1)N)c1ccccc1,CC(O)C,[O-1]C(C)(C)C.[K+],50.0,25.0,5000.0,1.6849357456293699,outer
CC(=O)c1ccccc1,C[C@H](O)c1ccccc1,2006,Ru,O=C(c1ccccc1P(c1ccccc1)c1ccccc1)c1ccccc1P(c1ccccc1)c1ccccc1.COc1ccc(cc1)C(C(c1ccc(cc1)OC)N)N,CCO,[O-1]C(C)(C)C.[K+],20.0,25.0,1000.0,1.6849357456293699,outer
CC(=O)c1ccccc1,C[C@H](O)c1ccccc1,2006,Ru,O=C(c1ccccc1P(c1ccccc1)c1ccccc1)c1ccccc1P(c1ccccc1)c1ccccc1.NC(C(c1ccccc1)N)c1ccccc1,CCCCO,[O-1]C(C)(C)C.[K+],20.0,25.0,1000.0,1.6849357456293699,outer
CC(=O)c1ccccc1,C[C@H](O)c1ccccc1,2006,Ru,O=C(c1ccccc1P(c1ccccc1)c1ccccc1)c1ccccc1P(c1ccccc1)c1ccccc1.NC(C(c1ccccc1)N)c1ccccc1,CCO,[O-1]C(C)(C)C.[K+],20.0,25.0,10000.0,1.6849357456293699,outer
O=C(O)C(=O)c1ccccc1,O=C(O)[C@@H](O)c1ccccc1,2017,Ru,CC([C@H]1COC(=N1)C12C3[Ru-2]4567892(C1(P(c1ccccc1)c1ccccc1)C5C34)C1C6C9(C8(C71)P(c1ccccc1)c1ccccc1)C1=N[C@H](CO1)C(C)(C)C)(C)C.c1ccc(cc1)P(c1ccccc1)c1ccccc1,CO,[O-1]C(=O)C.[Na+].COc1cc(OC)cc(c1P(c1c(OC)cc(cc1OC)OC)c1c(OC)cc(cc1OC)OC)OC,40.0,25.0,50.0,1.6849357456293699,inner
CC(=O)c1ccc2ccccc2c1,C[C@@H](O)c1ccc2ccccc2c1,2025,Ru,OC[C@@H](NC(=O)CN[C@@H](C12C3[Fe]4567891(C2(C8C34)P(c1ccccc1)c1ccccc1)C1C5C6C9(C71)P(c1ccccc1)c1ccccc1)C)C,CC(O)C,[Na+].[O-1]C(C)(C)C,10.0,25.0,1000.0,1.6849357456293699,outer
COc1ccc(C(C)=O)cc1,COc1ccc([C@H](C)O)cc1,2006,Ru,O=C(c1ccccc1P(c1ccccc1)c1ccccc1)c1ccccc1P(c1ccccc1)c1ccccc1.NC(C(c1ccccc1)N)c1ccccc1,CCO,[O-1]C(C)(C)C.[K+],20.0,25.0,1000.0,1.6849357456293699,outer
O=C1CN2CCC1CC2,O[C@H]1CN2CCC1CC2,2009,Ru,C[C@H](P(c1cc(C)cc(c1)C)c1cc(C)cc(c1)C)C[C@@H](P(c1cc(C)cc(c1)C)c1cc(C)cc(c1)C)C.NCc1ccccn1,CCO,[O-1]C(C)(C)C.[K+],15.0,35.0,99999.99999999999,1.6849182776618155,outer
CC(=O)c1cccs1,C[C@H](O)c1cccs1,2021,Ru,COc1ccccc1P(c1ccccc1OC)c1ccccc1OC.C=CC1CN2CCC1CC2[C@@H](c1ccnc2c1cccc2)N,CCCO,[Li+].[OH-1],60.0,30.0,125.0,1.6848178253020816,outer
CC(=O)c1ccccc1,C[C@H](O)c1ccccc1,2004,Ru,c1ccc(cc1)P(c1cc(c2ccccc2)c2c(c1c1c(cc(c3c1cccc3)c1ccccc1)P(c1ccccc1)c1ccccc1)cccc2)c1ccccc1.N[C@@H]([C@@H](c1ccccc1)N)c1ccccc1,CC(O)C,[O-1]C(C)(C)C.[K+],47.62,25.0,1000.0,1.679260299387174,outer
CC(=O)c1ccccc1,C[C@H](O)c1ccccc1,2004,Ru,Brc1cc(P(c2ccccc2)c2ccccc2)c(c2c1cccc2)c1c(cc(c2c1cccc2)Br)P(c1ccccc1)c1ccccc1.N[C@@H]([C@@H](c1ccccc1)N)c1ccccc1,CC(O)C,[O-1]C(C)(C)C.[K+],47.62,25.0,1000.0,1.6736327763611945,outer
CCC(=O)c1ccccc1,CC[C@H](O)c1ccccc1,2004,Ru,Ic1cc(P(c2ccccc2)c2ccccc2)c(c2c1cccc2)c1c(cc(c2c1cccc2)I)P(c1ccccc1)c1ccccc1.N[C@@H]([C@@H](c1ccccc1)N)c1ccccc1,CC(O)C,[O-1]C(C)(C)C.[K+],47.62,25.0,1000.0,1.6736327763611945,outer
CC(=O)c1ccc2ccccc2c1,C[C@H](O)c1ccc2ccccc2c1,2004,Ru,Brc1cc(P(c2ccccc2)c2ccccc2)c(c2c1cccc2)c1c(cc(c2c1cccc2)Br)P(c1ccccc1)c1ccccc1.N[C@@H]([C@@H](c1ccccc1)N)c1ccccc1,CC(O)C,[O-1]C(C)(C)C.[K+],47.62,25.0,1000.0,1.6736327763611945,outer
O=C(O)C(=O)c1ccccc1,O=C(O)[C@@H](O)c1ccccc1,2017,Ru,CC([C@H]1COC(=N1)C12C3[Ru-2]4567892(C1(P(c1ccccc1)c1ccccc1)C5C34)C1C6C9(C8(C71)P(c1ccccc1)c1ccccc1)C1=N[C@H](CO1)C(C)(C)C)(C)C.c1ccc(cc1)P(c1ccccc1)c1ccccc1,CO,[O-1]C(=O)C.[Na+].c1ccc(cc1)P(c1ccccc1)c1ccccc1,40.0,-20.0,50.0,1.6685383054771135,inner
CC(=O)c1ccccc1,C[C@@H](O)c1ccccc1,2008,Ru,COc1nc(OC)cc(c1c1c(OC)nc(cc1P(c1ccc(cc1)OC)c1ccc(cc1)OC)OC)P(c1ccc(cc1)OC)c1ccc(cc1)OC.COc1ccc(cc1)C(c1ccc(cc1)OC)([C@H](C(C)C)N)N,CCO,[K+].[OH-1],30.0,25.0,2000.0,1.6680523214383451,outer
CC(=O)c1cc(C(F)(F)F)cc(C(F)(F)F)c1,C[C@@H](O)c1cc(C(F)(F)F)cc(C(F)(F)F)c1,2014,Ru,CC1(C)O[C@@H]([C@H](O1)CP(c1ccccc1)c1ccccc1)CP(c1ccccc1)c1ccccc1.COc1ccc2c(c1)[nH]c(n2)[C@H](N)C,Cc1ccccc1,[O-1]C(C)(C)C.[K+],8.0,25.0,1000.0,1.6680523214383451,outer
CCOC(=O)C(C)=O,CCOC(=O)[C@@H](C)O,2005,Ru,CC1(C)Oc2c(O1)c(c1c3OC(Oc3ccc1P(c1ccccc1)c1ccccc1)(C)C)c(cc2)P(c1ccccc1)c1ccccc1,CO,[Ce+3].[Cl-1].[Cl-1].O.O.O.O.O.O.[Cl-1].O,50.0,70.0,100.0,1.6654552006434922,inner
CCCC(=O)c1ccccc1,CCC[C@H](O)c1ccccc1,2021,Ru,COc1ccccc1P(c1ccccc1OC)c1ccccc1OC.C=CC1CN2CCC1CC2[C@@H](c1ccnc2c1cccc2)N,CCCO,[Li+].[OH-1],60.0,30.0,250.0,1.662940571887971,outer
CCOC(=O)CC(=O)c1ccccc1,CCOC(=O)C[C@H](O)c1ccccc1,2002,Ru,C[C@@H](N([C@@H](C12C3[Fe]4567891(C2(C9C34)P(c1ccccc1)c1ccccc1)C1C7C6C5C81)c1ccccc1P(c1ccccc1)c1ccccc1)C)c1ccccc1,CCO,,50.0,50.0,125.0,1.661077948222721,inner
O=C1CN2CCC1CC2,O[C@H]1CN2CCC1CC2,2009,Ru,C[C@H](P(c1cc(C)cc(c1)C)c1cc(C)cc(c1)C)C[C@@H](P(c1cc(C)cc(c1)C)c1cc(C)cc(c1)C)C.NCc1ccccn1,CCO,[O-1]C(C)(C)C.[K+],15.0,40.0,99999.99999999999,1.659128724675257,outer
CC(=O)c1ccsc1,C[C@@H](O)c1ccsc1,2005,Ru,Brc1ccccc1p1oc2ccc3c(c2c2c(o1)ccc1c2cccc1)cccc3.N[C@H]([C@H](c1ccccc1)N)c1ccccc1,CC(O)C,[O-1]C(C)(C)C.[K+],50.0,0.0,500.0,1.6582917587453816,outer
CC(=O)c1cc(C)sc1C,Cc1cc([C@H](C)O)c(C)s1,2006,Ru,Brc1ccccc1p1oc2ccc3c(c2c2c(o1)ccc1c2cccc1)cccc3.N[C@@H]1CCCC[C@H]1N,CC(O)C,[O-1]C(C)(C)C.[K+],80.0,0.0,300.3003003003003,1.6582917587453816,outer
Cc1ccccc1C(=O)c1ccccc1,Cc1ccccc1[C@@H](O)c1ccccc1,2023,Ru,CC([C@H]1COC(=N1)C12C3[Ru]4567891(C2(C7C34)P(c1ccccc1)c1ccccc1)C1C5C9(C8(C61)P(c1ccccc1)c1ccccc1)C1=N[C@H](CO1)C(C)(C)C)(C)C.c1ccc(cc1)P(c1ccccc1)c1ccccc1,C1CCCO1,[K+].[OH-1],40.0,30.0,100.0,1.6575790227914307,inner
CC(C)(C)OC(=O)NCCCC(=O)c1cc(F)ccc1F,CC(C)(C)OC(=O)NCCC[C@@H](O)c1cc(F)ccc1F,2025,Ru,Cc1cc(C)c(c(c1)C)[C@H](c1ccccc1)NCCP(c1ccccc1)c1ccccc1.CP(CCP(C)C)C,C1CCCO1,[K+].[O-1]C,50.0,30.0,100.0,1.6575790227914307,outer
CC(=O)c1ccccc1F,C[C@H](O)c1ccccc1F,2023,Ru,CCCCCN[C@H](c1ccnc2c1cccc2)[C@H]1CC2CCN1CC2C=C.C1CCC(CC1)P(C1CCCCC1)C1CCCCC1,CCO,[Ba+2].[OH-1].[OH-1],60.0,30.0,1000.0,1.6575790227914307,outer
O=C1CN2CCC1CC2,O[C@H]1CN2CCC1CC2,2009,Ru,C[C@H](P(c1cc(C)cc(c1)C)c1cc(C)cc(c1)C)C[C@@H](P(c1cc(C)cc(c1)C)c1cc(C)cc(c1)C)C.NCc1ccccn1,CCO.O,[O-1]C(C)(C)C.[K+],10.0,30.0,49999.99999999999,1.6575790227914307,outer
CC(=O)c1ccccc1,C[C@@H](O)c1ccccc1,2010,Ru,COc1cccc(c1c1c(OC)cccc1P(c1ccccc1)c1ccccc1)P(c1ccccc1)c1ccccc1.CN[C@H]1CCCC[C@@H]1NC,CC(O)C,[OH-1].[K+],30.0,20.0,3003.003003003003,1.656679234718262,outer
CC(=O)c1ccccc1Br,C[C@H](O)c1ccccc1Br,2010,Ru,C[C@@H]1Oc2cccc(c2-c2c(O[C@H]1C)cccc2P(c1ccccc1)c1ccccc1)P(c1ccccc1)c1ccccc1.N[C@@H]([C@@H](c1ccccc1)N)c1ccccc1,CCCCO,[K+].[O-1]C(C)(C)C,20.0,20.0,500.0,1.656679234718262,outer
COCC(=O)CC(=O)c1ccccc1,COC[C@H](O)CC(=O)c1ccccc1,2019,Ru,CC1(C)Oc2c(O1)c(c1c3OC(Oc3ccc1P(c1ccccc1)c1ccccc1)(C)C)c(cc2)P(c1ccccc1)c1ccccc1,C1CCCO1,,20.0,70.0,200.0,1.6516751073046956,inner
CC(=O)c1ccc(Cl)cc1,C[C@H](O)c1ccc(Cl)cc1,2004,Ru,OC(c1cc(P(c2ccccc2)c2ccccc2)c(c2c1cccc2)c1c(cc(c2c1cccc2)C(c1ccccc1)(c1ccccc1)O)P(c1ccccc1)c1ccccc1)(c1ccccc1)c1ccccc1.N[C@@H]([C@@H](c1ccccc1)N)c1ccccc1,CC(O)C,[O-1]C(C)(C)C.[K+],47.62,25.0,1000.0,1.6515851484215927,outer
CC(=O)c1ccccc1F,C[C@@H](O)c1ccccc1F,2008,Ru,COc1nc(OC)cc(c1c1c(OC)nc(cc1P(c1ccc(cc1)OC)c1ccc(cc1)OC)OC)P(c1ccc(cc1)OC)c1ccc(cc1)OC.COc1ccc(cc1)C(c1ccc(cc1)OC)([C@H](C(C)C)N)N,CC(O)C,[K+].[OH-1],30.0,25.0,2000.0,1.6408276779892452,outer
CC(=O)c1ccccc1,C[C@H](O)c1ccccc1,2004,Ru,Ic1cc(P(c2ccccc2)c2ccccc2)c(c2c1cccc2)c1c(cc(c2c1cccc2)I)P(c1ccccc1)c1ccccc1.N[C@@H]([C@@H](c1ccccc1)N)c1ccccc1,CC(O)C,[O-1]C(C)(C)C.[K+],47.62,25.0,1000.0,1.635512886387592,outer
O=C(COc1ccccc1)c1ccccc1,O[C@H](COc1ccccc1)c1ccccc1,2012,Ru,Cc1ccc(cc1)S(=O)(=O)c1ccc(cc1)S(=O)(=O)N[C@@H]([C@@H](c1ccccc1)NCCc1ccccc1)c1ccccc1,CO,,30.0,60.0,500.0,1.635119818488596,outer
CCC(=O)c1cccs1,CC[C@H](O)c1cccs1,2021,Ru,COc1ccccc1P(c1ccccc1OC)c1ccccc1OC.C=CC1CN2CCC1CC2[C@@H](c1ccnc2c1cccc2)N,CCCO,[Li+].[OH-1],60.0,30.0,62.5,1.631382735571929,outer
CC(=O)c1ccccc1,C[C@H](O)c1ccccc1,2023,Ru,CCCCCCCN[C@H](c1ccnc2c1cccc2)[C@H]1CC2CCN1CC2C=C.C1CCC(CC1)P(C1CCCCC1)C1CCCCC1,CCO,[Li+].[OH-1],60.0,30.0,250.0,1.631382735571929,outer
CC(=O)c1ccccc1,C[C@H](O)c1ccccc1,2011,Ru,N1Cc2c([C@H]1[C@H]1NCc3c1cc(cc3)c1ccccc1)cc(cc2)c1ccccc1.c1ccc(cc1)P(C12C3[Fe]4567892(C1C5C34)C1C6C7C9(C81)P(c1ccccc1)c1ccccc1)c1ccccc1,CCCO,[K+].[O-1]C(C)(C)C,10.0,25.0,1000.0,1.6302397679210456,outer
CC(=O)c1ccccc1,C[C@H](O)c1ccccc1,2011,Ru,COc1cc2[C@H](NCc2cc1OC)[C@H]1NCc2c1cc(OC)c(c2)OC.c1ccc(cc1)P(C12C3[Fe]4567892(C1C5C34)C1C6C7C9(C81)P(c1ccccc1)c1ccccc1)c1ccccc1,CCCO,[K+].[O-1]C(C)(C)C,10.0,25.0,1000.0,1.6302397679210456,outer
CC(=O)c1ccccc1,C[C@H](O)c1ccccc1,2013,Ru,c1ccc2c(c1)[C@H](NC2)[C@H]1NCc2c1cccc2.c1ccc(cc1)OP(Oc1ccccc1)Oc1ccccc1,CC(O)C,[K+].[O-1]C(C)(C)C,10.0,25.0,,1.6302397679210456,outer
CC(=O)/C=C(\C)c1ccccc1,C/C(=C\[C@H](C)O)c1ccccc1,2014,Ru,c1ccc(cc1)P(c1ccccc1)c1ccccc1.c1ccc2c(c1)[C@H](NC2)[C@@H]1NCc2c1cccc2,CC(O)C,[O-1]C(C)(C)C.[K+],10.0,25.0,1000.0,1.6302397679210456,outer
O=C1CCCc2ccccc21,O[C@@H]1CCCc2ccccc21,2024,Ru,COC[C@@H](N[C@@H](C[C@H](P(c1ccccc1)c1ccccc1)C)C)C,CC(O)C,[K+].[O-1]C(C)(C)C,50.0,25.0,200.0,1.6302397679210456,outer
CC(=O)c1ccccc1,C[C@H](O)c1ccccc1,2006,Ru,Cc1cc(C)cc(c1)P(c1ccccc1C(=O)c1ccccc1P(c1cc(C)cc(c1)C)c1cc(C)cc(c1)C)c1cc(C)cc(c1)C.NC(C(c1ccccc1)N)c1ccccc1,CCO,[O-1]C(C)(C)C.[K+],20.0,25.0,1000.0,1.6302397679210456,outer
CC(=O)c1ccccc1,C[C@H](O)c1ccccc1,2006,Ru,O=C(c1ccccc1P(c1ccccc1)c1ccccc1)c1ccccc1P(c1ccccc1)c1ccccc1.NC(C(c1ccc(cc1)C)N)c1ccc(cc1)C,CCO,[O-1]C(C)(C)C.[K+],20.0,25.0,1000.0,1.6302397679210456,outer
CC(=O)c1cccc(F)c1,C[C@@H](O)c1cccc(F)c1,2025,Ru,OC[C@@H](NC(=O)CN[C@@H](C12C3[Fe]4567891(C2(C8C34)P(c1ccccc1)c1ccccc1)C1C5C6C9(C71)P(c1ccccc1)c1ccccc1)C)C,CC(O)C,[Na+].[O-1]C(C)(C)C,10.0,25.0,1000.0,1.6302397679210456,outer
CC(=O)c1c2ccccc2cc2ccccc12,C[C@H](O)c1c2ccccc2cc2ccccc12,2020,Ru,O=C(c1ccccc1P(C(C)(C)C)C)N[C@@H]1CCCC[C@H]1NC(=O)c1ccccc1P(C(C)(C)C)C,CC(O)C,[O-1]C(C)(C)C.[K+],30.0,25.0,100.0,1.6302397679210456,outer
O=C1CN2CCC1CC2,O[C@H]1CN2CCC1CC2,2010,Ru,c1ccc(cc1)P(c1ccc2c(c1c1c(ccc3c1cccc3)P(c1ccccc1)c1ccccc1)cccc2)c1ccccc1.NC[C@@H]1OC(O[C@H]1CN)(C)C,CC(O)C,[K+].[O-1]C(C)(C)C,20.0,25.0,10000.0,1.6302397679210456,outer
CC(=O)c1ccccc1,C[C@H](O)c1ccccc1,2006,Ru,Cc1cc(C)cc(c1)P(c1ccccc1C(=O)c1ccccc1P(c1cc(C)cc(c1)C)c1cc(C)cc(c1)C)c1cc(C)cc(c1)C.NC(C(c1ccccc1)N)c1ccccc1,CC(O)C,[O-1]C(C)(C)C.[K+],20.0,25.0,1000.0,1.6302397679210456,outer
CC(=O)c1ccccc1,C[C@H](O)c1ccccc1,2006,Ru,O=C(c1ccc(cc1P(c1ccccc1)c1ccccc1)C(C)(C)C)c1ccc(cc1P(c1ccccc1)c1ccccc1)C(C)(C)C.NC(C(c1ccccc1)N)c1ccccc1,CCO,[O-1]C(C)(C)C.[K+],20.0,25.0,1000.0,1.6302397679210456,outer
CC(=O)c1cc(C(F)(F)F)cc(C(F)(F)F)c1,C[C@H](O)c1cc(C(F)(F)F)cc(C(F)(F)F)c1,2013,Ru,c1ccc2c(c1)[C@H](NC2)[C@H]1NCc2c1cccc2.c1ccc(cc1)P(c1ccccc1)c1ccccc1,CC(O)C,[K+].[O-1]C(C)(C)C,10.0,25.0,,1.6302397679210456,outer
CC(=O)c1ccccc1,C[C@H](O)c1ccccc1,2010,Ru,c1ccc(cc1)P(c1ccc2c(c1c1c(ccc3c1cccc3)P(c1ccccc1)c1ccccc1)cccc2)c1ccccc1.C[C@@H](c1nc2c([nH]1)cccc2)N,Cc1ccccc1.CC(O)(C)C,[O-1]C(C)(C)C.[K+],8.0,25.0,1000.0,1.6302397679210456,outer
CC(=O)c1ccccc1,C[C@H](O)c1ccccc1,2010,Ru,CC1(C)O[C@@H]([C@H](O1)CP(c1ccccc1)c1ccccc1)CP(c1ccccc1)c1ccccc1.C[C@@H](c1nc2c([nH]1)cc1c(c2)cccc1)N,Cc1ccccc1.CC(O)(C)C,[O-1]C(C)(C)C.[K+],8.0,25.0,1000.0,1.6302397679210456,outer
COc1ccc(C(C)=O)cc1,COc1ccc([C@H](C)O)cc1,2004,Ru,C1C[C@@H]([C@@H](C1)P(c1ccccc1)c1ccccc1)[C@H]1CCC[C@H]1P(c1ccccc1)c1ccccc1.CCCSc1ccccc1N,CCO,[O-1]C(C)(C)C.[Na+],7.0,25.0,500.0,1.6302397679210456,outer
CC(=O)c1cccc(C)c1,Cc1cccc([C@H](C)O)c1,2004,Ru,C1C[C@@H]([C@@H](C1)P(c1ccccc1)c1ccccc1)[C@H]1CCC[C@H]1P(c1ccccc1)c1ccccc1.CCCSc1ccccc1N,CCO,[O-1]C(C)(C)C.[Na+],7.0,25.0,500.0,1.6302397679210456,outer
CC(=O)c1ccccc1C,Cc1ccccc1[C@H](C)O,2011,Ru,Brc1ccc2c(c1)[C@H](NC2)[C@H]1NCc2c1cc(Br)cc2.c1ccc(cc1)P(C12C3[Fe]4567892(C1C5C34)C1C6C7C9(C81)P(c1ccccc1)c1ccccc1)c1ccccc1,CCCO,[K+].[O-1]C(C)(C)C,50.0,25.0,1000.0,1.6302397679210456,outer
O=C1CCOc2ccc(Br)cc21,O[C@@H]1CCOc2ccc(Br)cc21,2024,Ru,COC[C@@H](N[C@@H](C[C@H](P(c1ccccc1)c1ccccc1)C)C)C,CC(O)C,[K+].[O-1]C(C)(C)C,70.0,25.0,200.0,1.6302397679210456,outer
O=C(c1ccccc1)C1CCCCC1,O[C@@H](c1ccccc1)C1CCCCC1,2024,Ru,COC[C@@H](N[C@@H](C[C@H](P(c1ccccc1)c1ccccc1)C)C)C,CC(O)C,[K+].[O-1]C(C)(C)C,70.0,25.0,200.0,1.6302397679210456,outer
CC(=O)c1ccc(Cl)cc1,C[C@@H](O)c1ccc(Cl)cc1,2025,Ru,OC[C@@H](NC(=O)CN[C@@H](C12C3[Fe]4567891(C2(C8C34)P(c1ccccc1)c1ccccc1)C1C5C6C9(C71)P(c1ccccc1)c1ccccc1)C)C,CC(O)C,[Na+].[O-1]C(C)(C)C,10.0,25.0,1000.0,1.6302397679210456,outer
CC(=O)C1CCCCC1,C[C@@H](O)C1CCCCC1,2011,Ru,Cc1cc(C)cc(c1)P(c1ccc2c(c1c1c(ccc3c1cccc3)P(c1cc(C)cc(c1)C)c1cc(C)cc(c1)C)cccc2)c1cc(C)cc(c1)C.COc1ccc(cc1)C(c1ccc(cc1)OC)([C@H](C(C)C)N)N,CC(O)C,[O-1]C(C)(C)C.[K+],10.0,5.0,4000.0,1.627508259123985,outer
CC(=O)c1ccccc1,C[C@H](O)c1ccccc1,2004,Ru,Clc1ccc2c(c1)c(cc(c2c1c(cc(c2c1ccc(c2)Cl)c1ccccc1)P(c1cc(C)cc(c1)C)c1cc(C)cc(c1)C)P(c1cc(C)cc(c1)C)c1cc(C)cc(c1)C)c1ccccc1.N[C@@H]([C@@H](c1ccccc1)N)c1ccccc1,CC(O)C,[O-1]C(C)(C)C.[K+],48.3,25.0,1000.0,1.6250076279497225,outer
CCCC(=O)c1ccco1,CCC[C@H](O)c1ccco1,2021,Ru,COc1ccccc1P(c1ccccc1OC)c1ccccc1OC.C=CC1CN2CCC1CC2[C@@H](c1ccnc2c1cccc2)N,CCCO,[Li+].[OH-1],60.0,30.0,62.5,1.6211773937069063,outer
CCOC(=O)C(C)=O,CCOC(=O)[C@@H](C)O,2005,Ru,CC1(C)Oc2c(O1)c(c1c3OC(Oc3ccc1P(c1ccccc1)c1ccccc1)(C)C)c(cc2)P(c1ccccc1)c1ccccc1,CO,,50.0,70.0,100.0,1.6203986780858026,inner
CC(=O)c1cc(C(F)(F)F)cc(C(F)(F)F)c1,C[C@@H](O)c1cc(C(F)(F)F)cc(C(F)(F)F)c1,2014,Ru,CC1(C)O[C@@H]([C@H](O1)CP(c1ccccc1)c1ccccc1)CP(c1ccccc1)c1ccccc1.COc1ccc2c(c1)[nH]c(n2)[C@H](N)C,Cc1ccccc1,[O-1]C(C)(C)C.[K+].c1ccc(cc1)P(c1ccccc1)c1ccccc1,8.0,25.0,1000.0,1.6198157889810514,outer
CC(=O)c1ccccc1,C[C@H](O)c1ccccc1,2013,Ru,CC(Sc1cc(ccc1/C=N/[C@@H]1CCCC[C@H]1/N=C/c1ccc(cc1SC(C)(C)C)C(C)(C)C)C(C)(C)C)(C)C,CC(O)C,[K+].[OH-1],50.0,23.0,2000.0,1.6193040659728921,inner
CC(=O)c1ccc(C)cc1,Cc1ccc([C@H](C)O)cc1,2004,Ru,c1ccc(cc1)P(c1cc(c2ccccc2)c2c(c1c1c(cc(c3c1cccc3)c1ccccc1)P(c1ccccc1)c1ccccc1)cccc2)c1ccccc1.N[C@@H]([C@@H](c1ccccc1)N)c1ccccc1,CC(O)C,[O-1]C(C)(C)C.[K+],47.62,25.0,1000.0,1.6146635901098316,outer
O=C1CN2CCC1CC2,O[C@H]1CN2CCC1CC2,2009,Ru,C[C@H](P(c1cc(C)cc(c1)C)c1cc(C)cc(c1)C)C[C@@H](P(c1cc(C)cc(c1)C)c1cc(C)cc(c1)C)C.NCc1ccccn1,CCO,[O-1]C(C)(C)C.[K+],15.0,50.0,99999.99999999999,1.6133114247771982,outer
CC(=O)c1ccccc1,C[C@H](O)c1ccccc1,2023,Ru,CCCCCN[C@H](c1ccnc2c1cccc2)[C@H]1CC2CCN1CC2C=C.COc1ccccc1P(c1ccccc1OC)c1ccccc1OC,CCO,[Li+].[OH-1],60.0,30.0,250.0,1.6111207838653834,outer
O=C1CCCc2ccccc21,O[C@@H]1CCCc2ccccc21,2024,Ru,COC[C@@H](N[C@@H](C[C@H](P(c1ccccc1)c1ccccc1)C)C)C,CC(O)C,[K+].[O-1]C(C)(C)C,50.0,40.0,200.0,1.6096752575768067,outer
CC(=O)c1ccccc1,C[C@H](O)c1ccccc1,2015,Ru,C[n+]1ccn(c1C)C[C@@H]1COC(=N1)C12C3[Fe]4567891(C2(C9C34)P(c1ccccc1)c1ccccc1)C1C7C6C5C81,Cc1ccccc1.O,[K+].[OH-1],20.0,30.0,200.0,1.6061468078725982,inner
CC(=O)c1ccccc1,C[C@@H](O)c1ccccc1,2005,Ru,COc1ccccc1p1oc2ccc3c(c2c2c(o1)ccc1c2cccc1)cccc3.N[C@H]([C@H](c1ccccc1)N)c1ccccc1,CC(O)C,[O-1]C(C)(C)C.[K+],10.0,20.0,1000.0,1.602900513050661,outer
CC(=O)c1ccc(C(F)(F)F)cc1,C[C@H](O)c1ccc(C(F)(F)F)cc1,2006,Ru,Brc1ccccc1p1oc2ccc3c(c2c2c(o1)ccc1c2cccc1)cccc3.N[C@@H]1CCCC[C@H]1N,CC(O)C,[O-1]C(C)(C)C.[K+],80.0,0.0,500.0,1.5982523134269875,outer
CC(=O)c1ccccc1,C[C@H](O)c1ccccc1,2006,Ru,Brc1ccccc1p1oc2ccc3c(c2c2c(o1)ccc1c2cccc1)cccc3.N[C@@H]1CCCC[C@H]1N,CC(O)C,[O-1]C(C)(C)C.[K+],80.0,0.0,300.3003003003003,1.5982523134269875,outer
CC(=O)c1cccc(Cl)c1,C[C@H](O)c1cccc(Cl)c1,2006,Ru,Brc1ccccc1p1oc2ccc3c(c2c2c(o1)ccc1c2cccc1)cccc3.N[C@@H]1CCCC[C@H]1N,CC(O)C,[O-1]C(C)(C)C.[K+],80.0,0.0,400.0,1.5982523134269875,outer
O=C(O)C(=O)c1ccc(-c2ccccc2)cc1,O=C(O)[C@@H](O)c1ccc(-c2ccccc2)cc1,2017,Ru,CC([C@H]1COC(=N1)C12C3[Ru-2]4567892(C1(P(c1ccccc1)c1ccccc1)C5C34)C1C6C9(C8(C71)P(c1ccccc1)c1ccccc1)C1=N[C@H](CO1)C(C)(C)C)(C)C.c1ccc(cc1)P(c1ccccc1)c1ccccc1,CO,[O-1]C(=O)C.[Na+].c1ccc(cc1)P(c1ccccc1)c1ccccc1,40.0,0.0,50.0,1.5982523134269875,inner
COc1ccccc1C(=O)C(=O)O,COc1ccccc1[C@H](O)C(=O)O,2017,Ru,CC([C@H]1COC(=N1)C12C3[Ru-2]4567892(C1(P(c1ccccc1)c1ccccc1)C5C34)C1C6C9(C8(C71)P(c1ccccc1)c1ccccc1)C1=N[C@H](CO1)C(C)(C)C)(C)C.c1ccc(cc1)P(c1ccccc1)c1ccccc1,CO,[O-1]C(=O)C.[Na+].c1ccc(cc1)P(c1ccccc1)c1ccccc1,40.0,0.0,50.0,1.5982523134269875,inner
CC(=O)c1ccc(Cl)cc1,C[C@H](O)c1ccc(Cl)cc1,2006,Ru,Brc1ccccc1p1oc2ccc3c(c2c2c(o1)ccc1c2cccc1)cccc3.N[C@@H]1CCCC[C@H]1N,CC(O)C,[O-1]C(C)(C)C.[K+],80.0,0.0,400.0,1.5982523134269875,outer
CC(=O)c1ccc(C(F)(F)F)cc1,C[C@H](O)c1ccc(C(F)(F)F)cc1,2006,Ru,Brc1ccccc1p1oc2ccc3c(c2c2c(o1)ccc1c2cccc1)cccc3.N[C@@H]1CCCC[C@H]1N,CC(O)C,[O-1]C(C)(C)C.[K+],80.0,0.0,300.3003003003003,1.5982523134269875,outer
CCC(=O)c1ccccc1,CC[C@@H](O)c1ccccc1,2005,Ru,Brc1ccccc1p1oc2ccc3c(c2c2c(o1)ccc1c2cccc1)cccc3.N[C@H]([C@H](c1ccccc1)N)c1ccccc1,CC(O)C,[O-1]C(C)(C)C.[K+],70.0,0.0,1000.0,1.5982523134269875,outer
CC(=O)c1ccc(C)cc1,Cc1ccc([C@H](C)O)cc1,2015,Ru,C[N+]1(CCCC1)C[C@@H]1COC(=N1)C12C3[Fe]4567891(C2(C9C34)P(c1ccccc1)c1ccccc1)C1C7C6C5C81,Cc1ccccc1.O,[K+].[OH-1],20.0,30.0,1000.0,1.596304738283317,inner
CCOC(=O)CC(C)=O,CCOC(=O)C[C@@H](C)O,2002,Ru,CCN([C@@H](C12C3[Fe]4567892(C1(P(c1ccccc1)c1ccccc1)C5C34)C1C8C7C6C91)c1ccccc1P(c1ccccc1)c1ccccc1)CC,CCO,,50.0,50.0,125.0,1.5950214400024203,inner
CC(=O)c1ccccc1,C[C@H](O)c1ccccc1,2023,Ru,CCCN[C@H](c1ccnc2c1cccc2)[C@H]1CC2CCN1CC2C=C.C1CCC(CC1)P(C1CCCCC1)C1CCCCC1,CCO,[Li+].[OH-1],60.0,30.0,250.0,1.586600290532925,outer
CCC(=O)c1ccccc1,CC[C@H](O)c1ccccc1,2004,Ru,Brc1cc(P(c2ccccc2)c2ccccc2)c(c2c1cccc2)c1c(cc(c2c1cccc2)Br)P(c1ccccc1)c1ccccc1.N[C@@H]([C@@H](c1ccccc1)N)c1ccccc1,CC(O)C,[O-1]C(C)(C)C.[K+],47.62,25.0,1000.0,1.5845477872652616,outer
O=C(O)C(=O)c1ccccc1,O=C(O)[C@@H](O)c1ccccc1,2017,Ru,CC([C@H]1COC(=N1)C12C3[Ru-2]4567892(C1(P(c1ccccc1)c1ccccc1)C5C34)C1C6C9(C8(C71)P(c1ccccc1)c1ccccc1)C1=N[C@H](CO1)C(C)(C)C)(C)C.c1ccc(cc1)P(c1ccccc1)c1ccccc1,CO,[Na+].[OH-1],40.0,25.0,50.0,1.5796558494712687,inner
CC(=O)c1ccccc1,C[C@@H](O)c1ccccc1,2006,Ru,c1ccc(cc1)c1cc2ccccc2c(c1NCc1ccccn1)c1c(NCc2ccccn2)c(cc2c1cccc2)c1ccccc1,CC(O)C,[O-1]C(C)(C)C.[K+],50.0,25.0,10000.0,1.5796558494712687,outer
CC(=O)c1ccccc1,C[C@H](O)c1ccccc1,2010,Ru,Cc1ccc(cc1)P(c1ccc2c(c1c1c(ccc3c1cccc3)P(c1ccc(cc1)C)c1ccc(cc1)C)cccc2)c1ccc(cc1)C.C[C@@H](c1nc2c([nH]1)cccc2)N,Cc1ccccc1,[O-1]C(C)(C)C.[K+],8.0,25.0,1000.0,1.5796558494712687,outer
CC(=O)c1ccc(C)cc1,Cc1ccc([C@@H](C)O)cc1,2006,Ru,c1ccc(cc1)P(c1ccc2c(c1c1c(ccc3c1cccc3)P(c1ccccc1)c1ccccc1)cccc2)c1ccccc1.N[C@H]([C@H](c1ccccc1)N)c1ccccc1,CC(O)C,[K+].[OH-1],15.0,25.0,250.0,1.5796558494712687,outer
CC(=O)c1ccc(F)cc1,C[C@H](O)c1ccc(F)cc1,2004,Ru,C1C[C@@H]([C@@H](C1)P(c1ccccc1)c1ccccc1)[C@H]1CCC[C@H]1P(c1ccccc1)c1ccccc1.CCCSc1ccccc1N,CCO,[O-1]C(C)(C)C.[Na+],7.0,25.0,1000.0,1.5796558494712687,outer
CC(=O)c1ccccc1C,Cc1ccccc1[C@H](C)O,2004,Ru,Cc1cc(C)cc(c1)P([C@@H]1CCC[C@@H]1[C@H]1CCC[C@H]1P(c1cc(C)cc(c1)C)c1cc(C)cc(c1)C)c1cc(C)cc(c1)C.CCCSc1ccccc1N,CCO,[O-1]C(C)(C)C.[Na+],7.0,25.0,500.0,1.5796558494712687,outer
CCCCCCC/C=C/C(=O)[Si](C)(C)C(C)(C)C,CCCCCCC/C=C/[C@H](O)[Si](C)(C)C(C)(C)C,2008,Ru,Cc1ccc(cc1)P(c1ccc2c(c1c1c(ccc3c1cccc3)P(c1ccc(cc1)C)c1ccc(cc1)C)cccc2)c1ccc(cc1)C.NCc1ccccn1,CCO,[O-1]C(C)(C)C.[K+],10.0,25.0,300.000030000003,1.5796558494712687,outer
O=C(O)C(=O)c1ccccc1,O=C(O)[C@@H](O)c1ccccc1,2017,Ru,CC([C@H]1COC(=N1)C12C3[Ru-2]4567892(C1(P(c1ccccc1)c1ccccc1)C5C34)C1C6C9(C8(C71)P(c1ccccc1)c1ccccc1)C1=N[C@H](CO1)C(C)(C)C)(C)C.c1ccc(cc1)P(c1ccccc1)c1ccccc1,CO,[O-1]C(=O)C.[Na+].[Na+].FC(c1cc(cc(c1)C(F)(F)F)[B-1](c1cc(cc(c1)C(F)(F)F)C(F)(F)F)(c1cc(cc(c1)C(F)(F)F)C(F)(F)F)c1cc(cc(c1)C(F)(F)F)C(F)(F)F)(F)F,40.0,25.0,50.0,1.5796558494712687,inner
O=C(c1ccccc1)c1ccccn1,O[C@@H](c1ccccc1)c1ccccn1,2025,Ru,Cc1ccccc1[C@H](c1ccccn1)N[C@H](C12C3[Fe]4567891(C2(C8C34)P(c1ccccc1)c1ccccc1)C1C5C6C9(C71)P(c1ccccc1)c1ccccc1)C,COC(C)(C)C,[Cs+].[O-1]C(=O)[O-1].[Cs+],50.0,25.0,100.0,1.5796558494712687,outer
CC(=O)c1ccc(F)cc1,C[C@H](O)c1ccc(F)cc1,2006,Ru,O=C(c1ccccc1P(c1ccccc1)c1ccccc1)c1ccccc1P(c1ccccc1)c1ccccc1.NC(C(c1ccccc1)N)c1ccccc1,CCO,[O-1]C(C)(C)C.[K+],20.0,25.0,1000.0,1.5796558494712687,outer
CC(=O)c1ccc2ccccc2c1,C[C@@H](O)c1ccc2ccccc2c1,2010,Ru,N(CC1=NC2C(O1)Cc1c2cccc1)CC1=NC2C(O1)Cc1c2cccc1,CC(O)C,[O-1]C(C)(C)C.[K+],5.0,25.0,100.0,1.5796558494712687,outer
CC1CCc2ccccc2C1=O,C[C@@H]1CCc2ccccc2[C@@H]1O,2004,Ru,c1ccc(cc1)P(c1ccc2c(c1c1c(ccc3c1cccc3)P(c1ccccc1)c1ccccc1)cccc2)c1ccccc1.C[C@H]([C@H]1OC(O[C@@H]1[C@H](N)C)(C)C)N,CC(O)C,[O-1]C(C)(C)C.[K+],9.0,25.0,10000.0,1.5796558494712687,outer
CC(=O)c1ccccc1,C[C@H](O)c1ccccc1,2006,Ru,Cc1cc(C)cc(c1)P(c1ccccc1C(=O)c1ccccc1P(c1cc(C)cc(c1)C)c1cc(C)cc(c1)C)c1cc(C)cc(c1)C.NC(C(c1ccccc1)N)c1ccccc1,CCCO,[O-1]C(C)(C)C.[K+],20.0,25.0,1000.0,1.5796558494712687,outer
CC(=O)c1ccccc1,C[C@H](O)c1ccccc1,2006,Ru,O=C(c1ccccc1P(c1ccccc1)c1ccccc1)c1ccccc1P(c1ccccc1)c1ccccc1.NC(C(c1ccc2c(c1)cccc2)N)c1ccc2c(c1)cccc2,CCO,[O-1]C(C)(C)C.[K+],20.0,25.0,1000.0,1.5796558494712687,outer
CC(=O)c1cccc(Cl)c1,C[C@@H](O)c1cccc(Cl)c1,2025,Ru,OC[C@@H](NC(=O)CN[C@@H](C12C3[Fe]4567891(C2(C8C34)P(c1ccccc1)c1ccccc1)C1C5C6C9(C71)P(c1ccccc1)c1ccccc1)C)C,CC(O)C,[Na+].[O-1]C(C)(C)C,10.0,25.0,1000.0,1.5796558494712687,outer
COCC(=O)c1ccc(C(F)(F)F)cc1,COC[C@H](O)c1ccc(C(F)(F)F)cc1,2004,Ru,C1C[C@@H]([C@@H](C1)P(c1ccccc1)c1ccccc1)[C@H]1CCC[C@H]1P(c1ccccc1)c1ccccc1.NCCSC(C)(C)C,CCO,[O-1]C(C)(C)C.[Na+],7.0,25.0,200.0,1.5796558494712687,outer
CC(=O)c1ccc(N(C)C)cc1,C[C@@H](O)c1ccc(N(C)C)cc1,2025,Ru,OC[C@@H](NC(=O)CN[C@@H](C12C3[Fe]4567891(C2(C8C34)P(c1ccccc1)c1ccccc1)C1C5C6C9(C71)P(c1ccccc1)c1ccccc1)C)C,CC(O)C,[Na+].[O-1]C(C)(C)C,10.0,25.0,1000.0,1.5796558494712687,outer
CC(=O)c1cccc(Br)c1,C[C@H](O)c1cccc(Br)c1,2006,Ru,O=C(c1ccccc1P(c1ccccc1)c1ccccc1)c1ccccc1P(c1ccccc1)c1ccccc1.NC(C(c1ccccc1)N)c1ccccc1,CCO,[O-1]C(C)(C)C.[K+],20.0,25.0,1000.0,1.5796558494712687,outer
O=C(CCNCc1ccccc1)c1ccccc1,O[C@H](CCNCc1ccccc1)c1ccccc1,2015,Ru,CC([C@H]1COC(=N1)C12C3[Ru]4567891(C2(C7C34)P(c1ccccc1)c1ccccc1)C1C5C9(C8(C61)P(c1ccccc1)c1ccccc1)C1=N[C@H](CO1)C(C)(C)C)(C)C.c1ccc(cc1)P(c1ccccc1)c1ccccc1,CO,[O-1]C(=O)[O-1].[Na+].[Na+],50.0,25.0,200.0,1.5796558494712687,inner
CC(=O)c1ccc(Br)s1,C[C@H](O)c1ccc(Br)s1,2021,Ru,COc1ccccc1P(c1ccccc1OC)c1ccccc1OC.C=CC1CN2CCC1CC2[C@@H](c1ccnc2c1cccc2)N,CCCO,[Li+].[OH-1],60.0,30.0,250.0,1.5722927407924474,outer
CC(=O)c1cc(C(F)(F)F)cc(C(F)(F)F)c1,C[C@@H](O)c1cc(C(F)(F)F)cc(C(F)(F)F)c1,2014,Ru,CC1(C)O[C@@H]([C@H](O1)CP(c1ccccc1)c1ccccc1)CP(c1ccccc1)c1ccccc1.C[C@H](c1nc2c([nH]1)c(C)ccc2C)N,Cc1ccccc1.CC(O)C,[O-1]C(C)(C)C.[K+],8.0,25.0,1000.0,1.56997610990985,outer
CCOC(=O)CC(C)=O,CCOC(=O)C[C@@H](C)O,2002,Ru,C[C@@H](N([C@@H](C12C3[Fe]4567891(C2(C9C34)P(c1ccccc1)c1ccccc1)C1C7C6C5C81)c1ccccc1P(c1ccccc1)c1ccccc1)C)c1ccccc1,CCO,,50.0,50.0,125.0,1.5683865600697784,inner
CCOC(=O)CC(=O)C(C)C,CCOC(=O)C[C@@H](O)C(C)C,2004,Ru,c1ccc(cc1)P(c1ccc2c(c1c1c(ccc3c1cccc3)P(c1ccccc1)c1ccccc1)cccc2)c1ccccc1,CCO,,19.74,50.0,100.0,1.5683865600697784,inner
CC(=O)c1ccc(C)cc1,Cc1ccc([C@H](C)O)cc1,2004,Ru,Ic1cc(P(c2ccccc2)c2ccccc2)c(c2c1cccc2)c1c(cc(c2c1cccc2)I)P(c1ccccc1)c1ccccc1.N[C@@H]([C@@H](c1ccccc1)N)c1ccccc1,CC(O)C,[O-1]C(C)(C)C.[K+],47.62,25.0,1000.0,1.5651872533963513,outer
O=C1CCCc2ccccc21,O[C@@H]1CCCc2ccccc21,2024,Ru,COC[C@@H](N[C@@H](C[C@H](P(c1ccccc1)c1ccccc1)C)C)C,CCCCO,[K+].[O-1]C(C)(C)C,50.0,40.0,200.0,1.5633868874175447,outer
O=C1CCCc2ccccc21,O[C@@H]1CCCc2ccccc21,2024,Ru,COC[C@@H](N[C@@H](C[C@H](P(c1ccccc1)c1ccccc1)C)C)C,CCO,[K+].[O-1]C(C)(C)C,50.0,40.0,200.0,1.5633868874175447,outer
CC(=O)c1cccs1,C[C@@H](O)c1cccs1,2008,Ru,COc1nc(OC)cc(c1c1c(OC)nc(cc1P(c1ccc(cc1)OC)c1ccc(cc1)OC)OC)P(c1ccc(cc1)OC)c1ccc(cc1)OC.COc1ccc(cc1)C(c1ccc(cc1)OC)([C@H](C(C)C)N)N,CC(O)C,[K+].[OH-1],30.0,25.0,2000.0,1.5604317223235744,outer
O=C1CN2CCC1CC2,O[C@H]1CN2CCC1CC2,2009,Ru,C[C@H](P(c1cc(C)cc(c1)C)c1cc(C)cc(c1)C)C[C@@H](P(c1cc(C)cc(c1)C)c1cc(C)cc(c1)C)C.NCc1ccccn1,CO,[O-1]C(C)(C)C.[K+],10.0,30.0,49999.99999999999,1.5582725669308923,outer
CC(=O)c1ccc(Br)cc1,C[C@H](O)c1ccc(Br)cc1,2023,Ru,CCCCCN[C@H](c1ccnc2c1cccc2)[C@H]1CC2CCN1CC2C=C.C1CCC(CC1)P(C1CCCCC1)C1CCCCC1,CCO,[Ba+2].[OH-1].[OH-1],60.0,20.0,1000.0,1.5579747906651398,outer
COc1ccc(C(C)=O)cc1,COc1ccc([C@H](C)O)cc1,2004,Ru,Cc1cc(P(c2ccccc2)c2ccccc2)c(c2c1cccc2)c1c(cc(c2c1cccc2)C)P(c1ccccc1)c1ccccc1.N[C@@H]([C@@H](c1ccccc1)N)c1ccccc1,CC(O)C,[O-1]C(C)(C)C.[K+],47.62,25.0,1000.0,1.5557090184292401,outer
CC(=O)c1cc(C(F)(F)F)cc(C(F)(F)F)c1,C[C@@H](O)c1cc(C(F)(F)F)cc(C(F)(F)F)c1,2014,Ru,CC1(C)O[C@@H]([C@H](O1)CP(c1ccccc1)c1ccccc1)CP(c1ccccc1)c1ccccc1.N[C@@H](c1nc2c([nH]1)cccc2)C(C)C,Cc1ccccc1,[O-1]C(C)(C)C.[K+],8.0,25.0,1000.0,1.5557090184292401,outer
CC(=O)c1ccc2ccccc2c1,C[C@H](O)c1ccc2ccccc2c1,2004,Ru,Cc1cc(P(c2ccccc2)c2ccccc2)c(c2c1cccc2)c1c(cc(c2c1cccc2)C)P(c1ccccc1)c1ccccc1.N[C@@H]([C@@H](c1ccccc1)N)c1ccccc1,CC(O)C,[O-1]C(C)(C)C.[K+],47.62,25.0,1000.0,1.5557090184292401,outer
CC(=O)c1ccccc1,C[C@@H](O)c1ccccc1,2010,Ru,Cc1cccc(c1c1c(C)cccc1P(c1ccccc1)c1ccccc1)P(c1ccccc1)c1ccccc1.CN[C@H]1CCCC[C@@H]1NC,CC(O)C,[OH-1].[K+],30.0,20.0,3003.003003003003,1.5531648910699396,outer
CC(=O)c1ccccc1O,C[C@@H](O)c1ccccc1O,2010,Ru,c1ccc(cc1)P(c1ccc2c(c1c1c(ccc3c1cccc3)P(c1ccccc1)c1ccccc1)cccc2)c1ccccc1.CN[C@H]1CCCC[C@@H]1NC,CC(O)C,[OH-1].[K+],30.0,20.0,3003.003003003003,1.5531648910699396,outer
CC(=O)c1ccccc1,C[C@@H](O)c1ccccc1,2010,Ru,CCCCOc1ccc(cc1)P(c1c(OC)cccc1c1cccc(c1P(c1ccc(cc1)OCCCC)c1ccc(cc1)OCCCC)OC)c1ccc(cc1)OCCCC.N[C@H]([C@H](c1ccccc1)N)c1ccccc1,CC(O)C,[K+].[OH-1],29.61,20.0,3000.003000003,1.5531648910699396,outer
CC(=O)c1ccc2ccccc2c1,C[C@H](O)c1ccc2ccccc2c1,2004,Ru,Ic1cc(P(c2ccccc2)c2ccccc2)c(c2c1cccc2)c1c(cc(c2c1cccc2)I)P(c1ccccc1)c1ccccc1.N[C@@H]([C@@H](c1ccccc1)N)c1ccccc1,CC(O)C,[O-1]C(C)(C)C.[K+],47.62,25.0,1000.0,1.5510186544785827,outer
CC(=O)c1ccc(Cl)cc1,C[C@H](O)c1ccc(Cl)cc1,2004,Ru,Clc1ccc2c(c1)c(cc(c2c1c(cc(c2c1ccc(c2)Cl)c1ccccc1)P(c1cc(C)cc(c1)C)c1cc(C)cc(c1)C)P(c1cc(C)cc(c1)C)c1cc(C)cc(c1)C)c1ccccc1.N[C@@H]([C@@H](c1ccccc1)N)c1ccccc1,CC(O)C,[O-1]C(C)(C)C.[K+],48.3,25.0,1000.0,1.5463601539411782,outer
C/C(=C\C(=O)c1ccccc1)c1ccccc1,C/C(=C\[C@H](O)c1ccccc1)c1ccccc1,2008,Ru,Cc1ccc(cc1)P(c1ccc2c(c1c1c(ccc3c1cccc3)P(c1ccc(cc1)C)c1ccc(cc1)C)cccc2)c1ccc(cc1)C.N[C@H](c1ccccc1)CN(C)C,CC(O)C,[O-1]C(C)(C)C.[K+],50.0,0.0,1000.0,1.54365319107383,outer
CC(=O)c1ccc(I)cc1,C[C@@H](O)c1ccc(I)cc1,2005,Ru,Brc1ccccc1p1oc2ccc3c(c2c2c(o1)ccc1c2cccc1)cccc3.N[C@H]([C@H](c1ccccc1)N)c1ccccc1,CC(O)C,[O-1]C(C)(C)C.[K+],50.0,0.0,2000.0,1.54365319107383,outer
COc1ccc(OC)c(C(=O)C(=O)O)c1,COc1ccc(OC)c([C@H](O)C(=O)O)c1,2017,Ru,CC([C@H]1COC(=N1)C12C3[Ru-2]4567892(C1(P(c1ccccc1)c1ccccc1)C5C34)C1C6C9(C8(C71)P(c1ccccc1)c1ccccc1)C1=N[C@H](CO1)C(C)(C)C)(C)C.c1ccc(cc1)P(c1ccccc1)c1ccccc1,CO,[O-1]C(=O)C.[Na+].c1ccc(cc1)P(c1ccccc1)c1ccccc1,40.0,0.0,50.0,1.54365319107383,inner
O=C(CN1C(=O)c2ccccc2C1=O)c1cccc2ccccc12,O=C1c2ccccc2C(=O)N1C[C@H](O)c1cccc2ccccc12,2005,Ru,c1ccc(cc1)P(c1ccc2c(c1c1c(ccc3c1cccc3)P(c1ccccc1)c1ccccc1)cccc2)c1ccccc1,CCO,,102.04,80.0,100.0,1.5419675607711474,inner
CCC(=O)c1ccccc1,CC[C@H](O)c1ccccc1,2004,Ru,Clc1cc(P(c2ccccc2)c2ccccc2)c(c2c1cccc2)c1c(cc(c2c1cccc2)Cl)P(c1ccccc1)c1ccccc1.N[C@@H]([C@@H](c1ccccc1)N)c1ccccc1,CC(O)C,[O-1]C(C)(C)C.[K+],47.62,25.0,1000.0,1.541733050679536,outer
CC(=O)c1ccc2ccccc2c1,C[C@H](O)c1ccc2ccccc2c1,2004,Ru,OC(c1cc(P(c2ccccc2)c2ccccc2)c(c2c1cccc2)c1c(cc(c2c1cccc2)C(c1ccccc1)(c1ccccc1)O)P(c1ccccc1)c1ccccc1)(c1ccccc1)c1ccccc1.N[C@@H]([C@@H](c1ccccc1)N)c1ccccc1,CC(O)C,[O-1]C(C)(C)C.[K+],47.62,25.0,1000.0,1.541733050679536,outer
COc1ccc(C(C)=O)cc1,COc1ccc([C@H](C)O)cc1,2004,Ru,c1ccc(cc1)P(c1cc(c2ccccc2)c2c(c1c1c(cc(c3c1cccc3)c1ccccc1)P(c1ccccc1)c1ccccc1)cccc2)c1ccccc1.N[C@@H]([C@@H](c1ccccc1)N)c1ccccc1,CC(O)C,[O-1]C(C)(C)C.[K+],47.62,25.0,1000.0,1.5371368886489187,outer
CC(=O)c1ccccc1,C[C@@H](O)c1ccccc1,2008,Ru,COc1nc(OC)cc(c1c1c(OC)nc(cc1P(c1ccc(cc1)OC)c1ccc(cc1)OC)OC)P(c1ccc(cc1)OC)c1ccc(cc1)OC.COc1ccc(cc1)C(c1ccc(cc1)OC)([C@H](C(C)C)N)N,CCCO,[K+].[OH-1],30.0,25.0,2000.0,1.5371368886489187,outer
CC(=O)c1ccc(C(C)(C)C)cc1,C[C@H](O)c1ccc(C(C)(C)C)cc1,2004,Ru,Clc1ccc2c(c1)c(cc(c2c1c(cc(c2c1ccc(c2)Cl)c1ccccc1)P(c1cc(C)cc(c1)C)c1cc(C)cc(c1)C)P(c1cc(C)cc(c1)C)c1cc(C)cc(c1)C)c1ccccc1.N[C@@H]([C@@H](c1ccccc1)N)c1ccccc1,CC(O)C,[O-1]C(C)(C)C.[K+],48.3,25.0,1000.0,1.5371368886489187,outer
CC(=O)c1ccc(Br)cc1,C[C@@H](O)c1ccc(Br)cc1,2025,Ru,OC[C@@H](NC(=O)CN[C@@H](C12C3[Fe]4567891(C2(C8C34)P(c1ccccc1)c1ccccc1)C1C5C6C9(C71)P(c1ccccc1)c1ccccc1)C)C,CC(O)C,[Na+].[O-1]C(C)(C)C,10.0,25.0,1000.0,1.532571221607935,outer
COc1ccc(C(C)=O)cc1,COc1ccc([C@H](C)O)cc1,2004,Ru,Brc1cc(P(c2ccccc2)c2ccccc2)c(c2c1cccc2)c1c(cc(c2c1cccc2)Br)P(c1ccccc1)c1ccccc1.N[C@@H]([C@@H](c1ccccc1)N)c1ccccc1,CC(O)C,[O-1]C(C)(C)C.[K+],47.62,25.0,1000.0,1.532571221607935,outer
CC(=O)c1ccccc1,C[C@H](O)c1ccccc1,2010,Ru,COc1c(Cl)ccc(c1c1c(OC)c(Cl)ccc1P(c1ccccc1)c1ccccc1)P(c1ccccc1)c1ccccc1.C[C@@H](c1nc2c([nH]1)cccc2)N,Cc1ccccc1.CC(O)(C)C,[O-1]C(C)(C)C.[K+],8.0,25.0,1000.0,1.532571221607935,outer
O=C1CCCc2ccccc21,O[C@@H]1CCCc2ccccc21,2024,Ru,COC[C@@H](N[C@@H](C[C@H](P(c1ccccc1)c1ccccc1)C)C)C,CC(O)C,[K+].[O-1]C(C)(C)C,70.0,25.0,200.0,1.532571221607935,outer
CC(=O)c1ccc(Br)cc1,C[C@H](O)c1ccc(Br)cc1,2006,Ru,O=C(c1ccccc1P(c1ccccc1)c1ccccc1)c1ccccc1P(c1ccccc1)c1ccccc1.NC(C(c1ccccc1)N)c1ccccc1,CCO,[O-1]C(C)(C)C.[K+],20.0,25.0,1000.0,1.532571221607935,outer
CCC(=O)c1cccc(Cl)c1,CC[C@@H](O)c1cccc(Cl)c1,2025,Ru,OC[C@@H](NC(=O)CN[C@@H](C12C3[Fe]4567891(C2(C8C34)P(c1ccccc1)c1ccccc1)C1C5C6C9(C71)P(c1ccccc1)c1ccccc1)C)C,CC(O)C,[Na+].[O-1]C(C)(C)C,10.0,25.0,1000.0,1.532571221607935,outer
CC(=O)c1ccccc1,C[C@H](O)c1ccccc1,2002,Ru,c1ccc(cc1)P(c1ccc2c(c1c1c(ccc3c1cccc3)P(c1ccccc1)c1ccccc1)cccc2)c1ccccc1.COc1ccc(cc1)C(c1ccc(cc1)OC)([C@@H](C(C)C)N)N,CC(O)C.CC(O)(C)C,[O-1]C(C)(C)C.[K+],8.17,25.0,3030.3030303030305,1.532571221607935,outer
CC(C)(C)C(=O)c1ccccc1,CC(C)(C)[C@@H](O)c1ccccc1,2006,Ru,c1ccc(cc1)c1cc2ccccc2c(c1NCc1ccccn1)c1c(NCc2ccccn2)c(cc2c1cccc2)c1ccccc1,CC(O)C,[O-1]C(C)(C)C.[K+],50.0,25.0,1000.0,1.532571221607935,outer
CC(=O)c1ccccc1,C[C@@H](O)c1ccccc1,2006,Ru,c1ccc(cc1)P(c1ccc2c(c1c1c(ccc3c1cccc3)P(c1ccccc1)c1ccccc1)cccc2)c1ccccc1.N[C@H]([C@H](c1ccccc1)N)c1ccccc1,CC(O)C,[K+].[OH-1],15.0,25.0,250.0,1.532571221607935,outer
COc1ccc(C(C)=O)cc1,COc1ccc([C@@H](C)O)cc1,2005,Ru,CCCC[C@H]1C=Cc2c(N1p1oc3ccc4c(c3c3c(o1)ccc1c3cccc1)cccc4)c(ccc2)P(c1ccccc1)c1ccccc1.NCCN,ClCCl.CO,[O-1]C(C)(C)C.[Na+],30.0,25.0,500.0,1.532571221607935,outer
CC(=O)c1ccccc1,C[C@H](O)c1ccccc1,2025,Ru,OC[C@H](C(C)(C)C)NC(=O)CN[C@H](C12C3[Fe]4567891(C2(C8C34)P(c1ccccc1)c1ccccc1)C1C5C6C9(C71)P(c1ccccc1)c1ccccc1)C,CC(O)C,[Na+].[O-1]C(C)(C)C,10.0,25.0,1000.0,1.532571221607935,outer
CC(=O)c1ccccc1,C[C@H](O)c1ccccc1,2006,Ru,O=C(c1ccc(cc1P(c1ccccc1)c1ccccc1)C(C)(C)C)c1ccc(cc1P(c1ccccc1)c1ccccc1)C(C)(C)C.NC(C(c1ccccc1)N)c1ccccc1,CCCO,[O-1]C(C)(C)C.[K+],20.0,25.0,1000.0,1.532571221607935,outer
CCC(=O)c1ccccc1,CC[C@H](O)c1ccccc1,2013,Ru,c1ccc2c(c1)[C@H](NC2)[C@H]1NCc2c1cccc2.c1ccc(cc1)P(c1ccccc1)c1ccccc1,CC(O)C,[K+].[O-1]C(C)(C)C,50.0,25.0,,1.532571221607935,outer
CC(=O)c1ccccc1,C[C@H](O)c1ccccc1,2002,Ru,Cc1cc(P(c2ccccc2)c2ccccc2)c(c(c1C)C)c1c(C)c(C)c(cc1P(c1ccccc1)c1ccccc1)C.N[C@@H]1CCCC[C@H]1N,CC(O)C.CC(O)(C)C,[O-1]C(C)(C)C.[K+],8.17,25.0,3030.3030303030305,1.532571221607935,outer
CC(=O)c1ccccc1,C[C@H](O)c1ccccc1,2002,Ru,Cc1cc(P(c2ccccc2)c2ccccc2)c(c(c1C)C)c1c(C)c(C)c(cc1P(c1ccccc1)c1ccccc1)C.N[C@@H]([C@@H](c1ccccc1)N)c1ccccc1,CC(O)C.CC(O)(C)C,[O-1]C(C)(C)C.[K+],8.17,25.0,3030.3030303030305,1.532571221607935,outer
CC(=O)/C=C(\C)c1ccccc1,C/C(=C\[C@H](C)O)c1ccccc1,2014,Ru,c1ccc(cc1)P(c1ccccc1Oc1ccccc1P(c1ccccc1)c1ccccc1)c1ccccc1.Clc1ccc2c(c1)[C@H](NC2)[C@@H]1NCc2c1cc(Cl)cc2,CC(O)C,[O-1]C(C)(C)C.[K+],10.0,25.0,1000.0,1.532571221607935,outer
CC(=O)c1cc(C(F)(F)F)cc(C(F)(F)F)c1,C[C@@H](O)c1cc(C(F)(F)F)cc(C(F)(F)F)c1,2014,Ru,CC1(C)O[C@@H]([C@H](O1)CP(c1ccccc1)c1ccccc1)CP(c1ccccc1)c1ccccc1.C[C@H](c1nc2c([nH]1)c(C)ccc2C)N,Cc1ccccc1,[O-1]C(C)(C)C.[K+].c1ccc(cc1)P(c1ccccc1)c1ccccc1,8.0,25.0,1000.0,1.5280356128394226,outer
CC(C)(C)C(=O)c1ccccc1,CC(C)(C)[C@H](O)c1ccccc1,2011,Ru,N[C@@H]1CCCC[C@H]1NCc1ccccc1P(c1cc(cc(c1)C(C)(C)C)C(C)(C)C)c1cc(cc(c1)C(C)(C)C)C(C)(C)C,CC(O)C,[O-1]C(C)(C)C.[K+],49.35,50.0,200.0,1.5259560915734434,outer
CC(=O)c1cc(C(F)(F)F)cc(C(F)(F)F)c1,C[C@@H](O)c1cc(C(F)(F)F)cc(C(F)(F)F)c1,2014,Ru,CC1(C)O[C@@H]([C@H](O1)CP(c1ccccc1)c1ccccc1)CP(c1ccccc1)c1ccccc1.C[C@H](c1nc2c([nH]1)cccc2)N,Cc1ccccc1,[O-1]C(C)(C)C.[K+].c1ccc(cc1)P(c1ccccc1)c1ccccc1,8.0,25.0,1000.0,1.5235296348811957,outer
CC(=O)c1ccccc1,C[C@H](O)c1ccccc1,2023,Ru,CCCCCN[C@H](c1ccnc2c1cc(OC)cc2)[C@H]1CC2CCN1CC2C=C.C1CCC(CC1)P(C1CCCCC1)C1CCCCC1,CCO,[Li+].[OH-1],60.0,30.0,250.0,1.52219955440857,outer
CC(=O)c1ccccc1,C[C@H](O)c1ccccc1,2004,Ru,Clc1cc(P(c2ccccc2)c2ccccc2)c(c2c1cccc2)c1c(cc(c2c1cccc2)Cl)P(c1ccccc1)c1ccccc1.N[C@@H]([C@@H](c1ccccc1)N)c1ccccc1,CC(O)C,[O-1]C(C)(C)C.[K+],47.62,25.0,1000.0,1.5190528692662475,outer
CON(C)C(=O)CC(=O)CC(C)(C)C,CON(C)C(=O)C[C@@H](O)CC(C)(C)C,2017,Ru,c1ccc(cc1)P(c1ccc2c(c1c1c(ccc3c1cccc3)P(c1ccccc1)c1ccccc1)cccc2)c1ccccc1,CCO,,5.0,25.0,200.0,1.5190528692662475,inner
COc1ccc(C(C)=O)cc1,COc1ccc([C@H](C)O)cc1,2004,Ru,Ic1cc(P(c2ccccc2)c2ccccc2)c(c2c1cccc2)c1c(cc(c2c1cccc2)I)P(c1ccccc1)c1ccccc1.N[C@@H]([C@@H](c1ccccc1)N)c1ccccc1,CC(O)C,[O-1]C(C)(C)C.[K+],47.62,25.0,1000.0,1.5190528692662475,outer
CC(=O)c1ccccc1,C[C@@H](O)c1ccccc1,2020,Ru,C[C@H](c1cccc2c1cccc2)N1CC[N+](=[C-1]1)[C@@H](c1cccc2c1cccc2)C.N[C@@H]([C@@H](c1ccc(cc1)C)N)c1ccc(cc1)C,CC(O)C,[O-1]C(C)(C)C.[Na+],7.5,22.0,3333.3333333333335,1.517150414414161,outer
COc1ccc2c(c1)CCCC2=O,COc1ccc2c(c1)CCC[C@H]2O,2020,Ru,C[C@H](c1cccc2c1cccc2)N1CC[N+](=[C-1]1)[C@@H](c1cccc2c1cccc2)C.N[C@@H]([C@@H](c1ccc(cc1)C)N)c1ccc(cc1)C,CC(O)C,[O-1]C(C)(C)C.[Na+],7.5,22.0,3333.3333333333335,1.517150414414161,outer
CC(=O)c1cc(C(F)(F)F)cc(C(F)(F)F)c1,C[C@@H](O)c1cc(C(F)(F)F)cc(C(F)(F)F)c1,2014,Ru,CC1(C)O[C@@H]([C@H](O1)CP(c1ccccc1)c1ccccc1)CP(c1ccccc1)c1ccccc1.C[C@H](c1nc2c([nH]1)c(C)ccc2C)N,CC(O)(C)C,[O-1]C(C)(C)C.[K+],30.0,25.0,20703.933747412008,1.514604906271994,outer
O=C1CN2CCC1CC2,O[C@H]1CN2CCC1CC2,2009,Ru,C[C@H](P(c1cc(C)cc(c1)C)c1cc(C)cc(c1)C)C[C@@H](P(c1cc(C)cc(c1)C)c1cc(C)cc(c1)C)C.NCc1ccccn1,CCO,[O-1]C(C)(C)C.[K+],15.0,30.0,99999.99999999999,1.5134623500578914,outer
COc1ccc(C(C)=O)cc1,COc1ccc([C@H](C)O)cc1,2004,Ru,Clc1ccc2c(c1)c(cc(c2c1c(cc(c2c1ccc(c2)Cl)c1ccccc1)P(c1cc(C)cc(c1)C)c1cc(C)cc(c1)C)P(c1cc(C)cc(c1)C)c1cc(C)cc(c1)C)c1ccccc1.N[C@@H]([C@@H](c1ccccc1)N)c1ccccc1,CC(O)C,[O-1]C(C)(C)C.[K+],48.3,25.0,1000.0,1.5101853446782028,outer
CC(=O)c1cccc(Br)c1,C[C@H](O)c1cccc(Br)c1,2023,Ru,CCCCCN[C@H](c1ccnc2c1cccc2)[C@H]1CC2CCN1CC2C=C.C1CCC(CC1)P(C1CCCCC1)C1CCCCC1,CCO,[Ba+2].[OH-1].[OH-1],60.0,30.0,1000.0,1.5091338264596592,outer
CC(=O)c1ccc2ccccc2c1,C[C@H](O)c1ccc2ccccc2c1,2004,Ru,Clc1cc(P(c2ccccc2)c2ccccc2)c(c2c1cccc2)c1c(cc(c2c1cccc2)Cl)P(c1ccccc1)c1ccccc1.N[C@@H]([C@@H](c1ccccc1)N)c1ccccc1,CC(O)C,[O-1]C(C)(C)C.[K+],47.62,25.0,1000.0,1.5057937915332373,outer
CCC(=O)c1ccccc1,CC[C@H](O)c1ccccc1,2004,Ru,c1ccc(cc1)P(c1ccc2c(c1c1c(ccc3c1cccc3)P(c1ccccc1)c1ccccc1)cccc2)c1ccccc1.N[C@@H]([C@@H](c1ccccc1)N)c1ccccc1,CC(O)C,[O-1]C(C)(C)C.[K+],47.62,25.0,1000.0,1.5057937915332373,outer
CC(=O)c1cc(C(F)(F)F)cc(C(F)(F)F)c1,C[C@@H](O)c1cc(C(F)(F)F)cc(C(F)(F)F)c1,2014,Ru,CC1(C)O[C@@H]([C@H](O1)CP(c1ccccc1)c1ccccc1)CP(c1ccccc1)c1ccccc1.C[C@H](c1nc2c([nH]1)c(C)ccc2C)N,COC(C)(C)C,[O-1]C(C)(C)C.[K+],8.0,25.0,1000.0,1.5057937915332373,outer
CC(=O)c1ccccc1,C[C@H](O)c1ccccc1,2021,Ru,Fc1ccc(cc1)P(c1ccc(cc1)F)c1ccc(cc1)F.C=CC1CN2CCC1CC2[C@@H](c1ccnc2c1cccc2)N,CCO,[Li+].[OH-1],60.0,25.0,500.0,1.5014298619282773,outer
CC(=O)c1cc(C(F)(F)F)cc(C(F)(F)F)c1,C[C@@H](O)c1cc(C(F)(F)F)cc(C(F)(F)F)c1,2014,Ru,CC1(C)O[C@@H]([C@H](O1)CP(c1ccccc1)c1ccccc1)CP(c1ccccc1)c1ccccc1.C[C@H](c1nc2c([nH]1)c(C)ccc2C)N,Cc1ccccc1.CC(O)(C)C,[O-1]C(C)(C)C.[K+],30.0,25.0,20703.933747412008,1.5014298619282773,outer
CC(=O)c1cccc(Br)c1,C[C@@H](O)c1cccc(Br)c1,2008,Ru,COc1nc(OC)cc(c1c1c(OC)nc(cc1P(c1ccc(cc1)OC)c1ccc(cc1)OC)OC)P(c1ccc(cc1)OC)c1ccc(cc1)OC.COc1ccc(cc1)C(c1ccc(cc1)OC)([C@H](C(C)C)N)N,CC(O)C,[K+].[OH-1],30.0,25.0,2000.0,1.5014298619282773,outer
CCOC(=O)C(=O)c1ccc(Br)cc1,CCOC(=O)[C@H](O)c1ccc(Br)cc1,2005,Ru,CC1(C)Oc2c(O1)c(c1c3OC(Oc3ccc1P(c1ccccc1)c1ccccc1)(C)C)c(cc2)P(c1ccccc1)c1ccccc1,CO,,50.0,70.0,100.0,1.498304313970322,inner
CC(=O)c1ccc(C)cc1,Cc1ccc([C@H](C)O)cc1,2004,Ru,Brc1cc(P(c2ccccc2)c2ccccc2)c(c2c1cccc2)c1c(cc(c2c1cccc2)Br)P(c1ccccc1)c1ccccc1.N[C@@H]([C@@H](c1ccccc1)N)c1ccccc1,CC(O)C,[O-1]C(C)(C)C.[K+],47.62,25.0,1000.0,1.4970931787792021,outer
CC(=O)c1cccc(Cl)c1,C[C@@H](O)c1cccc(Cl)c1,2005,Ru,Brc1ccccc1p1oc2ccc3c(c2c2c(o1)ccc1c2cccc1)cccc3.N[C@H]([C@H](c1ccccc1)N)c1ccccc1,CC(O)C,[O-1]C(C)(C)C.[K+],50.0,0.0,2000.0,1.4935434935691219,outer
O=C(O)C(=O)c1ccc(F)cc1,O=C(O)[C@@H](O)c1ccc(F)cc1,2017,Ru,CC([C@H]1COC(=N1)C12C3[Ru-2]4567892(C1(P(c1ccccc1)c1ccccc1)C5C34)C1C6C9(C8(C71)P(c1ccccc1)c1ccccc1)C1=N[C@H](CO1)C(C)(C)C)(C)C.c1ccc(cc1)P(c1ccccc1)c1ccccc1,CO,[O-1]C(=O)C.[Na+].c1ccc(cc1)P(c1ccccc1)c1ccccc1,40.0,0.0,50.0,1.4935434935691219,inner
CC(=O)c1cc(C(F)(F)F)cc(C(F)(F)F)c1,C[C@@H](O)c1cc(C(F)(F)F)cc(C(F)(F)F)c1,2014,Ru,CC1(C)O[C@@H]([C@H](O1)CP(c1ccccc1)c1ccccc1)CP(c1ccccc1)c1ccccc1.N[C@@H](c1nc2c([nH]1)cccc2)C(C)C,Cc1ccccc1,[O-1]C(C)(C)C.[K+].c1ccc(cc1)P(c1ccccc1)c1ccccc1,8.0,25.0,1000.0,1.4927833726158044,outer
CC(=O)c1ccc2ccccc2c1,C[C@H](O)c1ccc2ccccc2c1,2004,Ru,Clc1ccc2c(c1)c(cc(c2c1c(cc(c2c1ccc(c2)Cl)c1ccccc1)P(c1cc(C)cc(c1)C)c1cc(C)cc(c1)C)P(c1cc(C)cc(c1)C)c1cc(C)cc(c1)C)c1ccccc1.N[C@@H]([C@@H](c1ccccc1)N)c1ccccc1,CC(O)C,[O-1]C(C)(C)C.[K+],48.3,25.0,1000.0,1.4927833726158044,outer
COc1cccc(C(=O)c2cc(Cl)ccc2N)c1OC,COc1cccc([C@@H](O)c2cc(Cl)ccc2N)c1OC,2011,Ru,CN(c1c(C)cc(cc1C)P(c1ccc2c(c1c1c(ccc3c1cccc3)P(c1cc(C)c(c(c1)C)N(C)C)c1cc(C)c(c(c1)C)N(C)C)cccc2)c1cc(C)c(c(c1)C)N(C)C)C.N[C@H]([C@H](c1ccccc1)N)c1ccccc1,CC(O)C.C1CCCO1,[OH-1].[K+],1.0,60.0,1000.0,1.492266855281092,outer
CC(=O)c1ccco1,C[C@H](O)c1ccco1,2021,Ru,COc1ccccc1P(c1ccccc1OC)c1ccccc1OC.C=CC1CN2CCC1CC2[C@@H](c1ccnc2c1cccc2)N,CCCO,[Li+].[OH-1],60.0,30.0,250.0,1.4920787499979318,outer
CC(=O)c1ccccc1,C[C@H](O)c1ccccc1,2002,Ru,COc1nc(OC)cc(c1c1c(OC)nc(cc1P(c1ccc(cc1)C)c1ccc(cc1)C)OC)P(c1ccc(cc1)C)c1ccc(cc1)C,CC(O)C,[O-1]C(C)(C)C.[K+],34.02,26.5,99999.99999999999,1.4917102130913307,outer
CC(=O)c1ccc(Cl)s1,C[C@H](O)c1ccc(Cl)s1,2021,Ru,COc1ccccc1P(c1ccccc1OC)c1ccccc1OC.C=CC1CN2CCC1CC2[C@@H](c1ccnc2c1cccc2)N,CCCO,[Li+].[OH-1],60.0,40.0,250.0,1.490833783111279,outer
O=C(O)C(=O)c1ccccc1,O=C(O)[C@@H](O)c1ccccc1,2017,Ru,CC([C@H]1COC(=N1)C12C3[Ru-2]4567892(C1(P(c1ccccc1)c1ccccc1)C5C34)C1C6C9(C8(C71)P(c1ccccc1)c1ccccc1)C1=N[C@H](CO1)C(C)(C)C)(C)C.c1ccc(cc1)P(c1ccccc1)c1ccccc1,CO,[O-1]C(=O)C.[Ag+],40.0,25.0,50.0,1.4885000813780647,inner
COCC(=O)c1ccc(C(F)(F)F)cc1,COC[C@@H](O)c1ccc(C(F)(F)F)cc1,2004,Ru,C1C[C@@H]([C@@H](C1)P(c1ccccc1)c1ccccc1)[C@H]1CCC[C@H]1P(c1ccccc1)c1ccccc1.NCC(N)(C)C,CC(O)C,[O-1]C(C)(C)C.[Na+],7.0,25.0,200.0,1.4885000813780647,outer
CC(=O)c1ccccc1F,C[C@H](O)c1ccccc1F,2006,Ru,O=C(c1ccccc1P(c1ccccc1)c1ccccc1)c1ccccc1P(c1ccccc1)c1ccccc1.NC(C(c1ccccc1)N)c1ccccc1,CCO,[O-1]C(C)(C)C.[K+],20.0,25.0,1000.0,1.4885000813780647,outer
CC(=O)c1ccccc1,C[C@@H](O)c1ccccc1,2002,Ru,c1ccc(cc1)P(c1ccc2c(c1c1c(ccc3c1cccc3)P(c1ccccc1)c1ccccc1)cccc2)c1ccccc1.N[C@H]([C@H](c1ccccc1)N)c1ccccc1,CC(O)C.CC(O)(C)C,[O-1]C(C)(C)C.[K+],8.17,25.0,3030.3030303030305,1.4885000813780647,outer
CC(=O)c1cccc2ccccc12,C[C@H](O)c1cccc2ccccc12,2020,Ru,O=C(c1ccccc1P(C(C)(C)C)C)N[C@@H]1CCCC[C@H]1NC(=O)c1ccccc1P(C(C)(C)C)C,CC(O)C,[O-1]C(C)(C)C.[K+],30.0,25.0,100.0,1.4885000813780647,outer
CC(=O)c1ccccc1,C[C@H](O)c1ccccc1,2013,Ru,c1ccc2c(c1)[C@H](NC2)[C@H]1NCc2c1cccc2.Cc1ccc(cc1)P(c1ccc(cc1)C)c1ccc(cc1)C,CC(O)C,[K+].[O-1]C(C)(C)C,10.0,25.0,,1.4885000813780647,outer
CC(C)/C=C1\CCCC1=O,CC(C)/C=C1\CCC[C@H]1O,2019,Ru,CC([C@H]1COC(=N1)C12C3[Ru]4567891(C2(C7C34)P(c1ccccc1)c1ccccc1)C1C5C9(C8(C61)P(c1ccccc1)c1ccccc1)C1=N[C@H](CO1)C(C)(C)C)(C)C,CO,C1CCN2C(=NCCC2)CC1,2.0,25.0,100.0,1.4885000813780647,inner
CC(=O)c1cc(C(F)(F)F)cc(C(F)(F)F)c1,C[C@@H](O)c1cc(C(F)(F)F)cc(C(F)(F)F)c1,2004,Ru,C1C[C@@H]([C@@H](C1)P(c1ccccc1)c1ccccc1)[C@H]1CCC[C@H]1P(c1ccccc1)c1ccccc1.NCCSC(C)(C)C,CCCCO,[O-1]C(C)(C)C.[Na+],7.0,-10.0,1000.0,1.487140169251614,outer
CCOC(=O)CC(=O)CCl,CCOC(=O)C[C@H](O)CCl,2004,Ru,c1ccc(cc1)P(c1ccc2c(c1c1c3OCCOc3ccc1P(c1ccccc1)c1ccccc1)OCCO2)c1ccccc1,CO,,49.35,50.0,100.0,1.4857323202991728,inner
CC(=O)c1ccccc1,C[C@@H](O)c1ccccc1,2008,Ru,COc1nc(OC)cc(c1c1c(OC)nc(cc1P(c1ccc(cc1)OC)c1ccc(cc1)OC)OC)P(c1ccc(cc1)OC)c1ccc(cc1)OC.COc1ccc(cc1)C(c1ccc(cc1)OC)([C@H](C(C)C)N)N,CC(O)C,[K+].[OH-1],30.0,25.0,1000.0,1.4674691714065096,outer
CC(=O)c1ccccc1,C[C@H](O)c1ccccc1,2023,Ru,CN[C@H](c1ccnc2c1cccc2)[C@H]1CC2CCN1CC2C=C.C1CCC(CC1)P(C1CCCCC1)C1CCCCC1,CCO,[Li+].[OH-1],60.0,30.0,250.0,1.46723702270888,outer
CC(=O)c1cccnc1,C[C@H](O)c1cccnc1,2021,Ru,COc1ccccc1P(c1ccccc1OC)c1ccccc1OC.C=CC1CN2CCC1CC2[C@@H](c1ccnc2c1cccc2)N,CCCO,[Li+].[OH-1],60.0,30.0,125.0,1.46723702270888,outer
O=C1CN2CCC1CC2,O[C@H]1CN2CCC1CC2,2009,Ru,C[C@H](P(c1cc(C)cc(c1)C)c1cc(C)cc(c1)C)C[C@@H](P(c1cc(C)cc(c1)C)c1cc(C)cc(c1)C)C.NCc1ccccn1,CCO,[O-1]C(C)(C)C.[K+],15.0,20.0,99999.99999999999,1.4635378126982381,outer
CC(=O)/C=C/c1ccccc1,C[C@@H](O)/C=C/c1ccccc1,2000,Ru,Cc1cc(C)cc(c1)P(c1cc2CCc3ccc(CCc1cc2)cc3P(c1cc(C)cc(c1)C)c1cc(C)cc(c1)C)c1cc(C)cc(c1)C.N[C@@H]1CCCC[C@H]1N,CC(O)C,[K+].[O-1]C(C)(C)C,5.5,19.0,3000.003000003,1.4585453589622728,outer
Cc1ccccc1C(=O)c1ccccc1,Cc1ccccc1[C@@H](O)c1ccccc1,2023,Ru,CC([C@H]1COC(=N1)C12C3[Ru]4567891(C2(C7C34)P(c1ccccc1)c1ccccc1)C1C5C9(C8(C61)P(c1ccccc1)c1ccccc1)C1=N[C@H](CO1)C(C)(C)C)(C)C.c1ccc(cc1)P(c1ccccc1)c1ccccc1,Cc1ccccc1,[K+].[OH-1],40.0,10.0,100.0,1.4554671856390637,inner
O=C1CN2CCC1CC2,O[C@@H]1CN2CCC1CC2,2011,Ru,Cc1cc(C)cc(c1)P(c1ccc2c(c1c1c(ccc3c1cccc3)P(c1cc(C)cc(c1)C)c1cc(C)cc(c1)C)cccc2)c1cc(C)cc(c1)C.COc1ccc(cc1)C(c1ccc(cc1)OC)([C@H](C(C)C)N)N,CC(O)C,[O-1]C(C)(C)C.[K+],30.0,10.0,20000.0,1.4554671856390637,outer
CC(=O)c1ccccc1,C[C@@H](O)c1ccccc1,2021,Ru,COc1ccccc1P(c1ccccc1OC)c1ccccc1OC.C=CC1CN2CCC1CC2[C@H](c1ccnc2c1cc(OC)cc2)N,CCO,[Li+].[OH-1],60.0,25.0,500.0,1.4551471367757198,outer
CC(=O)c1ccccc1Br,C[C@H](O)c1ccccc1Br,2023,Ru,CCCCCN[C@H](c1ccnc2c1cccc2)[C@H]1CC2CCN1CC2C=C.C1CCC(CC1)P(C1CCCCC1)C1CCCCC1,CCO,[Ba+2].[OH-1].[OH-1],60.0,25.0,1000.0,1.4551471367757198,outer
Cc1ccc(C(=O)C(=O)O)c(C)c1,Cc1ccc([C@H](O)C(=O)O)c(C)c1,2017,Ru,CC([C@H]1COC(=N1)C12C3[Ru-2]4567892(C1(P(c1ccccc1)c1ccccc1)C5C34)C1C6C9(C8(C71)P(c1ccccc1)c1ccccc1)C1=N[C@H](CO1)C(C)(C)C)(C)C.c1ccc(cc1)P(c1ccccc1)c1ccccc1,CO,[O-1]C(=O)C.[Na+].c1ccc(cc1)P(c1ccccc1)c1ccccc1,40.0,0.0,50.0,1.4472010574646221,inner
CC(=O)/C=C(\C)c1ccccc1,C/C(=C\[C@H](C)O)c1ccccc1,2014,Ru,c1ccc(cc1)P(C12C3[Fe]4567892(C1C5C34)C1C6C7C9(C81)P(c1ccccc1)c1ccccc1)c1ccccc1.c1ccc2c(c1)[C@H](NC2)[C@@H]1NCc2c1cccc2,CC(O)C,[O-1]C(C)(C)C.[K+],10.0,25.0,1000.0,1.4470507593526363,outer
CC(=O)c1ccccc1,C[C@H](O)c1ccccc1,2002,Ru,COc1cccc(c1c1c(OC)cccc1P(c1ccccc1)c1ccccc1)P(c1ccccc1)c1ccccc1.N[C@@H]([C@@H](c1ccccc1)N)c1ccccc1,CC(O)C.CC(O)(C)C,[O-1]C(C)(C)C.[K+],8.17,25.0,3030.3030303030305,1.4470507593526363,outer
CC(=O)c1cc(C(F)(F)F)cc(C(F)(F)F)c1,C[C@@H](O)c1cc(C(F)(F)F)cc(C(F)(F)F)c1,2014,Ru,CC1(C)O[C@@H]([C@H](O1)CP(c1ccccc1)c1ccccc1)CP(c1ccccc1)c1ccccc1.C[C@H](c1nc2c([nH]1)cccc2)N,Cc1ccccc1,[O-1]C(C)(C)C.[K+],8.0,25.0,1000.0,1.4470507593526363,outer
CC(=O)c1ccccc1,C[C@H](O)c1ccccc1,2008,Ru,Cc1ccc(cc1)P(c1ccc2c(c1c1c(ccc3c1cccc3)P(c1ccc(cc1)C)c1ccc(cc1)C)cccc2)c1ccc(cc1)C.N[C@H](c1ccccc1)CN1CCCC1,CC(O)C,[K+].[O-1]C(C)(C)C,8.0,25.0,500.0,1.4470507593526363,outer
CC(=O)c1ccc(C(F)(F)F)cc1,C[C@H](O)c1ccc(C(F)(F)F)cc1,2008,Ru,Cc1ccc(cc1)P(c1ccc2c(c1c1c(ccc3c1cccc3)P(c1ccc(cc1)C)c1ccc(cc1)C)cccc2)c1ccc(cc1)C.N[C@H](c1ccccc1)CN(C)C,CC(O)C,[K+].[O-1]C(C)(C)C,8.0,25.0,500.0,1.4470507593526363,outer
CC(=O)c1ccccc1,C[C@H](O)c1ccccc1,2008,Ru,Cc1ccc(cc1)P(c1ccc2c(c1c1c(ccc3c1cccc3)P(c1ccc(cc1)C)c1ccc(cc1)C)cccc2)c1ccc(cc1)C.N[C@H](Cc1ccccc1)CN(C)C,CC(O)C,[K+].[O-1]C(C)(C)C,8.0,25.0,500.0,1.4470507593526363,outer
CC(=O)c1cccc(Cl)c1,C[C@H](O)c1cccc(Cl)c1,2006,Ru,O=C(c1ccccc1P(c1ccccc1)c1ccccc1)c1ccccc1P(c1ccccc1)c1ccccc1.NC(C(c1ccccc1)N)c1ccccc1,CCO,[O-1]C(C)(C)C.[K+],20.0,25.0,1000.0,1.4470507593526363,outer
CC(=O)c1cc(C(F)(F)F)cc(C(F)(F)F)c1,C[C@@H](O)c1cc(C(F)(F)F)cc(C(F)(F)F)c1,2014,Ru,CC1(C)O[C@@H]([C@H](O1)CP(c1ccccc1)c1ccccc1)CP(c1ccccc1)c1ccccc1.C[C@H](c1nc2c([nH]1)c(C)ccc2C)N,Cc1ccccc1.CCCCO,[O-1]C(C)(C)C.[K+],8.0,25.0,1000.0,1.4470507593526363,outer
CC(=O)c1ccc(C)cc1,Cc1ccc([C@H](C)O)cc1,2004,Ru,OC(c1cc(P(c2ccccc2)c2ccccc2)c(c2c1cccc2)c1c(cc(c2c1cccc2)C(c1ccccc1)(c1ccccc1)O)P(c1ccccc1)c1ccccc1)(c1ccccc1)c1ccccc1.N[C@@H]([C@@H](c1ccccc1)N)c1ccccc1,CC(O)C,[O-1]C(C)(C)C.[K+],47.62,25.0,1000.0,1.4390462647330118,outer
CN(CCC(=O)c1ccccc1)Cc1ccccc1,CN(CC[C@@H](O)c1ccccc1)Cc1ccccc1,2013,Ru,CC([C@H]1COC(=N1)C12C3[Ru]4567891(C2(C7C34)P(c1ccccc1)c1ccccc1)C1C5C9(C8(C61)P(c1ccccc1)c1ccccc1)C1=N[C@H](CO1)C(C)(C)C)(C)C,Cc1ccccc1.O,[O-1]C(=O)[O-1].[Na+].[Na+],20.0,25.0,400.0,1.4390462647330118,inner
CC(=O)c1ccc(Cl)cc1Cl,C[C@H](O)c1ccc(Cl)cc1Cl,2023,Ru,CCCCCN[C@H](c1ccnc2c1cccc2)[C@H]1CC2CCN1CC2C=C.C1CCC(CC1)P(C1CCCCC1)C1CCCCC1,CCO,[Ba+2].[OH-1].[OH-1],60.0,20.0,1000.0,1.4347590999972653,outer
CC(=O)c1ccc2c(c1)OCO2,C[C@@H](O)c1ccc2c(c1)OCO2,2020,Ru,C[C@H](c1cccc2c1cccc2)N1CC[N+](=[C-1]1)[C@@H](c1cccc2c1cccc2)C.N[C@@H]([C@@H](c1ccc(cc1)C)N)c1ccc(cc1)C,CC(O)C,[O-1]C(C)(C)C.[Na+],7.5,22.0,3333.3333333333335,1.4324904632665794,outer
CC(=O)c1ccccc1,C[C@H](O)c1ccccc1,2002,Ru,Cc1ccc(cc1)P(c1ccc2c(c1c1c(ccc3c1cccc3)P(c1ccc(cc1)C)c1ccc(cc1)C)cccc2)c1ccc(cc1)C.N[C@@H]([C@@H](c1ccccc1)N)c1ccccc1,CC(O)C,,8.0,38.0,99999.99999999999,1.4305604563239598,outer
CC(=O)c1ccccc1,C[C@H](O)c1ccccc1,2002,Ru,COc1nc(OC)cc(c1c1c(OC)nc(cc1P(c1ccccc1)c1ccccc1)OC)P(c1ccccc1)c1ccccc1,CC(O)C,[O-1]C(C)(C)C.[K+],34.02,26.5,99999.99999999999,1.4265634459821002,outer
CC(=O)c1ccc(Cl)c(Cl)c1,C[C@H](O)c1ccc(Cl)c(Cl)c1,2023,Ru,CCCCCN[C@H](c1ccnc2c1cccc2)[C@H]1CC2CCN1CC2C=C.C1CCC(CC1)P(C1CCCCC1)C1CCCCC1,CCO,[Ba+2].[OH-1].[OH-1],60.0,25.0,1000.0,1.4233039121972433,outer
CC(=O)c1cccc(C)c1,Cc1cccc([C@H](C)O)c1,2010,Ru,C[C@@H]1Oc2cccc(c2-c2c(O[C@H]1C)cccc2P(c1ccccc1)c1ccccc1)P(c1ccccc1)c1ccccc1.N[C@@H]([C@@H](c1ccccc1)N)c1ccccc1,CCCCO,[K+].[O-1]C(C)(C)C,20.0,20.0,2000.0,1.422783599209208,outer
CC(=O)c1ccccc1,C[C@@H](O)c1ccccc1,2005,Ru,Brc1ccccc1p1oc2ccc3c(c2c2c(o1)ccc1c2cccc1)cccc3.N[C@H]([C@H](c1ccccc1)N)c1ccccc1,CC(O)C,[O-1]C(C)(C)C.[K+],10.0,20.0,1000.0,1.422783599209208,outer
CC(=O)c1ccccc1,C[C@@H](O)c1ccccc1,2010,Ru,CCOc1ccc(cc1)P(c1c(OC)cccc1c1cccc(c1P(c1ccc(cc1)OCC)c1ccc(cc1)OCC)OC)c1ccc(cc1)OCC.N[C@H]([C@H](c1ccccc1)N)c1ccccc1,CC(O)C,[K+].[OH-1],29.61,20.0,3000.003000003,1.422783599209208,outer
CC(=O)c1ccccc1,C[C@@H](O)c1ccccc1,2010,Ru,CCCOc1ccc(cc1)P(c1c(OC)cccc1c1cccc(c1P(c1ccc(cc1)OCCC)c1ccc(cc1)OCCC)OC)c1ccc(cc1)OCCC.N[C@H]([C@H](c1ccccc1)N)c1ccccc1,CC(O)C,[K+].[OH-1],29.61,20.0,3000.003000003,1.422783599209208,outer
CC(=O)c1ccc(C(F)(F)F)cc1,C[C@@H](O)c1ccc(C(F)(F)F)cc1,2010,Ru,COc1cccc(c1P(c1ccc(cc1)OC(C)(C)C)c1ccc(cc1)OC(C)(C)C)c1cccc(c1P(c1ccc(cc1)OC(C)(C)C)c1ccc(cc1)OC(C)(C)C)OC.N[C@H]([C@H](c1ccccc1)N)c1ccccc1,CC(O)C,[K+].[OH-1],29.61,20.0,3000.003000003,1.422783599209208,outer
CC(=O)c1ccc(C)cc1,Cc1ccc([C@H](C)O)cc1,2004,Ru,OC1(CCCC1)c1cc(P(c2ccccc2)c2ccccc2)c(c2c1cccc2)c1c(cc(c2c1cccc2)C1(O)CCCC1)P(c1ccccc1)c1ccccc1.N[C@@H]([C@@H](c1ccccc1)N)c1ccccc1,CC(O)C,[O-1]C(C)(C)C.[K+],47.62,25.0,1000.0,1.4194222974121915,outer
O=C(c1ccccc1)C1CCCCC1,O[C@H](c1ccccc1)C1CCCCC1,2015,Ru,CC(P(c1ccccc1)Cc1cccc(n1)CP(C(C)(C)C)c1ccccc1)(C)C,CCO,[O-1]C(C)(C)C.[K+],30.0,-40.0,200.0,1.4154520357001126,outer
CC(=O)c1ccc(C)cc1,Cc1ccc([C@H](C)O)cc1,2004,Ru,c1ccc(cc1)P(c1ccc2c(c1c1c(ccc3c1cccc3)P(c1ccccc1)c1ccccc1)cccc2)c1ccccc1.N[C@@H]([C@@H](c1ccccc1)N)c1ccccc1,CC(O)C,[O-1]C(C)(C)C.[K+],47.62,25.0,1000.0,1.4117220206564247,outer
CC(=O)c1cc(C(F)(F)F)cc(C(F)(F)F)c1,C[C@H](O)c1cc(C(F)(F)F)cc(C(F)(F)F)c1,2015,Ru,C[N+]1(CCCC1)C[C@@H]1COC(=N1)C12C3[Fe]4567891(C2(C9C34)P(c1ccccc1)c1ccccc1)C1C7C6C5C81,Cc1ccccc1.O,[K+].[OH-1],20.0,30.0,200.0,1.4086398507856017,inner
CC(=O)c1ccccc1,C[C@@H](O)c1ccccc1,2015,Ru,C[n+]1ccn(c1C)C[C@@H]1COC(=N1)C12C3[Fe]4567891(C2(C9C34)P(c1ccccc1)c1ccccc1)C1C7C6C5C81,CC(O)C,[K+].[OH-1],20.0,30.0,200.0,1.4086398507856017,inner
CC(=O)c1ccccc1,C[C@H](O)c1ccccc1,2004,Ru,c1ccc(cc1)P(c1ccc2c(c1c1c(ccc3c1cccc3)P(c1ccccc1)c1ccccc1)cccc2)c1ccccc1.N[C@@H]([C@@H](c1ccccc1)N)c1ccccc1,CC(O)C,[O-1]C(C)(C)C.[K+],47.62,25.0,1000.0,1.4079028584329942,outer
O=C(O)C(=O)c1ccccc1,O=C(O)[C@@H](O)c1ccccc1,2017,Ru,CC([C@H]1COC(=N1)C12C3[Ru-2]4567892(C1(P(c1ccccc1)c1ccccc1)C5C34)C1C6C9(C8(C71)P(c1ccccc1)c1ccccc1)C1=N[C@H](CO1)C(C)(C)C)(C)C.c1ccc(cc1)P(c1ccccc1)c1ccccc1,CO,[O-1]C(=O)C.[K+],40.0,25.0,50.0,1.4079028584329942,inner
COCC(=O)c1ccc(C(F)(F)F)cc1,COC[C@@H](O)c1ccc(C(F)(F)F)cc1,2004,Ru,C1C[C@@H]([C@@H](C1)P(c1ccccc1)c1ccccc1)[C@H]1CCC[C@H]1P(c1ccccc1)c1ccccc1.CCSc1ccccc1N,CO,[O-1]C(C)(C)C.[Na+],7.0,25.0,200.0,1.4079028584329942,outer
CC(=O)c1cccc(Br)c1,C[C@@H](O)c1cccc(Br)c1,2025,Ru,OC[C@@H](NC(=O)CN[C@@H](C12C3[Fe]4567891(C2(C8C34)P(c1ccccc1)c1ccccc1)C1C5C6C9(C71)P(c1ccccc1)c1ccccc1)C)C,CC(O)C,[Na+].[O-1]C(C)(C)C,10.0,25.0,1000.0,1.4079028584329942,outer
CC(=O)c1cc(C(F)(F)F)cc(C(F)(F)F)c1,C[C@@H](O)c1cc(C(F)(F)F)cc(C(F)(F)F)c1,2014,Ru,CC1(C)O[C@@H]([C@H](O1)CP(c1ccccc1)c1ccccc1)CP(c1ccccc1)c1ccccc1.C[C@H](c1nc2c([nH]1)c(C)ccc2C)N,Cc1ccccc1,[O-1]C(C)(C)C.[K+],30.0,25.0,40160.642570281125,1.4079028584329942,outer
COc1ccc2c(c1)CCCC2=O,COc1ccc2c(c1)CCC[C@H]2O,2024,Ru,COC[C@@H](N[C@@H](C[C@H](P(c1ccccc1)c1ccccc1)C)C)C,CC(O)C,[K+].[O-1]C(C)(C)C,70.0,25.0,200.0,1.4079028584329942,outer
CC(=O)c1ccccc1,C[C@H](O)c1ccccc1,2010,Ru,CC1(C)O[C@@H]([C@H](O1)CP(c1ccccc1)c1ccccc1)CP(c1ccccc1)c1ccccc1.C[C@@H](c1nc2c([nH]1)cc(cc2)C(F)(F)F)N,Cc1ccccc1.CC(O)(C)C,[O-1]C(C)(C)C.[K+],8.0,25.0,1000.0,1.4079028584329942,outer
CC(=O)c1ccc(F)cc1,C[C@@H](O)c1ccc(F)cc1,2010,Ru,N(CC1=NC2C(O1)Cc1c2cccc1)CC1=NC2C(O1)Cc1c2cccc1,CC(O)C,[O-1]C(C)(C)C.[K+],5.0,25.0,100.0,1.4079028584329942,outer
CC(=O)c1ccccc1,C[C@H](O)c1ccccc1,2025,Ru,OC[C@H](C(C)(C)C)NC(=O)CN[C@H](C12C3[Fe]4567891(C2(C8C34)P(c1ccccc1)c1ccccc1)C1C5C6C9(C71)P(c1ccccc1)c1ccccc1)C,CC(O)C,[K+].[O-1]C(C)(C)C,10.0,25.0,1000.0,1.4079028584329942,outer
COCC(=O)c1ccc(C(F)(F)F)cc1,COC[C@@H](O)c1ccc(C(F)(F)F)cc1,2004,Ru,C1C[C@@H]([C@@H](C1)P(c1ccccc1)c1ccccc1)[C@H]1CCC[C@H]1P(c1ccccc1)c1ccccc1.CCSc1ccccc1N,CC(O)C,[O-1]C(C)(C)C.[Na+],7.0,25.0,200.0,1.4079028584329942,outer
CC(=O)C#C[Si](C)(C)C,C[C@H](O)C#C[Si](C)(C)C,2023,Ru,Cc1cc(C)cc(c1)P(c1ccc2c(c1c1c(ccc3c1cccc3)P(c1cc(C)cc(c1)C)c1cc(C)cc(c1)C)cccc2)c1cc(C)cc(c1)C.COc1ccc(cc1)C(c1ccc(cc1)OC)([C@@H](C(C)C)N)N,CCO,,50.0,25.0,1000.0,1.4041040208107427,outer
O=C(O)C(=O)c1ccc(Br)cc1,O=C(O)[C@@H](O)c1ccc(Br)cc1,2017,Ru,CC([C@H]1COC(=N1)C12C3[Ru-2]4567892(C1(P(c1ccccc1)c1ccccc1)C5C34)C1C6C9(C8(C71)P(c1ccccc1)c1ccccc1)C1=N[C@H](CO1)C(C)(C)C)(C)C.c1ccc(cc1)P(c1ccccc1)c1ccccc1,CO,[O-1]C(=O)C.[Na+].c1ccc(cc1)P(c1ccccc1)c1ccccc1,40.0,0.0,50.0,1.4040644949931493,inner
CC(=O)c1ccc(Cl)cc1,C[C@@H](O)c1ccc(Cl)cc1,2005,Ru,Brc1ccccc1p1oc2ccc3c(c2c2c(o1)ccc1c2cccc1)cccc3.N[C@H]([C@H](c1ccccc1)N)c1ccccc1,CC(O)C,[O-1]C(C)(C)C.[K+],50.0,0.0,2000.0,1.4040644949931493,outer
O=C(O)C(=O)c1ccc(Cl)cc1,O=C(O)[C@@H](O)c1ccc(Cl)cc1,2017,Ru,CC([C@H]1COC(=N1)C12C3[Ru-2]4567892(C1(P(c1ccccc1)c1ccccc1)C5C34)C1C6C9(C8(C71)P(c1ccccc1)c1ccccc1)C1=N[C@H](CO1)C(C)(C)C)(C)C.c1ccc(cc1)P(c1ccccc1)c1ccccc1,CO,[O-1]C(=O)C.[Na+].c1ccc(cc1)P(c1ccccc1)c1ccccc1,40.0,0.0,50.0,1.4040644949931493,inner
CC(=O)c1ccccc1,C[C@@H](O)c1ccccc1,2009,Ru,C[C@@H]1C[C@@H](C)Oc2c(-c3c(O1)cccc3P(c1ccccc1)c1ccccc1)c(ccc2)P(c1ccccc1)c1ccccc1.N[C@@H]([C@@H](c1ccccc1)N)c1ccccc1,CC(O)C,[O-1]C(C)(C)C.[K+],50.0,21.0,10000.0,1.4003792345591015,outer
CC(=O)c1ccccc1,C[C@@H](O)c1ccccc1,2008,Ru,COc1nc(OC)cc(c1c1c(OC)nc(cc1P(c1ccc(cc1)OC)c1ccc(cc1)OC)OC)P(c1ccc(cc1)OC)c1ccc(cc1)OC.N[C@H]([C@H](c1ccccc1)N)c1ccccc1,CC(O)C,[K+].[O-1]C(C)(C)C,30.0,25.0,2000.0,1.4003252685093288,outer
CC(=O)c1ccc2ccccc2c1,C[C@H](O)c1ccc2ccccc2c1,2013,Ru,CC(Sc1cc(ccc1/C=N/[C@@H]1CCCC[C@H]1/N=C/c1ccc(cc1SC(C)(C)C)C(C)(C)C)C(C)(C)C)(C)C,CC(O)C,[K+].[OH-1],50.0,23.0,2000.0,1.3984585997817587,inner
CC(=O)c1cccc(Br)c1,C[C@H](O)c1cccc(Br)c1,2015,Ru,C[N+]1(CCCC1)C[C@@H]1COC(=N1)C12C3[Fe]4567891(C2(C9C34)P(c1ccccc1)c1ccccc1)C1C7C6C5C81,Cc1ccccc1.O,[K+].[OH-1],20.0,30.0,200.0,1.3937792136738179,inner
CC(=O)c1ccccc1,C[C@@H](O)c1ccccc1,2009,Ru,C[C@@H]1C[C@@H](C)Oc2c(-c3c(O1)cccc3P(c1ccccc1)c1ccccc1)c(ccc2)P(c1ccccc1)c1ccccc1.N[C@H]([C@H](c1ccccc1)N)c1ccccc1,CC(O)C,[O-1]C(C)(C)C.[K+],50.0,21.0,10000.0,1.3890143411305225,outer
COc1cccc(C(C)=O)c1,COc1cccc([C@H](C)O)c1,2010,Ru,C[C@@H]1Oc2cccc(c2-c2c(O[C@H]1C)cccc2P(c1ccccc1)c1ccccc1)P(c1ccccc1)c1ccccc1.N[C@@H]([C@@H](c1ccccc1)N)c1ccccc1,CCCCO,[K+].[O-1]C(C)(C)C,20.0,20.0,2000.0,1.3842922118049046,outer
COc1ccc(C(C)=O)cc1,COc1ccc([C@H](C)O)cc1,2010,Ru,C[C@@H]1Oc2cccc(c2-c2c(O[C@H]1C)cccc2P(c1ccccc1)c1ccccc1)P(c1ccccc1)c1ccccc1.N[C@@H]([C@@H](c1ccccc1)N)c1ccccc1,CCCCO,[K+].[O-1]C(C)(C)C,20.0,20.0,3000.3000300030003,1.3842922118049046,outer
CC(=O)c1ccccc1,C[C@@H](O)c1ccccc1,2008,Ru,COc1nc(OC)cc(c1c1c(OC)nc(cc1P(c1ccc(cc1)OC)c1ccc(cc1)OC)OC)P(c1ccc(cc1)OC)c1ccc(cc1)OC.CN[C@H]([C@H](c1ccccc1)NC)c1ccccc1,CC(O)C,[K+].[O-1]C(C)(C)C,30.0,25.0,2000.0,1.3817246977539468,outer
CCOC(=O)CC(=O)CCl,CCOC(=O)C[C@H](O)CCl,2002,Ru,C[C@H](N([C@@H](C12C3[Fe]4567891(C2(C9C34)P(c1ccccc1)c1ccccc1)C1C7C6C5C81)c1ccccc1P(c1ccccc1)c1ccccc1)C)c1ccccc1,CCO,,50.0,50.0,125.0,1.3760690262074209,inner
CCC(=O)c1ccc(C)o1,CC[C@H](O)c1ccc(C)o1,2021,Ru,COc1ccccc1P(c1ccccc1OC)c1ccccc1OC.C=CC1CN2CCC1CC2[C@@H](c1ccnc2c1cccc2)N,CCCO,[Li+].[OH-1],60.0,30.0,62.5,1.3756162557675227,outer
CC(=O)c1ccc(C)cc1,Cc1ccc([C@@H](C)O)cc1,2005,Ru,CCCC[C@H]1C=Cc2c(N1p1oc3ccc4c(c3c3c(o1)ccc1c3cccc1)cccc4)c(ccc2)P(c1ccccc1)c1ccccc1.NCCN,ClCCl.CO,[O-1]C(C)(C)C.[Na+],30.0,25.0,10000.0,1.3707909370174791,outer
CC(=O)c1ccccc1,C[C@@H](O)c1ccccc1,2002,Ru,c1ccc(cc1)P(c1ccc2c(c1c1c(ccc3c1cccc3)P(c1ccccc1)c1ccccc1)cccc2)c1ccccc1.N[C@H]1CCCC[C@@H]1N,CC(O)C.CC(O)(C)C,[O-1]C(C)(C)C.[K+],8.17,25.0,3030.3030303030305,1.3707909370174791,outer
CC(=O)c1ccccc1,C[C@H](O)c1ccccc1,2006,Ru,O=C(c1ccccc1P(c1ccccc1)c1ccccc1)c1ccccc1P(c1ccccc1)c1ccccc1.NC1CCCCC1N,CCO,[O-1]C(C)(C)C.[K+],20.0,25.0,1000.0,1.3707909370174791,outer
CC(=O)c1ccccc1,C[C@H](O)c1ccccc1,2002,Ru,Cc1ccc(cc1)P(c1ccc2c(c1c1c(ccc3c1cccc3)P(c1ccc(cc1)C)c1ccc(cc1)C)cccc2)c1ccc(cc1)C.N[C@@H]([C@@H](c1ccccc1)N)c1ccccc1,CCO,,8.0,25.0,2000.0,1.3707909370174791,outer
CC(=O)c1ccccc1,C[C@H](O)c1ccccc1,2002,Ru,Cc1ccc(cc1)P(c1ccc2c(c1c1c(ccc3c1cccc3)P(c1ccc(cc1)C)c1ccc(cc1)C)cccc2)c1ccc(cc1)C.N[C@@H]([C@@H](c1ccccc1)N)c1ccccc1,CC(O)C,,8.0,25.0,2000.0,1.3707909370174791,outer
CCCCCCC(=O)/C=C(\C)c1cc(C(F)(F)F)cc(C(F)(F)F)c1,CCCCCC[C@H](O)/C=C(\C)c1cc(C(F)(F)F)cc(C(F)(F)F)c1,2014,Ru,c1ccc(cc1)P(c1ccccc1Oc1ccccc1P(c1ccccc1)c1ccccc1)c1ccccc1.c1ccc2c(c1)[C@H](NC2)[C@@H]1NCc2c1cccc2,CC(O)C,[O-1]C(C)(C)C.[K+],10.0,25.0,1000.0,1.3707909370174791,outer
CC(=O)/C=C/c1ccc2ccccc2c1,C[C@@H](O)/C=C/c1ccc2ccccc2c1,2025,Ru,OC[C@@H](NC(=O)CN[C@@H](C12C3[Fe]4567891(C2(C8C34)P(c1ccccc1)c1ccccc1)C1C5C6C9(C71)P(c1ccccc1)c1ccccc1)C)C,Cc1ccccc1C,C1CN2CCN1CC2.CN(C(=N)N(C)C)C,10.0,25.0,50.0,1.3707909370174791,outer
CC(=O)c1ccccc1,C[C@H](O)c1ccccc1,2008,Ru,Cc1ccc(cc1)P(c1ccc2c(c1c1c(ccc3c1cccc3)P(c1ccc(cc1)C)c1ccc(cc1)C)cccc2)c1ccc(cc1)C.CN(C[C@@H](C(C)C)N)C,CC(O)C,[K+].[O-1]C(C)(C)C,8.0,25.0,500.0,1.3707909370174791,outer
CC(=O)c1ccccc1,C[C@@H](O)c1ccccc1,2008,Ru,Cc1ccc(cc1)P(c1ccc2c(c1c1c(ccc3c1cccc3)P(c1ccc(cc1)C)c1ccc(cc1)C)cccc2)c1ccc(cc1)C.N[C@H]([C@H](c1ccccc1)N)c1ccccc1,CC(O)C,[K+].[O-1]C(C)(C)C,8.0,25.0,500.0,1.3707909370174791,outer
CC(=O)c1ccccc1,C[C@H](O)c1ccccc1,2010,Ru,Cc1cc(C)cc(c1)P(c1ccc2c(c1c1c(ccc3c1cccc3)P(c1cc(C)cc(c1)C)c1cc(C)cc(c1)C)cccc2)c1cc(C)cc(c1)C.C[C@@H](c1nc2c([nH]1)cccc2)N,Cc1ccccc1,[O-1]C(C)(C)C.[K+],8.0,25.0,1000.0,1.3707909370174791,outer
CC(=O)c1ccccc1C,Cc1ccccc1[C@H](C)O,2015,Ru,CC(P(c1ccccc1)Cc1cccc(n1)CP(C(C)(C)C)c1ccccc1)(C)C,CCO,[O-1]C(C)(C)C.[K+],30.0,-40.0,200.0,1.3642047478510053,outer
O=C(O)C(=O)c1cccc(F)c1,O=C(O)[C@@H](O)c1cccc(F)c1,2017,Ru,CC([C@H]1COC(=N1)C12C3[Ru-2]4567892(C1(P(c1ccccc1)c1ccccc1)C5C34)C1C6C9(C8(C71)P(c1ccccc1)c1ccccc1)C1=N[C@H](CO1)C(C)(C)C)(C)C.c1ccc(cc1)P(c1ccccc1)c1ccccc1,CO,[O-1]C(=O)C.[Na+].c1ccc(cc1)P(c1ccccc1)c1ccccc1,40.0,0.0,50.0,1.3636887379789313,inner
O=C(O)C(=O)c1cccc(Cl)c1,O=C(O)[C@@H](O)c1cccc(Cl)c1,2017,Ru,CC([C@H]1COC(=N1)C12C3[Ru-2]4567892(C1(P(c1ccccc1)c1ccccc1)C5C34)C1C6C9(C8(C71)P(c1ccccc1)c1ccccc1)C1=N[C@H](CO1)C(C)(C)C)(C)C.c1ccc(cc1)P(c1ccccc1)c1ccccc1,CO,[O-1]C(=O)C.[Na+].c1ccc(cc1)P(c1ccccc1)c1ccccc1,40.0,0.0,50.0,1.3636887379789313,inner
CCOC(=O)C(=O)c1ccccc1Cl,CCOC(=O)[C@@H](O)c1ccccc1Cl,2005,Ru,CC1(C)Oc2c(O1)c(c1c3OC(Oc3ccc1P(c1ccccc1)c1ccccc1)(C)C)c(cc2)P(c1ccccc1)c1ccccc1,CO,[Ce+3].[Cl-1].[Cl-1].O.O.O.O.O.O.[Cl-1].O,50.0,70.0,100.0,1.3586534311659164,inner
Cc1cc(C)c2c(c1)C(=O)CCC2,Cc1cc(C)c2c(c1)[C@H](O)CCC2,2020,Ru,C[C@H](c1cccc2c1cccc2)N1CC[N+](=[C-1]1)[C@@H](c1cccc2c1cccc2)C.N[C@@H]([C@@H](c1ccc(cc1)C)N)c1ccc(cc1)C,CC(O)C,[O-1]C(C)(C)C.[Na+],7.5,22.0,3333.3333333333335,1.3569979710236761,outer
CC(=O)c1ccsc1,C[C@@H](O)c1ccsc1,2020,Ru,C[C@H](c1cccc2c1cccc2)N1CC[N+](=[C-1]1)[C@@H](c1cccc2c1cccc2)C.N[C@@H]([C@@H](c1ccc(cc1)C)N)c1ccc(cc1)C,CC(O)C,[O-1]C(C)(C)C.[Na+],7.5,22.0,3333.3333333333335,1.3569979710236761,outer
CC(=O)c1ccccc1,C[C@@H](O)c1ccccc1,2010,Ru,COc1ccc(cc1)P(c1c(OC)cccc1c1c(OC)cccc1P(c1ccc(cc1)OC)c1ccc(cc1)OC)c1ccc(cc1)OC.N[C@H]([C@H](c1ccccc1)N)c1ccccc1,CC(O)C,[K+].[OH-1],29.61,20.0,3000.003000003,1.3478026603611404,outer
CC(=O)c1ccccc1,C[C@@H](O)c1ccccc1,2010,Ru,c1ccc(cc1)P(c1ccc2c(c1c1c(ccc3c1cccc3)P(c1ccccc1)c1ccccc1)cccc2)c1ccccc1.N[C@H]1CCCC[C@@H]1N,CC(O)C,[OH-1].[K+],30.0,20.0,3003.003003003003,1.3478026603611404,outer
CCC(=O)c1ccccc1,CC[C@@H](O)c1ccccc1,2010,Ru,COc1cccc(c1P(c1ccc(cc1)OC(C)(C)C)c1ccc(cc1)OC(C)(C)C)c1cccc(c1P(c1ccc(cc1)OC(C)(C)C)c1ccc(cc1)OC(C)(C)C)OC.N[C@H]([C@H](c1ccccc1)N)c1ccccc1,CC(O)C,[K+].[OH-1],29.61,20.0,3000.003000003,1.3478026603611404,outer
CC(=O)c1ccccc1,C[C@@H](O)c1ccccc1,2008,Ru,COc1nc(OC)cc(c1c1c(OC)nc(cc1P(c1ccc(cc1)OC)c1ccc(cc1)OC)OC)P(c1ccc(cc1)OC)c1ccc(cc1)OC.COc1ccc(cc1)C(c1ccc(cc1)OC)([C@H](C(C)C)N)N,CC(O)C,[K+].[OH-1],30.0,25.0,10000.0,1.34241665338486,outer
Cc1ccccc1C(=O)c1ccccc1,Cc1ccccc1[C@@H](O)c1ccccc1,2023,Ru,CC([C@H]1COC(=N1)C12C3[Ru]4567891(C2(C7C34)P(c1ccccc1)c1ccccc1)C1C5C9(C8(C61)P(c1ccccc1)c1ccccc1)C1=N[C@H](CO1)C(C)(C)C)(C)C.c1ccc(cc1)P(c1ccccc1)c1ccccc1,CO,[K+].[OH-1],40.0,10.0,100.0,1.337070918548725,inner
CC(=O)c1ccccc1,C[C@H](O)c1ccccc1,2006,Ru,O=C(c1ccccc1P(c1ccccc1)c1ccccc1)c1ccccc1P(c1ccccc1)c1ccccc1.NC(C(c1ccccc1)N)c1ccccc1,CC(O)C,[O-1]C(C)(C)C.[K+],20.0,25.0,1000.0,1.3354926096414754,outer
COc1ccc(C(C)=O)cc1,COc1ccc([C@H](C)O)cc1,2008,Ru,Cc1ccc(cc1)P(c1ccc2c(c1c1c(ccc3c1cccc3)P(c1ccc(cc1)C)c1ccc(cc1)C)cccc2)c1ccc(cc1)C.N[C@H](c1ccccc1)CN(C)C,CC(O)C,[K+].[O-1]C(C)(C)C,8.0,25.0,500.0,1.3354926096414754,outer
CC(=O)CN(C)c1ccccc1,C[C@H](O)CN(C)c1ccccc1,2000,Ru,Cc1cc(C)cc(c1)P(c1ccc2c(c1c1c(ccc3c1cccc3)P(c1cc(C)cc(c1)C)c1cc(C)cc(c1)C)cccc2)c1cc(C)cc(c1)C.COc1ccc(cc1)C(c1ccc(cc1)OC)(C(C(C)C)N)N,CC(O)C,[O-1]C(C)(C)C.[K+],8.0,25.0,20000.0,1.3354926096414754,outer
CC(=O)c1ccccc1,C[C@H](O)c1ccccc1,2006,Ru,O=C(c1ccc(cc1P(c1ccccc1)c1ccccc1)C(C)(C)C)c1ccc(cc1P(c1ccccc1)c1ccccc1)C(C)(C)C.NC(C(c1ccccc1)N)c1ccccc1,CC(O)C,[O-1]C(C)(C)C.[K+],20.0,25.0,1000.0,1.3354926096414754,outer
CC(=O)c1cccc(Cl)c1,C[C@@H](O)c1cccc(Cl)c1,2010,Ru,N(CC1=NC2C(O1)Cc1c2cccc1)CC1=NC2C(O1)Cc1c2cccc1,CC(O)C,[O-1]C(C)(C)C.[K+],5.0,25.0,100.0,1.3354926096414754,outer
CC(=O)c1ccncc1,C[C@H](O)c1ccncc1,2021,Ru,COc1ccccc1P(c1ccccc1OC)c1ccccc1OC.C=CC1CN2CCC1CC2[C@@H](c1ccnc2c1cccc2)N,CCCO,[Li+].[OH-1],60.0,30.0,125.0,1.327005565276764,outer
CCOC(=O)C(=O)c1ccc(F)cc1,CCOC(=O)[C@H](O)c1ccc(F)cc1,2005,Ru,CC1(C)Oc2c(O1)c(c1c3OC(Oc3ccc1P(c1ccccc1)c1ccccc1)(C)C)c(cc2)P(c1ccccc1)c1ccccc1,CO,,50.0,70.0,100.0,1.3269310752307628,inner
CCOC(=O)C(=O)c1ccc(Cl)cc1,CCOC(=O)[C@H](O)c1ccc(Cl)cc1,2005,Ru,CC1(C)Oc2c(O1)c(c1c3OC(Oc3ccc1P(c1ccccc1)c1ccccc1)(C)C)c(cc2)P(c1ccccc1)c1ccccc1,CO,,50.0,70.0,100.0,1.3269310752307628,inner
CC(=O)c1ccccc1,C[C@H](O)c1ccccc1,2013,Ru,CC(Sc1ccccc1/C=N/[C@@H]1CCCC[C@H]1/N=C/c1ccccc1SC(C)(C)C)(C)C,CC(O)C,[K+].[OH-1],50.0,23.0,2000.0,1.326534081319212,inner
COc1ccc(C(C)=O)cc1,COc1ccc([C@H](C)O)cc1,2004,Ru,c1ccc(cc1)P(c1ccc2c(c1c1c(ccc3c1cccc3)P(c1ccccc1)c1ccccc1)cccc2)c1ccccc1.N[C@@H]([C@@H](c1ccccc1)N)c1ccccc1,CC(O)C,[O-1]C(C)(C)C.[K+],47.62,25.0,1000.0,1.325227859265531,outer
CCOC(=O)CC(=O)C(F)(F)F,CCOC(=O)C[C@@H](O)C(F)(F)F,2004,Ru,FC1(F)Oc2c(O1)c(c1c3OC(Oc3ccc1P(c1ccccc1)c1ccccc1)(F)F)c(cc2)P(c1ccccc1)c1ccccc1,CCO,,9.87,110.0,100.0,1.320717750095945,inner
COc1ccc(C(C)=O)cc1OC,COc1ccc([C@H](C)O)cc1OC,2023,Ru,CCCCCN[C@H](c1ccnc2c1cccc2)[C@H]1CC2CCN1CC2C=C.C1CCC(CC1)P(C1CCCCC1)C1CCCCC1,CCO,[Ba+2].[OH-1].[OH-1],60.0,20.0,1000.0,1.31649218687812,outer
CC(=O)c1ccc(C)cc1,Cc1ccc([C@H](C)O)cc1,2010,Ru,C[C@@H]1Oc2cccc(c2-c2c(O[C@H]1C)cccc2P(c1ccccc1)c1ccccc1)P(c1ccccc1)c1ccccc1.N[C@@H]([C@@H](c1ccccc1)N)c1ccccc1,CCCCO,[K+].[O-1]C(C)(C)C,20.0,20.0,3000.3000300030003,1.3130962888358162,outer
CC(=O)c1ccccc1,C[C@@H](O)c1ccccc1,2010,Ru,COc1cccc(c1c1cccc(c1P(c1ccccc1)c1ccccc1)OC)P(c1ccccc1)c1ccccc1.N[C@H]([C@H](c1ccccc1)N)c1ccccc1,CC(O)C,[K+].[OH-1],29.61,20.0,3000.003000003,1.3130962888358162,outer
CC(C)(C)C(=O)c1ccccc1,CC(C)(C)[C@H](O)c1ccccc1,2011,Ru,N[C@@H]1CCCC[C@H]1NCc1ccccc1P(c1cc(C)cc(c1)C)c1cc(C)cc(c1)C,CC(O)C,[O-1]C(C)(C)C.[K+],49.35,50.0,200.0,1.3104348561808488,outer
CCOC(=O)CC(C)=O,CCOC(=O)C[C@@H](C)O,2002,Ru,CCCN([C@@H](C12C3[Fe]4567892(C1(P(c1ccccc1)c1ccccc1)C5C34)C1C8C7C6C91)c1ccccc1P(c1ccccc1)c1ccccc1)CCC,CCO,,50.0,50.0,125.0,1.3072859853802727,inner
CC(=O)c1cc(C(F)(F)F)cc(C(F)(F)F)c1,C[C@H](O)c1cc(C(F)(F)F)cc(C(F)(F)F)c1,2015,Ru,CC[N+](C[C@@H]1COC(=N1)C12C3[Fe]4567891(C2(C9C34)P(c1ccccc1)c1ccccc1)C1C7C6C5C81)(CC)CC,Cc1ccccc1.O,[K+].[OH-1],20.0,30.0,200.0,1.3038331027475634,inner
CC(=O)c1ccccc1,C[C@H](O)c1ccccc1,2006,Ru,O=C(c1ccccc1P(c1ccccc1)c1ccccc1)c1ccccc1P(c1ccccc1)c1ccccc1.NC(C(c1cc(C)cc(c1)C)N)c1cc(C)cc(c1)C,CCO,[O-1]C(C)(C)C.[K+],20.0,25.0,1000.0,1.301819703366608,outer
CC(=O)c1ccccc1,C[C@H](O)c1ccccc1,2006,Ru,O=C(c1cc(ccc1P(c1ccccc1)c1ccccc1)C(C)(C)C)c1cc(ccc1P(c1ccccc1)c1ccccc1)C(C)(C)C.NC(C(c1ccccc1)N)c1ccccc1,CCCO,[O-1]C(C)(C)C.[K+],20.0,25.0,1000.0,1.301819703366608,outer
CC(=O)c1ccc(C(F)(F)F)cc1,C[C@@H](O)c1ccc(C(F)(F)F)cc1,2006,Ru,c1ccc(cc1)c1cc2ccccc2c(c1NCc1ccccn1)c1c(NCc2ccccn2)c(cc2c1cccc2)c1ccccc1,CC(O)C,[O-1]C(C)(C)C.[K+],50.0,25.0,1000.0,1.301819703366608,outer
CC(=O)c1ccc(C)cc1,Cc1ccc([C@@H](C)O)cc1,2005,Ru,CCCC[C@H]1C=Cc2c(N1p1oc3ccc4c(c3c3c(o1)ccc1c3cccc1)cccc4)c(ccc2)P(c1ccccc1)c1ccccc1.NCCN,ClCCl.CO,[O-1]C(C)(C)C.[Na+],30.0,25.0,500.0,1.301819703366608,outer
CC(=O)/C=C/c1cccc(Cl)c1,C[C@@H](O)/C=C/c1cccc(Cl)c1,2025,Ru,OC[C@@H](NC(=O)CN[C@@H](C12C3[Fe]4567891(C2(C8C34)P(c1ccccc1)c1ccccc1)C1C5C6C9(C71)P(c1ccccc1)c1ccccc1)C)C,Cc1ccccc1C,C1CN2CCN1CC2.CN(C(=N)N(C)C)C,10.0,25.0,50.0,1.301819703366608,outer
CC1=CC(=O)CCC1,CC1=C[C@@H](O)CCC1,2004,Ru,Cc1ccc(cc1)P(c1ccc2c(c1c1c(ccc3c1cccc3)P(c1ccc(cc1)C)c1ccc(cc1)C)cccc2)c1ccc(cc1)C.NC[C@@H]1OC(O[C@H]1CN)(C)C,CC(O)C,[O-1]C(C)(C)C.[K+],9.0,25.0,1000.0,1.301819703366608,outer
CC(=O)c1ccccc1,C[C@H](O)c1ccccc1,2013,Ru,c1ccc2c(c1)[C@H](NC2)[C@H]1NCc2c1cccc2.Cc1cccc(c1)P(c1cccc(c1)C)c1cccc(c1)C,CC(O)C,[K+].[O-1]C(C)(C)C,10.0,25.0,,1.301819703366608,outer
COCC(=O)c1ccc(C(F)(F)F)cc1,COC[C@@H](O)c1ccc(C(F)(F)F)cc1,2004,Ru,C1C[C@@H]([C@@H](C1)P(c1ccccc1)c1ccccc1)[C@H]1CCC[C@H]1P(c1ccccc1)c1ccccc1.NCCSCC,CO,[O-1]C(C)(C)C.[Na+],7.0,25.0,200.0,1.301819703366608,outer
O=C(O)C(=O)c1ccccc1,O=C(O)[C@@H](O)c1ccccc1,2017,Ru,CC([C@H]1COC(=N1)C12C3[Ru-2]4567892(C1(P(c1ccccc1)c1ccccc1)C5C34)C1C6C9(C8(C71)P(c1ccccc1)c1ccccc1)C1=N[C@H](CO1)C(C)(C)C)(C)C.c1ccc(cc1)P(c1ccccc1)c1ccccc1,CO,[O-1]C(=O)C.[Cs+],40.0,25.0,50.0,1.301819703366608,inner
O=C1CCc2ccccc21,O[C@@H]1CCc2ccccc21,2024,Ru,COC[C@@H](N[C@@H](C[C@H](P(c1ccccc1)c1ccccc1)C)C)C,CC(O)C,[K+].[O-1]C(C)(C)C,70.0,25.0,200.0,1.301819703366608,outer
CC(=O)c1ccc(Cl)cc1,C[C@@H](O)c1ccc(Cl)cc1,2010,Ru,N(CC1=NC2C(O1)Cc1c2cccc1)CC1=NC2C(O1)Cc1c2cccc1,CC(O)C,[O-1]C(C)(C)C.[K+],5.0,25.0,100.0,1.301819703366608,outer
CC(=O)/C=C/c1ccc(C)cc1,Cc1ccc(/C=C/[C@@H](C)O)cc1,2025,Ru,OC[C@@H](NC(=O)CN[C@@H](C12C3[Fe]4567891(C2(C8C34)P(c1ccccc1)c1ccccc1)C1C5C6C9(C71)P(c1ccccc1)c1ccccc1)C)C,Cc1ccccc1C,C1CN2CCN1CC2.CN(C(=N)N(C)C)C,10.0,25.0,50.0,1.301819703366608,outer
CC(=O)c1ccccc1,C[C@@H](O)c1ccccc1,2008,Ru,COc1nc(OC)cc(c1c1c(OC)nc(cc1P(c1ccc(cc1)OC)c1ccc(cc1)OC)OC)P(c1ccc(cc1)OC)c1ccc(cc1)OC.COc1ccc(cc1)C(c1ccc(cc1)OC)([C@H](C(C)C)N)N,CCCCO,[K+].[OH-1],30.0,25.0,2000.0,1.2952656135237006,outer
CC(=O)c1ccccc1,C[C@H](O)c1ccccc1,2021,Ru,COc1cccc(c1)P(c1cccc(c1)OC)c1cccc(c1)OC.C=CC1CN2CCC1CC2[C@@H](c1ccnc2c1cccc2)N,CCO,[Li+].[OH-1],60.0,25.0,500.0,1.2920101468367455,outer
CC(=O)c1cccc(C(F)(F)F)c1,C[C@@H](O)c1cccc(C(F)(F)F)c1,2005,Ru,Brc1ccccc1p1oc2ccc3c(c2c2c(o1)ccc1c2cccc1)cccc3.N[C@H]([C@H](c1ccccc1)N)c1ccccc1,CC(O)C,[O-1]C(C)(C)C.[K+],50.0,0.0,1000.0,1.2898496252925455,outer
CC(=O)c1cccc(C(F)(F)F)c1,C[C@@H](O)c1cccc(C(F)(F)F)c1,2006,Ru,Brc1ccccc1p1oc2ccc3c(c2c2c(o1)ccc1c2cccc1)cccc3.N[C@@H]1CCCC[C@H]1N,CC(O)C,[O-1]C(C)(C)C.[K+],80.0,0.0,300.3003003003003,1.2898496252925455,outer
CC(=O)c1ccccc1,C[C@H](O)c1ccccc1,2010,Ru,C[C@@H]1Oc2cccc(c2-c2c(O[C@H]1C)cccc2P(c1ccccc1)c1ccccc1)P(c1ccccc1)c1ccccc1.N[C@@H]([C@@H](c1ccccc1)N)c1ccccc1,CCCCO,[K+].[O-1]C(C)(C)C,20.0,20.0,3000.3000300030003,1.2799880799661953,outer
CC(=O)c1ccccc1,C[C@H](O)c1ccccc1,2010,Ru,C[C@@H]1Oc2cccc(c2-c2c(O[C@H]1C)cccc2P(c1ccccc1)c1ccccc1)P(c1ccccc1)c1ccccc1.N[C@@H]([C@@H](c1ccccc1)N)c1ccccc1,CCCCO,[K+].[O-1]C(C)(C)C,20.0,20.0,1000.0,1.2799880799661953,outer
CC(=O)c1ccccc1,C[C@@H](O)c1ccccc1,2000,Ru,Cc1cc(C)cc(c1)P(c1cc2CCc3ccc(CCc1cc2)cc3P(c1cc(C)cc(c1)C)c1cc(C)cc(c1)C)c1cc(C)cc(c1)C.COc1ccc(cc1)C(c1ccc(cc1)OC)([C@H](C(C)C)N)N,CC(O)C,[K+].[O-1]C(C)(C)C,8.0,19.0,3000.003000003,1.2756217552861129,outer
O=C(c1ccccc1)C1CCCC1,O[C@H](c1ccccc1)C1CCCC1,2015,Ru,CC(P(c1ccccc1)Cc1cccc(n1)CP(C(C)(C)C)c1ccccc1)(C)C,CCO,[O-1]C(C)(C)C.[K+],30.0,-40.0,200.0,1.2748294546060435,outer
CC(C)C(=O)c1ccccc1,CC(C)[C@H](O)c1ccccc1,2015,Ru,CC(P(c1ccccc1)Cc1cccc(n1)CP(C(C)(C)C)c1ccccc1)(C)C,CCO,[O-1]C(C)(C)C.[K+],30.0,-40.0,200.0,1.2748294546060435,outer
CC(=O)/C=C/c1ccc(F)cc1,C[C@@H](O)/C=C/c1ccc(F)cc1,2025,Ru,OC[C@@H](NC(=O)CN[C@@H](C12C3[Fe]4567891(C2(C8C34)P(c1ccccc1)c1ccccc1)C1C5C6C9(C71)P(c1ccccc1)c1ccccc1)C)C,Cc1ccccc1C,C1CN2CCN1CC2.CN(C(=N)N(C)C)C,10.0,25.0,50.0,1.2696115740793517,outer
CC(=O)c1ccccc1,C[C@H](O)c1ccccc1,2008,Ru,Cc1ccc(cc1)P(c1ccc2c(c1c1c(ccc3c1cccc3)P(c1ccc(cc1)C)c1ccc(cc1)C)cccc2)c1ccc(cc1)C.C[NH+]([C@@H]([C@@H](c1ccccc1)N)c1ccccc1)C,CC(O)C,[K+].[O-1]C(C)(C)C,8.0,25.0,500.0,1.2696115740793517,outer
CC(=O)c1ccc(C)cc1,Cc1ccc([C@H](C)O)cc1,2004,Ru,Clc1cc(P(c2ccccc2)c2ccccc2)c(c2c1cccc2)c1c(cc(c2c1cccc2)Cl)P(c1ccccc1)c1ccccc1.N[C@@H]([C@@H](c1ccccc1)N)c1ccccc1,CC(O)C,[O-1]C(C)(C)C.[K+],47.62,25.0,1000.0,1.2696115740793517,outer
O=C1CCC/C1=C\c1ccccc1,O[C@@H]1CCC/C1=C\c1ccccc1,2019,Ru,CC([C@H]1COC(=N1)C12C3[Ru]4567891(C2(C7C34)P(c1ccccc1)c1ccccc1)C1C5C9(C8(C61)P(c1ccccc1)c1ccccc1)C1=N[C@H](CO1)C(C)(C)C)(C)C,C1CCCO1,C1CCN2C(=NCCC2)CC1,19.7,25.0,100.0,1.2696115740793517,inner
CC(=O)c1ccccc1,C[C@@H](O)c1ccccc1,2009,Ru,C[C@@H]1C[C@@H](C)Oc2c(-c3c(O1)cccc3P(c1ccc(cc1)C)c1ccc(cc1)C)c(ccc2)P(c1ccc(cc1)C)c1ccc(cc1)C.N[C@H]([C@H](c1ccccc1)N)c1ccccc1,CC(O)C,[O-1]C(C)(C)C.[K+],50.0,21.0,10000.0,1.268294743973955,outer
CC(=O)/C=C/C1=C(C)CCCC1(C)C,CC1=C(/C=C/[C@H](C)O)C(C)(C)CCC1,2013,Ru,CC(Sc1cc(ccc1/C=N/[C@@H]1CCCC[C@H]1/N=C/c1ccc(cc1SC(C)(C)C)C(C)(C)C)C(C)(C)C)(C)C,CC(O)C,[K+].[OH-1],50.0,23.0,2000.0,1.2610949779091063,inner
CC(=O)c1ccccc1,C[C@@H](O)c1ccccc1,2008,Ru,COc1nc(OC)cc(c1c1c(OC)nc(cc1P(c1ccc(cc1)OC)c1ccc(cc1)OC)OC)P(c1ccc(cc1)OC)c1ccc(cc1)OC.COc1ccc(cc1)C(c1ccc(cc1)OC)([C@H](C(C)C)N)N,CC(O)C,[K+].[O-1]C(C)(C)C,30.0,25.0,2000.0,1.2602135868871036,outer
O=C1CN2CCC1CC2,O[C@H]1CN2CCC1CC2,2009,Ru,C[C@H](P(c1cc(C)cc(c1)C)c1cc(C)cc(c1)C)C[C@@H](P(c1cc(C)cc(c1)C)c1cc(C)cc(c1)C)C.NCc1ccccn1,CC(O)C,[O-1]C(C)(C)C.[K+],10.0,30.0,1000.0,1.2595035825776904,outer
O=C1CN2CCC1CC2,O[C@H]1CN2CCC1CC2,2009,Ru,C[C@H](P(c1cc(C)cc(c1)C)c1cc(C)cc(c1)C)C[C@@H](P(c1cc(C)cc(c1)C)c1cc(C)cc(c1)C)C.NCc1ccccn1,CCO,[O-1]C(C)(C)C.[K+],15.0,15.0,99999.99999999999,1.2581564565657826,outer
CCOC(=O)CC(=O)CCl,CCOC(=O)C[C@H](O)CCl,2002,Ru,CN([C@@H](C12C3[Fe]4567891(C2(C9C34)P(c1ccccc1)c1ccccc1)C1C7C6C5C81)c1ccccc1P(c1ccccc1)c1ccccc1)C,CCO,,50.0,50.0,125.0,1.2495928222667085,inner
CC(=O)c1ccccc1,C[C@H](O)c1ccccc1,2010,Ru,C[C@@H]1Oc2cccc(c2-c2c(O[C@H]1C)cccc2P(c1ccccc1)c1ccccc1)P(c1ccccc1)c1ccccc1.N[C@@H]([C@@H](c1ccccc1)N)c1ccccc1,CCCCO,[K+].[O-1]C(C)(C)C,20.0,20.0,5000.0,1.248320083653738,outer
CC(=O)c1ccccc1,C[C@@H](O)c1ccccc1,2010,Ru,c1ccc(cc1)P(c1ccc2c(c1c1c(ccc3c1cccc3)P(c1ccccc1)c1ccccc1)cccc2)c1ccccc1.C1CC[C@@H]([C@H](C1)NCc1ccccc1)NCc1ccccc1,CC(O)C,[OH-1].[K+],30.0,20.0,3003.003003003003,1.248320083653738,outer
CC(=O)c1ccccc1,C[C@H](O)c1ccccc1,2010,Ru,C[C@@H]1Oc2cccc(c2-c2c(O[C@H]1C)cccc2P(c1ccccc1)c1ccccc1)P(c1ccccc1)c1ccccc1.N[C@@H]([C@@H](c1ccccc1)N)c1ccccc1,CC(O)C,[K+].[O-1]C(C)(C)C,20.0,20.0,1000.0,1.248320083653738,outer
CC(=O)c1ccccc1,C[C@@H](O)c1ccccc1,2008,Ru,COc1nc(OC)cc(c1c1c(OC)nc(cc1P(c1ccc(cc1)OC)c1ccc(cc1)OC)OC)P(c1ccc(cc1)OC)c1ccc(cc1)OC.N[C@H]([C@H](c1ccccc1)N)c1ccccc1,CC(O)C,[K+].[OH-1],30.0,25.0,2000.0,1.2417619885212547,outer
O=C1CCCc2ccccc21,O[C@@H]1CCCc2ccccc21,2024,Ru,COC[C@@H](NCCCP(c1ccccc1)c1ccccc1)C,CC(O)C,[K+].[O-1]C(C)(C)C,70.0,25.0,200.0,1.2387299790385564,outer
O=C(c1ccccc1)c1ccccn1,O[C@@H](c1ccccc1)c1ccccn1,2025,Ru,Cc1ccccc1[C@H](c1ccccn1)N[C@H](C12C3[Fe]4567891(C2(C8C34)P(c1ccccc1)c1ccccc1)C1C5C6C9(C71)P(c1ccccc1)c1ccccc1)C,COC(C)(C)C,[K+].[O-1]C(C)(C)C,50.0,25.0,100.0,1.2387299790385564,outer
CC(=O)c1ccccc1,C[C@H](O)c1ccccc1,2010,Ru,c1ccc(cc1)P(c1cc2CCc3ccc(CCc1cc2)cc3P(c1ccccc1)c1ccccc1)c1ccccc1.C[C@@H](c1nc2c([nH]1)cccc2)N,Cc1ccccc1.CC(O)(C)C,[O-1]C(C)(C)C.[K+],8.0,25.0,1000.0,1.2387299790385564,outer
O=C(c1ccccc1)c1ccccn1,O[C@H](c1ccccc1)c1ccccn1,2025,Ru,C[C@@H](C12C3[Fe]4567891(C2(C8C34)P(c1ccccc1)c1ccccc1)C1C5C6C9(C71)P(c1ccccc1)c1ccccc1)NCc1ccccn1,COC(C)(C)C,C1CN=C2N(C1)CCC2,50.0,25.0,33.333333333333336,1.2387299790385564,outer
CC(C)(C)C(=O)c1ccccc1,CC(C)(C)[C@H](O)c1ccccc1,2020,Ru,O=C(c1ccccc1P(C(C)(C)C)C)N[C@@H]1CCCC[C@H]1NC(=O)c1ccccc1P(C(C)(C)C)C,CC(O)C,[O-1]C(C)(C)C.[K+],30.0,25.0,100.0,1.2387299790385564,outer
CC(C)C(=O)c1ccccc1,CC(C)[C@H](O)c1ccccc1,2020,Ru,O=C(c1ccccc1P(C(C)(C)C)C)N[C@@H]1CCCC[C@H]1NC(=O)c1ccccc1P(C(C)(C)C)C,CC(O)C,[O-1]C(C)(C)C.[K+],30.0,25.0,100.0,1.2387299790385564,outer
Cc1ccccc1C(=O)c1ccncc1,Cc1ccccc1[C@@H](O)c1ccncc1,2023,Ru,CC([C@H]1COC(=N1)C12C3[Ru]4567891(C2(C7C34)P(c1ccccc1)c1ccccc1)C1C5C9(C8(C61)P(c1ccccc1)c1ccccc1)C1=N[C@H](CO1)C(C)(C)C)(C)C.c1ccc(cc1)P(c1ccccc1)c1ccccc1,C1CCCO1,[K+].[OH-1],40.0,10.0,100.0,1.23632483316537,inner
Cc1ccccc1C(=O)c1cccnc1,Cc1ccccc1[C@H](O)c1cccnc1,2023,Ru,CC([C@H]1COC(=N1)C12C3[Ru]4567891(C2(C7C34)P(c1ccccc1)c1ccccc1)C1C5C9(C8(C61)P(c1ccccc1)c1ccccc1)C1=N[C@H](CO1)C(C)(C)C)(C)C.c1ccc(cc1)P(c1ccccc1)c1ccccc1,C1CCCO1,[K+].[OH-1],40.0,10.0,100.0,1.23632483316537,inner
COc1ccc(C(C)=O)cc1,COc1ccc([C@H](C)O)cc1,2004,Ru,Clc1cc(P(c2ccccc2)c2ccccc2)c(c2c1cccc2)c1c(cc(c2c1cccc2)Cl)P(c1ccccc1)c1ccccc1.N[C@@H]([C@@H](c1ccccc1)N)c1ccccc1,CC(O)C,[O-1]C(C)(C)C.[K+],47.62,25.0,1000.0,1.2357100240828849,outer
CC(=O)c1cccc(C)c1,Cc1cccc([C@H](C)O)c1,2015,Ru,CC(P(c1ccccc1)Cc1cccc(n1)CP(C(C)(C)C)c1ccccc1)(C)C,CCO,[O-1]C(C)(C)C.[K+],30.0,-40.0,200.0,1.2352733902539874,outer
CC(=O)c1ccccc1,C[C@H](O)c1ccccc1,2015,Ru,CC(P(c1ccccc1)Cc1cccc(n1)CP(C(C)(C)C)c1ccccc1)(C)C,CCO,[O-1]C(C)(C)C.[K+],30.0,-40.0,200.0,1.2352733902539874,outer
CC(=O)c1ccccc1,C[C@H](O)c1ccccc1,2013,Ru,CC(Sc1ccccc1/C=N/[C@@H]1CCCC[C@H]1/N=C/c1ccccc1SC(C)(C)C)(C)C,CC(O)C,[K+].[O-1]C(C)(C)C,50.0,23.0,2000.0,1.230420537622903,inner
CC(=O)c1ccccc1,C[C@H](O)c1ccccc1,2021,Ru,Cc1ccc(cc1)P(c1ccc(cc1)C)c1ccc(cc1)C.C=CC1CN2CCC1CC2[C@@H](c1ccnc2c1cccc2)N,CCO,[Li+].[OH-1],60.0,25.0,500.0,1.2297058362673852,outer
CC(=O)c1ccccc1,C[C@H](O)c1ccccc1,2013,Ru,CC(Sc1ccccc1/C=N/[C@@H]1CCCC[C@H]1/N=C/c1ccccc1SC(C)(C)C)(C)C,CC(O)C,[K+].[O-1]C(C)(C)C,20.0,60.0,2000.0,1.2297013042473763,inner
O=C(c1ccccc1)c1ccc(C(F)(F)F)cc1,O[C@H](c1ccccc1)c1ccc(C(F)(F)F)cc1,2003,Ru,COc1nc(OC)cc(c1c1c(OC)nc(cc1P(c1cc(C)cc(c1)C)c1cc(C)cc(c1)C)OC)P(c1cc(C)cc(c1)C)c1cc(C)cc(c1)C.N[C@@H]([C@@H](c1ccccc1)N)c1ccccc1,CC(O)C,[O-1]C(C)(C)C.[K+],20.41371802,27.5,2000.0,1.225085724016798,outer
CC(=O)c1ccc(C)cc1,Cc1ccc([C@H](C)O)cc1,2004,Ru,Cc1cc(P(c2ccccc2)c2ccccc2)c(c2c1cccc2)c1c(cc(c2c1cccc2)C)P(c1ccccc1)c1ccccc1.N[C@@H]([C@@H](c1ccccc1)N)c1ccccc1,CC(O)C,[O-1]C(C)(C)C.[K+],47.62,25.0,1000.0,1.2237485568447781,outer
CC(C)(C)C(=O)c1ccccc1,CC(C)(C)[C@H](O)c1ccccc1,2011,Ru,COc1ccccc1P(c1ccccc1)CCN[C@@H]1CCCC[C@H]1N,CC(O)C,[O-1]C(C)(C)C.[K+],49.35,50.0,200.0,1.2207266736159683,outer
CC(C)(C)C(=O)c1ccccc1,CC(C)(C)[C@H](O)c1ccccc1,2011,Ru,N[C@@H]1CCCC[C@H]1NCc1ccccc1P(c1ccccc1)c1ccccc1,CC(O)C,[O-1]C(C)(C)C.[K+],49.35,50.0,200.0,1.2207266736159683,outer
CCOC(=O)CC(=O)CCl,CCOC(=O)C[C@H](O)CCl,2002,Ru,C[C@@H](N([C@@H](C12C3[Fe]4567891(C2(C9C34)P(c1ccccc1)c1ccccc1)C1C7C6C5C81)c1ccccc1P(c1ccccc1)c1ccccc1)C)c1ccccc1,CCO,,50.0,50.0,125.0,1.2207266736159683,inner
CCOC(=O)CC(=O)CCl,CCOC(=O)C[C@H](O)CCl,2004,Ru,FC1(F)Oc2c(O1)c(c1c3OC(Oc3ccc1P(c1ccccc1)c1ccccc1)(F)F)c(cc2)P(c1ccccc1)c1ccccc1,CO,,49.35,50.0,100.0,1.2207266736159683,inner
CC(C)C(=O)c1ccccc1,CC(C)[C@@H](O)c1ccccc1,2010,Ru,COc1cccc(c1P(c1ccc(cc1)OC(C)(C)C)c1ccc(cc1)OC(C)(C)C)c1cccc(c1P(c1ccc(cc1)OC(C)(C)C)c1ccc(cc1)OC(C)(C)C)OC.N[C@H]([C@H](c1ccccc1)N)c1ccccc1,CC(O)C,[K+].[OH-1],29.61,20.0,3000.003000003,1.2179563754994225,outer
CC(=O)c1ccccc1,C[C@@H](O)c1ccccc1,2010,Ru,c1ccc(cc1)P(c1ccc2c(c1c1c(ccc3c1cccc3)P(c1ccccc1)c1ccccc1)cccc2)c1ccccc1.CC(N[C@H]1CCCC[C@@H]1NC(C)C)C,CC(O)C,[OH-1].[K+],30.0,20.0,3003.003003003003,1.2179563754994225,outer
CC(=O)c1ccc(Cl)cc1,C[C@H](O)c1ccc(Cl)cc1,2004,Ru,c1ccc(cc1)P(c1cc(c2ccccc2)c2c(c1c1c(cc(c3c1cccc3)c1ccccc1)P(c1ccccc1)c1ccccc1)cccc2)c1ccccc1.N[C@@H]([C@@H](c1ccccc1)N)c1ccccc1,CC(O)C,[O-1]C(C)(C)C.[K+],47.62,25.0,1000.0,1.2178373405855671,outer
O=C(c1ccccc1)C1CC1,O[C@H](c1ccccc1)C1CC1,2004,Ru,Clc1ccc2c(c1)c(cc(c2c1c(cc(c2c1ccc(c2)Cl)c1ccccc1)P(c1cc(C)cc(c1)C)c1cc(C)cc(c1)C)P(c1cc(C)cc(c1)C)c1cc(C)cc(c1)C)c1ccccc1.N[C@@H]([C@@H](c1ccccc1)N)c1ccccc1,CC(O)C,[O-1]C(C)(C)C.[K+],48.3,25.0,1000.0,1.2178373405855671,outer
CC(=O)c1ccccn1,C[C@@H](O)c1ccccn1,2000,Ru,Cc1cc(C)cc(c1)P(c1cc2CCc3ccc(CCc1cc2)cc3P(c1cc(C)cc(c1)C)c1cc(C)cc(c1)C)c1cc(C)cc(c1)C.N[C@H]([C@H](c1ccccc1)N)c1ccccc1,CC(O)C,[K+].[O-1]C(C)(C)C,8.0,19.0,1499.999250000375,1.2138016547915957,outer
CC(=O)CC(C)(C)C,C[C@@H](O)CC(C)(C)C,2011,Ru,Cc1cc(C)cc(c1)P(c1ccc2c(c1c1c(ccc3c1cccc3)P(c1cc(C)cc(c1)C)c1cc(C)cc(c1)C)cccc2)c1cc(C)cc(c1)C.COc1ccc(cc1)C(c1ccc(cc1)OC)([C@H](C(C)C)N)N,CC(O)C,[O-1]C(C)(C)C.[K+],10.0,25.0,10000.0,1.209055090113941,outer
CC(=O)c1ccccc1,C[C@H](O)c1ccccc1,2006,Ru,O=C(c1ccccc1P(c1ccccc1)c1ccccc1)c1ccccc1P(c1ccccc1)c1ccccc1.Cc1cccc(c1)C(C(c1cccc(c1)C)N)N,CCO,[O-1]C(C)(C)C.[K+],20.0,25.0,1000.0,1.209055090113941,outer
CC(=O)/C=C/c1ccccc1,C[C@@H](O)/C=C/c1ccccc1,2025,Ru,OC[C@@H](NC(=O)CN[C@@H](C12C3[Fe]4567891(C2(C8C34)P(c1ccccc1)c1ccccc1)C1C5C6C9(C71)P(c1ccccc1)c1ccccc1)C)C,Cc1ccccc1C,C1CN2CCN1CC2.CN(C(=N)N(C)C)C,10.0,25.0,50.0,1.209055090113941,outer
O=C(O)C(=O)c1ccccc1,O=C(O)[C@@H](O)c1ccccc1,2017,Ru,CC([C@H]1COC(=N1)C12C3[Ru-2]4567892(C1(P(c1ccccc1)c1ccccc1)C5C34)C1C6C9(C8(C71)P(c1ccccc1)c1ccccc1)C1=N[C@H](CO1)C(C)(C)C)(C)C.c1ccc(cc1)P(c1ccccc1)c1ccccc1,OCC(F)(F)F,[O-1]C(=O)C.[Na+],40.0,25.0,50.0,1.209055090113941,inner
CON(C)C(=O)CC(=O)c1ccccc1,CON(C)C(=O)C[C@@H](O)c1ccccc1,2017,Ru,c1ccc(cc1)P(c1ccc2c(c1c1c(ccc3c1cccc3)P(c1ccccc1)c1ccccc1)cccc2)c1ccccc1,CCO,,5.0,25.0,200.0,1.2032554776349391,inner
CC(=O)c1ccccc1,C[C@H](O)c1ccccc1,2013,Ru,CC(Sc1ccccc1/C=N/[C@@H]1CCCC[C@H]1/N=C/c1ccccc1SC(C)(C)C)(C)C,CC(O)C,[K+].[O-1]C(C)(C)C,50.0,60.0,2000.0,1.2017867274605305,inner
CC(=O)c1ccccc1,C[C@H](O)c1ccccc1,2013,Ru,CC(Sc1ccccc1/C=N/[C@@H]1CCCC[C@H]1/N=C/c1ccccc1SC(C)(C)C)(C)C,CC(O)C,[Na+].[OH-1],50.0,23.0,2000.0,1.2009447088285885,inner
CC(=O)c1ccccc1,C[C@H](O)c1ccccc1,2013,Ru,CC(Sc1ccccc1/C=N/[C@@H]1CCCC[C@H]1/N=C/c1ccccc1SC(C)(C)C)(C)C,CC(O)C,[K+].[O-1]C(C)(C)C,20.0,23.0,2000.0,1.2009447088285885,inner
CC(=O)c1cccs1,C[C@H](O)c1cccs1,2015,Ru,CC(P(c1ccccc1)Cc1cccc(n1)CP(C(C)(C)C)c1ccccc1)(C)C,CCO,[O-1]C(C)(C)C.[K+],30.0,-40.0,200.0,1.1984537324094922,outer
CCC(=O)c1ccccc1,CC[C@H](O)c1ccccc1,2004,Ru,Clc1ccc2c(c1)c(cc(c2c1c(cc(c2c1ccc(c2)Cl)c1ccccc1)P(c1cc(C)cc(c1)C)c1cc(C)cc(c1)C)P(c1cc(C)cc(c1)C)c1cc(C)cc(c1)C)c1ccccc1.COc1ccc(cc1)C(c1ccc(cc1)OC)([C@@H](C(C)C)N)N,CC(O)C,[O-1]C(C)(C)C.[K+],48.3,25.0,1000.0,1.1946369633699392,outer
CC(=O)c1ccccc1,C[C@@H](O)c1ccccc1,2010,Ru,CCCCCCCCCOc1ccc(cc1)P(c1c(OC)cccc1c1cccc(c1P(c1ccc(cc1)OCCCCCCCC)c1ccc(cc1)OCCCCCCCC)OC)c1ccc(cc1)OCCCCCCCC.N[C@H]([C@H](c1ccccc1)N)c1ccccc1,CC(O)C,[K+].[OH-1],29.61,20.0,3000.003000003,1.1887791369005596,outer
CC(=O)/C=C/c1ccccc1,C[C@@H](O)/C=C/c1ccccc1,2025,Ru,OC[C@@H](NC(=O)CN[C@@H](C12C3[Fe]4567891(C2(C8C34)P(c1ccccc1)c1ccccc1)C1C5C6C9(C71)P(c1ccccc1)c1ccccc1)C)C,CCOC(=O)C,C1CN2CCN1CC2.CN(C(=N)N(C)C)C,10.0,25.0,50.0,1.1804823561186595,outer
CC(=O)/C=C/c1ccccc1,C[C@@H](O)/C=C/c1ccccc1,2025,Ru,OC[C@@H](NC(=O)CN[C@@H](C12C3[Fe]4567891(C2(C8C34)P(c1ccccc1)c1ccccc1)C1C5C6C9(C71)P(c1ccccc1)c1ccccc1)C)C,Cc1ccccc1C,CN(c1ccncc1)C.CN(C(=N)N(C)C)C,10.0,25.0,50.0,1.1804823561186595,outer
O=C1CCC/C1=C\c1ccccc1,O[C@@H]1CCC/C1=C\c1ccccc1,2019,Ru,CC([C@H]1COC(=N1)C12C3[Ru]4567891(C2(C9C34)P(c1ccccc1)c1ccccc1)C1C7C6C5C81)(C)C,CO,C1CCN2C(=NCCC2)CC1,1.0,25.0,100.0,1.1804823561186595,inner
CC(=O)c1ccccc1,C[C@H](O)c1ccccc1,2006,Ru,O=C(c1ccccc1P(c1ccccc1)c1ccccc1)c1ccccc1P(c1ccccc1)c1ccccc1.NC(C(c1ccccc1)N)c1ccccc1,CO,[O-1]C(C)(C)C.[K+],20.0,25.0,1000.0,1.1804823561186595,outer
COc1ccccc1C(C)=O,COc1ccccc1[C@H](C)O,2008,Ru,COc1nc(OC)cc(c1c1c(OC)nc(cc1P(c1ccc(cc1)OC)c1ccc(cc1)OC)OC)P(c1ccc(cc1)OC)c1ccc(cc1)OC.COc1ccc(cc1)C(c1ccc(cc1)OC)([C@H](C(C)C)N)N,CC(O)C,[K+].[OH-1],30.0,25.0,2000.0,1.1804823561186595,outer
CC(=O)c1ccccc1C,Cc1ccccc1[C@H](C)O,2004,Ru,C1C[C@@H]([C@@H](C1)P(c1ccccc1)c1ccccc1)[C@H]1CCC[C@H]1P(c1ccccc1)c1ccccc1.CCCSc1ccccc1N,CCO,[O-1]C(C)(C)C.[Na+],7.0,25.0,500.0,1.1804823561186595,outer
CC(=O)c1ccccc1,C[C@H](O)c1ccccc1,2021,Ru,COc1ccc(cc1)P(c1ccc(cc1)OC)c1ccc(cc1)OC.C=CC1CN2CCC1CC2[C@@H](c1ccnc2c1cccc2)N,CCO,[Li+].[OH-1],60.0,25.0,500.0,1.1693409281553935,outer
COC(=O)CC(=O)c1ccccc1,COC(=O)C[C@H](O)c1ccccc1,2004,Ru,c1ccc(cc1)P(c1ccc2c(c1c1c(ccc3c1cccc3)P(c1ccccc1)c1ccccc1)cccc2)c1ccccc1,CO,,19.74,50.0,100.0,1.1657132852434953,inner
CC(=O)c1ccccc1,C[C@H](O)c1ccccc1,2010,Ru,C[C@@H]1Oc2cccc(c2-c2c(O[C@H]1C)cccc2P(c1ccccc1)c1ccccc1)P(c1ccccc1)c1ccccc1.N[C@@H]([C@@H](c1ccccc1)N)c1ccccc1,CC(O)C,[K+].[O-1]C(C)(C)C,20.0,28.0,1000.0,1.1645207440062486,outer
O=C(c1ccccc1)C1CCC1,O[C@H](c1ccccc1)C1CCC1,2015,Ru,CC(P(c1ccccc1)Cc1cccc(n1)CP(C(C)(C)C)c1ccccc1)(C)C,CCO,[O-1]C(C)(C)C.[K+],30.0,-40.0,200.0,1.163990588540318,outer
CC(=O)c1ccc2ccccc2c1,C[C@H](O)c1ccc2ccccc2c1,2015,Ru,CC(P(c1ccccc1)Cc1cccc(n1)CP(C(C)(C)C)c1ccccc1)(C)C,CCO,[O-1]C(C)(C)C.[K+],30.0,-40.0,200.0,1.163990588540318,outer
CC(=O)c1ccc(C)cc1,Cc1ccc([C@H](C)O)cc1,2015,Ru,CC(P(c1ccccc1)Cc1cccc(n1)CP(C(C)(C)C)c1ccccc1)(C)C,CCO,[O-1]C(C)(C)C.[K+],30.0,-40.0,200.0,1.163990588540318,outer
COc1ccc(C(C)=O)cc1,COc1ccc([C@H](C)O)cc1,2015,Ru,CC(P(c1ccccc1)Cc1cccc(n1)CP(C(C)(C)C)c1ccccc1)(C)C,CCO,[O-1]C(C)(C)C.[K+],30.0,-40.0,200.0,1.163990588540318,outer
CC(=O)c1ccc(N(C)C)cc1,C[C@H](O)c1ccc(N(C)C)cc1,2015,Ru,C[N+]1(CCCC1)C[C@@H]1COC(=N1)C12C3[Fe]4567891(C2(C9C34)P(c1ccccc1)c1ccccc1)C1C7C6C5C81,Cc1ccccc1.O,[K+].[OH-1],20.0,30.0,200.0,1.1613136160449984,inner
CC(=O)c1ccc2ccccc2c1,C[C@H](O)c1ccc2ccccc2c1,2004,Ru,c1ccc(cc1)P(c1ccc2c(c1c1c(ccc3c1cccc3)P(c1ccccc1)c1ccccc1)cccc2)c1ccccc1.N[C@@H]([C@@H](c1ccccc1)N)c1ccccc1,CC(O)C,[O-1]C(C)(C)C.[K+],47.62,25.0,1000.0,1.1583556742793741,outer
CC(=O)c1cc(C(F)(F)F)cc(C(F)(F)F)c1,C[C@H](O)c1cc(C(F)(F)F)cc(C(F)(F)F)c1,2023,Ru,CCCCCN[C@H](c1ccnc2c1cccc2)[C@H]1CC2CCN1CC2C=C.C1CCC(CC1)P(C1CCCCC1)C1CCCCC1,CCO,[Ba+2].[OH-1].[OH-1],60.0,20.0,1000.0,1.1551887592622214,outer
CC(=O)c1cc(C(F)(F)F)cc(C(F)(F)F)c1,C[C@@H](O)c1cc(C(F)(F)F)cc(C(F)(F)F)c1,2012,Ru,Cc1ccc(cc1)S(=O)(=O)c1ccc(cc1)S(=O)(=O)N[C@@H]([C@@H](c1ccccc1)NCCc1ccccc1)c1ccccc1,CO,,30.0,60.0,500.0,1.1483677892325828,outer
CC(=O)c1ccccc1,C[C@H](O)c1ccccc1,2013,Ru,CC(Sc1ccccc1/C=N/[C@@H]1CCCC[C@H]1/N=C/c1ccccc1SC(C)(C)C)(C)C,CC(O)C,[K+].[OH-1],50.0,60.0,2000.0,1.1483677892325828,inner
CC(=O)c1cccc(Cl)c1,C[C@@H](O)c1cccc(Cl)c1,2008,Ru,COc1nc(OC)cc(c1c1c(OC)nc(cc1P(c1ccc(cc1)OC)c1ccc(cc1)OC)OC)P(c1ccc(cc1)OC)c1ccc(cc1)OC.COc1ccc(cc1)C(c1ccc(cc1)OC)([C@H](C(C)C)N)N,CC(O)C,[K+].[OH-1],30.0,25.0,2000.0,1.1394920391363308,outer
CC(=O)c1cc(C(F)(F)F)cc(C(F)(F)F)c1,C[C@H](O)c1cc(C(F)(F)F)cc(C(F)(F)F)c1,2015,Ru,CN(CC[N+](C[C@@H]1COC(=N1)C12C3[Fe]4567891(C2(C9C34)P(c1ccccc1)c1ccccc1)C1C7C6C5C81)(C)C)C,Cc1ccccc1.O,[K+].[OH-1],20.0,30.0,200.0,1.1372242173310028,inner
CC(=O)c1cccc(Br)c1,C[C@H](O)c1cccc(Br)c1,2010,Ru,C[C@@H]1Oc2cccc(c2-c2c(O[C@H]1C)cccc2P(c1ccccc1)c1ccccc1)P(c1ccccc1)c1ccccc1.N[C@@H]([C@@H](c1ccccc1)N)c1ccccc1,CCCCO,[K+].[O-1]C(C)(C)C,20.0,20.0,2000.0,1.133585442820627,outer
CCOC(=O)CC(=O)C(F)(F)C(F)(F)F,CCOC(=O)C[C@@H](O)C(F)(F)C(F)(F)F,2004,Ru,c1ccc(cc1)P(c1ccc2c(c1c1c3OCCOc3ccc1P(c1ccccc1)c1ccccc1)OCCO2)c1ccccc1,CCO,,9.87,110.0,100.0,1.1290220983714714,inner
COCC(=O)c1ccc(C(F)(F)F)cc1,COC[C@@H](O)c1ccc(C(F)(F)F)cc1,2004,Ru,C1C[C@@H]([C@@H](C1)P(c1ccccc1)c1ccccc1)[C@H]1CCC[C@H]1P(c1ccccc1)c1ccccc1.CCSc1ccccc1N,CCO,[O-1]C(C)(C)C.[Na+],7.0,25.0,200.0,1.1262870423598976,outer
CC(=O)c1ccccc1Br,C[C@H](O)c1ccccc1Br,2020,Ru,O=C(c1ccccc1P(C(C)(C)C)C)N[C@@H]1CCCC[C@H]1NC(=O)c1ccccc1P(C(C)(C)C)C,CC(O)C,[O-1]C(C)(C)C.[K+],30.0,25.0,100.0,1.1262870423598976,outer
CCOC(=O)CC(C)=O,CCOC(=O)C[C@@H](C)O,2002,Ru,CCCCN([C@@H](C12C3[Fe]4567891(C2(C9C34)P(c1ccccc1)c1ccccc1)C1C7C6C5C81)c1ccccc1P(c1ccccc1)c1ccccc1)CCCC,CCO,,50.0,50.0,125.0,1.124026771725601,inner
CC(=O)c1ccccc1,C[C@H](O)c1ccccc1,2013,Ru,CC(Sc1ccccc1CN[C@@H]1CCCC[C@H]1NCc1ccccc1SC(C)(C)C)(C)C,CC(O)C,[K+].[O-1]C(C)(C)C,50.0,60.0,2000.0,1.1227539300326002,inner
CC(C)(C)C(=O)c1ccccc1,CC(C)(C)[C@@H](O)c1ccccc1,2012,Ru,Cc1ccc(cc1)S(=O)(=O)c1ccc(cc1)S(=O)(=O)N[C@@H]([C@@H](c1ccccc1)NCCc1ccccc1)c1ccccc1,CO,,30.0,60.0,500.0,1.1177125130419985,outer
CN(CCC(=O)c1ccccc1)Cc1ccccc1,CN(CC[C@@H](O)c1ccccc1)Cc1ccccc1,2013,Ru,CC([C@H]1COC(=N1)C12C3[Ru]4567891(C2(C7C34)P(c1ccccc1)c1ccccc1)C1C5C9(C8(C61)P(c1ccccc1)c1ccccc1)C1=N[C@H](CO1)C(C)(C)C)(C)C,Cc1ccccc1.CO,[O-1]C(=O)[O-1].[K+].[K+],20.0,25.0,400.0,1.1107231403327535,inner
O=C(O)C(=O)c1ccccc1F,O=C(O)[C@@H](O)c1ccccc1F,2017,Ru,CC([C@H]1COC(=N1)C12C3[Ru-2]4567892(C1(P(c1ccccc1)c1ccccc1)C5C34)C1C6C9(C8(C71)P(c1ccccc1)c1ccccc1)C1=N[C@H](CO1)C(C)(C)C)(C)C.c1ccc(cc1)P(c1ccccc1)c1ccccc1,CO,[O-1]C(=O)C.[Na+].c1ccc(cc1)P(c1ccccc1)c1ccccc1,40.0,0.0,50.0,1.1076753240470334,inner
COc1ccc(C(C)=O)cc1,COc1ccc([C@@H](C)O)cc1,2010,Ru,COc1cccc(c1P(c1ccc(cc1)OC(C)(C)C)c1ccc(cc1)OC(C)(C)C)c1cccc(c1P(c1ccc(cc1)OC(C)(C)C)c1ccc(cc1)OC(C)(C)C)OC.N[C@H]([C@H](c1ccccc1)N)c1ccccc1,CC(O)C,[K+].[OH-1],29.61,20.0,3000.003000003,1.1073991161086836,outer
O=C1CCCc2ccc(Br)cc21,O[C@@H]1CCCc2ccc(Br)cc21,2024,Ru,COC[C@@H](N[C@@H](C[C@H](P(c1ccccc1)c1ccccc1)C)C)C,CC(O)C,[K+].[O-1]C(C)(C)C,70.0,25.0,200.0,1.1005116129711998,outer
O=C(O)C(=O)c1ccccc1,O=C(O)[C@@H](O)c1ccccc1,2017,Ru,CC([C@H]1COC(=N1)C12C3[Ru-2]4567892(C1(P(c1ccccc1)c1ccccc1)C5C34)C1C6C9(C8(C71)P(c1ccccc1)c1ccccc1)C1=N[C@H](CO1)C(C)(C)C)(C)C.c1ccc(cc1)P(c1ccccc1)c1ccccc1,CCO,[O-1]C(=O)C.[Na+],40.0,25.0,50.0,1.1005116129711998,inner
CC(=O)c1ccc(F)cc1,C[C@@H](O)c1ccc(F)cc1,2005,Ru,CCCC[C@H]1C=Cc2c(N1p1oc3ccc4c(c3c3c(o1)ccc1c3cccc1)cccc4)c(ccc2)P(c1ccccc1)c1ccccc1.NCCN,ClCCl.CO,[O-1]C(C)(C)C.[Na+],30.0,25.0,500.0,1.1005116129711998,outer
CC(=O)c1ccccc1,C[C@H](O)c1ccccc1,2013,Ru,CC(Sc1ccccc1/C=N/[C@@H]1CCCC[C@H]1/N=C/c1ccccc1SC(C)(C)C)(C)C,CC(O)C,[Cs+].[OH-1],50.0,60.0,2000.0,1.0978061522893117,inner
CC(=O)c1ccccc1,C[C@H](O)c1ccccc1,2013,Ru,CC(Sc1ccccc1/C=N/[C@@H]1CCCC[C@H]1/N=C/c1ccccc1SC(C)(C)C)(C)C,CC(O)C,[K+].[O-1]C(C)(C)C,50.0,60.0,99999.99999999999,1.0978061522893117,inner
CC(=O)c1ccccc1,C[C@@H](O)c1ccccc1,2005,Ru,c1ccc(cc1)P(c1ccccc1)Cc1ccccc1c1ccccc1CP(c1ccccc1)c1ccccc1.N[C@H]([C@H](c1ccccc1)N)c1ccccc1,CC(O)C,[K+].[OH-1],29.61,30.0,996.0000637440041,1.0935664008094246,outer
CC(=O)c1ccccc1,C[C@@H](O)c1ccccc1,2005,Ru,c1ccc(cc1)P(c1ccccc1)Cc1ccccc1c1ccccc1CP(c1ccccc1)c1ccccc1.N[C@H]([C@H](c1ccccc1)N)c1ccccc1,CC(O)C,[K+].[OH-1],29.61,30.0,4980.0052788055955,1.0935664008094246,outer
O=C1CN2CCC1CC2,O[C@@H]1CN2CCC1CC2,2009,Ru,C[C@H](P(c1ccccc1)c1ccccc1)C[C@@H](P(c1ccccc1)c1ccccc1)C.NCc1ccccn1,CCO,[O-1]C(C)(C)C.[K+],10.0,30.0,1000.0,1.0935664008094246,outer
O=C(COc1ccccc1)c1ccccc1,O[C@H](COc1ccccc1)c1ccccc1,2005,Ru,Brc1ccccc1p1oc2ccc3c(c2c2c(o1)ccc1c2cccc1)cccc3.N[C@H]([C@H](c1ccccc1)N)c1ccccc1,CC(O)C,[O-1]C(C)(C)C.[K+],70.0,0.0,2000.0,1.08149842553685,outer
CC(=O)c1ccccc1,C[C@H](O)c1ccccc1,2015,Ru,C[n+]1ccn(c1C)C[C@@H]1COC(=N1)C12C3[Fe]4567891(C2(C9C34)P(c1ccccc1)c1ccccc1)C1C7C6C5C81,CO,[K+].[O-1]C(=O)[O-1].[K+],20.0,45.0,200.0,1.0794716320586262,inner
CC(=O)c1ccccc1,C[C@H](O)c1ccccc1,2013,Ru,c1ccc2c(c1)[C@H](NC2)[C@H]1NCc2c1cccc2.C1CCC(CC1)P(C1CCCCC1)C1CCCCC1,CC(O)C,[K+].[O-1]C(C)(C)C,10.0,25.0,,1.0755296797009068,outer
CC(=O)c1ccccc1,C[C@H](O)c1ccccc1,2020,Ru,O=C(c1ccccc1P(C(C)(C)C)C)N[C@@H]1CCCC[C@H]1NC(=O)c1ccccc1P(C(C)(C)C)C,CC(O)C,[O-1]C(C)(C)C.[K+],30.0,25.0,100.0,1.0755296797009068,outer
CC(=O)c1ccccc1,C[C@H](O)c1ccccc1,2013,Ru,CC(Sc1ccccc1/C=N/[C@@H]1CCCC[C@H]1/N=C/c1ccccc1SC(C)(C)C)(C)C,CC(O)C,CCCC[N+](CCCC)(CCCC)CCCC.[OH-1],50.0,60.0,2000.0,1.0734817527585159,inner
CC(=O)c1ccccc1,C[C@H](O)c1ccccc1,2013,Ru,CC(Sc1ccccc1/C=N/[C@@H]1CCCC[C@H]1/N=C/c1ccccc1SC(C)(C)C)(C)C,CC(O)C,[Na+].[OH-1],50.0,60.0,2000.0,1.0734817527585159,inner
CC(=O)c1cccs1,C[C@H](O)c1cccs1,2003,Ru,COc1nc(OC)cc(c1c1c(OC)nc(cc1P(c1ccc(cc1)C)c1ccc(cc1)C)OC)P(c1ccc(cc1)C)c1ccc(cc1)C.N[C@@H]([C@@H](c1ccccc1)N)c1ccccc1,CC(O)C,[O-1]C(C)(C)C.[K+],23.81600435,27.5,4000.0,1.07223409075256,outer
O=C1CCCc2ccccc21,O[C@H]1CCCc2ccccc21,2015,Ru,CC(P(c1ccccc1)Cc1cccc(n1)CP(C(C)(C)C)c1ccccc1)(C)C,CCO,[O-1]C(C)(C)C.[K+],30.0,-40.0,200.0,1.0719433404850756,outer
CC(=O)C1CCCCC1,C[C@H](O)C1CCCCC1,2012,Ru,Cc1ccc(cc1)S(=O)(=O)c1ccc(cc1)S(=O)(=O)N[C@@H]([C@@H](c1ccccc1)NCCc1ccccc1)c1ccccc1,CO,,30.0,60.0,500.0,1.0686881927529661,outer
CC(=O)c1ccc(Cl)cc1,C[C@H](O)c1ccc(Cl)cc1,2004,Ru,Ic1cc(P(c2ccccc2)c2ccccc2)c(c2c1cccc2)c1c(cc(c2c1cccc2)I)P(c1ccccc1)c1ccccc1.N[C@@H]([C@@H](c1ccccc1)N)c1ccccc1,CC(O)C,[O-1]C(C)(C)C.[K+],47.62,25.0,1000.0,1.065746041276547,outer
COc1cccc(C(=O)c2cc(Cl)ccc2N)c1OC,COc1cccc([C@@H](O)c2cc(Cl)ccc2N)c1OC,2011,Ru,c1ccc(cc1)P(c1ccc2c(c1c1c(ccc3c1cccc3)P(c1ccccc1)c1ccccc1)cccc2)c1ccccc1.N[C@H]([C@H](c1ccccc1)N)c1ccccc1,CC(O)C.C1CCCO1,[OH-1].[K+],4.0,43.0,1000.0,1.0654619690223819,outer
CC(=O)c1ccccc1,C[C@@H](O)c1ccccc1,2009,Ru,C[C@@H]1C[C@@H](C)Oc2c(-c3c(O1)cccc3P(c1cc(C)cc(c1)C)c1cc(C)cc(c1)C)c(ccc2)P(c1cc(C)cc(c1)C)c1cc(C)cc(c1)C.N[C@@H]([C@@H](c1ccccc1)N)c1ccccc1,CC(O)C,[O-1]C(C)(C)C.[K+],50.0,21.0,10000.0,1.0635314112926786,outer
CC(=O)c1ccc(Cl)cc1,C[C@H](O)c1ccc(Cl)cc1,2004,Ru,Clc1ccc2c(c1)c(cc(c2c1c(cc(c2c1ccc(c2)Cl)c1ccccc1)P(c1cc(C)cc(c1)C)c1cc(C)cc(c1)C)P(c1cc(C)cc(c1)C)c1cc(C)cc(c1)C)c1ccccc1.COc1ccc(cc1)C(c1ccc(cc1)OC)([C@@H](C(C)C)N)N,CC(O)C,[O-1]C(C)(C)C.[K+],48.3,25.0,1000.0,1.0633181245896417,outer
CC(=O)c1cccs1,C[C@H](O)c1cccs1,2003,Ru,COc1nc(OC)cc(c1c1c(OC)nc(cc1P(c1ccccc1)c1ccccc1)OC)P(c1ccccc1)c1ccccc1.[HH].[HH].N[C@@H]([C@@H](c1ccccc1)N)c1ccccc1,CC(O)C,[O-1]C(C)(C)C.[K+],23.81600435,27.5,4000.0,1.0600989791448758,outer
COc1ccc(/C=C/C(C)=O)cc1,COc1ccc(/C=C/[C@H](C)O)cc1,2023,Ru,CCCCCN[C@H](c1ccnc2c1cccc2)[C@H]1CC2CCN1CC2C=C.C1CCC(CC1)P(C1CCCCC1)C1CCCCC1,CCO,[Ba+2].[OH-1].[OH-1],60.0,30.0,1000.0,1.0568519736170419,outer
CC(=O)c1ccc(C(F)(F)F)cc1,C[C@@H](O)c1ccc(C(F)(F)F)cc1,2006,Ru,Brc1ccccc1p1oc2ccc3c(c2c2c(o1)ccc1c2cccc1)cccc3.N[C@@H]1CCCC[C@H]1N,CC(O)C,[O-1]C(C)(C)C.[K+],80.0,0.0,300.3003003003003,1.0562471898565726,outer
CC(C)C(=O)c1ccccc1,CC(C)[C@@H](O)c1ccccc1,2005,Ru,Brc1ccccc1p1oc2ccc3c(c2c2c(o1)ccc1c2cccc1)cccc3.N[C@H]([C@H](c1ccccc1)N)c1ccccc1,CC(O)C,[O-1]C(C)(C)C.[K+],65.0,0.0,500.0,1.0562471898565726,outer
CC(=O)c1ccc(Cl)cc1,C[C@H](O)c1ccc(Cl)cc1,2004,Ru,Brc1cc(P(c2ccccc2)c2ccccc2)c(c2c1cccc2)c1c(cc(c2c1cccc2)Br)P(c1ccccc1)c1ccccc1.N[C@@H]([C@@H](c1ccccc1)N)c1ccccc1,CC(O)C,[O-1]C(C)(C)C.[K+],47.62,25.0,1000.0,1.0536768784790285,outer
CC(=O)/C=C/c1ccccc1,C[C@@H](O)/C=C/c1ccccc1,2025,Ru,OC[C@@H](NC(=O)CN[C@@H](C12C3[Fe]4567891(C2(C8C34)P(c1ccccc1)c1ccccc1)C1C5C6C9(C71)P(c1ccccc1)c1ccccc1)C)C,C1CCCO1,C1CN2CCN1CC2.CN(C(=N)N(C)C)C,10.0,25.0,50.0,1.0512839202795432,outer
CC(=O)c1cc(C(F)(F)F)cc(C(F)(F)F)c1,C[C@@H](O)c1cc(C(F)(F)F)cc(C(F)(F)F)c1,2014,Ru,CC1(C)O[C@@H]([C@H](O1)CP(c1ccccc1)c1ccccc1)CP(c1ccccc1)c1ccccc1.C[C@H](c1nc2c([nH]1)c(C)ccc2C)N,Cc1ccccc1.CCO,[O-1]C(C)(C)C.[K+],8.0,25.0,1000.0,1.04889780449129,outer
COC(=O)CC(=O)c1ccccc1,COC(=O)C[C@H](O)c1ccccc1,2004,Ru,FC1(F)Oc2c(O1)c(c1c3OC(Oc3ccc1P(c1ccccc1)c1ccccc1)(F)F)c(cc2)P(c1ccccc1)c1ccccc1,CO,,19.74,50.0,100.0,1.041259577979632,inner
CC(C)(C)C(=O)c1ccccc1,CC(C)(C)[C@H](O)c1ccccc1,2011,Ru,COc1ccccc1P(c1ccccc1)CCN[C@H]1CCCC[C@@H]1N,CC(O)C,[O-1]C(C)(C)C.[K+],49.35,50.0,200.0,1.041259577979632,outer
CC(=O)c1ccccc1,C[C@H](O)c1ccccc1,2021,Ru,c1ccc(cc1)P(c1ccccc1)c1ccccc1.C=CC1CN2CCC1CC2[C@@H](c1ccnc2c1cccc2)N,CCO,[Li+].[OH-1],60.0,25.0,500.0,1.0370681788333216,outer
CC(=O)c1ccccc1,C[C@H](O)c1ccccc1,2015,Ru,C[n+]1ccn(c1C)C[C@@H]1COC(=N1)C12C3[Fe]4567891(C2(C9C34)P(c1ccccc1)c1ccccc1)C1C7C6C5C81,CO.O,[K+].[OH-1],1.0,30.0,200.0,1.0332258025924468,inner
CC(=O)c1ccccc1,C[C@H](O)c1ccccc1,2020,Ru,O=C(c1ccccc1P(C(C)(C)C)C)N[C@@H]1CCCC[C@H]1NC(=O)c1ccccc1P(C(C)(C)C)C,CC(O)C,[O-1]C(C)(C)C.[K+],30.0,0.0,100.0,1.0318474111038272,outer
CC(C)C(=O)c1ccccc1,CC(C)[C@H](O)c1ccccc1,2000,Ru,c1ccc(cc1)P(c1cc2CCc3ccc(CCc1cc2)cc3P(c1ccccc1)c1ccccc1)c1ccccc1.N[C@@H]([C@@H](c1ccccc1)N)c1ccccc1,CC(O)C,[K+].[O-1]C(C)(C)C,8.0,19.0,1000.0,1.0301277790027457,outer
CC(=O)c1ccccc1,C[C@H](O)c1ccccc1,2011,Ru,Brc1ccc2c(c1)[C@H](NC2)[C@H]1NCc2c1cc(Br)cc2.C(CP(c1ccccc1)c1ccccc1)CCP(c1ccccc1)c1ccccc1,CCCO,[K+].[O-1]C(C)(C)C,50.0,25.0,1000.0,1.027722816628229,outer
O=C(c1ccccc1)c1ccccn1,O[C@@H](c1ccccc1)c1ccccn1,2025,Ru,Cc1ccccc1[C@H](c1ccccn1)N[C@H](C12C3[Fe]4567891(C2(C8C34)P(c1ccccc1)c1ccccc1)C1C5C6C9(C71)P(c1ccccc1)c1ccccc1)C,Cc1ccccc1C,[K+].[O-1]C(C)(C)C,50.0,25.0,100.0,1.027722816628229,outer
CC(=O)c1cccnc1,C[C@@H](O)c1cccnc1,2005,Ru,Brc1ccccc1p1oc2ccc3c(c2c2c(o1)ccc1c2cccc1)cccc3.N[C@H]([C@H](c1ccccc1)N)c1ccccc1,CC(O)C,[O-1]C(C)(C)C.[K+],50.0,25.0,2000.0,1.027722816628229,outer
COc1ccc(C(C)=O)cc1,COc1ccc([C@H](C)O)cc1,2004,Ru,OC(c1cc(P(c2ccccc2)c2ccccc2)c(c2c1cccc2)c1c(cc(c2c1cccc2)C(c1ccccc1)(c1ccccc1)O)P(c1ccccc1)c1ccccc1)(c1ccccc1)c1ccccc1.N[C@@H]([C@@H](c1ccccc1)N)c1ccccc1,CC(O)C,[O-1]C(C)(C)C.[K+],47.62,25.0,1000.0,1.027722816628229,outer
COCC(=O)c1ccc(C(F)(F)F)cc1,COC[C@@H](O)c1ccc(C(F)(F)F)cc1,2004,Ru,C1C[C@@H]([C@@H](C1)P(c1ccccc1)c1ccccc1)[C@H]1CCC[C@H]1P(c1ccccc1)c1ccccc1.NCC(N)(C)C,CO,[O-1]C(C)(C)C.[Na+],7.0,25.0,200.0,1.027722816628229,outer
CC(=O)c1ccccc1,C[C@H](O)c1ccccc1,2015,Ru,CC(P(c1ccccc1)Cc1cccc(n1)CP(C(C)(C)C)c1ccccc1)(C)C,CCO,[O-1]C(C)(C)C.[K+],30.0,-20.0,200.0,1.0265715111935072,outer
CC(=O)/C=C/c1ccc(C)cc1,Cc1ccc(/C=C/[C@H](C)O)cc1,2023,Ru,CCCCCN[C@H](c1ccnc2c1cccc2)[C@H]1CC2CCN1CC2C=C.C1CCC(CC1)P(C1CCCCC1)C1CCCCC1,CCO,[Ba+2].[OH-1].[OH-1],60.0,30.0,1000.0,1.0216504694263326,outer
COc1ccc(C(C)=O)cc1,COc1ccc([C@@H](C)O)cc1,2005,Ru,c1ccc(cc1)P(c1ccccc1)c1ccccc1.N[C@H]([C@H](c1ccccc1)N)c1ccccc1,CC(O)C,[K+].[OH-1],29.61,30.0,996.0000637440041,1.0216504694263326,outer
COc1ccc(C(C)=O)cc1,COc1ccc([C@@H](C)O)cc1,2005,Ru,FC(c1ccc(cc1)P(c1ccc(cc1)C(F)(F)F)c1ccc(cc1)C(F)(F)F)(F)F.N[C@H]([C@H](c1ccccc1)N)c1ccccc1,CC(O)C,[K+].[OH-1],29.61,30.0,996.0000637440041,1.0216504694263326,outer
CC(=O)c1ccccc1,C[C@H](O)c1ccccc1,2013,Ru,CC(Sc1ccccc1/C=N/[C@@H]1CCCC[C@H]1/N=C/c1ccccc1SC(C)(C)C)(C)C,CCO,[K+].[O-1]C(C)(C)C,50.0,23.0,2000.0,1.0208288181936946,inner
CC(=O)c1ccccc1,C[C@H](O)c1ccccc1,2013,Ru,CC(Sc1ccccc1/C=N/[C@@H]1CCCC[C@H]1/N=C/c1ccccc1SC(C)(C)C)(C)C,CO,[K+].[OH-1],50.0,23.0,2000.0,1.0208288181936946,inner
CC(=O)/C=C/c1ccccc1,C[C@H](O)/C=C/c1ccccc1,2023,Ru,CCCCCN[C@H](c1ccnc2c1cccc2)[C@H]1CC2CCN1CC2C=C.C1CCC(CC1)P(C1CCCCC1)C1CCCCC1,CCO,[Ba+2].[OH-1].[OH-1],60.0,30.0,1000.0,1.0193537408966593,outer
CC(=O)c1ccc(C(F)(F)F)cc1,C[C@H](O)c1ccc(C(F)(F)F)cc1,2015,Ru,C[N+]1(CCCC1)C[C@@H]1COC(=N1)C12C3[Fe]4567891(C2(C9C34)P(c1ccccc1)c1ccccc1)C1C7C6C5C81,Cc1ccccc1.O,[K+].[OH-1],20.0,30.0,200.0,1.0170630296523544,inner
CN(CCC(=O)c1ccccc1)Cc1ccccc1,CN(CC[C@@H](O)c1ccccc1)Cc1ccccc1,2013,Ru,CC([C@H]1COC(=N1)C12C3[Ru]4567891(C2(C7C34)P(c1ccccc1)c1ccccc1)C1C5C9(C8(C61)P(c1ccccc1)c1ccccc1)C1=N[C@H](CO1)C(C)(C)C)(C)C,Cc1ccccc1,[O-1]C(=O)[O-1].[K+].[K+],20.0,25.0,400.0,1.0138952653478646,inner
O=C1CCCc2ccccc21,O[C@@H]1CCCc2ccccc21,2024,Ru,COC[C@@H](N[C@@H](C[C@H](P(c1ccccc1)c1ccccc1)C)C)C,CO,[K+].[O-1]C(C)(C)C,50.0,40.0,200.0,1.0090374032007483,outer
CC(=O)c1ccccc1,C[C@H](O)c1ccccc1,2015,Ru,C[n+]1ccn(c1C)C[C@@H]1COC(=N1)C12C3[Fe]4567891(C2(C9C34)P(c1ccccc1)c1ccccc1)C1C7C6C5C81,CO.O,[K+].[OH-1],20.0,30.0,200.0,1.0079595609645633,inner
CC(=O)c1ccccc1,C[C@H](O)c1ccccc1,2015,Ru,C[n+]1ccn(c1C)C[C@@H]1COC(=N1)C12C3[Fe]4567891(C2(C9C34)P(c1ccccc1)c1ccccc1)C1C7C6C5C81,CO,[K+].[OH-1],20.0,45.0,200.0,1.0069686755295397,inner
CC(=O)/C(=C/c1ccccc1)c1ccccc1,C[C@H](O)/C(=C/c1ccccc1)c1ccccc1,2012,Ru,Cc1cc(C)cc(c1)P(c1ccc2c(c1)[C@]1(CC2)CCc2c1c(ccc2)P(c1cc(C)cc(c1)C)c1cc(C)cc(c1)C)c1cc(C)cc(c1)C.N[C@@H]([C@@H](c1ccccc1)N)c1ccccc1,CC(O)C,[K+].[O-1]C(C)(C)C,6.0,25.0,666.6666666666666,1.0047998926586212,outer
CC(=O)/C=C/c1ccc(Cl)cc1,C[C@@H](O)/C=C/c1ccc(Cl)cc1,2025,Ru,OC[C@@H](NC(=O)CN[C@@H](C12C3[Fe]4567891(C2(C8C34)P(c1ccccc1)c1ccccc1)C1C5C6C9(C71)P(c1ccccc1)c1ccccc1)C)C,Cc1ccccc1C,C1CN2CCN1CC2.CN(C(=N)N(C)C)C,10.0,25.0,50.0,1.0047998926586212,outer
O=C(O)C(=O)c1ccccc1,O=C(O)[C@@H](O)c1ccccc1,2017,Ru,CC([C@H]1COC(=N1)C12C3[Ru-2]4567892(C1(P(c1ccccc1)c1ccccc1)C5C34)C1C6C9(C8(C71)P(c1ccccc1)c1ccccc1)C1=N[C@H](CO1)C(C)(C)C)(C)C.c1ccc(cc1)P(c1ccccc1)c1ccccc1,CO,[Na+].[O-1]C(=O)[O-1].[Na+],40.0,25.0,50.0,1.0047998926586212,inner
CC(=O)c1ccc(F)cc1,C[C@H](O)c1ccc(F)cc1,2005,Ru,CCCC[C@@H]1C=Cc2c(N1p1oc3ccc4c(c3c3c(o1)ccc1c3cccc1)cccc4)c(ccc2)P(c1ccccc1)c1ccccc1.NCCN,ClCCl.CO,[O-1]C(C)(C)C.[Na+],30.0,25.0,500.0,1.0047998926586212,outer
O=C1CCCC1=C(c1ccccc1)c1ccccc1,O[C@@H]1CCCC1=C(c1ccccc1)c1ccccc1,2019,Ru,CC([C@H]1COC(=N1)C12C3[Ru]4567891(C2(C7C34)P(c1ccccc1)c1ccccc1)C1C5C9(C8(C61)P(c1ccccc1)c1ccccc1)C1=N[C@H](CO1)C(C)(C)C)(C)C,CO,C1CCN2C(=NCCC2)CC1,2.0,25.0,100.0,1.0047998926586212,inner
O=C(CCNCc1ccccc1)c1ccccc1,O[C@H](CCNCc1ccccc1)c1ccccc1,2015,Ru,CC([C@H]1COC(=N1)C12C3[Ru]4567891(C2(C7C34)P(c1ccccc1)c1ccccc1)C1C5C9(C8(C61)P(c1ccccc1)c1ccccc1)C1=N[C@H](CO1)C(C)(C)C)(C)C.c1ccc(cc1)P(c1ccccc1)c1ccccc1,CO,[OH-1].[Na+],50.0,25.0,200.0,1.0047998926586212,inner
CC(=O)c1ccccc1,C[C@H](O)c1ccccc1,2006,Ru,O=C(c1ccccc1P(c1ccccc1)c1ccccc1)c1ccccc1P(c1ccccc1)c1ccccc1.COc1ccc(cc1)C(c1ccc(cc1)OC)(C(C(C)C)N)N,CCO,[O-1]C(C)(C)C.[K+],20.0,25.0,1000.0,1.0047998926586212,outer
CC(=O)c1ccccc1,C[C@H](O)c1ccccc1,2013,Ru,CC(Sc1ccccc1/C=N/[C@@H]1CCCC[C@H]1/N=C/c1ccccc1SC(C)(C)C)(C)C,CC(O)C,[Li+].[OH-1],50.0,60.0,2000.0,1.0038761412400954,inner
CC(=O)c1ccccc1,C[C@@H](O)c1ccccc1,2023,Ru,CCCCCN[C@@H](c1ccnc2c1cccc2)[C@@H]1CC2CCN1CC2C=C.C1CCC(CC1)P(C1CCCCC1)C1CCCCC1,CCO,[Li+].[OH-1],60.0,30.0,250.0,1.003442905279405,outer
CC(=O)c1ccccc1,C[C@@H](O)c1ccccc1,2005,Ru,FC(c1ccc(cc1)P(c1ccc(cc1)C(F)(F)F)c1ccc(cc1)C(F)(F)F)(F)F.N[C@H]([C@H](c1ccccc1)N)c1ccccc1,CC(O)C,[K+].[OH-1],29.61,30.0,996.0000637440041,0.9989492272745155,outer
CC(=O)c1ccccc1,C[C@@H](O)c1ccccc1,2005,Ru,FC(c1ccc(cc1)P(c1ccc(cc1)C(F)(F)F)c1ccc(cc1)C(F)(F)F)(F)F.N[C@H]([C@H](c1ccccc1)N)c1ccccc1,CC(O)C,[K+].[OH-1],29.61,30.0,4980.0052788055955,0.9989492272745155,outer
CC(=O)c1ccccc1,C[C@@H](O)c1ccccc1,2005,Ru,c1ccc(cc1)P(c1ccccc1)c1ccccc1.N[C@H]([C@H](c1ccccc1)N)c1ccccc1,CC(O)C,[K+].[OH-1],29.61,30.0,4980.0052788055955,0.9989492272745155,outer
CC(=O)c1ccccc1,C[C@@H](O)c1ccccc1,2005,Ru,c1ccc(cc1)P(c1ccccc1)c1ccccc1.N[C@H]([C@H](c1ccccc1)N)c1ccccc1,CC(O)C,[K+].[OH-1],29.61,30.0,996.0000637440041,0.9989492272745155,outer
COc1ccc(C(C)=O)cc1,COc1ccc([C@@H](C)O)cc1,2005,Ru,COc1ccc(cc1)P(c1ccc(cc1)OC)c1ccc(cc1)OC.N[C@H]([C@H](c1ccccc1)N)c1ccccc1,CC(O)C,[K+].[OH-1],29.61,30.0,996.0000637440041,0.9989492272745155,outer
CC(=O)c1ccccc1,C[C@H](O)c1ccccc1,2015,Ru,C[n+]1ccn(c1C)C[C@@H]1COC(=N1)C12C3[Fe]4567891(C2(C9C34)P(c1ccccc1)c1ccccc1)C1C7C6C5C81,CO,[K+].[O-1]C(C)(C)C,20.0,45.0,200.0,0.9935576075978911,inner
CCOC(=O)CC(=O)C(F)(F)C(F)(F)F,CCOC(=O)C[C@@H](O)C(F)(F)C(F)(F)F,2004,Ru,COc1cccc(c1c1c(OC)cccc1P(c1ccccc1)c1ccccc1)P(c1ccccc1)c1ccccc1,CCO,,9.87,110.0,100.0,0.986042193505744,inner
CC(=O)c1ccccc1,C[C@H](O)c1ccccc1,2011,Ru,Brc1ccc2c(c1)[C@H](NC2)[C@H]1NCc2c1cc(Br)cc2.C(CCP(c1ccccc1)c1ccccc1)CCP(c1ccccc1)c1ccccc1,CCCO,[K+].[O-1]C(C)(C)C,50.0,25.0,1000.0,0.9824730731053827,outer
O=C(c1ccccc1)c1ccccn1,O[C@@H](c1ccccc1)c1ccccn1,2025,Ru,Cc1ccccc1[C@H](c1ccccn1)N[C@H](C12C3[Fe]4567891(C2(C8C34)P(c1ccccc1)c1ccccc1)C1C5C6C9(C71)P(c1ccccc1)c1ccccc1)C,ClCCl,[K+].[O-1]C(C)(C)C,50.0,25.0,100.0,0.9824730731053827,outer
O=C(c1ccccc1)c1ccccc1Br,O[C@@H](c1ccccc1)c1ccccc1Br,2020,Ru,O=C(c1ccccc1P(C(C)(C)C)C)N[C@@H]1CCCC[C@H]1NC(=O)c1ccccc1P(C(C)(C)C)C,CC(O)C,[O-1]C(C)(C)C.[K+],30.0,25.0,100.0,0.9824730731053827,outer
CC(=O)c1ccccc1,C[C@H](O)c1ccccc1,2013,Ru,CC(Sc1ccccc1/C=N/[C@@H]1CCCC[C@H]1/N=C/c1ccccc1SC(C)(C)C)(C)C,CC(O)C,[O-1]c1ccccc1.[K+],50.0,60.0,2000.0,0.9816878822196416,inner
O=C(CCN1CCN(c2ccccc2)CC1)c1ccccc1,O[C@@H](CCN1CCN(c2ccccc2)CC1)c1ccccc1,2025,Ru,Cc1cc(C)c(c(c1)C)[C@H](c1ccccc1)NCCP(c1ccccc1)c1ccccc1.COc1ccccc1[C@H]([C@@H](c1ccccc1OC)N(C)C)N(C)C,C1CCCO1,[K+].[O-1]C,50.0,30.0,100.0,0.9768152284218644,outer
CC(=O)c1ccccc1Br,C[C@@H](O)c1ccccc1Br,2005,Ru,COc1ccc(cc1)P(c1ccc(cc1)OC)c1ccc(cc1)OC.N[C@H]([C@H](c1ccccc1)N)c1ccccc1,CC(O)C,[K+].[OH-1],29.61,30.0,996.0000637440041,0.9768152284218644,outer
CC(=O)c1ccc(Br)cc1,C[C@H](O)c1ccc(Br)cc1,2010,Ru,C[C@@H]1Oc2cccc(c2-c2c(O[C@H]1C)cccc2P(c1ccccc1)c1ccccc1)P(c1ccccc1)c1ccccc1.N[C@@H]([C@@H](c1ccccc1)N)c1ccccc1,CCCCO,[K+].[O-1]C(C)(C)C,20.0,20.0,3000.3000300030003,0.9659969189362502,outer
CC(=O)c1ccccc1,C[C@H](O)c1ccccc1,2015,Ru,CC(P(c1ccccc1)Cc1cccc(n1)CP(C(C)(C)C)c1ccccc1)(C)C,CCO,[O-1]C(C)(C)C.[K+],30.0,0.0,200.0,0.9631333316262192,outer
CC(=O)/C=C/c1ccc(F)cc1,C[C@H](O)/C=C/c1ccc(F)cc1,2023,Ru,CCCCCN[C@H](c1ccnc2c1cccc2)[C@H]1CC2CCN1CC2C=C.C1CCC(CC1)P(C1CCCCC1)C1CCCCC1,CCO,[Ba+2].[OH-1].[OH-1],60.0,30.0,1000.0,0.9616398537179578,outer
CC(=O)c1ccccc1,C[C@H](O)c1ccccc1,2011,Ru,Brc1ccc2c(c1)[C@H](NC2)[C@H]1NCc2c1cc(Br)cc2.CC1(C)c2cccc(c2Oc2c1cccc2P(c1ccccc1)c1ccccc1)P(c1ccccc1)c1ccccc1,CCCO,[K+].[O-1]C(C)(C)C,50.0,25.0,1000.0,0.9607041410324223,outer
COc1cccc(C(C)=O)c1,COc1cccc([C@H](C)O)c1,2020,Ru,O=C(c1ccccc1P(C(C)(C)C)C)N[C@@H]1CCCC[C@H]1NC(=O)c1ccccc1P(C(C)(C)C)C,CC(O)C,[O-1]C(C)(C)C.[K+],30.0,25.0,100.0,0.9607041410324223,outer
COc1ccc(C(C)=O)cc1,COc1ccc([C@H](C)O)cc1,2005,Ru,CCCC[C@@H]1C=Cc2c(N1p1oc3ccc4c(c3c3c(o1)ccc1c3cccc1)cccc4)c(ccc2)P(c1ccccc1)c1ccccc1.NCCN,ClCCl.CO,[O-1]C(C)(C)C.[Na+],30.0,25.0,500.0,0.9607041410324223,outer
COc1ccc(/C=C/C(C)=O)cc1,COc1ccc(/C=C/[C@@H](C)O)cc1,2025,Ru,OC[C@@H](NC(=O)CN[C@@H](C12C3[Fe]4567891(C2(C8C34)P(c1ccccc1)c1ccccc1)C1C5C6C9(C71)P(c1ccccc1)c1ccccc1)C)C,Cc1ccccc1C,C1CN2CCN1CC2.CN(C(=N)N(C)C)C,10.0,25.0,50.0,0.9607041410324223,outer
CC(=O)c1ccccc1,C[C@@H](O)c1ccccc1,2010,Ru,N(CC1=NC2C(O1)Cc1c2cccc1)CC1=NC2C(O1)Cc1c2cccc1,C1CCCO1,[O-1]C(C)(C)C.[K+],30.0,25.0,100.0,0.9607041410324223,outer
CC(=O)/C=C/c1ccccc1,C[C@@H](O)/C=C/c1ccccc1,2025,Ru,OC[C@@H](NC(=O)CN[C@@H](C12C3[Fe]4567891(C2(C8C34)P(c1ccccc1)c1ccccc1)C1C5C6C9(C71)P(c1ccccc1)c1ccccc1)C)C,Cc1ccccc1C,C1CN2CCN1CC2.C1CN=C2N(C1)CCC2,10.0,25.0,50.0,0.9607041410324223,outer
CC(=O)c1ccc(Cl)cc1,C[C@H](O)c1ccc(Cl)cc1,2004,Ru,Clc1cc(P(c2ccccc2)c2ccccc2)c(c2c1cccc2)c1c(cc(c2c1cccc2)Cl)P(c1ccccc1)c1ccccc1.N[C@@H]([C@@H](c1ccccc1)N)c1ccccc1,CC(O)C,[O-1]C(C)(C)C.[K+],47.62,25.0,1000.0,0.9585565638582595,outer
COc1ccc(C(C)=O)cc1,COc1ccc([C@@H](C)O)cc1,2005,Ru,c1ccc(cc1)P(c1ccccc1)Cc1ccccc1c1ccccc1CP(c1ccccc1)c1ccccc1.N[C@H]([C@H](c1ccccc1)N)c1ccccc1,CC(O)C,[K+].[OH-1],29.61,30.0,996.0000637440041,0.9552130688217566,outer
CC(=O)c1ccccc1Br,C[C@@H](O)c1ccccc1Br,2005,Ru,c1ccc(cc1)P(c1ccccc1)c1ccccc1.N[C@H]([C@H](c1ccccc1)N)c1ccccc1,CC(O)C,[K+].[OH-1],29.61,30.0,996.0000637440041,0.9552130688217566,outer
CC(=O)c1ccccc1,C[C@@H](O)c1ccccc1,2005,Ru,COc1ccc(cc1)P(c1ccc(cc1)OC)c1ccc(cc1)OC.N[C@H]([C@H](c1ccccc1)N)c1ccccc1,CC(O)C,[K+].[OH-1],29.61,30.0,996.0000637440041,0.9552130688217566,outer
CC(=O)c1ccccc1,C[C@@H](O)c1ccccc1,2005,Ru,COc1ccc(cc1)P(c1ccc(cc1)OC)c1ccc(cc1)OC.N[C@H]([C@H](c1ccccc1)N)c1ccccc1,CC(O)C,[K+].[OH-1],29.61,30.0,4980.0052788055955,0.9552130688217566,outer
O=C(CC(=O)C(F)(F)F)c1ccccc1,O=C(C[C@@H](O)C(F)(F)F)c1ccccc1,2019,Ru,CC1(C)Oc2c(O1)c(c1c3OC(Oc3ccc1P(c1ccccc1)c1ccccc1)(C)C)c(cc2)P(c1ccccc1)c1ccccc1,C1CCCO1,,30.0,80.0,200.0,0.9511445523560815,inner
CC(=O)c1ccccc1,C[C@H](O)c1ccccc1,2011,Ru,N[C@@H]1CCCC[C@H]1NCc1ccccc1P(c1cc(cc(c1)C(C)(C)C)C(C)(C)C)c1cc(cc(c1)C(C)(C)C)C(C)(C)C,CC(O)C,[O-1]C(C)(C)C.[K+],49.35,70.0,200.0,0.9453247715883468,outer
CC(=O)c1cccc2ccccc12,C[C@@H](O)c1cccc2ccccc12,2006,Ru,OC(c1ccccc1P(c1ccccc1)c1ccccc1)c1ccccc1P(c1ccccc1)c1ccccc1.N[C@H]([C@H](c1ccccc1)N)c1ccccc1,CC(O)C,[K+].[OH-1],15.0,25.0,250.0,0.9394582763292321,outer
O=C(c1ccccc1)c1ccccn1,O[C@@H](c1ccccc1)c1ccccn1,2025,Ru,Cc1ccccc1[C@H](c1ccccn1)N[C@H](C12C3[Fe]4567891(C2(C8C34)P(c1ccccc1)c1ccccc1)C1C5C6C9(C71)P(c1ccccc1)c1ccccc1)C,CC(O)C,[K+].[O-1]C(C)(C)C,50.0,25.0,100.0,0.9394582763292321,outer
O=C(c1ccccc1)c1cccc2ccccc12,O[C@@H](c1ccccc1)c1cccc2ccccc12,2020,Ru,O=C(c1ccccc1P(C(C)(C)C)C)N[C@@H]1CCCC[C@H]1NC(=O)c1ccccc1P(C(C)(C)C)C,CC(O)C,[O-1]C(C)(C)C.[K+],30.0,25.0,100.0,0.9394582763292321,outer
O=C1CCCc2cccnc21,O[C@H]1CCCc2cccnc21,2025,Ru,Cc1ccccc1[C@H](c1ccccn1)N[C@H](C12C3[Fe]4567891(C2(C8C34)P(c1ccccc1)c1ccccc1)C1C5C6C9(C71)P(c1ccccc1)c1ccccc1)C,COC(C)(C)C,C1CN=C2N(C1)CCC2,50.0,25.0,33.333333333333336,0.9394582763292321,outer
CC(=O)c1ccccc1,C[C@H](O)c1ccccc1,2013,Ru,CC(Sc1ccccc1CN[C@@H]1CCCC[C@H]1NCc1ccccc1SC(C)(C)C)(C)C,CC(O)C,[K+].[O-1]C(C)(C)C,50.0,60.0,99999.99999999999,0.9386624685100972,inner
CC(=O)c1ccc2ccccc2c1,C[C@H](O)c1ccc2ccccc2c1,2004,Ru,Clc1ccc2c(c1)c(cc(c2c1c(cc(c2c1ccc(c2)Cl)c1ccccc1)P(c1cc(C)cc(c1)C)c1cc(C)cc(c1)C)P(c1cc(C)cc(c1)C)c1cc(C)cc(c1)C)c1ccccc1.COc1ccc(cc1)C(c1ccc(cc1)OC)([C@@H](C(C)C)N)N,CC(O)C,[O-1]C(C)(C)C.[K+],48.3,25.0,1000.0,0.9373612094742481,outer
CC(=O)/C=C/c1ccc(Br)cc1,C[C@H](O)/C=C/c1ccc(Br)cc1,2023,Ru,CCCCCN[C@H](c1ccnc2c1cccc2)[C@H]1CC2CCN1CC2C=C.C1CCC(CC1)P(C1CCCCC1)C1CCCCC1,CCO,[Ba+2].[OH-1].[OH-1],60.0,30.0,1000.0,0.9361990518725302,outer
CC(=O)c1ccccc1,C[C@@H](O)c1ccccc1,2005,Ru,c1ccc(c(c1)CP(c1ccccc1)c1ccccc1)CP(c1ccccc1)c1ccccc1.N[C@H]([C@H](c1ccccc1)N)c1ccccc1,CC(O)C,[K+].[OH-1],29.61,30.0,4980.0052788055955,0.9341103969935632,outer
COc1ccc(C(C)=O)cc1,COc1ccc([C@@H](C)O)cc1,2005,Ru,c1ccc(c(c1)CP(c1ccccc1)c1ccccc1)CP(c1ccccc1)c1ccccc1.N[C@H]([C@H](c1ccccc1)N)c1ccccc1,CC(O)C,[K+].[OH-1],29.61,30.0,996.0000637440041,0.9341103969935632,outer
CC(=O)c1ccccc1,C[C@@H](O)c1ccccc1,2005,Ru,c1ccc(c(c1)CP(c1ccccc1)c1ccccc1)CP(c1ccccc1)c1ccccc1.N[C@H]([C@H](c1ccccc1)N)c1ccccc1,CC(O)C,[K+].[OH-1],29.61,30.0,996.0000637440041,0.9341103969935632,outer
CC(=O)c1ccco1,C[C@H](O)c1ccco1,2015,Ru,CC(P(c1ccccc1)Cc1cccc(n1)CP(C(C)(C)C)c1ccccc1)(C)C,CCO,[O-1]C(C)(C)C.[K+],30.0,-40.0,200.0,0.9231241366059549,outer
CC(=O)c1ccc(C)cc1,Cc1ccc([C@H](C)O)cc1,2005,Ru,CCCC[C@@H]1C=Cc2c(N1p1oc3ccc4c(c3c3c(o1)ccc1c3cccc1)cccc4)c(ccc2)P(c1ccccc1)c1ccccc1.NCCN,ClCCl.CO,[O-1]C(C)(C)C.[Na+],30.0,25.0,500.0,0.9187036611038458,outer
CC(=O)C(C)C,CC(C)[C@@H](C)O,2010,Ru,N(CC1=NC2C(O1)Cc1c2cccc1)CC1=NC2C(O1)Cc1c2cccc1,CC(O)C,[O-1]C(C)(C)C.[K+],5.0,25.0,100.0,0.9187036611038458,outer
O=C(c1ccccc1)c1ccccn1,O[C@@H](c1ccccc1)c1ccccn1,2025,Ru,C[C@@H](C12C3[Fe]4567891(C2(C8C34)P(c1ccccc1)c1ccccc1)C1C5C6C9(C71)P(c1ccccc1)c1ccccc1)N[C@H](c1ccccc1C(F)(F)F)c1ccccn1,COC(C)(C)C,C1CN=C2N(C1)CCC2,50.0,25.0,33.333333333333336,0.9187036611038458,outer
CC(=O)c1ccccc1,C[C@H](O)c1ccccc1,2013,Ru,CC(Sc1ccccc1/C=N/[C@@H]1CCCC[C@H]1/N=C/c1ccccc1SC(C)(C)C)(C)C,CCO,[K+].[O-1]C(C)(C)C,50.0,60.0,2000.0,0.9177763300441724,inner
CC(=O)c1ccc(C(C)(C)C)cc1,C[C@H](O)c1ccc(C(C)(C)C)cc1,2004,Ru,Clc1ccc2c(c1)c(cc(c2c1c(cc(c2c1ccc(c2)Cl)c1ccccc1)P(c1cc(C)cc(c1)C)c1cc(C)cc(c1)C)P(c1cc(C)cc(c1)C)c1cc(C)cc(c1)C)c1ccccc1.COc1ccc(cc1)C(c1ccc(cc1)OC)([C@@H](C(C)C)N)N,CC(O)C,[O-1]C(C)(C)C.[K+],48.3,25.0,1000.0,0.9166540744192597,outer
CC(=O)c1ccccc1Br,C[C@@H](O)c1ccccc1Br,2005,Ru,FC(c1ccc(cc1)P(c1ccc(cc1)C(F)(F)F)c1ccc(cc1)C(F)(F)F)(F)F.N[C@H]([C@H](c1ccccc1)N)c1ccccc1,CC(O)C,[K+].[OH-1],29.61,30.0,996.0000637440041,0.9134775693139273,outer
O=C(CCN1CCN(c2ccccc2)CC1)c1ccccc1,O[C@@H](CCN1CCN(c2ccccc2)CC1)c1ccccc1,2025,Ru,Cc1cc(C)c(c(c1)C)[C@H](c1ccccc1)NCCP(c1ccccc1)c1ccccc1.N[C@@H]([C@@H](c1ccccc1)N)c1ccccc1,C1CCCO1,[K+].[O-1]C,50.0,30.0,100.0,0.9134775693139273,outer
CC(=O)c1ccccc1,C[C@H](O)c1ccccc1,2015,Ru,C[n+]1ccn(c1C)C[C@@H]1COC(=N1)C12C3[Fe]4567891(C2(C9C34)P(c1ccccc1)c1ccccc1)C1C7C6C5C81,CO,[Na+].[O-1]C,20.0,45.0,200.0,0.9126367709388349,inner
CC(=O)C1CCCCC1,C[C@@H](O)C1CCCCC1,2005,Ru,Brc1ccccc1p1oc2ccc3c(c2c2c(o1)ccc1c2cccc1)cccc3.N[C@H]([C@H](c1ccccc1)N)c1ccccc1,CC(O)C,[O-1]C(C)(C)C.[K+],70.0,0.0,1000.0,0.9000923022597194,outer
CC(=O)c1ccccc1,C[C@H](O)c1ccccc1,2011,Ru,Brc1ccc2c(c1)[C@H](NC2)[C@H]1NCc2c1cc(Br)cc2.C(CP(c1ccccc1)c1ccccc1)CP(c1ccccc1)c1ccccc1,CCCO,[K+].[O-1]C(C)(C)C,50.0,25.0,1000.0,0.898411140659566,outer
O=C(Cc1ccccc1)c1ccccc1,O[C@@H](Cc1ccccc1)c1ccccc1,2020,Ru,O=C(c1ccccc1P(C(C)(C)C)C)N[C@@H]1CCCC[C@H]1NC(=O)c1ccccc1P(C(C)(C)C)C,CC(O)C,[O-1]C(C)(C)C.[K+],30.0,25.0,100.0,0.898411140659566,outer
CC(=O)c1ccccc1,C[C@H](O)c1ccccc1,2011,Ru,N[C@H]([C@H](c1ccccc1)N)c1ccccc1.c1ccc(cc1)P(C12C3[Fe]4567892(C1C5C34)C1C6C7C9(C81)P(c1ccccc1)c1ccccc1)c1ccccc1,CCCO,[K+].[O-1]C(C)(C)C,10.0,25.0,1000.0,0.898411140659566,outer
CC(=O)c1ccccc1,C[C@H](O)c1ccccc1,2015,Ru,CC(P(c1ccccc1)Cc1cccc(n1)CP(C(C)(C)C)c1ccccc1)(C)C,CCO,[O-1]C(C)(C)C.[K+],30.0,25.0,200.0,0.898411140659566,outer
O=C1CCSc2ccccc21,O[C@@H]1CCSc2ccccc21,2024,Ru,COC[C@@H](N[C@@H](C[C@H](P(c1ccccc1)c1ccccc1)C)C)C,CC(O)C,[K+].[O-1]C(C)(C)C,70.0,25.0,200.0,0.898411140659566,outer
CC(=O)c1ccccc1,C[C@H](O)c1ccccc1,2013,Ru,CC(Sc1ccccc1/C=N/[C@@H]1CCCC[C@H]1/N=C/c1ccccc1SC(C)C)C,CC(O)C,[K+].[O-1]C(C)(C)C,50.0,60.0,2000.0,0.8972782319621366,inner
CC(=O)c1ccc(C(F)(F)F)cc1,C[C@@H](O)c1ccc(C(F)(F)F)cc1,2005,Ru,c1ccc(cc1)P(c1ccccc1)Cc1ccccc1c1ccccc1CP(c1ccccc1)c1ccccc1.N[C@H]([C@H](c1ccccc1)N)c1ccccc1,CC(O)C,[K+].[OH-1],29.61,30.0,996.0000637440041,0.8932873525285439,outer
O=C(Cc1ccccc1)c1ccccc1,O[C@@H](Cc1ccccc1)c1ccccc1,2004,Ru,Clc1ccc2c(c1)c(cc(c2c1c(cc(c2c1ccc(c2)Cl)c1ccccc1)P(c1cc(C)cc(c1)C)c1cc(C)cc(c1)C)P(c1cc(C)cc(c1)C)c1cc(C)cc(c1)C)c1ccccc1.COc1ccc(cc1)C(c1ccc(cc1)OC)([C@@H](C(C)C)N)N,CC(O)C,[O-1]C(C)(C)C.[K+],48.3,25.0,1000.0,0.8844668924168306,outer
CC(=O)c1ccccc1F,C[C@@H](O)c1ccccc1F,2010,Ru,COc1cccc(c1P(c1ccc(cc1)OC(C)(C)C)c1ccc(cc1)OC(C)(C)C)c1cccc(c1P(c1ccc(cc1)OC(C)(C)C)c1ccc(cc1)OC(C)(C)C)OC.N[C@H]([C@H](c1ccccc1)N)c1ccccc1,CC(O)C,[K+].[OH-1],29.61,20.0,3000.003000003,0.8833447120052047,outer
CC(=O)c1ccc(Br)cc1,C[C@H](O)c1ccc(Br)cc1,2015,Ru,CC(P(c1ccccc1)Cc1cccc(n1)CP(C(C)(C)C)c1ccccc1)(C)C,CCO,[O-1]C(C)(C)C.[K+],30.0,-40.0,200.0,0.8807440010941142,outer
CC(=O)c1ccccc1C,Cc1ccccc1[C@@H](C)O,2024,Ru,COC[C@@H](N[C@@H](C[C@H](P(c1ccccc1)c1ccccc1)C)C)C,CC(O)C,[K+].[O-1]C(C)(C)C,70.0,25.0,200.0,0.8785539309133608,outer
CN(CCC(=O)c1ccccc1)Cc1ccccc1,CN(CC[C@@H](O)c1ccccc1)Cc1ccccc1,2013,Ru,CC([C@H]1COC(=N1)C12C3[Ru]4567891(C2(C7C34)P(c1ccccc1)c1ccccc1)C1C5C9(C8(C61)P(c1ccccc1)c1ccccc1)C1=N[C@H](CO1)C(C)(C)C)(C)C,CO.O,[O-1]C(=O)[O-1].[K+].[K+],20.0,25.0,400.0,0.8765911852428158,inner
CC(=O)c1ccccc1Cl,C[C@@H](O)c1ccccc1Cl,2005,Ru,c1ccc(cc1)P(c1ccccc1)c1ccccc1.N[C@H]([C@H](c1ccccc1)N)c1ccccc1,CC(O)C,[K+].[OH-1],29.61,30.0,996.0000637440041,0.8735146659250674,outer
CCOC(=O)CC(C)=O,CCOC(=O)C[C@@H](C)O,2002,Ru,C[C@H](N([C@@H](C12C3[Fe]4567891(C2(C9C34)P(c1ccccc1)c1ccccc1)C1C7C6C5C81)c1ccccc1P(c1ccccc1)c1ccccc1)C)c1ccccc1,CCO,,50.0,50.0,125.0,0.8703450717651642,inner
O=C(c1ccccc1)C(F)(F)F,O[C@H](c1ccccc1)C(F)(F)F,2015,Ru,CC(P(c1ccccc1)Cc1cccc(n1)CP(C(C)(C)C)c1ccccc1)(C)C,CCO,[O-1]C(C)(C)C.[K+],30.0,-40.0,200.0,0.8605879006011581,outer
O=C1CCCCc2ccccc21,O[C@@H]1CCCCc2ccccc21,2024,Ru,COC[C@@H](N[C@@H](C[C@H](P(c1ccccc1)c1ccccc1)C)C)C,CC(O)C,[K+].[O-1]C(C)(C)C,70.0,25.0,200.0,0.8591073648212397,outer
O=C(/C=C/c1ccccc1)c1ccccc1,O[C@H](/C=C/c1ccccc1)c1ccccc1,2014,Ru,c1ccc(cc1)P(c1ccccc1Oc1ccccc1P(c1ccccc1)c1ccccc1)c1ccccc1.c1ccc2c(c1)[C@H](NC2)[C@@H]1NCc2c1cccc2,CC(O)C,[O-1]C(C)(C)C.[K+],10.0,25.0,1000.0,0.8591073648212397,outer
CC(=O)c1ccco1,C[C@@H](O)c1ccco1,2008,Ru,COc1nc(OC)cc(c1c1c(OC)nc(cc1P(c1ccc(cc1)OC)c1ccc(cc1)OC)OC)P(c1ccc(cc1)OC)c1ccc(cc1)OC.COc1ccc(cc1)C(c1ccc(cc1)OC)([C@H](C(C)C)N)N,CC(O)C,[K+].[OH-1],30.0,25.0,2000.0,0.8591073648212397,outer
CC(=O)c1ccc(C)cc1,Cc1ccc([C@H](C)O)cc1,2004,Ru,Clc1ccc2c(c1)c(cc(c2c1c(cc(c2c1ccc(c2)Cl)c1ccccc1)P(c1cc(C)cc(c1)C)c1cc(C)cc(c1)C)P(c1cc(C)cc(c1)C)c1cc(C)cc(c1)C)c1ccccc1.COc1ccc(cc1)C(c1ccc(cc1)OC)([C@@H](C(C)C)N)N,CC(O)C,[O-1]C(C)(C)C.[K+],48.3,25.0,1000.0,0.8533500201302582,outer
CC(=O)c1ccccc1,C[C@H](O)c1ccccc1,2021,Ru,COc1ccccc1P(c1ccccc1OC)c1ccccc1OC.C=CC1CN2CCC1CC2[C@@H](c1ccnc2c1cccc2)N,CO,[Li+].[OH-1],60.0,25.0,500.0,0.849530888679686,outer
CC(=O)c1ccccc1,C[C@H](O)c1ccccc1,2020,Ru,O=C(c1ccccc1P(C(C)(C)C)C)N[C@@H]1CCCC[C@H]1NC(=O)c1ccccc1P(C(C)(C)C)C,CC(O)C,[O-1]C.[Na+],30.0,25.0,100.0,0.8400486717283069,outer
COCC(=O)c1ccc(C(F)(F)F)cc1,COC[C@H](O)c1ccc(C(F)(F)F)cc1,2004,Ru,C1C[C@@H]([C@@H](C1)P(c1ccccc1)c1ccccc1)[C@H]1CCC[C@H]1P(c1ccccc1)c1ccccc1.NCCSC(C)(C)C,CC(O)C,[O-1]C(C)(C)C.[Na+],7.0,25.0,200.0,0.8400486717283069,outer
CC(=O)C12CC3CC(CC(C3)C1)C2,C[C@@H](O)C12CC3CC(CC(C3)C1)C2,2005,Ru,Brc1ccccc1p1oc2ccc3c(c2c2c(o1)ccc1c2cccc1)cccc3.N[C@H]([C@H](c1ccccc1)N)c1ccccc1,CC(O)C,[O-1]C(C)(C)C.[K+],50.0,25.0,303.03030303030306,0.8400486717283069,outer
CC(=O)c1ccc(Cl)cc1,C[C@H](O)c1ccc(Cl)cc1,2004,Ru,Cc1cc(P(c2ccccc2)c2ccccc2)c(c2c1cccc2)c1c(cc(c2c1cccc2)C)P(c1ccccc1)c1ccccc1.N[C@@H]([C@@H](c1ccccc1)N)c1ccccc1,CC(O)C,[O-1]C(C)(C)C.[K+],47.62,25.0,1000.0,0.8381633105408778,outer
CC(=O)c1ccccc1Cl,C[C@@H](O)c1ccccc1Cl,2005,Ru,COc1ccc(cc1)P(c1ccc(cc1)OC)c1ccc(cc1)OC.N[C@H]([C@H](c1ccccc1)N)c1ccccc1,CC(O)C,[K+].[OH-1],29.61,30.0,996.0000637440041,0.835131005411649,outer
CC(=O)/C(=C/c1ccccc1)c1ccccc1,C[C@H](O)/C(=C/c1ccccc1)c1ccccc1,2012,Ru,Cc1cc(C)cc(c1)P(c1ccc2c(c1c1c(ccc3c1cccc3)P(c1cc(C)cc(c1)C)c1cc(C)cc(c1)C)cccc2)c1cc(C)cc(c1)C.N[C@@H]([C@@H](c1ccccc1)N)c1ccccc1,CC(O)C,[K+].[O-1]C(C)(C)C,6.0,25.0,666.6666666666666,0.8213567846395616,outer
CC(=O)c1ccc(Cl)cc1,C[C@H](O)c1ccc(Cl)cc1,2004,Ru,c1ccc(cc1)P(c1ccc2c(c1c1c(ccc3c1cccc3)P(c1ccccc1)c1ccccc1)cccc2)c1ccccc1.N[C@@H]([C@@H](c1ccccc1)N)c1ccccc1,CC(O)C,[O-1]C(C)(C)C.[K+],47.62,25.0,1000.0,0.8213567846395616,outer
CC(=O)c1ccc(C(F)(F)F)cc1,C[C@@H](O)c1ccc(C(F)(F)F)cc1,2005,Ru,FC(c1ccc(cc1)P(c1ccc(cc1)C(F)(F)F)c1ccc(cc1)C(F)(F)F)(F)F.N[C@H]([C@H](c1ccccc1)N)c1ccccc1,CC(O)C,[K+].[OH-1],29.61,30.0,996.0000637440041,0.8164787513712193,outer
CC(=O)c1ccccc1Cl,C[C@@H](O)c1ccccc1Cl,2005,Ru,FC(c1ccc(cc1)P(c1ccc(cc1)C(F)(F)F)c1ccc(cc1)C(F)(F)F)(F)F.N[C@H]([C@H](c1ccccc1)N)c1ccccc1,CC(O)C,[K+].[OH-1],29.61,30.0,996.0000637440041,0.8164787513712193,outer
CCOC(=O)CC(=O)C(F)(F)F,CCOC(=O)C[C@@H](O)C(F)(F)F,2004,Ru,c1ccc(cc1)P(c1ccc2c(c1c1c3OCCOc3ccc1P(c1ccccc1)c1ccccc1)OCCO2)c1ccccc1,CCO,,9.87,110.0,100.0,0.8163080490292626,inner
CC(=O)c1ccccc1,C[C@H](O)c1ccccc1,2011,Ru,N[C@@H]1CCCC[C@H]1NCc1ccccc1P(c1cc(cc(c1)C(C)(C)C)C(C)(C)C)c1cc(cc(c1)C(C)(C)C)C(C)(C)C,CC(O)C,[O-1]C(C)(C)C.[K+],49.35,50.0,200.0,0.8127649759506661,outer
O=C1CCCc2ccccc21,O[C@@H]1CCCc2ccccc21,2024,Ru,COC[C@@H](N[C@@H](C[C@H](P(c1ccccc1)c1ccccc1)C)C)C,Cc1ccccc1,[K+].[O-1]C(C)(C)C,50.0,40.0,200.0,0.8058961578920102,outer
CC(=O)c1cc(C(F)(F)F)cc(C(F)(F)F)c1,C[C@H](O)c1cc(C(F)(F)F)cc(C(F)(F)F)c1,2015,Ru,C[n+]1ccn(c1C)C[C@@H]1COC(=N1)C12C3[Fe]4567891(C2(C9C34)P(c1ccccc1)c1ccccc1)C1C7C6C5C81,Cc1ccccc1.O,[K+].[OH-1],20.0,30.0,200.0,0.8054491558357186,inner
CC(=O)c1ccccc1,C[C@@H](O)c1ccccc1,2010,Ru,N(CC1=NC2C(O1)Cc1c2cccc1)CC1=NC2C(O1)Cc1c2cccc1,Cc1ccccc1,[O-1]C(C)(C)C.[K+],30.0,25.0,100.0,0.803012171272733,outer
CC(=O)c1ccccc1,C[C@H](O)c1ccccc1,2020,Ru,O=C(c1ccccc1P(C(C)(C)C)C)N[C@@H]1CCCC[C@H]1NC(=O)c1ccccc1P(C(C)(C)C)C,CC(O)C,[O-1]C(C)(C)C.[K+],30.0,25.0,1000.0,0.803012171272733,outer
O=C(CCNCc1ccccc1)c1ccccc1Cl,O[C@H](CCNCc1ccccc1)c1ccccc1Cl,2015,Ru,CC([C@H]1COC(=N1)C12C3[Ru]4567891(C2(C7C34)P(c1ccccc1)c1ccccc1)C1C5C9(C8(C61)P(c1ccccc1)c1ccccc1)C1=N[C@H](CO1)C(C)(C)C)(C)C.c1ccc(cc1)P(c1ccccc1)c1ccccc1,CCO,C1CCN2C(=NCCC2)CC1,50.0,25.0,200.0,0.803012171272733,inner
CC(=O)c1ccccc1,C[C@H](O)c1ccccc1,2010,Ru,CC1(C)O[C@@H]([C@H](O1)CP(c1ccccc1)c1ccccc1)CP(c1ccccc1)c1ccccc1.COc1ccc2c(c1)[nH]c(n2)[C@@H](N)C,CC(O)C,[O-1]C(C)(C)C.[K+],8.0,25.0,1000.0,0.803012171272733,outer
CC(=O)c1ccccc1Br,C[C@@H](O)c1ccccc1Br,2005,Ru,c1ccc(c(c1)CP(c1ccccc1)c1ccccc1)CP(c1ccccc1)c1ccccc1.N[C@H]([C@H](c1ccccc1)N)c1ccccc1,CC(O)C,[K+].[OH-1],29.61,30.0,996.0000637440041,0.7981611443737059,outer
CC(=O)c1ccc(C(F)(F)F)cc1,C[C@@H](O)c1ccc(C(F)(F)F)cc1,2005,Ru,c1ccc(cc1)P(c1ccccc1)c1ccccc1.N[C@H]([C@H](c1ccccc1)N)c1ccccc1,CC(O)C,[K+].[OH-1],29.61,30.0,996.0000637440041,0.7981611443737059,outer
CC(=O)c1cc(C(F)(F)F)cc(C(F)(F)F)c1,C[C@@H](O)c1cc(C(F)(F)F)cc(C(F)(F)F)c1,2014,Ru,CC1(C)O[C@@H]([C@H](O1)CP(c1ccccc1)c1ccccc1)CP(c1ccccc1)c1ccccc1.C[C@H](c1nc2c([nH]1)c(C)ccc2C)N,Cc1ccccc1.CO,[O-1]C(C)(C)C.[K+],8.0,25.0,1000.0,0.795767454344645,outer
CC(=O)c1cc(F)ccc1F,C[C@@H](O)c1cc(F)ccc1F,2005,Ru,Brc1ccccc1p1oc2ccc3c(c2c2c(o1)ccc1c2cccc1)cccc3.N[C@H]([C@H](c1ccccc1)N)c1ccccc1,CC(O)C,[O-1]C(C)(C)C.[K+],80.0,0.0,1000.0,0.7870708593021019,outer
COc1ccc(C(C)=O)cc1,COc1ccc([C@H](C)O)cc1,2004,Ru,Clc1ccc2c(c1)c(cc(c2c1c(cc(c2c1ccc(c2)Cl)c1ccccc1)P(c1cc(C)cc(c1)C)c1cc(C)cc(c1)C)P(c1cc(C)cc(c1)C)c1cc(C)cc(c1)C)c1ccccc1.COc1ccc(cc1)C(c1ccc(cc1)OC)([C@@H](C(C)C)N)N,CC(O)C,[O-1]C(C)(C)C.[K+],48.3,25.0,1000.0,0.7867839139806553,outer
CC(=O)c1ccccc1,C[C@H](O)c1ccccc1,2013,Ru,c1ccc2c(c1)[C@H](NC2)[C@H]1NCc2c1cccc2.Fc1ccc(cc1)P(c1ccc(cc1)F)c1ccc(cc1)F,CC(O)C,[K+].[O-1]C(C)(C)C,10.0,25.0,,0.7849966854528134,outer
CC(=O)c1ccccc1,C[C@H](O)c1ccccc1,2020,Ru,O=C(c1ccccc1P(C(C)(C)C)C)N[C@@H]1CCCC[C@H]1NC(=O)c1ccccc1P(C(C)(C)C)C,CO,[O-1]C(C)(C)C.[K+],30.0,25.0,100.0,0.7849966854528134,outer
CC(=O)c1ccccc1,C[C@H](O)c1ccccc1,2006,Ru,O=C(c1ccccc1P(c1ccccc1)c1ccccc1)c1ccccc1P(c1ccccc1)c1ccccc1.COc1ccccc1C(C(c1ccccc1OC)N)N,CCO,[O-1]C(C)(C)C.[K+],20.0,25.0,1000.0,0.7849966854528134,outer
CC(=O)c1ccccc1,C[C@@H](O)c1ccccc1,2021,Ru,COc1ccccc1P(c1ccccc1OC)c1ccccc1OC.C=CC1CN2CCC1CC2[C@H](c1ccnc2c1cccc2)N,CCO,[Li+].[OH-1],60.0,25.0,500.0,0.7814315764349931,outer
COc1ccccc1C(C)=O,COc1ccccc1[C@H](C)O,2010,Ru,C[C@@H]1Oc2cccc(c2-c2c(O[C@H]1C)cccc2P(c1ccccc1)c1ccccc1)P(c1ccccc1)c1ccccc1.N[C@@H]([C@@H](c1ccccc1)N)c1ccccc1,CCCCO,[K+].[O-1]C(C)(C)C,20.0,20.0,500.0,0.7718322265319211,outer
CC(=O)c1ccccc1,C[C@H](O)c1ccccc1,2011,Ru,Brc1ccc2c(c1)[C@H](NC2)[C@H]1NCc2c1cc(Br)cc2.c1ccc(cc1)P(c1ccccc1)CCP(c1ccccc1)c1ccccc1,CCCO,[K+].[O-1]C(C)(C)C,50.0,25.0,1000.0,0.7672934359747815,outer
COCC(=O)c1ccc(C(F)(F)F)cc1,COC[C@@H](O)c1ccc(C(F)(F)F)cc1,2004,Ru,C1C[C@@H]([C@@H](C1)P(c1ccccc1)c1ccccc1)[C@H]1CCC[C@H]1P(c1ccccc1)c1ccccc1.NCC(N)(C)C,CCO,[O-1]C(C)(C)C.[Na+],7.0,25.0,200.0,0.7672934359747815,outer
O=C(c1ccccc1)c1ccccn1,O[C@@H](c1ccccc1)c1ccccn1,2025,Ru,Cc1ccccc1[C@H](c1ccccn1)N[C@H](C12C3[Fe]4567891(C2(C8C34)P(c1ccccc1)c1ccccc1)C1C5C6C9(C71)P(c1ccccc1)c1ccccc1)C,C1CCCO1,[K+].[O-1]C(C)(C)C,50.0,25.0,100.0,0.7672934359747815,outer
CCC(=O)c1ccccc1,CC[C@@H](O)c1ccccc1,2024,Ru,COC[C@@H](N[C@@H](C[C@H](P(c1ccccc1)c1ccccc1)C)C)C,CC(O)C,[K+].[O-1]C(C)(C)C,70.0,25.0,200.0,0.7672934359747815,outer
CC(=O)c1ccccc1,C[C@H](O)c1ccccc1,2013,Ru,c1ccc2c(c1)[C@H](NC2)[C@H]1NCc2c1cccc2.Clc1ccc(cc1)P(c1ccc(cc1)Cl)c1ccc(cc1)Cl,CC(O)C,[K+].[O-1]C(C)(C)C,10.0,25.0,,0.7672934359747815,outer
CC(=O)c1ccc(C(F)(F)F)cc1,C[C@@H](O)c1ccc(C(F)(F)F)cc1,2005,Ru,COc1ccc(cc1)P(c1ccc(cc1)OC)c1ccc(cc1)OC.N[C@H]([C@H](c1ccccc1)N)c1ccccc1,CC(O)C,[K+].[OH-1],29.61,30.0,996.0000637440041,0.7624623316089879,outer
CC(=O)c1ccccc1,C[C@H](O)c1ccccc1,2021,Ru,COc1ccccc1P(c1ccccc1OC)c1ccccc1OC.CCC1CN2CCC1CC2[C@@H](c1ccnc2c1cc(OC)cc2)N,CCO,[Li+].[OH-1],60.0,25.0,500.0,0.7585539356766265,outer
CC(=O)c1ccccc1,C[C@H](O)c1ccccc1,2013,Ru,c1ccc2c(c1)[C@H](NC2)[C@H]1NCc2c1cccc2.CC(P(C(C)(C)C)C(C)(C)C)(C)C,CC(O)C,[K+].[O-1]C(C)(C)C,10.0,25.0,,0.7498866705235683,outer
CC(=O)c1ccccc1,C[C@H](O)c1ccccc1,2013,Ru,c1ccc2c(c1)[C@H](NC2)[C@H]1NCc2c1cccc2.CP(c1ccccc1)c1ccccc1,CC(O)C,[K+].[O-1]C(C)(C)C,10.0,25.0,,0.7498866705235683,outer
CC(=O)c1ccccc1,C[C@@H](O)c1ccccc1,2024,Ru,COC[C@@H](N[C@@H](C[C@H](P(c1ccccc1)c1ccccc1)C)C)C,CC(O)C,[K+].[O-1]C(C)(C)C,70.0,25.0,200.0,0.7327616726196642,outer
O=C1CCCc2ccccc21,O[C@@H]1CCCc2ccccc21,2024,Ru,COCCN[C@@H](C[C@H](P(c1ccccc1)c1ccccc1)C)C,CC(O)C,[K+].[O-1]C(C)(C)C,70.0,25.0,200.0,0.7327616726196642,outer
CC(=O)c1ccccc1,C[C@@H](O)c1ccccc1,2006,Ru,c1ccc(nc1)CNc1ccc2c(c1c1c(NCc3ccccn3)ccc3c1cccc3)cccc2,CC(O)C,[O-1]C(C)(C)C.[K+],50.0,25.0,1000.0,0.7327616726196642,outer
CC(=O)c1ccccc1,C[C@@H](O)c1ccccc1,2008,Ru,COc1nc(OC)cc(c1c1c(OC)nc(cc1P(c1ccc(cc1)OC)c1ccc(cc1)OC)OC)P(c1ccc(cc1)OC)c1ccc(cc1)OC.COc1ccc(cc1)C(c1ccc(cc1)OC)([C@H](C(C)C)N)N,CO,[K+].[OH-1],30.0,25.0,2000.0,0.7327616726196642,outer
CC(=O)c1ccccc1Br,C[C@@H](O)c1ccccc1Br,2005,Ru,c1ccc(cc1)P(c1ccccc1)Cc1ccccc1c1ccccc1CP(c1ccccc1)c1ccccc1.N[C@H]([C@H](c1ccccc1)N)c1ccccc1,CC(O)C,[K+].[OH-1],29.61,30.0,996.0000637440041,0.727910450013472,outer
O=C(CCN1CCN(c2ccccc2)CC1)c1ccccc1,O[C@H](CCN1CCN(c2ccccc2)CC1)c1ccccc1,2025,Ru,Cc1cc(C)c(c(c1)C)[C@H](c1ccccc1)NCCP(c1ccccc1)c1ccccc1.CP(CCP(C)C)C,CCO,[K+].[O-1]C,50.0,30.0,100.0,0.727910450013472,outer
CC(=O)c1ccccc1,C[C@H](O)c1ccccc1,2010,Ru,C[C@@H]1Oc2cccc(c2-c2c(O[C@H]1C)cccc2P(c1ccccc1)c1ccccc1)P(c1ccccc1)c1ccccc1.N[C@@H]([C@@H](c1ccccc1)N)c1ccccc1,CO,[K+].[O-1]C(C)(C)C,20.0,20.0,1000.0,0.7204731991563126,outer
CCOC(=O)CC(=O)C(F)(F)C(F)(F)F,CCOC(=O)C[C@@H](O)C(F)(F)C(F)(F)F,2004,Ru,c1ccc(cc1)P(c1ccc2c(c1c1c(ccc3c1cccc3)P(c1ccccc1)c1ccccc1)cccc2)c1ccccc1,CCO,,9.87,110.0,100.0,0.719108988897274,inner
CC(=O)c1ccc(C(F)(F)F)cc1,C[C@H](O)c1ccc(C(F)(F)F)cc1,2015,Ru,CC(P(c1ccccc1)Cc1cccc(n1)CP(C(C)(C)C)c1ccccc1)(C)C,CCO,[O-1]C(C)(C)C.[K+],30.0,-40.0,200.0,0.7184160945375203,outer
CCOC(=O)C(=O)c1ccccc1,CCOC(=O)[C@H](O)c1ccccc1,2015,Ru,CC(P(c1ccccc1)Cc1cccc(n1)CP(C(C)(C)C)c1ccccc1)(C)C,CCO,[O-1]C(C)(C)C.[K+],30.0,-40.0,200.0,0.7184160945375203,outer
COc1ccc(C(C)=O)cc1,COc1ccc([C@H](C)O)cc1,2020,Ru,O=C(c1ccccc1P(C(C)(C)C)C)N[C@@H]1CCCC[C@H]1NC(=O)c1ccccc1P(C(C)(C)C)C,CC(O)C,[O-1]C(C)(C)C.[K+],30.0,25.0,100.0,0.7159046698714058,outer
CC(=O)c1ccccc1,C[C@H](O)c1ccccc1,2015,Ru,C[n+]1ccn(c1C)C[C@@H]1COC(=N1)C12C3[Fe]4567891(C2(C9C34)P(c1ccccc1)c1ccccc1)C1C7C6C5C81,CO.O,[K+].[OH-1],50.0,15.0,200.0,0.7147731680594525,inner
CNc1ccccc1C(=O)c1ccccc1,CNc1ccccc1[C@@H](O)c1ccccc1,2023,Ru,CC([C@H]1COC(=N1)C12C3[Ru]4567891(C2(C7C34)P(c1ccccc1)c1ccccc1)C1C5C9(C8(C61)P(c1ccccc1)c1ccccc1)C1=N[C@H](CO1)C(C)(C)C)(C)C.c1ccc(cc1)P(c1ccccc1)c1ccccc1,C1CCCO1,[K+].[OH-1],40.0,10.0,100.0,0.7121596872673096,inner
O=C(CCN1CCN(c2ccccc2)CC1)c1ccccc1,O[C@H](CCN1CCN(c2ccccc2)CC1)c1ccccc1,2025,Ru,Cc1cc(C)c(c(c1)C)[C@H](c1ccccc1)NCCP(c1ccccc1)c1ccccc1.N[C@H]([C@H](c1ccccc1)N)c1ccccc1,C1CCCO1,[K+].[O-1]C,50.0,30.0,100.0,0.7110301166901554,outer
CC(=O)c1ccccc1,C[C@@H](O)c1ccccc1,2008,Ru,COc1nc(OC)cc(c1c1c(OC)nc(cc1P(c1ccc(cc1)OC)c1ccc(cc1)OC)OC)P(c1ccc(cc1)OC)c1ccc(cc1)OC.COc1ccc(cc1)C(c1ccc(cc1)OC)([C@H](C(C)C)N)N,CC(=O)C,[K+].[OH-1],30.0,25.0,2000.0,0.70425727925195,outer
CC(=O)c1ccccc1,C[C@@H](O)c1ccccc1,2005,Ru,CN(p1oc2ccc3c(c2c2c(o1)ccc1c2cccc1)cccc3)C.N[C@H]([C@H](c1ccccc1)N)c1ccccc1,CC(O)C,[O-1]C(C)(C)C.[K+],10.0,20.0,1000.0,0.7038988897293397,outer
CC(=O)c1ccccc1,C[C@@H](O)c1ccccc1,2019,Ru,O=C1C(=C2C(=C1c1ccccc1)C(CCC2OCc1ccccc1)OCc1ccccc1)c1ccccc1,CC(O)C.O,[O-1][N+](C)(C)C.CCN(C(C)C)C(C)C,30.0,80.0,100.0,0.7015706059015553,inner
COCC(=O)c1ccc(C(F)(F)F)cc1,COC[C@H](O)c1ccc(C(F)(F)F)cc1,2004,Ru,C1C[C@@H]([C@@H](C1)P(c1ccccc1)c1ccccc1)[C@H]1CCC[C@H]1P(c1ccccc1)c1ccccc1.NCCSC(C)(C)C,CO,[O-1]C(C)(C)C.[Na+],7.0,25.0,200.0,0.6993027520737911,outer
COCC(=O)c1ccc(C(F)(F)F)cc1,COC[C@H](O)c1ccc(C(F)(F)F)cc1,2004,Ru,C1C[C@@H]([C@@H](C1)P(c1ccccc1)c1ccccc1)[C@H]1CCC[C@H]1P(c1ccccc1)c1ccccc1.NCCSCC,CCO,[O-1]C(C)(C)C.[Na+],7.0,25.0,200.0,0.6993027520737911,outer
CC(=O)c1ccccc1,C[C@@H](O)c1ccccc1,2019,Ru,O=C1C(=C2C(=C1c1ccccc1)C(CCC2OCc1ccccc1)OCc1ccccc1)c1ccccc1,CC(O)C.O,[O-1][N+](C)(C)C.c1cccnc1,30.0,80.0,100.0,0.6980059125053758,inner
O=C1CCc2ccccc21,O[C@H]1CCc2ccccc21,2023,Ru,CCCCCN[C@H](c1ccnc2c1cccc2)[C@H]1CC2CCN1CC2C=C.C1CCC(CC1)P(C1CCCCC1)C1CCCCC1,CCO,[Ba+2].[OH-1].[OH-1],60.0,35.0,1000.0,0.6958208676071181,outer
CC(C)C(=O)c1ccccc1,CC(C)[C@H](O)c1ccccc1,2000,Ru,c1ccc(cc1)P(c1cc2CCc3ccc(CCc1cc2)cc3P(c1ccccc1)c1ccccc1)c1ccccc1.N[C@@H]1CCCC[C@H]1N,CC(O)C,[K+].[O-1]C(C)(C)C,8.0,19.0,1000.0,0.6852299145341544,outer
CC(=O)c1ccccc1,C[C@H](O)c1ccccc1,2000,Ru,Cc1cc(C)cc(c1)P(c1cc2CCc3ccc(CCc1cc2)cc3P(c1cc(C)cc(c1)C)c1cc(C)cc(c1)C)c1cc(C)cc(c1)C.NC[C@@H]1CCCN1,CC(O)C,[K+].[O-1]C(C)(C)C,8.0,19.0,3000.003000003,0.6852299145341544,outer
Cc1ccccc1C(=O)c1ccccc1,Cc1ccccc1[C@@H](O)c1ccccc1,2023,Ru,CC([C@H]1COC(=N1)C12C3[Ru]4567891(C2(C7C34)P(c1ccccc1)c1ccccc1)C1C5C9(C8(C61)P(c1ccccc1)c1ccccc1)C1=N[C@H](CO1)C(C)(C)C)(C)C.c1ccc(cc1)P(c1ccccc1)c1ccccc1,C1CCCO1,[K+].[O-1]C(C)(C)C,40.0,10.0,100.0,0.6798873294452074,inner
CC(=O)c1ccccc1,C[C@@H](O)c1ccccc1,2021,Ru,COc1ccccc1P(c1ccccc1OC)c1ccccc1OC.CCC1CN2CCC1CC2[C@H](c1ccnc2c1cc(OC)cc2)N,CCO,[Li+].[OH-1],60.0,25.0,500.0,0.6668164091826247,outer
CC(=O)c1ccccc1F,C[C@@H](O)c1ccccc1F,2005,Ru,Brc1ccccc1p1oc2ccc3c(c2c2c(o1)ccc1c2cccc1)cccc3.N[C@H]([C@H](c1ccccc1)N)c1ccccc1,CC(O)C,[O-1]C(C)(C)C.[K+],50.0,0.0,2000.0,0.655875769161075,outer
CC(=O)c1ccccc1,C[C@H](O)c1ccccc1,2013,Ru,c1ccc2c(c1)[C@H](NC2)[C@H]1NCc2c1cccc2.c1ccc(cc1)CP(c1ccccc1)c1ccccc1,CC(O)C,[K+].[O-1]C(C)(C)C,10.0,25.0,,0.650909851683304,outer
CCOC(=O)CC(=O)C(F)(F)F,CCOC(=O)C[C@@H](O)C(F)(F)F,2004,Ru,COc1cccc(c1c1c(OC)cccc1P(c1ccccc1)c1ccccc1)P(c1ccccc1)c1ccccc1,CCO,,9.87,110.0,100.0,0.64512893057206,inner
CC(=O)c1ccccn1,C[C@H](O)c1ccccn1,2015,Ru,CC(P(c1ccccc1)Cc1cccc(n1)CP(C(C)(C)C)c1ccccc1)(C)C,CCO,[O-1]C(C)(C)C.[K+],30.0,-40.0,200.0,0.6422919146024276,outer
CC(=O)c1ccccc1,C[C@H](O)c1ccccc1,2013,Ru,CC(Sc1ccccc1/C=N/[C@@H]1CCCC[C@H]1/N=C/c1ccccc1SC(C)(C)C)(C)C,CC(O)(C)C,[K+].[O-1]C(C)(C)C,50.0,60.0,2000.0,0.641777757070405,inner
CC(=O)c1ccccc1,C[C@H](O)c1ccccc1,2011,Ru,Brc1ccc2c(c1)[C@H](NC2)[C@H]1NCc2c1cc(Br)cc2.C(CCP(c1ccccc1)c1ccccc1)CCCP(c1ccccc1)c1ccccc1,CCCO,[K+].[O-1]C(C)(C)C,50.0,25.0,1000.0,0.6352140018741345,outer
CC(=O)c1ccccc1Cl,C[C@@H](O)c1ccccc1Cl,2005,Ru,c1ccc(c(c1)CP(c1ccccc1)c1ccccc1)CP(c1ccccc1)c1ccccc1.N[C@H]([C@H](c1ccccc1)N)c1ccccc1,CC(O)C,[K+].[OH-1],29.61,30.0,996.0000637440041,0.630112042303217,outer
CC(=O)c1ccccc1,C[C@H](O)c1ccccc1,2019,Ru,O=C1C(=C2C(=C1c1ccccc1)C(CCC2OCc1ccccc1)OCc1ccccc1)c1ccccc1,CC(O)C.O,[O-1][N+](C)(C)C.CN(c1ccccc1)C,30.0,80.0,100.0,0.6283623300192515,inner
CC(=O)c1cccs1,C[C@@H](O)c1cccs1,2005,Ru,Brc1ccccc1p1oc2ccc3c(c2c2c(o1)ccc1c2cccc1)cccc3.N[C@H]([C@H](c1ccccc1)N)c1ccccc1,CC(O)C,[O-1]C(C)(C)C.[K+],50.0,0.0,500.0,0.6256786798551522,outer
CC(=O)c1ccccc1,C[C@H](O)c1ccccc1,2013,Ru,CSc1ccccc1/C=N/[C@@H]1CCCC[C@H]1/N=C/c1ccccc1SC,CC(O)C,[K+].[O-1]C(C)(C)C,50.0,60.0,2000.0,0.625267283442847,inner
CC(=O)C1CCCCC1,C[C@H](O)C1CCCCC1,2000,Ru,Cc1cc(C)cc(c1)P(c1cc2CCc3ccc(CCc1cc2)cc3P(c1cc(C)cc(c1)C)c1cc(C)cc(c1)C)c1cc(C)cc(c1)C.N[C@H]([C@H](c1ccccc1)N)c1ccccc1,CC(O)C,[K+].[O-1]C(C)(C)C,5.5,19.0,1000.0,0.6224308926631843,outer
O=C1CN2CCC1CC2,O[C@H]1CN2CCC1CC2,2009,Ru,Cc1ccc(cc1)P(c1ccc2c(c1c1c(ccc3c1cccc3)P(c1ccc(cc1)C)c1ccc(cc1)C)cccc2)c1ccc(cc1)C.NCc1ccccn1,CCO,[O-1]C(C)(C)C.[K+],10.0,30.0,1000.0,0.6145528179201616,outer
O=C(c1ccccc1)c1ccc(Cl)cc1,O[C@H](c1ccccc1)c1ccc(Cl)cc1,2003,Ru,COc1nc(OC)cc(c1c1c(OC)nc(cc1P(c1cc(C)cc(c1)C)c1cc(C)cc(c1)C)OC)P(c1cc(C)cc(c1)C)c1cc(C)cc(c1)C.N[C@@H]([C@@H](c1ccccc1)N)c1ccccc1,CC(O)C,[O-1]C(C)(C)C.[K+],20.41371802,27.5,2000.0,0.6140942150874196,outer
CN(C)CCC(=O)c1ccccc1,CN(C)CC[C@H](O)c1ccccc1,2004,Ru,Clc1ccc2c(c1)c(cc(c2c1c(cc(c2c1ccc(c2)Cl)c1ccccc1)P(c1cc(C)cc(c1)C)c1cc(C)cc(c1)C)P(c1cc(C)cc(c1)C)c1cc(C)cc(c1)C)c1ccccc1.COc1ccc(cc1)C(c1ccc(cc1)OC)([C@@H](C(C)C)N)N,CC(O)C,[O-1]C(C)(C)C.[K+],48.3,25.0,1000.0,0.6120445323581097,outer
O=C(c1ccccc1)c1ccc(C(F)(F)F)cc1,O[C@@H](c1ccccc1)c1ccc(C(F)(F)F)cc1,2000,Ru,Cc1cc(C)cc(c1)P(c1ccc2c(c1c1c(ccc3c1cccc3)P(c1cc(C)cc(c1)C)c1cc(C)cc(c1)C)cccc2)c1cc(C)cc(c1)C.COc1ccc(cc1)C(c1ccc(cc1)OC)([C@H](C(C)C)N)N,CC(O)C,[O-1]C(C)(C)C.[K+],8.0,28.0,2000.0,0.6104983708284897,outer
CC(C)(C)C(=O)c1ccccc1,CC(C)(C)[C@@H](O)c1ccccc1,2017,Ru,C[C@H](C12C3[Fe]4567891(C2(C9C34)P(c1ccccc1)c1ccccc1)C1C7C6C5C81)NCc1ccccn1,CC(O)C,[O-1]C(C)(C)C.[K+],49.35,50.0,400.0,0.6064989423519616,outer
CC(=O)C1CCCCC1,C[C@@H](O)C1CCCCC1,2008,Ru,Cc1ccc(cc1)P(c1ccc2c(c1c1c(ccc3c1cccc3)P(c1ccc(cc1)C)c1ccc(cc1)C)cccc2)c1ccc(cc1)C.N[C@H](c1ccccc1)CN(C)C,CC(O)C,[K+].[O-1]C(C)(C)C,8.0,25.0,500.0,0.6044167001909818,outer
COc1ccccc1C(C)=O,COc1ccccc1[C@@H](C)O,2010,Ru,COc1cccc(c1P(c1ccc(cc1)OC(C)(C)C)c1ccc(cc1)OC(C)(C)C)c1cccc(c1P(c1ccc(cc1)OC(C)(C)C)c1ccc(cc1)OC(C)(C)C)OC.N[C@H]([C@H](c1ccccc1)N)c1ccccc1,CC(O)C,[K+].[OH-1],29.61,20.0,3000.003000003,0.5942805824618023,outer
CC(=O)CCc1ccccc1,C[C@H](O)CCc1ccccc1,2020,Ru,O=C(c1ccccc1P(C(C)(C)C)C)N[C@@H]1CCCC[C@H]1NC(=O)c1ccccc1P(C(C)(C)C)C,CC(O)C,[O-1]C(C)(C)C.[K+],30.0,25.0,100.0,0.5892976435324303,outer
CC(=O)c1ccccc1,C[C@H](O)c1ccccc1,2015,Ru,C[n+]1ccn(c1C)C[C@@H]1COC(=N1)C12C3[Fe]4567891(C2(C9C34)P(c1ccccc1)c1ccccc1)C1C7C6C5C81,CO.O,[K+].[OH-1],20.0,45.0,200.0,0.5846246840471149,inner
CC(=O)c1ccc(C(F)(F)F)cc1,C[C@@H](O)c1ccc(C(F)(F)F)cc1,2005,Ru,c1ccc(c(c1)CP(c1ccccc1)c1ccccc1)CP(c1ccccc1)c1ccccc1.N[C@H]([C@H](c1ccccc1)N)c1ccccc1,CC(O)C,[K+].[OH-1],29.61,30.0,996.0000637440041,0.583985973453079,outer
CC(=O)c1ccccc1Cl,C[C@@H](O)c1ccccc1Cl,2005,Ru,c1ccc(cc1)P(c1ccccc1)Cc1ccccc1c1ccccc1CP(c1ccccc1)c1ccccc1.N[C@H]([C@H](c1ccccc1)N)c1ccccc1,CC(O)C,[K+].[OH-1],29.61,30.0,996.0000637440041,0.583985973453079,outer
CCOC(=O)C(=O)c1ccccc1Cl,CCOC(=O)[C@H](O)c1ccccc1Cl,2005,Ru,CC1(C)Oc2c(O1)c(c1c3OC(Oc3ccc1P(c1ccccc1)c1ccccc1)(C)C)c(cc2)P(c1ccccc1)c1ccccc1,CO,,50.0,70.0,100.0,0.577778918245602,inner
CC(=O)c1ccccc1,C[C@H](O)c1ccccc1,2000,Ru,c1ccc(cc1)P(c1cc2CCc3ccc(CCc1cc2)cc3P(c1ccccc1)c1ccccc1)c1ccccc1.N[C@H]1CCCC[C@@H]1N,CC(O)C,[K+].[O-1]C(C)(C)C,8.0,19.0,3000.003000003,0.5627956527933928,outer
CC(=O)c1ccccc1,C[C@@H](O)c1ccccc1,2010,Ru,CC1(C)O[C@@H]([C@H](O1)CP(c1ccccc1)c1ccccc1)CP(c1ccccc1)c1ccccc1.COc1ccc2c(c1)[nH]c(n2)[C@@H](N)C,CO,[O-1]C(C)(C)C.[K+],8.0,25.0,1000.0,0.5595780896247481,outer
CC(=O)c1ccccc1F,C[C@@H](O)c1ccccc1F,2005,Ru,c1ccc(c(c1)CP(c1ccccc1)c1ccccc1)CP(c1ccccc1)c1ccccc1.N[C@H]([C@H](c1ccccc1)N)c1ccccc1,CC(O)C,[K+].[OH-1],29.61,30.0,996.0000637440041,0.5541016230584076,outer
CC(=O)c1ccccc1,C[C@H](O)c1ccccc1,2008,Ru,Cc1ccc(cc1)P(c1ccc2c(c1c1c(ccc3c1cccc3)P(c1ccc(cc1)C)c1ccc(cc1)C)cccc2)c1ccc(cc1)C.N[C@@H](c1ccccc1)CN(C)C,CC(O)C,[K+].[O-1]C(C)(C)C,8.0,25.0,500.0,0.5449625562093492,outer
CC(=O)c1ccccc1,C[C@@H](O)c1ccccc1,2005,Ru,CC(Op1oc2ccc3c(c2c2c(o1)ccc1c2cccc1)cccc3)C.N[C@H]([C@H](c1ccccc1)N)c1ccccc1,CC(O)C,[O-1]C(C)(C)C.[K+],10.0,20.0,1000.0,0.5358234893602909,outer
CC(=O)c1ccccc1,C[C@H](O)c1ccccc1,2000,Ru,c1ccc(cc1)P(c1cc2CCc3ccc(CCc1cc2)cc3P(c1ccccc1)c1ccccc1)c1ccccc1.N[C@H]([C@H](c1ccccc1)N)c1ccccc1,CC(O)C,[K+].[O-1]C(C)(C)C,8.0,19.0,3000.003000003,0.5339956759904793,outer
CC(=O)C(C)(C)C,C[C@@H](O)C(C)(C)C,2010,Ru,N(CC1=NC2C(O1)Cc1c2cccc1)CC1=NC2C(O1)Cc1c2cccc1,CC(O)C,[O-1]C(C)(C)C.[K+],5.0,25.0,100.0,0.5305004352123455,outer
CC(=O)c1ccccc1,C[C@H](O)c1ccccc1,2013,Ru,c1ccc2c(c1)[C@H](NC2)[C@H]1NCc2c1cccc2.Cc1ccccc1P(c1ccccc1C)c1ccccc1C,CC(O)C,[K+].[O-1]C(C)(C)C,10.0,25.0,,0.5305004352123455,outer
CC(=O)c1ccccc1F,C[C@@H](O)c1ccccc1F,2005,Ru,c1ccc(cc1)P(c1ccccc1)Cc1ccccc1c1ccccc1CP(c1ccccc1)c1ccccc1.N[C@H]([C@H](c1ccccc1)N)c1ccccc1,CC(O)C,[K+].[OH-1],29.61,30.0,996.0000637440041,0.5248415474127497,outer
CC(=O)c1ccccc1F,C[C@@H](O)c1ccccc1F,2005,Ru,c1ccc(cc1)P(c1ccccc1)c1ccccc1.N[C@H]([C@H](c1ccccc1)N)c1ccccc1,CC(O)C,[K+].[OH-1],29.61,30.0,996.0000637440041,0.5104289059191439,outer
COC(OC)C(C)=O,COC(OC)[C@@H](C)O,2008,Ru,Cc1ccc(cc1)P(c1ccc2c(c1c1c(ccc3c1cccc3)P(c1ccc(cc1)C)c1ccc(cc1)C)cccc2)c1ccc(cc1)C.N[C@H](c1ccccc1)CN(C)C,CC(O)C,[K+].[O-1]C(C)(C)C,8.0,25.0,1200.000480000192,0.5020101543783366,outer
CC(=O)c1ccccc1,C[C@H](O)c1ccccc1,2008,Ru,Cc1ccc(cc1)P(c1ccc2c(c1c1c(ccc3c1cccc3)P(c1ccc(cc1)C)c1ccc(cc1)C)cccc2)c1ccc(cc1)C.N[C@@H](Cc1ccccc1)CN(C)C,CC(O)C,[K+].[O-1]C(C)(C)C,8.0,25.0,500.0,0.5020101543783366,outer
CC(=O)c1ccccc1,C[C@H](O)c1ccccc1,2010,Ru,CC1(C)O[C@@H]([C@H](O1)CP(c1ccccc1)c1ccccc1)CP(c1ccccc1)c1ccccc1.COc1ccc2c(c1)[nH]c(n2)[C@@H](N)C,CCO,[O-1]C(C)(C)C.[K+],8.0,25.0,1000.0,0.48796959970412257,outer
CC(=O)c1ccccc1,C[C@H](O)c1ccccc1,2019,Ru,COC1CCC(C2=C(C(=O)C(=C12)c1ccccc1)c1ccccc1)OC,CS(=O)C,[O-1][N+](C)(C)C.c1cccnc1,30.0,80.0,100.0,0.4843323180930688,inner
O=C(c1ccccc1)c1ccc(Cl)cc1Cl,O[C@@H](c1ccccc1)c1ccc(Cl)cc1Cl,2018,Ru,C[C@H](P(c1cc(cc(c1)C(C)C)C(C)C)c1cc(cc(c1)C(C)C)C(C)C)C[C@@H](P(c1cc(cc(c1)C(C)C)C(C)C)c1cc(cc(c1)C(C)C)C(C)C)C.NCc1ncc2c(c1)cccc2,CC(O)C,[O-1]C(C)(C)C.[K+],10.0,40.0,1000.0,0.48342492654901215,outer
COc1cccc(C(=O)c2cc(Cl)ccc2N)c1OC,COc1cccc([C@@H](O)c2cc(Cl)ccc2N)c1OC,2011,Ru,COc1c(cc(cc1C(C)(C)C)P(c1ccc2c(c1c1c(ccc3c1cccc3)P(c1cc(c(c(c1)C(C)(C)C)OC)C(C)(C)C)c1cc(c(c(c1)C(C)(C)C)OC)C(C)(C)C)cccc2)c1cc(c(c(c1)C(C)(C)C)OC)C(C)(C)C)C(C)(C)C.N[C@H]([C@H](c1ccccc1)N)c1ccccc1,CC(O)C.C1CCCO1,[OH-1].[K+],4.0,43.0,1000.0,0.47355960721447254,outer
CC(=O)c1ccccc1,C[C@H](O)c1ccccc1,2011,Ru,N[C@@H]1CCCC[C@H]1NCc1ccccc1P(c1cc(C)cc(c1)C)c1cc(C)cc(c1)C,CC(O)C,[O-1]C(C)(C)C.[K+],49.35,50.0,200.0,0.469349412151871,outer
COc1cccc(C(=O)c2cc(Cl)ccc2N)c1OC,COc1cccc([C@@H](O)c2cc(Cl)ccc2N)c1OC,2011,Ru,COc1ccc(cc1)P(c1ccc2c(c1c1c(ccc3c1cccc3)P(c1ccc(cc1)OC)c1ccc(cc1)OC)cccc2)c1ccc(cc1)OC.N[C@H]([C@H](c1ccccc1)N)c1ccccc1,CC(O)C.C1CCCO1,[OH-1].[K+],4.0,43.0,1000.0,0.45918247455303735,outer
CC(=O)c1ccccc1F,C[C@@H](O)c1ccccc1F,2005,Ru,COc1ccc(cc1)P(c1ccc(cc1)OC)c1ccc(cc1)OC.N[C@H]([C@H](c1ccccc1)N)c1ccccc1,CC(O)C,[K+].[OH-1],29.61,30.0,996.0000637440041,0.45408696798060205,outer
CC(=O)c1ccccc1F,C[C@@H](O)c1ccccc1F,2005,Ru,FC(c1ccc(cc1)P(c1ccc(cc1)C(F)(F)F)c1ccc(cc1)C(F)(F)F)(F)F.N[C@H]([C@H](c1ccccc1)N)c1ccccc1,CC(O)C,[K+].[OH-1],29.61,30.0,996.0000637440041,0.45408696798060205,outer
CC(=O)c1ccccc1,C[C@H](O)c1ccccc1,2013,Ru,C1CCC(CC1)Sc1ccccc1/C=N/[C@@H]1CCCC[C@H]1/N=C/c1ccccc1SC1CCCCC1,CC(O)C,[K+].[O-1]C(C)(C)C,50.0,60.0,2000.0,0.4539290730702167,inner
CC(=O)c1ccccc1,C[C@@H](O)c1ccccc1,2005,Ru,c1ccc(cc1)p1oc2ccc3c(c2c2c(o1)ccc1c2cccc1)cccc3.N[C@H]([C@H](c1ccccc1)N)c1ccccc1,CC(O)C,[O-1]C(C)(C)C.[K+],10.0,20.0,1000.0,0.4525499511986042,outer
CC(=O)c1ccc(C)cc1,Cc1ccc([C@H](C)O)cc1,2005,Ru,CCCC[C@@H]1C=Cc2c(N1p1oc3ccc4c(c3c3c(o1)ccc1c3cccc1)cccc4)c(ccc2)P(c1ccccc1)c1ccccc1.N[C@H]([C@H](c1ccccc1)N)c1ccccc1,ClCCl.CO,[O-1]C(C)(C)C.[Na+],30.0,25.0,500.0,0.44659749135219035,outer
CC(=O)c1ccccc1Br,C[C@H](O)c1ccccc1Br,2015,Ru,C[N+]1(CCCC1)C[C@@H]1COC(=N1)C12C3[Fe]4567891(C2(C9C34)P(c1ccccc1)c1ccccc1)C1C7C6C5C81,Cc1ccccc1.O,[K+].[OH-1],20.0,30.0,200.0,0.44030101901234625,inner
COc1ccc(C(=O)c2ccccc2)cc1,COc1ccc([C@H](O)c2ccccc2)cc1,2000,Ru,Cc1cc(C)cc(c1)P(c1ccc2c(c1c1c(ccc3c1cccc3)P(c1cc(C)cc(c1)C)c1cc(C)cc(c1)C)cccc2)c1cc(C)cc(c1)C.COc1ccc(cc1)C(c1ccc(cc1)OC)([C@H](C(C)C)N)N,CC(O)C,[O-1]C(C)(C)C.[K+],8.0,28.0,2000.0,0.4373961796983938,outer
CC(=O)c1ccccc1,C[C@@H](O)c1ccccc1,2005,Ru,c1ccc(cc1)c1ccccc1p1oc2ccc3c(c2c2c(o1)ccc1c2cccc1)cccc3.N[C@H]([C@H](c1ccccc1)N)c1ccccc1,CC(O)C,[O-1]C(C)(C)C.[K+],10.0,20.0,1000.0,0.4257768224425839,outer
CCOC(=O)C(=O)c1ccccc1C,CCOC(=O)[C@H](O)c1ccccc1C,2005,Ru,CC1(C)Oc2c(O1)c(c1c3OC(Oc3ccc1P(c1ccccc1)c1ccccc1)(C)C)c(cc2)P(c1ccccc1)c1ccccc1,CO,O=C1CC2C(C1(CC2)CS(=O)(=O)O)(C)C,50.0,70.0,100.0,0.42212759043332443,inner
O=C(CCN1CCN(c2ccccc2)CC1)c1ccccc1,O[C@@H](CCN1CCN(c2ccccc2)CC1)c1ccccc1,2025,Ru,Cc1cc(C)c(c(c1)C)[C@H](c1ccccc1)NCCP(c1ccccc1)c1ccccc1.CN([C@H](c1cccc2c1cccc2)[C@@H](c1cccc2c1cccc2)N(C)C)C,C1CCCO1,[K+].[O-1]C,50.0,30.0,100.0,0.41305297463976043,outer
CC(=O)c1ccccc1,C[C@@H](O)c1ccccc1,2019,Ru,COC1CCC(C2=C(C(=O)C(=C12)c1ccccc1)c1ccccc1)OC,Cc1ccccc1,[O-1][N+](C)(C)C.c1cccnc1,30.0,80.0,100.0,0.41293343934729987,inner
CCOC(=O)C(=O)c1ccccc1C,CCOC(=O)[C@H](O)c1ccccc1C,2005,Ru,CC1(C)Oc2c(O1)c(c1c3OC(Oc3ccc1P(c1ccccc1)c1ccccc1)(C)C)c(cc2)P(c1ccccc1)c1ccccc1,CO,,50.0,70.0,100.0,0.40718925635756115,inner
O=C(O)C(=O)c1ccccc1,O=C(O)[C@@H](O)c1ccccc1,2017,Ru,CC([C@H]1COC(=N1)C12C3[Ru-2]4567892(C1(P(c1ccccc1)c1ccccc1)C5C34)C1C6C9(C8(C71)P(c1ccccc1)c1ccccc1)C1=N[C@H](CO1)C(C)(C)C)(C)C.c1ccc(cc1)P(c1ccccc1)c1ccccc1,C1CCCO1,[O-1]C(=O)C.[Na+],40.0,25.0,50.0,0.40624029156801766,inner
CC(=O)c1ccccc1,C[C@@H](O)c1ccccc1,2019,Ru,O=C1C(=C2C(=C1c1ccccc1)C(CCC2OCc1ccccc1)OCc1ccccc1)c1ccccc1,CC(O)C.O,[O-1][N+](C)(C)C.Cc1ccccn1,30.0,80.0,100.0,0.39769438416851416,inner
CC(=O)c1ccccc1,C[C@H](O)c1ccccc1,2013,Ru,CC(Sc1ccccc1/C=N/[C@@H]1CCCC[C@H]1/N=C/c1ccccc1SC(C)(C)C)(C)C,C1CCCO1,[K+].[O-1]C(C)(C)C,50.0,60.0,2000.0,0.395323038774651,inner
CC(=O)c1ccccc1,C[C@H](O)c1ccccc1,2015,Ru,CC(P(c1ccccc1)Cc1cccc(n1)CP(C(C)(C)C)c1ccccc1)(C)C,CO,[O-1]C(C)(C)C.[K+],30.0,25.0,200.0,0.39299099885395344,outer
CC(=O)c1ccccc1,C[C@H](O)c1ccccc1,2011,Ru,COc1ccccc1P(c1ccccc1)CCN[C@@H]1CCCC[C@H]1N,CC(O)C,[O-1]C(C)(C)C.[K+],49.35,50.0,200.0,0.3834568211917409,outer
CC(=O)c1cccc(Br)c1,C[C@H](O)c1cccc(Br)c1,2020,Ru,O=C(c1ccccc1P(C(C)(C)C)C)N[C@@H]1CCCC[C@H]1NC(=O)c1ccccc1P(C(C)(C)C)C,CC(O)C,[O-1]C(C)(C)C.[K+],30.0,25.0,100.0,0.3798358474206465,outer
CC(=O)c1ccccc1,C[C@H](O)c1ccccc1,2010,Ru,c1ccc(cc1)P(c1ccc2c(c1c1c(ccc3c1cccc3)P(c1ccccc1)c1ccccc1)cccc2)c1ccccc1.NCc1ncc[nH]1,Cc1ccccc1.CC(O)(C)C,[O-1]C(C)(C)C.[K+],8.0,25.0,1000.0,0.3798358474206465,outer
CC(=O)c1ccccc1,C[C@@H](O)c1ccccc1,2008,Ru,Cc1ccc(cc1)P(c1ccc2c(c1c1c(ccc3c1cccc3)P(c1ccc(cc1)C)c1ccc(cc1)C)cccc2)c1ccc(cc1)C.CCN(C[C@@H](c1ccccc1)N)CC,CC(O)C,[K+].[O-1]C(C)(C)C,8.0,25.0,500.0,0.3798358474206465,outer
CC(=O)c1ccccc1,C[C@H](O)c1ccccc1,2020,Ru,O=C(c1ccccc1P(C(C)(C)C)C)N[C@@H]1CCCC[C@H]1NC(=O)c1ccccc1P(C(C)(C)C)C,CC(O)C,[O-1]C(C)(C)C.[K+],30.0,25.0,10000.0,0.3798358474206465,outer
CC(C)C(=O)c1ccccc1,CC(C)[C@H](O)c1ccccc1,2000,Ru,Cc1cc(C)cc(c1)P(c1cc2CCc3ccc(CCc1cc2)cc3P(c1cc(C)cc(c1)C)c1cc(C)cc(c1)C)c1cc(C)cc(c1)C.N[C@@H]([C@@H](c1ccccc1)N)c1ccccc1,CC(O)C,[K+].[O-1]C(C)(C)C,5.5,19.0,500.0,0.37219199337226866,outer
O=C(c1ccccc1)C1CC1,O[C@H](c1ccccc1)C1CC1,2004,Ru,Clc1ccc2c(c1)c(cc(c2c1c(cc(c2c1ccc(c2)Cl)c1ccccc1)P(c1cc(C)cc(c1)C)c1cc(C)cc(c1)C)P(c1cc(C)cc(c1)C)c1cc(C)cc(c1)C)c1ccccc1.COc1ccc(cc1)C(c1ccc(cc1)OC)([C@@H](C(C)C)N)N,CC(O)C,[O-1]C(C)(C)C.[K+],48.3,25.0,1000.0,0.3654688949457799,outer
CC(=O)c1ccccc1,C[C@H](O)c1ccccc1,2008,Ru,COc1nc(OC)cc(c1c1c(OC)nc(cc1P(c1ccc(cc1)OC)c1ccc(cc1)OC)OC)P(c1ccc(cc1)OC)c1ccc(cc1)OC.N[C@@H]([C@@H](c1ccccc1)N)c1ccccc1,CC(O)C,[K+].[O-1]C(C)(C)C,30.0,25.0,2000.0,0.3628679880882602,outer
CC(=O)c1ccccc1,C[C@@H](O)c1ccccc1,2019,Ru,O=C1C(=C2C(=C1c1ccccc1)C(CCC2OCc1ccccc1)OCc1ccccc1)c1ccccc1,CC(O)C.O,[O-1][N+](C)(C)C.c1cccnc1,30.0,40.0,100.0,0.36074688552266776,inner
O=C(CCN1CCN(c2ccccc2)CC1)Cc1ccccc1,O[C@H](CCN1CCN(c2ccccc2)CC1)Cc1ccccc1,2025,Ru,Cc1cc(C)c(c(c1)C)[C@H](c1ccc2c(c1)cccc2)NCCP(c1ccccc1)c1ccccc1.CP(CCP(C)C)C,C1CCCO1,[K+].[O-1]C,50.0,30.0,100.0,0.3597243860259206,outer
CCOC(=O)CC(=O)C(F)(F)F,CCOC(=O)C[C@@H](O)C(F)(F)F,2004,Ru,c1ccc(cc1)P(c1ccc2c(c1c1c(ccc3c1cccc3)P(c1ccccc1)c1ccccc1)cccc2)c1ccccc1,CCO,,9.87,110.0,100.0,0.356621696584171,inner
CC(=O)c1ccccc1,C[C@H](O)c1ccccc1,2003,Ru,Cc1cc(C)cc(c1)P(c1cccc2c1[C@]1(CC2)CCc2c1c(ccc2)P(c1cc(C)cc(c1)C)c1cc(C)cc(c1)C)c1ccc(cc1C)C.N[C@H]([C@H](c1ccccc1)N)c1ccccc1,CC(O)C,[O-1]C(C)(C)C.[K+],50.0,25.0,5000.0,0.3408938659125156,outer
CC(=O)c1ccccc1,C[C@H](O)c1ccccc1,2005,Ru,Cc1cc(C)cc(c1)P(c1cccc2c1C1(CC2)CCc2c1c(ccc2)P(c1cc(C)cc(c1)C)c1cc(C)cc(c1)C)c1cc(C)cc(c1)C.N[C@H]([C@H](c1ccccc1)N)c1ccccc1,CC(O)C,[O-1]C(C)(C)C.[K+],50.0,25.0,5000.0,0.3408938659125156,outer
CC(=O)c1ccccc1,C[C@H](O)c1ccccc1,2010,Ru,CC1(C)O[C@@H]([C@H](O1)CP(c1ccccc1)c1ccccc1)CP(c1ccccc1)c1ccccc1.COc1ccc2c(c1)[nH]c(n2)[C@@H](N)C,Cc1ccccc1.CO,[O-1]C(C)(C)C.[K+],8.0,25.0,1000.0,0.3408938659125156,outer
O=C1CCCc2ccccc21,O[C@@H]1CCCc2ccccc21,2024,Ru,COC[C@@H](N[C@H](C[C@@H](P(c1ccccc1)c1ccccc1)C)C)C,CC(O)C,[K+].[O-1]C(C)(C)C,70.0,25.0,200.0,0.3280745930111221,outer
CC(=O)c1ccc([N+](=O)[O-])cc1,C[C@H](O)c1ccc([N+](=O)[O-])cc1,2015,Ru,C[N+]1(CCCC1)C[C@@H]1COC(=N1)C12C3[Fe]4567891(C2(C9C34)P(c1ccccc1)c1ccccc1)C1C7C6C5C81,Cc1ccccc1.O,[K+].[OH-1],20.0,30.0,200.0,0.32320371172623336,inner
CC(=O)c1ccccc1,C[C@@H](O)c1ccccc1,2019,Ru,COC1CCC(C2=C(C(=O)C(=C12)c1ccccc1)c1ccccc1)OC,CC(O)C.O,[O-1][N+](C)(C)C.c1cccnc1,30.0,80.0,100.0,0.31981990814805766,inner
CC(=O)c1ccccc1,C[C@@H](O)c1ccccc1,2008,Ru,Cc1ccc(cc1)P(c1ccc2c(c1c1c(ccc3c1cccc3)P(c1ccc(cc1)C)c1ccc(cc1)C)cccc2)c1ccc(cc1)C.CCCCN(C[C@@H](c1ccccc1)N)CCCC,CC(O)C,[K+].[O-1]C(C)(C)C,8.0,25.0,500.0,0.31532977636687975,outer
CC(=O)c1ccccc1,C[C@@H](O)c1ccccc1,2019,Ru,COC1CCC(C2=C(C(=O)C(=C12)c1ccccc1)c1ccccc1)OC,C1CCCO1,[O-1][N+](C)(C)C.c1cccnc1,30.0,80.0,100.0,0.31391462523877334,inner
CC(=O)c1ccccc1,C[C@@H](O)c1ccccc1,2020,Ru,O=C(c1ccccc1P(C(C)(C)C)C)N[C@H]1CCCC[C@@H]1NC(=O)c1ccccc1P(C(C)(C)C)C,CC(O)C,[O-1]C(C)(C)C.[K+],30.0,25.0,100.0,0.3026558454071696,outer
CC(=O)c1ccccc1,C[C@H](O)c1ccccc1,2013,Ru,c1ccc2c(c1)[C@H](NC2)[C@H]1NCc2c1cccc2.Cc1cc(cc(c1)C)c1cc(cc(c1)c1cc(C)cc(c1)C)P(c1cc(cc(c1)c1cc(C)cc(c1)C)c1cc(C)cc(c1)C)c1cc(cc(c1)c1cc(C)cc(c1)C)c1cc(C)cc(c1)C,CC(O)C,[K+].[O-1]C(C)(C)C,10.0,25.0,,0.3026558454071696,outer
CC(=O)c1ccccc1,C[C@@H](O)c1ccccc1,2019,Ru,O=C1C(=C2C(=C1c1ccccc1)C(CCC2O[Si](C(C)(C)C)(C)C)O[Si](C(C)(C)C)(C)C)c1ccccc1,CC(O)C.O,[O-1][N+](C)(C)C.c1cccnc1,30.0,80.0,100.0,0.29626330036132925,inner
CC(=O)c1ccccc1,C[C@H](O)c1ccccc1,2009,Ru,C[C@@H]1C[C@@H](C)Oc2c(-c3c(O1)cccc3P(c1ccccc1)c1ccccc1)c(ccc2)P(c1ccccc1)c1ccccc1.N[C@H]([C@H](c1ccccc1)N)c1ccccc1,CC(O)C,[O-1]C(C)(C)C.[K+],50.0,21.0,10000.0,0.2898824430377738,outer
CC(=O)c1ccccc1,C[C@@H](O)c1ccccc1,2019,Ru,COC1CCC(C2=C(C(=O)C(=C12)c1ccccc1)c1ccccc1)OC,CCOC(=O)C,[O-1][N+](C)(C)C.c1cccnc1,30.0,80.0,100.0,0.2874724789304239,inner
CC(=O)Nc1ccccc1C(=O)c1ccccc1,CC(=O)Nc1ccccc1[C@@H](O)c1ccccc1,2023,Ru,CC([C@H]1COC(=N1)C12C3[Ru]4567891(C2(C7C34)P(c1ccccc1)c1ccccc1)C1C5C9(C8(C61)P(c1ccccc1)c1ccccc1)C1=N[C@H](CO1)C(C)(C)C)(C)C.c1ccc(cc1)P(c1ccccc1)c1ccccc1,C1CCCO1,[K+].[OH-1],40.0,10.0,100.0,0.287429155213953,inner
CC(=O)c1ccc(Br)cc1,C[C@H](O)c1ccc(Br)cc1,2020,Ru,O=C(c1ccccc1P(C(C)(C)C)C)N[C@@H]1CCCC[C@H]1NC(=O)c1ccccc1P(C(C)(C)C)C,CC(O)C,[O-1]C(C)(C)C.[K+],30.0,25.0,100.0,0.2775068741656546,outer
CC(=O)c1ccccc1,C[C@@H](O)c1ccccc1,2020,Ru,COc1ccccc1P(C(C)(C)C)c1ccccc1C(=O)N[C@H]1CCCC[C@@H]1NC(=O)c1ccccc1P(C(C)(C)C)c1ccccc1OC,CC(O)C,[O-1]C(C)(C)C.[K+],30.0,25.0,100.0,0.2775068741656546,outer
CC(=O)c1ccccc1,C[C@@H](O)c1ccccc1,2019,Ru,O=C1C(=C2C(=C1c1ccccc1)C(CCC2OCc1ccccc1)OCc1ccccc1)c1ccccc1,CC(O)C.O,[O-1][N+](C)(C)C.Cc1cccc(n1)C,30.0,80.0,100.0,0.2757857656399406,inner
CC(=O)c1ccccc1,C[C@@H](O)c1ccccc1,2008,Ru,Cc1ccc(cc1)P(c1ccc2c(c1c1c(ccc3c1cccc3)P(c1ccc(cc1)C)c1ccc(cc1)C)cccc2)c1ccc(cc1)C.CN([C@H]([C@H](c1ccccc1)N)c1ccccc1)C,CC(O)C,[K+].[O-1]C(C)(C)C,8.0,25.0,500.0,0.2650251890554729,outer
O=C1CCCc2ccccc21,O[C@H]1CCCc2ccccc21,2020,Ru,O=C(c1ccccc1P(C(C)(C)C)C)N[C@@H]1CCCC[C@H]1NC(=O)c1ccccc1P(C(C)(C)C)C,CC(O)C,[O-1]C(C)(C)C.[K+],30.0,25.0,100.0,0.2650251890554729,outer
CC(=O)c1ccccc1,C[C@H](O)c1ccccc1,2010,Ru,c1ccc(cc1)P(c1ccc2c(c1c1c(ccc3c1cccc3)P(c1ccccc1)c1ccccc1)cccc2)c1ccccc1.NCc1nnn[nH]1,CC(O)C,[O-1]C(C)(C)C.[K+],8.0,25.0,1000.0,0.2650251890554729,outer
CC(=O)c1ccccc1,C[C@@H](O)c1ccccc1,2006,Ru,Cc1cccc(n1)CNc1ccc2c(c1c1c(NCc3cccc(n3)C)ccc3c1cccc3)cccc2,CC(O)C,[O-1]C(C)(C)C.[K+],50.0,25.0,1000.0,0.25260108776660695,outer
CC(=O)c1ccccc1,C[C@@H](O)c1ccccc1,2019,Ru,COC1CCC(C2=C(C(=O)C(=C12)c1ccccc1)c1ccccc1)OC,CC#N,[O-1][N+](C)(C)C.c1cccnc1,30.0,80.0,100.0,0.24672975376605524,inner
O=C(CCN1CCN(c2ccccc2)CC1)c1ccccc1,O[C@H](CCN1CCN(c2ccccc2)CC1)c1ccccc1,2025,Ru,Cc1cc(C)c(c(c1)C)[C@H](c1ccccc1)NCCP(c1ccccc1)c1ccccc1.CN(CCCN(C)C)C,C1CCCO1,[K+].[O-1]C,50.0,30.0,100.0,0.2442601606776857,outer
CC(=O)/C=C/c1ccccc1,C[C@@H](O)/C=C/c1ccccc1,2025,Ru,OC[C@@H](NC(=O)CN[C@@H](C12C3[Fe]4567891(C2(C8C34)P(c1ccccc1)c1ccccc1)C1C5C6C9(C71)P(c1ccccc1)c1ccccc1)C)C,CC#N,C1CN2CCN1CC2.CN(C(=N)N(C)C)C,10.0,25.0,50.0,0.24023145936352297,outer
CC(=O)c1ccccc1,C[C@H](O)c1ccccc1,2015,Ru,CC(P(c1ccccc1)Cc1cccc(n1)CP(C(C)(C)C)c1ccccc1)(C)C,C1CCCO1,[O-1]C(C)(C)C.[K+],30.0,25.0,200.0,0.24023145936352297,outer
O=C(CCN1CCN(c2ccccc2)CC1)c1ccccc1,O[C@H](CCN1CCN(c2ccccc2)CC1)c1ccccc1,2025,Ru,Cc1cc(C)c(c(c1)C)[C@H](c1ccccc1)NCCP(c1ccccc1)c1ccccc1.N[C@H](C(CCC(C)C)(CCC(C)C)O)c1ccccc1,C1CCCO1,[K+].[O-1]C,50.0,30.0,100.0,0.2192599060647536,outer
CC(=O)c1ccccc1,C[C@@H](O)c1ccccc1,2019,Ru,COC1CCC(C2=C(C(=O)C(=C12)c1ccccc1)c1ccccc1)OC,O=CN(C)C,[O-1][N+](C)(C)C.c1cccnc1,30.0,80.0,100.0,0.21500719187073344,inner
O=C(CCN1CCN(c2ccccc2)CC1)c1ccccc1,O[C@@H](CCN1CCN(c2ccccc2)CC1)c1ccccc1,2025,Ru,Cc1cc(C)c(c(c1)C)[C@H](c1ccccc1)NCCP(c1ccccc1)c1ccccc1.N[C@@H](c1ccccc1)CP(c1ccccc1)c1ccccc1,C1CCCO1,[K+].[O-1]C,50.0,30.0,100.0,0.2068307529853731,outer
CC(=O)/C=C(\C)c1ccccc1,C/C(=C\[C@H](C)O)c1ccccc1,2014,Ru,c1ccc(cc1)P(c1ccccc1)CCP(c1ccccc1)c1ccccc1.c1ccc2c(c1)[C@H](NC2)[C@@H]1NCc2c1cccc2,CC(O)C,[O-1]C(C)(C)C.[K+],10.0,25.0,1000.0,0.20341939304828957,outer
CC(=O)c1ccccc1,C[C@@H](O)c1ccccc1,2005,Ru,CCp1oc2ccc3c(c2c2c(o1)ccc1c2cccc1)cccc3.N[C@H]([C@H](c1ccccc1)N)c1ccccc1,CC(O)C,[O-1]C(C)(C)C.[K+],10.0,20.0,1000.0,0.20000803311120607,outer
O=C(CCN1CCN(c2ccccc2)CC1)c1ccccc1,O[C@H](CCN1CCN(c2ccccc2)CC1)c1ccccc1,2025,Ru,Cc1cc(C)c(c(c1)C)[C@H](c1ccccc1)NCCP(c1ccccc1)c1ccccc1.c1ccc(nc1)c1ccccn1,C1CCCO1,[K+].[O-1]C,50.0,30.0,100.0,0.19444504367962168,outer
COc1cccc(C(=O)c2cc(Cl)ccc2N)c1OC,COc1cccc([C@@H](O)c2cc(Cl)ccc2N)c1OC,2011,Ru,CN(c1ccc(cc1)P(c1ccc2c(c1c1c(ccc3c1cccc3)P(c1ccc(cc1)N(C)C)c1ccc(cc1)N(C)C)cccc2)c1ccc(cc1)N(C)C)C.N[C@H]([C@H](c1ccccc1)N)c1ccccc1,CC(O)C.C1CCCO1,[OH-1].[K+],4.0,43.0,1000.0,0.18990894923543022,outer
O=C(CCN1CCN(c2ccccc2)CC1)c1ccccc1,O[C@H](CCN1CCN(c2ccccc2)CC1)c1ccccc1,2025,Ru,Cc1cc(C)c(c(c1)C)[C@H](c1ccccc1)NCCP(c1ccccc1)c1ccccc1.CN([C@@H]1CCCC[C@H]1N(C)C)C,C1CCCO1,[K+].[O-1]C,50.0,30.0,100.0,0.1820999461038136,outer
CC(=O)c1ccccc1,C[C@H](O)c1ccccc1,2020,Ru,O=C(c1ccccc1P(C(C)(C)C)C)N[C@@H]1CCCC[C@H]1NC(=O)c1ccccc1P(C(C)(C)C)C,Cc1ccccc1,[O-1]C(C)(C)C.[K+],30.0,25.0,100.0,0.17909648336088413,outer
CC(=O)c1ccccc1,C[C@@H](O)c1ccccc1,2006,Ru,c1ccc(cc1)c1cc2ccccc2c(c1NCc1ccccn1)c1c(NCc2ccccn2)c(cc2c1cccc2)c1ccccc1,CCO,[O-1]C(C)(C)C.[K+],50.0,25.0,1000.0,0.17909648336088413,outer
O=C(CCN1CCN(c2ccccc2)CC1)c1ccccc1,O[C@@H](CCN1CCN(c2ccccc2)CC1)c1ccccc1,2025,Ru,Cc1cc(C)c(c(c1)C)[C@H](c1ccccc1)NCCP(c1ccccc1)c1ccccc1.Brc1ccc2c(c1)ccc(c2c1c(N)ccc2c1ccc(c2)Br)N,C1CCCO1,[K+].[O-1]C,50.0,30.0,100.0,0.1697926808804052,outer
CC(=O)c1ccccc1,C[C@H](O)c1ccccc1,2011,Ru,COc1ccccc1P(c1ccccc1)CCN[C@H]1CCCC[C@@H]1N,CC(O)C,[O-1]C(C)(C)C.[K+],49.35,50.0,200.0,0.16791276643438527,outer
O=C1CCCc2ccccc21,O[C@@H]1CCCc2ccccc21,2024,Ru,COC[C@@H](NCCP(c1ccccc1)c1ccccc1)C,CC(O)C,[K+].[O-1]C(C)(C)C,70.0,25.0,200.0,0.1549224549355159,outer
CC(=O)c1ccccc1,C[C@@H](O)c1ccccc1,2019,Ru,O=C1C(=C2C(=C1c1ccccc1)C(CCC2OCc1ccccc1)OCc1ccccc1)c1ccccc1,CC(O)C.O,[O-1][N+](C)(C)C.c1ccc(cc1)P(c1ccccc1)c1ccccc1,30.0,80.0,100.0,0.15217793032623317,inner
CC(=O)/C=C/c1ccccc1,C[C@@H](O)/C=C/c1ccccc1,2025,Ru,OC[C@@H](NC(=O)CN[C@@H](C12C3[Fe]4567891(C2(C8C34)P(c1ccccc1)c1ccccc1)C1C5C6C9(C71)P(c1ccccc1)c1ccccc1)C)C,Cc1ccccc1C,[Na+].[O-1]C(C)(C)C,10.0,25.0,50.0,0.1308759902239338,outer
CC(=O)c1ccccc1,C[C@H](O)c1ccccc1,2013,Ru,c1ccc2c(c1)[C@H](NC2)[C@H]1NCc2c1cccc2.Fc1c(P(c2c(F)c(F)c(c(c2F)F)F)c2c(F)c(F)c(c(c2F)F)F)c(F)c(c(c1F)F)F,CC(O)C,[K+].[O-1]C(C)(C)C,10.0,25.0,,0.1308759902239338,outer
CC(=O)c1ccccc1,C[C@H](O)c1ccccc1,2019,Ru,O=C1C(=C2C(=C1c1ccccc1)C(CCC2O[Si](C(C)(C)C)(C)C)O[Si](C(C)(C)C)(C)C)c1ccccc1,CC(O)C.O,[O-1][N+](C)(C)C,30.0,80.0,100.0,0.12383354213149757,inner
CCOC(=O)C(=O)c1ccccc1Cl,CCOC(=O)[C@@H](O)c1ccccc1Cl,2005,Ru,CC1(C)Oc2c(O1)c(c1c3OC(Oc3ccc1P(c1ccccc1)c1ccccc1)(C)C)c(cc2)P(c1ccccc1)c1ccccc1,CO,O=C1CC2C(C1(CC2)CS(=O)(=O)O)(C)C,50.0,70.0,100.0,0.12307640954893849,inner
O=C(CCN1CCN(c2ccccc2)CC1)c1ccccc1,O[C@H](CCN1CCN(c2ccccc2)CC1)c1ccccc1,2025,Ru,Cc1cc(C)c(c(c1)C)[C@H](c1ccccc1)NCCP(c1ccccc1)c1ccccc1.COc1ccc(cc1)[C@H]([C@@H](c1ccc(cc1)OC)N(C)C)N(C)C,C1CCCO1,[K+].[O-1]C,50.0,30.0,100.0,0.12088797614568661,outer
CC(=O)c1ccccc1,C[C@H](O)c1ccccc1,2020,Ru,COc1ccccc1P(C(C)(C)C)c1ccccc1C(=O)N[C@H]1CCCC[C@@H]1NC(=O)c1ccccc1P(C(C)(C)C)c1ccccc1OC,CC(O)C,[O-1]C(C)(C)C.[K+],30.0,25.0,100.0,0.11889411211557466,outer
CC(=O)/C=C(\C)c1ccccc1,C/C(=C\[C@H](C)O)c1ccccc1,2014,Ru,C(CCP(c1ccccc1)c1ccccc1)CCCP(c1ccccc1)c1ccccc1.c1ccc2c(c1)[C@H](NC2)[C@@H]1NCc2c1cccc2,CC(O)C,[O-1]C(C)(C)C.[K+],10.0,25.0,1000.0,0.11889411211557466,outer
CC(C)(C)[Si](C)(C)C#CC(=O)c1ccccc1,CC(C)(C)[Si](C)(C)C#C[C@@H](O)c1ccccc1,2013,Ru,Cc1ccc(cc1)S(=O)(=O)N[C@H]([C@H](c1ccccc1)N)c1ccccc1,CO,,10.0,50.0,100.0,0.1159030795446291,outer
O=C(c1ccccc1)c1ccc(Cl)cc1,O[C@@H](c1ccccc1)c1ccc(Cl)cc1,2000,Ru,Cc1cc(C)cc(c1)P(c1ccc2c(c1c1c(ccc3c1cccc3)P(c1cc(C)cc(c1)C)c1cc(C)cc(c1)C)cccc2)c1cc(C)cc(c1)C.COc1ccc(cc1)C(c1ccc(cc1)OC)([C@H](C(C)C)N)N,CC(O)C,[O-1]C(C)(C)C.[K+],8.0,28.0,2000.0,0.10801241653988874,outer
CC(=O)c1ccccc1,C[C@H](O)c1ccccc1,2013,Ru,c1ccc2c(c1)[C@H](NC2)[C@H]1NCc2c1cccc2.COc1ccccc1P(c1ccccc1OC)c1ccccc1OC,CC(O)C,[K+].[O-1]C(C)(C)C,10.0,25.0,,0.10693641703924234,outer
O=C(c1ccccc1)C(F)(F)F,O[C@H](c1ccccc1)C(F)(F)F,2012,Ru,Cc1ccc(cc1)S(=O)(=O)c1ccc(cc1)S(=O)(=O)N[C@H]([C@H](c1ccccc1)NCCc1ccccc1)c1ccccc1,CO,,30.0,60.0,500.0,0.1061525553755235,outer
CC(=O)c1ccccc1,C[C@@H](O)c1ccccc1,2019,Ru,OC1CCC(C2=C(C(=O)C(=C12)c1ccccc1)c1ccccc1)O,CC(O)C.O,[K+].[O-1]C(=O)[O-1].[K+],30.0,80.0,100.0,0.0984101022701954,inner
O=C(CCN1CCN(c2ccccc2)CC1)c1ccccc1,O[C@@H](CCN1CCN(c2ccccc2)CC1)c1ccccc1,2025,Ru,Cc1cc(C)c(c(c1)C)[C@H](c1ccccc1)NCCP(c1ccccc1)c1ccccc1.CN([C@H]([C@@H](c1ccccc1)N(C)C)c1ccccc1)C,C1CCCO1,[K+].[O-1]C,50.0,30.0,100.0,0.0965935679486416,outer
Cc1ccc(C(=O)c2ccccc2)cc1,Cc1ccc([C@H](O)c2ccccc2)cc1,2000,Ru,Cc1cc(C)cc(c1)P(c1ccc2c(c1c1c(ccc3c1cccc3)P(c1cc(C)cc(c1)C)c1cc(C)cc(c1)C)cccc2)c1cc(C)cc(c1)C.COc1ccc(cc1)C(c1ccc(cc1)OC)([C@H](C(C)C)N)N,CC(O)C,[O-1]C(C)(C)C.[K+],8.0,28.0,2000.0,0.0959563021201828,outer
O=C1CCc2ccccc21,O[C@H]1CCc2ccccc21,2020,Ru,O=C(c1ccccc1P(C(C)(C)C)C)N[C@@H]1CCCC[C@H]1NC(=O)c1ccccc1P(C(C)(C)C)C,CC(O)C,[O-1]C(C)(C)C.[K+],30.0,25.0,100.0,0.0950004033774946,outer
COCC(=O)c1ccc(C(F)(F)F)cc1,COC[C@@H](O)c1ccc(C(F)(F)F)cc1,2004,Ru,C1C[C@@H]([C@@H](C1)P(c1ccccc1)c1ccccc1)[C@H]1CCC[C@H]1P(c1ccccc1)c1ccccc1.NCCSCC,CC(O)C,[O-1]C(C)(C)C.[Na+],7.0,25.0,200.0,0.0950004033774946,outer
CC(=O)c1ccccc1,C[C@@H](O)c1ccccc1,2000,Ru,Cc1cc(C)cc(c1)P(c1cc2CCc3ccc(CCc1cc2)cc3P(c1cc(C)cc(c1)C)c1cc(C)cc(c1)C)c1cc(C)cc(c1)C.N[C@H]1CCCC[C@@H]1N,CC(O)C,[K+].[O-1]C(C)(C)C,8.0,19.0,3000.003000003,0.09308860589211825,outer
O=C(CCN1CCN(c2ccccc2)CC1)c1ccccc1,O[C@@H](CCN1CCN(c2ccccc2)CC1)c1ccccc1,2025,Ru,Cc1cc(C)c(c(c1)C)[C@H](c1ccccc1)NCCP(c1ccccc1)c1ccccc1.c1ccc(cc1)P(C12C3[Fe]4567892(C1C5C34)C1C6C7C9(C81)P(c1ccccc1)c1ccccc1)c1ccccc1,C1CCCO1,[K+].[O-1]C,50.0,30.0,100.0,0.0844769149177679,outer
COc1cccc(C(=O)c2cc(Cl)ccc2N)c1OC,COc1cccc([C@H](O)c2cc(Cl)ccc2N)c1OC,2011,Ru,CC(c1cc(cc(c1)C(C)(C)C)P(c1ccc2c(c1c1c(ccc3c1cccc3)P(c1cc(cc(c1)C(C)(C)C)C(C)(C)C)c1cc(cc(c1)C(C)(C)C)C(C)(C)C)cccc2)c1cc(cc(c1)C(C)(C)C)C(C)(C)C)(C)C.N[C@H]([C@H](c1ccccc1)N)c1ccccc1,CC(O)C.C1CCCO1,[OH-1].[K+],4.0,43.0,1000.0,0.07548105798811919,outer
O=C(CCN1CCN(c2ccccc2)CC1)c1ccccc1,O[C@@H](CCN1CCN(c2ccccc2)CC1)c1ccccc1,2025,Ru,Cc1cc(C)c(c(c1)C)[C@H](c1ccccc1)NCCP(c1ccccc1)c1ccccc1.CP(C)C,C1CCCO1,[K+].[O-1]C,50.0,30.0,100.0,0.07237729789371605,outer
CC(=O)c1ccc(C)cc1,Cc1ccc([C@@H](C)O)cc1,2005,Ru,CCCC[C@@H]1C=Cc2c(N1p1oc3ccc4c(c3c3c(o1)ccc1c3cccc1)cccc4)c(ccc2)P(c1ccccc1)c1ccccc1.N[C@H]([C@H](c1ccccc1)N)c1ccccc1,ClCCl.CO,[O-1]C(C)(C)C.[Na+],30.0,25.0,500.0,0.0711835440112533,outer
CC(=O)c1ccccc1,C[C@H](O)c1ccccc1,2019,Ru,O=C1C(=C2C(=C1c1ccccc1)C(CCC2OCc1ccccc1)OCc1ccccc1)c1ccccc1,CC(O)C.O,[O-1][n+]1ccccc1,30.0,80.0,100.0,0.06742266173666947,inner
CC(=O)c1ccccc1,C[C@@H](O)c1ccccc1,2017,Ru,C[C@H](C12C3[Fe]4567891(C2(C9C34)P(c1ccccc1)c1ccccc1)C1C7C6C5C81)NCc1ccccn1,CC(O)C,[O-1]C(C)(C)C.[K+],49.35,50.0,400.0,0.06426996205407945,outer
CC(=O)/C=C/c1ccccc1,C[C@H](O)/C=C/c1ccccc1,2012,Ru,Cc1ccc(cc1)S(=O)(=O)c1ccc(cc1)S(=O)(=O)N[C@@H]([C@@H](c1ccccc1)NCCc1ccccc1)c1ccccc1,CO,,30.0,60.0,500.0,0.062277237770095056,outer
CC(=O)c1ccccc1,C[C@H](O)c1ccccc1,2019,Ru,COC1CCC(C2=C(C(=O)C(=C12)c1ccccc1)c1ccccc1)OC,CC(O)C.O,,30.0,80.0,100.0,0.05898419215482368,inner
CC(=O)c1ccccc1,C[C@H](O)c1ccccc1,2019,Ru,O=C1C(=C2C(=C1c1ccccc1)C(CCC2OCc1ccccc1)OCc1ccccc1)c1ccccc1,CC(O)C.O,[O-1][N+](C)(C)C.Cc1cccc(n1)C,30.0,80.0,100.0,0.05617234577746803,inner
CC(=O)c1ccccc1,C[C@H](O)c1ccccc1,2019,Ru,COC1CCC(C2=C(C(=O)C(=C12)c1ccccc1)c1ccccc1)OC,CC(O)C.O,[O-1][N+](C)(C)C,30.0,80.0,100.0,0.05336094998162014,inner
CC(=O)c1ccccc1,C[C@H](O)c1ccccc1,2019,Ru,O=C1C(=C2C(=C1c1ccccc1)C(CCC2OCc1ccccc1)OCc1ccccc1)c1ccccc1,CC(O)C.O,[O-1][N+](C)(C)C.CCN(CC)CC,30.0,80.0,100.0,0.05054998210446884,inner
CC(=O)c1ccccc1,C[C@H](O)c1ccccc1,2019,Ru,O=C1C(=C2C(=C1c1ccccc1)C(CCC2OCc1ccccc1)OCc1ccccc1)c1ccccc1,CC(O)C.O,,30.0,80.0,100.0,0.05054998210446884,inner
O=C(CCN1CCN(c2ccccc2)CC1)c1ccccc1,O[C@H](CCN1CCN(c2ccccc2)CC1)c1ccccc1,2025,Ru,Cc1cc(C)c(c(c1)C)[C@H](c1ccccc1)NCCP(c1ccccc1)c1ccccc1.CN(CCN(C)C)C,C1CCCO1,[K+].[O-1]C,50.0,30.0,100.0,0.04821930234302544,outer
O=C(CCN1CCN(c2ccccc2)CC1)c1ccccc1,O[C@@H](CCN1CCN(c2ccccc2)CC1)c1ccccc1,2025,Ru,Cc1cc(C)c(c(c1)C)[C@H](c1ccccc1)NCCP(c1ccccc1)c1ccccc1.Cc1ccc(cc1)S(=O)(=O)N[C@H]([C@H](c1ccccc1)N)c1ccccc1,C1CCCO1,[K+].[O-1]C,50.0,30.0,100.0,0.04821930234302544,outer
Cc1ccc(C(=O)c2ccccc2)cc1,Cc1ccc([C@H](O)c2ccccc2)cc1,2003,Ru,COc1nc(OC)cc(c1c1c(OC)nc(cc1P(c1cc(C)cc(c1)C)c1cc(C)cc(c1)C)OC)P(c1cc(C)cc(c1)C)c1cc(C)cc(c1)C.N[C@@H]([C@@H](c1ccccc1)N)c1ccccc1,CC(O)C,[O-1]C(C)(C)C.[K+],20.41371802,27.5,2000.0,0.04662487944943013,outer
CC(=O)c1ccccc1,C[C@H](O)c1ccccc1,2019,Ru,O=C1C(=C2C(=C1c1ccccc1)C(CCC2OCc1ccccc1)OCc1ccccc1)c1ccccc1,CC(O)C.O,[K+].[O-1]C(=O)[O-1].[K+],30.0,80.0,100.0,0.036500769683291724,inner
CC(=O)c1ccccc1,C[C@@H](O)c1ccccc1,2019,Ru,OC1CCC(C2=C(C(=O)C(=C12)c1ccccc1)c1ccccc1)O,CC(O)C.O,[O-1][N+](C)(C)C,30.0,80.0,100.0,0.03369189447765405,inner
CC(=O)c1ccccc1,C[C@H](O)c1ccccc1,2019,Ru,COC1CCC(C2=C(C(=O)C(=C12)c1ccccc1)c1ccccc1)OC,CC(O)C.O,[K+].[O-1]C(=O)[O-1].[K+],30.0,80.0,100.0,0.03369189447765405,inner
CC(=O)c1ccccc1,C[C@H](O)c1ccccc1,2019,Ru,O=C1C(=C2C(=C1c1ccccc1)C(CCC2OCc1ccccc1)OCc1ccccc1)c1ccccc1,CC(O)C.O,[O-1][N+](C)(C)C,30.0,80.0,100.0,0.030883289067207803,inner
CC(=O)c1ccccc1,C[C@H](O)c1ccccc1,2019,Ru,OC1CCC(C2=C(C(=O)C(=C12)c1ccccc1)c1ccccc1)O,CC(O)C.O,,30.0,80.0,100.0,0.029479080494561098,inner
CC(=O)c1ccccc1,C[C@H](O)c1ccccc1,2019,Ru,O=C1C(=C2C(=C1c1ccccc1)C(CCC2OCc1ccccc1)OCc1ccccc1)c1ccccc1,CC(O)C.O,[O-1][N+](C)(C)C.c1cccnc1,30.0,80.0,100.0,0.022458866380781057,inner
COc1ccccc1C(C)=O,COc1ccccc1[C@H](C)O,2020,Ru,O=C(c1ccccc1P(C(C)(C)C)C)N[C@@H]1CCCC[C@H]1NC(=O)c1ccccc1P(C(C)(C)C)C,CC(O)C,[O-1]C(C)(C)C.[K+],30.0,25.0,100.0,0.011850068612820987,outer
O=C1c2ccccc2SCc2c1ccc(F)c2F,O[C@H]1c2ccccc2SCc2c1ccc(F)c2F,2025,Ru,Cc1cc(C)cc(c1)P(c1ccc2c(c1c1c(ccc3c1cccc3)P(c1cc(C)cc(c1)C)c1cc(C)cc(c1)C)cccc2)c1cc(C)cc(c1)C.COc1ccc(cc1)C(c1ccc(cc1)OC)([C@H](C(C)C)N)N,CO,[Cs+].[O-1]C(=O)[O-1].[Cs+],60.0,25.0,100.0,0.0059248861743805125,outer
CC(=O)c1ccccc1,C[C@H](O)c1ccccc1,2010,Ru,CC1(C)O[C@@H]([C@H](O1)CP(c1ccccc1)c1ccccc1)CP(c1ccccc1)c1ccccc1.COc1ccc2c(c1)[nH]c(n2)[C@@H](N)C,Cc1ccccc1.CC(O)(C)C,[O-1]C(C)(C)C.[Li+],8.0,25.0,1000.0,0.0,outer
CC(=O)c1ccccc1,C[C@@H](O)c1ccccc1,2005,Ru,Cc1ccccc1p1oc2ccc3c(c2c2c(o1)ccc1c2cccc1)cccc3.N[C@H]([C@H](c1ccccc1)N)c1ccccc1,CC(O)C,[O-1]C(C)(C)C.[K+],10.0,20.0,1000.0,0.0,outer
CC(=O)/C=C/c1ccccc1,C[C@@H](O)/C=C/c1ccccc1,2025,Ru,OC[C@@H](NC(=O)CN[C@@H](C12C3[Fe]4567891(C2(C8C34)P(c1ccccc1)c1ccccc1)C1C5C6C9(C71)P(c1ccccc1)c1ccccc1)C)C,CC(O)C,[Na+].[O-1]C(C)(C)C,10.0,25.0,50.0,0.0,outer
CC(=O)/C=C/c1ccccc1,C[C@@H](O)/C=C/c1ccccc1,2025,Ru,OC[C@@H](NC(=O)CN[C@@H](C12C3[Fe]4567891(C2(C8C34)P(c1ccccc1)c1ccccc1)C1C5C6C9(C71)P(c1ccccc1)c1ccccc1)C)C,CC#N,[Na+].[O-1]C(C)(C)C,10.0,25.0,50.0,0.0,outer
CC(=O)c1ccccc1,C[C@@H](O)c1ccccc1,2006,Ru,c1ccc(cc1)c1cc2ccccc2c(c1NCc1ccccn1)c1c(NCc2ccccn2)c(cc2c1cccc2)c1ccccc1,Cc1ccccc1,[O-1]C(C)(C)C.[K+],50.0,25.0,1000.0,0.0,outer
CC(=O)c1ccccc1,C[C@H](O)c1ccccc1,2011,Ru,N[C@@H]1CCCC[C@H]1NCc1ccccc1P(c1ccccc1)c1ccccc1,CC(O)C,[O-1]C(C)(C)C.[K+],49.35,50.0,200.0,0.0,outer
CC(=O)c1ccccc1,C[C@H](O)c1ccccc1,2015,Ru,CC(P(c1ccccc1)Cc1cccc(n1)CP(C(C)(C)C)c1ccccc1)(C)C,c1ccccc1,[O-1]C(C)(C)C.[K+],30.0,25.0,200.0,0.0,outer
