external_row_index,Reactant SMILES,Product SMILES,Reaction Year,Metal,Ligand SMILES,Solvent SMILES,Additive SMILES,Pressure/atm,Temperature/C,S/C,ddG,dataset,domain,mechanism_domain,reaction_group,dataset_key,row_in_domain,record_id,y_true,pred_target_only_maccs_1_svr_target_only,abs_error_target_only_maccs_1_svr_target_only,pred_target_only_maccs_2_hgbr_target_only,abs_error_target_only_maccs_2_hgbr_target_only,pred_target_only_maccs_3_gbr_target_only,abs_error_target_only_maccs_3_gbr_target_only,pred_target_only_spoc_1_gbr_target_only,abs_error_target_only_spoc_1_gbr_target_only,pred_target_only_spoc_2_hgbr_target_only,abs_error_target_only_spoc_2_hgbr_target_only,pred_target_only_spoc_3_rf_target_only,abs_error_target_only_spoc_3_rf_target_only,pred_target_only_3_maccs_3_spoc_ensemble_mean,abs_error_target_only_3_maccs_3_spoc_ensemble_mean,pred_mechanism_aligned_transfer_maccs_1_extratrees_mixed,abs_error_mechanism_aligned_transfer_maccs_1_extratrees_mixed,pred_mechanism_aligned_transfer_maccs_2_hgbr_mixed,abs_error_mechanism_aligned_transfer_maccs_2_hgbr_mixed,pred_mechanism_aligned_transfer_maccs_3_dt_delta,abs_error_mechanism_aligned_transfer_maccs_3_dt_delta,pred_mechanism_aligned_transfer_spoc_1_hgbr_mixed,abs_error_mechanism_aligned_transfer_spoc_1_hgbr_mixed,pred_mechanism_aligned_transfer_spoc_2_extratrees_mixed,abs_error_mechanism_aligned_transfer_spoc_2_extratrees_mixed,pred_mechanism_aligned_transfer_spoc_3_rf_mixed,abs_error_mechanism_aligned_transfer_spoc_3_rf_mixed,pred_mechanism_aligned_transfer_3_maccs_3_spoc_ensemble_mean,abs_error_mechanism_aligned_transfer_3_maccs_3_spoc_ensemble_mean,pred_mechanism_mismatched_transfer_maccs_1_svr_mixed,abs_error_mechanism_mismatched_transfer_maccs_1_svr_mixed,pred_mechanism_mismatched_transfer_maccs_2_rf_mixed,abs_error_mechanism_mismatched_transfer_maccs_2_rf_mixed,pred_mechanism_mismatched_transfer_maccs_3_svr_delta,abs_error_mechanism_mismatched_transfer_maccs_3_svr_delta,pred_mechanism_mismatched_transfer_spoc_1_rf_mixed,abs_error_mechanism_mismatched_transfer_spoc_1_rf_mixed,pred_mechanism_mismatched_transfer_spoc_2_hgbr_delta,abs_error_mechanism_mismatched_transfer_spoc_2_hgbr_delta,pred_mechanism_mismatched_transfer_spoc_3_rf_delta,abs_error_mechanism_mismatched_transfer_spoc_3_rf_delta,pred_mechanism_mismatched_transfer_3_maccs_3_spoc_ensemble_mean,abs_error_mechanism_mismatched_transfer_3_maccs_3_spoc_ensemble_mean,member_prediction_std_target_only_3_maccs_3_spoc_ensemble_mean,member_prediction_std_mechanism_aligned_transfer_3_maccs_3_spoc_ensemble_mean,member_prediction_std_mechanism_mismatched_transfer_3_maccs_3_spoc_ensemble_mean,prediction_target_only,abs_error_target_only,prediction_mechanism_mismatched,abs_error_mechanism_mismatched,prediction_mechanism_aligned,abs_error_mechanism_aligned,aligned_pass,target_pass,mismatched_pass,eligible,improvement_vs_target,improvement_vs_mismatched,min_improvement
0,C=C(CC(=O)c1ccccc1)C(=O)O,C[C@@H](CC(=O)c1ccccc1)C(=O)O,2024,Ru,CC(C)(C)[C@H]1COC([C]23[CH]4[CH]5[CH]6[C]2(P(c2ccccc2)c2ccccc2)[Ru]54632789[CH]3[CH]2[C]7(C2=N[C@@H](C(C)(C)C)CO2)[C]8(P(c2ccccc2)c2ccccc2)[CH]39)=N1.c1ccc(P(c2ccccc2)c2ccccc2)cc1,CCO,O=C([O-])O.[Na+],20.0,25.0,100.0,3.136196721914521,recent_AHO,inner,inner,recent Ru-AHO test,ru__recent_aho_inner,0,ru__recent_aho_inner__00000,3.136196721914521,2.076831107386733,1.059365614527788,2.533805705518862,0.602391016395659,2.522091994419249,0.6141047274952722,1.755607031116811,1.38058969079771,2.1297812261933595,1.0064154957211615,1.8824638675000005,1.2537328544145208,2.1500968220225025,0.9860998998920184,2.16971080733106,0.966485914583461,1.74892849465528,1.387268227259241,4.5828007751203,1.4466040532057791,2.003723000712091,1.1324737212024298,1.4895670826032898,1.6466296393112312,2.0535608547818653,1.0826358671326557,2.341381835867314,0.7948148860472064,2.198914688688748,0.937282033225773,2.074219902406447,1.061976819508074,2.0754123733555536,1.0607843485589674,1.7456118881683609,1.3905848337461602,2.767153536248176,0.369043185666345,2.464110414864768,0.6720863070497529,2.220903800622009,0.915292921292512,0.2940076805716564,1.0268782421156857,0.3231635487319816,2.1500968220225025,0.9860998998920185,2.220903800622009,0.915292921292512,2.341381835867314,0.7948148860472068,False,True,True,False,0.19128501384481167,0.1204780352453052,0.1204780352453052
1,C=C(CC(=O)c1ccc(C)cc1)C(=O)O,Cc1ccc(C(=O)C[C@H](C)C(=O)O)cc1,2026,Ru,CC(C)(C)[C@H]1COC([C]23[CH]4[CH]5[CH]6[C]2(P(c2ccccc2)c2ccccc2)[Ru]54632789[CH]3[CH]2[C]7(C2=N[C@@H](C(C)(C)C)CO2)[C]8(P(c2ccccc2)c2ccccc2)[CH]39)=N1.c1ccc(P(c2ccccc2)c2ccccc2)cc1,CCO,O=C([O-])O.[Na+],20.0,25.0,100.0,3.136196721914521,recent_AHO,inner,inner,recent Ru-AHO test,ru__recent_aho_inner,1,ru__recent_aho_inner__00001,3.136196721914521,2.0889166074984,1.0472801144161212,2.537244624475728,0.5989520974387932,2.5591936229546577,0.5770030989598633,1.7821710022344524,1.354025719680069,2.0956635921856632,1.0405331297288578,1.8818950335999995,1.2543016883145215,2.157514080491483,0.9786826414230378,2.159432408906057,0.9767643130084642,1.665151372947687,1.471045348966834,5.5405786051203005,2.4043818832057795,1.8161124416178576,1.3200842802966632,1.5830848272526108,1.5531118946619102,2.058724462319175,1.077472259595346,2.470514019693948,0.6656827022205731,2.231399353606114,0.9047973683084072,2.2002573811229604,0.9359393407915606,2.087851433193268,1.048345288721253,1.809597669800231,1.32659905211429,2.907293181884857,0.2289035400296639,2.329513906912526,0.8066828150019951,2.260985487753326,0.8752112341611951,0.2974673994680016,1.3878052190768757,0.3318381596098775,2.157514080491483,0.9786826414230378,2.260985487753326,0.8752112341611951,2.470514019693948,0.6656827022205731,False,True,True,False,0.3129999392024647,0.20952853194062193,0.20952853194062193
2,C=C(CC(=O)c1ccc(CC)cc1)C(=O)O,CCc1ccc(C(=O)C[C@H](C)C(=O)O)cc1,2026,Ru,CC(C)(C)[C@H]1COC([C]23[CH]4[CH]5[CH]6[C]2(P(c2ccccc2)c2ccccc2)[Ru]54632789[CH]3[CH]2[C]7(C2=N[C@@H](C(C)(C)C)CO2)[C]8(P(c2ccccc2)c2ccccc2)[CH]39)=N1.c1ccc(P(c2ccccc2)c2ccccc2)cc1,CCO,O=C([O-])O.[Na+],20.0,25.0,100.0,3.136196721914521,recent_AHO,inner,inner,recent Ru-AHO test,ru__recent_aho_inner,2,ru__recent_aho_inner__00002,3.136196721914521,2.1058736648418543,1.0303230570726667,2.537244624475728,0.5989520974387932,2.8208102592403743,0.3153864626741467,1.7552434977355558,1.3809532241789653,2.111196416280135,1.0250003056343862,1.8649906045999995,1.2712061173145217,2.199226511195608,0.9369702107189132,2.159432408906057,0.9767643130084642,1.8164463958883776,1.3197503260261432,5.5405786051203005,2.4043818832057795,1.831206311018384,1.304990410896137,1.5668202605056392,1.569376461408882,1.9580025282232605,1.1781941936912603,2.478747751610337,0.6574489703041841,2.2985894758727623,0.8376072460417587,2.3047491485763087,0.8314475733382123,2.109327966385796,1.0268687555287248,1.8394330665454128,1.2967636553691082,2.860849359177293,0.2753473627372278,2.2946011531003987,0.8415955688141223,2.284591694942995,0.8516050269715261,0.3710168930949244,1.380670779209627,0.3059572204938404,2.199226511195608,0.9369702107189131,2.284591694942995,0.8516050269715261,2.478747751610337,0.6574489703041841,False,True,True,False,0.2795212404147289,0.19415605666734193,0.19415605666734193
3,C=C(CC(=O)c1ccc(C(C)C)cc1)C(=O)O,CC(C)c1ccc(C(=O)C[C@H](C)C(=O)O)cc1,2026,Ru,CC(C)(C)[C@H]1COC([C]23[CH]4[CH]5[CH]6[C]2(P(c2ccccc2)c2ccccc2)[Ru]54632789[CH]3[CH]2[C]7(C2=N[C@@H](C(C)(C)C)CO2)[C]8(P(c2ccccc2)c2ccccc2)[CH]39)=N1.c1ccc(P(c2ccccc2)c2ccccc2)cc1,CCO,O=C([O-])O.[Na+],20.0,25.0,100.0,3.136196721914521,recent_AHO,inner,inner,recent Ru-AHO test,ru__recent_aho_inner,3,ru__recent_aho_inner__00003,3.136196721914521,2.125374164590498,1.010822557324023,2.537244624475728,0.5989520974387932,2.5591936229546577,0.5770030989598633,1.785033775991444,1.3511629459230772,2.146676390952844,0.9895203309616774,1.8952110118,1.2409857101145214,2.174788931794194,0.9614077901203264,2.133773566790836,1.0024231551236853,1.7604554987261087,1.3757412231884123,5.5405786051203005,2.4043818832057795,1.9643630125008735,1.1718337094136473,1.5904532830071512,1.54574343890737,2.045147835416564,1.091048886497957,2.505795300260306,0.6304014216542151,2.255854006546805,0.8803427153677159,2.2799200788974487,0.8562766430170723,2.1189918501412377,1.0172048717732831,1.8147371339911853,1.3214595879233355,2.8791330548188108,0.2570636670957102,2.272516884259473,0.8636798376550479,2.27019216810916,0.8660045538053609,0.2922459365947569,1.369126078624979,0.3166005493768171,2.174788931794194,0.9614077901203268,2.27019216810916,0.8660045538053609,2.505795300260306,0.6304014216542151,False,True,True,False,0.33100636846611176,0.2356031321511458,0.2356031321511458
4,C=C(CC(=O)c1ccc(C(C)(C)C)cc1)C(=O)O,C[C@@H](CC(=O)c1ccc(C(C)(C)C)cc1)C(=O)O,2026,Ru,CC(C)(C)[C@H]1COC([C]23[CH]4[CH]5[CH]6[C]2(P(c2ccccc2)c2ccccc2)[Ru]54632789[CH]3[CH]2[C]7(C2=N[C@@H](C(C)(C)C)CO2)[C]8(P(c2ccccc2)c2ccccc2)[CH]39)=N1.c1ccc(P(c2ccccc2)c2ccccc2)cc1,CCO,O=C([O-])O.[Na+],20.0,25.0,100.0,3.136196721914521,recent_AHO,inner,inner,recent Ru-AHO test,ru__recent_aho_inner,4,ru__recent_aho_inner__00004,3.136196721914521,2.1452197972341587,0.9909769246803624,2.537244624475728,0.5989520974387932,2.5591936229546577,0.5770030989598633,1.7412372768621216,1.3949594450523994,2.162209215047316,0.9739875068672056,2.0163979510000005,1.1197987709145203,2.193583747928997,0.9426129739855242,2.133773566790836,1.0024231551236853,1.760036251569232,1.376160470345289,5.5405786051203005,2.4043818832057795,2.483313354098972,0.6528833678155488,1.551033307040894,1.585163414873627,2.138260132883296,0.9979365890312252,2.6011658695839217,0.5350308523305993,2.233750482901796,0.9024462390127256,2.296449007597086,0.839747714317435,2.143955060194931,0.9922416617195902,1.8503047157395776,1.2858920061749437,2.851019477318327,0.285177244596194,2.346511677269519,0.7896850446450019,2.286998403503539,0.8491983184109819,0.2860969964730849,1.3476554433679062,0.2988168422923609,2.193583747928997,0.9426129739855242,2.286998403503539,0.8491983184109819,2.6011658695839217,0.5350308523305993,False,True,True,False,0.4075821216549249,0.3141674660803826,0.3141674660803826
5,C=C(CC(=O)c1ccc(-c2ccccc2)cc1)C(=O)O,C[C@@H](CC(=O)c1ccc(-c2ccccc2)cc1)C(=O)O,2026,Ru,CC(C)(C)[C@H]1COC([C]23[CH]4[CH]5[CH]6[C]2(P(c2ccccc2)c2ccccc2)[Ru]54632789[CH]3[CH]2[C]7(C2=N[C@@H](C(C)(C)C)CO2)[C]8(P(c2ccccc2)c2ccccc2)[CH]39)=N1.c1ccc(P(c2ccccc2)c2ccccc2)cc1,CCO,O=C([O-])O.[Na+],20.0,25.0,100.0,3.136196721914521,recent_AHO,inner,inner,recent Ru-AHO test,ru__recent_aho_inner,5,ru__recent_aho_inner__00005,3.136196721914521,1.926970900546369,1.209225821368152,2.533805705518862,0.602391016395659,2.232514548045983,0.903682173868538,1.6389855098773911,1.49721121203713,2.0956635921856632,1.0405331297288578,1.945328633599999,1.190868088314522,2.062211481629044,1.0739852402854768,2.16971080733106,0.966485914583461,1.7227929638783184,1.4134037580362029,4.5828007751203,1.4466040532057791,1.8763596655360848,1.2598370563784358,1.577774559744955,1.558422162169566,2.161130172362081,0.9750665495524397,2.3484281573288004,0.7877685645857206,2.120129351174206,1.016067370740315,2.014385375400237,1.1218113465142836,1.9268087197908963,1.2093880021236247,1.8116497400400005,1.3245469818745206,2.575316046534387,0.5608806753801341,2.077273955050176,1.0589227668643448,2.087593864664984,1.048602857249537,0.2779673626639273,1.0220580907492034,0.2402757064748594,2.062211481629044,1.0739852402854768,2.087593864664984,1.048602857249537,2.3484281573288004,0.7877685645857206,False,True,True,False,0.2862166756997562,0.2608342926638163,0.2608342926638163
6,C=C(CC(=O)c1ccc(OC)cc1)C(=O)O,COc1ccc(C(=O)C[C@H](C)C(=O)O)cc1,2026,Ru,CC(C)(C)[C@H]1COC([C]23[CH]4[CH]5[CH]6[C]2(P(c2ccccc2)c2ccccc2)[Ru]54632789[CH]3[CH]2[C]7(C2=N[C@@H](C(C)(C)C)CO2)[C]8(P(c2ccccc2)c2ccccc2)[CH]39)=N1.c1ccc(P(c2ccccc2)c2ccccc2)cc1,CCO,O=C([O-])O.[Na+],20.0,25.0,100.0,3.136196721914521,recent_AHO,inner,inner,recent Ru-AHO test,ru__recent_aho_inner,6,ru__recent_aho_inner__00006,3.136196721914521,2.1155102593714186,1.0206864625431025,2.537244624475728,0.5989520974387932,2.5190771840415622,0.6171195378729588,1.804685066843642,1.331511655070879,2.0331404085398423,1.103056313374679,2.009423696700001,1.1267730252145198,2.1698468733286997,0.9663498485858216,1.9574072394655448,1.1787894824489764,1.8245580241364447,1.3116386977780763,5.5405786051203005,2.4043818832057795,1.973248492524428,1.1629482293900932,1.6700710998683153,1.4661256220462058,2.002939053337717,1.133257668576804,2.4948004190754585,0.6413963028390626,2.265085811205533,0.871110910708988,2.3138807614071406,0.8223159605073804,2.110216205063961,1.0259805168505598,1.630986690463225,1.505210031451296,2.542975594909918,0.593221127004603,2.322673399356411,0.81352332255811,2.1976364104010315,0.9385603115134896,0.2700810937215521,1.3668030534307551,0.2833401281089503,2.1698468733286997,0.9663498485858213,2.1976364104010315,0.9385603115134895,2.4948004190754585,0.6413963028390626,False,True,True,False,0.3249535457467587,0.29716400867442694,0.29716400867442694
7,C=C(CC(=O)c1ccc(Oc2ccccc2)cc1)C(=O)O,C[C@@H](CC(=O)c1ccc(Oc2ccccc2)cc1)C(=O)O,2026,Ru,CC(C)(C)[C@H]1COC([C]23[CH]4[CH]5[CH]6[C]2(P(c2ccccc2)c2ccccc2)[Ru]54632789[CH]3[CH]2[C]7(C2=N[C@@H](C(C)(C)C)CO2)[C]8(P(c2ccccc2)c2ccccc2)[CH]39)=N1.c1ccc(P(c2ccccc2)c2ccccc2)cc1,CCO,O=C([O-])O.[Na+],20.0,25.0,100.0,3.136196721914521,recent_AHO,inner,inner,recent Ru-AHO test,ru__recent_aho_inner,7,ru__recent_aho_inner__00007,3.136196721914521,2.1122210076328884,1.0239757142816326,2.533805705518862,0.602391016395659,2.4819755555061533,0.6542211664083677,2.171692259564959,0.964504462349562,1.9990227745321456,1.1371739473823752,1.9785773185,1.157619403414521,2.212882436875834,0.9233142850386868,1.967542844267236,1.1686538776472848,1.9158043380388816,1.2203923838756392,4.5828007751203,1.4466040532057791,2.236651052375892,0.8995456695386292,1.6147492264550434,1.5214474954594777,2.244511660604003,0.8916850613105178,2.427009982810226,0.709186739104295,2.213116141032497,0.923080580882024,2.078561087461788,1.0576356344527331,2.1041439890215066,1.0320527328930145,1.641099725144134,1.495096996770387,2.1184872545025053,1.0177094674120155,2.1224148928389432,1.0137818290755778,2.046303848333562,1.089892873580959,0.2190384473746257,0.9873520901190508,0.1859238504594537,2.212882436875834,0.9233142850386868,2.046303848333562,1.089892873580959,2.427009982810226,0.709186739104295,False,True,True,False,0.21412754593439187,0.380706134476664,0.21412754593439187
8,C=C(CC(=O)c1ccc(F)cc1)C(=O)O,C[C@@H](CC(=O)c1ccc(F)cc1)C(=O)O,2026,Ru,CC(C)(C)[C@H]1COC([C]23[CH]4[CH]5[CH]6[C]2(P(c2ccccc2)c2ccccc2)[Ru]54632789[CH]3[CH]2[C]7(C2=N[C@@H](C(C)(C)C)CO2)[C]8(P(c2ccccc2)c2ccccc2)[CH]39)=N1.c1ccc(P(c2ccccc2)c2ccccc2)cc1,CCO,O=C([O-])O.[Na+],20.0,25.0,100.0,3.136196721914521,recent_AHO,inner,inner,recent Ru-AHO test,ru__recent_aho_inner,8,ru__recent_aho_inner__00008,3.136196721914521,2.2253529853564498,0.9108437365580712,2.533805705518862,0.602391016395659,2.7881835056608293,0.3480132162536917,1.6379337234099558,1.4982629985045652,2.148733059376153,0.987463662538368,1.9309929563000003,1.2052037656145207,2.2108336559370416,0.9253630659774794,2.115726211503751,1.02047051041077,1.7378389936255243,1.3983577282889963,4.5828007751203,1.4466040532057791,2.085431888283402,1.0507648336311184,1.4847174891432289,1.6514792327712922,1.926793078972708,1.209403642941813,2.322218072774819,0.8139786491397021,2.236790676510114,0.8994060454044068,2.2537810468771124,0.8824156750374086,2.219748173891645,0.916448548022876,1.7158516536100092,1.4203450683045118,2.6228225067891344,0.5133742151253866,2.354853935239165,0.7813427866753555,2.233974665486197,0.902222056428324,0.3759956202471109,1.033457610929997,0.2692175429841688,2.2108336559370416,0.9253630659774794,2.233974665486197,0.9022220564283239,2.322218072774819,0.8139786491397021,False,True,True,False,0.11138441683777733,0.08824340728862179,0.08824340728862179
9,C=C(CC(=O)c1ccc(Cl)cc1)C(=O)O,C[C@@H](CC(=O)c1ccc(Cl)cc1)C(=O)O,2026,Ru,CC(C)(C)[C@H]1COC([C]23[CH]4[CH]5[CH]6[C]2(P(c2ccccc2)c2ccccc2)[Ru]54632789[CH]3[CH]2[C]7(C2=N[C@@H](C(C)(C)C)CO2)[C]8(P(c2ccccc2)c2ccccc2)[CH]39)=N1.c1ccc(P(c2ccccc2)c2ccccc2)cc1,CCO,O=C([O-])O.[Na+],20.0,25.0,100.0,3.136196721914521,recent_AHO,inner,inner,recent Ru-AHO test,ru__recent_aho_inner,9,ru__recent_aho_inner__00009,3.136196721914521,2.3085613117110886,0.8276354102034325,2.533805705518862,0.602391016395659,2.972902648806228,0.1632940731082928,1.767522476062094,1.368674245852427,2.135190599209115,1.001006122705406,2.0241791295,1.1120175924145208,2.2903603118012312,0.8458364101132898,2.041394911446473,1.094801810468048,1.8194466517686088,1.3167500701459118,3.3548808419698912,0.2186841200553702,1.9748381505683397,1.1613585713461816,1.5070490188298082,1.6291477030847128,2.017540651992648,1.1186560699218733,2.1191917044292947,1.0170050174852263,2.2761972887124853,0.8599994332020358,2.3696485849004523,0.7665481370140688,2.305191869901052,0.8310048520134692,1.8278361822970337,1.308360539617487,2.735198382625355,0.400998339289166,2.4727584984641062,0.6634382234504148,2.331138467816748,0.8050582540977733,0.3859513013153084,0.5814803858451161,0.2713572757662339,2.2903603118012312,0.8458364101132898,2.331138467816748,0.8050582540977729,2.1191917044292947,1.0170050174852263,False,True,True,False,-0.1711686073719365,-0.21194676338745344,-0.21194676338745344
10,C=C(CC(=O)c1ccc(Br)cc1)C(=O)O,C[C@@H](CC(=O)c1ccc(Br)cc1)C(=O)O,2026,Ru,CC(C)(C)[C@H]1COC([C]23[CH]4[CH]5[CH]6[C]2(P(c2ccccc2)c2ccccc2)[Ru]54632789[CH]3[CH]2[C]7(C2=N[C@@H](C(C)(C)C)CO2)[C]8(P(c2ccccc2)c2ccccc2)[CH]39)=N1.c1ccc(P(c2ccccc2)c2ccccc2)cc1,CCO,O=C([O-])O.[Na+],20.0,25.0,100.0,3.136196721914521,recent_AHO,inner,inner,recent Ru-AHO test,ru__recent_aho_inner,10,ru__recent_aho_inner__00010,3.136196721914521,2.150287358647124,0.985909363267397,2.533805705518862,0.602391016395659,2.810448936851364,0.3257477850631569,1.937417492970012,1.1987792289445094,2.18079402496054,0.9554026969539812,2.0685949658000005,1.0676017561145206,2.2802247474579835,0.8559719744565375,2.064851515101079,1.071345206813442,1.7866905136265023,1.3495062082880187,4.5828007751203,1.4466040532057791,1.8695269634004068,1.2666697585141142,1.497964611508013,1.638232110406508,2.0366981584365287,1.0994985634779924,2.3064220895321386,0.8297746323823825,2.21879458859236,0.9174021333221608,2.561309207624542,0.574887514289979,2.1179904380338685,1.0182062838806525,1.840448902382412,1.2957478195321093,2.78457813926417,0.3516185826503504,2.6225299637357,0.5136667581788208,2.3576085399388425,0.7785881819756786,0.2984725462278665,1.0350208546724116,0.3261187411860518,2.2802247474579835,0.8559719744565375,2.3576085399388425,0.7785881819756786,2.3064220895321386,0.8297746323823825,False,True,True,False,0.026197342074155028,-0.05118645040670389,-0.05118645040670389
11,C=C(CC(=O)c1ccc(C(F)(F)F)cc1)C(=O)O,C[C@@H](CC(=O)c1ccc(C(F)(F)F)cc1)C(=O)O,2026,Ru,CC(C)(C)[C@H]1COC([C]23[CH]4[CH]5[CH]6[C]2(P(c2ccccc2)c2ccccc2)[Ru]54632789[CH]3[CH]2[C]7(C2=N[C@@H](C(C)(C)C)CO2)[C]8(P(c2ccccc2)c2ccccc2)[CH]39)=N1.c1ccc(P(c2ccccc2)c2ccccc2)cc1,CCO,O=C([O-])O.[Na+],20.0,25.0,100.0,3.136196721914521,recent_AHO,inner,inner,recent Ru-AHO test,ru__recent_aho_inner,11,ru__recent_aho_inner__00011,3.136196721914521,2.0313278986444594,1.1048688232700616,2.533805705518862,0.602391016395659,2.298248583774892,0.837948138139629,1.7151685620389332,1.4210281598755878,2.0485712743647837,1.0876254475497378,2.037555621200001,1.0986411007145205,2.1107796075903216,1.0254171143241997,2.1377726163089728,0.9984241056055484,1.3620638378187324,1.7741328840957886,3.88856791360139,0.7523711916868692,2.3069768199151537,0.8292199019993673,1.4924090632422746,1.6437876586722464,1.8404814874980653,1.2957152344164555,2.1713786230640983,0.9648180988504228,2.1551530852027487,0.9810436367117724,2.075900128072412,1.0602965938421094,2.046116100910865,1.0900806210036555,1.821938698747887,1.314258023166634,2.7796619427503364,0.3565347791641846,2.6878218443159776,0.4483748775985434,2.2610986333333707,0.8750980885811503,0.2536887853527784,0.8360361129881941,0.3501434200382022,2.1107796075903216,1.0254171143241995,2.2610986333333707,0.8750980885811503,2.1713786230640983,0.9648180988504227,False,True,True,False,0.060599015473776774,-0.08972001026927234,-0.08972001026927234
12,C=C(CC(=O)c1cccc(C)c1)C(=O)O,Cc1cccc(C(=O)C[C@H](C)C(=O)O)c1,2026,Ru,CC(C)(C)[C@H]1COC([C]23[CH]4[CH]5[CH]6[C]2(P(c2ccccc2)c2ccccc2)[Ru]54632789[CH]3[CH]2[C]7(C2=N[C@@H](C(C)(C)C)CO2)[C]8(P(c2ccccc2)c2ccccc2)[CH]39)=N1.c1ccc(P(c2ccccc2)c2ccccc2)cc1,CCO,O=C([O-])O.[Na+],20.0,25.0,100.0,3.136196721914521,recent_AHO,inner,inner,recent Ru-AHO test,ru__recent_aho_inner,12,ru__recent_aho_inner__00012,3.136196721914521,2.0889166074984,1.0472801144161212,2.537244624475728,0.5989520974387932,2.5591936229546577,0.5770030989598633,1.7615682517396989,1.374628470174822,2.142490489898653,0.9937062320158678,1.8896639041,1.2465328178145212,2.163179583444523,0.9730171384699982,2.159432408906057,0.9767643130084642,1.665151372947687,1.471045348966834,5.5405786051203005,2.4043818832057795,1.9453245714561649,1.190872150458356,1.5994923283840377,1.5367043935304834,2.011043772643683,1.125152949270838,2.486837176576322,0.6493595453381991,2.231399353606114,0.9047973683084072,2.2002573811229604,0.9359393407915606,2.087851433193268,1.048345288721253,1.8632274899075032,1.2729692320070178,2.8057800321449005,0.3304166897696206,2.433283964432388,0.702912757482133,2.270299942401189,0.8658967795133319,0.2996657279925845,1.3792929528401552,0.2940287327909282,2.163179583444523,0.9730171384699982,2.270299942401189,0.8658967795133319,2.486837176576322,0.6493595453381991,False,True,True,False,0.3236575931317991,0.21653723417513282,0.21653723417513282
13,C=C(CC(=O)c1cccc(OC)c1)C(=O)O,COc1cccc(C(=O)C[C@H](C)C(=O)O)c1,2026,Ru,CC(C)(C)[C@H]1COC([C]23[CH]4[CH]5[CH]6[C]2(P(c2ccccc2)c2ccccc2)[Ru]54632789[CH]3[CH]2[C]7(C2=N[C@@H](C(C)(C)C)CO2)[C]8(P(c2ccccc2)c2ccccc2)[CH]39)=N1.c1ccc(P(c2ccccc2)c2ccccc2)cc1,CCO,O=C([O-])O.[Na+],20.0,25.0,100.0,3.136196721914521,recent_AHO,inner,inner,recent Ru-AHO test,ru__recent_aho_inner,13,ru__recent_aho_inner__00013,3.136196721914521,2.1155102593714186,1.0206864625431025,2.537244624475728,0.5989520974387932,2.5190771840415622,0.6171195378729588,1.8370686277904371,1.2991280941240837,2.1544332689483374,0.9817634529661836,2.0037384213000013,1.1324583006145197,2.1945120643212475,0.9416846575932736,1.9574072394655448,1.1787894824489764,1.8245580241364447,1.3116386977780763,5.5405786051203005,2.4043818832057795,2.037178016369072,1.0990187055454497,1.660398755290776,1.475797966623745,1.956195614805744,1.180001107108777,2.49605270919798,0.640144012716541,2.265085811205533,0.871110910708988,2.3138807614071406,0.8223159605073804,2.110216205063961,1.0259805168505598,1.7081514655201804,1.4280452563943409,2.66500942170927,0.4711873002052509,2.5227327250796816,0.6134639968348394,2.264179398330961,0.87201732358356,0.2565203412803535,1.3669010682218357,0.306283448360343,2.1945120643212475,0.9416846575932736,2.264179398330961,0.87201732358356,2.49605270919798,0.640144012716541,False,True,True,False,0.3015406448767326,0.231873310867019,0.231873310867019
14,C=C(CC(=O)c1cccc(F)c1)C(=O)O,C[C@@H](CC(=O)c1cccc(F)c1)C(=O)O,2026,Ru,CC(C)(C)[C@H]1COC([C]23[CH]4[CH]5[CH]6[C]2(P(c2ccccc2)c2ccccc2)[Ru]54632789[CH]3[CH]2[C]7(C2=N[C@@H](C(C)(C)C)CO2)[C]8(P(c2ccccc2)c2ccccc2)[CH]39)=N1.c1ccc(P(c2ccccc2)c2ccccc2)cc1,CCO,O=C([O-])O.[Na+],20.0,25.0,100.0,3.136196721914521,recent_AHO,inner,inner,recent Ru-AHO test,ru__recent_aho_inner,14,ru__recent_aho_inner__00014,3.136196721914521,2.2253529853564498,0.9108437365580712,2.533805705518862,0.602391016395659,2.7881835056608293,0.3480132162536917,1.6854709747040986,1.4507257472104225,2.2049087392929683,0.9312879826215528,1.926513113200001,1.20968360871452,2.2273725039555345,0.9088242179589864,2.115726211503751,1.02047051041077,1.7378389936255243,1.3983577282889963,4.5828007751203,1.4466040532057791,2.2706509695628974,0.8655457523516237,1.4393561737783391,1.696840548136182,2.0240330744564106,1.1121636474581105,2.361734366341204,0.7744623555733172,2.236790676510114,0.8994060454044068,2.2537810468771124,0.8824156750374086,2.219748173891645,0.916448548022876,1.7989580610761156,1.3372386608384057,2.6804803328445037,0.4557163890700177,2.657716736853681,0.4784799850608401,2.3079125046755284,0.8282842172389926,0.363568569012566,1.029240927283655,0.2988773135930036,2.2273725039555345,0.9088242179589865,2.3079125046755284,0.8282842172389926,2.361734366341204,0.7744623555733172,False,True,True,False,0.13436186238566927,0.053821861665675375,0.053821861665675375
15,C=C(CC(=O)c1cccc(Cl)c1)C(=O)O,C[C@@H](CC(=O)c1cccc(Cl)c1)C(=O)O,2026,Ru,CC(C)(C)[C@H]1COC([C]23[CH]4[CH]5[CH]6[C]2(P(c2ccccc2)c2ccccc2)[Ru]54632789[CH]3[CH]2[C]7(C2=N[C@@H](C(C)(C)C)CO2)[C]8(P(c2ccccc2)c2ccccc2)[CH]39)=N1.c1ccc(P(c2ccccc2)c2ccccc2)cc1,CCO,O=C([O-])O.[Na+],20.0,25.0,100.0,3.136196721914521,recent_AHO,inner,inner,recent Ru-AHO test,ru__recent_aho_inner,15,ru__recent_aho_inner__00015,3.136196721914521,2.3085613117110886,0.8276354102034325,2.533805705518862,0.602391016395659,2.972902648806228,0.1632940731082928,1.7615682517396989,1.374628470174822,2.1913662791259303,0.9448304427885909,2.0190912160000005,1.1171055059145203,2.297882568816968,0.8383141530975533,2.041394911446473,1.094801810468048,1.8194466517686088,1.3167500701459118,3.3548808419698912,0.2186841200553702,1.8955116848538724,1.2406850370606486,1.452136467891265,1.684060254023256,2.0319978225223783,1.1041988993921428,2.099228063408748,1.036968658505773,2.2761972887124853,0.8599994332020358,2.3696485849004523,0.7665481370140688,2.305191869901052,0.8310048520134692,1.942940155398165,1.1932565665163564,2.822201221127207,0.3139955007873141,2.725136312631336,0.4110604092831851,2.4068859054451166,0.7293108164694044,0.3847356788426057,0.5948436787991831,0.2937753114062428,2.297882568816968,0.8383141530975529,2.4068859054451166,0.7293108164694044,2.099228063408748,1.036968658505773,False,True,True,False,-0.19865450540822005,-0.3076578420363685,-0.3076578420363685
16,C=C(CC(=O)c1cccc(Br)c1)C(=O)O,C[C@@H](CC(=O)c1cccc(Br)c1)C(=O)O,2026,Ru,CC(C)(C)[C@H]1COC([C]23[CH]4[CH]5[CH]6[C]2(P(c2ccccc2)c2ccccc2)[Ru]54632789[CH]3[CH]2[C]7(C2=N[C@@H](C(C)(C)C)CO2)[C]8(P(c2ccccc2)c2ccccc2)[CH]39)=N1.c1ccc(P(c2ccccc2)c2ccccc2)cc1,CCO,O=C([O-])O.[Na+],20.0,25.0,100.0,3.136196721914521,recent_AHO,inner,inner,recent Ru-AHO test,ru__recent_aho_inner,16,ru__recent_aho_inner__00016,3.136196721914521,2.150287358647124,0.985909363267397,2.533805705518862,0.602391016395659,2.810448936851364,0.3257477850631569,1.9168147424752584,1.2193819794392629,2.22762092267353,0.9085757992409912,2.064835136900001,1.07136158501452,2.2839688005110235,0.8522279214034976,2.064851515101079,1.071345206813442,1.7866905136265023,1.3495062082880187,4.5828007751203,1.4466040532057791,1.9226621775024808,1.2135345444120402,1.487772586154558,1.6484241357599632,2.0629126100953536,1.0732841118191674,2.317948362933379,0.8182483589811422,2.21879458859236,0.9174021333221608,2.561309207624542,0.574887514289979,2.1179904380338685,1.0182062838806525,1.9138751728932528,1.2223215490212682,2.756690118745527,0.379506603168994,2.766354368333386,0.3698423535811348,2.3891689823704896,0.7470277395440315,0.300961594770318,1.0316924275020325,0.3254336339173913,2.2839688005110235,0.8522279214034976,2.3891689823704896,0.7470277395440315,2.317948362933379,0.8182483589811422,False,True,True,False,0.033979562422355336,-0.07122061943711078,-0.07122061943711078
17,C=C(CC(=O)c1cccc(C(F)(F)F)c1)C(=O)O,C[C@@H](CC(=O)c1cccc(C(F)(F)F)c1)C(=O)O,2026,Ru,CC(C)(C)[C@H]1COC([C]23[CH]4[CH]5[CH]6[C]2(P(c2ccccc2)c2ccccc2)[Ru]54632789[CH]3[CH]2[C]7(C2=N[C@@H](C(C)(C)C)CO2)[C]8(P(c2ccccc2)c2ccccc2)[CH]39)=N1.c1ccc(P(c2ccccc2)c2ccccc2)cc1,CCO,O=C([O-])O.[Na+],20.0,25.0,100.0,3.136196721914521,recent_AHO,inner,inner,recent Ru-AHO test,ru__recent_aho_inner,17,ru__recent_aho_inner__00017,3.136196721914521,2.0313278986444594,1.1048688232700616,2.533805705518862,0.602391016395659,2.298248583774892,0.837948138139629,1.6126930065736529,1.5235037153408684,2.0485712743647837,1.0876254475497378,2.0219692546,1.114227467314521,2.091102620579442,1.0450941013350792,2.1377726163089728,0.9984241056055484,1.3620638378187324,1.7741328840957886,3.88856791360139,0.7523711916868692,1.939147567079512,1.197049154835009,1.4746550805608345,1.6615416413536863,1.7945750585746767,1.3416216633398443,2.0994636789906864,1.0367330429238346,2.1551530852027487,0.9810436367117724,2.075900128072412,1.0602965938421094,2.046116100910865,1.0900806210036555,1.8081719774184333,1.3280247444960875,2.8644338896178354,0.2717628322966856,2.601544021916189,0.5346526999983321,2.2585532005230804,0.8776435213914406,0.2822329372879494,0.8421365857161771,0.359805644091054,2.091102620579442,1.0450941013350792,2.2585532005230804,0.8776435213914406,2.0994636789906864,1.0367330429238346,False,True,True,False,0.00836105841124457,-0.15908952153239397,-0.15908952153239397
18,C=C(CC(=O)c1ccccc1C)C(=O)O,Cc1ccccc1C(=O)C[C@H](C)C(=O)O,2026,Ru,CC(C)(C)[C@H]1COC([C]23[CH]4[CH]5[CH]6[C]2(P(c2ccccc2)c2ccccc2)[Ru]54632789[CH]3[CH]2[C]7(C2=N[C@@H](C(C)(C)C)CO2)[C]8(P(c2ccccc2)c2ccccc2)[CH]39)=N1.c1ccc(P(c2ccccc2)c2ccccc2)cc1,CCO,O=C([O-])O.[Na+],20.0,25.0,100.0,3.136196721914521,recent_AHO,inner,inner,recent Ru-AHO test,ru__recent_aho_inner,18,ru__recent_aho_inner__00018,3.136196721914521,2.0683351718864125,1.0678615500281086,2.537244624475728,0.5989520974387932,2.636768085849786,0.4994286360647351,1.7615682517396989,1.374628470174822,2.0956635921856632,1.0405331297288578,1.8822181542,1.2539785677145212,2.163632980056215,0.972563741858306,1.955779636075976,1.1804170858385454,1.526371941457883,1.6098247804566383,5.5405786051203005,2.4043818832057795,1.7481937272785362,1.3880029946359849,1.6808927417935229,1.4553039801209984,1.9119606011427088,1.2242361207718122,2.3939628754781546,0.7422338464363665,2.2447970269395645,0.8913996949749565,2.209910846380108,0.9262858755344134,2.0651396620529723,1.0710570598615488,1.8626854083651077,1.2735113135494136,2.7084139260633666,0.4277827958511544,2.412417778475441,0.72377894343908,2.25056077471276,0.8856359472017612,0.3209346634123343,1.4144328740348286,0.2653114911978861,2.163632980056215,0.972563741858306,2.25056077471276,0.8856359472017612,2.3939628754781546,0.7422338464363665,False,True,True,False,0.2303298954219395,0.14340210076539472,0.14340210076539472
19,C=C(CC(=O)c1ccccc1OC)C(=O)O,COc1ccccc1C(=O)C[C@H](C)C(=O)O,2026,Ru,CC(C)(C)[C@H]1COC([C]23[CH]4[CH]5[CH]6[C]2(P(c2ccccc2)c2ccccc2)[Ru]54632789[CH]3[CH]2[C]7(C2=N[C@@H](C(C)(C)C)CO2)[C]8(P(c2ccccc2)c2ccccc2)[CH]39)=N1.c1ccc(P(c2ccccc2)c2ccccc2)cc1,CCO,O=C([O-])O.[Na+],20.0,25.0,100.0,3.136196721914521,recent_AHO,inner,inner,recent Ru-AHO test,ru__recent_aho_inner,19,ru__recent_aho_inner__00019,3.136196721914521,1.976474138134076,1.1597225837804452,2.537244624475728,0.5989520974387932,2.506998556924503,0.6291981649900182,1.84862314717048,1.287573574744041,2.1544332689483374,0.9817634529661836,1.9821766735000008,1.1540200484145204,2.1676584015255203,0.9685383203890008,1.9771232744796732,1.1590734474348476,1.7249237428168205,1.4112729790977006,5.5405786051203005,2.4043818832057795,2.0298706808604474,1.1063260410540736,1.7582350712622985,1.3779616506522223,1.957438794922565,1.1787579269919564,2.4980283615770174,0.6381683603375037,2.241302942539659,0.8948937793748621,2.22165783776215,0.9145388841523712,1.9762509936403376,1.1599457282741832,1.7570897812418478,1.3791069406726733,2.538648759858569,0.5975479620559518,2.443327913126769,0.6928688087877521,2.1963797046948885,0.9398170172196324,0.2660385338360271,1.365335590723747,0.2652737238395133,2.1676584015255203,0.9685383203890008,2.1963797046948885,0.9398170172196325,2.4980283615770174,0.6381683603375037,False,True,True,False,0.3303699600514971,0.30164865688212883,0.30164865688212883
20,C=C(CC(=O)c1ccccc1F)C(=O)O,C[C@@H](CC(=O)c1ccccc1F)C(=O)O,2026,Ru,CC(C)(C)[C@H]1COC([C]23[CH]4[CH]5[CH]6[C]2(P(c2ccccc2)c2ccccc2)[Ru]54632789[CH]3[CH]2[C]7(C2=N[C@@H](C(C)(C)C)CO2)[C]8(P(c2ccccc2)c2ccccc2)[CH]39)=N1.c1ccc(P(c2ccccc2)c2ccccc2)cc1,CCO,O=C([O-])O.[Na+],20.0,25.0,100.0,3.136196721914521,recent_AHO,inner,inner,recent Ru-AHO test,ru__recent_aho_inner,20,ru__recent_aho_inner__00020,3.136196721914521,2.2585121128609043,0.8776846090536168,2.533805705518862,0.602391016395659,3.302560893278778,0.1663641713642571,1.7054455521022474,1.4307511698122737,2.2049087392929683,0.9312879826215528,1.9431560998000004,1.1930406221145209,2.3247315171422933,0.8114652047722277,1.2802581998618552,1.8559385220526656,1.632369176595842,1.5038275453186791,5.260080493601389,2.1238837716868684,2.1317576689141733,1.0044390530003475,1.706027858494222,1.4301688634202991,1.970134878015888,1.1660618438986332,2.3301047125805616,0.8060920093339594,2.279449620979326,0.8567471009351952,2.4616786959420978,0.6745180259724233,2.2493129743821805,0.8868837475323406,1.7502855376445416,1.3859111842699794,2.6458408627172454,0.4903558591972756,2.551344288079369,0.5848524338351515,2.32298532995746,0.8132113919570609,0.5078910182134262,1.3374205526027918,0.2918125495941349,2.3247315171422933,0.8114652047722277,2.32298532995746,0.8132113919570609,2.3301047125805616,0.8060920093339594,False,True,True,False,0.005373195438268308,0.007119382623101522,0.005373195438268308
21,C=C(CC(=O)c1ccccc1Cl)C(=O)O,C[C@@H](CC(=O)c1ccccc1Cl)C(=O)O,2026,Ru,CC(C)(C)[C@H]1COC([C]23[CH]4[CH]5[CH]6[C]2(P(c2ccccc2)c2ccccc2)[Ru]54632789[CH]3[CH]2[C]7(C2=N[C@@H](C(C)(C)C)CO2)[C]8(P(c2ccccc2)c2ccccc2)[CH]39)=N1.c1ccc(P(c2ccccc2)c2ccccc2)cc1,CCO,O=C([O-])O.[Na+],20.0,25.0,100.0,3.136196721914521,recent_AHO,inner,inner,recent Ru-AHO test,ru__recent_aho_inner,21,ru__recent_aho_inner__00021,3.136196721914521,2.3391289947515306,0.7970677271629905,2.533805705518862,0.602391016395659,4.035962034350034,0.8997653124355134,1.8463886998307384,1.2898080220837824,2.1913662791259303,0.9448304427885909,2.0340789192000006,1.1021178027145204,2.4967884387961825,0.6394082831183385,1.3053046713434695,1.8308920505710515,1.68141165918475,1.454785062729771,4.721004891969891,1.5848081700553696,2.11569427240881,1.020502449505711,1.665195599482385,1.471001122432136,2.0730869296070664,1.0631097923074546,2.2602830039993957,0.8759137179151257,2.3260605757568014,0.8101361461577197,2.6734587382732324,0.4627379836412886,2.332599576799627,0.8035971451148942,1.8675102718241563,1.2686864500903647,2.741918483346301,0.3942782385682202,2.668207756596592,0.4679889653179296,2.434959233766118,0.7012374881484029,0.7217669004107382,1.1337478519062745,0.3027225378282627,2.4967884387961825,0.6394082831183385,2.434959233766118,0.7012374881484029,2.2602830039993957,0.8759137179151253,False,True,True,False,-0.23650543479678676,-0.17467622976672237,-0.23650543479678676
22,C=C(CC(=O)c1ccccc1Br)C(=O)O,C[C@@H](CC(=O)c1ccccc1Br)C(=O)O,2026,Ru,CC(C)(C)[C@H]1COC([C]23[CH]4[CH]5[CH]6[C]2(P(c2ccccc2)c2ccccc2)[Ru]54632789[CH]3[CH]2[C]7(C2=N[C@@H](C(C)(C)C)CO2)[C]8(P(c2ccccc2)c2ccccc2)[CH]39)=N1.c1ccc(P(c2ccccc2)c2ccccc2)cc1,CCO,O=C([O-])O.[Na+],20.0,25.0,100.0,3.136196721914521,recent_AHO,inner,inner,recent Ru-AHO test,ru__recent_aho_inner,22,ru__recent_aho_inner__00022,3.136196721914521,2.1551969191368423,0.9809998027776788,2.533805705518862,0.602391016395659,3.107570543304173,0.0286261786103478,1.9168147424752584,1.2193819794392629,2.22762092267353,0.9085757992409912,2.091296974800001,1.04489974711452,2.3387176346514447,0.7974790872630764,1.305616724879805,1.830579997034716,1.6695339718068567,1.4666627501076643,5.260080493601389,2.1238837716868684,1.9205510433113084,1.2156456786032126,1.6638902569817626,1.4723064649327584,2.0856652204580675,1.0505315014564536,2.317556285173198,0.8186404367413229,2.264319708129042,0.871877013785479,2.9573302918425743,0.1788664300719467,2.120170821258544,1.0160259006559773,1.9138141430973343,1.2223825788171867,2.874414636145363,0.2617820857691582,2.7262338688471672,0.4099628530673538,2.476047244886671,0.6601494770278502,0.3903920073297653,1.3379754116989286,0.3959179073111037,2.3387176346514447,0.7974790872630764,2.476047244886671,0.6601494770278502,2.317556285173198,0.8186404367413229,False,True,True,False,-0.02116134947824655,-0.1584909597134727,-0.1584909597134727
23,C=C(CC(=O)c1ccccc1C(F)(F)F)C(=O)O,C[C@@H](CC(=O)c1ccccc1C(F)(F)F)C(=O)O,2026,Ru,CC(C)(C)[C@H]1COC([C]23[CH]4[CH]5[CH]6[C]2(P(c2ccccc2)c2ccccc2)[Ru]54632789[CH]3[CH]2[C]7(C2=N[C@@H](C(C)(C)C)CO2)[C]8(P(c2ccccc2)c2ccccc2)[CH]39)=N1.c1ccc(P(c2ccccc2)c2ccccc2)cc1,CCO,O=C([O-])O.[Na+],20.0,25.0,100.0,3.136196721914521,recent_AHO,inner,inner,recent Ru-AHO test,ru__recent_aho_inner,23,ru__recent_aho_inner__00023,3.136196721914521,2.053278369800681,1.08291835211384,2.533805705518862,0.602391016395659,2.340279114744463,0.795917607170058,1.6045161910050945,1.5316805309094266,2.0485712743647837,1.0876254475497378,1.9723922622999992,1.1638044596145218,2.0921404862889807,1.0440562356255405,1.4852181998506788,1.6509785220638422,1.3193944969296452,1.816802224984876,5.260080493601389,2.1238837716868684,1.8988956490029376,1.2373010729115834,1.6158319082954071,1.520364813619114,1.694395032355753,1.441801689558768,2.212302630005969,0.923894091908552,2.202732577086215,0.933464144828306,2.134910418287149,1.0012863036273725,2.064142989050112,1.072053732864409,1.7287414895164108,1.4074552323981102,2.9144595877992394,0.2217371341152816,2.5344270031992515,0.6017697187152695,2.263235677489729,0.8729610444247915,0.2921662128636183,1.374597889433702,0.3748526931507264,2.0921404862889807,1.0440562356255403,2.263235677489729,0.8729610444247919,2.212302630005969,0.9238940919085521,False,True,True,False,0.12016214371698819,-0.05093304748376015,-0.05093304748376015
24,C=C(CC(=O)c1cccc2ccccc12)C(=O)O,C[C@@H](CC(=O)c1cccc2ccccc12)C(=O)O,2026,Ru,CC(C)(C)[C@H]1COC([C]23[CH]4[CH]5[CH]6[C]2(P(c2ccccc2)c2ccccc2)[Ru]54632789[CH]3[CH]2[C]7(C2=N[C@@H](C(C)(C)C)CO2)[C]8(P(c2ccccc2)c2ccccc2)[CH]39)=N1.c1ccc(P(c2ccccc2)c2ccccc2)cc1,CCO,O=C([O-])O.[Na+],20.0,25.0,100.0,3.136196721914521,recent_AHO,inner,inner,recent Ru-AHO test,ru__recent_aho_inner,24,ru__recent_aho_inner__00024,3.136196721914521,2.1507404008457485,0.9854563210687726,2.533805705518862,0.602391016395659,3.57298113497047,0.4367844130559488,1.6551421160229796,1.4810546058915417,2.110421747405244,1.025774974509277,1.9866638748,1.1495328471145214,2.3349591632605504,0.8012375586539706,2.16971080733106,0.966485914583461,1.8914281038084952,1.2447686181060258,6.3623478651203005,3.2261511432057794,2.283404264635516,0.8527924572790049,1.5707660669020005,1.5654306550125208,1.9645262109984636,1.1716705109160577,2.70703055313264,0.4291661687818813,2.2090983856184536,0.9270983362960674,2.3374472510290927,0.7987494708854284,2.144718642978159,0.9914780789363622,1.9354644959648728,1.2007322259496485,2.7645105643883485,0.3716861575261725,2.5092531950429366,0.6269435268715844,2.316748755836977,0.8194479660775436,0.6110172909484438,1.6501077454190405,0.2660005240530663,2.3349591632605504,0.8012375586539706,2.316748755836977,0.819447966077544,2.70703055313264,0.42916616878188085,False,True,True,False,0.37207138987208976,0.39028179729566315,0.37207138987208976
25,C=C(CC(=O)c1ccc2ccccc2c1)C(=O)O,C[C@@H](CC(=O)c1ccc2ccccc2c1)C(=O)O,2026,Ru,CC(C)(C)[C@H]1COC([C]23[CH]4[CH]5[CH]6[C]2(P(c2ccccc2)c2ccccc2)[Ru]54632789[CH]3[CH]2[C]7(C2=N[C@@H](C(C)(C)C)CO2)[C]8(P(c2ccccc2)c2ccccc2)[CH]39)=N1.c1ccc(P(c2ccccc2)c2ccccc2)cc1,CCO,O=C([O-])O.[Na+],20.0,25.0,100.0,3.136196721914521,recent_AHO,inner,inner,recent Ru-AHO test,ru__recent_aho_inner,25,ru__recent_aho_inner__00025,3.136196721914521,2.1507404008457485,0.9854563210687726,2.533805705518862,0.602391016395659,3.57298113497047,0.4367844130559488,1.8181061789104835,1.3180905430040375,2.1010729652014186,1.0351237567131024,1.9843590500999997,1.1518376718145216,2.360177572591164,0.7760191493233575,2.16971080733106,0.966485914583461,1.8914281038084952,1.2447686181060258,6.3623478651203005,3.2261511432057794,2.2705095962056365,0.8656871257088845,1.5381842550847185,1.5980124668298026,2.030882368717636,1.1053143531968854,2.7105104993779747,0.4256862225365463,2.2090983856184536,0.9270983362960674,2.3374472510290927,0.7987494708854284,2.144718642978159,0.9914780789363622,1.869062787802628,1.2671339341118928,2.5420838708547544,0.5941128510597666,2.460363672496173,0.675833049418348,2.260462435129877,0.875734286784644,0.5841117606585181,1.649703025664407,0.2215198917219852,2.360177572591164,0.776019149323357,2.260462435129877,0.875734286784644,2.7105104993779747,0.4256862225365463,False,True,True,False,0.3503329267868107,0.45004806424809773,0.3503329267868107
26,C=C(CC(=O)c1cc2ccccc2o1)C(=O)O,C[C@@H](CC(=O)c1cc2ccccc2o1)C(=O)O,2026,Ru,CC(C)(C)[C@H]1COC([C]23[CH]4[CH]5[CH]6[C]2(P(c2ccccc2)c2ccccc2)[Ru]54632789[CH]3[CH]2[C]7(C2=N[C@@H](C(C)(C)C)CO2)[C]8(P(c2ccccc2)c2ccccc2)[CH]39)=N1.c1ccc(P(c2ccccc2)c2ccccc2)cc1,CCO,O=C([O-])O.[Na+],20.0,25.0,100.0,3.136196721914521,recent_AHO,inner,inner,recent Ru-AHO test,ru__recent_aho_inner,26,ru__recent_aho_inner__00026,3.136196721914521,1.746130215673875,1.390066506240646,2.533805705518862,0.602391016395659,3.785312156545985,0.6491154346314638,1.7411492682426322,1.3950474536718889,2.1655847381519475,0.9706119837625736,1.9987086513000003,1.1374880706145205,2.3284484559055505,0.8077482660089705,2.123056662008639,1.013140059905882,1.8450382077768697,1.2911585141376511,6.3623478651203005,3.2261511432057794,2.2170469571905818,0.9191497647239392,1.5142022113447262,1.6219945105697948,2.198014462152615,0.938182259761906,2.7099510609322888,0.4262456609822322,2.153357641486,0.9828390804285214,2.3558288991100285,0.7803678228044926,1.756325509822206,1.379871212092315,1.8575179531953203,1.2786787687192007,2.595865880600752,0.5403308413137689,2.504651371381254,0.6315453505332669,2.20392454259926,0.9322721793152612,0.7052057903253437,1.65163406672653,0.3135891692231115,2.3284484559055505,0.8077482660089705,2.20392454259926,0.9322721793152611,2.7099510609322888,0.42624566098223227,False,True,True,False,0.3815026050267383,0.5060265183330288,0.3815026050267383
27,C=C(CC(=O)c1ccc2c(c1)CCO2)C(=O)O,C[C@@H](CC(=O)c1ccc2c(c1)CCO2)C(=O)O,2026,Ru,CC(C)(C)[C@H]1COC([C]23[CH]4[CH]5[CH]6[C]2(P(c2ccccc2)c2ccccc2)[Ru]54632789[CH]3[CH]2[C]7(C2=N[C@@H](C(C)(C)C)CO2)[C]8(P(c2ccccc2)c2ccccc2)[CH]39)=N1.c1ccc(P(c2ccccc2)c2ccccc2)cc1,CCO,O=C([O-])O.[Na+],20.0,25.0,100.0,3.136196721914521,recent_AHO,inner,inner,recent Ru-AHO test,ru__recent_aho_inner,27,ru__recent_aho_inner__00027,3.136196721914521,1.7216875353256436,1.4145091865888777,2.533805705518862,0.602391016395659,3.629197047790455,0.4930003258759337,1.7485147090230575,1.3876820128914635,2.095500130347304,1.040696591567217,2.0816835875,1.054513134414521,2.3017314525842205,0.8344652693303005,1.9887316052556805,1.1474651166588403,1.748864600054677,1.387332121859844,6.3623478651203005,3.2261511432057794,2.027638054023624,1.1085586678908972,1.5944191315127023,1.5417775904018187,2.1139098704433006,1.0222868514712204,2.6393185210683807,0.4968782008461403,2.15204555390019,0.9841511680143312,2.225734525100824,0.9104621968136976,1.7344133092323082,1.4017834126822128,1.6613484062635948,1.4748483156509262,2.575501462360836,0.5606952595536852,2.411594626579714,0.7246020953348071,2.1267729805729108,1.0094237413416105,0.6518531912729297,1.674273026090061,0.3325354258634628,2.3017314525842205,0.8344652693303005,2.1267729805729108,1.0094237413416103,2.6393185210683807,0.4968782008461403,False,True,True,False,0.3375870684841602,0.51254554049547,0.3375870684841602
28,C=C(CC(=O)c1cc(C)ccc1C)C(=O)O,Cc1ccc(C)c(C(=O)C[C@H](C)C(=O)O)c1,2026,Ru,CC(C)(C)[C@H]1COC([C]23[CH]4[CH]5[CH]6[C]2(P(c2ccccc2)c2ccccc2)[Ru]54632789[CH]3[CH]2[C]7(C2=N[C@@H](C(C)(C)C)CO2)[C]8(P(c2ccccc2)c2ccccc2)[CH]39)=N1.c1ccc(P(c2ccccc2)c2ccccc2)cc1,CCO,O=C([O-])O.[Na+],20.0,25.0,100.0,3.136196721914521,recent_AHO,inner,inner,recent Ru-AHO test,ru__recent_aho_inner,28,ru__recent_aho_inner__00028,3.136196721914521,2.0645535160822144,1.0716432058323069,2.537244624475728,0.5989520974387932,2.535437003504386,0.600759718410135,1.719992221068444,1.416204500846077,2.086314809981838,1.0498819119326832,1.9269916057999985,1.2092051161145223,2.1450889634854344,0.9911077584290866,1.955779636075976,1.1804170858385454,1.6081735835528213,1.5280231383616998,5.5405786051203005,2.4043818832057795,1.705555508938448,1.430641212976073,1.6553730492452523,1.4808236726692685,1.8511275090655623,1.2850692128489587,2.386097981999727,0.7500987399147943,2.2468564389611267,0.8893402829533943,2.3177532478035725,0.8184434741109485,2.0573283700840204,1.078868351830501,1.8622307138920648,1.2739660080224562,2.6734413283552616,0.4627553935592594,2.281009705502336,0.8551870164121853,2.239769967433064,0.8964267544814573,0.3012119165539931,1.4156493587797727,0.2489056045250092,2.1450889634854344,0.9911077584290866,2.239769967433064,0.8964267544814573,2.386097981999727,0.7500987399147943,False,True,True,False,0.24100901851429235,0.146328014566663,0.146328014566663
29,C=C(CC(=O)c1cc(C)c(C)c(C)c1)C(=O)O,Cc1cc(C(=O)C[C@H](C)C(=O)O)cc(C)c1C,2026,Ru,CC(C)(C)[C@H]1COC([C]23[CH]4[CH]5[CH]6[C]2(P(c2ccccc2)c2ccccc2)[Ru]54632789[CH]3[CH]2[C]7(C2=N[C@@H](C(C)(C)C)CO2)[C]8(P(c2ccccc2)c2ccccc2)[CH]39)=N1.c1ccc(P(c2ccccc2)c2ccccc2)cc1,CCO,O=C([O-])O.[Na+],20.0,25.0,100.0,3.136196721914521,recent_AHO,inner,inner,recent Ru-AHO test,ru__recent_aho_inner,29,ru__recent_aho_inner__00029,3.136196721914521,2.044888193948715,1.091308527965806,2.537244624475728,0.5989520974387932,2.4860043483720107,0.6501923735425104,1.655185377702719,1.481011344211802,2.086314809981838,1.0498819119326832,1.9751843726999996,1.1610123492145217,2.130803621196835,1.005393100717686,1.955779636075976,1.1804170858385454,1.6932850204436467,1.4429117014708743,5.5405786051203005,2.4043818832057795,1.754715934408972,1.381480787505549,1.665121280554105,1.471075441360416,1.9638290822647624,1.1723676396497589,2.4288849264779606,0.7073117954365604,2.2529089845188555,0.8832877373956656,2.309088286385833,0.8271084355286882,2.0404085886646013,1.0957881332499195,1.8576939294313417,1.278502792483179,2.6418195606030013,0.4943771613115197,2.106500947660793,1.029695774253728,2.2014033828774044,0.9347933390371166,0.3030821188890961,1.3965247976200186,0.2453831220113929,2.130803621196835,1.005393100717686,2.2014033828774044,0.9347933390371166,2.4288849264779606,0.7073117954365604,False,True,True,False,0.29808130528112553,0.22748154360055617,0.22748154360055617
30,C=C(CC(=O)c1ccc(F)c(C)c1)C(=O)O,Cc1cc(C(=O)C[C@H](C)C(=O)O)ccc1F,2026,Ru,CC(C)(C)[C@H]1COC([C]23[CH]4[CH]5[CH]6[C]2(P(c2ccccc2)c2ccccc2)[Ru]54632789[CH]3[CH]2[C]7(C2=N[C@@H](C(C)(C)C)CO2)[C]8(P(c2ccccc2)c2ccccc2)[CH]39)=N1.c1ccc(P(c2ccccc2)c2ccccc2)cc1,CCO,O=C([O-])O.[Na+],20.0,25.0,100.0,3.136196721914521,recent_AHO,inner,inner,recent Ru-AHO test,ru__recent_aho_inner,30,ru__recent_aho_inner__00030,3.136196721914521,2.251801958348755,0.8843947635657661,2.537244624475728,0.5989520974387932,3.339662521814187,0.203465799899666,1.6885346456031536,1.4476620763113677,2.195559957089143,0.9406367648253782,1.9610579615000008,1.1751387604145205,2.328976944805161,0.8072197771093599,1.2695071485268774,1.866689573387644,1.5146574543253182,1.6215392675892029,5.5405786051203005,2.4043818832057795,2.2475043441832963,0.8886923777312248,1.661285792374231,1.47491092954029,2.056805582683486,1.079391139231035,2.381723154535585,0.7544735673789362,2.301869963981028,0.8343267579334932,2.57109881965102,0.5650979022635014,2.2421975669955945,0.8939991549189266,1.8347801686086909,1.3014165533058302,2.758664212654264,0.377532509260257,2.403321070296565,0.732875651617956,2.3519886336978604,0.7842080882166607,0.5218792245335838,1.4497017647629291,0.2881260936051017,2.328976944805161,0.8072197771093599,2.3519886336978604,0.7842080882166607,2.381723154535585,0.7544735673789362,False,True,True,False,0.052746209730423654,0.029734520837724432,0.029734520837724432
31,C=C(CC(=O)c1cc(C)c(C)c(C)c1C)C(=O)O,Cc1cc(C(=O)C[C@H](C)C(=O)O)c(C)c(C)c1C,2026,Ru,CC(C)(C)[C@H]1COC([C]23[CH]4[CH]5[CH]6[C]2(P(c2ccccc2)c2ccccc2)[Ru]54632789[CH]3[CH]2[C]7(C2=N[C@@H](C(C)(C)C)CO2)[C]8(P(c2ccccc2)c2ccccc2)[CH]39)=N1.c1ccc(P(c2ccccc2)c2ccccc2)cc1,CCO,O=C([O-])O.[Na+],20.0,25.0,100.0,3.136196721914521,recent_AHO,inner,inner,recent Ru-AHO test,ru__recent_aho_inner,31,ru__recent_aho_inner__00031,3.136196721914521,2.023797258874232,1.1123994630402891,2.537244624475728,0.5989520974387932,2.535437003504386,0.600759718410135,1.655185377702719,1.481011344211802,2.1010729652014186,1.0351237567131024,2.005101979699999,1.131094742214522,2.1429732015764134,0.9932235203381076,1.955779636075976,1.1804170858385454,1.6771325421989236,1.4590641797155974,5.5405786051203005,2.4043818832057795,1.8512699004915905,1.2849268214229306,1.6587216234412665,1.4774750984732548,1.931047652530635,1.205149069383886,2.4357549933097817,0.7004417286047393,2.243554440234278,0.8926422816802431,2.3070183790858327,0.8291783428286883,2.019484092679088,1.1167126292354332,1.8521508756737368,1.2840458462407842,2.7386630218738617,0.3975337000406593,1.9964102757661424,1.1397864461483789,2.19288018088549,0.9433165410290312,0.3115503599760326,1.3931946028695794,0.2881658679821048,2.1429732015764134,0.9932235203381077,2.19288018088549,0.9433165410290312,2.4357549933097817,0.7004417286047393,False,True,True,False,0.2927817917333684,0.24287481242429187,0.24287481242429187
32,C=C(CC(=O)c1ccc(Cl)cc1Br)C(=O)O,C[C@@H](CC(=O)c1ccc(Cl)cc1Br)C(=O)O,2026,Ru,CC(C)(C)[C@H]1COC([C]23[CH]4[CH]5[CH]6[C]2(P(c2ccccc2)c2ccccc2)[Ru]54632789[CH]3[CH]2[C]7(C2=N[C@@H](C(C)(C)C)CO2)[C]8(P(c2ccccc2)c2ccccc2)[CH]39)=N1.c1ccc(P(c2ccccc2)c2ccccc2)cc1,CCO,O=C([O-])O.[Na+],20.0,25.0,100.0,3.136196721914521,recent_AHO,inner,inner,recent Ru-AHO test,ru__recent_aho_inner,32,ru__recent_aho_inner__00032,3.136196721914521,2.2522209166051432,0.8839758053093778,2.533805705518862,0.602391016395659,3.840971684375429,0.7047749624609074,1.947738947371801,1.18845777454272,2.2330302956892853,0.9031664262252356,2.172061464200001,0.96413525771452,2.496638168960087,0.6395585529544339,1.3243438027782548,1.8118529191362664,1.7042036591368377,1.4319930627776836,4.721004891969891,1.5848081700553696,2.033260169082355,1.102936552832166,1.6720753598365263,1.4641213620779947,2.0142314454903536,1.1219652764241674,2.2448532213823698,0.8913435005321513,2.309108607069915,0.8270881148446061,3.035925945755189,0.100270776159332,2.228649174087633,0.9075475478268876,1.9350800947565103,1.2011166271580105,2.780697594804842,0.3554991271096792,2.72876485857995,0.4074318633345708,2.503037712509007,0.6331590094055142,0.6250977687896851,1.1326222624675593,0.3758304243845934,2.496638168960087,0.6395585529544339,2.503037712509007,0.6331590094055142,2.2448532213823698,0.8913435005321513,False,True,True,False,-0.2517849475777174,-0.2581844911266371,-0.2581844911266371
33,C=C(CC(=O)CCc1ccccc1)C(=O)O,C[C@@H](CC(=O)CCc1ccccc1)C(=O)O,2026,Ru,CC(C)(C)[C@H]1COC([C]23[CH]4[CH]5[CH]6[C]2(P(c2ccccc2)c2ccccc2)[Ru]54632789[CH]3[CH]2[C]7(C2=N[C@@H](C(C)(C)C)CO2)[C]8(P(c2ccccc2)c2ccccc2)[CH]39)=N1.c1ccc(P(c2ccccc2)c2ccccc2)cc1,CCO,O=C([O-])O.[Na+],20.0,25.0,100.0,3.136196721914521,recent_AHO,inner,inner,recent Ru-AHO test,ru__recent_aho_inner,33,ru__recent_aho_inner__00033,3.136196721914521,1.8364888631785448,1.2997078587359758,2.533805705518862,0.602391016395659,2.7464049526802503,0.3897917692342707,1.7715323997278825,1.3646643221866386,2.0786736520615023,1.0575230698530187,1.8700029858,1.266193736114521,2.13948475982784,0.9967119620866808,2.110406390341979,1.025790331572542,1.7708402721954415,1.3653564497190795,4.5828007751203,1.4466040532057791,1.8306732466963664,1.3055234752181546,1.6096425810193944,1.5265541408951266,2.060622136958312,1.0755745849562093,2.3274975670552984,0.8086991548592226,2.2206356075259364,0.9155611143885848,2.0366543955032914,1.0995423264112296,1.845203082302024,1.2909936396124977,1.7583389872600557,1.3778577346544654,2.8381302689039365,0.2980664530105845,2.4657549885730274,0.6704417333414936,2.1941195550113783,0.9420771669031428,0.371338793815268,1.0228034321332986,0.3709630246695962,2.13948475982784,0.9967119620866809,2.1941195550113783,0.9420771669031427,2.3274975670552984,0.8086991548592226,False,True,True,False,0.18801280722745828,0.13337801204392008,0.13337801204392008
34,C=C(CC(=O)CC(C)(C)C)C(=O)O,C[C@@H](CC(=O)CC(C)(C)C)C(=O)O,2026,Ru,CC(C)(C)[C@H]1COC([C]23[CH]4[CH]5[CH]6[C]2(P(c2ccccc2)c2ccccc2)[Ru]54632789[CH]3[CH]2[C]7(C2=N[C@@H](C(C)(C)C)CO2)[C]8(P(c2ccccc2)c2ccccc2)[CH]39)=N1.c1ccc(P(c2ccccc2)c2ccccc2)cc1,CCO,O=C([O-])O.[Na+],20.0,25.0,100.0,3.136196721914521,recent_AHO,inner,inner,recent Ru-AHO test,ru__recent_aho_inner,34,ru__recent_aho_inner__00034,3.136196721914521,2.08465118785309,1.051545534061431,2.543655321141761,0.5925414007727601,3.015949206993965,0.1202475149205555,2.0432070625130163,1.0929896594015047,2.0786736520615023,1.0575230698530187,2.0789193902000007,1.0572773317145203,2.307509303460556,0.8286874184539652,2.070012754169285,1.0661839677452356,1.9107170746505215,1.2254796472639993,5.5405786051203005,2.4043818832057795,2.163539647205139,0.972657074709382,1.604922060509872,1.531274661404649,1.941739479208676,1.194457242705845,2.5385849368106324,0.5976117851038887,2.123234501887175,1.012962220027346,2.4065471434066628,0.7296495785078583,2.0758323477869225,1.0603643741275983,1.777992995048712,1.358203726865809,2.7410335894423667,0.3951631324721543,2.6108470355534035,0.5253496863611176,2.2892479355208737,0.8469487863936473,0.3609691945865597,1.3536588543245605,0.3306013837926044,2.307509303460556,0.8286874184539652,2.2892479355208737,0.8469487863936473,2.5385849368106324,0.5976117851038887,False,True,True,False,0.23107563335007653,0.24933700128975866,0.23107563335007653
35,C=C(CC(=O)Cc1ccccc1)C(=O)O,C[C@@H](CC(=O)Cc1ccccc1)C(=O)O,2026,Ru,CC(C)(C)[C@H]1COC([C]23[CH]4[CH]5[CH]6[C]2(P(c2ccccc2)c2ccccc2)[Ru]54632789[CH]3[CH]2[C]7(C2=N[C@@H](C(C)(C)C)CO2)[C]8(P(c2ccccc2)c2ccccc2)[CH]39)=N1.c1ccc(P(c2ccccc2)c2ccccc2)cc1,CCO,O=C([O-])O.[Na+],20.0,25.0,100.0,3.136196721914521,recent_AHO,inner,inner,recent Ru-AHO test,ru__recent_aho_inner,35,ru__recent_aho_inner__00035,3.136196721914521,2.06389315217809,1.0723035697364312,2.533805705518862,0.602391016395659,2.571524649551624,0.5646720723628968,1.7429232852123138,1.3932734367022073,2.0786736520615023,1.0575230698530187,1.8762352070000003,1.259961514914521,2.144509275253732,0.991687446660789,2.110406390341979,1.025790331572542,1.74892849465528,1.387268227259241,4.5828007751203,1.4466040532057791,1.837901515721524,1.2982952061929969,1.5358349700925715,1.6003617518219495,1.9613793392823256,1.1748173826321953,2.296208580868997,0.8399881410455241,2.1956934659459675,0.9405032559685536,2.074392631406447,1.061804090508074,2.062289276965495,1.0739074449490262,1.740535133917782,1.3956615879967391,2.717254991184763,0.4189417307297578,2.465619244032164,0.6705774778823574,2.209297457242103,0.926899264672418,0.3103679032427355,1.0378556277675377,0.3118374619685569,2.144509275253732,0.991687446660789,2.209297457242103,0.9268992646724179,2.296208580868997,0.8399881410455241,False,True,True,False,0.1516993056152649,0.0869111236268938,0.0869111236268938
36,C=C(CC(=O)C(C)(C)C)C(=O)O,C[C@@H](CC(=O)C(C)(C)C)C(=O)O,2026,Ru,CC(C)(C)[C@H]1COC([C]23[CH]4[CH]5[CH]6[C]2(P(c2ccccc2)c2ccccc2)[Ru]54632789[CH]3[CH]2[C]7(C2=N[C@@H](C(C)(C)C)CO2)[C]8(P(c2ccccc2)c2ccccc2)[CH]39)=N1.c1ccc(P(c2ccccc2)c2ccccc2)cc1,CCO,O=C([O-])O.[Na+],20.0,25.0,100.0,3.136196721914521,recent_AHO,inner,inner,recent Ru-AHO test,ru__recent_aho_inner,36,ru__recent_aho_inner__00036,3.136196721914521,2.1181136117782766,1.0180831101362444,2.696739296215025,0.4394574256994961,2.994430339557696,0.1417663823568253,2.0116336306679887,1.1245630912465323,2.00823218694961,1.127964534964911,2.0669117457000006,1.0692849762145205,2.3160101351447664,0.8201865867697546,2.141774684926149,0.994422036988372,1.747661088350167,1.388535633564354,5.5405786051203005,2.4043818832057795,1.618593405599135,1.5176033163153864,1.602042826252296,1.5341538956622252,1.7629335192356692,1.3732632026788518,2.40226402158062,0.7339327003339013,2.1153805906065104,1.0208161313080106,2.4119538319981566,0.7242428899163644,2.108059748050338,1.028136973864183,1.7328406221772057,1.4033560997373151,2.668874848083757,0.4673218738307638,2.6153743574572745,0.5208223644572465,2.275413999728874,0.8607827221856472,0.385960712875932,1.4147211272306506,0.3258403539130587,2.3160101351447664,0.8201865867697546,2.275413999728874,0.8607827221856472,2.40226402158062,0.7339327003339009,False,True,True,False,0.08625388643585374,0.12685002185174632,0.08625388643585374
37,C=C(CC(=O)CCCC)C(=O)O,CCCCC(=O)C[C@H](C)C(=O)O,2026,Ru,CC(C)(C)[C@H]1COC([C]23[CH]4[CH]5[CH]6[C]2(P(c2ccccc2)c2ccccc2)[Ru]54632789[CH]3[CH]2[C]7(C2=N[C@@H](C(C)(C)C)CO2)[C]8(P(c2ccccc2)c2ccccc2)[CH]39)=N1.c1ccc(P(c2ccccc2)c2ccccc2)cc1,CCO,O=C([O-])O.[Na+],20.0,25.0,100.0,3.136196721914521,recent_AHO,inner,inner,recent Ru-AHO test,ru__recent_aho_inner,37,ru__recent_aho_inner__00037,3.136196721914521,1.872818133082124,1.263378588832397,2.696739296215025,0.4394574256994961,3.480359934104414,0.3441632121898927,2.122039333341533,1.0141573885729875,2.0786736520615023,1.0575230698530187,2.059061897100001,1.0771348248145198,2.3849487076507665,0.7512480142637545,2.093286413698321,1.0429103082162,2.0780603169819734,1.0581364049325477,5.5405786051203005,2.4043818832057795,2.4058011277190614,0.7303955941954596,1.559468497995738,1.576728223918783,1.900204888014672,1.2359918338998497,2.596233308255011,0.53996341365951,2.2016488444656472,0.9345478774488738,2.3836565700655807,0.7525401518489403,1.8738494844763336,1.2623472374381874,1.8012006995945784,1.3349960223199426,2.774552661744736,0.3616440601697857,2.716035293989636,0.4201614279248851,2.291823925722752,0.8443727961917693,0.5520484298852725,1.3407851744257728,0.3752689881819524,2.3849487076507665,0.7512480142637545,2.291823925722752,0.8443727961917689,2.596233308255011,0.53996341365951,False,True,True,False,0.2112846006042446,0.3044093825322589,0.2112846006042446
38,C=C(CC(=O)C1CCCCC1)C(=O)O,C[C@@H](CC(=O)C1CCCCC1)C(=O)O,2026,Ru,CC(C)(C)[C@H]1COC([C]23[CH]4[CH]5[CH]6[C]2(P(c2ccccc2)c2ccccc2)[Ru]54632789[CH]3[CH]2[C]7(C2=N[C@@H](C(C)(C)C)CO2)[C]8(P(c2ccccc2)c2ccccc2)[CH]39)=N1.c1ccc(P(c2ccccc2)c2ccccc2)cc1,CCO,O=C([O-])O.[Na+],20.0,25.0,100.0,3.136196721914521,recent_AHO,inner,inner,recent Ru-AHO test,ru__recent_aho_inner,38,ru__recent_aho_inner__00038,3.136196721914521,1.843925073414405,1.292271648500116,2.556460984731105,0.579735737183416,2.862819373771018,0.2733773481435029,1.9159026926681963,1.220294029246325,2.047674105577519,1.088522616337002,2.1033105413,1.032886180614521,2.2216821285770405,0.9145145933374804,2.125602206404545,1.0105945155099758,1.813791676600364,1.3224050453141574,4.5828007751203,1.4466040532057791,2.305510036842898,0.830686685071623,1.4340092615792188,1.7021874603353022,1.84272127400963,1.293475447904891,2.3507392050928257,0.7854575168216953,2.2064088057992515,0.9297879161152696,2.0701523318820425,1.0660443900324783,1.8508428982149567,1.2853538236995643,1.6178663666465698,1.5183303552679512,2.9696375469971947,0.1665591749173263,2.5282025672975266,0.6079941546169945,2.20718508613959,0.929011635774931,0.3659749378020558,1.0345385327303454,0.4429900045274135,2.2216821285770405,0.9145145933374805,2.20718508613959,0.929011635774931,2.3507392050928257,0.7854575168216953,False,True,True,False,0.12905707651578524,0.14355411895323567,0.12905707651578524
39,C=C(CC(=O)c1ccccc1)C(=O)O,C[C@@H](CC(=O)c1ccccc1)C(=O)O,2024,Ru,CC(C)(C)[C@H]1COC([C]23[CH]4[CH]5[CH]6[C]2(P(c2ccccc2)c2ccccc2)[Ru]54632789[CH]3[CH]2[C]7(C2=N[C@@H](C(C)(C)C)CO2)[C]8(P(c2ccccc2)c2ccccc2)[CH]39)=N1.c1ccc(P(c2ccccc2)c2ccccc2)cc1,CO,O=C([O-])O.[Na+],50.0,25.0,100.0,3.136196721914521,recent_AHO,inner,inner,recent Ru-AHO test,ru__recent_aho_inner,39,ru__recent_aho_inner__00039,3.136196721914521,2.262200203384415,0.873996518530106,2.6248817756054983,0.5113149463090227,2.4480629615057854,0.6881337604087356,1.769318951463896,1.366877770450625,2.233978020451498,0.9022187014630232,1.9540107708000003,1.1821859511145203,2.215408780535182,0.9207879413793392,2.16971080733106,0.966485914583461,1.6836344817532407,1.4525622401612803,3.1684308167285864,0.0322340948140653,1.8463560625981457,1.2898406593163754,1.733481099011026,1.4027156229034952,1.870480688412972,1.265716033501549,2.078682325972505,1.057514395942016,2.18315985893568,0.9530368629788408,2.214248539393794,0.921948182520727,2.2568186252205478,0.8793780966939737,1.7684475534925324,1.367749168421989,3.014409548352284,0.1217871735622369,2.493585513954683,0.6426112079598378,2.3217782732249206,0.8144184486896004,0.2862561238450181,0.511270974855403,0.3764811108493145,2.215408780535182,0.9207879413793392,2.3217782732249206,0.8144184486896004,2.078682325972505,1.057514395942016,False,True,True,False,-0.13672645456267674,-0.24309594725241546,-0.24309594725241546
40,C=C(CCC(=O)CCc1ccccc1)C(=O)O,C[C@@H](CCC(=O)CCc1ccccc1)C(=O)O,2026,Ru,CC(C)(C)[C@H]1COC([C]23[CH]4[CH]5[CH]6[C]2(P(c2ccccc2)c2ccccc2)[Ru]54632789[CH]3[CH]2[C]7(C2=N[C@@H](C(C)(C)C)CO2)[C]8(P(c2ccccc2)c2ccccc2)[CH]39)=N1.c1ccc(P(c2ccccc2)c2ccccc2)cc1,CCO,O=C([O-])O.[Na+],20.0,25.0,100.0,3.136196721914521,recent_AHO,inner,inner,recent Ru-AHO test,ru__recent_aho_inner,40,ru__recent_aho_inner__00040,3.136196721914521,1.8022148851323967,1.3339818367821243,2.686889680592126,0.4493070413223949,2.588722456413157,0.5474742655013642,1.6798652033733232,1.4563315185411978,1.9908688479771757,1.1453278739373456,1.8309922623999997,1.3052044595145216,2.0965922226480296,1.0396044992664917,2.16971080733106,0.966485914583461,1.9608097340474595,1.1753869878670615,4.5828007751203,1.4466040532057791,1.966103286769062,1.170093435145459,1.6252546233446614,1.5109420985698596,2.027313595881117,1.1088831260334042,2.38866547041561,0.747531251498911,2.0687813262696118,1.0674153956449095,2.041122249640761,1.09507447227376,1.810273141832635,1.325923580081886,1.6384160733438562,1.4977806485706648,2.58707983752071,0.5491168843938112,2.2538626446675263,0.8823340772469948,2.066589212212517,1.069607509702004,0.3942679824926409,0.9947496761065452,0.3043203810316498,2.0965922226480296,1.0396044992664915,2.066589212212517,1.0696075097020041,2.38866547041561,0.747531251498911,False,True,True,False,0.2920732477675805,0.32207625820309316,0.2920732477675805
41,C=C(CCC(=O)c1ccccc1)C(=O)O,C[C@@H](CCC(=O)c1ccccc1)C(=O)O,2026,Ru,CC(C)(C)[C@H]1COC([C]23[CH]4[CH]5[CH]6[C]2(P(c2ccccc2)c2ccccc2)[Ru]54632789[CH]3[CH]2[C]7(C2=N[C@@H](C(C)(C)C)CO2)[C]8(P(c2ccccc2)c2ccccc2)[CH]39)=N1.c1ccc(P(c2ccccc2)c2ccccc2)cc1,CCO,O=C([O-])O.[Na+],20.0,25.0,100.0,3.136196721914521,recent_AHO,inner,inner,recent Ru-AHO test,ru__recent_aho_inner,41,ru__recent_aho_inner__00041,3.136196721914521,1.892545210823948,1.2436515110905737,2.686889680592126,0.4493070413223949,2.4138421532845307,0.7223545686299904,1.7836537512170532,1.352542970697468,2.0498019865782093,1.0863947353363117,1.8813278643,1.2548688576145213,2.118010107799311,1.0181866141152098,2.16971080733106,0.966485914583461,1.9388979565072977,1.1972987654072234,4.5828007751203,1.4466040532057791,1.9583587638065243,1.1778379581079967,1.532080315197713,1.604116406716808,1.974638105737124,1.161558616177397,2.3594144539500035,0.7767822679645175,2.035367093527158,1.100829628387363,2.036332343156205,1.0998643787583156,1.8967568529456067,1.2394398689689143,1.7588838877826445,1.3773128341318766,2.905103483264569,0.2310932386499518,2.5729224967430007,0.5632742251715204,2.200894359569864,0.935302362344657,0.3251768730553568,1.0123939132253716,0.4034576057651042,2.118010107799311,1.0181866141152098,2.200894359569864,0.935302362344657,2.3594144539500035,0.7767822679645175,False,True,True,False,0.24140434615069228,0.15852009438013948,0.15852009438013948
42,C=C(CC(=O)c1ccccc1)C(=O)O,C[C@@H](CC(=O)c1ccccc1)C(=O)O,2024,Ru,CC(C)(C)[C@H]1COC([C]23[CH]4[CH]5[CH]6[C]2(P(c2ccccc2)c2ccccc2)[Ru]54632789[CH]3[CH]2[C]7(C2=N[C@@H](C(C)(C)C)CO2)[C]8(P(c2ccccc2)c2ccccc2)[CH]39)=N1.c1ccc(P(c2ccccc2)c2ccccc2)cc1,CCO,O=C([O-])O.[Na+],50.0,25.0,100.0,3.136196721914521,recent_AHO,inner,inner,recent Ru-AHO test,ru__recent_aho_inner,42,ru__recent_aho_inner__00042,3.136196721914521,2.067830846485439,1.068365875429082,2.4878978566109105,0.6482988653036106,2.175085078464282,0.9611116434502393,1.7320629018891902,1.4041338200253308,2.147863500549517,0.988333221365004,1.8807124837,1.2554842382145213,2.0819087779498897,1.054287943964631,2.16971080733106,0.966485914583461,1.618807009674583,1.517389712239938,3.1684308167285864,0.0322340948140653,1.8699751244408007,1.2662215974737203,1.4883587695598006,1.6478379523547204,1.8401297456852703,1.2960669762292505,2.025902045570017,1.110294676344504,2.188009164227142,0.9481875576873784,1.9339799646775648,1.2022167572369562,2.066464406236105,1.0697323156784155,1.7518315700445557,1.3843651518699656,2.758483621599765,0.3777131003147556,2.4595942064566585,0.6766025154578625,2.193060488873632,0.9431362330408892,0.2383726964138479,0.5537082033671045,0.3338166419056774,2.0819087779498897,1.0542879439646313,2.193060488873632,0.9431362330408892,2.025902045570017,1.110294676344504,False,True,True,False,-0.05600673237987275,-0.16715844330361485,-0.16715844330361485
43,C=C(CC(=O)c1ccccc1)C(=O)O,C[C@@H](CC(=O)c1ccccc1)C(=O)O,2024,Ru,CC(C)(C)[C@H]1COC([C]23[CH]4[CH]5[CH]6[C]2(P(c2ccccc2)c2ccccc2)[Ru]54632789[CH]3[CH]2[C]7(C2=N[C@@H](C(C)(C)C)CO2)[C]8(P(c2ccccc2)c2ccccc2)[CH]39)=N1.c1ccc(P(c2ccccc2)c2ccccc2)cc1,CCO,O=C([O-])O.[Na+],10.0,25.0,100.0,3.136196721914521,recent_AHO,inner,inner,recent Ru-AHO test,ru__recent_aho_inner,43,ru__recent_aho_inner__00043,3.136196721914521,2.079420079609486,1.056776642305035,2.533805705518862,0.602391016395659,2.522091994419249,0.6141047274952722,1.755607031116811,1.38058969079771,2.1297812261933595,1.0064154957211615,1.8841822814,1.2520144405145208,2.150814719709628,0.9853820022048932,2.16971080733106,0.966485914583461,1.967516813479796,1.1686799084347248,4.7546421651203,1.618445443205779,2.0700130774876784,1.0661836444268429,1.518750025362123,1.617446696552398,2.094615576655846,1.0415811452586752,2.4292080775728,0.7069886443417208,2.2022660072106093,0.9339307147039118,2.116421747961766,1.0197749739527544,2.077990645139135,1.0582060767753865,1.7456118881683609,1.3905848337461602,2.767153536248176,0.369043185666345,2.463241648400804,0.6729550735137169,2.228780912188142,0.9074158097263793,0.2936410753207829,1.0612923259499758,0.3199829556771282,2.150814719709628,0.9853820022048931,2.228780912188142,0.9074158097263791,2.4292080775728,0.7069886443417208,False,True,True,False,0.2783933578631723,0.20042716538465832,0.20042716538465832
44,C=C(CCC(=O)[C]12[CH]3[CH]4[CH]5[CH]1[Fe]45321678[CH]2[CH]1[CH]6[CH]7[CH]28)C(=O)O,C[C@@H](CCC(=O)[C]12[CH]3[CH]4[CH]5[CH]1[Fe]45321678[CH]2[CH]1[CH]6[CH]7[CH]28)C(=O)O,2026,Ru,CC(C)(C)[C@H]1COC([C]23[CH]4[CH]5[CH]6[C]2(P(c2ccccc2)c2ccccc2)[Ru]54632789[CH]3[CH]2[C]7(C2=N[C@@H](C(C)(C)C)CO2)[C]8(P(c2ccccc2)c2ccccc2)[CH]39)=N1.c1ccc(P(c2ccccc2)c2ccccc2)cc1,CCO,O=C([O-])O.[Na+],20.0,25.0,100.0,2.7225335188487896,recent_AHO,inner,inner,recent Ru-AHO test,ru__recent_aho_inner,44,ru__recent_aho_inner__00044,2.7225335188487896,1.7234644878448109,0.9990690310039788,2.709544959804369,0.0129885590444205,3.0791231612211125,0.3565896423723229,2.8523097959437065,0.1297762770949169,2.208601316238725,0.5139322026100643,2.4073324476000004,0.3152010712487891,2.496729361442121,0.2258041574066687,2.125602206404545,0.5969313124442444,1.9726918038153785,0.7498417150334113,5.886996356076728,3.1644628372279384,2.3813851215665096,0.3411483972822799,1.566911704829831,1.1556218140189582,2.3451675741996514,0.3773659446491382,2.713125794482108,0.0094077243666816,2.014266132601478,0.7082673862473117,2.199905974327632,0.5226275445211574,1.730381896041101,0.9921516228076884,1.6764077703481255,1.046125748500664,2.824579085826901,0.1020455669781115,2.6396588721108785,0.0828746467379111,2.1808666218760195,0.54166689697277,0.4471872474523992,1.4448836555294262,0.4301917220234441,2.496729361442121,0.2258041574066687,2.1808666218760195,0.54166689697277,2.713125794482108,0.009407724366681691,True,False,True,False,0.216396433039987,0.5322591726060883,0.216396433039987
45,C=C(CC(=O)c1ccccc1)C(=O)O,C[C@@H](CC(=O)c1ccccc1)C(=O)O,2024,Ru,CC(C)(C)[C@H]1COC([C]23[CH]4[CH]5[CH]6[C]2(P(c2ccccc2)c2ccccc2)[Ru]54632789[CH]3[CH]2[C]7(C2=N[C@@H](C(C)(C)C)CO2)[C]8(P(c2ccccc2)c2ccccc2)[CH]39)=N1.c1ccc(P(c2ccccc2)c2ccccc2)cc1,CO,C1CCC2=NCCCN2CC1,50.0,25.0,100.0,2.7225335188487896,recent_AHO,inner,inner,recent Ru-AHO test,ru__recent_aho_inner,45,ru__recent_aho_inner__00045,2.7225335188487896,1.8599065070341556,0.8626270118146342,2.149730731024546,0.5728027878242434,2.334682427600914,0.3878510912478754,1.678049949035304,1.0444835698134856,2.15911434386509,0.5634191749836996,1.9263101075000009,0.7962234113487889,2.0179656776766683,0.7045678411721212,1.77571697347959,0.9468165453691996,1.961788081913698,0.7607454369350914,2.944250612626776,0.2217170937779862,1.707571091140549,1.0149624277082403,1.7755822209254404,0.9469512979233492,1.8938996969935704,0.8286338218552192,2.0098014461799374,0.7127320726688522,2.1060113103285443,0.6165222085202453,2.162496805635789,0.5600367132130004,1.8352319085664932,0.8873016102822961,1.7423755386754352,0.9801579801733544,2.649143510780404,0.0733900080683858,2.3352587781034813,0.3872747407453083,2.1384196420150245,0.584113876833765,0.2185255982257439,0.4262102604410301,0.3027618037603062,2.0179656776766683,0.7045678411721212,2.1384196420150245,0.584113876833765,2.0098014461799374,0.7127320726688522,False,True,True,False,-0.008164231496730956,-0.12861819583508716,-0.12861819583508716
46,C=C(CC(=O)c1ccccc1)C(=O)O,C[C@@H](CC(=O)c1ccccc1)C(=O)O,2024,Ru,CC(C)(C)[C@H]1COC([C]23[CH]4[CH]5[CH]6[C]2(P(c2ccccc2)c2ccccc2)[Ru]54632789[CH]3[CH]2[C]7(C2=N[C@@H](C(C)(C)C)CO2)[C]8(P(c2ccccc2)c2ccccc2)[CH]39)=N1.c1ccc(P(c2ccccc2)c2ccccc2)cc1,CO,CCN(C(C)C)C(C)C,50.0,25.0,100.0,2.7225335188487896,recent_AHO,inner,inner,recent Ru-AHO test,ru__recent_aho_inner,46,ru__recent_aho_inner__00046,2.7225335188487896,2.0764286902066367,0.6461048286421529,2.215801651350082,0.5067318674987078,2.328068143085445,0.3944653757633447,1.624568637167774,1.0979648816810157,2.198880077320573,0.523653441528217,1.9495868133,0.77294670554879,2.0655556687384182,0.6569778501103714,1.77609685907959,0.9464366597691996,1.8936212484297896,0.8289122704189997,2.761941316509245,0.0394077976604552,1.642806979984942,1.0797265388638475,1.8166476002423135,0.9058859186064758,1.840625109740469,0.8819084091083205,1.955289852331058,0.7672436665177316,2.091512715862011,0.6310208029867788,2.144113725289656,0.5784197935591338,2.0760769973924424,0.6464565214563471,1.7365268412809174,0.9860066775678722,2.7032859450692506,0.019247573779539,2.366613732522332,0.3559197863264578,2.186354992902768,0.5361785259460214,0.2299632624440831,0.3689207125669979,0.2958030896294933,2.0655556687384182,0.6569778501103714,2.186354992902768,0.5361785259460214,1.955289852331058,0.7672436665177316,False,True,True,False,-0.11026581640736022,-0.23106514057171013,-0.23106514057171013
47,C=C(CC(=O)c1ccccc1)C(=O)O,C[C@@H](CC(=O)c1ccccc1)C(=O)O,2024,Ru,CC(C)(C)[C@H]1COC([C]23[CH]4[CH]5[CH]6[C]2(P(c2ccccc2)c2ccccc2)[Ru]54632789[CH]3[CH]2[C]7(C2=N[C@@H](C(C)(C)C)CO2)[C]8(P(c2ccccc2)c2ccccc2)[CH]39)=N1.c1ccc(P(c2ccccc2)c2ccccc2)cc1,CO,O=C([O-])O.[K+],50.0,25.0,100.0,2.7225335188487896,recent_AHO,inner,inner,recent Ru-AHO test,ru__recent_aho_inner,47,ru__recent_aho_inner__00047,2.7225335188487896,2.262200203384415,0.4603333154643745,2.6248817756054983,0.0976517432432912,2.4480629615057854,0.2744705573430042,1.7579982895993098,0.9645352292494798,2.233978020451498,0.4885554983972917,1.9067608327000007,0.8157726861487888,2.2056470138744184,0.5168865049743712,2.16971080733106,0.5528227115177295,1.6836344817532407,1.0388990370955489,3.1684308167285864,0.4458972978797968,1.65285207473339,1.0696814441153997,1.6461085389523598,1.0764249798964298,1.850490954439334,0.8720425644094556,2.0285379456563284,0.6939955731924612,2.18315985893568,0.5393736599131094,2.214248539393794,0.5082849794549955,2.2568186252205478,0.4657148936282422,1.7478522360545647,0.9746812827942248,2.8441724840727964,0.1216389652240068,2.43631047534764,0.2862230435011494,2.2804270365041703,0.4421064823446192,0.2967171818217116,0.5411926320038669,0.3266349513420189,2.2056470138744184,0.5168865049743712,2.2804270365041703,0.44210648234461924,2.0285379456563284,0.6939955731924612,False,True,True,False,-0.17710906821809003,-0.25188909084784195,-0.25188909084784195
48,C=C(CC(=O)c1ccccc1)C(=O)O,C[C@@H](CC(=O)c1ccccc1)C(=O)O,2024,Ru,CC(C)(C)[C@H]1COC([C]23[CH]4[CH]5[CH]6[C]2(P(c2ccccc2)c2ccccc2)[Ru]54632789[CH]3[CH]2[C]7(C2=N[C@@H](C(C)(C)C)CO2)[C]8(P(c2ccccc2)c2ccccc2)[CH]39)=N1.c1ccc(P(c2ccccc2)c2ccccc2)cc1,CO,CCN(CC)CC,50.0,25.0,100.0,2.7225335188487896,recent_AHO,inner,inner,recent Ru-AHO test,ru__recent_aho_inner,48,ru__recent_aho_inner__00048,2.7225335188487896,2.15772940022462,0.5648041186241697,2.215801651350082,0.5067318674987078,2.283762480247399,0.4387710386013905,1.5748606974878698,1.1476728213609195,2.282133641034344,0.4403998778144462,1.991688006400001,0.7308455124487885,2.084329312790719,0.6382042060580706,1.77571697347959,0.9468165453691996,1.951424025798101,0.7711094930506885,2.955677696509245,0.2331441776604554,1.663876162483915,1.058657356364875,1.8071262757224875,0.915407243126302,1.8635313600717387,0.8590021587770509,2.002892082344179,0.7196414365046104,2.109909295750149,0.6126242230986407,2.176849458689658,0.5456840601591315,2.145193732507058,0.5773397863417316,1.7595302202188856,0.963003298629904,2.877641213379471,0.1551076945306815,2.434348552257526,0.2881849665912637,2.250578745467125,0.4719547733816647,0.2482315353400493,0.434882239494289,0.3426458904538713,2.084329312790719,0.6382042060580706,2.250578745467125,0.4719547733816647,2.002892082344179,0.7196414365046104,False,True,True,False,-0.08143723044653983,-0.24768666312294574,-0.24768666312294574
49,C=C(CC(=O)c1ccccc1)C(=O)O,C[C@@H](CC(=O)c1ccccc1)C(=O)O,2024,Ru,CC(C)(C)[C@H]1COC([C]23[CH]4[CH]5[CH]6[C]2(P(c2ccccc2)c2ccccc2)[Ru]54632789[CH]3[CH]2[C]7(C2=N[C@@H](C(C)(C)C)CO2)[C]8(P(c2ccccc2)c2ccccc2)[CH]39)=N1.c1ccc(P(c2ccccc2)c2ccccc2)cc1,CO,O=C([O-])[O-].[Na+].[Na+],50.0,25.0,100.0,2.7225335188487896,recent_AHO,inner,inner,recent Ru-AHO test,ru__recent_aho_inner,49,ru__recent_aho_inner__00049,2.7225335188487896,2.2064504210161795,0.5160830978326101,2.1701773462019367,0.5523561726468529,2.346356491882311,0.3761770269664786,1.6275159915288655,1.095017527319924,2.099360512128526,0.6231730067202634,1.8727301191000008,0.8498033997487888,2.0537651469763034,0.6687683718724862,2.1561080902716454,0.5664254285771442,1.6380618229798647,1.084471695868925,2.894070216885608,0.1715366980368182,1.6140542162982998,1.1084793025504898,1.448986029709677,1.2735474891391123,1.7613351755921185,0.9611983432566712,1.9187692586228688,0.8037642602259207,2.1635306731484927,0.5590028457002969,2.0567221536162608,0.6658113652325288,2.192511925973779,0.5300215928750105,1.7394791153863596,0.98305440346243,2.8663932625556914,0.1438597437069018,2.3768726423582223,0.3456608764905673,2.232584962173134,0.4899485566756554,0.237702632614884,0.4872835201927443,0.3422930866277142,2.0537651469763034,0.6687683718724862,2.232584962173134,0.4899485566756554,1.9187692586228688,0.8037642602259207,False,True,True,False,-0.13499588835343457,-0.31381570355026533,-0.31381570355026533
50,C=C(CC(=O)c1cc(C(F)(F)F)cc(C(F)(F)F)c1)C(=O)O,C[C@@H](CC(=O)c1cc(C(F)(F)F)cc(C(F)(F)F)c1)C(=O)O,2026,Ru,CC(C)(C)[C@H]1COC([C]23[CH]4[CH]5[CH]6[C]2(P(c2ccccc2)c2ccccc2)[Ru]54632789[CH]3[CH]2[C]7(C2=N[C@@H](C(C)(C)C)CO2)[C]8(P(c2ccccc2)c2ccccc2)[CH]39)=N1.c1ccc(P(c2ccccc2)c2ccccc2)cc1,CCO,O=C([O-])O.[Na+],20.0,25.0,100.0,2.4793021357091005,recent_AHO,inner,inner,recent Ru-AHO test,ru__recent_aho_inner,50,ru__recent_aho_inner__00050,2.4793021357091005,2.0313278986444594,0.4479742370646411,2.533805705518862,0.0545035698097615,2.298248583774892,0.1810535519342084,1.6912607238694124,0.7880414118396881,2.039222492160958,0.4400796435481426,2.0100374905000007,0.4692646452090998,2.1006504824114307,0.3786516532976698,2.1377726163089728,0.3415295194001277,1.3620638378187324,1.117238297890368,3.88856791360139,1.4092657778922897,2.1370763106026502,0.3422258251064503,1.423864162645138,1.0554379730639625,1.7616572176128316,0.717644918096269,2.1185003430982863,0.3608017926108142,2.1551530852027487,0.3241490505063518,2.075900128072412,0.4034020076366889,2.046116100910865,0.433186034798235,1.730944811013188,0.7483573246959125,2.654579663185841,0.1752775274767404,2.4525407069821243,0.0267614287269761,2.1858724158945297,0.2934297198145708,0.261743565433889,0.848126201021061,0.2973009125904946,2.1006504824114307,0.3786516532976698,2.1858724158945297,0.2934297198145708,2.1185003430982863,0.36080179261081424,False,False,False,False,0.017849860686855568,-0.06737207279624347,-0.06737207279624347
51,C=C(CC(=O)c1cc(Cl)cc(Cl)c1)C(=O)O,C[C@@H](CC(=O)c1cc(Cl)cc(Cl)c1)C(=O)O,2026,Ru,CC(C)(C)[C@H]1COC([C]23[CH]4[CH]5[CH]6[C]2(P(c2ccccc2)c2ccccc2)[Ru]54632789[CH]3[CH]2[C]7(C2=N[C@@H](C(C)(C)C)CO2)[C]8(P(c2ccccc2)c2ccccc2)[CH]39)=N1.c1ccc(P(c2ccccc2)c2ccccc2)cc1,CCO,O=C([O-])O.[Na+],20.0,25.0,100.0,2.4793021357091005,recent_AHO,inner,inner,recent Ru-AHO test,ru__recent_aho_inner,51,ru__recent_aho_inner__00051,2.4793021357091005,2.3085613117110886,0.1707408239980119,2.533805705518862,0.0545035698097615,2.972902648806228,0.4936005130971277,1.9798652981090603,0.49943683760004,2.1856660695537458,0.2936360661553547,2.140630329600001,0.3386718061090996,2.353571893883164,0.1257302418259365,2.041394911446473,0.4379072242626276,1.8194466517686088,0.6598554839404913,3.3548808419698912,0.8755787062607907,1.92185986934558,0.5574422663635208,1.494327835136885,0.9849743005722156,1.99019813839022,0.4891039973188809,2.103684708009609,0.375617427699491,2.2761972887124853,0.2031048469966152,2.3696485849004523,0.1096535508086482,2.305191869901052,0.1741102658080486,1.8912666911052132,0.5880354446038871,2.6962223825903457,0.2169202468812452,2.4488090336547765,0.0304931020543239,2.331222641810721,0.1480794938983796,0.3243644706000605,0.587000614560311,0.2400675434641322,2.353571893883164,0.1257302418259365,2.331222641810721,0.1480794938983796,2.103684708009609,0.37561742769949147,False,False,False,False,-0.24988718587355496,-0.22753793380111187,-0.24988718587355496
52,C=C(CC(=O)c1ccccc1)C(=O)O,C[C@@H](CC(=O)c1ccccc1)C(=O)O,2024,Ru,CC(C)(C)[C@H]1COC([C]23[CH]4[CH]5[CH]6[C]2(P(c2ccccc2)c2ccccc2)[Ru]54632789[CH]3[CH]2[C]7(C2=N[C@@H](C(C)(C)C)CO2)[C]8(P(c2ccccc2)c2ccccc2)[CH]39)=N1.c1ccc(P(c2ccccc2)c2ccccc2)cc1,CCO,CCN(C(C)C)C(C)C,20.0,25.0,100.0,2.4793021357091005,recent_AHO,inner,inner,recent Ru-AHO test,ru__recent_aho_inner,52,ru__recent_aho_inner__00052,2.4793021357091005,1.9533431595602773,0.5259589761488233,2.087546583299859,0.3917555524092413,2.69722871076166,0.2179265750525596,1.5532248123101304,0.92607732339897,2.011461937332187,0.4678401983769134,1.9525628757,0.5267392600091003,2.042561346494019,0.4367407892150816,1.7612350956163476,0.7180670400927529,1.812208114016931,0.6670940216921695,2.761941316509245,0.2826391808001443,1.896250867708684,0.5830512680004165,1.6606934416082595,0.8186086941008408,2.086411696544745,0.3928904391643559,1.9964567553340355,0.4828453803750649,2.0966465133999104,0.3826556223091901,2.036535032000982,0.4427671037081184,1.9550376161915943,0.524264519517506,1.7211446859674333,0.7581574497416672,2.3497577281314346,0.1295444075776659,2.327755992246112,0.1515461434629887,2.081146261322911,0.3981558743861897,0.3384006638906852,0.3665409296454867,0.2162958713269034,2.042561346494019,0.43674078921508164,2.081146261322911,0.3981558743861897,1.9964567553340355,0.48284538037506497,False,True,False,False,-0.04610459115998333,-0.08468950598887526,-0.08468950598887526
53,C=C(CC(=O)c1ccccc1)C(=O)O,C[C@@H](CC(=O)c1ccccc1)C(=O)O,2024,Ru,CC(C)(C)[C@H]1COC([C]23[CH]4[CH]5[CH]6[C]2(P(c2ccccc2)c2ccccc2)[Ru]54632789[CH]3[CH]2[C]7(C2=N[C@@H](C(C)(C)C)CO2)[C]8(P(c2ccccc2)c2ccccc2)[CH]39)=N1.c1ccc(P(c2ccccc2)c2ccccc2)cc1,CCO,CCN(CC)CC,20.0,25.0,100.0,2.4793021357091005,recent_AHO,inner,inner,recent Ru-AHO test,ru__recent_aho_inner,53,ru__recent_aho_inner__00053,2.4793021357091005,2.015814394089322,0.4634877416197787,2.087546583299859,0.3917555524092413,2.6529230479236143,0.1736209122145138,1.6617084652236047,0.8175936704854958,2.177936846776205,0.3013652889328955,1.994664068800001,0.4846380669090995,2.098432234352101,0.3808699013569994,1.7608552100163477,0.7184469256927528,1.8073992161549328,0.6719029195541679,2.955677696509245,0.4763755608001445,1.84839156227144,0.6309105734376603,1.653541920286756,0.8257602154223445,2.0980502578822207,0.3812518778268798,2.02065264385349,0.4586494918556103,2.1137742061137845,0.365527929595316,2.067705935869099,0.4115961998400017,2.007977292123324,0.4713248435857764,1.7423236280947136,0.7369785076143869,2.5397422614359724,0.0604401257268718,2.393524220775048,0.0857779149340531,2.144174590735324,0.3351275449737771,0.295019980499703,0.4392565944089124,0.259953380112365,2.098432234352101,0.3808699013569994,2.144174590735324,0.3351275449737767,2.02065264385349,0.4586494918556103,False,False,False,False,-0.07777959049861094,-0.1235219468818336,-0.1235219468818336
54,C=C(CC(=O)c1ccccc1)C(=O)O,C[C@@H](CC(=O)c1ccccc1)C(=O)O,2024,Ru,CC(C)(C)[C@H]1COC([C]23[CH]4[CH]5[CH]6[C]2(P(c2ccccc2)c2ccccc2)[Ru]54632789[CH]3[CH]2[C]7(C2=N[C@@H](C(C)(C)C)CO2)[C]8(P(c2ccccc2)c2ccccc2)[CH]39)=N1.c1ccc(P(c2ccccc2)c2ccccc2)cc1,CCO,O=C([O-])O.[K+],20.0,25.0,100.0,2.3058400121232805,recent_AHO,inner,inner,recent Ru-AHO test,ru__recent_aho_inner,54,ru__recent_aho_inner__00054,2.3058400121232805,2.076831107386733,0.2290089047365473,2.533805705518862,0.2279656933955816,2.522091994419249,0.2162519822959683,1.744286369252225,0.5615536428710555,2.1297812261933595,0.1760587859299209,1.8461608268000007,0.4596791853232793,2.142159538261738,0.1636804738615422,2.16971080733106,0.1361292047922204,1.74892849465528,0.5569115174680004,4.5828007751203,2.27696076299702,1.874266705731794,0.4315733063914864,1.4674276596689444,0.8384123524543361,2.013988794687835,0.2918512174354455,2.309520539532536,0.003680527409255,2.198914688688748,0.1069253234345324,2.074219902406447,0.2316201097168333,2.0754123733555536,0.2304276387677268,1.725016570730393,0.5808234413928874,2.608409204023641,0.302569191900361,2.406289270227753,0.1004492581044727,2.181377001572089,0.124463010551191,0.3022346532811902,1.0398332047238816,0.278156308024986,2.142159538261738,0.16368047386154227,2.181377001572089,0.12446301055119147,2.309520539532536,0.0036805274092555074,True,False,False,False,0.15999994645228677,0.12078248314193596,0.12078248314193596
55,C=C(CC(=O)c1ccccc1)C(=O)O,C[C@@H](CC(=O)c1ccccc1)C(=O)O,2024,Ru,CC(C)(C)[C@H]1COC([C]23[CH]4[CH]5[CH]6[C]2(P(c2ccccc2)c2ccccc2)[Ru]54632789[CH]3[CH]2[C]7(C2=N[C@@H](C(C)(C)C)CO2)[C]8(P(c2ccccc2)c2ccccc2)[CH]39)=N1.c1ccc(P(c2ccccc2)c2ccccc2)cc1,CCO,C1CCC2=NCCCN2CC1,20.0,25.0,100.0,2.3058400121232805,recent_AHO,inner,inner,recent Ru-AHO test,ru__recent_aho_inner,55,ru__recent_aho_inner__00055,2.3058400121232805,1.8224066218327664,0.4834333902905141,2.049618367773128,0.2562216443501528,2.4087114605143776,0.102871448391097,1.6067061241776606,0.6991338879456199,1.971696203876704,0.3341438082465766,1.9253966905000008,0.3804433216232799,1.964089244779106,0.3417507673441744,1.7608552100163477,0.5449848021069328,1.8090851430585608,0.4967548690647196,2.944250612626776,0.6384106005034953,1.7850171628224127,0.5208228493008678,1.5523188662020566,0.7535211459212239,2.0664051391610787,0.2394348729622017,1.986322022314539,0.3195179898087414,2.1334319889044595,0.1724080232188209,2.0699412672073088,0.2358987449159717,1.8093088014837453,0.4965312106395352,1.7280835357616224,0.5777564763616581,2.295615293842588,0.0102247182806931,2.2957736350190663,0.0100663771042142,2.055359087036465,0.2504809250868156,0.2430211875964058,0.4537200073702745,0.2196513325166335,1.964089244779106,0.3417507673441744,2.055359087036465,0.25048092508681563,1.986322022314539,0.31951798980874146,False,False,False,False,0.022232777535432957,-0.06903706472192583,-0.06903706472192583
56,C=C(OC1CCCCC1)c1c(NC(=O)OC(C)(C)C)cnn2ccnc12,C[C@H](OC1CCCCC1)c1c(NC(=O)OC(C)(C)C)cnn2ccnc12,2022,Ru,Cc1ccc(C(C)C)cc1.c1ccc(P(c2ccccc2)c2ccc3ccccc3c2-c2c(P(c3ccccc3)c3ccccc3)ccc3ccccc23)cc1,ClCCl,,50.0,25.0,100.0,2.3058400121232805,recent_AHO,inner,inner,recent Ru-AHO test,ru__recent_aho_inner,56,ru__recent_aho_inner__00056,2.3058400121232805,1.689358538338876,0.6164814737844044,1.0480730536083065,1.2577669585149742,1.2059121257982557,1.099927886325025,1.3202728139242683,0.985567198199012,1.5264777803263327,0.7793622317969477,1.5167693661999997,0.7890706459232808,1.38447727969934,0.9213627324239406,0.8508704082395967,1.4549696038836837,1.533987766462838,0.7718522456604426,2.1791587083441453,0.1266813037791352,1.3449880405137455,0.960851971609535,0.9635316884717328,1.3423083236515478,1.8676403525221776,0.4381996596011026,1.4566961607590396,0.8491438513642409,2.00761769072079,0.2982223214024904,2.309355238032881,0.0035152259096,1.6967965636305329,0.6090434484927476,1.3723665863003458,0.9334734258229348,1.686354151021118,0.6194858611021625,1.430937355880356,0.8749026562429245,1.7505712642643374,0.5552687478589431,0.2159449972962752,0.4689555766079547,0.324173966818952,1.38447727969934,0.9213627324239404,1.7505712642643374,0.5552687478589431,1.4566961607590396,0.8491438513642409,False,True,True,False,0.07221888105969954,-0.2938751035052978,-0.2938751035052978
57,C=C(CC(=O)c1ccccc1)C(=O)O,C[C@@H](CC(=O)c1ccccc1)C(=O)O,2024,Ru,CC(C)(C)[C@H]1COC([C]23[CH]4[CH]5[CH]6[C]2(P(c2ccccc2)c2ccccc2)[Ru]54632789[CH]3[CH]2[C]7(C2=N[C@@H](C(C)(C)C)CO2)[C]8(P(c2ccccc2)c2ccccc2)[CH]39)=N1.c1ccc(P(c2ccccc2)c2ccccc2)cc1,CCO,O=C([O-])[O-].[Na+].[Na+],20.0,25.0,100.0,2.1706004860057497,recent_AHO,inner,inner,recent Ru-AHO test,ru__recent_aho_inner,57,ru__recent_aho_inner__00057,2.1706004860057497,2.0313474036828425,0.1392530823229072,2.164106506813938,0.0064939791918119,2.4203855247957744,0.2497850387900246,1.6138040711817805,0.5567964148239695,1.9951637178703876,0.1754367681353623,1.833256827800001,0.3373436582057487,2.0096773420241205,0.1609231439816292,2.158022324677897,0.0125781613278528,1.6386643231023783,0.5319361629033714,2.894070216885608,0.7234697308798581,1.783599972999493,0.3870005130062568,1.4461273964148962,0.7244730895908535,1.9839338909526,0.1866665950531498,1.9840696875054784,0.1865307985002713,2.18173749378499,0.01113700777924,1.9857176130060656,0.1848828729996838,2.023292603267989,0.1473078827377603,1.7249790579621875,0.4456214280435622,2.6191372504515837,0.4485367644458335,2.3438173351297937,0.173216849124044,2.1464468922671016,0.0241535937386481,0.252008485173998,0.4667682120404076,0.2835115248851466,2.0096773420241205,0.1609231439816292,2.1464468922671016,0.024153593738648116,1.9840696875054784,0.18653079850027132,True,False,False,False,-0.02560765451864211,-0.1623772047616232,-0.1623772047616232
58,C=C(CC(=O)c1ccccc1)C(=O)O,C[C@@H](CC(=O)c1ccccc1)C(=O)O,2024,Ru,CC(C)(C)[C@H]1COC([C]23[CH]4[CH]5[CH]6[C]2(P(c2ccccc2)c2ccccc2)[Ru]54632789[CH]3[CH]2[C]7(C2=N[C@@H](C(C)(C)C)CO2)[C]8(P(c2ccccc2)c2ccccc2)[CH]39)=N1.c1ccc(P(c2ccccc2)c2ccccc2)cc1,CO,O=C([O-])[O-].[K+].[K+],50.0,25.0,100.0,2.059531743796781,recent_AHO,inner,inner,recent Ru-AHO test,ru__recent_aho_inner,58,ru__recent_aho_inner__00058,2.059531743796781,2.2064504210161795,0.1469186772193986,2.1701773462019367,0.1106456024051558,2.346356491882311,0.2868247480855301,1.659880712685605,0.3996510311111758,2.099360512128526,0.0398287683317453,1.8823352638000008,0.17719647999678,2.0607601246190934,0.0012283808223125,2.1561080902716454,0.0965763464748645,1.6380618229798647,0.4214699208169161,2.894070216885608,0.834538473088827,1.701511983531143,0.3580197602656378,1.5503354418826425,0.5091963019141383,1.7936885195619428,0.2658432242348381,1.955629345852141,0.1039023979446398,2.1635306731484927,0.1039989293517118,2.0567221536162608,0.00280959018052,2.192511925973779,0.1329801821769982,1.7403236043315766,0.3192081394652042,2.771368443086354,0.7118366992895733,2.375625118604396,0.3160933748076151,2.216680319793477,0.1571485759966959,0.2268600154366332,0.4612981213598348,0.3132766867275519,2.0607601246190934,0.0012283808223125803,2.216680319793477,0.15714857599669596,1.955629345852141,0.10390239794463985,True,False,False,False,-0.10267401712232727,0.053246178052056115,-0.10267401712232727
59,C=C(CC(=O)c1ccccc1)C(=O)O,C[C@@H](CC(=O)c1ccccc1)C(=O)O,2026,Ru,CC(C)(C)[C@H]1COC([C]23[CH]4[CH]5[CH]6[C]2(P(c2ccccc2)c2ccccc2)[Ru]54632789[CH]3[CH]2[C]7(C2=N[C@@H](C(C)(C)C)CO2)[C]8(P(c2ccccc2)c2ccccc2)[CH]39)=N1,CO,O=C([O-])O.[Na+],50.0,25.0,100.0,2.059531743796781,recent_AHO,inner,inner,recent Ru-AHO test,ru__recent_aho_inner,59,ru__recent_aho_inner__00059,2.059531743796781,2.2688941804842893,0.2093624366875084,2.6248817756054983,0.5653500318087175,2.4480629615057854,0.3885312177090045,1.769318951463896,0.2902127923328848,2.251887873589093,0.1923561297923122,1.9631576931,0.0963740506967807,2.221033905958093,0.1615021621613124,2.172777945142496,0.1132462013457149,1.706165089491797,0.3533666543049838,3.1684308167285864,1.1088990729318056,2.1211249927102824,0.0615932489135016,2.187888757238351,0.1283570134415703,2.42857752572181,0.369045781925029,2.297494187838887,0.2379624440421062,2.152058376044925,0.0925266322481439,2.2202254687900043,0.1606937249932234,2.2618402832361437,0.2023085394393624,1.7160685348988038,0.343463208897977,3.106679399856248,1.047147656059467,2.5839113973508123,0.5243796535540315,2.340130576696156,0.2805988328993751,0.2853139815331083,0.4442328856512108,0.4266843830493638,2.221033905958093,0.16150216216131197,2.340130576696156,0.28059883289937515,2.297494187838887,0.2379624440421062,True,False,False,False,-0.07646028188079423,0.04263638885726895,-0.07646028188079423
60,C=C(OC)c1c(NC(=O)OC(C)(C)C)cnn2ccnc12,CO[C@@H](C)c1c(NC(=O)OC(C)(C)C)cnn2ccnc12,2022,Ru,Cc1ccc(C(C)C)cc1.c1ccc(P(c2ccccc2)c2ccc3ccccc3c2-c2c(P(c3ccccc3)c3ccccc3)ccc3ccccc23)cc1,ClCCl,,50.0,25.0,100.0,1.9651380437606216,recent_AHO,inner,inner,recent Ru-AHO test,ru__recent_aho_inner,60,ru__recent_aho_inner__00060,1.9651380437606216,1.6860203233888038,0.2791177203718178,1.0480730536083065,0.9170649901523154,1.2462945853020555,0.7188434584585661,1.3506962652841523,0.6144417784764691,1.5264777803263327,0.4386602634342889,1.6257130884999995,0.3394249552606221,1.4138791827349415,0.5512588610256799,1.0122680104198736,0.952870033340748,1.0945841572112198,0.8705538865494018,0.6385149968610563,1.3266230468995652,0.9713612569057212,0.9937767868549005,0.8770829921308011,1.0880550516298206,1.530849529749773,0.4342885140108485,1.0207768238797408,0.9443612198808808,2.0076181442478265,0.0424801004872048,2.162493814124351,0.1973557703637294,1.6924713013606203,0.2726667424000011,1.364202684108403,0.6009353596522187,1.5251018825885485,0.4400361611720733,1.361743197862524,0.6033948458980976,1.6856051707153783,0.2795328730452431,0.2226745198372731,0.2692297679093994,0.3068956713180423,1.4138791827349415,0.5512588610256801,1.6856051707153783,0.2795328730452433,1.0207768238797408,0.9443612198808808,False,True,False,False,-0.39310235885520073,-0.6648283468356375,-0.6648283468356375
61,C=C(CC(=O)c1ccccc1)C(=O)O,C[C@@H](CC(=O)c1ccccc1)C(=O)O,2024,Ru,CC(C)(C)[C@H]1COC([C]23[CH]4[CH]5[CH]6[C]2(P(c2ccccc2)c2ccccc2)[Ru]54632789[CH]3[CH]2[C]7(C2=N[C@@H](C(C)(C)C)CO2)[C]8(P(c2ccccc2)c2ccccc2)[CH]39)=N1.c1ccc(P(c2ccccc2)c2ccccc2)cc1,CO,O=C([O-])[O-].[Li+].[Li+],50.0,25.0,100.0,1.9651380437606216,recent_AHO,inner,inner,recent Ru-AHO test,ru__recent_aho_inner,61,ru__recent_aho_inner__00061,1.9651380437606216,2.2064504210161795,0.2413123772555578,2.1701773462019367,0.205039302441315,2.346356491882311,0.3812184481216893,1.6388366533934515,0.3263013903671701,2.099360512128526,0.1342224683679045,1.9041053326000008,0.061032711160621,2.060881126203734,0.0957430824431122,2.1561080902716454,0.1909700465110237,1.6380618229798647,0.3270762207807569,2.894070216885608,0.9289321731249862,1.63398604993881,0.3311519938218115,1.5856433510592691,0.3794946927013525,1.7779717980230536,0.187166245737568,1.947640221526375,0.0174978222342465,2.1635306731484927,0.198392629387871,2.0567221536162608,0.0915841098556391,2.192511925973779,0.2273738822131574,1.7270224406724126,0.238115603088209,2.9380555564384228,0.9729175126778012,2.339933583120515,0.3747955393598932,2.2362960554949805,0.2711580117343588,0.2305114304245902,0.4642620346273315,0.3656103085146523,2.060881126203734,0.09574308244311225,2.2362960554949805,0.27115801173435883,1.947640221526375,0.017497822234246563,True,False,False,False,0.07824526020886569,0.25366018950011227,0.07824526020886569
62,C=C(CC(=O)c1ccccc1)C(=O)O,C[C@@H](CC(=O)c1ccccc1)C(=O)O,2024,Ru,CC(C)(C)[C@H]1COC([C]23[CH]4[CH]5[CH]6[C]2(P(c2ccccc2)c2ccccc2)[Ru]54632789[CH]3[CH]2[C]7(C2=N[C@@H](C(C)(C)C)CO2)[C]8(P(c2ccccc2)c2ccccc2)[CH]39)=N1.c1ccc(P(c2ccccc2)c2ccccc2)cc1,CCO,O=C([O-])[O-].[K+].[K+],20.0,25.0,100.0,1.9651380437606216,recent_AHO,inner,inner,recent Ru-AHO test,ru__recent_aho_inner,62,ru__recent_aho_inner__00062,1.9651380437606216,2.0313474036828425,0.0662093599222208,2.164106506813938,0.1989684630533161,2.4203855247957744,0.4552474810351528,1.6461687923385198,0.3189692514221018,1.9951637178703876,0.0300256741097657,1.8428619725000008,0.122276071260621,2.01667231966691,0.0515342759062884,2.158022324677897,0.1928842809172752,1.6386643231023783,0.3264737206582433,2.894070216885608,0.9289321731249862,1.8484059123433587,0.1167321314172629,1.5044087120374643,0.4607293317231573,1.959906134494389,0.0052319092662322,2.000579603923516,0.0354415601628941,2.18173749378499,0.2165994500243682,1.9857176130060656,0.0205795692454442,2.023292603267989,0.0581545595073678,1.7258235469074046,0.239314496853217,2.5330369263869645,0.5678988826263429,2.34389618983546,0.3787581460748386,2.1322507288648125,0.1671126851041908,0.2425153157095795,0.4518652221148275,0.2602560273354856,2.01667231966691,0.05153427590628845,2.1322507288648125,0.16711268510419086,2.000579603923516,0.03544156016289457,True,False,False,False,0.01609271574339388,0.1316711249412963,0.01609271574339388
63,C=C(OCCCC)c1c(NC(=O)OC(C)(C)C)cnn2ccnc12,CCCCO[C@@H](C)c1c(NC(=O)OC(C)(C)C)cnn2ccnc12,2022,Ru,Cc1ccc(C(C)C)cc1.c1ccc(P(c2ccccc2)c2ccc3ccccc3c2-c2c(P(c3ccccc3)c3ccccc3)ccc3ccccc23)cc1,ClCCl,,50.0,25.0,100.0,1.9651380437606216,recent_AHO,inner,inner,recent Ru-AHO test,ru__recent_aho_inner,63,ru__recent_aho_inner__00063,1.9651380437606216,1.6830416032662652,0.2820964404943564,1.512813930746742,0.4523241130138795,1.570091490678526,0.3950465530820957,1.405050783074955,0.5600872606856666,1.5264777803263327,0.4386602634342889,1.6073137476999997,0.3578242960606219,1.5507982226321368,0.4143398211284848,0.4071892563575615,1.5579487874030602,1.5305802470074543,0.4345577967531673,2.41790430982104,0.4527662660604183,1.2220370775694605,0.7431009661911612,0.9514047896025916,1.01373325415803,1.863508268381656,0.1016297753789658,1.3987706581232937,0.5663673856373279,2.0076048361271117,0.0424667923664896,2.1604408851205616,0.19530284135994,1.6900974102684083,0.2750406334922133,1.308223018074754,0.6569150256858676,1.5184309202642758,0.4467071234963458,1.5667902264687157,0.3983478172919061,1.7085978827206378,0.2565401610399838,0.0859565325892571,0.6437640444129619,0.2916854589296224,1.5507982226321368,0.4143398211284848,1.7085978827206378,0.2565401610399838,1.3987706581232937,0.5663673856373279,False,True,False,False,-0.15202756450884314,-0.30982722459734413,-0.30982722459734413
64,C=C(CC(=O)c1cc(C(C)C)ccc1C)C(=O)O,Cc1ccc(C(C)C)cc1C(=O)C[C@H](C)C(=O)O,2026,Ru,CC(C)(C)[C@H]1COC([C]23[CH]4[CH]5[CH]6[C]2(P(c2ccccc2)c2ccccc2)[Ru]54632789[CH]3[CH]2[C]7(C2=N[C@@H](C(C)(C)C)CO2)[C]8(P(c2ccccc2)c2ccccc2)[CH]39)=N1.c1ccc(P(c2ccccc2)c2ccccc2)cc1,CCO,O=C([O-])O.[Na+],20.0,25.0,100.0,1.8829450286426468,recent_AHO,inner,inner,recent Ru-AHO test,ru__recent_aho_inner,64,ru__recent_aho_inner__00064,1.8829450286426468,2.046394580490162,0.1634495518475152,2.537244624475728,0.6542995958330811,2.535437003504386,0.6524919748617393,1.719992221068444,0.1629528075742028,2.1825967119603247,0.2996516833176779,1.9489985187999992,0.0660534901573524,2.161777276716508,0.278832248073861,1.955779636075976,0.0728346074333288,1.6480533363141925,0.2348916923284543,5.5405786051203005,3.6576335764776537,1.773038035331172,0.1099069933114749,1.6830360904142176,0.1999089382284291,1.999637358735036,0.1166923300923892,2.433353843665149,0.5504088150225024,2.260796056365988,0.3778510277233411,2.289473615997752,0.4065285873551048,2.042257028924721,0.1593120002820742,1.8185159323910145,0.0644290962516325,2.6882378989468174,0.8052928703041706,2.1695489026842982,0.2866038740416514,2.211471572551765,0.3285265439091183,0.2985500436396224,1.3956314828587768,0.2647730350782828,2.161777276716508,0.2788322480738614,2.211471572551765,0.3285265439091183,2.433353843665149,0.5504088150225024,False,False,False,False,-0.27157656694864096,-0.2218822711133841,-0.27157656694864096
65,C=C(CC(=O)c1ccccc1)C(=O)O,C[C@@H](CC(=O)c1ccccc1)C(=O)O,2024,Ru,CC(C)(C)[C@H]1COC([C]23[CH]4[CH]5[CH]6[C]2(P(c2ccccc2)c2ccccc2)[Ru]54632789[CH]3[CH]2[C]7(C2=N[C@@H](C(C)(C)C)CO2)[C]8(P(c2ccccc2)c2ccccc2)[CH]39)=N1.c1ccc(P(c2ccccc2)c2ccccc2)cc1,CO,O=C([O-])[O-].[Cs+].[Cs+],50.0,25.0,100.0,1.8829450286426468,recent_AHO,inner,inner,recent Ru-AHO test,ru__recent_aho_inner,65,ru__recent_aho_inner__00065,1.8829450286426468,2.2064504210161795,0.3235053923735327,2.1701773462019367,0.2872323175592899,2.346356491882311,0.4634114632396642,1.6746705210321056,0.2082745076105412,2.099360512128526,0.2164154834858793,1.8903296096000008,0.007384580957354,2.064557483643509,0.1816124550008626,2.1561080902716454,0.2731630616289986,1.6380618229798647,0.2448832056627821,2.894070216885608,1.011125188242961,1.704333258454234,0.1786117701884126,1.5512503097728438,0.3316947188698029,1.7862815666276828,0.096663462014964,1.9550175441653128,0.072072515522666,2.1635306731484927,0.2805856445058459,2.0567221536162608,0.1737771249736139,2.192511925973779,0.3095668973311323,1.7403236043315766,0.1426214243110701,2.766557455350709,0.8836124267080621,2.3834156113131444,0.5004705826704976,2.2171769039556604,0.3342318753130135,0.221464176406055,0.4613495926546477,0.3125367641207811,2.064557483643509,0.1816124550008622,2.2171769039556604,0.33423187531301357,1.9550175441653128,0.07207251552266603,True,False,False,False,0.10953993947819618,0.26215935979034755,0.10953993947819618
66,C=C(CC(=O)c1ccccc1)C(=O)O,C[C@@H](CC(=O)c1ccccc1)C(=O)O,2024,Ru,CC(C)(C)[C@H]1COC([C]23[CH]4[CH]5[CH]6[C]2(P(c2ccccc2)c2ccccc2)[Ru]54632789[CH]3[CH]2[C]7(C2=N[C@@H](C(C)(C)C)CO2)[C]8(P(c2ccccc2)c2ccccc2)[CH]39)=N1.c1ccc(P(c2ccccc2)c2ccccc2)cc1,CCO,O=C([O-])[O-].[Li+].[Li+],20.0,25.0,100.0,1.8829450286426468,recent_AHO,inner,inner,recent Ru-AHO test,ru__recent_aho_inner,66,ru__recent_aho_inner__00066,1.8829450286426468,2.0313474036828425,0.1484023750401957,2.164106506813938,0.281161478171291,2.4203855247957744,0.5374404961531276,1.6251247330463665,0.2578202955962803,1.9951637178703876,0.1122186892277405,1.8531013493000008,0.0298436793426459,2.014871539251552,0.1319265106089049,2.158022324677897,0.2750772960352501,1.6386643231023783,0.2442807055402684,2.894070216885608,1.011125188242961,1.739484113755544,0.1434609148871028,1.4587396590891166,0.4242053695535301,2.0051794209994167,0.1222343923567699,1.98236000975166,0.0994149811090132,2.18173749378499,0.298792465142343,1.9857176130060656,0.102772584363419,2.023292603267989,0.1403475746253426,1.7087508888621878,0.1741941397804589,2.690799544334315,0.8078545156916683,2.3068782758920863,0.4239332472494395,2.149529403191272,0.2665843745486254,0.2467943434156463,0.4679542665888707,0.3043641255376054,2.014871539251552,0.13192651060890537,2.149529403191272,0.2665843745486254,1.98236000975166,0.09941498110901326,True,False,False,False,0.03251152949989211,0.16716939343961212,0.03251152949989211
67,C=C(CC(=O)c1ccccc1)C(=O)O,C[C@@H](CC(=O)c1ccccc1)C(=O)O,2024,Ru,CC(C)(C)[C@H]1COC([C]23[CH]4[CH]5[CH]6[C]2(P(c2ccccc2)c2ccccc2)[Ru]54632789[CH]3[CH]2[C]7(C2=N[C@@H](C(C)(C)C)CO2)[C]8(P(c2ccccc2)c2ccccc2)[CH]39)=N1.c1ccc(P(c2ccccc2)c2ccccc2)cc1,CO,[Na+].[OH-],50.0,25.0,100.0,1.8100665856486744,recent_AHO,inner,inner,recent Ru-AHO test,ru__recent_aho_inner,67,ru__recent_aho_inner__00067,1.8100665856486744,2.1568936654282904,0.346827079779616,2.604435160428108,0.7943685747794333,2.4480629615057854,0.637996375857111,1.7024673133210464,0.107599272327628,2.134750276725744,0.3246836910770696,1.9238419037000007,0.1137753180513267,2.161741880184829,0.3516752945361547,1.6427403110283063,0.1673262746203681,1.5729437217537294,0.2371228638949449,2.6933326096789765,0.8832660240303021,1.4159748740419282,0.3940917116067461,1.7195489001173307,0.0905176855313436,1.7724466334788611,0.037619952169813,1.8028311750165216,0.0072354106321526,1.9586292644535308,0.1485626788048564,2.183571729293932,0.3735051436452576,2.215515206085562,0.4054486204368874,1.7399608812182144,0.07010570443046,3.011172942466068,1.2011063568173936,2.366994913912134,0.5569283282634596,2.24597415623824,0.4359075705895656,0.3017279901954658,0.4141229862244266,0.3965714601633829,2.161741880184829,0.35167529453615476,2.24597415623824,0.43590757058956564,1.8028311750165216,0.007235410632152828,True,False,True,False,0.34443988390400193,0.4286721599574128,0.34443988390400193
68,C=C(CC(=O)c1ccccc1)C(=O)O,C[C@@H](CC(=O)c1ccccc1)C(=O)O,2024,Ru,CC(C)(C)[C@H]1COC([C]23[CH]4[CH]5[CH]6[C]2(P(c2ccccc2)c2ccccc2)[Ru]54632789[CH]3[CH]2[C]7(C2=N[C@@H](C(C)(C)C)CO2)[C]8(P(c2ccccc2)c2ccccc2)[CH]39)=N1.c1ccc(P(c2ccccc2)c2ccccc2)cc1,OCC(F)(F)F,O=C([O-])O.[Na+],50.0,25.0,100.0,1.8100665856486744,recent_AHO,inner,inner,recent Ru-AHO test,ru__recent_aho_inner,68,ru__recent_aho_inner__00068,1.8100665856486744,1.895304368064796,0.0852377824161212,2.4878978566109105,0.677831270962236,2.158194333417231,0.3481277477685567,1.6362671050736983,0.1737994805749758,2.1021374371964465,0.2920708515477721,1.8630522792,0.0529856935513257,2.0238088965938474,0.213742310945173,2.16971080733106,0.3596442216823856,1.6080760000369114,0.2019905856117629,3.1684308167285864,1.358364231079912,1.681053712069403,0.1290128735792715,1.5527085978469768,0.2573579878016976,1.7795094052865708,0.0305571803621036,1.993248223216585,0.1831816375679105,2.0164151220962414,0.206348536447567,2.009421773417968,0.1993551877692936,1.8969824732393112,0.0869158875906368,1.8084619613948785,0.0016046242537961,2.7232376520644963,0.913171066415822,2.430420541828918,0.6203539561802436,2.1474899206736358,0.3374233350249609,0.2683648364869163,0.5624019425340544,0.3228705987157841,2.0238088965938474,0.21374231094517304,2.1474899206736358,0.33742333502496136,1.993248223216585,0.1831816375679105,True,False,False,False,0.030560673377262537,0.15424169745705085,0.030560673377262537
69,C=C(OCCO)c1c(NC(=O)OC(C)(C)C)cnn2ccnc12,C[C@H](OCCO)c1c(NC(=O)OC(C)(C)C)cnn2ccnc12,2022,Ru,Cc1ccc(C(C)C)cc1.c1ccc(P(c2ccccc2)c2ccc3ccccc3c2-c2c(P(c3ccccc3)c3ccccc3)ccc3ccccc23)cc1,ClCCl,,50.0,25.0,100.0,1.8100665856486744,recent_AHO,inner,inner,recent Ru-AHO test,ru__recent_aho_inner,69,ru__recent_aho_inner__00069,1.8100665856486744,1.6831165145439544,0.12695007110472,1.4537814271023075,0.3562851585463666,1.385437421824044,0.4246291638246304,1.6041043136586637,0.2059622719900109,1.5328460484185504,0.2772205372301239,1.6297369110999993,0.1803296745486751,1.5481704394412532,0.2618961462074212,0.7835828157759535,1.026483769872721,1.694275150342499,0.1157914353061753,1.759051812757417,0.0510147728912573,1.2631987791580916,0.5468678064905828,1.949935948121836,0.1398693624731612,1.87856252410057,0.0684959384518957,1.554767838376061,0.2552987472726133,2.007563693504312,0.1974971078556375,2.3126328878901687,0.5025663022414943,1.6896243668637478,0.1204422187849265,1.8052799710165868,0.0047866146320876,1.9096860029955,0.0996194173468254,1.44357701204681,0.3664895736018645,1.861393989052854,0.0513274034041797,0.1029711030684427,0.4086428597852094,0.2691154824406577,1.5481704394412532,0.2618961462074212,1.861393989052854,0.05132740340417952,1.554767838376061,0.25529874727261337,True,False,False,False,0.006597398934807819,-0.20397134386843385,-0.20397134386843385
70,C=C(CC(=O)c1ccccc1)C(=O)O,C[C@@H](CC(=O)c1ccccc1)C(=O)O,2024,Ru,CC(C)(C)[C@H]1COC([C]23[CH]4[CH]5[CH]6[C]2(P(c2ccccc2)c2ccccc2)[Ru]54632789[CH]3[CH]2[C]7(C2=N[C@@H](C(C)(C)C)CO2)[C]8(P(c2ccccc2)c2ccccc2)[CH]39)=N1.c1ccc(P(c2ccccc2)c2ccccc2)cc1,CCO,[K+].[OH-],50.0,25.0,100.0,1.744532041911976,recent_AHO,inner,inner,recent Ru-AHO test,ru__recent_aho_inner,70,ru__recent_aho_inner__00070,1.744532041911976,1.976718749520388,0.2321867076084118,2.46745124143352,0.7229191995215438,2.175085078464282,0.4305530365523058,1.7610600650501276,0.0165280231381514,1.9654144110935157,0.2208823691815393,1.854330554300001,0.1097985123880249,2.033343349976972,0.2888113080649961,1.6427403110283063,0.1017917308836697,1.5733308299137954,0.1712012119981807,2.6933326096789765,0.9488005677670004,1.5269171773805086,0.2176148645314675,1.8353093232994817,0.0907772813875056,1.8750156328288383,0.1304835909168622,1.8577743140216512,0.113242272109675,1.987157498269812,0.242625456357836,1.924670760458119,0.1801387185461429,2.025082632085815,0.280550590173839,1.7128233151154546,0.0317087267965214,2.752048971673384,1.0075169297614082,2.35175414509884,0.6072221031868641,2.125589553783571,0.3810575118715951,0.2318565768604801,0.3948784132036227,0.3375428933795302,2.033343349976972,0.2888113080649961,2.125589553783571,0.3810575118715951,1.8577743140216512,0.11324227210967508,True,False,False,False,0.17556903595532103,0.26781523976192,0.17556903595532103
71,C=C(CC(=O)c1ccccc1)C(=O)O,C[C@@H](CC(=O)c1ccccc1)C(=O)O,2024,Ru,CC(C)(C)[C@H]1COC([C]23[CH]4[CH]5[CH]6[C]2(P(c2ccccc2)c2ccccc2)[Ru]54632789[CH]3[CH]2[C]7(C2=N[C@@H](C(C)(C)C)CO2)[C]8(P(c2ccccc2)c2ccccc2)[CH]39)=N1.c1ccc(P(c2ccccc2)c2ccccc2)cc1,CO,[K+].[OH-],50.0,25.0,100.0,1.744532041911976,recent_AHO,inner,inner,recent Ru-AHO test,ru__recent_aho_inner,71,ru__recent_aho_inner__00071,1.744532041911976,2.1568936654282904,0.4123616235163143,2.604435160428108,0.8599031185161317,2.4480629615057854,0.7035309195938093,1.7203488155590358,0.0241832263529402,2.134750276725744,0.3902182348137679,1.918246467000001,0.1737144250880249,2.163789557774494,0.419257515862518,1.6427403110283063,0.1017917308836697,1.5729437217537294,0.1715883201582466,2.6933326096789765,0.9488005677670004,1.5046664193501718,0.2398656225618043,1.8168366464189931,0.0723046045070172,1.8688180474190008,0.1242860055070247,1.8498896259415296,0.1053575840295535,1.9586292644535308,0.2140972225415547,2.183571729293932,0.439039687381956,2.215515206085562,0.4709831641735857,1.7294392985634317,0.0150927433485446,3.0146796680155017,1.2701476261035256,2.391528299408458,0.646996257496482,2.2488939109700694,0.5043618690580933,0.2979938057705524,0.3982536432759714,0.4012979315474223,2.163789557774494,0.419257515862518,2.2488939109700694,0.5043618690580933,1.8498896259415296,0.10535758402955353,True,True,True,True,0.3138999318329645,0.3990042850285398,0.3138999318329645
72,C=C(CC(=O)c1ccccc1)C(=O)O,C[C@@H](CC(=O)c1ccccc1)C(=O)O,2024,Ru,CC(C)(C)[C@H]1COC([C]23[CH]4[CH]5[CH]6[C]2(P(c2ccccc2)c2ccccc2)[Ru]54632789[CH]3[CH]2[C]7(C2=N[C@@H](C(C)(C)C)CO2)[C]8(P(c2ccccc2)c2ccccc2)[CH]39)=N1.c1ccc(P(c2ccccc2)c2ccccc2)cc1,ClCCl,O=C([O-])O.[Na+],50.0,25.0,100.0,1.744532041911976,recent_AHO,inner,inner,recent Ru-AHO test,ru__recent_aho_inner,72,ru__recent_aho_inner__00072,1.744532041911976,1.8647033634167665,0.1201713215047901,2.4878978566109105,0.7433658146989344,2.017783170639607,0.2732511287276309,1.5749827562389669,0.1695492856730092,2.147863500549517,0.4033314586375409,1.8526286418,0.1080965998880238,1.9909765482092947,0.2464445062973186,2.16971080733106,0.4251787654190839,1.2772898918914142,0.4672421500205619,3.1684308167285864,1.4238987748166103,1.3197623067475082,0.4247697351644679,1.4624357199629645,0.2820963219490118,1.701385131057616,0.04314691085436,1.849835778953192,0.1053037370412155,2.0454780434505904,0.3009460015386143,2.097063940072452,0.3525318981604757,1.8654393265733196,0.1209072846613432,1.7509741818682474,0.0064421399562712,2.73254695581158,0.9880149138996036,2.4422394726146344,0.6977074307026583,2.1556236533984707,0.4110916114864946,0.2829601835734825,0.6610491644246833,0.3362782970627334,1.9909765482092947,0.24644450629731862,2.1556236533984707,0.41109161148649465,1.849835778953192,0.10530373704121598,True,False,True,False,0.14114076925610264,0.30578787444527866,0.14114076925610264
73,C=C(CC(=O)c1ccccc1)C(=O)O,C[C@@H](CC(=O)c1ccccc1)C(=O)O,2024,Ru,CC(C)(C)[C@H]1COC([C]23[CH]4[CH]5[CH]6[C]2(P(c2ccccc2)c2ccccc2)[Ru]54632789[CH]3[CH]2[C]7(C2=N[C@@H](C(C)(C)C)CO2)[C]8(P(c2ccccc2)c2ccccc2)[CH]39)=N1.c1ccc(P(c2ccccc2)c2ccccc2)cc1,CCO,O=C([O-])O.[Na+],5.0,25.0,100.0,1.744532041911976,recent_AHO,inner,inner,recent Ru-AHO test,ru__recent_aho_inner,73,ru__recent_aho_inner__00073,1.744532041911976,2.0806350635283,0.3361030216163239,2.556116558290325,0.8115845163783488,2.522091994419249,0.7775599525072727,1.755607031116811,0.0110749892048349,2.140940860985805,0.3964088190738288,1.8782993515,0.133767309588024,2.1556151433067487,0.4110831013947726,2.16971080733106,0.4251787654190839,2.3264011483011413,0.5818691063891652,4.1663491751203,2.421817133208324,2.0603609599711614,0.3158289180591853,1.518750025362123,0.2257820165498532,2.163859261542624,0.4193272196306479,2.400905229604734,0.6563731876927585,2.2038838494048507,0.4593518074928746,2.036361142619115,0.2918291007071389,2.0792015281364846,0.3346694862245085,1.7456118881683609,0.0010798462563847,2.730288139234396,0.9857560973224198,2.432020606128309,0.6874885642163329,2.20456119228192,0.4600291503699436,0.2992920956004794,0.8292720742420234,0.3116536090866038,2.1556151433067487,0.41108310139477267,2.20456119228192,0.4600291503699441,2.400905229604734,0.6563731876927581,False,True,True,False,-0.24529008629798543,-0.19634403732281402,-0.24529008629798543
74,C=C(CC(=O)c1ccccc1)C(=O)O,C[C@@H](CC(=O)c1ccccc1)C(=O)O,2024,Ru,CC(C)(C)[C@H]1COC([C]23[CH]4[CH]5[CH]6[C]2(P(c2ccccc2)c2ccccc2)[Ru]54632789[CH]3[CH]2[C]7(C2=N[C@@H](C(C)(C)C)CO2)[C]8(P(c2ccccc2)c2ccccc2)[CH]39)=N1.c1ccc(P(c2ccccc2)c2ccccc2)cc1,CO,CC(C)(C)[O-].[K+],50.0,25.0,100.0,1.744532041911976,recent_AHO,inner,inner,recent Ru-AHO test,ru__recent_aho_inner,74,ru__recent_aho_inner__00074,1.744532041911976,2.063588001051454,0.3190559591394777,2.215801651350082,0.4712696094381057,2.401199177824198,0.656667135912222,1.6909681499059588,0.0535638920060173,2.182905897308589,0.4383738553966134,1.926079513000001,0.1815474710880249,2.080090398406714,0.335558356494738,1.6102197280179664,0.1343123138940096,1.583790703525335,0.1607413383866411,2.894070216885608,1.1495381749736318,1.505499891072278,0.2390321508396982,1.6220658038497973,0.1224662380621788,1.656103539281223,0.0884285026307534,1.811958313772034,0.067426271860058,1.9899608768812211,0.2454288349692452,1.9954149892545323,0.2508829473425562,2.107778189630691,0.3632461477187148,1.7493234987828346,0.0047914568708584,2.8287002080417905,1.0841681661298144,2.3920102487919914,0.6474782068800153,2.1771980018971764,0.4326659599852003,0.2263872881551291,0.486139850781575,0.3479937574745255,2.080090398406714,0.335558356494738,2.1771980018971764,0.4326659599852003,1.811958313772034,0.067426271860058,True,False,True,False,0.26813208463467997,0.3652396881251423,0.26813208463467997
75,C=C(OC)c1c(NC(=O)OC(C)(C)C)cnn2ccnc12,CO[C@@H](C)c1c(NC(=O)OC(C)(C)C)cnn2ccnc12,2022,Ru,Cc1ccc(C(C)C)cc1.c1ccc(P(c2ccccc2)c2ccc3ccccc3c2-c2c(P(c3ccccc3)c3ccccc3)ccc3ccccc23)cc1,Cc1ccccc1,,50.0,25.0,100.0,1.68493574562937,recent_AHO,inner,inner,recent Ru-AHO test,ru__recent_aho_inner,75,ru__recent_aho_inner__00075,1.68493574562937,1.6921115768554122,0.0071758312260421,1.0480730536083065,0.6368626920210638,1.424312233231424,0.2606235123979461,1.300487882893503,0.3844478627358672,1.4619700253414427,0.2229657202879273,1.5948029534999992,0.0901327921293708,1.4202929542383478,0.2646427913910223,1.0122680104198736,0.6726677352094965,1.1565423326612114,0.5283934129681587,0.6385149968610563,1.046420748768314,1.2165418170836118,0.4683939285457583,0.855641966707192,0.8292937789221781,1.6274670652215286,0.0574686804078414,1.0844960314924124,0.6004397141369577,2.0076325637121823,0.3226968180828122,2.165274633878936,0.4803388882495656,1.6989373862077366,0.0140016405783665,1.445526841706638,0.239408903922732,1.557346268889189,0.127589476740181,1.5090734205266565,0.1758623251027138,1.7306318524868898,0.0456961068575196,0.207763144729793,0.3092826257974506,0.2667861753214025,1.4202929542383478,0.2646427913910223,1.7306318524868898,0.04569610685751968,1.0844960314924124,0.6004397141369577,False,False,False,False,-0.3357969227459354,-0.5547436072794381,-0.5547436072794381
76,C=C(CC(=O)c1ccccc1)C(=O)O,C[C@@H](CC(=O)c1ccccc1)C(=O)O,2024,Ru,CC(C)(C)[C@H]1COC([C]23[CH]4[CH]5[CH]6[C]2(P(c2ccccc2)c2ccccc2)[Ru]54632789[CH]3[CH]2[C]7(C2=N[C@@H](C(C)(C)C)CO2)[C]8(P(c2ccccc2)c2ccccc2)[CH]39)=N1.c1ccc(P(c2ccccc2)c2ccccc2)cc1,Cc1ccccc1,O=C([O-])O.[Na+],50.0,25.0,100.0,1.6302397679210456,recent_AHO,inner,inner,recent Ru-AHO test,ru__recent_aho_inner,76,ru__recent_aho_inner__00076,1.6302397679210456,1.9931785704459908,0.3629388025249451,2.4878978566109105,0.8576580886898648,2.06699194245543,0.4367521745343843,1.6200953133823908,0.0101444545386548,2.1021374371964465,0.4718976692754009,1.8637851673,0.2335453993789544,2.022347714565195,0.3921079466441493,2.16971080733106,0.5394710394100144,1.3343825078904883,0.2958572600305573,3.1684308167285864,1.5381910488075408,1.537917772168528,0.0923219957525176,1.3498588315236248,0.2803809363974208,1.7762994905705711,0.1460597226495257,1.8894333710354765,0.2591936031144308,2.035043694931085,0.4048039270100398,2.127886402570081,0.4976466346490358,2.0040573398861574,0.3738175719651118,1.8389963023990556,0.2087565344780098,2.9267111989422614,1.2964714310212158,2.5999690227419574,0.9697292548209118,2.255443993578433,0.6252042256573873,0.2623281520988165,0.6390063305514775,0.3809567596915297,2.022347714565195,0.3921079466441493,2.255443993578433,0.6252042256573873,1.8894333710354765,0.25919360311443085,True,False,True,False,0.13291434352971843,0.36601062254295647,0.13291434352971843
77,C=C(OC)c1c(NC(=O)OC(C)(C)C)cnn2ccnc12,CO[C@@H](C)c1c(NC(=O)OC(C)(C)C)cnn2ccnc12,2022,Ru,Cc1ccc(C(C)C)cc1.c1ccc(P(c2ccccc2)c2ccc3ccccc3c2-c2c(P(c3ccccc3)c3ccccc3)ccc3ccccc23)cc1,C1CCOC1,,50.0,25.0,100.0,1.5796558494712687,recent_AHO,inner,inner,recent Ru-AHO test,ru__recent_aho_inner,77,ru__recent_aho_inner__00077,1.5796558494712687,1.6718481522646065,0.0921923027933377,1.0480730536083065,0.5315827958629624,1.2462945853020555,0.3333612641692132,1.36322248860029,0.2164333608709787,1.4619700253414427,0.1176858241298259,1.7088623874999993,0.1292065380287306,1.4167117821027837,0.1629440673684852,1.0122680104198736,0.5673878390513951,1.1269141167923356,0.4527417326789331,0.6385149968610563,0.9411408526102124,1.1692066747194254,0.4104491747518433,0.8516586806974326,0.7279971687738361,1.6594484913010206,0.0797926418297518,1.076335161798524,0.5033206876727447,2.007668991997803,0.4280131425265341,2.149516207356622,0.5698603578853532,1.677684335218231,0.0980284857469622,0.8867808696616841,0.6928749798095846,0.8918428134516496,0.6878130360196191,1.1597798181501453,0.4198760313211234,1.4622121726393555,0.1174436768319131,0.2310456267440116,0.3155617006533973,0.5105953959445036,1.4167117821027837,0.162944067368485,1.4622121726393555,0.11744367683191315,1.076335161798524,0.5033206876727447,False,False,False,False,-0.34037662030425975,-0.3858770108408316,-0.3858770108408316
78,C=C(OC)c1c(NC(=O)OC(C)(C)C)cnn2ccnc12,CO[C@@H](C)c1c(NC(=O)OC(C)(C)C)cnn2ccnc12,2022,Ru,Cc1ccc(C(C)C)cc1.c1ccc(P(c2ccccc2)c2ccc3ccccc3c2-c2c(P(c3ccccc3)c3ccccc3)ccc3ccccc23)cc1,CCOC(C)=O,,50.0,25.0,100.0,1.4079028584329942,recent_AHO,inner,inner,recent Ru-AHO test,ru__recent_aho_inner,78,ru__recent_aho_inner__00078,1.4079028584329942,1.6899127867570882,0.282009928324094,1.0480730536083065,0.3598298048246879,1.27395824243727,0.1339446159957242,1.62350725038437,0.2156043919513757,1.6159762937308944,0.2080734352979001,1.6840929380999996,0.2761900796670054,1.489253427502988,0.0813505690699938,1.247149013232992,0.1607538452000021,0.9013438228028156,0.5065590356301786,0.6385149968610563,0.769387861571938,1.0829217377028462,0.324981120730148,0.8786414850889811,0.5292613733440131,1.6312221243962244,0.2233192659632301,1.0632988633474858,0.3446039950855084,2.0075707348415834,0.5996678764085892,2.1584046103238963,0.7505017518909021,1.6960358270628386,0.2881329686298444,1.2206542500826034,0.1872486083503908,1.0013818960650187,0.4065209623679755,1.5196633335733685,0.1117604751403742,1.6006184419915517,0.1927155835585574,0.2426594067657943,0.3155661264514444,0.4074005012062456,1.489253427502988,0.08135056906999383,1.6006184419915517,0.19271558355855745,1.0632988633474858,0.34460399508550843,False,False,False,False,-0.2632534260155146,-0.15188841152695098,-0.2632534260155146
79,C=C(CC(=O)c1ccccc1)C(=O)O,C[C@@H](CC(=O)c1ccccc1)C(=O)O,2024,Ru,CC(C)(C)[C@H]1COC([C]23[CH]4[CH]5[CH]6[C]2(P(c2ccccc2)c2ccccc2)[Ru]54632789[CH]3[CH]2[C]7(C2=N[C@@H](C(C)(C)C)CO2)[C]8(P(c2ccccc2)c2ccccc2)[CH]39)=N1.c1ccc(P(c2ccccc2)c2ccccc2)cc1,Cc1ccccc1.O,O=C([O-])O.[Na+],50.0,25.0,100.0,1.3354926096414754,recent_AHO,inner,inner,recent Ru-AHO test,ru__recent_aho_inner,79,ru__recent_aho_inner__00079,1.3354926096414754,2.085412168108954,0.7499195584674787,2.4878978566109105,1.152405246969435,2.207403105233054,0.8719104955915786,1.7063892530050746,0.3708966433635992,2.1964562846946074,0.860963675053132,1.9093041492,0.5738115395585244,2.098810469475433,0.7633178598339581,2.16971080733106,0.8342181976895846,1.893308464470051,0.5578158548285757,3.1684308167285864,1.832938207087111,1.823346979126778,0.4878543694853026,1.4412952548150164,0.1058026451735409,1.8675776698078943,0.5320850601664191,2.060611665379898,0.7251190557384226,2.1089505660658068,0.7734579564243313,2.130688312207464,0.7951957025659881,2.094824335681869,0.7593317260403936,1.810814002008037,0.4753213923665615,2.98874115215156,1.6532485425100845,2.615689021328586,1.2801964116871107,2.291617898240554,0.9561252885990784,0.2459006003918505,0.539176181331041,0.3916139048358167,2.098810469475433,0.7633178598339576,2.291617898240554,0.9561252885990785,2.060611665379898,0.7251190557384226,False,True,True,False,0.038198804095535,0.2310062328606559,0.038198804095535
80,C=C(OC)c1c(NC(=O)OC(C)(C)C)cnn2ccnc12,CO[C@@H](C)c1c(NC(=O)OC(C)(C)C)cnn2ccnc12,2022,Ru,Cc1ccc(C(C)C)cc1.c1ccc(P(c2ccccc2)c2ccc3ccccc3c2-c2c(P(c3ccccc3)c3ccccc3)ccc3ccccc23)cc1,CC(C)O,,50.0,25.0,100.0,1.2387299790385564,recent_AHO,inner,inner,recent Ru-AHO test,ru__recent_aho_inner,80,ru__recent_aho_inner__00080,1.2387299790385564,1.6988575950424154,0.460127616003859,1.0480730536083065,0.1906569254302501,1.6301656644211606,0.3914356853826042,1.5403987722105166,0.3016687931719601,1.4619700253414427,0.2232400463028863,1.6435791726999998,0.4048491936614433,1.503840713887307,0.2651107348487505,1.7504194619176028,0.5116894828790464,1.288964929257715,0.0502349502191585,0.6385149968610563,0.6002149821775001,1.380609372072592,0.1418793930340356,0.9154291081569468,0.3233008708816096,1.6677031949581886,0.4289732159196322,1.2736068438706836,0.0348768648321271,2.007640187875197,0.7689102088366406,2.1765656455726203,0.937835666534064,1.7050340815074092,0.4663041024688528,1.5519843216367308,0.3132543425981744,1.512571915526273,0.2738419364877162,1.7330887329023057,0.494358753863749,1.781147480836756,0.5424175017981996,0.2176886998590936,0.3928486907611967,0.2381896835057995,1.503840713887307,0.2651107348487505,1.781147480836756,0.5424175017981996,1.2736068438706836,0.03487686483212715,True,False,True,False,0.23023387001662332,0.5075406369660724,0.23023387001662332
81,C=C(OCC)c1c(C(=O)OCC)cnn2ccnc12,CCOC(=O)c1cnn2ccnc2c1[C@@H](C)OCC,2022,Ru,Cc1ccc(C(C)C)cc1.c1ccc(P(c2ccccc2)c2ccc3ccccc3c2-c2c(P(c3ccccc3)c3ccccc3)ccc3ccccc23)cc1,CCO,,50.0,25.0,100.0,1.1804823561186597,recent_AHO,inner,inner,recent Ru-AHO test,ru__recent_aho_inner,81,ru__recent_aho_inner__00081,1.1804823561186597,1.6621183266314572,0.4816359705127975,1.512813930746742,0.3323315746280824,1.646785659528259,0.4663033034095993,1.6263553159576654,0.4458729598390056,1.535826562530158,0.3553442064114984,1.741963812399999,0.5614814562813393,1.6209772679657135,0.4404949118470538,0.4071892563575615,0.7732930997610983,1.485333318763252,0.3048509626445923,1.3060406969123537,0.125558340793694,1.7407907571512329,0.560308401032573,0.8716792631918332,0.3088030929268265,1.8410389142743,0.6605565581556401,1.2753453677750888,0.094863011656429,2.008146691290074,0.8276643351714144,2.124997565340725,0.9445152092220652,1.6694402082898612,0.4889578521712014,1.500399357369686,0.3199170012510264,1.4501499851727415,0.269667629054082,1.980103262373851,0.7996209062551913,1.7888728449728228,0.6083904888541631,0.0774330649357393,0.4997211054869238,0.2613567814841875,1.6209772679657135,0.4404949118470538,1.7888728449728228,0.6083904888541631,1.2753453677750888,0.09486301165642907,True,True,True,True,0.34563190019062473,0.5135274771977341,0.34563190019062473
82,C=C(OCC)c1c(C(=O)OCC)cnn2ccnc12,CCOC(=O)c1cnn2ccnc2c1[C@@H](C)OCC,2022,Ru,c1ccc(P(c2ccccc2)c2ccc3ccccc3c2-c2c(P(c3ccccc3)c3ccccc3)ccc3ccccc23)cc1,CCO,,50.0,25.0,100.0,1.1529200060616405,recent_AHO,inner,inner,recent Ru-AHO test,ru__recent_aho_inner,82,ru__recent_aho_inner__00082,1.1529200060616405,1.657079111894714,0.5041591058330734,1.512813930746742,0.3598939246851016,1.833109791001223,0.6801897849395826,1.3825027119583482,0.2295827058967077,1.2038147608786265,0.0508947548169858,1.3216830024,0.1687629963383596,1.485167218146609,0.3322472120849684,1.7381648891000017,0.5852448830383612,1.131405309957635,0.0215146961040051,1.3060406969123537,0.1531206908507132,1.7535401689473709,0.6006201628857304,1.6298714816741515,0.4769514756125113,1.6959360489176516,0.5430160428560111,1.5424930992515271,0.3895730931898868,2.008119707123588,0.8551997010619474,1.9494134467552289,0.7964934406935884,1.6644697527741423,0.5115497467125019,1.369730963718501,0.2168109576568602,1.5156089558805297,0.3626889498188892,2.0427760605641465,0.889856054502506,1.7583531478026897,0.605433141741049,0.2112693260486235,0.237666062843523,0.2577304153021585,1.485167218146609,0.33224721208496844,1.7583531478026897,0.6054331417410492,1.5424930992515271,0.38957309318988664,False,False,True,False,-0.05732588110491821,0.2158600485511626,-0.05732588110491821
83,C=C(CC(=O)c1ccccc1)C(=O)O,C[C@@H](CC(=O)c1ccccc1)C(=O)O,2024,Ru,CC(C)(C)[C@H]1COC([C]23[CH]4[CH]5[CH]6[C]2(P(c2ccccc2)c2ccccc2)[Ru]54632789[CH]3[CH]2[C]7(C2=N[C@@H](C(C)(C)C)CO2)[C]8(P(c2ccccc2)c2ccccc2)[CH]39)=N1.c1ccc(P(c2ccccc2)c2ccccc2)cc1,C1CCOC1,O=C([O-])O.[Na+],50.0,25.0,100.0,1.1262870423598976,recent_AHO,inner,inner,recent Ru-AHO test,ru__recent_aho_inner,83,ru__recent_aho_inner__00083,1.1262870423598976,1.569138491185298,0.4428514488254003,2.4878978566109105,1.3616108142510128,2.017783170639607,0.8914961282797094,1.5562972658790168,0.4300102235191192,2.1021374371964465,0.9758503948365488,1.8663120202,0.740024977840102,1.9332610402852133,0.8069739979253157,2.1721470445868887,1.045860002226991,1.3273387643141623,0.2010517219542649,3.1684308167285864,2.0421437743686885,1.582675644122666,0.4563886017627683,1.054242645565349,0.0720443967945485,1.774750742174776,0.6484636998148783,1.8465976095820715,0.7203105672221737,2.052074455125705,0.9257874127658072,2.1154708969805567,0.989183854620659,1.5679385290588417,0.4416514866989438,1.753262520550808,0.6269754781909105,2.2216593284737507,1.095372286113853,2.357975414715009,1.2316883723551115,2.011396857484112,0.885109815124214,0.322090648535788,0.6862334850163727,0.2708325745547266,1.9332610402852133,0.8069739979253157,2.011396857484112,0.8851098151242145,1.8465976095820715,0.7203105672221739,False,True,True,False,0.08666343070314175,0.1647992479020406,0.08666343070314175
84,C=C(CC(=O)c1ccccc1)C(=O)O,C[C@@H](CC(=O)c1ccccc1)C(=O)O,2024,Ru,CC(C)(C)[C@H]1COC([C]23[CH]4[CH]5[CH]6[C]2(P(c2ccccc2)c2ccccc2)[Ru]54632789[CH]3[CH]2[C]7(C2=N[C@@H](C(C)(C)C)CO2)[C]8(P(c2ccccc2)c2ccccc2)[CH]39)=N1.c1ccc(P(c2ccccc2)c2ccccc2)cc1,CCO,[Na+].[OH-],20.0,25.0,100.0,1.1262870423598976,recent_AHO,inner,inner,recent Ru-AHO test,ru__recent_aho_inner,84,ru__recent_aho_inner__00084,1.1262870423598976,1.9849708417543528,0.8586837993944556,2.481570894271516,1.355283851911618,2.522091994419249,1.3958049520593512,1.766722692039759,0.6404356496798613,1.9473321367373575,0.8210450943774601,1.8607625556000016,0.734475513240104,2.0939085191370395,0.9676214767771418,1.6399820835610694,0.5136950412011718,1.7290727833445398,0.6027857409846422,4.360085555120301,3.233798512760403,1.7745398029831012,0.6482527606232036,1.7987855002968496,0.672498457936952,2.0764900924452325,0.9502030500853348,2.2298259696251823,1.103538927265285,1.9960444342069168,0.869757391847019,2.0575300651929056,0.931243022833008,2.033740241854989,0.9074531994950912,1.719060470794043,0.592773428434145,2.7482876653676427,1.622000623007745,2.3269290713012616,1.200642028941364,2.14693199145296,1.020644949093062,0.2967554730743565,0.9620523838870244,0.3216296433845426,2.0939085191370395,0.9676214767771418,2.14693199145296,1.0206449490930625,2.2298259696251823,1.1035389272652847,False,True,True,False,-0.13591745048814285,-0.08289397817222222,-0.13591745048814285
85,C=C(OCC)c1c(C(=O)OCC)cnn2ccnc12,CCOC(=O)c1cnn2ccnc2c1[C@@H](C)OCC,2022,Ru,Cc1cc(C)cc(P(c2cc(C)cc(C)c2)c2ccc3c(c2-c2c(P(c4cc(C)cc(C)c4)c4cc(C)cc(C)c4)ccc4c2OCO4)OCO3)c1.Cc1ccc(C(C)C)cc1,CCO,,50.0,25.0,100.0,1.1005116129711998,recent_AHO,inner,inner,recent Ru-AHO test,ru__recent_aho_inner,85,ru__recent_aho_inner__00085,1.1005116129711998,1.675832363931095,0.5753207509598952,1.2023232849591372,0.1018116719879373,1.51084095730818,0.4103293443369802,1.5034075623874512,0.4028959494162514,1.65068513584802,0.5501735228768201,2.0650746611,0.9645630481288,1.601360660922314,0.5008490479511141,0.4071892563575615,0.6933223566136384,1.3956105015457083,0.2950988885745087,1.3060406969123537,0.2055290839411538,1.9317022999389344,0.8311906869677348,0.9710090954724444,0.1295025174987555,1.9930771818464408,0.892565568875241,1.3341048386789074,0.2335932257077075,2.007912557171632,0.9074009442004324,1.907333276913412,0.8068216639422121,1.6834772801604954,0.5829656671892955,2.391108472291841,1.2905968593206414,1.4856208616877211,0.3851092487165213,2.309896948562423,1.2093853355912232,1.964224899464588,0.8637132864933879,0.2582082705901912,0.5457332732001795,0.3200898491441964,1.601360660922314,0.5008490479511143,1.964224899464588,0.8637132864933881,1.3341048386789074,0.23359322570770757,True,True,True,True,0.2672558222434067,0.6301200607856805,0.2672558222434067
86,C=C(OCC)c1c(C(=O)O[C@@H]2C[C@H](C)CC[C@H]2C(C)C)cnn2ccnc12,CCO[C@H](C)c1c(C(=O)O[C@@H]2C[C@H](C)CC[C@H]2C(C)C)cnn2ccnc12,2022,Ru,c1ccc(P(c2ccccc2)c2ccc3ccccc3c2-c2c(P(c3ccccc3)c3ccccc3)ccc3ccccc23)cc1,CCO,,50.0,25.0,100.0,1.0755296797009068,recent_AHO,inner,inner,recent Ru-AHO test,ru__recent_aho_inner,86,ru__recent_aho_inner__00086,1.0755296797009068,1.6919019715747707,0.6163722918738639,1.512813930746742,0.4372842510458352,2.0317993106539016,0.9562696309529948,1.3368933164386023,0.2613636367376957,1.1944659786748009,0.118936298973894,1.3431890473,0.2676593675990932,1.5185105925648028,0.4429809128638959,2.0362541736000024,0.9607244938990956,1.6375682981130384,0.5620386184121315,2.467238000624571,1.3917083209236645,2.005177106442272,0.9296474267413652,1.7298563958933346,0.6543267161924278,1.9635401712721503,0.8880104915712435,1.9732723576575613,0.8977426779566544,2.0080043824946965,0.9324747027937896,2.0480534346992685,0.9725237549983616,1.7008797944176042,0.6253501147166973,1.4720465370897395,0.3965168573888327,1.6847628836223876,0.6092332039214807,2.0528346729388938,0.9773049932379868,1.8277636175437653,0.7522339378428584,0.277575731828588,0.2648993330979245,0.2216433594272107,1.5185105925648028,0.44298091286389596,1.8277636175437653,0.7522339378428584,1.9732723576575613,0.8977426779566544,False,True,True,False,-0.45476176509275845,-0.145508740113796,-0.45476176509275845
87,C=C(OCC)c1c(C(=O)OCC)cnn2ccnc12,CCOC(=O)c1cnn2ccnc2c1[C@@H](C)OCC,2022,Ru,COc1ccc(C(N)(c2ccc(OC)cc2)[C@H](N)C(C)C)cc1.Cc1cc(C)cc(P(c2cc(C)cc(C)c2)c2ccc3ccccc3c2-c2c(P(c3cc(C)cc(C)c3)c3cc(C)cc(C)c3)ccc3ccccc23)c1,CCO,,50.0,25.0,100.0,1.0755296797009068,recent_AHO,inner,inner,recent Ru-AHO test,ru__recent_aho_inner,87,ru__recent_aho_inner__00087,1.0755296797009068,1.6840497710379705,0.6085200913370634,2.27735335559128,1.2018236758903733,3.395971651828567,2.32044197212766,2.4655275292725864,1.3899978495716796,2.315471604800186,1.2399419250992791,2.3719415112999997,1.2964118315990925,2.418385903971765,1.342856224270858,0.4071892563575615,0.6683404233433454,1.4812219878721422,0.4056923081712353,1.5479810878088358,0.4724514081079289,1.8803830882392585,0.8048534085383514,0.9121855197303274,0.1633441599705795,2.014551355842209,0.9390216761413016,1.3739187159750557,0.2983890362741488,2.008350399798237,0.93282072009733,3.007093088262779,1.9315634085618725,1.688912755354782,0.6133830756538752,2.812726414489976,1.737196734789069,3.438599791794072,2.3630701120931654,3.4242587807009777,2.348729101000071,2.729990205066804,1.654460525365897,0.5049396659780628,0.5562510574808011,0.6673796963482225,2.418385903971765,1.342856224270858,2.729990205066804,1.654460525365897,1.3739187159750557,0.2983890362741488,True,True,True,True,1.0444671879967091,1.3560714890917482,1.0444671879967091
88,C=C(OCC)c1c(C(=O)OC(C)(C)C)cnn2ccnc12,CCO[C@H](C)c1c(C(=O)OC(C)(C)C)cnn2ccnc12,2022,Ru,c1ccc(P(c2ccccc2)c2ccc3ccccc3c2-c2c(P(c3ccccc3)c3ccccc3)ccc3ccccc23)cc1,CCO,,50.0,25.0,100.0,1.027722816628229,recent_AHO,inner,inner,recent Ru-AHO test,ru__recent_aho_inner,88,ru__recent_aho_inner__00088,1.027722816628229,1.6894589509001254,0.6617361342718964,1.512813930746742,0.485091114118513,1.833109791001223,0.805386974372994,1.2610990868401384,0.2333762702119093,1.1944659786748009,0.1667431620465718,1.3082621482,0.280539331571771,1.466534981060505,0.438812164432276,1.7381648891000017,0.7104420724717726,0.8648688820998374,0.1628539345283917,1.3060406969123537,0.2783178802841246,1.9026950627109187,0.8749722460826896,1.4699738723859526,0.4422510557577235,1.7114331810195944,0.6837103643913653,1.4988627640381098,0.4711399474098807,2.00804309060335,0.9803202739751208,1.8986728968628463,0.8709500802346175,1.6960321588345384,0.6683093422063093,1.3940547334070923,0.3663319167788634,1.5338674021045084,0.5061445854762794,1.953686553467532,0.925963736839303,1.747392805879978,0.7196699892517491,0.2336270771661374,0.3429031385714446,0.2260015319745771,1.466534981060505,0.438812164432276,1.747392805879978,0.7196699892517489,1.4988627640381098,0.47113994740988074,False,True,True,False,-0.032327782977604747,0.2485300418418681,-0.032327782977604747
89,C=C(CC(=O)c1ccccc1)C(=O)O,C[C@@H](CC(=O)c1ccccc1)C(=O)O,2024,Ru,CC(C)(C)[C@H]1COC([C]23[CH]4[CH]5[CH]6[C]2(P(c2ccccc2)c2ccccc2)[Ru]54632789[CH]3[CH]2[C]7(C2=N[C@@H](C(C)(C)C)CO2)[C]8(P(c2ccccc2)c2ccccc2)[CH]39)=N1.c1ccc(P(c2ccccc2)c2ccccc2)cc1,CCO,[K+].[OH-],20.0,25.0,100.0,0.9824730731053828,recent_AHO,inner,inner,recent Ru-AHO test,ru__recent_aho_inner,89,ru__recent_aho_inner__00089,0.9824730731053828,1.9849708417543528,1.0024977686489704,2.481570894271516,1.4990978211661328,2.522091994419249,1.539618921313866,1.7846041942777484,0.8021311211723656,1.9473321367373575,0.9648590636319748,1.854330554300001,0.8718574811946183,2.095816769293371,1.113343696187988,1.6399820835610694,0.6575090104556867,1.7290727833445398,0.746599710239157,4.360085555120301,3.377612482014918,1.8512911480100087,0.8688180749046264,1.883979027532934,0.9015059544275512,2.151462631555961,1.168989558450578,2.269312204854136,1.2868391317487533,1.9960444342069168,1.0135713611015338,2.0575300651929056,1.0750569920875228,2.033740241854989,1.051267168749606,1.7085388881392598,0.726065815033877,2.7607188863217957,1.7782458132164125,2.353499997314544,1.3710269242091608,2.151678752171735,1.1692056790663523,0.2943977403476261,0.9483635044766208,0.3304113969723156,2.095816769293371,1.1133436961879881,2.151678752171735,1.1692056790663523,2.269312204854136,1.2868391317487533,False,True,True,False,-0.1734954355607652,-0.117633452682401,-0.1734954355607652
90,C=C(CC(=O)c1ccccc1)C(=O)O,C[C@@H](CC(=O)c1ccccc1)C(=O)O,2024,Ru,CC(C)(C)[C@H]1COC([C]23[CH]4[CH]5[CH]6[C]2(P(c2ccccc2)c2ccccc2)[Ru]54632789[CH]3[CH]2[C]7(C2=N[C@@H](C(C)(C)C)CO2)[C]8(P(c2ccccc2)c2ccccc2)[CH]39)=N1.c1ccc(P(c2ccccc2)c2ccccc2)cc1,CCO,CC(C)(C)[O-].[K+],20.0,25.0,100.0,0.939458276329232,recent_AHO,inner,inner,recent Ru-AHO test,ru__recent_aho_inner,90,ru__recent_aho_inner__00090,0.939458276329232,1.919223495557552,0.97976521922832,2.149799911093323,1.2103416347640907,2.714198736553445,1.7747404602242125,1.7625349308615297,0.8230766545322977,1.995487757320204,1.056029480990972,1.894264465100001,0.9548061887707692,2.0725848827476754,1.133126606418443,1.601565169704038,0.6621068933748061,1.6305358496808493,0.6910775733516173,2.894070216885608,1.954611940556376,1.7490875009655815,0.8096292246363498,1.3374073320913618,0.3979490557621298,1.839123507754018,0.899665231424786,1.841964929513576,0.902506653184344,2.028441858863764,1.0889835825345315,1.9494601838031007,1.0100019074738689,1.957359963008936,1.0179016866797044,1.734764715209557,0.7953064388803254,2.574739426348083,1.635281150018851,2.3572043835751253,1.4177461072458932,2.100328421801428,1.1608701454721957,0.3095758721871507,0.4954177522655944,0.2807895914282101,2.0725848827476754,1.1331266064184433,2.100328421801428,1.1608701454721961,1.841964929513576,0.9025066531843441,False,True,True,False,0.23061995323409923,0.25836349228785205,0.23061995323409923
91,C=C(OCC)c1cccn2ccnc12,CCO[C@@H](C)c1cccn2ccnc12,2022,Ru,Cc1ccc(C(C)C)cc1.c1ccc(P(c2ccccc2)c2ccc3ccccc3c2-c2c(P(c3ccccc3)c3ccccc3)ccc3ccccc23)cc1,ClCCl,,50.0,25.0,100.0,0.898411140659566,recent_AHO,inner,inner,recent Ru-AHO test,ru__recent_aho_inner,91,ru__recent_aho_inner__00091,0.898411140659566,1.638963702415359,0.740552561755793,1.5450719686695684,0.6466608280100025,1.3279967038523277,0.4295855631927617,1.3482461048829584,0.4498349642233924,1.8330318071870992,0.9346206665275332,1.8010303809999988,0.9026192403404328,1.5823901113345518,0.6839789706749858,2.1144868087943225,1.2160756681347564,1.2350884377752165,0.3366772971156503,2.564954640051297,1.6665434993917314,1.3581553236086576,0.4597441829490917,1.4973511746828885,0.5989400340233223,1.739580740956244,0.8411696002966781,1.7516028543114377,0.8531917136518717,2.121401780187116,1.2229906395275498,2.202198932819293,1.3037877921597265,1.7279700595939669,0.8295589189344007,1.3247501040511802,0.4263389633916142,1.4465892810276064,0.5481781403680405,1.326892459073759,0.428481318414193,1.69163376945882,0.793222628799254,0.1978035488924063,0.4618084814972341,0.3592548547151265,1.5823901113345518,0.6839789706749858,1.69163376945882,0.793222628799254,1.7516028543114377,0.8531917136518717,False,True,True,False,-0.16921274297688593,-0.05996908485261776,-0.16921274297688593
92,C=C(OCC)c1ccccn1,CCO[C@@H](C)c1ccccn1,2022,Ru,Cc1ccc(C(C)C)cc1.c1ccc(P(c2ccccc2)c2ccc3ccccc3c2-c2c(P(c3ccccc3)c3ccccc3)ccc3ccccc23)cc1,ClCCl,,50.0,25.0,100.0,0.8591073648212397,recent_AHO,inner,inner,recent Ru-AHO test,ru__recent_aho_inner,92,ru__recent_aho_inner__00092,0.8591073648212397,1.3277827415754262,0.4686753767541864,1.5450719686695684,0.6859646038483287,0.6991152731258576,0.1599920916953821,1.5166273615059764,0.6575199966847367,1.3333553188884149,0.4742479540671751,1.6141052976999992,0.7549979328787595,1.3393429935775405,0.4802356287563007,2.1844816665943223,1.3253743017730826,1.1885607275133343,0.3294533626920948,2.564954640051297,1.7058472752300575,1.4614612954109505,0.6023539305897108,1.3978585276726472,0.5387511628514075,1.7990136550903149,0.9399062902690752,1.7660550853888113,0.9069477205675716,1.753834230422629,0.8947268656013896,1.8746438145426971,1.0155364497214576,1.2603869979705542,0.4012796331493145,1.2575340277074865,0.3984266628862467,1.2385324096213082,0.3794250448000684,1.4504532671792325,0.5913459023579926,1.472564124573985,0.6134567597527452,0.3053166410412249,0.478931690501742,0.2540661851958952,1.3393429935775405,0.48023562875630077,1.472564124573985,0.6134567597527452,1.7660550853888113,0.9069477205675716,False,True,True,False,-0.4267120918112708,-0.2934909608148264,-0.4267120918112708
93,C=C(CC(=O)c1ccccc1)C(=O)O,C[C@@H](CC(=O)c1ccccc1)C(=O)O,2024,Ru,CC(C)(C)[C@H]1COC([C]23[CH]4[CH]5[CH]6[C]2(P(c2ccccc2)c2ccccc2)[Ru]54632789[CH]3[CH]2[C]7(C2=N[C@@H](C(C)(C)C)CO2)[C]8(P(c2ccccc2)c2ccccc2)[CH]39)=N1.c1ccc(P(c2ccccc2)c2ccccc2)cc1,CC(C)O,O=C([O-])O.[Na+],50.0,25.0,100.0,0.8213567846395616,recent_AHO,inner,inner,recent Ru-AHO test,ru__recent_aho_inner,93,ru__recent_aho_inner__00093,0.8213567846395616,2.192690366662643,1.3713335820230816,2.4878978566109105,1.666541071971349,2.175085078464282,1.3537282938247204,1.7320629018891902,0.9107061172496286,2.1021374371964465,1.280780652556885,1.8604754246,1.0391186399604382,2.0917248442372456,1.270368059597684,2.16971080733106,1.3483540226914985,1.6577569950384057,0.8364002103988438,3.1684308167285864,2.347074032089025,1.892484177383905,1.0711273927443434,1.637768315530486,0.8164115308909242,1.8365516140188607,1.0151948293792992,2.0604504543385507,1.2390936696989892,2.216419876358211,1.3950630917186495,2.150871314019551,1.3295145293799893,2.197152002854654,1.3757952182150923,1.793519949659549,0.9721631650199876,2.7767597905836547,1.9554030059440928,2.440554975050647,1.6191981904110857,2.262546318087711,1.4411895334481493,0.2439390122040468,0.5257889122862563,0.2985977459046545,2.0917248442372456,1.270368059597684,2.262546318087711,1.4411895334481493,2.0604504543385507,1.2390936696989892,False,True,True,False,0.03127438989869491,0.2020958637491601,0.03127438989869491
94,C=C(CC(=O)c1ccccc1)C(=O)O,C[C@@H](CC(=O)c1ccccc1)C(=O)O,2024,Ru,Cc1cc(C)cc(P(c2cc(C)cc(C)c2)c2ccc3c(c2-c2c(P(c4cc(C)cc(C)c4)c4cc(C)cc(C)c4)ccc4c2OCO4)OCO3)c1.N[C@@H](c1ccccc1)[C@@H](N)c1ccccc1,CO,O=C([O-])O.[Na+],50.0,25.0,100.0,0.7849966854528134,recent_AHO,inner,inner,recent Ru-AHO test,ru__recent_aho_inner,94,ru__recent_aho_inner__00094,0.7849966854528134,1.8892428533675536,1.1042461679147402,1.300527894847003,0.5155312093941895,1.6275349454444177,0.8425382599916043,1.8590605476015472,1.0740638621487335,2.461296274669306,1.6762995892164925,2.1703401825999986,1.3853434971471852,1.884667116421637,1.099670430968824,2.183258981731211,1.3982622962783977,1.7373492167575275,0.9523525313047144,1.6249573801940784,0.839960694741265,1.805214387989944,1.0202177025371306,1.8339384498879383,1.0489417644351249,2.0883273365284576,1.3033306510756442,1.878840958848193,1.0938442733953797,2.0022664396715517,1.2172697542187378,1.5724471818453782,0.7874504963925648,1.8852357996984583,1.100239114245645,2.306675132991329,1.5216784475385154,2.2972927180817555,1.512296032628942,2.035875304716226,1.2508786192634125,2.016632096167449,1.231635410714636,0.3701626903920705,0.195136177632846,0.2510103735911545,1.884667116421637,1.0996704309688237,2.016632096167449,1.2316354107146357,1.878840958848193,1.0938442733953795,False,True,True,False,0.0058261575734441795,0.13779113731925619,0.0058261575734441795
95,C=C(CC(=O)c1ccccc1)C(=O)O,C[C@@H](CC(=O)c1ccccc1)C(=O)O,2024,Ru,Cc1cc(C)cc(P(c2cc(C)cc(C)c2)c2ccc3ccccc3c2-c2c(P(c3cc(C)cc(C)c3)c3cc(C)cc(C)c3)ccc3ccccc23)c1.N[C@@H](c1ccccc1)[C@@H](N)c1ccccc1,CO,O=C([O-])O.[Na+],50.0,25.0,100.0,0.650909851683304,recent_AHO,inner,inner,recent Ru-AHO test,ru__recent_aho_inner,95,ru__recent_aho_inner__00095,0.650909851683304,1.8810683925822995,1.2301585408989952,1.7781925266958836,1.1272826750125795,1.805452130163324,1.15454227848002,2.027187064652336,1.3762772129690315,2.451216924612038,1.8003070729287345,2.1221927512999987,1.471282899616695,2.01088496500098,1.359975113317676,2.182734929901775,1.5318250782184712,1.8143041529209336,1.1633943012376298,1.6249573801940784,0.9740475285107744,1.7780936523311324,1.1271838006478283,1.6625195106354256,1.0116096589521215,1.8956113300041173,1.2447014783208137,1.826370159331244,1.1754603076479395,2.1366296529132462,1.4857198012299424,1.9159230784058776,1.2650132267225738,1.876886396093272,1.225976544409968,2.4418646460889155,1.7909547944056117,3.496999946436205,2.8460900947529013,2.5498672613902618,1.898957409706958,2.4030284968879627,1.7521186452046589,0.230849221840825,0.1833396400748075,0.5484689211320192,2.01088496500098,1.359975113317676,2.4030284968879627,1.7521186452046589,1.826370159331244,1.1754603076479402,False,True,True,False,0.18451480566973588,0.5766583375567187,0.18451480566973588
96,C=C(OC)c1c(NC(=O)OC(C)(C)C)cnn2ccnc12,CO[C@@H](C)c1c(NC(=O)OC(C)(C)C)cnn2ccnc12,2022,Ru,Cc1ccc(C(C)C)cc1.c1ccc(P(c2ccccc2)c2ccc3ccccc3c2-c2c(P(c3ccccc3)c3ccccc3)ccc3ccccc23)cc1,CO,,50.0,25.0,100.0,0.433038920727465,recent_AHO,inner,inner,recent Ru-AHO test,ru__recent_aho_inner,96,ru__recent_aho_inner__00096,0.433038920727465,1.7015282416621298,1.2684893209346648,1.5176307388754453,1.0845918181479803,1.9369743106775084,1.5039353899500434,2.03114614553444,1.5981072248069752,1.9311870534981308,1.4981481327706658,1.8468343437999997,1.4137954230725345,1.8275501390079425,1.3945112182804773,1.0122680104198736,0.5792290896924086,1.341412860742603,0.908373940015138,0.6385149968610563,0.2054760761335912,1.2975749486705876,0.8645360279431227,0.8720176863730835,0.4389787656456185,1.682932466657573,1.249893545930108,1.1407868282874627,0.7077479075599977,2.0076406238721227,1.5746017031446575,2.151679479682217,1.7186405589547522,1.7074963581693858,1.2744574374419209,1.5601188431675157,1.1270799224400507,1.984954966985992,1.5519160462585266,1.809015888991208,1.3759769682637428,1.8701510268114063,1.4371121060839416,0.1714978265206017,0.3415128459349685,0.199020771511292,1.8275501390079425,1.3945112182804775,1.8701510268114063,1.4371121060839414,1.1407868282874627,0.7077479075599977,False,True,True,False,0.6867633107204798,0.7293641985239436,0.6867633107204798
97,C=C(CC(=O)c1ccccc1)C(=O)O,C[C@@H](CC(=O)c1ccccc1)C(=O)O,2024,Ru,COc1ccc(C(N)(c2ccc(OC)cc2)[C@@H](N)C(C)C)cc1.Cc1cc(C)cc(P(c2cc(C)cc(C)c2)c2ccc3c(c2-c2c(P(c4cc(C)cc(C)c4)c4cc(C)cc(C)c4)ccc4c2OCO4)OCO3)c1,CO,O=C([O-])O.[Na+],50.0,25.0,100.0,0.3929909988539534,recent_AHO,inner,inner,recent Ru-AHO test,ru__recent_aho_inner,97,ru__recent_aho_inner__00097,0.3929909988539534,1.9199121848639344,1.526921186009981,2.427947488328771,2.0349564894748173,2.6072288884277635,2.21423788957381,2.5480651987474303,2.155074199893477,2.813321398042466,2.4203303991885123,2.400940832799999,2.007949833946045,2.452902665201727,2.059911666347773,2.182734929901775,1.7897439310478216,1.7897508945481984,1.3967598956942449,2.022836153145814,1.6298451542918606,1.9237554382150184,1.530764439361065,2.003903094734245,1.610912095880292,2.1244937501678653,1.7315027513139118,2.007912376785486,1.6149213779315326,2.1081806176854445,1.715189618831491,2.3421136409844108,1.9491226421304573,1.9076584371115812,1.5146674382576282,2.802457116252364,2.4094661173984107,4.087889493467967,3.694898494614013,3.798076122239895,3.405085123385941,2.841062571290277,2.448071572436324,0.2739147674486202,0.1284975731176551,0.8295834258230509,2.452902665201727,2.0599116663477735,2.841062571290277,2.4480715724363233,2.007912376785486,1.6149213779315326,False,True,True,False,0.4449902884162409,0.8331501945047908,0.4449902884162409
98,C=C(CC(=O)c1ccccc1)C(=O)O,C[C@@H](CC(=O)c1ccccc1)C(=O)O,2024,Ru,CC(C)(C)[C@H]1COC([C]23[CH]4[CH]5[CH]6[C]2(P(c2ccccc2)c2ccccc2)[Ru]54632789[CH]3[CH]2[C]7(C2=N[C@@H](C(C)(C)C)CO2)[C]8(P(c2ccccc2)c2ccccc2)[CH]39)=N1.c1ccc(P(c2ccccc2)c2ccccc2)cc1,C1COCCO1,O=C([O-])O.[Na+],50.0,25.0,100.0,0.3280745930111221,recent_AHO,inner,inner,recent Ru-AHO test,ru__recent_aho_inner,98,ru__recent_aho_inner__00098,0.3280745930111221,1.6608182417517945,1.3327436487406723,2.4878978566109105,2.1598232635997885,2.0608741094965426,1.7327995164854206,1.569913875051609,1.241839282040487,2.1021374371964465,1.7740628441853246,1.8627165332999995,1.5346419402888776,1.9573930089012173,1.6293184158900953,2.1721470445868887,1.8440724515757667,0.9426544921150508,0.6145798991039287,3.1684308167285864,2.8403562237174644,1.3893237144299662,1.061249121418844,1.131884315833802,0.80380972282268,1.7600803209979197,1.4320057279867977,1.7607534507820355,1.4326788577709135,2.061575713977978,1.733501120966856,2.111797325660524,1.783722732649402,1.6629499475923408,1.3348753545812189,1.7595943887437442,1.4315197957326222,2.7620042488787084,2.4339296558675865,2.418796505316,2.0907219123048777,2.1294530216948826,1.8013784286837606,0.305547319809677,0.747609864037243,0.3748733754097791,1.9573930089012173,1.6293184158900953,2.1294530216948826,1.8013784286837606,1.7607534507820355,1.4326788577709135,False,True,True,False,0.19663955811918177,0.3686995709128471,0.19663955811918177
99,C=C(CC(=O)c1ccccc1)C(=O)O,C[C@@H](CC(=O)c1ccccc1)C(=O)O,2024,Ru,COc1ccc(C(N)(c2ccc(OC)cc2)[C@@H](N)C(C)C)cc1.Cc1cc(C)cc(P(c2cc(C)cc(C)c2)c2ccc3ccccc3c2-c2c(P(c3cc(C)cc(C)c3)c3cc(C)cc(C)c3)ccc3ccccc23)c1,CO,O=C([O-])O.[Na+],50.0,25.0,100.0,0.3153297763668797,recent_AHO,inner,inner,recent Ru-AHO test,ru__recent_aho_inner,99,ru__recent_aho_inner__00099,0.3153297763668797,1.9679234119689928,1.6525936356021136,2.7605212546013216,2.4451914782344417,2.6072288884277635,2.291899112060884,2.4411300368226403,2.1258002604557604,2.79541154490487,2.480081768537991,2.254743782,1.93941400563312,2.4711598197875984,2.1558300434207185,2.1822108780723397,1.86688110170546,1.846953881591,1.5316241052241204,3.1684308167285864,2.8531010403617065,1.860199515870772,1.544869739503892,1.8178383209222968,1.502508544555417,1.93593639593856,1.6206066195716804,2.1352616348539257,1.819931858487046,2.2573358896222886,1.942006113255409,2.4240667301436107,2.108736953776731,1.949381450216605,1.6340516738497253,2.8000905891686387,2.484760812801759,4.288624068016315,3.973294291649435,3.656722352489592,3.341392576122713,2.8960368466095083,2.5807070702426285,0.2910809120245792,0.4776524941142464,0.8219892979039232,2.4711598197875984,2.1558300434207185,2.8960368466095083,2.5807070702426285,2.1352616348539257,1.819931858487046,False,True,True,False,0.3358981849336724,0.7607752117555824,0.3358981849336724
100,C=C(CC(=O)c1ccccc1)C(=O)O,C[C@@H](CC(=O)c1ccccc1)C(=O)O,2024,Ru,N[C@@H](c1ccccc1)[C@@H](N)c1ccccc1.c1ccc(P(c2ccccc2)c2ccc3ccccc3c2-c2c(P(c3ccccc3)c3ccccc3)ccc3ccccc23)cc1,CO,O=C([O-])O.[Na+],50.0,25.0,100.0,0.2900493340742959,recent_AHO,inner,inner,recent Ru-AHO test,ru__recent_aho_inner,100,ru__recent_aho_inner__00100,0.2900493340742959,1.8279322909532052,1.5378829568789096,1.7781925266958836,1.4881431926215876,1.835192096497387,1.545142762423091,2.026174670895039,1.7361253368207432,2.3933837717239985,2.1033344376497025,1.991886644199999,1.7018373101257032,1.9754603334942524,1.6854109994199566,0.007947654,0.2821016800742958,1.446698609151804,1.156649275077508,1.6249573801940784,1.3349080461197826,1.7482360383880926,1.4581867043137966,1.3959382030994825,1.105888869025187,1.860726837642753,1.570677503568457,1.3474174537460353,1.0573681196717395,2.042703313959389,1.752653979885093,1.5356999184120337,1.2456505843377377,1.8208081851709328,1.5307588510966372,1.5506011230381314,1.2605517889638356,1.3955228222246914,1.1054734881503956,1.302966762513029,1.0129174284387332,1.608050354219701,1.318001020145405,0.2073065592982268,0.6201560055786881,0.2519814938809958,1.9754603334942524,1.6854109994199566,1.608050354219701,1.318001020145405,1.3474174537460353,1.0573681196717395,False,True,True,False,0.6280428797482172,0.2606329004736656,0.2606329004736656
101,C=C(OCC)c1c(C(=O)OCC)cnn2ccnc12,CCOC(=O)c1cnn2ccnc2c1[C@@H](C)OCC,2022,Ru,Cc1ccc(COCCN[C@@H](c2ccccc2)[C@@H](NS(=O)(=O)c2ccc(C)cc2)c2ccccc2)cc1,CCO,,50.0,25.0,100.0,0.2650251890554729,recent_AHO,inner,inner,recent Ru-AHO test,ru__recent_aho_inner,101,ru__recent_aho_inner__00101,0.2650251890554729,1.6847484369450598,1.419723247889587,1.8722679917820015,1.6072428027265289,1.9129409710418608,1.647915781986388,1.699832995546059,1.434807806490586,1.4264459728032517,1.1614207837477788,1.99149498525,1.726469796194527,1.764621892228039,1.499596703172566,0.7281296106907342,0.4631044216352613,1.134187644384964,0.8691624553294912,2.161620649644969,1.8965954605894968,1.5974975142726535,1.3324723252171806,0.744875436719068,0.4798502476635951,1.2991446361983103,1.0341194471428374,1.27757591531845,1.0125507262629772,2.007801856984901,1.742776667929428,2.0273836572195645,1.7623584681640916,1.691916565766503,1.42689137671103,1.8161877896694696,1.551162600613997,1.5495433054221317,1.2845181163666586,1.3161658295640168,1.051140640508544,1.7348331674377644,1.4698079783822915,0.1870819582863903,0.4984260843392615,0.2510553646011799,1.764621892228039,1.499596703172566,1.7348331674377644,1.4698079783822915,1.27757591531845,1.0125507262629772,False,True,True,False,0.48704597690958895,0.45725725211931434,0.45725725211931434
102,C=C(OCC)c1c(NC(=O)OC(C)(C)C)cnn2ccnc12,CCO[C@H](C)c1c(NC(=O)OC(C)(C)C)cnn2ccnc12,2022,Ru,c1ccc(P(c2ccccc2)c2ccc3ccccc3c2-c2c(P(c3ccccc3)c3ccccc3)ccc3ccccc23)cc1,CCO,,50.0,25.0,100.0,0.142884582899239,recent_AHO,inner,inner,recent Ru-AHO test,ru__recent_aho_inner,102,ru__recent_aho_inner__00102,0.142884582899239,1.6857834399183764,1.5428988570191375,1.512813930746742,1.3699293478475032,1.717837605052546,1.574953022153307,1.2218513698179998,1.0789667869187607,1.1944659786748009,1.0515813957755618,1.2869114152,1.144026832300761,1.4366106232350777,1.2937260403358386,1.730493223100002,1.587608640200763,0.7402348048410731,0.5973502219418341,1.3060406969123537,1.1631561140131148,1.4614266176419382,1.3185420347426993,1.577160306447883,1.434275723548644,1.4880330061021685,1.3451484232029292,1.3838981091742362,1.241013526274997,2.007625166728774,1.8647405838295348,1.7495148471162454,1.6066302642170065,1.6922522810325695,1.5493676981333304,1.4368792362423073,1.2939946533430682,1.4988863902251386,1.3560018073258997,1.9686515815902548,1.825766998691016,1.7256349171558814,1.5827503342566422,0.2137553393701865,0.3148273130529584,0.2141086130999747,1.4366106232350777,1.2937260403358386,1.7256349171558814,1.5827503342566422,1.3838981091742362,1.241013526274997,False,True,True,False,0.05271251406084154,0.3417368079816452,0.05271251406084154
