descriptor,model,task_id,scene_label,source_domain,target_domain,relation_label,method_label,fold_id,target_index,record_id,reaction_id,y_true,y_pred
SPOC_official_like,ExtraTreesRegressor,all_ru_ahk_to_ru_aho_inner,All Ru-AHK (inner + outer) -> Ru-AHO inner,inner+outer,inner,All Ru-AHK,Mixed transfer,1,0,ru_aho_inner__00000,ru_aho_inner_00000,4.50050002,2.4401468322745
SPOC_official_like,ExtraTreesRegressor,all_ru_ahk_to_ru_aho_inner,All Ru-AHK (inner + outer) -> Ru-AHO inner,inner+outer,inner,All Ru-AHK,Mixed transfer,1,4,ru_aho_inner__00004,ru_aho_inner_00004,3.13437597,2.9246102911365996
SPOC_official_like,ExtraTreesRegressor,all_ru_ahk_to_ru_aho_inner,All Ru-AHK (inner + outer) -> Ru-AHO inner,inner+outer,inner,All Ru-AHK,Mixed transfer,1,10,ru_aho_inner__00010,ru_aho_inner_00010,2.89279432,2.8041881245999942
SPOC_official_like,ExtraTreesRegressor,all_ru_ahk_to_ru_aho_inner,All Ru-AHK (inner + outer) -> Ru-AHO inner,inner+outer,inner,All Ru-AHK,Mixed transfer,1,12,ru_aho_inner__00012,ru_aho_inner_00012,2.72095293,2.786503304999995
SPOC_official_like,ExtraTreesRegressor,all_ru_ahk_to_ru_aho_inner,All Ru-AHK (inner + outer) -> Ru-AHO inner,inner+outer,inner,All Ru-AHK,Mixed transfer,1,18,ru_aho_inner__00018,ru_aho_inner_00018,2.72095293,2.6213592258725966
SPOC_official_like,ExtraTreesRegressor,all_ru_ahk_to_ru_aho_inner,All Ru-AHK (inner + outer) -> Ru-AHO inner,inner+outer,inner,All Ru-AHK,Mixed transfer,1,22,ru_aho_inner__00022,ru_aho_inner_00022,2.63729647,2.3269145041690744
SPOC_official_like,ExtraTreesRegressor,all_ru_ahk_to_ru_aho_inner,All Ru-AHK (inner + outer) -> Ru-AHO inner,inner+outer,inner,All Ru-AHK,Mixed transfer,1,26,ru_aho_inner__00026,ru_aho_inner_00026,2.49268506,2.1111706899999962
SPOC_official_like,ExtraTreesRegressor,all_ru_ahk_to_ru_aho_inner,All Ru-AHK (inner + outer) -> Ru-AHO inner,inner+outer,inner,All Ru-AHK,Mixed transfer,1,31,ru_aho_inner__00031,ru_aho_inner_00031,2.30450133,1.86436517891806
SPOC_official_like,ExtraTreesRegressor,all_ru_ahk_to_ru_aho_inner,All Ru-AHK (inner + outer) -> Ru-AHO inner,inner+outer,inner,All Ru-AHK,Mixed transfer,1,40,ru_aho_inner__00040,ru_aho_inner_00040,2.13954868,2.018898080000005
SPOC_official_like,ExtraTreesRegressor,all_ru_ahk_to_ru_aho_inner,All Ru-AHK (inner + outer) -> Ru-AHO inner,inner+outer,inner,All Ru-AHK,Mixed transfer,1,42,ru_aho_inner__00042,ru_aho_inner_00042,2.12255274,2.3987518275598334
SPOC_official_like,ExtraTreesRegressor,all_ru_ahk_to_ru_aho_inner,All Ru-AHK (inner + outer) -> Ru-AHO inner,inner+outer,inner,All Ru-AHK,Mixed transfer,1,44,ru_aho_inner__00044,ru_aho_inner_00044,2.02174776,1.845410346599998
SPOC_official_like,ExtraTreesRegressor,all_ru_ahk_to_ru_aho_inner,All Ru-AHK (inner + outer) -> Ru-AHO inner,inner+outer,inner,All Ru-AHK,Mixed transfer,1,47,ru_aho_inner__00047,ru_aho_inner_00047,1.97754867,1.6516620525818966
SPOC_official_like,ExtraTreesRegressor,all_ru_ahk_to_ru_aho_inner,All Ru-AHK (inner + outer) -> Ru-AHO inner,inner+outer,inner,All Ru-AHK,Mixed transfer,1,62,ru_aho_inner__00062,ru_aho_inner_00062,1.56906465,1.8507585055570892
SPOC_official_like,ExtraTreesRegressor,all_ru_ahk_to_ru_aho_inner,All Ru-AHK (inner + outer) -> Ru-AHO inner,inner+outer,inner,All Ru-AHK,Mixed transfer,1,64,ru_aho_inner__00064,ru_aho_inner_00064,1.53168147,1.5141087291999966
SPOC_official_like,ExtraTreesRegressor,all_ru_ahk_to_ru_aho_inner,All Ru-AHK (inner + outer) -> Ru-AHO inner,inner+outer,inner,All Ru-AHK,Mixed transfer,1,73,ru_aho_inner__00073,ru_aho_inner_00073,1.39055932,1.409076808299999
SPOC_official_like,ExtraTreesRegressor,all_ru_ahk_to_ru_aho_inner,All Ru-AHK (inner + outer) -> Ru-AHO inner,inner+outer,inner,All Ru-AHK,Mixed transfer,1,75,ru_aho_inner__00075,ru_aho_inner_00075,1.36999511,1.3544363693000003
SPOC_official_like,ExtraTreesRegressor,all_ru_ahk_to_ru_aho_inner,All Ru-AHK (inner + outer) -> Ru-AHO inner,inner+outer,inner,All Ru-AHK,Mixed transfer,1,81,ru_aho_inner__00081,ru_aho_inner_00081,1.00421655,0.998285227099999
SPOC_official_like,ExtraTreesRegressor,all_ru_ahk_to_ru_aho_inner,All Ru-AHK (inner + outer) -> Ru-AHO inner,inner+outer,inner,All Ru-AHK,Mixed transfer,1,83,ru_aho_inner__00083,ru_aho_inner_00083,0.83956097,0.6191615168919612
SPOC_official_like,ExtraTreesRegressor,all_ru_ahk_to_ru_aho_inner,All Ru-AHK (inner + outer) -> Ru-AHO inner,inner+outer,inner,All Ru-AHK,Mixed transfer,1,90,ru_aho_inner__00090,ru_aho_inner_00090,0.19433377,0.048191710000000124
SPOC_official_like,ExtraTreesRegressor,all_ru_ahk_to_ru_aho_inner,All Ru-AHK (inner + outer) -> Ru-AHO inner,inner+outer,inner,All Ru-AHK,Mixed transfer,1,94,ru_aho_inner__00094,ru_aho_inner_00094,0.04739647,0.9747476913993518
SPOC_official_like,ExtraTreesRegressor,all_ru_ahk_to_ru_aho_inner,All Ru-AHK (inner + outer) -> Ru-AHO inner,inner+outer,inner,All Ru-AHK,Delta learning,1,0,ru_aho_inner__00000,ru_aho_inner_00000,4.50050002,2.56315730679344
SPOC_official_like,ExtraTreesRegressor,all_ru_ahk_to_ru_aho_inner,All Ru-AHK (inner + outer) -> Ru-AHO inner,inner+outer,inner,All Ru-AHK,Delta learning,1,4,ru_aho_inner__00004,ru_aho_inner_00004,3.13437597,2.791531002894889
SPOC_official_like,ExtraTreesRegressor,all_ru_ahk_to_ru_aho_inner,All Ru-AHK (inner + outer) -> Ru-AHO inner,inner+outer,inner,All Ru-AHK,Delta learning,1,10,ru_aho_inner__00010,ru_aho_inner_00010,2.89279432,2.800956741078002
SPOC_official_like,ExtraTreesRegressor,all_ru_ahk_to_ru_aho_inner,All Ru-AHK (inner + outer) -> Ru-AHO inner,inner+outer,inner,All Ru-AHK,Delta learning,1,12,ru_aho_inner__00012,ru_aho_inner_00012,2.72095293,2.773689149479065
SPOC_official_like,ExtraTreesRegressor,all_ru_ahk_to_ru_aho_inner,All Ru-AHK (inner + outer) -> Ru-AHO inner,inner+outer,inner,All Ru-AHK,Delta learning,1,18,ru_aho_inner__00018,ru_aho_inner_00018,2.72095293,2.6594184552380735
SPOC_official_like,ExtraTreesRegressor,all_ru_ahk_to_ru_aho_inner,All Ru-AHK (inner + outer) -> Ru-AHO inner,inner+outer,inner,All Ru-AHK,Delta learning,1,22,ru_aho_inner__00022,ru_aho_inner_00022,2.63729647,2.293368711412504
SPOC_official_like,ExtraTreesRegressor,all_ru_ahk_to_ru_aho_inner,All Ru-AHK (inner + outer) -> Ru-AHO inner,inner+outer,inner,All Ru-AHK,Delta learning,1,26,ru_aho_inner__00026,ru_aho_inner_00026,2.49268506,2.1111706899999994
SPOC_official_like,ExtraTreesRegressor,all_ru_ahk_to_ru_aho_inner,All Ru-AHK (inner + outer) -> Ru-AHO inner,inner+outer,inner,All Ru-AHK,Delta learning,1,31,ru_aho_inner__00031,ru_aho_inner_00031,2.30450133,1.8428032256145772
SPOC_official_like,ExtraTreesRegressor,all_ru_ahk_to_ru_aho_inner,All Ru-AHK (inner + outer) -> Ru-AHO inner,inner+outer,inner,All Ru-AHK,Delta learning,1,40,ru_aho_inner__00040,ru_aho_inner_00040,2.13954868,2.211959586968889
SPOC_official_like,ExtraTreesRegressor,all_ru_ahk_to_ru_aho_inner,All Ru-AHK (inner + outer) -> Ru-AHO inner,inner+outer,inner,All Ru-AHK,Delta learning,1,42,ru_aho_inner__00042,ru_aho_inner_00042,2.12255274,2.392897159010258
SPOC_official_like,ExtraTreesRegressor,all_ru_ahk_to_ru_aho_inner,All Ru-AHK (inner + outer) -> Ru-AHO inner,inner+outer,inner,All Ru-AHK,Delta learning,1,44,ru_aho_inner__00044,ru_aho_inner_00044,2.02174776,2.1559272860913676
SPOC_official_like,ExtraTreesRegressor,all_ru_ahk_to_ru_aho_inner,All Ru-AHK (inner + outer) -> Ru-AHO inner,inner+outer,inner,All Ru-AHK,Delta learning,1,47,ru_aho_inner__00047,ru_aho_inner_00047,1.97754867,2.131109605744192
SPOC_official_like,ExtraTreesRegressor,all_ru_ahk_to_ru_aho_inner,All Ru-AHK (inner + outer) -> Ru-AHO inner,inner+outer,inner,All Ru-AHK,Delta learning,1,62,ru_aho_inner__00062,ru_aho_inner_00062,1.56906465,1.8444095800000007
SPOC_official_like,ExtraTreesRegressor,all_ru_ahk_to_ru_aho_inner,All Ru-AHK (inner + outer) -> Ru-AHO inner,inner+outer,inner,All Ru-AHK,Delta learning,1,64,ru_aho_inner__00064,ru_aho_inner_00064,1.53168147,1.513574906217211
SPOC_official_like,ExtraTreesRegressor,all_ru_ahk_to_ru_aho_inner,All Ru-AHK (inner + outer) -> Ru-AHO inner,inner+outer,inner,All Ru-AHK,Delta learning,1,73,ru_aho_inner__00073,ru_aho_inner_00073,1.39055932,1.4185515791976642
SPOC_official_like,ExtraTreesRegressor,all_ru_ahk_to_ru_aho_inner,All Ru-AHK (inner + outer) -> Ru-AHO inner,inner+outer,inner,All Ru-AHK,Delta learning,1,75,ru_aho_inner__00075,ru_aho_inner_00075,1.36999511,1.372957951845648
SPOC_official_like,ExtraTreesRegressor,all_ru_ahk_to_ru_aho_inner,All Ru-AHK (inner + outer) -> Ru-AHO inner,inner+outer,inner,All Ru-AHK,Delta learning,1,81,ru_aho_inner__00081,ru_aho_inner_00081,1.00421655,0.9918395837708022
SPOC_official_like,ExtraTreesRegressor,all_ru_ahk_to_ru_aho_inner,All Ru-AHK (inner + outer) -> Ru-AHO inner,inner+outer,inner,All Ru-AHK,Delta learning,1,83,ru_aho_inner__00083,ru_aho_inner_00083,0.83956097,0.30777110339160996
SPOC_official_like,ExtraTreesRegressor,all_ru_ahk_to_ru_aho_inner,All Ru-AHK (inner + outer) -> Ru-AHO inner,inner+outer,inner,All Ru-AHK,Delta learning,1,90,ru_aho_inner__00090,ru_aho_inner_00090,0.19433377,0.04819171000000044
SPOC_official_like,ExtraTreesRegressor,all_ru_ahk_to_ru_aho_inner,All Ru-AHK (inner + outer) -> Ru-AHO inner,inner+outer,inner,All Ru-AHK,Delta learning,1,94,ru_aho_inner__00094,ru_aho_inner_00094,0.04739647,0.8302044785602442
SPOC_official_like,ExtraTreesRegressor,all_ru_ahk_to_ru_aho_inner,All Ru-AHK (inner + outer) -> Ru-AHO inner,inner+outer,inner,All Ru-AHK,Mixed transfer,2,5,ru_aho_inner__00005,ru_aho_inner_00005,3.13437597,3.1343759700000033
SPOC_official_like,ExtraTreesRegressor,all_ru_ahk_to_ru_aho_inner,All Ru-AHK (inner + outer) -> Ru-AHO inner,inner+outer,inner,All Ru-AHK,Mixed transfer,2,9,ru_aho_inner__00009,ru_aho_inner_00009,3.13437597,4.056177654676133
SPOC_official_like,ExtraTreesRegressor,all_ru_ahk_to_ru_aho_inner,All Ru-AHK (inner + outer) -> Ru-AHO inner,inner+outer,inner,All Ru-AHK,Mixed transfer,2,11,ru_aho_inner__00011,ru_aho_inner_00011,2.81808334,2.5129397031000007
SPOC_official_like,ExtraTreesRegressor,all_ru_ahk_to_ru_aho_inner,All Ru-AHK (inner + outer) -> Ru-AHO inner,inner+outer,inner,All Ru-AHK,Mixed transfer,2,15,ru_aho_inner__00015,ru_aho_inner_00015,2.72095293,1.8873730083527047
SPOC_official_like,ExtraTreesRegressor,all_ru_ahk_to_ru_aho_inner,All Ru-AHK (inner + outer) -> Ru-AHO inner,inner+outer,inner,All Ru-AHK,Mixed transfer,2,16,ru_aho_inner__00016,ru_aho_inner_00016,2.72095293,3.315654493688488
SPOC_official_like,ExtraTreesRegressor,all_ru_ahk_to_ru_aho_inner,All Ru-AHK (inner + outer) -> Ru-AHO inner,inner+outer,inner,All Ru-AHK,Mixed transfer,2,28,ru_aho_inner__00028,ru_aho_inner_00028,2.47786275,2.704318356114558
SPOC_official_like,ExtraTreesRegressor,all_ru_ahk_to_ru_aho_inner,All Ru-AHK (inner + outer) -> Ru-AHO inner,inner+outer,inner,All Ru-AHK,Mixed transfer,2,30,ru_aho_inner__00030,ru_aho_inner_00030,2.3515711,2.413596242117035
SPOC_official_like,ExtraTreesRegressor,all_ru_ahk_to_ru_aho_inner,All Ru-AHK (inner + outer) -> Ru-AHO inner,inner+outer,inner,All Ru-AHK,Mixed transfer,2,33,ru_aho_inner__00033,ru_aho_inner_00033,2.30450133,2.8113484160320494
SPOC_official_like,ExtraTreesRegressor,all_ru_ahk_to_ru_aho_inner,All Ru-AHK (inner + outer) -> Ru-AHO inner,inner+outer,inner,All Ru-AHK,Mixed transfer,2,35,ru_aho_inner__00035,ru_aho_inner_00035,2.30450133,2.8464044287718777
SPOC_official_like,ExtraTreesRegressor,all_ru_ahk_to_ru_aho_inner,All Ru-AHK (inner + outer) -> Ru-AHO inner,inner+outer,inner,All Ru-AHK,Mixed transfer,2,39,ru_aho_inner__00039,ru_aho_inner_00039,2.16934032,1.9148059551769798
SPOC_official_like,ExtraTreesRegressor,all_ru_ahk_to_ru_aho_inner,All Ru-AHK (inner + outer) -> Ru-AHO inner,inner+outer,inner,All Ru-AHK,Mixed transfer,2,45,ru_aho_inner__00045,ru_aho_inner_00045,2.01889808,2.010277201930173
SPOC_official_like,ExtraTreesRegressor,all_ru_ahk_to_ru_aho_inner,All Ru-AHK (inner + outer) -> Ru-AHO inner,inner+outer,inner,All Ru-AHK,Mixed transfer,2,49,ru_aho_inner__00049,ru_aho_inner_00049,1.9607788,1.4517568811458514
SPOC_official_like,ExtraTreesRegressor,all_ru_ahk_to_ru_aho_inner,All Ru-AHK (inner + outer) -> Ru-AHO inner,inner+outer,inner,All Ru-AHK,Mixed transfer,2,65,ru_aho_inner__00065,ru_aho_inner_00065,1.53168147,1.5199162459137776
SPOC_official_like,ExtraTreesRegressor,all_ru_ahk_to_ru_aho_inner,All Ru-AHK (inner + outer) -> Ru-AHO inner,inner+outer,inner,All Ru-AHK,Mixed transfer,2,68,ru_aho_inner__00068,ru_aho_inner_00068,1.49260764,2.0384783656
SPOC_official_like,ExtraTreesRegressor,all_ru_ahk_to_ru_aho_inner,All Ru-AHK (inner + outer) -> Ru-AHO inner,inner+outer,inner,All Ru-AHK,Mixed transfer,2,69,ru_aho_inner__00069,ru_aho_inner_00069,1.48763592,1.8006393498989266
SPOC_official_like,ExtraTreesRegressor,all_ru_ahk_to_ru_aho_inner,All Ru-AHK (inner + outer) -> Ru-AHO inner,inner+outer,inner,All Ru-AHK,Mixed transfer,2,70,ru_aho_inner__00070,ru_aho_inner_00070,1.47570337,1.8431851680399427
SPOC_official_like,ExtraTreesRegressor,all_ru_ahk_to_ru_aho_inner,All Ru-AHK (inner + outer) -> Ru-AHO inner,inner+outer,inner,All Ru-AHK,Mixed transfer,2,72,ru_aho_inner__00072,ru_aho_inner_00072,1.40708549,1.4068680507999973
SPOC_official_like,ExtraTreesRegressor,all_ru_ahk_to_ru_aho_inner,All Ru-AHK (inner + outer) -> Ru-AHO inner,inner+outer,inner,All Ru-AHK,Mixed transfer,2,80,ru_aho_inner__00080,ru_aho_inner_00080,1.31904107,1.345946548474303
SPOC_official_like,ExtraTreesRegressor,all_ru_ahk_to_ru_aho_inner,All Ru-AHK (inner + outer) -> Ru-AHO inner,inner+outer,inner,All Ru-AHK,Mixed transfer,2,88,ru_aho_inner__00088,ru_aho_inner_00088,0.39647984,1.0076239278921137
SPOC_official_like,ExtraTreesRegressor,all_ru_ahk_to_ru_aho_inner,All Ru-AHK (inner + outer) -> Ru-AHO inner,inner+outer,inner,All Ru-AHK,Mixed transfer,2,93,ru_aho_inner__00093,ru_aho_inner_00093,0.04819171,0.19433377000000004
SPOC_official_like,ExtraTreesRegressor,all_ru_ahk_to_ru_aho_inner,All Ru-AHK (inner + outer) -> Ru-AHO inner,inner+outer,inner,All Ru-AHK,Delta learning,2,5,ru_aho_inner__00005,ru_aho_inner_00005,3.13437597,3.171947397325938
SPOC_official_like,ExtraTreesRegressor,all_ru_ahk_to_ru_aho_inner,All Ru-AHK (inner + outer) -> Ru-AHO inner,inner+outer,inner,All Ru-AHK,Delta learning,2,9,ru_aho_inner__00009,ru_aho_inner_00009,3.13437597,4.252311851247816
SPOC_official_like,ExtraTreesRegressor,all_ru_ahk_to_ru_aho_inner,All Ru-AHK (inner + outer) -> Ru-AHO inner,inner+outer,inner,All Ru-AHK,Delta learning,2,11,ru_aho_inner__00011,ru_aho_inner_00011,2.81808334,2.4249101449146364
SPOC_official_like,ExtraTreesRegressor,all_ru_ahk_to_ru_aho_inner,All Ru-AHK (inner + outer) -> Ru-AHO inner,inner+outer,inner,All Ru-AHK,Delta learning,2,15,ru_aho_inner__00015,ru_aho_inner_00015,2.72095293,2.096193261039111
SPOC_official_like,ExtraTreesRegressor,all_ru_ahk_to_ru_aho_inner,All Ru-AHK (inner + outer) -> Ru-AHO inner,inner+outer,inner,All Ru-AHK,Delta learning,2,16,ru_aho_inner__00016,ru_aho_inner_00016,2.72095293,3.128741295768866
SPOC_official_like,ExtraTreesRegressor,all_ru_ahk_to_ru_aho_inner,All Ru-AHK (inner + outer) -> Ru-AHO inner,inner+outer,inner,All Ru-AHK,Delta learning,2,28,ru_aho_inner__00028,ru_aho_inner_00028,2.47786275,2.7584188008080845
SPOC_official_like,ExtraTreesRegressor,all_ru_ahk_to_ru_aho_inner,All Ru-AHK (inner + outer) -> Ru-AHO inner,inner+outer,inner,All Ru-AHK,Delta learning,2,30,ru_aho_inner__00030,ru_aho_inner_00030,2.3515711,2.421780371819994
SPOC_official_like,ExtraTreesRegressor,all_ru_ahk_to_ru_aho_inner,All Ru-AHK (inner + outer) -> Ru-AHO inner,inner+outer,inner,All Ru-AHK,Delta learning,2,33,ru_aho_inner__00033,ru_aho_inner_00033,2.30450133,3.435417381120789
SPOC_official_like,ExtraTreesRegressor,all_ru_ahk_to_ru_aho_inner,All Ru-AHK (inner + outer) -> Ru-AHO inner,inner+outer,inner,All Ru-AHK,Delta learning,2,35,ru_aho_inner__00035,ru_aho_inner_00035,2.30450133,3.1550573773681867
SPOC_official_like,ExtraTreesRegressor,all_ru_ahk_to_ru_aho_inner,All Ru-AHK (inner + outer) -> Ru-AHO inner,inner+outer,inner,All Ru-AHK,Delta learning,2,39,ru_aho_inner__00039,ru_aho_inner_00039,2.16934032,2.4845521633743672
SPOC_official_like,ExtraTreesRegressor,all_ru_ahk_to_ru_aho_inner,All Ru-AHK (inner + outer) -> Ru-AHO inner,inner+outer,inner,All Ru-AHK,Delta learning,2,45,ru_aho_inner__00045,ru_aho_inner_00045,2.01889808,2.1338063780733028
SPOC_official_like,ExtraTreesRegressor,all_ru_ahk_to_ru_aho_inner,All Ru-AHK (inner + outer) -> Ru-AHO inner,inner+outer,inner,All Ru-AHK,Delta learning,2,49,ru_aho_inner__00049,ru_aho_inner_00049,1.9607788,0.6799577035560116
SPOC_official_like,ExtraTreesRegressor,all_ru_ahk_to_ru_aho_inner,All Ru-AHK (inner + outer) -> Ru-AHO inner,inner+outer,inner,All Ru-AHK,Delta learning,2,65,ru_aho_inner__00065,ru_aho_inner_00065,1.53168147,1.5136919300000002
SPOC_official_like,ExtraTreesRegressor,all_ru_ahk_to_ru_aho_inner,All Ru-AHK (inner + outer) -> Ru-AHO inner,inner+outer,inner,All Ru-AHK,Delta learning,2,68,ru_aho_inner__00068,ru_aho_inner_00068,1.49260764,2.0431183012
SPOC_official_like,ExtraTreesRegressor,all_ru_ahk_to_ru_aho_inner,All Ru-AHK (inner + outer) -> Ru-AHO inner,inner+outer,inner,All Ru-AHK,Delta learning,2,69,ru_aho_inner__00069,ru_aho_inner_00069,1.48763592,2.19312081501505
SPOC_official_like,ExtraTreesRegressor,all_ru_ahk_to_ru_aho_inner,All Ru-AHK (inner + outer) -> Ru-AHO inner,inner+outer,inner,All Ru-AHK,Delta learning,2,70,ru_aho_inner__00070,ru_aho_inner_00070,1.47570337,1.9000255862883055
SPOC_official_like,ExtraTreesRegressor,all_ru_ahk_to_ru_aho_inner,All Ru-AHK (inner + outer) -> Ru-AHO inner,inner+outer,inner,All Ru-AHK,Delta learning,2,72,ru_aho_inner__00072,ru_aho_inner_00072,1.40708549,1.3931830612395328
SPOC_official_like,ExtraTreesRegressor,all_ru_ahk_to_ru_aho_inner,All Ru-AHK (inner + outer) -> Ru-AHO inner,inner+outer,inner,All Ru-AHK,Delta learning,2,80,ru_aho_inner__00080,ru_aho_inner_00080,1.31904107,1.33100282556447
SPOC_official_like,ExtraTreesRegressor,all_ru_ahk_to_ru_aho_inner,All Ru-AHK (inner + outer) -> Ru-AHO inner,inner+outer,inner,All Ru-AHK,Delta learning,2,88,ru_aho_inner__00088,ru_aho_inner_00088,0.39647984,0.7188129031062946
SPOC_official_like,ExtraTreesRegressor,all_ru_ahk_to_ru_aho_inner,All Ru-AHK (inner + outer) -> Ru-AHO inner,inner+outer,inner,All Ru-AHK,Delta learning,2,93,ru_aho_inner__00093,ru_aho_inner_00093,0.04819171,0.19433377000000007
SPOC_official_like,ExtraTreesRegressor,all_ru_ahk_to_ru_aho_inner,All Ru-AHK (inner + outer) -> Ru-AHO inner,inner+outer,inner,All Ru-AHK,Mixed transfer,3,3,ru_aho_inner__00003,ru_aho_inner_00003,3.67873076,2.3650971480351526
SPOC_official_like,ExtraTreesRegressor,all_ru_ahk_to_ru_aho_inner,All Ru-AHK (inner + outer) -> Ru-AHO inner,inner+outer,inner,All Ru-AHK,Mixed transfer,3,6,ru_aho_inner__00006,ru_aho_inner_00006,3.13437597,1.7054667169579807
SPOC_official_like,ExtraTreesRegressor,all_ru_ahk_to_ru_aho_inner,All Ru-AHK (inner + outer) -> Ru-AHO inner,inner+outer,inner,All Ru-AHK,Mixed transfer,3,7,ru_aho_inner__00007,ru_aho_inner_00007,3.13437597,3.087099341064477
SPOC_official_like,ExtraTreesRegressor,all_ru_ahk_to_ru_aho_inner,All Ru-AHK (inner + outer) -> Ru-AHO inner,inner+outer,inner,All Ru-AHK,Mixed transfer,3,8,ru_aho_inner__00008,ru_aho_inner_00008,3.13437597,1.6583699834224546
SPOC_official_like,ExtraTreesRegressor,all_ru_ahk_to_ru_aho_inner,All Ru-AHK (inner + outer) -> Ru-AHO inner,inner+outer,inner,All Ru-AHK,Mixed transfer,3,13,ru_aho_inner__00013,ru_aho_inner_00013,2.72095293,2.3562041705847845
SPOC_official_like,ExtraTreesRegressor,all_ru_ahk_to_ru_aho_inner,All Ru-AHK (inner + outer) -> Ru-AHO inner,inner+outer,inner,All Ru-AHK,Mixed transfer,3,17,ru_aho_inner__00017,ru_aho_inner_00017,2.72095293,2.7956051413133793
SPOC_official_like,ExtraTreesRegressor,all_ru_ahk_to_ru_aho_inner,All Ru-AHK (inner + outer) -> Ru-AHO inner,inner+outer,inner,All Ru-AHK,Mixed transfer,3,19,ru_aho_inner__00019,ru_aho_inner_00019,2.72095293,2.651761070318821
SPOC_official_like,ExtraTreesRegressor,all_ru_ahk_to_ru_aho_inner,All Ru-AHK (inner + outer) -> Ru-AHO inner,inner+outer,inner,All Ru-AHK,Mixed transfer,3,24,ru_aho_inner__00024,ru_aho_inner_00024,2.49823771,2.3433621526269364
SPOC_official_like,ExtraTreesRegressor,all_ru_ahk_to_ru_aho_inner,All Ru-AHK (inner + outer) -> Ru-AHO inner,inner+outer,inner,All Ru-AHK,Mixed transfer,3,25,ru_aho_inner__00025,ru_aho_inner_00025,2.49823771,2.5753854864733956
SPOC_official_like,ExtraTreesRegressor,all_ru_ahk_to_ru_aho_inner,All Ru-AHK (inner + outer) -> Ru-AHO inner,inner+outer,inner,All Ru-AHK,Mixed transfer,3,27,ru_aho_inner__00027,ru_aho_inner_00027,2.47786275,3.3338943505847016
SPOC_official_like,ExtraTreesRegressor,all_ru_ahk_to_ru_aho_inner,All Ru-AHK (inner + outer) -> Ru-AHO inner,inner+outer,inner,All Ru-AHK,Mixed transfer,3,34,ru_aho_inner__00034,ru_aho_inner_00034,2.30450133,2.6705146892962994
SPOC_official_like,ExtraTreesRegressor,all_ru_ahk_to_ru_aho_inner,All Ru-AHK (inner + outer) -> Ru-AHO inner,inner+outer,inner,All Ru-AHK,Mixed transfer,3,36,ru_aho_inner__00036,ru_aho_inner_00036,2.28957767,2.3094108681193646
SPOC_official_like,ExtraTreesRegressor,all_ru_ahk_to_ru_aho_inner,All Ru-AHK (inner + outer) -> Ru-AHO inner,inner+outer,inner,All Ru-AHK,Mixed transfer,3,38,ru_aho_inner__00038,ru_aho_inner_00038,2.20688949,2.1609247746918014
SPOC_official_like,ExtraTreesRegressor,all_ru_ahk_to_ru_aho_inner,All Ru-AHK (inner + outer) -> Ru-AHO inner,inner+outer,inner,All Ru-AHK,Mixed transfer,3,53,ru_aho_inner__00053,ru_aho_inner_00053,1.84440958,1.790525405100002
SPOC_official_like,ExtraTreesRegressor,all_ru_ahk_to_ru_aho_inner,All Ru-AHK (inner + outer) -> Ru-AHO inner,inner+outer,inner,All Ru-AHK,Mixed transfer,3,55,ru_aho_inner__00055,ru_aho_inner_00055,1.80901573,2.090188272938237
SPOC_official_like,ExtraTreesRegressor,all_ru_ahk_to_ru_aho_inner,All Ru-AHK (inner + outer) -> Ru-AHO inner,inner+outer,inner,All Ru-AHK,Mixed transfer,3,56,ru_aho_inner__00056,ru_aho_inner_00056,1.73731552,2.5583896621134063
SPOC_official_like,ExtraTreesRegressor,all_ru_ahk_to_ru_aho_inner,All Ru-AHK (inner + outer) -> Ru-AHO inner,inner+outer,inner,All Ru-AHK,Mixed transfer,3,76,ru_aho_inner__00076,ru_aho_inner_00076,1.36999511,0.21965227058114944
SPOC_official_like,ExtraTreesRegressor,all_ru_ahk_to_ru_aho_inner,All Ru-AHK (inner + outer) -> Ru-AHO inner,inner+outer,inner,All Ru-AHK,Mixed transfer,3,78,ru_aho_inner__00078,ru_aho_inner_00078,1.35390456,1.3699951100000012
SPOC_official_like,ExtraTreesRegressor,all_ru_ahk_to_ru_aho_inner,All Ru-AHK (inner + outer) -> Ru-AHO inner,inner+outer,inner,All Ru-AHK,Mixed transfer,3,79,ru_aho_inner__00079,ru_aho_inner_00079,1.33471728,1.3243221546098574
SPOC_official_like,ExtraTreesRegressor,all_ru_ahk_to_ru_aho_inner,All Ru-AHK (inner + outer) -> Ru-AHO inner,inner+outer,inner,All Ru-AHK,Mixed transfer,3,85,ru_aho_inner__00085,ru_aho_inner_00085,0.80254597,0.17448685137770092
SPOC_official_like,ExtraTreesRegressor,all_ru_ahk_to_ru_aho_inner,All Ru-AHK (inner + outer) -> Ru-AHO inner,inner+outer,inner,All Ru-AHK,Delta learning,3,3,ru_aho_inner__00003,ru_aho_inner_00003,3.67873076,2.924772550912733
SPOC_official_like,ExtraTreesRegressor,all_ru_ahk_to_ru_aho_inner,All Ru-AHK (inner + outer) -> Ru-AHO inner,inner+outer,inner,All Ru-AHK,Delta learning,3,6,ru_aho_inner__00006,ru_aho_inner_00006,3.13437597,3.200114017447495
SPOC_official_like,ExtraTreesRegressor,all_ru_ahk_to_ru_aho_inner,All Ru-AHK (inner + outer) -> Ru-AHO inner,inner+outer,inner,All Ru-AHK,Delta learning,3,7,ru_aho_inner__00007,ru_aho_inner_00007,3.13437597,3.0968045426740622
SPOC_official_like,ExtraTreesRegressor,all_ru_ahk_to_ru_aho_inner,All Ru-AHK (inner + outer) -> Ru-AHO inner,inner+outer,inner,All Ru-AHK,Delta learning,3,8,ru_aho_inner__00008,ru_aho_inner_00008,3.13437597,3.1720497611762095
SPOC_official_like,ExtraTreesRegressor,all_ru_ahk_to_ru_aho_inner,All Ru-AHK (inner + outer) -> Ru-AHO inner,inner+outer,inner,All Ru-AHK,Delta learning,3,13,ru_aho_inner__00013,ru_aho_inner_00013,2.72095293,2.4880128984358962
SPOC_official_like,ExtraTreesRegressor,all_ru_ahk_to_ru_aho_inner,All Ru-AHK (inner + outer) -> Ru-AHO inner,inner+outer,inner,All Ru-AHK,Delta learning,3,17,ru_aho_inner__00017,ru_aho_inner_00017,2.72095293,2.719839305307711
SPOC_official_like,ExtraTreesRegressor,all_ru_ahk_to_ru_aho_inner,All Ru-AHK (inner + outer) -> Ru-AHO inner,inner+outer,inner,All Ru-AHK,Delta learning,3,19,ru_aho_inner__00019,ru_aho_inner_00019,2.72095293,2.630161081864161
SPOC_official_like,ExtraTreesRegressor,all_ru_ahk_to_ru_aho_inner,All Ru-AHK (inner + outer) -> Ru-AHO inner,inner+outer,inner,All Ru-AHK,Delta learning,3,24,ru_aho_inner__00024,ru_aho_inner_00024,2.49823771,2.354977832574051
SPOC_official_like,ExtraTreesRegressor,all_ru_ahk_to_ru_aho_inner,All Ru-AHK (inner + outer) -> Ru-AHO inner,inner+outer,inner,All Ru-AHK,Delta learning,3,25,ru_aho_inner__00025,ru_aho_inner_00025,2.49823771,2.599916033622901
SPOC_official_like,ExtraTreesRegressor,all_ru_ahk_to_ru_aho_inner,All Ru-AHK (inner + outer) -> Ru-AHO inner,inner+outer,inner,All Ru-AHK,Delta learning,3,27,ru_aho_inner__00027,ru_aho_inner_00027,2.47786275,3.9233241359932673
SPOC_official_like,ExtraTreesRegressor,all_ru_ahk_to_ru_aho_inner,All Ru-AHK (inner + outer) -> Ru-AHO inner,inner+outer,inner,All Ru-AHK,Delta learning,3,34,ru_aho_inner__00034,ru_aho_inner_00034,2.30450133,2.586915161720235
SPOC_official_like,ExtraTreesRegressor,all_ru_ahk_to_ru_aho_inner,All Ru-AHK (inner + outer) -> Ru-AHO inner,inner+outer,inner,All Ru-AHK,Delta learning,3,36,ru_aho_inner__00036,ru_aho_inner_00036,2.28957767,2.2360019179114725
SPOC_official_like,ExtraTreesRegressor,all_ru_ahk_to_ru_aho_inner,All Ru-AHK (inner + outer) -> Ru-AHO inner,inner+outer,inner,All Ru-AHK,Delta learning,3,38,ru_aho_inner__00038,ru_aho_inner_00038,2.20688949,2.3218761530201597
SPOC_official_like,ExtraTreesRegressor,all_ru_ahk_to_ru_aho_inner,All Ru-AHK (inner + outer) -> Ru-AHO inner,inner+outer,inner,All Ru-AHK,Delta learning,3,53,ru_aho_inner__00053,ru_aho_inner_00053,1.84440958,1.739147062945627
SPOC_official_like,ExtraTreesRegressor,all_ru_ahk_to_ru_aho_inner,All Ru-AHK (inner + outer) -> Ru-AHO inner,inner+outer,inner,All Ru-AHK,Delta learning,3,55,ru_aho_inner__00055,ru_aho_inner_00055,1.80901573,2.0695821334613282
SPOC_official_like,ExtraTreesRegressor,all_ru_ahk_to_ru_aho_inner,All Ru-AHK (inner + outer) -> Ru-AHO inner,inner+outer,inner,All Ru-AHK,Delta learning,3,56,ru_aho_inner__00056,ru_aho_inner_00056,1.73731552,2.5513529992742603
SPOC_official_like,ExtraTreesRegressor,all_ru_ahk_to_ru_aho_inner,All Ru-AHK (inner + outer) -> Ru-AHO inner,inner+outer,inner,All Ru-AHK,Delta learning,3,76,ru_aho_inner__00076,ru_aho_inner_00076,1.36999511,0.10606887367333373
SPOC_official_like,ExtraTreesRegressor,all_ru_ahk_to_ru_aho_inner,All Ru-AHK (inner + outer) -> Ru-AHO inner,inner+outer,inner,All Ru-AHK,Delta learning,3,78,ru_aho_inner__00078,ru_aho_inner_00078,1.35390456,1.3699951100000003
SPOC_official_like,ExtraTreesRegressor,all_ru_ahk_to_ru_aho_inner,All Ru-AHK (inner + outer) -> Ru-AHO inner,inner+outer,inner,All Ru-AHK,Delta learning,3,79,ru_aho_inner__00079,ru_aho_inner_00079,1.33471728,1.3155689594214786
SPOC_official_like,ExtraTreesRegressor,all_ru_ahk_to_ru_aho_inner,All Ru-AHK (inner + outer) -> Ru-AHO inner,inner+outer,inner,All Ru-AHK,Delta learning,3,85,ru_aho_inner__00085,ru_aho_inner_00085,0.80254597,0.028087005958062683
SPOC_official_like,ExtraTreesRegressor,all_ru_ahk_to_ru_aho_inner,All Ru-AHK (inner + outer) -> Ru-AHO inner,inner+outer,inner,All Ru-AHK,Mixed transfer,4,32,ru_aho_inner__00032,ru_aho_inner_00032,2.30450133,2.4678060872452208
SPOC_official_like,ExtraTreesRegressor,all_ru_ahk_to_ru_aho_inner,All Ru-AHK (inner + outer) -> Ru-AHO inner,inner+outer,inner,All Ru-AHK,Mixed transfer,4,41,ru_aho_inner__00041,ru_aho_inner_00041,2.13444943,1.9615174842990553
SPOC_official_like,ExtraTreesRegressor,all_ru_ahk_to_ru_aho_inner,All Ru-AHK (inner + outer) -> Ru-AHO inner,inner+outer,inner,All Ru-AHK,Mixed transfer,4,43,ru_aho_inner__00043,ru_aho_inner_00043,2.11117069,1.8315404773000006
SPOC_official_like,ExtraTreesRegressor,all_ru_ahk_to_ru_aho_inner,All Ru-AHK (inner + outer) -> Ru-AHO inner,inner+outer,inner,All Ru-AHK,Mixed transfer,4,46,ru_aho_inner__00046,ru_aho_inner_00046,2.00941149,2.0215940265999963
SPOC_official_like,ExtraTreesRegressor,all_ru_ahk_to_ru_aho_inner,All Ru-AHK (inner + outer) -> Ru-AHO inner,inner+outer,inner,All Ru-AHK,Mixed transfer,4,48,ru_aho_inner__00048,ru_aho_inner_00048,1.96551622,1.9919244423473008
SPOC_official_like,ExtraTreesRegressor,all_ru_ahk_to_ru_aho_inner,All Ru-AHK (inner + outer) -> Ru-AHO inner,inner+outer,inner,All Ru-AHK,Mixed transfer,4,50,ru_aho_inner__00050,ru_aho_inner_00050,1.95650617,1.4915141545
SPOC_official_like,ExtraTreesRegressor,all_ru_ahk_to_ru_aho_inner,All Ru-AHK (inner + outer) -> Ru-AHO inner,inner+outer,inner,All Ru-AHK,Mixed transfer,4,54,ru_aho_inner__00054,ru_aho_inner_00054,1.80901573,2.1858708333927273
SPOC_official_like,ExtraTreesRegressor,all_ru_ahk_to_ru_aho_inner,All Ru-AHK (inner + outer) -> Ru-AHO inner,inner+outer,inner,All Ru-AHK,Mixed transfer,4,57,ru_aho_inner__00057,ru_aho_inner_00057,1.68395754,2.260272222730569
SPOC_official_like,ExtraTreesRegressor,all_ru_ahk_to_ru_aho_inner,All Ru-AHK (inner + outer) -> Ru-AHO inner,inner+outer,inner,All Ru-AHK,Mixed transfer,4,58,ru_aho_inner__00058,ru_aho_inner_00058,1.66417952,1.494394180299893
SPOC_official_like,ExtraTreesRegressor,all_ru_ahk_to_ru_aho_inner,All Ru-AHK (inner + outer) -> Ru-AHO inner,inner+outer,inner,All Ru-AHK,Mixed transfer,4,59,ru_aho_inner__00059,ru_aho_inner_00059,1.62929332,1.6791434263718508
SPOC_official_like,ExtraTreesRegressor,all_ru_ahk_to_ru_aho_inner,All Ru-AHK (inner + outer) -> Ru-AHO inner,inner+outer,inner,All Ru-AHK,Mixed transfer,4,61,ru_aho_inner__00061,ru_aho_inner_00061,1.57873877,1.5006241865885677
SPOC_official_like,ExtraTreesRegressor,all_ru_ahk_to_ru_aho_inner,All Ru-AHK (inner + outer) -> Ru-AHO inner,inner+outer,inner,All Ru-AHK,Mixed transfer,4,63,ru_aho_inner__00063,ru_aho_inner_00063,1.56019653,1.5071558810921197
SPOC_official_like,ExtraTreesRegressor,all_ru_ahk_to_ru_aho_inner,All Ru-AHK (inner + outer) -> Ru-AHO inner,inner+outer,inner,All Ru-AHK,Mixed transfer,4,66,ru_aho_inner__00066,ru_aho_inner_00066,1.51369193,1.5366026030316098
SPOC_official_like,ExtraTreesRegressor,all_ru_ahk_to_ru_aho_inner,All Ru-AHK (inner + outer) -> Ru-AHO inner,inner+outer,inner,All Ru-AHK,Mixed transfer,4,67,ru_aho_inner__00067,ru_aho_inner_00067,1.51369193,1.5316814699999979
SPOC_official_like,ExtraTreesRegressor,all_ru_ahk_to_ru_aho_inner,All Ru-AHK (inner + outer) -> Ru-AHO inner,inner+outer,inner,All Ru-AHK,Mixed transfer,4,77,ru_aho_inner__00077,ru_aho_inner_00077,1.36283425,1.3176924261999983
SPOC_official_like,ExtraTreesRegressor,all_ru_ahk_to_ru_aho_inner,All Ru-AHK (inner + outer) -> Ru-AHO inner,inner+outer,inner,All Ru-AHK,Mixed transfer,4,84,ru_aho_inner__00084,ru_aho_inner_00084,0.80438248,1.557697315994575
SPOC_official_like,ExtraTreesRegressor,all_ru_ahk_to_ru_aho_inner,All Ru-AHK (inner + outer) -> Ru-AHO inner,inner+outer,inner,All Ru-AHK,Mixed transfer,4,95,ru_aho_inner__00095,ru_aho_inner_00095,0.0120419,0.3700358213950462
SPOC_official_like,ExtraTreesRegressor,all_ru_ahk_to_ru_aho_inner,All Ru-AHK (inner + outer) -> Ru-AHO inner,inner+outer,inner,All Ru-AHK,Mixed transfer,4,96,ru_aho_inner__00096,ru_aho_inner_00096,0.0,0.9324485968364711
SPOC_official_like,ExtraTreesRegressor,all_ru_ahk_to_ru_aho_inner,All Ru-AHK (inner + outer) -> Ru-AHO inner,inner+outer,inner,All Ru-AHK,Mixed transfer,4,97,ru_aho_inner__00097,ru_aho_inner_00097,0.0,0.887963221127873
SPOC_official_like,ExtraTreesRegressor,all_ru_ahk_to_ru_aho_inner,All Ru-AHK (inner + outer) -> Ru-AHO inner,inner+outer,inner,All Ru-AHK,Delta learning,4,32,ru_aho_inner__00032,ru_aho_inner_00032,2.30450133,2.5178702274509286
SPOC_official_like,ExtraTreesRegressor,all_ru_ahk_to_ru_aho_inner,All Ru-AHK (inner + outer) -> Ru-AHO inner,inner+outer,inner,All Ru-AHK,Delta learning,4,41,ru_aho_inner__00041,ru_aho_inner_00041,2.13444943,2.1487106714182342
SPOC_official_like,ExtraTreesRegressor,all_ru_ahk_to_ru_aho_inner,All Ru-AHK (inner + outer) -> Ru-AHO inner,inner+outer,inner,All Ru-AHK,Delta learning,4,43,ru_aho_inner__00043,ru_aho_inner_00043,2.11117069,1.8126324143999997
SPOC_official_like,ExtraTreesRegressor,all_ru_ahk_to_ru_aho_inner,All Ru-AHK (inner + outer) -> Ru-AHO inner,inner+outer,inner,All Ru-AHK,Delta learning,4,46,ru_aho_inner__00046,ru_aho_inner_00046,2.00941149,1.854926794786155
SPOC_official_like,ExtraTreesRegressor,all_ru_ahk_to_ru_aho_inner,All Ru-AHK (inner + outer) -> Ru-AHO inner,inner+outer,inner,All Ru-AHK,Delta learning,4,48,ru_aho_inner__00048,ru_aho_inner_00048,1.96551622,1.8846347214370471
SPOC_official_like,ExtraTreesRegressor,all_ru_ahk_to_ru_aho_inner,All Ru-AHK (inner + outer) -> Ru-AHO inner,inner+outer,inner,All Ru-AHK,Delta learning,4,50,ru_aho_inner__00050,ru_aho_inner_00050,1.95650617,1.4941927279671785
SPOC_official_like,ExtraTreesRegressor,all_ru_ahk_to_ru_aho_inner,All Ru-AHK (inner + outer) -> Ru-AHO inner,inner+outer,inner,All Ru-AHK,Delta learning,4,54,ru_aho_inner__00054,ru_aho_inner_00054,1.80901573,2.1544914694535686
SPOC_official_like,ExtraTreesRegressor,all_ru_ahk_to_ru_aho_inner,All Ru-AHK (inner + outer) -> Ru-AHO inner,inner+outer,inner,All Ru-AHK,Delta learning,4,57,ru_aho_inner__00057,ru_aho_inner_00057,1.68395754,1.9634433392328425
SPOC_official_like,ExtraTreesRegressor,all_ru_ahk_to_ru_aho_inner,All Ru-AHK (inner + outer) -> Ru-AHO inner,inner+outer,inner,All Ru-AHK,Delta learning,4,58,ru_aho_inner__00058,ru_aho_inner_00058,1.66417952,1.4686656177573696
SPOC_official_like,ExtraTreesRegressor,all_ru_ahk_to_ru_aho_inner,All Ru-AHK (inner + outer) -> Ru-AHO inner,inner+outer,inner,All Ru-AHK,Delta learning,4,59,ru_aho_inner__00059,ru_aho_inner_00059,1.62929332,1.6688413169153467
SPOC_official_like,ExtraTreesRegressor,all_ru_ahk_to_ru_aho_inner,All Ru-AHK (inner + outer) -> Ru-AHO inner,inner+outer,inner,All Ru-AHK,Delta learning,4,61,ru_aho_inner__00061,ru_aho_inner_00061,1.57873877,1.5796950962071963
SPOC_official_like,ExtraTreesRegressor,all_ru_ahk_to_ru_aho_inner,All Ru-AHK (inner + outer) -> Ru-AHO inner,inner+outer,inner,All Ru-AHK,Delta learning,4,63,ru_aho_inner__00063,ru_aho_inner_00063,1.56019653,1.5810233730116792
SPOC_official_like,ExtraTreesRegressor,all_ru_ahk_to_ru_aho_inner,All Ru-AHK (inner + outer) -> Ru-AHO inner,inner+outer,inner,All Ru-AHK,Delta learning,4,66,ru_aho_inner__00066,ru_aho_inner_00066,1.51369193,1.531798493782787
SPOC_official_like,ExtraTreesRegressor,all_ru_ahk_to_ru_aho_inner,All Ru-AHK (inner + outer) -> Ru-AHO inner,inner+outer,inner,All Ru-AHK,Delta learning,4,67,ru_aho_inner__00067,ru_aho_inner_00067,1.51369193,1.531681469999999
SPOC_official_like,ExtraTreesRegressor,all_ru_ahk_to_ru_aho_inner,All Ru-AHK (inner + outer) -> Ru-AHO inner,inner+outer,inner,All Ru-AHK,Delta learning,4,77,ru_aho_inner__00077,ru_aho_inner_00077,1.36283425,1.346256898276956
SPOC_official_like,ExtraTreesRegressor,all_ru_ahk_to_ru_aho_inner,All Ru-AHK (inner + outer) -> Ru-AHO inner,inner+outer,inner,All Ru-AHK,Delta learning,4,84,ru_aho_inner__00084,ru_aho_inner_00084,0.80438248,1.0553132881617544
SPOC_official_like,ExtraTreesRegressor,all_ru_ahk_to_ru_aho_inner,All Ru-AHK (inner + outer) -> Ru-AHO inner,inner+outer,inner,All Ru-AHK,Delta learning,4,95,ru_aho_inner__00095,ru_aho_inner_00095,0.0120419,0.28857632977777925
SPOC_official_like,ExtraTreesRegressor,all_ru_ahk_to_ru_aho_inner,All Ru-AHK (inner + outer) -> Ru-AHO inner,inner+outer,inner,All Ru-AHK,Delta learning,4,96,ru_aho_inner__00096,ru_aho_inner_00096,0.0,0.7987175298612528
SPOC_official_like,ExtraTreesRegressor,all_ru_ahk_to_ru_aho_inner,All Ru-AHK (inner + outer) -> Ru-AHO inner,inner+outer,inner,All Ru-AHK,Delta learning,4,97,ru_aho_inner__00097,ru_aho_inner_00097,0.0,0.6465740240886659
SPOC_official_like,ExtraTreesRegressor,all_ru_ahk_to_ru_aho_inner,All Ru-AHK (inner + outer) -> Ru-AHO inner,inner+outer,inner,All Ru-AHK,Mixed transfer,5,1,ru_aho_inner__00001,ru_aho_inner_00001,4.50050002,3.135081324372531
SPOC_official_like,ExtraTreesRegressor,all_ru_ahk_to_ru_aho_inner,All Ru-AHK (inner + outer) -> Ru-AHO inner,inner+outer,inner,All Ru-AHK,Mixed transfer,5,2,ru_aho_inner__00002,ru_aho_inner_00002,3.84937533,2.7936893679878456
SPOC_official_like,ExtraTreesRegressor,all_ru_ahk_to_ru_aho_inner,All Ru-AHK (inner + outer) -> Ru-AHO inner,inner+outer,inner,All Ru-AHK,Mixed transfer,5,14,ru_aho_inner__00014,ru_aho_inner_00014,2.72095293,2.6548319154863202
SPOC_official_like,ExtraTreesRegressor,all_ru_ahk_to_ru_aho_inner,All Ru-AHK (inner + outer) -> Ru-AHO inner,inner+outer,inner,All Ru-AHK,Mixed transfer,5,20,ru_aho_inner__00020,ru_aho_inner_00020,2.72095293,2.6033833204569135
SPOC_official_like,ExtraTreesRegressor,all_ru_ahk_to_ru_aho_inner,All Ru-AHK (inner + outer) -> Ru-AHO inner,inner+outer,inner,All Ru-AHK,Mixed transfer,5,21,ru_aho_inner__00021,ru_aho_inner_00021,2.6917632,2.652886966700004
SPOC_official_like,ExtraTreesRegressor,all_ru_ahk_to_ru_aho_inner,All Ru-AHK (inner + outer) -> Ru-AHO inner,inner+outer,inner,All Ru-AHK,Mixed transfer,5,23,ru_aho_inner__00023,ru_aho_inner_00023,2.61179564,2.017849820200002
SPOC_official_like,ExtraTreesRegressor,all_ru_ahk_to_ru_aho_inner,All Ru-AHK (inner + outer) -> Ru-AHO inner,inner+outer,inner,All Ru-AHK,Mixed transfer,5,29,ru_aho_inner__00029,ru_aho_inner_00029,2.47786275,2.361157124068942
SPOC_official_like,ExtraTreesRegressor,all_ru_ahk_to_ru_aho_inner,All Ru-AHK (inner + outer) -> Ru-AHO inner,inner+outer,inner,All Ru-AHK,Mixed transfer,5,37,ru_aho_inner__00037,ru_aho_inner_00037,2.26077037,2.264215685097371
SPOC_official_like,ExtraTreesRegressor,all_ru_ahk_to_ru_aho_inner,All Ru-AHK (inner + outer) -> Ru-AHO inner,inner+outer,inner,All Ru-AHK,Mixed transfer,5,51,ru_aho_inner__00051,ru_aho_inner_00051,1.94448624,1.86154696634665
SPOC_official_like,ExtraTreesRegressor,all_ru_ahk_to_ru_aho_inner,All Ru-AHK (inner + outer) -> Ru-AHO inner,inner+outer,inner,All Ru-AHK,Mixed transfer,5,52,ru_aho_inner__00052,ru_aho_inner_00052,1.88185187,1.8232813213393713
SPOC_official_like,ExtraTreesRegressor,all_ru_ahk_to_ru_aho_inner,All Ru-AHK (inner + outer) -> Ru-AHO inner,inner+outer,inner,All Ru-AHK,Mixed transfer,5,60,ru_aho_inner__00060,ru_aho_inner_00060,1.62929332,2.009411489999998
SPOC_official_like,ExtraTreesRegressor,all_ru_ahk_to_ru_aho_inner,All Ru-AHK (inner + outer) -> Ru-AHO inner,inner+outer,inner,All Ru-AHK,Mixed transfer,5,71,ru_aho_inner__00071,ru_aho_inner_00071,1.47016368,1.5957860908420147
SPOC_official_like,ExtraTreesRegressor,all_ru_ahk_to_ru_aho_inner,All Ru-AHK (inner + outer) -> Ru-AHO inner,inner+outer,inner,All Ru-AHK,Mixed transfer,5,74,ru_aho_inner__00074,ru_aho_inner_00074,1.38325909,1.362834250000002
SPOC_official_like,ExtraTreesRegressor,all_ru_ahk_to_ru_aho_inner,All Ru-AHK (inner + outer) -> Ru-AHO inner,inner+outer,inner,All Ru-AHK,Mixed transfer,5,82,ru_aho_inner__00082,ru_aho_inner_00082,0.99242206,1.0042165499999989
SPOC_official_like,ExtraTreesRegressor,all_ru_ahk_to_ru_aho_inner,All Ru-AHK (inner + outer) -> Ru-AHO inner,inner+outer,inner,All Ru-AHK,Mixed transfer,5,86,ru_aho_inner__00086,ru_aho_inner_00086,0.67501313,1.5811821993310082
SPOC_official_like,ExtraTreesRegressor,all_ru_ahk_to_ru_aho_inner,All Ru-AHK (inner + outer) -> Ru-AHO inner,inner+outer,inner,All Ru-AHK,Mixed transfer,5,87,ru_aho_inner__00087,ru_aho_inner_00087,0.56782018,1.7824274116838228
SPOC_official_like,ExtraTreesRegressor,all_ru_ahk_to_ru_aho_inner,All Ru-AHK (inner + outer) -> Ru-AHO inner,inner+outer,inner,All Ru-AHK,Mixed transfer,5,89,ru_aho_inner__00089,ru_aho_inner_00089,0.33293116,1.851489443193328
SPOC_official_like,ExtraTreesRegressor,all_ru_ahk_to_ru_aho_inner,All Ru-AHK (inner + outer) -> Ru-AHO inner,inner+outer,inner,All Ru-AHK,Mixed transfer,5,91,ru_aho_inner__00091,ru_aho_inner_00091,0.10866753,0.926567270828365
SPOC_official_like,ExtraTreesRegressor,all_ru_ahk_to_ru_aho_inner,All Ru-AHK (inner + outer) -> Ru-AHO inner,inner+outer,inner,All Ru-AHK,Mixed transfer,5,92,ru_aho_inner__00092,ru_aho_inner_00092,0.09139463,1.9309175765556301
SPOC_official_like,ExtraTreesRegressor,all_ru_ahk_to_ru_aho_inner,All Ru-AHK (inner + outer) -> Ru-AHO inner,inner+outer,inner,All Ru-AHK,Delta learning,5,1,ru_aho_inner__00001,ru_aho_inner_00001,4.50050002,3.224951421428083
SPOC_official_like,ExtraTreesRegressor,all_ru_ahk_to_ru_aho_inner,All Ru-AHK (inner + outer) -> Ru-AHO inner,inner+outer,inner,All Ru-AHK,Delta learning,5,2,ru_aho_inner__00002,ru_aho_inner_00002,3.84937533,3.007526818580893
SPOC_official_like,ExtraTreesRegressor,all_ru_ahk_to_ru_aho_inner,All Ru-AHK (inner + outer) -> Ru-AHO inner,inner+outer,inner,All Ru-AHK,Delta learning,5,14,ru_aho_inner__00014,ru_aho_inner_00014,2.72095293,2.7985541494197417
SPOC_official_like,ExtraTreesRegressor,all_ru_ahk_to_ru_aho_inner,All Ru-AHK (inner + outer) -> Ru-AHO inner,inner+outer,inner,All Ru-AHK,Delta learning,5,20,ru_aho_inner__00020,ru_aho_inner_00020,2.72095293,2.663155543235858
SPOC_official_like,ExtraTreesRegressor,all_ru_ahk_to_ru_aho_inner,All Ru-AHK (inner + outer) -> Ru-AHO inner,inner+outer,inner,All Ru-AHK,Delta learning,5,21,ru_aho_inner__00021,ru_aho_inner_00021,2.6917632,2.7117151609791326
SPOC_official_like,ExtraTreesRegressor,all_ru_ahk_to_ru_aho_inner,All Ru-AHK (inner + outer) -> Ru-AHO inner,inner+outer,inner,All Ru-AHK,Delta learning,5,23,ru_aho_inner__00023,ru_aho_inner_00023,2.61179564,2.142761094432685
SPOC_official_like,ExtraTreesRegressor,all_ru_ahk_to_ru_aho_inner,All Ru-AHK (inner + outer) -> Ru-AHO inner,inner+outer,inner,All Ru-AHK,Delta learning,5,29,ru_aho_inner__00029,ru_aho_inner_00029,2.47786275,2.4900035249618777
SPOC_official_like,ExtraTreesRegressor,all_ru_ahk_to_ru_aho_inner,All Ru-AHK (inner + outer) -> Ru-AHO inner,inner+outer,inner,All Ru-AHK,Delta learning,5,37,ru_aho_inner__00037,ru_aho_inner_00037,2.26077037,2.156096786293952
SPOC_official_like,ExtraTreesRegressor,all_ru_ahk_to_ru_aho_inner,All Ru-AHK (inner + outer) -> Ru-AHO inner,inner+outer,inner,All Ru-AHK,Delta learning,5,51,ru_aho_inner__00051,ru_aho_inner_00051,1.94448624,1.6498278956191406
SPOC_official_like,ExtraTreesRegressor,all_ru_ahk_to_ru_aho_inner,All Ru-AHK (inner + outer) -> Ru-AHO inner,inner+outer,inner,All Ru-AHK,Delta learning,5,52,ru_aho_inner__00052,ru_aho_inner_00052,1.88185187,1.9397035916275505
SPOC_official_like,ExtraTreesRegressor,all_ru_ahk_to_ru_aho_inner,All Ru-AHK (inner + outer) -> Ru-AHO inner,inner+outer,inner,All Ru-AHK,Delta learning,5,60,ru_aho_inner__00060,ru_aho_inner_00060,1.62929332,2.0094114899999997
SPOC_official_like,ExtraTreesRegressor,all_ru_ahk_to_ru_aho_inner,All Ru-AHK (inner + outer) -> Ru-AHO inner,inner+outer,inner,All Ru-AHK,Delta learning,5,71,ru_aho_inner__00071,ru_aho_inner_00071,1.47016368,1.6345585763795398
SPOC_official_like,ExtraTreesRegressor,all_ru_ahk_to_ru_aho_inner,All Ru-AHK (inner + outer) -> Ru-AHO inner,inner+outer,inner,All Ru-AHK,Delta learning,5,74,ru_aho_inner__00074,ru_aho_inner_00074,1.38325909,1.3628342500000001
SPOC_official_like,ExtraTreesRegressor,all_ru_ahk_to_ru_aho_inner,All Ru-AHK (inner + outer) -> Ru-AHO inner,inner+outer,inner,All Ru-AHK,Delta learning,5,82,ru_aho_inner__00082,ru_aho_inner_00082,0.99242206,1.0047990262291993
SPOC_official_like,ExtraTreesRegressor,all_ru_ahk_to_ru_aho_inner,All Ru-AHK (inner + outer) -> Ru-AHO inner,inner+outer,inner,All Ru-AHK,Delta learning,5,86,ru_aho_inner__00086,ru_aho_inner_00086,0.67501313,2.2568575499978443
SPOC_official_like,ExtraTreesRegressor,all_ru_ahk_to_ru_aho_inner,All Ru-AHK (inner + outer) -> Ru-AHO inner,inner+outer,inner,All Ru-AHK,Delta learning,5,87,ru_aho_inner__00087,ru_aho_inner_00087,0.56782018,1.9200443418477198
SPOC_official_like,ExtraTreesRegressor,all_ru_ahk_to_ru_aho_inner,All Ru-AHK (inner + outer) -> Ru-AHO inner,inner+outer,inner,All Ru-AHK,Delta learning,5,89,ru_aho_inner__00089,ru_aho_inner_00089,0.33293116,3.320683026546547
SPOC_official_like,ExtraTreesRegressor,all_ru_ahk_to_ru_aho_inner,All Ru-AHK (inner + outer) -> Ru-AHO inner,inner+outer,inner,All Ru-AHK,Delta learning,5,91,ru_aho_inner__00091,ru_aho_inner_00091,0.10866753,0.13702490519386257
SPOC_official_like,ExtraTreesRegressor,all_ru_ahk_to_ru_aho_inner,All Ru-AHK (inner + outer) -> Ru-AHO inner,inner+outer,inner,All Ru-AHK,Delta learning,5,92,ru_aho_inner__00092,ru_aho_inner_00092,0.09139463,3.206038813580106
SPOC_official_like,GradientBoostingRegressor,all_ru_ahk_to_ru_aho_inner,All Ru-AHK (inner + outer) -> Ru-AHO inner,inner+outer,inner,All Ru-AHK,Mixed transfer,1,0,ru_aho_inner__00000,ru_aho_inner_00000,4.50050002,2.3995584605187927
SPOC_official_like,GradientBoostingRegressor,all_ru_ahk_to_ru_aho_inner,All Ru-AHK (inner + outer) -> Ru-AHO inner,inner+outer,inner,All Ru-AHK,Mixed transfer,1,4,ru_aho_inner__00004,ru_aho_inner_00004,3.13437597,2.7519496763472735
SPOC_official_like,GradientBoostingRegressor,all_ru_ahk_to_ru_aho_inner,All Ru-AHK (inner + outer) -> Ru-AHO inner,inner+outer,inner,All Ru-AHK,Mixed transfer,1,10,ru_aho_inner__00010,ru_aho_inner_00010,2.89279432,2.4427952274220726
SPOC_official_like,GradientBoostingRegressor,all_ru_ahk_to_ru_aho_inner,All Ru-AHK (inner + outer) -> Ru-AHO inner,inner+outer,inner,All Ru-AHK,Mixed transfer,1,12,ru_aho_inner__00012,ru_aho_inner_00012,2.72095293,2.4427952274220726
SPOC_official_like,GradientBoostingRegressor,all_ru_ahk_to_ru_aho_inner,All Ru-AHK (inner + outer) -> Ru-AHO inner,inner+outer,inner,All Ru-AHK,Mixed transfer,1,18,ru_aho_inner__00018,ru_aho_inner_00018,2.72095293,2.5328699071695024
SPOC_official_like,GradientBoostingRegressor,all_ru_ahk_to_ru_aho_inner,All Ru-AHK (inner + outer) -> Ru-AHO inner,inner+outer,inner,All Ru-AHK,Mixed transfer,1,22,ru_aho_inner__00022,ru_aho_inner_00022,2.63729647,2.491497133462949
SPOC_official_like,GradientBoostingRegressor,all_ru_ahk_to_ru_aho_inner,All Ru-AHK (inner + outer) -> Ru-AHO inner,inner+outer,inner,All Ru-AHK,Mixed transfer,1,26,ru_aho_inner__00026,ru_aho_inner_00026,2.49268506,1.5255283282801082
SPOC_official_like,GradientBoostingRegressor,all_ru_ahk_to_ru_aho_inner,All Ru-AHK (inner + outer) -> Ru-AHO inner,inner+outer,inner,All Ru-AHK,Mixed transfer,1,31,ru_aho_inner__00031,ru_aho_inner_00031,2.30450133,1.9132673797398811
SPOC_official_like,GradientBoostingRegressor,all_ru_ahk_to_ru_aho_inner,All Ru-AHK (inner + outer) -> Ru-AHO inner,inner+outer,inner,All Ru-AHK,Mixed transfer,1,40,ru_aho_inner__00040,ru_aho_inner_00040,2.13954868,2.031317116248326
SPOC_official_like,GradientBoostingRegressor,all_ru_ahk_to_ru_aho_inner,All Ru-AHK (inner + outer) -> Ru-AHO inner,inner+outer,inner,All Ru-AHK,Mixed transfer,1,42,ru_aho_inner__00042,ru_aho_inner_00042,2.12255274,2.385144676370667
SPOC_official_like,GradientBoostingRegressor,all_ru_ahk_to_ru_aho_inner,All Ru-AHK (inner + outer) -> Ru-AHO inner,inner+outer,inner,All Ru-AHK,Mixed transfer,1,44,ru_aho_inner__00044,ru_aho_inner_00044,2.02174776,2.02540465794652
SPOC_official_like,GradientBoostingRegressor,all_ru_ahk_to_ru_aho_inner,All Ru-AHK (inner + outer) -> Ru-AHO inner,inner+outer,inner,All Ru-AHK,Mixed transfer,1,47,ru_aho_inner__00047,ru_aho_inner_00047,1.97754867,1.5240964349936714
SPOC_official_like,GradientBoostingRegressor,all_ru_ahk_to_ru_aho_inner,All Ru-AHK (inner + outer) -> Ru-AHO inner,inner+outer,inner,All Ru-AHK,Mixed transfer,1,62,ru_aho_inner__00062,ru_aho_inner_00062,1.56906465,2.02540465794652
SPOC_official_like,GradientBoostingRegressor,all_ru_ahk_to_ru_aho_inner,All Ru-AHK (inner + outer) -> Ru-AHO inner,inner+outer,inner,All Ru-AHK,Mixed transfer,1,64,ru_aho_inner__00064,ru_aho_inner_00064,1.53168147,1.2536674269142758
SPOC_official_like,GradientBoostingRegressor,all_ru_ahk_to_ru_aho_inner,All Ru-AHK (inner + outer) -> Ru-AHO inner,inner+outer,inner,All Ru-AHK,Mixed transfer,1,73,ru_aho_inner__00073,ru_aho_inner_00073,1.39055932,1.4138285693837498
SPOC_official_like,GradientBoostingRegressor,all_ru_ahk_to_ru_aho_inner,All Ru-AHK (inner + outer) -> Ru-AHO inner,inner+outer,inner,All Ru-AHK,Mixed transfer,1,75,ru_aho_inner__00075,ru_aho_inner_00075,1.36999511,1.2675048970039064
SPOC_official_like,GradientBoostingRegressor,all_ru_ahk_to_ru_aho_inner,All Ru-AHK (inner + outer) -> Ru-AHO inner,inner+outer,inner,All Ru-AHK,Mixed transfer,1,81,ru_aho_inner__00081,ru_aho_inner_00081,1.00421655,1.3859760846898137
SPOC_official_like,GradientBoostingRegressor,all_ru_ahk_to_ru_aho_inner,All Ru-AHK (inner + outer) -> Ru-AHO inner,inner+outer,inner,All Ru-AHK,Mixed transfer,1,83,ru_aho_inner__00083,ru_aho_inner_00083,0.83956097,1.2678986545819078
SPOC_official_like,GradientBoostingRegressor,all_ru_ahk_to_ru_aho_inner,All Ru-AHK (inner + outer) -> Ru-AHO inner,inner+outer,inner,All Ru-AHK,Mixed transfer,1,90,ru_aho_inner__00090,ru_aho_inner_00090,0.19433377,0.607499984732144
SPOC_official_like,GradientBoostingRegressor,all_ru_ahk_to_ru_aho_inner,All Ru-AHK (inner + outer) -> Ru-AHO inner,inner+outer,inner,All Ru-AHK,Mixed transfer,1,94,ru_aho_inner__00094,ru_aho_inner_00094,0.04739647,1.3462568805095292
SPOC_official_like,GradientBoostingRegressor,all_ru_ahk_to_ru_aho_inner,All Ru-AHK (inner + outer) -> Ru-AHO inner,inner+outer,inner,All Ru-AHK,Delta learning,1,0,ru_aho_inner__00000,ru_aho_inner_00000,4.50050002,3.080322525367756
SPOC_official_like,GradientBoostingRegressor,all_ru_ahk_to_ru_aho_inner,All Ru-AHK (inner + outer) -> Ru-AHO inner,inner+outer,inner,All Ru-AHK,Delta learning,1,4,ru_aho_inner__00004,ru_aho_inner_00004,3.13437597,2.755360626924163
SPOC_official_like,GradientBoostingRegressor,all_ru_ahk_to_ru_aho_inner,All Ru-AHK (inner + outer) -> Ru-AHO inner,inner+outer,inner,All Ru-AHK,Delta learning,1,10,ru_aho_inner__00010,ru_aho_inner_00010,2.89279432,2.578362065392353
SPOC_official_like,GradientBoostingRegressor,all_ru_ahk_to_ru_aho_inner,All Ru-AHK (inner + outer) -> Ru-AHO inner,inner+outer,inner,All Ru-AHK,Delta learning,1,12,ru_aho_inner__00012,ru_aho_inner_00012,2.72095293,2.543848868071612
SPOC_official_like,GradientBoostingRegressor,all_ru_ahk_to_ru_aho_inner,All Ru-AHK (inner + outer) -> Ru-AHO inner,inner+outer,inner,All Ru-AHK,Delta learning,1,18,ru_aho_inner__00018,ru_aho_inner_00018,2.72095293,2.7836973806247522
SPOC_official_like,GradientBoostingRegressor,all_ru_ahk_to_ru_aho_inner,All Ru-AHK (inner + outer) -> Ru-AHO inner,inner+outer,inner,All Ru-AHK,Delta learning,1,22,ru_aho_inner__00022,ru_aho_inner_00022,2.63729647,2.350356312305706
SPOC_official_like,GradientBoostingRegressor,all_ru_ahk_to_ru_aho_inner,All Ru-AHK (inner + outer) -> Ru-AHO inner,inner+outer,inner,All Ru-AHK,Delta learning,1,26,ru_aho_inner__00026,ru_aho_inner_00026,2.49268506,1.8674630041434603
SPOC_official_like,GradientBoostingRegressor,all_ru_ahk_to_ru_aho_inner,All Ru-AHK (inner + outer) -> Ru-AHO inner,inner+outer,inner,All Ru-AHK,Delta learning,1,31,ru_aho_inner__00031,ru_aho_inner_00031,2.30450133,1.88670980164158
SPOC_official_like,GradientBoostingRegressor,all_ru_ahk_to_ru_aho_inner,All Ru-AHK (inner + outer) -> Ru-AHO inner,inner+outer,inner,All Ru-AHK,Delta learning,1,40,ru_aho_inner__00040,ru_aho_inner_00040,2.13954868,2.032200431036493
SPOC_official_like,GradientBoostingRegressor,all_ru_ahk_to_ru_aho_inner,All Ru-AHK (inner + outer) -> Ru-AHO inner,inner+outer,inner,All Ru-AHK,Delta learning,1,42,ru_aho_inner__00042,ru_aho_inner_00042,2.12255274,2.4230454507582646
SPOC_official_like,GradientBoostingRegressor,all_ru_ahk_to_ru_aho_inner,All Ru-AHK (inner + outer) -> Ru-AHO inner,inner+outer,inner,All Ru-AHK,Delta learning,1,44,ru_aho_inner__00044,ru_aho_inner_00044,2.02174776,1.8427712263715057
SPOC_official_like,GradientBoostingRegressor,all_ru_ahk_to_ru_aho_inner,All Ru-AHK (inner + outer) -> Ru-AHO inner,inner+outer,inner,All Ru-AHK,Delta learning,1,47,ru_aho_inner__00047,ru_aho_inner_00047,1.97754867,1.462380567612755
SPOC_official_like,GradientBoostingRegressor,all_ru_ahk_to_ru_aho_inner,All Ru-AHK (inner + outer) -> Ru-AHO inner,inner+outer,inner,All Ru-AHK,Delta learning,1,62,ru_aho_inner__00062,ru_aho_inner_00062,1.56906465,1.8427712263715057
SPOC_official_like,GradientBoostingRegressor,all_ru_ahk_to_ru_aho_inner,All Ru-AHK (inner + outer) -> Ru-AHO inner,inner+outer,inner,All Ru-AHK,Delta learning,1,64,ru_aho_inner__00064,ru_aho_inner_00064,1.53168147,1.5118894398971459
SPOC_official_like,GradientBoostingRegressor,all_ru_ahk_to_ru_aho_inner,All Ru-AHK (inner + outer) -> Ru-AHO inner,inner+outer,inner,All Ru-AHK,Delta learning,1,73,ru_aho_inner__00073,ru_aho_inner_00073,1.39055932,1.4247920870794892
SPOC_official_like,GradientBoostingRegressor,all_ru_ahk_to_ru_aho_inner,All Ru-AHK (inner + outer) -> Ru-AHO inner,inner+outer,inner,All Ru-AHK,Delta learning,1,75,ru_aho_inner__00075,ru_aho_inner_00075,1.36999511,1.3616599198950086
SPOC_official_like,GradientBoostingRegressor,all_ru_ahk_to_ru_aho_inner,All Ru-AHK (inner + outer) -> Ru-AHO inner,inner+outer,inner,All Ru-AHK,Delta learning,1,81,ru_aho_inner__00081,ru_aho_inner_00081,1.00421655,1.0531292041545774
SPOC_official_like,GradientBoostingRegressor,all_ru_ahk_to_ru_aho_inner,All Ru-AHK (inner + outer) -> Ru-AHO inner,inner+outer,inner,All Ru-AHK,Delta learning,1,83,ru_aho_inner__00083,ru_aho_inner_00083,0.83956097,0.6155092564176008
SPOC_official_like,GradientBoostingRegressor,all_ru_ahk_to_ru_aho_inner,All Ru-AHK (inner + outer) -> Ru-AHO inner,inner+outer,inner,All Ru-AHK,Delta learning,1,90,ru_aho_inner__00090,ru_aho_inner_00090,0.19433377,0.027505542133020366
SPOC_official_like,GradientBoostingRegressor,all_ru_ahk_to_ru_aho_inner,All Ru-AHK (inner + outer) -> Ru-AHO inner,inner+outer,inner,All Ru-AHK,Delta learning,1,94,ru_aho_inner__00094,ru_aho_inner_00094,0.04739647,1.2564364961450871
SPOC_official_like,GradientBoostingRegressor,all_ru_ahk_to_ru_aho_inner,All Ru-AHK (inner + outer) -> Ru-AHO inner,inner+outer,inner,All Ru-AHK,Mixed transfer,2,5,ru_aho_inner__00005,ru_aho_inner_00005,3.13437597,2.078156339108217
SPOC_official_like,GradientBoostingRegressor,all_ru_ahk_to_ru_aho_inner,All Ru-AHK (inner + outer) -> Ru-AHO inner,inner+outer,inner,All Ru-AHK,Mixed transfer,2,9,ru_aho_inner__00009,ru_aho_inner_00009,3.13437597,3.053492904204602
SPOC_official_like,GradientBoostingRegressor,all_ru_ahk_to_ru_aho_inner,All Ru-AHK (inner + outer) -> Ru-AHO inner,inner+outer,inner,All Ru-AHK,Mixed transfer,2,11,ru_aho_inner__00011,ru_aho_inner_00011,2.81808334,2.571904582956024
SPOC_official_like,GradientBoostingRegressor,all_ru_ahk_to_ru_aho_inner,All Ru-AHK (inner + outer) -> Ru-AHO inner,inner+outer,inner,All Ru-AHK,Mixed transfer,2,15,ru_aho_inner__00015,ru_aho_inner_00015,2.72095293,1.4287853258261467
SPOC_official_like,GradientBoostingRegressor,all_ru_ahk_to_ru_aho_inner,All Ru-AHK (inner + outer) -> Ru-AHO inner,inner+outer,inner,All Ru-AHK,Mixed transfer,2,16,ru_aho_inner__00016,ru_aho_inner_00016,2.72095293,2.8447407571312664
SPOC_official_like,GradientBoostingRegressor,all_ru_ahk_to_ru_aho_inner,All Ru-AHK (inner + outer) -> Ru-AHO inner,inner+outer,inner,All Ru-AHK,Mixed transfer,2,28,ru_aho_inner__00028,ru_aho_inner_00028,2.47786275,2.5874169475628666
SPOC_official_like,GradientBoostingRegressor,all_ru_ahk_to_ru_aho_inner,All Ru-AHK (inner + outer) -> Ru-AHO inner,inner+outer,inner,All Ru-AHK,Mixed transfer,2,30,ru_aho_inner__00030,ru_aho_inner_00030,2.3515711,2.6170515621706816
SPOC_official_like,GradientBoostingRegressor,all_ru_ahk_to_ru_aho_inner,All Ru-AHK (inner + outer) -> Ru-AHO inner,inner+outer,inner,All Ru-AHK,Mixed transfer,2,33,ru_aho_inner__00033,ru_aho_inner_00033,2.30450133,2.531816357220329
SPOC_official_like,GradientBoostingRegressor,all_ru_ahk_to_ru_aho_inner,All Ru-AHK (inner + outer) -> Ru-AHO inner,inner+outer,inner,All Ru-AHK,Mixed transfer,2,35,ru_aho_inner__00035,ru_aho_inner_00035,2.30450133,2.520065731646786
SPOC_official_like,GradientBoostingRegressor,all_ru_ahk_to_ru_aho_inner,All Ru-AHK (inner + outer) -> Ru-AHO inner,inner+outer,inner,All Ru-AHK,Mixed transfer,2,39,ru_aho_inner__00039,ru_aho_inner_00039,2.16934032,1.91946067448992
SPOC_official_like,GradientBoostingRegressor,all_ru_ahk_to_ru_aho_inner,All Ru-AHK (inner + outer) -> Ru-AHO inner,inner+outer,inner,All Ru-AHK,Mixed transfer,2,45,ru_aho_inner__00045,ru_aho_inner_00045,2.01889808,2.038233090163502
SPOC_official_like,GradientBoostingRegressor,all_ru_ahk_to_ru_aho_inner,All Ru-AHK (inner + outer) -> Ru-AHO inner,inner+outer,inner,All Ru-AHK,Mixed transfer,2,49,ru_aho_inner__00049,ru_aho_inner_00049,1.9607788,1.2210250326470107
SPOC_official_like,GradientBoostingRegressor,all_ru_ahk_to_ru_aho_inner,All Ru-AHK (inner + outer) -> Ru-AHO inner,inner+outer,inner,All Ru-AHK,Mixed transfer,2,65,ru_aho_inner__00065,ru_aho_inner_00065,1.53168147,1.4323784273096358
SPOC_official_like,GradientBoostingRegressor,all_ru_ahk_to_ru_aho_inner,All Ru-AHK (inner + outer) -> Ru-AHO inner,inner+outer,inner,All Ru-AHK,Mixed transfer,2,68,ru_aho_inner__00068,ru_aho_inner_00068,1.49260764,1.6563291325282108
SPOC_official_like,GradientBoostingRegressor,all_ru_ahk_to_ru_aho_inner,All Ru-AHK (inner + outer) -> Ru-AHO inner,inner+outer,inner,All Ru-AHK,Mixed transfer,2,69,ru_aho_inner__00069,ru_aho_inner_00069,1.48763592,1.72621219443517
SPOC_official_like,GradientBoostingRegressor,all_ru_ahk_to_ru_aho_inner,All Ru-AHK (inner + outer) -> Ru-AHO inner,inner+outer,inner,All Ru-AHK,Mixed transfer,2,70,ru_aho_inner__00070,ru_aho_inner_00070,1.47570337,1.7784352579660996
SPOC_official_like,GradientBoostingRegressor,all_ru_ahk_to_ru_aho_inner,All Ru-AHK (inner + outer) -> Ru-AHO inner,inner+outer,inner,All Ru-AHK,Mixed transfer,2,72,ru_aho_inner__00072,ru_aho_inner_00072,1.40708549,1.4073413051163952
SPOC_official_like,GradientBoostingRegressor,all_ru_ahk_to_ru_aho_inner,All Ru-AHK (inner + outer) -> Ru-AHO inner,inner+outer,inner,All Ru-AHK,Mixed transfer,2,80,ru_aho_inner__00080,ru_aho_inner_00080,1.31904107,1.2491877292209563
SPOC_official_like,GradientBoostingRegressor,all_ru_ahk_to_ru_aho_inner,All Ru-AHK (inner + outer) -> Ru-AHO inner,inner+outer,inner,All Ru-AHK,Mixed transfer,2,88,ru_aho_inner__00088,ru_aho_inner_00088,0.39647984,1.4708321150550008
SPOC_official_like,GradientBoostingRegressor,all_ru_ahk_to_ru_aho_inner,All Ru-AHK (inner + outer) -> Ru-AHO inner,inner+outer,inner,All Ru-AHK,Mixed transfer,2,93,ru_aho_inner__00093,ru_aho_inner_00093,0.04819171,0.742644858013475
SPOC_official_like,GradientBoostingRegressor,all_ru_ahk_to_ru_aho_inner,All Ru-AHK (inner + outer) -> Ru-AHO inner,inner+outer,inner,All Ru-AHK,Delta learning,2,5,ru_aho_inner__00005,ru_aho_inner_00005,3.13437597,2.975474993245082
SPOC_official_like,GradientBoostingRegressor,all_ru_ahk_to_ru_aho_inner,All Ru-AHK (inner + outer) -> Ru-AHO inner,inner+outer,inner,All Ru-AHK,Delta learning,2,9,ru_aho_inner__00009,ru_aho_inner_00009,3.13437597,3.785219318853963
SPOC_official_like,GradientBoostingRegressor,all_ru_ahk_to_ru_aho_inner,All Ru-AHK (inner + outer) -> Ru-AHO inner,inner+outer,inner,All Ru-AHK,Delta learning,2,11,ru_aho_inner__00011,ru_aho_inner_00011,2.81808334,2.515198251566412
SPOC_official_like,GradientBoostingRegressor,all_ru_ahk_to_ru_aho_inner,All Ru-AHK (inner + outer) -> Ru-AHO inner,inner+outer,inner,All Ru-AHK,Delta learning,2,15,ru_aho_inner__00015,ru_aho_inner_00015,2.72095293,1.4554801147886853
SPOC_official_like,GradientBoostingRegressor,all_ru_ahk_to_ru_aho_inner,All Ru-AHK (inner + outer) -> Ru-AHO inner,inner+outer,inner,All Ru-AHK,Delta learning,2,16,ru_aho_inner__00016,ru_aho_inner_00016,2.72095293,3.1915654939683122
SPOC_official_like,GradientBoostingRegressor,all_ru_ahk_to_ru_aho_inner,All Ru-AHK (inner + outer) -> Ru-AHO inner,inner+outer,inner,All Ru-AHK,Delta learning,2,28,ru_aho_inner__00028,ru_aho_inner_00028,2.47786275,2.6538770268145595
SPOC_official_like,GradientBoostingRegressor,all_ru_ahk_to_ru_aho_inner,All Ru-AHK (inner + outer) -> Ru-AHO inner,inner+outer,inner,All Ru-AHK,Delta learning,2,30,ru_aho_inner__00030,ru_aho_inner_00030,2.3515711,2.5282371187826738
SPOC_official_like,GradientBoostingRegressor,all_ru_ahk_to_ru_aho_inner,All Ru-AHK (inner + outer) -> Ru-AHO inner,inner+outer,inner,All Ru-AHK,Delta learning,2,33,ru_aho_inner__00033,ru_aho_inner_00033,2.30450133,2.801822467992519
SPOC_official_like,GradientBoostingRegressor,all_ru_ahk_to_ru_aho_inner,All Ru-AHK (inner + outer) -> Ru-AHO inner,inner+outer,inner,All Ru-AHK,Delta learning,2,35,ru_aho_inner__00035,ru_aho_inner_00035,2.30450133,2.7298349326139313
SPOC_official_like,GradientBoostingRegressor,all_ru_ahk_to_ru_aho_inner,All Ru-AHK (inner + outer) -> Ru-AHO inner,inner+outer,inner,All Ru-AHK,Delta learning,2,39,ru_aho_inner__00039,ru_aho_inner_00039,2.16934032,1.828001231205763
SPOC_official_like,GradientBoostingRegressor,all_ru_ahk_to_ru_aho_inner,All Ru-AHK (inner + outer) -> Ru-AHO inner,inner+outer,inner,All Ru-AHK,Delta learning,2,45,ru_aho_inner__00045,ru_aho_inner_00045,2.01889808,2.1234206297136105
SPOC_official_like,GradientBoostingRegressor,all_ru_ahk_to_ru_aho_inner,All Ru-AHK (inner + outer) -> Ru-AHO inner,inner+outer,inner,All Ru-AHK,Delta learning,2,49,ru_aho_inner__00049,ru_aho_inner_00049,1.9607788,-1.277306743485235
SPOC_official_like,GradientBoostingRegressor,all_ru_ahk_to_ru_aho_inner,All Ru-AHK (inner + outer) -> Ru-AHO inner,inner+outer,inner,All Ru-AHK,Delta learning,2,65,ru_aho_inner__00065,ru_aho_inner_00065,1.53168147,1.4808456039039004
SPOC_official_like,GradientBoostingRegressor,all_ru_ahk_to_ru_aho_inner,All Ru-AHK (inner + outer) -> Ru-AHO inner,inner+outer,inner,All Ru-AHK,Delta learning,2,68,ru_aho_inner__00068,ru_aho_inner_00068,1.49260764,1.9324184531998942
SPOC_official_like,GradientBoostingRegressor,all_ru_ahk_to_ru_aho_inner,All Ru-AHK (inner + outer) -> Ru-AHO inner,inner+outer,inner,All Ru-AHK,Delta learning,2,69,ru_aho_inner__00069,ru_aho_inner_00069,1.48763592,1.9650114416504023
SPOC_official_like,GradientBoostingRegressor,all_ru_ahk_to_ru_aho_inner,All Ru-AHK (inner + outer) -> Ru-AHO inner,inner+outer,inner,All Ru-AHK,Delta learning,2,70,ru_aho_inner__00070,ru_aho_inner_00070,1.47570337,1.8190051511983838
SPOC_official_like,GradientBoostingRegressor,all_ru_ahk_to_ru_aho_inner,All Ru-AHK (inner + outer) -> Ru-AHO inner,inner+outer,inner,All Ru-AHK,Delta learning,2,72,ru_aho_inner__00072,ru_aho_inner_00072,1.40708549,1.377444803868677
SPOC_official_like,GradientBoostingRegressor,all_ru_ahk_to_ru_aho_inner,All Ru-AHK (inner + outer) -> Ru-AHO inner,inner+outer,inner,All Ru-AHK,Delta learning,2,80,ru_aho_inner__00080,ru_aho_inner_00080,1.31904107,1.320472743033997
SPOC_official_like,GradientBoostingRegressor,all_ru_ahk_to_ru_aho_inner,All Ru-AHK (inner + outer) -> Ru-AHO inner,inner+outer,inner,All Ru-AHK,Delta learning,2,88,ru_aho_inner__00088,ru_aho_inner_00088,0.39647984,0.9152311063837031
SPOC_official_like,GradientBoostingRegressor,all_ru_ahk_to_ru_aho_inner,All Ru-AHK (inner + outer) -> Ru-AHO inner,inner+outer,inner,All Ru-AHK,Delta learning,2,93,ru_aho_inner__00093,ru_aho_inner_00093,0.04819171,0.16259140593237187
SPOC_official_like,GradientBoostingRegressor,all_ru_ahk_to_ru_aho_inner,All Ru-AHK (inner + outer) -> Ru-AHO inner,inner+outer,inner,All Ru-AHK,Mixed transfer,3,3,ru_aho_inner__00003,ru_aho_inner_00003,3.67873076,2.393865846177263
SPOC_official_like,GradientBoostingRegressor,all_ru_ahk_to_ru_aho_inner,All Ru-AHK (inner + outer) -> Ru-AHO inner,inner+outer,inner,All Ru-AHK,Mixed transfer,3,6,ru_aho_inner__00006,ru_aho_inner_00006,3.13437597,1.8067349817355192
SPOC_official_like,GradientBoostingRegressor,all_ru_ahk_to_ru_aho_inner,All Ru-AHK (inner + outer) -> Ru-AHO inner,inner+outer,inner,All Ru-AHK,Mixed transfer,3,7,ru_aho_inner__00007,ru_aho_inner_00007,3.13437597,2.0255588703732963
SPOC_official_like,GradientBoostingRegressor,all_ru_ahk_to_ru_aho_inner,All Ru-AHK (inner + outer) -> Ru-AHO inner,inner+outer,inner,All Ru-AHK,Mixed transfer,3,8,ru_aho_inner__00008,ru_aho_inner_00008,3.13437597,1.8194025439936805
SPOC_official_like,GradientBoostingRegressor,all_ru_ahk_to_ru_aho_inner,All Ru-AHK (inner + outer) -> Ru-AHO inner,inner+outer,inner,All Ru-AHK,Mixed transfer,3,13,ru_aho_inner__00013,ru_aho_inner_00013,2.72095293,2.6418907771520375
SPOC_official_like,GradientBoostingRegressor,all_ru_ahk_to_ru_aho_inner,All Ru-AHK (inner + outer) -> Ru-AHO inner,inner+outer,inner,All Ru-AHK,Mixed transfer,3,17,ru_aho_inner__00017,ru_aho_inner_00017,2.72095293,2.564658594605254
SPOC_official_like,GradientBoostingRegressor,all_ru_ahk_to_ru_aho_inner,All Ru-AHK (inner + outer) -> Ru-AHO inner,inner+outer,inner,All Ru-AHK,Mixed transfer,3,19,ru_aho_inner__00019,ru_aho_inner_00019,2.72095293,2.564658594605254
SPOC_official_like,GradientBoostingRegressor,all_ru_ahk_to_ru_aho_inner,All Ru-AHK (inner + outer) -> Ru-AHO inner,inner+outer,inner,All Ru-AHK,Mixed transfer,3,24,ru_aho_inner__00024,ru_aho_inner_00024,2.49823771,2.539029059662157
SPOC_official_like,GradientBoostingRegressor,all_ru_ahk_to_ru_aho_inner,All Ru-AHK (inner + outer) -> Ru-AHO inner,inner+outer,inner,All Ru-AHK,Mixed transfer,3,25,ru_aho_inner__00025,ru_aho_inner_00025,2.49823771,2.567731886644507
SPOC_official_like,GradientBoostingRegressor,all_ru_ahk_to_ru_aho_inner,All Ru-AHK (inner + outer) -> Ru-AHO inner,inner+outer,inner,All Ru-AHK,Mixed transfer,3,27,ru_aho_inner__00027,ru_aho_inner_00027,2.47786275,2.8186655938490452
SPOC_official_like,GradientBoostingRegressor,all_ru_ahk_to_ru_aho_inner,All Ru-AHK (inner + outer) -> Ru-AHO inner,inner+outer,inner,All Ru-AHK,Mixed transfer,3,34,ru_aho_inner__00034,ru_aho_inner_00034,2.30450133,2.5839486899213893
SPOC_official_like,GradientBoostingRegressor,all_ru_ahk_to_ru_aho_inner,All Ru-AHK (inner + outer) -> Ru-AHO inner,inner+outer,inner,All Ru-AHK,Mixed transfer,3,36,ru_aho_inner__00036,ru_aho_inner_00036,2.28957767,2.3542433942860153
SPOC_official_like,GradientBoostingRegressor,all_ru_ahk_to_ru_aho_inner,All Ru-AHK (inner + outer) -> Ru-AHO inner,inner+outer,inner,All Ru-AHK,Mixed transfer,3,38,ru_aho_inner__00038,ru_aho_inner_00038,2.20688949,1.7127606719493085
SPOC_official_like,GradientBoostingRegressor,all_ru_ahk_to_ru_aho_inner,All Ru-AHK (inner + outer) -> Ru-AHO inner,inner+outer,inner,All Ru-AHK,Mixed transfer,3,53,ru_aho_inner__00053,ru_aho_inner_00053,1.84440958,2.0532758976420475
SPOC_official_like,GradientBoostingRegressor,all_ru_ahk_to_ru_aho_inner,All Ru-AHK (inner + outer) -> Ru-AHO inner,inner+outer,inner,All Ru-AHK,Mixed transfer,3,55,ru_aho_inner__00055,ru_aho_inner_00055,1.80901573,1.8315083664577914
SPOC_official_like,GradientBoostingRegressor,all_ru_ahk_to_ru_aho_inner,All Ru-AHK (inner + outer) -> Ru-AHO inner,inner+outer,inner,All Ru-AHK,Mixed transfer,3,56,ru_aho_inner__00056,ru_aho_inner_00056,1.73731552,2.4064045939386323
SPOC_official_like,GradientBoostingRegressor,all_ru_ahk_to_ru_aho_inner,All Ru-AHK (inner + outer) -> Ru-AHO inner,inner+outer,inner,All Ru-AHK,Mixed transfer,3,76,ru_aho_inner__00076,ru_aho_inner_00076,1.36999511,0.8303777658316909
SPOC_official_like,GradientBoostingRegressor,all_ru_ahk_to_ru_aho_inner,All Ru-AHK (inner + outer) -> Ru-AHO inner,inner+outer,inner,All Ru-AHK,Mixed transfer,3,78,ru_aho_inner__00078,ru_aho_inner_00078,1.35390456,1.354738373372741
SPOC_official_like,GradientBoostingRegressor,all_ru_ahk_to_ru_aho_inner,All Ru-AHK (inner + outer) -> Ru-AHO inner,inner+outer,inner,All Ru-AHK,Mixed transfer,3,79,ru_aho_inner__00079,ru_aho_inner_00079,1.33471728,1.167700928137665
SPOC_official_like,GradientBoostingRegressor,all_ru_ahk_to_ru_aho_inner,All Ru-AHK (inner + outer) -> Ru-AHO inner,inner+outer,inner,All Ru-AHK,Mixed transfer,3,85,ru_aho_inner__00085,ru_aho_inner_00085,0.80254597,0.738390294263334
SPOC_official_like,GradientBoostingRegressor,all_ru_ahk_to_ru_aho_inner,All Ru-AHK (inner + outer) -> Ru-AHO inner,inner+outer,inner,All Ru-AHK,Delta learning,3,3,ru_aho_inner__00003,ru_aho_inner_00003,3.67873076,3.2033306438472815
SPOC_official_like,GradientBoostingRegressor,all_ru_ahk_to_ru_aho_inner,All Ru-AHK (inner + outer) -> Ru-AHO inner,inner+outer,inner,All Ru-AHK,Delta learning,3,6,ru_aho_inner__00006,ru_aho_inner_00006,3.13437597,3.2309081211752586
SPOC_official_like,GradientBoostingRegressor,all_ru_ahk_to_ru_aho_inner,All Ru-AHK (inner + outer) -> Ru-AHO inner,inner+outer,inner,All Ru-AHK,Delta learning,3,7,ru_aho_inner__00007,ru_aho_inner_00007,3.13437597,3.1607050709800486
SPOC_official_like,GradientBoostingRegressor,all_ru_ahk_to_ru_aho_inner,All Ru-AHK (inner + outer) -> Ru-AHO inner,inner+outer,inner,All Ru-AHK,Delta learning,3,8,ru_aho_inner__00008,ru_aho_inner_00008,3.13437597,3.3235456350741104
SPOC_official_like,GradientBoostingRegressor,all_ru_ahk_to_ru_aho_inner,All Ru-AHK (inner + outer) -> Ru-AHO inner,inner+outer,inner,All Ru-AHK,Delta learning,3,13,ru_aho_inner__00013,ru_aho_inner_00013,2.72095293,2.966232759036345
SPOC_official_like,GradientBoostingRegressor,all_ru_ahk_to_ru_aho_inner,All Ru-AHK (inner + outer) -> Ru-AHO inner,inner+outer,inner,All Ru-AHK,Delta learning,3,17,ru_aho_inner__00017,ru_aho_inner_00017,2.72095293,3.663061302429483
SPOC_official_like,GradientBoostingRegressor,all_ru_ahk_to_ru_aho_inner,All Ru-AHK (inner + outer) -> Ru-AHO inner,inner+outer,inner,All Ru-AHK,Delta learning,3,19,ru_aho_inner__00019,ru_aho_inner_00019,2.72095293,3.048073306310484
SPOC_official_like,GradientBoostingRegressor,all_ru_ahk_to_ru_aho_inner,All Ru-AHK (inner + outer) -> Ru-AHO inner,inner+outer,inner,All Ru-AHK,Delta learning,3,24,ru_aho_inner__00024,ru_aho_inner_00024,2.49823771,2.700510075325979
SPOC_official_like,GradientBoostingRegressor,all_ru_ahk_to_ru_aho_inner,All Ru-AHK (inner + outer) -> Ru-AHO inner,inner+outer,inner,All Ru-AHK,Delta learning,3,25,ru_aho_inner__00025,ru_aho_inner_00025,2.49823771,2.6657671871268525
SPOC_official_like,GradientBoostingRegressor,all_ru_ahk_to_ru_aho_inner,All Ru-AHK (inner + outer) -> Ru-AHO inner,inner+outer,inner,All Ru-AHK,Delta learning,3,27,ru_aho_inner__00027,ru_aho_inner_00027,2.47786275,2.8767650654847423
SPOC_official_like,GradientBoostingRegressor,all_ru_ahk_to_ru_aho_inner,All Ru-AHK (inner + outer) -> Ru-AHO inner,inner+outer,inner,All Ru-AHK,Delta learning,3,34,ru_aho_inner__00034,ru_aho_inner_00034,2.30450133,2.7929356831578946
SPOC_official_like,GradientBoostingRegressor,all_ru_ahk_to_ru_aho_inner,All Ru-AHK (inner + outer) -> Ru-AHO inner,inner+outer,inner,All Ru-AHK,Delta learning,3,36,ru_aho_inner__00036,ru_aho_inner_00036,2.28957767,2.2137046316446174
SPOC_official_like,GradientBoostingRegressor,all_ru_ahk_to_ru_aho_inner,All Ru-AHK (inner + outer) -> Ru-AHO inner,inner+outer,inner,All Ru-AHK,Delta learning,3,38,ru_aho_inner__00038,ru_aho_inner_00038,2.20688949,2.1134961507371997
SPOC_official_like,GradientBoostingRegressor,all_ru_ahk_to_ru_aho_inner,All Ru-AHK (inner + outer) -> Ru-AHO inner,inner+outer,inner,All Ru-AHK,Delta learning,3,53,ru_aho_inner__00053,ru_aho_inner_00053,1.84440958,1.802222610836181
SPOC_official_like,GradientBoostingRegressor,all_ru_ahk_to_ru_aho_inner,All Ru-AHK (inner + outer) -> Ru-AHO inner,inner+outer,inner,All Ru-AHK,Delta learning,3,55,ru_aho_inner__00055,ru_aho_inner_00055,1.80901573,2.5336084424715875
SPOC_official_like,GradientBoostingRegressor,all_ru_ahk_to_ru_aho_inner,All Ru-AHK (inner + outer) -> Ru-AHO inner,inner+outer,inner,All Ru-AHK,Delta learning,3,56,ru_aho_inner__00056,ru_aho_inner_00056,1.73731552,2.5612783330664977
SPOC_official_like,GradientBoostingRegressor,all_ru_ahk_to_ru_aho_inner,All Ru-AHK (inner + outer) -> Ru-AHO inner,inner+outer,inner,All Ru-AHK,Delta learning,3,76,ru_aho_inner__00076,ru_aho_inner_00076,1.36999511,0.3375871333009868
SPOC_official_like,GradientBoostingRegressor,all_ru_ahk_to_ru_aho_inner,All Ru-AHK (inner + outer) -> Ru-AHO inner,inner+outer,inner,All Ru-AHK,Delta learning,3,78,ru_aho_inner__00078,ru_aho_inner_00078,1.35390456,1.3929375138152609
SPOC_official_like,GradientBoostingRegressor,all_ru_ahk_to_ru_aho_inner,All Ru-AHK (inner + outer) -> Ru-AHO inner,inner+outer,inner,All Ru-AHK,Delta learning,3,79,ru_aho_inner__00079,ru_aho_inner_00079,1.33471728,1.2778283579272485
SPOC_official_like,GradientBoostingRegressor,all_ru_ahk_to_ru_aho_inner,All Ru-AHK (inner + outer) -> Ru-AHO inner,inner+outer,inner,All Ru-AHK,Delta learning,3,85,ru_aho_inner__00085,ru_aho_inner_00085,0.80254597,0.2655369420099549
SPOC_official_like,GradientBoostingRegressor,all_ru_ahk_to_ru_aho_inner,All Ru-AHK (inner + outer) -> Ru-AHO inner,inner+outer,inner,All Ru-AHK,Mixed transfer,4,32,ru_aho_inner__00032,ru_aho_inner_00032,2.30450133,2.583721966690509
SPOC_official_like,GradientBoostingRegressor,all_ru_ahk_to_ru_aho_inner,All Ru-AHK (inner + outer) -> Ru-AHO inner,inner+outer,inner,All Ru-AHK,Mixed transfer,4,41,ru_aho_inner__00041,ru_aho_inner_00041,2.13444943,2.204906130200116
SPOC_official_like,GradientBoostingRegressor,all_ru_ahk_to_ru_aho_inner,All Ru-AHK (inner + outer) -> Ru-AHO inner,inner+outer,inner,All Ru-AHK,Mixed transfer,4,43,ru_aho_inner__00043,ru_aho_inner_00043,2.11117069,1.6823117605489195
SPOC_official_like,GradientBoostingRegressor,all_ru_ahk_to_ru_aho_inner,All Ru-AHK (inner + outer) -> Ru-AHO inner,inner+outer,inner,All Ru-AHK,Mixed transfer,4,46,ru_aho_inner__00046,ru_aho_inner_00046,2.00941149,2.6617022512987476
SPOC_official_like,GradientBoostingRegressor,all_ru_ahk_to_ru_aho_inner,All Ru-AHK (inner + outer) -> Ru-AHO inner,inner+outer,inner,All Ru-AHK,Mixed transfer,4,48,ru_aho_inner__00048,ru_aho_inner_00048,1.96551622,1.8347059170234188
SPOC_official_like,GradientBoostingRegressor,all_ru_ahk_to_ru_aho_inner,All Ru-AHK (inner + outer) -> Ru-AHO inner,inner+outer,inner,All Ru-AHK,Mixed transfer,4,50,ru_aho_inner__00050,ru_aho_inner_00050,1.95650617,1.6823117605489195
SPOC_official_like,GradientBoostingRegressor,all_ru_ahk_to_ru_aho_inner,All Ru-AHK (inner + outer) -> Ru-AHO inner,inner+outer,inner,All Ru-AHK,Mixed transfer,4,54,ru_aho_inner__00054,ru_aho_inner_00054,1.80901573,2.0641701595845627
SPOC_official_like,GradientBoostingRegressor,all_ru_ahk_to_ru_aho_inner,All Ru-AHK (inner + outer) -> Ru-AHO inner,inner+outer,inner,All Ru-AHK,Mixed transfer,4,57,ru_aho_inner__00057,ru_aho_inner_00057,1.68395754,2.6111406787060103
SPOC_official_like,GradientBoostingRegressor,all_ru_ahk_to_ru_aho_inner,All Ru-AHK (inner + outer) -> Ru-AHO inner,inner+outer,inner,All Ru-AHK,Mixed transfer,4,58,ru_aho_inner__00058,ru_aho_inner_00058,1.66417952,1.3094106899903402
SPOC_official_like,GradientBoostingRegressor,all_ru_ahk_to_ru_aho_inner,All Ru-AHK (inner + outer) -> Ru-AHO inner,inner+outer,inner,All Ru-AHK,Mixed transfer,4,59,ru_aho_inner__00059,ru_aho_inner_00059,1.62929332,1.9153949526027505
SPOC_official_like,GradientBoostingRegressor,all_ru_ahk_to_ru_aho_inner,All Ru-AHK (inner + outer) -> Ru-AHO inner,inner+outer,inner,All Ru-AHK,Mixed transfer,4,61,ru_aho_inner__00061,ru_aho_inner_00061,1.57873877,1.210960270820607
SPOC_official_like,GradientBoostingRegressor,all_ru_ahk_to_ru_aho_inner,All Ru-AHK (inner + outer) -> Ru-AHO inner,inner+outer,inner,All Ru-AHK,Mixed transfer,4,63,ru_aho_inner__00063,ru_aho_inner_00063,1.56019653,1.210960270820607
SPOC_official_like,GradientBoostingRegressor,all_ru_ahk_to_ru_aho_inner,All Ru-AHK (inner + outer) -> Ru-AHO inner,inner+outer,inner,All Ru-AHK,Mixed transfer,4,66,ru_aho_inner__00066,ru_aho_inner_00066,1.51369193,1.2303215642244212
SPOC_official_like,GradientBoostingRegressor,all_ru_ahk_to_ru_aho_inner,All Ru-AHK (inner + outer) -> Ru-AHO inner,inner+outer,inner,All Ru-AHK,Mixed transfer,4,67,ru_aho_inner__00067,ru_aho_inner_00067,1.51369193,1.3255183231696102
SPOC_official_like,GradientBoostingRegressor,all_ru_ahk_to_ru_aho_inner,All Ru-AHK (inner + outer) -> Ru-AHO inner,inner+outer,inner,All Ru-AHK,Mixed transfer,4,77,ru_aho_inner__00077,ru_aho_inner_00077,1.36283425,1.4986482608730725
SPOC_official_like,GradientBoostingRegressor,all_ru_ahk_to_ru_aho_inner,All Ru-AHK (inner + outer) -> Ru-AHO inner,inner+outer,inner,All Ru-AHK,Mixed transfer,4,84,ru_aho_inner__00084,ru_aho_inner_00084,0.80438248,1.7094567213879972
SPOC_official_like,GradientBoostingRegressor,all_ru_ahk_to_ru_aho_inner,All Ru-AHK (inner + outer) -> Ru-AHO inner,inner+outer,inner,All Ru-AHK,Mixed transfer,4,95,ru_aho_inner__00095,ru_aho_inner_00095,0.0120419,0.6991260726068997
SPOC_official_like,GradientBoostingRegressor,all_ru_ahk_to_ru_aho_inner,All Ru-AHK (inner + outer) -> Ru-AHO inner,inner+outer,inner,All Ru-AHK,Mixed transfer,4,96,ru_aho_inner__00096,ru_aho_inner_00096,0.0,1.7312381497298042
SPOC_official_like,GradientBoostingRegressor,all_ru_ahk_to_ru_aho_inner,All Ru-AHK (inner + outer) -> Ru-AHO inner,inner+outer,inner,All Ru-AHK,Mixed transfer,4,97,ru_aho_inner__00097,ru_aho_inner_00097,0.0,1.778423191192583
SPOC_official_like,GradientBoostingRegressor,all_ru_ahk_to_ru_aho_inner,All Ru-AHK (inner + outer) -> Ru-AHO inner,inner+outer,inner,All Ru-AHK,Delta learning,4,32,ru_aho_inner__00032,ru_aho_inner_00032,2.30450133,2.5251782767116073
SPOC_official_like,GradientBoostingRegressor,all_ru_ahk_to_ru_aho_inner,All Ru-AHK (inner + outer) -> Ru-AHO inner,inner+outer,inner,All Ru-AHK,Delta learning,4,41,ru_aho_inner__00041,ru_aho_inner_00041,2.13444943,2.4711413458349383
SPOC_official_like,GradientBoostingRegressor,all_ru_ahk_to_ru_aho_inner,All Ru-AHK (inner + outer) -> Ru-AHO inner,inner+outer,inner,All Ru-AHK,Delta learning,4,43,ru_aho_inner__00043,ru_aho_inner_00043,2.11117069,1.495590764977388
SPOC_official_like,GradientBoostingRegressor,all_ru_ahk_to_ru_aho_inner,All Ru-AHK (inner + outer) -> Ru-AHO inner,inner+outer,inner,All Ru-AHK,Delta learning,4,46,ru_aho_inner__00046,ru_aho_inner_00046,2.00941149,2.0129111786822858
SPOC_official_like,GradientBoostingRegressor,all_ru_ahk_to_ru_aho_inner,All Ru-AHK (inner + outer) -> Ru-AHO inner,inner+outer,inner,All Ru-AHK,Delta learning,4,48,ru_aho_inner__00048,ru_aho_inner_00048,1.96551622,1.9053172983439246
SPOC_official_like,GradientBoostingRegressor,all_ru_ahk_to_ru_aho_inner,All Ru-AHK (inner + outer) -> Ru-AHO inner,inner+outer,inner,All Ru-AHK,Delta learning,4,50,ru_aho_inner__00050,ru_aho_inner_00050,1.95650617,1.7295446727313268
SPOC_official_like,GradientBoostingRegressor,all_ru_ahk_to_ru_aho_inner,All Ru-AHK (inner + outer) -> Ru-AHO inner,inner+outer,inner,All Ru-AHK,Delta learning,4,54,ru_aho_inner__00054,ru_aho_inner_00054,1.80901573,2.191879515840952
SPOC_official_like,GradientBoostingRegressor,all_ru_ahk_to_ru_aho_inner,All Ru-AHK (inner + outer) -> Ru-AHO inner,inner+outer,inner,All Ru-AHK,Delta learning,4,57,ru_aho_inner__00057,ru_aho_inner_00057,1.68395754,2.548023863397726
SPOC_official_like,GradientBoostingRegressor,all_ru_ahk_to_ru_aho_inner,All Ru-AHK (inner + outer) -> Ru-AHO inner,inner+outer,inner,All Ru-AHK,Delta learning,4,58,ru_aho_inner__00058,ru_aho_inner_00058,1.66417952,1.4430849633847609
SPOC_official_like,GradientBoostingRegressor,all_ru_ahk_to_ru_aho_inner,All Ru-AHK (inner + outer) -> Ru-AHO inner,inner+outer,inner,All Ru-AHK,Delta learning,4,59,ru_aho_inner__00059,ru_aho_inner_00059,1.62929332,1.666029103050775
SPOC_official_like,GradientBoostingRegressor,all_ru_ahk_to_ru_aho_inner,All Ru-AHK (inner + outer) -> Ru-AHO inner,inner+outer,inner,All Ru-AHK,Delta learning,4,61,ru_aho_inner__00061,ru_aho_inner_00061,1.57873877,0.6937177156210277
SPOC_official_like,GradientBoostingRegressor,all_ru_ahk_to_ru_aho_inner,All Ru-AHK (inner + outer) -> Ru-AHO inner,inner+outer,inner,All Ru-AHK,Delta learning,4,63,ru_aho_inner__00063,ru_aho_inner_00063,1.56019653,0.6937177156210277
SPOC_official_like,GradientBoostingRegressor,all_ru_ahk_to_ru_aho_inner,All Ru-AHK (inner + outer) -> Ru-AHO inner,inner+outer,inner,All Ru-AHK,Delta learning,4,66,ru_aho_inner__00066,ru_aho_inner_00066,1.51369193,1.5258842902480914
SPOC_official_like,GradientBoostingRegressor,all_ru_ahk_to_ru_aho_inner,All Ru-AHK (inner + outer) -> Ru-AHO inner,inner+outer,inner,All Ru-AHK,Delta learning,4,67,ru_aho_inner__00067,ru_aho_inner_00067,1.51369193,1.4815910598155622
SPOC_official_like,GradientBoostingRegressor,all_ru_ahk_to_ru_aho_inner,All Ru-AHK (inner + outer) -> Ru-AHO inner,inner+outer,inner,All Ru-AHK,Delta learning,4,77,ru_aho_inner__00077,ru_aho_inner_00077,1.36283425,0.9700780140258753
SPOC_official_like,GradientBoostingRegressor,all_ru_ahk_to_ru_aho_inner,All Ru-AHK (inner + outer) -> Ru-AHO inner,inner+outer,inner,All Ru-AHK,Delta learning,4,84,ru_aho_inner__00084,ru_aho_inner_00084,0.80438248,1.0575785603792913
SPOC_official_like,GradientBoostingRegressor,all_ru_ahk_to_ru_aho_inner,All Ru-AHK (inner + outer) -> Ru-AHO inner,inner+outer,inner,All Ru-AHK,Delta learning,4,95,ru_aho_inner__00095,ru_aho_inner_00095,0.0120419,0.1454296675637905
SPOC_official_like,GradientBoostingRegressor,all_ru_ahk_to_ru_aho_inner,All Ru-AHK (inner + outer) -> Ru-AHO inner,inner+outer,inner,All Ru-AHK,Delta learning,4,96,ru_aho_inner__00096,ru_aho_inner_00096,0.0,0.9793031873581639
SPOC_official_like,GradientBoostingRegressor,all_ru_ahk_to_ru_aho_inner,All Ru-AHK (inner + outer) -> Ru-AHO inner,inner+outer,inner,All Ru-AHK,Delta learning,4,97,ru_aho_inner__00097,ru_aho_inner_00097,0.0,0.6884502260056684
SPOC_official_like,GradientBoostingRegressor,all_ru_ahk_to_ru_aho_inner,All Ru-AHK (inner + outer) -> Ru-AHO inner,inner+outer,inner,All Ru-AHK,Mixed transfer,5,1,ru_aho_inner__00001,ru_aho_inner_00001,4.50050002,2.549167295544056
SPOC_official_like,GradientBoostingRegressor,all_ru_ahk_to_ru_aho_inner,All Ru-AHK (inner + outer) -> Ru-AHO inner,inner+outer,inner,All Ru-AHK,Mixed transfer,5,2,ru_aho_inner__00002,ru_aho_inner_00002,3.84937533,2.3388296892760714
SPOC_official_like,GradientBoostingRegressor,all_ru_ahk_to_ru_aho_inner,All Ru-AHK (inner + outer) -> Ru-AHO inner,inner+outer,inner,All Ru-AHK,Mixed transfer,5,14,ru_aho_inner__00014,ru_aho_inner_00014,2.72095293,2.5348177861204864
SPOC_official_like,GradientBoostingRegressor,all_ru_ahk_to_ru_aho_inner,All Ru-AHK (inner + outer) -> Ru-AHO inner,inner+outer,inner,All Ru-AHK,Mixed transfer,5,20,ru_aho_inner__00020,ru_aho_inner_00020,2.72095293,2.573182990382744
SPOC_official_like,GradientBoostingRegressor,all_ru_ahk_to_ru_aho_inner,All Ru-AHK (inner + outer) -> Ru-AHO inner,inner+outer,inner,All Ru-AHK,Mixed transfer,5,21,ru_aho_inner__00021,ru_aho_inner_00021,2.6917632,2.4079828939825973
SPOC_official_like,GradientBoostingRegressor,all_ru_ahk_to_ru_aho_inner,All Ru-AHK (inner + outer) -> Ru-AHO inner,inner+outer,inner,All Ru-AHK,Mixed transfer,5,23,ru_aho_inner__00023,ru_aho_inner_00023,2.61179564,2.32496692356326
SPOC_official_like,GradientBoostingRegressor,all_ru_ahk_to_ru_aho_inner,All Ru-AHK (inner + outer) -> Ru-AHO inner,inner+outer,inner,All Ru-AHK,Mixed transfer,5,29,ru_aho_inner__00029,ru_aho_inner_00029,2.47786275,2.377331658351391
SPOC_official_like,GradientBoostingRegressor,all_ru_ahk_to_ru_aho_inner,All Ru-AHK (inner + outer) -> Ru-AHO inner,inner+outer,inner,All Ru-AHK,Mixed transfer,5,37,ru_aho_inner__00037,ru_aho_inner_00037,2.26077037,2.2526135250603665
SPOC_official_like,GradientBoostingRegressor,all_ru_ahk_to_ru_aho_inner,All Ru-AHK (inner + outer) -> Ru-AHO inner,inner+outer,inner,All Ru-AHK,Mixed transfer,5,51,ru_aho_inner__00051,ru_aho_inner_00051,1.94448624,1.8876720627556551
SPOC_official_like,GradientBoostingRegressor,all_ru_ahk_to_ru_aho_inner,All Ru-AHK (inner + outer) -> Ru-AHO inner,inner+outer,inner,All Ru-AHK,Mixed transfer,5,52,ru_aho_inner__00052,ru_aho_inner_00052,1.88185187,1.7620156386896404
SPOC_official_like,GradientBoostingRegressor,all_ru_ahk_to_ru_aho_inner,All Ru-AHK (inner + outer) -> Ru-AHO inner,inner+outer,inner,All Ru-AHK,Mixed transfer,5,60,ru_aho_inner__00060,ru_aho_inner_00060,1.62929332,2.5588187880271422
SPOC_official_like,GradientBoostingRegressor,all_ru_ahk_to_ru_aho_inner,All Ru-AHK (inner + outer) -> Ru-AHO inner,inner+outer,inner,All Ru-AHK,Mixed transfer,5,71,ru_aho_inner__00071,ru_aho_inner_00071,1.47016368,1.4184563556287753
SPOC_official_like,GradientBoostingRegressor,all_ru_ahk_to_ru_aho_inner,All Ru-AHK (inner + outer) -> Ru-AHO inner,inner+outer,inner,All Ru-AHK,Mixed transfer,5,74,ru_aho_inner__00074,ru_aho_inner_00074,1.38325909,1.449215524639694
SPOC_official_like,GradientBoostingRegressor,all_ru_ahk_to_ru_aho_inner,All Ru-AHK (inner + outer) -> Ru-AHO inner,inner+outer,inner,All Ru-AHK,Mixed transfer,5,82,ru_aho_inner__00082,ru_aho_inner_00082,0.99242206,1.3961446091380294
SPOC_official_like,GradientBoostingRegressor,all_ru_ahk_to_ru_aho_inner,All Ru-AHK (inner + outer) -> Ru-AHO inner,inner+outer,inner,All Ru-AHK,Mixed transfer,5,86,ru_aho_inner__00086,ru_aho_inner_00086,0.67501313,1.2612916901258284
SPOC_official_like,GradientBoostingRegressor,all_ru_ahk_to_ru_aho_inner,All Ru-AHK (inner + outer) -> Ru-AHO inner,inner+outer,inner,All Ru-AHK,Mixed transfer,5,87,ru_aho_inner__00087,ru_aho_inner_00087,0.56782018,1.8426377597520363
SPOC_official_like,GradientBoostingRegressor,all_ru_ahk_to_ru_aho_inner,All Ru-AHK (inner + outer) -> Ru-AHO inner,inner+outer,inner,All Ru-AHK,Mixed transfer,5,89,ru_aho_inner__00089,ru_aho_inner_00089,0.33293116,2.199501175595511
SPOC_official_like,GradientBoostingRegressor,all_ru_ahk_to_ru_aho_inner,All Ru-AHK (inner + outer) -> Ru-AHO inner,inner+outer,inner,All Ru-AHK,Mixed transfer,5,91,ru_aho_inner__00091,ru_aho_inner_00091,0.10866753,1.0503921172061859
SPOC_official_like,GradientBoostingRegressor,all_ru_ahk_to_ru_aho_inner,All Ru-AHK (inner + outer) -> Ru-AHO inner,inner+outer,inner,All Ru-AHK,Mixed transfer,5,92,ru_aho_inner__00092,ru_aho_inner_00092,0.09139463,1.951921879971856
SPOC_official_like,GradientBoostingRegressor,all_ru_ahk_to_ru_aho_inner,All Ru-AHK (inner + outer) -> Ru-AHO inner,inner+outer,inner,All Ru-AHK,Delta learning,5,1,ru_aho_inner__00001,ru_aho_inner_00001,4.50050002,3.634020928098235
SPOC_official_like,GradientBoostingRegressor,all_ru_ahk_to_ru_aho_inner,All Ru-AHK (inner + outer) -> Ru-AHO inner,inner+outer,inner,All Ru-AHK,Delta learning,5,2,ru_aho_inner__00002,ru_aho_inner_00002,3.84937533,2.980487690770946
SPOC_official_like,GradientBoostingRegressor,all_ru_ahk_to_ru_aho_inner,All Ru-AHK (inner + outer) -> Ru-AHO inner,inner+outer,inner,All Ru-AHK,Delta learning,5,14,ru_aho_inner__00014,ru_aho_inner_00014,2.72095293,2.6917839420092085
SPOC_official_like,GradientBoostingRegressor,all_ru_ahk_to_ru_aho_inner,All Ru-AHK (inner + outer) -> Ru-AHO inner,inner+outer,inner,All Ru-AHK,Delta learning,5,20,ru_aho_inner__00020,ru_aho_inner_00020,2.72095293,2.8192935147704317
SPOC_official_like,GradientBoostingRegressor,all_ru_ahk_to_ru_aho_inner,All Ru-AHK (inner + outer) -> Ru-AHO inner,inner+outer,inner,All Ru-AHK,Delta learning,5,21,ru_aho_inner__00021,ru_aho_inner_00021,2.6917632,2.4717999945806794
SPOC_official_like,GradientBoostingRegressor,all_ru_ahk_to_ru_aho_inner,All Ru-AHK (inner + outer) -> Ru-AHO inner,inner+outer,inner,All Ru-AHK,Delta learning,5,23,ru_aho_inner__00023,ru_aho_inner_00023,2.61179564,2.12213013278551
SPOC_official_like,GradientBoostingRegressor,all_ru_ahk_to_ru_aho_inner,All Ru-AHK (inner + outer) -> Ru-AHO inner,inner+outer,inner,All Ru-AHK,Delta learning,5,29,ru_aho_inner__00029,ru_aho_inner_00029,2.47786275,2.5938375640760283
SPOC_official_like,GradientBoostingRegressor,all_ru_ahk_to_ru_aho_inner,All Ru-AHK (inner + outer) -> Ru-AHO inner,inner+outer,inner,All Ru-AHK,Delta learning,5,37,ru_aho_inner__00037,ru_aho_inner_00037,2.26077037,2.4387477914722204
SPOC_official_like,GradientBoostingRegressor,all_ru_ahk_to_ru_aho_inner,All Ru-AHK (inner + outer) -> Ru-AHO inner,inner+outer,inner,All Ru-AHK,Delta learning,5,51,ru_aho_inner__00051,ru_aho_inner_00051,1.94448624,1.8921802886598291
SPOC_official_like,GradientBoostingRegressor,all_ru_ahk_to_ru_aho_inner,All Ru-AHK (inner + outer) -> Ru-AHO inner,inner+outer,inner,All Ru-AHK,Delta learning,5,52,ru_aho_inner__00052,ru_aho_inner_00052,1.88185187,1.7219904427811825
SPOC_official_like,GradientBoostingRegressor,all_ru_ahk_to_ru_aho_inner,All Ru-AHK (inner + outer) -> Ru-AHO inner,inner+outer,inner,All Ru-AHK,Delta learning,5,60,ru_aho_inner__00060,ru_aho_inner_00060,1.62929332,2.135143259242512
SPOC_official_like,GradientBoostingRegressor,all_ru_ahk_to_ru_aho_inner,All Ru-AHK (inner + outer) -> Ru-AHO inner,inner+outer,inner,All Ru-AHK,Delta learning,5,71,ru_aho_inner__00071,ru_aho_inner_00071,1.47016368,1.6140666835772584
SPOC_official_like,GradientBoostingRegressor,all_ru_ahk_to_ru_aho_inner,All Ru-AHK (inner + outer) -> Ru-AHO inner,inner+outer,inner,All Ru-AHK,Delta learning,5,74,ru_aho_inner__00074,ru_aho_inner_00074,1.38325909,1.5348123539854046
SPOC_official_like,GradientBoostingRegressor,all_ru_ahk_to_ru_aho_inner,All Ru-AHK (inner + outer) -> Ru-AHO inner,inner+outer,inner,All Ru-AHK,Delta learning,5,82,ru_aho_inner__00082,ru_aho_inner_00082,0.99242206,1.0690618325253574
SPOC_official_like,GradientBoostingRegressor,all_ru_ahk_to_ru_aho_inner,All Ru-AHK (inner + outer) -> Ru-AHO inner,inner+outer,inner,All Ru-AHK,Delta learning,5,86,ru_aho_inner__00086,ru_aho_inner_00086,0.67501313,1.562666524514835
SPOC_official_like,GradientBoostingRegressor,all_ru_ahk_to_ru_aho_inner,All Ru-AHK (inner + outer) -> Ru-AHO inner,inner+outer,inner,All Ru-AHK,Delta learning,5,87,ru_aho_inner__00087,ru_aho_inner_00087,0.56782018,1.0098434502025935
SPOC_official_like,GradientBoostingRegressor,all_ru_ahk_to_ru_aho_inner,All Ru-AHK (inner + outer) -> Ru-AHO inner,inner+outer,inner,All Ru-AHK,Delta learning,5,89,ru_aho_inner__00089,ru_aho_inner_00089,0.33293116,1.0697858579837427
SPOC_official_like,GradientBoostingRegressor,all_ru_ahk_to_ru_aho_inner,All Ru-AHK (inner + outer) -> Ru-AHO inner,inner+outer,inner,All Ru-AHK,Delta learning,5,91,ru_aho_inner__00091,ru_aho_inner_00091,0.10866753,2.3529488939742436
SPOC_official_like,GradientBoostingRegressor,all_ru_ahk_to_ru_aho_inner,All Ru-AHK (inner + outer) -> Ru-AHO inner,inner+outer,inner,All Ru-AHK,Delta learning,5,92,ru_aho_inner__00092,ru_aho_inner_00092,0.09139463,0.28258854610057127
SPOC_official_like,HistGradientBoostingRegressor,all_ru_ahk_to_ru_aho_inner,All Ru-AHK (inner + outer) -> Ru-AHO inner,inner+outer,inner,All Ru-AHK,Mixed transfer,1,0,ru_aho_inner__00000,ru_aho_inner_00000,4.50050002,2.6778947026502418
SPOC_official_like,HistGradientBoostingRegressor,all_ru_ahk_to_ru_aho_inner,All Ru-AHK (inner + outer) -> Ru-AHO inner,inner+outer,inner,All Ru-AHK,Mixed transfer,1,4,ru_aho_inner__00004,ru_aho_inner_00004,3.13437597,2.759976449711774
SPOC_official_like,HistGradientBoostingRegressor,all_ru_ahk_to_ru_aho_inner,All Ru-AHK (inner + outer) -> Ru-AHO inner,inner+outer,inner,All Ru-AHK,Mixed transfer,1,10,ru_aho_inner__00010,ru_aho_inner_00010,2.89279432,2.436629939604951
SPOC_official_like,HistGradientBoostingRegressor,all_ru_ahk_to_ru_aho_inner,All Ru-AHK (inner + outer) -> Ru-AHO inner,inner+outer,inner,All Ru-AHK,Mixed transfer,1,12,ru_aho_inner__00012,ru_aho_inner_00012,2.72095293,2.436629939604951
SPOC_official_like,HistGradientBoostingRegressor,all_ru_ahk_to_ru_aho_inner,All Ru-AHK (inner + outer) -> Ru-AHO inner,inner+outer,inner,All Ru-AHK,Mixed transfer,1,18,ru_aho_inner__00018,ru_aho_inner_00018,2.72095293,2.8117320692975807
SPOC_official_like,HistGradientBoostingRegressor,all_ru_ahk_to_ru_aho_inner,All Ru-AHK (inner + outer) -> Ru-AHO inner,inner+outer,inner,All Ru-AHK,Mixed transfer,1,22,ru_aho_inner__00022,ru_aho_inner_00022,2.63729647,2.449652367671344
SPOC_official_like,HistGradientBoostingRegressor,all_ru_ahk_to_ru_aho_inner,All Ru-AHK (inner + outer) -> Ru-AHO inner,inner+outer,inner,All Ru-AHK,Mixed transfer,1,26,ru_aho_inner__00026,ru_aho_inner_00026,2.49268506,1.7450566908905603
SPOC_official_like,HistGradientBoostingRegressor,all_ru_ahk_to_ru_aho_inner,All Ru-AHK (inner + outer) -> Ru-AHO inner,inner+outer,inner,All Ru-AHK,Mixed transfer,1,31,ru_aho_inner__00031,ru_aho_inner_00031,2.30450133,1.9270412305630753
SPOC_official_like,HistGradientBoostingRegressor,all_ru_ahk_to_ru_aho_inner,All Ru-AHK (inner + outer) -> Ru-AHO inner,inner+outer,inner,All Ru-AHK,Mixed transfer,1,40,ru_aho_inner__00040,ru_aho_inner_00040,2.13954868,2.103845062639654
SPOC_official_like,HistGradientBoostingRegressor,all_ru_ahk_to_ru_aho_inner,All Ru-AHK (inner + outer) -> Ru-AHO inner,inner+outer,inner,All Ru-AHK,Mixed transfer,1,42,ru_aho_inner__00042,ru_aho_inner_00042,2.12255274,2.2239765324157017
SPOC_official_like,HistGradientBoostingRegressor,all_ru_ahk_to_ru_aho_inner,All Ru-AHK (inner + outer) -> Ru-AHO inner,inner+outer,inner,All Ru-AHK,Mixed transfer,1,44,ru_aho_inner__00044,ru_aho_inner_00044,2.02174776,1.9600652118742563
SPOC_official_like,HistGradientBoostingRegressor,all_ru_ahk_to_ru_aho_inner,All Ru-AHK (inner + outer) -> Ru-AHO inner,inner+outer,inner,All Ru-AHK,Mixed transfer,1,47,ru_aho_inner__00047,ru_aho_inner_00047,1.97754867,1.3394086354191965
SPOC_official_like,HistGradientBoostingRegressor,all_ru_ahk_to_ru_aho_inner,All Ru-AHK (inner + outer) -> Ru-AHO inner,inner+outer,inner,All Ru-AHK,Mixed transfer,1,62,ru_aho_inner__00062,ru_aho_inner_00062,1.56906465,1.9402527131460579
SPOC_official_like,HistGradientBoostingRegressor,all_ru_ahk_to_ru_aho_inner,All Ru-AHK (inner + outer) -> Ru-AHO inner,inner+outer,inner,All Ru-AHK,Mixed transfer,1,64,ru_aho_inner__00064,ru_aho_inner_00064,1.53168147,1.426436145282909
SPOC_official_like,HistGradientBoostingRegressor,all_ru_ahk_to_ru_aho_inner,All Ru-AHK (inner + outer) -> Ru-AHO inner,inner+outer,inner,All Ru-AHK,Mixed transfer,1,73,ru_aho_inner__00073,ru_aho_inner_00073,1.39055932,1.393425018750118
SPOC_official_like,HistGradientBoostingRegressor,all_ru_ahk_to_ru_aho_inner,All Ru-AHK (inner + outer) -> Ru-AHO inner,inner+outer,inner,All Ru-AHK,Mixed transfer,1,75,ru_aho_inner__00075,ru_aho_inner_00075,1.36999511,1.3603715985821776
SPOC_official_like,HistGradientBoostingRegressor,all_ru_ahk_to_ru_aho_inner,All Ru-AHK (inner + outer) -> Ru-AHO inner,inner+outer,inner,All Ru-AHK,Mixed transfer,1,81,ru_aho_inner__00081,ru_aho_inner_00081,1.00421655,1.3456105763136905
SPOC_official_like,HistGradientBoostingRegressor,all_ru_ahk_to_ru_aho_inner,All Ru-AHK (inner + outer) -> Ru-AHO inner,inner+outer,inner,All Ru-AHK,Mixed transfer,1,83,ru_aho_inner__00083,ru_aho_inner_00083,0.83956097,0.5128107288730362
SPOC_official_like,HistGradientBoostingRegressor,all_ru_ahk_to_ru_aho_inner,All Ru-AHK (inner + outer) -> Ru-AHO inner,inner+outer,inner,All Ru-AHK,Mixed transfer,1,90,ru_aho_inner__00090,ru_aho_inner_00090,0.19433377,0.08001412787766651
SPOC_official_like,HistGradientBoostingRegressor,all_ru_ahk_to_ru_aho_inner,All Ru-AHK (inner + outer) -> Ru-AHO inner,inner+outer,inner,All Ru-AHK,Mixed transfer,1,94,ru_aho_inner__00094,ru_aho_inner_00094,0.04739647,1.1026912163320095
SPOC_official_like,HistGradientBoostingRegressor,all_ru_ahk_to_ru_aho_inner,All Ru-AHK (inner + outer) -> Ru-AHO inner,inner+outer,inner,All Ru-AHK,Delta learning,1,0,ru_aho_inner__00000,ru_aho_inner_00000,4.50050002,2.852099560581177
SPOC_official_like,HistGradientBoostingRegressor,all_ru_ahk_to_ru_aho_inner,All Ru-AHK (inner + outer) -> Ru-AHO inner,inner+outer,inner,All Ru-AHK,Delta learning,1,4,ru_aho_inner__00004,ru_aho_inner_00004,3.13437597,2.7431671229269767
SPOC_official_like,HistGradientBoostingRegressor,all_ru_ahk_to_ru_aho_inner,All Ru-AHK (inner + outer) -> Ru-AHO inner,inner+outer,inner,All Ru-AHK,Delta learning,1,10,ru_aho_inner__00010,ru_aho_inner_00010,2.89279432,2.3237186881921206
SPOC_official_like,HistGradientBoostingRegressor,all_ru_ahk_to_ru_aho_inner,All Ru-AHK (inner + outer) -> Ru-AHO inner,inner+outer,inner,All Ru-AHK,Delta learning,1,12,ru_aho_inner__00012,ru_aho_inner_00012,2.72095293,2.3237186881921206
SPOC_official_like,HistGradientBoostingRegressor,all_ru_ahk_to_ru_aho_inner,All Ru-AHK (inner + outer) -> Ru-AHO inner,inner+outer,inner,All Ru-AHK,Delta learning,1,18,ru_aho_inner__00018,ru_aho_inner_00018,2.72095293,2.8263087995082072
SPOC_official_like,HistGradientBoostingRegressor,all_ru_ahk_to_ru_aho_inner,All Ru-AHK (inner + outer) -> Ru-AHO inner,inner+outer,inner,All Ru-AHK,Delta learning,1,22,ru_aho_inner__00022,ru_aho_inner_00022,2.63729647,2.4638738860759473
SPOC_official_like,HistGradientBoostingRegressor,all_ru_ahk_to_ru_aho_inner,All Ru-AHK (inner + outer) -> Ru-AHO inner,inner+outer,inner,All Ru-AHK,Delta learning,1,26,ru_aho_inner__00026,ru_aho_inner_00026,2.49268506,1.6613796402244836
SPOC_official_like,HistGradientBoostingRegressor,all_ru_ahk_to_ru_aho_inner,All Ru-AHK (inner + outer) -> Ru-AHO inner,inner+outer,inner,All Ru-AHK,Delta learning,1,31,ru_aho_inner__00031,ru_aho_inner_00031,2.30450133,1.6532958311246073
SPOC_official_like,HistGradientBoostingRegressor,all_ru_ahk_to_ru_aho_inner,All Ru-AHK (inner + outer) -> Ru-AHO inner,inner+outer,inner,All Ru-AHK,Delta learning,1,40,ru_aho_inner__00040,ru_aho_inner_00040,2.13954868,1.973396117091625
SPOC_official_like,HistGradientBoostingRegressor,all_ru_ahk_to_ru_aho_inner,All Ru-AHK (inner + outer) -> Ru-AHO inner,inner+outer,inner,All Ru-AHK,Delta learning,1,42,ru_aho_inner__00042,ru_aho_inner_00042,2.12255274,2.25473218090453
SPOC_official_like,HistGradientBoostingRegressor,all_ru_ahk_to_ru_aho_inner,All Ru-AHK (inner + outer) -> Ru-AHO inner,inner+outer,inner,All Ru-AHK,Delta learning,1,44,ru_aho_inner__00044,ru_aho_inner_00044,2.02174776,1.8085015100521185
SPOC_official_like,HistGradientBoostingRegressor,all_ru_ahk_to_ru_aho_inner,All Ru-AHK (inner + outer) -> Ru-AHO inner,inner+outer,inner,All Ru-AHK,Delta learning,1,47,ru_aho_inner__00047,ru_aho_inner_00047,1.97754867,1.4324584124040989
SPOC_official_like,HistGradientBoostingRegressor,all_ru_ahk_to_ru_aho_inner,All Ru-AHK (inner + outer) -> Ru-AHO inner,inner+outer,inner,All Ru-AHK,Delta learning,1,62,ru_aho_inner__00062,ru_aho_inner_00062,1.56906465,1.816901401504838
SPOC_official_like,HistGradientBoostingRegressor,all_ru_ahk_to_ru_aho_inner,All Ru-AHK (inner + outer) -> Ru-AHO inner,inner+outer,inner,All Ru-AHK,Delta learning,1,64,ru_aho_inner__00064,ru_aho_inner_00064,1.53168147,1.5119951627292894
SPOC_official_like,HistGradientBoostingRegressor,all_ru_ahk_to_ru_aho_inner,All Ru-AHK (inner + outer) -> Ru-AHO inner,inner+outer,inner,All Ru-AHK,Delta learning,1,73,ru_aho_inner__00073,ru_aho_inner_00073,1.39055932,1.4377786059370463
SPOC_official_like,HistGradientBoostingRegressor,all_ru_ahk_to_ru_aho_inner,All Ru-AHK (inner + outer) -> Ru-AHO inner,inner+outer,inner,All Ru-AHK,Delta learning,1,75,ru_aho_inner__00075,ru_aho_inner_00075,1.36999511,1.4324358064729408
SPOC_official_like,HistGradientBoostingRegressor,all_ru_ahk_to_ru_aho_inner,All Ru-AHK (inner + outer) -> Ru-AHO inner,inner+outer,inner,All Ru-AHK,Delta learning,1,81,ru_aho_inner__00081,ru_aho_inner_00081,1.00421655,1.5111235151816276
SPOC_official_like,HistGradientBoostingRegressor,all_ru_ahk_to_ru_aho_inner,All Ru-AHK (inner + outer) -> Ru-AHO inner,inner+outer,inner,All Ru-AHK,Delta learning,1,83,ru_aho_inner__00083,ru_aho_inner_00083,0.83956097,0.6593182128679289
SPOC_official_like,HistGradientBoostingRegressor,all_ru_ahk_to_ru_aho_inner,All Ru-AHK (inner + outer) -> Ru-AHO inner,inner+outer,inner,All Ru-AHK,Delta learning,1,90,ru_aho_inner__00090,ru_aho_inner_00090,0.19433377,0.44419136429173456
SPOC_official_like,HistGradientBoostingRegressor,all_ru_ahk_to_ru_aho_inner,All Ru-AHK (inner + outer) -> Ru-AHO inner,inner+outer,inner,All Ru-AHK,Delta learning,1,94,ru_aho_inner__00094,ru_aho_inner_00094,0.04739647,1.1258203521820773
SPOC_official_like,HistGradientBoostingRegressor,all_ru_ahk_to_ru_aho_inner,All Ru-AHK (inner + outer) -> Ru-AHO inner,inner+outer,inner,All Ru-AHK,Mixed transfer,2,5,ru_aho_inner__00005,ru_aho_inner_00005,3.13437597,2.883782157201307
SPOC_official_like,HistGradientBoostingRegressor,all_ru_ahk_to_ru_aho_inner,All Ru-AHK (inner + outer) -> Ru-AHO inner,inner+outer,inner,All Ru-AHK,Mixed transfer,2,9,ru_aho_inner__00009,ru_aho_inner_00009,3.13437597,3.3480769182084704
SPOC_official_like,HistGradientBoostingRegressor,all_ru_ahk_to_ru_aho_inner,All Ru-AHK (inner + outer) -> Ru-AHO inner,inner+outer,inner,All Ru-AHK,Mixed transfer,2,11,ru_aho_inner__00011,ru_aho_inner_00011,2.81808334,2.5439966809209236
SPOC_official_like,HistGradientBoostingRegressor,all_ru_ahk_to_ru_aho_inner,All Ru-AHK (inner + outer) -> Ru-AHO inner,inner+outer,inner,All Ru-AHK,Mixed transfer,2,15,ru_aho_inner__00015,ru_aho_inner_00015,2.72095293,1.9447897785433392
SPOC_official_like,HistGradientBoostingRegressor,all_ru_ahk_to_ru_aho_inner,All Ru-AHK (inner + outer) -> Ru-AHO inner,inner+outer,inner,All Ru-AHK,Mixed transfer,2,16,ru_aho_inner__00016,ru_aho_inner_00016,2.72095293,3.173566380435212
SPOC_official_like,HistGradientBoostingRegressor,all_ru_ahk_to_ru_aho_inner,All Ru-AHK (inner + outer) -> Ru-AHO inner,inner+outer,inner,All Ru-AHK,Mixed transfer,2,28,ru_aho_inner__00028,ru_aho_inner_00028,2.47786275,2.6676614195773083
SPOC_official_like,HistGradientBoostingRegressor,all_ru_ahk_to_ru_aho_inner,All Ru-AHK (inner + outer) -> Ru-AHO inner,inner+outer,inner,All Ru-AHK,Mixed transfer,2,30,ru_aho_inner__00030,ru_aho_inner_00030,2.3515711,2.5736627165217425
SPOC_official_like,HistGradientBoostingRegressor,all_ru_ahk_to_ru_aho_inner,All Ru-AHK (inner + outer) -> Ru-AHO inner,inner+outer,inner,All Ru-AHK,Mixed transfer,2,33,ru_aho_inner__00033,ru_aho_inner_00033,2.30450133,2.339273631372244
SPOC_official_like,HistGradientBoostingRegressor,all_ru_ahk_to_ru_aho_inner,All Ru-AHK (inner + outer) -> Ru-AHO inner,inner+outer,inner,All Ru-AHK,Mixed transfer,2,35,ru_aho_inner__00035,ru_aho_inner_00035,2.30450133,2.892835639040588
SPOC_official_like,HistGradientBoostingRegressor,all_ru_ahk_to_ru_aho_inner,All Ru-AHK (inner + outer) -> Ru-AHO inner,inner+outer,inner,All Ru-AHK,Mixed transfer,2,39,ru_aho_inner__00039,ru_aho_inner_00039,2.16934032,2.078698384976043
SPOC_official_like,HistGradientBoostingRegressor,all_ru_ahk_to_ru_aho_inner,All Ru-AHK (inner + outer) -> Ru-AHO inner,inner+outer,inner,All Ru-AHK,Mixed transfer,2,45,ru_aho_inner__00045,ru_aho_inner_00045,2.01889808,2.052520334282146
SPOC_official_like,HistGradientBoostingRegressor,all_ru_ahk_to_ru_aho_inner,All Ru-AHK (inner + outer) -> Ru-AHO inner,inner+outer,inner,All Ru-AHK,Mixed transfer,2,49,ru_aho_inner__00049,ru_aho_inner_00049,1.9607788,1.0653748432654233
SPOC_official_like,HistGradientBoostingRegressor,all_ru_ahk_to_ru_aho_inner,All Ru-AHK (inner + outer) -> Ru-AHO inner,inner+outer,inner,All Ru-AHK,Mixed transfer,2,65,ru_aho_inner__00065,ru_aho_inner_00065,1.53168147,1.3417337156098348
SPOC_official_like,HistGradientBoostingRegressor,all_ru_ahk_to_ru_aho_inner,All Ru-AHK (inner + outer) -> Ru-AHO inner,inner+outer,inner,All Ru-AHK,Mixed transfer,2,68,ru_aho_inner__00068,ru_aho_inner_00068,1.49260764,1.9054450144466766
SPOC_official_like,HistGradientBoostingRegressor,all_ru_ahk_to_ru_aho_inner,All Ru-AHK (inner + outer) -> Ru-AHO inner,inner+outer,inner,All Ru-AHK,Mixed transfer,2,69,ru_aho_inner__00069,ru_aho_inner_00069,1.48763592,1.8784081615213626
SPOC_official_like,HistGradientBoostingRegressor,all_ru_ahk_to_ru_aho_inner,All Ru-AHK (inner + outer) -> Ru-AHO inner,inner+outer,inner,All Ru-AHK,Mixed transfer,2,70,ru_aho_inner__00070,ru_aho_inner_00070,1.47570337,1.825424471768465
SPOC_official_like,HistGradientBoostingRegressor,all_ru_ahk_to_ru_aho_inner,All Ru-AHK (inner + outer) -> Ru-AHO inner,inner+outer,inner,All Ru-AHK,Mixed transfer,2,72,ru_aho_inner__00072,ru_aho_inner_00072,1.40708549,1.3231403600593872
SPOC_official_like,HistGradientBoostingRegressor,all_ru_ahk_to_ru_aho_inner,All Ru-AHK (inner + outer) -> Ru-AHO inner,inner+outer,inner,All Ru-AHK,Mixed transfer,2,80,ru_aho_inner__00080,ru_aho_inner_00080,1.31904107,1.2320609186412355
SPOC_official_like,HistGradientBoostingRegressor,all_ru_ahk_to_ru_aho_inner,All Ru-AHK (inner + outer) -> Ru-AHO inner,inner+outer,inner,All Ru-AHK,Mixed transfer,2,88,ru_aho_inner__00088,ru_aho_inner_00088,0.39647984,1.1312827756282573
SPOC_official_like,HistGradientBoostingRegressor,all_ru_ahk_to_ru_aho_inner,All Ru-AHK (inner + outer) -> Ru-AHO inner,inner+outer,inner,All Ru-AHK,Mixed transfer,2,93,ru_aho_inner__00093,ru_aho_inner_00093,0.04819171,0.23263985586183605
SPOC_official_like,HistGradientBoostingRegressor,all_ru_ahk_to_ru_aho_inner,All Ru-AHK (inner + outer) -> Ru-AHO inner,inner+outer,inner,All Ru-AHK,Delta learning,2,5,ru_aho_inner__00005,ru_aho_inner_00005,3.13437597,2.8280958363533335
SPOC_official_like,HistGradientBoostingRegressor,all_ru_ahk_to_ru_aho_inner,All Ru-AHK (inner + outer) -> Ru-AHO inner,inner+outer,inner,All Ru-AHK,Delta learning,2,9,ru_aho_inner__00009,ru_aho_inner_00009,3.13437597,3.508736111355592
SPOC_official_like,HistGradientBoostingRegressor,all_ru_ahk_to_ru_aho_inner,All Ru-AHK (inner + outer) -> Ru-AHO inner,inner+outer,inner,All Ru-AHK,Delta learning,2,11,ru_aho_inner__00011,ru_aho_inner_00011,2.81808334,2.486703688104832
SPOC_official_like,HistGradientBoostingRegressor,all_ru_ahk_to_ru_aho_inner,All Ru-AHK (inner + outer) -> Ru-AHO inner,inner+outer,inner,All Ru-AHK,Delta learning,2,15,ru_aho_inner__00015,ru_aho_inner_00015,2.72095293,1.615596266920517
SPOC_official_like,HistGradientBoostingRegressor,all_ru_ahk_to_ru_aho_inner,All Ru-AHK (inner + outer) -> Ru-AHO inner,inner+outer,inner,All Ru-AHK,Delta learning,2,16,ru_aho_inner__00016,ru_aho_inner_00016,2.72095293,3.2054559816324644
SPOC_official_like,HistGradientBoostingRegressor,all_ru_ahk_to_ru_aho_inner,All Ru-AHK (inner + outer) -> Ru-AHO inner,inner+outer,inner,All Ru-AHK,Delta learning,2,28,ru_aho_inner__00028,ru_aho_inner_00028,2.47786275,2.736751960468845
SPOC_official_like,HistGradientBoostingRegressor,all_ru_ahk_to_ru_aho_inner,All Ru-AHK (inner + outer) -> Ru-AHO inner,inner+outer,inner,All Ru-AHK,Delta learning,2,30,ru_aho_inner__00030,ru_aho_inner_00030,2.3515711,2.3616556447821315
SPOC_official_like,HistGradientBoostingRegressor,all_ru_ahk_to_ru_aho_inner,All Ru-AHK (inner + outer) -> Ru-AHO inner,inner+outer,inner,All Ru-AHK,Delta learning,2,33,ru_aho_inner__00033,ru_aho_inner_00033,2.30450133,2.700684521772769
SPOC_official_like,HistGradientBoostingRegressor,all_ru_ahk_to_ru_aho_inner,All Ru-AHK (inner + outer) -> Ru-AHO inner,inner+outer,inner,All Ru-AHK,Delta learning,2,35,ru_aho_inner__00035,ru_aho_inner_00035,2.30450133,2.934989145147065
SPOC_official_like,HistGradientBoostingRegressor,all_ru_ahk_to_ru_aho_inner,All Ru-AHK (inner + outer) -> Ru-AHO inner,inner+outer,inner,All Ru-AHK,Delta learning,2,39,ru_aho_inner__00039,ru_aho_inner_00039,2.16934032,1.4185951938988852
SPOC_official_like,HistGradientBoostingRegressor,all_ru_ahk_to_ru_aho_inner,All Ru-AHK (inner + outer) -> Ru-AHO inner,inner+outer,inner,All Ru-AHK,Delta learning,2,45,ru_aho_inner__00045,ru_aho_inner_00045,2.01889808,2.0420039854898375
SPOC_official_like,HistGradientBoostingRegressor,all_ru_ahk_to_ru_aho_inner,All Ru-AHK (inner + outer) -> Ru-AHO inner,inner+outer,inner,All Ru-AHK,Delta learning,2,49,ru_aho_inner__00049,ru_aho_inner_00049,1.9607788,1.0276289785436497
SPOC_official_like,HistGradientBoostingRegressor,all_ru_ahk_to_ru_aho_inner,All Ru-AHK (inner + outer) -> Ru-AHO inner,inner+outer,inner,All Ru-AHK,Delta learning,2,65,ru_aho_inner__00065,ru_aho_inner_00065,1.53168147,1.3831261464190252
SPOC_official_like,HistGradientBoostingRegressor,all_ru_ahk_to_ru_aho_inner,All Ru-AHK (inner + outer) -> Ru-AHO inner,inner+outer,inner,All Ru-AHK,Delta learning,2,68,ru_aho_inner__00068,ru_aho_inner_00068,1.49260764,1.8472024002886926
SPOC_official_like,HistGradientBoostingRegressor,all_ru_ahk_to_ru_aho_inner,All Ru-AHK (inner + outer) -> Ru-AHO inner,inner+outer,inner,All Ru-AHK,Delta learning,2,69,ru_aho_inner__00069,ru_aho_inner_00069,1.48763592,1.6494102033137783
SPOC_official_like,HistGradientBoostingRegressor,all_ru_ahk_to_ru_aho_inner,All Ru-AHK (inner + outer) -> Ru-AHO inner,inner+outer,inner,All Ru-AHK,Delta learning,2,70,ru_aho_inner__00070,ru_aho_inner_00070,1.47570337,1.4733925453908716
SPOC_official_like,HistGradientBoostingRegressor,all_ru_ahk_to_ru_aho_inner,All Ru-AHK (inner + outer) -> Ru-AHO inner,inner+outer,inner,All Ru-AHK,Delta learning,2,72,ru_aho_inner__00072,ru_aho_inner_00072,1.40708549,1.349775623054437
SPOC_official_like,HistGradientBoostingRegressor,all_ru_ahk_to_ru_aho_inner,All Ru-AHK (inner + outer) -> Ru-AHO inner,inner+outer,inner,All Ru-AHK,Delta learning,2,80,ru_aho_inner__00080,ru_aho_inner_00080,1.31904107,1.2808474493375175
SPOC_official_like,HistGradientBoostingRegressor,all_ru_ahk_to_ru_aho_inner,All Ru-AHK (inner + outer) -> Ru-AHO inner,inner+outer,inner,All Ru-AHK,Delta learning,2,88,ru_aho_inner__00088,ru_aho_inner_00088,0.39647984,1.2783373714352173
SPOC_official_like,HistGradientBoostingRegressor,all_ru_ahk_to_ru_aho_inner,All Ru-AHK (inner + outer) -> Ru-AHO inner,inner+outer,inner,All Ru-AHK,Delta learning,2,93,ru_aho_inner__00093,ru_aho_inner_00093,0.04819171,0.46743609134985786
SPOC_official_like,HistGradientBoostingRegressor,all_ru_ahk_to_ru_aho_inner,All Ru-AHK (inner + outer) -> Ru-AHO inner,inner+outer,inner,All Ru-AHK,Mixed transfer,3,3,ru_aho_inner__00003,ru_aho_inner_00003,3.67873076,2.424829414564229
SPOC_official_like,HistGradientBoostingRegressor,all_ru_ahk_to_ru_aho_inner,All Ru-AHK (inner + outer) -> Ru-AHO inner,inner+outer,inner,All Ru-AHK,Mixed transfer,3,6,ru_aho_inner__00006,ru_aho_inner_00006,3.13437597,2.5330424993458736
SPOC_official_like,HistGradientBoostingRegressor,all_ru_ahk_to_ru_aho_inner,All Ru-AHK (inner + outer) -> Ru-AHO inner,inner+outer,inner,All Ru-AHK,Mixed transfer,3,7,ru_aho_inner__00007,ru_aho_inner_00007,3.13437597,2.620498720567177
SPOC_official_like,HistGradientBoostingRegressor,all_ru_ahk_to_ru_aho_inner,All Ru-AHK (inner + outer) -> Ru-AHO inner,inner+outer,inner,All Ru-AHK,Mixed transfer,3,8,ru_aho_inner__00008,ru_aho_inner_00008,3.13437597,2.3407743579657234
SPOC_official_like,HistGradientBoostingRegressor,all_ru_ahk_to_ru_aho_inner,All Ru-AHK (inner + outer) -> Ru-AHO inner,inner+outer,inner,All Ru-AHK,Mixed transfer,3,13,ru_aho_inner__00013,ru_aho_inner_00013,2.72095293,2.2540015941845217
SPOC_official_like,HistGradientBoostingRegressor,all_ru_ahk_to_ru_aho_inner,All Ru-AHK (inner + outer) -> Ru-AHO inner,inner+outer,inner,All Ru-AHK,Mixed transfer,3,17,ru_aho_inner__00017,ru_aho_inner_00017,2.72095293,3.0321674751541696
SPOC_official_like,HistGradientBoostingRegressor,all_ru_ahk_to_ru_aho_inner,All Ru-AHK (inner + outer) -> Ru-AHO inner,inner+outer,inner,All Ru-AHK,Mixed transfer,3,19,ru_aho_inner__00019,ru_aho_inner_00019,2.72095293,2.586077690650561
SPOC_official_like,HistGradientBoostingRegressor,all_ru_ahk_to_ru_aho_inner,All Ru-AHK (inner + outer) -> Ru-AHO inner,inner+outer,inner,All Ru-AHK,Mixed transfer,3,24,ru_aho_inner__00024,ru_aho_inner_00024,2.49823771,2.4914004703633474
SPOC_official_like,HistGradientBoostingRegressor,all_ru_ahk_to_ru_aho_inner,All Ru-AHK (inner + outer) -> Ru-AHO inner,inner+outer,inner,All Ru-AHK,Mixed transfer,3,25,ru_aho_inner__00025,ru_aho_inner_00025,2.49823771,2.38823696270603
SPOC_official_like,HistGradientBoostingRegressor,all_ru_ahk_to_ru_aho_inner,All Ru-AHK (inner + outer) -> Ru-AHO inner,inner+outer,inner,All Ru-AHK,Mixed transfer,3,27,ru_aho_inner__00027,ru_aho_inner_00027,2.47786275,3.025490567041011
SPOC_official_like,HistGradientBoostingRegressor,all_ru_ahk_to_ru_aho_inner,All Ru-AHK (inner + outer) -> Ru-AHO inner,inner+outer,inner,All Ru-AHK,Mixed transfer,3,34,ru_aho_inner__00034,ru_aho_inner_00034,2.30450133,3.1371693050232543
SPOC_official_like,HistGradientBoostingRegressor,all_ru_ahk_to_ru_aho_inner,All Ru-AHK (inner + outer) -> Ru-AHO inner,inner+outer,inner,All Ru-AHK,Mixed transfer,3,36,ru_aho_inner__00036,ru_aho_inner_00036,2.28957767,2.2839917815040476
SPOC_official_like,HistGradientBoostingRegressor,all_ru_ahk_to_ru_aho_inner,All Ru-AHK (inner + outer) -> Ru-AHO inner,inner+outer,inner,All Ru-AHK,Mixed transfer,3,38,ru_aho_inner__00038,ru_aho_inner_00038,2.20688949,2.0505941032250767
SPOC_official_like,HistGradientBoostingRegressor,all_ru_ahk_to_ru_aho_inner,All Ru-AHK (inner + outer) -> Ru-AHO inner,inner+outer,inner,All Ru-AHK,Mixed transfer,3,53,ru_aho_inner__00053,ru_aho_inner_00053,1.84440958,1.8312369492839635
SPOC_official_like,HistGradientBoostingRegressor,all_ru_ahk_to_ru_aho_inner,All Ru-AHK (inner + outer) -> Ru-AHO inner,inner+outer,inner,All Ru-AHK,Mixed transfer,3,55,ru_aho_inner__00055,ru_aho_inner_00055,1.80901573,2.144566219936749
SPOC_official_like,HistGradientBoostingRegressor,all_ru_ahk_to_ru_aho_inner,All Ru-AHK (inner + outer) -> Ru-AHO inner,inner+outer,inner,All Ru-AHK,Mixed transfer,3,56,ru_aho_inner__00056,ru_aho_inner_00056,1.73731552,2.3915252815584065
SPOC_official_like,HistGradientBoostingRegressor,all_ru_ahk_to_ru_aho_inner,All Ru-AHK (inner + outer) -> Ru-AHO inner,inner+outer,inner,All Ru-AHK,Mixed transfer,3,76,ru_aho_inner__00076,ru_aho_inner_00076,1.36999511,1.0294581112006285
SPOC_official_like,HistGradientBoostingRegressor,all_ru_ahk_to_ru_aho_inner,All Ru-AHK (inner + outer) -> Ru-AHO inner,inner+outer,inner,All Ru-AHK,Mixed transfer,3,78,ru_aho_inner__00078,ru_aho_inner_00078,1.35390456,1.378999165981253
SPOC_official_like,HistGradientBoostingRegressor,all_ru_ahk_to_ru_aho_inner,All Ru-AHK (inner + outer) -> Ru-AHO inner,inner+outer,inner,All Ru-AHK,Mixed transfer,3,79,ru_aho_inner__00079,ru_aho_inner_00079,1.33471728,1.2801823902314244
SPOC_official_like,HistGradientBoostingRegressor,all_ru_ahk_to_ru_aho_inner,All Ru-AHK (inner + outer) -> Ru-AHO inner,inner+outer,inner,All Ru-AHK,Mixed transfer,3,85,ru_aho_inner__00085,ru_aho_inner_00085,0.80254597,0.25099423026744233
SPOC_official_like,HistGradientBoostingRegressor,all_ru_ahk_to_ru_aho_inner,All Ru-AHK (inner + outer) -> Ru-AHO inner,inner+outer,inner,All Ru-AHK,Delta learning,3,3,ru_aho_inner__00003,ru_aho_inner_00003,3.67873076,2.389320065327464
SPOC_official_like,HistGradientBoostingRegressor,all_ru_ahk_to_ru_aho_inner,All Ru-AHK (inner + outer) -> Ru-AHO inner,inner+outer,inner,All Ru-AHK,Delta learning,3,6,ru_aho_inner__00006,ru_aho_inner_00006,3.13437597,1.969891367996115
SPOC_official_like,HistGradientBoostingRegressor,all_ru_ahk_to_ru_aho_inner,All Ru-AHK (inner + outer) -> Ru-AHO inner,inner+outer,inner,All Ru-AHK,Delta learning,3,7,ru_aho_inner__00007,ru_aho_inner_00007,3.13437597,1.9003139294348914
SPOC_official_like,HistGradientBoostingRegressor,all_ru_ahk_to_ru_aho_inner,All Ru-AHK (inner + outer) -> Ru-AHO inner,inner+outer,inner,All Ru-AHK,Delta learning,3,8,ru_aho_inner__00008,ru_aho_inner_00008,3.13437597,1.878530418279011
SPOC_official_like,HistGradientBoostingRegressor,all_ru_ahk_to_ru_aho_inner,All Ru-AHK (inner + outer) -> Ru-AHO inner,inner+outer,inner,All Ru-AHK,Delta learning,3,13,ru_aho_inner__00013,ru_aho_inner_00013,2.72095293,2.7917922671994404
SPOC_official_like,HistGradientBoostingRegressor,all_ru_ahk_to_ru_aho_inner,All Ru-AHK (inner + outer) -> Ru-AHO inner,inner+outer,inner,All Ru-AHK,Delta learning,3,17,ru_aho_inner__00017,ru_aho_inner_00017,2.72095293,3.292763001742754
SPOC_official_like,HistGradientBoostingRegressor,all_ru_ahk_to_ru_aho_inner,All Ru-AHK (inner + outer) -> Ru-AHO inner,inner+outer,inner,All Ru-AHK,Delta learning,3,19,ru_aho_inner__00019,ru_aho_inner_00019,2.72095293,3.389167723271723
SPOC_official_like,HistGradientBoostingRegressor,all_ru_ahk_to_ru_aho_inner,All Ru-AHK (inner + outer) -> Ru-AHO inner,inner+outer,inner,All Ru-AHK,Delta learning,3,24,ru_aho_inner__00024,ru_aho_inner_00024,2.49823771,2.5436681744324847
SPOC_official_like,HistGradientBoostingRegressor,all_ru_ahk_to_ru_aho_inner,All Ru-AHK (inner + outer) -> Ru-AHO inner,inner+outer,inner,All Ru-AHK,Delta learning,3,25,ru_aho_inner__00025,ru_aho_inner_00025,2.49823771,2.569776706894963
SPOC_official_like,HistGradientBoostingRegressor,all_ru_ahk_to_ru_aho_inner,All Ru-AHK (inner + outer) -> Ru-AHO inner,inner+outer,inner,All Ru-AHK,Delta learning,3,27,ru_aho_inner__00027,ru_aho_inner_00027,2.47786275,2.8017388054404915
SPOC_official_like,HistGradientBoostingRegressor,all_ru_ahk_to_ru_aho_inner,All Ru-AHK (inner + outer) -> Ru-AHO inner,inner+outer,inner,All Ru-AHK,Delta learning,3,34,ru_aho_inner__00034,ru_aho_inner_00034,2.30450133,3.308704203477051
SPOC_official_like,HistGradientBoostingRegressor,all_ru_ahk_to_ru_aho_inner,All Ru-AHK (inner + outer) -> Ru-AHO inner,inner+outer,inner,All Ru-AHK,Delta learning,3,36,ru_aho_inner__00036,ru_aho_inner_00036,2.28957767,2.096070609955664
SPOC_official_like,HistGradientBoostingRegressor,all_ru_ahk_to_ru_aho_inner,All Ru-AHK (inner + outer) -> Ru-AHO inner,inner+outer,inner,All Ru-AHK,Delta learning,3,38,ru_aho_inner__00038,ru_aho_inner_00038,2.20688949,2.2024619296064976
SPOC_official_like,HistGradientBoostingRegressor,all_ru_ahk_to_ru_aho_inner,All Ru-AHK (inner + outer) -> Ru-AHO inner,inner+outer,inner,All Ru-AHK,Delta learning,3,53,ru_aho_inner__00053,ru_aho_inner_00053,1.84440958,1.9380388104027608
SPOC_official_like,HistGradientBoostingRegressor,all_ru_ahk_to_ru_aho_inner,All Ru-AHK (inner + outer) -> Ru-AHO inner,inner+outer,inner,All Ru-AHK,Delta learning,3,55,ru_aho_inner__00055,ru_aho_inner_00055,1.80901573,2.4559994959384186
SPOC_official_like,HistGradientBoostingRegressor,all_ru_ahk_to_ru_aho_inner,All Ru-AHK (inner + outer) -> Ru-AHO inner,inner+outer,inner,All Ru-AHK,Delta learning,3,56,ru_aho_inner__00056,ru_aho_inner_00056,1.73731552,2.460585051928547
SPOC_official_like,HistGradientBoostingRegressor,all_ru_ahk_to_ru_aho_inner,All Ru-AHK (inner + outer) -> Ru-AHO inner,inner+outer,inner,All Ru-AHK,Delta learning,3,76,ru_aho_inner__00076,ru_aho_inner_00076,1.36999511,0.7316293292010212
SPOC_official_like,HistGradientBoostingRegressor,all_ru_ahk_to_ru_aho_inner,All Ru-AHK (inner + outer) -> Ru-AHO inner,inner+outer,inner,All Ru-AHK,Delta learning,3,78,ru_aho_inner__00078,ru_aho_inner_00078,1.35390456,1.4059634610570235
SPOC_official_like,HistGradientBoostingRegressor,all_ru_ahk_to_ru_aho_inner,All Ru-AHK (inner + outer) -> Ru-AHO inner,inner+outer,inner,All Ru-AHK,Delta learning,3,79,ru_aho_inner__00079,ru_aho_inner_00079,1.33471728,1.037406746425966
SPOC_official_like,HistGradientBoostingRegressor,all_ru_ahk_to_ru_aho_inner,All Ru-AHK (inner + outer) -> Ru-AHO inner,inner+outer,inner,All Ru-AHK,Delta learning,3,85,ru_aho_inner__00085,ru_aho_inner_00085,0.80254597,0.39970009826210395
SPOC_official_like,HistGradientBoostingRegressor,all_ru_ahk_to_ru_aho_inner,All Ru-AHK (inner + outer) -> Ru-AHO inner,inner+outer,inner,All Ru-AHK,Mixed transfer,4,32,ru_aho_inner__00032,ru_aho_inner_00032,2.30450133,2.404914099306983
SPOC_official_like,HistGradientBoostingRegressor,all_ru_ahk_to_ru_aho_inner,All Ru-AHK (inner + outer) -> Ru-AHO inner,inner+outer,inner,All Ru-AHK,Mixed transfer,4,41,ru_aho_inner__00041,ru_aho_inner_00041,2.13444943,2.4617138652179875
SPOC_official_like,HistGradientBoostingRegressor,all_ru_ahk_to_ru_aho_inner,All Ru-AHK (inner + outer) -> Ru-AHO inner,inner+outer,inner,All Ru-AHK,Mixed transfer,4,43,ru_aho_inner__00043,ru_aho_inner_00043,2.11117069,1.8604452419923267
SPOC_official_like,HistGradientBoostingRegressor,all_ru_ahk_to_ru_aho_inner,All Ru-AHK (inner + outer) -> Ru-AHO inner,inner+outer,inner,All Ru-AHK,Mixed transfer,4,46,ru_aho_inner__00046,ru_aho_inner_00046,2.00941149,2.6920072884429884
SPOC_official_like,HistGradientBoostingRegressor,all_ru_ahk_to_ru_aho_inner,All Ru-AHK (inner + outer) -> Ru-AHO inner,inner+outer,inner,All Ru-AHK,Mixed transfer,4,48,ru_aho_inner__00048,ru_aho_inner_00048,1.96551622,1.8376499194251603
SPOC_official_like,HistGradientBoostingRegressor,all_ru_ahk_to_ru_aho_inner,All Ru-AHK (inner + outer) -> Ru-AHO inner,inner+outer,inner,All Ru-AHK,Mixed transfer,4,50,ru_aho_inner__00050,ru_aho_inner_00050,1.95650617,1.8604452419923267
SPOC_official_like,HistGradientBoostingRegressor,all_ru_ahk_to_ru_aho_inner,All Ru-AHK (inner + outer) -> Ru-AHO inner,inner+outer,inner,All Ru-AHK,Mixed transfer,4,54,ru_aho_inner__00054,ru_aho_inner_00054,1.80901573,2.079282450517621
SPOC_official_like,HistGradientBoostingRegressor,all_ru_ahk_to_ru_aho_inner,All Ru-AHK (inner + outer) -> Ru-AHO inner,inner+outer,inner,All Ru-AHK,Mixed transfer,4,57,ru_aho_inner__00057,ru_aho_inner_00057,1.68395754,2.7798300786808054
SPOC_official_like,HistGradientBoostingRegressor,all_ru_ahk_to_ru_aho_inner,All Ru-AHK (inner + outer) -> Ru-AHO inner,inner+outer,inner,All Ru-AHK,Mixed transfer,4,58,ru_aho_inner__00058,ru_aho_inner_00058,1.66417952,1.4187935309483741
SPOC_official_like,HistGradientBoostingRegressor,all_ru_ahk_to_ru_aho_inner,All Ru-AHK (inner + outer) -> Ru-AHO inner,inner+outer,inner,All Ru-AHK,Mixed transfer,4,59,ru_aho_inner__00059,ru_aho_inner_00059,1.62929332,1.6569347645638546
SPOC_official_like,HistGradientBoostingRegressor,all_ru_ahk_to_ru_aho_inner,All Ru-AHK (inner + outer) -> Ru-AHO inner,inner+outer,inner,All Ru-AHK,Mixed transfer,4,61,ru_aho_inner__00061,ru_aho_inner_00061,1.57873877,1.2884200318085586
SPOC_official_like,HistGradientBoostingRegressor,all_ru_ahk_to_ru_aho_inner,All Ru-AHK (inner + outer) -> Ru-AHO inner,inner+outer,inner,All Ru-AHK,Mixed transfer,4,63,ru_aho_inner__00063,ru_aho_inner_00063,1.56019653,1.2884200318085586
SPOC_official_like,HistGradientBoostingRegressor,all_ru_ahk_to_ru_aho_inner,All Ru-AHK (inner + outer) -> Ru-AHO inner,inner+outer,inner,All Ru-AHK,Mixed transfer,4,66,ru_aho_inner__00066,ru_aho_inner_00066,1.51369193,1.3519282691485959
SPOC_official_like,HistGradientBoostingRegressor,all_ru_ahk_to_ru_aho_inner,All Ru-AHK (inner + outer) -> Ru-AHO inner,inner+outer,inner,All Ru-AHK,Mixed transfer,4,67,ru_aho_inner__00067,ru_aho_inner_00067,1.51369193,1.42928441948282
SPOC_official_like,HistGradientBoostingRegressor,all_ru_ahk_to_ru_aho_inner,All Ru-AHK (inner + outer) -> Ru-AHO inner,inner+outer,inner,All Ru-AHK,Mixed transfer,4,77,ru_aho_inner__00077,ru_aho_inner_00077,1.36283425,1.162202298865273
SPOC_official_like,HistGradientBoostingRegressor,all_ru_ahk_to_ru_aho_inner,All Ru-AHK (inner + outer) -> Ru-AHO inner,inner+outer,inner,All Ru-AHK,Mixed transfer,4,84,ru_aho_inner__00084,ru_aho_inner_00084,0.80438248,1.6134713104365912
SPOC_official_like,HistGradientBoostingRegressor,all_ru_ahk_to_ru_aho_inner,All Ru-AHK (inner + outer) -> Ru-AHO inner,inner+outer,inner,All Ru-AHK,Mixed transfer,4,95,ru_aho_inner__00095,ru_aho_inner_00095,0.0120419,0.4136535845184716
SPOC_official_like,HistGradientBoostingRegressor,all_ru_ahk_to_ru_aho_inner,All Ru-AHK (inner + outer) -> Ru-AHO inner,inner+outer,inner,All Ru-AHK,Mixed transfer,4,96,ru_aho_inner__00096,ru_aho_inner_00096,0.0,0.6069807731829743
SPOC_official_like,HistGradientBoostingRegressor,all_ru_ahk_to_ru_aho_inner,All Ru-AHK (inner + outer) -> Ru-AHO inner,inner+outer,inner,All Ru-AHK,Mixed transfer,4,97,ru_aho_inner__00097,ru_aho_inner_00097,0.0,0.5565691935038949
SPOC_official_like,HistGradientBoostingRegressor,all_ru_ahk_to_ru_aho_inner,All Ru-AHK (inner + outer) -> Ru-AHO inner,inner+outer,inner,All Ru-AHK,Delta learning,4,32,ru_aho_inner__00032,ru_aho_inner_00032,2.30450133,2.5971791504854256
SPOC_official_like,HistGradientBoostingRegressor,all_ru_ahk_to_ru_aho_inner,All Ru-AHK (inner + outer) -> Ru-AHO inner,inner+outer,inner,All Ru-AHK,Delta learning,4,41,ru_aho_inner__00041,ru_aho_inner_00041,2.13444943,2.557616756312028
SPOC_official_like,HistGradientBoostingRegressor,all_ru_ahk_to_ru_aho_inner,All Ru-AHK (inner + outer) -> Ru-AHO inner,inner+outer,inner,All Ru-AHK,Delta learning,4,43,ru_aho_inner__00043,ru_aho_inner_00043,2.11117069,1.702715249516844
SPOC_official_like,HistGradientBoostingRegressor,all_ru_ahk_to_ru_aho_inner,All Ru-AHK (inner + outer) -> Ru-AHO inner,inner+outer,inner,All Ru-AHK,Delta learning,4,46,ru_aho_inner__00046,ru_aho_inner_00046,2.00941149,2.6960111490052023
SPOC_official_like,HistGradientBoostingRegressor,all_ru_ahk_to_ru_aho_inner,All Ru-AHK (inner + outer) -> Ru-AHO inner,inner+outer,inner,All Ru-AHK,Delta learning,4,48,ru_aho_inner__00048,ru_aho_inner_00048,1.96551622,1.4814751553651189
SPOC_official_like,HistGradientBoostingRegressor,all_ru_ahk_to_ru_aho_inner,All Ru-AHK (inner + outer) -> Ru-AHO inner,inner+outer,inner,All Ru-AHK,Delta learning,4,50,ru_aho_inner__00050,ru_aho_inner_00050,1.95650617,1.702715249516844
SPOC_official_like,HistGradientBoostingRegressor,all_ru_ahk_to_ru_aho_inner,All Ru-AHK (inner + outer) -> Ru-AHO inner,inner+outer,inner,All Ru-AHK,Delta learning,4,54,ru_aho_inner__00054,ru_aho_inner_00054,1.80901573,1.6663129861766641
SPOC_official_like,HistGradientBoostingRegressor,all_ru_ahk_to_ru_aho_inner,All Ru-AHK (inner + outer) -> Ru-AHO inner,inner+outer,inner,All Ru-AHK,Delta learning,4,57,ru_aho_inner__00057,ru_aho_inner_00057,1.68395754,2.584615364453956
SPOC_official_like,HistGradientBoostingRegressor,all_ru_ahk_to_ru_aho_inner,All Ru-AHK (inner + outer) -> Ru-AHO inner,inner+outer,inner,All Ru-AHK,Delta learning,4,58,ru_aho_inner__00058,ru_aho_inner_00058,1.66417952,1.3618779498697324
SPOC_official_like,HistGradientBoostingRegressor,all_ru_ahk_to_ru_aho_inner,All Ru-AHK (inner + outer) -> Ru-AHO inner,inner+outer,inner,All Ru-AHK,Delta learning,4,59,ru_aho_inner__00059,ru_aho_inner_00059,1.62929332,1.2129814713833116
SPOC_official_like,HistGradientBoostingRegressor,all_ru_ahk_to_ru_aho_inner,All Ru-AHK (inner + outer) -> Ru-AHO inner,inner+outer,inner,All Ru-AHK,Delta learning,4,61,ru_aho_inner__00061,ru_aho_inner_00061,1.57873877,1.1386893646704552
SPOC_official_like,HistGradientBoostingRegressor,all_ru_ahk_to_ru_aho_inner,All Ru-AHK (inner + outer) -> Ru-AHO inner,inner+outer,inner,All Ru-AHK,Delta learning,4,63,ru_aho_inner__00063,ru_aho_inner_00063,1.56019653,1.1386893646704552
SPOC_official_like,HistGradientBoostingRegressor,all_ru_ahk_to_ru_aho_inner,All Ru-AHK (inner + outer) -> Ru-AHO inner,inner+outer,inner,All Ru-AHK,Delta learning,4,66,ru_aho_inner__00066,ru_aho_inner_00066,1.51369193,1.3793762259955746
SPOC_official_like,HistGradientBoostingRegressor,all_ru_ahk_to_ru_aho_inner,All Ru-AHK (inner + outer) -> Ru-AHO inner,inner+outer,inner,All Ru-AHK,Delta learning,4,67,ru_aho_inner__00067,ru_aho_inner_00067,1.51369193,1.2528635161855375
SPOC_official_like,HistGradientBoostingRegressor,all_ru_ahk_to_ru_aho_inner,All Ru-AHK (inner + outer) -> Ru-AHO inner,inner+outer,inner,All Ru-AHK,Delta learning,4,77,ru_aho_inner__00077,ru_aho_inner_00077,1.36283425,1.1243079053693719
SPOC_official_like,HistGradientBoostingRegressor,all_ru_ahk_to_ru_aho_inner,All Ru-AHK (inner + outer) -> Ru-AHO inner,inner+outer,inner,All Ru-AHK,Delta learning,4,84,ru_aho_inner__00084,ru_aho_inner_00084,0.80438248,1.5055576267107933
SPOC_official_like,HistGradientBoostingRegressor,all_ru_ahk_to_ru_aho_inner,All Ru-AHK (inner + outer) -> Ru-AHO inner,inner+outer,inner,All Ru-AHK,Delta learning,4,95,ru_aho_inner__00095,ru_aho_inner_00095,0.0120419,0.45115029000025864
SPOC_official_like,HistGradientBoostingRegressor,all_ru_ahk_to_ru_aho_inner,All Ru-AHK (inner + outer) -> Ru-AHO inner,inner+outer,inner,All Ru-AHK,Delta learning,4,96,ru_aho_inner__00096,ru_aho_inner_00096,0.0,0.9612152955589924
SPOC_official_like,HistGradientBoostingRegressor,all_ru_ahk_to_ru_aho_inner,All Ru-AHK (inner + outer) -> Ru-AHO inner,inner+outer,inner,All Ru-AHK,Delta learning,4,97,ru_aho_inner__00097,ru_aho_inner_00097,0.0,1.0237392605847417
SPOC_official_like,HistGradientBoostingRegressor,all_ru_ahk_to_ru_aho_inner,All Ru-AHK (inner + outer) -> Ru-AHO inner,inner+outer,inner,All Ru-AHK,Mixed transfer,5,1,ru_aho_inner__00001,ru_aho_inner_00001,4.50050002,3.0119349563312494
SPOC_official_like,HistGradientBoostingRegressor,all_ru_ahk_to_ru_aho_inner,All Ru-AHK (inner + outer) -> Ru-AHO inner,inner+outer,inner,All Ru-AHK,Mixed transfer,5,2,ru_aho_inner__00002,ru_aho_inner_00002,3.84937533,2.754644840284962
SPOC_official_like,HistGradientBoostingRegressor,all_ru_ahk_to_ru_aho_inner,All Ru-AHK (inner + outer) -> Ru-AHO inner,inner+outer,inner,All Ru-AHK,Mixed transfer,5,14,ru_aho_inner__00014,ru_aho_inner_00014,2.72095293,2.765601312060095
SPOC_official_like,HistGradientBoostingRegressor,all_ru_ahk_to_ru_aho_inner,All Ru-AHK (inner + outer) -> Ru-AHO inner,inner+outer,inner,All Ru-AHK,Mixed transfer,5,20,ru_aho_inner__00020,ru_aho_inner_00020,2.72095293,2.721803905668233
SPOC_official_like,HistGradientBoostingRegressor,all_ru_ahk_to_ru_aho_inner,All Ru-AHK (inner + outer) -> Ru-AHO inner,inner+outer,inner,All Ru-AHK,Mixed transfer,5,21,ru_aho_inner__00021,ru_aho_inner_00021,2.6917632,2.569653912497277
SPOC_official_like,HistGradientBoostingRegressor,all_ru_ahk_to_ru_aho_inner,All Ru-AHK (inner + outer) -> Ru-AHO inner,inner+outer,inner,All Ru-AHK,Mixed transfer,5,23,ru_aho_inner__00023,ru_aho_inner_00023,2.61179564,2.097442499971706
SPOC_official_like,HistGradientBoostingRegressor,all_ru_ahk_to_ru_aho_inner,All Ru-AHK (inner + outer) -> Ru-AHO inner,inner+outer,inner,All Ru-AHK,Mixed transfer,5,29,ru_aho_inner__00029,ru_aho_inner_00029,2.47786275,2.738796094762823
SPOC_official_like,HistGradientBoostingRegressor,all_ru_ahk_to_ru_aho_inner,All Ru-AHK (inner + outer) -> Ru-AHO inner,inner+outer,inner,All Ru-AHK,Mixed transfer,5,37,ru_aho_inner__00037,ru_aho_inner_00037,2.26077037,1.9669033217995788
SPOC_official_like,HistGradientBoostingRegressor,all_ru_ahk_to_ru_aho_inner,All Ru-AHK (inner + outer) -> Ru-AHO inner,inner+outer,inner,All Ru-AHK,Mixed transfer,5,51,ru_aho_inner__00051,ru_aho_inner_00051,1.94448624,1.6092085659632611
SPOC_official_like,HistGradientBoostingRegressor,all_ru_ahk_to_ru_aho_inner,All Ru-AHK (inner + outer) -> Ru-AHO inner,inner+outer,inner,All Ru-AHK,Mixed transfer,5,52,ru_aho_inner__00052,ru_aho_inner_00052,1.88185187,1.556968329293056
SPOC_official_like,HistGradientBoostingRegressor,all_ru_ahk_to_ru_aho_inner,All Ru-AHK (inner + outer) -> Ru-AHO inner,inner+outer,inner,All Ru-AHK,Mixed transfer,5,60,ru_aho_inner__00060,ru_aho_inner_00060,1.62929332,2.5695139535695692
SPOC_official_like,HistGradientBoostingRegressor,all_ru_ahk_to_ru_aho_inner,All Ru-AHK (inner + outer) -> Ru-AHO inner,inner+outer,inner,All Ru-AHK,Mixed transfer,5,71,ru_aho_inner__00071,ru_aho_inner_00071,1.47016368,1.5576228007191484
SPOC_official_like,HistGradientBoostingRegressor,all_ru_ahk_to_ru_aho_inner,All Ru-AHK (inner + outer) -> Ru-AHO inner,inner+outer,inner,All Ru-AHK,Mixed transfer,5,74,ru_aho_inner__00074,ru_aho_inner_00074,1.38325909,1.3472950133242207
SPOC_official_like,HistGradientBoostingRegressor,all_ru_ahk_to_ru_aho_inner,All Ru-AHK (inner + outer) -> Ru-AHO inner,inner+outer,inner,All Ru-AHK,Mixed transfer,5,82,ru_aho_inner__00082,ru_aho_inner_00082,0.99242206,1.2943635676459775
SPOC_official_like,HistGradientBoostingRegressor,all_ru_ahk_to_ru_aho_inner,All Ru-AHK (inner + outer) -> Ru-AHO inner,inner+outer,inner,All Ru-AHK,Mixed transfer,5,86,ru_aho_inner__00086,ru_aho_inner_00086,0.67501313,1.0206209925036884
SPOC_official_like,HistGradientBoostingRegressor,all_ru_ahk_to_ru_aho_inner,All Ru-AHK (inner + outer) -> Ru-AHO inner,inner+outer,inner,All Ru-AHK,Mixed transfer,5,87,ru_aho_inner__00087,ru_aho_inner_00087,0.56782018,1.1201667070093781
SPOC_official_like,HistGradientBoostingRegressor,all_ru_ahk_to_ru_aho_inner,All Ru-AHK (inner + outer) -> Ru-AHO inner,inner+outer,inner,All Ru-AHK,Mixed transfer,5,89,ru_aho_inner__00089,ru_aho_inner_00089,0.33293116,2.0041891350306678
SPOC_official_like,HistGradientBoostingRegressor,all_ru_ahk_to_ru_aho_inner,All Ru-AHK (inner + outer) -> Ru-AHO inner,inner+outer,inner,All Ru-AHK,Mixed transfer,5,91,ru_aho_inner__00091,ru_aho_inner_00091,0.10866753,0.46548774818487887
SPOC_official_like,HistGradientBoostingRegressor,all_ru_ahk_to_ru_aho_inner,All Ru-AHK (inner + outer) -> Ru-AHO inner,inner+outer,inner,All Ru-AHK,Mixed transfer,5,92,ru_aho_inner__00092,ru_aho_inner_00092,0.09139463,1.685298825139883
SPOC_official_like,HistGradientBoostingRegressor,all_ru_ahk_to_ru_aho_inner,All Ru-AHK (inner + outer) -> Ru-AHO inner,inner+outer,inner,All Ru-AHK,Delta learning,5,1,ru_aho_inner__00001,ru_aho_inner_00001,4.50050002,2.9536187632525213
SPOC_official_like,HistGradientBoostingRegressor,all_ru_ahk_to_ru_aho_inner,All Ru-AHK (inner + outer) -> Ru-AHO inner,inner+outer,inner,All Ru-AHK,Delta learning,5,2,ru_aho_inner__00002,ru_aho_inner_00002,3.84937533,2.7877579896198936
SPOC_official_like,HistGradientBoostingRegressor,all_ru_ahk_to_ru_aho_inner,All Ru-AHK (inner + outer) -> Ru-AHO inner,inner+outer,inner,All Ru-AHK,Delta learning,5,14,ru_aho_inner__00014,ru_aho_inner_00014,2.72095293,2.7902203912185564
SPOC_official_like,HistGradientBoostingRegressor,all_ru_ahk_to_ru_aho_inner,All Ru-AHK (inner + outer) -> Ru-AHO inner,inner+outer,inner,All Ru-AHK,Delta learning,5,20,ru_aho_inner__00020,ru_aho_inner_00020,2.72095293,2.390006269564029
SPOC_official_like,HistGradientBoostingRegressor,all_ru_ahk_to_ru_aho_inner,All Ru-AHK (inner + outer) -> Ru-AHO inner,inner+outer,inner,All Ru-AHK,Delta learning,5,21,ru_aho_inner__00021,ru_aho_inner_00021,2.6917632,2.4879623014708656
SPOC_official_like,HistGradientBoostingRegressor,all_ru_ahk_to_ru_aho_inner,All Ru-AHK (inner + outer) -> Ru-AHO inner,inner+outer,inner,All Ru-AHK,Delta learning,5,23,ru_aho_inner__00023,ru_aho_inner_00023,2.61179564,2.1319115093448047
SPOC_official_like,HistGradientBoostingRegressor,all_ru_ahk_to_ru_aho_inner,All Ru-AHK (inner + outer) -> Ru-AHO inner,inner+outer,inner,All Ru-AHK,Delta learning,5,29,ru_aho_inner__00029,ru_aho_inner_00029,2.47786275,2.824172679974928
SPOC_official_like,HistGradientBoostingRegressor,all_ru_ahk_to_ru_aho_inner,All Ru-AHK (inner + outer) -> Ru-AHO inner,inner+outer,inner,All Ru-AHK,Delta learning,5,37,ru_aho_inner__00037,ru_aho_inner_00037,2.26077037,2.342580208549195
SPOC_official_like,HistGradientBoostingRegressor,all_ru_ahk_to_ru_aho_inner,All Ru-AHK (inner + outer) -> Ru-AHO inner,inner+outer,inner,All Ru-AHK,Delta learning,5,51,ru_aho_inner__00051,ru_aho_inner_00051,1.94448624,1.572420459923037
SPOC_official_like,HistGradientBoostingRegressor,all_ru_ahk_to_ru_aho_inner,All Ru-AHK (inner + outer) -> Ru-AHO inner,inner+outer,inner,All Ru-AHK,Delta learning,5,52,ru_aho_inner__00052,ru_aho_inner_00052,1.88185187,1.3163410913781206
SPOC_official_like,HistGradientBoostingRegressor,all_ru_ahk_to_ru_aho_inner,All Ru-AHK (inner + outer) -> Ru-AHO inner,inner+outer,inner,All Ru-AHK,Delta learning,5,60,ru_aho_inner__00060,ru_aho_inner_00060,1.62929332,2.7645847425870893
SPOC_official_like,HistGradientBoostingRegressor,all_ru_ahk_to_ru_aho_inner,All Ru-AHK (inner + outer) -> Ru-AHO inner,inner+outer,inner,All Ru-AHK,Delta learning,5,71,ru_aho_inner__00071,ru_aho_inner_00071,1.47016368,1.3198302717196166
SPOC_official_like,HistGradientBoostingRegressor,all_ru_ahk_to_ru_aho_inner,All Ru-AHK (inner + outer) -> Ru-AHO inner,inner+outer,inner,All Ru-AHK,Delta learning,5,74,ru_aho_inner__00074,ru_aho_inner_00074,1.38325909,1.2034759252049205
SPOC_official_like,HistGradientBoostingRegressor,all_ru_ahk_to_ru_aho_inner,All Ru-AHK (inner + outer) -> Ru-AHO inner,inner+outer,inner,All Ru-AHK,Delta learning,5,82,ru_aho_inner__00082,ru_aho_inner_00082,0.99242206,1.2951074764809194
SPOC_official_like,HistGradientBoostingRegressor,all_ru_ahk_to_ru_aho_inner,All Ru-AHK (inner + outer) -> Ru-AHO inner,inner+outer,inner,All Ru-AHK,Delta learning,5,86,ru_aho_inner__00086,ru_aho_inner_00086,0.67501313,2.133018981725618
SPOC_official_like,HistGradientBoostingRegressor,all_ru_ahk_to_ru_aho_inner,All Ru-AHK (inner + outer) -> Ru-AHO inner,inner+outer,inner,All Ru-AHK,Delta learning,5,87,ru_aho_inner__00087,ru_aho_inner_00087,0.56782018,0.8674062343184585
SPOC_official_like,HistGradientBoostingRegressor,all_ru_ahk_to_ru_aho_inner,All Ru-AHK (inner + outer) -> Ru-AHO inner,inner+outer,inner,All Ru-AHK,Delta learning,5,89,ru_aho_inner__00089,ru_aho_inner_00089,0.33293116,1.6045959503824796
SPOC_official_like,HistGradientBoostingRegressor,all_ru_ahk_to_ru_aho_inner,All Ru-AHK (inner + outer) -> Ru-AHO inner,inner+outer,inner,All Ru-AHK,Delta learning,5,91,ru_aho_inner__00091,ru_aho_inner_00091,0.10866753,1.837631720020283
SPOC_official_like,HistGradientBoostingRegressor,all_ru_ahk_to_ru_aho_inner,All Ru-AHK (inner + outer) -> Ru-AHO inner,inner+outer,inner,All Ru-AHK,Delta learning,5,92,ru_aho_inner__00092,ru_aho_inner_00092,0.09139463,1.3783074841660017
SPOC_official_like,RandomForestRegressor,all_ru_ahk_to_ru_aho_inner,All Ru-AHK (inner + outer) -> Ru-AHO inner,inner+outer,inner,All Ru-AHK,Mixed transfer,1,0,ru_aho_inner__00000,ru_aho_inner_00000,4.50050002,2.545809883335648
SPOC_official_like,RandomForestRegressor,all_ru_ahk_to_ru_aho_inner,All Ru-AHK (inner + outer) -> Ru-AHO inner,inner+outer,inner,All Ru-AHK,Mixed transfer,1,4,ru_aho_inner__00004,ru_aho_inner_00004,3.13437597,2.9429558213937845
SPOC_official_like,RandomForestRegressor,all_ru_ahk_to_ru_aho_inner,All Ru-AHK (inner + outer) -> Ru-AHO inner,inner+outer,inner,All Ru-AHK,Mixed transfer,1,10,ru_aho_inner__00010,ru_aho_inner_00010,2.89279432,2.659239417965663
SPOC_official_like,RandomForestRegressor,all_ru_ahk_to_ru_aho_inner,All Ru-AHK (inner + outer) -> Ru-AHO inner,inner+outer,inner,All Ru-AHK,Mixed transfer,1,12,ru_aho_inner__00012,ru_aho_inner_00012,2.72095293,2.6660629350656633
SPOC_official_like,RandomForestRegressor,all_ru_ahk_to_ru_aho_inner,All Ru-AHK (inner + outer) -> Ru-AHO inner,inner+outer,inner,All Ru-AHK,Mixed transfer,1,18,ru_aho_inner__00018,ru_aho_inner_00018,2.72095293,2.708104466884588
SPOC_official_like,RandomForestRegressor,all_ru_ahk_to_ru_aho_inner,All Ru-AHK (inner + outer) -> Ru-AHO inner,inner+outer,inner,All Ru-AHK,Mixed transfer,1,22,ru_aho_inner__00022,ru_aho_inner_00022,2.63729647,2.3045218624991497
SPOC_official_like,RandomForestRegressor,all_ru_ahk_to_ru_aho_inner,All Ru-AHK (inner + outer) -> Ru-AHO inner,inner+outer,inner,All Ru-AHK,Mixed transfer,1,26,ru_aho_inner__00026,ru_aho_inner_00026,2.49268506,1.8855308800808561
SPOC_official_like,RandomForestRegressor,all_ru_ahk_to_ru_aho_inner,All Ru-AHK (inner + outer) -> Ru-AHO inner,inner+outer,inner,All Ru-AHK,Mixed transfer,1,31,ru_aho_inner__00031,ru_aho_inner_00031,2.30450133,1.7994955259603662
SPOC_official_like,RandomForestRegressor,all_ru_ahk_to_ru_aho_inner,All Ru-AHK (inner + outer) -> Ru-AHO inner,inner+outer,inner,All Ru-AHK,Mixed transfer,1,40,ru_aho_inner__00040,ru_aho_inner_00040,2.13954868,2.1716610344993135
SPOC_official_like,RandomForestRegressor,all_ru_ahk_to_ru_aho_inner,All Ru-AHK (inner + outer) -> Ru-AHO inner,inner+outer,inner,All Ru-AHK,Mixed transfer,1,42,ru_aho_inner__00042,ru_aho_inner_00042,2.12255274,2.4129241024293204
SPOC_official_like,RandomForestRegressor,all_ru_ahk_to_ru_aho_inner,All Ru-AHK (inner + outer) -> Ru-AHO inner,inner+outer,inner,All Ru-AHK,Mixed transfer,1,44,ru_aho_inner__00044,ru_aho_inner_00044,2.02174776,2.073849741919564
SPOC_official_like,RandomForestRegressor,all_ru_ahk_to_ru_aho_inner,All Ru-AHK (inner + outer) -> Ru-AHO inner,inner+outer,inner,All Ru-AHK,Mixed transfer,1,47,ru_aho_inner__00047,ru_aho_inner_00047,1.97754867,1.2793084069530873
SPOC_official_like,RandomForestRegressor,all_ru_ahk_to_ru_aho_inner,All Ru-AHK (inner + outer) -> Ru-AHO inner,inner+outer,inner,All Ru-AHK,Mixed transfer,1,62,ru_aho_inner__00062,ru_aho_inner_00062,1.56906465,2.098918457358605
SPOC_official_like,RandomForestRegressor,all_ru_ahk_to_ru_aho_inner,All Ru-AHK (inner + outer) -> Ru-AHO inner,inner+outer,inner,All Ru-AHK,Mixed transfer,1,64,ru_aho_inner__00064,ru_aho_inner_00064,1.53168147,1.4289097028171058
SPOC_official_like,RandomForestRegressor,all_ru_ahk_to_ru_aho_inner,All Ru-AHK (inner + outer) -> Ru-AHO inner,inner+outer,inner,All Ru-AHK,Mixed transfer,1,73,ru_aho_inner__00073,ru_aho_inner_00073,1.39055932,1.4296293362978167
SPOC_official_like,RandomForestRegressor,all_ru_ahk_to_ru_aho_inner,All Ru-AHK (inner + outer) -> Ru-AHO inner,inner+outer,inner,All Ru-AHK,Mixed transfer,1,75,ru_aho_inner__00075,ru_aho_inner_00075,1.36999511,1.3767325399073544
SPOC_official_like,RandomForestRegressor,all_ru_ahk_to_ru_aho_inner,All Ru-AHK (inner + outer) -> Ru-AHO inner,inner+outer,inner,All Ru-AHK,Mixed transfer,1,81,ru_aho_inner__00081,ru_aho_inner_00081,1.00421655,1.2340083638470114
SPOC_official_like,RandomForestRegressor,all_ru_ahk_to_ru_aho_inner,All Ru-AHK (inner + outer) -> Ru-AHO inner,inner+outer,inner,All Ru-AHK,Mixed transfer,1,83,ru_aho_inner__00083,ru_aho_inner_00083,0.83956097,0.6726350084881498
SPOC_official_like,RandomForestRegressor,all_ru_ahk_to_ru_aho_inner,All Ru-AHK (inner + outer) -> Ru-AHO inner,inner+outer,inner,All Ru-AHK,Mixed transfer,1,90,ru_aho_inner__00090,ru_aho_inner_00090,0.19433377,0.23308266492631521
SPOC_official_like,RandomForestRegressor,all_ru_ahk_to_ru_aho_inner,All Ru-AHK (inner + outer) -> Ru-AHO inner,inner+outer,inner,All Ru-AHK,Mixed transfer,1,94,ru_aho_inner__00094,ru_aho_inner_00094,0.04739647,0.9727119119447358
SPOC_official_like,RandomForestRegressor,all_ru_ahk_to_ru_aho_inner,All Ru-AHK (inner + outer) -> Ru-AHO inner,inner+outer,inner,All Ru-AHK,Delta learning,1,0,ru_aho_inner__00000,ru_aho_inner_00000,4.50050002,3.073040232964605
SPOC_official_like,RandomForestRegressor,all_ru_ahk_to_ru_aho_inner,All Ru-AHK (inner + outer) -> Ru-AHO inner,inner+outer,inner,All Ru-AHK,Delta learning,1,4,ru_aho_inner__00004,ru_aho_inner_00004,3.13437597,2.787833527207812
SPOC_official_like,RandomForestRegressor,all_ru_ahk_to_ru_aho_inner,All Ru-AHK (inner + outer) -> Ru-AHO inner,inner+outer,inner,All Ru-AHK,Delta learning,1,10,ru_aho_inner__00010,ru_aho_inner_00010,2.89279432,2.653986454593879
SPOC_official_like,RandomForestRegressor,all_ru_ahk_to_ru_aho_inner,All Ru-AHK (inner + outer) -> Ru-AHO inner,inner+outer,inner,All Ru-AHK,Delta learning,1,12,ru_aho_inner__00012,ru_aho_inner_00012,2.72095293,2.652780564277343
SPOC_official_like,RandomForestRegressor,all_ru_ahk_to_ru_aho_inner,All Ru-AHK (inner + outer) -> Ru-AHO inner,inner+outer,inner,All Ru-AHK,Delta learning,1,18,ru_aho_inner__00018,ru_aho_inner_00018,2.72095293,2.8851794322432873
SPOC_official_like,RandomForestRegressor,all_ru_ahk_to_ru_aho_inner,All Ru-AHK (inner + outer) -> Ru-AHO inner,inner+outer,inner,All Ru-AHK,Delta learning,1,22,ru_aho_inner__00022,ru_aho_inner_00022,2.63729647,2.320001204036946
SPOC_official_like,RandomForestRegressor,all_ru_ahk_to_ru_aho_inner,All Ru-AHK (inner + outer) -> Ru-AHO inner,inner+outer,inner,All Ru-AHK,Delta learning,1,26,ru_aho_inner__00026,ru_aho_inner_00026,2.49268506,1.897356842136328
SPOC_official_like,RandomForestRegressor,all_ru_ahk_to_ru_aho_inner,All Ru-AHK (inner + outer) -> Ru-AHO inner,inner+outer,inner,All Ru-AHK,Delta learning,1,31,ru_aho_inner__00031,ru_aho_inner_00031,2.30450133,1.8132355319743478
SPOC_official_like,RandomForestRegressor,all_ru_ahk_to_ru_aho_inner,All Ru-AHK (inner + outer) -> Ru-AHO inner,inner+outer,inner,All Ru-AHK,Delta learning,1,40,ru_aho_inner__00040,ru_aho_inner_00040,2.13954868,2.2903746400723555
SPOC_official_like,RandomForestRegressor,all_ru_ahk_to_ru_aho_inner,All Ru-AHK (inner + outer) -> Ru-AHO inner,inner+outer,inner,All Ru-AHK,Delta learning,1,42,ru_aho_inner__00042,ru_aho_inner_00042,2.12255274,2.43306975580669
SPOC_official_like,RandomForestRegressor,all_ru_ahk_to_ru_aho_inner,All Ru-AHK (inner + outer) -> Ru-AHO inner,inner+outer,inner,All Ru-AHK,Delta learning,1,44,ru_aho_inner__00044,ru_aho_inner_00044,2.02174776,2.08797902000894
SPOC_official_like,RandomForestRegressor,all_ru_ahk_to_ru_aho_inner,All Ru-AHK (inner + outer) -> Ru-AHO inner,inner+outer,inner,All Ru-AHK,Delta learning,1,47,ru_aho_inner__00047,ru_aho_inner_00047,1.97754867,1.4186141271987402
SPOC_official_like,RandomForestRegressor,all_ru_ahk_to_ru_aho_inner,All Ru-AHK (inner + outer) -> Ru-AHO inner,inner+outer,inner,All Ru-AHK,Delta learning,1,62,ru_aho_inner__00062,ru_aho_inner_00062,1.56906465,2.0040574234781108
SPOC_official_like,RandomForestRegressor,all_ru_ahk_to_ru_aho_inner,All Ru-AHK (inner + outer) -> Ru-AHO inner,inner+outer,inner,All Ru-AHK,Delta learning,1,64,ru_aho_inner__00064,ru_aho_inner_00064,1.53168147,1.4647849280458094
SPOC_official_like,RandomForestRegressor,all_ru_ahk_to_ru_aho_inner,All Ru-AHK (inner + outer) -> Ru-AHO inner,inner+outer,inner,All Ru-AHK,Delta learning,1,73,ru_aho_inner__00073,ru_aho_inner_00073,1.39055932,1.4054217055903986
SPOC_official_like,RandomForestRegressor,all_ru_ahk_to_ru_aho_inner,All Ru-AHK (inner + outer) -> Ru-AHO inner,inner+outer,inner,All Ru-AHK,Delta learning,1,75,ru_aho_inner__00075,ru_aho_inner_00075,1.36999511,1.4063328731324498
SPOC_official_like,RandomForestRegressor,all_ru_ahk_to_ru_aho_inner,All Ru-AHK (inner + outer) -> Ru-AHO inner,inner+outer,inner,All Ru-AHK,Delta learning,1,81,ru_aho_inner__00081,ru_aho_inner_00081,1.00421655,1.166360674146552
SPOC_official_like,RandomForestRegressor,all_ru_ahk_to_ru_aho_inner,All Ru-AHK (inner + outer) -> Ru-AHO inner,inner+outer,inner,All Ru-AHK,Delta learning,1,83,ru_aho_inner__00083,ru_aho_inner_00083,0.83956097,0.49602984873163525
SPOC_official_like,RandomForestRegressor,all_ru_ahk_to_ru_aho_inner,All Ru-AHK (inner + outer) -> Ru-AHO inner,inner+outer,inner,All Ru-AHK,Delta learning,1,90,ru_aho_inner__00090,ru_aho_inner_00090,0.19433377,0.19851326153580473
SPOC_official_like,RandomForestRegressor,all_ru_ahk_to_ru_aho_inner,All Ru-AHK (inner + outer) -> Ru-AHO inner,inner+outer,inner,All Ru-AHK,Delta learning,1,94,ru_aho_inner__00094,ru_aho_inner_00094,0.04739647,0.8671568788595742
SPOC_official_like,RandomForestRegressor,all_ru_ahk_to_ru_aho_inner,All Ru-AHK (inner + outer) -> Ru-AHO inner,inner+outer,inner,All Ru-AHK,Mixed transfer,2,5,ru_aho_inner__00005,ru_aho_inner_00005,3.13437597,2.867710914027514
SPOC_official_like,RandomForestRegressor,all_ru_ahk_to_ru_aho_inner,All Ru-AHK (inner + outer) -> Ru-AHO inner,inner+outer,inner,All Ru-AHK,Mixed transfer,2,9,ru_aho_inner__00009,ru_aho_inner_00009,3.13437597,3.6116385630012875
SPOC_official_like,RandomForestRegressor,all_ru_ahk_to_ru_aho_inner,All Ru-AHK (inner + outer) -> Ru-AHO inner,inner+outer,inner,All Ru-AHK,Mixed transfer,2,11,ru_aho_inner__00011,ru_aho_inner_00011,2.81808334,2.574391811106579
SPOC_official_like,RandomForestRegressor,all_ru_ahk_to_ru_aho_inner,All Ru-AHK (inner + outer) -> Ru-AHO inner,inner+outer,inner,All Ru-AHK,Mixed transfer,2,15,ru_aho_inner__00015,ru_aho_inner_00015,2.72095293,1.6618473298430048
SPOC_official_like,RandomForestRegressor,all_ru_ahk_to_ru_aho_inner,All Ru-AHK (inner + outer) -> Ru-AHO inner,inner+outer,inner,All Ru-AHK,Mixed transfer,2,16,ru_aho_inner__00016,ru_aho_inner_00016,2.72095293,3.290790902688489
SPOC_official_like,RandomForestRegressor,all_ru_ahk_to_ru_aho_inner,All Ru-AHK (inner + outer) -> Ru-AHO inner,inner+outer,inner,All Ru-AHK,Mixed transfer,2,28,ru_aho_inner__00028,ru_aho_inner_00028,2.47786275,2.7627519271916996
SPOC_official_like,RandomForestRegressor,all_ru_ahk_to_ru_aho_inner,All Ru-AHK (inner + outer) -> Ru-AHO inner,inner+outer,inner,All Ru-AHK,Mixed transfer,2,30,ru_aho_inner__00030,ru_aho_inner_00030,2.3515711,2.402636254633339
SPOC_official_like,RandomForestRegressor,all_ru_ahk_to_ru_aho_inner,All Ru-AHK (inner + outer) -> Ru-AHO inner,inner+outer,inner,All Ru-AHK,Mixed transfer,2,33,ru_aho_inner__00033,ru_aho_inner_00033,2.30450133,2.6021747024014728
SPOC_official_like,RandomForestRegressor,all_ru_ahk_to_ru_aho_inner,All Ru-AHK (inner + outer) -> Ru-AHO inner,inner+outer,inner,All Ru-AHK,Mixed transfer,2,35,ru_aho_inner__00035,ru_aho_inner_00035,2.30450133,2.6799117632483433
SPOC_official_like,RandomForestRegressor,all_ru_ahk_to_ru_aho_inner,All Ru-AHK (inner + outer) -> Ru-AHO inner,inner+outer,inner,All Ru-AHK,Mixed transfer,2,39,ru_aho_inner__00039,ru_aho_inner_00039,2.16934032,1.4608425984629232
SPOC_official_like,RandomForestRegressor,all_ru_ahk_to_ru_aho_inner,All Ru-AHK (inner + outer) -> Ru-AHO inner,inner+outer,inner,All Ru-AHK,Mixed transfer,2,45,ru_aho_inner__00045,ru_aho_inner_00045,2.01889808,2.015550137625786
SPOC_official_like,RandomForestRegressor,all_ru_ahk_to_ru_aho_inner,All Ru-AHK (inner + outer) -> Ru-AHO inner,inner+outer,inner,All Ru-AHK,Mixed transfer,2,49,ru_aho_inner__00049,ru_aho_inner_00049,1.9607788,1.66540989854418
SPOC_official_like,RandomForestRegressor,all_ru_ahk_to_ru_aho_inner,All Ru-AHK (inner + outer) -> Ru-AHO inner,inner+outer,inner,All Ru-AHK,Mixed transfer,2,65,ru_aho_inner__00065,ru_aho_inner_00065,1.53168147,1.4539862186929884
SPOC_official_like,RandomForestRegressor,all_ru_ahk_to_ru_aho_inner,All Ru-AHK (inner + outer) -> Ru-AHO inner,inner+outer,inner,All Ru-AHK,Mixed transfer,2,68,ru_aho_inner__00068,ru_aho_inner_00068,1.49260764,2.0788496280999995
SPOC_official_like,RandomForestRegressor,all_ru_ahk_to_ru_aho_inner,All Ru-AHK (inner + outer) -> Ru-AHO inner,inner+outer,inner,All Ru-AHK,Mixed transfer,2,69,ru_aho_inner__00069,ru_aho_inner_00069,1.48763592,1.822480014111273
SPOC_official_like,RandomForestRegressor,all_ru_ahk_to_ru_aho_inner,All Ru-AHK (inner + outer) -> Ru-AHO inner,inner+outer,inner,All Ru-AHK,Mixed transfer,2,70,ru_aho_inner__00070,ru_aho_inner_00070,1.47570337,1.6138564248592753
SPOC_official_like,RandomForestRegressor,all_ru_ahk_to_ru_aho_inner,All Ru-AHK (inner + outer) -> Ru-AHO inner,inner+outer,inner,All Ru-AHK,Mixed transfer,2,72,ru_aho_inner__00072,ru_aho_inner_00072,1.40708549,1.4176810586066364
SPOC_official_like,RandomForestRegressor,all_ru_ahk_to_ru_aho_inner,All Ru-AHK (inner + outer) -> Ru-AHO inner,inner+outer,inner,All Ru-AHK,Mixed transfer,2,80,ru_aho_inner__00080,ru_aho_inner_00080,1.31904107,1.3489792331536885
SPOC_official_like,RandomForestRegressor,all_ru_ahk_to_ru_aho_inner,All Ru-AHK (inner + outer) -> Ru-AHO inner,inner+outer,inner,All Ru-AHK,Mixed transfer,2,88,ru_aho_inner__00088,ru_aho_inner_00088,0.39647984,1.2962011124045276
SPOC_official_like,RandomForestRegressor,all_ru_ahk_to_ru_aho_inner,All Ru-AHK (inner + outer) -> Ru-AHO inner,inner+outer,inner,All Ru-AHK,Mixed transfer,2,93,ru_aho_inner__00093,ru_aho_inner_00093,0.04819171,0.44864279123137074
SPOC_official_like,RandomForestRegressor,all_ru_ahk_to_ru_aho_inner,All Ru-AHK (inner + outer) -> Ru-AHO inner,inner+outer,inner,All Ru-AHK,Delta learning,2,5,ru_aho_inner__00005,ru_aho_inner_00005,3.13437597,2.86654912845961
SPOC_official_like,RandomForestRegressor,all_ru_ahk_to_ru_aho_inner,All Ru-AHK (inner + outer) -> Ru-AHO inner,inner+outer,inner,All Ru-AHK,Delta learning,2,9,ru_aho_inner__00009,ru_aho_inner_00009,3.13437597,3.35762974277112
SPOC_official_like,RandomForestRegressor,all_ru_ahk_to_ru_aho_inner,All Ru-AHK (inner + outer) -> Ru-AHO inner,inner+outer,inner,All Ru-AHK,Delta learning,2,11,ru_aho_inner__00011,ru_aho_inner_00011,2.81808334,2.694430914340315
SPOC_official_like,RandomForestRegressor,all_ru_ahk_to_ru_aho_inner,All Ru-AHK (inner + outer) -> Ru-AHO inner,inner+outer,inner,All Ru-AHK,Delta learning,2,15,ru_aho_inner__00015,ru_aho_inner_00015,2.72095293,1.808390656134128
SPOC_official_like,RandomForestRegressor,all_ru_ahk_to_ru_aho_inner,All Ru-AHK (inner + outer) -> Ru-AHO inner,inner+outer,inner,All Ru-AHK,Delta learning,2,16,ru_aho_inner__00016,ru_aho_inner_00016,2.72095293,3.0856725571577712
SPOC_official_like,RandomForestRegressor,all_ru_ahk_to_ru_aho_inner,All Ru-AHK (inner + outer) -> Ru-AHO inner,inner+outer,inner,All Ru-AHK,Delta learning,2,28,ru_aho_inner__00028,ru_aho_inner_00028,2.47786275,2.7310891569119136
SPOC_official_like,RandomForestRegressor,all_ru_ahk_to_ru_aho_inner,All Ru-AHK (inner + outer) -> Ru-AHO inner,inner+outer,inner,All Ru-AHK,Delta learning,2,30,ru_aho_inner__00030,ru_aho_inner_00030,2.3515711,2.3358537859168402
SPOC_official_like,RandomForestRegressor,all_ru_ahk_to_ru_aho_inner,All Ru-AHK (inner + outer) -> Ru-AHO inner,inner+outer,inner,All Ru-AHK,Delta learning,2,33,ru_aho_inner__00033,ru_aho_inner_00033,2.30450133,2.1796043523040867
SPOC_official_like,RandomForestRegressor,all_ru_ahk_to_ru_aho_inner,All Ru-AHK (inner + outer) -> Ru-AHO inner,inner+outer,inner,All Ru-AHK,Delta learning,2,35,ru_aho_inner__00035,ru_aho_inner_00035,2.30450133,2.8988353772457245
SPOC_official_like,RandomForestRegressor,all_ru_ahk_to_ru_aho_inner,All Ru-AHK (inner + outer) -> Ru-AHO inner,inner+outer,inner,All Ru-AHK,Delta learning,2,39,ru_aho_inner__00039,ru_aho_inner_00039,2.16934032,2.2626220395239107
SPOC_official_like,RandomForestRegressor,all_ru_ahk_to_ru_aho_inner,All Ru-AHK (inner + outer) -> Ru-AHO inner,inner+outer,inner,All Ru-AHK,Delta learning,2,45,ru_aho_inner__00045,ru_aho_inner_00045,2.01889808,2.139855528552435
SPOC_official_like,RandomForestRegressor,all_ru_ahk_to_ru_aho_inner,All Ru-AHK (inner + outer) -> Ru-AHO inner,inner+outer,inner,All Ru-AHK,Delta learning,2,49,ru_aho_inner__00049,ru_aho_inner_00049,1.9607788,1.0111010009808004
SPOC_official_like,RandomForestRegressor,all_ru_ahk_to_ru_aho_inner,All Ru-AHK (inner + outer) -> Ru-AHO inner,inner+outer,inner,All Ru-AHK,Delta learning,2,65,ru_aho_inner__00065,ru_aho_inner_00065,1.53168147,1.4631966780036212
SPOC_official_like,RandomForestRegressor,all_ru_ahk_to_ru_aho_inner,All Ru-AHK (inner + outer) -> Ru-AHO inner,inner+outer,inner,All Ru-AHK,Delta learning,2,68,ru_aho_inner__00068,ru_aho_inner_00068,1.49260764,1.9800332115429573
SPOC_official_like,RandomForestRegressor,all_ru_ahk_to_ru_aho_inner,All Ru-AHK (inner + outer) -> Ru-AHO inner,inner+outer,inner,All Ru-AHK,Delta learning,2,69,ru_aho_inner__00069,ru_aho_inner_00069,1.48763592,1.8803185182322304
SPOC_official_like,RandomForestRegressor,all_ru_ahk_to_ru_aho_inner,All Ru-AHK (inner + outer) -> Ru-AHO inner,inner+outer,inner,All Ru-AHK,Delta learning,2,70,ru_aho_inner__00070,ru_aho_inner_00070,1.47570337,1.726495338234417
SPOC_official_like,RandomForestRegressor,all_ru_ahk_to_ru_aho_inner,All Ru-AHK (inner + outer) -> Ru-AHO inner,inner+outer,inner,All Ru-AHK,Delta learning,2,72,ru_aho_inner__00072,ru_aho_inner_00072,1.40708549,1.3903947632728726
SPOC_official_like,RandomForestRegressor,all_ru_ahk_to_ru_aho_inner,All Ru-AHK (inner + outer) -> Ru-AHO inner,inner+outer,inner,All Ru-AHK,Delta learning,2,80,ru_aho_inner__00080,ru_aho_inner_00080,1.31904107,1.2775545207954462
SPOC_official_like,RandomForestRegressor,all_ru_ahk_to_ru_aho_inner,All Ru-AHK (inner + outer) -> Ru-AHO inner,inner+outer,inner,All Ru-AHK,Delta learning,2,88,ru_aho_inner__00088,ru_aho_inner_00088,0.39647984,1.1919090667449599
SPOC_official_like,RandomForestRegressor,all_ru_ahk_to_ru_aho_inner,All Ru-AHK (inner + outer) -> Ru-AHO inner,inner+outer,inner,All Ru-AHK,Delta learning,2,93,ru_aho_inner__00093,ru_aho_inner_00093,0.04819171,0.2600395681364238
SPOC_official_like,RandomForestRegressor,all_ru_ahk_to_ru_aho_inner,All Ru-AHK (inner + outer) -> Ru-AHO inner,inner+outer,inner,All Ru-AHK,Mixed transfer,3,3,ru_aho_inner__00003,ru_aho_inner_00003,3.67873076,2.4984451141521085
SPOC_official_like,RandomForestRegressor,all_ru_ahk_to_ru_aho_inner,All Ru-AHK (inner + outer) -> Ru-AHO inner,inner+outer,inner,All Ru-AHK,Mixed transfer,3,6,ru_aho_inner__00006,ru_aho_inner_00006,3.13437597,2.4492067718339787
SPOC_official_like,RandomForestRegressor,all_ru_ahk_to_ru_aho_inner,All Ru-AHK (inner + outer) -> Ru-AHO inner,inner+outer,inner,All Ru-AHK,Mixed transfer,3,7,ru_aho_inner__00007,ru_aho_inner_00007,3.13437597,2.3912202802982194
SPOC_official_like,RandomForestRegressor,all_ru_ahk_to_ru_aho_inner,All Ru-AHK (inner + outer) -> Ru-AHO inner,inner+outer,inner,All Ru-AHK,Mixed transfer,3,8,ru_aho_inner__00008,ru_aho_inner_00008,3.13437597,2.4444767028845975
SPOC_official_like,RandomForestRegressor,all_ru_ahk_to_ru_aho_inner,All Ru-AHK (inner + outer) -> Ru-AHO inner,inner+outer,inner,All Ru-AHK,Mixed transfer,3,13,ru_aho_inner__00013,ru_aho_inner_00013,2.72095293,2.278483725137046
SPOC_official_like,RandomForestRegressor,all_ru_ahk_to_ru_aho_inner,All Ru-AHK (inner + outer) -> Ru-AHO inner,inner+outer,inner,All Ru-AHK,Mixed transfer,3,17,ru_aho_inner__00017,ru_aho_inner_00017,2.72095293,2.7438660006971456
SPOC_official_like,RandomForestRegressor,all_ru_ahk_to_ru_aho_inner,All Ru-AHK (inner + outer) -> Ru-AHO inner,inner+outer,inner,All Ru-AHK,Mixed transfer,3,19,ru_aho_inner__00019,ru_aho_inner_00019,2.72095293,2.6555439448693727
SPOC_official_like,RandomForestRegressor,all_ru_ahk_to_ru_aho_inner,All Ru-AHK (inner + outer) -> Ru-AHO inner,inner+outer,inner,All Ru-AHK,Mixed transfer,3,24,ru_aho_inner__00024,ru_aho_inner_00024,2.49823771,2.4262761172699303
SPOC_official_like,RandomForestRegressor,all_ru_ahk_to_ru_aho_inner,All Ru-AHK (inner + outer) -> Ru-AHO inner,inner+outer,inner,All Ru-AHK,Mixed transfer,3,25,ru_aho_inner__00025,ru_aho_inner_00025,2.49823771,2.5037737109831917
SPOC_official_like,RandomForestRegressor,all_ru_ahk_to_ru_aho_inner,All Ru-AHK (inner + outer) -> Ru-AHO inner,inner+outer,inner,All Ru-AHK,Mixed transfer,3,27,ru_aho_inner__00027,ru_aho_inner_00027,2.47786275,3.1857561308117908
SPOC_official_like,RandomForestRegressor,all_ru_ahk_to_ru_aho_inner,All Ru-AHK (inner + outer) -> Ru-AHO inner,inner+outer,inner,All Ru-AHK,Mixed transfer,3,34,ru_aho_inner__00034,ru_aho_inner_00034,2.30450133,2.6641853441331436
SPOC_official_like,RandomForestRegressor,all_ru_ahk_to_ru_aho_inner,All Ru-AHK (inner + outer) -> Ru-AHO inner,inner+outer,inner,All Ru-AHK,Mixed transfer,3,36,ru_aho_inner__00036,ru_aho_inner_00036,2.28957767,2.337586415044492
SPOC_official_like,RandomForestRegressor,all_ru_ahk_to_ru_aho_inner,All Ru-AHK (inner + outer) -> Ru-AHO inner,inner+outer,inner,All Ru-AHK,Mixed transfer,3,38,ru_aho_inner__00038,ru_aho_inner_00038,2.20688949,1.9456484050072682
SPOC_official_like,RandomForestRegressor,all_ru_ahk_to_ru_aho_inner,All Ru-AHK (inner + outer) -> Ru-AHO inner,inner+outer,inner,All Ru-AHK,Mixed transfer,3,53,ru_aho_inner__00053,ru_aho_inner_00053,1.84440958,1.8785361741921711
SPOC_official_like,RandomForestRegressor,all_ru_ahk_to_ru_aho_inner,All Ru-AHK (inner + outer) -> Ru-AHO inner,inner+outer,inner,All Ru-AHK,Mixed transfer,3,55,ru_aho_inner__00055,ru_aho_inner_00055,1.80901573,1.9916038059330512
SPOC_official_like,RandomForestRegressor,all_ru_ahk_to_ru_aho_inner,All Ru-AHK (inner + outer) -> Ru-AHO inner,inner+outer,inner,All Ru-AHK,Mixed transfer,3,56,ru_aho_inner__00056,ru_aho_inner_00056,1.73731552,2.512435399068423
SPOC_official_like,RandomForestRegressor,all_ru_ahk_to_ru_aho_inner,All Ru-AHK (inner + outer) -> Ru-AHO inner,inner+outer,inner,All Ru-AHK,Mixed transfer,3,76,ru_aho_inner__00076,ru_aho_inner_00076,1.36999511,0.5904719264134048
SPOC_official_like,RandomForestRegressor,all_ru_ahk_to_ru_aho_inner,All Ru-AHK (inner + outer) -> Ru-AHO inner,inner+outer,inner,All Ru-AHK,Mixed transfer,3,78,ru_aho_inner__00078,ru_aho_inner_00078,1.35390456,1.3899414581062204
SPOC_official_like,RandomForestRegressor,all_ru_ahk_to_ru_aho_inner,All Ru-AHK (inner + outer) -> Ru-AHO inner,inner+outer,inner,All Ru-AHK,Mixed transfer,3,79,ru_aho_inner__00079,ru_aho_inner_00079,1.33471728,1.2941864220395414
SPOC_official_like,RandomForestRegressor,all_ru_ahk_to_ru_aho_inner,All Ru-AHK (inner + outer) -> Ru-AHO inner,inner+outer,inner,All Ru-AHK,Mixed transfer,3,85,ru_aho_inner__00085,ru_aho_inner_00085,0.80254597,0.29458478928190635
SPOC_official_like,RandomForestRegressor,all_ru_ahk_to_ru_aho_inner,All Ru-AHK (inner + outer) -> Ru-AHO inner,inner+outer,inner,All Ru-AHK,Delta learning,3,3,ru_aho_inner__00003,ru_aho_inner_00003,3.67873076,2.8600790853894917
SPOC_official_like,RandomForestRegressor,all_ru_ahk_to_ru_aho_inner,All Ru-AHK (inner + outer) -> Ru-AHO inner,inner+outer,inner,All Ru-AHK,Delta learning,3,6,ru_aho_inner__00006,ru_aho_inner_00006,3.13437597,1.8805635099800675
SPOC_official_like,RandomForestRegressor,all_ru_ahk_to_ru_aho_inner,All Ru-AHK (inner + outer) -> Ru-AHO inner,inner+outer,inner,All Ru-AHK,Delta learning,3,7,ru_aho_inner__00007,ru_aho_inner_00007,3.13437597,2.088442910211926
SPOC_official_like,RandomForestRegressor,all_ru_ahk_to_ru_aho_inner,All Ru-AHK (inner + outer) -> Ru-AHO inner,inner+outer,inner,All Ru-AHK,Delta learning,3,8,ru_aho_inner__00008,ru_aho_inner_00008,3.13437597,1.8979016624437999
SPOC_official_like,RandomForestRegressor,all_ru_ahk_to_ru_aho_inner,All Ru-AHK (inner + outer) -> Ru-AHO inner,inner+outer,inner,All Ru-AHK,Delta learning,3,13,ru_aho_inner__00013,ru_aho_inner_00013,2.72095293,2.544580571451717
SPOC_official_like,RandomForestRegressor,all_ru_ahk_to_ru_aho_inner,All Ru-AHK (inner + outer) -> Ru-AHO inner,inner+outer,inner,All Ru-AHK,Delta learning,3,17,ru_aho_inner__00017,ru_aho_inner_00017,2.72095293,3.0145044286571485
SPOC_official_like,RandomForestRegressor,all_ru_ahk_to_ru_aho_inner,All Ru-AHK (inner + outer) -> Ru-AHO inner,inner+outer,inner,All Ru-AHK,Delta learning,3,19,ru_aho_inner__00019,ru_aho_inner_00019,2.72095293,2.6859613917424627
SPOC_official_like,RandomForestRegressor,all_ru_ahk_to_ru_aho_inner,All Ru-AHK (inner + outer) -> Ru-AHO inner,inner+outer,inner,All Ru-AHK,Delta learning,3,24,ru_aho_inner__00024,ru_aho_inner_00024,2.49823771,2.4140597374266624
SPOC_official_like,RandomForestRegressor,all_ru_ahk_to_ru_aho_inner,All Ru-AHK (inner + outer) -> Ru-AHO inner,inner+outer,inner,All Ru-AHK,Delta learning,3,25,ru_aho_inner__00025,ru_aho_inner_00025,2.49823771,2.4879247592337927
SPOC_official_like,RandomForestRegressor,all_ru_ahk_to_ru_aho_inner,All Ru-AHK (inner + outer) -> Ru-AHO inner,inner+outer,inner,All Ru-AHK,Delta learning,3,27,ru_aho_inner__00027,ru_aho_inner_00027,2.47786275,3.308867956797764
SPOC_official_like,RandomForestRegressor,all_ru_ahk_to_ru_aho_inner,All Ru-AHK (inner + outer) -> Ru-AHO inner,inner+outer,inner,All Ru-AHK,Delta learning,3,34,ru_aho_inner__00034,ru_aho_inner_00034,2.30450133,2.8708926408142332
SPOC_official_like,RandomForestRegressor,all_ru_ahk_to_ru_aho_inner,All Ru-AHK (inner + outer) -> Ru-AHO inner,inner+outer,inner,All Ru-AHK,Delta learning,3,36,ru_aho_inner__00036,ru_aho_inner_00036,2.28957767,2.4088565514248943
SPOC_official_like,RandomForestRegressor,all_ru_ahk_to_ru_aho_inner,All Ru-AHK (inner + outer) -> Ru-AHO inner,inner+outer,inner,All Ru-AHK,Delta learning,3,38,ru_aho_inner__00038,ru_aho_inner_00038,2.20688949,2.305360426218568
SPOC_official_like,RandomForestRegressor,all_ru_ahk_to_ru_aho_inner,All Ru-AHK (inner + outer) -> Ru-AHO inner,inner+outer,inner,All Ru-AHK,Delta learning,3,53,ru_aho_inner__00053,ru_aho_inner_00053,1.84440958,1.8642630556919848
SPOC_official_like,RandomForestRegressor,all_ru_ahk_to_ru_aho_inner,All Ru-AHK (inner + outer) -> Ru-AHO inner,inner+outer,inner,All Ru-AHK,Delta learning,3,55,ru_aho_inner__00055,ru_aho_inner_00055,1.80901573,2.0279021529054093
SPOC_official_like,RandomForestRegressor,all_ru_ahk_to_ru_aho_inner,All Ru-AHK (inner + outer) -> Ru-AHO inner,inner+outer,inner,All Ru-AHK,Delta learning,3,56,ru_aho_inner__00056,ru_aho_inner_00056,1.73731552,2.4764620286770054
SPOC_official_like,RandomForestRegressor,all_ru_ahk_to_ru_aho_inner,All Ru-AHK (inner + outer) -> Ru-AHO inner,inner+outer,inner,All Ru-AHK,Delta learning,3,76,ru_aho_inner__00076,ru_aho_inner_00076,1.36999511,0.4968550422518716
SPOC_official_like,RandomForestRegressor,all_ru_ahk_to_ru_aho_inner,All Ru-AHK (inner + outer) -> Ru-AHO inner,inner+outer,inner,All Ru-AHK,Delta learning,3,78,ru_aho_inner__00078,ru_aho_inner_00078,1.35390456,1.400831876804587
SPOC_official_like,RandomForestRegressor,all_ru_ahk_to_ru_aho_inner,All Ru-AHK (inner + outer) -> Ru-AHO inner,inner+outer,inner,All Ru-AHK,Delta learning,3,79,ru_aho_inner__00079,ru_aho_inner_00079,1.33471728,1.2981625984252343
SPOC_official_like,RandomForestRegressor,all_ru_ahk_to_ru_aho_inner,All Ru-AHK (inner + outer) -> Ru-AHO inner,inner+outer,inner,All Ru-AHK,Delta learning,3,85,ru_aho_inner__00085,ru_aho_inner_00085,0.80254597,0.20759304070328155
SPOC_official_like,RandomForestRegressor,all_ru_ahk_to_ru_aho_inner,All Ru-AHK (inner + outer) -> Ru-AHO inner,inner+outer,inner,All Ru-AHK,Mixed transfer,4,32,ru_aho_inner__00032,ru_aho_inner_00032,2.30450133,2.5039008171147206
SPOC_official_like,RandomForestRegressor,all_ru_ahk_to_ru_aho_inner,All Ru-AHK (inner + outer) -> Ru-AHO inner,inner+outer,inner,All Ru-AHK,Mixed transfer,4,41,ru_aho_inner__00041,ru_aho_inner_00041,2.13444943,2.30874286270276
SPOC_official_like,RandomForestRegressor,all_ru_ahk_to_ru_aho_inner,All Ru-AHK (inner + outer) -> Ru-AHO inner,inner+outer,inner,All Ru-AHK,Mixed transfer,4,43,ru_aho_inner__00043,ru_aho_inner_00043,2.11117069,1.7031135159469644
SPOC_official_like,RandomForestRegressor,all_ru_ahk_to_ru_aho_inner,All Ru-AHK (inner + outer) -> Ru-AHO inner,inner+outer,inner,All Ru-AHK,Mixed transfer,4,46,ru_aho_inner__00046,ru_aho_inner_00046,2.00941149,2.1794307134999964
SPOC_official_like,RandomForestRegressor,all_ru_ahk_to_ru_aho_inner,All Ru-AHK (inner + outer) -> Ru-AHO inner,inner+outer,inner,All Ru-AHK,Mixed transfer,4,48,ru_aho_inner__00048,ru_aho_inner_00048,1.96551622,2.0031579461938125
SPOC_official_like,RandomForestRegressor,all_ru_ahk_to_ru_aho_inner,All Ru-AHK (inner + outer) -> Ru-AHO inner,inner+outer,inner,All Ru-AHK,Mixed transfer,4,50,ru_aho_inner__00050,ru_aho_inner_00050,1.95650617,1.707311686071546
SPOC_official_like,RandomForestRegressor,all_ru_ahk_to_ru_aho_inner,All Ru-AHK (inner + outer) -> Ru-AHO inner,inner+outer,inner,All Ru-AHK,Mixed transfer,4,54,ru_aho_inner__00054,ru_aho_inner_00054,1.80901573,2.0549258802065187
SPOC_official_like,RandomForestRegressor,all_ru_ahk_to_ru_aho_inner,All Ru-AHK (inner + outer) -> Ru-AHO inner,inner+outer,inner,All Ru-AHK,Mixed transfer,4,57,ru_aho_inner__00057,ru_aho_inner_00057,1.68395754,2.672950358220218
SPOC_official_like,RandomForestRegressor,all_ru_ahk_to_ru_aho_inner,All Ru-AHK (inner + outer) -> Ru-AHO inner,inner+outer,inner,All Ru-AHK,Mixed transfer,4,58,ru_aho_inner__00058,ru_aho_inner_00058,1.66417952,1.4657987781854822
SPOC_official_like,RandomForestRegressor,all_ru_ahk_to_ru_aho_inner,All Ru-AHK (inner + outer) -> Ru-AHO inner,inner+outer,inner,All Ru-AHK,Mixed transfer,4,59,ru_aho_inner__00059,ru_aho_inner_00059,1.62929332,1.3616046004921794
SPOC_official_like,RandomForestRegressor,all_ru_ahk_to_ru_aho_inner,All Ru-AHK (inner + outer) -> Ru-AHO inner,inner+outer,inner,All Ru-AHK,Mixed transfer,4,61,ru_aho_inner__00061,ru_aho_inner_00061,1.57873877,1.3365181611305996
SPOC_official_like,RandomForestRegressor,all_ru_ahk_to_ru_aho_inner,All Ru-AHK (inner + outer) -> Ru-AHO inner,inner+outer,inner,All Ru-AHK,Mixed transfer,4,63,ru_aho_inner__00063,ru_aho_inner_00063,1.56019653,1.3317241411153224
SPOC_official_like,RandomForestRegressor,all_ru_ahk_to_ru_aho_inner,All Ru-AHK (inner + outer) -> Ru-AHO inner,inner+outer,inner,All Ru-AHK,Mixed transfer,4,66,ru_aho_inner__00066,ru_aho_inner_00066,1.51369193,1.4003116091095822
SPOC_official_like,RandomForestRegressor,all_ru_ahk_to_ru_aho_inner,All Ru-AHK (inner + outer) -> Ru-AHO inner,inner+outer,inner,All Ru-AHK,Mixed transfer,4,67,ru_aho_inner__00067,ru_aho_inner_00067,1.51369193,1.4676324309536346
SPOC_official_like,RandomForestRegressor,all_ru_ahk_to_ru_aho_inner,All Ru-AHK (inner + outer) -> Ru-AHO inner,inner+outer,inner,All Ru-AHK,Mixed transfer,4,77,ru_aho_inner__00077,ru_aho_inner_00077,1.36283425,1.2284673592320037
SPOC_official_like,RandomForestRegressor,all_ru_ahk_to_ru_aho_inner,All Ru-AHK (inner + outer) -> Ru-AHO inner,inner+outer,inner,All Ru-AHK,Mixed transfer,4,84,ru_aho_inner__00084,ru_aho_inner_00084,0.80438248,1.51294855016438
SPOC_official_like,RandomForestRegressor,all_ru_ahk_to_ru_aho_inner,All Ru-AHK (inner + outer) -> Ru-AHO inner,inner+outer,inner,All Ru-AHK,Mixed transfer,4,95,ru_aho_inner__00095,ru_aho_inner_00095,0.0120419,0.38811907312496285
SPOC_official_like,RandomForestRegressor,all_ru_ahk_to_ru_aho_inner,All Ru-AHK (inner + outer) -> Ru-AHO inner,inner+outer,inner,All Ru-AHK,Mixed transfer,4,96,ru_aho_inner__00096,ru_aho_inner_00096,0.0,1.0709777021563371
SPOC_official_like,RandomForestRegressor,all_ru_ahk_to_ru_aho_inner,All Ru-AHK (inner + outer) -> Ru-AHO inner,inner+outer,inner,All Ru-AHK,Mixed transfer,4,97,ru_aho_inner__00097,ru_aho_inner_00097,0.0,0.8673832442172426
SPOC_official_like,RandomForestRegressor,all_ru_ahk_to_ru_aho_inner,All Ru-AHK (inner + outer) -> Ru-AHO inner,inner+outer,inner,All Ru-AHK,Delta learning,4,32,ru_aho_inner__00032,ru_aho_inner_00032,2.30450133,2.5071734535995684
SPOC_official_like,RandomForestRegressor,all_ru_ahk_to_ru_aho_inner,All Ru-AHK (inner + outer) -> Ru-AHO inner,inner+outer,inner,All Ru-AHK,Delta learning,4,41,ru_aho_inner__00041,ru_aho_inner_00041,2.13444943,2.7382868384318098
SPOC_official_like,RandomForestRegressor,all_ru_ahk_to_ru_aho_inner,All Ru-AHK (inner + outer) -> Ru-AHO inner,inner+outer,inner,All Ru-AHK,Delta learning,4,43,ru_aho_inner__00043,ru_aho_inner_00043,2.11117069,1.6490025452495374
SPOC_official_like,RandomForestRegressor,all_ru_ahk_to_ru_aho_inner,All Ru-AHK (inner + outer) -> Ru-AHO inner,inner+outer,inner,All Ru-AHK,Delta learning,4,46,ru_aho_inner__00046,ru_aho_inner_00046,2.00941149,2.149749362750544
SPOC_official_like,RandomForestRegressor,all_ru_ahk_to_ru_aho_inner,All Ru-AHK (inner + outer) -> Ru-AHO inner,inner+outer,inner,All Ru-AHK,Delta learning,4,48,ru_aho_inner__00048,ru_aho_inner_00048,1.96551622,1.512826787637886
SPOC_official_like,RandomForestRegressor,all_ru_ahk_to_ru_aho_inner,All Ru-AHK (inner + outer) -> Ru-AHO inner,inner+outer,inner,All Ru-AHK,Delta learning,4,50,ru_aho_inner__00050,ru_aho_inner_00050,1.95650617,1.7157193600226777
SPOC_official_like,RandomForestRegressor,all_ru_ahk_to_ru_aho_inner,All Ru-AHK (inner + outer) -> Ru-AHO inner,inner+outer,inner,All Ru-AHK,Delta learning,4,54,ru_aho_inner__00054,ru_aho_inner_00054,1.80901573,1.9818314344239583
SPOC_official_like,RandomForestRegressor,all_ru_ahk_to_ru_aho_inner,All Ru-AHK (inner + outer) -> Ru-AHO inner,inner+outer,inner,All Ru-AHK,Delta learning,4,57,ru_aho_inner__00057,ru_aho_inner_00057,1.68395754,3.1190361855551485
SPOC_official_like,RandomForestRegressor,all_ru_ahk_to_ru_aho_inner,All Ru-AHK (inner + outer) -> Ru-AHO inner,inner+outer,inner,All Ru-AHK,Delta learning,4,58,ru_aho_inner__00058,ru_aho_inner_00058,1.66417952,1.3911786270720692
SPOC_official_like,RandomForestRegressor,all_ru_ahk_to_ru_aho_inner,All Ru-AHK (inner + outer) -> Ru-AHO inner,inner+outer,inner,All Ru-AHK,Delta learning,4,59,ru_aho_inner__00059,ru_aho_inner_00059,1.62929332,1.4903317169524724
SPOC_official_like,RandomForestRegressor,all_ru_ahk_to_ru_aho_inner,All Ru-AHK (inner + outer) -> Ru-AHO inner,inner+outer,inner,All Ru-AHK,Delta learning,4,61,ru_aho_inner__00061,ru_aho_inner_00061,1.57873877,1.3513469644644789
SPOC_official_like,RandomForestRegressor,all_ru_ahk_to_ru_aho_inner,All Ru-AHK (inner + outer) -> Ru-AHO inner,inner+outer,inner,All Ru-AHK,Delta learning,4,63,ru_aho_inner__00063,ru_aho_inner_00063,1.56019653,1.3510723445821193
SPOC_official_like,RandomForestRegressor,all_ru_ahk_to_ru_aho_inner,All Ru-AHK (inner + outer) -> Ru-AHO inner,inner+outer,inner,All Ru-AHK,Delta learning,4,66,ru_aho_inner__00066,ru_aho_inner_00066,1.51369193,1.4503508296600636
SPOC_official_like,RandomForestRegressor,all_ru_ahk_to_ru_aho_inner,All Ru-AHK (inner + outer) -> Ru-AHO inner,inner+outer,inner,All Ru-AHK,Delta learning,4,67,ru_aho_inner__00067,ru_aho_inner_00067,1.51369193,1.444980833767116
SPOC_official_like,RandomForestRegressor,all_ru_ahk_to_ru_aho_inner,All Ru-AHK (inner + outer) -> Ru-AHO inner,inner+outer,inner,All Ru-AHK,Delta learning,4,77,ru_aho_inner__00077,ru_aho_inner_00077,1.36283425,1.2290466824320445
SPOC_official_like,RandomForestRegressor,all_ru_ahk_to_ru_aho_inner,All Ru-AHK (inner + outer) -> Ru-AHO inner,inner+outer,inner,All Ru-AHK,Delta learning,4,84,ru_aho_inner__00084,ru_aho_inner_00084,0.80438248,1.4703372211282104
SPOC_official_like,RandomForestRegressor,all_ru_ahk_to_ru_aho_inner,All Ru-AHK (inner + outer) -> Ru-AHO inner,inner+outer,inner,All Ru-AHK,Delta learning,4,95,ru_aho_inner__00095,ru_aho_inner_00095,0.0120419,0.2568458458755509
SPOC_official_like,RandomForestRegressor,all_ru_ahk_to_ru_aho_inner,All Ru-AHK (inner + outer) -> Ru-AHO inner,inner+outer,inner,All Ru-AHK,Delta learning,4,96,ru_aho_inner__00096,ru_aho_inner_00096,0.0,0.7658031591801469
SPOC_official_like,RandomForestRegressor,all_ru_ahk_to_ru_aho_inner,All Ru-AHK (inner + outer) -> Ru-AHO inner,inner+outer,inner,All Ru-AHK,Delta learning,4,97,ru_aho_inner__00097,ru_aho_inner_00097,0.0,0.7066238704062515
SPOC_official_like,RandomForestRegressor,all_ru_ahk_to_ru_aho_inner,All Ru-AHK (inner + outer) -> Ru-AHO inner,inner+outer,inner,All Ru-AHK,Mixed transfer,5,1,ru_aho_inner__00001,ru_aho_inner_00001,4.50050002,3.1304544887475463
SPOC_official_like,RandomForestRegressor,all_ru_ahk_to_ru_aho_inner,All Ru-AHK (inner + outer) -> Ru-AHO inner,inner+outer,inner,All Ru-AHK,Mixed transfer,5,2,ru_aho_inner__00002,ru_aho_inner_00002,3.84937533,2.8350915428503756
SPOC_official_like,RandomForestRegressor,all_ru_ahk_to_ru_aho_inner,All Ru-AHK (inner + outer) -> Ru-AHO inner,inner+outer,inner,All Ru-AHK,Mixed transfer,5,14,ru_aho_inner__00014,ru_aho_inner_00014,2.72095293,2.4854658283510838
SPOC_official_like,RandomForestRegressor,all_ru_ahk_to_ru_aho_inner,All Ru-AHK (inner + outer) -> Ru-AHO inner,inner+outer,inner,All Ru-AHK,Mixed transfer,5,20,ru_aho_inner__00020,ru_aho_inner_00020,2.72095293,2.7476481628501803
SPOC_official_like,RandomForestRegressor,all_ru_ahk_to_ru_aho_inner,All Ru-AHK (inner + outer) -> Ru-AHO inner,inner+outer,inner,All Ru-AHK,Mixed transfer,5,21,ru_aho_inner__00021,ru_aho_inner_00021,2.6917632,2.6700073481749773
SPOC_official_like,RandomForestRegressor,all_ru_ahk_to_ru_aho_inner,All Ru-AHK (inner + outer) -> Ru-AHO inner,inner+outer,inner,All Ru-AHK,Mixed transfer,5,23,ru_aho_inner__00023,ru_aho_inner_00023,2.61179564,2.1901272208749
SPOC_official_like,RandomForestRegressor,all_ru_ahk_to_ru_aho_inner,All Ru-AHK (inner + outer) -> Ru-AHO inner,inner+outer,inner,All Ru-AHK,Mixed transfer,5,29,ru_aho_inner__00029,ru_aho_inner_00029,2.47786275,2.5706337595868165
SPOC_official_like,RandomForestRegressor,all_ru_ahk_to_ru_aho_inner,All Ru-AHK (inner + outer) -> Ru-AHO inner,inner+outer,inner,All Ru-AHK,Mixed transfer,5,37,ru_aho_inner__00037,ru_aho_inner_00037,2.26077037,1.944017881372405
SPOC_official_like,RandomForestRegressor,all_ru_ahk_to_ru_aho_inner,All Ru-AHK (inner + outer) -> Ru-AHO inner,inner+outer,inner,All Ru-AHK,Mixed transfer,5,51,ru_aho_inner__00051,ru_aho_inner_00051,1.94448624,1.8984575908195394
SPOC_official_like,RandomForestRegressor,all_ru_ahk_to_ru_aho_inner,All Ru-AHK (inner + outer) -> Ru-AHO inner,inner+outer,inner,All Ru-AHK,Mixed transfer,5,52,ru_aho_inner__00052,ru_aho_inner_00052,1.88185187,1.4381077608277584
SPOC_official_like,RandomForestRegressor,all_ru_ahk_to_ru_aho_inner,All Ru-AHK (inner + outer) -> Ru-AHO inner,inner+outer,inner,All Ru-AHK,Mixed transfer,5,60,ru_aho_inner__00060,ru_aho_inner_00060,1.62929332,2.2591744587560667
SPOC_official_like,RandomForestRegressor,all_ru_ahk_to_ru_aho_inner,All Ru-AHK (inner + outer) -> Ru-AHO inner,inner+outer,inner,All Ru-AHK,Mixed transfer,5,71,ru_aho_inner__00071,ru_aho_inner_00071,1.47016368,1.5286897627659939
SPOC_official_like,RandomForestRegressor,all_ru_ahk_to_ru_aho_inner,All Ru-AHK (inner + outer) -> Ru-AHO inner,inner+outer,inner,All Ru-AHK,Mixed transfer,5,74,ru_aho_inner__00074,ru_aho_inner_00074,1.38325909,1.3314977802796637
SPOC_official_like,RandomForestRegressor,all_ru_ahk_to_ru_aho_inner,All Ru-AHK (inner + outer) -> Ru-AHO inner,inner+outer,inner,All Ru-AHK,Mixed transfer,5,82,ru_aho_inner__00082,ru_aho_inner_00082,0.99242206,1.1580921955861228
SPOC_official_like,RandomForestRegressor,all_ru_ahk_to_ru_aho_inner,All Ru-AHK (inner + outer) -> Ru-AHO inner,inner+outer,inner,All Ru-AHK,Mixed transfer,5,86,ru_aho_inner__00086,ru_aho_inner_00086,0.67501313,1.3994802754701225
SPOC_official_like,RandomForestRegressor,all_ru_ahk_to_ru_aho_inner,All Ru-AHK (inner + outer) -> Ru-AHO inner,inner+outer,inner,All Ru-AHK,Mixed transfer,5,87,ru_aho_inner__00087,ru_aho_inner_00087,0.56782018,1.1453332565951215
SPOC_official_like,RandomForestRegressor,all_ru_ahk_to_ru_aho_inner,All Ru-AHK (inner + outer) -> Ru-AHO inner,inner+outer,inner,All Ru-AHK,Mixed transfer,5,89,ru_aho_inner__00089,ru_aho_inner_00089,0.33293116,2.1679240634979497
SPOC_official_like,RandomForestRegressor,all_ru_ahk_to_ru_aho_inner,All Ru-AHK (inner + outer) -> Ru-AHO inner,inner+outer,inner,All Ru-AHK,Mixed transfer,5,91,ru_aho_inner__00091,ru_aho_inner_00091,0.10866753,0.8814406177401074
SPOC_official_like,RandomForestRegressor,all_ru_ahk_to_ru_aho_inner,All Ru-AHK (inner + outer) -> Ru-AHO inner,inner+outer,inner,All Ru-AHK,Mixed transfer,5,92,ru_aho_inner__00092,ru_aho_inner_00092,0.09139463,1.9495267535181398
SPOC_official_like,RandomForestRegressor,all_ru_ahk_to_ru_aho_inner,All Ru-AHK (inner + outer) -> Ru-AHO inner,inner+outer,inner,All Ru-AHK,Delta learning,5,1,ru_aho_inner__00001,ru_aho_inner_00001,4.50050002,3.561764463051998
SPOC_official_like,RandomForestRegressor,all_ru_ahk_to_ru_aho_inner,All Ru-AHK (inner + outer) -> Ru-AHO inner,inner+outer,inner,All Ru-AHK,Delta learning,5,2,ru_aho_inner__00002,ru_aho_inner_00002,3.84937533,3.093574061789969
SPOC_official_like,RandomForestRegressor,all_ru_ahk_to_ru_aho_inner,All Ru-AHK (inner + outer) -> Ru-AHO inner,inner+outer,inner,All Ru-AHK,Delta learning,5,14,ru_aho_inner__00014,ru_aho_inner_00014,2.72095293,2.613439930644256
SPOC_official_like,RandomForestRegressor,all_ru_ahk_to_ru_aho_inner,All Ru-AHK (inner + outer) -> Ru-AHO inner,inner+outer,inner,All Ru-AHK,Delta learning,5,20,ru_aho_inner__00020,ru_aho_inner_00020,2.72095293,2.876963062519321
SPOC_official_like,RandomForestRegressor,all_ru_ahk_to_ru_aho_inner,All Ru-AHK (inner + outer) -> Ru-AHO inner,inner+outer,inner,All Ru-AHK,Delta learning,5,21,ru_aho_inner__00021,ru_aho_inner_00021,2.6917632,2.7376202340661897
SPOC_official_like,RandomForestRegressor,all_ru_ahk_to_ru_aho_inner,All Ru-AHK (inner + outer) -> Ru-AHO inner,inner+outer,inner,All Ru-AHK,Delta learning,5,23,ru_aho_inner__00023,ru_aho_inner_00023,2.61179564,2.0486937922422905
SPOC_official_like,RandomForestRegressor,all_ru_ahk_to_ru_aho_inner,All Ru-AHK (inner + outer) -> Ru-AHO inner,inner+outer,inner,All Ru-AHK,Delta learning,5,29,ru_aho_inner__00029,ru_aho_inner_00029,2.47786275,2.920112720273926
SPOC_official_like,RandomForestRegressor,all_ru_ahk_to_ru_aho_inner,All Ru-AHK (inner + outer) -> Ru-AHO inner,inner+outer,inner,All Ru-AHK,Delta learning,5,37,ru_aho_inner__00037,ru_aho_inner_00037,2.26077037,2.4512860597282047
SPOC_official_like,RandomForestRegressor,all_ru_ahk_to_ru_aho_inner,All Ru-AHK (inner + outer) -> Ru-AHO inner,inner+outer,inner,All Ru-AHK,Delta learning,5,51,ru_aho_inner__00051,ru_aho_inner_00051,1.94448624,1.5269536270834798
SPOC_official_like,RandomForestRegressor,all_ru_ahk_to_ru_aho_inner,All Ru-AHK (inner + outer) -> Ru-AHO inner,inner+outer,inner,All Ru-AHK,Delta learning,5,52,ru_aho_inner__00052,ru_aho_inner_00052,1.88185187,1.2256475449745217
SPOC_official_like,RandomForestRegressor,all_ru_ahk_to_ru_aho_inner,All Ru-AHK (inner + outer) -> Ru-AHO inner,inner+outer,inner,All Ru-AHK,Delta learning,5,60,ru_aho_inner__00060,ru_aho_inner_00060,1.62929332,2.303429069679604
SPOC_official_like,RandomForestRegressor,all_ru_ahk_to_ru_aho_inner,All Ru-AHK (inner + outer) -> Ru-AHO inner,inner+outer,inner,All Ru-AHK,Delta learning,5,71,ru_aho_inner__00071,ru_aho_inner_00071,1.47016368,1.516196358206677
SPOC_official_like,RandomForestRegressor,all_ru_ahk_to_ru_aho_inner,All Ru-AHK (inner + outer) -> Ru-AHO inner,inner+outer,inner,All Ru-AHK,Delta learning,5,74,ru_aho_inner__00074,ru_aho_inner_00074,1.38325909,1.4795692961014417
SPOC_official_like,RandomForestRegressor,all_ru_ahk_to_ru_aho_inner,All Ru-AHK (inner + outer) -> Ru-AHO inner,inner+outer,inner,All Ru-AHK,Delta learning,5,82,ru_aho_inner__00082,ru_aho_inner_00082,0.99242206,1.1923296400957217
SPOC_official_like,RandomForestRegressor,all_ru_ahk_to_ru_aho_inner,All Ru-AHK (inner + outer) -> Ru-AHO inner,inner+outer,inner,All Ru-AHK,Delta learning,5,86,ru_aho_inner__00086,ru_aho_inner_00086,0.67501313,1.584783204172077
SPOC_official_like,RandomForestRegressor,all_ru_ahk_to_ru_aho_inner,All Ru-AHK (inner + outer) -> Ru-AHO inner,inner+outer,inner,All Ru-AHK,Delta learning,5,87,ru_aho_inner__00087,ru_aho_inner_00087,0.56782018,0.9880422843070936
SPOC_official_like,RandomForestRegressor,all_ru_ahk_to_ru_aho_inner,All Ru-AHK (inner + outer) -> Ru-AHO inner,inner+outer,inner,All Ru-AHK,Delta learning,5,89,ru_aho_inner__00089,ru_aho_inner_00089,0.33293116,2.2236919026238597
SPOC_official_like,RandomForestRegressor,all_ru_ahk_to_ru_aho_inner,All Ru-AHK (inner + outer) -> Ru-AHO inner,inner+outer,inner,All Ru-AHK,Delta learning,5,91,ru_aho_inner__00091,ru_aho_inner_00091,0.10866753,1.2717394738549994
SPOC_official_like,RandomForestRegressor,all_ru_ahk_to_ru_aho_inner,All Ru-AHK (inner + outer) -> Ru-AHO inner,inner+outer,inner,All Ru-AHK,Delta learning,5,92,ru_aho_inner__00092,ru_aho_inner_00092,0.09139463,1.7000071459329738
SPOC_official_like,GaussianProcessRegressor,all_ru_ahk_to_ru_aho_inner,All Ru-AHK (inner + outer) -> Ru-AHO inner,inner+outer,inner,All Ru-AHK,Mixed transfer,1,0,ru_aho_inner__00000,ru_aho_inner_00000,4.50050002,1.9933190578097604
SPOC_official_like,GaussianProcessRegressor,all_ru_ahk_to_ru_aho_inner,All Ru-AHK (inner + outer) -> Ru-AHO inner,inner+outer,inner,All Ru-AHK,Mixed transfer,1,4,ru_aho_inner__00004,ru_aho_inner_00004,3.13437597,1.9933190578097604
SPOC_official_like,GaussianProcessRegressor,all_ru_ahk_to_ru_aho_inner,All Ru-AHK (inner + outer) -> Ru-AHO inner,inner+outer,inner,All Ru-AHK,Mixed transfer,1,10,ru_aho_inner__00010,ru_aho_inner_00010,2.89279432,1.9933190578097604
SPOC_official_like,GaussianProcessRegressor,all_ru_ahk_to_ru_aho_inner,All Ru-AHK (inner + outer) -> Ru-AHO inner,inner+outer,inner,All Ru-AHK,Mixed transfer,1,12,ru_aho_inner__00012,ru_aho_inner_00012,2.72095293,1.9933190578097604
SPOC_official_like,GaussianProcessRegressor,all_ru_ahk_to_ru_aho_inner,All Ru-AHK (inner + outer) -> Ru-AHO inner,inner+outer,inner,All Ru-AHK,Mixed transfer,1,18,ru_aho_inner__00018,ru_aho_inner_00018,2.72095293,1.9933190578097604
SPOC_official_like,GaussianProcessRegressor,all_ru_ahk_to_ru_aho_inner,All Ru-AHK (inner + outer) -> Ru-AHO inner,inner+outer,inner,All Ru-AHK,Mixed transfer,1,22,ru_aho_inner__00022,ru_aho_inner_00022,2.63729647,1.9933190578097604
SPOC_official_like,GaussianProcessRegressor,all_ru_ahk_to_ru_aho_inner,All Ru-AHK (inner + outer) -> Ru-AHO inner,inner+outer,inner,All Ru-AHK,Mixed transfer,1,26,ru_aho_inner__00026,ru_aho_inner_00026,2.49268506,1.9933190578097604
SPOC_official_like,GaussianProcessRegressor,all_ru_ahk_to_ru_aho_inner,All Ru-AHK (inner + outer) -> Ru-AHO inner,inner+outer,inner,All Ru-AHK,Mixed transfer,1,31,ru_aho_inner__00031,ru_aho_inner_00031,2.30450133,1.9933190578097604
SPOC_official_like,GaussianProcessRegressor,all_ru_ahk_to_ru_aho_inner,All Ru-AHK (inner + outer) -> Ru-AHO inner,inner+outer,inner,All Ru-AHK,Mixed transfer,1,40,ru_aho_inner__00040,ru_aho_inner_00040,2.13954868,1.9933190578097604
SPOC_official_like,GaussianProcessRegressor,all_ru_ahk_to_ru_aho_inner,All Ru-AHK (inner + outer) -> Ru-AHO inner,inner+outer,inner,All Ru-AHK,Mixed transfer,1,42,ru_aho_inner__00042,ru_aho_inner_00042,2.12255274,1.9933190578097604
SPOC_official_like,GaussianProcessRegressor,all_ru_ahk_to_ru_aho_inner,All Ru-AHK (inner + outer) -> Ru-AHO inner,inner+outer,inner,All Ru-AHK,Mixed transfer,1,44,ru_aho_inner__00044,ru_aho_inner_00044,2.02174776,1.9933190578097604
SPOC_official_like,GaussianProcessRegressor,all_ru_ahk_to_ru_aho_inner,All Ru-AHK (inner + outer) -> Ru-AHO inner,inner+outer,inner,All Ru-AHK,Mixed transfer,1,47,ru_aho_inner__00047,ru_aho_inner_00047,1.97754867,1.9933190578097604
SPOC_official_like,GaussianProcessRegressor,all_ru_ahk_to_ru_aho_inner,All Ru-AHK (inner + outer) -> Ru-AHO inner,inner+outer,inner,All Ru-AHK,Mixed transfer,1,62,ru_aho_inner__00062,ru_aho_inner_00062,1.56906465,1.9933190578097604
SPOC_official_like,GaussianProcessRegressor,all_ru_ahk_to_ru_aho_inner,All Ru-AHK (inner + outer) -> Ru-AHO inner,inner+outer,inner,All Ru-AHK,Mixed transfer,1,64,ru_aho_inner__00064,ru_aho_inner_00064,1.53168147,1.9933190578097604
SPOC_official_like,GaussianProcessRegressor,all_ru_ahk_to_ru_aho_inner,All Ru-AHK (inner + outer) -> Ru-AHO inner,inner+outer,inner,All Ru-AHK,Mixed transfer,1,73,ru_aho_inner__00073,ru_aho_inner_00073,1.39055932,1.9933190578097604
SPOC_official_like,GaussianProcessRegressor,all_ru_ahk_to_ru_aho_inner,All Ru-AHK (inner + outer) -> Ru-AHO inner,inner+outer,inner,All Ru-AHK,Mixed transfer,1,75,ru_aho_inner__00075,ru_aho_inner_00075,1.36999511,1.9933190578097604
SPOC_official_like,GaussianProcessRegressor,all_ru_ahk_to_ru_aho_inner,All Ru-AHK (inner + outer) -> Ru-AHO inner,inner+outer,inner,All Ru-AHK,Mixed transfer,1,81,ru_aho_inner__00081,ru_aho_inner_00081,1.00421655,1.9933190578097604
SPOC_official_like,GaussianProcessRegressor,all_ru_ahk_to_ru_aho_inner,All Ru-AHK (inner + outer) -> Ru-AHO inner,inner+outer,inner,All Ru-AHK,Mixed transfer,1,83,ru_aho_inner__00083,ru_aho_inner_00083,0.83956097,1.9933190578097604
SPOC_official_like,GaussianProcessRegressor,all_ru_ahk_to_ru_aho_inner,All Ru-AHK (inner + outer) -> Ru-AHO inner,inner+outer,inner,All Ru-AHK,Mixed transfer,1,90,ru_aho_inner__00090,ru_aho_inner_00090,0.19433377,0.04819368790315748
SPOC_official_like,GaussianProcessRegressor,all_ru_ahk_to_ru_aho_inner,All Ru-AHK (inner + outer) -> Ru-AHO inner,inner+outer,inner,All Ru-AHK,Mixed transfer,1,94,ru_aho_inner__00094,ru_aho_inner_00094,0.04739647,1.9933190578097604
SPOC_official_like,GaussianProcessRegressor,all_ru_ahk_to_ru_aho_inner,All Ru-AHK (inner + outer) -> Ru-AHO inner,inner+outer,inner,All Ru-AHK,Delta learning,1,0,ru_aho_inner__00000,ru_aho_inner_00000,4.50050002,1.8919410835897437
SPOC_official_like,GaussianProcessRegressor,all_ru_ahk_to_ru_aho_inner,All Ru-AHK (inner + outer) -> Ru-AHO inner,inner+outer,inner,All Ru-AHK,Delta learning,1,4,ru_aho_inner__00004,ru_aho_inner_00004,3.13437597,1.8919410835897437
SPOC_official_like,GaussianProcessRegressor,all_ru_ahk_to_ru_aho_inner,All Ru-AHK (inner + outer) -> Ru-AHO inner,inner+outer,inner,All Ru-AHK,Delta learning,1,10,ru_aho_inner__00010,ru_aho_inner_00010,2.89279432,1.8919410835897437
SPOC_official_like,GaussianProcessRegressor,all_ru_ahk_to_ru_aho_inner,All Ru-AHK (inner + outer) -> Ru-AHO inner,inner+outer,inner,All Ru-AHK,Delta learning,1,12,ru_aho_inner__00012,ru_aho_inner_00012,2.72095293,1.8919410835897437
SPOC_official_like,GaussianProcessRegressor,all_ru_ahk_to_ru_aho_inner,All Ru-AHK (inner + outer) -> Ru-AHO inner,inner+outer,inner,All Ru-AHK,Delta learning,1,18,ru_aho_inner__00018,ru_aho_inner_00018,2.72095293,1.8919410835897437
SPOC_official_like,GaussianProcessRegressor,all_ru_ahk_to_ru_aho_inner,All Ru-AHK (inner + outer) -> Ru-AHO inner,inner+outer,inner,All Ru-AHK,Delta learning,1,22,ru_aho_inner__00022,ru_aho_inner_00022,2.63729647,1.8919410835897437
SPOC_official_like,GaussianProcessRegressor,all_ru_ahk_to_ru_aho_inner,All Ru-AHK (inner + outer) -> Ru-AHO inner,inner+outer,inner,All Ru-AHK,Delta learning,1,26,ru_aho_inner__00026,ru_aho_inner_00026,2.49268506,1.8919410835897437
SPOC_official_like,GaussianProcessRegressor,all_ru_ahk_to_ru_aho_inner,All Ru-AHK (inner + outer) -> Ru-AHO inner,inner+outer,inner,All Ru-AHK,Delta learning,1,31,ru_aho_inner__00031,ru_aho_inner_00031,2.30450133,1.8919410835897437
SPOC_official_like,GaussianProcessRegressor,all_ru_ahk_to_ru_aho_inner,All Ru-AHK (inner + outer) -> Ru-AHO inner,inner+outer,inner,All Ru-AHK,Delta learning,1,40,ru_aho_inner__00040,ru_aho_inner_00040,2.13954868,1.8919410835897437
SPOC_official_like,GaussianProcessRegressor,all_ru_ahk_to_ru_aho_inner,All Ru-AHK (inner + outer) -> Ru-AHO inner,inner+outer,inner,All Ru-AHK,Delta learning,1,42,ru_aho_inner__00042,ru_aho_inner_00042,2.12255274,1.8919410835897437
SPOC_official_like,GaussianProcessRegressor,all_ru_ahk_to_ru_aho_inner,All Ru-AHK (inner + outer) -> Ru-AHO inner,inner+outer,inner,All Ru-AHK,Delta learning,1,44,ru_aho_inner__00044,ru_aho_inner_00044,2.02174776,1.8919410835897437
SPOC_official_like,GaussianProcessRegressor,all_ru_ahk_to_ru_aho_inner,All Ru-AHK (inner + outer) -> Ru-AHO inner,inner+outer,inner,All Ru-AHK,Delta learning,1,47,ru_aho_inner__00047,ru_aho_inner_00047,1.97754867,1.8919410835897437
SPOC_official_like,GaussianProcessRegressor,all_ru_ahk_to_ru_aho_inner,All Ru-AHK (inner + outer) -> Ru-AHO inner,inner+outer,inner,All Ru-AHK,Delta learning,1,62,ru_aho_inner__00062,ru_aho_inner_00062,1.56906465,1.8919410835897437
SPOC_official_like,GaussianProcessRegressor,all_ru_ahk_to_ru_aho_inner,All Ru-AHK (inner + outer) -> Ru-AHO inner,inner+outer,inner,All Ru-AHK,Delta learning,1,64,ru_aho_inner__00064,ru_aho_inner_00064,1.53168147,1.8919410835897437
SPOC_official_like,GaussianProcessRegressor,all_ru_ahk_to_ru_aho_inner,All Ru-AHK (inner + outer) -> Ru-AHO inner,inner+outer,inner,All Ru-AHK,Delta learning,1,73,ru_aho_inner__00073,ru_aho_inner_00073,1.39055932,1.8919410835897437
SPOC_official_like,GaussianProcessRegressor,all_ru_ahk_to_ru_aho_inner,All Ru-AHK (inner + outer) -> Ru-AHO inner,inner+outer,inner,All Ru-AHK,Delta learning,1,75,ru_aho_inner__00075,ru_aho_inner_00075,1.36999511,1.8919410835897437
SPOC_official_like,GaussianProcessRegressor,all_ru_ahk_to_ru_aho_inner,All Ru-AHK (inner + outer) -> Ru-AHO inner,inner+outer,inner,All Ru-AHK,Delta learning,1,81,ru_aho_inner__00081,ru_aho_inner_00081,1.00421655,1.8919410835897437
SPOC_official_like,GaussianProcessRegressor,all_ru_ahk_to_ru_aho_inner,All Ru-AHK (inner + outer) -> Ru-AHO inner,inner+outer,inner,All Ru-AHK,Delta learning,1,83,ru_aho_inner__00083,ru_aho_inner_00083,0.83956097,1.8919410835897437
SPOC_official_like,GaussianProcessRegressor,all_ru_ahk_to_ru_aho_inner,All Ru-AHK (inner + outer) -> Ru-AHO inner,inner+outer,inner,All Ru-AHK,Delta learning,1,90,ru_aho_inner__00090,ru_aho_inner_00090,0.19433377,0.04819355374937406
SPOC_official_like,GaussianProcessRegressor,all_ru_ahk_to_ru_aho_inner,All Ru-AHK (inner + outer) -> Ru-AHO inner,inner+outer,inner,All Ru-AHK,Delta learning,1,94,ru_aho_inner__00094,ru_aho_inner_00094,0.04739647,1.8919410835897437
SPOC_official_like,GaussianProcessRegressor,all_ru_ahk_to_ru_aho_inner,All Ru-AHK (inner + outer) -> Ru-AHO inner,inner+outer,inner,All Ru-AHK,Mixed transfer,2,5,ru_aho_inner__00005,ru_aho_inner_00005,3.13437597,1.9934789270474496
SPOC_official_like,GaussianProcessRegressor,all_ru_ahk_to_ru_aho_inner,All Ru-AHK (inner + outer) -> Ru-AHO inner,inner+outer,inner,All Ru-AHK,Mixed transfer,2,9,ru_aho_inner__00009,ru_aho_inner_00009,3.13437597,1.9934789270474496
SPOC_official_like,GaussianProcessRegressor,all_ru_ahk_to_ru_aho_inner,All Ru-AHK (inner + outer) -> Ru-AHO inner,inner+outer,inner,All Ru-AHK,Mixed transfer,2,11,ru_aho_inner__00011,ru_aho_inner_00011,2.81808334,1.9934789270474496
SPOC_official_like,GaussianProcessRegressor,all_ru_ahk_to_ru_aho_inner,All Ru-AHK (inner + outer) -> Ru-AHO inner,inner+outer,inner,All Ru-AHK,Mixed transfer,2,15,ru_aho_inner__00015,ru_aho_inner_00015,2.72095293,1.9934789270474496
SPOC_official_like,GaussianProcessRegressor,all_ru_ahk_to_ru_aho_inner,All Ru-AHK (inner + outer) -> Ru-AHO inner,inner+outer,inner,All Ru-AHK,Mixed transfer,2,16,ru_aho_inner__00016,ru_aho_inner_00016,2.72095293,1.9934789270474496
SPOC_official_like,GaussianProcessRegressor,all_ru_ahk_to_ru_aho_inner,All Ru-AHK (inner + outer) -> Ru-AHO inner,inner+outer,inner,All Ru-AHK,Mixed transfer,2,28,ru_aho_inner__00028,ru_aho_inner_00028,2.47786275,1.9934789270474496
SPOC_official_like,GaussianProcessRegressor,all_ru_ahk_to_ru_aho_inner,All Ru-AHK (inner + outer) -> Ru-AHO inner,inner+outer,inner,All Ru-AHK,Mixed transfer,2,30,ru_aho_inner__00030,ru_aho_inner_00030,2.3515711,1.9934789270474496
SPOC_official_like,GaussianProcessRegressor,all_ru_ahk_to_ru_aho_inner,All Ru-AHK (inner + outer) -> Ru-AHO inner,inner+outer,inner,All Ru-AHK,Mixed transfer,2,33,ru_aho_inner__00033,ru_aho_inner_00033,2.30450133,1.9934789270474496
SPOC_official_like,GaussianProcessRegressor,all_ru_ahk_to_ru_aho_inner,All Ru-AHK (inner + outer) -> Ru-AHO inner,inner+outer,inner,All Ru-AHK,Mixed transfer,2,35,ru_aho_inner__00035,ru_aho_inner_00035,2.30450133,1.9934789270474496
SPOC_official_like,GaussianProcessRegressor,all_ru_ahk_to_ru_aho_inner,All Ru-AHK (inner + outer) -> Ru-AHO inner,inner+outer,inner,All Ru-AHK,Mixed transfer,2,39,ru_aho_inner__00039,ru_aho_inner_00039,2.16934032,1.9934789270474496
SPOC_official_like,GaussianProcessRegressor,all_ru_ahk_to_ru_aho_inner,All Ru-AHK (inner + outer) -> Ru-AHO inner,inner+outer,inner,All Ru-AHK,Mixed transfer,2,45,ru_aho_inner__00045,ru_aho_inner_00045,2.01889808,1.9934789270474496
SPOC_official_like,GaussianProcessRegressor,all_ru_ahk_to_ru_aho_inner,All Ru-AHK (inner + outer) -> Ru-AHO inner,inner+outer,inner,All Ru-AHK,Mixed transfer,2,49,ru_aho_inner__00049,ru_aho_inner_00049,1.9607788,1.9934789270474496
SPOC_official_like,GaussianProcessRegressor,all_ru_ahk_to_ru_aho_inner,All Ru-AHK (inner + outer) -> Ru-AHO inner,inner+outer,inner,All Ru-AHK,Mixed transfer,2,65,ru_aho_inner__00065,ru_aho_inner_00065,1.53168147,1.9934789270474496
SPOC_official_like,GaussianProcessRegressor,all_ru_ahk_to_ru_aho_inner,All Ru-AHK (inner + outer) -> Ru-AHO inner,inner+outer,inner,All Ru-AHK,Mixed transfer,2,68,ru_aho_inner__00068,ru_aho_inner_00068,1.49260764,1.9934789270474496
SPOC_official_like,GaussianProcessRegressor,all_ru_ahk_to_ru_aho_inner,All Ru-AHK (inner + outer) -> Ru-AHO inner,inner+outer,inner,All Ru-AHK,Mixed transfer,2,69,ru_aho_inner__00069,ru_aho_inner_00069,1.48763592,1.9934789270474496
SPOC_official_like,GaussianProcessRegressor,all_ru_ahk_to_ru_aho_inner,All Ru-AHK (inner + outer) -> Ru-AHO inner,inner+outer,inner,All Ru-AHK,Mixed transfer,2,70,ru_aho_inner__00070,ru_aho_inner_00070,1.47570337,1.9934789270474496
SPOC_official_like,GaussianProcessRegressor,all_ru_ahk_to_ru_aho_inner,All Ru-AHK (inner + outer) -> Ru-AHO inner,inner+outer,inner,All Ru-AHK,Mixed transfer,2,72,ru_aho_inner__00072,ru_aho_inner_00072,1.40708549,1.9934789270474496
SPOC_official_like,GaussianProcessRegressor,all_ru_ahk_to_ru_aho_inner,All Ru-AHK (inner + outer) -> Ru-AHO inner,inner+outer,inner,All Ru-AHK,Mixed transfer,2,80,ru_aho_inner__00080,ru_aho_inner_00080,1.31904107,1.9934789270474496
SPOC_official_like,GaussianProcessRegressor,all_ru_ahk_to_ru_aho_inner,All Ru-AHK (inner + outer) -> Ru-AHO inner,inner+outer,inner,All Ru-AHK,Mixed transfer,2,88,ru_aho_inner__00088,ru_aho_inner_00088,0.39647984,1.9934789270474496
SPOC_official_like,GaussianProcessRegressor,all_ru_ahk_to_ru_aho_inner,All Ru-AHK (inner + outer) -> Ru-AHO inner,inner+outer,inner,All Ru-AHK,Mixed transfer,2,93,ru_aho_inner__00093,ru_aho_inner_00093,0.04819171,0.19433559919204657
SPOC_official_like,GaussianProcessRegressor,all_ru_ahk_to_ru_aho_inner,All Ru-AHK (inner + outer) -> Ru-AHO inner,inner+outer,inner,All Ru-AHK,Delta learning,2,5,ru_aho_inner__00005,ru_aho_inner_00005,3.13437597,1.8962698506410256
SPOC_official_like,GaussianProcessRegressor,all_ru_ahk_to_ru_aho_inner,All Ru-AHK (inner + outer) -> Ru-AHO inner,inner+outer,inner,All Ru-AHK,Delta learning,2,9,ru_aho_inner__00009,ru_aho_inner_00009,3.13437597,1.8962698506410256
SPOC_official_like,GaussianProcessRegressor,all_ru_ahk_to_ru_aho_inner,All Ru-AHK (inner + outer) -> Ru-AHO inner,inner+outer,inner,All Ru-AHK,Delta learning,2,11,ru_aho_inner__00011,ru_aho_inner_00011,2.81808334,1.8962698506410256
SPOC_official_like,GaussianProcessRegressor,all_ru_ahk_to_ru_aho_inner,All Ru-AHK (inner + outer) -> Ru-AHO inner,inner+outer,inner,All Ru-AHK,Delta learning,2,15,ru_aho_inner__00015,ru_aho_inner_00015,2.72095293,1.8962698506410256
SPOC_official_like,GaussianProcessRegressor,all_ru_ahk_to_ru_aho_inner,All Ru-AHK (inner + outer) -> Ru-AHO inner,inner+outer,inner,All Ru-AHK,Delta learning,2,16,ru_aho_inner__00016,ru_aho_inner_00016,2.72095293,1.8962698506410256
SPOC_official_like,GaussianProcessRegressor,all_ru_ahk_to_ru_aho_inner,All Ru-AHK (inner + outer) -> Ru-AHO inner,inner+outer,inner,All Ru-AHK,Delta learning,2,28,ru_aho_inner__00028,ru_aho_inner_00028,2.47786275,1.8962698506410256
SPOC_official_like,GaussianProcessRegressor,all_ru_ahk_to_ru_aho_inner,All Ru-AHK (inner + outer) -> Ru-AHO inner,inner+outer,inner,All Ru-AHK,Delta learning,2,30,ru_aho_inner__00030,ru_aho_inner_00030,2.3515711,1.8962698506410256
SPOC_official_like,GaussianProcessRegressor,all_ru_ahk_to_ru_aho_inner,All Ru-AHK (inner + outer) -> Ru-AHO inner,inner+outer,inner,All Ru-AHK,Delta learning,2,33,ru_aho_inner__00033,ru_aho_inner_00033,2.30450133,1.8962698506410256
SPOC_official_like,GaussianProcessRegressor,all_ru_ahk_to_ru_aho_inner,All Ru-AHK (inner + outer) -> Ru-AHO inner,inner+outer,inner,All Ru-AHK,Delta learning,2,35,ru_aho_inner__00035,ru_aho_inner_00035,2.30450133,1.8962698506410256
SPOC_official_like,GaussianProcessRegressor,all_ru_ahk_to_ru_aho_inner,All Ru-AHK (inner + outer) -> Ru-AHO inner,inner+outer,inner,All Ru-AHK,Delta learning,2,39,ru_aho_inner__00039,ru_aho_inner_00039,2.16934032,1.8962698506410256
SPOC_official_like,GaussianProcessRegressor,all_ru_ahk_to_ru_aho_inner,All Ru-AHK (inner + outer) -> Ru-AHO inner,inner+outer,inner,All Ru-AHK,Delta learning,2,45,ru_aho_inner__00045,ru_aho_inner_00045,2.01889808,1.8962698506410256
SPOC_official_like,GaussianProcessRegressor,all_ru_ahk_to_ru_aho_inner,All Ru-AHK (inner + outer) -> Ru-AHO inner,inner+outer,inner,All Ru-AHK,Delta learning,2,49,ru_aho_inner__00049,ru_aho_inner_00049,1.9607788,1.8962698506410256
SPOC_official_like,GaussianProcessRegressor,all_ru_ahk_to_ru_aho_inner,All Ru-AHK (inner + outer) -> Ru-AHO inner,inner+outer,inner,All Ru-AHK,Delta learning,2,65,ru_aho_inner__00065,ru_aho_inner_00065,1.53168147,1.8962698506410256
SPOC_official_like,GaussianProcessRegressor,all_ru_ahk_to_ru_aho_inner,All Ru-AHK (inner + outer) -> Ru-AHO inner,inner+outer,inner,All Ru-AHK,Delta learning,2,68,ru_aho_inner__00068,ru_aho_inner_00068,1.49260764,1.8962698506410256
SPOC_official_like,GaussianProcessRegressor,all_ru_ahk_to_ru_aho_inner,All Ru-AHK (inner + outer) -> Ru-AHO inner,inner+outer,inner,All Ru-AHK,Delta learning,2,69,ru_aho_inner__00069,ru_aho_inner_00069,1.48763592,1.8962698506410256
SPOC_official_like,GaussianProcessRegressor,all_ru_ahk_to_ru_aho_inner,All Ru-AHK (inner + outer) -> Ru-AHO inner,inner+outer,inner,All Ru-AHK,Delta learning,2,70,ru_aho_inner__00070,ru_aho_inner_00070,1.47570337,1.8962698506410256
SPOC_official_like,GaussianProcessRegressor,all_ru_ahk_to_ru_aho_inner,All Ru-AHK (inner + outer) -> Ru-AHO inner,inner+outer,inner,All Ru-AHK,Delta learning,2,72,ru_aho_inner__00072,ru_aho_inner_00072,1.40708549,1.8962698506410256
SPOC_official_like,GaussianProcessRegressor,all_ru_ahk_to_ru_aho_inner,All Ru-AHK (inner + outer) -> Ru-AHO inner,inner+outer,inner,All Ru-AHK,Delta learning,2,80,ru_aho_inner__00080,ru_aho_inner_00080,1.31904107,1.8962698506410256
SPOC_official_like,GaussianProcessRegressor,all_ru_ahk_to_ru_aho_inner,All Ru-AHK (inner + outer) -> Ru-AHO inner,inner+outer,inner,All Ru-AHK,Delta learning,2,88,ru_aho_inner__00088,ru_aho_inner_00088,0.39647984,1.8962698506410256
SPOC_official_like,GaussianProcessRegressor,all_ru_ahk_to_ru_aho_inner,All Ru-AHK (inner + outer) -> Ru-AHO inner,inner+outer,inner,All Ru-AHK,Delta learning,2,93,ru_aho_inner__00093,ru_aho_inner_00093,0.04819171,0.19433547193607992
SPOC_official_like,GaussianProcessRegressor,all_ru_ahk_to_ru_aho_inner,All Ru-AHK (inner + outer) -> Ru-AHO inner,inner+outer,inner,All Ru-AHK,Mixed transfer,3,3,ru_aho_inner__00003,ru_aho_inner_00003,3.67873076,1.9904025508590029
SPOC_official_like,GaussianProcessRegressor,all_ru_ahk_to_ru_aho_inner,All Ru-AHK (inner + outer) -> Ru-AHO inner,inner+outer,inner,All Ru-AHK,Mixed transfer,3,6,ru_aho_inner__00006,ru_aho_inner_00006,3.13437597,1.9904025508590029
SPOC_official_like,GaussianProcessRegressor,all_ru_ahk_to_ru_aho_inner,All Ru-AHK (inner + outer) -> Ru-AHO inner,inner+outer,inner,All Ru-AHK,Mixed transfer,3,7,ru_aho_inner__00007,ru_aho_inner_00007,3.13437597,1.9904025508590029
SPOC_official_like,GaussianProcessRegressor,all_ru_ahk_to_ru_aho_inner,All Ru-AHK (inner + outer) -> Ru-AHO inner,inner+outer,inner,All Ru-AHK,Mixed transfer,3,8,ru_aho_inner__00008,ru_aho_inner_00008,3.13437597,1.9904025508590029
SPOC_official_like,GaussianProcessRegressor,all_ru_ahk_to_ru_aho_inner,All Ru-AHK (inner + outer) -> Ru-AHO inner,inner+outer,inner,All Ru-AHK,Mixed transfer,3,13,ru_aho_inner__00013,ru_aho_inner_00013,2.72095293,1.9904025508590029
SPOC_official_like,GaussianProcessRegressor,all_ru_ahk_to_ru_aho_inner,All Ru-AHK (inner + outer) -> Ru-AHO inner,inner+outer,inner,All Ru-AHK,Mixed transfer,3,17,ru_aho_inner__00017,ru_aho_inner_00017,2.72095293,1.9904025508590029
SPOC_official_like,GaussianProcessRegressor,all_ru_ahk_to_ru_aho_inner,All Ru-AHK (inner + outer) -> Ru-AHO inner,inner+outer,inner,All Ru-AHK,Mixed transfer,3,19,ru_aho_inner__00019,ru_aho_inner_00019,2.72095293,1.9904025508590029
SPOC_official_like,GaussianProcessRegressor,all_ru_ahk_to_ru_aho_inner,All Ru-AHK (inner + outer) -> Ru-AHO inner,inner+outer,inner,All Ru-AHK,Mixed transfer,3,24,ru_aho_inner__00024,ru_aho_inner_00024,2.49823771,1.9904025508590029
SPOC_official_like,GaussianProcessRegressor,all_ru_ahk_to_ru_aho_inner,All Ru-AHK (inner + outer) -> Ru-AHO inner,inner+outer,inner,All Ru-AHK,Mixed transfer,3,25,ru_aho_inner__00025,ru_aho_inner_00025,2.49823771,1.9904025508590029
SPOC_official_like,GaussianProcessRegressor,all_ru_ahk_to_ru_aho_inner,All Ru-AHK (inner + outer) -> Ru-AHO inner,inner+outer,inner,All Ru-AHK,Mixed transfer,3,27,ru_aho_inner__00027,ru_aho_inner_00027,2.47786275,1.9904025508590029
SPOC_official_like,GaussianProcessRegressor,all_ru_ahk_to_ru_aho_inner,All Ru-AHK (inner + outer) -> Ru-AHO inner,inner+outer,inner,All Ru-AHK,Mixed transfer,3,34,ru_aho_inner__00034,ru_aho_inner_00034,2.30450133,1.9904025508590029
SPOC_official_like,GaussianProcessRegressor,all_ru_ahk_to_ru_aho_inner,All Ru-AHK (inner + outer) -> Ru-AHO inner,inner+outer,inner,All Ru-AHK,Mixed transfer,3,36,ru_aho_inner__00036,ru_aho_inner_00036,2.28957767,1.9904025508590029
SPOC_official_like,GaussianProcessRegressor,all_ru_ahk_to_ru_aho_inner,All Ru-AHK (inner + outer) -> Ru-AHO inner,inner+outer,inner,All Ru-AHK,Mixed transfer,3,38,ru_aho_inner__00038,ru_aho_inner_00038,2.20688949,1.9904025508590029
SPOC_official_like,GaussianProcessRegressor,all_ru_ahk_to_ru_aho_inner,All Ru-AHK (inner + outer) -> Ru-AHO inner,inner+outer,inner,All Ru-AHK,Mixed transfer,3,53,ru_aho_inner__00053,ru_aho_inner_00053,1.84440958,1.9904025508590029
SPOC_official_like,GaussianProcessRegressor,all_ru_ahk_to_ru_aho_inner,All Ru-AHK (inner + outer) -> Ru-AHO inner,inner+outer,inner,All Ru-AHK,Mixed transfer,3,55,ru_aho_inner__00055,ru_aho_inner_00055,1.80901573,1.9904025508590029
SPOC_official_like,GaussianProcessRegressor,all_ru_ahk_to_ru_aho_inner,All Ru-AHK (inner + outer) -> Ru-AHO inner,inner+outer,inner,All Ru-AHK,Mixed transfer,3,56,ru_aho_inner__00056,ru_aho_inner_00056,1.73731552,1.9904025508590029
SPOC_official_like,GaussianProcessRegressor,all_ru_ahk_to_ru_aho_inner,All Ru-AHK (inner + outer) -> Ru-AHO inner,inner+outer,inner,All Ru-AHK,Mixed transfer,3,76,ru_aho_inner__00076,ru_aho_inner_00076,1.36999511,1.9904025508590029
SPOC_official_like,GaussianProcessRegressor,all_ru_ahk_to_ru_aho_inner,All Ru-AHK (inner + outer) -> Ru-AHO inner,inner+outer,inner,All Ru-AHK,Mixed transfer,3,78,ru_aho_inner__00078,ru_aho_inner_00078,1.35390456,1.9904025508590029
SPOC_official_like,GaussianProcessRegressor,all_ru_ahk_to_ru_aho_inner,All Ru-AHK (inner + outer) -> Ru-AHO inner,inner+outer,inner,All Ru-AHK,Mixed transfer,3,79,ru_aho_inner__00079,ru_aho_inner_00079,1.33471728,1.9904025508590029
SPOC_official_like,GaussianProcessRegressor,all_ru_ahk_to_ru_aho_inner,All Ru-AHK (inner + outer) -> Ru-AHO inner,inner+outer,inner,All Ru-AHK,Mixed transfer,3,85,ru_aho_inner__00085,ru_aho_inner_00085,0.80254597,1.9904025508590029
SPOC_official_like,GaussianProcessRegressor,all_ru_ahk_to_ru_aho_inner,All Ru-AHK (inner + outer) -> Ru-AHO inner,inner+outer,inner,All Ru-AHK,Delta learning,3,3,ru_aho_inner__00003,ru_aho_inner_00003,3.67873076,1.8129710492307693
SPOC_official_like,GaussianProcessRegressor,all_ru_ahk_to_ru_aho_inner,All Ru-AHK (inner + outer) -> Ru-AHO inner,inner+outer,inner,All Ru-AHK,Delta learning,3,6,ru_aho_inner__00006,ru_aho_inner_00006,3.13437597,1.8129710492307693
SPOC_official_like,GaussianProcessRegressor,all_ru_ahk_to_ru_aho_inner,All Ru-AHK (inner + outer) -> Ru-AHO inner,inner+outer,inner,All Ru-AHK,Delta learning,3,7,ru_aho_inner__00007,ru_aho_inner_00007,3.13437597,1.8129710492307693
SPOC_official_like,GaussianProcessRegressor,all_ru_ahk_to_ru_aho_inner,All Ru-AHK (inner + outer) -> Ru-AHO inner,inner+outer,inner,All Ru-AHK,Delta learning,3,8,ru_aho_inner__00008,ru_aho_inner_00008,3.13437597,1.8129710492307693
SPOC_official_like,GaussianProcessRegressor,all_ru_ahk_to_ru_aho_inner,All Ru-AHK (inner + outer) -> Ru-AHO inner,inner+outer,inner,All Ru-AHK,Delta learning,3,13,ru_aho_inner__00013,ru_aho_inner_00013,2.72095293,1.8129710492307693
SPOC_official_like,GaussianProcessRegressor,all_ru_ahk_to_ru_aho_inner,All Ru-AHK (inner + outer) -> Ru-AHO inner,inner+outer,inner,All Ru-AHK,Delta learning,3,17,ru_aho_inner__00017,ru_aho_inner_00017,2.72095293,1.8129710492307693
SPOC_official_like,GaussianProcessRegressor,all_ru_ahk_to_ru_aho_inner,All Ru-AHK (inner + outer) -> Ru-AHO inner,inner+outer,inner,All Ru-AHK,Delta learning,3,19,ru_aho_inner__00019,ru_aho_inner_00019,2.72095293,1.8129710492307693
SPOC_official_like,GaussianProcessRegressor,all_ru_ahk_to_ru_aho_inner,All Ru-AHK (inner + outer) -> Ru-AHO inner,inner+outer,inner,All Ru-AHK,Delta learning,3,24,ru_aho_inner__00024,ru_aho_inner_00024,2.49823771,1.8129710492307693
SPOC_official_like,GaussianProcessRegressor,all_ru_ahk_to_ru_aho_inner,All Ru-AHK (inner + outer) -> Ru-AHO inner,inner+outer,inner,All Ru-AHK,Delta learning,3,25,ru_aho_inner__00025,ru_aho_inner_00025,2.49823771,1.8129710492307693
SPOC_official_like,GaussianProcessRegressor,all_ru_ahk_to_ru_aho_inner,All Ru-AHK (inner + outer) -> Ru-AHO inner,inner+outer,inner,All Ru-AHK,Delta learning,3,27,ru_aho_inner__00027,ru_aho_inner_00027,2.47786275,1.8129710492307693
SPOC_official_like,GaussianProcessRegressor,all_ru_ahk_to_ru_aho_inner,All Ru-AHK (inner + outer) -> Ru-AHO inner,inner+outer,inner,All Ru-AHK,Delta learning,3,34,ru_aho_inner__00034,ru_aho_inner_00034,2.30450133,1.8129710492307693
SPOC_official_like,GaussianProcessRegressor,all_ru_ahk_to_ru_aho_inner,All Ru-AHK (inner + outer) -> Ru-AHO inner,inner+outer,inner,All Ru-AHK,Delta learning,3,36,ru_aho_inner__00036,ru_aho_inner_00036,2.28957767,1.8129710492307693
SPOC_official_like,GaussianProcessRegressor,all_ru_ahk_to_ru_aho_inner,All Ru-AHK (inner + outer) -> Ru-AHO inner,inner+outer,inner,All Ru-AHK,Delta learning,3,38,ru_aho_inner__00038,ru_aho_inner_00038,2.20688949,1.8129710492307693
SPOC_official_like,GaussianProcessRegressor,all_ru_ahk_to_ru_aho_inner,All Ru-AHK (inner + outer) -> Ru-AHO inner,inner+outer,inner,All Ru-AHK,Delta learning,3,53,ru_aho_inner__00053,ru_aho_inner_00053,1.84440958,1.8129710492307693
SPOC_official_like,GaussianProcessRegressor,all_ru_ahk_to_ru_aho_inner,All Ru-AHK (inner + outer) -> Ru-AHO inner,inner+outer,inner,All Ru-AHK,Delta learning,3,55,ru_aho_inner__00055,ru_aho_inner_00055,1.80901573,1.8129710492307693
SPOC_official_like,GaussianProcessRegressor,all_ru_ahk_to_ru_aho_inner,All Ru-AHK (inner + outer) -> Ru-AHO inner,inner+outer,inner,All Ru-AHK,Delta learning,3,56,ru_aho_inner__00056,ru_aho_inner_00056,1.73731552,1.8129710492307693
SPOC_official_like,GaussianProcessRegressor,all_ru_ahk_to_ru_aho_inner,All Ru-AHK (inner + outer) -> Ru-AHO inner,inner+outer,inner,All Ru-AHK,Delta learning,3,76,ru_aho_inner__00076,ru_aho_inner_00076,1.36999511,1.8129710492307693
SPOC_official_like,GaussianProcessRegressor,all_ru_ahk_to_ru_aho_inner,All Ru-AHK (inner + outer) -> Ru-AHO inner,inner+outer,inner,All Ru-AHK,Delta learning,3,78,ru_aho_inner__00078,ru_aho_inner_00078,1.35390456,1.8129710492307693
SPOC_official_like,GaussianProcessRegressor,all_ru_ahk_to_ru_aho_inner,All Ru-AHK (inner + outer) -> Ru-AHO inner,inner+outer,inner,All Ru-AHK,Delta learning,3,79,ru_aho_inner__00079,ru_aho_inner_00079,1.33471728,1.8129710492307693
SPOC_official_like,GaussianProcessRegressor,all_ru_ahk_to_ru_aho_inner,All Ru-AHK (inner + outer) -> Ru-AHO inner,inner+outer,inner,All Ru-AHK,Delta learning,3,85,ru_aho_inner__00085,ru_aho_inner_00085,0.80254597,1.8129710492307693
SPOC_official_like,GaussianProcessRegressor,all_ru_ahk_to_ru_aho_inner,All Ru-AHK (inner + outer) -> Ru-AHO inner,inner+outer,inner,All Ru-AHK,Mixed transfer,4,32,ru_aho_inner__00032,ru_aho_inner_00032,2.30450133,1.99805420542083
SPOC_official_like,GaussianProcessRegressor,all_ru_ahk_to_ru_aho_inner,All Ru-AHK (inner + outer) -> Ru-AHO inner,inner+outer,inner,All Ru-AHK,Mixed transfer,4,41,ru_aho_inner__00041,ru_aho_inner_00041,2.13444943,1.99805420542083
SPOC_official_like,GaussianProcessRegressor,all_ru_ahk_to_ru_aho_inner,All Ru-AHK (inner + outer) -> Ru-AHO inner,inner+outer,inner,All Ru-AHK,Mixed transfer,4,43,ru_aho_inner__00043,ru_aho_inner_00043,2.11117069,1.99805420542083
SPOC_official_like,GaussianProcessRegressor,all_ru_ahk_to_ru_aho_inner,All Ru-AHK (inner + outer) -> Ru-AHO inner,inner+outer,inner,All Ru-AHK,Mixed transfer,4,46,ru_aho_inner__00046,ru_aho_inner_00046,2.00941149,1.99805420542083
SPOC_official_like,GaussianProcessRegressor,all_ru_ahk_to_ru_aho_inner,All Ru-AHK (inner + outer) -> Ru-AHO inner,inner+outer,inner,All Ru-AHK,Mixed transfer,4,48,ru_aho_inner__00048,ru_aho_inner_00048,1.96551622,1.99805420542083
SPOC_official_like,GaussianProcessRegressor,all_ru_ahk_to_ru_aho_inner,All Ru-AHK (inner + outer) -> Ru-AHO inner,inner+outer,inner,All Ru-AHK,Mixed transfer,4,50,ru_aho_inner__00050,ru_aho_inner_00050,1.95650617,1.99805420542083
SPOC_official_like,GaussianProcessRegressor,all_ru_ahk_to_ru_aho_inner,All Ru-AHK (inner + outer) -> Ru-AHO inner,inner+outer,inner,All Ru-AHK,Mixed transfer,4,54,ru_aho_inner__00054,ru_aho_inner_00054,1.80901573,1.99805420542083
SPOC_official_like,GaussianProcessRegressor,all_ru_ahk_to_ru_aho_inner,All Ru-AHK (inner + outer) -> Ru-AHO inner,inner+outer,inner,All Ru-AHK,Mixed transfer,4,57,ru_aho_inner__00057,ru_aho_inner_00057,1.68395754,1.99805420542083
SPOC_official_like,GaussianProcessRegressor,all_ru_ahk_to_ru_aho_inner,All Ru-AHK (inner + outer) -> Ru-AHO inner,inner+outer,inner,All Ru-AHK,Mixed transfer,4,58,ru_aho_inner__00058,ru_aho_inner_00058,1.66417952,1.99805420542083
SPOC_official_like,GaussianProcessRegressor,all_ru_ahk_to_ru_aho_inner,All Ru-AHK (inner + outer) -> Ru-AHO inner,inner+outer,inner,All Ru-AHK,Mixed transfer,4,59,ru_aho_inner__00059,ru_aho_inner_00059,1.62929332,1.99805420542083
SPOC_official_like,GaussianProcessRegressor,all_ru_ahk_to_ru_aho_inner,All Ru-AHK (inner + outer) -> Ru-AHO inner,inner+outer,inner,All Ru-AHK,Mixed transfer,4,61,ru_aho_inner__00061,ru_aho_inner_00061,1.57873877,1.99805420542083
SPOC_official_like,GaussianProcessRegressor,all_ru_ahk_to_ru_aho_inner,All Ru-AHK (inner + outer) -> Ru-AHO inner,inner+outer,inner,All Ru-AHK,Mixed transfer,4,63,ru_aho_inner__00063,ru_aho_inner_00063,1.56019653,1.99805420542083
SPOC_official_like,GaussianProcessRegressor,all_ru_ahk_to_ru_aho_inner,All Ru-AHK (inner + outer) -> Ru-AHO inner,inner+outer,inner,All Ru-AHK,Mixed transfer,4,66,ru_aho_inner__00066,ru_aho_inner_00066,1.51369193,1.99805420542083
SPOC_official_like,GaussianProcessRegressor,all_ru_ahk_to_ru_aho_inner,All Ru-AHK (inner + outer) -> Ru-AHO inner,inner+outer,inner,All Ru-AHK,Mixed transfer,4,67,ru_aho_inner__00067,ru_aho_inner_00067,1.51369193,1.99805420542083
SPOC_official_like,GaussianProcessRegressor,all_ru_ahk_to_ru_aho_inner,All Ru-AHK (inner + outer) -> Ru-AHO inner,inner+outer,inner,All Ru-AHK,Mixed transfer,4,77,ru_aho_inner__00077,ru_aho_inner_00077,1.36283425,1.99805420542083
SPOC_official_like,GaussianProcessRegressor,all_ru_ahk_to_ru_aho_inner,All Ru-AHK (inner + outer) -> Ru-AHO inner,inner+outer,inner,All Ru-AHK,Mixed transfer,4,84,ru_aho_inner__00084,ru_aho_inner_00084,0.80438248,1.99805420542083
SPOC_official_like,GaussianProcessRegressor,all_ru_ahk_to_ru_aho_inner,All Ru-AHK (inner + outer) -> Ru-AHO inner,inner+outer,inner,All Ru-AHK,Mixed transfer,4,95,ru_aho_inner__00095,ru_aho_inner_00095,0.0120419,1.99805420542083
SPOC_official_like,GaussianProcessRegressor,all_ru_ahk_to_ru_aho_inner,All Ru-AHK (inner + outer) -> Ru-AHO inner,inner+outer,inner,All Ru-AHK,Mixed transfer,4,96,ru_aho_inner__00096,ru_aho_inner_00096,0.0,1.99805420542083
SPOC_official_like,GaussianProcessRegressor,all_ru_ahk_to_ru_aho_inner,All Ru-AHK (inner + outer) -> Ru-AHO inner,inner+outer,inner,All Ru-AHK,Mixed transfer,4,97,ru_aho_inner__00097,ru_aho_inner_00097,0.0,1.99805420542083
SPOC_official_like,GaussianProcessRegressor,all_ru_ahk_to_ru_aho_inner,All Ru-AHK (inner + outer) -> Ru-AHO inner,inner+outer,inner,All Ru-AHK,Delta learning,4,32,ru_aho_inner__00032,ru_aho_inner_00032,2.30450133,2.0198745630379746
SPOC_official_like,GaussianProcessRegressor,all_ru_ahk_to_ru_aho_inner,All Ru-AHK (inner + outer) -> Ru-AHO inner,inner+outer,inner,All Ru-AHK,Delta learning,4,41,ru_aho_inner__00041,ru_aho_inner_00041,2.13444943,2.0198745630379746
SPOC_official_like,GaussianProcessRegressor,all_ru_ahk_to_ru_aho_inner,All Ru-AHK (inner + outer) -> Ru-AHO inner,inner+outer,inner,All Ru-AHK,Delta learning,4,43,ru_aho_inner__00043,ru_aho_inner_00043,2.11117069,2.0198745630379746
SPOC_official_like,GaussianProcessRegressor,all_ru_ahk_to_ru_aho_inner,All Ru-AHK (inner + outer) -> Ru-AHO inner,inner+outer,inner,All Ru-AHK,Delta learning,4,46,ru_aho_inner__00046,ru_aho_inner_00046,2.00941149,2.0198745630379746
SPOC_official_like,GaussianProcessRegressor,all_ru_ahk_to_ru_aho_inner,All Ru-AHK (inner + outer) -> Ru-AHO inner,inner+outer,inner,All Ru-AHK,Delta learning,4,48,ru_aho_inner__00048,ru_aho_inner_00048,1.96551622,2.0198745630379746
SPOC_official_like,GaussianProcessRegressor,all_ru_ahk_to_ru_aho_inner,All Ru-AHK (inner + outer) -> Ru-AHO inner,inner+outer,inner,All Ru-AHK,Delta learning,4,50,ru_aho_inner__00050,ru_aho_inner_00050,1.95650617,2.0198745630379746
SPOC_official_like,GaussianProcessRegressor,all_ru_ahk_to_ru_aho_inner,All Ru-AHK (inner + outer) -> Ru-AHO inner,inner+outer,inner,All Ru-AHK,Delta learning,4,54,ru_aho_inner__00054,ru_aho_inner_00054,1.80901573,2.0198745630379746
SPOC_official_like,GaussianProcessRegressor,all_ru_ahk_to_ru_aho_inner,All Ru-AHK (inner + outer) -> Ru-AHO inner,inner+outer,inner,All Ru-AHK,Delta learning,4,57,ru_aho_inner__00057,ru_aho_inner_00057,1.68395754,2.0198745630379746
SPOC_official_like,GaussianProcessRegressor,all_ru_ahk_to_ru_aho_inner,All Ru-AHK (inner + outer) -> Ru-AHO inner,inner+outer,inner,All Ru-AHK,Delta learning,4,58,ru_aho_inner__00058,ru_aho_inner_00058,1.66417952,2.0198745630379746
SPOC_official_like,GaussianProcessRegressor,all_ru_ahk_to_ru_aho_inner,All Ru-AHK (inner + outer) -> Ru-AHO inner,inner+outer,inner,All Ru-AHK,Delta learning,4,59,ru_aho_inner__00059,ru_aho_inner_00059,1.62929332,2.0198745630379746
SPOC_official_like,GaussianProcessRegressor,all_ru_ahk_to_ru_aho_inner,All Ru-AHK (inner + outer) -> Ru-AHO inner,inner+outer,inner,All Ru-AHK,Delta learning,4,61,ru_aho_inner__00061,ru_aho_inner_00061,1.57873877,2.0198745630379746
SPOC_official_like,GaussianProcessRegressor,all_ru_ahk_to_ru_aho_inner,All Ru-AHK (inner + outer) -> Ru-AHO inner,inner+outer,inner,All Ru-AHK,Delta learning,4,63,ru_aho_inner__00063,ru_aho_inner_00063,1.56019653,2.0198745630379746
SPOC_official_like,GaussianProcessRegressor,all_ru_ahk_to_ru_aho_inner,All Ru-AHK (inner + outer) -> Ru-AHO inner,inner+outer,inner,All Ru-AHK,Delta learning,4,66,ru_aho_inner__00066,ru_aho_inner_00066,1.51369193,2.0198745630379746
SPOC_official_like,GaussianProcessRegressor,all_ru_ahk_to_ru_aho_inner,All Ru-AHK (inner + outer) -> Ru-AHO inner,inner+outer,inner,All Ru-AHK,Delta learning,4,67,ru_aho_inner__00067,ru_aho_inner_00067,1.51369193,2.0198745630379746
SPOC_official_like,GaussianProcessRegressor,all_ru_ahk_to_ru_aho_inner,All Ru-AHK (inner + outer) -> Ru-AHO inner,inner+outer,inner,All Ru-AHK,Delta learning,4,77,ru_aho_inner__00077,ru_aho_inner_00077,1.36283425,2.0198745630379746
SPOC_official_like,GaussianProcessRegressor,all_ru_ahk_to_ru_aho_inner,All Ru-AHK (inner + outer) -> Ru-AHO inner,inner+outer,inner,All Ru-AHK,Delta learning,4,84,ru_aho_inner__00084,ru_aho_inner_00084,0.80438248,2.0198745630379746
SPOC_official_like,GaussianProcessRegressor,all_ru_ahk_to_ru_aho_inner,All Ru-AHK (inner + outer) -> Ru-AHO inner,inner+outer,inner,All Ru-AHK,Delta learning,4,95,ru_aho_inner__00095,ru_aho_inner_00095,0.0120419,2.0198745630379746
SPOC_official_like,GaussianProcessRegressor,all_ru_ahk_to_ru_aho_inner,All Ru-AHK (inner + outer) -> Ru-AHO inner,inner+outer,inner,All Ru-AHK,Delta learning,4,96,ru_aho_inner__00096,ru_aho_inner_00096,0.0,2.0198745630379746
SPOC_official_like,GaussianProcessRegressor,all_ru_ahk_to_ru_aho_inner,All Ru-AHK (inner + outer) -> Ru-AHO inner,inner+outer,inner,All Ru-AHK,Delta learning,4,97,ru_aho_inner__00097,ru_aho_inner_00097,0.0,2.0198745630379746
SPOC_official_like,GaussianProcessRegressor,all_ru_ahk_to_ru_aho_inner,All Ru-AHK (inner + outer) -> Ru-AHO inner,inner+outer,inner,All Ru-AHK,Mixed transfer,5,1,ru_aho_inner__00001,ru_aho_inner_00001,4.50050002,1.994600491824048
SPOC_official_like,GaussianProcessRegressor,all_ru_ahk_to_ru_aho_inner,All Ru-AHK (inner + outer) -> Ru-AHO inner,inner+outer,inner,All Ru-AHK,Mixed transfer,5,2,ru_aho_inner__00002,ru_aho_inner_00002,3.84937533,1.994600491824048
SPOC_official_like,GaussianProcessRegressor,all_ru_ahk_to_ru_aho_inner,All Ru-AHK (inner + outer) -> Ru-AHO inner,inner+outer,inner,All Ru-AHK,Mixed transfer,5,14,ru_aho_inner__00014,ru_aho_inner_00014,2.72095293,1.994600491824048
SPOC_official_like,GaussianProcessRegressor,all_ru_ahk_to_ru_aho_inner,All Ru-AHK (inner + outer) -> Ru-AHO inner,inner+outer,inner,All Ru-AHK,Mixed transfer,5,20,ru_aho_inner__00020,ru_aho_inner_00020,2.72095293,1.994600491824048
SPOC_official_like,GaussianProcessRegressor,all_ru_ahk_to_ru_aho_inner,All Ru-AHK (inner + outer) -> Ru-AHO inner,inner+outer,inner,All Ru-AHK,Mixed transfer,5,21,ru_aho_inner__00021,ru_aho_inner_00021,2.6917632,1.994600491824048
SPOC_official_like,GaussianProcessRegressor,all_ru_ahk_to_ru_aho_inner,All Ru-AHK (inner + outer) -> Ru-AHO inner,inner+outer,inner,All Ru-AHK,Mixed transfer,5,23,ru_aho_inner__00023,ru_aho_inner_00023,2.61179564,1.994600491824048
SPOC_official_like,GaussianProcessRegressor,all_ru_ahk_to_ru_aho_inner,All Ru-AHK (inner + outer) -> Ru-AHO inner,inner+outer,inner,All Ru-AHK,Mixed transfer,5,29,ru_aho_inner__00029,ru_aho_inner_00029,2.47786275,1.994600491824048
SPOC_official_like,GaussianProcessRegressor,all_ru_ahk_to_ru_aho_inner,All Ru-AHK (inner + outer) -> Ru-AHO inner,inner+outer,inner,All Ru-AHK,Mixed transfer,5,37,ru_aho_inner__00037,ru_aho_inner_00037,2.26077037,1.994600491824048
SPOC_official_like,GaussianProcessRegressor,all_ru_ahk_to_ru_aho_inner,All Ru-AHK (inner + outer) -> Ru-AHO inner,inner+outer,inner,All Ru-AHK,Mixed transfer,5,51,ru_aho_inner__00051,ru_aho_inner_00051,1.94448624,1.994600491824048
SPOC_official_like,GaussianProcessRegressor,all_ru_ahk_to_ru_aho_inner,All Ru-AHK (inner + outer) -> Ru-AHO inner,inner+outer,inner,All Ru-AHK,Mixed transfer,5,52,ru_aho_inner__00052,ru_aho_inner_00052,1.88185187,1.994600491824048
SPOC_official_like,GaussianProcessRegressor,all_ru_ahk_to_ru_aho_inner,All Ru-AHK (inner + outer) -> Ru-AHO inner,inner+outer,inner,All Ru-AHK,Mixed transfer,5,60,ru_aho_inner__00060,ru_aho_inner_00060,1.62929332,1.994600491824048
SPOC_official_like,GaussianProcessRegressor,all_ru_ahk_to_ru_aho_inner,All Ru-AHK (inner + outer) -> Ru-AHO inner,inner+outer,inner,All Ru-AHK,Mixed transfer,5,71,ru_aho_inner__00071,ru_aho_inner_00071,1.47016368,1.994600491824048
SPOC_official_like,GaussianProcessRegressor,all_ru_ahk_to_ru_aho_inner,All Ru-AHK (inner + outer) -> Ru-AHO inner,inner+outer,inner,All Ru-AHK,Mixed transfer,5,74,ru_aho_inner__00074,ru_aho_inner_00074,1.38325909,1.994600491824048
SPOC_official_like,GaussianProcessRegressor,all_ru_ahk_to_ru_aho_inner,All Ru-AHK (inner + outer) -> Ru-AHO inner,inner+outer,inner,All Ru-AHK,Mixed transfer,5,82,ru_aho_inner__00082,ru_aho_inner_00082,0.99242206,1.994600491824048
SPOC_official_like,GaussianProcessRegressor,all_ru_ahk_to_ru_aho_inner,All Ru-AHK (inner + outer) -> Ru-AHO inner,inner+outer,inner,All Ru-AHK,Mixed transfer,5,86,ru_aho_inner__00086,ru_aho_inner_00086,0.67501313,1.994600491824048
SPOC_official_like,GaussianProcessRegressor,all_ru_ahk_to_ru_aho_inner,All Ru-AHK (inner + outer) -> Ru-AHO inner,inner+outer,inner,All Ru-AHK,Mixed transfer,5,87,ru_aho_inner__00087,ru_aho_inner_00087,0.56782018,1.994600491824048
SPOC_official_like,GaussianProcessRegressor,all_ru_ahk_to_ru_aho_inner,All Ru-AHK (inner + outer) -> Ru-AHO inner,inner+outer,inner,All Ru-AHK,Mixed transfer,5,89,ru_aho_inner__00089,ru_aho_inner_00089,0.33293116,1.994600491824048
SPOC_official_like,GaussianProcessRegressor,all_ru_ahk_to_ru_aho_inner,All Ru-AHK (inner + outer) -> Ru-AHO inner,inner+outer,inner,All Ru-AHK,Mixed transfer,5,91,ru_aho_inner__00091,ru_aho_inner_00091,0.10866753,1.994600491824048
SPOC_official_like,GaussianProcessRegressor,all_ru_ahk_to_ru_aho_inner,All Ru-AHK (inner + outer) -> Ru-AHO inner,inner+outer,inner,All Ru-AHK,Mixed transfer,5,92,ru_aho_inner__00092,ru_aho_inner_00092,0.09139463,1.994600491824048
SPOC_official_like,GaussianProcessRegressor,all_ru_ahk_to_ru_aho_inner,All Ru-AHK (inner + outer) -> Ru-AHO inner,inner+outer,inner,All Ru-AHK,Delta learning,5,1,ru_aho_inner__00001,ru_aho_inner_00001,4.50050002,1.9274986537974683
SPOC_official_like,GaussianProcessRegressor,all_ru_ahk_to_ru_aho_inner,All Ru-AHK (inner + outer) -> Ru-AHO inner,inner+outer,inner,All Ru-AHK,Delta learning,5,2,ru_aho_inner__00002,ru_aho_inner_00002,3.84937533,1.9274986537974683
SPOC_official_like,GaussianProcessRegressor,all_ru_ahk_to_ru_aho_inner,All Ru-AHK (inner + outer) -> Ru-AHO inner,inner+outer,inner,All Ru-AHK,Delta learning,5,14,ru_aho_inner__00014,ru_aho_inner_00014,2.72095293,1.9274986537974683
SPOC_official_like,GaussianProcessRegressor,all_ru_ahk_to_ru_aho_inner,All Ru-AHK (inner + outer) -> Ru-AHO inner,inner+outer,inner,All Ru-AHK,Delta learning,5,20,ru_aho_inner__00020,ru_aho_inner_00020,2.72095293,1.9274986537974683
SPOC_official_like,GaussianProcessRegressor,all_ru_ahk_to_ru_aho_inner,All Ru-AHK (inner + outer) -> Ru-AHO inner,inner+outer,inner,All Ru-AHK,Delta learning,5,21,ru_aho_inner__00021,ru_aho_inner_00021,2.6917632,1.9274986537974683
SPOC_official_like,GaussianProcessRegressor,all_ru_ahk_to_ru_aho_inner,All Ru-AHK (inner + outer) -> Ru-AHO inner,inner+outer,inner,All Ru-AHK,Delta learning,5,23,ru_aho_inner__00023,ru_aho_inner_00023,2.61179564,1.9274986537974683
SPOC_official_like,GaussianProcessRegressor,all_ru_ahk_to_ru_aho_inner,All Ru-AHK (inner + outer) -> Ru-AHO inner,inner+outer,inner,All Ru-AHK,Delta learning,5,29,ru_aho_inner__00029,ru_aho_inner_00029,2.47786275,1.9274986537974683
SPOC_official_like,GaussianProcessRegressor,all_ru_ahk_to_ru_aho_inner,All Ru-AHK (inner + outer) -> Ru-AHO inner,inner+outer,inner,All Ru-AHK,Delta learning,5,37,ru_aho_inner__00037,ru_aho_inner_00037,2.26077037,1.9274986537974683
SPOC_official_like,GaussianProcessRegressor,all_ru_ahk_to_ru_aho_inner,All Ru-AHK (inner + outer) -> Ru-AHO inner,inner+outer,inner,All Ru-AHK,Delta learning,5,51,ru_aho_inner__00051,ru_aho_inner_00051,1.94448624,1.9274986537974683
SPOC_official_like,GaussianProcessRegressor,all_ru_ahk_to_ru_aho_inner,All Ru-AHK (inner + outer) -> Ru-AHO inner,inner+outer,inner,All Ru-AHK,Delta learning,5,52,ru_aho_inner__00052,ru_aho_inner_00052,1.88185187,1.9274986537974683
SPOC_official_like,GaussianProcessRegressor,all_ru_ahk_to_ru_aho_inner,All Ru-AHK (inner + outer) -> Ru-AHO inner,inner+outer,inner,All Ru-AHK,Delta learning,5,60,ru_aho_inner__00060,ru_aho_inner_00060,1.62929332,1.9274986537974683
SPOC_official_like,GaussianProcessRegressor,all_ru_ahk_to_ru_aho_inner,All Ru-AHK (inner + outer) -> Ru-AHO inner,inner+outer,inner,All Ru-AHK,Delta learning,5,71,ru_aho_inner__00071,ru_aho_inner_00071,1.47016368,1.9274986537974683
SPOC_official_like,GaussianProcessRegressor,all_ru_ahk_to_ru_aho_inner,All Ru-AHK (inner + outer) -> Ru-AHO inner,inner+outer,inner,All Ru-AHK,Delta learning,5,74,ru_aho_inner__00074,ru_aho_inner_00074,1.38325909,1.9274986537974683
SPOC_official_like,GaussianProcessRegressor,all_ru_ahk_to_ru_aho_inner,All Ru-AHK (inner + outer) -> Ru-AHO inner,inner+outer,inner,All Ru-AHK,Delta learning,5,82,ru_aho_inner__00082,ru_aho_inner_00082,0.99242206,1.9274986537974683
SPOC_official_like,GaussianProcessRegressor,all_ru_ahk_to_ru_aho_inner,All Ru-AHK (inner + outer) -> Ru-AHO inner,inner+outer,inner,All Ru-AHK,Delta learning,5,86,ru_aho_inner__00086,ru_aho_inner_00086,0.67501313,1.9274986537974683
SPOC_official_like,GaussianProcessRegressor,all_ru_ahk_to_ru_aho_inner,All Ru-AHK (inner + outer) -> Ru-AHO inner,inner+outer,inner,All Ru-AHK,Delta learning,5,87,ru_aho_inner__00087,ru_aho_inner_00087,0.56782018,1.9274986537974683
SPOC_official_like,GaussianProcessRegressor,all_ru_ahk_to_ru_aho_inner,All Ru-AHK (inner + outer) -> Ru-AHO inner,inner+outer,inner,All Ru-AHK,Delta learning,5,89,ru_aho_inner__00089,ru_aho_inner_00089,0.33293116,1.9274986537974683
SPOC_official_like,GaussianProcessRegressor,all_ru_ahk_to_ru_aho_inner,All Ru-AHK (inner + outer) -> Ru-AHO inner,inner+outer,inner,All Ru-AHK,Delta learning,5,91,ru_aho_inner__00091,ru_aho_inner_00091,0.10866753,1.9274986537974683
SPOC_official_like,GaussianProcessRegressor,all_ru_ahk_to_ru_aho_inner,All Ru-AHK (inner + outer) -> Ru-AHO inner,inner+outer,inner,All Ru-AHK,Delta learning,5,92,ru_aho_inner__00092,ru_aho_inner_00092,0.09139463,1.9274986537974683
SPOC_official_like,KNeighborsRegressor,all_ru_ahk_to_ru_aho_inner,All Ru-AHK (inner + outer) -> Ru-AHO inner,inner+outer,inner,All Ru-AHK,Mixed transfer,1,0,ru_aho_inner__00000,ru_aho_inner_00000,4.50050002,2.290610536
SPOC_official_like,KNeighborsRegressor,all_ru_ahk_to_ru_aho_inner,All Ru-AHK (inner + outer) -> Ru-AHO inner,inner+outer,inner,All Ru-AHK,Mixed transfer,1,4,ru_aho_inner__00004,ru_aho_inner_00004,3.13437597,2.605423282
SPOC_official_like,KNeighborsRegressor,all_ru_ahk_to_ru_aho_inner,All Ru-AHK (inner + outer) -> Ru-AHO inner,inner+outer,inner,All Ru-AHK,Mixed transfer,1,10,ru_aho_inner__00010,ru_aho_inner_00010,2.89279432,2.373900856
SPOC_official_like,KNeighborsRegressor,all_ru_ahk_to_ru_aho_inner,All Ru-AHK (inner + outer) -> Ru-AHO inner,inner+outer,inner,All Ru-AHK,Mixed transfer,1,12,ru_aho_inner__00012,ru_aho_inner_00012,2.72095293,2.373900856
SPOC_official_like,KNeighborsRegressor,all_ru_ahk_to_ru_aho_inner,All Ru-AHK (inner + outer) -> Ru-AHO inner,inner+outer,inner,All Ru-AHK,Mixed transfer,1,18,ru_aho_inner__00018,ru_aho_inner_00018,2.72095293,2.500834652
SPOC_official_like,KNeighborsRegressor,all_ru_ahk_to_ru_aho_inner,All Ru-AHK (inner + outer) -> Ru-AHO inner,inner+outer,inner,All Ru-AHK,Mixed transfer,1,22,ru_aho_inner__00022,ru_aho_inner_00022,2.63729647,2.50314669
SPOC_official_like,KNeighborsRegressor,all_ru_ahk_to_ru_aho_inner,All Ru-AHK (inner + outer) -> Ru-AHO inner,inner+outer,inner,All Ru-AHK,Mixed transfer,1,26,ru_aho_inner__00026,ru_aho_inner_00026,2.49268506,1.661275568
SPOC_official_like,KNeighborsRegressor,all_ru_ahk_to_ru_aho_inner,All Ru-AHK (inner + outer) -> Ru-AHO inner,inner+outer,inner,All Ru-AHK,Mixed transfer,1,31,ru_aho_inner__00031,ru_aho_inner_00031,2.30450133,1.9991921259999998
SPOC_official_like,KNeighborsRegressor,all_ru_ahk_to_ru_aho_inner,All Ru-AHK (inner + outer) -> Ru-AHO inner,inner+outer,inner,All Ru-AHK,Mixed transfer,1,40,ru_aho_inner__00040,ru_aho_inner_00040,2.13954868,2.050234574
SPOC_official_like,KNeighborsRegressor,all_ru_ahk_to_ru_aho_inner,All Ru-AHK (inner + outer) -> Ru-AHO inner,inner+outer,inner,All Ru-AHK,Mixed transfer,1,42,ru_aho_inner__00042,ru_aho_inner_00042,2.12255274,2.373900856
SPOC_official_like,KNeighborsRegressor,all_ru_ahk_to_ru_aho_inner,All Ru-AHK (inner + outer) -> Ru-AHO inner,inner+outer,inner,All Ru-AHK,Mixed transfer,1,44,ru_aho_inner__00044,ru_aho_inner_00044,2.02174776,1.7967997099999997
SPOC_official_like,KNeighborsRegressor,all_ru_ahk_to_ru_aho_inner,All Ru-AHK (inner + outer) -> Ru-AHO inner,inner+outer,inner,All Ru-AHK,Mixed transfer,1,47,ru_aho_inner__00047,ru_aho_inner_00047,1.97754867,1.6446467760653456
SPOC_official_like,KNeighborsRegressor,all_ru_ahk_to_ru_aho_inner,All Ru-AHK (inner + outer) -> Ru-AHO inner,inner+outer,inner,All Ru-AHK,Mixed transfer,1,62,ru_aho_inner__00062,ru_aho_inner_00062,1.56906465,1.7967997099999997
SPOC_official_like,KNeighborsRegressor,all_ru_ahk_to_ru_aho_inner,All Ru-AHK (inner + outer) -> Ru-AHO inner,inner+outer,inner,All Ru-AHK,Mixed transfer,1,64,ru_aho_inner__00064,ru_aho_inner_00064,1.53168147,1.557394086
SPOC_official_like,KNeighborsRegressor,all_ru_ahk_to_ru_aho_inner,All Ru-AHK (inner + outer) -> Ru-AHO inner,inner+outer,inner,All Ru-AHK,Mixed transfer,1,73,ru_aho_inner__00073,ru_aho_inner_00073,1.39055932,1.383008926
SPOC_official_like,KNeighborsRegressor,all_ru_ahk_to_ru_aho_inner,All Ru-AHK (inner + outer) -> Ru-AHO inner,inner+outer,inner,All Ru-AHK,Mixed transfer,1,75,ru_aho_inner__00075,ru_aho_inner_00075,1.36999511,1.428401222
SPOC_official_like,KNeighborsRegressor,all_ru_ahk_to_ru_aho_inner,All Ru-AHK (inner + outer) -> Ru-AHO inner,inner+outer,inner,All Ru-AHK,Mixed transfer,1,81,ru_aho_inner__00081,ru_aho_inner_00081,1.00421655,1.383008926
SPOC_official_like,KNeighborsRegressor,all_ru_ahk_to_ru_aho_inner,All Ru-AHK (inner + outer) -> Ru-AHO inner,inner+outer,inner,All Ru-AHK,Mixed transfer,1,83,ru_aho_inner__00083,ru_aho_inner_00083,0.83956097,0.86837628
SPOC_official_like,KNeighborsRegressor,all_ru_ahk_to_ru_aho_inner,All Ru-AHK (inner + outer) -> Ru-AHO inner,inner+outer,inner,All Ru-AHK,Mixed transfer,1,90,ru_aho_inner__00090,ru_aho_inner_00090,0.19433377,1.3934474702427337
SPOC_official_like,KNeighborsRegressor,all_ru_ahk_to_ru_aho_inner,All Ru-AHK (inner + outer) -> Ru-AHO inner,inner+outer,inner,All Ru-AHK,Mixed transfer,1,94,ru_aho_inner__00094,ru_aho_inner_00094,0.04739647,0.707075066
SPOC_official_like,KNeighborsRegressor,all_ru_ahk_to_ru_aho_inner,All Ru-AHK (inner + outer) -> Ru-AHO inner,inner+outer,inner,All Ru-AHK,Delta learning,1,0,ru_aho_inner__00000,ru_aho_inner_00000,4.50050002,2.2625478178936542
SPOC_official_like,KNeighborsRegressor,all_ru_ahk_to_ru_aho_inner,All Ru-AHK (inner + outer) -> Ru-AHO inner,inner+outer,inner,All Ru-AHK,Delta learning,1,4,ru_aho_inner__00004,ru_aho_inner_00004,3.13437597,2.6054232820000003
SPOC_official_like,KNeighborsRegressor,all_ru_ahk_to_ru_aho_inner,All Ru-AHK (inner + outer) -> Ru-AHO inner,inner+outer,inner,All Ru-AHK,Delta learning,1,10,ru_aho_inner__00010,ru_aho_inner_00010,2.89279432,2.373900856
SPOC_official_like,KNeighborsRegressor,all_ru_ahk_to_ru_aho_inner,All Ru-AHK (inner + outer) -> Ru-AHO inner,inner+outer,inner,All Ru-AHK,Delta learning,1,12,ru_aho_inner__00012,ru_aho_inner_00012,2.72095293,2.373900856
SPOC_official_like,KNeighborsRegressor,all_ru_ahk_to_ru_aho_inner,All Ru-AHK (inner + outer) -> Ru-AHO inner,inner+outer,inner,All Ru-AHK,Delta learning,1,18,ru_aho_inner__00018,ru_aho_inner_00018,2.72095293,2.331120766
SPOC_official_like,KNeighborsRegressor,all_ru_ahk_to_ru_aho_inner,All Ru-AHK (inner + outer) -> Ru-AHO inner,inner+outer,inner,All Ru-AHK,Delta learning,1,22,ru_aho_inner__00022,ru_aho_inner_00022,2.63729647,1.836884295516767
SPOC_official_like,KNeighborsRegressor,all_ru_ahk_to_ru_aho_inner,All Ru-AHK (inner + outer) -> Ru-AHO inner,inner+outer,inner,All Ru-AHK,Delta learning,1,26,ru_aho_inner__00026,ru_aho_inner_00026,2.49268506,1.7469383511508556
SPOC_official_like,KNeighborsRegressor,all_ru_ahk_to_ru_aho_inner,All Ru-AHK (inner + outer) -> Ru-AHO inner,inner+outer,inner,All Ru-AHK,Delta learning,1,31,ru_aho_inner__00031,ru_aho_inner_00031,2.30450133,1.2141036884806797
SPOC_official_like,KNeighborsRegressor,all_ru_ahk_to_ru_aho_inner,All Ru-AHK (inner + outer) -> Ru-AHO inner,inner+outer,inner,All Ru-AHK,Delta learning,1,40,ru_aho_inner__00040,ru_aho_inner_00040,2.13954868,2.5190435370623265
SPOC_official_like,KNeighborsRegressor,all_ru_ahk_to_ru_aho_inner,All Ru-AHK (inner + outer) -> Ru-AHO inner,inner+outer,inner,All Ru-AHK,Delta learning,1,42,ru_aho_inner__00042,ru_aho_inner_00042,2.12255274,2.417039893131258
SPOC_official_like,KNeighborsRegressor,all_ru_ahk_to_ru_aho_inner,All Ru-AHK (inner + outer) -> Ru-AHO inner,inner+outer,inner,All Ru-AHK,Delta learning,1,44,ru_aho_inner__00044,ru_aho_inner_00044,2.02174776,2.21221633405036
SPOC_official_like,KNeighborsRegressor,all_ru_ahk_to_ru_aho_inner,All Ru-AHK (inner + outer) -> Ru-AHO inner,inner+outer,inner,All Ru-AHK,Delta learning,1,47,ru_aho_inner__00047,ru_aho_inner_00047,1.97754867,1.519051914982804
SPOC_official_like,KNeighborsRegressor,all_ru_ahk_to_ru_aho_inner,All Ru-AHK (inner + outer) -> Ru-AHO inner,inner+outer,inner,All Ru-AHK,Delta learning,1,62,ru_aho_inner__00062,ru_aho_inner_00062,1.56906465,2.21221633405036
SPOC_official_like,KNeighborsRegressor,all_ru_ahk_to_ru_aho_inner,All Ru-AHK (inner + outer) -> Ru-AHO inner,inner+outer,inner,All Ru-AHK,Delta learning,1,64,ru_aho_inner__00064,ru_aho_inner_00064,1.53168147,1.2860428401736246
SPOC_official_like,KNeighborsRegressor,all_ru_ahk_to_ru_aho_inner,All Ru-AHK (inner + outer) -> Ru-AHO inner,inner+outer,inner,All Ru-AHK,Delta learning,1,73,ru_aho_inner__00073,ru_aho_inner_00073,1.39055932,1.434087949336892
SPOC_official_like,KNeighborsRegressor,all_ru_ahk_to_ru_aho_inner,All Ru-AHK (inner + outer) -> Ru-AHO inner,inner+outer,inner,All Ru-AHK,Delta learning,1,75,ru_aho_inner__00075,ru_aho_inner_00075,1.36999511,1.5126545117974406
SPOC_official_like,KNeighborsRegressor,all_ru_ahk_to_ru_aho_inner,All Ru-AHK (inner + outer) -> Ru-AHO inner,inner+outer,inner,All Ru-AHK,Delta learning,1,81,ru_aho_inner__00081,ru_aho_inner_00081,1.00421655,1.4632464009956312
SPOC_official_like,KNeighborsRegressor,all_ru_ahk_to_ru_aho_inner,All Ru-AHK (inner + outer) -> Ru-AHO inner,inner+outer,inner,All Ru-AHK,Delta learning,1,83,ru_aho_inner__00083,ru_aho_inner_00083,0.83956097,1.3574375791209607
SPOC_official_like,KNeighborsRegressor,all_ru_ahk_to_ru_aho_inner,All Ru-AHK (inner + outer) -> Ru-AHO inner,inner+outer,inner,All Ru-AHK,Delta learning,1,90,ru_aho_inner__00090,ru_aho_inner_00090,0.19433377,0.8702804352789459
SPOC_official_like,KNeighborsRegressor,all_ru_ahk_to_ru_aho_inner,All Ru-AHK (inner + outer) -> Ru-AHO inner,inner+outer,inner,All Ru-AHK,Delta learning,1,94,ru_aho_inner__00094,ru_aho_inner_00094,0.04739647,0.7637543006867731
SPOC_official_like,KNeighborsRegressor,all_ru_ahk_to_ru_aho_inner,All Ru-AHK (inner + outer) -> Ru-AHO inner,inner+outer,inner,All Ru-AHK,Mixed transfer,2,5,ru_aho_inner__00005,ru_aho_inner_00005,3.13437597,2.1546246039999994
SPOC_official_like,KNeighborsRegressor,all_ru_ahk_to_ru_aho_inner,All Ru-AHK (inner + outer) -> Ru-AHO inner,inner+outer,inner,All Ru-AHK,Mixed transfer,2,9,ru_aho_inner__00009,ru_aho_inner_00009,3.13437597,2.750590416
SPOC_official_like,KNeighborsRegressor,all_ru_ahk_to_ru_aho_inner,All Ru-AHK (inner + outer) -> Ru-AHO inner,inner+outer,inner,All Ru-AHK,Mixed transfer,2,11,ru_aho_inner__00011,ru_aho_inner_00011,2.81808334,2.388843052
SPOC_official_like,KNeighborsRegressor,all_ru_ahk_to_ru_aho_inner,All Ru-AHK (inner + outer) -> Ru-AHO inner,inner+outer,inner,All Ru-AHK,Mixed transfer,2,15,ru_aho_inner__00015,ru_aho_inner_00015,2.72095293,1.93251895230387
SPOC_official_like,KNeighborsRegressor,all_ru_ahk_to_ru_aho_inner,All Ru-AHK (inner + outer) -> Ru-AHO inner,inner+outer,inner,All Ru-AHK,Mixed transfer,2,16,ru_aho_inner__00016,ru_aho_inner_00016,2.72095293,2.703050086
SPOC_official_like,KNeighborsRegressor,all_ru_ahk_to_ru_aho_inner,All Ru-AHK (inner + outer) -> Ru-AHO inner,inner+outer,inner,All Ru-AHK,Mixed transfer,2,28,ru_aho_inner__00028,ru_aho_inner_00028,2.47786275,2.311694684
SPOC_official_like,KNeighborsRegressor,all_ru_ahk_to_ru_aho_inner,All Ru-AHK (inner + outer) -> Ru-AHO inner,inner+outer,inner,All Ru-AHK,Mixed transfer,2,30,ru_aho_inner__00030,ru_aho_inner_00030,2.3515711,2.8624963696315144
SPOC_official_like,KNeighborsRegressor,all_ru_ahk_to_ru_aho_inner,All Ru-AHK (inner + outer) -> Ru-AHO inner,inner+outer,inner,All Ru-AHK,Mixed transfer,2,33,ru_aho_inner__00033,ru_aho_inner_00033,2.30450133,2.750590416
SPOC_official_like,KNeighborsRegressor,all_ru_ahk_to_ru_aho_inner,All Ru-AHK (inner + outer) -> Ru-AHO inner,inner+outer,inner,All Ru-AHK,Mixed transfer,2,35,ru_aho_inner__00035,ru_aho_inner_00035,2.30450133,2.388843052
SPOC_official_like,KNeighborsRegressor,all_ru_ahk_to_ru_aho_inner,All Ru-AHK (inner + outer) -> Ru-AHO inner,inner+outer,inner,All Ru-AHK,Mixed transfer,2,39,ru_aho_inner__00039,ru_aho_inner_00039,2.16934032,2.097482836170066
SPOC_official_like,KNeighborsRegressor,all_ru_ahk_to_ru_aho_inner,All Ru-AHK (inner + outer) -> Ru-AHO inner,inner+outer,inner,All Ru-AHK,Mixed transfer,2,45,ru_aho_inner__00045,ru_aho_inner_00045,2.01889808,1.9080573779999999
SPOC_official_like,KNeighborsRegressor,all_ru_ahk_to_ru_aho_inner,All Ru-AHK (inner + outer) -> Ru-AHO inner,inner+outer,inner,All Ru-AHK,Mixed transfer,2,49,ru_aho_inner__00049,ru_aho_inner_00049,1.9607788,1.6198626540079686
SPOC_official_like,KNeighborsRegressor,all_ru_ahk_to_ru_aho_inner,All Ru-AHK (inner + outer) -> Ru-AHO inner,inner+outer,inner,All Ru-AHK,Mixed transfer,2,65,ru_aho_inner__00065,ru_aho_inner_00065,1.53168147,1.3130138759999999
SPOC_official_like,KNeighborsRegressor,all_ru_ahk_to_ru_aho_inner,All Ru-AHK (inner + outer) -> Ru-AHO inner,inner+outer,inner,All Ru-AHK,Mixed transfer,2,68,ru_aho_inner__00068,ru_aho_inner_00068,1.49260764,1.861291052
SPOC_official_like,KNeighborsRegressor,all_ru_ahk_to_ru_aho_inner,All Ru-AHK (inner + outer) -> Ru-AHO inner,inner+outer,inner,All Ru-AHK,Mixed transfer,2,69,ru_aho_inner__00069,ru_aho_inner_00069,1.48763592,2.544173800242734
SPOC_official_like,KNeighborsRegressor,all_ru_ahk_to_ru_aho_inner,All Ru-AHK (inner + outer) -> Ru-AHO inner,inner+outer,inner,All Ru-AHK,Mixed transfer,2,70,ru_aho_inner__00070,ru_aho_inner_00070,1.47570337,1.7450158360653458
SPOC_official_like,KNeighborsRegressor,all_ru_ahk_to_ru_aho_inner,All Ru-AHK (inner + outer) -> Ru-AHO inner,inner+outer,inner,All Ru-AHK,Mixed transfer,2,72,ru_aho_inner__00072,ru_aho_inner_00072,1.40708549,1.2742107079999998
SPOC_official_like,KNeighborsRegressor,all_ru_ahk_to_ru_aho_inner,All Ru-AHK (inner + outer) -> Ru-AHO inner,inner+outer,inner,All Ru-AHK,Mixed transfer,2,80,ru_aho_inner__00080,ru_aho_inner_00080,1.31904107,1.43859203
SPOC_official_like,KNeighborsRegressor,all_ru_ahk_to_ru_aho_inner,All Ru-AHK (inner + outer) -> Ru-AHO inner,inner+outer,inner,All Ru-AHK,Mixed transfer,2,88,ru_aho_inner__00088,ru_aho_inner_00088,0.39647984,1.630866314
SPOC_official_like,KNeighborsRegressor,all_ru_ahk_to_ru_aho_inner,All Ru-AHK (inner + outer) -> Ru-AHO inner,inner+outer,inner,All Ru-AHK,Mixed transfer,2,93,ru_aho_inner__00093,ru_aho_inner_00093,0.04819171,1.4226758822427337
SPOC_official_like,KNeighborsRegressor,all_ru_ahk_to_ru_aho_inner,All Ru-AHK (inner + outer) -> Ru-AHO inner,inner+outer,inner,All Ru-AHK,Delta learning,2,5,ru_aho_inner__00005,ru_aho_inner_00005,3.13437597,2.922718149282975
SPOC_official_like,KNeighborsRegressor,all_ru_ahk_to_ru_aho_inner,All Ru-AHK (inner + outer) -> Ru-AHO inner,inner+outer,inner,All Ru-AHK,Delta learning,2,9,ru_aho_inner__00009,ru_aho_inner_00009,3.13437597,2.7505904159999996
SPOC_official_like,KNeighborsRegressor,all_ru_ahk_to_ru_aho_inner,All Ru-AHK (inner + outer) -> Ru-AHO inner,inner+outer,inner,All Ru-AHK,Delta learning,2,11,ru_aho_inner__00011,ru_aho_inner_00011,2.81808334,2.3888430520000004
SPOC_official_like,KNeighborsRegressor,all_ru_ahk_to_ru_aho_inner,All Ru-AHK (inner + outer) -> Ru-AHO inner,inner+outer,inner,All Ru-AHK,Delta learning,2,15,ru_aho_inner__00015,ru_aho_inner_00015,2.72095293,2.166043718296928
SPOC_official_like,KNeighborsRegressor,all_ru_ahk_to_ru_aho_inner,All Ru-AHK (inner + outer) -> Ru-AHO inner,inner+outer,inner,All Ru-AHK,Delta learning,2,16,ru_aho_inner__00016,ru_aho_inner_00016,2.72095293,2.703050086
SPOC_official_like,KNeighborsRegressor,all_ru_ahk_to_ru_aho_inner,All Ru-AHK (inner + outer) -> Ru-AHO inner,inner+outer,inner,All Ru-AHK,Delta learning,2,28,ru_aho_inner__00028,ru_aho_inner_00028,2.47786275,2.394680998
SPOC_official_like,KNeighborsRegressor,all_ru_ahk_to_ru_aho_inner,All Ru-AHK (inner + outer) -> Ru-AHO inner,inner+outer,inner,All Ru-AHK,Delta learning,2,30,ru_aho_inner__00030,ru_aho_inner_00030,2.3515711,3.8262943379512677
SPOC_official_like,KNeighborsRegressor,all_ru_ahk_to_ru_aho_inner,All Ru-AHK (inner + outer) -> Ru-AHO inner,inner+outer,inner,All Ru-AHK,Delta learning,2,33,ru_aho_inner__00033,ru_aho_inner_00033,2.30450133,2.7040755731412354
SPOC_official_like,KNeighborsRegressor,all_ru_ahk_to_ru_aho_inner,All Ru-AHK (inner + outer) -> Ru-AHO inner,inner+outer,inner,All Ru-AHK,Delta learning,2,35,ru_aho_inner__00035,ru_aho_inner_00035,2.30450133,2.3888430520000004
SPOC_official_like,KNeighborsRegressor,all_ru_ahk_to_ru_aho_inner,All Ru-AHK (inner + outer) -> Ru-AHO inner,inner+outer,inner,All Ru-AHK,Delta learning,2,39,ru_aho_inner__00039,ru_aho_inner_00039,2.16934032,0.9271176609833869
SPOC_official_like,KNeighborsRegressor,all_ru_ahk_to_ru_aho_inner,All Ru-AHK (inner + outer) -> Ru-AHO inner,inner+outer,inner,All Ru-AHK,Delta learning,2,45,ru_aho_inner__00045,ru_aho_inner_00045,2.01889808,2.1329706106315496
SPOC_official_like,KNeighborsRegressor,all_ru_ahk_to_ru_aho_inner,All Ru-AHK (inner + outer) -> Ru-AHO inner,inner+outer,inner,All Ru-AHK,Delta learning,2,49,ru_aho_inner__00049,ru_aho_inner_00049,1.9607788,-0.1825303740692652
SPOC_official_like,KNeighborsRegressor,all_ru_ahk_to_ru_aho_inner,All Ru-AHK (inner + outer) -> Ru-AHO inner,inner+outer,inner,All Ru-AHK,Delta learning,2,65,ru_aho_inner__00065,ru_aho_inner_00065,1.53168147,1.3388457402159273
SPOC_official_like,KNeighborsRegressor,all_ru_ahk_to_ru_aho_inner,All Ru-AHK (inner + outer) -> Ru-AHO inner,inner+outer,inner,All Ru-AHK,Delta learning,2,68,ru_aho_inner__00068,ru_aho_inner_00068,1.49260764,1.9469538351508557
SPOC_official_like,KNeighborsRegressor,all_ru_ahk_to_ru_aho_inner,All Ru-AHK (inner + outer) -> Ru-AHO inner,inner+outer,inner,All Ru-AHK,Delta learning,2,69,ru_aho_inner__00069,ru_aho_inner_00069,1.48763592,1.9652335966939296
SPOC_official_like,KNeighborsRegressor,all_ru_ahk_to_ru_aho_inner,All Ru-AHK (inner + outer) -> Ru-AHO inner,inner+outer,inner,All Ru-AHK,Delta learning,2,70,ru_aho_inner__00070,ru_aho_inner_00070,1.47570337,1.7703205009964122
SPOC_official_like,KNeighborsRegressor,all_ru_ahk_to_ru_aho_inner,All Ru-AHK (inner + outer) -> Ru-AHO inner,inner+outer,inner,All Ru-AHK,Delta learning,2,72,ru_aho_inner__00072,ru_aho_inner_00072,1.40708549,1.3194580410051442
SPOC_official_like,KNeighborsRegressor,all_ru_ahk_to_ru_aho_inner,All Ru-AHK (inner + outer) -> Ru-AHO inner,inner+outer,inner,All Ru-AHK,Delta learning,2,80,ru_aho_inner__00080,ru_aho_inner_00080,1.31904107,1.699265352190325
SPOC_official_like,KNeighborsRegressor,all_ru_ahk_to_ru_aho_inner,All Ru-AHK (inner + outer) -> Ru-AHO inner,inner+outer,inner,All Ru-AHK,Delta learning,2,88,ru_aho_inner__00088,ru_aho_inner_00088,0.39647984,1.1793590951341544
SPOC_official_like,KNeighborsRegressor,all_ru_ahk_to_ru_aho_inner,All Ru-AHK (inner + outer) -> Ru-AHO inner,inner+outer,inner,All Ru-AHK,Delta learning,2,93,ru_aho_inner__00093,ru_aho_inner_00093,0.04819171,0.8693332756960634
SPOC_official_like,KNeighborsRegressor,all_ru_ahk_to_ru_aho_inner,All Ru-AHK (inner + outer) -> Ru-AHO inner,inner+outer,inner,All Ru-AHK,Mixed transfer,3,3,ru_aho_inner__00003,ru_aho_inner_00003,3.67873076,2.3308167600000003
SPOC_official_like,KNeighborsRegressor,all_ru_ahk_to_ru_aho_inner,All Ru-AHK (inner + outer) -> Ru-AHO inner,inner+outer,inner,All Ru-AHK,Mixed transfer,3,6,ru_aho_inner__00006,ru_aho_inner_00006,3.13437597,1.082476764
SPOC_official_like,KNeighborsRegressor,all_ru_ahk_to_ru_aho_inner,All Ru-AHK (inner + outer) -> Ru-AHO inner,inner+outer,inner,All Ru-AHK,Mixed transfer,3,7,ru_aho_inner__00007,ru_aho_inner_00007,3.13437597,1.082476764
SPOC_official_like,KNeighborsRegressor,all_ru_ahk_to_ru_aho_inner,All Ru-AHK (inner + outer) -> Ru-AHO inner,inner+outer,inner,All Ru-AHK,Mixed transfer,3,8,ru_aho_inner__00008,ru_aho_inner_00008,3.13437597,1.082476764
SPOC_official_like,KNeighborsRegressor,all_ru_ahk_to_ru_aho_inner,All Ru-AHK (inner + outer) -> Ru-AHO inner,inner+outer,inner,All Ru-AHK,Mixed transfer,3,13,ru_aho_inner__00013,ru_aho_inner_00013,2.72095293,2.41410708
SPOC_official_like,KNeighborsRegressor,all_ru_ahk_to_ru_aho_inner,All Ru-AHK (inner + outer) -> Ru-AHO inner,inner+outer,inner,All Ru-AHK,Mixed transfer,3,17,ru_aho_inner__00017,ru_aho_inner_00017,2.72095293,2.41410708
SPOC_official_like,KNeighborsRegressor,all_ru_ahk_to_ru_aho_inner,All Ru-AHK (inner + outer) -> Ru-AHO inner,inner+outer,inner,All Ru-AHK,Mixed transfer,3,19,ru_aho_inner__00019,ru_aho_inner_00019,2.72095293,2.41410708
SPOC_official_like,KNeighborsRegressor,all_ru_ahk_to_ru_aho_inner,All Ru-AHK (inner + outer) -> Ru-AHO inner,inner+outer,inner,All Ru-AHK,Mixed transfer,3,24,ru_aho_inner__00024,ru_aho_inner_00024,2.49823771,2.7758025152648136
SPOC_official_like,KNeighborsRegressor,all_ru_ahk_to_ru_aho_inner,All Ru-AHK (inner + outer) -> Ru-AHO inner,inner+outer,inner,All Ru-AHK,Mixed transfer,3,25,ru_aho_inner__00025,ru_aho_inner_00025,2.49823771,2.6266010559999997
SPOC_official_like,KNeighborsRegressor,all_ru_ahk_to_ru_aho_inner,All Ru-AHK (inner + outer) -> Ru-AHO inner,inner+outer,inner,All Ru-AHK,Mixed transfer,3,27,ru_aho_inner__00027,ru_aho_inner_00027,2.47786275,2.944953992
SPOC_official_like,KNeighborsRegressor,all_ru_ahk_to_ru_aho_inner,All Ru-AHK (inner + outer) -> Ru-AHO inner,inner+outer,inner,All Ru-AHK,Mixed transfer,3,34,ru_aho_inner__00034,ru_aho_inner_00034,2.30450133,2.41410708
SPOC_official_like,KNeighborsRegressor,all_ru_ahk_to_ru_aho_inner,All Ru-AHK (inner + outer) -> Ru-AHO inner,inner+outer,inner,All Ru-AHK,Mixed transfer,3,36,ru_aho_inner__00036,ru_aho_inner_00036,2.28957767,2.6266010559999997
SPOC_official_like,KNeighborsRegressor,all_ru_ahk_to_ru_aho_inner,All Ru-AHK (inner + outer) -> Ru-AHO inner,inner+outer,inner,All Ru-AHK,Mixed transfer,3,38,ru_aho_inner__00038,ru_aho_inner_00038,2.20688949,1.2978748768178607
SPOC_official_like,KNeighborsRegressor,all_ru_ahk_to_ru_aho_inner,All Ru-AHK (inner + outer) -> Ru-AHO inner,inner+outer,inner,All Ru-AHK,Mixed transfer,3,53,ru_aho_inner__00053,ru_aho_inner_00053,1.84440958,1.8202216119999999
SPOC_official_like,KNeighborsRegressor,all_ru_ahk_to_ru_aho_inner,All Ru-AHK (inner + outer) -> Ru-AHO inner,inner+outer,inner,All Ru-AHK,Mixed transfer,3,55,ru_aho_inner__00055,ru_aho_inner_00055,1.80901573,2.0641450334076943
SPOC_official_like,KNeighborsRegressor,all_ru_ahk_to_ru_aho_inner,All Ru-AHK (inner + outer) -> Ru-AHO inner,inner+outer,inner,All Ru-AHK,Mixed transfer,3,56,ru_aho_inner__00056,ru_aho_inner_00056,1.73731552,2.6266010559999997
SPOC_official_like,KNeighborsRegressor,all_ru_ahk_to_ru_aho_inner,All Ru-AHK (inner + outer) -> Ru-AHO inner,inner+outer,inner,All Ru-AHK,Mixed transfer,3,76,ru_aho_inner__00076,ru_aho_inner_00076,1.36999511,1.1231809791213667
SPOC_official_like,KNeighborsRegressor,all_ru_ahk_to_ru_aho_inner,All Ru-AHK (inner + outer) -> Ru-AHO inner,inner+outer,inner,All Ru-AHK,Mixed transfer,3,78,ru_aho_inner__00078,ru_aho_inner_00078,1.35390456,1.4674142620000001
SPOC_official_like,KNeighborsRegressor,all_ru_ahk_to_ru_aho_inner,All Ru-AHK (inner + outer) -> Ru-AHO inner,inner+outer,inner,All Ru-AHK,Mixed transfer,3,79,ru_aho_inner__00079,ru_aho_inner_00079,1.33471728,1.4710121700000003
SPOC_official_like,KNeighborsRegressor,all_ru_ahk_to_ru_aho_inner,All Ru-AHK (inner + outer) -> Ru-AHO inner,inner+outer,inner,All Ru-AHK,Mixed transfer,3,85,ru_aho_inner__00085,ru_aho_inner_00085,0.80254597,1.1231809791213667
SPOC_official_like,KNeighborsRegressor,all_ru_ahk_to_ru_aho_inner,All Ru-AHK (inner + outer) -> Ru-AHO inner,inner+outer,inner,All Ru-AHK,Delta learning,3,3,ru_aho_inner__00003,ru_aho_inner_00003,3.67873076,2.41410708
SPOC_official_like,KNeighborsRegressor,all_ru_ahk_to_ru_aho_inner,All Ru-AHK (inner + outer) -> Ru-AHO inner,inner+outer,inner,All Ru-AHK,Delta learning,3,6,ru_aho_inner__00006,ru_aho_inner_00006,3.13437597,1.3269792591727216
SPOC_official_like,KNeighborsRegressor,all_ru_ahk_to_ru_aho_inner,All Ru-AHK (inner + outer) -> Ru-AHO inner,inner+outer,inner,All Ru-AHK,Delta learning,3,7,ru_aho_inner__00007,ru_aho_inner_00007,3.13437597,1.3269792591727216
SPOC_official_like,KNeighborsRegressor,all_ru_ahk_to_ru_aho_inner,All Ru-AHK (inner + outer) -> Ru-AHO inner,inner+outer,inner,All Ru-AHK,Delta learning,3,8,ru_aho_inner__00008,ru_aho_inner_00008,3.13437597,1.3269792591727216
SPOC_official_like,KNeighborsRegressor,all_ru_ahk_to_ru_aho_inner,All Ru-AHK (inner + outer) -> Ru-AHO inner,inner+outer,inner,All Ru-AHK,Delta learning,3,13,ru_aho_inner__00013,ru_aho_inner_00013,2.72095293,3.170904619378172
SPOC_official_like,KNeighborsRegressor,all_ru_ahk_to_ru_aho_inner,All Ru-AHK (inner + outer) -> Ru-AHO inner,inner+outer,inner,All Ru-AHK,Delta learning,3,17,ru_aho_inner__00017,ru_aho_inner_00017,2.72095293,2.41410708
SPOC_official_like,KNeighborsRegressor,all_ru_ahk_to_ru_aho_inner,All Ru-AHK (inner + outer) -> Ru-AHO inner,inner+outer,inner,All Ru-AHK,Delta learning,3,19,ru_aho_inner__00019,ru_aho_inner_00019,2.72095293,2.41410708
SPOC_official_like,KNeighborsRegressor,all_ru_ahk_to_ru_aho_inner,All Ru-AHK (inner + outer) -> Ru-AHO inner,inner+outer,inner,All Ru-AHK,Delta learning,3,24,ru_aho_inner__00024,ru_aho_inner_00024,2.49823771,2.912934296596015
SPOC_official_like,KNeighborsRegressor,all_ru_ahk_to_ru_aho_inner,All Ru-AHK (inner + outer) -> Ru-AHO inner,inner+outer,inner,All Ru-AHK,Delta learning,3,25,ru_aho_inner__00025,ru_aho_inner_00025,2.49823771,2.7540802734234306
SPOC_official_like,KNeighborsRegressor,all_ru_ahk_to_ru_aho_inner,All Ru-AHK (inner + outer) -> Ru-AHO inner,inner+outer,inner,All Ru-AHK,Delta learning,3,27,ru_aho_inner__00027,ru_aho_inner_00027,2.47786275,3.1715364230304854
SPOC_official_like,KNeighborsRegressor,all_ru_ahk_to_ru_aho_inner,All Ru-AHK (inner + outer) -> Ru-AHO inner,inner+outer,inner,All Ru-AHK,Delta learning,3,34,ru_aho_inner__00034,ru_aho_inner_00034,2.30450133,2.7379596628395513
SPOC_official_like,KNeighborsRegressor,all_ru_ahk_to_ru_aho_inner,All Ru-AHK (inner + outer) -> Ru-AHO inner,inner+outer,inner,All Ru-AHK,Delta learning,3,36,ru_aho_inner__00036,ru_aho_inner_00036,2.28957767,2.7141998011312585
SPOC_official_like,KNeighborsRegressor,all_ru_ahk_to_ru_aho_inner,All Ru-AHK (inner + outer) -> Ru-AHO inner,inner+outer,inner,All Ru-AHK,Delta learning,3,38,ru_aho_inner__00038,ru_aho_inner_00038,2.20688949,0.6841177412154582
SPOC_official_like,KNeighborsRegressor,all_ru_ahk_to_ru_aho_inner,All Ru-AHK (inner + outer) -> Ru-AHO inner,inner+outer,inner,All Ru-AHK,Delta learning,3,53,ru_aho_inner__00053,ru_aho_inner_00053,1.84440958,2.1231168957951723
SPOC_official_like,KNeighborsRegressor,all_ru_ahk_to_ru_aho_inner,All Ru-AHK (inner + outer) -> Ru-AHO inner,inner+outer,inner,All Ru-AHK,Delta learning,3,55,ru_aho_inner__00055,ru_aho_inner_00055,1.80901573,1.5236828189175124
SPOC_official_like,KNeighborsRegressor,all_ru_ahk_to_ru_aho_inner,All Ru-AHK (inner + outer) -> Ru-AHO inner,inner+outer,inner,All Ru-AHK,Delta learning,3,56,ru_aho_inner__00056,ru_aho_inner_00056,1.73731552,2.477825635939717
SPOC_official_like,KNeighborsRegressor,all_ru_ahk_to_ru_aho_inner,All Ru-AHK (inner + outer) -> Ru-AHO inner,inner+outer,inner,All Ru-AHK,Delta learning,3,76,ru_aho_inner__00076,ru_aho_inner_00076,1.36999511,0.1763027184769086
SPOC_official_like,KNeighborsRegressor,all_ru_ahk_to_ru_aho_inner,All Ru-AHK (inner + outer) -> Ru-AHO inner,inner+outer,inner,All Ru-AHK,Delta learning,3,78,ru_aho_inner__00078,ru_aho_inner_00078,1.35390456,1.5281761797974407
SPOC_official_like,KNeighborsRegressor,all_ru_ahk_to_ru_aho_inner,All Ru-AHK (inner + outer) -> Ru-AHO inner,inner+outer,inner,All Ru-AHK,Delta learning,3,79,ru_aho_inner__00079,ru_aho_inner_00079,1.33471728,1.7465986626794205
SPOC_official_like,KNeighborsRegressor,all_ru_ahk_to_ru_aho_inner,All Ru-AHK (inner + outer) -> Ru-AHO inner,inner+outer,inner,All Ru-AHK,Delta learning,3,85,ru_aho_inner__00085,ru_aho_inner_00085,0.80254597,0.1763027184769086
SPOC_official_like,KNeighborsRegressor,all_ru_ahk_to_ru_aho_inner,All Ru-AHK (inner + outer) -> Ru-AHO inner,inner+outer,inner,All Ru-AHK,Mixed transfer,4,32,ru_aho_inner__00032,ru_aho_inner_00032,2.30450133,2.7356384692648135
SPOC_official_like,KNeighborsRegressor,all_ru_ahk_to_ru_aho_inner,All Ru-AHK (inner + outer) -> Ru-AHO inner,inner+outer,inner,All Ru-AHK,Mixed transfer,4,41,ru_aho_inner__00041,ru_aho_inner_00041,2.13444943,1.7215280572664955
SPOC_official_like,KNeighborsRegressor,all_ru_ahk_to_ru_aho_inner,All Ru-AHK (inner + outer) -> Ru-AHO inner,inner+outer,inner,All Ru-AHK,Mixed transfer,4,43,ru_aho_inner__00043,ru_aho_inner_00043,2.11117069,1.6526538679999998
SPOC_official_like,KNeighborsRegressor,all_ru_ahk_to_ru_aho_inner,All Ru-AHK (inner + outer) -> Ru-AHO inner,inner+outer,inner,All Ru-AHK,Mixed transfer,4,46,ru_aho_inner__00046,ru_aho_inner_00046,2.00941149,2.550577422
SPOC_official_like,KNeighborsRegressor,all_ru_ahk_to_ru_aho_inner,All Ru-AHK (inner + outer) -> Ru-AHO inner,inner+outer,inner,All Ru-AHK,Mixed transfer,4,48,ru_aho_inner__00048,ru_aho_inner_00048,1.96551622,1.9938180680000002
SPOC_official_like,KNeighborsRegressor,all_ru_ahk_to_ru_aho_inner,All Ru-AHK (inner + outer) -> Ru-AHO inner,inner+outer,inner,All Ru-AHK,Mixed transfer,4,50,ru_aho_inner__00050,ru_aho_inner_00050,1.95650617,1.6526538679999998
SPOC_official_like,KNeighborsRegressor,all_ru_ahk_to_ru_aho_inner,All Ru-AHK (inner + outer) -> Ru-AHO inner,inner+outer,inner,All Ru-AHK,Mixed transfer,4,54,ru_aho_inner__00054,ru_aho_inner_00054,1.80901573,2.0982892459999998
SPOC_official_like,KNeighborsRegressor,all_ru_ahk_to_ru_aho_inner,All Ru-AHK (inner + outer) -> Ru-AHO inner,inner+outer,inner,All Ru-AHK,Mixed transfer,4,57,ru_aho_inner__00057,ru_aho_inner_00057,1.68395754,1.8523120199999998
SPOC_official_like,KNeighborsRegressor,all_ru_ahk_to_ru_aho_inner,All Ru-AHK (inner + outer) -> Ru-AHO inner,inner+outer,inner,All Ru-AHK,Mixed transfer,4,58,ru_aho_inner__00058,ru_aho_inner_00058,1.66417952,1.4662342860000002
SPOC_official_like,KNeighborsRegressor,all_ru_ahk_to_ru_aho_inner,All Ru-AHK (inner + outer) -> Ru-AHO inner,inner+outer,inner,All Ru-AHK,Mixed transfer,4,59,ru_aho_inner__00059,ru_aho_inner_00059,1.62929332,1.7716417470486987
SPOC_official_like,KNeighborsRegressor,all_ru_ahk_to_ru_aho_inner,All Ru-AHK (inner + outer) -> Ru-AHO inner,inner+outer,inner,All Ru-AHK,Mixed transfer,4,61,ru_aho_inner__00061,ru_aho_inner_00061,1.57873877,1.4662342860000002
SPOC_official_like,KNeighborsRegressor,all_ru_ahk_to_ru_aho_inner,All Ru-AHK (inner + outer) -> Ru-AHO inner,inner+outer,inner,All Ru-AHK,Mixed transfer,4,63,ru_aho_inner__00063,ru_aho_inner_00063,1.56019653,1.4662342860000002
SPOC_official_like,KNeighborsRegressor,all_ru_ahk_to_ru_aho_inner,All Ru-AHK (inner + outer) -> Ru-AHO inner,inner+outer,inner,All Ru-AHK,Mixed transfer,4,66,ru_aho_inner__00066,ru_aho_inner_00066,1.51369193,1.4662342860000002
SPOC_official_like,KNeighborsRegressor,all_ru_ahk_to_ru_aho_inner,All Ru-AHK (inner + outer) -> Ru-AHO inner,inner+outer,inner,All Ru-AHK,Mixed transfer,4,67,ru_aho_inner__00067,ru_aho_inner_00067,1.51369193,1.265192978
SPOC_official_like,KNeighborsRegressor,all_ru_ahk_to_ru_aho_inner,All Ru-AHK (inner + outer) -> Ru-AHO inner,inner+outer,inner,All Ru-AHK,Mixed transfer,4,77,ru_aho_inner__00077,ru_aho_inner_00077,1.36283425,1.6526538679999998
SPOC_official_like,KNeighborsRegressor,all_ru_ahk_to_ru_aho_inner,All Ru-AHK (inner + outer) -> Ru-AHO inner,inner+outer,inner,All Ru-AHK,Mixed transfer,4,84,ru_aho_inner__00084,ru_aho_inner_00084,0.80438248,1.8012833810782893
SPOC_official_like,KNeighborsRegressor,all_ru_ahk_to_ru_aho_inner,All Ru-AHK (inner + outer) -> Ru-AHO inner,inner+outer,inner,All Ru-AHK,Mixed transfer,4,95,ru_aho_inner__00095,ru_aho_inner_00095,0.0120419,1.4299058442427337
SPOC_official_like,KNeighborsRegressor,all_ru_ahk_to_ru_aho_inner,All Ru-AHK (inner + outer) -> Ru-AHO inner,inner+outer,inner,All Ru-AHK,Mixed transfer,4,96,ru_aho_inner__00096,ru_aho_inner_00096,0.0,2.228043522242734
SPOC_official_like,KNeighborsRegressor,all_ru_ahk_to_ru_aho_inner,All Ru-AHK (inner + outer) -> Ru-AHO inner,inner+outer,inner,All Ru-AHK,Mixed transfer,4,97,ru_aho_inner__00097,ru_aho_inner_00097,0.0,1.1715605330782892
SPOC_official_like,KNeighborsRegressor,all_ru_ahk_to_ru_aho_inner,All Ru-AHK (inner + outer) -> Ru-AHO inner,inner+outer,inner,All Ru-AHK,Delta learning,4,32,ru_aho_inner__00032,ru_aho_inner_00032,2.30450133,2.4680437077814705
SPOC_official_like,KNeighborsRegressor,all_ru_ahk_to_ru_aho_inner,All Ru-AHK (inner + outer) -> Ru-AHO inner,inner+outer,inner,All Ru-AHK,Delta learning,4,41,ru_aho_inner__00041,ru_aho_inner_00041,2.13444943,2.042321794026756
SPOC_official_like,KNeighborsRegressor,all_ru_ahk_to_ru_aho_inner,All Ru-AHK (inner + outer) -> Ru-AHO inner,inner+outer,inner,All Ru-AHK,Delta learning,4,43,ru_aho_inner__00043,ru_aho_inner_00043,2.11117069,1.979766094061846
SPOC_official_like,KNeighborsRegressor,all_ru_ahk_to_ru_aho_inner,All Ru-AHK (inner + outer) -> Ru-AHO inner,inner+outer,inner,All Ru-AHK,Delta learning,4,46,ru_aho_inner__00046,ru_aho_inner_00046,2.00941149,2.550577422
SPOC_official_like,KNeighborsRegressor,all_ru_ahk_to_ru_aho_inner,All Ru-AHK (inner + outer) -> Ru-AHO inner,inner+outer,inner,All Ru-AHK,Delta learning,4,48,ru_aho_inner__00048,ru_aho_inner_00048,1.96551622,1.2398382692730274
SPOC_official_like,KNeighborsRegressor,all_ru_ahk_to_ru_aho_inner,All Ru-AHK (inner + outer) -> Ru-AHO inner,inner+outer,inner,All Ru-AHK,Delta learning,4,50,ru_aho_inner__00050,ru_aho_inner_00050,1.95650617,1.979766094061846
SPOC_official_like,KNeighborsRegressor,all_ru_ahk_to_ru_aho_inner,All Ru-AHK (inner + outer) -> Ru-AHO inner,inner+outer,inner,All Ru-AHK,Delta learning,4,54,ru_aho_inner__00054,ru_aho_inner_00054,1.80901573,1.3496591824806796
SPOC_official_like,KNeighborsRegressor,all_ru_ahk_to_ru_aho_inner,All Ru-AHK (inner + outer) -> Ru-AHO inner,inner+outer,inner,All Ru-AHK,Delta learning,4,57,ru_aho_inner__00057,ru_aho_inner_00057,1.68395754,2.4654944523459075
SPOC_official_like,KNeighborsRegressor,all_ru_ahk_to_ru_aho_inner,All Ru-AHK (inner + outer) -> Ru-AHO inner,inner+outer,inner,All Ru-AHK,Delta learning,4,58,ru_aho_inner__00058,ru_aho_inner_00058,1.66417952,1.2219852029397766
SPOC_official_like,KNeighborsRegressor,all_ru_ahk_to_ru_aho_inner,All Ru-AHK (inner + outer) -> Ru-AHO inner,inner+outer,inner,All Ru-AHK,Delta learning,4,59,ru_aho_inner__00059,ru_aho_inner_00059,1.62929332,1.1927874791587394
SPOC_official_like,KNeighborsRegressor,all_ru_ahk_to_ru_aho_inner,All Ru-AHK (inner + outer) -> Ru-AHO inner,inner+outer,inner,All Ru-AHK,Delta learning,4,61,ru_aho_inner__00061,ru_aho_inner_00061,1.57873877,1.6161138927672243
SPOC_official_like,KNeighborsRegressor,all_ru_ahk_to_ru_aho_inner,All Ru-AHK (inner + outer) -> Ru-AHO inner,inner+outer,inner,All Ru-AHK,Delta learning,4,63,ru_aho_inner__00063,ru_aho_inner_00063,1.56019653,1.6161138927672245
SPOC_official_like,KNeighborsRegressor,all_ru_ahk_to_ru_aho_inner,All Ru-AHK (inner + outer) -> Ru-AHO inner,inner+outer,inner,All Ru-AHK,Delta learning,4,66,ru_aho_inner__00066,ru_aho_inner_00066,1.51369193,1.275705445681834
SPOC_official_like,KNeighborsRegressor,all_ru_ahk_to_ru_aho_inner,All Ru-AHK (inner + outer) -> Ru-AHO inner,inner+outer,inner,All Ru-AHK,Delta learning,4,67,ru_aho_inner__00067,ru_aho_inner_00067,1.51369193,1.2535295973365044
SPOC_official_like,KNeighborsRegressor,all_ru_ahk_to_ru_aho_inner,All Ru-AHK (inner + outer) -> Ru-AHO inner,inner+outer,inner,All Ru-AHK,Delta learning,4,77,ru_aho_inner__00077,ru_aho_inner_00077,1.36283425,1.7656091361847066
SPOC_official_like,KNeighborsRegressor,all_ru_ahk_to_ru_aho_inner,All Ru-AHK (inner + outer) -> Ru-AHO inner,inner+outer,inner,All Ru-AHK,Delta learning,4,84,ru_aho_inner__00084,ru_aho_inner_00084,0.80438248,1.306233555989367
SPOC_official_like,KNeighborsRegressor,all_ru_ahk_to_ru_aho_inner,All Ru-AHK (inner + outer) -> Ru-AHO inner,inner+outer,inner,All Ru-AHK,Delta learning,4,95,ru_aho_inner__00095,ru_aho_inner_00095,0.0120419,1.005835929278946
SPOC_official_like,KNeighborsRegressor,all_ru_ahk_to_ru_aho_inner,All Ru-AHK (inner + outer) -> Ru-AHO inner,inner+outer,inner,All Ru-AHK,Delta learning,4,96,ru_aho_inner__00096,ru_aho_inner_00096,0.0,2.0445624513932517
SPOC_official_like,KNeighborsRegressor,all_ru_ahk_to_ru_aho_inner,All Ru-AHK (inner + outer) -> Ru-AHO inner,inner+outer,inner,All Ru-AHK,Delta learning,4,97,ru_aho_inner__00097,ru_aho_inner_00097,0.0,1.459900903522173
SPOC_official_like,KNeighborsRegressor,all_ru_ahk_to_ru_aho_inner,All Ru-AHK (inner + outer) -> Ru-AHO inner,inner+outer,inner,All Ru-AHK,Mixed transfer,5,1,ru_aho_inner__00001,ru_aho_inner_00001,4.50050002,2.71512361
SPOC_official_like,KNeighborsRegressor,all_ru_ahk_to_ru_aho_inner,All Ru-AHK (inner + outer) -> Ru-AHO inner,inner+outer,inner,All Ru-AHK,Mixed transfer,5,2,ru_aho_inner__00002,ru_aho_inner_00002,3.84937533,2.6807553319999995
SPOC_official_like,KNeighborsRegressor,all_ru_ahk_to_ru_aho_inner,All Ru-AHK (inner + outer) -> Ru-AHO inner,inner+outer,inner,All Ru-AHK,Mixed transfer,5,14,ru_aho_inner__00014,ru_aho_inner_00014,2.72095293,2.657088692
SPOC_official_like,KNeighborsRegressor,all_ru_ahk_to_ru_aho_inner,All Ru-AHK (inner + outer) -> Ru-AHO inner,inner+outer,inner,All Ru-AHK,Mixed transfer,5,20,ru_aho_inner__00020,ru_aho_inner_00020,2.72095293,2.6431429399999997
SPOC_official_like,KNeighborsRegressor,all_ru_ahk_to_ru_aho_inner,All Ru-AHK (inner + outer) -> Ru-AHO inner,inner+outer,inner,All Ru-AHK,Mixed transfer,5,21,ru_aho_inner__00021,ru_aho_inner_00021,2.6917632,2.6324390020000004
SPOC_official_like,KNeighborsRegressor,all_ru_ahk_to_ru_aho_inner,All Ru-AHK (inner + outer) -> Ru-AHO inner,inner+outer,inner,All Ru-AHK,Mixed transfer,5,23,ru_aho_inner__00023,ru_aho_inner_00023,2.61179564,2.6324390020000004
SPOC_official_like,KNeighborsRegressor,all_ru_ahk_to_ru_aho_inner,All Ru-AHK (inner + outer) -> Ru-AHO inner,inner+outer,inner,All Ru-AHK,Mixed transfer,5,29,ru_aho_inner__00029,ru_aho_inner_00029,2.47786275,2.71512361
SPOC_official_like,KNeighborsRegressor,all_ru_ahk_to_ru_aho_inner,All Ru-AHK (inner + outer) -> Ru-AHO inner,inner+outer,inner,All Ru-AHK,Mixed transfer,5,37,ru_aho_inner__00037,ru_aho_inner_00037,2.26077037,1.287098700817861
SPOC_official_like,KNeighborsRegressor,all_ru_ahk_to_ru_aho_inner,All Ru-AHK (inner + outer) -> Ru-AHO inner,inner+outer,inner,All Ru-AHK,Mixed transfer,5,51,ru_aho_inner__00051,ru_aho_inner_00051,1.94448624,1.6460457190486992
SPOC_official_like,KNeighborsRegressor,all_ru_ahk_to_ru_aho_inner,All Ru-AHK (inner + outer) -> Ru-AHO inner,inner+outer,inner,All Ru-AHK,Mixed transfer,5,52,ru_aho_inner__00052,ru_aho_inner_00052,1.88185187,1.7496945699999997
SPOC_official_like,KNeighborsRegressor,all_ru_ahk_to_ru_aho_inner,All Ru-AHK (inner + outer) -> Ru-AHO inner,inner+outer,inner,All Ru-AHK,Mixed transfer,5,60,ru_aho_inner__00060,ru_aho_inner_00060,1.62929332,2.6324390020000004
SPOC_official_like,KNeighborsRegressor,all_ru_ahk_to_ru_aho_inner,All Ru-AHK (inner + outer) -> Ru-AHO inner,inner+outer,inner,All Ru-AHK,Mixed transfer,5,71,ru_aho_inner__00071,ru_aho_inner_00071,1.47016368,1.5014395459999998
SPOC_official_like,KNeighborsRegressor,all_ru_ahk_to_ru_aho_inner,All Ru-AHK (inner + outer) -> Ru-AHO inner,inner+outer,inner,All Ru-AHK,Mixed transfer,5,74,ru_aho_inner__00074,ru_aho_inner_00074,1.38325909,1.883160762
SPOC_official_like,KNeighborsRegressor,all_ru_ahk_to_ru_aho_inner,All Ru-AHK (inner + outer) -> Ru-AHO inner,inner+outer,inner,All Ru-AHK,Mixed transfer,5,82,ru_aho_inner__00082,ru_aho_inner_00082,0.99242206,1.3694469519999999
SPOC_official_like,KNeighborsRegressor,all_ru_ahk_to_ru_aho_inner,All Ru-AHK (inner + outer) -> Ru-AHO inner,inner+outer,inner,All Ru-AHK,Mixed transfer,5,86,ru_aho_inner__00086,ru_aho_inner_00086,0.67501313,1.0143018414557319
SPOC_official_like,KNeighborsRegressor,all_ru_ahk_to_ru_aho_inner,All Ru-AHK (inner + outer) -> Ru-AHO inner,inner+outer,inner,All Ru-AHK,Mixed transfer,5,87,ru_aho_inner__00087,ru_aho_inner_00087,0.56782018,1.5996459405207986
SPOC_official_like,KNeighborsRegressor,all_ru_ahk_to_ru_aho_inner,All Ru-AHK (inner + outer) -> Ru-AHO inner,inner+outer,inner,All Ru-AHK,Mixed transfer,5,89,ru_aho_inner__00089,ru_aho_inner_00089,0.33293116,1.5996459405207986
SPOC_official_like,KNeighborsRegressor,all_ru_ahk_to_ru_aho_inner,All Ru-AHK (inner + outer) -> Ru-AHO inner,inner+outer,inner,All Ru-AHK,Mixed transfer,5,91,ru_aho_inner__00091,ru_aho_inner_00091,0.10866753,1.4105807182427337
SPOC_official_like,KNeighborsRegressor,all_ru_ahk_to_ru_aho_inner,All Ru-AHK (inner + outer) -> Ru-AHO inner,inner+outer,inner,All Ru-AHK,Mixed transfer,5,92,ru_aho_inner__00092,ru_aho_inner_00092,0.09139463,1.8815092716506066
SPOC_official_like,KNeighborsRegressor,all_ru_ahk_to_ru_aho_inner,All Ru-AHK (inner + outer) -> Ru-AHO inner,inner+outer,inner,All Ru-AHK,Delta learning,5,1,ru_aho_inner__00001,ru_aho_inner_00001,4.50050002,2.71512361
SPOC_official_like,KNeighborsRegressor,all_ru_ahk_to_ru_aho_inner,All Ru-AHK (inner + outer) -> Ru-AHO inner,inner+outer,inner,All Ru-AHK,Delta learning,5,2,ru_aho_inner__00002,ru_aho_inner_00002,3.84937533,2.680755332
SPOC_official_like,KNeighborsRegressor,all_ru_ahk_to_ru_aho_inner,All Ru-AHK (inner + outer) -> Ru-AHO inner,inner+outer,inner,All Ru-AHK,Delta learning,5,14,ru_aho_inner__00014,ru_aho_inner_00014,2.72095293,2.9822199221710757
SPOC_official_like,KNeighborsRegressor,all_ru_ahk_to_ru_aho_inner,All Ru-AHK (inner + outer) -> Ru-AHO inner,inner+outer,inner,All Ru-AHK,Delta learning,5,20,ru_aho_inner__00020,ru_aho_inner_00020,2.72095293,2.5437001394320897
SPOC_official_like,KNeighborsRegressor,all_ru_ahk_to_ru_aho_inner,All Ru-AHK (inner + outer) -> Ru-AHO inner,inner+outer,inner,All Ru-AHK,Delta learning,5,21,ru_aho_inner__00021,ru_aho_inner_00021,2.6917632,2.632439002
SPOC_official_like,KNeighborsRegressor,all_ru_ahk_to_ru_aho_inner,All Ru-AHK (inner + outer) -> Ru-AHO inner,inner+outer,inner,All Ru-AHK,Delta learning,5,23,ru_aho_inner__00023,ru_aho_inner_00023,2.61179564,2.5466797229261298
SPOC_official_like,KNeighborsRegressor,all_ru_ahk_to_ru_aho_inner,All Ru-AHK (inner + outer) -> Ru-AHO inner,inner+outer,inner,All Ru-AHK,Delta learning,5,29,ru_aho_inner__00029,ru_aho_inner_00029,2.47786275,2.50850738101325
SPOC_official_like,KNeighborsRegressor,all_ru_ahk_to_ru_aho_inner,All Ru-AHK (inner + outer) -> Ru-AHO inner,inner+outer,inner,All Ru-AHK,Delta learning,5,37,ru_aho_inner__00037,ru_aho_inner_00037,2.26077037,0.6733415652154582
SPOC_official_like,KNeighborsRegressor,all_ru_ahk_to_ru_aho_inner,All Ru-AHK (inner + outer) -> Ru-AHO inner,inner+outer,inner,All Ru-AHK,Delta learning,5,51,ru_aho_inner__00051,ru_aho_inner_00051,1.94448624,1.354162733531253
SPOC_official_like,KNeighborsRegressor,all_ru_ahk_to_ru_aho_inner,All Ru-AHK (inner + outer) -> Ru-AHO inner,inner+outer,inner,All Ru-AHK,Delta learning,5,52,ru_aho_inner__00052,ru_aho_inner_00052,1.88185187,1.5885077727428927
SPOC_official_like,KNeighborsRegressor,all_ru_ahk_to_ru_aho_inner,All Ru-AHK (inner + outer) -> Ru-AHO inner,inner+outer,inner,All Ru-AHK,Delta learning,5,60,ru_aho_inner__00060,ru_aho_inner_00060,1.62929332,2.632439002
SPOC_official_like,KNeighborsRegressor,all_ru_ahk_to_ru_aho_inner,All Ru-AHK (inner + outer) -> Ru-AHO inner,inner+outer,inner,All Ru-AHK,Delta learning,5,71,ru_aho_inner__00071,ru_aho_inner_00071,1.47016368,1.254381222536224
SPOC_official_like,KNeighborsRegressor,all_ru_ahk_to_ru_aho_inner,All Ru-AHK (inner + outer) -> Ru-AHO inner,inner+outer,inner,All Ru-AHK,Delta learning,5,74,ru_aho_inner__00074,ru_aho_inner_00074,1.38325909,1.7118351956982885
SPOC_official_like,KNeighborsRegressor,all_ru_ahk_to_ru_aho_inner,All Ru-AHK (inner + outer) -> Ru-AHO inner,inner+outer,inner,All Ru-AHK,Delta learning,5,82,ru_aho_inner__00082,ru_aho_inner_00082,0.99242206,1.3927737133269913
SPOC_official_like,KNeighborsRegressor,all_ru_ahk_to_ru_aho_inner,All Ru-AHK (inner + outer) -> Ru-AHO inner,inner+outer,inner,All Ru-AHK,Delta learning,5,86,ru_aho_inner__00086,ru_aho_inner_00086,0.67501313,0.302706434227792
SPOC_official_like,KNeighborsRegressor,all_ru_ahk_to_ru_aho_inner,All Ru-AHK (inner + outer) -> Ru-AHO inner,inner+outer,inner,All Ru-AHK,Delta learning,5,87,ru_aho_inner__00087,ru_aho_inner_00087,0.56782018,2.3618338865066124
SPOC_official_like,KNeighborsRegressor,all_ru_ahk_to_ru_aho_inner,All Ru-AHK (inner + outer) -> Ru-AHO inner,inner+outer,inner,All Ru-AHK,Delta learning,5,89,ru_aho_inner__00089,ru_aho_inner_00089,0.33293116,-0.03797426855748376
SPOC_official_like,KNeighborsRegressor,all_ru_ahk_to_ru_aho_inner,All Ru-AHK (inner + outer) -> Ru-AHO inner,inner+outer,inner,All Ru-AHK,Delta learning,5,91,ru_aho_inner__00091,ru_aho_inner_00091,0.10866753,0.986510803278946
SPOC_official_like,KNeighborsRegressor,all_ru_ahk_to_ru_aho_inner,All Ru-AHK (inner + outer) -> Ru-AHO inner,inner+outer,inner,All Ru-AHK,Delta learning,5,92,ru_aho_inner__00092,ru_aho_inner_00092,0.09139463,1.8113109417733302
SPOC_official_like,SVR,all_ru_ahk_to_ru_aho_inner,All Ru-AHK (inner + outer) -> Ru-AHO inner,inner+outer,inner,All Ru-AHK,Mixed transfer,1,0,ru_aho_inner__00000,ru_aho_inner_00000,4.50050002,2.616904849492825
SPOC_official_like,SVR,all_ru_ahk_to_ru_aho_inner,All Ru-AHK (inner + outer) -> Ru-AHO inner,inner+outer,inner,All Ru-AHK,Mixed transfer,1,4,ru_aho_inner__00004,ru_aho_inner_00004,3.13437597,2.685744673226956
SPOC_official_like,SVR,all_ru_ahk_to_ru_aho_inner,All Ru-AHK (inner + outer) -> Ru-AHO inner,inner+outer,inner,All Ru-AHK,Mixed transfer,1,10,ru_aho_inner__00010,ru_aho_inner_00010,2.89279432,2.646388917339572
SPOC_official_like,SVR,all_ru_ahk_to_ru_aho_inner,All Ru-AHK (inner + outer) -> Ru-AHO inner,inner+outer,inner,All Ru-AHK,Mixed transfer,1,12,ru_aho_inner__00012,ru_aho_inner_00012,2.72095293,2.6439331327885176
SPOC_official_like,SVR,all_ru_ahk_to_ru_aho_inner,All Ru-AHK (inner + outer) -> Ru-AHO inner,inner+outer,inner,All Ru-AHK,Mixed transfer,1,18,ru_aho_inner__00018,ru_aho_inner_00018,2.72095293,2.6258781128516535
SPOC_official_like,SVR,all_ru_ahk_to_ru_aho_inner,All Ru-AHK (inner + outer) -> Ru-AHO inner,inner+outer,inner,All Ru-AHK,Mixed transfer,1,22,ru_aho_inner__00022,ru_aho_inner_00022,2.63729647,1.7266914170480894
SPOC_official_like,SVR,all_ru_ahk_to_ru_aho_inner,All Ru-AHK (inner + outer) -> Ru-AHO inner,inner+outer,inner,All Ru-AHK,Mixed transfer,1,26,ru_aho_inner__00026,ru_aho_inner_00026,2.49268506,1.6790133590367426
SPOC_official_like,SVR,all_ru_ahk_to_ru_aho_inner,All Ru-AHK (inner + outer) -> Ru-AHO inner,inner+outer,inner,All Ru-AHK,Mixed transfer,1,31,ru_aho_inner__00031,ru_aho_inner_00031,2.30450133,1.964681198141157
SPOC_official_like,SVR,all_ru_ahk_to_ru_aho_inner,All Ru-AHK (inner + outer) -> Ru-AHO inner,inner+outer,inner,All Ru-AHK,Mixed transfer,1,40,ru_aho_inner__00040,ru_aho_inner_00040,2.13954868,1.9190760666372026
SPOC_official_like,SVR,all_ru_ahk_to_ru_aho_inner,All Ru-AHK (inner + outer) -> Ru-AHO inner,inner+outer,inner,All Ru-AHK,Mixed transfer,1,42,ru_aho_inner__00042,ru_aho_inner_00042,2.12255274,2.4054705258859395
SPOC_official_like,SVR,all_ru_ahk_to_ru_aho_inner,All Ru-AHK (inner + outer) -> Ru-AHO inner,inner+outer,inner,All Ru-AHK,Mixed transfer,1,44,ru_aho_inner__00044,ru_aho_inner_00044,2.02174776,1.9520640854813944
SPOC_official_like,SVR,all_ru_ahk_to_ru_aho_inner,All Ru-AHK (inner + outer) -> Ru-AHO inner,inner+outer,inner,All Ru-AHK,Mixed transfer,1,47,ru_aho_inner__00047,ru_aho_inner_00047,1.97754867,1.9764524084134543
SPOC_official_like,SVR,all_ru_ahk_to_ru_aho_inner,All Ru-AHK (inner + outer) -> Ru-AHO inner,inner+outer,inner,All Ru-AHK,Mixed transfer,1,62,ru_aho_inner__00062,ru_aho_inner_00062,1.56906465,1.9569443546968892
SPOC_official_like,SVR,all_ru_ahk_to_ru_aho_inner,All Ru-AHK (inner + outer) -> Ru-AHO inner,inner+outer,inner,All Ru-AHK,Mixed transfer,1,64,ru_aho_inner__00064,ru_aho_inner_00064,1.53168147,1.4511523256100372
SPOC_official_like,SVR,all_ru_ahk_to_ru_aho_inner,All Ru-AHK (inner + outer) -> Ru-AHO inner,inner+outer,inner,All Ru-AHK,Mixed transfer,1,73,ru_aho_inner__00073,ru_aho_inner_00073,1.39055932,1.4254804727898622
SPOC_official_like,SVR,all_ru_ahk_to_ru_aho_inner,All Ru-AHK (inner + outer) -> Ru-AHO inner,inner+outer,inner,All Ru-AHK,Mixed transfer,1,75,ru_aho_inner__00075,ru_aho_inner_00075,1.36999511,1.4525376114928124
SPOC_official_like,SVR,all_ru_ahk_to_ru_aho_inner,All Ru-AHK (inner + outer) -> Ru-AHO inner,inner+outer,inner,All Ru-AHK,Mixed transfer,1,81,ru_aho_inner__00081,ru_aho_inner_00081,1.00421655,1.4494759788797207
SPOC_official_like,SVR,all_ru_ahk_to_ru_aho_inner,All Ru-AHK (inner + outer) -> Ru-AHO inner,inner+outer,inner,All Ru-AHK,Mixed transfer,1,83,ru_aho_inner__00083,ru_aho_inner_00083,0.83956097,1.0037372635889503
SPOC_official_like,SVR,all_ru_ahk_to_ru_aho_inner,All Ru-AHK (inner + outer) -> Ru-AHO inner,inner+outer,inner,All Ru-AHK,Mixed transfer,1,90,ru_aho_inner__00090,ru_aho_inner_00090,0.19433377,0.6327900438852065
SPOC_official_like,SVR,all_ru_ahk_to_ru_aho_inner,All Ru-AHK (inner + outer) -> Ru-AHO inner,inner+outer,inner,All Ru-AHK,Mixed transfer,1,94,ru_aho_inner__00094,ru_aho_inner_00094,0.04739647,1.4143627572038502
SPOC_official_like,SVR,all_ru_ahk_to_ru_aho_inner,All Ru-AHK (inner + outer) -> Ru-AHO inner,inner+outer,inner,All Ru-AHK,Delta learning,1,0,ru_aho_inner__00000,ru_aho_inner_00000,4.50050002,2.4724071546693374
SPOC_official_like,SVR,all_ru_ahk_to_ru_aho_inner,All Ru-AHK (inner + outer) -> Ru-AHO inner,inner+outer,inner,All Ru-AHK,Delta learning,1,4,ru_aho_inner__00004,ru_aho_inner_00004,3.13437597,2.821064445031876
SPOC_official_like,SVR,all_ru_ahk_to_ru_aho_inner,All Ru-AHK (inner + outer) -> Ru-AHO inner,inner+outer,inner,All Ru-AHK,Delta learning,1,10,ru_aho_inner__00010,ru_aho_inner_00010,2.89279432,2.6372048781321773
SPOC_official_like,SVR,all_ru_ahk_to_ru_aho_inner,All Ru-AHK (inner + outer) -> Ru-AHO inner,inner+outer,inner,All Ru-AHK,Delta learning,1,12,ru_aho_inner__00012,ru_aho_inner_00012,2.72095293,2.6358015307623623
SPOC_official_like,SVR,all_ru_ahk_to_ru_aho_inner,All Ru-AHK (inner + outer) -> Ru-AHO inner,inner+outer,inner,All Ru-AHK,Delta learning,1,18,ru_aho_inner__00018,ru_aho_inner_00018,2.72095293,2.5766820991258736
SPOC_official_like,SVR,all_ru_ahk_to_ru_aho_inner,All Ru-AHK (inner + outer) -> Ru-AHO inner,inner+outer,inner,All Ru-AHK,Delta learning,1,22,ru_aho_inner__00022,ru_aho_inner_00022,2.63729647,1.646763577243125
SPOC_official_like,SVR,all_ru_ahk_to_ru_aho_inner,All Ru-AHK (inner + outer) -> Ru-AHO inner,inner+outer,inner,All Ru-AHK,Delta learning,1,26,ru_aho_inner__00026,ru_aho_inner_00026,2.49268506,1.6820863872414424
SPOC_official_like,SVR,all_ru_ahk_to_ru_aho_inner,All Ru-AHK (inner + outer) -> Ru-AHO inner,inner+outer,inner,All Ru-AHK,Delta learning,1,31,ru_aho_inner__00031,ru_aho_inner_00031,2.30450133,1.9370152187416703
SPOC_official_like,SVR,all_ru_ahk_to_ru_aho_inner,All Ru-AHK (inner + outer) -> Ru-AHO inner,inner+outer,inner,All Ru-AHK,Delta learning,1,40,ru_aho_inner__00040,ru_aho_inner_00040,2.13954868,1.9196928412870844
SPOC_official_like,SVR,all_ru_ahk_to_ru_aho_inner,All Ru-AHK (inner + outer) -> Ru-AHO inner,inner+outer,inner,All Ru-AHK,Delta learning,1,42,ru_aho_inner__00042,ru_aho_inner_00042,2.12255274,2.3302735861225354
SPOC_official_like,SVR,all_ru_ahk_to_ru_aho_inner,All Ru-AHK (inner + outer) -> Ru-AHO inner,inner+outer,inner,All Ru-AHK,Delta learning,1,44,ru_aho_inner__00044,ru_aho_inner_00044,2.02174776,1.9507190345430396
SPOC_official_like,SVR,all_ru_ahk_to_ru_aho_inner,All Ru-AHK (inner + outer) -> Ru-AHO inner,inner+outer,inner,All Ru-AHK,Delta learning,1,47,ru_aho_inner__00047,ru_aho_inner_00047,1.97754867,1.9145695229587925
SPOC_official_like,SVR,all_ru_ahk_to_ru_aho_inner,All Ru-AHK (inner + outer) -> Ru-AHO inner,inner+outer,inner,All Ru-AHK,Delta learning,1,62,ru_aho_inner__00062,ru_aho_inner_00062,1.56906465,1.9549890988011802
SPOC_official_like,SVR,all_ru_ahk_to_ru_aho_inner,All Ru-AHK (inner + outer) -> Ru-AHO inner,inner+outer,inner,All Ru-AHK,Delta learning,1,64,ru_aho_inner__00064,ru_aho_inner_00064,1.53168147,1.413240355001331
SPOC_official_like,SVR,all_ru_ahk_to_ru_aho_inner,All Ru-AHK (inner + outer) -> Ru-AHO inner,inner+outer,inner,All Ru-AHK,Delta learning,1,73,ru_aho_inner__00073,ru_aho_inner_00073,1.39055932,1.4183405473799817
SPOC_official_like,SVR,all_ru_ahk_to_ru_aho_inner,All Ru-AHK (inner + outer) -> Ru-AHO inner,inner+outer,inner,All Ru-AHK,Delta learning,1,75,ru_aho_inner__00075,ru_aho_inner_00075,1.36999511,1.3496921258069408
SPOC_official_like,SVR,all_ru_ahk_to_ru_aho_inner,All Ru-AHK (inner + outer) -> Ru-AHO inner,inner+outer,inner,All Ru-AHK,Delta learning,1,81,ru_aho_inner__00081,ru_aho_inner_00081,1.00421655,1.410747512648779
SPOC_official_like,SVR,all_ru_ahk_to_ru_aho_inner,All Ru-AHK (inner + outer) -> Ru-AHO inner,inner+outer,inner,All Ru-AHK,Delta learning,1,83,ru_aho_inner__00083,ru_aho_inner_00083,0.83956097,0.9474548130628473
SPOC_official_like,SVR,all_ru_ahk_to_ru_aho_inner,All Ru-AHK (inner + outer) -> Ru-AHO inner,inner+outer,inner,All Ru-AHK,Delta learning,1,90,ru_aho_inner__00090,ru_aho_inner_00090,0.19433377,0.2843248304497361
SPOC_official_like,SVR,all_ru_ahk_to_ru_aho_inner,All Ru-AHK (inner + outer) -> Ru-AHO inner,inner+outer,inner,All Ru-AHK,Delta learning,1,94,ru_aho_inner__00094,ru_aho_inner_00094,0.04739647,1.527872984401375
SPOC_official_like,SVR,all_ru_ahk_to_ru_aho_inner,All Ru-AHK (inner + outer) -> Ru-AHO inner,inner+outer,inner,All Ru-AHK,Mixed transfer,2,5,ru_aho_inner__00005,ru_aho_inner_00005,3.13437597,3.0340350693247533
SPOC_official_like,SVR,all_ru_ahk_to_ru_aho_inner,All Ru-AHK (inner + outer) -> Ru-AHO inner,inner+outer,inner,All Ru-AHK,Mixed transfer,2,9,ru_aho_inner__00009,ru_aho_inner_00009,3.13437597,2.886441711748458
SPOC_official_like,SVR,all_ru_ahk_to_ru_aho_inner,All Ru-AHK (inner + outer) -> Ru-AHO inner,inner+outer,inner,All Ru-AHK,Mixed transfer,2,11,ru_aho_inner__00011,ru_aho_inner_00011,2.81808334,2.793382404631421
SPOC_official_like,SVR,all_ru_ahk_to_ru_aho_inner,All Ru-AHK (inner + outer) -> Ru-AHO inner,inner+outer,inner,All Ru-AHK,Mixed transfer,2,15,ru_aho_inner__00015,ru_aho_inner_00015,2.72095293,1.6262848826656222
SPOC_official_like,SVR,all_ru_ahk_to_ru_aho_inner,All Ru-AHK (inner + outer) -> Ru-AHO inner,inner+outer,inner,All Ru-AHK,Mixed transfer,2,16,ru_aho_inner__00016,ru_aho_inner_00016,2.72095293,2.941079087823585
SPOC_official_like,SVR,all_ru_ahk_to_ru_aho_inner,All Ru-AHK (inner + outer) -> Ru-AHO inner,inner+outer,inner,All Ru-AHK,Mixed transfer,2,28,ru_aho_inner__00028,ru_aho_inner_00028,2.47786275,2.6081990166494267
SPOC_official_like,SVR,all_ru_ahk_to_ru_aho_inner,All Ru-AHK (inner + outer) -> Ru-AHO inner,inner+outer,inner,All Ru-AHK,Mixed transfer,2,30,ru_aho_inner__00030,ru_aho_inner_00030,2.3515711,2.3799073692574044
SPOC_official_like,SVR,all_ru_ahk_to_ru_aho_inner,All Ru-AHK (inner + outer) -> Ru-AHO inner,inner+outer,inner,All Ru-AHK,Mixed transfer,2,33,ru_aho_inner__00033,ru_aho_inner_00033,2.30450133,2.476029991040382
SPOC_official_like,SVR,all_ru_ahk_to_ru_aho_inner,All Ru-AHK (inner + outer) -> Ru-AHO inner,inner+outer,inner,All Ru-AHK,Mixed transfer,2,35,ru_aho_inner__00035,ru_aho_inner_00035,2.30450133,2.753762468088383
SPOC_official_like,SVR,all_ru_ahk_to_ru_aho_inner,All Ru-AHK (inner + outer) -> Ru-AHO inner,inner+outer,inner,All Ru-AHK,Mixed transfer,2,39,ru_aho_inner__00039,ru_aho_inner_00039,2.16934032,1.733994315694379
SPOC_official_like,SVR,all_ru_ahk_to_ru_aho_inner,All Ru-AHK (inner + outer) -> Ru-AHO inner,inner+outer,inner,All Ru-AHK,Mixed transfer,2,45,ru_aho_inner__00045,ru_aho_inner_00045,2.01889808,2.039052080293954
SPOC_official_like,SVR,all_ru_ahk_to_ru_aho_inner,All Ru-AHK (inner + outer) -> Ru-AHO inner,inner+outer,inner,All Ru-AHK,Mixed transfer,2,49,ru_aho_inner__00049,ru_aho_inner_00049,1.9607788,1.608248412136057
SPOC_official_like,SVR,all_ru_ahk_to_ru_aho_inner,All Ru-AHK (inner + outer) -> Ru-AHO inner,inner+outer,inner,All Ru-AHK,Mixed transfer,2,65,ru_aho_inner__00065,ru_aho_inner_00065,1.53168147,1.412771243468967
SPOC_official_like,SVR,all_ru_ahk_to_ru_aho_inner,All Ru-AHK (inner + outer) -> Ru-AHO inner,inner+outer,inner,All Ru-AHK,Mixed transfer,2,68,ru_aho_inner__00068,ru_aho_inner_00068,1.49260764,1.8558383932785436
SPOC_official_like,SVR,all_ru_ahk_to_ru_aho_inner,All Ru-AHK (inner + outer) -> Ru-AHO inner,inner+outer,inner,All Ru-AHK,Mixed transfer,2,69,ru_aho_inner__00069,ru_aho_inner_00069,1.48763592,1.7694635943449935
SPOC_official_like,SVR,all_ru_ahk_to_ru_aho_inner,All Ru-AHK (inner + outer) -> Ru-AHO inner,inner+outer,inner,All Ru-AHK,Mixed transfer,2,70,ru_aho_inner__00070,ru_aho_inner_00070,1.47570337,1.9193591385159048
SPOC_official_like,SVR,all_ru_ahk_to_ru_aho_inner,All Ru-AHK (inner + outer) -> Ru-AHO inner,inner+outer,inner,All Ru-AHK,Mixed transfer,2,72,ru_aho_inner__00072,ru_aho_inner_00072,1.40708549,1.3849495428940377
SPOC_official_like,SVR,all_ru_ahk_to_ru_aho_inner,All Ru-AHK (inner + outer) -> Ru-AHO inner,inner+outer,inner,All Ru-AHK,Mixed transfer,2,80,ru_aho_inner__00080,ru_aho_inner_00080,1.31904107,1.4058818812931166
SPOC_official_like,SVR,all_ru_ahk_to_ru_aho_inner,All Ru-AHK (inner + outer) -> Ru-AHO inner,inner+outer,inner,All Ru-AHK,Mixed transfer,2,88,ru_aho_inner__00088,ru_aho_inner_00088,0.39647984,1.018627509212173
SPOC_official_like,SVR,all_ru_ahk_to_ru_aho_inner,All Ru-AHK (inner + outer) -> Ru-AHO inner,inner+outer,inner,All Ru-AHK,Mixed transfer,2,93,ru_aho_inner__00093,ru_aho_inner_00093,0.04819171,0.57411451134015
SPOC_official_like,SVR,all_ru_ahk_to_ru_aho_inner,All Ru-AHK (inner + outer) -> Ru-AHO inner,inner+outer,inner,All Ru-AHK,Delta learning,2,5,ru_aho_inner__00005,ru_aho_inner_00005,3.13437597,2.9195819816410737
SPOC_official_like,SVR,all_ru_ahk_to_ru_aho_inner,All Ru-AHK (inner + outer) -> Ru-AHO inner,inner+outer,inner,All Ru-AHK,Delta learning,2,9,ru_aho_inner__00009,ru_aho_inner_00009,3.13437597,3.052056479724107
SPOC_official_like,SVR,all_ru_ahk_to_ru_aho_inner,All Ru-AHK (inner + outer) -> Ru-AHO inner,inner+outer,inner,All Ru-AHK,Delta learning,2,11,ru_aho_inner__00011,ru_aho_inner_00011,2.81808334,2.793089316827362
SPOC_official_like,SVR,all_ru_ahk_to_ru_aho_inner,All Ru-AHK (inner + outer) -> Ru-AHO inner,inner+outer,inner,All Ru-AHK,Delta learning,2,15,ru_aho_inner__00015,ru_aho_inner_00015,2.72095293,1.601001202842922
SPOC_official_like,SVR,all_ru_ahk_to_ru_aho_inner,All Ru-AHK (inner + outer) -> Ru-AHO inner,inner+outer,inner,All Ru-AHK,Delta learning,2,16,ru_aho_inner__00016,ru_aho_inner_00016,2.72095293,3.0271009080990963
SPOC_official_like,SVR,all_ru_ahk_to_ru_aho_inner,All Ru-AHK (inner + outer) -> Ru-AHO inner,inner+outer,inner,All Ru-AHK,Delta learning,2,28,ru_aho_inner__00028,ru_aho_inner_00028,2.47786275,2.64355172427837
SPOC_official_like,SVR,all_ru_ahk_to_ru_aho_inner,All Ru-AHK (inner + outer) -> Ru-AHO inner,inner+outer,inner,All Ru-AHK,Delta learning,2,30,ru_aho_inner__00030,ru_aho_inner_00030,2.3515711,1.8307801350124593
SPOC_official_like,SVR,all_ru_ahk_to_ru_aho_inner,All Ru-AHK (inner + outer) -> Ru-AHO inner,inner+outer,inner,All Ru-AHK,Delta learning,2,33,ru_aho_inner__00033,ru_aho_inner_00033,2.30450133,2.5327348500067663
SPOC_official_like,SVR,all_ru_ahk_to_ru_aho_inner,All Ru-AHK (inner + outer) -> Ru-AHO inner,inner+outer,inner,All Ru-AHK,Delta learning,2,35,ru_aho_inner__00035,ru_aho_inner_00035,2.30450133,2.7826395242195328
SPOC_official_like,SVR,all_ru_ahk_to_ru_aho_inner,All Ru-AHK (inner + outer) -> Ru-AHO inner,inner+outer,inner,All Ru-AHK,Delta learning,2,39,ru_aho_inner__00039,ru_aho_inner_00039,2.16934032,1.899563655474747
SPOC_official_like,SVR,all_ru_ahk_to_ru_aho_inner,All Ru-AHK (inner + outer) -> Ru-AHO inner,inner+outer,inner,All Ru-AHK,Delta learning,2,45,ru_aho_inner__00045,ru_aho_inner_00045,2.01889808,2.0361972632462564
SPOC_official_like,SVR,all_ru_ahk_to_ru_aho_inner,All Ru-AHK (inner + outer) -> Ru-AHO inner,inner+outer,inner,All Ru-AHK,Delta learning,2,49,ru_aho_inner__00049,ru_aho_inner_00049,1.9607788,1.5668406055146589
SPOC_official_like,SVR,all_ru_ahk_to_ru_aho_inner,All Ru-AHK (inner + outer) -> Ru-AHO inner,inner+outer,inner,All Ru-AHK,Delta learning,2,65,ru_aho_inner__00065,ru_aho_inner_00065,1.53168147,1.317181024757696
SPOC_official_like,SVR,all_ru_ahk_to_ru_aho_inner,All Ru-AHK (inner + outer) -> Ru-AHO inner,inner+outer,inner,All Ru-AHK,Delta learning,2,68,ru_aho_inner__00068,ru_aho_inner_00068,1.49260764,1.9199076497603795
SPOC_official_like,SVR,all_ru_ahk_to_ru_aho_inner,All Ru-AHK (inner + outer) -> Ru-AHO inner,inner+outer,inner,All Ru-AHK,Delta learning,2,69,ru_aho_inner__00069,ru_aho_inner_00069,1.48763592,1.6072523757841903
SPOC_official_like,SVR,all_ru_ahk_to_ru_aho_inner,All Ru-AHK (inner + outer) -> Ru-AHO inner,inner+outer,inner,All Ru-AHK,Delta learning,2,70,ru_aho_inner__00070,ru_aho_inner_00070,1.47570337,1.8016106554391516
SPOC_official_like,SVR,all_ru_ahk_to_ru_aho_inner,All Ru-AHK (inner + outer) -> Ru-AHO inner,inner+outer,inner,All Ru-AHK,Delta learning,2,72,ru_aho_inner__00072,ru_aho_inner_00072,1.40708549,1.2886709612592355
SPOC_official_like,SVR,all_ru_ahk_to_ru_aho_inner,All Ru-AHK (inner + outer) -> Ru-AHO inner,inner+outer,inner,All Ru-AHK,Delta learning,2,80,ru_aho_inner__00080,ru_aho_inner_00080,1.31904107,1.2973337454326939
SPOC_official_like,SVR,all_ru_ahk_to_ru_aho_inner,All Ru-AHK (inner + outer) -> Ru-AHO inner,inner+outer,inner,All Ru-AHK,Delta learning,2,88,ru_aho_inner__00088,ru_aho_inner_00088,0.39647984,1.1400304066415496
SPOC_official_like,SVR,all_ru_ahk_to_ru_aho_inner,All Ru-AHK (inner + outer) -> Ru-AHO inner,inner+outer,inner,All Ru-AHK,Delta learning,2,93,ru_aho_inner__00093,ru_aho_inner_00093,0.04819171,0.2947017471455198
SPOC_official_like,SVR,all_ru_ahk_to_ru_aho_inner,All Ru-AHK (inner + outer) -> Ru-AHO inner,inner+outer,inner,All Ru-AHK,Mixed transfer,3,3,ru_aho_inner__00003,ru_aho_inner_00003,3.67873076,2.261489243758443
SPOC_official_like,SVR,all_ru_ahk_to_ru_aho_inner,All Ru-AHK (inner + outer) -> Ru-AHO inner,inner+outer,inner,All Ru-AHK,Mixed transfer,3,6,ru_aho_inner__00006,ru_aho_inner_00006,3.13437597,1.9770424996787486
SPOC_official_like,SVR,all_ru_ahk_to_ru_aho_inner,All Ru-AHK (inner + outer) -> Ru-AHO inner,inner+outer,inner,All Ru-AHK,Mixed transfer,3,7,ru_aho_inner__00007,ru_aho_inner_00007,3.13437597,2.6590031752940293
SPOC_official_like,SVR,all_ru_ahk_to_ru_aho_inner,All Ru-AHK (inner + outer) -> Ru-AHO inner,inner+outer,inner,All Ru-AHK,Mixed transfer,3,8,ru_aho_inner__00008,ru_aho_inner_00008,3.13437597,1.9771502905722265
SPOC_official_like,SVR,all_ru_ahk_to_ru_aho_inner,All Ru-AHK (inner + outer) -> Ru-AHO inner,inner+outer,inner,All Ru-AHK,Mixed transfer,3,13,ru_aho_inner__00013,ru_aho_inner_00013,2.72095293,2.6688512854946165
SPOC_official_like,SVR,all_ru_ahk_to_ru_aho_inner,All Ru-AHK (inner + outer) -> Ru-AHO inner,inner+outer,inner,All Ru-AHK,Mixed transfer,3,17,ru_aho_inner__00017,ru_aho_inner_00017,2.72095293,2.8068207546002926
SPOC_official_like,SVR,all_ru_ahk_to_ru_aho_inner,All Ru-AHK (inner + outer) -> Ru-AHO inner,inner+outer,inner,All Ru-AHK,Mixed transfer,3,19,ru_aho_inner__00019,ru_aho_inner_00019,2.72095293,2.736531884416502
SPOC_official_like,SVR,all_ru_ahk_to_ru_aho_inner,All Ru-AHK (inner + outer) -> Ru-AHO inner,inner+outer,inner,All Ru-AHK,Mixed transfer,3,24,ru_aho_inner__00024,ru_aho_inner_00024,2.49823771,2.19250751876316
SPOC_official_like,SVR,all_ru_ahk_to_ru_aho_inner,All Ru-AHK (inner + outer) -> Ru-AHO inner,inner+outer,inner,All Ru-AHK,Mixed transfer,3,25,ru_aho_inner__00025,ru_aho_inner_00025,2.49823771,1.9258158635524036
SPOC_official_like,SVR,all_ru_ahk_to_ru_aho_inner,All Ru-AHK (inner + outer) -> Ru-AHO inner,inner+outer,inner,All Ru-AHK,Mixed transfer,3,27,ru_aho_inner__00027,ru_aho_inner_00027,2.47786275,2.6827151383676022
SPOC_official_like,SVR,all_ru_ahk_to_ru_aho_inner,All Ru-AHK (inner + outer) -> Ru-AHO inner,inner+outer,inner,All Ru-AHK,Mixed transfer,3,34,ru_aho_inner__00034,ru_aho_inner_00034,2.30450133,2.806407968104235
SPOC_official_like,SVR,all_ru_ahk_to_ru_aho_inner,All Ru-AHK (inner + outer) -> Ru-AHO inner,inner+outer,inner,All Ru-AHK,Mixed transfer,3,36,ru_aho_inner__00036,ru_aho_inner_00036,2.28957767,2.3445368003179725
SPOC_official_like,SVR,all_ru_ahk_to_ru_aho_inner,All Ru-AHK (inner + outer) -> Ru-AHO inner,inner+outer,inner,All Ru-AHK,Mixed transfer,3,38,ru_aho_inner__00038,ru_aho_inner_00038,2.20688949,2.0728381555865116
SPOC_official_like,SVR,all_ru_ahk_to_ru_aho_inner,All Ru-AHK (inner + outer) -> Ru-AHO inner,inner+outer,inner,All Ru-AHK,Mixed transfer,3,53,ru_aho_inner__00053,ru_aho_inner_00053,1.84440958,1.9129361147818769
SPOC_official_like,SVR,all_ru_ahk_to_ru_aho_inner,All Ru-AHK (inner + outer) -> Ru-AHO inner,inner+outer,inner,All Ru-AHK,Mixed transfer,3,55,ru_aho_inner__00055,ru_aho_inner_00055,1.80901573,1.9781293533496576
SPOC_official_like,SVR,all_ru_ahk_to_ru_aho_inner,All Ru-AHK (inner + outer) -> Ru-AHO inner,inner+outer,inner,All Ru-AHK,Mixed transfer,3,56,ru_aho_inner__00056,ru_aho_inner_00056,1.73731552,2.3694008753532345
SPOC_official_like,SVR,all_ru_ahk_to_ru_aho_inner,All Ru-AHK (inner + outer) -> Ru-AHO inner,inner+outer,inner,All Ru-AHK,Mixed transfer,3,76,ru_aho_inner__00076,ru_aho_inner_00076,1.36999511,0.23282978161122636
SPOC_official_like,SVR,all_ru_ahk_to_ru_aho_inner,All Ru-AHK (inner + outer) -> Ru-AHO inner,inner+outer,inner,All Ru-AHK,Mixed transfer,3,78,ru_aho_inner__00078,ru_aho_inner_00078,1.35390456,1.414296545853005
SPOC_official_like,SVR,all_ru_ahk_to_ru_aho_inner,All Ru-AHK (inner + outer) -> Ru-AHO inner,inner+outer,inner,All Ru-AHK,Mixed transfer,3,79,ru_aho_inner__00079,ru_aho_inner_00079,1.33471728,1.3727615502807413
SPOC_official_like,SVR,all_ru_ahk_to_ru_aho_inner,All Ru-AHK (inner + outer) -> Ru-AHO inner,inner+outer,inner,All Ru-AHK,Mixed transfer,3,85,ru_aho_inner__00085,ru_aho_inner_00085,0.80254597,0.23006151691259324
SPOC_official_like,SVR,all_ru_ahk_to_ru_aho_inner,All Ru-AHK (inner + outer) -> Ru-AHO inner,inner+outer,inner,All Ru-AHK,Delta learning,3,3,ru_aho_inner__00003,ru_aho_inner_00003,3.67873076,1.8045842259393388
SPOC_official_like,SVR,all_ru_ahk_to_ru_aho_inner,All Ru-AHK (inner + outer) -> Ru-AHO inner,inner+outer,inner,All Ru-AHK,Delta learning,3,6,ru_aho_inner__00006,ru_aho_inner_00006,3.13437597,1.301336131816472
SPOC_official_like,SVR,all_ru_ahk_to_ru_aho_inner,All Ru-AHK (inner + outer) -> Ru-AHO inner,inner+outer,inner,All Ru-AHK,Delta learning,3,7,ru_aho_inner__00007,ru_aho_inner_00007,3.13437597,1.8622338719793299
SPOC_official_like,SVR,all_ru_ahk_to_ru_aho_inner,All Ru-AHK (inner + outer) -> Ru-AHO inner,inner+outer,inner,All Ru-AHK,Delta learning,3,8,ru_aho_inner__00008,ru_aho_inner_00008,3.13437597,1.44179244320449
SPOC_official_like,SVR,all_ru_ahk_to_ru_aho_inner,All Ru-AHK (inner + outer) -> Ru-AHO inner,inner+outer,inner,All Ru-AHK,Delta learning,3,13,ru_aho_inner__00013,ru_aho_inner_00013,2.72095293,2.5523582007467542
SPOC_official_like,SVR,all_ru_ahk_to_ru_aho_inner,All Ru-AHK (inner + outer) -> Ru-AHO inner,inner+outer,inner,All Ru-AHK,Delta learning,3,17,ru_aho_inner__00017,ru_aho_inner_00017,2.72095293,2.822209543001639
SPOC_official_like,SVR,all_ru_ahk_to_ru_aho_inner,All Ru-AHK (inner + outer) -> Ru-AHO inner,inner+outer,inner,All Ru-AHK,Delta learning,3,19,ru_aho_inner__00019,ru_aho_inner_00019,2.72095293,2.731043044884179
SPOC_official_like,SVR,all_ru_ahk_to_ru_aho_inner,All Ru-AHK (inner + outer) -> Ru-AHO inner,inner+outer,inner,All Ru-AHK,Delta learning,3,24,ru_aho_inner__00024,ru_aho_inner_00024,2.49823771,2.421079384736666
SPOC_official_like,SVR,all_ru_ahk_to_ru_aho_inner,All Ru-AHK (inner + outer) -> Ru-AHO inner,inner+outer,inner,All Ru-AHK,Delta learning,3,25,ru_aho_inner__00025,ru_aho_inner_00025,2.49823771,2.143228550026172
SPOC_official_like,SVR,all_ru_ahk_to_ru_aho_inner,All Ru-AHK (inner + outer) -> Ru-AHO inner,inner+outer,inner,All Ru-AHK,Delta learning,3,27,ru_aho_inner__00027,ru_aho_inner_00027,2.47786275,2.6571842159487917
SPOC_official_like,SVR,all_ru_ahk_to_ru_aho_inner,All Ru-AHK (inner + outer) -> Ru-AHO inner,inner+outer,inner,All Ru-AHK,Delta learning,3,34,ru_aho_inner__00034,ru_aho_inner_00034,2.30450133,2.763795472187411
SPOC_official_like,SVR,all_ru_ahk_to_ru_aho_inner,All Ru-AHK (inner + outer) -> Ru-AHO inner,inner+outer,inner,All Ru-AHK,Delta learning,3,36,ru_aho_inner__00036,ru_aho_inner_00036,2.28957767,2.086826938346917
SPOC_official_like,SVR,all_ru_ahk_to_ru_aho_inner,All Ru-AHK (inner + outer) -> Ru-AHO inner,inner+outer,inner,All Ru-AHK,Delta learning,3,38,ru_aho_inner__00038,ru_aho_inner_00038,2.20688949,2.0529174391622984
SPOC_official_like,SVR,all_ru_ahk_to_ru_aho_inner,All Ru-AHK (inner + outer) -> Ru-AHO inner,inner+outer,inner,All Ru-AHK,Delta learning,3,53,ru_aho_inner__00053,ru_aho_inner_00053,1.84440958,1.9121360407688919
SPOC_official_like,SVR,all_ru_ahk_to_ru_aho_inner,All Ru-AHK (inner + outer) -> Ru-AHO inner,inner+outer,inner,All Ru-AHK,Delta learning,3,55,ru_aho_inner__00055,ru_aho_inner_00055,1.80901573,2.032149017909641
SPOC_official_like,SVR,all_ru_ahk_to_ru_aho_inner,All Ru-AHK (inner + outer) -> Ru-AHO inner,inner+outer,inner,All Ru-AHK,Delta learning,3,56,ru_aho_inner__00056,ru_aho_inner_00056,1.73731552,2.4268581762207835
SPOC_official_like,SVR,all_ru_ahk_to_ru_aho_inner,All Ru-AHK (inner + outer) -> Ru-AHO inner,inner+outer,inner,All Ru-AHK,Delta learning,3,76,ru_aho_inner__00076,ru_aho_inner_00076,1.36999511,0.3475399989188086
SPOC_official_like,SVR,all_ru_ahk_to_ru_aho_inner,All Ru-AHK (inner + outer) -> Ru-AHO inner,inner+outer,inner,All Ru-AHK,Delta learning,3,78,ru_aho_inner__00078,ru_aho_inner_00078,1.35390456,1.2949549927979722
SPOC_official_like,SVR,all_ru_ahk_to_ru_aho_inner,All Ru-AHK (inner + outer) -> Ru-AHO inner,inner+outer,inner,All Ru-AHK,Delta learning,3,79,ru_aho_inner__00079,ru_aho_inner_00079,1.33471728,1.2462214201899342
SPOC_official_like,SVR,all_ru_ahk_to_ru_aho_inner,All Ru-AHK (inner + outer) -> Ru-AHO inner,inner+outer,inner,All Ru-AHK,Delta learning,3,85,ru_aho_inner__00085,ru_aho_inner_00085,0.80254597,0.34486393171771534
SPOC_official_like,SVR,all_ru_ahk_to_ru_aho_inner,All Ru-AHK (inner + outer) -> Ru-AHO inner,inner+outer,inner,All Ru-AHK,Mixed transfer,4,32,ru_aho_inner__00032,ru_aho_inner_00032,2.30450133,2.296724109657932
SPOC_official_like,SVR,all_ru_ahk_to_ru_aho_inner,All Ru-AHK (inner + outer) -> Ru-AHO inner,inner+outer,inner,All Ru-AHK,Mixed transfer,4,41,ru_aho_inner__00041,ru_aho_inner_00041,2.13444943,1.8990967717541263
SPOC_official_like,SVR,all_ru_ahk_to_ru_aho_inner,All Ru-AHK (inner + outer) -> Ru-AHO inner,inner+outer,inner,All Ru-AHK,Mixed transfer,4,43,ru_aho_inner__00043,ru_aho_inner_00043,2.11117069,1.5934234021197644
SPOC_official_like,SVR,all_ru_ahk_to_ru_aho_inner,All Ru-AHK (inner + outer) -> Ru-AHO inner,inner+outer,inner,All Ru-AHK,Mixed transfer,4,46,ru_aho_inner__00046,ru_aho_inner_00046,2.00941149,2.794342254367672
SPOC_official_like,SVR,all_ru_ahk_to_ru_aho_inner,All Ru-AHK (inner + outer) -> Ru-AHO inner,inner+outer,inner,All Ru-AHK,Mixed transfer,4,48,ru_aho_inner__00048,ru_aho_inner_00048,1.96551622,1.9640143893013677
SPOC_official_like,SVR,all_ru_ahk_to_ru_aho_inner,All Ru-AHK (inner + outer) -> Ru-AHO inner,inner+outer,inner,All Ru-AHK,Mixed transfer,4,50,ru_aho_inner__00050,ru_aho_inner_00050,1.95650617,1.593928334095916
SPOC_official_like,SVR,all_ru_ahk_to_ru_aho_inner,All Ru-AHK (inner + outer) -> Ru-AHO inner,inner+outer,inner,All Ru-AHK,Mixed transfer,4,54,ru_aho_inner__00054,ru_aho_inner_00054,1.80901573,2.0118874433429323
SPOC_official_like,SVR,all_ru_ahk_to_ru_aho_inner,All Ru-AHK (inner + outer) -> Ru-AHO inner,inner+outer,inner,All Ru-AHK,Mixed transfer,4,57,ru_aho_inner__00057,ru_aho_inner_00057,1.68395754,2.299541414549686
SPOC_official_like,SVR,all_ru_ahk_to_ru_aho_inner,All Ru-AHK (inner + outer) -> Ru-AHO inner,inner+outer,inner,All Ru-AHK,Mixed transfer,4,58,ru_aho_inner__00058,ru_aho_inner_00058,1.66417952,1.390497802152667
SPOC_official_like,SVR,all_ru_ahk_to_ru_aho_inner,All Ru-AHK (inner + outer) -> Ru-AHO inner,inner+outer,inner,All Ru-AHK,Mixed transfer,4,59,ru_aho_inner__00059,ru_aho_inner_00059,1.62929332,1.773583155719962
SPOC_official_like,SVR,all_ru_ahk_to_ru_aho_inner,All Ru-AHK (inner + outer) -> Ru-AHO inner,inner+outer,inner,All Ru-AHK,Mixed transfer,4,61,ru_aho_inner__00061,ru_aho_inner_00061,1.57873877,1.479751341726724
SPOC_official_like,SVR,all_ru_ahk_to_ru_aho_inner,All Ru-AHK (inner + outer) -> Ru-AHO inner,inner+outer,inner,All Ru-AHK,Mixed transfer,4,63,ru_aho_inner__00063,ru_aho_inner_00063,1.56019653,1.4806011458864825
SPOC_official_like,SVR,all_ru_ahk_to_ru_aho_inner,All Ru-AHK (inner + outer) -> Ru-AHO inner,inner+outer,inner,All Ru-AHK,Mixed transfer,4,66,ru_aho_inner__00066,ru_aho_inner_00066,1.51369193,1.432814500752996
SPOC_official_like,SVR,all_ru_ahk_to_ru_aho_inner,All Ru-AHK (inner + outer) -> Ru-AHO inner,inner+outer,inner,All Ru-AHK,Mixed transfer,4,67,ru_aho_inner__00067,ru_aho_inner_00067,1.51369193,1.3384905687957644
SPOC_official_like,SVR,all_ru_ahk_to_ru_aho_inner,All Ru-AHK (inner + outer) -> Ru-AHO inner,inner+outer,inner,All Ru-AHK,Mixed transfer,4,77,ru_aho_inner__00077,ru_aho_inner_00077,1.36283425,1.4761844720560036
SPOC_official_like,SVR,all_ru_ahk_to_ru_aho_inner,All Ru-AHK (inner + outer) -> Ru-AHO inner,inner+outer,inner,All Ru-AHK,Mixed transfer,4,84,ru_aho_inner__00084,ru_aho_inner_00084,0.80438248,1.2279069271721896
SPOC_official_like,SVR,all_ru_ahk_to_ru_aho_inner,All Ru-AHK (inner + outer) -> Ru-AHO inner,inner+outer,inner,All Ru-AHK,Mixed transfer,4,95,ru_aho_inner__00095,ru_aho_inner_00095,0.0120419,0.6912633159051522
SPOC_official_like,SVR,all_ru_ahk_to_ru_aho_inner,All Ru-AHK (inner + outer) -> Ru-AHO inner,inner+outer,inner,All Ru-AHK,Mixed transfer,4,96,ru_aho_inner__00096,ru_aho_inner_00096,0.0,1.5751418024479968
SPOC_official_like,SVR,all_ru_ahk_to_ru_aho_inner,All Ru-AHK (inner + outer) -> Ru-AHO inner,inner+outer,inner,All Ru-AHK,Mixed transfer,4,97,ru_aho_inner__00097,ru_aho_inner_00097,0.0,1.501224107569442
SPOC_official_like,SVR,all_ru_ahk_to_ru_aho_inner,All Ru-AHK (inner + outer) -> Ru-AHO inner,inner+outer,inner,All Ru-AHK,Delta learning,4,32,ru_aho_inner__00032,ru_aho_inner_00032,2.30450133,2.279011064882587
SPOC_official_like,SVR,all_ru_ahk_to_ru_aho_inner,All Ru-AHK (inner + outer) -> Ru-AHO inner,inner+outer,inner,All Ru-AHK,Delta learning,4,41,ru_aho_inner__00041,ru_aho_inner_00041,2.13444943,1.7703943302944944
SPOC_official_like,SVR,all_ru_ahk_to_ru_aho_inner,All Ru-AHK (inner + outer) -> Ru-AHO inner,inner+outer,inner,All Ru-AHK,Delta learning,4,43,ru_aho_inner__00043,ru_aho_inner_00043,2.11117069,1.5939751868095142
SPOC_official_like,SVR,all_ru_ahk_to_ru_aho_inner,All Ru-AHK (inner + outer) -> Ru-AHO inner,inner+outer,inner,All Ru-AHK,Delta learning,4,46,ru_aho_inner__00046,ru_aho_inner_00046,2.00941149,2.793407773693712
SPOC_official_like,SVR,all_ru_ahk_to_ru_aho_inner,All Ru-AHK (inner + outer) -> Ru-AHO inner,inner+outer,inner,All Ru-AHK,Delta learning,4,48,ru_aho_inner__00048,ru_aho_inner_00048,1.96551622,1.9236562854104924
SPOC_official_like,SVR,all_ru_ahk_to_ru_aho_inner,All Ru-AHK (inner + outer) -> Ru-AHO inner,inner+outer,inner,All Ru-AHK,Delta learning,4,50,ru_aho_inner__00050,ru_aho_inner_00050,1.95650617,1.5944870676957987
SPOC_official_like,SVR,all_ru_ahk_to_ru_aho_inner,All Ru-AHK (inner + outer) -> Ru-AHO inner,inner+outer,inner,All Ru-AHK,Delta learning,4,54,ru_aho_inner__00054,ru_aho_inner_00054,1.80901573,2.1456527714879514
SPOC_official_like,SVR,all_ru_ahk_to_ru_aho_inner,All Ru-AHK (inner + outer) -> Ru-AHO inner,inner+outer,inner,All Ru-AHK,Delta learning,4,57,ru_aho_inner__00057,ru_aho_inner_00057,1.68395754,2.2026778896023274
SPOC_official_like,SVR,all_ru_ahk_to_ru_aho_inner,All Ru-AHK (inner + outer) -> Ru-AHO inner,inner+outer,inner,All Ru-AHK,Delta learning,4,58,ru_aho_inner__00058,ru_aho_inner_00058,1.66417952,1.419721725801819
SPOC_official_like,SVR,all_ru_ahk_to_ru_aho_inner,All Ru-AHK (inner + outer) -> Ru-AHO inner,inner+outer,inner,All Ru-AHK,Delta learning,4,59,ru_aho_inner__00059,ru_aho_inner_00059,1.62929332,1.813314219333137
SPOC_official_like,SVR,all_ru_ahk_to_ru_aho_inner,All Ru-AHK (inner + outer) -> Ru-AHO inner,inner+outer,inner,All Ru-AHK,Delta learning,4,61,ru_aho_inner__00061,ru_aho_inner_00061,1.57873877,1.4834572384518865
SPOC_official_like,SVR,all_ru_ahk_to_ru_aho_inner,All Ru-AHK (inner + outer) -> Ru-AHO inner,inner+outer,inner,All Ru-AHK,Delta learning,4,63,ru_aho_inner__00063,ru_aho_inner_00063,1.56019653,1.484541330888171
SPOC_official_like,SVR,all_ru_ahk_to_ru_aho_inner,All Ru-AHK (inner + outer) -> Ru-AHO inner,inner+outer,inner,All Ru-AHK,Delta learning,4,66,ru_aho_inner__00066,ru_aho_inner_00066,1.51369193,1.4323385399471587
SPOC_official_like,SVR,all_ru_ahk_to_ru_aho_inner,All Ru-AHK (inner + outer) -> Ru-AHO inner,inner+outer,inner,All Ru-AHK,Delta learning,4,67,ru_aho_inner__00067,ru_aho_inner_00067,1.51369193,1.3161304601919137
SPOC_official_like,SVR,all_ru_ahk_to_ru_aho_inner,All Ru-AHK (inner + outer) -> Ru-AHO inner,inner+outer,inner,All Ru-AHK,Delta learning,4,77,ru_aho_inner__00077,ru_aho_inner_00077,1.36283425,1.3593305257013533
SPOC_official_like,SVR,all_ru_ahk_to_ru_aho_inner,All Ru-AHK (inner + outer) -> Ru-AHO inner,inner+outer,inner,All Ru-AHK,Delta learning,4,84,ru_aho_inner__00084,ru_aho_inner_00084,0.80438248,1.309235064009758
SPOC_official_like,SVR,all_ru_ahk_to_ru_aho_inner,All Ru-AHK (inner + outer) -> Ru-AHO inner,inner+outer,inner,All Ru-AHK,Delta learning,4,95,ru_aho_inner__00095,ru_aho_inner_00095,0.0120419,0.36138415580724903
SPOC_official_like,SVR,all_ru_ahk_to_ru_aho_inner,All Ru-AHK (inner + outer) -> Ru-AHO inner,inner+outer,inner,All Ru-AHK,Delta learning,4,96,ru_aho_inner__00096,ru_aho_inner_00096,0.0,1.1426453708828082
SPOC_official_like,SVR,all_ru_ahk_to_ru_aho_inner,All Ru-AHK (inner + outer) -> Ru-AHO inner,inner+outer,inner,All Ru-AHK,Delta learning,4,97,ru_aho_inner__00097,ru_aho_inner_00097,0.0,1.4684465316975464
SPOC_official_like,SVR,all_ru_ahk_to_ru_aho_inner,All Ru-AHK (inner + outer) -> Ru-AHO inner,inner+outer,inner,All Ru-AHK,Mixed transfer,5,1,ru_aho_inner__00001,ru_aho_inner_00001,4.50050002,2.7926439309139757
SPOC_official_like,SVR,all_ru_ahk_to_ru_aho_inner,All Ru-AHK (inner + outer) -> Ru-AHO inner,inner+outer,inner,All Ru-AHK,Mixed transfer,5,2,ru_aho_inner__00002,ru_aho_inner_00002,3.84937533,2.7183088524873145
SPOC_official_like,SVR,all_ru_ahk_to_ru_aho_inner,All Ru-AHK (inner + outer) -> Ru-AHO inner,inner+outer,inner,All Ru-AHK,Mixed transfer,5,14,ru_aho_inner__00014,ru_aho_inner_00014,2.72095293,2.6263276546718175
SPOC_official_like,SVR,all_ru_ahk_to_ru_aho_inner,All Ru-AHK (inner + outer) -> Ru-AHO inner,inner+outer,inner,All Ru-AHK,Mixed transfer,5,20,ru_aho_inner__00020,ru_aho_inner_00020,2.72095293,2.493992931430342
SPOC_official_like,SVR,all_ru_ahk_to_ru_aho_inner,All Ru-AHK (inner + outer) -> Ru-AHO inner,inner+outer,inner,All Ru-AHK,Mixed transfer,5,21,ru_aho_inner__00021,ru_aho_inner_00021,2.6917632,2.747369843996129
SPOC_official_like,SVR,all_ru_ahk_to_ru_aho_inner,All Ru-AHK (inner + outer) -> Ru-AHO inner,inner+outer,inner,All Ru-AHK,Mixed transfer,5,23,ru_aho_inner__00023,ru_aho_inner_00023,2.61179564,2.451512192006144
SPOC_official_like,SVR,all_ru_ahk_to_ru_aho_inner,All Ru-AHK (inner + outer) -> Ru-AHO inner,inner+outer,inner,All Ru-AHK,Mixed transfer,5,29,ru_aho_inner__00029,ru_aho_inner_00029,2.47786275,2.4916616390251436
SPOC_official_like,SVR,all_ru_ahk_to_ru_aho_inner,All Ru-AHK (inner + outer) -> Ru-AHO inner,inner+outer,inner,All Ru-AHK,Mixed transfer,5,37,ru_aho_inner__00037,ru_aho_inner_00037,2.26077037,2.052759291365686
SPOC_official_like,SVR,all_ru_ahk_to_ru_aho_inner,All Ru-AHK (inner + outer) -> Ru-AHO inner,inner+outer,inner,All Ru-AHK,Mixed transfer,5,51,ru_aho_inner__00051,ru_aho_inner_00051,1.94448624,1.7583824671371284
SPOC_official_like,SVR,all_ru_ahk_to_ru_aho_inner,All Ru-AHK (inner + outer) -> Ru-AHO inner,inner+outer,inner,All Ru-AHK,Mixed transfer,5,52,ru_aho_inner__00052,ru_aho_inner_00052,1.88185187,1.6416554681708617
SPOC_official_like,SVR,all_ru_ahk_to_ru_aho_inner,All Ru-AHK (inner + outer) -> Ru-AHO inner,inner+outer,inner,All Ru-AHK,Mixed transfer,5,60,ru_aho_inner__00060,ru_aho_inner_00060,1.62929332,2.7601787487010117
SPOC_official_like,SVR,all_ru_ahk_to_ru_aho_inner,All Ru-AHK (inner + outer) -> Ru-AHO inner,inner+outer,inner,All Ru-AHK,Mixed transfer,5,71,ru_aho_inner__00071,ru_aho_inner_00071,1.47016368,1.531032625959737
SPOC_official_like,SVR,all_ru_ahk_to_ru_aho_inner,All Ru-AHK (inner + outer) -> Ru-AHO inner,inner+outer,inner,All Ru-AHK,Mixed transfer,5,74,ru_aho_inner__00074,ru_aho_inner_00074,1.38325909,1.551571818911661
SPOC_official_like,SVR,all_ru_ahk_to_ru_aho_inner,All Ru-AHK (inner + outer) -> Ru-AHO inner,inner+outer,inner,All Ru-AHK,Mixed transfer,5,82,ru_aho_inner__00082,ru_aho_inner_00082,0.99242206,1.4601649109506405
SPOC_official_like,SVR,all_ru_ahk_to_ru_aho_inner,All Ru-AHK (inner + outer) -> Ru-AHO inner,inner+outer,inner,All Ru-AHK,Mixed transfer,5,86,ru_aho_inner__00086,ru_aho_inner_00086,0.67501313,1.2729432116833024
SPOC_official_like,SVR,all_ru_ahk_to_ru_aho_inner,All Ru-AHK (inner + outer) -> Ru-AHO inner,inner+outer,inner,All Ru-AHK,Mixed transfer,5,87,ru_aho_inner__00087,ru_aho_inner_00087,0.56782018,1.7565091790653606
SPOC_official_like,SVR,all_ru_ahk_to_ru_aho_inner,All Ru-AHK (inner + outer) -> Ru-AHO inner,inner+outer,inner,All Ru-AHK,Mixed transfer,5,89,ru_aho_inner__00089,ru_aho_inner_00089,0.33293116,1.7580882748669715
SPOC_official_like,SVR,all_ru_ahk_to_ru_aho_inner,All Ru-AHK (inner + outer) -> Ru-AHO inner,inner+outer,inner,All Ru-AHK,Mixed transfer,5,91,ru_aho_inner__00091,ru_aho_inner_00091,0.10866753,0.720431940863145
SPOC_official_like,SVR,all_ru_ahk_to_ru_aho_inner,All Ru-AHK (inner + outer) -> Ru-AHO inner,inner+outer,inner,All Ru-AHK,Mixed transfer,5,92,ru_aho_inner__00092,ru_aho_inner_00092,0.09139463,1.7628757333264096
SPOC_official_like,SVR,all_ru_ahk_to_ru_aho_inner,All Ru-AHK (inner + outer) -> Ru-AHO inner,inner+outer,inner,All Ru-AHK,Delta learning,5,1,ru_aho_inner__00001,ru_aho_inner_00001,4.50050002,2.884435895423475
SPOC_official_like,SVR,all_ru_ahk_to_ru_aho_inner,All Ru-AHK (inner + outer) -> Ru-AHO inner,inner+outer,inner,All Ru-AHK,Delta learning,5,2,ru_aho_inner__00002,ru_aho_inner_00002,3.84937533,2.694426963080044
SPOC_official_like,SVR,all_ru_ahk_to_ru_aho_inner,All Ru-AHK (inner + outer) -> Ru-AHO inner,inner+outer,inner,All Ru-AHK,Delta learning,5,14,ru_aho_inner__00014,ru_aho_inner_00014,2.72095293,2.5657555043489975
SPOC_official_like,SVR,all_ru_ahk_to_ru_aho_inner,All Ru-AHK (inner + outer) -> Ru-AHO inner,inner+outer,inner,All Ru-AHK,Delta learning,5,20,ru_aho_inner__00020,ru_aho_inner_00020,2.72095293,2.497427048716724
SPOC_official_like,SVR,all_ru_ahk_to_ru_aho_inner,All Ru-AHK (inner + outer) -> Ru-AHO inner,inner+outer,inner,All Ru-AHK,Delta learning,5,21,ru_aho_inner__00021,ru_aho_inner_00021,2.6917632,2.7239693795216517
SPOC_official_like,SVR,all_ru_ahk_to_ru_aho_inner,All Ru-AHK (inner + outer) -> Ru-AHO inner,inner+outer,inner,All Ru-AHK,Delta learning,5,23,ru_aho_inner__00023,ru_aho_inner_00023,2.61179564,2.2918366984159024
SPOC_official_like,SVR,all_ru_ahk_to_ru_aho_inner,All Ru-AHK (inner + outer) -> Ru-AHO inner,inner+outer,inner,All Ru-AHK,Delta learning,5,29,ru_aho_inner__00029,ru_aho_inner_00029,2.47786275,2.34041437583681
SPOC_official_like,SVR,all_ru_ahk_to_ru_aho_inner,All Ru-AHK (inner + outer) -> Ru-AHO inner,inner+outer,inner,All Ru-AHK,Delta learning,5,37,ru_aho_inner__00037,ru_aho_inner_00037,2.26077037,1.888618782305043
SPOC_official_like,SVR,all_ru_ahk_to_ru_aho_inner,All Ru-AHK (inner + outer) -> Ru-AHO inner,inner+outer,inner,All Ru-AHK,Delta learning,5,51,ru_aho_inner__00051,ru_aho_inner_00051,1.94448624,1.8364862377456046
SPOC_official_like,SVR,all_ru_ahk_to_ru_aho_inner,All Ru-AHK (inner + outer) -> Ru-AHO inner,inner+outer,inner,All Ru-AHK,Delta learning,5,52,ru_aho_inner__00052,ru_aho_inner_00052,1.88185187,1.6276339643828734
SPOC_official_like,SVR,all_ru_ahk_to_ru_aho_inner,All Ru-AHK (inner + outer) -> Ru-AHO inner,inner+outer,inner,All Ru-AHK,Delta learning,5,60,ru_aho_inner__00060,ru_aho_inner_00060,1.62929332,2.7349974321247035
SPOC_official_like,SVR,all_ru_ahk_to_ru_aho_inner,All Ru-AHK (inner + outer) -> Ru-AHO inner,inner+outer,inner,All Ru-AHK,Delta learning,5,71,ru_aho_inner__00071,ru_aho_inner_00071,1.47016368,1.5431332987452615
SPOC_official_like,SVR,all_ru_ahk_to_ru_aho_inner,All Ru-AHK (inner + outer) -> Ru-AHO inner,inner+outer,inner,All Ru-AHK,Delta learning,5,74,ru_aho_inner__00074,ru_aho_inner_00074,1.38325909,1.4701539471136906
SPOC_official_like,SVR,all_ru_ahk_to_ru_aho_inner,All Ru-AHK (inner + outer) -> Ru-AHO inner,inner+outer,inner,All Ru-AHK,Delta learning,5,82,ru_aho_inner__00082,ru_aho_inner_00082,0.99242206,1.3130568340196338
SPOC_official_like,SVR,all_ru_ahk_to_ru_aho_inner,All Ru-AHK (inner + outer) -> Ru-AHO inner,inner+outer,inner,All Ru-AHK,Delta learning,5,86,ru_aho_inner__00086,ru_aho_inner_00086,0.67501313,1.3315751618554028
SPOC_official_like,SVR,all_ru_ahk_to_ru_aho_inner,All Ru-AHK (inner + outer) -> Ru-AHO inner,inner+outer,inner,All Ru-AHK,Delta learning,5,87,ru_aho_inner__00087,ru_aho_inner_00087,0.56782018,1.8707078950361105
SPOC_official_like,SVR,all_ru_ahk_to_ru_aho_inner,All Ru-AHK (inner + outer) -> Ru-AHO inner,inner+outer,inner,All Ru-AHK,Delta learning,5,89,ru_aho_inner__00089,ru_aho_inner_00089,0.33293116,1.8842798672495782
SPOC_official_like,SVR,all_ru_ahk_to_ru_aho_inner,All Ru-AHK (inner + outer) -> Ru-AHO inner,inner+outer,inner,All Ru-AHK,Delta learning,5,91,ru_aho_inner__00091,ru_aho_inner_00091,0.10866753,0.509914055566778
SPOC_official_like,SVR,all_ru_ahk_to_ru_aho_inner,All Ru-AHK (inner + outer) -> Ru-AHO inner,inner+outer,inner,All Ru-AHK,Delta learning,5,92,ru_aho_inner__00092,ru_aho_inner_00092,0.09139463,1.9216173707699535
SPOC_official_like,LinearSVR,all_ru_ahk_to_ru_aho_inner,All Ru-AHK (inner + outer) -> Ru-AHO inner,inner+outer,inner,All Ru-AHK,Mixed transfer,1,0,ru_aho_inner__00000,ru_aho_inner_00000,4.50050002,2.8988425910639344
SPOC_official_like,LinearSVR,all_ru_ahk_to_ru_aho_inner,All Ru-AHK (inner + outer) -> Ru-AHO inner,inner+outer,inner,All Ru-AHK,Mixed transfer,1,4,ru_aho_inner__00004,ru_aho_inner_00004,3.13437597,2.5549939419948813
SPOC_official_like,LinearSVR,all_ru_ahk_to_ru_aho_inner,All Ru-AHK (inner + outer) -> Ru-AHO inner,inner+outer,inner,All Ru-AHK,Mixed transfer,1,10,ru_aho_inner__00010,ru_aho_inner_00010,2.89279432,2.63198477910962
SPOC_official_like,LinearSVR,all_ru_ahk_to_ru_aho_inner,All Ru-AHK (inner + outer) -> Ru-AHO inner,inner+outer,inner,All Ru-AHK,Mixed transfer,1,12,ru_aho_inner__00012,ru_aho_inner_00012,2.72095293,2.6346963514367814
SPOC_official_like,LinearSVR,all_ru_ahk_to_ru_aho_inner,All Ru-AHK (inner + outer) -> Ru-AHO inner,inner+outer,inner,All Ru-AHK,Mixed transfer,1,18,ru_aho_inner__00018,ru_aho_inner_00018,2.72095293,2.4612231757588727
SPOC_official_like,LinearSVR,all_ru_ahk_to_ru_aho_inner,All Ru-AHK (inner + outer) -> Ru-AHO inner,inner+outer,inner,All Ru-AHK,Mixed transfer,1,22,ru_aho_inner__00022,ru_aho_inner_00022,2.63729647,2.8667415450550835
SPOC_official_like,LinearSVR,all_ru_ahk_to_ru_aho_inner,All Ru-AHK (inner + outer) -> Ru-AHO inner,inner+outer,inner,All Ru-AHK,Mixed transfer,1,26,ru_aho_inner__00026,ru_aho_inner_00026,2.49268506,1.845761017642818
SPOC_official_like,LinearSVR,all_ru_ahk_to_ru_aho_inner,All Ru-AHK (inner + outer) -> Ru-AHO inner,inner+outer,inner,All Ru-AHK,Mixed transfer,1,31,ru_aho_inner__00031,ru_aho_inner_00031,2.30450133,2.0804893564999456
SPOC_official_like,LinearSVR,all_ru_ahk_to_ru_aho_inner,All Ru-AHK (inner + outer) -> Ru-AHO inner,inner+outer,inner,All Ru-AHK,Mixed transfer,1,40,ru_aho_inner__00040,ru_aho_inner_00040,2.13954868,1.8736996031281776
SPOC_official_like,LinearSVR,all_ru_ahk_to_ru_aho_inner,All Ru-AHK (inner + outer) -> Ru-AHO inner,inner+outer,inner,All Ru-AHK,Mixed transfer,1,42,ru_aho_inner__00042,ru_aho_inner_00042,2.12255274,2.330073603771296
SPOC_official_like,LinearSVR,all_ru_ahk_to_ru_aho_inner,All Ru-AHK (inner + outer) -> Ru-AHO inner,inner+outer,inner,All Ru-AHK,Mixed transfer,1,44,ru_aho_inner__00044,ru_aho_inner_00044,2.02174776,1.9398772416922465
SPOC_official_like,LinearSVR,all_ru_ahk_to_ru_aho_inner,All Ru-AHK (inner + outer) -> Ru-AHO inner,inner+outer,inner,All Ru-AHK,Mixed transfer,1,47,ru_aho_inner__00047,ru_aho_inner_00047,1.97754867,1.428045634599603
SPOC_official_like,LinearSVR,all_ru_ahk_to_ru_aho_inner,All Ru-AHK (inner + outer) -> Ru-AHO inner,inner+outer,inner,All Ru-AHK,Mixed transfer,1,62,ru_aho_inner__00062,ru_aho_inner_00062,1.56906465,1.842661742019837
SPOC_official_like,LinearSVR,all_ru_ahk_to_ru_aho_inner,All Ru-AHK (inner + outer) -> Ru-AHO inner,inner+outer,inner,All Ru-AHK,Mixed transfer,1,64,ru_aho_inner__00064,ru_aho_inner_00064,1.53168147,1.5882169427403738
SPOC_official_like,LinearSVR,all_ru_ahk_to_ru_aho_inner,All Ru-AHK (inner + outer) -> Ru-AHO inner,inner+outer,inner,All Ru-AHK,Mixed transfer,1,73,ru_aho_inner__00073,ru_aho_inner_00073,1.39055932,1.4419990631404427
SPOC_official_like,LinearSVR,all_ru_ahk_to_ru_aho_inner,All Ru-AHK (inner + outer) -> Ru-AHO inner,inner+outer,inner,All Ru-AHK,Mixed transfer,1,75,ru_aho_inner__00075,ru_aho_inner_00075,1.36999511,1.3378862207528233
SPOC_official_like,LinearSVR,all_ru_ahk_to_ru_aho_inner,All Ru-AHK (inner + outer) -> Ru-AHO inner,inner+outer,inner,All Ru-AHK,Mixed transfer,1,81,ru_aho_inner__00081,ru_aho_inner_00081,1.00421655,1.8213723390023422
SPOC_official_like,LinearSVR,all_ru_ahk_to_ru_aho_inner,All Ru-AHK (inner + outer) -> Ru-AHO inner,inner+outer,inner,All Ru-AHK,Mixed transfer,1,83,ru_aho_inner__00083,ru_aho_inner_00083,0.83956097,-0.21421013594219396
SPOC_official_like,LinearSVR,all_ru_ahk_to_ru_aho_inner,All Ru-AHK (inner + outer) -> Ru-AHO inner,inner+outer,inner,All Ru-AHK,Mixed transfer,1,90,ru_aho_inner__00090,ru_aho_inner_00090,0.19433377,0.5049400008550513
SPOC_official_like,LinearSVR,all_ru_ahk_to_ru_aho_inner,All Ru-AHK (inner + outer) -> Ru-AHO inner,inner+outer,inner,All Ru-AHK,Mixed transfer,1,94,ru_aho_inner__00094,ru_aho_inner_00094,0.04739647,1.3609741748786215
SPOC_official_like,LinearSVR,all_ru_ahk_to_ru_aho_inner,All Ru-AHK (inner + outer) -> Ru-AHO inner,inner+outer,inner,All Ru-AHK,Delta learning,1,0,ru_aho_inner__00000,ru_aho_inner_00000,4.50050002,1.8399512759887058
SPOC_official_like,LinearSVR,all_ru_ahk_to_ru_aho_inner,All Ru-AHK (inner + outer) -> Ru-AHO inner,inner+outer,inner,All Ru-AHK,Delta learning,1,4,ru_aho_inner__00004,ru_aho_inner_00004,3.13437597,2.3947659734028655
SPOC_official_like,LinearSVR,all_ru_ahk_to_ru_aho_inner,All Ru-AHK (inner + outer) -> Ru-AHO inner,inner+outer,inner,All Ru-AHK,Delta learning,1,10,ru_aho_inner__00010,ru_aho_inner_00010,2.89279432,2.0790430994614377
SPOC_official_like,LinearSVR,all_ru_ahk_to_ru_aho_inner,All Ru-AHK (inner + outer) -> Ru-AHO inner,inner+outer,inner,All Ru-AHK,Delta learning,1,12,ru_aho_inner__00012,ru_aho_inner_00012,2.72095293,2.1421766626161327
SPOC_official_like,LinearSVR,all_ru_ahk_to_ru_aho_inner,All Ru-AHK (inner + outer) -> Ru-AHO inner,inner+outer,inner,All Ru-AHK,Delta learning,1,18,ru_aho_inner__00018,ru_aho_inner_00018,2.72095293,3.3274019307041662
SPOC_official_like,LinearSVR,all_ru_ahk_to_ru_aho_inner,All Ru-AHK (inner + outer) -> Ru-AHO inner,inner+outer,inner,All Ru-AHK,Delta learning,1,22,ru_aho_inner__00022,ru_aho_inner_00022,2.63729647,2.36346808740739
SPOC_official_like,LinearSVR,all_ru_ahk_to_ru_aho_inner,All Ru-AHK (inner + outer) -> Ru-AHO inner,inner+outer,inner,All Ru-AHK,Delta learning,1,26,ru_aho_inner__00026,ru_aho_inner_00026,2.49268506,1.8115043174409249
SPOC_official_like,LinearSVR,all_ru_ahk_to_ru_aho_inner,All Ru-AHK (inner + outer) -> Ru-AHO inner,inner+outer,inner,All Ru-AHK,Delta learning,1,31,ru_aho_inner__00031,ru_aho_inner_00031,2.30450133,0.5462827417327851
SPOC_official_like,LinearSVR,all_ru_ahk_to_ru_aho_inner,All Ru-AHK (inner + outer) -> Ru-AHO inner,inner+outer,inner,All Ru-AHK,Delta learning,1,40,ru_aho_inner__00040,ru_aho_inner_00040,2.13954868,2.2531914636299484
SPOC_official_like,LinearSVR,all_ru_ahk_to_ru_aho_inner,All Ru-AHK (inner + outer) -> Ru-AHO inner,inner+outer,inner,All Ru-AHK,Delta learning,1,42,ru_aho_inner__00042,ru_aho_inner_00042,2.12255274,2.208535681426307
SPOC_official_like,LinearSVR,all_ru_ahk_to_ru_aho_inner,All Ru-AHK (inner + outer) -> Ru-AHO inner,inner+outer,inner,All Ru-AHK,Delta learning,1,44,ru_aho_inner__00044,ru_aho_inner_00044,2.02174776,2.169390770330649
SPOC_official_like,LinearSVR,all_ru_ahk_to_ru_aho_inner,All Ru-AHK (inner + outer) -> Ru-AHO inner,inner+outer,inner,All Ru-AHK,Delta learning,1,47,ru_aho_inner__00047,ru_aho_inner_00047,1.97754867,1.7682541482396745
SPOC_official_like,LinearSVR,all_ru_ahk_to_ru_aho_inner,All Ru-AHK (inner + outer) -> Ru-AHO inner,inner+outer,inner,All Ru-AHK,Delta learning,1,62,ru_aho_inner__00062,ru_aho_inner_00062,1.56906465,1.6712916426764894
SPOC_official_like,LinearSVR,all_ru_ahk_to_ru_aho_inner,All Ru-AHK (inner + outer) -> Ru-AHO inner,inner+outer,inner,All Ru-AHK,Delta learning,1,64,ru_aho_inner__00064,ru_aho_inner_00064,1.53168147,1.4789668327970182
SPOC_official_like,LinearSVR,all_ru_ahk_to_ru_aho_inner,All Ru-AHK (inner + outer) -> Ru-AHO inner,inner+outer,inner,All Ru-AHK,Delta learning,1,73,ru_aho_inner__00073,ru_aho_inner_00073,1.39055932,1.4476512448135932
SPOC_official_like,LinearSVR,all_ru_ahk_to_ru_aho_inner,All Ru-AHK (inner + outer) -> Ru-AHO inner,inner+outer,inner,All Ru-AHK,Delta learning,1,75,ru_aho_inner__00075,ru_aho_inner_00075,1.36999511,1.3209037330968396
SPOC_official_like,LinearSVR,all_ru_ahk_to_ru_aho_inner,All Ru-AHK (inner + outer) -> Ru-AHO inner,inner+outer,inner,All Ru-AHK,Delta learning,1,81,ru_aho_inner__00081,ru_aho_inner_00081,1.00421655,0.9499936448741151
SPOC_official_like,LinearSVR,all_ru_ahk_to_ru_aho_inner,All Ru-AHK (inner + outer) -> Ru-AHO inner,inner+outer,inner,All Ru-AHK,Delta learning,1,83,ru_aho_inner__00083,ru_aho_inner_00083,0.83956097,1.0183303119264653
SPOC_official_like,LinearSVR,all_ru_ahk_to_ru_aho_inner,All Ru-AHK (inner + outer) -> Ru-AHO inner,inner+outer,inner,All Ru-AHK,Delta learning,1,90,ru_aho_inner__00090,ru_aho_inner_00090,0.19433377,0.058916207281301425
SPOC_official_like,LinearSVR,all_ru_ahk_to_ru_aho_inner,All Ru-AHK (inner + outer) -> Ru-AHO inner,inner+outer,inner,All Ru-AHK,Delta learning,1,94,ru_aho_inner__00094,ru_aho_inner_00094,0.04739647,1.6356033940225174
SPOC_official_like,LinearSVR,all_ru_ahk_to_ru_aho_inner,All Ru-AHK (inner + outer) -> Ru-AHO inner,inner+outer,inner,All Ru-AHK,Mixed transfer,2,5,ru_aho_inner__00005,ru_aho_inner_00005,3.13437597,3.322642225936397
SPOC_official_like,LinearSVR,all_ru_ahk_to_ru_aho_inner,All Ru-AHK (inner + outer) -> Ru-AHO inner,inner+outer,inner,All Ru-AHK,Mixed transfer,2,9,ru_aho_inner__00009,ru_aho_inner_00009,3.13437597,2.6080549156068886
SPOC_official_like,LinearSVR,all_ru_ahk_to_ru_aho_inner,All Ru-AHK (inner + outer) -> Ru-AHO inner,inner+outer,inner,All Ru-AHK,Mixed transfer,2,11,ru_aho_inner__00011,ru_aho_inner_00011,2.81808334,2.5890307567910096
SPOC_official_like,LinearSVR,all_ru_ahk_to_ru_aho_inner,All Ru-AHK (inner + outer) -> Ru-AHO inner,inner+outer,inner,All Ru-AHK,Mixed transfer,2,15,ru_aho_inner__00015,ru_aho_inner_00015,2.72095293,-0.23932266420982184
SPOC_official_like,LinearSVR,all_ru_ahk_to_ru_aho_inner,All Ru-AHK (inner + outer) -> Ru-AHO inner,inner+outer,inner,All Ru-AHK,Mixed transfer,2,16,ru_aho_inner__00016,ru_aho_inner_00016,2.72095293,2.520565676372065
SPOC_official_like,LinearSVR,all_ru_ahk_to_ru_aho_inner,All Ru-AHK (inner + outer) -> Ru-AHO inner,inner+outer,inner,All Ru-AHK,Mixed transfer,2,28,ru_aho_inner__00028,ru_aho_inner_00028,2.47786275,2.509693025805833
SPOC_official_like,LinearSVR,all_ru_ahk_to_ru_aho_inner,All Ru-AHK (inner + outer) -> Ru-AHO inner,inner+outer,inner,All Ru-AHK,Mixed transfer,2,30,ru_aho_inner__00030,ru_aho_inner_00030,2.3515711,3.2044449729276465
SPOC_official_like,LinearSVR,all_ru_ahk_to_ru_aho_inner,All Ru-AHK (inner + outer) -> Ru-AHO inner,inner+outer,inner,All Ru-AHK,Mixed transfer,2,33,ru_aho_inner__00033,ru_aho_inner_00033,2.30450133,2.5364841191223424
SPOC_official_like,LinearSVR,all_ru_ahk_to_ru_aho_inner,All Ru-AHK (inner + outer) -> Ru-AHO inner,inner+outer,inner,All Ru-AHK,Mixed transfer,2,35,ru_aho_inner__00035,ru_aho_inner_00035,2.30450133,2.5183217251184584
SPOC_official_like,LinearSVR,all_ru_ahk_to_ru_aho_inner,All Ru-AHK (inner + outer) -> Ru-AHO inner,inner+outer,inner,All Ru-AHK,Mixed transfer,2,39,ru_aho_inner__00039,ru_aho_inner_00039,2.16934032,-1.5166494127350485
SPOC_official_like,LinearSVR,all_ru_ahk_to_ru_aho_inner,All Ru-AHK (inner + outer) -> Ru-AHO inner,inner+outer,inner,All Ru-AHK,Mixed transfer,2,45,ru_aho_inner__00045,ru_aho_inner_00045,2.01889808,1.8349061286948702
SPOC_official_like,LinearSVR,all_ru_ahk_to_ru_aho_inner,All Ru-AHK (inner + outer) -> Ru-AHO inner,inner+outer,inner,All Ru-AHK,Mixed transfer,2,49,ru_aho_inner__00049,ru_aho_inner_00049,1.9607788,-0.13444518556821583
SPOC_official_like,LinearSVR,all_ru_ahk_to_ru_aho_inner,All Ru-AHK (inner + outer) -> Ru-AHO inner,inner+outer,inner,All Ru-AHK,Mixed transfer,2,65,ru_aho_inner__00065,ru_aho_inner_00065,1.53168147,1.3401277356863597
SPOC_official_like,LinearSVR,all_ru_ahk_to_ru_aho_inner,All Ru-AHK (inner + outer) -> Ru-AHO inner,inner+outer,inner,All Ru-AHK,Mixed transfer,2,68,ru_aho_inner__00068,ru_aho_inner_00068,1.49260764,1.5743447839176457
SPOC_official_like,LinearSVR,all_ru_ahk_to_ru_aho_inner,All Ru-AHK (inner + outer) -> Ru-AHO inner,inner+outer,inner,All Ru-AHK,Mixed transfer,2,69,ru_aho_inner__00069,ru_aho_inner_00069,1.48763592,2.645496185047836
SPOC_official_like,LinearSVR,all_ru_ahk_to_ru_aho_inner,All Ru-AHK (inner + outer) -> Ru-AHO inner,inner+outer,inner,All Ru-AHK,Mixed transfer,2,70,ru_aho_inner__00070,ru_aho_inner_00070,1.47570337,3.068135223505754
SPOC_official_like,LinearSVR,all_ru_ahk_to_ru_aho_inner,All Ru-AHK (inner + outer) -> Ru-AHO inner,inner+outer,inner,All Ru-AHK,Mixed transfer,2,72,ru_aho_inner__00072,ru_aho_inner_00072,1.40708549,1.376835297862311
SPOC_official_like,LinearSVR,all_ru_ahk_to_ru_aho_inner,All Ru-AHK (inner + outer) -> Ru-AHO inner,inner+outer,inner,All Ru-AHK,Mixed transfer,2,80,ru_aho_inner__00080,ru_aho_inner_00080,1.31904107,1.3787514519114965
SPOC_official_like,LinearSVR,all_ru_ahk_to_ru_aho_inner,All Ru-AHK (inner + outer) -> Ru-AHO inner,inner+outer,inner,All Ru-AHK,Mixed transfer,2,88,ru_aho_inner__00088,ru_aho_inner_00088,0.39647984,1.4165513430359904
SPOC_official_like,LinearSVR,all_ru_ahk_to_ru_aho_inner,All Ru-AHK (inner + outer) -> Ru-AHO inner,inner+outer,inner,All Ru-AHK,Mixed transfer,2,93,ru_aho_inner__00093,ru_aho_inner_00093,0.04819171,0.39864497909382535
SPOC_official_like,LinearSVR,all_ru_ahk_to_ru_aho_inner,All Ru-AHK (inner + outer) -> Ru-AHO inner,inner+outer,inner,All Ru-AHK,Delta learning,2,5,ru_aho_inner__00005,ru_aho_inner_00005,3.13437597,3.1350251123992794
SPOC_official_like,LinearSVR,all_ru_ahk_to_ru_aho_inner,All Ru-AHK (inner + outer) -> Ru-AHO inner,inner+outer,inner,All Ru-AHK,Delta learning,2,9,ru_aho_inner__00009,ru_aho_inner_00009,3.13437597,4.430016941893841
SPOC_official_like,LinearSVR,all_ru_ahk_to_ru_aho_inner,All Ru-AHK (inner + outer) -> Ru-AHO inner,inner+outer,inner,All Ru-AHK,Delta learning,2,11,ru_aho_inner__00011,ru_aho_inner_00011,2.81808334,2.264986428048765
SPOC_official_like,LinearSVR,all_ru_ahk_to_ru_aho_inner,All Ru-AHK (inner + outer) -> Ru-AHO inner,inner+outer,inner,All Ru-AHK,Delta learning,2,15,ru_aho_inner__00015,ru_aho_inner_00015,2.72095293,-0.2608018175782387
SPOC_official_like,LinearSVR,all_ru_ahk_to_ru_aho_inner,All Ru-AHK (inner + outer) -> Ru-AHO inner,inner+outer,inner,All Ru-AHK,Delta learning,2,16,ru_aho_inner__00016,ru_aho_inner_00016,2.72095293,3.6268611468829244
SPOC_official_like,LinearSVR,all_ru_ahk_to_ru_aho_inner,All Ru-AHK (inner + outer) -> Ru-AHO inner,inner+outer,inner,All Ru-AHK,Delta learning,2,28,ru_aho_inner__00028,ru_aho_inner_00028,2.47786275,2.1977967208887828
SPOC_official_like,LinearSVR,all_ru_ahk_to_ru_aho_inner,All Ru-AHK (inner + outer) -> Ru-AHO inner,inner+outer,inner,All Ru-AHK,Delta learning,2,30,ru_aho_inner__00030,ru_aho_inner_00030,2.3515711,2.9605709525631374
SPOC_official_like,LinearSVR,all_ru_ahk_to_ru_aho_inner,All Ru-AHK (inner + outer) -> Ru-AHO inner,inner+outer,inner,All Ru-AHK,Delta learning,2,33,ru_aho_inner__00033,ru_aho_inner_00033,2.30450133,0.7688481067104824
SPOC_official_like,LinearSVR,all_ru_ahk_to_ru_aho_inner,All Ru-AHK (inner + outer) -> Ru-AHO inner,inner+outer,inner,All Ru-AHK,Delta learning,2,35,ru_aho_inner__00035,ru_aho_inner_00035,2.30450133,2.6374147521445392
SPOC_official_like,LinearSVR,all_ru_ahk_to_ru_aho_inner,All Ru-AHK (inner + outer) -> Ru-AHO inner,inner+outer,inner,All Ru-AHK,Delta learning,2,39,ru_aho_inner__00039,ru_aho_inner_00039,2.16934032,4.442413594660511
SPOC_official_like,LinearSVR,all_ru_ahk_to_ru_aho_inner,All Ru-AHK (inner + outer) -> Ru-AHO inner,inner+outer,inner,All Ru-AHK,Delta learning,2,45,ru_aho_inner__00045,ru_aho_inner_00045,2.01889808,2.001485588740956
SPOC_official_like,LinearSVR,all_ru_ahk_to_ru_aho_inner,All Ru-AHK (inner + outer) -> Ru-AHO inner,inner+outer,inner,All Ru-AHK,Delta learning,2,49,ru_aho_inner__00049,ru_aho_inner_00049,1.9607788,0.8647196319854098
SPOC_official_like,LinearSVR,all_ru_ahk_to_ru_aho_inner,All Ru-AHK (inner + outer) -> Ru-AHO inner,inner+outer,inner,All Ru-AHK,Delta learning,2,65,ru_aho_inner__00065,ru_aho_inner_00065,1.53168147,1.501279051643896
SPOC_official_like,LinearSVR,all_ru_ahk_to_ru_aho_inner,All Ru-AHK (inner + outer) -> Ru-AHO inner,inner+outer,inner,All Ru-AHK,Delta learning,2,68,ru_aho_inner__00068,ru_aho_inner_00068,1.49260764,1.8802075428373786
SPOC_official_like,LinearSVR,all_ru_ahk_to_ru_aho_inner,All Ru-AHK (inner + outer) -> Ru-AHO inner,inner+outer,inner,All Ru-AHK,Delta learning,2,69,ru_aho_inner__00069,ru_aho_inner_00069,1.48763592,-0.06954724555774927
SPOC_official_like,LinearSVR,all_ru_ahk_to_ru_aho_inner,All Ru-AHK (inner + outer) -> Ru-AHO inner,inner+outer,inner,All Ru-AHK,Delta learning,2,70,ru_aho_inner__00070,ru_aho_inner_00070,1.47570337,3.884429290647153
SPOC_official_like,LinearSVR,all_ru_ahk_to_ru_aho_inner,All Ru-AHK (inner + outer) -> Ru-AHO inner,inner+outer,inner,All Ru-AHK,Delta learning,2,72,ru_aho_inner__00072,ru_aho_inner_00072,1.40708549,1.3659036202081354
SPOC_official_like,LinearSVR,all_ru_ahk_to_ru_aho_inner,All Ru-AHK (inner + outer) -> Ru-AHO inner,inner+outer,inner,All Ru-AHK,Delta learning,2,80,ru_aho_inner__00080,ru_aho_inner_00080,1.31904107,1.356362373235704
SPOC_official_like,LinearSVR,all_ru_ahk_to_ru_aho_inner,All Ru-AHK (inner + outer) -> Ru-AHO inner,inner+outer,inner,All Ru-AHK,Delta learning,2,88,ru_aho_inner__00088,ru_aho_inner_00088,0.39647984,0.27402008791393984
SPOC_official_like,LinearSVR,all_ru_ahk_to_ru_aho_inner,All Ru-AHK (inner + outer) -> Ru-AHO inner,inner+outer,inner,All Ru-AHK,Delta learning,2,93,ru_aho_inner__00093,ru_aho_inner_00093,0.04819171,0.19672347195649653
SPOC_official_like,LinearSVR,all_ru_ahk_to_ru_aho_inner,All Ru-AHK (inner + outer) -> Ru-AHO inner,inner+outer,inner,All Ru-AHK,Mixed transfer,3,3,ru_aho_inner__00003,ru_aho_inner_00003,3.67873076,2.8973393210214926
SPOC_official_like,LinearSVR,all_ru_ahk_to_ru_aho_inner,All Ru-AHK (inner + outer) -> Ru-AHO inner,inner+outer,inner,All Ru-AHK,Mixed transfer,3,6,ru_aho_inner__00006,ru_aho_inner_00006,3.13437597,4.581302667886334
SPOC_official_like,LinearSVR,all_ru_ahk_to_ru_aho_inner,All Ru-AHK (inner + outer) -> Ru-AHO inner,inner+outer,inner,All Ru-AHK,Mixed transfer,3,7,ru_aho_inner__00007,ru_aho_inner_00007,3.13437597,2.9819753445804107
SPOC_official_like,LinearSVR,all_ru_ahk_to_ru_aho_inner,All Ru-AHK (inner + outer) -> Ru-AHO inner,inner+outer,inner,All Ru-AHK,Mixed transfer,3,8,ru_aho_inner__00008,ru_aho_inner_00008,3.13437597,4.573736142692589
SPOC_official_like,LinearSVR,all_ru_ahk_to_ru_aho_inner,All Ru-AHK (inner + outer) -> Ru-AHO inner,inner+outer,inner,All Ru-AHK,Mixed transfer,3,13,ru_aho_inner__00013,ru_aho_inner_00013,2.72095293,2.8095384972518636
SPOC_official_like,LinearSVR,all_ru_ahk_to_ru_aho_inner,All Ru-AHK (inner + outer) -> Ru-AHO inner,inner+outer,inner,All Ru-AHK,Mixed transfer,3,17,ru_aho_inner__00017,ru_aho_inner_00017,2.72095293,2.3649852137439646
SPOC_official_like,LinearSVR,all_ru_ahk_to_ru_aho_inner,All Ru-AHK (inner + outer) -> Ru-AHO inner,inner+outer,inner,All Ru-AHK,Mixed transfer,3,19,ru_aho_inner__00019,ru_aho_inner_00019,2.72095293,2.6156789810898573
SPOC_official_like,LinearSVR,all_ru_ahk_to_ru_aho_inner,All Ru-AHK (inner + outer) -> Ru-AHO inner,inner+outer,inner,All Ru-AHK,Mixed transfer,3,24,ru_aho_inner__00024,ru_aho_inner_00024,2.49823771,3.5090136734090374
SPOC_official_like,LinearSVR,all_ru_ahk_to_ru_aho_inner,All Ru-AHK (inner + outer) -> Ru-AHO inner,inner+outer,inner,All Ru-AHK,Mixed transfer,3,25,ru_aho_inner__00025,ru_aho_inner_00025,2.49823771,2.547887706946529
SPOC_official_like,LinearSVR,all_ru_ahk_to_ru_aho_inner,All Ru-AHK (inner + outer) -> Ru-AHO inner,inner+outer,inner,All Ru-AHK,Mixed transfer,3,27,ru_aho_inner__00027,ru_aho_inner_00027,2.47786275,3.051032151955523
SPOC_official_like,LinearSVR,all_ru_ahk_to_ru_aho_inner,All Ru-AHK (inner + outer) -> Ru-AHO inner,inner+outer,inner,All Ru-AHK,Mixed transfer,3,34,ru_aho_inner__00034,ru_aho_inner_00034,2.30450133,2.489876435629521
SPOC_official_like,LinearSVR,all_ru_ahk_to_ru_aho_inner,All Ru-AHK (inner + outer) -> Ru-AHO inner,inner+outer,inner,All Ru-AHK,Mixed transfer,3,36,ru_aho_inner__00036,ru_aho_inner_00036,2.28957767,2.547567093937242
SPOC_official_like,LinearSVR,all_ru_ahk_to_ru_aho_inner,All Ru-AHK (inner + outer) -> Ru-AHO inner,inner+outer,inner,All Ru-AHK,Mixed transfer,3,38,ru_aho_inner__00038,ru_aho_inner_00038,2.20688949,4.0207776892086695
SPOC_official_like,LinearSVR,all_ru_ahk_to_ru_aho_inner,All Ru-AHK (inner + outer) -> Ru-AHO inner,inner+outer,inner,All Ru-AHK,Mixed transfer,3,53,ru_aho_inner__00053,ru_aho_inner_00053,1.84440958,2.038877504401709
SPOC_official_like,LinearSVR,all_ru_ahk_to_ru_aho_inner,All Ru-AHK (inner + outer) -> Ru-AHO inner,inner+outer,inner,All Ru-AHK,Mixed transfer,3,55,ru_aho_inner__00055,ru_aho_inner_00055,1.80901573,3.397071558971663
SPOC_official_like,LinearSVR,all_ru_ahk_to_ru_aho_inner,All Ru-AHK (inner + outer) -> Ru-AHO inner,inner+outer,inner,All Ru-AHK,Mixed transfer,3,56,ru_aho_inner__00056,ru_aho_inner_00056,1.73731552,2.5445683598913424
SPOC_official_like,LinearSVR,all_ru_ahk_to_ru_aho_inner,All Ru-AHK (inner + outer) -> Ru-AHO inner,inner+outer,inner,All Ru-AHK,Mixed transfer,3,76,ru_aho_inner__00076,ru_aho_inner_00076,1.36999511,-0.7831244686205125
SPOC_official_like,LinearSVR,all_ru_ahk_to_ru_aho_inner,All Ru-AHK (inner + outer) -> Ru-AHO inner,inner+outer,inner,All Ru-AHK,Mixed transfer,3,78,ru_aho_inner__00078,ru_aho_inner_00078,1.35390456,1.3351480650302736
SPOC_official_like,LinearSVR,all_ru_ahk_to_ru_aho_inner,All Ru-AHK (inner + outer) -> Ru-AHO inner,inner+outer,inner,All Ru-AHK,Mixed transfer,3,79,ru_aho_inner__00079,ru_aho_inner_00079,1.33471728,1.3279916904310738
SPOC_official_like,LinearSVR,all_ru_ahk_to_ru_aho_inner,All Ru-AHK (inner + outer) -> Ru-AHO inner,inner+outer,inner,All Ru-AHK,Mixed transfer,3,85,ru_aho_inner__00085,ru_aho_inner_00085,0.80254597,-0.76666523000099
SPOC_official_like,LinearSVR,all_ru_ahk_to_ru_aho_inner,All Ru-AHK (inner + outer) -> Ru-AHO inner,inner+outer,inner,All Ru-AHK,Delta learning,3,3,ru_aho_inner__00003,ru_aho_inner_00003,3.67873076,1.181889091492974
SPOC_official_like,LinearSVR,all_ru_ahk_to_ru_aho_inner,All Ru-AHK (inner + outer) -> Ru-AHO inner,inner+outer,inner,All Ru-AHK,Delta learning,3,6,ru_aho_inner__00006,ru_aho_inner_00006,3.13437597,4.199808225909479
SPOC_official_like,LinearSVR,all_ru_ahk_to_ru_aho_inner,All Ru-AHK (inner + outer) -> Ru-AHO inner,inner+outer,inner,All Ru-AHK,Delta learning,3,7,ru_aho_inner__00007,ru_aho_inner_00007,3.13437597,1.6548274167567105
SPOC_official_like,LinearSVR,all_ru_ahk_to_ru_aho_inner,All Ru-AHK (inner + outer) -> Ru-AHO inner,inner+outer,inner,All Ru-AHK,Delta learning,3,8,ru_aho_inner__00008,ru_aho_inner_00008,3.13437597,2.7198727680332766
SPOC_official_like,LinearSVR,all_ru_ahk_to_ru_aho_inner,All Ru-AHK (inner + outer) -> Ru-AHO inner,inner+outer,inner,All Ru-AHK,Delta learning,3,13,ru_aho_inner__00013,ru_aho_inner_00013,2.72095293,3.6253264636422493
SPOC_official_like,LinearSVR,all_ru_ahk_to_ru_aho_inner,All Ru-AHK (inner + outer) -> Ru-AHO inner,inner+outer,inner,All Ru-AHK,Delta learning,3,17,ru_aho_inner__00017,ru_aho_inner_00017,2.72095293,0.12545244244573084
SPOC_official_like,LinearSVR,all_ru_ahk_to_ru_aho_inner,All Ru-AHK (inner + outer) -> Ru-AHO inner,inner+outer,inner,All Ru-AHK,Delta learning,3,19,ru_aho_inner__00019,ru_aho_inner_00019,2.72095293,1.2397003508741582
SPOC_official_like,LinearSVR,all_ru_ahk_to_ru_aho_inner,All Ru-AHK (inner + outer) -> Ru-AHO inner,inner+outer,inner,All Ru-AHK,Delta learning,3,24,ru_aho_inner__00024,ru_aho_inner_00024,2.49823771,2.743015709240165
SPOC_official_like,LinearSVR,all_ru_ahk_to_ru_aho_inner,All Ru-AHK (inner + outer) -> Ru-AHO inner,inner+outer,inner,All Ru-AHK,Delta learning,3,25,ru_aho_inner__00025,ru_aho_inner_00025,2.49823771,1.8931402630856642
SPOC_official_like,LinearSVR,all_ru_ahk_to_ru_aho_inner,All Ru-AHK (inner + outer) -> Ru-AHO inner,inner+outer,inner,All Ru-AHK,Delta learning,3,27,ru_aho_inner__00027,ru_aho_inner_00027,2.47786275,4.137618299076448
SPOC_official_like,LinearSVR,all_ru_ahk_to_ru_aho_inner,All Ru-AHK (inner + outer) -> Ru-AHO inner,inner+outer,inner,All Ru-AHK,Delta learning,3,34,ru_aho_inner__00034,ru_aho_inner_00034,2.30450133,-0.9774874590813374
SPOC_official_like,LinearSVR,all_ru_ahk_to_ru_aho_inner,All Ru-AHK (inner + outer) -> Ru-AHO inner,inner+outer,inner,All Ru-AHK,Delta learning,3,36,ru_aho_inner__00036,ru_aho_inner_00036,2.28957767,1.9712153738823748
SPOC_official_like,LinearSVR,all_ru_ahk_to_ru_aho_inner,All Ru-AHK (inner + outer) -> Ru-AHO inner,inner+outer,inner,All Ru-AHK,Delta learning,3,38,ru_aho_inner__00038,ru_aho_inner_00038,2.20688949,3.86578143436638
SPOC_official_like,LinearSVR,all_ru_ahk_to_ru_aho_inner,All Ru-AHK (inner + outer) -> Ru-AHO inner,inner+outer,inner,All Ru-AHK,Delta learning,3,53,ru_aho_inner__00053,ru_aho_inner_00053,1.84440958,2.008846074641206
SPOC_official_like,LinearSVR,all_ru_ahk_to_ru_aho_inner,All Ru-AHK (inner + outer) -> Ru-AHO inner,inner+outer,inner,All Ru-AHK,Delta learning,3,55,ru_aho_inner__00055,ru_aho_inner_00055,1.80901573,2.637720451210119
SPOC_official_like,LinearSVR,all_ru_ahk_to_ru_aho_inner,All Ru-AHK (inner + outer) -> Ru-AHO inner,inner+outer,inner,All Ru-AHK,Delta learning,3,56,ru_aho_inner__00056,ru_aho_inner_00056,1.73731552,2.452887582317665
SPOC_official_like,LinearSVR,all_ru_ahk_to_ru_aho_inner,All Ru-AHK (inner + outer) -> Ru-AHO inner,inner+outer,inner,All Ru-AHK,Delta learning,3,76,ru_aho_inner__00076,ru_aho_inner_00076,1.36999511,-1.5780575139053883
SPOC_official_like,LinearSVR,all_ru_ahk_to_ru_aho_inner,All Ru-AHK (inner + outer) -> Ru-AHO inner,inner+outer,inner,All Ru-AHK,Delta learning,3,78,ru_aho_inner__00078,ru_aho_inner_00078,1.35390456,1.3553693405786662
SPOC_official_like,LinearSVR,all_ru_ahk_to_ru_aho_inner,All Ru-AHK (inner + outer) -> Ru-AHO inner,inner+outer,inner,All Ru-AHK,Delta learning,3,79,ru_aho_inner__00079,ru_aho_inner_00079,1.33471728,1.6220528527726659
SPOC_official_like,LinearSVR,all_ru_ahk_to_ru_aho_inner,All Ru-AHK (inner + outer) -> Ru-AHO inner,inner+outer,inner,All Ru-AHK,Delta learning,3,85,ru_aho_inner__00085,ru_aho_inner_00085,0.80254597,-1.2911279077369495
SPOC_official_like,LinearSVR,all_ru_ahk_to_ru_aho_inner,All Ru-AHK (inner + outer) -> Ru-AHO inner,inner+outer,inner,All Ru-AHK,Mixed transfer,4,32,ru_aho_inner__00032,ru_aho_inner_00032,2.30450133,2.7397326118554095
SPOC_official_like,LinearSVR,all_ru_ahk_to_ru_aho_inner,All Ru-AHK (inner + outer) -> Ru-AHO inner,inner+outer,inner,All Ru-AHK,Mixed transfer,4,41,ru_aho_inner__00041,ru_aho_inner_00041,2.13444943,2.767908758777141
SPOC_official_like,LinearSVR,all_ru_ahk_to_ru_aho_inner,All Ru-AHK (inner + outer) -> Ru-AHO inner,inner+outer,inner,All Ru-AHK,Mixed transfer,4,43,ru_aho_inner__00043,ru_aho_inner_00043,2.11117069,1.450811995400627
SPOC_official_like,LinearSVR,all_ru_ahk_to_ru_aho_inner,All Ru-AHK (inner + outer) -> Ru-AHO inner,inner+outer,inner,All Ru-AHK,Mixed transfer,4,46,ru_aho_inner__00046,ru_aho_inner_00046,2.00941149,2.751280451165465
SPOC_official_like,LinearSVR,all_ru_ahk_to_ru_aho_inner,All Ru-AHK (inner + outer) -> Ru-AHO inner,inner+outer,inner,All Ru-AHK,Mixed transfer,4,48,ru_aho_inner__00048,ru_aho_inner_00048,1.96551622,2.010018348075384
SPOC_official_like,LinearSVR,all_ru_ahk_to_ru_aho_inner,All Ru-AHK (inner + outer) -> Ru-AHO inner,inner+outer,inner,All Ru-AHK,Mixed transfer,4,50,ru_aho_inner__00050,ru_aho_inner_00050,1.95650617,1.5140312197897718
SPOC_official_like,LinearSVR,all_ru_ahk_to_ru_aho_inner,All Ru-AHK (inner + outer) -> Ru-AHO inner,inner+outer,inner,All Ru-AHK,Mixed transfer,4,54,ru_aho_inner__00054,ru_aho_inner_00054,1.80901573,1.9505975856050752
SPOC_official_like,LinearSVR,all_ru_ahk_to_ru_aho_inner,All Ru-AHK (inner + outer) -> Ru-AHO inner,inner+outer,inner,All Ru-AHK,Mixed transfer,4,57,ru_aho_inner__00057,ru_aho_inner_00057,1.68395754,2.2721663094005873
SPOC_official_like,LinearSVR,all_ru_ahk_to_ru_aho_inner,All Ru-AHK (inner + outer) -> Ru-AHO inner,inner+outer,inner,All Ru-AHK,Mixed transfer,4,58,ru_aho_inner__00058,ru_aho_inner_00058,1.66417952,1.5141117328043507
SPOC_official_like,LinearSVR,all_ru_ahk_to_ru_aho_inner,All Ru-AHK (inner + outer) -> Ru-AHO inner,inner+outer,inner,All Ru-AHK,Mixed transfer,4,59,ru_aho_inner__00059,ru_aho_inner_00059,1.62929332,1.87503988363054
SPOC_official_like,LinearSVR,all_ru_ahk_to_ru_aho_inner,All Ru-AHK (inner + outer) -> Ru-AHO inner,inner+outer,inner,All Ru-AHK,Mixed transfer,4,61,ru_aho_inner__00061,ru_aho_inner_00061,1.57873877,1.2652870910783642
SPOC_official_like,LinearSVR,all_ru_ahk_to_ru_aho_inner,All Ru-AHK (inner + outer) -> Ru-AHO inner,inner+outer,inner,All Ru-AHK,Mixed transfer,4,63,ru_aho_inner__00063,ru_aho_inner_00063,1.56019653,1.2776529027996864
SPOC_official_like,LinearSVR,all_ru_ahk_to_ru_aho_inner,All Ru-AHK (inner + outer) -> Ru-AHO inner,inner+outer,inner,All Ru-AHK,Mixed transfer,4,66,ru_aho_inner__00066,ru_aho_inner_00066,1.51369193,1.5120766064785358
SPOC_official_like,LinearSVR,all_ru_ahk_to_ru_aho_inner,All Ru-AHK (inner + outer) -> Ru-AHO inner,inner+outer,inner,All Ru-AHK,Mixed transfer,4,67,ru_aho_inner__00067,ru_aho_inner_00067,1.51369193,1.3473726396122827
SPOC_official_like,LinearSVR,all_ru_ahk_to_ru_aho_inner,All Ru-AHK (inner + outer) -> Ru-AHO inner,inner+outer,inner,All Ru-AHK,Mixed transfer,4,77,ru_aho_inner__00077,ru_aho_inner_00077,1.36283425,1.0503540217156382
SPOC_official_like,LinearSVR,all_ru_ahk_to_ru_aho_inner,All Ru-AHK (inner + outer) -> Ru-AHO inner,inner+outer,inner,All Ru-AHK,Mixed transfer,4,84,ru_aho_inner__00084,ru_aho_inner_00084,0.80438248,1.6818404617781133
SPOC_official_like,LinearSVR,all_ru_ahk_to_ru_aho_inner,All Ru-AHK (inner + outer) -> Ru-AHO inner,inner+outer,inner,All Ru-AHK,Mixed transfer,4,95,ru_aho_inner__00095,ru_aho_inner_00095,0.0120419,-0.037455064101986846
SPOC_official_like,LinearSVR,all_ru_ahk_to_ru_aho_inner,All Ru-AHK (inner + outer) -> Ru-AHO inner,inner+outer,inner,All Ru-AHK,Mixed transfer,4,96,ru_aho_inner__00096,ru_aho_inner_00096,0.0,4.346774884326612
SPOC_official_like,LinearSVR,all_ru_ahk_to_ru_aho_inner,All Ru-AHK (inner + outer) -> Ru-AHO inner,inner+outer,inner,All Ru-AHK,Mixed transfer,4,97,ru_aho_inner__00097,ru_aho_inner_00097,0.0,4.560379171414077
SPOC_official_like,LinearSVR,all_ru_ahk_to_ru_aho_inner,All Ru-AHK (inner + outer) -> Ru-AHO inner,inner+outer,inner,All Ru-AHK,Delta learning,4,32,ru_aho_inner__00032,ru_aho_inner_00032,2.30450133,2.389543618220147
SPOC_official_like,LinearSVR,all_ru_ahk_to_ru_aho_inner,All Ru-AHK (inner + outer) -> Ru-AHO inner,inner+outer,inner,All Ru-AHK,Delta learning,4,41,ru_aho_inner__00041,ru_aho_inner_00041,2.13444943,3.787223473010532
SPOC_official_like,LinearSVR,all_ru_ahk_to_ru_aho_inner,All Ru-AHK (inner + outer) -> Ru-AHO inner,inner+outer,inner,All Ru-AHK,Delta learning,4,43,ru_aho_inner__00043,ru_aho_inner_00043,2.11117069,1.5523324769044442
SPOC_official_like,LinearSVR,all_ru_ahk_to_ru_aho_inner,All Ru-AHK (inner + outer) -> Ru-AHO inner,inner+outer,inner,All Ru-AHK,Delta learning,4,46,ru_aho_inner__00046,ru_aho_inner_00046,2.00941149,2.673997870150713
SPOC_official_like,LinearSVR,all_ru_ahk_to_ru_aho_inner,All Ru-AHK (inner + outer) -> Ru-AHO inner,inner+outer,inner,All Ru-AHK,Delta learning,4,48,ru_aho_inner__00048,ru_aho_inner_00048,1.96551622,2.276480274021467
SPOC_official_like,LinearSVR,all_ru_ahk_to_ru_aho_inner,All Ru-AHK (inner + outer) -> Ru-AHO inner,inner+outer,inner,All Ru-AHK,Delta learning,4,50,ru_aho_inner__00050,ru_aho_inner_00050,1.95650617,1.6992427987526448
SPOC_official_like,LinearSVR,all_ru_ahk_to_ru_aho_inner,All Ru-AHK (inner + outer) -> Ru-AHO inner,inner+outer,inner,All Ru-AHK,Delta learning,4,54,ru_aho_inner__00054,ru_aho_inner_00054,1.80901573,2.1703640407046025
SPOC_official_like,LinearSVR,all_ru_ahk_to_ru_aho_inner,All Ru-AHK (inner + outer) -> Ru-AHO inner,inner+outer,inner,All Ru-AHK,Delta learning,4,57,ru_aho_inner__00057,ru_aho_inner_00057,1.68395754,3.341592644165686
SPOC_official_like,LinearSVR,all_ru_ahk_to_ru_aho_inner,All Ru-AHK (inner + outer) -> Ru-AHO inner,inner+outer,inner,All Ru-AHK,Delta learning,4,58,ru_aho_inner__00058,ru_aho_inner_00058,1.66417952,1.3163284646087068
SPOC_official_like,LinearSVR,all_ru_ahk_to_ru_aho_inner,All Ru-AHK (inner + outer) -> Ru-AHO inner,inner+outer,inner,All Ru-AHK,Delta learning,4,59,ru_aho_inner__00059,ru_aho_inner_00059,1.62929332,1.92078605059086
SPOC_official_like,LinearSVR,all_ru_ahk_to_ru_aho_inner,All Ru-AHK (inner + outer) -> Ru-AHO inner,inner+outer,inner,All Ru-AHK,Delta learning,4,61,ru_aho_inner__00061,ru_aho_inner_00061,1.57873877,2.8769154406107114
SPOC_official_like,LinearSVR,all_ru_ahk_to_ru_aho_inner,All Ru-AHK (inner + outer) -> Ru-AHO inner,inner+outer,inner,All Ru-AHK,Delta learning,4,63,ru_aho_inner__00063,ru_aho_inner_00063,1.56019653,2.911074296059958
SPOC_official_like,LinearSVR,all_ru_ahk_to_ru_aho_inner,All Ru-AHK (inner + outer) -> Ru-AHO inner,inner+outer,inner,All Ru-AHK,Delta learning,4,66,ru_aho_inner__00066,ru_aho_inner_00066,1.51369193,1.53308308112127
SPOC_official_like,LinearSVR,all_ru_ahk_to_ru_aho_inner,All Ru-AHK (inner + outer) -> Ru-AHO inner,inner+outer,inner,All Ru-AHK,Delta learning,4,67,ru_aho_inner__00067,ru_aho_inner_00067,1.51369193,1.4469529413480453
SPOC_official_like,LinearSVR,all_ru_ahk_to_ru_aho_inner,All Ru-AHK (inner + outer) -> Ru-AHO inner,inner+outer,inner,All Ru-AHK,Delta learning,4,77,ru_aho_inner__00077,ru_aho_inner_00077,1.36283425,-0.35883231520641257
SPOC_official_like,LinearSVR,all_ru_ahk_to_ru_aho_inner,All Ru-AHK (inner + outer) -> Ru-AHO inner,inner+outer,inner,All Ru-AHK,Delta learning,4,84,ru_aho_inner__00084,ru_aho_inner_00084,0.80438248,2.3109019026425637
SPOC_official_like,LinearSVR,all_ru_ahk_to_ru_aho_inner,All Ru-AHK (inner + outer) -> Ru-AHO inner,inner+outer,inner,All Ru-AHK,Delta learning,4,95,ru_aho_inner__00095,ru_aho_inner_00095,0.0120419,-0.6572095759822094
SPOC_official_like,LinearSVR,all_ru_ahk_to_ru_aho_inner,All Ru-AHK (inner + outer) -> Ru-AHO inner,inner+outer,inner,All Ru-AHK,Delta learning,4,96,ru_aho_inner__00096,ru_aho_inner_00096,0.0,0.4807019498284295
SPOC_official_like,LinearSVR,all_ru_ahk_to_ru_aho_inner,All Ru-AHK (inner + outer) -> Ru-AHO inner,inner+outer,inner,All Ru-AHK,Delta learning,4,97,ru_aho_inner__00097,ru_aho_inner_00097,0.0,1.3868630750533
SPOC_official_like,LinearSVR,all_ru_ahk_to_ru_aho_inner,All Ru-AHK (inner + outer) -> Ru-AHO inner,inner+outer,inner,All Ru-AHK,Mixed transfer,5,1,ru_aho_inner__00001,ru_aho_inner_00001,4.50050002,3.1269516180454566
SPOC_official_like,LinearSVR,all_ru_ahk_to_ru_aho_inner,All Ru-AHK (inner + outer) -> Ru-AHO inner,inner+outer,inner,All Ru-AHK,Mixed transfer,5,2,ru_aho_inner__00002,ru_aho_inner_00002,3.84937533,2.9171404419569136
SPOC_official_like,LinearSVR,all_ru_ahk_to_ru_aho_inner,All Ru-AHK (inner + outer) -> Ru-AHO inner,inner+outer,inner,All Ru-AHK,Mixed transfer,5,14,ru_aho_inner__00014,ru_aho_inner_00014,2.72095293,2.9969066549968355
SPOC_official_like,LinearSVR,all_ru_ahk_to_ru_aho_inner,All Ru-AHK (inner + outer) -> Ru-AHO inner,inner+outer,inner,All Ru-AHK,Mixed transfer,5,20,ru_aho_inner__00020,ru_aho_inner_00020,2.72095293,2.730776177697601
SPOC_official_like,LinearSVR,all_ru_ahk_to_ru_aho_inner,All Ru-AHK (inner + outer) -> Ru-AHO inner,inner+outer,inner,All Ru-AHK,Mixed transfer,5,21,ru_aho_inner__00021,ru_aho_inner_00021,2.6917632,2.8961065983265906
SPOC_official_like,LinearSVR,all_ru_ahk_to_ru_aho_inner,All Ru-AHK (inner + outer) -> Ru-AHO inner,inner+outer,inner,All Ru-AHK,Mixed transfer,5,23,ru_aho_inner__00023,ru_aho_inner_00023,2.61179564,2.58645324401955
SPOC_official_like,LinearSVR,all_ru_ahk_to_ru_aho_inner,All Ru-AHK (inner + outer) -> Ru-AHO inner,inner+outer,inner,All Ru-AHK,Mixed transfer,5,29,ru_aho_inner__00029,ru_aho_inner_00029,2.47786275,1.9525720556855128
SPOC_official_like,LinearSVR,all_ru_ahk_to_ru_aho_inner,All Ru-AHK (inner + outer) -> Ru-AHO inner,inner+outer,inner,All Ru-AHK,Mixed transfer,5,37,ru_aho_inner__00037,ru_aho_inner_00037,2.26077037,0.716887336420589
SPOC_official_like,LinearSVR,all_ru_ahk_to_ru_aho_inner,All Ru-AHK (inner + outer) -> Ru-AHO inner,inner+outer,inner,All Ru-AHK,Mixed transfer,5,51,ru_aho_inner__00051,ru_aho_inner_00051,1.94448624,2.1452145567040053
SPOC_official_like,LinearSVR,all_ru_ahk_to_ru_aho_inner,All Ru-AHK (inner + outer) -> Ru-AHO inner,inner+outer,inner,All Ru-AHK,Mixed transfer,5,52,ru_aho_inner__00052,ru_aho_inner_00052,1.88185187,1.496020035116439
SPOC_official_like,LinearSVR,all_ru_ahk_to_ru_aho_inner,All Ru-AHK (inner + outer) -> Ru-AHO inner,inner+outer,inner,All Ru-AHK,Mixed transfer,5,60,ru_aho_inner__00060,ru_aho_inner_00060,1.62929332,2.8646973898961487
SPOC_official_like,LinearSVR,all_ru_ahk_to_ru_aho_inner,All Ru-AHK (inner + outer) -> Ru-AHO inner,inner+outer,inner,All Ru-AHK,Mixed transfer,5,71,ru_aho_inner__00071,ru_aho_inner_00071,1.47016368,1.6169694910383072
SPOC_official_like,LinearSVR,all_ru_ahk_to_ru_aho_inner,All Ru-AHK (inner + outer) -> Ru-AHO inner,inner+outer,inner,All Ru-AHK,Mixed transfer,5,74,ru_aho_inner__00074,ru_aho_inner_00074,1.38325909,1.6345149169180022
SPOC_official_like,LinearSVR,all_ru_ahk_to_ru_aho_inner,All Ru-AHK (inner + outer) -> Ru-AHO inner,inner+outer,inner,All Ru-AHK,Mixed transfer,5,82,ru_aho_inner__00082,ru_aho_inner_00082,0.99242206,1.860465327059856
SPOC_official_like,LinearSVR,all_ru_ahk_to_ru_aho_inner,All Ru-AHK (inner + outer) -> Ru-AHO inner,inner+outer,inner,All Ru-AHK,Mixed transfer,5,86,ru_aho_inner__00086,ru_aho_inner_00086,0.67501313,0.7354137192903905
SPOC_official_like,LinearSVR,all_ru_ahk_to_ru_aho_inner,All Ru-AHK (inner + outer) -> Ru-AHO inner,inner+outer,inner,All Ru-AHK,Mixed transfer,5,87,ru_aho_inner__00087,ru_aho_inner_00087,0.56782018,6.997231536007962
SPOC_official_like,LinearSVR,all_ru_ahk_to_ru_aho_inner,All Ru-AHK (inner + outer) -> Ru-AHO inner,inner+outer,inner,All Ru-AHK,Mixed transfer,5,89,ru_aho_inner__00089,ru_aho_inner_00089,0.33293116,9.095431613030243
SPOC_official_like,LinearSVR,all_ru_ahk_to_ru_aho_inner,All Ru-AHK (inner + outer) -> Ru-AHO inner,inner+outer,inner,All Ru-AHK,Mixed transfer,5,91,ru_aho_inner__00091,ru_aho_inner_00091,0.10866753,-0.8981978934239088
SPOC_official_like,LinearSVR,all_ru_ahk_to_ru_aho_inner,All Ru-AHK (inner + outer) -> Ru-AHO inner,inner+outer,inner,All Ru-AHK,Mixed transfer,5,92,ru_aho_inner__00092,ru_aho_inner_00092,0.09139463,4.962167616295842
SPOC_official_like,LinearSVR,all_ru_ahk_to_ru_aho_inner,All Ru-AHK (inner + outer) -> Ru-AHO inner,inner+outer,inner,All Ru-AHK,Delta learning,5,1,ru_aho_inner__00001,ru_aho_inner_00001,4.50050002,2.426648269176665
SPOC_official_like,LinearSVR,all_ru_ahk_to_ru_aho_inner,All Ru-AHK (inner + outer) -> Ru-AHO inner,inner+outer,inner,All Ru-AHK,Delta learning,5,2,ru_aho_inner__00002,ru_aho_inner_00002,3.84937533,2.3020989881698934
SPOC_official_like,LinearSVR,all_ru_ahk_to_ru_aho_inner,All Ru-AHK (inner + outer) -> Ru-AHO inner,inner+outer,inner,All Ru-AHK,Delta learning,5,14,ru_aho_inner__00014,ru_aho_inner_00014,2.72095293,3.9537991070612097
SPOC_official_like,LinearSVR,all_ru_ahk_to_ru_aho_inner,All Ru-AHK (inner + outer) -> Ru-AHO inner,inner+outer,inner,All Ru-AHK,Delta learning,5,20,ru_aho_inner__00020,ru_aho_inner_00020,2.72095293,1.778355193120082
SPOC_official_like,LinearSVR,all_ru_ahk_to_ru_aho_inner,All Ru-AHK (inner + outer) -> Ru-AHO inner,inner+outer,inner,All Ru-AHK,Delta learning,5,21,ru_aho_inner__00021,ru_aho_inner_00021,2.6917632,2.827357097039979
SPOC_official_like,LinearSVR,all_ru_ahk_to_ru_aho_inner,All Ru-AHK (inner + outer) -> Ru-AHO inner,inner+outer,inner,All Ru-AHK,Delta learning,5,23,ru_aho_inner__00023,ru_aho_inner_00023,2.61179564,2.187490008547117
SPOC_official_like,LinearSVR,all_ru_ahk_to_ru_aho_inner,All Ru-AHK (inner + outer) -> Ru-AHO inner,inner+outer,inner,All Ru-AHK,Delta learning,5,29,ru_aho_inner__00029,ru_aho_inner_00029,2.47786275,0.4170174157923263
SPOC_official_like,LinearSVR,all_ru_ahk_to_ru_aho_inner,All Ru-AHK (inner + outer) -> Ru-AHO inner,inner+outer,inner,All Ru-AHK,Delta learning,5,37,ru_aho_inner__00037,ru_aho_inner_00037,2.26077037,-1.485118342825702
SPOC_official_like,LinearSVR,all_ru_ahk_to_ru_aho_inner,All Ru-AHK (inner + outer) -> Ru-AHO inner,inner+outer,inner,All Ru-AHK,Delta learning,5,51,ru_aho_inner__00051,ru_aho_inner_00051,1.94448624,1.6402543504015887
SPOC_official_like,LinearSVR,all_ru_ahk_to_ru_aho_inner,All Ru-AHK (inner + outer) -> Ru-AHO inner,inner+outer,inner,All Ru-AHK,Delta learning,5,52,ru_aho_inner__00052,ru_aho_inner_00052,1.88185187,1.9971908239291487
SPOC_official_like,LinearSVR,all_ru_ahk_to_ru_aho_inner,All Ru-AHK (inner + outer) -> Ru-AHO inner,inner+outer,inner,All Ru-AHK,Delta learning,5,60,ru_aho_inner__00060,ru_aho_inner_00060,1.62929332,2.6461408236496897
SPOC_official_like,LinearSVR,all_ru_ahk_to_ru_aho_inner,All Ru-AHK (inner + outer) -> Ru-AHO inner,inner+outer,inner,All Ru-AHK,Delta learning,5,71,ru_aho_inner__00071,ru_aho_inner_00071,1.47016368,1.6950655477703436
SPOC_official_like,LinearSVR,all_ru_ahk_to_ru_aho_inner,All Ru-AHK (inner + outer) -> Ru-AHO inner,inner+outer,inner,All Ru-AHK,Delta learning,5,74,ru_aho_inner__00074,ru_aho_inner_00074,1.38325909,1.6062308125748799
SPOC_official_like,LinearSVR,all_ru_ahk_to_ru_aho_inner,All Ru-AHK (inner + outer) -> Ru-AHO inner,inner+outer,inner,All Ru-AHK,Delta learning,5,82,ru_aho_inner__00082,ru_aho_inner_00082,0.99242206,1.0651105951085986
SPOC_official_like,LinearSVR,all_ru_ahk_to_ru_aho_inner,All Ru-AHK (inner + outer) -> Ru-AHO inner,inner+outer,inner,All Ru-AHK,Delta learning,5,86,ru_aho_inner__00086,ru_aho_inner_00086,0.67501313,3.5819581774662668
SPOC_official_like,LinearSVR,all_ru_ahk_to_ru_aho_inner,All Ru-AHK (inner + outer) -> Ru-AHO inner,inner+outer,inner,All Ru-AHK,Delta learning,5,87,ru_aho_inner__00087,ru_aho_inner_00087,0.56782018,6.192657367721777
SPOC_official_like,LinearSVR,all_ru_ahk_to_ru_aho_inner,All Ru-AHK (inner + outer) -> Ru-AHO inner,inner+outer,inner,All Ru-AHK,Delta learning,5,89,ru_aho_inner__00089,ru_aho_inner_00089,0.33293116,4.493593721005022
SPOC_official_like,LinearSVR,all_ru_ahk_to_ru_aho_inner,All Ru-AHK (inner + outer) -> Ru-AHO inner,inner+outer,inner,All Ru-AHK,Delta learning,5,91,ru_aho_inner__00091,ru_aho_inner_00091,0.10866753,-0.5667387240243134
SPOC_official_like,LinearSVR,all_ru_ahk_to_ru_aho_inner,All Ru-AHK (inner + outer) -> Ru-AHO inner,inner+outer,inner,All Ru-AHK,Delta learning,5,92,ru_aho_inner__00092,ru_aho_inner_00092,0.09139463,3.4526136772134572
SPOC_official_like,DecisionTreeRegressor,all_ru_ahk_to_ru_aho_inner,All Ru-AHK (inner + outer) -> Ru-AHO inner,inner+outer,inner,All Ru-AHK,Mixed transfer,1,0,ru_aho_inner__00000,ru_aho_inner_00000,4.50050002,2.81808334
SPOC_official_like,DecisionTreeRegressor,all_ru_ahk_to_ru_aho_inner,All Ru-AHK (inner + outer) -> Ru-AHO inner,inner+outer,inner,All Ru-AHK,Mixed transfer,1,4,ru_aho_inner__00004,ru_aho_inner_00004,3.13437597,4.50050002
SPOC_official_like,DecisionTreeRegressor,all_ru_ahk_to_ru_aho_inner,All Ru-AHK (inner + outer) -> Ru-AHO inner,inner+outer,inner,All Ru-AHK,Mixed transfer,1,10,ru_aho_inner__00010,ru_aho_inner_00010,2.89279432,2.81808334
SPOC_official_like,DecisionTreeRegressor,all_ru_ahk_to_ru_aho_inner,All Ru-AHK (inner + outer) -> Ru-AHO inner,inner+outer,inner,All Ru-AHK,Mixed transfer,1,12,ru_aho_inner__00012,ru_aho_inner_00012,2.72095293,2.81808334
SPOC_official_like,DecisionTreeRegressor,all_ru_ahk_to_ru_aho_inner,All Ru-AHK (inner + outer) -> Ru-AHO inner,inner+outer,inner,All Ru-AHK,Mixed transfer,1,18,ru_aho_inner__00018,ru_aho_inner_00018,2.72095293,2.47786275
SPOC_official_like,DecisionTreeRegressor,all_ru_ahk_to_ru_aho_inner,All Ru-AHK (inner + outer) -> Ru-AHO inner,inner+outer,inner,All Ru-AHK,Mixed transfer,1,22,ru_aho_inner__00022,ru_aho_inner_00022,2.63729647,1.73731552
SPOC_official_like,DecisionTreeRegressor,all_ru_ahk_to_ru_aho_inner,All Ru-AHK (inner + outer) -> Ru-AHO inner,inner+outer,inner,All Ru-AHK,Mixed transfer,1,26,ru_aho_inner__00026,ru_aho_inner_00026,2.49268506,2.11117069
SPOC_official_like,DecisionTreeRegressor,all_ru_ahk_to_ru_aho_inner,All Ru-AHK (inner + outer) -> Ru-AHO inner,inner+outer,inner,All Ru-AHK,Mixed transfer,1,31,ru_aho_inner__00031,ru_aho_inner_00031,2.30450133,1.80901573
SPOC_official_like,DecisionTreeRegressor,all_ru_ahk_to_ru_aho_inner,All Ru-AHK (inner + outer) -> Ru-AHO inner,inner+outer,inner,All Ru-AHK,Mixed transfer,1,40,ru_aho_inner__00040,ru_aho_inner_00040,2.13954868,2.01889808
SPOC_official_like,DecisionTreeRegressor,all_ru_ahk_to_ru_aho_inner,All Ru-AHK (inner + outer) -> Ru-AHO inner,inner+outer,inner,All Ru-AHK,Mixed transfer,1,42,ru_aho_inner__00042,ru_aho_inner_00042,2.12255274,2.28957767
SPOC_official_like,DecisionTreeRegressor,all_ru_ahk_to_ru_aho_inner,All Ru-AHK (inner + outer) -> Ru-AHO inner,inner+outer,inner,All Ru-AHK,Mixed transfer,1,44,ru_aho_inner__00044,ru_aho_inner_00044,2.02174776,1.84440958
SPOC_official_like,DecisionTreeRegressor,all_ru_ahk_to_ru_aho_inner,All Ru-AHK (inner + outer) -> Ru-AHO inner,inner+outer,inner,All Ru-AHK,Mixed transfer,1,47,ru_aho_inner__00047,ru_aho_inner_00047,1.97754867,1.8829450286426468
SPOC_official_like,DecisionTreeRegressor,all_ru_ahk_to_ru_aho_inner,All Ru-AHK (inner + outer) -> Ru-AHO inner,inner+outer,inner,All Ru-AHK,Mixed transfer,1,62,ru_aho_inner__00062,ru_aho_inner_00062,1.56906465,1.84440958
SPOC_official_like,DecisionTreeRegressor,all_ru_ahk_to_ru_aho_inner,All Ru-AHK (inner + outer) -> Ru-AHO inner,inner+outer,inner,All Ru-AHK,Mixed transfer,1,64,ru_aho_inner__00064,ru_aho_inner_00064,1.53168147,1.53168147
SPOC_official_like,DecisionTreeRegressor,all_ru_ahk_to_ru_aho_inner,All Ru-AHK (inner + outer) -> Ru-AHO inner,inner+outer,inner,All Ru-AHK,Mixed transfer,1,73,ru_aho_inner__00073,ru_aho_inner_00073,1.39055932,1.40708549
SPOC_official_like,DecisionTreeRegressor,all_ru_ahk_to_ru_aho_inner,All Ru-AHK (inner + outer) -> Ru-AHO inner,inner+outer,inner,All Ru-AHK,Mixed transfer,1,75,ru_aho_inner__00075,ru_aho_inner_00075,1.36999511,1.35390456
SPOC_official_like,DecisionTreeRegressor,all_ru_ahk_to_ru_aho_inner,All Ru-AHK (inner + outer) -> Ru-AHO inner,inner+outer,inner,All Ru-AHK,Mixed transfer,1,81,ru_aho_inner__00081,ru_aho_inner_00081,1.00421655,0.99242206
SPOC_official_like,DecisionTreeRegressor,all_ru_ahk_to_ru_aho_inner,All Ru-AHK (inner + outer) -> Ru-AHO inner,inner+outer,inner,All Ru-AHK,Mixed transfer,1,83,ru_aho_inner__00083,ru_aho_inner_00083,0.83956097,0.0
SPOC_official_like,DecisionTreeRegressor,all_ru_ahk_to_ru_aho_inner,All Ru-AHK (inner + outer) -> Ru-AHO inner,inner+outer,inner,All Ru-AHK,Mixed transfer,1,90,ru_aho_inner__00090,ru_aho_inner_00090,0.19433377,0.04819171
SPOC_official_like,DecisionTreeRegressor,all_ru_ahk_to_ru_aho_inner,All Ru-AHK (inner + outer) -> Ru-AHO inner,inner+outer,inner,All Ru-AHK,Mixed transfer,1,94,ru_aho_inner__00094,ru_aho_inner_00094,0.04739647,0.80254597
SPOC_official_like,DecisionTreeRegressor,all_ru_ahk_to_ru_aho_inner,All Ru-AHK (inner + outer) -> Ru-AHO inner,inner+outer,inner,All Ru-AHK,Delta learning,1,0,ru_aho_inner__00000,ru_aho_inner_00000,4.50050002,2.47786275
SPOC_official_like,DecisionTreeRegressor,all_ru_ahk_to_ru_aho_inner,All Ru-AHK (inner + outer) -> Ru-AHO inner,inner+outer,inner,All Ru-AHK,Delta learning,1,4,ru_aho_inner__00004,ru_aho_inner_00004,3.13437597,2.025013760926527
SPOC_official_like,DecisionTreeRegressor,all_ru_ahk_to_ru_aho_inner,All Ru-AHK (inner + outer) -> Ru-AHO inner,inner+outer,inner,All Ru-AHK,Delta learning,1,10,ru_aho_inner__00010,ru_aho_inner_00010,2.89279432,2.81808334
SPOC_official_like,DecisionTreeRegressor,all_ru_ahk_to_ru_aho_inner,All Ru-AHK (inner + outer) -> Ru-AHO inner,inner+outer,inner,All Ru-AHK,Delta learning,1,12,ru_aho_inner__00012,ru_aho_inner_00012,2.72095293,2.81808334
SPOC_official_like,DecisionTreeRegressor,all_ru_ahk_to_ru_aho_inner,All Ru-AHK (inner + outer) -> Ru-AHO inner,inner+outer,inner,All Ru-AHK,Delta learning,1,18,ru_aho_inner__00018,ru_aho_inner_00018,2.72095293,2.47786275
SPOC_official_like,DecisionTreeRegressor,all_ru_ahk_to_ru_aho_inner,All Ru-AHK (inner + outer) -> Ru-AHO inner,inner+outer,inner,All Ru-AHK,Delta learning,1,22,ru_aho_inner__00022,ru_aho_inner_00022,2.63729647,2.30450133
SPOC_official_like,DecisionTreeRegressor,all_ru_ahk_to_ru_aho_inner,All Ru-AHK (inner + outer) -> Ru-AHO inner,inner+outer,inner,All Ru-AHK,Delta learning,1,26,ru_aho_inner__00026,ru_aho_inner_00026,2.49268506,2.11117069
SPOC_official_like,DecisionTreeRegressor,all_ru_ahk_to_ru_aho_inner,All Ru-AHK (inner + outer) -> Ru-AHO inner,inner+outer,inner,All Ru-AHK,Delta learning,1,31,ru_aho_inner__00031,ru_aho_inner_00031,2.30450133,1.80901573
SPOC_official_like,DecisionTreeRegressor,all_ru_ahk_to_ru_aho_inner,All Ru-AHK (inner + outer) -> Ru-AHO inner,inner+outer,inner,All Ru-AHK,Delta learning,1,40,ru_aho_inner__00040,ru_aho_inner_00040,2.13954868,2.01889808
SPOC_official_like,DecisionTreeRegressor,all_ru_ahk_to_ru_aho_inner,All Ru-AHK (inner + outer) -> Ru-AHO inner,inner+outer,inner,All Ru-AHK,Delta learning,1,42,ru_aho_inner__00042,ru_aho_inner_00042,2.12255274,2.28957767
SPOC_official_like,DecisionTreeRegressor,all_ru_ahk_to_ru_aho_inner,All Ru-AHK (inner + outer) -> Ru-AHO inner,inner+outer,inner,All Ru-AHK,Delta learning,1,44,ru_aho_inner__00044,ru_aho_inner_00044,2.02174776,1.84440958
SPOC_official_like,DecisionTreeRegressor,all_ru_ahk_to_ru_aho_inner,All Ru-AHK (inner + outer) -> Ru-AHO inner,inner+outer,inner,All Ru-AHK,Delta learning,1,47,ru_aho_inner__00047,ru_aho_inner_00047,1.97754867,2.3138593875820543
SPOC_official_like,DecisionTreeRegressor,all_ru_ahk_to_ru_aho_inner,All Ru-AHK (inner + outer) -> Ru-AHO inner,inner+outer,inner,All Ru-AHK,Delta learning,1,62,ru_aho_inner__00062,ru_aho_inner_00062,1.56906465,1.84440958
SPOC_official_like,DecisionTreeRegressor,all_ru_ahk_to_ru_aho_inner,All Ru-AHK (inner + outer) -> Ru-AHO inner,inner+outer,inner,All Ru-AHK,Delta learning,1,64,ru_aho_inner__00064,ru_aho_inner_00064,1.53168147,1.53168147
SPOC_official_like,DecisionTreeRegressor,all_ru_ahk_to_ru_aho_inner,All Ru-AHK (inner + outer) -> Ru-AHO inner,inner+outer,inner,All Ru-AHK,Delta learning,1,73,ru_aho_inner__00073,ru_aho_inner_00073,1.39055932,1.40708549
SPOC_official_like,DecisionTreeRegressor,all_ru_ahk_to_ru_aho_inner,All Ru-AHK (inner + outer) -> Ru-AHO inner,inner+outer,inner,All Ru-AHK,Delta learning,1,75,ru_aho_inner__00075,ru_aho_inner_00075,1.36999511,1.35390456
SPOC_official_like,DecisionTreeRegressor,all_ru_ahk_to_ru_aho_inner,All Ru-AHK (inner + outer) -> Ru-AHO inner,inner+outer,inner,All Ru-AHK,Delta learning,1,81,ru_aho_inner__00081,ru_aho_inner_00081,1.00421655,0.99242206
SPOC_official_like,DecisionTreeRegressor,all_ru_ahk_to_ru_aho_inner,All Ru-AHK (inner + outer) -> Ru-AHO inner,inner+outer,inner,All Ru-AHK,Delta learning,1,83,ru_aho_inner__00083,ru_aho_inner_00083,0.83956097,0.80254597
SPOC_official_like,DecisionTreeRegressor,all_ru_ahk_to_ru_aho_inner,All Ru-AHK (inner + outer) -> Ru-AHO inner,inner+outer,inner,All Ru-AHK,Delta learning,1,90,ru_aho_inner__00090,ru_aho_inner_00090,0.19433377,0.04819171
SPOC_official_like,DecisionTreeRegressor,all_ru_ahk_to_ru_aho_inner,All Ru-AHK (inner + outer) -> Ru-AHO inner,inner+outer,inner,All Ru-AHK,Delta learning,1,94,ru_aho_inner__00094,ru_aho_inner_00094,0.04739647,0.80254597
SPOC_official_like,DecisionTreeRegressor,all_ru_ahk_to_ru_aho_inner,All Ru-AHK (inner + outer) -> Ru-AHO inner,inner+outer,inner,All Ru-AHK,Mixed transfer,2,5,ru_aho_inner__00005,ru_aho_inner_00005,3.13437597,3.13437597
SPOC_official_like,DecisionTreeRegressor,all_ru_ahk_to_ru_aho_inner,All Ru-AHK (inner + outer) -> Ru-AHO inner,inner+outer,inner,All Ru-AHK,Mixed transfer,2,9,ru_aho_inner__00009,ru_aho_inner_00009,3.13437597,4.50050002
SPOC_official_like,DecisionTreeRegressor,all_ru_ahk_to_ru_aho_inner,All Ru-AHK (inner + outer) -> Ru-AHO inner,inner+outer,inner,All Ru-AHK,Mixed transfer,2,11,ru_aho_inner__00011,ru_aho_inner_00011,2.81808334,2.00941149
SPOC_official_like,DecisionTreeRegressor,all_ru_ahk_to_ru_aho_inner,All Ru-AHK (inner + outer) -> Ru-AHO inner,inner+outer,inner,All Ru-AHK,Mixed transfer,2,15,ru_aho_inner__00015,ru_aho_inner_00015,2.72095293,0.3408938659125156
SPOC_official_like,DecisionTreeRegressor,all_ru_ahk_to_ru_aho_inner,All Ru-AHK (inner + outer) -> Ru-AHO inner,inner+outer,inner,All Ru-AHK,Mixed transfer,2,16,ru_aho_inner__00016,ru_aho_inner_00016,2.72095293,3.84937533
SPOC_official_like,DecisionTreeRegressor,all_ru_ahk_to_ru_aho_inner,All Ru-AHK (inner + outer) -> Ru-AHO inner,inner+outer,inner,All Ru-AHK,Mixed transfer,2,28,ru_aho_inner__00028,ru_aho_inner_00028,2.47786275,2.72095293
SPOC_official_like,DecisionTreeRegressor,all_ru_ahk_to_ru_aho_inner,All Ru-AHK (inner + outer) -> Ru-AHO inner,inner+outer,inner,All Ru-AHK,Mixed transfer,2,30,ru_aho_inner__00030,ru_aho_inner_00030,2.3515711,2.49823771
SPOC_official_like,DecisionTreeRegressor,all_ru_ahk_to_ru_aho_inner,All Ru-AHK (inner + outer) -> Ru-AHO inner,inner+outer,inner,All Ru-AHK,Mixed transfer,2,33,ru_aho_inner__00033,ru_aho_inner_00033,2.30450133,4.50050002
SPOC_official_like,DecisionTreeRegressor,all_ru_ahk_to_ru_aho_inner,All Ru-AHK (inner + outer) -> Ru-AHO inner,inner+outer,inner,All Ru-AHK,Mixed transfer,2,35,ru_aho_inner__00035,ru_aho_inner_00035,2.30450133,2.72095293
SPOC_official_like,DecisionTreeRegressor,all_ru_ahk_to_ru_aho_inner,All Ru-AHK (inner + outer) -> Ru-AHO inner,inner+outer,inner,All Ru-AHK,Mixed transfer,2,39,ru_aho_inner__00039,ru_aho_inner_00039,2.16934032,1.7152760962149785
SPOC_official_like,DecisionTreeRegressor,all_ru_ahk_to_ru_aho_inner,All Ru-AHK (inner + outer) -> Ru-AHO inner,inner+outer,inner,All Ru-AHK,Mixed transfer,2,45,ru_aho_inner__00045,ru_aho_inner_00045,2.01889808,1.84440958
SPOC_official_like,DecisionTreeRegressor,all_ru_ahk_to_ru_aho_inner,All Ru-AHK (inner + outer) -> Ru-AHO inner,inner+outer,inner,All Ru-AHK,Mixed transfer,2,49,ru_aho_inner__00049,ru_aho_inner_00049,1.9607788,2.0249932272145776
SPOC_official_like,DecisionTreeRegressor,all_ru_ahk_to_ru_aho_inner,All Ru-AHK (inner + outer) -> Ru-AHO inner,inner+outer,inner,All Ru-AHK,Mixed transfer,2,65,ru_aho_inner__00065,ru_aho_inner_00065,1.53168147,1.53168147
SPOC_official_like,DecisionTreeRegressor,all_ru_ahk_to_ru_aho_inner,All Ru-AHK (inner + outer) -> Ru-AHO inner,inner+outer,inner,All Ru-AHK,Mixed transfer,2,68,ru_aho_inner__00068,ru_aho_inner_00068,1.49260764,1.95650617
SPOC_official_like,DecisionTreeRegressor,all_ru_ahk_to_ru_aho_inner,All Ru-AHK (inner + outer) -> Ru-AHO inner,inner+outer,inner,All Ru-AHK,Mixed transfer,2,69,ru_aho_inner__00069,ru_aho_inner_00069,1.48763592,1.55570901842924
SPOC_official_like,DecisionTreeRegressor,all_ru_ahk_to_ru_aho_inner,All Ru-AHK (inner + outer) -> Ru-AHO inner,inner+outer,inner,All Ru-AHK,Mixed transfer,2,70,ru_aho_inner__00070,ru_aho_inner_00070,1.47570337,1.97754867
SPOC_official_like,DecisionTreeRegressor,all_ru_ahk_to_ru_aho_inner,All Ru-AHK (inner + outer) -> Ru-AHO inner,inner+outer,inner,All Ru-AHK,Mixed transfer,2,72,ru_aho_inner__00072,ru_aho_inner_00072,1.40708549,1.39055932
SPOC_official_like,DecisionTreeRegressor,all_ru_ahk_to_ru_aho_inner,All Ru-AHK (inner + outer) -> Ru-AHO inner,inner+outer,inner,All Ru-AHK,Mixed transfer,2,80,ru_aho_inner__00080,ru_aho_inner_00080,1.31904107,1.33471728
SPOC_official_like,DecisionTreeRegressor,all_ru_ahk_to_ru_aho_inner,All Ru-AHK (inner + outer) -> Ru-AHO inner,inner+outer,inner,All Ru-AHK,Mixed transfer,2,88,ru_aho_inner__00088,ru_aho_inner_00088,0.39647984,0.80438248
SPOC_official_like,DecisionTreeRegressor,all_ru_ahk_to_ru_aho_inner,All Ru-AHK (inner + outer) -> Ru-AHO inner,inner+outer,inner,All Ru-AHK,Mixed transfer,2,93,ru_aho_inner__00093,ru_aho_inner_00093,0.04819171,0.19433377
SPOC_official_like,DecisionTreeRegressor,all_ru_ahk_to_ru_aho_inner,All Ru-AHK (inner + outer) -> Ru-AHO inner,inner+outer,inner,All Ru-AHK,Delta learning,2,5,ru_aho_inner__00005,ru_aho_inner_00005,3.13437597,3.13437597
SPOC_official_like,DecisionTreeRegressor,all_ru_ahk_to_ru_aho_inner,All Ru-AHK (inner + outer) -> Ru-AHO inner,inner+outer,inner,All Ru-AHK,Delta learning,2,9,ru_aho_inner__00009,ru_aho_inner_00009,3.13437597,4.141602212300593
SPOC_official_like,DecisionTreeRegressor,all_ru_ahk_to_ru_aho_inner,All Ru-AHK (inner + outer) -> Ru-AHO inner,inner+outer,inner,All Ru-AHK,Delta learning,2,11,ru_aho_inner__00011,ru_aho_inner_00011,2.81808334,2.89279432
SPOC_official_like,DecisionTreeRegressor,all_ru_ahk_to_ru_aho_inner,All Ru-AHK (inner + outer) -> Ru-AHO inner,inner+outer,inner,All Ru-AHK,Delta learning,2,15,ru_aho_inner__00015,ru_aho_inner_00015,2.72095293,1.80901573
SPOC_official_like,DecisionTreeRegressor,all_ru_ahk_to_ru_aho_inner,All Ru-AHK (inner + outer) -> Ru-AHO inner,inner+outer,inner,All Ru-AHK,Delta learning,2,16,ru_aho_inner__00016,ru_aho_inner_00016,2.72095293,3.8303151390734733
SPOC_official_like,DecisionTreeRegressor,all_ru_ahk_to_ru_aho_inner,All Ru-AHK (inner + outer) -> Ru-AHO inner,inner+outer,inner,All Ru-AHK,Delta learning,2,28,ru_aho_inner__00028,ru_aho_inner_00028,2.47786275,2.72095293
SPOC_official_like,DecisionTreeRegressor,all_ru_ahk_to_ru_aho_inner,All Ru-AHK (inner + outer) -> Ru-AHO inner,inner+outer,inner,All Ru-AHK,Delta learning,2,30,ru_aho_inner__00030,ru_aho_inner_00030,2.3515711,2.30450133
SPOC_official_like,DecisionTreeRegressor,all_ru_ahk_to_ru_aho_inner,All Ru-AHK (inner + outer) -> Ru-AHO inner,inner+outer,inner,All Ru-AHK,Delta learning,2,33,ru_aho_inner__00033,ru_aho_inner_00033,2.30450133,2.8056893177794393
SPOC_official_like,DecisionTreeRegressor,all_ru_ahk_to_ru_aho_inner,All Ru-AHK (inner + outer) -> Ru-AHO inner,inner+outer,inner,All Ru-AHK,Delta learning,2,35,ru_aho_inner__00035,ru_aho_inner_00035,2.30450133,2.30450133
SPOC_official_like,DecisionTreeRegressor,all_ru_ahk_to_ru_aho_inner,All Ru-AHK (inner + outer) -> Ru-AHO inner,inner+outer,inner,All Ru-AHK,Delta learning,2,39,ru_aho_inner__00039,ru_aho_inner_00039,2.16934032,1.633400209955942
SPOC_official_like,DecisionTreeRegressor,all_ru_ahk_to_ru_aho_inner,All Ru-AHK (inner + outer) -> Ru-AHO inner,inner+outer,inner,All Ru-AHK,Delta learning,2,45,ru_aho_inner__00045,ru_aho_inner_00045,2.01889808,2.13954868
SPOC_official_like,DecisionTreeRegressor,all_ru_ahk_to_ru_aho_inner,All Ru-AHK (inner + outer) -> Ru-AHO inner,inner+outer,inner,All Ru-AHK,Delta learning,2,49,ru_aho_inner__00049,ru_aho_inner_00049,1.9607788,-0.05809905734867549
SPOC_official_like,DecisionTreeRegressor,all_ru_ahk_to_ru_aho_inner,All Ru-AHK (inner + outer) -> Ru-AHO inner,inner+outer,inner,All Ru-AHK,Delta learning,2,65,ru_aho_inner__00065,ru_aho_inner_00065,1.53168147,1.53168147
SPOC_official_like,DecisionTreeRegressor,all_ru_ahk_to_ru_aho_inner,All Ru-AHK (inner + outer) -> Ru-AHO inner,inner+outer,inner,All Ru-AHK,Delta learning,2,68,ru_aho_inner__00068,ru_aho_inner_00068,1.49260764,1.95650617
SPOC_official_like,DecisionTreeRegressor,all_ru_ahk_to_ru_aho_inner,All Ru-AHK (inner + outer) -> Ru-AHO inner,inner+outer,inner,All Ru-AHK,Delta learning,2,69,ru_aho_inner__00069,ru_aho_inner_00069,1.48763592,1.80901573
SPOC_official_like,DecisionTreeRegressor,all_ru_ahk_to_ru_aho_inner,All Ru-AHK (inner + outer) -> Ru-AHO inner,inner+outer,inner,All Ru-AHK,Delta learning,2,70,ru_aho_inner__00070,ru_aho_inner_00070,1.47570337,1.1393926524179456
SPOC_official_like,DecisionTreeRegressor,all_ru_ahk_to_ru_aho_inner,All Ru-AHK (inner + outer) -> Ru-AHO inner,inner+outer,inner,All Ru-AHK,Delta learning,2,72,ru_aho_inner__00072,ru_aho_inner_00072,1.40708549,1.39055932
SPOC_official_like,DecisionTreeRegressor,all_ru_ahk_to_ru_aho_inner,All Ru-AHK (inner + outer) -> Ru-AHO inner,inner+outer,inner,All Ru-AHK,Delta learning,2,80,ru_aho_inner__00080,ru_aho_inner_00080,1.31904107,1.33471728
SPOC_official_like,DecisionTreeRegressor,all_ru_ahk_to_ru_aho_inner,All Ru-AHK (inner + outer) -> Ru-AHO inner,inner+outer,inner,All Ru-AHK,Delta learning,2,88,ru_aho_inner__00088,ru_aho_inner_00088,0.39647984,1.1040976069713855
SPOC_official_like,DecisionTreeRegressor,all_ru_ahk_to_ru_aho_inner,All Ru-AHK (inner + outer) -> Ru-AHO inner,inner+outer,inner,All Ru-AHK,Delta learning,2,93,ru_aho_inner__00093,ru_aho_inner_00093,0.04819171,0.19433377000000007
SPOC_official_like,DecisionTreeRegressor,all_ru_ahk_to_ru_aho_inner,All Ru-AHK (inner + outer) -> Ru-AHO inner,inner+outer,inner,All Ru-AHK,Mixed transfer,3,3,ru_aho_inner__00003,ru_aho_inner_00003,3.67873076,1.6860201505179804
SPOC_official_like,DecisionTreeRegressor,all_ru_ahk_to_ru_aho_inner,All Ru-AHK (inner + outer) -> Ru-AHO inner,inner+outer,inner,All Ru-AHK,Mixed transfer,3,6,ru_aho_inner__00006,ru_aho_inner_00006,3.13437597,3.13437597
SPOC_official_like,DecisionTreeRegressor,all_ru_ahk_to_ru_aho_inner,All Ru-AHK (inner + outer) -> Ru-AHO inner,inner+outer,inner,All Ru-AHK,Mixed transfer,3,7,ru_aho_inner__00007,ru_aho_inner_00007,3.13437597,3.13437597
SPOC_official_like,DecisionTreeRegressor,all_ru_ahk_to_ru_aho_inner,All Ru-AHK (inner + outer) -> Ru-AHO inner,inner+outer,inner,All Ru-AHK,Mixed transfer,3,8,ru_aho_inner__00008,ru_aho_inner_00008,3.13437597,3.13437597
SPOC_official_like,DecisionTreeRegressor,all_ru_ahk_to_ru_aho_inner,All Ru-AHK (inner + outer) -> Ru-AHO inner,inner+outer,inner,All Ru-AHK,Mixed transfer,3,13,ru_aho_inner__00013,ru_aho_inner_00013,2.72095293,2.72095293
SPOC_official_like,DecisionTreeRegressor,all_ru_ahk_to_ru_aho_inner,All Ru-AHK (inner + outer) -> Ru-AHO inner,inner+outer,inner,All Ru-AHK,Mixed transfer,3,17,ru_aho_inner__00017,ru_aho_inner_00017,2.72095293,2.47786275
SPOC_official_like,DecisionTreeRegressor,all_ru_ahk_to_ru_aho_inner,All Ru-AHK (inner + outer) -> Ru-AHO inner,inner+outer,inner,All Ru-AHK,Mixed transfer,3,19,ru_aho_inner__00019,ru_aho_inner_00019,2.72095293,2.72095293
SPOC_official_like,DecisionTreeRegressor,all_ru_ahk_to_ru_aho_inner,All Ru-AHK (inner + outer) -> Ru-AHO inner,inner+outer,inner,All Ru-AHK,Mixed transfer,3,24,ru_aho_inner__00024,ru_aho_inner_00024,2.49823771,2.30450133
SPOC_official_like,DecisionTreeRegressor,all_ru_ahk_to_ru_aho_inner,All Ru-AHK (inner + outer) -> Ru-AHO inner,inner+outer,inner,All Ru-AHK,Mixed transfer,3,25,ru_aho_inner__00025,ru_aho_inner_00025,2.49823771,2.61179564
SPOC_official_like,DecisionTreeRegressor,all_ru_ahk_to_ru_aho_inner,All Ru-AHK (inner + outer) -> Ru-AHO inner,inner+outer,inner,All Ru-AHK,Mixed transfer,3,27,ru_aho_inner__00027,ru_aho_inner_00027,2.47786275,4.50050002
SPOC_official_like,DecisionTreeRegressor,all_ru_ahk_to_ru_aho_inner,All Ru-AHK (inner + outer) -> Ru-AHO inner,inner+outer,inner,All Ru-AHK,Mixed transfer,3,34,ru_aho_inner__00034,ru_aho_inner_00034,2.30450133,2.47786275
SPOC_official_like,DecisionTreeRegressor,all_ru_ahk_to_ru_aho_inner,All Ru-AHK (inner + outer) -> Ru-AHO inner,inner+outer,inner,All Ru-AHK,Mixed transfer,3,36,ru_aho_inner__00036,ru_aho_inner_00036,2.28957767,2.12255274
SPOC_official_like,DecisionTreeRegressor,all_ru_ahk_to_ru_aho_inner,All Ru-AHK (inner + outer) -> Ru-AHO inner,inner+outer,inner,All Ru-AHK,Mixed transfer,3,38,ru_aho_inner__00038,ru_aho_inner_00038,2.20688949,2.26077037
SPOC_official_like,DecisionTreeRegressor,all_ru_ahk_to_ru_aho_inner,All Ru-AHK (inner + outer) -> Ru-AHO inner,inner+outer,inner,All Ru-AHK,Mixed transfer,3,53,ru_aho_inner__00053,ru_aho_inner_00053,1.84440958,2.01889808
SPOC_official_like,DecisionTreeRegressor,all_ru_ahk_to_ru_aho_inner,All Ru-AHK (inner + outer) -> Ru-AHO inner,inner+outer,inner,All Ru-AHK,Mixed transfer,3,55,ru_aho_inner__00055,ru_aho_inner_00055,1.80901573,0.5595780896247481
SPOC_official_like,DecisionTreeRegressor,all_ru_ahk_to_ru_aho_inner,All Ru-AHK (inner + outer) -> Ru-AHO inner,inner+outer,inner,All Ru-AHK,Mixed transfer,3,56,ru_aho_inner__00056,ru_aho_inner_00056,1.73731552,2.61179564
SPOC_official_like,DecisionTreeRegressor,all_ru_ahk_to_ru_aho_inner,All Ru-AHK (inner + outer) -> Ru-AHO inner,inner+outer,inner,All Ru-AHK,Mixed transfer,3,76,ru_aho_inner__00076,ru_aho_inner_00076,1.36999511,0.0
SPOC_official_like,DecisionTreeRegressor,all_ru_ahk_to_ru_aho_inner,All Ru-AHK (inner + outer) -> Ru-AHO inner,inner+outer,inner,All Ru-AHK,Mixed transfer,3,78,ru_aho_inner__00078,ru_aho_inner_00078,1.35390456,1.36999511
SPOC_official_like,DecisionTreeRegressor,all_ru_ahk_to_ru_aho_inner,All Ru-AHK (inner + outer) -> Ru-AHO inner,inner+outer,inner,All Ru-AHK,Mixed transfer,3,79,ru_aho_inner__00079,ru_aho_inner_00079,1.33471728,1.31904107
SPOC_official_like,DecisionTreeRegressor,all_ru_ahk_to_ru_aho_inner,All Ru-AHK (inner + outer) -> Ru-AHO inner,inner+outer,inner,All Ru-AHK,Mixed transfer,3,85,ru_aho_inner__00085,ru_aho_inner_00085,0.80254597,0.0
SPOC_official_like,DecisionTreeRegressor,all_ru_ahk_to_ru_aho_inner,All Ru-AHK (inner + outer) -> Ru-AHO inner,inner+outer,inner,All Ru-AHK,Delta learning,3,3,ru_aho_inner__00003,ru_aho_inner_00003,3.67873076,2.72095293
SPOC_official_like,DecisionTreeRegressor,all_ru_ahk_to_ru_aho_inner,All Ru-AHK (inner + outer) -> Ru-AHO inner,inner+outer,inner,All Ru-AHK,Delta learning,3,6,ru_aho_inner__00006,ru_aho_inner_00006,3.13437597,3.13437597
SPOC_official_like,DecisionTreeRegressor,all_ru_ahk_to_ru_aho_inner,All Ru-AHK (inner + outer) -> Ru-AHO inner,inner+outer,inner,All Ru-AHK,Delta learning,3,7,ru_aho_inner__00007,ru_aho_inner_00007,3.13437597,3.13437597
SPOC_official_like,DecisionTreeRegressor,all_ru_ahk_to_ru_aho_inner,All Ru-AHK (inner + outer) -> Ru-AHO inner,inner+outer,inner,All Ru-AHK,Delta learning,3,8,ru_aho_inner__00008,ru_aho_inner_00008,3.13437597,3.13437597
SPOC_official_like,DecisionTreeRegressor,all_ru_ahk_to_ru_aho_inner,All Ru-AHK (inner + outer) -> Ru-AHO inner,inner+outer,inner,All Ru-AHK,Delta learning,3,13,ru_aho_inner__00013,ru_aho_inner_00013,2.72095293,2.72095293
SPOC_official_like,DecisionTreeRegressor,all_ru_ahk_to_ru_aho_inner,All Ru-AHK (inner + outer) -> Ru-AHO inner,inner+outer,inner,All Ru-AHK,Delta learning,3,17,ru_aho_inner__00017,ru_aho_inner_00017,2.72095293,2.72095293
SPOC_official_like,DecisionTreeRegressor,all_ru_ahk_to_ru_aho_inner,All Ru-AHK (inner + outer) -> Ru-AHO inner,inner+outer,inner,All Ru-AHK,Delta learning,3,19,ru_aho_inner__00019,ru_aho_inner_00019,2.72095293,2.72095293
SPOC_official_like,DecisionTreeRegressor,all_ru_ahk_to_ru_aho_inner,All Ru-AHK (inner + outer) -> Ru-AHO inner,inner+outer,inner,All Ru-AHK,Delta learning,3,24,ru_aho_inner__00024,ru_aho_inner_00024,2.49823771,2.3515711
SPOC_official_like,DecisionTreeRegressor,all_ru_ahk_to_ru_aho_inner,All Ru-AHK (inner + outer) -> Ru-AHO inner,inner+outer,inner,All Ru-AHK,Delta learning,3,25,ru_aho_inner__00025,ru_aho_inner_00025,2.49823771,2.6917632
SPOC_official_like,DecisionTreeRegressor,all_ru_ahk_to_ru_aho_inner,All Ru-AHK (inner + outer) -> Ru-AHO inner,inner+outer,inner,All Ru-AHK,Delta learning,3,27,ru_aho_inner__00027,ru_aho_inner_00027,2.47786275,3.99931203222056
SPOC_official_like,DecisionTreeRegressor,all_ru_ahk_to_ru_aho_inner,All Ru-AHK (inner + outer) -> Ru-AHO inner,inner+outer,inner,All Ru-AHK,Delta learning,3,34,ru_aho_inner__00034,ru_aho_inner_00034,2.30450133,2.72095293
SPOC_official_like,DecisionTreeRegressor,all_ru_ahk_to_ru_aho_inner,All Ru-AHK (inner + outer) -> Ru-AHO inner,inner+outer,inner,All Ru-AHK,Delta learning,3,36,ru_aho_inner__00036,ru_aho_inner_00036,2.28957767,2.12255274
SPOC_official_like,DecisionTreeRegressor,all_ru_ahk_to_ru_aho_inner,All Ru-AHK (inner + outer) -> Ru-AHO inner,inner+outer,inner,All Ru-AHK,Delta learning,3,38,ru_aho_inner__00038,ru_aho_inner_00038,2.20688949,2.28220095436446
SPOC_official_like,DecisionTreeRegressor,all_ru_ahk_to_ru_aho_inner,All Ru-AHK (inner + outer) -> Ru-AHO inner,inner+outer,inner,All Ru-AHK,Delta learning,3,53,ru_aho_inner__00053,ru_aho_inner_00053,1.84440958,1.56906465
SPOC_official_like,DecisionTreeRegressor,all_ru_ahk_to_ru_aho_inner,All Ru-AHK (inner + outer) -> Ru-AHO inner,inner+outer,inner,All Ru-AHK,Delta learning,3,55,ru_aho_inner__00055,ru_aho_inner_00055,1.80901573,2.72095293
SPOC_official_like,DecisionTreeRegressor,all_ru_ahk_to_ru_aho_inner,All Ru-AHK (inner + outer) -> Ru-AHO inner,inner+outer,inner,All Ru-AHK,Delta learning,3,56,ru_aho_inner__00056,ru_aho_inner_00056,1.73731552,2.61179564
SPOC_official_like,DecisionTreeRegressor,all_ru_ahk_to_ru_aho_inner,All Ru-AHK (inner + outer) -> Ru-AHO inner,inner+outer,inner,All Ru-AHK,Delta learning,3,76,ru_aho_inner__00076,ru_aho_inner_00076,1.36999511,0.047396470000000024
SPOC_official_like,DecisionTreeRegressor,all_ru_ahk_to_ru_aho_inner,All Ru-AHK (inner + outer) -> Ru-AHO inner,inner+outer,inner,All Ru-AHK,Delta learning,3,78,ru_aho_inner__00078,ru_aho_inner_00078,1.35390456,1.36999511
SPOC_official_like,DecisionTreeRegressor,all_ru_ahk_to_ru_aho_inner,All Ru-AHK (inner + outer) -> Ru-AHO inner,inner+outer,inner,All Ru-AHK,Delta learning,3,79,ru_aho_inner__00079,ru_aho_inner_00079,1.33471728,1.31904107
SPOC_official_like,DecisionTreeRegressor,all_ru_ahk_to_ru_aho_inner,All Ru-AHK (inner + outer) -> Ru-AHO inner,inner+outer,inner,All Ru-AHK,Delta learning,3,85,ru_aho_inner__00085,ru_aho_inner_00085,0.80254597,0.047396470000000024
SPOC_official_like,DecisionTreeRegressor,all_ru_ahk_to_ru_aho_inner,All Ru-AHK (inner + outer) -> Ru-AHO inner,inner+outer,inner,All Ru-AHK,Mixed transfer,4,32,ru_aho_inner__00032,ru_aho_inner_00032,2.30450133,2.49823771
SPOC_official_like,DecisionTreeRegressor,all_ru_ahk_to_ru_aho_inner,All Ru-AHK (inner + outer) -> Ru-AHO inner,inner+outer,inner,All Ru-AHK,Mixed transfer,4,41,ru_aho_inner__00041,ru_aho_inner_00041,2.13444943,2.3290414880124968
SPOC_official_like,DecisionTreeRegressor,all_ru_ahk_to_ru_aho_inner,All Ru-AHK (inner + outer) -> Ru-AHO inner,inner+outer,inner,All Ru-AHK,Mixed transfer,4,43,ru_aho_inner__00043,ru_aho_inner_00043,2.11117069,1.49260764
SPOC_official_like,DecisionTreeRegressor,all_ru_ahk_to_ru_aho_inner,All Ru-AHK (inner + outer) -> Ru-AHO inner,inner+outer,inner,All Ru-AHK,Mixed transfer,4,46,ru_aho_inner__00046,ru_aho_inner_00046,2.00941149,1.62929332
SPOC_official_like,DecisionTreeRegressor,all_ru_ahk_to_ru_aho_inner,All Ru-AHK (inner + outer) -> Ru-AHO inner,inner+outer,inner,All Ru-AHK,Mixed transfer,4,48,ru_aho_inner__00048,ru_aho_inner_00048,1.96551622,1.94448624
SPOC_official_like,DecisionTreeRegressor,all_ru_ahk_to_ru_aho_inner,All Ru-AHK (inner + outer) -> Ru-AHO inner,inner+outer,inner,All Ru-AHK,Mixed transfer,4,50,ru_aho_inner__00050,ru_aho_inner_00050,1.95650617,1.49260764
SPOC_official_like,DecisionTreeRegressor,all_ru_ahk_to_ru_aho_inner,All Ru-AHK (inner + outer) -> Ru-AHO inner,inner+outer,inner,All Ru-AHK,Mixed transfer,4,54,ru_aho_inner__00054,ru_aho_inner_00054,1.80901573,2.30450133
SPOC_official_like,DecisionTreeRegressor,all_ru_ahk_to_ru_aho_inner,All Ru-AHK (inner + outer) -> Ru-AHO inner,inner+outer,inner,All Ru-AHK,Mixed transfer,4,57,ru_aho_inner__00057,ru_aho_inner_00057,1.68395754,1.9651380437606216
SPOC_official_like,DecisionTreeRegressor,all_ru_ahk_to_ru_aho_inner,All Ru-AHK (inner + outer) -> Ru-AHO inner,inner+outer,inner,All Ru-AHK,Mixed transfer,4,58,ru_aho_inner__00058,ru_aho_inner_00058,1.66417952,1.47016368
SPOC_official_like,DecisionTreeRegressor,all_ru_ahk_to_ru_aho_inner,All Ru-AHK (inner + outer) -> Ru-AHO inner,inner+outer,inner,All Ru-AHK,Mixed transfer,4,59,ru_aho_inner__00059,ru_aho_inner_00059,1.62929332,1.88185187
SPOC_official_like,DecisionTreeRegressor,all_ru_ahk_to_ru_aho_inner,All Ru-AHK (inner + outer) -> Ru-AHO inner,inner+outer,inner,All Ru-AHK,Mixed transfer,4,61,ru_aho_inner__00061,ru_aho_inner_00061,1.57873877,1.53168147
SPOC_official_like,DecisionTreeRegressor,all_ru_ahk_to_ru_aho_inner,All Ru-AHK (inner + outer) -> Ru-AHO inner,inner+outer,inner,All Ru-AHK,Mixed transfer,4,63,ru_aho_inner__00063,ru_aho_inner_00063,1.56019653,1.53168147
SPOC_official_like,DecisionTreeRegressor,all_ru_ahk_to_ru_aho_inner,All Ru-AHK (inner + outer) -> Ru-AHO inner,inner+outer,inner,All Ru-AHK,Mixed transfer,4,66,ru_aho_inner__00066,ru_aho_inner_00066,1.51369193,1.53168147
SPOC_official_like,DecisionTreeRegressor,all_ru_ahk_to_ru_aho_inner,All Ru-AHK (inner + outer) -> Ru-AHO inner,inner+outer,inner,All Ru-AHK,Mixed transfer,4,67,ru_aho_inner__00067,ru_aho_inner_00067,1.51369193,1.53168147
SPOC_official_like,DecisionTreeRegressor,all_ru_ahk_to_ru_aho_inner,All Ru-AHK (inner + outer) -> Ru-AHO inner,inner+outer,inner,All Ru-AHK,Mixed transfer,4,77,ru_aho_inner__00077,ru_aho_inner_00077,1.36283425,1.38325909
SPOC_official_like,DecisionTreeRegressor,all_ru_ahk_to_ru_aho_inner,All Ru-AHK (inner + outer) -> Ru-AHO inner,inner+outer,inner,All Ru-AHK,Mixed transfer,4,84,ru_aho_inner__00084,ru_aho_inner_00084,0.80438248,1.3707909370174791
SPOC_official_like,DecisionTreeRegressor,all_ru_ahk_to_ru_aho_inner,All Ru-AHK (inner + outer) -> Ru-AHO inner,inner+outer,inner,All Ru-AHK,Mixed transfer,4,95,ru_aho_inner__00095,ru_aho_inner_00095,0.0120419,0.12126274
SPOC_official_like,DecisionTreeRegressor,all_ru_ahk_to_ru_aho_inner,All Ru-AHK (inner + outer) -> Ru-AHO inner,inner+outer,inner,All Ru-AHK,Mixed transfer,4,96,ru_aho_inner__00096,ru_aho_inner_00096,0.0,0.83956097
SPOC_official_like,DecisionTreeRegressor,all_ru_ahk_to_ru_aho_inner,All Ru-AHK (inner + outer) -> Ru-AHO inner,inner+outer,inner,All Ru-AHK,Mixed transfer,4,97,ru_aho_inner__00097,ru_aho_inner_00097,0.0,0.80254597
SPOC_official_like,DecisionTreeRegressor,all_ru_ahk_to_ru_aho_inner,All Ru-AHK (inner + outer) -> Ru-AHO inner,inner+outer,inner,All Ru-AHK,Delta learning,4,32,ru_aho_inner__00032,ru_aho_inner_00032,2.30450133,2.3515711
SPOC_official_like,DecisionTreeRegressor,all_ru_ahk_to_ru_aho_inner,All Ru-AHK (inner + outer) -> Ru-AHO inner,inner+outer,inner,All Ru-AHK,Delta learning,4,41,ru_aho_inner__00041,ru_aho_inner_00041,2.13444943,1.97754867
SPOC_official_like,DecisionTreeRegressor,all_ru_ahk_to_ru_aho_inner,All Ru-AHK (inner + outer) -> Ru-AHO inner,inner+outer,inner,All Ru-AHK,Delta learning,4,43,ru_aho_inner__00043,ru_aho_inner_00043,2.11117069,1.49260764
SPOC_official_like,DecisionTreeRegressor,all_ru_ahk_to_ru_aho_inner,All Ru-AHK (inner + outer) -> Ru-AHO inner,inner+outer,inner,All Ru-AHK,Delta learning,4,46,ru_aho_inner__00046,ru_aho_inner_00046,2.00941149,1.62929332
SPOC_official_like,DecisionTreeRegressor,all_ru_ahk_to_ru_aho_inner,All Ru-AHK (inner + outer) -> Ru-AHO inner,inner+outer,inner,All Ru-AHK,Delta learning,4,48,ru_aho_inner__00048,ru_aho_inner_00048,1.96551622,1.94448624
SPOC_official_like,DecisionTreeRegressor,all_ru_ahk_to_ru_aho_inner,All Ru-AHK (inner + outer) -> Ru-AHO inner,inner+outer,inner,All Ru-AHK,Delta learning,4,50,ru_aho_inner__00050,ru_aho_inner_00050,1.95650617,1.49260764
SPOC_official_like,DecisionTreeRegressor,all_ru_ahk_to_ru_aho_inner,All Ru-AHK (inner + outer) -> Ru-AHO inner,inner+outer,inner,All Ru-AHK,Delta learning,4,54,ru_aho_inner__00054,ru_aho_inner_00054,1.80901573,2.30450133
SPOC_official_like,DecisionTreeRegressor,all_ru_ahk_to_ru_aho_inner,All Ru-AHK (inner + outer) -> Ru-AHO inner,inner+outer,inner,All Ru-AHK,Delta learning,4,57,ru_aho_inner__00057,ru_aho_inner_00057,1.68395754,5.848043404279384
SPOC_official_like,DecisionTreeRegressor,all_ru_ahk_to_ru_aho_inner,All Ru-AHK (inner + outer) -> Ru-AHO inner,inner+outer,inner,All Ru-AHK,Delta learning,4,58,ru_aho_inner__00058,ru_aho_inner_00058,1.66417952,1.47016368
SPOC_official_like,DecisionTreeRegressor,all_ru_ahk_to_ru_aho_inner,All Ru-AHK (inner + outer) -> Ru-AHO inner,inner+outer,inner,All Ru-AHK,Delta learning,4,59,ru_aho_inner__00059,ru_aho_inner_00059,1.62929332,2.133347159873397
SPOC_official_like,DecisionTreeRegressor,all_ru_ahk_to_ru_aho_inner,All Ru-AHK (inner + outer) -> Ru-AHO inner,inner+outer,inner,All Ru-AHK,Delta learning,4,61,ru_aho_inner__00061,ru_aho_inner_00061,1.57873877,1.53168147
SPOC_official_like,DecisionTreeRegressor,all_ru_ahk_to_ru_aho_inner,All Ru-AHK (inner + outer) -> Ru-AHO inner,inner+outer,inner,All Ru-AHK,Delta learning,4,63,ru_aho_inner__00063,ru_aho_inner_00063,1.56019653,1.53168147
SPOC_official_like,DecisionTreeRegressor,all_ru_ahk_to_ru_aho_inner,All Ru-AHK (inner + outer) -> Ru-AHO inner,inner+outer,inner,All Ru-AHK,Delta learning,4,66,ru_aho_inner__00066,ru_aho_inner_00066,1.51369193,1.53168147
SPOC_official_like,DecisionTreeRegressor,all_ru_ahk_to_ru_aho_inner,All Ru-AHK (inner + outer) -> Ru-AHO inner,inner+outer,inner,All Ru-AHK,Delta learning,4,67,ru_aho_inner__00067,ru_aho_inner_00067,1.51369193,1.53168147
SPOC_official_like,DecisionTreeRegressor,all_ru_ahk_to_ru_aho_inner,All Ru-AHK (inner + outer) -> Ru-AHO inner,inner+outer,inner,All Ru-AHK,Delta learning,4,77,ru_aho_inner__00077,ru_aho_inner_00077,1.36283425,1.38325909
SPOC_official_like,DecisionTreeRegressor,all_ru_ahk_to_ru_aho_inner,All Ru-AHK (inner + outer) -> Ru-AHO inner,inner+outer,inner,All Ru-AHK,Delta learning,4,84,ru_aho_inner__00084,ru_aho_inner_00084,0.80438248,1.3302102362586319
SPOC_official_like,DecisionTreeRegressor,all_ru_ahk_to_ru_aho_inner,All Ru-AHK (inner + outer) -> Ru-AHO inner,inner+outer,inner,All Ru-AHK,Delta learning,4,95,ru_aho_inner__00095,ru_aho_inner_00095,0.0120419,4.472622495385511
SPOC_official_like,DecisionTreeRegressor,all_ru_ahk_to_ru_aho_inner,All Ru-AHK (inner + outer) -> Ru-AHO inner,inner+outer,inner,All Ru-AHK,Delta learning,4,96,ru_aho_inner__00096,ru_aho_inner_00096,0.0,0.83956097
SPOC_official_like,DecisionTreeRegressor,all_ru_ahk_to_ru_aho_inner,All Ru-AHK (inner + outer) -> Ru-AHO inner,inner+outer,inner,All Ru-AHK,Delta learning,4,97,ru_aho_inner__00097,ru_aho_inner_00097,0.0,0.80254597
SPOC_official_like,DecisionTreeRegressor,all_ru_ahk_to_ru_aho_inner,All Ru-AHK (inner + outer) -> Ru-AHO inner,inner+outer,inner,All Ru-AHK,Mixed transfer,5,1,ru_aho_inner__00001,ru_aho_inner_00001,4.50050002,2.72095293
SPOC_official_like,DecisionTreeRegressor,all_ru_ahk_to_ru_aho_inner,All Ru-AHK (inner + outer) -> Ru-AHO inner,inner+outer,inner,All Ru-AHK,Mixed transfer,5,2,ru_aho_inner__00002,ru_aho_inner_00002,3.84937533,2.72095293
SPOC_official_like,DecisionTreeRegressor,all_ru_ahk_to_ru_aho_inner,All Ru-AHK (inner + outer) -> Ru-AHO inner,inner+outer,inner,All Ru-AHK,Mixed transfer,5,14,ru_aho_inner__00014,ru_aho_inner_00014,2.72095293,2.30450133
SPOC_official_like,DecisionTreeRegressor,all_ru_ahk_to_ru_aho_inner,All Ru-AHK (inner + outer) -> Ru-AHO inner,inner+outer,inner,All Ru-AHK,Mixed transfer,5,20,ru_aho_inner__00020,ru_aho_inner_00020,2.72095293,2.72095293
SPOC_official_like,DecisionTreeRegressor,all_ru_ahk_to_ru_aho_inner,All Ru-AHK (inner + outer) -> Ru-AHO inner,inner+outer,inner,All Ru-AHK,Mixed transfer,5,21,ru_aho_inner__00021,ru_aho_inner_00021,2.6917632,2.72095293
SPOC_official_like,DecisionTreeRegressor,all_ru_ahk_to_ru_aho_inner,All Ru-AHK (inner + outer) -> Ru-AHO inner,inner+outer,inner,All Ru-AHK,Mixed transfer,5,23,ru_aho_inner__00023,ru_aho_inner_00023,2.61179564,2.12255274
SPOC_official_like,DecisionTreeRegressor,all_ru_ahk_to_ru_aho_inner,All Ru-AHK (inner + outer) -> Ru-AHO inner,inner+outer,inner,All Ru-AHK,Mixed transfer,5,29,ru_aho_inner__00029,ru_aho_inner_00029,2.47786275,2.30450133
SPOC_official_like,DecisionTreeRegressor,all_ru_ahk_to_ru_aho_inner,All Ru-AHK (inner + outer) -> Ru-AHO inner,inner+outer,inner,All Ru-AHK,Mixed transfer,5,37,ru_aho_inner__00037,ru_aho_inner_00037,2.26077037,2.20688949
SPOC_official_like,DecisionTreeRegressor,all_ru_ahk_to_ru_aho_inner,All Ru-AHK (inner + outer) -> Ru-AHO inner,inner+outer,inner,All Ru-AHK,Mixed transfer,5,51,ru_aho_inner__00051,ru_aho_inner_00051,1.94448624,1.7131604994965048
SPOC_official_like,DecisionTreeRegressor,all_ru_ahk_to_ru_aho_inner,All Ru-AHK (inner + outer) -> Ru-AHO inner,inner+outer,inner,All Ru-AHK,Mixed transfer,5,52,ru_aho_inner__00052,ru_aho_inner_00052,1.88185187,1.4265634459821002
SPOC_official_like,DecisionTreeRegressor,all_ru_ahk_to_ru_aho_inner,All Ru-AHK (inner + outer) -> Ru-AHO inner,inner+outer,inner,All Ru-AHK,Mixed transfer,5,60,ru_aho_inner__00060,ru_aho_inner_00060,1.62929332,2.00941149
SPOC_official_like,DecisionTreeRegressor,all_ru_ahk_to_ru_aho_inner,All Ru-AHK (inner + outer) -> Ru-AHO inner,inner+outer,inner,All Ru-AHK,Mixed transfer,5,71,ru_aho_inner__00071,ru_aho_inner_00071,1.47016368,1.0755296797009068
SPOC_official_like,DecisionTreeRegressor,all_ru_ahk_to_ru_aho_inner,All Ru-AHK (inner + outer) -> Ru-AHO inner,inner+outer,inner,All Ru-AHK,Mixed transfer,5,74,ru_aho_inner__00074,ru_aho_inner_00074,1.38325909,1.36283425
SPOC_official_like,DecisionTreeRegressor,all_ru_ahk_to_ru_aho_inner,All Ru-AHK (inner + outer) -> Ru-AHO inner,inner+outer,inner,All Ru-AHK,Mixed transfer,5,82,ru_aho_inner__00082,ru_aho_inner_00082,0.99242206,1.00421655
SPOC_official_like,DecisionTreeRegressor,all_ru_ahk_to_ru_aho_inner,All Ru-AHK (inner + outer) -> Ru-AHO inner,inner+outer,inner,All Ru-AHK,Mixed transfer,5,86,ru_aho_inner__00086,ru_aho_inner_00086,0.67501313,1.8216145520137397
SPOC_official_like,DecisionTreeRegressor,all_ru_ahk_to_ru_aho_inner,All Ru-AHK (inner + outer) -> Ru-AHO inner,inner+outer,inner,All Ru-AHK,Mixed transfer,5,87,ru_aho_inner__00087,ru_aho_inner_00087,0.56782018,0.803012171272733
SPOC_official_like,DecisionTreeRegressor,all_ru_ahk_to_ru_aho_inner,All Ru-AHK (inner + outer) -> Ru-AHO inner,inner+outer,inner,All Ru-AHK,Mixed transfer,5,89,ru_aho_inner__00089,ru_aho_inner_00089,0.33293116,2.4793021357091005
SPOC_official_like,DecisionTreeRegressor,all_ru_ahk_to_ru_aho_inner,All Ru-AHK (inner + outer) -> Ru-AHO inner,inner+outer,inner,All Ru-AHK,Mixed transfer,5,91,ru_aho_inner__00091,ru_aho_inner_00091,0.10866753,1.744532041911976
SPOC_official_like,DecisionTreeRegressor,all_ru_ahk_to_ru_aho_inner,All Ru-AHK (inner + outer) -> Ru-AHO inner,inner+outer,inner,All Ru-AHK,Mixed transfer,5,92,ru_aho_inner__00092,ru_aho_inner_00092,0.09139463,2.1299156761403486
SPOC_official_like,DecisionTreeRegressor,all_ru_ahk_to_ru_aho_inner,All Ru-AHK (inner + outer) -> Ru-AHO inner,inner+outer,inner,All Ru-AHK,Delta learning,5,1,ru_aho_inner__00001,ru_aho_inner_00001,4.50050002,3.4932737776994065
SPOC_official_like,DecisionTreeRegressor,all_ru_ahk_to_ru_aho_inner,All Ru-AHK (inner + outer) -> Ru-AHO inner,inner+outer,inner,All Ru-AHK,Delta learning,5,2,ru_aho_inner__00002,ru_aho_inner_00002,3.84937533,2.72095293
SPOC_official_like,DecisionTreeRegressor,all_ru_ahk_to_ru_aho_inner,All Ru-AHK (inner + outer) -> Ru-AHO inner,inner+outer,inner,All Ru-AHK,Delta learning,5,14,ru_aho_inner__00014,ru_aho_inner_00014,2.72095293,2.72095293
SPOC_official_like,DecisionTreeRegressor,all_ru_ahk_to_ru_aho_inner,All Ru-AHK (inner + outer) -> Ru-AHO inner,inner+outer,inner,All Ru-AHK,Delta learning,5,20,ru_aho_inner__00020,ru_aho_inner_00020,2.72095293,2.72095293
SPOC_official_like,DecisionTreeRegressor,all_ru_ahk_to_ru_aho_inner,All Ru-AHK (inner + outer) -> Ru-AHO inner,inner+outer,inner,All Ru-AHK,Delta learning,5,21,ru_aho_inner__00021,ru_aho_inner_00021,2.6917632,2.72095293
SPOC_official_like,DecisionTreeRegressor,all_ru_ahk_to_ru_aho_inner,All Ru-AHK (inner + outer) -> Ru-AHO inner,inner+outer,inner,All Ru-AHK,Delta learning,5,23,ru_aho_inner__00023,ru_aho_inner_00023,2.61179564,2.12255274
SPOC_official_like,DecisionTreeRegressor,all_ru_ahk_to_ru_aho_inner,All Ru-AHK (inner + outer) -> Ru-AHO inner,inner+outer,inner,All Ru-AHK,Delta learning,5,29,ru_aho_inner__00029,ru_aho_inner_00029,2.47786275,2.5156272405334548
SPOC_official_like,DecisionTreeRegressor,all_ru_ahk_to_ru_aho_inner,All Ru-AHK (inner + outer) -> Ru-AHO inner,inner+outer,inner,All Ru-AHK,Delta learning,5,37,ru_aho_inner__00037,ru_aho_inner_00037,2.26077037,2.7097707592154796
SPOC_official_like,DecisionTreeRegressor,all_ru_ahk_to_ru_aho_inner,All Ru-AHK (inner + outer) -> Ru-AHO inner,inner+outer,inner,All Ru-AHK,Delta learning,5,51,ru_aho_inner__00051,ru_aho_inner_00051,1.94448624,2.4696819530286147
SPOC_official_like,DecisionTreeRegressor,all_ru_ahk_to_ru_aho_inner,All Ru-AHK (inner + outer) -> Ru-AHO inner,inner+outer,inner,All Ru-AHK,Delta learning,5,52,ru_aho_inner__00052,ru_aho_inner_00052,1.88185187,-0.9747424925683917
SPOC_official_like,DecisionTreeRegressor,all_ru_ahk_to_ru_aho_inner,All Ru-AHK (inner + outer) -> Ru-AHO inner,inner+outer,inner,All Ru-AHK,Delta learning,5,60,ru_aho_inner__00060,ru_aho_inner_00060,1.62929332,2.00941149
SPOC_official_like,DecisionTreeRegressor,all_ru_ahk_to_ru_aho_inner,All Ru-AHK (inner + outer) -> Ru-AHO inner,inner+outer,inner,All Ru-AHK,Delta learning,5,71,ru_aho_inner__00071,ru_aho_inner_00071,1.47016368,1.66417952
SPOC_official_like,DecisionTreeRegressor,all_ru_ahk_to_ru_aho_inner,All Ru-AHK (inner + outer) -> Ru-AHO inner,inner+outer,inner,All Ru-AHK,Delta learning,5,74,ru_aho_inner__00074,ru_aho_inner_00074,1.38325909,1.36283425
SPOC_official_like,DecisionTreeRegressor,all_ru_ahk_to_ru_aho_inner,All Ru-AHK (inner + outer) -> Ru-AHO inner,inner+outer,inner,All Ru-AHK,Delta learning,5,82,ru_aho_inner__00082,ru_aho_inner_00082,0.99242206,1.00421655
SPOC_official_like,DecisionTreeRegressor,all_ru_ahk_to_ru_aho_inner,All Ru-AHK (inner + outer) -> Ru-AHO inner,inner+outer,inner,All Ru-AHK,Delta learning,5,86,ru_aho_inner__00086,ru_aho_inner_00086,0.67501313,1.9959845320012999
SPOC_official_like,DecisionTreeRegressor,all_ru_ahk_to_ru_aho_inner,All Ru-AHK (inner + outer) -> Ru-AHO inner,inner+outer,inner,All Ru-AHK,Delta learning,5,87,ru_aho_inner__00087,ru_aho_inner_00087,0.56782018,-0.2787579007429257
SPOC_official_like,DecisionTreeRegressor,all_ru_ahk_to_ru_aho_inner,All Ru-AHK (inner + outer) -> Ru-AHO inner,inner+outer,inner,All Ru-AHK,Delta learning,5,89,ru_aho_inner__00089,ru_aho_inner_00089,0.33293116,-0.49730294529882446
SPOC_official_like,DecisionTreeRegressor,all_ru_ahk_to_ru_aho_inner,All Ru-AHK (inner + outer) -> Ru-AHO inner,inner+outer,inner,All Ru-AHK,Delta learning,5,91,ru_aho_inner__00091,ru_aho_inner_00091,0.10866753,3.1957064466289067
SPOC_official_like,DecisionTreeRegressor,all_ru_ahk_to_ru_aho_inner,All Ru-AHK (inner + outer) -> Ru-AHO inner,inner+outer,inner,All Ru-AHK,Delta learning,5,92,ru_aho_inner__00092,ru_aho_inner_00092,0.09139463,-0.7477418235251485
SPOC_official_like,ExtraTreeRegressor,all_ru_ahk_to_ru_aho_inner,All Ru-AHK (inner + outer) -> Ru-AHO inner,inner+outer,inner,All Ru-AHK,Mixed transfer,1,0,ru_aho_inner__00000,ru_aho_inner_00000,4.50050002,2.47786275
SPOC_official_like,ExtraTreeRegressor,all_ru_ahk_to_ru_aho_inner,All Ru-AHK (inner + outer) -> Ru-AHO inner,inner+outer,inner,All Ru-AHK,Mixed transfer,1,4,ru_aho_inner__00004,ru_aho_inner_00004,3.13437597,2.81808334
SPOC_official_like,ExtraTreeRegressor,all_ru_ahk_to_ru_aho_inner,All Ru-AHK (inner + outer) -> Ru-AHO inner,inner+outer,inner,All Ru-AHK,Mixed transfer,1,10,ru_aho_inner__00010,ru_aho_inner_00010,2.89279432,2.81808334
SPOC_official_like,ExtraTreeRegressor,all_ru_ahk_to_ru_aho_inner,All Ru-AHK (inner + outer) -> Ru-AHO inner,inner+outer,inner,All Ru-AHK,Mixed transfer,1,12,ru_aho_inner__00012,ru_aho_inner_00012,2.72095293,2.81808334
SPOC_official_like,ExtraTreeRegressor,all_ru_ahk_to_ru_aho_inner,All Ru-AHK (inner + outer) -> Ru-AHO inner,inner+outer,inner,All Ru-AHK,Mixed transfer,1,18,ru_aho_inner__00018,ru_aho_inner_00018,2.72095293,2.47786275
SPOC_official_like,ExtraTreeRegressor,all_ru_ahk_to_ru_aho_inner,All Ru-AHK (inner + outer) -> Ru-AHO inner,inner+outer,inner,All Ru-AHK,Mixed transfer,1,22,ru_aho_inner__00022,ru_aho_inner_00022,2.63729647,2.30450133
SPOC_official_like,ExtraTreeRegressor,all_ru_ahk_to_ru_aho_inner,All Ru-AHK (inner + outer) -> Ru-AHO inner,inner+outer,inner,All Ru-AHK,Mixed transfer,1,26,ru_aho_inner__00026,ru_aho_inner_00026,2.49268506,2.11117069
SPOC_official_like,ExtraTreeRegressor,all_ru_ahk_to_ru_aho_inner,All Ru-AHK (inner + outer) -> Ru-AHO inner,inner+outer,inner,All Ru-AHK,Mixed transfer,1,31,ru_aho_inner__00031,ru_aho_inner_00031,2.30450133,1.80901573
SPOC_official_like,ExtraTreeRegressor,all_ru_ahk_to_ru_aho_inner,All Ru-AHK (inner + outer) -> Ru-AHO inner,inner+outer,inner,All Ru-AHK,Mixed transfer,1,40,ru_aho_inner__00040,ru_aho_inner_00040,2.13954868,2.01889808
SPOC_official_like,ExtraTreeRegressor,all_ru_ahk_to_ru_aho_inner,All Ru-AHK (inner + outer) -> Ru-AHO inner,inner+outer,inner,All Ru-AHK,Mixed transfer,1,42,ru_aho_inner__00042,ru_aho_inner_00042,2.12255274,2.28957767
SPOC_official_like,ExtraTreeRegressor,all_ru_ahk_to_ru_aho_inner,All Ru-AHK (inner + outer) -> Ru-AHO inner,inner+outer,inner,All Ru-AHK,Mixed transfer,1,44,ru_aho_inner__00044,ru_aho_inner_00044,2.02174776,1.84440958
SPOC_official_like,ExtraTreeRegressor,all_ru_ahk_to_ru_aho_inner,All Ru-AHK (inner + outer) -> Ru-AHO inner,inner+outer,inner,All Ru-AHK,Mixed transfer,1,47,ru_aho_inner__00047,ru_aho_inner_00047,1.97754867,2.1706004860057497
SPOC_official_like,ExtraTreeRegressor,all_ru_ahk_to_ru_aho_inner,All Ru-AHK (inner + outer) -> Ru-AHO inner,inner+outer,inner,All Ru-AHK,Mixed transfer,1,62,ru_aho_inner__00062,ru_aho_inner_00062,1.56906465,1.84440958
SPOC_official_like,ExtraTreeRegressor,all_ru_ahk_to_ru_aho_inner,All Ru-AHK (inner + outer) -> Ru-AHO inner,inner+outer,inner,All Ru-AHK,Mixed transfer,1,64,ru_aho_inner__00064,ru_aho_inner_00064,1.53168147,1.51369193
SPOC_official_like,ExtraTreeRegressor,all_ru_ahk_to_ru_aho_inner,All Ru-AHK (inner + outer) -> Ru-AHO inner,inner+outer,inner,All Ru-AHK,Mixed transfer,1,73,ru_aho_inner__00073,ru_aho_inner_00073,1.39055932,1.40708549
SPOC_official_like,ExtraTreeRegressor,all_ru_ahk_to_ru_aho_inner,All Ru-AHK (inner + outer) -> Ru-AHO inner,inner+outer,inner,All Ru-AHK,Mixed transfer,1,75,ru_aho_inner__00075,ru_aho_inner_00075,1.36999511,1.35390456
SPOC_official_like,ExtraTreeRegressor,all_ru_ahk_to_ru_aho_inner,All Ru-AHK (inner + outer) -> Ru-AHO inner,inner+outer,inner,All Ru-AHK,Mixed transfer,1,81,ru_aho_inner__00081,ru_aho_inner_00081,1.00421655,0.99242206
SPOC_official_like,ExtraTreeRegressor,all_ru_ahk_to_ru_aho_inner,All Ru-AHK (inner + outer) -> Ru-AHO inner,inner+outer,inner,All Ru-AHK,Mixed transfer,1,83,ru_aho_inner__00083,ru_aho_inner_00083,0.83956097,0.80254597
SPOC_official_like,ExtraTreeRegressor,all_ru_ahk_to_ru_aho_inner,All Ru-AHK (inner + outer) -> Ru-AHO inner,inner+outer,inner,All Ru-AHK,Mixed transfer,1,90,ru_aho_inner__00090,ru_aho_inner_00090,0.19433377,0.04819171
SPOC_official_like,ExtraTreeRegressor,all_ru_ahk_to_ru_aho_inner,All Ru-AHK (inner + outer) -> Ru-AHO inner,inner+outer,inner,All Ru-AHK,Mixed transfer,1,94,ru_aho_inner__00094,ru_aho_inner_00094,0.04739647,0.80254597
SPOC_official_like,ExtraTreeRegressor,all_ru_ahk_to_ru_aho_inner,All Ru-AHK (inner + outer) -> Ru-AHO inner,inner+outer,inner,All Ru-AHK,Delta learning,1,0,ru_aho_inner__00000,ru_aho_inner_00000,4.50050002,1.2413425774264653
SPOC_official_like,ExtraTreeRegressor,all_ru_ahk_to_ru_aho_inner,All Ru-AHK (inner + outer) -> Ru-AHO inner,inner+outer,inner,All Ru-AHK,Delta learning,1,4,ru_aho_inner__00004,ru_aho_inner_00004,3.13437597,2.72095293
SPOC_official_like,ExtraTreeRegressor,all_ru_ahk_to_ru_aho_inner,All Ru-AHK (inner + outer) -> Ru-AHO inner,inner+outer,inner,All Ru-AHK,Delta learning,1,10,ru_aho_inner__00010,ru_aho_inner_00010,2.89279432,2.81808334
SPOC_official_like,ExtraTreeRegressor,all_ru_ahk_to_ru_aho_inner,All Ru-AHK (inner + outer) -> Ru-AHO inner,inner+outer,inner,All Ru-AHK,Delta learning,1,12,ru_aho_inner__00012,ru_aho_inner_00012,2.72095293,2.81808334
SPOC_official_like,ExtraTreeRegressor,all_ru_ahk_to_ru_aho_inner,All Ru-AHK (inner + outer) -> Ru-AHO inner,inner+outer,inner,All Ru-AHK,Delta learning,1,18,ru_aho_inner__00018,ru_aho_inner_00018,2.72095293,2.47786275
SPOC_official_like,ExtraTreeRegressor,all_ru_ahk_to_ru_aho_inner,All Ru-AHK (inner + outer) -> Ru-AHO inner,inner+outer,inner,All Ru-AHK,Delta learning,1,22,ru_aho_inner__00022,ru_aho_inner_00022,2.63729647,2.30450133
SPOC_official_like,ExtraTreeRegressor,all_ru_ahk_to_ru_aho_inner,All Ru-AHK (inner + outer) -> Ru-AHO inner,inner+outer,inner,All Ru-AHK,Delta learning,1,26,ru_aho_inner__00026,ru_aho_inner_00026,2.49268506,2.11117069
SPOC_official_like,ExtraTreeRegressor,all_ru_ahk_to_ru_aho_inner,All Ru-AHK (inner + outer) -> Ru-AHO inner,inner+outer,inner,All Ru-AHK,Delta learning,1,31,ru_aho_inner__00031,ru_aho_inner_00031,2.30450133,1.2406133478220804
SPOC_official_like,ExtraTreeRegressor,all_ru_ahk_to_ru_aho_inner,All Ru-AHK (inner + outer) -> Ru-AHO inner,inner+outer,inner,All Ru-AHK,Delta learning,1,40,ru_aho_inner__00040,ru_aho_inner_00040,2.13954868,2.01889808
SPOC_official_like,ExtraTreeRegressor,all_ru_ahk_to_ru_aho_inner,All Ru-AHK (inner + outer) -> Ru-AHO inner,inner+outer,inner,All Ru-AHK,Delta learning,1,42,ru_aho_inner__00042,ru_aho_inner_00042,2.12255274,2.49823771
SPOC_official_like,ExtraTreeRegressor,all_ru_ahk_to_ru_aho_inner,All Ru-AHK (inner + outer) -> Ru-AHO inner,inner+outer,inner,All Ru-AHK,Delta learning,1,44,ru_aho_inner__00044,ru_aho_inner_00044,2.02174776,1.8444095799999998
SPOC_official_like,ExtraTreeRegressor,all_ru_ahk_to_ru_aho_inner,All Ru-AHK (inner + outer) -> Ru-AHO inner,inner+outer,inner,All Ru-AHK,Delta learning,1,47,ru_aho_inner__00047,ru_aho_inner_00047,1.97754867,1.36283425
SPOC_official_like,ExtraTreeRegressor,all_ru_ahk_to_ru_aho_inner,All Ru-AHK (inner + outer) -> Ru-AHO inner,inner+outer,inner,All Ru-AHK,Delta learning,1,62,ru_aho_inner__00062,ru_aho_inner_00062,1.56906465,1.8444095799999998
SPOC_official_like,ExtraTreeRegressor,all_ru_ahk_to_ru_aho_inner,All Ru-AHK (inner + outer) -> Ru-AHO inner,inner+outer,inner,All Ru-AHK,Delta learning,1,64,ru_aho_inner__00064,ru_aho_inner_00064,1.53168147,1.53168147
SPOC_official_like,ExtraTreeRegressor,all_ru_ahk_to_ru_aho_inner,All Ru-AHK (inner + outer) -> Ru-AHO inner,inner+outer,inner,All Ru-AHK,Delta learning,1,73,ru_aho_inner__00073,ru_aho_inner_00073,1.39055932,1.40708549
SPOC_official_like,ExtraTreeRegressor,all_ru_ahk_to_ru_aho_inner,All Ru-AHK (inner + outer) -> Ru-AHO inner,inner+outer,inner,All Ru-AHK,Delta learning,1,75,ru_aho_inner__00075,ru_aho_inner_00075,1.36999511,1.35390456
SPOC_official_like,ExtraTreeRegressor,all_ru_ahk_to_ru_aho_inner,All Ru-AHK (inner + outer) -> Ru-AHO inner,inner+outer,inner,All Ru-AHK,Delta learning,1,81,ru_aho_inner__00081,ru_aho_inner_00081,1.00421655,0.99242206
SPOC_official_like,ExtraTreeRegressor,all_ru_ahk_to_ru_aho_inner,All Ru-AHK (inner + outer) -> Ru-AHO inner,inner+outer,inner,All Ru-AHK,Delta learning,1,83,ru_aho_inner__00083,ru_aho_inner_00083,0.83956097,0.80254597
SPOC_official_like,ExtraTreeRegressor,all_ru_ahk_to_ru_aho_inner,All Ru-AHK (inner + outer) -> Ru-AHO inner,inner+outer,inner,All Ru-AHK,Delta learning,1,90,ru_aho_inner__00090,ru_aho_inner_00090,0.19433377,0.04819170999999978
SPOC_official_like,ExtraTreeRegressor,all_ru_ahk_to_ru_aho_inner,All Ru-AHK (inner + outer) -> Ru-AHO inner,inner+outer,inner,All Ru-AHK,Delta learning,1,94,ru_aho_inner__00094,ru_aho_inner_00094,0.04739647,0.80254597
SPOC_official_like,ExtraTreeRegressor,all_ru_ahk_to_ru_aho_inner,All Ru-AHK (inner + outer) -> Ru-AHO inner,inner+outer,inner,All Ru-AHK,Mixed transfer,2,5,ru_aho_inner__00005,ru_aho_inner_00005,3.13437597,3.13437597
SPOC_official_like,ExtraTreeRegressor,all_ru_ahk_to_ru_aho_inner,All Ru-AHK (inner + outer) -> Ru-AHO inner,inner+outer,inner,All Ru-AHK,Mixed transfer,2,9,ru_aho_inner__00009,ru_aho_inner_00009,3.13437597,3.13437597
SPOC_official_like,ExtraTreeRegressor,all_ru_ahk_to_ru_aho_inner,All Ru-AHK (inner + outer) -> Ru-AHO inner,inner+outer,inner,All Ru-AHK,Mixed transfer,2,11,ru_aho_inner__00011,ru_aho_inner_00011,2.81808334,2.00941149
SPOC_official_like,ExtraTreeRegressor,all_ru_ahk_to_ru_aho_inner,All Ru-AHK (inner + outer) -> Ru-AHO inner,inner+outer,inner,All Ru-AHK,Mixed transfer,2,15,ru_aho_inner__00015,ru_aho_inner_00015,2.72095293,1.80901573
SPOC_official_like,ExtraTreeRegressor,all_ru_ahk_to_ru_aho_inner,All Ru-AHK (inner + outer) -> Ru-AHO inner,inner+outer,inner,All Ru-AHK,Mixed transfer,2,16,ru_aho_inner__00016,ru_aho_inner_00016,2.72095293,3.13437597
SPOC_official_like,ExtraTreeRegressor,all_ru_ahk_to_ru_aho_inner,All Ru-AHK (inner + outer) -> Ru-AHO inner,inner+outer,inner,All Ru-AHK,Mixed transfer,2,28,ru_aho_inner__00028,ru_aho_inner_00028,2.47786275,2.72095293
SPOC_official_like,ExtraTreeRegressor,all_ru_ahk_to_ru_aho_inner,All Ru-AHK (inner + outer) -> Ru-AHO inner,inner+outer,inner,All Ru-AHK,Mixed transfer,2,30,ru_aho_inner__00030,ru_aho_inner_00030,2.3515711,2.49823771
SPOC_official_like,ExtraTreeRegressor,all_ru_ahk_to_ru_aho_inner,All Ru-AHK (inner + outer) -> Ru-AHO inner,inner+outer,inner,All Ru-AHK,Mixed transfer,2,33,ru_aho_inner__00033,ru_aho_inner_00033,2.30450133,2.00941149
SPOC_official_like,ExtraTreeRegressor,all_ru_ahk_to_ru_aho_inner,All Ru-AHK (inner + outer) -> Ru-AHO inner,inner+outer,inner,All Ru-AHK,Mixed transfer,2,35,ru_aho_inner__00035,ru_aho_inner_00035,2.30450133,2.00941149
SPOC_official_like,ExtraTreeRegressor,all_ru_ahk_to_ru_aho_inner,All Ru-AHK (inner + outer) -> Ru-AHO inner,inner+outer,inner,All Ru-AHK,Mixed transfer,2,39,ru_aho_inner__00039,ru_aho_inner_00039,2.16934032,1.1657132852434953
SPOC_official_like,ExtraTreeRegressor,all_ru_ahk_to_ru_aho_inner,All Ru-AHK (inner + outer) -> Ru-AHO inner,inner+outer,inner,All Ru-AHK,Mixed transfer,2,45,ru_aho_inner__00045,ru_aho_inner_00045,2.01889808,1.84440958
SPOC_official_like,ExtraTreeRegressor,all_ru_ahk_to_ru_aho_inner,All Ru-AHK (inner + outer) -> Ru-AHO inner,inner+outer,inner,All Ru-AHK,Mixed transfer,2,49,ru_aho_inner__00049,ru_aho_inner_00049,1.9607788,1.301819703366608
SPOC_official_like,ExtraTreeRegressor,all_ru_ahk_to_ru_aho_inner,All Ru-AHK (inner + outer) -> Ru-AHO inner,inner+outer,inner,All Ru-AHK,Mixed transfer,2,65,ru_aho_inner__00065,ru_aho_inner_00065,1.53168147,1.53168147
SPOC_official_like,ExtraTreeRegressor,all_ru_ahk_to_ru_aho_inner,All Ru-AHK (inner + outer) -> Ru-AHO inner,inner+outer,inner,All Ru-AHK,Mixed transfer,2,68,ru_aho_inner__00068,ru_aho_inner_00068,1.49260764,2.11117069
SPOC_official_like,ExtraTreeRegressor,all_ru_ahk_to_ru_aho_inner,All Ru-AHK (inner + outer) -> Ru-AHO inner,inner+outer,inner,All Ru-AHK,Mixed transfer,2,69,ru_aho_inner__00069,ru_aho_inner_00069,1.48763592,1.80901573
SPOC_official_like,ExtraTreeRegressor,all_ru_ahk_to_ru_aho_inner,All Ru-AHK (inner + outer) -> Ru-AHO inner,inner+outer,inner,All Ru-AHK,Mixed transfer,2,70,ru_aho_inner__00070,ru_aho_inner_00070,1.47570337,1.97754867
SPOC_official_like,ExtraTreeRegressor,all_ru_ahk_to_ru_aho_inner,All Ru-AHK (inner + outer) -> Ru-AHO inner,inner+outer,inner,All Ru-AHK,Mixed transfer,2,72,ru_aho_inner__00072,ru_aho_inner_00072,1.40708549,1.39055932
SPOC_official_like,ExtraTreeRegressor,all_ru_ahk_to_ru_aho_inner,All Ru-AHK (inner + outer) -> Ru-AHO inner,inner+outer,inner,All Ru-AHK,Mixed transfer,2,80,ru_aho_inner__00080,ru_aho_inner_00080,1.31904107,1.33471728
SPOC_official_like,ExtraTreeRegressor,all_ru_ahk_to_ru_aho_inner,All Ru-AHK (inner + outer) -> Ru-AHO inner,inner+outer,inner,All Ru-AHK,Mixed transfer,2,88,ru_aho_inner__00088,ru_aho_inner_00088,0.39647984,1.890811770396965
SPOC_official_like,ExtraTreeRegressor,all_ru_ahk_to_ru_aho_inner,All Ru-AHK (inner + outer) -> Ru-AHO inner,inner+outer,inner,All Ru-AHK,Mixed transfer,2,93,ru_aho_inner__00093,ru_aho_inner_00093,0.04819171,0.19433377
SPOC_official_like,ExtraTreeRegressor,all_ru_ahk_to_ru_aho_inner,All Ru-AHK (inner + outer) -> Ru-AHO inner,inner+outer,inner,All Ru-AHK,Delta learning,2,5,ru_aho_inner__00005,ru_aho_inner_00005,3.13437597,3.13437597
SPOC_official_like,ExtraTreeRegressor,all_ru_ahk_to_ru_aho_inner,All Ru-AHK (inner + outer) -> Ru-AHO inner,inner+outer,inner,All Ru-AHK,Delta learning,2,9,ru_aho_inner__00009,ru_aho_inner_00009,3.13437597,4.50050002
SPOC_official_like,ExtraTreeRegressor,all_ru_ahk_to_ru_aho_inner,All Ru-AHK (inner + outer) -> Ru-AHO inner,inner+outer,inner,All Ru-AHK,Delta learning,2,11,ru_aho_inner__00011,ru_aho_inner_00011,2.81808334,2.00941149
SPOC_official_like,ExtraTreeRegressor,all_ru_ahk_to_ru_aho_inner,All Ru-AHK (inner + outer) -> Ru-AHO inner,inner+outer,inner,All Ru-AHK,Delta learning,2,15,ru_aho_inner__00015,ru_aho_inner_00015,2.72095293,1.80901573
SPOC_official_like,ExtraTreeRegressor,all_ru_ahk_to_ru_aho_inner,All Ru-AHK (inner + outer) -> Ru-AHO inner,inner+outer,inner,All Ru-AHK,Delta learning,2,16,ru_aho_inner__00016,ru_aho_inner_00016,2.72095293,2.72095293
SPOC_official_like,ExtraTreeRegressor,all_ru_ahk_to_ru_aho_inner,All Ru-AHK (inner + outer) -> Ru-AHO inner,inner+outer,inner,All Ru-AHK,Delta learning,2,28,ru_aho_inner__00028,ru_aho_inner_00028,2.47786275,2.72095293
SPOC_official_like,ExtraTreeRegressor,all_ru_ahk_to_ru_aho_inner,All Ru-AHK (inner + outer) -> Ru-AHO inner,inner+outer,inner,All Ru-AHK,Delta learning,2,30,ru_aho_inner__00030,ru_aho_inner_00030,2.3515711,2.49823771
SPOC_official_like,ExtraTreeRegressor,all_ru_ahk_to_ru_aho_inner,All Ru-AHK (inner + outer) -> Ru-AHO inner,inner+outer,inner,All Ru-AHK,Delta learning,2,33,ru_aho_inner__00033,ru_aho_inner_00033,2.30450133,5.412966953200115
SPOC_official_like,ExtraTreeRegressor,all_ru_ahk_to_ru_aho_inner,All Ru-AHK (inner + outer) -> Ru-AHO inner,inner+outer,inner,All Ru-AHK,Delta learning,2,35,ru_aho_inner__00035,ru_aho_inner_00035,2.30450133,0.6977221632250017
SPOC_official_like,ExtraTreeRegressor,all_ru_ahk_to_ru_aho_inner,All Ru-AHK (inner + outer) -> Ru-AHO inner,inner+outer,inner,All Ru-AHK,Delta learning,2,39,ru_aho_inner__00039,ru_aho_inner_00039,2.16934032,1.3543303371576927
SPOC_official_like,ExtraTreeRegressor,all_ru_ahk_to_ru_aho_inner,All Ru-AHK (inner + outer) -> Ru-AHO inner,inner+outer,inner,All Ru-AHK,Delta learning,2,45,ru_aho_inner__00045,ru_aho_inner_00045,2.01889808,1.8444095799999998
SPOC_official_like,ExtraTreeRegressor,all_ru_ahk_to_ru_aho_inner,All Ru-AHK (inner + outer) -> Ru-AHO inner,inner+outer,inner,All Ru-AHK,Delta learning,2,49,ru_aho_inner__00049,ru_aho_inner_00049,1.9607788,0.48314598621043703
SPOC_official_like,ExtraTreeRegressor,all_ru_ahk_to_ru_aho_inner,All Ru-AHK (inner + outer) -> Ru-AHO inner,inner+outer,inner,All Ru-AHK,Delta learning,2,65,ru_aho_inner__00065,ru_aho_inner_00065,1.53168147,1.51369193
SPOC_official_like,ExtraTreeRegressor,all_ru_ahk_to_ru_aho_inner,All Ru-AHK (inner + outer) -> Ru-AHO inner,inner+outer,inner,All Ru-AHK,Delta learning,2,68,ru_aho_inner__00068,ru_aho_inner_00068,1.49260764,2.11117069
SPOC_official_like,ExtraTreeRegressor,all_ru_ahk_to_ru_aho_inner,All Ru-AHK (inner + outer) -> Ru-AHO inner,inner+outer,inner,All Ru-AHK,Delta learning,2,69,ru_aho_inner__00069,ru_aho_inner_00069,1.48763592,1.80901573
SPOC_official_like,ExtraTreeRegressor,all_ru_ahk_to_ru_aho_inner,All Ru-AHK (inner + outer) -> Ru-AHO inner,inner+outer,inner,All Ru-AHK,Delta learning,2,70,ru_aho_inner__00070,ru_aho_inner_00070,1.47570337,1.1886012298060562
SPOC_official_like,ExtraTreeRegressor,all_ru_ahk_to_ru_aho_inner,All Ru-AHK (inner + outer) -> Ru-AHO inner,inner+outer,inner,All Ru-AHK,Delta learning,2,72,ru_aho_inner__00072,ru_aho_inner_00072,1.40708549,1.39055932
SPOC_official_like,ExtraTreeRegressor,all_ru_ahk_to_ru_aho_inner,All Ru-AHK (inner + outer) -> Ru-AHO inner,inner+outer,inner,All Ru-AHK,Delta learning,2,80,ru_aho_inner__00080,ru_aho_inner_00080,1.31904107,1.33471728
SPOC_official_like,ExtraTreeRegressor,all_ru_ahk_to_ru_aho_inner,All Ru-AHK (inner + outer) -> Ru-AHO inner,inner+outer,inner,All Ru-AHK,Delta learning,2,88,ru_aho_inner__00088,ru_aho_inner_00088,0.39647984,0.1405447133619817
SPOC_official_like,ExtraTreeRegressor,all_ru_ahk_to_ru_aho_inner,All Ru-AHK (inner + outer) -> Ru-AHO inner,inner+outer,inner,All Ru-AHK,Delta learning,2,93,ru_aho_inner__00093,ru_aho_inner_00093,0.04819171,0.19433377000000007
SPOC_official_like,ExtraTreeRegressor,all_ru_ahk_to_ru_aho_inner,All Ru-AHK (inner + outer) -> Ru-AHO inner,inner+outer,inner,All Ru-AHK,Mixed transfer,3,3,ru_aho_inner__00003,ru_aho_inner_00003,3.67873076,2.81808334
SPOC_official_like,ExtraTreeRegressor,all_ru_ahk_to_ru_aho_inner,All Ru-AHK (inner + outer) -> Ru-AHO inner,inner+outer,inner,All Ru-AHK,Mixed transfer,3,6,ru_aho_inner__00006,ru_aho_inner_00006,3.13437597,3.13437597
SPOC_official_like,ExtraTreeRegressor,all_ru_ahk_to_ru_aho_inner,All Ru-AHK (inner + outer) -> Ru-AHO inner,inner+outer,inner,All Ru-AHK,Mixed transfer,3,7,ru_aho_inner__00007,ru_aho_inner_00007,3.13437597,3.13437597
SPOC_official_like,ExtraTreeRegressor,all_ru_ahk_to_ru_aho_inner,All Ru-AHK (inner + outer) -> Ru-AHO inner,inner+outer,inner,All Ru-AHK,Mixed transfer,3,8,ru_aho_inner__00008,ru_aho_inner_00008,3.13437597,3.13437597
SPOC_official_like,ExtraTreeRegressor,all_ru_ahk_to_ru_aho_inner,All Ru-AHK (inner + outer) -> Ru-AHO inner,inner+outer,inner,All Ru-AHK,Mixed transfer,3,13,ru_aho_inner__00013,ru_aho_inner_00013,2.72095293,2.30450133
SPOC_official_like,ExtraTreeRegressor,all_ru_ahk_to_ru_aho_inner,All Ru-AHK (inner + outer) -> Ru-AHO inner,inner+outer,inner,All Ru-AHK,Mixed transfer,3,17,ru_aho_inner__00017,ru_aho_inner_00017,2.72095293,2.81808334
SPOC_official_like,ExtraTreeRegressor,all_ru_ahk_to_ru_aho_inner,All Ru-AHK (inner + outer) -> Ru-AHO inner,inner+outer,inner,All Ru-AHK,Mixed transfer,3,19,ru_aho_inner__00019,ru_aho_inner_00019,2.72095293,2.72095293
SPOC_official_like,ExtraTreeRegressor,all_ru_ahk_to_ru_aho_inner,All Ru-AHK (inner + outer) -> Ru-AHO inner,inner+outer,inner,All Ru-AHK,Mixed transfer,3,24,ru_aho_inner__00024,ru_aho_inner_00024,2.49823771,2.30450133
SPOC_official_like,ExtraTreeRegressor,all_ru_ahk_to_ru_aho_inner,All Ru-AHK (inner + outer) -> Ru-AHO inner,inner+outer,inner,All Ru-AHK,Mixed transfer,3,25,ru_aho_inner__00025,ru_aho_inner_00025,2.49823771,2.12255274
SPOC_official_like,ExtraTreeRegressor,all_ru_ahk_to_ru_aho_inner,All Ru-AHK (inner + outer) -> Ru-AHO inner,inner+outer,inner,All Ru-AHK,Mixed transfer,3,27,ru_aho_inner__00027,ru_aho_inner_00027,2.47786275,4.50050002
SPOC_official_like,ExtraTreeRegressor,all_ru_ahk_to_ru_aho_inner,All Ru-AHK (inner + outer) -> Ru-AHO inner,inner+outer,inner,All Ru-AHK,Mixed transfer,3,34,ru_aho_inner__00034,ru_aho_inner_00034,2.30450133,3.13437597
SPOC_official_like,ExtraTreeRegressor,all_ru_ahk_to_ru_aho_inner,All Ru-AHK (inner + outer) -> Ru-AHO inner,inner+outer,inner,All Ru-AHK,Mixed transfer,3,36,ru_aho_inner__00036,ru_aho_inner_00036,2.28957767,2.12255274
SPOC_official_like,ExtraTreeRegressor,all_ru_ahk_to_ru_aho_inner,All Ru-AHK (inner + outer) -> Ru-AHO inner,inner+outer,inner,All Ru-AHK,Mixed transfer,3,38,ru_aho_inner__00038,ru_aho_inner_00038,2.20688949,2.26077037
SPOC_official_like,ExtraTreeRegressor,all_ru_ahk_to_ru_aho_inner,All Ru-AHK (inner + outer) -> Ru-AHO inner,inner+outer,inner,All Ru-AHK,Mixed transfer,3,53,ru_aho_inner__00053,ru_aho_inner_00053,1.84440958,2.01889808
SPOC_official_like,ExtraTreeRegressor,all_ru_ahk_to_ru_aho_inner,All Ru-AHK (inner + outer) -> Ru-AHO inner,inner+outer,inner,All Ru-AHK,Mixed transfer,3,55,ru_aho_inner__00055,ru_aho_inner_00055,1.80901573,1.80901573
SPOC_official_like,ExtraTreeRegressor,all_ru_ahk_to_ru_aho_inner,All Ru-AHK (inner + outer) -> Ru-AHO inner,inner+outer,inner,All Ru-AHK,Mixed transfer,3,56,ru_aho_inner__00056,ru_aho_inner_00056,1.73731552,2.12255274
SPOC_official_like,ExtraTreeRegressor,all_ru_ahk_to_ru_aho_inner,All Ru-AHK (inner + outer) -> Ru-AHO inner,inner+outer,inner,All Ru-AHK,Mixed transfer,3,76,ru_aho_inner__00076,ru_aho_inner_00076,1.36999511,0.0
SPOC_official_like,ExtraTreeRegressor,all_ru_ahk_to_ru_aho_inner,All Ru-AHK (inner + outer) -> Ru-AHO inner,inner+outer,inner,All Ru-AHK,Mixed transfer,3,78,ru_aho_inner__00078,ru_aho_inner_00078,1.35390456,1.36999511
SPOC_official_like,ExtraTreeRegressor,all_ru_ahk_to_ru_aho_inner,All Ru-AHK (inner + outer) -> Ru-AHO inner,inner+outer,inner,All Ru-AHK,Mixed transfer,3,79,ru_aho_inner__00079,ru_aho_inner_00079,1.33471728,1.31904107
SPOC_official_like,ExtraTreeRegressor,all_ru_ahk_to_ru_aho_inner,All Ru-AHK (inner + outer) -> Ru-AHO inner,inner+outer,inner,All Ru-AHK,Mixed transfer,3,85,ru_aho_inner__00085,ru_aho_inner_00085,0.80254597,0.0
SPOC_official_like,ExtraTreeRegressor,all_ru_ahk_to_ru_aho_inner,All Ru-AHK (inner + outer) -> Ru-AHO inner,inner+outer,inner,All Ru-AHK,Delta learning,3,3,ru_aho_inner__00003,ru_aho_inner_00003,3.67873076,2.72095293
SPOC_official_like,ExtraTreeRegressor,all_ru_ahk_to_ru_aho_inner,All Ru-AHK (inner + outer) -> Ru-AHO inner,inner+outer,inner,All Ru-AHK,Delta learning,3,6,ru_aho_inner__00006,ru_aho_inner_00006,3.13437597,3.13437597
SPOC_official_like,ExtraTreeRegressor,all_ru_ahk_to_ru_aho_inner,All Ru-AHK (inner + outer) -> Ru-AHO inner,inner+outer,inner,All Ru-AHK,Delta learning,3,7,ru_aho_inner__00007,ru_aho_inner_00007,3.13437597,3.13437597
SPOC_official_like,ExtraTreeRegressor,all_ru_ahk_to_ru_aho_inner,All Ru-AHK (inner + outer) -> Ru-AHO inner,inner+outer,inner,All Ru-AHK,Delta learning,3,8,ru_aho_inner__00008,ru_aho_inner_00008,3.13437597,3.13437597
SPOC_official_like,ExtraTreeRegressor,all_ru_ahk_to_ru_aho_inner,All Ru-AHK (inner + outer) -> Ru-AHO inner,inner+outer,inner,All Ru-AHK,Delta learning,3,13,ru_aho_inner__00013,ru_aho_inner_00013,2.72095293,2.061269946860311
SPOC_official_like,ExtraTreeRegressor,all_ru_ahk_to_ru_aho_inner,All Ru-AHK (inner + outer) -> Ru-AHO inner,inner+outer,inner,All Ru-AHK,Delta learning,3,17,ru_aho_inner__00017,ru_aho_inner_00017,2.72095293,2.30450133
SPOC_official_like,ExtraTreeRegressor,all_ru_ahk_to_ru_aho_inner,All Ru-AHK (inner + outer) -> Ru-AHO inner,inner+outer,inner,All Ru-AHK,Delta learning,3,19,ru_aho_inner__00019,ru_aho_inner_00019,2.72095293,2.30450133
SPOC_official_like,ExtraTreeRegressor,all_ru_ahk_to_ru_aho_inner,All Ru-AHK (inner + outer) -> Ru-AHO inner,inner+outer,inner,All Ru-AHK,Delta learning,3,24,ru_aho_inner__00024,ru_aho_inner_00024,2.49823771,2.30450133
SPOC_official_like,ExtraTreeRegressor,all_ru_ahk_to_ru_aho_inner,All Ru-AHK (inner + outer) -> Ru-AHO inner,inner+outer,inner,All Ru-AHK,Delta learning,3,25,ru_aho_inner__00025,ru_aho_inner_00025,2.49823771,2.63729647
SPOC_official_like,ExtraTreeRegressor,all_ru_ahk_to_ru_aho_inner,All Ru-AHK (inner + outer) -> Ru-AHO inner,inner+outer,inner,All Ru-AHK,Delta learning,3,27,ru_aho_inner__00027,ru_aho_inner_00027,2.47786275,2.30450133
SPOC_official_like,ExtraTreeRegressor,all_ru_ahk_to_ru_aho_inner,All Ru-AHK (inner + outer) -> Ru-AHO inner,inner+outer,inner,All Ru-AHK,Delta learning,3,34,ru_aho_inner__00034,ru_aho_inner_00034,2.30450133,5.563658772573534
SPOC_official_like,ExtraTreeRegressor,all_ru_ahk_to_ru_aho_inner,All Ru-AHK (inner + outer) -> Ru-AHO inner,inner+outer,inner,All Ru-AHK,Delta learning,3,36,ru_aho_inner__00036,ru_aho_inner_00036,2.28957767,2.61179564
SPOC_official_like,ExtraTreeRegressor,all_ru_ahk_to_ru_aho_inner,All Ru-AHK (inner + outer) -> Ru-AHO inner,inner+outer,inner,All Ru-AHK,Delta learning,3,38,ru_aho_inner__00038,ru_aho_inner_00038,2.20688949,2.26077037
SPOC_official_like,ExtraTreeRegressor,all_ru_ahk_to_ru_aho_inner,All Ru-AHK (inner + outer) -> Ru-AHO inner,inner+outer,inner,All Ru-AHK,Delta learning,3,53,ru_aho_inner__00053,ru_aho_inner_00053,1.84440958,1.56906465
SPOC_official_like,ExtraTreeRegressor,all_ru_ahk_to_ru_aho_inner,All Ru-AHK (inner + outer) -> Ru-AHO inner,inner+outer,inner,All Ru-AHK,Delta learning,3,55,ru_aho_inner__00055,ru_aho_inner_00055,1.80901573,3.192428095020227
SPOC_official_like,ExtraTreeRegressor,all_ru_ahk_to_ru_aho_inner,All Ru-AHK (inner + outer) -> Ru-AHO inner,inner+outer,inner,All Ru-AHK,Delta learning,3,56,ru_aho_inner__00056,ru_aho_inner_00056,1.73731552,2.61179564
SPOC_official_like,ExtraTreeRegressor,all_ru_ahk_to_ru_aho_inner,All Ru-AHK (inner + outer) -> Ru-AHO inner,inner+outer,inner,All Ru-AHK,Delta learning,3,76,ru_aho_inner__00076,ru_aho_inner_00076,1.36999511,0.83956097
SPOC_official_like,ExtraTreeRegressor,all_ru_ahk_to_ru_aho_inner,All Ru-AHK (inner + outer) -> Ru-AHO inner,inner+outer,inner,All Ru-AHK,Delta learning,3,78,ru_aho_inner__00078,ru_aho_inner_00078,1.35390456,1.36999511
SPOC_official_like,ExtraTreeRegressor,all_ru_ahk_to_ru_aho_inner,All Ru-AHK (inner + outer) -> Ru-AHO inner,inner+outer,inner,All Ru-AHK,Delta learning,3,79,ru_aho_inner__00079,ru_aho_inner_00079,1.33471728,1.31904107
SPOC_official_like,ExtraTreeRegressor,all_ru_ahk_to_ru_aho_inner,All Ru-AHK (inner + outer) -> Ru-AHO inner,inner+outer,inner,All Ru-AHK,Delta learning,3,85,ru_aho_inner__00085,ru_aho_inner_00085,0.80254597,0.83956097
SPOC_official_like,ExtraTreeRegressor,all_ru_ahk_to_ru_aho_inner,All Ru-AHK (inner + outer) -> Ru-AHO inner,inner+outer,inner,All Ru-AHK,Mixed transfer,4,32,ru_aho_inner__00032,ru_aho_inner_00032,2.30450133,2.63729647
SPOC_official_like,ExtraTreeRegressor,all_ru_ahk_to_ru_aho_inner,All Ru-AHK (inner + outer) -> Ru-AHO inner,inner+outer,inner,All Ru-AHK,Mixed transfer,4,41,ru_aho_inner__00041,ru_aho_inner_00041,2.13444943,1.47570337
SPOC_official_like,ExtraTreeRegressor,all_ru_ahk_to_ru_aho_inner,All Ru-AHK (inner + outer) -> Ru-AHO inner,inner+outer,inner,All Ru-AHK,Mixed transfer,4,43,ru_aho_inner__00043,ru_aho_inner_00043,2.11117069,2.49268506
SPOC_official_like,ExtraTreeRegressor,all_ru_ahk_to_ru_aho_inner,All Ru-AHK (inner + outer) -> Ru-AHO inner,inner+outer,inner,All Ru-AHK,Mixed transfer,4,46,ru_aho_inner__00046,ru_aho_inner_00046,2.00941149,1.62929332
SPOC_official_like,ExtraTreeRegressor,all_ru_ahk_to_ru_aho_inner,All Ru-AHK (inner + outer) -> Ru-AHO inner,inner+outer,inner,All Ru-AHK,Mixed transfer,4,48,ru_aho_inner__00048,ru_aho_inner_00048,1.96551622,1.94448624
SPOC_official_like,ExtraTreeRegressor,all_ru_ahk_to_ru_aho_inner,All Ru-AHK (inner + outer) -> Ru-AHO inner,inner+outer,inner,All Ru-AHK,Mixed transfer,4,50,ru_aho_inner__00050,ru_aho_inner_00050,1.95650617,1.49260764
SPOC_official_like,ExtraTreeRegressor,all_ru_ahk_to_ru_aho_inner,All Ru-AHK (inner + outer) -> Ru-AHO inner,inner+outer,inner,All Ru-AHK,Mixed transfer,4,54,ru_aho_inner__00054,ru_aho_inner_00054,1.80901573,2.30450133
SPOC_official_like,ExtraTreeRegressor,all_ru_ahk_to_ru_aho_inner,All Ru-AHK (inner + outer) -> Ru-AHO inner,inner+outer,inner,All Ru-AHK,Mixed transfer,4,57,ru_aho_inner__00057,ru_aho_inner_00057,1.68395754,2.7209529300000006
SPOC_official_like,ExtraTreeRegressor,all_ru_ahk_to_ru_aho_inner,All Ru-AHK (inner + outer) -> Ru-AHO inner,inner+outer,inner,All Ru-AHK,Mixed transfer,4,58,ru_aho_inner__00058,ru_aho_inner_00058,1.66417952,1.53168147
SPOC_official_like,ExtraTreeRegressor,all_ru_ahk_to_ru_aho_inner,All Ru-AHK (inner + outer) -> Ru-AHO inner,inner+outer,inner,All Ru-AHK,Mixed transfer,4,59,ru_aho_inner__00059,ru_aho_inner_00059,1.62929332,2.059531743796781
SPOC_official_like,ExtraTreeRegressor,all_ru_ahk_to_ru_aho_inner,All Ru-AHK (inner + outer) -> Ru-AHO inner,inner+outer,inner,All Ru-AHK,Mixed transfer,4,61,ru_aho_inner__00061,ru_aho_inner_00061,1.57873877,1.47016368
SPOC_official_like,ExtraTreeRegressor,all_ru_ahk_to_ru_aho_inner,All Ru-AHK (inner + outer) -> Ru-AHO inner,inner+outer,inner,All Ru-AHK,Mixed transfer,4,63,ru_aho_inner__00063,ru_aho_inner_00063,1.56019653,1.47016368
SPOC_official_like,ExtraTreeRegressor,all_ru_ahk_to_ru_aho_inner,All Ru-AHK (inner + outer) -> Ru-AHO inner,inner+outer,inner,All Ru-AHK,Mixed transfer,4,66,ru_aho_inner__00066,ru_aho_inner_00066,1.51369193,1.53168147
SPOC_official_like,ExtraTreeRegressor,all_ru_ahk_to_ru_aho_inner,All Ru-AHK (inner + outer) -> Ru-AHO inner,inner+outer,inner,All Ru-AHK,Mixed transfer,4,67,ru_aho_inner__00067,ru_aho_inner_00067,1.51369193,1.53168147
SPOC_official_like,ExtraTreeRegressor,all_ru_ahk_to_ru_aho_inner,All Ru-AHK (inner + outer) -> Ru-AHO inner,inner+outer,inner,All Ru-AHK,Mixed transfer,4,77,ru_aho_inner__00077,ru_aho_inner_00077,1.36283425,1.38325909
SPOC_official_like,ExtraTreeRegressor,all_ru_ahk_to_ru_aho_inner,All Ru-AHK (inner + outer) -> Ru-AHO inner,inner+outer,inner,All Ru-AHK,Mixed transfer,4,84,ru_aho_inner__00084,ru_aho_inner_00084,0.80438248,0.39647984
SPOC_official_like,ExtraTreeRegressor,all_ru_ahk_to_ru_aho_inner,All Ru-AHK (inner + outer) -> Ru-AHO inner,inner+outer,inner,All Ru-AHK,Mixed transfer,4,95,ru_aho_inner__00095,ru_aho_inner_00095,0.0120419,0.12126274
SPOC_official_like,ExtraTreeRegressor,all_ru_ahk_to_ru_aho_inner,All Ru-AHK (inner + outer) -> Ru-AHO inner,inner+outer,inner,All Ru-AHK,Mixed transfer,4,96,ru_aho_inner__00096,ru_aho_inner_00096,0.0,0.83956097
SPOC_official_like,ExtraTreeRegressor,all_ru_ahk_to_ru_aho_inner,All Ru-AHK (inner + outer) -> Ru-AHO inner,inner+outer,inner,All Ru-AHK,Mixed transfer,4,97,ru_aho_inner__00097,ru_aho_inner_00097,0.0,0.39647984
SPOC_official_like,ExtraTreeRegressor,all_ru_ahk_to_ru_aho_inner,All Ru-AHK (inner + outer) -> Ru-AHO inner,inner+outer,inner,All Ru-AHK,Delta learning,4,32,ru_aho_inner__00032,ru_aho_inner_00032,2.30450133,2.61179564
SPOC_official_like,ExtraTreeRegressor,all_ru_ahk_to_ru_aho_inner,All Ru-AHK (inner + outer) -> Ru-AHO inner,inner+outer,inner,All Ru-AHK,Delta learning,4,41,ru_aho_inner__00041,ru_aho_inner_00041,2.13444943,2.0496230847871373
SPOC_official_like,ExtraTreeRegressor,all_ru_ahk_to_ru_aho_inner,All Ru-AHK (inner + outer) -> Ru-AHO inner,inner+outer,inner,All Ru-AHK,Delta learning,4,43,ru_aho_inner__00043,ru_aho_inner_00043,2.11117069,1.49260764
SPOC_official_like,ExtraTreeRegressor,all_ru_ahk_to_ru_aho_inner,All Ru-AHK (inner + outer) -> Ru-AHO inner,inner+outer,inner,All Ru-AHK,Delta learning,4,46,ru_aho_inner__00046,ru_aho_inner_00046,2.00941149,1.62929332
SPOC_official_like,ExtraTreeRegressor,all_ru_ahk_to_ru_aho_inner,All Ru-AHK (inner + outer) -> Ru-AHO inner,inner+outer,inner,All Ru-AHK,Delta learning,4,48,ru_aho_inner__00048,ru_aho_inner_00048,1.96551622,2.4771871261715903
SPOC_official_like,ExtraTreeRegressor,all_ru_ahk_to_ru_aho_inner,All Ru-AHK (inner + outer) -> Ru-AHO inner,inner+outer,inner,All Ru-AHK,Delta learning,4,50,ru_aho_inner__00050,ru_aho_inner_00050,1.95650617,1.49260764
SPOC_official_like,ExtraTreeRegressor,all_ru_ahk_to_ru_aho_inner,All Ru-AHK (inner + outer) -> Ru-AHO inner,inner+outer,inner,All Ru-AHK,Delta learning,4,54,ru_aho_inner__00054,ru_aho_inner_00054,1.80901573,2.30450133
SPOC_official_like,ExtraTreeRegressor,all_ru_ahk_to_ru_aho_inner,All Ru-AHK (inner + outer) -> Ru-AHO inner,inner+outer,inner,All Ru-AHK,Delta learning,4,57,ru_aho_inner__00057,ru_aho_inner_00057,1.68395754,-0.3338007214885037
SPOC_official_like,ExtraTreeRegressor,all_ru_ahk_to_ru_aho_inner,All Ru-AHK (inner + outer) -> Ru-AHO inner,inner+outer,inner,All Ru-AHK,Delta learning,4,58,ru_aho_inner__00058,ru_aho_inner_00058,1.66417952,1.53168147
SPOC_official_like,ExtraTreeRegressor,all_ru_ahk_to_ru_aho_inner,All Ru-AHK (inner + outer) -> Ru-AHO inner,inner+outer,inner,All Ru-AHK,Delta learning,4,59,ru_aho_inner__00059,ru_aho_inner_00059,1.62929332,1.3073954156393222
SPOC_official_like,ExtraTreeRegressor,all_ru_ahk_to_ru_aho_inner,All Ru-AHK (inner + outer) -> Ru-AHO inner,inner+outer,inner,All Ru-AHK,Delta learning,4,61,ru_aho_inner__00061,ru_aho_inner_00061,1.57873877,0.7272397003563401
SPOC_official_like,ExtraTreeRegressor,all_ru_ahk_to_ru_aho_inner,All Ru-AHK (inner + outer) -> Ru-AHO inner,inner+outer,inner,All Ru-AHK,Delta learning,4,63,ru_aho_inner__00063,ru_aho_inner_00063,1.56019653,0.7272397003563401
SPOC_official_like,ExtraTreeRegressor,all_ru_ahk_to_ru_aho_inner,All Ru-AHK (inner + outer) -> Ru-AHO inner,inner+outer,inner,All Ru-AHK,Delta learning,4,66,ru_aho_inner__00066,ru_aho_inner_00066,1.51369193,1.53168147
SPOC_official_like,ExtraTreeRegressor,all_ru_ahk_to_ru_aho_inner,All Ru-AHK (inner + outer) -> Ru-AHO inner,inner+outer,inner,All Ru-AHK,Delta learning,4,67,ru_aho_inner__00067,ru_aho_inner_00067,1.51369193,1.53168147
SPOC_official_like,ExtraTreeRegressor,all_ru_ahk_to_ru_aho_inner,All Ru-AHK (inner + outer) -> Ru-AHO inner,inner+outer,inner,All Ru-AHK,Delta learning,4,77,ru_aho_inner__00077,ru_aho_inner_00077,1.36283425,1.38325909
SPOC_official_like,ExtraTreeRegressor,all_ru_ahk_to_ru_aho_inner,All Ru-AHK (inner + outer) -> Ru-AHO inner,inner+outer,inner,All Ru-AHK,Delta learning,4,84,ru_aho_inner__00084,ru_aho_inner_00084,0.80438248,1.49260764
SPOC_official_like,ExtraTreeRegressor,all_ru_ahk_to_ru_aho_inner,All Ru-AHK (inner + outer) -> Ru-AHO inner,inner+outer,inner,All Ru-AHK,Delta learning,4,95,ru_aho_inner__00095,ru_aho_inner_00095,0.0120419,0.12126274000000015
SPOC_official_like,ExtraTreeRegressor,all_ru_ahk_to_ru_aho_inner,All Ru-AHK (inner + outer) -> Ru-AHO inner,inner+outer,inner,All Ru-AHK,Delta learning,4,96,ru_aho_inner__00096,ru_aho_inner_00096,0.0,0.83956097
SPOC_official_like,ExtraTreeRegressor,all_ru_ahk_to_ru_aho_inner,All Ru-AHK (inner + outer) -> Ru-AHO inner,inner+outer,inner,All Ru-AHK,Delta learning,4,97,ru_aho_inner__00097,ru_aho_inner_00097,0.0,1.2155042523252615
SPOC_official_like,ExtraTreeRegressor,all_ru_ahk_to_ru_aho_inner,All Ru-AHK (inner + outer) -> Ru-AHO inner,inner+outer,inner,All Ru-AHK,Mixed transfer,5,1,ru_aho_inner__00001,ru_aho_inner_00001,4.50050002,3.1343759700000002
SPOC_official_like,ExtraTreeRegressor,all_ru_ahk_to_ru_aho_inner,All Ru-AHK (inner + outer) -> Ru-AHO inner,inner+outer,inner,All Ru-AHK,Mixed transfer,5,2,ru_aho_inner__00002,ru_aho_inner_00002,3.84937533,3.1343759700000002
SPOC_official_like,ExtraTreeRegressor,all_ru_ahk_to_ru_aho_inner,All Ru-AHK (inner + outer) -> Ru-AHO inner,inner+outer,inner,All Ru-AHK,Mixed transfer,5,14,ru_aho_inner__00014,ru_aho_inner_00014,2.72095293,2.81808334
SPOC_official_like,ExtraTreeRegressor,all_ru_ahk_to_ru_aho_inner,All Ru-AHK (inner + outer) -> Ru-AHO inner,inner+outer,inner,All Ru-AHK,Mixed transfer,5,20,ru_aho_inner__00020,ru_aho_inner_00020,2.72095293,2.72095293
SPOC_official_like,ExtraTreeRegressor,all_ru_ahk_to_ru_aho_inner,All Ru-AHK (inner + outer) -> Ru-AHO inner,inner+outer,inner,All Ru-AHK,Mixed transfer,5,21,ru_aho_inner__00021,ru_aho_inner_00021,2.6917632,2.72095293
SPOC_official_like,ExtraTreeRegressor,all_ru_ahk_to_ru_aho_inner,All Ru-AHK (inner + outer) -> Ru-AHO inner,inner+outer,inner,All Ru-AHK,Mixed transfer,5,23,ru_aho_inner__00023,ru_aho_inner_00023,2.61179564,2.28957767
SPOC_official_like,ExtraTreeRegressor,all_ru_ahk_to_ru_aho_inner,All Ru-AHK (inner + outer) -> Ru-AHO inner,inner+outer,inner,All Ru-AHK,Mixed transfer,5,29,ru_aho_inner__00029,ru_aho_inner_00029,2.47786275,2.47786275
SPOC_official_like,ExtraTreeRegressor,all_ru_ahk_to_ru_aho_inner,All Ru-AHK (inner + outer) -> Ru-AHO inner,inner+outer,inner,All Ru-AHK,Mixed transfer,5,37,ru_aho_inner__00037,ru_aho_inner_00037,2.26077037,1.2387299790385564
SPOC_official_like,ExtraTreeRegressor,all_ru_ahk_to_ru_aho_inner,All Ru-AHK (inner + outer) -> Ru-AHO inner,inner+outer,inner,All Ru-AHK,Mixed transfer,5,51,ru_aho_inner__00051,ru_aho_inner_00051,1.94448624,1.1657132852434953
SPOC_official_like,ExtraTreeRegressor,all_ru_ahk_to_ru_aho_inner,All Ru-AHK (inner + outer) -> Ru-AHO inner,inner+outer,inner,All Ru-AHK,Mixed transfer,5,52,ru_aho_inner__00052,ru_aho_inner_00052,1.88185187,1.84440958
SPOC_official_like,ExtraTreeRegressor,all_ru_ahk_to_ru_aho_inner,All Ru-AHK (inner + outer) -> Ru-AHO inner,inner+outer,inner,All Ru-AHK,Mixed transfer,5,60,ru_aho_inner__00060,ru_aho_inner_00060,1.62929332,2.00941149
SPOC_official_like,ExtraTreeRegressor,all_ru_ahk_to_ru_aho_inner,All Ru-AHK (inner + outer) -> Ru-AHO inner,inner+outer,inner,All Ru-AHK,Mixed transfer,5,71,ru_aho_inner__00071,ru_aho_inner_00071,1.47016368,1.00421655
SPOC_official_like,ExtraTreeRegressor,all_ru_ahk_to_ru_aho_inner,All Ru-AHK (inner + outer) -> Ru-AHO inner,inner+outer,inner,All Ru-AHK,Mixed transfer,5,74,ru_aho_inner__00074,ru_aho_inner_00074,1.38325909,1.36283425
SPOC_official_like,ExtraTreeRegressor,all_ru_ahk_to_ru_aho_inner,All Ru-AHK (inner + outer) -> Ru-AHO inner,inner+outer,inner,All Ru-AHK,Mixed transfer,5,82,ru_aho_inner__00082,ru_aho_inner_00082,0.99242206,1.00421655
SPOC_official_like,ExtraTreeRegressor,all_ru_ahk_to_ru_aho_inner,All Ru-AHK (inner + outer) -> Ru-AHO inner,inner+outer,inner,All Ru-AHK,Mixed transfer,5,86,ru_aho_inner__00086,ru_aho_inner_00086,0.67501313,3.741485490332839
SPOC_official_like,ExtraTreeRegressor,all_ru_ahk_to_ru_aho_inner,All Ru-AHK (inner + outer) -> Ru-AHO inner,inner+outer,inner,All Ru-AHK,Mixed transfer,5,87,ru_aho_inner__00087,ru_aho_inner_00087,0.56782018,2.9948480421507027
SPOC_official_like,ExtraTreeRegressor,all_ru_ahk_to_ru_aho_inner,All Ru-AHK (inner + outer) -> Ru-AHO inner,inner+outer,inner,All Ru-AHK,Mixed transfer,5,89,ru_aho_inner__00089,ru_aho_inner_00089,0.33293116,2.652104476658404
SPOC_official_like,ExtraTreeRegressor,all_ru_ahk_to_ru_aho_inner,All Ru-AHK (inner + outer) -> Ru-AHO inner,inner+outer,inner,All Ru-AHK,Mixed transfer,5,91,ru_aho_inner__00091,ru_aho_inner_00091,0.10866753,0.9126367709388348
SPOC_official_like,ExtraTreeRegressor,all_ru_ahk_to_ru_aho_inner,All Ru-AHK (inner + outer) -> Ru-AHO inner,inner+outer,inner,All Ru-AHK,Mixed transfer,5,92,ru_aho_inner__00092,ru_aho_inner_00092,0.09139463,2.652104476658404
SPOC_official_like,ExtraTreeRegressor,all_ru_ahk_to_ru_aho_inner,All Ru-AHK (inner + outer) -> Ru-AHO inner,inner+outer,inner,All Ru-AHK,Delta learning,5,1,ru_aho_inner__00001,ru_aho_inner_00001,4.50050002,3.13437597
SPOC_official_like,ExtraTreeRegressor,all_ru_ahk_to_ru_aho_inner,All Ru-AHK (inner + outer) -> Ru-AHO inner,inner+outer,inner,All Ru-AHK,Delta learning,5,2,ru_aho_inner__00002,ru_aho_inner_00002,3.84937533,2.72095293
SPOC_official_like,ExtraTreeRegressor,all_ru_ahk_to_ru_aho_inner,All Ru-AHK (inner + outer) -> Ru-AHO inner,inner+outer,inner,All Ru-AHK,Delta learning,5,14,ru_aho_inner__00014,ru_aho_inner_00014,2.72095293,2.1538095106265804
SPOC_official_like,ExtraTreeRegressor,all_ru_ahk_to_ru_aho_inner,All Ru-AHK (inner + outer) -> Ru-AHO inner,inner+outer,inner,All Ru-AHK,Delta learning,5,20,ru_aho_inner__00020,ru_aho_inner_00020,2.72095293,2.72095293
SPOC_official_like,ExtraTreeRegressor,all_ru_ahk_to_ru_aho_inner,All Ru-AHK (inner + outer) -> Ru-AHO inner,inner+outer,inner,All Ru-AHK,Delta learning,5,21,ru_aho_inner__00021,ru_aho_inner_00021,2.6917632,2.72095293
SPOC_official_like,ExtraTreeRegressor,all_ru_ahk_to_ru_aho_inner,All Ru-AHK (inner + outer) -> Ru-AHO inner,inner+outer,inner,All Ru-AHK,Delta learning,5,23,ru_aho_inner__00023,ru_aho_inner_00023,2.61179564,1.73731552
SPOC_official_like,ExtraTreeRegressor,all_ru_ahk_to_ru_aho_inner,All Ru-AHK (inner + outer) -> Ru-AHO inner,inner+outer,inner,All Ru-AHK,Delta learning,5,29,ru_aho_inner__00029,ru_aho_inner_00029,2.47786275,3.3897361864251163
SPOC_official_like,ExtraTreeRegressor,all_ru_ahk_to_ru_aho_inner,All Ru-AHK (inner + outer) -> Ru-AHO inner,inner+outer,inner,All Ru-AHK,Delta learning,5,37,ru_aho_inner__00037,ru_aho_inner_00037,2.26077037,2.20688949
SPOC_official_like,ExtraTreeRegressor,all_ru_ahk_to_ru_aho_inner,All Ru-AHK (inner + outer) -> Ru-AHO inner,inner+outer,inner,All Ru-AHK,Delta learning,5,51,ru_aho_inner__00051,ru_aho_inner_00051,1.94448624,1.4328153338284095
SPOC_official_like,ExtraTreeRegressor,all_ru_ahk_to_ru_aho_inner,All Ru-AHK (inner + outer) -> Ru-AHO inner,inner+outer,inner,All Ru-AHK,Delta learning,5,52,ru_aho_inner__00052,ru_aho_inner_00052,1.88185187,3.8996101314885037
SPOC_official_like,ExtraTreeRegressor,all_ru_ahk_to_ru_aho_inner,All Ru-AHK (inner + outer) -> Ru-AHO inner,inner+outer,inner,All Ru-AHK,Delta learning,5,60,ru_aho_inner__00060,ru_aho_inner_00060,1.62929332,2.00941149
SPOC_official_like,ExtraTreeRegressor,all_ru_ahk_to_ru_aho_inner,All Ru-AHK (inner + outer) -> Ru-AHO inner,inner+outer,inner,All Ru-AHK,Delta learning,5,71,ru_aho_inner__00071,ru_aho_inner_00071,1.47016368,1.66417952
SPOC_official_like,ExtraTreeRegressor,all_ru_ahk_to_ru_aho_inner,All Ru-AHK (inner + outer) -> Ru-AHO inner,inner+outer,inner,All Ru-AHK,Delta learning,5,74,ru_aho_inner__00074,ru_aho_inner_00074,1.38325909,1.36283425
SPOC_official_like,ExtraTreeRegressor,all_ru_ahk_to_ru_aho_inner,All Ru-AHK (inner + outer) -> Ru-AHO inner,inner+outer,inner,All Ru-AHK,Delta learning,5,82,ru_aho_inner__00082,ru_aho_inner_00082,0.99242206,1.00421655
SPOC_official_like,ExtraTreeRegressor,all_ru_ahk_to_ru_aho_inner,All Ru-AHK (inner + outer) -> Ru-AHO inner,inner+outer,inner,All Ru-AHK,Delta learning,5,86,ru_aho_inner__00086,ru_aho_inner_00086,0.67501313,-0.5064467704521142
SPOC_official_like,ExtraTreeRegressor,all_ru_ahk_to_ru_aho_inner,All Ru-AHK (inner + outer) -> Ru-AHO inner,inner+outer,inner,All Ru-AHK,Delta learning,5,87,ru_aho_inner__00087,ru_aho_inner_00087,0.56782018,1.153915847470838
SPOC_official_like,ExtraTreeRegressor,all_ru_ahk_to_ru_aho_inner,All Ru-AHK (inner + outer) -> Ru-AHO inner,inner+outer,inner,All Ru-AHK,Delta learning,5,89,ru_aho_inner__00089,ru_aho_inner_00089,0.33293116,3.13437597
SPOC_official_like,ExtraTreeRegressor,all_ru_ahk_to_ru_aho_inner,All Ru-AHK (inner + outer) -> Ru-AHO inner,inner+outer,inner,All Ru-AHK,Delta learning,5,91,ru_aho_inner__00091,ru_aho_inner_00091,0.10866753,-1.2370746226725013
SPOC_official_like,ExtraTreeRegressor,all_ru_ahk_to_ru_aho_inner,All Ru-AHK (inner + outer) -> Ru-AHO inner,inner+outer,inner,All Ru-AHK,Delta learning,5,92,ru_aho_inner__00092,ru_aho_inner_00092,0.09139463,3.13437597
