outer_domain_row,Reactant SMILES,Product SMILES,Metal,Ligand SMILES,Solvent SMILES,Additive SMILES,Pressure/atm,Temperature/C,S/C,ddG,domain_key,domain_row,record_id
0,CC(=O)c1ccc(Br)cc1,C[C@H](O)c1ccc(Br)cc1,Ru,COc1cc(P(c2cc(C)cc(C)c2)c2cc(C)cc(C)c2)c(-c2c(P(c3cc(C)cc(C)c3)c3cc(C)cc(C)c3)cc(OC)nc2OC)c(OC)n1,CC(C)O,CC(C)(C)[O-].[K+],20.41,26.5,49999.99999999999,4.525769623904132,ru_ahk_outer,0,ru_ahk_outer__00000
1,CC(=O)c1ccccc1Br,C[C@H](O)c1ccccc1Br,Ru,COc1cc(P(c2ccccc2)c2ccccc2)c(-c2c(P(c3ccccc3)c3ccccc3)cc(OC)nc2OC)c(OC)n1,CC(C)O,CC(C)(C)[O-].[K+],20.41,26.5,4000.0,4.525769623904132,ru_ahk_outer,1,ru_ahk_outer__00001
2,CC(=O)c1ccccc1Br,C[C@H](O)c1ccccc1Br,Ru,COc1cc(P(c2cc(C)cc(C)c2)c2cc(C)cc(C)c2)c(-c2c(P(c3cc(C)cc(C)c3)c3cc(C)cc(C)c3)cc(OC)nc2OC)c(OC)n1,CC(C)O,CC(C)(C)[O-].[K+],27.22,26.5,10000.0,4.525769623904132,ru_ahk_outer,2,ru_ahk_outer__00002
3,CC(=O)c1ccccc1Br,C[C@H](O)c1ccccc1Br,Ru,COc1cc(P(c2ccc(C)cc2)c2ccc(C)cc2)c(-c2c(P(c3ccc(C)cc3)c3ccc(C)cc3)cc(OC)nc2OC)c(OC)n1,CC(C)O,CC(C)(C)[O-].[K+],20.41,26.5,4000.0,4.525769623904132,ru_ahk_outer,3,ru_ahk_outer__00003
35,CC(=O)c1cccc(Br)c1,C[C@H](O)c1cccc(Br)c1,Ru,COc1cc(P(c2cc(C)cc(C)c2)c2cc(C)cc(C)c2)c(-c2c(P(c3cc(C)cc(C)c3)c3cc(C)cc(C)c3)cc(OC)nc2OC)c(OC)n1,CC(C)O,CC(C)(C)[O-].[K+],20.41,26.5,4000.0,3.5662137958483853,ru_ahk_outer,35,ru_ahk_outer__00035
36,CCC(=O)c1ccccc1,CC[C@H](O)c1ccccc1,Ru,Cc1cc(C)cc(P(c2cc(C)cc(C)c2)c2cccc3c2[C@]2(CC3)CCc3cccc(P(c4cc(C)cc(C)c4)c4ccc(C)cc4C)c32)c1.N[C@H](c1ccccc1)[C@H](N)c1ccccc1,CC(C)O,CC(C)(C)[O-].[K+],50.0,25.0,5000.0,3.54836189965692,ru_ahk_outer,36,ru_ahk_outer__00036
37,COc1ccc(C(C)=O)cc1,COc1ccc([C@@H](C)O)cc1,Ru,COc1ccc(C(N)(c2ccc(OC)cc2)[C@@H](N)C(C)C)cc1.COc1ccc(P(c2ccc(OC)cc2)c2cc(OC)nc(OC)c2-c2c(P(c3ccc(OC)cc3)c3ccc(OC)cc3)cc(OC)nc2OC)cc1,CC(C)O,[K+].[OH-],30.0,25.0,2000.0,3.54836189965692,ru_ahk_outer,37,ru_ahk_outer__00037
71,CC(=O)c1ccccc1,C[C@H](O)c1ccccc1,Ru,Cc1cc(C)cc(P(c2cc(C)cc(C)c2)c2cccc3c2[C@]2(CC3)CCc3cccc(P(c4cc(C)cc(C)c4)c4ccc(C)cc4C)c32)c1.N[C@H](c1ccccc1)[C@H](N)c1ccccc1,CC(C)O,CC(C)(C)[O-].[K+],50.0,40.0,5000.0,3.2939795521299096,ru_ahk_outer,71,ru_ahk_outer__00071
79,CC(=O)c1ccc(C(F)(F)F)cc1,C[C@H](O)c1ccc(C(F)(F)F)cc1,Ru,Cc1cc(C)cc(P(c2cc(C)cc(C)c2)c2cccc3c2[C@]2(CC3)CCc3cccc(P(c4cc(C)cc(C)c4)c4ccc(C)cc4C)c32)c1.N[C@H](c1ccccc1)[C@H](N)c1ccccc1,CC(C)O,CC(C)(C)[O-].[K+],50.0,25.0,5000.0,3.269000796324068,ru_ahk_outer,79,ru_ahk_outer__00079
81,CC(=O)c1ccc2ccccc2c1,C[C@H](O)c1ccc2ccccc2c1,Ru,Cc1cc(C)cc(P(c2cc(C)cc(C)c2)c2cccc3c2[C@]2(CC3)CCc3cccc(P(c4cc(C)cc(C)c4)c4ccc(C)cc4C)c32)c1.N[C@H](c1ccccc1)[C@H](N)c1ccccc1,CC(C)O,CC(C)(C)[O-].[K+],50.0,25.0,5000.0,3.269000796324068,ru_ahk_outer,81,ru_ahk_outer__00081
82,CC(=O)c1ccc(C)cc1,Cc1ccc([C@H](C)O)cc1,Ru,Cc1cc(C)cc(P(c2cc(C)cc(C)c2)c2cccc3c2[C@]2(CC3)CCc3cccc(P(c4cc(C)cc(C)c4)c4ccc(C)cc4C)c32)c1.N[C@H](c1ccccc1)[C@H](N)c1ccccc1,CC(C)O,CC(C)(C)[O-].[K+],50.0,25.0,5000.0,3.269000796324068,ru_ahk_outer,82,ru_ahk_outer__00082
83,CC(=O)c1cccc(Br)c1,C[C@H](O)c1cccc(Br)c1,Ru,Cc1cc(C)cc(P(c2cc(C)cc(C)c2)c2cccc3c2[C@]2(CC3)CCc3cccc(P(c4cc(C)cc(C)c4)c4ccc(C)cc4C)c32)c1.N[C@H](c1ccccc1)[C@H](N)c1ccccc1,CC(C)O,CC(C)(C)[O-].[K+],50.0,25.0,5000.0,3.269000796324068,ru_ahk_outer,83,ru_ahk_outer__00083
84,CC(=O)c1ccccc1Br,C[C@H](O)c1ccccc1Br,Ru,Cc1cc(C)cc(P(c2cc(C)cc(C)c2)c2cccc3c2[C@]2(CC3)CCc3cccc(P(c4cc(C)cc(C)c4)c4ccc(C)cc4C)c32)c1.N[C@H](c1ccccc1)[C@H](N)c1ccccc1,CC(C)O,CC(C)(C)[O-].[K+],50.0,25.0,5000.0,3.269000796324068,ru_ahk_outer,84,ru_ahk_outer__00084
85,CC(=O)c1ccccc1,C[C@@H](O)c1ccccc1,Ru,COc1ccc(C(N)(c2ccc(OC)cc2)[C@@H](N)C(C)C)cc1.Cc1cc(C)cc(P(c2cc(C)cc(C)c2)c2ccc3ccccc3c2-c2c(P(c3cc(C)cc(C)c3)c3cc(C)cc(C)c3)ccc3ccccc23)c1,CC(C)O.CCO,C1CCC2=NCCCN2CC1,10.0,35.0,100000.0,3.2413852753914467,ru_ahk_outer,85,ru_ahk_outer__00085
86,CC(=O)c1ccccc1,C[C@@H](O)c1ccccc1,Ru,COc1ccc(C(N)(c2ccc(OC)cc2)[C@@H](N)C(C)C)cc1.Cc1cc(C)cc(P(c2cc(C)cc(C)c2)c2ccc3ccccc3c2-c2c(P(c3cc(C)cc(C)c3)c3cc(C)cc(C)c3)ccc3ccccc23)c1,ClCCl,CC(C)(C)[O-].[K+],10.0,35.0,2000.0,3.2413852753914467,ru_ahk_outer,86,ru_ahk_outer__00086
87,CC(=O)c1ccccc1,C[C@@H](O)c1ccccc1,Ru,COc1ccc(C(N)(c2ccc(OC)cc2)[C@@H](N)C(C)C)cc1.Cc1cc(C)cc(P(c2cc(C)cc(C)c2)c2ccc3ccccc3c2-c2c(P(c3cc(C)cc(C)c3)c3cc(C)cc(C)c3)ccc3ccccc23)c1,Cc1ccccc1,CC(C)(C)[O-].[K+],10.0,35.0,2000.0,3.2413852753914467,ru_ahk_outer,87,ru_ahk_outer__00087
88,CC(=O)c1ccccc1,C[C@@H](O)c1ccccc1,Ru,COc1ccc(C(N)(c2ccc(OC)cc2)[C@@H](N)C(C)C)cc1.Cc1cc(C)cc(P(c2cc(C)cc(C)c2)c2ccc3ccccc3c2-c2c(P(c3cc(C)cc(C)c3)c3cc(C)cc(C)c3)ccc3ccccc23)c1,CC(C)O.CCO,CC(C)(C)[O-].[K+],7.0,35.0,100000.0,3.2413852753914467,ru_ahk_outer,88,ru_ahk_outer__00088
89,CC(=O)c1ccccc1,C[C@@H](O)c1ccccc1,Ru,COc1ccc(C(N)(c2ccc(OC)cc2)[C@@H](N)C(C)C)cc1.Cc1cc(C)cc(P(c2cc(C)cc(C)c2)c2ccc3ccccc3c2-c2c(P(c3cc(C)cc(C)c3)c3cc(C)cc(C)c3)ccc3ccccc23)c1,CC(C)O,CC(C)(C)[O-].[K+],50.0,35.0,100000.0,3.2413852753914467,ru_ahk_outer,89,ru_ahk_outer__00089
90,CC(=O)c1ccccc1,C[C@@H](O)c1ccccc1,Ru,COc1ccc(C(N)(c2ccc(OC)cc2)[C@@H](N)C(C)C)cc1.Cc1cc(C)cc(P(c2cc(C)cc(C)c2)c2ccc3ccccc3c2-c2c(P(c3cc(C)cc(C)c3)c3cc(C)cc(C)c3)ccc3ccccc23)c1,CC(C)O.CCO,CC(C)(C)[O-].[K+],50.0,35.0,10000.0,3.2413852753914467,ru_ahk_outer,90,ru_ahk_outer__00090
91,CC(=O)c1ccccc1,C[C@@H](O)c1ccccc1,Ru,COc1ccc(C(N)(c2ccc(OC)cc2)[C@@H](N)C(C)C)cc1.Cc1cc(C)cc(P(c2cc(C)cc(C)c2)c2ccc3ccccc3c2-c2c(P(c3cc(C)cc(C)c3)c3cc(C)cc(C)c3)ccc3ccccc23)c1,CC(C)O.CCO,CC(C)(C)[O-].[K+],50.0,35.0,100000.0,3.2413852753914467,ru_ahk_outer,91,ru_ahk_outer__00091
92,CC(=O)c1ccccc1,C[C@@H](O)c1ccccc1,Ru,COc1ccc(C(N)(c2ccc(OC)cc2)[C@@H](N)C(C)C)cc1.Cc1cc(C)cc(P(c2cc(C)cc(C)c2)c2ccc3ccccc3c2-c2c(P(c3cc(C)cc(C)c3)c3cc(C)cc(C)c3)ccc3ccccc23)c1,CC(C)O.CCO,CC(C)(C)[O-].[K+],1.0,35.0,100000.0,3.2413852753914467,ru_ahk_outer,92,ru_ahk_outer__00092
93,CC(=O)c1ccccc1,C[C@@H](O)c1ccccc1,Ru,COc1ccc(C(N)(c2ccc(OC)cc2)[C@@H](N)C(C)C)cc1.Cc1cc(C)cc(P(c2cc(C)cc(C)c2)c2ccc3ccccc3c2-c2c(P(c3cc(C)cc(C)c3)c3cc(C)cc(C)c3)ccc3ccccc23)c1,Cc1ccccc1,C1CCC2=NCCCN2CC1,10.0,35.0,4000.0,3.2413852753914467,ru_ahk_outer,93,ru_ahk_outer__00093
94,CC(=O)c1ccccc1,C[C@@H](O)c1ccccc1,Ru,COc1ccc(C(N)(c2ccc(OC)cc2)[C@@H](N)C(C)C)cc1.Cc1cc(C)cc(P(c2cc(C)cc(C)c2)c2ccc3ccccc3c2-c2c(P(c3cc(C)cc(C)c3)c3cc(C)cc(C)c3)ccc3ccccc23)c1,CO,CC(C)(C)[O-].[K+],50.0,35.0,10000.0,3.2413852753914467,ru_ahk_outer,94,ru_ahk_outer__00094
95,CC(=O)c1ccccc1,C[C@@H](O)c1ccccc1,Ru,COc1ccc(C(N)(c2ccc(OC)cc2)[C@@H](N)C(C)C)cc1.Cc1cc(C)cc(P(c2cc(C)cc(C)c2)c2ccc3ccccc3c2-c2c(P(c3cc(C)cc(C)c3)c3cc(C)cc(C)c3)ccc3ccccc23)c1,CCO,CC(C)(C)[O-].[K+],50.0,35.0,100000.0,3.2413852753914467,ru_ahk_outer,95,ru_ahk_outer__00095
96,CC(=O)c1ccccc1,C[C@@H](O)c1ccccc1,Ru,COc1ccc(C(N)(c2ccc(OC)cc2)[C@@H](N)C(C)C)cc1.Cc1cc(C)cc(P(c2cc(C)cc(C)c2)c2ccc3ccccc3c2-c2c(P(c3cc(C)cc(C)c3)c3cc(C)cc(C)c3)ccc3ccccc23)c1,ClCCl,C1CCC2=NCCCN2CC1,10.0,35.0,4000.0,3.2413852753914467,ru_ahk_outer,96,ru_ahk_outer__00096
98,CC(=O)c1ccccc1,C[C@H](O)c1ccccc1,Ru,COc1cc(P(c2cc(C)cc(C)c2)c2cc(C)cc(C)c2)c(-c2c(P(c3cc(C)cc(C)c3)c3cc(C)cc(C)c3)cc(OC)nc2OC)c(OC)n1,CC(C)O,CC(C)(C)[O-].[K+],34.02,26.5,49999.99999999999,3.215012602828856,ru_ahk_outer,98,ru_ahk_outer__00098
99,CC(=O)c1ccccc1,C[C@H](O)c1ccccc1,Ru,COc1cc(P(c2cc(C)cc(C)c2)c2cc(C)cc(C)c2)c(-c2c(P(c3cc(C)cc(C)c3)c3cc(C)cc(C)c3)cc(OC)nc2OC)c(OC)n1,CC(C)O,CC(C)(C)[O-].[K+],34.02,26.5,100000.0,3.215012602828856,ru_ahk_outer,99,ru_ahk_outer__00099
101,CC(=O)c1cccc2ccccc12,C[C@H](O)c1cccc2ccccc12,Ru,Cc1cc(C)cc(P(c2cc(C)cc(C)c2)c2cc(C)c3cc(C)ccc3c2-c2c(P(c3cc(C)cc(C)c3)c3cc(C)cc(C)c3)cc(C)c3cc(C)ccc23)c1.N[C@H](c1ccccc1)[C@H](N)c1ccccc1,CC(C)O,CC(C)(C)[O-].[K+],48.3,25.0,1000.0,3.1989187636690253,ru_ahk_outer,101,ru_ahk_outer__00101
102,CC(=O)c1ccc(C(C)(C)C)cc1,C[C@H](O)c1ccc(C(C)(C)C)cc1,Ru,N[C@H](c1ccccc1)[C@H](N)c1ccccc1.O=P(O)(O)c1cc(P(c2ccccc2)c2ccccc2)c(-c2c(P(c3ccccc3)c3ccccc3)cc(P(=O)(O)O)c3ccccc23)c2ccccc12,CC(C)O,CC(C)(C)[O-].[K+],47.62,25.0,1000.0,3.1989187636690253,ru_ahk_outer,102,ru_ahk_outer__00102
109,O=C(CCN1CCC(=C2c3ccc(Cl)cc3CCc3cccnc32)CC1)c1ccccc1,O[C@H](CCN1CCC(=C2c3ccc(Cl)cc3CCc3cccnc32)CC1)c1ccccc1,Ru,CP(C)CCP(C)C.Cc1cc(C)c([C@@H](NCCP(c2ccccc2)c2ccccc2)c2ccccc2)c(C)c1,C1CCOC1,C[O-].[K+],50.0,30.0,100.0,3.1887909986529843,ru_ahk_outer,109,ru_ahk_outer__00109
113,COc1ccccc1C(=O)c1ccccc1,COc1ccccc1[C@@H](O)c1ccccc1,Ru,COc1ccc(C(N)(c2ccc(OC)cc2)[C@@H](N)C(C)C)cc1.Cc1cc(C)cc(P(c2cc(C)cc(C)c2)c2ccc3ccccc3c2-c2c(P(c3cc(C)cc(C)c3)c3cc(C)cc(C)c3)ccc3ccccc23)c1,CC(C)O,CC(C)(C)[O-].[K+],8.0,28.0,2000.0,3.167753287957599,ru_ahk_outer,113,ru_ahk_outer__00113
116,CC(=O)c1ccccc1,C[C@H](O)c1ccccc1,Ru,COc1cc(P(c2cc(C)cc(C)c2)c2cc(C)cc(C)c2)c(-c2c(P(c3cc(C)cc(C)c3)c3cc(C)cc(C)c3)cc(OC)nc2OC)c(OC)n1,CC(C)O,CC(C)(C)[O-].[K+],20.41,26.5,1995.307037846984,3.15197500493606,ru_ahk_outer,116,ru_ahk_outer__00116
117,CC(=O)c1nccc2ccccc12,C[C@H](O)c1nccc2ccccc12,Ru,Cc1ccccc1[C@@H](N[C@@H](C)[C]12[CH]3[CH]4[CH]5[C]1(P(c1ccccc1)c1ccccc1)[Fe]43521678[CH]2[CH]1[CH]6[C]7(P(c1ccccc1)c1ccccc1)[CH]28)c1ccccn1,COC(C)(C)C,C1CN=C2CCCN2C1,50.0,25.0,33.333333333333336,3.136196721914521,ru_ahk_outer,117,ru_ahk_outer__00117
118,CC(=O)c1cc2ccccc2cn1,C[C@H](O)c1cc2ccccc2cn1,Ru,Cc1ccccc1[C@@H](N[C@@H](C)[C]12[CH]3[CH]4[CH]5[C]1(P(c1ccccc1)c1ccccc1)[Fe]43521678[CH]2[CH]1[CH]6[C]7(P(c1ccccc1)c1ccccc1)[CH]28)c1ccccn1,COC(C)(C)C,C1CN=C2CCCN2C1,50.0,25.0,33.333333333333336,3.136196721914521,ru_ahk_outer,118,ru_ahk_outer__00118
119,CC(=O)c1ccc(Cl)cc1,C[C@H](O)c1ccc(Cl)cc1,Ru,Cc1cc(C)cc(P(c2cc(C)cc(C)c2)c2cccc3c2[C@]2(CC3)CCc3cccc(P(c4cc(C)cc(C)c4)c4ccc(C)cc4C)c32)c1.N[C@H](c1ccccc1)[C@H](N)c1ccccc1,CC(C)O,CC(C)(C)[O-].[K+],50.0,25.0,5000.0,3.136196721914521,ru_ahk_outer,119,ru_ahk_outer__00119
120,CC(=O)c1ccc(Br)cc1,C[C@H](O)c1ccc(Br)cc1,Ru,Cc1cc(C)cc(P(c2cc(C)cc(C)c2)c2cccc3c2[C@]2(CC3)CCc3cccc(P(c4cc(C)cc(C)c4)c4ccc(C)cc4C)c32)c1.N[C@H](c1ccccc1)[C@H](N)c1ccccc1,CC(C)O,CC(C)(C)[O-].[K+],50.0,25.0,5000.0,3.136196721914521,ru_ahk_outer,120,ru_ahk_outer__00120
121,CC(=O)c1ccccc1,C[C@H](O)c1ccccc1,Ru,Cc1cc(C)cc(P(c2cc(C)cc(C)c2)c2cccc3c2[C@]2(CC3)CCc3cccc(P(c4cc(C)cc(C)c4)c4ccc(C)cc4C)c32)c1.N[C@H](c1ccccc1)[C@H](N)c1ccccc1,CC(C)O,CC(C)(C)[O-].[K+],50.0,25.0,5000.0,3.136196721914521,ru_ahk_outer,121,ru_ahk_outer__00121
123,CC(=O)c1ncccc1Cl,C[C@H](O)c1ncccc1Cl,Ru,Cc1ccccc1[C@@H](N[C@@H](C)[C]12[CH]3[CH]4[CH]5[C]1(P(c1ccccc1)c1ccccc1)[Fe]43521678[CH]2[CH]1[CH]6[C]7(P(c1ccccc1)c1ccccc1)[CH]28)c1ccccn1,COC(C)(C)C,C1CN=C2CCCN2C1,50.0,25.0,33.333333333333336,3.136196721914521,ru_ahk_outer,123,ru_ahk_outer__00123
125,CC(=O)c1ncccc1Br,C[C@H](O)c1ncccc1Br,Ru,Cc1ccccc1[C@@H](N[C@@H](C)[C]12[CH]3[CH]4[CH]5[C]1(P(c1ccccc1)c1ccccc1)[Fe]43521678[CH]2[CH]1[CH]6[C]7(P(c1ccccc1)c1ccccc1)[CH]28)c1ccccn1,COC(C)(C)C,C1CN=C2CCCN2C1,50.0,25.0,33.333333333333336,3.136196721914521,ru_ahk_outer,125,ru_ahk_outer__00125
127,CC(=O)c1cccc(C(F)(F)F)c1,C[C@H](O)c1cccc(C(F)(F)F)c1,Ru,Cc1cc(C)cc(P(c2cc(C)cc(C)c2)c2cccc3c2[C@]2(CC3)CCc3cccc(P(c4cc(C)cc(C)c4)c4ccc(C)cc4C)c32)c1.N[C@H](c1ccccc1)[C@H](N)c1ccccc1,CC(C)O,CC(C)(C)[O-].[K+],50.0,25.0,5000.0,3.136196721914521,ru_ahk_outer,127,ru_ahk_outer__00127
131,CC(=O)c1ncccc1Br,C[C@H](O)c1ncccc1Br,Ru,Cc1ccccc1[C@@H](N[C@@H](C)[C]12[CH]3[CH]4[CH]5[C]1(P(c1ccccc1)c1ccccc1)[Fe]43521678[CH]2[CH]1[CH]6[C]7(P(c1ccccc1)c1ccccc1)[CH]28)c1ccccn1,COC(C)(C)C,C1CN=C2CCCN2C1,50.0,25.0,100.0,3.136196721914521,ru_ahk_outer,131,ru_ahk_outer__00131
132,COc1ccnc(C(C)=O)c1,COc1ccnc([C@H](C)O)c1,Ru,Cc1ccccc1[C@@H](N[C@@H](C)[C]12[CH]3[CH]4[CH]5[C]1(P(c1ccccc1)c1ccccc1)[Fe]43521678[CH]2[CH]1[CH]6[C]7(P(c1ccccc1)c1ccccc1)[CH]28)c1ccccn1,COC(C)(C)C,C1CN=C2CCCN2C1,50.0,25.0,33.333333333333336,3.136196721914521,ru_ahk_outer,132,ru_ahk_outer__00132
137,O=C(Cn1ccnc1)c1ccccc1,O[C@H](Cn1ccnc1)c1ccccc1,Ru,COc1ccc(C(N)(c2ccc(OC)cc2)[C@@H](N)C(C)C)cc1.Cc1cc(C)cc(P(c2cc(C)cc(C)c2)c2ccc3ccccc3c2-c2c(P(c3cc(C)cc(C)c3)c3cc(C)cc(C)c3)ccc3ccccc23)c1,C1CCOC1,[K+].[OH-],50.0,25.0,100.0,3.136196721914521,ru_ahk_outer,137,ru_ahk_outer__00137
138,O=C(Cn1ccnc1)c1ccc(Cl)cc1Cl,O[C@H](Cn1ccnc1)c1ccc(Cl)cc1Cl,Ru,COc1ccc(C(N)(c2ccc(OC)cc2)[C@@H](N)C(C)C)cc1.Cc1cc(C)cc(P(c2cc(C)cc(C)c2)c2ccc3ccccc3c2-c2c(P(c3cc(C)cc(C)c3)c3cc(C)cc(C)c3)ccc3ccccc23)c1,C1CCOC1,[K+].[OH-],50.0,25.0,100.0,3.136196721914521,ru_ahk_outer,138,ru_ahk_outer__00138
139,O=C(Cn1ccnc1)c1ccc(Cl)cc1Cl,O[C@H](Cn1ccnc1)c1ccc(Cl)cc1Cl,Ru,COc1ccc(C(N)(c2ccc(OC)cc2)[C@@H](N)C(C)C)cc1.Cc1cc(C)cc(P(c2cc(C)cc(C)c2)c2ccc3ccccc3c2-c2c(P(c3cc(C)cc(C)c3)c3cc(C)cc(C)c3)ccc3ccccc23)c1,C1CCOC1,[K+].[OH-],50.0,25.0,2000.0,3.136196721914521,ru_ahk_outer,139,ru_ahk_outer__00139
140,O=C(Cn1ccnc1)c1ccc(Cl)cc1Cl,O[C@H](Cn1ccnc1)c1ccc(Cl)cc1Cl,Ru,COc1ccc(C(N)(c2ccc(OC)cc2)[C@@H](N)C(C)C)cc1.Cc1cc(C)cc(P(c2cc(C)cc(C)c2)c2ccc3ccccc3c2-c2c(P(c3cc(C)cc(C)c3)c3cc(C)cc(C)c3)ccc3ccccc23)c1,C1CCOC1,C[O-].[Na+],50.0,25.0,800.0,3.136196721914521,ru_ahk_outer,140,ru_ahk_outer__00140
141,O=C(Cn1ccnc1)c1ccc(Cl)cc1Cl,O[C@H](Cn1ccnc1)c1ccc(Cl)cc1Cl,Ru,COc1ccc(C(N)(c2ccc(OC)cc2)[C@@H](N)C(C)C)cc1.Cc1cc(C)cc(P(c2cc(C)cc(C)c2)c2ccc3ccccc3c2-c2c(P(c3cc(C)cc(C)c3)c3cc(C)cc(C)c3)ccc3ccccc23)c1,C1CCOC1,[K+].[OH-],50.0,25.0,800.0,3.136196721914521,ru_ahk_outer,141,ru_ahk_outer__00141
142,O=C(Cn1ccnc1)c1ccc(Cl)cc1Cl,O[C@H](Cn1ccnc1)c1ccc(Cl)cc1Cl,Ru,COc1ccc(C(N)(c2ccc(OC)cc2)[C@@H](N)C(C)C)cc1.Cc1cc(C)cc(P(c2cc(C)cc(C)c2)c2ccc3ccccc3c2-c2c(P(c3cc(C)cc(C)c3)c3cc(C)cc(C)c3)ccc3ccccc23)c1,C1CCOC1,[Na+].[OH-],50.0,25.0,800.0,3.136196721914521,ru_ahk_outer,142,ru_ahk_outer__00142
143,O=C(Cn1ccnc1)c1ccc(Cl)cc1Cl,O[C@H](Cn1ccnc1)c1ccc(Cl)cc1Cl,Ru,COc1ccc(C(N)(c2ccc(OC)cc2)[C@@H](N)C(C)C)cc1.Cc1cc(C)cc(P(c2cc(C)cc(C)c2)c2ccc3ccccc3c2-c2c(P(c3cc(C)cc(C)c3)c3cc(C)cc(C)c3)ccc3ccccc23)c1,CCOC(C)=O,CC(C)(C)[O-].[K+],50.0,25.0,200.0,3.136196721914521,ru_ahk_outer,143,ru_ahk_outer__00143
144,O=C(Cn1ccnc1)c1ccc(Cl)cc1Cl,O[C@H](Cn1ccnc1)c1ccc(Cl)cc1Cl,Ru,COc1ccc(C(N)(c2ccc(OC)cc2)[C@@H](N)C(C)C)cc1.Cc1cc(C)cc(P(c2cc(C)cc(C)c2)c2ccc3ccccc3c2-c2c(P(c3cc(C)cc(C)c3)c3cc(C)cc(C)c3)ccc3ccccc23)c1,C1CCOC1,CC(C)(C)[O-].[K+],50.0,25.0,200.0,3.136196721914521,ru_ahk_outer,144,ru_ahk_outer__00144
145,CC(=O)c1ncccc1C,Cc1cccnc1[C@H](C)O,Ru,Cc1ccccc1[C@@H](N[C@@H](C)[C]12[CH]3[CH]4[CH]5[C]1(P(c1ccccc1)c1ccccc1)[Fe]43521678[CH]2[CH]1[CH]6[C]7(P(c1ccccc1)c1ccccc1)[CH]28)c1ccccn1,COC(C)(C)C,C1CN=C2CCCN2C1,50.0,25.0,33.333333333333336,3.136196721914521,ru_ahk_outer,145,ru_ahk_outer__00145
146,CC(=O)c1cccc2ccccc12,C[C@H](O)c1cccc2ccccc12,Ru,N[C@H](c1ccccc1)[C@H](N)c1ccccc1.O=P(O)(O)c1cc(P(c2ccccc2)c2ccccc2)c(-c2c(P(c3ccccc3)c3ccccc3)cc(P(=O)(O)O)c3ccccc23)c2ccccc12,CC(C)O,CC(C)(C)[O-].[K+],47.62,25.0,1000.0,3.136196721914521,ru_ahk_outer,146,ru_ahk_outer__00146
148,CCC(=O)c1ccccn1,CC[C@H](O)c1ccccn1,Ru,Cc1ccccc1[C@@H](N[C@@H](C)[C]12[CH]3[CH]4[CH]5[C]1(P(c1ccccc1)c1ccccc1)[Fe]43521678[CH]2[CH]1[CH]6[C]7(P(c1ccccc1)c1ccccc1)[CH]28)c1ccccn1,COC(C)(C)C,C1CN=C2CCCN2C1,50.0,25.0,33.333333333333336,3.136196721914521,ru_ahk_outer,148,ru_ahk_outer__00148
152,O=C(Cn1ccnc1)c1ccco1,O[C@H](Cn1ccnc1)c1ccco1,Ru,COc1ccc(C(N)(c2ccc(OC)cc2)[C@@H](N)C(C)C)cc1.Cc1cc(C)cc(P(c2cc(C)cc(C)c2)c2ccc3ccccc3c2-c2c(P(c3cc(C)cc(C)c3)c3cc(C)cc(C)c3)ccc3ccccc23)c1,C1CCOC1,[K+].[OH-],50.0,25.0,100.0,3.136196721914521,ru_ahk_outer,152,ru_ahk_outer__00152
153,O=C(Cn1ccnc1)c1ccccn1,O[C@H](Cn1ccnc1)c1ccccn1,Ru,COc1ccc(C(N)(c2ccc(OC)cc2)[C@@H](N)C(C)C)cc1.Cc1cc(C)cc(P(c2cc(C)cc(C)c2)c2ccc3ccccc3c2-c2c(P(c3cc(C)cc(C)c3)c3cc(C)cc(C)c3)ccc3ccccc23)c1,C1CCOC1,[K+].[OH-],50.0,25.0,100.0,3.136196721914521,ru_ahk_outer,153,ru_ahk_outer__00153
154,O=C(Cn1ccnc1)c1cccs1,O[C@H](Cn1ccnc1)c1cccs1,Ru,COc1ccc(C(N)(c2ccc(OC)cc2)[C@@H](N)C(C)C)cc1.Cc1cc(C)cc(P(c2cc(C)cc(C)c2)c2ccc3ccccc3c2-c2c(P(c3cc(C)cc(C)c3)c3cc(C)cc(C)c3)ccc3ccccc23)c1,C1CCOC1,[K+].[OH-],50.0,25.0,100.0,3.136196721914521,ru_ahk_outer,154,ru_ahk_outer__00154
155,O=C(Cn1ccnc1)c1ccc2ccccc2c1,O[C@H](Cn1ccnc1)c1ccc2ccccc2c1,Ru,COc1ccc(C(N)(c2ccc(OC)cc2)[C@@H](N)C(C)C)cc1.Cc1cc(C)cc(P(c2cc(C)cc(C)c2)c2ccc3ccccc3c2-c2c(P(c3cc(C)cc(C)c3)c3cc(C)cc(C)c3)ccc3ccccc23)c1,C1CCOC1,[K+].[OH-],50.0,25.0,100.0,3.136196721914521,ru_ahk_outer,155,ru_ahk_outer__00155
156,COC(=O)/C=C/c1cn(CC(=O)c2ccc(Cl)cc2Cl)cn1,COC(=O)/C=C/c1cn(C[C@@H](O)c2ccc(Cl)cc2Cl)cn1,Ru,COc1ccc(C(N)(c2ccc(OC)cc2)[C@@H](N)C(C)C)cc1.Cc1cc(C)cc(P(c2cc(C)cc(C)c2)c2ccc3ccccc3c2-c2c(P(c3cc(C)cc(C)c3)c3cc(C)cc(C)c3)ccc3ccccc23)c1,C1CCOC1,[K+].[OH-],50.0,25.0,100.0,3.136196721914521,ru_ahk_outer,156,ru_ahk_outer__00156
157,O=C(Cn1ccnn1)c1ccc(Cl)cc1Cl,O[C@H](Cn1ccnn1)c1ccc(Cl)cc1Cl,Ru,COc1ccc(C(N)(c2ccc(OC)cc2)[C@@H](N)C(C)C)cc1.Cc1cc(C)cc(P(c2cc(C)cc(C)c2)c2ccc3ccccc3c2-c2c(P(c3cc(C)cc(C)c3)c3cc(C)cc(C)c3)ccc3ccccc23)c1,C1CCOC1,[K+].[OH-],50.0,25.0,100.0,3.136196721914521,ru_ahk_outer,157,ru_ahk_outer__00157
158,Cc1ccccc1C(=O)Cn1ccnc1,Cc1ccccc1[C@H](O)Cn1ccnc1,Ru,COc1ccc(C(N)(c2ccc(OC)cc2)[C@@H](N)C(C)C)cc1.Cc1cc(C)cc(P(c2cc(C)cc(C)c2)c2ccc3ccccc3c2-c2c(P(c3cc(C)cc(C)c3)c3cc(C)cc(C)c3)ccc3ccccc23)c1,C1CCOC1,[K+].[OH-],50.0,25.0,100.0,3.136196721914521,ru_ahk_outer,158,ru_ahk_outer__00158
159,COc1ccccc1C(=O)Cn1ccnc1,COc1ccccc1[C@H](O)Cn1ccnc1,Ru,COc1ccc(C(N)(c2ccc(OC)cc2)[C@@H](N)C(C)C)cc1.Cc1cc(C)cc(P(c2cc(C)cc(C)c2)c2ccc3ccccc3c2-c2c(P(c3cc(C)cc(C)c3)c3cc(C)cc(C)c3)ccc3ccccc23)c1,C1CCOC1,[K+].[OH-],50.0,25.0,100.0,3.136196721914521,ru_ahk_outer,159,ru_ahk_outer__00159
160,O=C(Cn1ccnc1)c1ccccc1Br,O[C@H](Cn1ccnc1)c1ccccc1Br,Ru,COc1ccc(C(N)(c2ccc(OC)cc2)[C@@H](N)C(C)C)cc1.Cc1cc(C)cc(P(c2cc(C)cc(C)c2)c2ccc3ccccc3c2-c2c(P(c3cc(C)cc(C)c3)c3cc(C)cc(C)c3)ccc3ccccc23)c1,C1CCOC1,[K+].[OH-],50.0,25.0,100.0,3.136196721914521,ru_ahk_outer,160,ru_ahk_outer__00160
161,O=C(Cn1ccnc1)c1cccc(Cl)c1,O[C@H](Cn1ccnc1)c1cccc(Cl)c1,Ru,COc1ccc(C(N)(c2ccc(OC)cc2)[C@@H](N)C(C)C)cc1.Cc1cc(C)cc(P(c2cc(C)cc(C)c2)c2ccc3ccccc3c2-c2c(P(c3cc(C)cc(C)c3)c3cc(C)cc(C)c3)ccc3ccccc23)c1,C1CCOC1,[K+].[OH-],50.0,25.0,100.0,3.136196721914521,ru_ahk_outer,161,ru_ahk_outer__00161
162,Cc1ccc(C(=O)Cn2ccnc2)cc1,Cc1ccc([C@H](O)Cn2ccnc2)cc1,Ru,COc1ccc(C(N)(c2ccc(OC)cc2)[C@@H](N)C(C)C)cc1.Cc1cc(C)cc(P(c2cc(C)cc(C)c2)c2ccc3ccccc3c2-c2c(P(c3cc(C)cc(C)c3)c3cc(C)cc(C)c3)ccc3ccccc23)c1,C1CCOC1,[K+].[OH-],50.0,25.0,100.0,3.136196721914521,ru_ahk_outer,162,ru_ahk_outer__00162
163,CC(C)(C)c1ccc(C(=O)Cn2ccnc2)cc1,CC(C)(C)c1ccc([C@H](O)Cn2ccnc2)cc1,Ru,COc1ccc(C(N)(c2ccc(OC)cc2)[C@@H](N)C(C)C)cc1.Cc1cc(C)cc(P(c2cc(C)cc(C)c2)c2ccc3ccccc3c2-c2c(P(c3cc(C)cc(C)c3)c3cc(C)cc(C)c3)ccc3ccccc23)c1,C1CCOC1,[K+].[OH-],50.0,25.0,100.0,3.136196721914521,ru_ahk_outer,163,ru_ahk_outer__00163
164,O=C(Cn1ccnc1)c1ccc(F)cc1,O[C@H](Cn1ccnc1)c1ccc(F)cc1,Ru,COc1ccc(C(N)(c2ccc(OC)cc2)[C@@H](N)C(C)C)cc1.Cc1cc(C)cc(P(c2cc(C)cc(C)c2)c2ccc3ccccc3c2-c2c(P(c3cc(C)cc(C)c3)c3cc(C)cc(C)c3)ccc3ccccc23)c1,C1CCOC1,[K+].[OH-],50.0,25.0,100.0,3.136196721914521,ru_ahk_outer,164,ru_ahk_outer__00164
166,O=C(Cn1ccnc1)c1ccc(Cl)cc1Cl,O[C@H](Cn1ccnc1)c1ccc(Cl)cc1Cl,Ru,COc1ccc(C(N)(c2ccc(OC)cc2)[C@@H](N)C(C)C)cc1.Cc1cc(C)cc(P(c2cc(C)cc(C)c2)c2ccc3ccccc3c2-c2c(P(c3cc(C)cc(C)c3)c3cc(C)cc(C)c3)ccc3ccccc23)c1,CC(C)O,CC(C)(C)[O-].[K+],50.0,25.0,100.0,3.136196721914521,ru_ahk_outer,166,ru_ahk_outer__00166
167,O=C(Cn1ncnn1)c1ccccc1Cl,O[C@H](Cn1ncnn1)c1ccccc1Cl,Ru,COc1ccc(C(N)(c2ccc(OC)cc2)[C@@H](N)C(C)C)cc1.Cc1cc(C)cc(P(c2cc(C)cc(C)c2)c2ccc3ccccc3c2-c2c(P(c3cc(C)cc(C)c3)c3cc(C)cc(C)c3)ccc3ccccc23)c1,C1CCOC1,O=C([O-])[O-].[Cs+].[Cs+],50.0,25.0,100.0,3.136196721914521,ru_ahk_outer,167,ru_ahk_outer__00167
171,O=C(Cn1ccnc1)c1ccc(C(F)(F)F)cc1,O[C@H](Cn1ccnc1)c1ccc(C(F)(F)F)cc1,Ru,COc1ccc(C(N)(c2ccc(OC)cc2)[C@@H](N)C(C)C)cc1.Cc1cc(C)cc(P(c2cc(C)cc(C)c2)c2ccc3ccccc3c2-c2c(P(c3cc(C)cc(C)c3)c3cc(C)cc(C)c3)ccc3ccccc23)c1,C1CCOC1,[K+].[OH-],50.0,25.0,100.0,3.136196721914521,ru_ahk_outer,171,ru_ahk_outer__00171
178,O=C(Cn1cnc2ccccc21)c1ccc(Cl)cc1Cl,O[C@H](Cn1cnc2ccccc21)c1ccc(Cl)cc1Cl,Ru,COc1ccc(C(N)(c2ccc(OC)cc2)[C@@H](N)C(C)C)cc1.Cc1cc(C)cc(P(c2cc(C)cc(C)c2)c2ccc3ccccc3c2-c2c(P(c3cc(C)cc(C)c3)c3cc(C)cc(C)c3)ccc3ccccc23)c1,C1CCOC1,[K+].[OH-],50.0,25.0,100.0,3.136196721914521,ru_ahk_outer,178,ru_ahk_outer__00178
179,O=C(Cn1ccnc1)c1ccc(Cl)cc1Cl,O[C@H](Cn1ccnc1)c1ccc(Cl)cc1Cl,Ru,COc1ccc(C(N)(c2ccc(OC)cc2)[C@@H](N)C(C)C)cc1.Cc1cc(C)cc(P(c2cc(C)cc(C)c2)c2ccc3ccccc3c2-c2c(P(c3cc(C)cc(C)c3)c3cc(C)cc(C)c3)ccc3ccccc23)c1,ClCCl,CC(C)(C)[O-].[K+],50.0,25.0,200.0,3.136196721914521,ru_ahk_outer,179,ru_ahk_outer__00179
180,O=C1CCn2ccnc21,O[C@@H]1CCn2ccnc21,Ru,COc1ccc(C(N)(c2ccc(OC)cc2)[C@@H](N)C(C)C)cc1.Cc1cc(C)cc(P(c2cc(C)cc(C)c2)c2ccc3ccccc3c2-c2c(P(c3cc(C)cc(C)c3)c3cc(C)cc(C)c3)ccc3ccccc23)c1,C1CCOC1,[K+].[OH-],50.0,25.0,100.0,3.136196721914521,ru_ahk_outer,180,ru_ahk_outer__00180
181,O=C(Cn1ccnc1)c1ccc(Cl)cc1,O[C@H](Cn1ccnc1)c1ccc(Cl)cc1,Ru,COc1ccc(C(N)(c2ccc(OC)cc2)[C@@H](N)C(C)C)cc1.Cc1cc(C)cc(P(c2cc(C)cc(C)c2)c2ccc3ccccc3c2-c2c(P(c3cc(C)cc(C)c3)c3cc(C)cc(C)c3)ccc3ccccc23)c1,C1CCOC1,[K+].[OH-],50.0,25.0,100.0,3.136196721914521,ru_ahk_outer,181,ru_ahk_outer__00181
182,COC(=O)c1ccc(C(=O)Cn2ccnc2)cc1,COC(=O)c1ccc([C@H](O)Cn2ccnc2)cc1,Ru,COc1ccc(C(N)(c2ccc(OC)cc2)[C@@H](N)C(C)C)cc1.Cc1cc(C)cc(P(c2cc(C)cc(C)c2)c2ccc3ccccc3c2-c2c(P(c3cc(C)cc(C)c3)c3cc(C)cc(C)c3)ccc3ccccc23)c1,C1CCOC1,[K+].[OH-],50.0,25.0,100.0,3.136196721914521,ru_ahk_outer,182,ru_ahk_outer__00182
190,CC(C)(C)OC(=O)N1CCC(C(=O)c2ccc(F)cc2)CC1,CC(C)(C)OC(=O)N1CCC([C@H](O)c2ccc(F)cc2)CC1,Ru,CN(C)C[C@H](N)c1ccccc1.Cc1ccc(P(c2ccc(C)cc2)c2ccc3ccccc3c2-c2c(P(c3ccc(C)cc3)c3ccc(C)cc3)ccc3ccccc23)cc1,CC(C)O,CC(C)(C)[O-].[K+],8.0,25.0,400.0,3.136196721914521,ru_ahk_outer,190,ru_ahk_outer__00190
214,COc1cccc(C(C)=O)c1,COc1cccc([C@H](C)O)c1,Ru,COc1cc(P(c2cc(C)cc(C)c2)c2cc(C)cc(C)c2)c(-c2c(P(c3cc(C)cc(C)c3)c3cc(C)cc(C)c3)cc(OC)nc2OC)c(OC)n1,CC(C)O,CC(C)(C)[O-].[K+],20.41,26.5,4000.0,3.0428102362294487,ru_ahk_outer,214,ru_ahk_outer__00214
215,CC(=O)c1ccc(C)cc1,Cc1ccc([C@H](C)O)cc1,Ru,COc1cc(P(c2cc(C)cc(C)c2)c2cc(C)cc(C)c2)c(-c2c(P(c3cc(C)cc(C)c3)c3cc(C)cc(C)c3)cc(OC)nc2OC)c(OC)n1,CC(C)O,CC(C)(C)[O-].[K+],20.41,26.5,20000.0,3.0428102362294487,ru_ahk_outer,215,ru_ahk_outer__00215
217,COc1ccc(C(C)=O)cc1,COc1ccc([C@H](C)O)cc1,Ru,COc1cc(P(c2cc(C)cc(C)c2)c2cc(C)cc(C)c2)c(-c2c(P(c3cc(C)cc(C)c3)c3cc(C)cc(C)c3)cc(OC)nc2OC)c(OC)n1,CC(C)O,CC(C)(C)[O-].[K+],20.41,26.5,20000.0,2.9948480421507027,ru_ahk_outer,217,ru_ahk_outer__00217
219,CCC(=O)c1ccccc1,CC[C@H](O)c1ccccc1,Ru,Cc1cc(C)cc(P(c2cc(C)cc(C)c2)c2cc(C)c3cc(C)ccc3c2-c2c(P(c3cc(C)cc(C)c3)c3cc(C)cc(C)c3)cc(C)c3cc(C)ccc23)c1.N[C@H](c1ccccc1)[C@H](N)c1ccccc1,CC(C)O,CC(C)(C)[O-].[K+],48.3,25.0,1000.0,2.9798563115876253,ru_ahk_outer,219,ru_ahk_outer__00219
225,CC(=O)c1ccccc1,C[C@H](O)c1ccccc1,Ru,COc1cc(P(c2cc(C)cc(C)c2)c2cc(C)cc(C)c2)c(-c2c(P(c3cc(C)cc(C)c3)c3cc(C)cc(C)c3)cc(OC)nc2OC)c(OC)n1,CC(C)O,CC(C)(C)[O-].[K+],34.02,26.5,1995.307037846984,2.9090369105391654,ru_ahk_outer,225,ru_ahk_outer__00225
226,CC(=O)c1ccccc1,C[C@H](O)c1ccccc1,Ru,Cc1cc(C)cc(P(c2cc(C)cc(C)c2)c2cc(C)c3cc(C)ccc3c2-c2c(P(c3cc(C)cc(C)c3)c3cc(C)cc(C)c3)cc(C)c3cc(C)ccc23)c1.N[C@H](c1ccccc1)[C@H](N)c1ccccc1,CC(C)O,CC(C)(C)[O-].[K+],48.3,25.0,1000.0,2.8944747367837547,ru_ahk_outer,226,ru_ahk_outer__00226
235,CC(=O)c1ccccc1I,C[C@@H](O)c1ccccc1I,Ru,Brc1ccccc1-p1oc2ccc3ccccc3c2c2c(ccc3ccccc32)o1.N[C@@H](c1ccccc1)[C@@H](N)c1ccccc1,CC(C)O,CC(C)(C)[O-].[K+],60.0,0.0,2000.0,2.873225338222209,ru_ahk_outer,235,ru_ahk_outer__00235
237,CC(=O)c1cccc2ccccc12,C[C@@H](O)c1cccc2ccccc12,Ru,Brc1ccccc1-p1oc2ccc3ccccc3c2c2c(ccc3ccccc32)o1.N[C@@H](c1ccccc1)[C@@H](N)c1ccccc1,CC(C)O,CC(C)(C)[O-].[K+],50.0,0.0,2000.0,2.873225338222209,ru_ahk_outer,237,ru_ahk_outer__00237
238,CC(=O)c1ccccc1Br,C[C@@H](O)c1ccccc1Br,Ru,Brc1ccccc1-p1oc2ccc3ccccc3c2c2c(ccc3ccccc32)o1.N[C@@H](c1ccccc1)[C@@H](N)c1ccccc1,CC(C)O,CC(C)(C)[O-].[K+],50.0,0.0,2000.0,2.873225338222209,ru_ahk_outer,238,ru_ahk_outer__00238
239,CC(=O)c1ccccc1,C[C@H](O)c1ccccc1,Ru,COc1cc(P(c2cc(C)cc(C)c2)c2cc(C)cc(C)c2)c(-c2c(P(c3cc(C)cc(C)c3)c3cc(C)cc(C)c3)cc(OC)nc2OC)c(OC)n1,CC(C)O,CC(C)(C)[O-].[K+],0.95,26.5,1995.307037846984,2.8703064559165927,ru_ahk_outer,239,ru_ahk_outer__00239
241,CC(=O)c1ccccc1,C[C@H](O)c1ccccc1,Ru,Cc1cc(C)cc(P(c2cc(C)cc(C)c2)c2cccc3c2[C@]2(CC3)CCc3cccc(P(c4cc(C)cc(C)c4)c4ccc(C)cc4C)c32)c1.N[C@H](c1ccccc1)[C@H](N)c1ccccc1,CC(C)O,CC(C)(C)[O-].[K+],100.0,40.0,100000.0,2.859504851341601,ru_ahk_outer,241,ru_ahk_outer__00241
248,CC(=O)c1ccccc1,C[C@H](O)c1ccccc1,Ru,Cc1cc(C)cc(P(c2cc(C)cc(C)c2)c2cccc3c2[C@]2(CC3)CCc3cccc(P(c4cc(C)cc(C)c4)c4ccc(C)cc4C)c32)c1.N[C@H](c1ccccc1)[C@H](N)c1ccccc1,CC(C)O,CC(C)(C)[O-].[K+],50.0,40.0,100000.0,2.859504851341601,ru_ahk_outer,248,ru_ahk_outer__00248
262,CN(C)CCC(=O)c1ccccc1,CN(C)CC[C@H](O)c1ccccc1,Ru,Cc1cc(C)cc(P(c2cc(C)cc(C)c2)c2cc(C)c3cc(C)ccc3c2-c2c(P(c3cc(C)cc(C)c3)c3cc(C)cc(C)c3)cc(C)c3cc(C)ccc23)c1.N[C@H](c1ccccc1)[C@H](N)c1ccccc1,CC(C)O,CC(C)(C)[O-].[K+],48.3,25.0,1000.0,2.819720355421228,ru_ahk_outer,262,ru_ahk_outer__00262
265,CC(=O)c1ccccc1,C[C@@H](O)c1ccccc1,Ru,COc1ccc(C(N)(c2ccc(OC)cc2)[C@@H](N)C(C)C)cc1.Cc1cc(C)cc(P(c2cc(C)cc(C)c2)c2ccc3ccccc3c2-c2c(P(c3cc(C)cc(C)c3)c3cc(C)cc(C)c3)ccc3ccccc23)c1,CC(C)O,C1CCC2=NCCCN2CC1,10.0,35.0,1000.0,2.813847740510664,ru_ahk_outer,265,ru_ahk_outer__00265
266,CC(=O)c1ccccc1,C[C@@H](O)c1ccccc1,Ru,COc1ccc(C(N)(c2ccc(OC)cc2)[C@@H](N)C(C)C)cc1.Cc1cc(C)cc(P(c2cc(C)cc(C)c2)c2ccc3ccccc3c2-c2c(P(c3cc(C)cc(C)c3)c3cc(C)cc(C)c3)ccc3ccccc23)c1,CC(C)O,CC(C)(C)[O-].[K+],50.0,35.0,33003.300330033,2.813847740510664,ru_ahk_outer,266,ru_ahk_outer__00266
295,Cc1ccc(C(=O)c2ccccc2Br)cc1,Cc1ccc([C@H](O)c2ccccc2Br)cc1,Ru,COc1ccc(C(N)(c2ccc(OC)cc2)[C@@H](N)C(C)C)cc1.Cc1cc(C)cc(P(c2cc(C)cc(C)c2)c2ccc3ccccc3c2-c2c(P(c3cc(C)cc(C)c3)c3cc(C)cc(C)c3)ccc3ccccc23)c1,CC(C)O,CC(C)(C)[O-].[K+],8.0,28.0,2000.0,2.749927785347352,ru_ahk_outer,295,ru_ahk_outer__00295
298,O=C(Cc1ccccc1)c1ccccc1,O[C@@H](Cc1ccccc1)c1ccccc1,Ru,Cc1cc(C)cc(P(c2cc(C)cc(C)c2)c2cccc3c2[C@]2(CC3)CCc3cccc(P(c4cc(C)cc(C)c4)c4ccc(C)cc4C)c32)c1.N[C@H](c1ccccc1)[C@H](N)c1ccccc1,CC(C)O,CC(C)(C)[O-].[K+],50.0,25.0,5000.0,2.7225335188487896,ru_ahk_outer,298,ru_ahk_outer__00298
299,CC(=O)c1ccco1,C[C@H](O)c1ccco1,Ru,Cc1cc(C)cc(P(c2cc(C)cc(C)c2)c2cccc3c2[C@]2(CC3)CCc3cccc(P(c4cc(C)cc(C)c4)c4ccc(C)cc4C)c32)c1.N[C@H](c1ccccc1)[C@H](N)c1ccccc1,CC(C)O,CC(C)(C)[O-].[K+],50.0,25.0,5000.0,2.7225335188487896,ru_ahk_outer,299,ru_ahk_outer__00299
300,CC(=O)c1ccccc1,C[C@H](O)c1ccccc1,Ru,Cc1cc(C)cc(P(c2cc(C)cc(C)c2)c2cccc3c2[C@]2(CC3)CCc3cccc(P(c4cc(C)cc(C)c4)c4ccc(C)cc4C)c32)c1.N[C@H](c1ccccc1)[C@H](N)c1ccccc1,CC(C)O,CC(C)(C)[O-].[K+],60.0,25.0,10000.0,2.7225335188487896,ru_ahk_outer,300,ru_ahk_outer__00300
301,CC(=O)c1ccccc1Cl,C[C@H](O)c1ccccc1Cl,Ru,Cc1cc(C)cc(P(c2cc(C)cc(C)c2)c2cccc3c2[C@]2(CC3)CCc3cccc(P(c4cc(C)cc(C)c4)c4ccc(C)cc4C)c32)c1.N[C@H](c1ccccc1)[C@H](N)c1ccccc1,CC(C)O,CC(C)(C)[O-].[K+],50.0,25.0,5000.0,2.7225335188487896,ru_ahk_outer,301,ru_ahk_outer__00301
303,CC(=O)c1cccs1,C[C@H](O)c1cccs1,Ru,Cc1cc(C)cc(P(c2cc(C)cc(C)c2)c2cccc3c2[C@]2(CC3)CCc3cccc(P(c4cc(C)cc(C)c4)c4ccc(C)cc4C)c32)c1.N[C@H](c1ccccc1)[C@H](N)c1ccccc1,CC(C)O,CC(C)(C)[O-].[K+],50.0,25.0,5000.0,2.7225335188487896,ru_ahk_outer,303,ru_ahk_outer__00303
305,COc1ccc(C(C)=O)cc1,COc1ccc([C@H](C)O)cc1,Ru,Cc1cc(C)cc(P(c2cc(C)cc(C)c2)c2cccc3c2[C@]2(CC3)CCc3cccc(P(c4cc(C)cc(C)c4)c4ccc(C)cc4C)c32)c1.N[C@H](c1ccccc1)[C@H](N)c1ccccc1,CC(C)O,CC(C)(C)[O-].[K+],50.0,25.0,5000.0,2.7225335188487896,ru_ahk_outer,305,ru_ahk_outer__00305
308,CCOC(OCC)C(=O)c1ccc(OC)cc1,CCOC(OCC)[C@H](O)c1ccc(OC)cc1,Ru,CN(C)C[C@H](N)c1ccccc1.Cc1ccc(P(c2ccc(C)cc2)c2ccc3ccccc3c2-c2c(P(c3ccc(C)cc3)c3ccc(C)cc3)ccc3ccccc23)cc1,CC(C)O,CC(C)(C)[O-].[K+],8.0,25.0,1000.0,2.7225335188487896,ru_ahk_outer,308,ru_ahk_outer__00308
311,COc1cccc2c1CCCC2=O,COc1cccc2c1CCC[C@H]2O,Ru,C[C@@H](N)[C@H]1OC(C)(C)O[C@@H]1[C@@H](C)N.Cc1ccc(P(c2ccc(C)cc2)c2ccc3ccccc3c2-c2c(P(c3ccc(C)cc3)c3ccc(C)cc3)ccc3ccccc23)cc1,CC(C)O,CC(C)(C)[O-].[K+],9.0,25.0,54945.05494505495,2.7225335188487896,ru_ahk_outer,311,ru_ahk_outer__00311
315,COc1cccc2c1CCCC2=O,COc1cccc2c1CCC[C@H]2O,Ru,C[C@@H](N)[C@H]1OC(C)(C)O[C@@H]1[C@@H](C)N.Cc1ccc(P(c2ccc(C)cc2)c2ccc3ccccc3c2-c2c(P(c3ccc(C)cc3)c3ccc(C)cc3)ccc3ccccc23)cc1,CC(C)O,CC(C)(C)[O-].[K+],9.0,25.0,10000.0,2.7225335188487896,ru_ahk_outer,315,ru_ahk_outer__00315
319,CC(=O)[C]12[CH]3[CH]4[CH]5[CH]1[Fe]45321678[CH]2[CH]1[CH]6[CH]7[CH]28,C[C@H](O)[C]12[CH]3[CH]4[CH]5[CH]1[Fe]45321678[CH]2[CH]1[CH]6[CH]7[CH]28,Ru,Cc1cc(C)cc(P(c2cc(C)cc(C)c2)c2cccc3c2[C@]2(CC3)CCc3cccc(P(c4cc(C)cc(C)c4)c4ccc(C)cc4C)c32)c1.N[C@H](c1ccccc1)[C@H](N)c1ccccc1,CC(C)O,CC(C)(C)[O-].[K+],50.0,25.0,5000.0,2.7225335188487896,ru_ahk_outer,319,ru_ahk_outer__00319
324,O=C(Cn1ccnc1)c1ccc(Cl)cc1Cl,O[C@H](Cn1ccnc1)c1ccc(Cl)cc1Cl,Ru,COc1ccc(C(N)(c2ccc(OC)cc2)[C@@H](N)C(C)C)cc1.Cc1cc(C)cc(P(c2cc(C)cc(C)c2)c2ccc3ccccc3c2-c2c(P(c3cc(C)cc(C)c3)c3cc(C)cc(C)c3)ccc3ccccc23)c1,C1CCOC1,C[O-].[K+],50.0,25.0,800.0,2.7225335188487896,ru_ahk_outer,324,ru_ahk_outer__00324
335,CC(=O)c1cccc2ccccc12,C[C@H](O)c1cccc2ccccc12,Ru,N[C@H](c1ccccc1)[C@H](N)c1ccccc1.c1ccc(-c2cc(P(c3ccccc3)c3ccccc3)c(-c3c(P(c4ccccc4)c4ccccc4)cc(-c4ccccc4)c4ccccc34)c3ccccc23)cc1,CC(C)O,CC(C)(C)[O-].[K+],47.62,25.0,1000.0,2.693326833062426,ru_ahk_outer,335,ru_ahk_outer__00335
336,CC(=O)c1cccc2ccccc12,C[C@H](O)c1cccc2ccccc12,Ru,Clc1cc(P(c2ccccc2)c2ccccc2)c(-c2c(P(c3ccccc3)c3ccccc3)cc(Cl)c3ccccc23)c2ccccc12.N[C@H](c1ccccc1)[C@H](N)c1ccccc1,CC(C)O,CC(C)(C)[O-].[K+],47.62,25.0,1000.0,2.693326833062426,ru_ahk_outer,336,ru_ahk_outer__00336
338,CC(=O)c1ccc2ccccc2c1,C[C@H](O)c1ccc2ccccc2c1,Ru,N[C@H](c1ccccc1)[C@H](N)c1ccccc1.O=P(O)(O)c1cc(P(c2ccccc2)c2ccccc2)c(-c2c(P(c3ccccc3)c3ccccc3)cc(P(=O)(O)O)c3ccccc23)c2ccccc12,CC(C)O,CC(C)(C)[O-].[K+],47.62,25.0,1000.0,2.693326833062426,ru_ahk_outer,338,ru_ahk_outer__00338
340,CC(=O)C#C[Si](C)(C)C(C)(C)C,C[C@H](O)C#C[Si](C)(C)C(C)(C)C,Ru,Cc1ccc(S(=O)(=O)N[C@@H](c2ccccc2)[C@@H](N)c2ccccc2)cc1,CO,,10.0,50.0,1000.0,2.687192638451772,ru_ahk_outer,340,ru_ahk_outer__00340
344,O=C(CCN1CCN(c2ccccc2)CC1)c1ccccc1,O[C@H](CCN1CCN(c2ccccc2)CC1)c1ccccc1,Ru,CP(C)CCP(C)C.Cc1cc(C)c([C@@H](NCCP(c2ccccc2)c2ccccc2)c2ccccc2)c(C)c1,C1CCOC1,C[O-].[K+],50.0,30.0,100.0,2.68308183580509,ru_ahk_outer,344,ru_ahk_outer__00344
354,CCC(=O)c1ccccc1,CC[C@@H](O)c1ccccc1,Ru,COc1ccc(C(N)(c2ccc(OC)cc2)[C@@H](N)C(C)C)cc1.COc1ccc(P(c2ccc(OC)cc2)c2cc(OC)nc(OC)c2-c2c(P(c3ccc(OC)cc3)c3ccc(OC)cc3)cc(OC)nc2OC)cc1,CC(C)O,[K+].[OH-],30.0,25.0,2000.0,2.665465021952782,ru_ahk_outer,354,ru_ahk_outer__00354
355,CC(=O)c1cccc2ccccc12,C[C@H](O)c1cccc2ccccc12,Ru,Ic1cc(P(c2ccccc2)c2ccccc2)c(-c2c(P(c3ccccc3)c3ccccc3)cc(I)c3ccccc23)c2ccccc12.N[C@H](c1ccccc1)[C@H](N)c1ccccc1,CC(C)O,CC(C)(C)[O-].[K+],47.62,25.0,1000.0,2.665465021952782,ru_ahk_outer,355,ru_ahk_outer__00355
358,CC(=O)c1ccccc1C,Cc1ccccc1[C@H](C)O,Ru,COc1cc(P(c2cc(C)cc(C)c2)c2cc(C)cc(C)c2)c(-c2c(P(c3cc(C)cc(C)c3)c3cc(C)cc(C)c3)cc(OC)nc2OC)c(OC)n1,CC(C)O,CC(C)(C)[O-].[K+],20.41,26.5,4000.0,2.652104476658404,ru_ahk_outer,358,ru_ahk_outer__00358
359,CC(=O)c1ccc(C(F)(F)F)cc1,C[C@H](O)c1ccc(C(F)(F)F)cc1,Ru,COc1cc(P(c2cc(C)cc(C)c2)c2cc(C)cc(C)c2)c(-c2c(P(c3cc(C)cc(C)c3)c3cc(C)cc(C)c3)cc(OC)nc2OC)c(OC)n1,CC(C)O,CC(C)(C)[O-].[K+],20.41,26.5,12048.192771084336,2.652104476658404,ru_ahk_outer,359,ru_ahk_outer__00359
360,CC(=O)c1cccc(C)c1,Cc1cccc([C@H](C)O)c1,Ru,COc1cc(P(c2cc(C)cc(C)c2)c2cc(C)cc(C)c2)c(-c2c(P(c3cc(C)cc(C)c3)c3cc(C)cc(C)c3)cc(OC)nc2OC)c(OC)n1,CC(C)O,CC(C)(C)[O-].[K+],20.41,26.5,12048.192771084336,2.652104476658404,ru_ahk_outer,360,ru_ahk_outer__00360
361,CC(=O)c1ccc(C(C)(C)C)cc1,C[C@H](O)c1ccc(C(C)(C)C)cc1,Ru,N[C@H](c1ccccc1)[C@H](N)c1ccccc1.c1ccc(-c2cc(P(c3ccccc3)c3ccccc3)c(-c3c(P(c4ccccc4)c4ccccc4)cc(-c4ccccc4)c4ccccc34)c3ccccc23)cc1,CC(C)O,CC(C)(C)[O-].[K+],47.62,25.0,1000.0,2.6388284655955387,ru_ahk_outer,361,ru_ahk_outer__00361
366,O=C(CCN1CCN(c2ccccc2)CC1)c1ccccc1,O[C@H](CCN1CCN(c2ccccc2)CC1)c1ccccc1,Ru,CP(C)CCP(C)C.Cc1cc(C)c([C@@H](NCCP(c2ccccc2)c2ccccc2)c2ccccc2)c(C)c1,COCCOC,C[O-].[K+],50.0,30.0,100.0,2.6322413770598696,ru_ahk_outer,366,ru_ahk_outer__00366
369,CC(=O)c1ccccc1,C[C@H](O)c1ccccc1,Ru,COc1cc(P(c2cc(C)cc(C)c2)c2cc(C)cc(C)c2)c(-c2c(P(c3cc(C)cc(C)c3)c3cc(C)cc(C)c3)cc(OC)nc2OC)c(OC)n1,CC(C)O,CC(C)(C)[O-].[K+],34.02,50.0,100000.0,2.60551220279102,ru_ahk_outer,369,ru_ahk_outer__00369
374,CC(=O)c1ccc(C)cc1,Cc1ccc([C@H](C)O)cc1,Ru,N[C@H](c1ccccc1)[C@H](N)c1ccccc1.O=P(O)(O)c1cc(P(c2ccccc2)c2ccccc2)c(-c2c(P(c3ccccc3)c3ccccc3)cc(P(=O)(O)O)c3ccccc23)c2ccccc12,CC(C)O,CC(C)(C)[O-].[K+],47.62,25.0,1000.0,2.565288843026849,ru_ahk_outer,374,ru_ahk_outer__00374
376,O=C(c1ccccc1)c1ccccc1Cl,O[C@@H](c1ccccc1)c1ccccc1Cl,Ru,COc1ccc(C(N)(c2ccc(OC)cc2)[C@@H](N)C(C)C)cc1.Cc1cc(C)cc(P(c2cc(C)cc(C)c2)c2ccc3ccccc3c2-c2c(P(c3cc(C)cc(C)c3)c3cc(C)cc(C)c3)ccc3ccccc23)c1,CC(C)O,CC(C)(C)[O-].[K+],8.0,35.0,20000.0,2.562458336806169,ru_ahk_outer,376,ru_ahk_outer__00376
379,CC(=O)c1ccc(C(C)(C)C)cc1,C[C@H](O)c1ccc(C(C)(C)C)cc1,Ru,Cc1cc(C)cc(P(c2cc(C)cc(C)c2)c2cc(C)c3cc(C)ccc3c2-c2c(P(c3cc(C)cc(C)c3)c3cc(C)cc(C)c3)cc(C)c3cc(C)ccc23)c1.N[C@H](c1ccccc1)[C@H](N)c1ccccc1,CC(C)O,CC(C)(C)[O-].[K+],48.3,25.0,1000.0,2.542628094861029,ru_ahk_outer,379,ru_ahk_outer__00379
385,O=C(CCN1CCN(c2ccccc2)CC1)c1ccccc1,O[C@H](CCN1CCN(c2ccccc2)CC1)c1ccccc1,Ru,CP(C)CCP(C)C.Cc1cc(C)c([C@@H](NCCP(c2ccccc2)c2ccccc2)c2ccccc2)c(C)c1,C1CCOC1,[K+].[OH-],50.0,30.0,100.0,2.520880236257635,ru_ahk_outer,385,ru_ahk_outer__00385
386,O=C(CCNCc1ccccc1)c1ccccc1,O[C@H](CCNCc1ccccc1)c1ccccc1,Ru,CP(C)CCP(C)C.Cc1cc(C)c([C@@H](NCCP(c2ccccc2)c2ccccc2)c2ccccc2)c(C)c1,C1CCOC1,C[O-].[K+],50.0,30.0,100.0,2.520880236257635,ru_ahk_outer,386,ru_ahk_outer__00386
387,O=C(CCN1CCN(c2ccccc2)CC1)c1ccccc1,O[C@H](CCN1CCN(c2ccccc2)CC1)c1ccccc1,Ru,CP(C)CCP(C)C.Cc1cc(C)c([C@@H](NCCP(c2ccccc2)c2ccccc2)c2ccccc2)c(C)c1,C1CCOC1,CC[O-].[K+],50.0,30.0,100.0,2.520880236257635,ru_ahk_outer,387,ru_ahk_outer__00387
388,O=C(CCN1CCN(c2ccccc2)CC1)c1ccccc1,O[C@H](CCN1CCN(c2ccccc2)CC1)c1ccccc1,Ru,CP(C)CCP(C)C.Cc1cc(C)c([C@@H](NCCP(c2ccccc2)c2ccccc2)c2ccccc2)c(C)c1,C1CCOC1,CC(C)(C)[O-].[K+],30.0,30.0,100.0,2.520880236257635,ru_ahk_outer,388,ru_ahk_outer__00388
391,O=C(CCN1CCN(c2ccccc2)CC1)c1ccccc1,O[C@H](CCN1CCN(c2ccccc2)CC1)c1ccccc1,Ru,CP(C)CCP(C)C.Cc1cc(C)c([C@@H](NCCP(c2ccccc2)c2ccccc2)c2ccccc2)c(C)c1,Cc1ccccc1,C[O-].[K+],50.0,30.0,100.0,2.520880236257635,ru_ahk_outer,391,ru_ahk_outer__00391
393,O=C(CCN1CCN(c2ccccc2)CC1)c1ccccc1,O[C@H](CCN1CCN(c2ccccc2)CC1)c1ccccc1,Ru,CP(C)CCP(C)C.Cc1cc(C)c([C@@H](NCCP(c2ccccc2)c2ccccc2)c2ccccc2)c(C)c1,C1CCOC1,C[O-].[Na+],50.0,30.0,100.0,2.520880236257635,ru_ahk_outer,393,ru_ahk_outer__00393
394,O=C(CCN1CCN(c2ccccc2)CC1)c1ccccc1,O[C@H](CCN1CCN(c2ccccc2)CC1)c1ccccc1,Ru,CP(C)CCP(C)C.Cc1cc(C)c([C@@H](NCCP(c2ccccc2)c2ccccc2)c2ccccc2)c(C)c1,C1CCOC1,CC(C)(C)[O-].[K+],50.0,30.0,100.0,2.520880236257635,ru_ahk_outer,394,ru_ahk_outer__00394
396,O=C(c1ccccc1)c1ccccc1Cl,O[C@@H](c1ccccc1)c1ccccc1Cl,Ru,COc1ccc(C(N)(c2ccc(OC)cc2)[C@@H](N)C(C)C)cc1.Cc1cc(C)cc(P(c2cc(C)cc(C)c2)c2ccc3ccccc3c2-c2c(P(c3cc(C)cc(C)c3)c3cc(C)cc(C)c3)ccc3ccccc23)c1,CC(C)O,CC(C)(C)[O-].[K+],8.0,30.0,20000.0,2.520880236257635,ru_ahk_outer,396,ru_ahk_outer__00396
402,O=C(c1ccccc1)c1ccccc1F,O[C@@H](c1ccccc1)c1ccccc1F,Ru,COc1ccc(C(N)(c2ccc(OC)cc2)[C@@H](N)C(C)C)cc1.Cc1cc(C)cc(P(c2cc(C)cc(C)c2)c2ccc3ccccc3c2-c2c(P(c3cc(C)cc(C)c3)c3cc(C)cc(C)c3)ccc3ccccc23)c1,CC(C)O,CC(C)(C)[O-].[K+],8.0,28.0,2000.0,2.504248996038221,ru_ahk_outer,402,ru_ahk_outer__00402
412,CC(=O)c1ccccc1,C[C@H](O)c1ccccc1,Ru,N[C@H](c1ccccc1)[C@H](N)c1ccccc1.O=P(O)(O)c1cc(P(c2ccccc2)c2ccccc2)c(-c2c(P(c3ccccc3)c3ccccc3)cc(P(=O)(O)O)c3ccccc23)c2ccccc12,CC(C)O,CC(C)(C)[O-].[K+],47.62,25.0,1000.0,2.499688928633213,ru_ahk_outer,412,ru_ahk_outer__00412
413,CC(C)(C)[Si](C)(C)C#CC(=O)C1CCCCC1,CC(C)(C)[Si](C)(C)C#C[C@@H](O)C1CCCCC1,Ru,Cc1ccc(S(=O)(=O)N[C@@H](c2ccccc2)[C@@H](N)c2ccccc2)cc1,CO,,10.0,50.0,1000.0,2.4991856445334166,ru_ahk_outer,413,ru_ahk_outer__00413
414,CC(=O)C#C[Si](C(C)C)(C(C)C)C(C)C,CC(C)[Si](C#C[C@H](C)O)(C(C)C)C(C)C,Ru,Cc1ccc(S(=O)(=O)N[C@@H](c2ccccc2)[C@@H](N)c2ccccc2)cc1,CO,,10.0,50.0,1000.0,2.4991856445334166,ru_ahk_outer,414,ru_ahk_outer__00414
415,CCCCCCCCCC(=O)C#C[Si](C)(C)C(C)(C)C,CCCCCCCCC[C@H](O)C#C[Si](C)(C)C(C)(C)C,Ru,Cc1ccc(S(=O)(=O)N[C@@H](c2ccccc2)[C@@H](N)c2ccccc2)cc1,CO,,20.0,50.0,1000.0,2.4991856445334166,ru_ahk_outer,415,ru_ahk_outer__00415
417,Cc1ccc(C(=O)/C=C/c2ccccc2)cc1,Cc1ccc([C@@H](O)/C=C/c2ccccc2)cc1,Ru,CN(C)C[C@H](N)c1ccccc1.Cc1ccc(P(c2ccc(C)cc2)c2ccc3ccccc3c2-c2c(P(c3ccc(C)cc3)c3ccc(C)cc3)ccc3ccccc23)cc1,CC(C)O,CC(C)(C)[O-].[K+],8.0,0.0,1000.0,2.494247964694104,ru_ahk_outer,417,ru_ahk_outer__00417
418,CC(=O)c1ccccc1,C[C@H](O)c1ccccc1,Ru,Cc1cc(C)cc(P(c2cc(C)cc(C)c2)c2cccc3c2[C@]2(CC3)CCc3cccc(P(c4cc(C)cc(C)c4)c4ccc(C)cc4C)c32)c1.N[C@H](c1ccccc1)[C@H](N)c1ccccc1,CC(C)O,CC(C)(C)[O-].[K+],50.0,0.0,5000.0,2.494247964694104,ru_ahk_outer,418,ru_ahk_outer__00418
421,O=C1CN2CCC1CC2,O[C@H]1CN2CCC1CC2,Ru,C[C@@H](N)[C@H]1OC(C)(C)O[C@@H]1[C@@H](C)N.Cc1ccc(P(c2ccc(C)cc2)c2ccc3ccccc3c2-c2c(P(c3ccc(C)cc3)c3ccc(C)cc3)ccc3ccccc23)cc1,CC(C)O,CC(C)(C)[O-].[K+],50.0,25.0,49999.99999999999,2.4793021357091005,ru_ahk_outer,421,ru_ahk_outer__00421
442,CC(=O)c1cccc(C)n1,Cc1cccc([C@H](C)O)n1,Ru,Cc1ccccc1[C@@H](N[C@@H](C)[C]12[CH]3[CH]4[CH]5[C]1(P(c1ccccc1)c1ccccc1)[Fe]43521678[CH]2[CH]1[CH]6[C]7(P(c1ccccc1)c1ccccc1)[CH]28)c1ccccn1,COC(C)(C)C,C1CN=C2CCCN2C1,50.0,25.0,33.333333333333336,2.4793021357091005,ru_ahk_outer,442,ru_ahk_outer__00442
443,CC(=O)c1cc(Cl)ccn1,C[C@H](O)c1cc(Cl)ccn1,Ru,Cc1ccccc1[C@@H](N[C@@H](C)[C]12[CH]3[CH]4[CH]5[C]1(P(c1ccccc1)c1ccccc1)[Fe]43521678[CH]2[CH]1[CH]6[C]7(P(c1ccccc1)c1ccccc1)[CH]28)c1ccccn1,COC(C)(C)C,C1CN=C2CCCN2C1,50.0,25.0,33.333333333333336,2.4793021357091005,ru_ahk_outer,443,ru_ahk_outer__00443
444,O=C(CCCCl)c1ccccc1,O[C@H](CCCCl)c1ccccc1,Ru,COc1ccc(C(N)(c2ccc(OC)cc2)[C@@H](N)C(C)C)cc1.Cc1cc(C)cc(P(c2cc(C)cc(C)c2)c2ccc3ccccc3c2-c2c(P(c3cc(C)cc(C)c3)c3cc(C)cc(C)c3)ccc3ccccc23)c1,C1CCOC1,O=C([O-])[O-].[Cs+].[Cs+],60.0,25.0,100.0,2.4793021357091005,ru_ahk_outer,444,ru_ahk_outer__00444
446,CCOC(OCC)C(=O)c1ccc2ccccc2c1,CCOC(OCC)[C@H](O)c1ccc2ccccc2c1,Ru,CN(C)C[C@H](N)c1ccccc1.Cc1ccc(P(c2ccc(C)cc2)c2ccc3ccccc3c2-c2c(P(c3ccc(C)cc3)c3ccc(C)cc3)ccc3ccccc23)cc1,CC(C)O,CC(C)(C)[O-].[K+],8.0,25.0,1000.0,2.4793021357091005,ru_ahk_outer,446,ru_ahk_outer__00446
451,CC(=O)c1ccccc1C,Cc1ccccc1[C@@H](C)O,Ru,c1ccc2c(c1)CC1OC(CNCC3=NC4c5ccccc5CC4O3)=NC21,CC(C)O,CC(C)(C)[O-].[K+],5.0,25.0,100.0,2.4793021357091005,ru_ahk_outer,451,ru_ahk_outer__00451
452,COc1cccc2c1CCCC2=O,COc1cccc2c1CCC[C@H]2O,Ru,COC[C@H](C)N[C@H](C)C[C@@H](C)P(c1ccccc1)c1ccccc1,CC(C)O,CC(C)(C)[O-].[K+],70.0,25.0,200.0,2.4793021357091005,ru_ahk_outer,452,ru_ahk_outer__00452
458,O=C(Cn1ccnc1)c1ccc(Cl)cc1Cl,O[C@H](Cn1ccnc1)c1ccc(Cl)cc1Cl,Ru,COc1ccc(C(N)(c2ccc(OC)cc2)[C@@H](N)C(C)C)cc1.Cc1cc(C)cc(P(c2cc(C)cc(C)c2)c2ccc3ccccc3c2-c2c(P(c3cc(C)cc(C)c3)c3cc(C)cc(C)c3)ccc3ccccc23)c1,C1CCOC1,[K+].[OH-],50.0,25.0,4000.0,2.4793021357091005,ru_ahk_outer,458,ru_ahk_outer__00458
459,O=C(Cn1nc2ccccc2n1)c1ccc(Cl)cc1Cl,O[C@H](Cn1nc2ccccc2n1)c1ccc(Cl)cc1Cl,Ru,COc1ccc(C(N)(c2ccc(OC)cc2)[C@@H](N)C(C)C)cc1.Cc1cc(C)cc(P(c2cc(C)cc(C)c2)c2ccc3ccccc3c2-c2c(P(c3cc(C)cc(C)c3)c3cc(C)cc(C)c3)ccc3ccccc23)c1,C1CCOC1,[K+].[OH-],50.0,25.0,100.0,2.4793021357091005,ru_ahk_outer,459,ru_ahk_outer__00459
461,CC(=O)c1cccc2ccccc12,C[C@H](O)c1cccc2ccccc12,Ru,NC(c1ccccc1)C(N)c1ccccc1.O=C(c1ccccc1P(c1ccccc1)c1ccccc1)c1ccccc1P(c1ccccc1)c1ccccc1,CC(C)O,CC(C)(C)[O-].[K+],20.0,25.0,1000.0,2.4793021357091005,ru_ahk_outer,461,ru_ahk_outer__00461
462,CC(=O)c1ccccc1C,Cc1ccccc1[C@H](C)O,Ru,NC(c1ccccc1)C(N)c1ccccc1.O=C(c1ccccc1P(c1ccccc1)c1ccccc1)c1ccccc1P(c1ccccc1)c1ccccc1,CC(C)O,CC(C)(C)[O-].[K+],20.0,25.0,1000.0,2.4793021357091005,ru_ahk_outer,462,ru_ahk_outer__00462
473,COc1ccc(C(=O)CO)cc1,COc1ccc([C@H](O)CO)cc1,Ru,COc1ccc(C(N)(c2ccc(OC)cc2)[C@@H](N)C(C)C)cc1.Cc1cc(C)cc(P(c2cc(C)cc(C)c2)c2ccc3ccccc3c2-c2c(P(c3cc(C)cc(C)c3)c3cc(C)cc(C)c3)ccc3ccccc23)c1,CCO,C1CCC2=NCCCN2CC1,10.0,20.0,2000.0,2.4377240351605662,ru_ahk_outer,473,ru_ahk_outer__00473
492,O=C(c1ccccc1)C1CC1,O[C@H](c1ccccc1)C1CC1,Ru,Cc1cc(C)cc(P(c2cc(C)cc(C)c2)c2cc(C)c3cc(C)ccc3c2-c2c(P(c3cc(C)cc(C)c3)c3cc(C)cc(C)c3)cc(C)c3cc(C)ccc23)c1.N[C@H](c1ccccc1)[C@H](N)c1ccccc1,CC(C)O,CC(C)(C)[O-].[K+],48.3,25.0,1000.0,2.38646469639803,ru_ahk_outer,492,ru_ahk_outer__00492
494,CC(=O)c1ccccc1,C[C@@H](O)c1ccccc1,Ru,COc1ccc(C(N)(c2ccc(OC)cc2)[C@@H](N)C(C)C)cc1.Cc1cc(C)cc(P(c2cc(C)cc(C)c2)c2ccc3ccccc3c2-c2c(P(c3cc(C)cc(C)c3)c3cc(C)cc(C)c3)ccc3ccccc23)c1,ClCCl,C1CCC2=NCCCN2CC1,10.0,35.0,1000.0,2.3831782650873348,ru_ahk_outer,494,ru_ahk_outer__00494
498,CCC(=O)C#C[Si](C)(C)C(C)(C)C,CC[C@H](O)C#C[Si](C)(C)C(C)(C)C,Ru,Cc1ccc(S(=O)(=O)N[C@@H](c2ccccc2)[C@@H](N)c2ccccc2)cc1,CO,,20.0,50.0,1000.0,2.3526062285854707,ru_ahk_outer,498,ru_ahk_outer__00498
499,CC(=O)C#CC1CCCCC1,C[C@H](O)C#CC1CCCCC1,Ru,Cc1ccc(S(=O)(=O)N[C@@H](c2ccccc2)[C@@H](N)c2ccccc2)cc1,CO,,10.0,50.0,200.0,2.3526062285854707,ru_ahk_outer,499,ru_ahk_outer__00499
500,CC(=O)C#C[Si](c1ccccc1)(c1ccccc1)C(C)(C)C,C[C@H](O)C#C[Si](c1ccccc1)(c1ccccc1)C(C)(C)C,Ru,Cc1ccc(S(=O)(=O)N[C@@H](c2ccccc2)[C@@H](N)c2ccccc2)cc1,CO,,10.0,50.0,1000.0,2.3526062285854707,ru_ahk_outer,500,ru_ahk_outer__00500
501,CC(=O)C#C[Si](C)(C)C(C)(C)C,C[C@H](O)C#C[Si](C)(C)C(C)(C)C,Ru,Cc1ccc(S(=O)(=O)N[C@@H](c2ccccc2)[C@@H](N)c2ccccc2)cc1,CO,,50.0,50.0,5000.0,2.3526062285854707,ru_ahk_outer,501,ru_ahk_outer__00501
502,O=C(CCN1CCN(c2ccccc2)CC1)c1ccccc1,O[C@H](CCN1CCN(c2ccccc2)CC1)c1ccccc1,Ru,CP(C)CCP(C)C.Cc1cc(C)c([C@@H](NCCP(c2ccccc2)c2ccccc2)c2ccccc2)c(C)c1,CN(C)C=O,C[O-].[K+],50.0,30.0,100.0,2.344509138605308,ru_ahk_outer,502,ru_ahk_outer__00502
505,CC(C)(C)[Si](C)(C)C#CC(=O)CCl,CC(C)(C)[Si](C)(C)C#C[C@@H](O)CCl,Ru,Cc1ccc(S(=O)(=O)N[C@@H](c2ccccc2)[C@@H](N)c2ccccc2)cc1,CO,,10.0,30.0,200.0,2.344509138605308,ru_ahk_outer,505,ru_ahk_outer__00505
506,O=C(CCl)c1ccccc1,O[C@@H](CCl)c1ccccc1,Ru,Cc1ccc(C(C)C)cc1.Cc1ccc(S(=O)(=O)ONC(c2ccccc2)C(N)c2ccccc2)cc1,CO,,10.0,30.0,1004.12998663503,2.344509138605308,ru_ahk_outer,506,ru_ahk_outer__00506
507,O=C(CCl)c1cccc(O)c1,Oc1cccc([C@@H](O)CCl)c1,Ru,Cc1ccc(C(C)C)cc1.Cc1ccc(S(=O)(=O)ONC(c2ccccc2)C(N)c2ccccc2)cc1,CO,,10.0,30.0,1000.0,2.344509138605308,ru_ahk_outer,507,ru_ahk_outer__00507
511,Cc1cccc(C(=O)CCl)c1,Cc1cccc([C@@H](O)CCl)c1,Ru,Cc1ccc(C(C)C)cc1.Cc1ccc(S(=O)(=O)ONC(c2ccccc2)C(N)c2ccccc2)cc1,CO,,10.0,30.0,1000.0,2.344509138605308,ru_ahk_outer,511,ru_ahk_outer__00511
512,O=C(CCl)c1ccccc1,O[C@@H](CCl)c1ccccc1,Ru,Cc1ccc(C(C)C)cc1.Cc1ccc(S(=O)(=O)ONC(c2ccccc2)C(N)c2ccccc2)cc1,CO,,10.0,30.0,1879.9996240000755,2.344509138605308,ru_ahk_outer,512,ru_ahk_outer__00512
513,O=C(/C=C/c1ccccc1)c1ccccc1,O[C@@H](/C=C/c1ccccc1)c1ccccc1,Ru,CN(C)C[C@H](N)c1ccccc1.Cc1ccc(P(c2ccc(C)cc2)c2ccc3ccccc3c2-c2c(P(c3ccc(C)cc3)c3ccc(C)cc3)ccc3ccccc23)cc1,CC(C)O,CC(C)(C)[O-].[K+],8.0,30.0,1000.0,2.344509138605308,ru_ahk_outer,513,ru_ahk_outer__00513
515,O=C(CCN1CCN(c2ccccc2)CC1)c1ccccc1,O[C@H](CCN1CCN(c2ccccc2)CC1)c1ccccc1,Ru,CP(C)CCP(C)C.Cc1cc(C)c([C@@H](NCCP(c2ccccc2)c2ccccc2)c2cccc(C(F)(F)F)c2)c(C)c1,C1CCOC1,C[O-].[K+],50.0,30.0,100.0,2.344509138605308,ru_ahk_outer,515,ru_ahk_outer__00515
520,O=C(c1ccccc1)c1ccccc1Br,O[C@@H](c1ccccc1)c1ccccc1Br,Ru,COc1ccc(C(N)(c2ccc(OC)cc2)[C@@H](N)C(C)C)cc1.Cc1cc(C)cc(P(c2cc(C)cc(C)c2)c2ccc3ccccc3c2-c2c(P(c3cc(C)cc(C)c3)c3cc(C)cc(C)c3)ccc3ccccc23)c1,CC(C)O,CC(C)(C)[O-].[K+],8.0,28.0,2000.0,2.3290414880124968,ru_ahk_outer,520,ru_ahk_outer__00520
525,CC(=O)c1ccc(C)cc1,Cc1ccc([C@H](C)O)cc1,Ru,Cc1cc(C)cc(P(c2cc(C)cc(C)c2)c2cc(C)c3cc(C)ccc3c2-c2c(P(c3cc(C)cc(C)c3)c3cc(C)cc(C)c3)cc(C)c3cc(C)ccc23)c1.N[C@H](c1ccccc1)[C@H](N)c1ccccc1,CC(C)O,CC(C)(C)[O-].[K+],48.3,25.0,1000.0,2.3211426106712203,ru_ahk_outer,525,ru_ahk_outer__00525
527,CC(=O)c1ccc(Cl)cc1,C[C@H](O)c1ccc(Cl)cc1,Ru,Cc1cc(C)cc(P(c2cc(C)cc(C)c2)c2cc(C)c3cc(C)ccc3c2-c2c(P(c3cc(C)cc(C)c3)c3cc(C)cc(C)c3)cc(C)c3cc(C)ccc23)c1.N[C@H](c1ccccc1)[C@H](N)c1ccccc1,CC(C)O,CC(C)(C)[O-].[K+],48.3,25.0,1000.0,2.3211426106712203,ru_ahk_outer,527,ru_ahk_outer__00527
531,CC(=O)/C=C/c1ccccc1,C[C@H](O)/C=C/c1ccccc1,Ru,Cc1cc(C)cc(P(c2cc(C)cc(C)c2)c2cccc3c2[C@]2(CC3)CCc3cccc(P(c4cc(C)cc(C)c4)c4ccc(C)cc4C)c32)c1.N[C@H](c1ccccc1)[C@H](N)c1ccccc1,CC(C)O,CC(C)(C)[O-].[K+],50.0,25.0,5000.0,2.3058400121232805,ru_ahk_outer,531,ru_ahk_outer__00531
532,O=C(CNC(=O)c1ccccc1)c1cccc(Cl)c1,O=C(NC[C@H](O)c1cccc(Cl)c1)c1ccccc1,Ru,CC(C)(C)SCCN.c1ccc(P(c2ccccc2)[C@@H]2CCC[C@@H]2[C@H]2CCC[C@H]2P(c2ccccc2)c2ccccc2)cc1,CCCCO,CC(C)(C)[O-].[Na+],7.0,25.0,1000.0,2.3058400121232805,ru_ahk_outer,532,ru_ahk_outer__00532
552,CC(=O)c1ccccc1Br,C[C@@H](O)c1ccccc1Br,Ru,COc1ccc(C(N)(c2ccc(OC)cc2)[C@@H](N)C(C)C)cc1.COc1ccc(P(c2ccc(OC)cc2)c2cc(OC)nc(OC)c2-c2c(P(c3ccc(OC)cc3)c3ccc(OC)cc3)cc(OC)nc2OC)cc1,CC(C)O,[K+].[OH-],30.0,25.0,2000.0,2.3058400121232805,ru_ahk_outer,552,ru_ahk_outer__00552
557,CCOC(OCC)C(=O)c1ccc(C)cc1,CCOC(OCC)[C@H](O)c1ccc(C)cc1,Ru,CN(C)C[C@H](N)c1ccccc1.Cc1ccc(P(c2ccc(C)cc2)c2ccc3ccccc3c2-c2c(P(c3ccc(C)cc3)c3ccc(C)cc3)ccc3ccccc23)cc1,CC(C)O,CC(C)(C)[O-].[K+],8.0,25.0,1000.0,2.3058400121232805,ru_ahk_outer,557,ru_ahk_outer__00557
558,CCOC(OCC)C(=O)c1ccccc1,CCOC(OCC)[C@H](O)c1ccccc1,Ru,CN(C)C[C@H](N)c1ccccc1.Cc1ccc(P(c2ccc(C)cc2)c2ccc3ccccc3c2-c2c(P(c3ccc(C)cc3)c3ccc(C)cc3)ccc3ccccc23)cc1,CC(C)O,CC(C)(C)[O-].[K+],8.0,25.0,2000.0,2.3058400121232805,ru_ahk_outer,558,ru_ahk_outer__00558
559,CCOC(OCC)C(=O)c1ccccc1,CCOC(OCC)[C@H](O)c1ccccc1,Ru,CN(C)C[C@H](N)c1ccccc1.Cc1ccc(P(c2ccc(C)cc2)c2ccc3ccccc3c2-c2c(P(c3ccc(C)cc3)c3ccc(C)cc3)ccc3ccccc23)cc1,CC(C)O,CC(C)(C)[O-].[K+],50.0,25.0,5000.0,2.3058400121232805,ru_ahk_outer,559,ru_ahk_outer__00559
560,O=C1CCCC2=C1C=CC2,O[C@@H]1CCCC2=C1C=CC2,Ru,C[C@@H](N)[C@H]1OC(C)(C)O[C@@H]1[C@@H](C)N.Cc1ccc(P(c2ccc(C)cc2)c2ccc3ccccc3c2-c2c(P(c3ccc(C)cc3)c3ccc(C)cc3)ccc3ccccc23)cc1,CC(C)O,CC(C)(C)[O-].[K+],9.0,25.0,12004.801920768306,2.3058400121232805,ru_ahk_outer,560,ru_ahk_outer__00560
561,CC1=CC(C)(C)CCC1=O,CC1=CC(C)(C)CC[C@H]1O,Ru,C[C@@H](N)[C@H]1OC(C)(C)O[C@@H]1[C@@H](C)N.Cc1ccc(P(c2ccc(C)cc2)c2ccc3ccccc3c2-c2c(P(c3ccc(C)cc3)c3ccc(C)cc3)ccc3ccccc23)cc1,CC(C)O,CC(C)(C)[O-].[K+],9.0,25.0,10000.0,2.3058400121232805,ru_ahk_outer,561,ru_ahk_outer__00561
562,CCOC(OCC)C(=O)c1ccccc1,CCOC(OCC)[C@H](O)c1ccccc1,Ru,CN(C)C[C@H](N)c1ccccc1.Cc1ccc(P(c2ccc(C)cc2)c2ccc3ccccc3c2-c2c(P(c3ccc(C)cc3)c3ccc(C)cc3)ccc3ccccc23)cc1,CC(C)O,CC(C)(C)[O-].[K+],1.5,25.0,500.0,2.3058400121232805,ru_ahk_outer,562,ru_ahk_outer__00562
563,CC(=O)c1ccccn1,C[C@H](O)c1ccccn1,Ru,Cc1ccccc1[C@@H](N[C@@H](C)[C]12[CH]3[CH]4[CH]5[C]1(P(c1ccccc1)c1ccccc1)[Fe]43521678[CH]2[CH]1[CH]6[C]7(P(c1ccccc1)c1ccccc1)[CH]28)c1ccccn1,COC(C)(C)C,C1CN=C2CCCN2C1,50.0,25.0,33.333333333333336,2.3058400121232805,ru_ahk_outer,563,ru_ahk_outer__00563
566,CC(=O)c1ncccc1F,C[C@H](O)c1ncccc1F,Ru,Cc1ccccc1[C@@H](N[C@@H](C)[C]12[CH]3[CH]4[CH]5[C]1(P(c1ccccc1)c1ccccc1)[Fe]43521678[CH]2[CH]1[CH]6[C]7(P(c1ccccc1)c1ccccc1)[CH]28)c1ccccn1,COC(C)(C)C,C1CN=C2CCCN2C1,50.0,25.0,33.333333333333336,2.3058400121232805,ru_ahk_outer,566,ru_ahk_outer__00566
580,CC(=O)c1ccc(Cl)cc1,C[C@H](O)c1ccc(Cl)cc1,Ru,N[C@H](c1ccccc1)[C@H](N)c1ccccc1.O=P(O)(O)c1cc(P(c2ccccc2)c2ccccc2)c(-c2c(P(c3ccccc3)c3ccccc3)cc(P(=O)(O)O)c3ccccc23)c2ccccc12,CC(C)O,CC(C)(C)[O-].[K+],47.62,25.0,1000.0,2.276327752257976,ru_ahk_outer,580,ru_ahk_outer__00580
581,CC(C)(C)/C=C/C(=O)c1ccccc1,CC(C)(C)/C=C/[C@H](O)c1ccccc1,Ru,CN(C)C[C@H](N)c1ccccc1.Cc1ccc(P(c2ccc(C)cc2)c2ccc3ccccc3c2-c2c(P(c3ccc(C)cc3)c3ccc(C)cc3)ccc3ccccc23)cc1,CC(C)O,CC(C)(C)[O-].[K+],8.0,0.0,1000.0,2.271411632966429,ru_ahk_outer,581,ru_ahk_outer__00581
583,O=C(/C=C/c1ccccc1)c1ccccc1F,O[C@@H](/C=C/c1ccccc1)c1ccccc1F,Ru,CN(C)C[C@H](N)c1ccccc1.Cc1ccc(P(c2ccc(C)cc2)c2ccc3ccccc3c2-c2c(P(c3ccc(C)cc3)c3ccc(C)cc3)ccc3ccccc23)cc1,CC(C)O,CC(C)(C)[O-].[K+].c1ccc(P(c2ccccc2)c2ccccc2)cc1,8.0,0.0,1000.0,2.271411632966429,ru_ahk_outer,583,ru_ahk_outer__00583
584,Cc1ccc(/C=C/C(=O)c2ccccc2)cc1,Cc1ccc(/C=C/[C@H](O)c2ccccc2)cc1,Ru,CN(C)C[C@H](N)c1ccccc1.Cc1ccc(P(c2ccc(C)cc2)c2ccc3ccccc3c2-c2c(P(c3ccc(C)cc3)c3ccc(C)cc3)ccc3ccccc23)cc1,CC(C)O,CC(C)(C)[O-].[K+],8.0,0.0,1000.0,2.271411632966429,ru_ahk_outer,584,ru_ahk_outer__00584
585,O=C(/C=C/c1ccccc1)c1ccccc1,O[C@@H](/C=C/c1ccccc1)c1ccccc1,Ru,CN(C)C[C@H](N)c1ccccc1.Cc1ccc(P(c2ccc(C)cc2)c2ccc3ccccc3c2-c2c(P(c3ccc(C)cc3)c3ccc(C)cc3)ccc3ccccc23)cc1,CC(C)O,CC(C)(C)[O-].[K+],40.0,0.0,10000.0,2.271411632966429,ru_ahk_outer,585,ru_ahk_outer__00585
586,O=C(/C=C/c1ccc(Cl)cc1)c1ccccc1,O[C@@H](/C=C/c1ccc(Cl)cc1)c1ccccc1,Ru,CN(C)C[C@H](N)c1ccccc1.Cc1ccc(P(c2ccc(C)cc2)c2ccc3ccccc3c2-c2c(P(c3ccc(C)cc3)c3ccc(C)cc3)ccc3ccccc23)cc1,CC(C)O,CC(C)(C)[O-].[K+],8.0,0.0,1000.0,2.271411632966429,ru_ahk_outer,586,ru_ahk_outer__00586
589,CC(=O)c1cc(C)sc1C,Cc1cc([C@@H](C)O)c(C)s1,Ru,Brc1ccccc1-p1oc2ccc3ccccc3c2c2c(ccc3ccccc32)o1.N[C@@H](c1ccccc1)[C@@H](N)c1ccccc1,CC(C)O,CC(C)(C)[O-].[K+],80.0,0.0,300.3003003003003,2.271411632966429,ru_ahk_outer,589,ru_ahk_outer__00589
590,O=C(/C=C/c1ccccc1)c1ccccc1,O[C@@H](/C=C/c1ccccc1)c1ccccc1,Ru,CN(C)C[C@H](N)c1ccccc1.Cc1ccc(P(c2ccc(C)cc2)c2ccc3ccccc3c2-c2c(P(c3ccc(C)cc3)c3ccc(C)cc3)ccc3ccccc23)cc1,CC(C)O,CC(C)(C)[O-].[K+],8.0,0.0,1000.0,2.271411632966429,ru_ahk_outer,590,ru_ahk_outer__00590
593,O=C(Cc1ccccc1)c1ccccc1,O[C@@H](Cc1ccccc1)c1ccccc1,Ru,Cc1cc(C)cc(P(c2cc(C)cc(C)c2)c2cc(C)c3cc(C)ccc3c2-c2c(P(c3cc(C)cc(C)c3)c3cc(C)cc(C)c3)cc(C)c3cc(C)ccc23)c1.N[C@H](c1ccccc1)[C@H](N)c1ccccc1,CC(C)O,CC(C)(C)[O-].[K+],48.3,25.0,1000.0,2.2620836428984004,ru_ahk_outer,593,ru_ahk_outer__00593
602,COc1ccc(C#CC(C)=O)cc1,COc1ccc(C#C[C@H](C)O)cc1,Ru,Cc1ccc(S(=O)(=O)N[C@@H](c2ccccc2)[C@@H](N)c2ccccc2)cc1,CO,,10.0,50.0,200.0,2.232224326707797,ru_ahk_outer,602,ru_ahk_outer__00602
607,COc1ccc(C(C)=O)cc1,COc1ccc([C@H](C)O)cc1,Ru,N[C@H](c1ccccc1)[C@H](N)c1ccccc1.O=P(O)(O)c1cc(P(c2ccccc2)c2ccccc2)c(-c2c(P(c3ccccc3)c3ccccc3)cc(P(=O)(O)O)c3ccccc23)c2ccccc12,CC(C)O,CC(C)(C)[O-].[K+],47.62,25.0,1000.0,2.221216834840771,ru_ahk_outer,607,ru_ahk_outer__00607
610,CC(C)(C)OC(=O)NCCCC(=O)c1ccccc1,CC(C)(C)OC(=O)NCCC[C@@H](O)c1ccccc1,Ru,CP(C)CCP(C)C.Cc1cc(C)c([C@@H](NCCP(c2ccccc2)c2ccccc2)c2ccccc2)c(C)c1,C1CCOC1,C[O-].[K+],50.0,30.0,100.0,2.2070016345216943,ru_ahk_outer,610,ru_ahk_outer__00610
611,O=C(CCNc1ccc(Br)cc1)c1ccccc1,O[C@H](CCNc1ccc(Br)cc1)c1ccccc1,Ru,CP(C)CCP(C)C.Cc1cc(C)c([C@@H](NCCP(c2ccccc2)c2ccccc2)c2ccccc2)c(C)c1,C1CCOC1,C[O-].[K+],50.0,30.0,100.0,2.2070016345216943,ru_ahk_outer,611,ru_ahk_outer__00611
612,O=C(CCl)c1ccccc1Cl,O[C@@H](CCl)c1ccccc1Cl,Ru,Cc1ccc(C(C)C)cc1.Cc1ccc(S(=O)(=O)ONC(c2ccccc2)C(N)c2ccccc2)cc1,CO,,10.0,30.0,519.9999792000008,2.2070016345216943,ru_ahk_outer,612,ru_ahk_outer__00612
613,COc1ccc(C(=O)CCl)cc1,COc1ccc([C@@H](O)CCl)cc1,Ru,Cc1ccc(C(C)C)cc1.Cc1ccc(S(=O)(=O)ONC(c2ccccc2)C(N)c2ccccc2)cc1,CO,,10.0,30.0,1000.0,2.2070016345216943,ru_ahk_outer,613,ru_ahk_outer__00613
614,O=C(CCl)c1ccccc1,O[C@@H](CCl)c1ccccc1,Ru,Cc1ccc(C(C)C)cc1.Cc1ccc(S(=O)(=O)ONC(c2ccccc2)C(N)c2ccccc2)cc1,CO,[Na+].[O-][Cl+3]([O-])([O-])[O-],10.0,30.0,1879.9996240000755,2.2070016345216943,ru_ahk_outer,614,ru_ahk_outer__00614
615,O=C(CCl)c1ccccc1,O[C@@H](CCl)c1ccccc1,Ru,Cc1ccc(C(C)C)cc1.Cc1ccc(S(=O)(=O)ONC(c2ccccc2)C(N)c2ccccc2)cc1,CO,,20.0,30.0,666.6666666666666,2.2070016345216943,ru_ahk_outer,615,ru_ahk_outer__00615
616,Cc1ccc(C(=O)CCl)cc1,Cc1ccc([C@@H](O)CCl)cc1,Ru,Cc1ccc(C(C)C)cc1.Cc1ccc(S(=O)(=O)ONC(c2ccccc2)C(N)c2ccccc2)cc1,CO,,10.0,30.0,1000.0,2.2070016345216943,ru_ahk_outer,616,ru_ahk_outer__00616
617,O=C(CCl)c1ccccc1,O[C@@H](CCl)c1ccccc1,Ru,Cc1ccc(C(C)C)cc1.Cc1ccc(S(=O)(=O)ONC(c2ccccc2)C(N)c2ccccc2)cc1,CO,,100.0,30.0,2666.6666666666665,2.2070016345216943,ru_ahk_outer,617,ru_ahk_outer__00617
621,CC(=O)c1ccc(C(C)(C)C)cc1,C[C@H](O)c1ccc(C(C)(C)C)cc1,Ru,Ic1cc(P(c2ccccc2)c2ccccc2)c(-c2c(P(c3ccccc3)c3ccccc3)cc(I)c3ccccc23)c2ccccc12.N[C@H](c1ccccc1)[C@H](N)c1ccccc1,CC(C)O,CC(C)(C)[O-].[K+],47.62,25.0,1000.0,2.195394215697701,ru_ahk_outer,621,ru_ahk_outer__00621
626,COCC(=O)c1ccc(C(F)(F)F)cc1,COC[C@@H](O)c1ccc(C(F)(F)F)cc1,Ru,CC(C)(C)SCCN.COc1c(C)cc(P(c2cc(C)c(OC)c(C)c2)[C@H]2CCC[C@H]2[C@@H]2CCC[C@@H]2P(c2cc(C)c(OC)c(C)c2)c2cc(C)c(OC)c(C)c2)cc1C,CCCCO,CC(C)(C)[O-].[Na+],7.0,-10.0,500.0,2.188255431869361,ru_ahk_outer,626,ru_ahk_outer__00626
632,CCCC(=O)c1ccccc1,CCC[C@H](O)c1ccccc1,Ru,CN(C)C[C@H](N)c1ccccc1.Cc1ccc(P(c2ccc(C)cc2)c2ccc3ccccc3c2-c2c(P(c3ccc(C)cc3)c3ccc(C)cc3)ccc3ccccc23)cc1,CC(C)O,CC(C)(C)[O-].[K+],8.0,25.0,500.0,2.1706004860057497,ru_ahk_outer,632,ru_ahk_outer__00632
634,CC(C)C(=O)c1ccccc1,CC(C)[C@H](O)c1ccccc1,Ru,CN(C)C[C@H](N)c1ccccc1.Cc1ccc(P(c2ccc(C)cc2)c2ccc3ccccc3c2-c2c(P(c3ccc(C)cc3)c3ccc(C)cc3)ccc3ccccc23)cc1,CC(C)O,CC(C)(C)[O-].[K+],8.0,25.0,2000.0,2.1706004860057497,ru_ahk_outer,634,ru_ahk_outer__00634
644,O=C1CCOc2ccccc21,O[C@@H]1CCOc2ccccc21,Ru,COC[C@H](C)N[C@H](C)C[C@@H](C)P(c1ccccc1)c1ccccc1,CC(C)O,CC(C)(C)[O-].[K+],70.0,25.0,200.0,2.1706004860057497,ru_ahk_outer,644,ru_ahk_outer__00644
645,CC(=O)c1ccccc1,C[C@@H](O)c1ccccc1,Ru,c1ccc2c(c1)CC1OC(CNCC3=NC4c5ccccc5CC4O3)=NC21,CC(C)O,CC(C)(C)[O-].[K+],5.0,25.0,100.0,2.1706004860057497,ru_ahk_outer,645,ru_ahk_outer__00645
647,CC(=O)c1ccccc1C,Cc1ccccc1[C@@H](C)O,Ru,c1ccc2c(c1)CC1OC(CNCC3=NC4c5ccccc5CC4O3)=NC21,CC(C)O,CC(C)(C)[O-].[K+],5.0,25.0,1000.0,2.1706004860057497,ru_ahk_outer,647,ru_ahk_outer__00647
648,CC(=O)C1CCCCC1,C[C@@H](O)C1CCCCC1,Ru,c1ccc2c(c1)CC1OC(CNCC3=NC4c5ccccc5CC4O3)=NC21,CC(C)O,CC(C)(C)[O-].[K+],5.0,25.0,100.0,2.1706004860057497,ru_ahk_outer,648,ru_ahk_outer__00648
650,CC(=O)c1ccccc1,C[C@@H](O)c1ccccc1,Ru,c1ccc2c(c1)CC1OC(CNCC3=NC4c5ccccc5CC4O3)=NC21,CCO,CC(C)(C)[O-].[K+],30.0,25.0,100.0,2.1706004860057497,ru_ahk_outer,650,ru_ahk_outer__00650
651,CC(=O)c1ccccc1,C[C@@H](O)c1ccccc1,Ru,c1ccc2c(c1)CC1OC(CNCC3=NC4c5ccccc5CC4O3)=NC21,ClCCl,CC(C)(C)[O-].[K+],30.0,25.0,100.0,2.1706004860057497,ru_ahk_outer,651,ru_ahk_outer__00651
652,CC(=O)c1cccc(C)c1,Cc1cccc([C@@H](C)O)c1,Ru,c1ccc2c(c1)CC1OC(CNCC3=NC4c5ccccc5CC4O3)=NC21,CC(C)O,CC(C)(C)[O-].[K+],5.0,25.0,100.0,2.1706004860057497,ru_ahk_outer,652,ru_ahk_outer__00652
659,CC(=O)c1cccc2ccccc12,C[C@H](O)c1cccc2ccccc12,Ru,NC(c1ccccc1)C(N)c1ccccc1.O=C(c1ccccc1P(c1ccccc1)c1ccccc1)c1ccccc1P(c1ccccc1)c1ccccc1,CCO,CC(C)(C)[O-].[K+],20.0,25.0,1000.0,2.1706004860057497,ru_ahk_outer,659,ru_ahk_outer__00659
673,CC(=O)CO,C[C@@H](O)CO,Ru,COc1ccc(C(N)(c2ccc(OC)cc2)[C@@H](N)C(C)C)cc1.Cc1cc(C)cc(P(c2cc(C)cc(C)c2)c2ccc3ccccc3c2-c2c(P(c3cc(C)cc(C)c3)c3cc(C)cc(C)c3)ccc3ccccc23)c1,CO,C1CCC2=NCCCN2CC1,15.0,20.0,1492.5373134328358,2.134199337489806,ru_ahk_outer,673,ru_ahk_outer__00673
674,O=C(CO)c1ccccc1,OC[C@@H](O)c1ccccc1,Ru,COc1ccc(C(N)(c2ccc(OC)cc2)[C@@H](N)C(C)C)cc1.Cc1cc(C)cc(P(c2cc(C)cc(C)c2)c2ccc3ccccc3c2-c2c(P(c3cc(C)cc(C)c3)c3cc(C)cc(C)c3)ccc3ccccc23)c1,CO,C1CCC2=NCCCN2CC1,10.0,20.0,2000.0,2.134199337489806,ru_ahk_outer,674,ru_ahk_outer__00674
675,CCCCCCCCCC(=O)C#C[Si](C)(C)C,CCCCCCCCC[C@H](O)C#C[Si](C)(C)C,Ru,Cc1ccc(S(=O)(=O)N[C@@H](c2ccccc2)[C@@H](N)c2ccccc2)cc1,CO,,10.0,50.0,200.0,2.1299156761403486,ru_ahk_outer,675,ru_ahk_outer__00675
677,CC(=O)c1ccccc1,C[C@@H](O)c1ccccc1,Ru,COc1ccc(C(N)(c2ccc(OC)cc2)[C@@H](N)C(C)C)cc1.Cc1cc(C)cc(P(c2cc(C)cc(C)c2)c2ccc3ccccc3c2-c2c(P(c3cc(C)cc(C)c3)c3cc(C)cc(C)c3)ccc3ccccc23)c1,CO,CC(C)(C)[O-].[K+],50.0,35.0,33003.300330033,2.128608776961187,ru_ahk_outer,677,ru_ahk_outer__00677
679,O=C(/C=C/c1ccccc1)c1ccc(F)cc1,O[C@@H](/C=C/c1ccccc1)c1ccc(F)cc1,Ru,CN(C)C[C@H](N)c1ccccc1.Cc1ccc(P(c2ccc(C)cc2)c2ccc3ccccc3c2-c2c(P(c3ccc(C)cc3)c3ccc(C)cc3)ccc3ccccc23)cc1,CC(C)O,CC(C)(C)[O-].[K+],8.0,0.0,1000.0,2.112494379713145,ru_ahk_outer,679,ru_ahk_outer__00679
681,O=C(CCl)c1cccc(Cl)c1,O[C@@H](CCl)c1cccc(Cl)c1,Ru,Cc1ccc(C(C)C)cc1.Cc1ccc(S(=O)(=O)ONC(c2ccccc2)C(N)c2ccccc2)cc1,CO,,10.0,30.0,1000.0,2.094070260378984,ru_ahk_outer,681,ru_ahk_outer__00681
682,COC(=O)c1ccc(C(=O)CCl)cc1,COC(=O)c1ccc([C@@H](O)CCl)cc1,Ru,Cc1ccc(C(C)C)cc1.Cc1ccc(S(=O)(=O)ONC(c2ccccc2)C(N)c2ccccc2)cc1,CO,,10.0,30.0,1000.0,2.094070260378984,ru_ahk_outer,682,ru_ahk_outer__00682
683,O=C(CCNc1ccccc1Br)c1ccccc1,O[C@H](CCNc1ccccc1Br)c1ccccc1,Ru,CP(C)CCP(C)C.Cc1cc(C)c([C@@H](NCCP(c2ccccc2)c2ccccc2)c2ccccc2)c(C)c1,C1CCOC1,C[O-].[K+],50.0,30.0,100.0,2.094070260378984,ru_ahk_outer,683,ru_ahk_outer__00683
684,Cc1cccc(NCCC(=O)c2ccccc2)c1,Cc1cccc(NCC[C@@H](O)c2ccccc2)c1,Ru,CP(C)CCP(C)C.Cc1cc(C)c([C@@H](NCCP(c2ccccc2)c2ccccc2)c2ccccc2)c(C)c1,C1CCOC1,C[O-].[K+],50.0,30.0,100.0,2.094070260378984,ru_ahk_outer,684,ru_ahk_outer__00684
685,COc1ccccc1NCCC(=O)c1ccccc1,COc1ccccc1NCC[C@@H](O)c1ccccc1,Ru,CP(C)CCP(C)C.Cc1cc(C)c([C@@H](NCCP(c2ccccc2)c2ccccc2)c2ccccc2)c(C)c1,C1CCOC1,C[O-].[K+],50.0,30.0,100.0,2.094070260378984,ru_ahk_outer,685,ru_ahk_outer__00685
686,O=C(CCNc1ccccc1)c1ccccc1,O[C@H](CCNc1ccccc1)c1ccccc1,Ru,CP(C)CCP(C)C.Cc1cc(C)c([C@@H](NCCP(c2ccccc2)c2ccccc2)c2ccccc2)c(C)c1,C1CCOC1,C[O-].[K+],50.0,30.0,100.0,2.094070260378984,ru_ahk_outer,686,ru_ahk_outer__00686
687,COc1ccc(NCCC(=O)c2ccccc2)cc1,COc1ccc(NCC[C@@H](O)c2ccccc2)cc1,Ru,CP(C)CCP(C)C.Cc1cc(C)c([C@@H](NCCP(c2ccccc2)c2ccccc2)c2ccccc2)c(C)c1,C1CCOC1,C[O-].[K+],50.0,30.0,100.0,2.094070260378984,ru_ahk_outer,687,ru_ahk_outer__00687
688,O=C(CCN1CCN(c2ccccc2)CC1)c1ccccc1,O[C@H](CCN1CCN(c2ccccc2)CC1)c1ccccc1,Ru,CC(C)c1cc(C(C)C)c([C@@H](NCCP(c2ccccc2)c2ccccc2)c2ccccc2)c(C(C)C)c1.CP(C)CCP(C)C,C1CCOC1,C[O-].[K+],50.0,30.0,100.0,2.094070260378984,ru_ahk_outer,688,ru_ahk_outer__00688
691,CCC(=O)c1ccccc1,CC[C@H](O)c1ccccc1,Ru,N[C@H](c1ccccc1)[C@H](N)c1ccccc1.O=P(O)(O)c1cc(P(c2ccccc2)c2ccccc2)c(-c2c(P(c3ccccc3)c3ccccc3)cc(P(=O)(O)O)c3ccccc23)c2ccccc12,CC(C)O,CC(C)(C)[O-].[K+],47.62,25.0,1000.0,2.0802283531756074,ru_ahk_outer,691,ru_ahk_outer__00691
692,CC(=O)c1ccc2ccccc2c1,C[C@H](O)c1ccc2ccccc2c1,Ru,Cc1cc(C)cc(P(c2cc(C)cc(C)c2)c2cc(C)c3cc(C)ccc3c2-c2c(P(c3cc(C)cc(C)c3)c3cc(C)cc(C)c3)cc(C)c3cc(C)ccc23)c1.N[C@H](c1ccccc1)[C@H](N)c1ccccc1,CC(C)O,CC(C)(C)[O-].[K+],48.3,25.0,1000.0,2.0697950123805064,ru_ahk_outer,692,ru_ahk_outer__00692
699,O=C1CN2CCC1CC2,O[C@@H]1CN2CCC1CC2,Ru,COc1ccc(C(N)(c2ccc(OC)cc2)[C@@H](N)C(C)C)cc1.Cc1cc(C)cc(P(c2cc(C)cc(C)c2)c2ccc3ccccc3c2-c2c(P(c3cc(C)cc(C)c3)c3cc(C)cc(C)c3)ccc3ccccc23)c1,CC(C)O,CC(C)(C)[O-].[K+],30.0,10.0,100000.0,2.061397040457918,ru_ahk_outer,699,ru_ahk_outer__00699
700,O=C1CN2CCC1CC2,O[C@@H]1CN2CCC1CC2,Ru,COc1ccc(C(N)(c2ccc(OC)cc2)[C@@H](N)C(C)C)cc1.Cc1cc(C)cc(P(c2cc(C)cc(C)c2)c2ccc3ccccc3c2-c2c(P(c3cc(C)cc(C)c3)c3cc(C)cc(C)c3)ccc3ccccc23)c1,CC(C)O,CC(C)(C)[O-].[K+],30.0,10.0,49999.99999999999,2.061397040457918,ru_ahk_outer,700,ru_ahk_outer__00700
705,CC(=O)c1cccc2ccccc12,C[C@@H](O)c1cccc2ccccc12,Ru,c1ccc2c(c1)CC1OC(CNCC3=NC4c5ccccc5CC4O3)=NC21,CC(C)O,CC(C)(C)[O-].[K+],5.0,25.0,100.0,2.059531743796781,ru_ahk_outer,705,ru_ahk_outer__00705
712,COc1ccccc1C(=O)c1ccccn1,COc1ccccc1[C@H](O)c1ccccn1,Ru,Cc1ccccc1[C@@H](N[C@@H](C)[C]12[CH]3[CH]4[CH]5[C]1(P(c1ccccc1)c1ccccc1)[Fe]43521678[CH]2[CH]1[CH]6[C]7(P(c1ccccc1)c1ccccc1)[CH]28)c1ccccn1,COC(C)(C)C,C1CN=C2CCCN2C1,50.0,25.0,33.333333333333336,2.059531743796781,ru_ahk_outer,712,ru_ahk_outer__00712
719,O=C(c1ccc(Br)cc1)c1ccccn1,O[C@@H](c1ccc(Br)cc1)c1ccccn1,Ru,Cc1ccccc1[C@@H](N[C@@H](C)[C]12[CH]3[CH]4[CH]5[C]1(P(c1ccccc1)c1ccccc1)[Fe]43521678[CH]2[CH]1[CH]6[C]7(P(c1ccccc1)c1ccccc1)[CH]28)c1ccccn1,COC(C)(C)C,C1CN=C2CCCN2C1,50.0,25.0,33.333333333333336,2.059531743796781,ru_ahk_outer,719,ru_ahk_outer__00719
722,CC(=O)c1ccccc1,C[C@@H](O)c1ccccc1,Ru,c1ccc2c(c1)CC1OC(CNCC3=NC4c5ccccc5CC4O3)=NC21,CC(C)O,CC(C)[O-].[Na+],5.0,25.0,100.0,2.059531743796781,ru_ahk_outer,722,ru_ahk_outer__00722
724,O=C(c1ccccc1)c1ccccn1,O[C@@H](c1ccccc1)c1ccccn1,Ru,Cc1ccccc1[C@@H](N[C@@H](C)[C]12[CH]3[CH]4[CH]5[C]1(P(c1ccccc1)c1ccccc1)[Fe]43521678[CH]2[CH]1[CH]6[C]7(P(c1ccccc1)c1ccccc1)[CH]28)c1ccccn1,COC(C)(C)C,C1CN=C2CCCN2C1,50.0,25.0,33.333333333333336,2.059531743796781,ru_ahk_outer,724,ru_ahk_outer__00724
725,O=C(c1ccc(F)cc1)c1ccccn1,O[C@@H](c1ccc(F)cc1)c1ccccn1,Ru,Cc1ccccc1[C@@H](N[C@@H](C)[C]12[CH]3[CH]4[CH]5[C]1(P(c1ccccc1)c1ccccc1)[Fe]43521678[CH]2[CH]1[CH]6[C]7(P(c1ccccc1)c1ccccc1)[CH]28)c1ccccn1,COC(C)(C)C,C1CN=C2CCCN2C1,50.0,25.0,33.333333333333336,2.059531743796781,ru_ahk_outer,725,ru_ahk_outer__00725
726,CC(=O)c1ccccc1Br,C[C@H](O)c1ccccc1Br,Ru,NC(c1ccccc1)C(N)c1ccccc1.O=C(c1ccccc1P(c1ccccc1)c1ccccc1)c1ccccc1P(c1ccccc1)c1ccccc1,CCO,CC(C)(C)[O-].[K+],20.0,25.0,1000.0,2.059531743796781,ru_ahk_outer,726,ru_ahk_outer__00726
728,CC(=O)c1ccccc1,C[C@@H](O)c1ccccc1,Ru,c1ccc2c(c1)CC1OC(CNCC3=NC4c5ccccc5CC4O3)=NC21,CC(C)O,CC(C)(C)[O-].[K+],30.0,25.0,100.0,2.059531743796781,ru_ahk_outer,728,ru_ahk_outer__00728
734,CC(=O)C#Cc1ccccc1,C[C@H](O)C#Cc1ccccc1,Ru,Cc1ccc(S(=O)(=O)N[C@@H](c2ccccc2)[C@@H](N)c2ccccc2)cc1,CO,,10.0,50.0,200.0,2.040830742934333,ru_ahk_outer,734,ru_ahk_outer__00734
736,O=C1CCCc2ccccc21,O[C@@H]1CCCc2ccccc21,Ru,C[C@H](c1cccc2ccccc12)N1[C-]=[N+]([C@H](C)c2cccc3ccccc23)CC1.Cc1ccc([C@@H](N)[C@H](N)c2ccc(C)cc2)cc1,CC(C)O,CC(C)(C)[O-].[Na+],7.5,22.0,3333.333333333333,2.038808633847459,ru_ahk_outer,736,ru_ahk_outer__00736
737,COCC(=O)c1ccccc1,COC[C@@H](O)c1ccccc1,Ru,CC(C)(C)SCCN.COc1c(C)cc(P(c2cc(C)c(OC)c(C)c2)[C@H]2CCC[C@H]2[C@@H]2CCC[C@@H]2P(c2cc(C)c(OC)c(C)c2)c2cc(C)c(OC)c(C)c2)cc1C,CCCCO,CC(C)(C)[O-].[Na+],7.0,-10.0,500.0,2.03515612674909,ru_ahk_outer,737,ru_ahk_outer__00737
738,COCC(=O)c1ccc(C(F)(F)F)cc1,COC[C@H](O)c1ccc(C(F)(F)F)cc1,Ru,CC(C)(C)SCCN.c1ccc(P(c2ccccc2)[C@@H]2CCC[C@@H]2[C@H]2CCC[C@H]2P(c2ccccc2)c2ccccc2)cc1,CCCCO,CC(C)(C)[O-].[Na+],7.0,-10.0,500.0,2.03515612674909,ru_ahk_outer,738,ru_ahk_outer__00738
746,COc1ccccc1C(C)=O,COc1ccccc1[C@H](C)O,Ru,COc1cc(P(c2cc(C)cc(C)c2)c2cc(C)cc(C)c2)c(-c2c(P(c3cc(C)cc(C)c3)c3cc(C)cc(C)c3)cc(OC)nc2OC)c(OC)n1,CC(C)O,CC(C)(C)[O-].[K+],20.41,26.5,4000.0,2.0020324814554997,ru_ahk_outer,746,ru_ahk_outer__00746
748,O=C(CCl)c1ccc(Cl)cc1,O[C@@H](CCl)c1ccc(Cl)cc1,Ru,Cc1ccc(C(C)C)cc1.Cc1ccc(S(=O)(=O)ONC(c2ccccc2)C(N)c2ccccc2)cc1,CO,,10.0,30.0,1000.0,1.998093570236567,ru_ahk_outer,748,ru_ahk_outer__00748
749,O=C(CCl)c1cccc(C(F)(F)F)c1,O[C@@H](CCl)c1cccc(C(F)(F)F)c1,Ru,Cc1ccc(C(C)C)cc1.Cc1ccc(S(=O)(=O)ONC(c2ccccc2)C(N)c2ccccc2)cc1,CO,,10.0,30.0,519.9999792000008,1.998093570236567,ru_ahk_outer,749,ru_ahk_outer__00749
750,O=C(CCN1CCN(c2ccccc2)CC1)c1ccccc1,O[C@H](CCN1CCN(c2ccccc2)CC1)c1ccccc1,Ru,CP(C)CCP(C)C.Cc1cc(C)c([C@@H](NCCP(c2ccccc2)c2ccccc2)c2ccccc2)c(C)c1,C1CCCCC1,C[O-].[K+],50.0,30.0,100.0,1.998093570236567,ru_ahk_outer,750,ru_ahk_outer__00750
751,O=C(CCNCc1ccccc1)c1ccc(F)cc1,O[C@H](CCNCc1ccccc1)c1ccc(F)cc1,Ru,CP(C)CCP(C)C.Cc1cc(C)c([C@@H](NCCP(c2ccccc2)c2ccccc2)c2ccccc2)c(C)c1,C1CCOC1,C[O-].[K+],50.0,30.0,100.0,1.998093570236567,ru_ahk_outer,751,ru_ahk_outer__00751
752,CC(=O)c1cc(Cl)ccc1Cl,C[C@@H](O)c1cc(Cl)ccc1Cl,Ru,Brc1ccccc1-p1oc2ccc3ccccc3c2c2c(ccc3ccccc32)o1.N[C@@H](c1ccccc1)[C@@H](N)c1ccccc1,CC(C)O,CC(C)(C)[O-].[K+],80.0,0.0,1000.0,1.9885947434260292,ru_ahk_outer,752,ru_ahk_outer__00752
753,CC(=O)c1ccccc1Cl,C[C@@H](O)c1ccccc1Cl,Ru,Brc1ccccc1-p1oc2ccc3ccccc3c2c2c(ccc3ccccc32)o1.N[C@@H](c1ccccc1)[C@@H](N)c1ccccc1,CC(C)O,CC(C)(C)[O-].[K+],60.0,0.0,2000.0,1.9885947434260292,ru_ahk_outer,753,ru_ahk_outer__00753
754,O=C(/C=C/c1ccccc1)c1ccc2ccc(O)cc2c1,Oc1ccc2ccc([C@@H](O)/C=C/c3ccccc3)cc2c1,Ru,CN(C)C[C@H](N)c1ccccc1.Cc1ccc(P(c2ccc(C)cc2)c2ccc3ccccc3c2-c2c(P(c3ccc(C)cc3)c3ccc(C)cc3)ccc3ccccc23)cc1,CC(C)O.CC(C)O.CN(C)C=O,CC(C)(C)[O-].[K+],8.0,0.0,1000.0,1.9885947434260292,ru_ahk_outer,754,ru_ahk_outer__00754
755,CC(=O)c1ccccc1C,Cc1ccccc1[C@@H](C)O,Ru,Brc1ccccc1-p1oc2ccc3ccccc3c2c2c(ccc3ccccc32)o1.N[C@@H](c1ccccc1)[C@@H](N)c1ccccc1,CC(C)O,CC(C)(C)[O-].[K+],60.0,0.0,2000.0,1.9885947434260292,ru_ahk_outer,755,ru_ahk_outer__00755
756,COc1ccc(C(=O)/C=C/c2ccccc2)cc1,COc1ccc([C@@H](O)/C=C/c2ccccc2)cc1,Ru,CN(C)C[C@H](N)c1ccccc1.Cc1ccc(P(c2ccc(C)cc2)c2ccc3ccccc3c2-c2c(P(c3ccc(C)cc3)c3ccc(C)cc3)ccc3ccccc23)cc1,CC(C)O.CN(C)C=O,CC(C)(C)[O-].[K+],8.0,0.0,1000.0,1.9885947434260292,ru_ahk_outer,756,ru_ahk_outer__00756
757,Cc1ccccc1C(=O)c1ccccc1,Cc1ccccc1[C@@H](O)c1ccccc1,Ru,COc1ccc(C(N)(c2ccc(OC)cc2)[C@@H](N)C(C)C)cc1.Cc1cc(C)cc(P(c2cc(C)cc(C)c2)c2ccc3ccccc3c2-c2c(P(c3cc(C)cc(C)c3)c3cc(C)cc(C)c3)ccc3ccccc23)c1,CC(C)O,CC(C)(C)[O-].[K+],8.0,28.0,2000.0,1.9849113596461887,ru_ahk_outer,757,ru_ahk_outer__00757
764,COc1ccccc1C(C)=O,COc1ccccc1[C@@H](C)O,Ru,c1ccc2c(c1)CC1OC(CNCC3=NC4c5ccccc5CC4O3)=NC21,CC(C)O,CC(C)(C)[O-].[K+],5.0,25.0,100.0,1.9651380437606216,ru_ahk_outer,764,ru_ahk_outer__00764
766,CC(=O)c1ccc(F)cn1,C[C@H](O)c1ccc(F)cn1,Ru,Cc1ccccc1[C@@H](N[C@@H](C)[C]12[CH]3[CH]4[CH]5[C]1(P(c1ccccc1)c1ccccc1)[Fe]43521678[CH]2[CH]1[CH]6[C]7(P(c1ccccc1)c1ccccc1)[CH]28)c1ccccn1,COC(C)(C)C,C1CN=C2CCCN2C1,50.0,25.0,33.333333333333336,1.9651380437606216,ru_ahk_outer,766,ru_ahk_outer__00766
768,CC(=O)c1ccccc1,C[C@@H](O)c1ccccc1,Ru,c1ccc2c(c1)CC1OC(CNCC3=NC4c5ccccc5CC4O3)=NC21,CC(C)O,[K+].[OH-],5.0,25.0,100.0,1.9651380437606216,ru_ahk_outer,768,ru_ahk_outer__00768
769,CC(=O)c1cccc(Cl)n1,C[C@H](O)c1cccc(Cl)n1,Ru,Cc1ccccc1[C@@H](N[C@@H](C)[C]12[CH]3[CH]4[CH]5[C]1(P(c1ccccc1)c1ccccc1)[Fe]43521678[CH]2[CH]1[CH]6[C]7(P(c1ccccc1)c1ccccc1)[CH]28)c1ccccn1,COC(C)(C)C,C1CN=C2CCCN2C1,50.0,25.0,33.333333333333336,1.9651380437606216,ru_ahk_outer,769,ru_ahk_outer__00769
770,O=C(c1ccccc1)C1OCCCO1,O[C@H](c1ccccc1)C1OCCCO1,Ru,CN(C)C[C@H](N)c1ccccc1.Cc1ccc(P(c2ccc(C)cc2)c2ccc3ccccc3c2-c2c(P(c3ccc(C)cc3)c3ccc(C)cc3)ccc3ccccc23)cc1,CC(C)O,CC(C)(C)[O-].[K+],8.0,25.0,1000.0,1.9651380437606216,ru_ahk_outer,770,ru_ahk_outer__00770
781,O=C(CNC(=O)c1ccccc1)c1cccc(Cl)c1,O=C(NC[C@@H](O)c1cccc(Cl)c1)c1ccccc1,Ru,CC(C)(C)SCCN.COc1c(C)cc(P(c2cc(C)c(OC)c(C)c2)[C@H]2CCC[C@H]2[C@@H]2CCC[C@@H]2P(c2cc(C)c(OC)c(C)c2)c2cc(C)c(OC)c(C)c2)cc1C,CCCCO,CC(C)(C)[O-].[Na+],7.0,25.0,500.0,1.9651380437606216,ru_ahk_outer,781,ru_ahk_outer__00781
785,CC(=O)c1ccc(C)cc1,Cc1ccc([C@@H](C)O)cc1,Ru,c1ccc2c(c1)CC1OC(CNCC3=NC4c5ccccc5CC4O3)=NC21,CC(C)O,CC(C)(C)[O-].[K+],5.0,25.0,100.0,1.9651380437606216,ru_ahk_outer,785,ru_ahk_outer__00785
786,CCC(=O)c1ccccc1,CC[C@@H](O)c1ccccc1,Ru,c1ccc2c(c1)CC1OC(CNCC3=NC4c5ccccc5CC4O3)=NC21,CC(C)O,CC(C)(C)[O-].[K+],5.0,25.0,100.0,1.9651380437606216,ru_ahk_outer,786,ru_ahk_outer__00786
788,CC1(C)CCC(=O)c2ccccc21,CC1(C)CC[C@@H](O)c2ccccc21,Ru,C[C@@H](N)[C@H]1OC(C)(C)O[C@@H]1[C@@H](C)N.Cc1ccc(P(c2ccc(C)cc2)c2ccc3ccccc3c2-c2c(P(c3ccc(C)cc3)c3ccc(C)cc3)ccc3ccccc23)cc1,CC(C)O,CC(C)(C)[O-].[K+],9.0,25.0,12004.801920768306,1.9651380437606216,ru_ahk_outer,788,ru_ahk_outer__00788
790,CC(=O)c1cccc(C)c1,Cc1cccc([C@H](C)O)c1,Ru,CCCSc1ccccc1N.Cc1cc(C)cc(P(c2cc(C)cc(C)c2)[C@@H]2CCC[C@@H]2[C@H]2CCC[C@H]2P(c2cc(C)cc(C)c2)c2cc(C)cc(C)c2)c1,CCO,CC(C)(C)[O-].[Na+],7.0,25.0,500.0,1.9651380437606216,ru_ahk_outer,790,ru_ahk_outer__00790
791,CC(=O)c1ccc(C(F)(F)F)cn1,C[C@H](O)c1ccc(C(F)(F)F)cn1,Ru,Cc1ccccc1[C@@H](N[C@@H](C)[C]12[CH]3[CH]4[CH]5[C]1(P(c1ccccc1)c1ccccc1)[Fe]43521678[CH]2[CH]1[CH]6[C]7(P(c1ccccc1)c1ccccc1)[CH]28)c1ccccn1,COC(C)(C)C,C1CN=C2CCCN2C1,50.0,25.0,33.333333333333336,1.9651380437606216,ru_ahk_outer,791,ru_ahk_outer__00791
792,O=C(c1ccccc1)c1ccccn1,O[C@@H](c1ccccc1)c1ccccn1,Ru,C[C@H](N[C@H](c1ccccc1)c1ccccn1)[C]12[CH]3[CH]4[CH]5[C]1(P(c1ccccc1)c1ccccc1)[Fe]43521678[CH]2[CH]1[CH]6[C]7(P(c1ccccc1)c1ccccc1)[CH]28,COC(C)(C)C,C1CN=C2CCCN2C1,50.0,25.0,33.333333333333336,1.9651380437606216,ru_ahk_outer,792,ru_ahk_outer__00792
797,O=C1CCOc2ccccc21,O[C@@H]1CCOc2ccccc21,Ru,C[C@H](c1cccc2ccccc12)N1[C-]=[N+]([C@H](C)c2cccc3ccccc23)CC1.Cc1ccc([C@@H](N)[C@H](N)c2ccc(C)cc2)cc1,CC(C)O,CC(C)(C)[O-].[Na+],7.5,22.0,3333.333333333333,1.9453647278750543,ru_ahk_outer,797,ru_ahk_outer__00797
800,COCC(=O)c1ccc(C(F)(F)F)cc1,COC[C@H](O)c1ccc(C(F)(F)F)cc1,Ru,CC(C)(C)SCCN.c1ccc(P(c2ccccc2)[C@@H]2CCC[C@@H]2[C@H]2CCC[C@H]2P(c2ccccc2)c2ccccc2)cc1,CCCCO,CC(C)(C)[O-].[Na+],7.0,-10.0,1000.0,1.915792446394141,ru_ahk_outer,800,ru_ahk_outer__00800
804,COc1ccc(C(C)=O)cc1,COc1ccc([C@H](C)O)cc1,Ru,Cc1cc(C)cc(P(c2cc(C)cc(C)c2)c2cc(C)c3cc(C)ccc3c2-c2c(P(c3cc(C)cc(C)c3)c3cc(C)cc(C)c3)cc(C)c3cc(C)ccc23)c1.N[C@H](c1ccccc1)[C@H](N)c1ccccc1,CC(C)O,CC(C)(C)[O-].[K+],48.3,25.0,1000.0,1.8907062567316344,ru_ahk_outer,804,ru_ahk_outer__00804
811,Cc1ccc2c(c1)C(=O)CCO2,Cc1ccc2c(c1)[C@H](O)CCO2,Ru,COC[C@H](C)N[C@H](C)C[C@@H](C)P(c1ccccc1)c1ccccc1,CC(C)O,CC(C)(C)[O-].[K+],70.0,25.0,200.0,1.8829450286426468,ru_ahk_outer,811,ru_ahk_outer__00811
816,O=C(c1ccccc1)C1CC1,O[C@@H](c1ccccc1)C1CC1,Ru,c1ccc2c(c1)CC1OC(CNCC3=NC4c5ccccc5CC4O3)=NC21,CC(C)O,CC(C)(C)[O-].[K+],5.0,25.0,100.0,1.8829450286426468,ru_ahk_outer,816,ru_ahk_outer__00816
820,O=C1CN2CCC1CC2,O[C@@H]1CN2CCC1CC2,Ru,CC1(C)O[C@@H](CN)[C@H](CN)O1.c1ccc(P(c2ccccc2)c2ccc3ccccc3c2-c2c(P(c3ccccc3)c3ccccc3)ccc3ccccc23)cc1,CC(C)O,CC(C)(C)[O-].[K+],20.0,25.0,10000.0,1.8829450286426468,ru_ahk_outer,820,ru_ahk_outer__00820
823,COc1ccc(C(C)=O)cc1,COc1ccc([C@@H](C)O)cc1,Ru,c1ccc2c(c1)CC1OC(CNCC3=NC4c5ccccc5CC4O3)=NC21,CC(C)O,CC(C)(C)[O-].[K+],5.0,25.0,100.0,1.8829450286426468,ru_ahk_outer,823,ru_ahk_outer__00823
824,CC(=O)c1ccccc1,C[C@@H](O)c1ccccc1,Ru,c1ccc2c(c1)CC1OC(CNCC3=NC4c5ccccc5CC4O3)=NC21,CO,CC(C)(C)[O-].[K+],30.0,25.0,100.0,1.8829450286426468,ru_ahk_outer,824,ru_ahk_outer__00824
825,CC(=O)c1ccccc1Cl,C[C@@H](O)c1ccccc1Cl,Ru,c1ccc2c(c1)CC1OC(CNCC3=NC4c5ccccc5CC4O3)=NC21,CC(C)O,CC(C)(C)[O-].[K+],5.0,25.0,100.0,1.8829450286426468,ru_ahk_outer,825,ru_ahk_outer__00825
828,CC(=O)c1ccc(C)cc1,Cc1ccc([C@H](C)O)cc1,Ru,NC(c1ccccc1)C(N)c1ccccc1.O=C(c1ccccc1P(c1ccccc1)c1ccccc1)c1ccccc1P(c1ccccc1)c1ccccc1,CC(C)O,CC(C)(C)[O-].[K+],20.0,25.0,1000.0,1.8829450286426468,ru_ahk_outer,828,ru_ahk_outer__00828
829,CCC(=O)c1ccccc1,CC[C@H](O)c1ccccc1,Ru,NC(c1ccccc1)C(N)c1ccccc1.O=C(c1ccccc1P(c1ccccc1)c1ccccc1)c1ccccc1P(c1ccccc1)c1ccccc1,CCO,CC(C)(C)[O-].[K+],20.0,25.0,1000.0,1.8829450286426468,ru_ahk_outer,829,ru_ahk_outer__00829
833,CC(=O)c1ccc(Cl)cn1,C[C@H](O)c1ccc(Cl)cn1,Ru,Cc1ccccc1[C@@H](N[C@@H](C)[C]12[CH]3[CH]4[CH]5[C]1(P(c1ccccc1)c1ccccc1)[Fe]43521678[CH]2[CH]1[CH]6[C]7(P(c1ccccc1)c1ccccc1)[CH]28)c1ccccn1,COC(C)(C)C,C1CN=C2CCCN2C1,50.0,25.0,33.333333333333336,1.8829450286426468,ru_ahk_outer,833,ru_ahk_outer__00833
834,CC(=O)c1ccc(Br)cn1,C[C@H](O)c1ccc(Br)cn1,Ru,Cc1ccccc1[C@@H](N[C@@H](C)[C]12[CH]3[CH]4[CH]5[C]1(P(c1ccccc1)c1ccccc1)[Fe]43521678[CH]2[CH]1[CH]6[C]7(P(c1ccccc1)c1ccccc1)[CH]28)c1ccccn1,COC(C)(C)C,C1CN=C2CCCN2C1,50.0,25.0,33.333333333333336,1.8829450286426468,ru_ahk_outer,834,ru_ahk_outer__00834
835,CCOC(OCC)C(=O)c1ccc(Cl)cc1,CCOC(OCC)[C@H](O)c1ccc(Cl)cc1,Ru,CN(C)C[C@H](N)c1ccccc1.Cc1ccc(P(c2ccc(C)cc2)c2ccc3ccccc3c2-c2c(P(c3ccc(C)cc3)c3ccc(C)cc3)ccc3ccccc23)cc1,CC(C)O,CC(C)(C)[O-].[K+],8.0,25.0,1000.0,1.8829450286426468,ru_ahk_outer,835,ru_ahk_outer__00835
836,CCOC(OCC)C(=O)c1ccccc1C,CCOC(OCC)[C@H](O)c1ccccc1C,Ru,CN(C)C[C@H](N)c1ccccc1.Cc1ccc(P(c2ccc(C)cc2)c2ccc3ccccc3c2-c2c(P(c3ccc(C)cc3)c3ccc(C)cc3)ccc3ccccc23)cc1,CC(C)O,CC(C)(C)[O-].[K+],8.0,25.0,1000.0,1.8829450286426468,ru_ahk_outer,836,ru_ahk_outer__00836
837,CC(=O)c1ccccc1,C[C@H](O)c1ccccc1,Ru,CN(C)C[C@H](N)c1ccccc1.Cc1ccc(P(c2ccc(C)cc2)c2ccc3ccccc3c2-c2c(P(c3ccc(C)cc3)c3ccc(C)cc3)ccc3ccccc23)cc1,CC(C)O,CC(C)(C)[O-].[K+],8.0,25.0,500.0,1.8829450286426468,ru_ahk_outer,837,ru_ahk_outer__00837
840,COc1ccc2c(c1)CCCC2=O,COc1ccc2c(c1)CCC[C@H]2O,Ru,C[C@@H](N)[C@H]1OC(C)(C)O[C@@H]1[C@@H](C)N.Cc1ccc(P(c2ccc(C)cc2)c2ccc3ccccc3c2-c2c(P(c3ccc(C)cc3)c3ccc(C)cc3)ccc3ccccc23)cc1,CC(C)O,CC(C)(C)[O-].[K+],9.0,25.0,1000.0,1.8829450286426468,ru_ahk_outer,840,ru_ahk_outer__00840
843,O=C1CCCc2ccc(F)cc21,O[C@@H]1CCCc2ccc(F)cc21,Ru,C[C@H](c1cccc2ccccc12)N1[C-]=[N+]([C@H](C)c2cccc3ccccc23)CC1.Cc1ccc([C@@H](N)[C@H](N)c2ccc(C)cc2)cc1,CC(C)O,CC(C)(C)[O-].[Na+],7.5,22.0,3333.333333333333,1.8639987429276448,ru_ahk_outer,843,ru_ahk_outer__00843
844,CC(=O)c1ccccc1,C[C@@H](O)c1ccccc1,Ru,COc1ccc(C(N)(c2ccc(OC)cc2)[C@@H](N)C(C)C)cc1.COc1ccc(P(c2ccc(OC)cc2)c2cc(OC)nc(OC)c2-c2c(P(c3ccc(OC)cc3)c3ccc(OC)cc3)cc(OC)nc2OC)cc1,CC(C)O,[K+].[OH-],30.0,25.0,2000.0,1.860206870620533,ru_ahk_outer,844,ru_ahk_outer__00844
856,CC(=O)c1ccc(C(C)(C)C)cc1,C[C@H](O)c1ccc(C(C)(C)C)cc1,Ru,Clc1cc(P(c2ccccc2)c2ccccc2)c(-c2c(P(c3ccccc3)c3ccccc3)cc(Cl)c3ccccc23)c2ccccc12.N[C@H](c1ccccc1)[C@H](N)c1ccccc1,CC(C)O,CC(C)(C)[O-].[K+],47.62,25.0,1000.0,1.8382418064019796,ru_ahk_outer,856,ru_ahk_outer__00856
858,CC(=O)c1ccccc1Cl,C[C@@H](O)c1ccccc1Cl,Ru,COc1ccc(C(N)(c2ccc(OC)cc2)[C@@H](N)C(C)C)cc1.COc1ccc(P(c2ccc(OC)cc2)c2cc(OC)nc(OC)c2-c2c(P(c3ccc(OC)cc3)c3ccc(OC)cc3)cc(OC)nc2OC)cc1,CC(C)O,[K+].[OH-],30.0,25.0,2000.0,1.8310825743065435,ru_ahk_outer,858,ru_ahk_outer__00858
860,CC(=O)C#CC(C)(C)C,C[C@H](O)C#CC(C)(C)C,Ru,Cc1ccc(S(=O)(=O)N[C@@H](c2ccccc2)[C@@H](N)c2ccccc2)cc1,CO,,20.0,50.0,200.0,1.82621830018491,ru_ahk_outer,860,ru_ahk_outer__00860
865,CC(=O)c1ccc2ccccc2c1,C[C@H](O)c1ccc2ccccc2c1,Ru,N[C@H](c1ccccc1)[C@H](N)c1ccccc1.c1ccc(-c2cc(P(c3ccccc3)c3ccccc3)c(-c3c(P(c4ccccc4)c4ccccc4)cc(-c4ccccc4)c4ccccc34)c3ccccc23)cc1,CC(C)O,CC(C)(C)[O-].[K+],47.62,25.0,1000.0,1.8169967036082924,ru_ahk_outer,865,ru_ahk_outer__00865
868,CCC(=O)c1ccccc1,CC[C@H](O)c1ccccc1,Ru,N[C@H](c1ccccc1)[C@H](N)c1ccccc1.c1ccc(-c2cc(P(c3ccccc3)c3ccccc3)c(-c3c(P(c4ccccc4)c4ccccc4)cc(-c4ccccc4)c4ccccc34)c3ccccc23)cc1,CC(C)O,CC(C)(C)[O-].[K+],47.62,25.0,1000.0,1.8169967036082924,ru_ahk_outer,868,ru_ahk_outer__00868
869,CC(=O)c1ccccc1,C[C@H](O)c1ccccc1,Ru,NC(c1ccccc1)C(N)c1ccccc1.O=C(c1ccccc1P(c1ccccc1)c1ccccc1)c1ccccc1P(c1ccccc1)c1ccccc1,CCO,CC(C)(C)[O-].[K+],80.0,25.0,1000.0,1.8100665856486744,ru_ahk_outer,869,ru_ahk_outer__00869
871,CC(=O)c1cccc(C)c1,Cc1cccc([C@H](C)O)c1,Ru,NC(c1ccccc1)C(N)c1ccccc1.O=C(c1ccccc1P(c1ccccc1)c1ccccc1)c1ccccc1P(c1ccccc1)c1ccccc1,CCO,CC(C)(C)[O-].[K+],20.0,25.0,1000.0,1.8100665856486744,ru_ahk_outer,871,ru_ahk_outer__00871
873,CC(=O)c1ccccc1C(F)(F)F,C[C@H](O)c1ccccc1C(F)(F)F,Ru,NC(c1ccccc1)C(N)c1ccccc1.O=C(c1ccccc1P(c1ccccc1)c1ccccc1)c1ccccc1P(c1ccccc1)c1ccccc1,CCO,CC(C)(C)[O-].[K+],20.0,25.0,1000.0,1.8100665856486744,ru_ahk_outer,873,ru_ahk_outer__00873
874,CC(=O)c1ccc2ccccc2c1,C[C@H](O)c1ccc2ccccc2c1,Ru,NC(c1ccccc1)C(N)c1ccccc1.O=C(c1ccccc1P(c1ccccc1)c1ccccc1)c1ccccc1P(c1ccccc1)c1ccccc1,CCO,CC(C)(C)[O-].[K+],20.0,25.0,1000.0,1.8100665856486744,ru_ahk_outer,874,ru_ahk_outer__00874
876,O=C(c1cccc(Cl)c1)c1ccccn1,O[C@@H](c1cccc(Cl)c1)c1ccccn1,Ru,Cc1ccccc1[C@@H](N[C@@H](C)[C]12[CH]3[CH]4[CH]5[C]1(P(c1ccccc1)c1ccccc1)[Fe]43521678[CH]2[CH]1[CH]6[C]7(P(c1ccccc1)c1ccccc1)[CH]28)c1ccccn1,COC(C)(C)C,C1CN=C2CCCN2C1,50.0,25.0,33.333333333333336,1.8100665856486744,ru_ahk_outer,876,ru_ahk_outer__00876
877,O=C(c1ccccc1)c1ccccn1,O[C@@H](c1ccccc1)c1ccccn1,Ru,Cc1ccccc1[C@@H](N[C@@H](C)[C]12[CH]3[CH]4[CH]5[C]1(P(c1ccccc1)c1ccccc1)[Fe]43521678[CH]2[CH]1[CH]6[C]7(P(c1ccccc1)c1ccccc1)[CH]28)c1ccccn1,COC(C)(C)C,C1CCC2=NCCCN2CC1,50.0,25.0,33.333333333333336,1.8100665856486744,ru_ahk_outer,877,ru_ahk_outer__00877
878,CC(C)C(=O)c1ccccc1,CC(C)[C@@H](O)c1ccccc1,Ru,c1ccc2c(c1)CC1OC(CNCC3=NC4c5ccccc5CC4O3)=NC21,CC(C)O,CC(C)(C)[O-].[K+],5.0,25.0,100.0,1.8100665856486744,ru_ahk_outer,878,ru_ahk_outer__00878
882,CC(=O)c1ccccc1,C[C@H](O)c1ccccc1,Ru,NC(c1ccccc1)C(N)c1ccccc1.O=C(c1ccccc1P(c1ccccc1)c1ccccc1)c1ccccc1P(c1ccccc1)c1ccccc1,CCO,CC(C)(C)[O-].[K+],40.0,25.0,1000.0,1.8100665856486744,ru_ahk_outer,882,ru_ahk_outer__00882
888,CC(=O)c1ccccc1,C[C@@H](O)c1ccccc1,Ru,Brc1ccccc1-p1oc2ccc3ccccc3c2c2c(ccc3ccccc32)o1.N[C@@H](c1ccccc1)[C@@H](N)c1ccccc1,CC(C)O,CC(C)(C)[O-].[K+],50.0,0.0,2000.0,1.8003604113808949,ru_ahk_outer,888,ru_ahk_outer__00888
890,CC(=O)c1ccncc1,C[C@@H](O)c1ccncc1,Ru,Brc1ccccc1-p1oc2ccc3ccccc3c2c2c(ccc3ccccc32)o1.N[C@@H](c1ccccc1)[C@@H](N)c1ccccc1,CC(C)O,CC(C)(C)[O-].[K+],55.0,0.0,200.0,1.8003604113808949,ru_ahk_outer,890,ru_ahk_outer__00890
893,O=C1CCCCc2ccccc21,O[C@@H]1CCCCc2ccccc21,Ru,C[C@H](c1cccc2ccccc12)N1[C-]=[N+]([C@H](C)c2cccc3ccccc23)CC1.Cc1ccc([C@@H](N)[C@H](N)c2ccc(C)cc2)cc1,CC(C)O,CC(C)(C)[O-].[Na+],7.5,22.0,3333.333333333333,1.7918536064202797,ru_ahk_outer,893,ru_ahk_outer__00893
902,CC(=O)C#Cc1ccc(Cl)cc1,C[C@H](O)C#Cc1ccc(Cl)cc1,Ru,Cc1ccc(S(=O)(=O)N[C@@H](c2ccccc2)[C@@H](N)c2ccccc2)cc1,CO,,10.0,50.0,200.0,1.76693604227297,ru_ahk_outer,902,ru_ahk_outer__00902
915,COCC(=O)c1ccc(C(F)(F)F)cc1,COC[C@H](O)c1ccc(C(F)(F)F)cc1,Ru,CC(C)(C)SCCN.c1ccc(P(c2ccccc2)[C@@H]2CCC[C@@H]2[C@H]2CCC[C@H]2P(c2ccccc2)c2ccccc2)cc1,CCCCO,CC(C)(C)[O-].[Na+],7.0,25.0,200.0,1.744532041911976,ru_ahk_outer,915,ru_ahk_outer__00915
917,CC(=O)c1ccccc1,C[C@H](O)c1ccccc1,Ru,NC(c1ccccc1)C(N)c1ccccc1.O=C(c1ccccc1P(c1ccccc1)c1ccccc1)c1ccccc1P(c1ccccc1)c1ccccc1,CCO,CC(C)(C)[O-].[K+],20.0,25.0,1000.0,1.744532041911976,ru_ahk_outer,917,ru_ahk_outer__00917
919,CC(=O)c1ccccc1,C[C@H](O)c1ccccc1,Ru,NC(c1ccccc1)C(N)c1ccccc1.O=C(c1ccccc1P(c1ccccc1)c1ccccc1)c1ccccc1P(c1ccccc1)c1ccccc1,CCO,CC(C)(C)[O-].[K+],10.0,25.0,1000.0,1.744532041911976,ru_ahk_outer,919,ru_ahk_outer__00919
920,CCCC(=O)c1ccccc1,CCC[C@H](O)c1ccccc1,Ru,CP(c1ccccc1C(=O)N[C@@H]1CCCC[C@H]1NC(=O)c1ccccc1P(C)C(C)(C)C)C(C)(C)C,CC(C)O,CC(C)(C)[O-].[K+],30.0,25.0,100.0,1.744532041911976,ru_ahk_outer,920,ru_ahk_outer__00920
923,O=C(c1ccccc1)c1ccccn1,O[C@@H](c1ccccc1)c1ccccn1,Ru,CCc1ccccc1[C@@H](N[C@@H](C)[C]12[CH]3[CH]4[CH]5[C]1(P(c1ccccc1)c1ccccc1)[Fe]43521678[CH]2[CH]1[CH]6[C]7(P(c1ccccc1)c1ccccc1)[CH]28)c1ccccn1,COC(C)(C)C,C1CN=C2CCCN2C1,50.0,25.0,33.333333333333336,1.744532041911976,ru_ahk_outer,923,ru_ahk_outer__00923
925,COc1cccc(C(C)=O)c1,COc1cccc([C@@H](C)O)c1,Ru,c1ccc2c(c1)CC1OC(CNCC3=NC4c5ccccc5CC4O3)=NC21,CC(C)O,CC(C)(C)[O-].[K+],5.0,25.0,100.0,1.744532041911976,ru_ahk_outer,925,ru_ahk_outer__00925
926,O=C1CCOc2ccc(Cl)cc21,O[C@@H]1CCOc2ccc(Cl)cc21,Ru,COC[C@H](C)N[C@H](C)C[C@@H](C)P(c1ccccc1)c1ccccc1,CC(C)O,CC(C)(C)[O-].[K+],70.0,25.0,200.0,1.744532041911976,ru_ahk_outer,926,ru_ahk_outer__00926
929,CC(=O)c1ccccc1Cl,C[C@H](O)c1ccccc1Cl,Ru,NC(c1ccccc1)C(N)c1ccccc1.O=C(c1ccccc1P(c1ccccc1)c1ccccc1)c1ccccc1P(c1ccccc1)c1ccccc1,CCO,CC(C)(C)[O-].[K+],20.0,25.0,1000.0,1.744532041911976,ru_ahk_outer,929,ru_ahk_outer__00929
930,O=C1CCCc2ccccc21,O[C@@H]1CCCc2ccccc21,Ru,C[C@@H](N)[C@H]1OC(C)(C)O[C@@H]1[C@@H](C)N.Cc1ccc(P(c2ccc(C)cc2)c2ccc3ccccc3c2-c2c(P(c3ccc(C)cc3)c3ccc(C)cc3)ccc3ccccc23)cc1,CC(C)O,CC(C)(C)[O-].[K+],9.0,25.0,11001.100110011,1.744532041911976,ru_ahk_outer,930,ru_ahk_outer__00930
937,CC(=O)c1cc(C(F)(F)F)cc(C(F)(F)F)c1,C[C@H](O)c1cc(C(F)(F)F)cc(C(F)(F)F)c1,Ru,CC(C)(C)SCCN.COc1c(C)cc(P(c2cc(C)c(OC)c(C)c2)[C@H]2CCC[C@H]2[C@@H]2CCC[C@@H]2P(c2cc(C)c(OC)c(C)c2)c2cc(C)c(OC)c(C)c2)cc1C,CCCCO,CC(C)(C)[O-].[Na+],7.0,-10.0,1000.0,1.7344493584290042,ru_ahk_outer,937,ru_ahk_outer__00937
938,COCC(=O)c1ccccc1,COC[C@H](O)c1ccccc1,Ru,CC(C)(C)SCCN.c1ccc(P(c2ccccc2)[C@@H]2CCC[C@@H]2[C@H]2CCC[C@H]2P(c2ccccc2)c2ccccc2)cc1,CCCCO,CC(C)(C)[O-].[Na+],7.0,-10.0,500.0,1.7344493584290042,ru_ahk_outer,938,ru_ahk_outer__00938
939,O=C1CCCc2ccc(Br)cc21,O[C@@H]1CCCc2ccc(Br)cc21,Ru,C[C@H](c1cccc2ccccc12)N1[C-]=[N+]([C@H](C)c2cccc3ccccc23)CC1.Cc1ccc([C@@H](N)[C@H](N)c2ccc(C)cc2)cc1,CC(C)O,CC(C)(C)[O-].[Na+],7.5,22.0,3333.333333333333,1.7269784744937775,ru_ahk_outer,939,ru_ahk_outer__00939
940,O=C(/C=C/c1ccccc1)c1ccco1,O[C@@H](/C=C/c1ccccc1)c1ccco1,Ru,CN(C)C[C@H](N)c1ccccc1.Cc1ccc(P(c2ccc(C)cc2)c2ccc3ccccc3c2-c2c(P(c3ccc(C)cc3)c3ccc(C)cc3)ccc3ccccc23)cc1,CC(C)O.CC(C)O.CN(C)C=O,CC(C)(C)[O-].[K+].c1ccc(P(c2ccccc2)c2ccccc2)cc1,8.0,0.0,1000.0,1.725059314350961,ru_ahk_outer,940,ru_ahk_outer__00940
942,CC(=O)c1cc(Cl)sc1Cl,C[C@@H](O)c1cc(Cl)sc1Cl,Ru,Brc1ccccc1-p1oc2ccc3ccccc3c2c2c(ccc3ccccc32)o1.N[C@@H](c1ccccc1)[C@@H](N)c1ccccc1,CC(C)O,CC(C)(C)[O-].[K+],80.0,0.0,300.3003003003003,1.725059314350961,ru_ahk_outer,942,ru_ahk_outer__00942
943,O=C(/C=C/c1ccccc1)c1ccc(C(F)(F)F)cc1,O[C@@H](/C=C/c1ccccc1)c1ccc(C(F)(F)F)cc1,Ru,CN(C)C[C@H](N)c1ccccc1.Cc1ccc(P(c2ccc(C)cc2)c2ccc3ccccc3c2-c2c(P(c3ccc(C)cc3)c3ccc(C)cc3)ccc3ccccc23)cc1,CC(C)O.CC(C)O.CN(C)C=O,CC(C)(C)[O-].[K+],8.0,0.0,1000.0,1.725059314350961,ru_ahk_outer,943,ru_ahk_outer__00943
946,CC(=O)c1ccccc1,C[C@@H](O)c1ccccc1,Ru,Brc1ccccc1-p1oc2ccc3ccccc3c2c2c(ccc3ccccc32)o1.N[C@@H](c1ccccc1)[C@@H](N)c1ccccc1,CC(C)O,CC(C)(C)[O-].[K+],50.0,20.0,10000.0,1.7152760962149785,ru_ahk_outer,946,ru_ahk_outer__00946
948,CC(=O)c1ccccc1,C[C@@H](O)c1ccccc1,Ru,Brc1ccccc1-p1oc2ccc3ccccc3c2c2c(ccc3ccccc32)o1.N[C@@H](c1ccccc1)[C@@H](N)c1ccccc1,CC(C)O,CC(C)(C)[O-].[K+],50.0,20.0,1000.0,1.7152760962149785,ru_ahk_outer,948,ru_ahk_outer__00948
954,CC(=O)c1ccccc1,C[C@H](O)c1ccccc1,Ru,NC(c1ccccc1)C(N)c1ccccc1.O=C(c1ccccc1P(c1ccccc1)c1ccccc1)c1ccccc1P(c1ccccc1)c1ccccc1,CCCO,CC(C)(C)[O-].[K+],20.0,25.0,1000.0,1.702258531355195,ru_ahk_outer,954,ru_ahk_outer__00954
958,CC(=O)c1cccc2ccccc12,C[C@H](O)c1cccc2ccccc12,Ru,CC(C)(C)P(Cc1cccc(CP(c2ccccc2)C(C)(C)C)n1)c1ccccc1,CCO,CC(C)(C)[O-].[K+],30.0,-40.0,200.0,1.697385555298476,ru_ahk_outer,958,ru_ahk_outer__00958
970,CC(=O)c1ccccc1,C[C@H](O)c1ccccc1,Ru,NC(c1ccccc1)C(N)c1ccccc1.O=C(c1ccccc1P(c1ccccc1)c1ccccc1)c1ccccc1P(c1ccccc1)c1ccccc1,CCCCO,CC(C)(C)[O-].[K+],20.0,25.0,1000.0,1.68493574562937,ru_ahk_outer,970,ru_ahk_outer__00970
971,CC(=O)c1ccccc1,C[C@H](O)c1ccccc1,Ru,NC(c1ccccc1)C(N)c1ccccc1.O=C(c1ccccc1P(c1ccccc1)c1ccccc1)c1ccccc1P(c1ccccc1)c1ccccc1,CCO,CC(C)(C)[O-].[K+],20.0,25.0,10000.0,1.68493574562937,ru_ahk_outer,971,ru_ahk_outer__00971
973,COc1ccc(C(C)=O)cc1,COc1ccc([C@H](C)O)cc1,Ru,NC(c1ccccc1)C(N)c1ccccc1.O=C(c1ccccc1P(c1ccccc1)c1ccccc1)c1ccccc1P(c1ccccc1)c1ccccc1,CCO,CC(C)(C)[O-].[K+],20.0,25.0,1000.0,1.68493574562937,ru_ahk_outer,973,ru_ahk_outer__00973
976,CC(=O)c1ccccc1,C[C@H](O)c1ccccc1,Ru,N[C@H](c1ccccc1)[C@H](N)c1ccccc1.c1ccc(-c2cc(P(c3ccccc3)c3ccccc3)c(-c3c(P(c4ccccc4)c4ccccc4)cc(-c4ccccc4)c4ccccc34)c3ccccc23)cc1,CC(C)O,CC(C)(C)[O-].[K+],47.62,25.0,1000.0,1.679260299387174,ru_ahk_outer,976,ru_ahk_outer__00976
978,CCC(=O)c1ccccc1,CC[C@H](O)c1ccccc1,Ru,Ic1cc(P(c2ccccc2)c2ccccc2)c(-c2c(P(c3ccccc3)c3ccccc3)cc(I)c3ccccc23)c2ccccc12.N[C@H](c1ccccc1)[C@H](N)c1ccccc1,CC(C)O,CC(C)(C)[O-].[K+],47.62,25.0,1000.0,1.6736327763611945,ru_ahk_outer,978,ru_ahk_outer__00978
980,CC(=O)c1ccccc1,C[C@@H](O)c1ccccc1,Ru,COc1ccc(C(N)(c2ccc(OC)cc2)[C@@H](N)C(C)C)cc1.COc1ccc(P(c2ccc(OC)cc2)c2cc(OC)nc(OC)c2-c2c(P(c3ccc(OC)cc3)c3ccc(OC)cc3)cc(OC)nc2OC)cc1,CCO,[K+].[OH-],30.0,25.0,2000.0,1.6680523214383451,ru_ahk_outer,980,ru_ahk_outer__00980
984,CC(=O)c1ccsc1,C[C@@H](O)c1ccsc1,Ru,Brc1ccccc1-p1oc2ccc3ccccc3c2c2c(ccc3ccccc32)o1.N[C@@H](c1ccccc1)[C@@H](N)c1ccccc1,CC(C)O,CC(C)(C)[O-].[K+],50.0,0.0,500.0,1.6582917587453816,ru_ahk_outer,984,ru_ahk_outer__00984
986,CC(C)(C)OC(=O)NCCCC(=O)c1cc(F)ccc1F,CC(C)(C)OC(=O)NCCC[C@@H](O)c1cc(F)ccc1F,Ru,CP(C)CCP(C)C.Cc1cc(C)c([C@@H](NCCP(c2ccccc2)c2ccccc2)c2ccccc2)c(C)c1,C1CCOC1,C[O-].[K+],50.0,30.0,100.0,1.6575790227914309,ru_ahk_outer,986,ru_ahk_outer__00986
992,CC(=O)c1ccccc1F,C[C@@H](O)c1ccccc1F,Ru,COc1ccc(C(N)(c2ccc(OC)cc2)[C@@H](N)C(C)C)cc1.COc1ccc(P(c2ccc(OC)cc2)c2cc(OC)nc(OC)c2-c2c(P(c3ccc(OC)cc3)c3ccc(OC)cc3)cc(OC)nc2OC)cc1,CC(C)O,[K+].[OH-],30.0,25.0,2000.0,1.6408276779892452,ru_ahk_outer,992,ru_ahk_outer__00992
993,CC(=O)c1ccccc1,C[C@H](O)c1ccccc1,Ru,Ic1cc(P(c2ccccc2)c2ccccc2)c(-c2c(P(c3ccccc3)c3ccccc3)cc(I)c3ccccc23)c2ccccc12.N[C@H](c1ccccc1)[C@H](N)c1ccccc1,CC(C)O,CC(C)(C)[O-].[K+],47.62,25.0,1000.0,1.635512886387592,ru_ahk_outer,993,ru_ahk_outer__00993
1001,O=C1CCCc2ccccc21,O[C@@H]1CCCc2ccccc21,Ru,COC[C@H](C)N[C@H](C)C[C@@H](C)P(c1ccccc1)c1ccccc1,CC(C)O,CC(C)(C)[O-].[K+],50.0,25.0,200.0,1.6302397679210456,ru_ahk_outer,1001,ru_ahk_outer__01001
1005,CC(=O)c1c2ccccc2cc2ccccc12,C[C@H](O)c1c2ccccc2cc2ccccc12,Ru,CP(c1ccccc1C(=O)N[C@@H]1CCCC[C@H]1NC(=O)c1ccccc1P(C)C(C)(C)C)C(C)(C)C,CC(C)O,CC(C)(C)[O-].[K+],30.0,25.0,100.0,1.6302397679210456,ru_ahk_outer,1005,ru_ahk_outer__01005
1006,O=C1CN2CCC1CC2,O[C@H]1CN2CCC1CC2,Ru,CC1(C)O[C@@H](CN)[C@H](CN)O1.c1ccc(P(c2ccccc2)c2ccc3ccccc3c2-c2c(P(c3ccccc3)c3ccccc3)ccc3ccccc23)cc1,CC(C)O,CC(C)(C)[O-].[K+],20.0,25.0,10000.0,1.6302397679210456,ru_ahk_outer,1006,ru_ahk_outer__01006
1015,O=C1CCOc2ccc(Br)cc21,O[C@@H]1CCOc2ccc(Br)cc21,Ru,COC[C@H](C)N[C@H](C)C[C@@H](C)P(c1ccccc1)c1ccccc1,CC(C)O,CC(C)(C)[O-].[K+],70.0,25.0,200.0,1.6302397679210456,ru_ahk_outer,1015,ru_ahk_outer__01015
1016,O=C(c1ccccc1)C1CCCCC1,O[C@@H](c1ccccc1)C1CCCCC1,Ru,COC[C@H](C)N[C@H](C)C[C@@H](C)P(c1ccccc1)c1ccccc1,CC(C)O,CC(C)(C)[O-].[K+],70.0,25.0,200.0,1.6302397679210456,ru_ahk_outer,1016,ru_ahk_outer__01016
1018,CC(=O)C1CCCCC1,C[C@@H](O)C1CCCCC1,Ru,COc1ccc(C(N)(c2ccc(OC)cc2)[C@@H](N)C(C)C)cc1.Cc1cc(C)cc(P(c2cc(C)cc(C)c2)c2ccc3ccccc3c2-c2c(P(c3cc(C)cc(C)c3)c3cc(C)cc(C)c3)ccc3ccccc23)c1,CC(C)O,CC(C)(C)[O-].[K+],10.0,5.0,4000.0,1.627508259123985,ru_ahk_outer,1018,ru_ahk_outer__01018
1022,CC(=O)c1ccc(C)cc1,Cc1ccc([C@H](C)O)cc1,Ru,N[C@H](c1ccccc1)[C@H](N)c1ccccc1.c1ccc(-c2cc(P(c3ccccc3)c3ccccc3)c(-c3c(P(c4ccccc4)c4ccccc4)cc(-c4ccccc4)c4ccccc34)c3ccccc23)cc1,CC(C)O,CC(C)(C)[O-].[K+],47.62,25.0,1000.0,1.6146635901098316,ru_ahk_outer,1022,ru_ahk_outer__01022
1025,O=C1CCCc2ccccc21,O[C@@H]1CCCc2ccccc21,Ru,COC[C@H](C)N[C@H](C)C[C@@H](C)P(c1ccccc1)c1ccccc1,CC(C)O,CC(C)(C)[O-].[K+],50.0,40.0,200.0,1.6096752575768067,ru_ahk_outer,1025,ru_ahk_outer__01025
1032,CCC(=O)c1ccccc1,CC[C@@H](O)c1ccccc1,Ru,Brc1ccccc1-p1oc2ccc3ccccc3c2c2c(ccc3ccccc32)o1.N[C@@H](c1ccccc1)[C@@H](N)c1ccccc1,CC(C)O,CC(C)(C)[O-].[K+],70.0,0.0,1000.0,1.5982523134269877,ru_ahk_outer,1032,ru_ahk_outer__01032
1039,CC(=O)c1ccccc1C,Cc1ccccc1[C@H](C)O,Ru,CCCSc1ccccc1N.Cc1cc(C)cc(P(c2cc(C)cc(C)c2)[C@@H]2CCC[C@@H]2[C@H]2CCC[C@H]2P(c2cc(C)cc(C)c2)c2cc(C)cc(C)c2)c1,CCO,CC(C)(C)[O-].[Na+],7.0,25.0,500.0,1.5796558494712687,ru_ahk_outer,1039,ru_ahk_outer__01039
1041,O=C(c1ccccc1)c1ccccn1,O[C@@H](c1ccccc1)c1ccccn1,Ru,Cc1ccccc1[C@@H](N[C@@H](C)[C]12[CH]3[CH]4[CH]5[C]1(P(c1ccccc1)c1ccccc1)[Fe]43521678[CH]2[CH]1[CH]6[C]7(P(c1ccccc1)c1ccccc1)[CH]28)c1ccccn1,COC(C)(C)C,O=C([O-])[O-].[Cs+].[Cs+],50.0,25.0,100.0,1.5796558494712687,ru_ahk_outer,1041,ru_ahk_outer__01041
1042,CC(=O)c1ccc(F)cc1,C[C@H](O)c1ccc(F)cc1,Ru,NC(c1ccccc1)C(N)c1ccccc1.O=C(c1ccccc1P(c1ccccc1)c1ccccc1)c1ccccc1P(c1ccccc1)c1ccccc1,CCO,CC(C)(C)[O-].[K+],20.0,25.0,1000.0,1.5796558494712687,ru_ahk_outer,1042,ru_ahk_outer__01042
1043,CC(=O)c1ccc2ccccc2c1,C[C@@H](O)c1ccc2ccccc2c1,Ru,c1ccc2c(c1)CC1OC(CNCC3=NC4c5ccccc5CC4O3)=NC21,CC(C)O,CC(C)(C)[O-].[K+],5.0,25.0,100.0,1.5796558494712687,ru_ahk_outer,1043,ru_ahk_outer__01043
1048,COCC(=O)c1ccc(C(F)(F)F)cc1,COC[C@H](O)c1ccc(C(F)(F)F)cc1,Ru,CC(C)(C)SCCN.c1ccc(P(c2ccccc2)[C@@H]2CCC[C@@H]2[C@H]2CCC[C@H]2P(c2ccccc2)c2ccccc2)cc1,CCO,CC(C)(C)[O-].[Na+],7.0,25.0,200.0,1.5796558494712687,ru_ahk_outer,1048,ru_ahk_outer__01048
1050,CC(=O)c1cccc(Br)c1,C[C@H](O)c1cccc(Br)c1,Ru,NC(c1ccccc1)C(N)c1ccccc1.O=C(c1ccccc1P(c1ccccc1)c1ccccc1)c1ccccc1P(c1ccccc1)c1ccccc1,CCO,CC(C)(C)[O-].[K+],20.0,25.0,1000.0,1.5796558494712687,ru_ahk_outer,1050,ru_ahk_outer__01050
1053,CC(=O)c1ccc(C)cc1,Cc1ccc([C@H](C)O)cc1,Ru,Ic1cc(P(c2ccccc2)c2ccccc2)c(-c2c(P(c3ccccc3)c3ccccc3)cc(I)c3ccccc23)c2ccccc12.N[C@H](c1ccccc1)[C@H](N)c1ccccc1,CC(C)O,CC(C)(C)[O-].[K+],47.62,25.0,1000.0,1.5651872533963511,ru_ahk_outer,1053,ru_ahk_outer__01053
1054,O=C1CCCc2ccccc21,O[C@@H]1CCCc2ccccc21,Ru,COC[C@H](C)N[C@H](C)C[C@@H](C)P(c1ccccc1)c1ccccc1,CCCCO,CC(C)(C)[O-].[K+],50.0,40.0,200.0,1.5633868874175447,ru_ahk_outer,1054,ru_ahk_outer__01054
1055,O=C1CCCc2ccccc21,O[C@@H]1CCCc2ccccc21,Ru,COC[C@H](C)N[C@H](C)C[C@@H](C)P(c1ccccc1)c1ccccc1,CCO,CC(C)(C)[O-].[K+],50.0,40.0,200.0,1.5633868874175447,ru_ahk_outer,1055,ru_ahk_outer__01055
1056,CC(=O)c1cccs1,C[C@@H](O)c1cccs1,Ru,COc1ccc(C(N)(c2ccc(OC)cc2)[C@@H](N)C(C)C)cc1.COc1ccc(P(c2ccc(OC)cc2)c2cc(OC)nc(OC)c2-c2c(P(c3ccc(OC)cc3)c3ccc(OC)cc3)cc(OC)nc2OC)cc1,CC(C)O,[K+].[OH-],30.0,25.0,2000.0,1.5604317223235744,ru_ahk_outer,1056,ru_ahk_outer__01056
1065,CC(=O)c1ccc2ccccc2c1,C[C@H](O)c1ccc2ccccc2c1,Ru,Ic1cc(P(c2ccccc2)c2ccccc2)c(-c2c(P(c3ccccc3)c3ccccc3)cc(I)c3ccccc23)c2ccccc12.N[C@H](c1ccccc1)[C@H](N)c1ccccc1,CC(C)O,CC(C)(C)[O-].[K+],47.62,25.0,1000.0,1.551018654478583,ru_ahk_outer,1065,ru_ahk_outer__01065
1067,C/C(=C\C(=O)c1ccccc1)c1ccccc1,C/C(=C\[C@H](O)c1ccccc1)c1ccccc1,Ru,CN(C)C[C@H](N)c1ccccc1.Cc1ccc(P(c2ccc(C)cc2)c2ccc3ccccc3c2-c2c(P(c3ccc(C)cc3)c3ccc(C)cc3)ccc3ccccc23)cc1,CC(C)O,CC(C)(C)[O-].[K+],50.0,0.0,1000.0,1.54365319107383,ru_ahk_outer,1067,ru_ahk_outer__01067
1068,CC(=O)c1ccc(I)cc1,C[C@@H](O)c1ccc(I)cc1,Ru,Brc1ccccc1-p1oc2ccc3ccccc3c2c2c(ccc3ccccc32)o1.N[C@@H](c1ccccc1)[C@@H](N)c1ccccc1,CC(C)O,CC(C)(C)[O-].[K+],50.0,0.0,2000.0,1.54365319107383,ru_ahk_outer,1068,ru_ahk_outer__01068
1069,CCC(=O)c1ccccc1,CC[C@H](O)c1ccccc1,Ru,Clc1cc(P(c2ccccc2)c2ccccc2)c(-c2c(P(c3ccccc3)c3ccccc3)cc(Cl)c3ccccc23)c2ccccc12.N[C@H](c1ccccc1)[C@H](N)c1ccccc1,CC(C)O,CC(C)(C)[O-].[K+],47.62,25.0,1000.0,1.541733050679536,ru_ahk_outer,1069,ru_ahk_outer__01069
1071,COc1ccc(C(C)=O)cc1,COc1ccc([C@H](C)O)cc1,Ru,N[C@H](c1ccccc1)[C@H](N)c1ccccc1.c1ccc(-c2cc(P(c3ccccc3)c3ccccc3)c(-c3c(P(c4ccccc4)c4ccccc4)cc(-c4ccccc4)c4ccccc34)c3ccccc23)cc1,CC(C)O,CC(C)(C)[O-].[K+],47.62,25.0,1000.0,1.5371368886489187,ru_ahk_outer,1071,ru_ahk_outer__01071
1072,CC(=O)c1ccccc1,C[C@@H](O)c1ccccc1,Ru,COc1ccc(C(N)(c2ccc(OC)cc2)[C@@H](N)C(C)C)cc1.COc1ccc(P(c2ccc(OC)cc2)c2cc(OC)nc(OC)c2-c2c(P(c3ccc(OC)cc3)c3ccc(OC)cc3)cc(OC)nc2OC)cc1,CCCO,[K+].[OH-],30.0,25.0,2000.0,1.5371368886489187,ru_ahk_outer,1072,ru_ahk_outer__01072
1077,O=C1CCCc2ccccc21,O[C@@H]1CCCc2ccccc21,Ru,COC[C@H](C)N[C@H](C)C[C@@H](C)P(c1ccccc1)c1ccccc1,CC(C)O,CC(C)(C)[O-].[K+],70.0,25.0,200.0,1.532571221607935,ru_ahk_outer,1077,ru_ahk_outer__01077
1078,CC(=O)c1ccc(Br)cc1,C[C@H](O)c1ccc(Br)cc1,Ru,NC(c1ccccc1)C(N)c1ccccc1.O=C(c1ccccc1P(c1ccccc1)c1ccccc1)c1ccccc1P(c1ccccc1)c1ccccc1,CCO,CC(C)(C)[O-].[K+],20.0,25.0,1000.0,1.532571221607935,ru_ahk_outer,1078,ru_ahk_outer__01078
1094,CC(=O)c1ccccc1,C[C@H](O)c1ccccc1,Ru,Clc1cc(P(c2ccccc2)c2ccccc2)c(-c2c(P(c3ccccc3)c3ccccc3)cc(Cl)c3ccccc23)c2ccccc12.N[C@H](c1ccccc1)[C@H](N)c1ccccc1,CC(C)O,CC(C)(C)[O-].[K+],47.62,25.0,1000.0,1.5190528692662475,ru_ahk_outer,1094,ru_ahk_outer__01094
1095,COc1ccc(C(C)=O)cc1,COc1ccc([C@H](C)O)cc1,Ru,Ic1cc(P(c2ccccc2)c2ccccc2)c(-c2c(P(c3ccccc3)c3ccccc3)cc(I)c3ccccc23)c2ccccc12.N[C@H](c1ccccc1)[C@H](N)c1ccccc1,CC(C)O,CC(C)(C)[O-].[K+],47.62,25.0,1000.0,1.5190528692662475,ru_ahk_outer,1095,ru_ahk_outer__01095
1096,CC(=O)c1ccccc1,C[C@@H](O)c1ccccc1,Ru,C[C@H](c1cccc2ccccc12)N1[C-]=[N+]([C@H](C)c2cccc3ccccc23)CC1.Cc1ccc([C@@H](N)[C@H](N)c2ccc(C)cc2)cc1,CC(C)O,CC(C)(C)[O-].[Na+],7.5,22.0,3333.333333333333,1.517150414414161,ru_ahk_outer,1096,ru_ahk_outer__01096
1097,COc1ccc2c(c1)CCCC2=O,COc1ccc2c(c1)CCC[C@H]2O,Ru,C[C@H](c1cccc2ccccc12)N1[C-]=[N+]([C@H](C)c2cccc3ccccc23)CC1.Cc1ccc([C@@H](N)[C@H](N)c2ccc(C)cc2)cc1,CC(C)O,CC(C)(C)[O-].[Na+],7.5,22.0,3333.333333333333,1.517150414414161,ru_ahk_outer,1097,ru_ahk_outer__01097
1102,CC(=O)c1ccc2ccccc2c1,C[C@H](O)c1ccc2ccccc2c1,Ru,Clc1cc(P(c2ccccc2)c2ccccc2)c(-c2c(P(c3ccccc3)c3ccccc3)cc(Cl)c3ccccc23)c2ccccc12.N[C@H](c1ccccc1)[C@H](N)c1ccccc1,CC(C)O,CC(C)(C)[O-].[K+],47.62,25.0,1000.0,1.5057937915332371,ru_ahk_outer,1102,ru_ahk_outer__01102
1107,CC(=O)c1cccc(Br)c1,C[C@@H](O)c1cccc(Br)c1,Ru,COc1ccc(C(N)(c2ccc(OC)cc2)[C@@H](N)C(C)C)cc1.COc1ccc(P(c2ccc(OC)cc2)c2cc(OC)nc(OC)c2-c2c(P(c3ccc(OC)cc3)c3ccc(OC)cc3)cc(OC)nc2OC)cc1,CC(C)O,[K+].[OH-],30.0,25.0,2000.0,1.501429861928277,ru_ahk_outer,1107,ru_ahk_outer__01107
1109,CC(=O)c1cccc(Cl)c1,C[C@@H](O)c1cccc(Cl)c1,Ru,Brc1ccccc1-p1oc2ccc3ccccc3c2c2c(ccc3ccccc32)o1.N[C@@H](c1ccccc1)[C@@H](N)c1ccccc1,CC(C)O,CC(C)(C)[O-].[K+],50.0,0.0,2000.0,1.493543493569122,ru_ahk_outer,1109,ru_ahk_outer__01109
1114,CC(=O)c1ccccc1,C[C@H](O)c1ccccc1,Ru,COc1cc(P(c2ccc(C)cc2)c2ccc(C)cc2)c(-c2c(P(c3ccc(C)cc3)c3ccc(C)cc3)cc(OC)nc2OC)c(OC)n1,CC(C)O,CC(C)(C)[O-].[K+],34.02,26.5,100000.0,1.491710213091331,ru_ahk_outer,1114,ru_ahk_outer__01114
1117,CC(=O)c1ccccc1F,C[C@H](O)c1ccccc1F,Ru,NC(c1ccccc1)C(N)c1ccccc1.O=C(c1ccccc1P(c1ccccc1)c1ccccc1)c1ccccc1P(c1ccccc1)c1ccccc1,CCO,CC(C)(C)[O-].[K+],20.0,25.0,1000.0,1.4885000813780649,ru_ahk_outer,1117,ru_ahk_outer__01117
1119,CC(=O)c1cccc2ccccc12,C[C@H](O)c1cccc2ccccc12,Ru,CP(c1ccccc1C(=O)N[C@@H]1CCCC[C@H]1NC(=O)c1ccccc1P(C)C(C)(C)C)C(C)(C)C,CC(C)O,CC(C)(C)[O-].[K+],30.0,25.0,100.0,1.4885000813780649,ru_ahk_outer,1119,ru_ahk_outer__01119
1121,CC(=O)c1cc(C(F)(F)F)cc(C(F)(F)F)c1,C[C@@H](O)c1cc(C(F)(F)F)cc(C(F)(F)F)c1,Ru,CC(C)(C)SCCN.c1ccc(P(c2ccccc2)[C@@H]2CCC[C@@H]2[C@H]2CCC[C@H]2P(c2ccccc2)c2ccccc2)cc1,CCCCO,CC(C)(C)[O-].[Na+],7.0,-10.0,1000.0,1.487140169251614,ru_ahk_outer,1121,ru_ahk_outer__01121
1122,CC(=O)c1ccccc1,C[C@@H](O)c1ccccc1,Ru,COc1ccc(C(N)(c2ccc(OC)cc2)[C@@H](N)C(C)C)cc1.COc1ccc(P(c2ccc(OC)cc2)c2cc(OC)nc(OC)c2-c2c(P(c3ccc(OC)cc3)c3ccc(OC)cc3)cc(OC)nc2OC)cc1,CC(C)O,[K+].[OH-],30.0,25.0,1000.0,1.4674691714065096,ru_ahk_outer,1122,ru_ahk_outer__01122
1127,O=C1CN2CCC1CC2,O[C@@H]1CN2CCC1CC2,Ru,COc1ccc(C(N)(c2ccc(OC)cc2)[C@@H](N)C(C)C)cc1.Cc1cc(C)cc(P(c2cc(C)cc(C)c2)c2ccc3ccccc3c2-c2c(P(c3cc(C)cc(C)c3)c3cc(C)cc(C)c3)ccc3ccccc23)c1,CC(C)O,CC(C)(C)[O-].[K+],30.0,10.0,20000.0,1.4554671856390635,ru_ahk_outer,1127,ru_ahk_outer__01127
1134,CC(=O)c1ccc(C(F)(F)F)cc1,C[C@H](O)c1ccc(C(F)(F)F)cc1,Ru,CN(C)C[C@H](N)c1ccccc1.Cc1ccc(P(c2ccc(C)cc2)c2ccc3ccccc3c2-c2c(P(c3ccc(C)cc3)c3ccc(C)cc3)ccc3ccccc23)cc1,CC(C)O,CC(C)(C)[O-].[K+],8.0,25.0,500.0,1.4470507593526365,ru_ahk_outer,1134,ru_ahk_outer__01134
1136,CC(=O)c1cccc(Cl)c1,C[C@H](O)c1cccc(Cl)c1,Ru,NC(c1ccccc1)C(N)c1ccccc1.O=C(c1ccccc1P(c1ccccc1)c1ccccc1)c1ccccc1P(c1ccccc1)c1ccccc1,CCO,CC(C)(C)[O-].[K+],20.0,25.0,1000.0,1.4470507593526365,ru_ahk_outer,1136,ru_ahk_outer__01136
1140,CC(=O)c1ccc2c(c1)OCO2,C[C@@H](O)c1ccc2c(c1)OCO2,Ru,C[C@H](c1cccc2ccccc12)N1[C-]=[N+]([C@H](C)c2cccc3ccccc23)CC1.Cc1ccc([C@@H](N)[C@H](N)c2ccc(C)cc2)cc1,CC(C)O,CC(C)(C)[O-].[Na+],7.5,22.0,3333.333333333333,1.4324904632665794,ru_ahk_outer,1140,ru_ahk_outer__01140
1142,CC(=O)c1ccccc1,C[C@H](O)c1ccccc1,Ru,COc1cc(P(c2ccccc2)c2ccccc2)c(-c2c(P(c3ccccc3)c3ccccc3)cc(OC)nc2OC)c(OC)n1,CC(C)O,CC(C)(C)[O-].[K+],34.02,26.5,100000.0,1.4265634459821002,ru_ahk_outer,1142,ru_ahk_outer__01142
1145,CC(=O)c1ccccc1,C[C@@H](O)c1ccccc1,Ru,Brc1ccccc1-p1oc2ccc3ccccc3c2c2c(ccc3ccccc32)o1.N[C@@H](c1ccccc1)[C@@H](N)c1ccccc1,CC(C)O,CC(C)(C)[O-].[K+],10.0,20.0,1000.0,1.422783599209208,ru_ahk_outer,1145,ru_ahk_outer__01145
1150,O=C(c1ccccc1)C1CCCCC1,O[C@H](c1ccccc1)C1CCCCC1,Ru,CC(C)(C)P(Cc1cccc(CP(c2ccccc2)C(C)(C)C)n1)c1ccccc1,CCO,CC(C)(C)[O-].[K+],30.0,-40.0,200.0,1.4154520357001126,ru_ahk_outer,1150,ru_ahk_outer__01150
1156,COc1ccc2c(c1)CCCC2=O,COc1ccc2c(c1)CCC[C@H]2O,Ru,COC[C@H](C)N[C@H](C)C[C@@H](C)P(c1ccccc1)c1ccccc1,CC(C)O,CC(C)(C)[O-].[K+],70.0,25.0,200.0,1.4079028584329942,ru_ahk_outer,1156,ru_ahk_outer__01156
1158,CC(=O)c1ccc(F)cc1,C[C@@H](O)c1ccc(F)cc1,Ru,c1ccc2c(c1)CC1OC(CNCC3=NC4c5ccccc5CC4O3)=NC21,CC(C)O,CC(C)(C)[O-].[K+],5.0,25.0,100.0,1.4079028584329942,ru_ahk_outer,1158,ru_ahk_outer__01158
1162,CC(=O)c1ccc(Cl)cc1,C[C@@H](O)c1ccc(Cl)cc1,Ru,Brc1ccccc1-p1oc2ccc3ccccc3c2c2c(ccc3ccccc32)o1.N[C@@H](c1ccccc1)[C@@H](N)c1ccccc1,CC(C)O,CC(C)(C)[O-].[K+],50.0,0.0,2000.0,1.4040644949931491,ru_ahk_outer,1162,ru_ahk_outer__01162
1165,CC(=O)c1ccccc1,C[C@@H](O)c1ccccc1,Ru,C[C@@H]1C[C@@H](C)Oc2cccc(P(c3ccccc3)c3ccccc3)c2-c2c(cccc2P(c2ccccc2)c2ccccc2)O1.N[C@@H](c1ccccc1)[C@@H](N)c1ccccc1,CC(C)O,CC(C)(C)[O-].[K+],50.0,21.0,10000.0,1.3890143411305225,ru_ahk_outer,1165,ru_ahk_outer__01165
1168,CC(=O)c1ccccc1,C[C@@H](O)c1ccccc1,Ru,CN[C@@H](c1ccccc1)[C@@H](NC)c1ccccc1.COc1ccc(P(c2ccc(OC)cc2)c2cc(OC)nc(OC)c2-c2c(P(c3ccc(OC)cc3)c3ccc(OC)cc3)cc(OC)nc2OC)cc1,CC(C)O,CC(C)(C)[O-].[K+],30.0,25.0,2000.0,1.3817246977539468,ru_ahk_outer,1168,ru_ahk_outer__01168
1180,CC(=O)c1ccccc1C,Cc1ccccc1[C@H](C)O,Ru,CC(C)(C)P(Cc1cccc(CP(c2ccccc2)C(C)(C)C)n1)c1ccccc1,CCO,CC(C)(C)[O-].[K+],30.0,-40.0,200.0,1.364204747851005,ru_ahk_outer,1180,ru_ahk_outer__01180
1181,Cc1cc(C)c2c(c1)C(=O)CCC2,Cc1cc(C)c2c(c1)[C@H](O)CCC2,Ru,C[C@H](c1cccc2ccccc12)N1[C-]=[N+]([C@H](C)c2cccc3ccccc23)CC1.Cc1ccc([C@@H](N)[C@H](N)c2ccc(C)cc2)cc1,CC(C)O,CC(C)(C)[O-].[Na+],7.5,22.0,3333.333333333333,1.356997971023676,ru_ahk_outer,1181,ru_ahk_outer__01181
1182,CC(=O)c1ccsc1,C[C@@H](O)c1ccsc1,Ru,C[C@H](c1cccc2ccccc12)N1[C-]=[N+]([C@H](C)c2cccc3ccccc23)CC1.Cc1ccc([C@@H](N)[C@H](N)c2ccc(C)cc2)cc1,CC(C)O,CC(C)(C)[O-].[Na+],7.5,22.0,3333.333333333333,1.356997971023676,ru_ahk_outer,1182,ru_ahk_outer__01182
1186,CC(=O)c1ccccc1,C[C@@H](O)c1ccccc1,Ru,COc1ccc(C(N)(c2ccc(OC)cc2)[C@@H](N)C(C)C)cc1.COc1ccc(P(c2ccc(OC)cc2)c2cc(OC)nc(OC)c2-c2c(P(c3ccc(OC)cc3)c3ccc(OC)cc3)cc(OC)nc2OC)cc1,CC(C)O,[K+].[OH-],30.0,25.0,10000.0,1.34241665338486,ru_ahk_outer,1186,ru_ahk_outer__01186
1187,CC(=O)c1ccccc1,C[C@H](O)c1ccccc1,Ru,NC(c1ccccc1)C(N)c1ccccc1.O=C(c1ccccc1P(c1ccccc1)c1ccccc1)c1ccccc1P(c1ccccc1)c1ccccc1,CC(C)O,CC(C)(C)[O-].[K+],20.0,25.0,1000.0,1.3354926096414754,ru_ahk_outer,1187,ru_ahk_outer__01187
1188,COc1ccc(C(C)=O)cc1,COc1ccc([C@H](C)O)cc1,Ru,CN(C)C[C@H](N)c1ccccc1.Cc1ccc(P(c2ccc(C)cc2)c2ccc3ccccc3c2-c2c(P(c3ccc(C)cc3)c3ccc(C)cc3)ccc3ccccc23)cc1,CC(C)O,CC(C)(C)[O-].[K+],8.0,25.0,500.0,1.3354926096414754,ru_ahk_outer,1188,ru_ahk_outer__01188
1191,CC(=O)c1cccc(Cl)c1,C[C@@H](O)c1cccc(Cl)c1,Ru,c1ccc2c(c1)CC1OC(CNCC3=NC4c5ccccc5CC4O3)=NC21,CC(C)O,CC(C)(C)[O-].[K+],5.0,25.0,100.0,1.3354926096414754,ru_ahk_outer,1191,ru_ahk_outer__01191
1203,CC1=CC(=O)CCC1,CC1=C[C@@H](O)CCC1,Ru,CC1(C)O[C@@H](CN)[C@H](CN)O1.Cc1ccc(P(c2ccc(C)cc2)c2ccc3ccccc3c2-c2c(P(c3ccc(C)cc3)c3ccc(C)cc3)ccc3ccccc23)cc1,CC(C)O,CC(C)(C)[O-].[K+],9.0,25.0,1000.0,1.301819703366608,ru_ahk_outer,1203,ru_ahk_outer__01203
1205,COCC(=O)c1ccc(C(F)(F)F)cc1,COC[C@@H](O)c1ccc(C(F)(F)F)cc1,Ru,CCSCCN.c1ccc(P(c2ccccc2)[C@@H]2CCC[C@@H]2[C@H]2CCC[C@H]2P(c2ccccc2)c2ccccc2)cc1,CO,CC(C)(C)[O-].[Na+],7.0,25.0,200.0,1.301819703366608,ru_ahk_outer,1205,ru_ahk_outer__01205
1206,O=C1CCc2ccccc21,O[C@@H]1CCc2ccccc21,Ru,COC[C@H](C)N[C@H](C)C[C@@H](C)P(c1ccccc1)c1ccccc1,CC(C)O,CC(C)(C)[O-].[K+],70.0,25.0,200.0,1.301819703366608,ru_ahk_outer,1206,ru_ahk_outer__01206
1207,CC(=O)c1ccc(Cl)cc1,C[C@@H](O)c1ccc(Cl)cc1,Ru,c1ccc2c(c1)CC1OC(CNCC3=NC4c5ccccc5CC4O3)=NC21,CC(C)O,CC(C)(C)[O-].[K+],5.0,25.0,100.0,1.301819703366608,ru_ahk_outer,1207,ru_ahk_outer__01207
1209,CC(=O)c1ccccc1,C[C@@H](O)c1ccccc1,Ru,COc1ccc(C(N)(c2ccc(OC)cc2)[C@@H](N)C(C)C)cc1.COc1ccc(P(c2ccc(OC)cc2)c2cc(OC)nc(OC)c2-c2c(P(c3ccc(OC)cc3)c3ccc(OC)cc3)cc(OC)nc2OC)cc1,CCCCO,[K+].[OH-],30.0,25.0,2000.0,1.2952656135237006,ru_ahk_outer,1209,ru_ahk_outer__01209
1211,CC(=O)c1cccc(C(F)(F)F)c1,C[C@@H](O)c1cccc(C(F)(F)F)c1,Ru,Brc1ccccc1-p1oc2ccc3ccccc3c2c2c(ccc3ccccc32)o1.N[C@@H](c1ccccc1)[C@@H](N)c1ccccc1,CC(C)O,CC(C)(C)[O-].[K+],50.0,0.0,1000.0,1.2898496252925455,ru_ahk_outer,1211,ru_ahk_outer__01211
1216,O=C(c1ccccc1)C1CCCC1,O[C@H](c1ccccc1)C1CCCC1,Ru,CC(C)(C)P(Cc1cccc(CP(c2ccccc2)C(C)(C)C)n1)c1ccccc1,CCO,CC(C)(C)[O-].[K+],30.0,-40.0,200.0,1.2748294546060437,ru_ahk_outer,1216,ru_ahk_outer__01216
1217,CC(C)C(=O)c1ccccc1,CC(C)[C@H](O)c1ccccc1,Ru,CC(C)(C)P(Cc1cccc(CP(c2ccccc2)C(C)(C)C)n1)c1ccccc1,CCO,CC(C)(C)[O-].[K+],30.0,-40.0,200.0,1.2748294546060437,ru_ahk_outer,1217,ru_ahk_outer__01217
1219,CC(=O)c1ccccc1,C[C@H](O)c1ccccc1,Ru,C[NH+](C)[C@H](c1ccccc1)[C@H](N)c1ccccc1.Cc1ccc(P(c2ccc(C)cc2)c2ccc3ccccc3c2-c2c(P(c3ccc(C)cc3)c3ccc(C)cc3)ccc3ccccc23)cc1,CC(C)O,CC(C)(C)[O-].[K+],8.0,25.0,500.0,1.2696115740793517,ru_ahk_outer,1219,ru_ahk_outer__01219
1220,CC(=O)c1ccc(C)cc1,Cc1ccc([C@H](C)O)cc1,Ru,Clc1cc(P(c2ccccc2)c2ccccc2)c(-c2c(P(c3ccccc3)c3ccccc3)cc(Cl)c3ccccc23)c2ccccc12.N[C@H](c1ccccc1)[C@H](N)c1ccccc1,CC(C)O,CC(C)(C)[O-].[K+],47.62,25.0,1000.0,1.2696115740793517,ru_ahk_outer,1220,ru_ahk_outer__01220
1222,CC(=O)c1ccccc1,C[C@@H](O)c1ccccc1,Ru,COc1ccc(C(N)(c2ccc(OC)cc2)[C@@H](N)C(C)C)cc1.COc1ccc(P(c2ccc(OC)cc2)c2cc(OC)nc(OC)c2-c2c(P(c3ccc(OC)cc3)c3ccc(OC)cc3)cc(OC)nc2OC)cc1,CC(C)O,CC(C)(C)[O-].[K+],30.0,25.0,2000.0,1.2602135868871036,ru_ahk_outer,1222,ru_ahk_outer__01222
1229,O=C1CCCc2ccccc21,O[C@@H]1CCCc2ccccc21,Ru,COC[C@H](C)NCCCP(c1ccccc1)c1ccccc1,CC(C)O,CC(C)(C)[O-].[K+],70.0,25.0,200.0,1.2387299790385564,ru_ahk_outer,1229,ru_ahk_outer__01229
1230,O=C(c1ccccc1)c1ccccn1,O[C@@H](c1ccccc1)c1ccccn1,Ru,Cc1ccccc1[C@@H](N[C@@H](C)[C]12[CH]3[CH]4[CH]5[C]1(P(c1ccccc1)c1ccccc1)[Fe]43521678[CH]2[CH]1[CH]6[C]7(P(c1ccccc1)c1ccccc1)[CH]28)c1ccccn1,COC(C)(C)C,CC(C)(C)[O-].[K+],50.0,25.0,100.0,1.2387299790385564,ru_ahk_outer,1230,ru_ahk_outer__01230
1231,CC(=O)c1ccccc1,C[C@H](O)c1ccccc1,Ru,C[C@H](N)c1nc2ccccc2[nH]1.c1ccc(P(c2ccccc2)c2cc3ccc2CCc2ccc(c(P(c4ccccc4)c4ccccc4)c2)CC3)cc1,CC(C)(C)O.Cc1ccccc1,CC(C)(C)[O-].[K+],8.0,25.0,1000.0,1.2387299790385564,ru_ahk_outer,1231,ru_ahk_outer__01231
1233,CC(C)(C)C(=O)c1ccccc1,CC(C)(C)[C@H](O)c1ccccc1,Ru,CP(c1ccccc1C(=O)N[C@@H]1CCCC[C@H]1NC(=O)c1ccccc1P(C)C(C)(C)C)C(C)(C)C,CC(C)O,CC(C)(C)[O-].[K+],30.0,25.0,100.0,1.2387299790385564,ru_ahk_outer,1233,ru_ahk_outer__01233
1234,CC(C)C(=O)c1ccccc1,CC(C)[C@H](O)c1ccccc1,Ru,CP(c1ccccc1C(=O)N[C@@H]1CCCC[C@H]1NC(=O)c1ccccc1P(C)C(C)(C)C)C(C)(C)C,CC(C)O,CC(C)(C)[O-].[K+],30.0,25.0,100.0,1.2387299790385564,ru_ahk_outer,1234,ru_ahk_outer__01234
1235,COc1ccc(C(C)=O)cc1,COc1ccc([C@H](C)O)cc1,Ru,Clc1cc(P(c2ccccc2)c2ccccc2)c(-c2c(P(c3ccccc3)c3ccccc3)cc(Cl)c3ccccc23)c2ccccc12.N[C@H](c1ccccc1)[C@H](N)c1ccccc1,CC(C)O,CC(C)(C)[O-].[K+],47.62,25.0,1000.0,1.2357100240828849,ru_ahk_outer,1235,ru_ahk_outer__01235
1236,CC(=O)c1cccc(C)c1,Cc1cccc([C@H](C)O)c1,Ru,CC(C)(C)P(Cc1cccc(CP(c2ccccc2)C(C)(C)C)n1)c1ccccc1,CCO,CC(C)(C)[O-].[K+],30.0,-40.0,200.0,1.2352733902539874,ru_ahk_outer,1236,ru_ahk_outer__01236
1237,CC(=O)c1ccccc1,C[C@H](O)c1ccccc1,Ru,CC(C)(C)P(Cc1cccc(CP(c2ccccc2)C(C)(C)C)n1)c1ccccc1,CCO,CC(C)(C)[O-].[K+],30.0,-40.0,200.0,1.2352733902539874,ru_ahk_outer,1237,ru_ahk_outer__01237
1245,CC(=O)c1ccc(Cl)cc1,C[C@H](O)c1ccc(Cl)cc1,Ru,N[C@H](c1ccccc1)[C@H](N)c1ccccc1.c1ccc(-c2cc(P(c3ccccc3)c3ccccc3)c(-c3c(P(c4ccccc4)c4ccccc4)cc(-c4ccccc4)c4ccccc34)c3ccccc23)cc1,CC(C)O,CC(C)(C)[O-].[K+],47.62,25.0,1000.0,1.2178373405855671,ru_ahk_outer,1245,ru_ahk_outer__01245
1248,CC(=O)CC(C)(C)C,C[C@@H](O)CC(C)(C)C,Ru,COc1ccc(C(N)(c2ccc(OC)cc2)[C@@H](N)C(C)C)cc1.Cc1cc(C)cc(P(c2cc(C)cc(C)c2)c2ccc3ccccc3c2-c2c(P(c3cc(C)cc(C)c3)c3cc(C)cc(C)c3)ccc3ccccc23)c1,CC(C)O,CC(C)(C)[O-].[K+],10.0,25.0,10000.0,1.209055090113941,ru_ahk_outer,1248,ru_ahk_outer__01248
1251,CC(=O)c1cccs1,C[C@H](O)c1cccs1,Ru,CC(C)(C)P(Cc1cccc(CP(c2ccccc2)C(C)(C)C)n1)c1ccccc1,CCO,CC(C)(C)[O-].[K+],30.0,-40.0,200.0,1.1984537324094922,ru_ahk_outer,1251,ru_ahk_outer__01251
1256,CC(=O)c1ccccc1,C[C@H](O)c1ccccc1,Ru,NC(c1ccccc1)C(N)c1ccccc1.O=C(c1ccccc1P(c1ccccc1)c1ccccc1)c1ccccc1P(c1ccccc1)c1ccccc1,CO,CC(C)(C)[O-].[K+],20.0,25.0,1000.0,1.1804823561186597,ru_ahk_outer,1256,ru_ahk_outer__01256
1257,COc1ccccc1C(C)=O,COc1ccccc1[C@H](C)O,Ru,COc1ccc(C(N)(c2ccc(OC)cc2)[C@@H](N)C(C)C)cc1.COc1ccc(P(c2ccc(OC)cc2)c2cc(OC)nc(OC)c2-c2c(P(c3ccc(OC)cc3)c3ccc(OC)cc3)cc(OC)nc2OC)cc1,CC(C)O,[K+].[OH-],30.0,25.0,2000.0,1.1804823561186597,ru_ahk_outer,1257,ru_ahk_outer__01257
1261,O=C(c1ccccc1)C1CCC1,O[C@H](c1ccccc1)C1CCC1,Ru,CC(C)(C)P(Cc1cccc(CP(c2ccccc2)C(C)(C)C)n1)c1ccccc1,CCO,CC(C)(C)[O-].[K+],30.0,-40.0,200.0,1.163990588540318,ru_ahk_outer,1261,ru_ahk_outer__01261
1262,CC(=O)c1ccc2ccccc2c1,C[C@H](O)c1ccc2ccccc2c1,Ru,CC(C)(C)P(Cc1cccc(CP(c2ccccc2)C(C)(C)C)n1)c1ccccc1,CCO,CC(C)(C)[O-].[K+],30.0,-40.0,200.0,1.163990588540318,ru_ahk_outer,1262,ru_ahk_outer__01262
1263,CC(=O)c1ccc(C)cc1,Cc1ccc([C@H](C)O)cc1,Ru,CC(C)(C)P(Cc1cccc(CP(c2ccccc2)C(C)(C)C)n1)c1ccccc1,CCO,CC(C)(C)[O-].[K+],30.0,-40.0,200.0,1.163990588540318,ru_ahk_outer,1263,ru_ahk_outer__01263
1264,COc1ccc(C(C)=O)cc1,COc1ccc([C@H](C)O)cc1,Ru,CC(C)(C)P(Cc1cccc(CP(c2ccccc2)C(C)(C)C)n1)c1ccccc1,CCO,CC(C)(C)[O-].[K+],30.0,-40.0,200.0,1.163990588540318,ru_ahk_outer,1264,ru_ahk_outer__01264
1268,CC(=O)c1cccc(Cl)c1,C[C@@H](O)c1cccc(Cl)c1,Ru,COc1ccc(C(N)(c2ccc(OC)cc2)[C@@H](N)C(C)C)cc1.COc1ccc(P(c2ccc(OC)cc2)c2cc(OC)nc(OC)c2-c2c(P(c3ccc(OC)cc3)c3ccc(OC)cc3)cc(OC)nc2OC)cc1,CC(C)O,[K+].[OH-],30.0,25.0,2000.0,1.1394920391363308,ru_ahk_outer,1268,ru_ahk_outer__01268
1271,CC(=O)c1ccccc1Br,C[C@H](O)c1ccccc1Br,Ru,CP(c1ccccc1C(=O)N[C@@H]1CCCC[C@H]1NC(=O)c1ccccc1P(C)C(C)(C)C)C(C)(C)C,CC(C)O,CC(C)(C)[O-].[K+],30.0,25.0,100.0,1.1262870423598976,ru_ahk_outer,1271,ru_ahk_outer__01271
1274,O=C1CCCc2ccc(Br)cc21,O[C@@H]1CCCc2ccc(Br)cc21,Ru,COC[C@H](C)N[C@H](C)C[C@@H](C)P(c1ccccc1)c1ccccc1,CC(C)O,CC(C)(C)[O-].[K+],70.0,25.0,200.0,1.1005116129711998,ru_ahk_outer,1274,ru_ahk_outer__01274
1279,O=C(COc1ccccc1)c1ccccc1,O[C@H](COc1ccccc1)c1ccccc1,Ru,Brc1ccccc1-p1oc2ccc3ccccc3c2c2c(ccc3ccccc32)o1.N[C@@H](c1ccccc1)[C@@H](N)c1ccccc1,CC(C)O,CC(C)(C)[O-].[K+],70.0,0.0,2000.0,1.08149842553685,ru_ahk_outer,1279,ru_ahk_outer__01279
1281,CC(=O)c1ccccc1,C[C@H](O)c1ccccc1,Ru,CP(c1ccccc1C(=O)N[C@@H]1CCCC[C@H]1NC(=O)c1ccccc1P(C)C(C)(C)C)C(C)(C)C,CC(C)O,CC(C)(C)[O-].[K+],30.0,25.0,100.0,1.0755296797009068,ru_ahk_outer,1281,ru_ahk_outer__01281
1283,O=C1CCCc2ccccc21,O[C@H]1CCCc2ccccc21,Ru,CC(C)(C)P(Cc1cccc(CP(c2ccccc2)C(C)(C)C)n1)c1ccccc1,CCO,CC(C)(C)[O-].[K+],30.0,-40.0,200.0,1.0719433404850756,ru_ahk_outer,1283,ru_ahk_outer__01283
1285,CC(=O)c1ccc(Cl)cc1,C[C@H](O)c1ccc(Cl)cc1,Ru,Ic1cc(P(c2ccccc2)c2ccccc2)c(-c2c(P(c3ccccc3)c3ccccc3)cc(I)c3ccccc23)c2ccccc12.N[C@H](c1ccccc1)[C@H](N)c1ccccc1,CC(C)O,CC(C)(C)[O-].[K+],47.62,25.0,1000.0,1.065746041276547,ru_ahk_outer,1285,ru_ahk_outer__01285
1292,CC(C)C(=O)c1ccccc1,CC(C)[C@@H](O)c1ccccc1,Ru,Brc1ccccc1-p1oc2ccc3ccccc3c2c2c(ccc3ccccc32)o1.N[C@@H](c1ccccc1)[C@@H](N)c1ccccc1,CC(C)O,CC(C)(C)[O-].[K+],65.0,0.0,500.0,1.0562471898565726,ru_ahk_outer,1292,ru_ahk_outer__01292
1298,CC(=O)c1ccccc1,C[C@H](O)c1ccccc1,Ru,CP(c1ccccc1C(=O)N[C@@H]1CCCC[C@H]1NC(=O)c1ccccc1P(C)C(C)(C)C)C(C)(C)C,CC(C)O,CC(C)(C)[O-].[K+],30.0,0.0,100.0,1.0318474111038272,ru_ahk_outer,1298,ru_ahk_outer__01298
1301,O=C(c1ccccc1)c1ccccn1,O[C@@H](c1ccccc1)c1ccccn1,Ru,Cc1ccccc1[C@@H](N[C@@H](C)[C]12[CH]3[CH]4[CH]5[C]1(P(c1ccccc1)c1ccccc1)[Fe]43521678[CH]2[CH]1[CH]6[C]7(P(c1ccccc1)c1ccccc1)[CH]28)c1ccccn1,Cc1ccccc1C,CC(C)(C)[O-].[K+],50.0,25.0,100.0,1.027722816628229,ru_ahk_outer,1301,ru_ahk_outer__01301
1302,CC(=O)c1cccnc1,C[C@@H](O)c1cccnc1,Ru,Brc1ccccc1-p1oc2ccc3ccccc3c2c2c(ccc3ccccc32)o1.N[C@@H](c1ccccc1)[C@@H](N)c1ccccc1,CC(C)O,CC(C)(C)[O-].[K+],50.0,25.0,2000.0,1.027722816628229,ru_ahk_outer,1302,ru_ahk_outer__01302
1305,CC(=O)c1ccccc1,C[C@H](O)c1ccccc1,Ru,CC(C)(C)P(Cc1cccc(CP(c2ccccc2)C(C)(C)C)n1)c1ccccc1,CCO,CC(C)(C)[O-].[K+],30.0,-20.0,200.0,1.0265715111935072,ru_ahk_outer,1305,ru_ahk_outer__01305
1308,COc1ccc(C(C)=O)cc1,COc1ccc([C@@H](C)O)cc1,Ru,FC(F)(F)c1ccc(P(c2ccc(C(F)(F)F)cc2)c2ccc(C(F)(F)F)cc2)cc1.N[C@@H](c1ccccc1)[C@@H](N)c1ccccc1,CC(C)O,[K+].[OH-],29.61,30.0,996.000063744004,1.0216504694263326,ru_ahk_outer,1308,ru_ahk_outer__01308
1310,O=C1CCCc2ccccc21,O[C@@H]1CCCc2ccccc21,Ru,COC[C@H](C)N[C@H](C)C[C@@H](C)P(c1ccccc1)c1ccccc1,CO,CC(C)(C)[O-].[K+],50.0,40.0,200.0,1.0090374032007483,ru_ahk_outer,1310,ru_ahk_outer__01310
1316,CC(=O)c1ccccc1,C[C@@H](O)c1ccccc1,Ru,FC(F)(F)c1ccc(P(c2ccc(C(F)(F)F)cc2)c2ccc(C(F)(F)F)cc2)cc1.N[C@@H](c1ccccc1)[C@@H](N)c1ccccc1,CC(C)O,[K+].[OH-],29.61,30.0,996.000063744004,0.9989492272745156,ru_ahk_outer,1316,ru_ahk_outer__01316
1317,CC(=O)c1ccccc1,C[C@@H](O)c1ccccc1,Ru,FC(F)(F)c1ccc(P(c2ccc(C(F)(F)F)cc2)c2ccc(C(F)(F)F)cc2)cc1.N[C@@H](c1ccccc1)[C@@H](N)c1ccccc1,CC(C)O,[K+].[OH-],29.61,30.0,4980.005278805596,0.9989492272745156,ru_ahk_outer,1317,ru_ahk_outer__01317
1322,O=C(c1ccccc1)c1ccccn1,O[C@@H](c1ccccc1)c1ccccn1,Ru,Cc1ccccc1[C@@H](N[C@@H](C)[C]12[CH]3[CH]4[CH]5[C]1(P(c1ccccc1)c1ccccc1)[Fe]43521678[CH]2[CH]1[CH]6[C]7(P(c1ccccc1)c1ccccc1)[CH]28)c1ccccn1,ClCCl,CC(C)(C)[O-].[K+],50.0,25.0,100.0,0.9824730731053828,ru_ahk_outer,1322,ru_ahk_outer__01322
1323,O=C(c1ccccc1)c1ccccc1Br,O[C@@H](c1ccccc1)c1ccccc1Br,Ru,CP(c1ccccc1C(=O)N[C@@H]1CCCC[C@H]1NC(=O)c1ccccc1P(C)C(C)(C)C)C(C)(C)C,CC(C)O,CC(C)(C)[O-].[K+],30.0,25.0,100.0,0.9824730731053828,ru_ahk_outer,1323,ru_ahk_outer__01323
1327,CC(=O)c1ccccc1,C[C@H](O)c1ccccc1,Ru,CC(C)(C)P(Cc1cccc(CP(c2ccccc2)C(C)(C)C)n1)c1ccccc1,CCO,CC(C)(C)[O-].[K+],30.0,0.0,200.0,0.9631333316262192,ru_ahk_outer,1327,ru_ahk_outer__01327
1330,COc1cccc(C(C)=O)c1,COc1cccc([C@H](C)O)c1,Ru,CP(c1ccccc1C(=O)N[C@@H]1CCCC[C@H]1NC(=O)c1ccccc1P(C)C(C)(C)C)C(C)(C)C,CC(C)O,CC(C)(C)[O-].[K+],30.0,25.0,100.0,0.9607041410324224,ru_ahk_outer,1330,ru_ahk_outer__01330
1333,CC(=O)c1ccccc1,C[C@@H](O)c1ccccc1,Ru,c1ccc2c(c1)CC1OC(CNCC3=NC4c5ccccc5CC4O3)=NC21,C1CCOC1,CC(C)(C)[O-].[K+],30.0,25.0,100.0,0.9607041410324224,ru_ahk_outer,1333,ru_ahk_outer__01333
1335,CC(=O)c1ccc(Cl)cc1,C[C@H](O)c1ccc(Cl)cc1,Ru,Clc1cc(P(c2ccccc2)c2ccccc2)c(-c2c(P(c3ccccc3)c3ccccc3)cc(Cl)c3ccccc23)c2ccccc12.N[C@H](c1ccccc1)[C@H](N)c1ccccc1,CC(C)O,CC(C)(C)[O-].[K+],47.62,25.0,1000.0,0.9585565638582596,ru_ahk_outer,1335,ru_ahk_outer__01335
1342,O=C(c1ccccc1)c1ccccn1,O[C@@H](c1ccccc1)c1ccccn1,Ru,Cc1ccccc1[C@@H](N[C@@H](C)[C]12[CH]3[CH]4[CH]5[C]1(P(c1ccccc1)c1ccccc1)[Fe]43521678[CH]2[CH]1[CH]6[C]7(P(c1ccccc1)c1ccccc1)[CH]28)c1ccccn1,CC(C)O,CC(C)(C)[O-].[K+],50.0,25.0,100.0,0.939458276329232,ru_ahk_outer,1342,ru_ahk_outer__01342
1343,O=C(c1ccccc1)c1cccc2ccccc12,O[C@@H](c1ccccc1)c1cccc2ccccc12,Ru,CP(c1ccccc1C(=O)N[C@@H]1CCCC[C@H]1NC(=O)c1ccccc1P(C)C(C)(C)C)C(C)(C)C,CC(C)O,CC(C)(C)[O-].[K+],30.0,25.0,100.0,0.939458276329232,ru_ahk_outer,1343,ru_ahk_outer__01343
1344,O=C1CCCc2cccnc21,O[C@H]1CCCc2cccnc21,Ru,Cc1ccccc1[C@@H](N[C@@H](C)[C]12[CH]3[CH]4[CH]5[C]1(P(c1ccccc1)c1ccccc1)[Fe]43521678[CH]2[CH]1[CH]6[C]7(P(c1ccccc1)c1ccccc1)[CH]28)c1ccccn1,COC(C)(C)C,C1CN=C2CCCN2C1,50.0,25.0,33.333333333333336,0.939458276329232,ru_ahk_outer,1344,ru_ahk_outer__01344
1350,CC(=O)c1ccco1,C[C@H](O)c1ccco1,Ru,CC(C)(C)P(Cc1cccc(CP(c2ccccc2)C(C)(C)C)n1)c1ccccc1,CCO,CC(C)(C)[O-].[K+],30.0,-40.0,200.0,0.9231241366059548,ru_ahk_outer,1350,ru_ahk_outer__01350
1352,CC(=O)C(C)C,CC(C)[C@@H](C)O,Ru,c1ccc2c(c1)CC1OC(CNCC3=NC4c5ccccc5CC4O3)=NC21,CC(C)O,CC(C)(C)[O-].[K+],5.0,25.0,100.0,0.9187036611038458,ru_ahk_outer,1352,ru_ahk_outer__01352
1353,O=C(c1ccccc1)c1ccccn1,O[C@@H](c1ccccc1)c1ccccn1,Ru,C[C@H](N[C@@H](c1ccccn1)c1ccccc1C(F)(F)F)[C]12[CH]3[CH]4[CH]5[C]1(P(c1ccccc1)c1ccccc1)[Fe]43521678[CH]2[CH]1[CH]6[C]7(P(c1ccccc1)c1ccccc1)[CH]28,COC(C)(C)C,C1CN=C2CCCN2C1,50.0,25.0,33.333333333333336,0.9187036611038458,ru_ahk_outer,1353,ru_ahk_outer__01353
1355,CC(=O)c1ccccc1Br,C[C@@H](O)c1ccccc1Br,Ru,FC(F)(F)c1ccc(P(c2ccc(C(F)(F)F)cc2)c2ccc(C(F)(F)F)cc2)cc1.N[C@@H](c1ccccc1)[C@@H](N)c1ccccc1,CC(C)O,[K+].[OH-],29.61,30.0,996.000063744004,0.9134775693139272,ru_ahk_outer,1355,ru_ahk_outer__01355
1357,CC(=O)C1CCCCC1,C[C@@H](O)C1CCCCC1,Ru,Brc1ccccc1-p1oc2ccc3ccccc3c2c2c(ccc3ccccc32)o1.N[C@@H](c1ccccc1)[C@@H](N)c1ccccc1,CC(C)O,CC(C)(C)[O-].[K+],70.0,0.0,1000.0,0.9000923022597194,ru_ahk_outer,1357,ru_ahk_outer__01357
1359,O=C(Cc1ccccc1)c1ccccc1,O[C@@H](Cc1ccccc1)c1ccccc1,Ru,CP(c1ccccc1C(=O)N[C@@H]1CCCC[C@H]1NC(=O)c1ccccc1P(C)C(C)(C)C)C(C)(C)C,CC(C)O,CC(C)(C)[O-].[K+],30.0,25.0,100.0,0.898411140659566,ru_ahk_outer,1359,ru_ahk_outer__01359
1361,CC(=O)c1ccccc1,C[C@H](O)c1ccccc1,Ru,CC(C)(C)P(Cc1cccc(CP(c2ccccc2)C(C)(C)C)n1)c1ccccc1,CCO,CC(C)(C)[O-].[K+],30.0,25.0,200.0,0.898411140659566,ru_ahk_outer,1361,ru_ahk_outer__01361
1362,O=C1CCSc2ccccc21,O[C@@H]1CCSc2ccccc21,Ru,COC[C@H](C)N[C@H](C)C[C@@H](C)P(c1ccccc1)c1ccccc1,CC(C)O,CC(C)(C)[O-].[K+],70.0,25.0,200.0,0.898411140659566,ru_ahk_outer,1362,ru_ahk_outer__01362
1366,CC(=O)c1ccc(Br)cc1,C[C@H](O)c1ccc(Br)cc1,Ru,CC(C)(C)P(Cc1cccc(CP(c2ccccc2)C(C)(C)C)n1)c1ccccc1,CCO,CC(C)(C)[O-].[K+],30.0,-40.0,200.0,0.8807440010941142,ru_ahk_outer,1366,ru_ahk_outer__01366
1367,CC(=O)c1ccccc1C,Cc1ccccc1[C@@H](C)O,Ru,COC[C@H](C)N[C@H](C)C[C@@H](C)P(c1ccccc1)c1ccccc1,CC(C)O,CC(C)(C)[O-].[K+],70.0,25.0,200.0,0.8785539309133608,ru_ahk_outer,1367,ru_ahk_outer__01367
1369,O=C(c1ccccc1)C(F)(F)F,O[C@H](c1ccccc1)C(F)(F)F,Ru,CC(C)(C)P(Cc1cccc(CP(c2ccccc2)C(C)(C)C)n1)c1ccccc1,CCO,CC(C)(C)[O-].[K+],30.0,-40.0,200.0,0.8605879006011581,ru_ahk_outer,1369,ru_ahk_outer__01369
1370,O=C1CCCCc2ccccc21,O[C@@H]1CCCCc2ccccc21,Ru,COC[C@H](C)N[C@H](C)C[C@@H](C)P(c1ccccc1)c1ccccc1,CC(C)O,CC(C)(C)[O-].[K+],70.0,25.0,200.0,0.8591073648212397,ru_ahk_outer,1370,ru_ahk_outer__01370
1372,CC(=O)c1ccco1,C[C@@H](O)c1ccco1,Ru,COc1ccc(C(N)(c2ccc(OC)cc2)[C@@H](N)C(C)C)cc1.COc1ccc(P(c2ccc(OC)cc2)c2cc(OC)nc(OC)c2-c2c(P(c3ccc(OC)cc3)c3ccc(OC)cc3)cc(OC)nc2OC)cc1,CC(C)O,[K+].[OH-],30.0,25.0,2000.0,0.8591073648212397,ru_ahk_outer,1372,ru_ahk_outer__01372
1375,CC(=O)c1ccccc1,C[C@H](O)c1ccccc1,Ru,CP(c1ccccc1C(=O)N[C@@H]1CCCC[C@H]1NC(=O)c1ccccc1P(C)C(C)(C)C)C(C)(C)C,CC(C)O,C[O-].[Na+],30.0,25.0,100.0,0.8400486717283069,ru_ahk_outer,1375,ru_ahk_outer__01375
1376,COCC(=O)c1ccc(C(F)(F)F)cc1,COC[C@H](O)c1ccc(C(F)(F)F)cc1,Ru,CC(C)(C)SCCN.c1ccc(P(c2ccccc2)[C@@H]2CCC[C@@H]2[C@H]2CCC[C@H]2P(c2ccccc2)c2ccccc2)cc1,CC(C)O,CC(C)(C)[O-].[Na+],7.0,25.0,200.0,0.8400486717283069,ru_ahk_outer,1376,ru_ahk_outer__01376
1377,CC(=O)C12CC3CC(CC(C3)C1)C2,C[C@@H](O)C12CC3CC(CC(C3)C1)C2,Ru,Brc1ccccc1-p1oc2ccc3ccccc3c2c2c(ccc3ccccc32)o1.N[C@@H](c1ccccc1)[C@@H](N)c1ccccc1,CC(C)O,CC(C)(C)[O-].[K+],50.0,25.0,303.03030303030306,0.8400486717283069,ru_ahk_outer,1377,ru_ahk_outer__01377
1382,CC(=O)c1ccc(C(F)(F)F)cc1,C[C@@H](O)c1ccc(C(F)(F)F)cc1,Ru,FC(F)(F)c1ccc(P(c2ccc(C(F)(F)F)cc2)c2ccc(C(F)(F)F)cc2)cc1.N[C@@H](c1ccccc1)[C@@H](N)c1ccccc1,CC(C)O,[K+].[OH-],29.61,30.0,996.000063744004,0.8164787513712193,ru_ahk_outer,1382,ru_ahk_outer__01382
1383,CC(=O)c1ccccc1Cl,C[C@@H](O)c1ccccc1Cl,Ru,FC(F)(F)c1ccc(P(c2ccc(C(F)(F)F)cc2)c2ccc(C(F)(F)F)cc2)cc1.N[C@@H](c1ccccc1)[C@@H](N)c1ccccc1,CC(C)O,[K+].[OH-],29.61,30.0,996.000063744004,0.8164787513712193,ru_ahk_outer,1383,ru_ahk_outer__01383
1385,O=C1CCCc2ccccc21,O[C@@H]1CCCc2ccccc21,Ru,COC[C@H](C)N[C@H](C)C[C@@H](C)P(c1ccccc1)c1ccccc1,Cc1ccccc1,CC(C)(C)[O-].[K+],50.0,40.0,200.0,0.8058961578920102,ru_ahk_outer,1385,ru_ahk_outer__01385
1386,CC(=O)c1ccccc1,C[C@@H](O)c1ccccc1,Ru,c1ccc2c(c1)CC1OC(CNCC3=NC4c5ccccc5CC4O3)=NC21,Cc1ccccc1,CC(C)(C)[O-].[K+],30.0,25.0,100.0,0.803012171272733,ru_ahk_outer,1386,ru_ahk_outer__01386
1387,CC(=O)c1ccccc1,C[C@H](O)c1ccccc1,Ru,CP(c1ccccc1C(=O)N[C@@H]1CCCC[C@H]1NC(=O)c1ccccc1P(C)C(C)(C)C)C(C)(C)C,CC(C)O,CC(C)(C)[O-].[K+],30.0,25.0,1000.0,0.803012171272733,ru_ahk_outer,1387,ru_ahk_outer__01387
1392,CC(=O)c1cc(F)ccc1F,C[C@@H](O)c1cc(F)ccc1F,Ru,Brc1ccccc1-p1oc2ccc3ccccc3c2c2c(ccc3ccccc32)o1.N[C@@H](c1ccccc1)[C@@H](N)c1ccccc1,CC(C)O,CC(C)(C)[O-].[K+],80.0,0.0,1000.0,0.7870708593021019,ru_ahk_outer,1392,ru_ahk_outer__01392
1395,CC(=O)c1ccccc1,C[C@H](O)c1ccccc1,Ru,CP(c1ccccc1C(=O)N[C@@H]1CCCC[C@H]1NC(=O)c1ccccc1P(C)C(C)(C)C)C(C)(C)C,CO,CC(C)(C)[O-].[K+],30.0,25.0,100.0,0.7849966854528134,ru_ahk_outer,1395,ru_ahk_outer__01395
1401,O=C(c1ccccc1)c1ccccn1,O[C@@H](c1ccccc1)c1ccccn1,Ru,Cc1ccccc1[C@@H](N[C@@H](C)[C]12[CH]3[CH]4[CH]5[C]1(P(c1ccccc1)c1ccccc1)[Fe]43521678[CH]2[CH]1[CH]6[C]7(P(c1ccccc1)c1ccccc1)[CH]28)c1ccccn1,C1CCOC1,CC(C)(C)[O-].[K+],50.0,25.0,100.0,0.7672934359747815,ru_ahk_outer,1401,ru_ahk_outer__01401
1402,CCC(=O)c1ccccc1,CC[C@@H](O)c1ccccc1,Ru,COC[C@H](C)N[C@H](C)C[C@@H](C)P(c1ccccc1)c1ccccc1,CC(C)O,CC(C)(C)[O-].[K+],70.0,25.0,200.0,0.7672934359747815,ru_ahk_outer,1402,ru_ahk_outer__01402
1408,CC(=O)c1ccccc1,C[C@@H](O)c1ccccc1,Ru,COC[C@H](C)N[C@H](C)C[C@@H](C)P(c1ccccc1)c1ccccc1,CC(C)O,CC(C)(C)[O-].[K+],70.0,25.0,200.0,0.7327616726196642,ru_ahk_outer,1408,ru_ahk_outer__01408
1411,CC(=O)c1ccccc1,C[C@@H](O)c1ccccc1,Ru,COc1ccc(C(N)(c2ccc(OC)cc2)[C@@H](N)C(C)C)cc1.COc1ccc(P(c2ccc(OC)cc2)c2cc(OC)nc(OC)c2-c2c(P(c3ccc(OC)cc3)c3ccc(OC)cc3)cc(OC)nc2OC)cc1,CO,[K+].[OH-],30.0,25.0,2000.0,0.7327616726196642,ru_ahk_outer,1411,ru_ahk_outer__01411
1413,O=C(CCN1CCN(c2ccccc2)CC1)c1ccccc1,O[C@H](CCN1CCN(c2ccccc2)CC1)c1ccccc1,Ru,CP(C)CCP(C)C.Cc1cc(C)c([C@@H](NCCP(c2ccccc2)c2ccccc2)c2ccccc2)c(C)c1,CCO,C[O-].[K+],50.0,30.0,100.0,0.727910450013472,ru_ahk_outer,1413,ru_ahk_outer__01413
1415,CC(=O)c1ccc(C(F)(F)F)cc1,C[C@H](O)c1ccc(C(F)(F)F)cc1,Ru,CC(C)(C)P(Cc1cccc(CP(c2ccccc2)C(C)(C)C)n1)c1ccccc1,CCO,CC(C)(C)[O-].[K+],30.0,-40.0,200.0,0.7184160945375203,ru_ahk_outer,1415,ru_ahk_outer__01415
1416,CCOC(=O)C(=O)c1ccccc1,CCOC(=O)[C@H](O)c1ccccc1,Ru,CC(C)(C)P(Cc1cccc(CP(c2ccccc2)C(C)(C)C)n1)c1ccccc1,CCO,CC(C)(C)[O-].[K+],30.0,-40.0,200.0,0.7184160945375203,ru_ahk_outer,1416,ru_ahk_outer__01416
1417,COc1ccc(C(C)=O)cc1,COc1ccc([C@H](C)O)cc1,Ru,CP(c1ccccc1C(=O)N[C@@H]1CCCC[C@H]1NC(=O)c1ccccc1P(C)C(C)(C)C)C(C)(C)C,CC(C)O,CC(C)(C)[O-].[K+],30.0,25.0,100.0,0.7159046698714058,ru_ahk_outer,1417,ru_ahk_outer__01417
1419,CC(=O)c1ccccc1,C[C@@H](O)c1ccccc1,Ru,COc1ccc(C(N)(c2ccc(OC)cc2)[C@@H](N)C(C)C)cc1.COc1ccc(P(c2ccc(OC)cc2)c2cc(OC)nc(OC)c2-c2c(P(c3ccc(OC)cc3)c3ccc(OC)cc3)cc(OC)nc2OC)cc1,CC(C)=O,[K+].[OH-],30.0,25.0,2000.0,0.70425727925195,ru_ahk_outer,1419,ru_ahk_outer__01419
1421,COCC(=O)c1ccc(C(F)(F)F)cc1,COC[C@H](O)c1ccc(C(F)(F)F)cc1,Ru,CC(C)(C)SCCN.c1ccc(P(c2ccccc2)[C@@H]2CCC[C@@H]2[C@H]2CCC[C@H]2P(c2ccccc2)c2ccccc2)cc1,CO,CC(C)(C)[O-].[Na+],7.0,25.0,200.0,0.6993027520737911,ru_ahk_outer,1421,ru_ahk_outer__01421
1422,COCC(=O)c1ccc(C(F)(F)F)cc1,COC[C@H](O)c1ccc(C(F)(F)F)cc1,Ru,CCSCCN.c1ccc(P(c2ccccc2)[C@@H]2CCC[C@@H]2[C@H]2CCC[C@H]2P(c2ccccc2)c2ccccc2)cc1,CCO,CC(C)(C)[O-].[Na+],7.0,25.0,200.0,0.6993027520737911,ru_ahk_outer,1422,ru_ahk_outer__01422
1427,CC(=O)c1ccccc1F,C[C@@H](O)c1ccccc1F,Ru,Brc1ccccc1-p1oc2ccc3ccccc3c2c2c(ccc3ccccc32)o1.N[C@@H](c1ccccc1)[C@@H](N)c1ccccc1,CC(C)O,CC(C)(C)[O-].[K+],50.0,0.0,2000.0,0.655875769161075,ru_ahk_outer,1427,ru_ahk_outer__01427
1429,CC(=O)c1ccccn1,C[C@H](O)c1ccccn1,Ru,CC(C)(C)P(Cc1cccc(CP(c2ccccc2)C(C)(C)C)n1)c1ccccc1,CCO,CC(C)(C)[O-].[K+],30.0,-40.0,200.0,0.6422919146024276,ru_ahk_outer,1429,ru_ahk_outer__01429
1432,CC(=O)c1cccs1,C[C@@H](O)c1cccs1,Ru,Brc1ccccc1-p1oc2ccc3ccccc3c2c2c(ccc3ccccc32)o1.N[C@@H](c1ccccc1)[C@@H](N)c1ccccc1,CC(C)O,CC(C)(C)[O-].[K+],50.0,0.0,500.0,0.6256786798551522,ru_ahk_outer,1432,ru_ahk_outer__01432
1437,O=C(c1ccccc1)c1ccc(C(F)(F)F)cc1,O[C@@H](c1ccccc1)c1ccc(C(F)(F)F)cc1,Ru,COc1ccc(C(N)(c2ccc(OC)cc2)[C@@H](N)C(C)C)cc1.Cc1cc(C)cc(P(c2cc(C)cc(C)c2)c2ccc3ccccc3c2-c2c(P(c3cc(C)cc(C)c3)c3cc(C)cc(C)c3)ccc3ccccc23)c1,CC(C)O,CC(C)(C)[O-].[K+],8.0,28.0,2000.0,0.6104983708284897,ru_ahk_outer,1437,ru_ahk_outer__01437
1439,CC(=O)C1CCCCC1,C[C@@H](O)C1CCCCC1,Ru,CN(C)C[C@H](N)c1ccccc1.Cc1ccc(P(c2ccc(C)cc2)c2ccc3ccccc3c2-c2c(P(c3ccc(C)cc3)c3ccc(C)cc3)ccc3ccccc23)cc1,CC(C)O,CC(C)(C)[O-].[K+],8.0,25.0,500.0,0.6044167001909818,ru_ahk_outer,1439,ru_ahk_outer__01439
1441,CC(=O)CCc1ccccc1,C[C@H](O)CCc1ccccc1,Ru,CP(c1ccccc1C(=O)N[C@@H]1CCCC[C@H]1NC(=O)c1ccccc1P(C)C(C)(C)C)C(C)(C)C,CC(C)O,CC(C)(C)[O-].[K+],30.0,25.0,100.0,0.5892976435324303,ru_ahk_outer,1441,ru_ahk_outer__01441
1450,CC(=O)C(C)(C)C,C[C@@H](O)C(C)(C)C,Ru,c1ccc2c(c1)CC1OC(CNCC3=NC4c5ccccc5CC4O3)=NC21,CC(C)O,CC(C)(C)[O-].[K+],5.0,25.0,100.0,0.5305004352123455,ru_ahk_outer,1450,ru_ahk_outer__01450
1454,COC(OC)C(C)=O,COC(OC)[C@@H](C)O,Ru,CN(C)C[C@H](N)c1ccccc1.Cc1ccc(P(c2ccc(C)cc2)c2ccc3ccccc3c2-c2c(P(c3ccc(C)cc3)c3ccc(C)cc3)ccc3ccccc23)cc1,CC(C)O,CC(C)(C)[O-].[K+],8.0,25.0,1200.000480000192,0.5020101543783366,ru_ahk_outer,1454,ru_ahk_outer__01454
1462,CC(=O)c1ccccc1F,C[C@@H](O)c1ccccc1F,Ru,FC(F)(F)c1ccc(P(c2ccc(C(F)(F)F)cc2)c2ccc(C(F)(F)F)cc2)cc1.N[C@@H](c1ccccc1)[C@@H](N)c1ccccc1,CC(C)O,[K+].[OH-],29.61,30.0,996.000063744004,0.454086967980602,ru_ahk_outer,1462,ru_ahk_outer__01462
1465,COc1ccc(C(=O)c2ccccc2)cc1,COc1ccc([C@H](O)c2ccccc2)cc1,Ru,COc1ccc(C(N)(c2ccc(OC)cc2)[C@@H](N)C(C)C)cc1.Cc1cc(C)cc(P(c2cc(C)cc(C)c2)c2ccc3ccccc3c2-c2c(P(c3cc(C)cc(C)c3)c3cc(C)cc(C)c3)ccc3ccccc23)c1,CC(C)O,CC(C)(C)[O-].[K+],8.0,28.0,2000.0,0.4373961796983938,ru_ahk_outer,1465,ru_ahk_outer__01465
1468,CC(=O)c1ccccc1,C[C@H](O)c1ccccc1,Ru,CC(C)(C)P(Cc1cccc(CP(c2ccccc2)C(C)(C)C)n1)c1ccccc1,CO,CC(C)(C)[O-].[K+],30.0,25.0,200.0,0.3929909988539534,ru_ahk_outer,1468,ru_ahk_outer__01468
1470,CC(=O)c1cccc(Br)c1,C[C@H](O)c1cccc(Br)c1,Ru,CP(c1ccccc1C(=O)N[C@@H]1CCCC[C@H]1NC(=O)c1ccccc1P(C)C(C)(C)C)C(C)(C)C,CC(C)O,CC(C)(C)[O-].[K+],30.0,25.0,100.0,0.3798358474206465,ru_ahk_outer,1470,ru_ahk_outer__01470
1473,CC(=O)c1ccccc1,C[C@H](O)c1ccccc1,Ru,CP(c1ccccc1C(=O)N[C@@H]1CCCC[C@H]1NC(=O)c1ccccc1P(C)C(C)(C)C)C(C)(C)C,CC(C)O,CC(C)(C)[O-].[K+],30.0,25.0,10000.0,0.3798358474206465,ru_ahk_outer,1473,ru_ahk_outer__01473
1481,O=C1CCCc2ccccc21,O[C@@H]1CCCc2ccccc21,Ru,COC[C@H](C)N[C@@H](C)C[C@H](C)P(c1ccccc1)c1ccccc1,CC(C)O,CC(C)(C)[O-].[K+],70.0,25.0,200.0,0.3280745930111221,ru_ahk_outer,1481,ru_ahk_outer__01481
1485,CC(=O)c1ccccc1,C[C@H](O)c1ccccc1,Ru,C[C@@H]1C[C@@H](C)Oc2cccc(P(c3ccccc3)c3ccccc3)c2-c2c(cccc2P(c2ccccc2)c2ccccc2)O1.N[C@@H](c1ccccc1)[C@@H](N)c1ccccc1,CC(C)O,CC(C)(C)[O-].[K+],50.0,21.0,10000.0,0.2898824430377738,ru_ahk_outer,1485,ru_ahk_outer__01485
1486,CC(=O)c1ccc(Br)cc1,C[C@H](O)c1ccc(Br)cc1,Ru,CP(c1ccccc1C(=O)N[C@@H]1CCCC[C@H]1NC(=O)c1ccccc1P(C)C(C)(C)C)C(C)(C)C,CC(C)O,CC(C)(C)[O-].[K+],30.0,25.0,100.0,0.2775068741656546,ru_ahk_outer,1486,ru_ahk_outer__01486
1489,O=C1CCCc2ccccc21,O[C@H]1CCCc2ccccc21,Ru,CP(c1ccccc1C(=O)N[C@@H]1CCCC[C@H]1NC(=O)c1ccccc1P(C)C(C)(C)C)C(C)(C)C,CC(C)O,CC(C)(C)[O-].[K+],30.0,25.0,100.0,0.2650251890554729,ru_ahk_outer,1489,ru_ahk_outer__01489
1490,CC(=O)c1ccccc1,C[C@H](O)c1ccccc1,Ru,NCc1nnn[nH]1.c1ccc(P(c2ccccc2)c2ccc3ccccc3c2-c2c(P(c3ccccc3)c3ccccc3)ccc3ccccc23)cc1,CC(C)O,CC(C)(C)[O-].[K+],8.0,25.0,1000.0,0.2650251890554729,ru_ahk_outer,1490,ru_ahk_outer__01490
1494,CC(=O)c1ccccc1,C[C@H](O)c1ccccc1,Ru,CC(C)(C)P(Cc1cccc(CP(c2ccccc2)C(C)(C)C)n1)c1ccccc1,C1CCOC1,CC(C)(C)[O-].[K+],30.0,25.0,200.0,0.2402314593635229,ru_ahk_outer,1494,ru_ahk_outer__01494
1502,CC(=O)c1ccccc1,C[C@H](O)c1ccccc1,Ru,CP(c1ccccc1C(=O)N[C@@H]1CCCC[C@H]1NC(=O)c1ccccc1P(C)C(C)(C)C)C(C)(C)C,Cc1ccccc1,CC(C)(C)[O-].[K+],30.0,25.0,100.0,0.1790964833608841,ru_ahk_outer,1502,ru_ahk_outer__01502
1512,CC(C)(C)[Si](C)(C)C#CC(=O)c1ccccc1,CC(C)(C)[Si](C)(C)C#C[C@@H](O)c1ccccc1,Ru,Cc1ccc(S(=O)(=O)N[C@@H](c2ccccc2)[C@@H](N)c2ccccc2)cc1,CO,,10.0,50.0,100.0,0.1159030795446291,ru_ahk_outer,1512,ru_ahk_outer__01512
1513,O=C(c1ccccc1)c1ccc(Cl)cc1,O[C@@H](c1ccccc1)c1ccc(Cl)cc1,Ru,COc1ccc(C(N)(c2ccc(OC)cc2)[C@@H](N)C(C)C)cc1.Cc1cc(C)cc(P(c2cc(C)cc(C)c2)c2ccc3ccccc3c2-c2c(P(c3cc(C)cc(C)c3)c3cc(C)cc(C)c3)ccc3ccccc23)c1,CC(C)O,CC(C)(C)[O-].[K+],8.0,28.0,2000.0,0.1080124165398887,ru_ahk_outer,1513,ru_ahk_outer__01513
1517,Cc1ccc(C(=O)c2ccccc2)cc1,Cc1ccc([C@H](O)c2ccccc2)cc1,Ru,COc1ccc(C(N)(c2ccc(OC)cc2)[C@@H](N)C(C)C)cc1.Cc1cc(C)cc(P(c2cc(C)cc(C)c2)c2ccc3ccccc3c2-c2c(P(c3cc(C)cc(C)c3)c3cc(C)cc(C)c3)ccc3ccccc23)c1,CC(C)O,CC(C)(C)[O-].[K+],8.0,28.0,2000.0,0.0959563021201828,ru_ahk_outer,1517,ru_ahk_outer__01517
1518,O=C1CCc2ccccc21,O[C@H]1CCc2ccccc21,Ru,CP(c1ccccc1C(=O)N[C@@H]1CCCC[C@H]1NC(=O)c1ccccc1P(C)C(C)(C)C)C(C)(C)C,CC(C)O,CC(C)(C)[O-].[K+],30.0,25.0,100.0,0.0950004033774946,ru_ahk_outer,1518,ru_ahk_outer__01518
1519,COCC(=O)c1ccc(C(F)(F)F)cc1,COC[C@@H](O)c1ccc(C(F)(F)F)cc1,Ru,CCSCCN.c1ccc(P(c2ccccc2)[C@@H]2CCC[C@@H]2[C@H]2CCC[C@H]2P(c2ccccc2)c2ccccc2)cc1,CC(C)O,CC(C)(C)[O-].[Na+],7.0,25.0,200.0,0.0950004033774946,ru_ahk_outer,1519,ru_ahk_outer__01519
1521,O=C(CCN1CCN(c2ccccc2)CC1)c1ccccc1,O[C@@H](CCN1CCN(c2ccccc2)CC1)c1ccccc1,Ru,Cc1cc(C)c([C@@H](NCCP(c2ccccc2)c2ccccc2)c2ccccc2)c(C)c1.c1ccc(P(c2ccccc2)[C]23[CH]4[CH]5[CH]6[CH]2[Fe]56432789[CH]3[CH]2[CH]7[C]8(P(c2ccccc2)c2ccccc2)[CH]39)cc1,C1CCOC1,C[O-].[K+],50.0,30.0,100.0,0.0844769149177679,ru_ahk_outer,1521,ru_ahk_outer__01521
1530,COc1ccccc1C(C)=O,COc1ccccc1[C@H](C)O,Ru,CP(c1ccccc1C(=O)N[C@@H]1CCCC[C@H]1NC(=O)c1ccccc1P(C)C(C)(C)C)C(C)(C)C,CC(C)O,CC(C)(C)[O-].[K+],30.0,25.0,100.0,0.0118500686128209,ru_ahk_outer,1530,ru_ahk_outer__01530
1531,O=C1c2ccccc2SCc2c1ccc(F)c2F,O[C@H]1c2ccccc2SCc2c1ccc(F)c2F,Ru,COc1ccc(C(N)(c2ccc(OC)cc2)[C@@H](N)C(C)C)cc1.Cc1cc(C)cc(P(c2cc(C)cc(C)c2)c2ccc3ccccc3c2-c2c(P(c3cc(C)cc(C)c3)c3cc(C)cc(C)c3)ccc3ccccc23)c1,CO,O=C([O-])[O-].[Cs+].[Cs+],60.0,25.0,100.0,0.0059248861743805,ru_ahk_outer,1531,ru_ahk_outer__01531
1538,CC(=O)c1ccccc1,C[C@H](O)c1ccccc1,Ru,CC(C)(C)P(Cc1cccc(CP(c2ccccc2)C(C)(C)C)n1)c1ccccc1,c1ccccc1,CC(C)(C)[O-].[K+],30.0,25.0,200.0,0.0,ru_ahk_outer,1538,ru_ahk_outer__01538
