descriptor_id,source_rule_id,point_index,PC1,PC2,selection_frequency
maccs,all_ru_ahk,0,6.6460394859313965,-2.9243698120117188,1.0
maccs,all_ru_ahk,1,5.779432773590088,-2.610285758972168,1.0
maccs,all_ru_ahk,2,-4.503108024597168,0.3184077739715576,1.0
maccs,all_ru_ahk,3,-4.168088912963867,0.33528122305870056,1.0
maccs,all_ru_ahk,4,-4.160972595214844,0.3239135444164276,1.0
maccs,all_ru_ahk,5,-4.168088912963867,0.33528122305870056,1.0
maccs,all_ru_ahk,6,10.19366455078125,-0.41910451650619507,1.0
maccs,all_ru_ahk,7,10.480104446411133,-0.564710795879364,1.0
maccs,all_ru_ahk,8,10.116558074951172,-0.4440581202507019,1.0
maccs,all_ru_ahk,9,-4.867469310760498,-0.9301412105560303,1.0
maccs,all_ru_ahk,10,10.728516578674316,-0.18793171644210815,1.0
maccs,all_ru_ahk,11,10.194127082824707,-0.41879767179489136,1.0
maccs,all_ru_ahk,12,-4.428022384643555,-1.723061442375183,1.0
maccs,all_ru_ahk,13,10.116558074951172,-0.4440581202507019,1.0
maccs,all_ru_ahk,14,10.194127082824707,-0.41879767179489136,1.0
maccs,all_ru_ahk,15,10.801817893981934,-0.5566617846488953,1.0
maccs,all_ru_ahk,16,10.374078750610352,-0.678752601146698,1.0
maccs,all_ru_ahk,17,10.194127082824707,-0.41879767179489136,1.0
maccs,all_ru_ahk,18,-5.338135242462158,-1.087249755859375,1.0
maccs,all_ru_ahk,19,3.6728177070617676,-6.490904808044434,1.0
maccs,all_ru_ahk,20,-5.881929397583008,-1.4295012950897217,1.0
maccs,all_ru_ahk,21,-4.428906440734863,-1.7220412492752075,1.0
maccs,all_ru_ahk,22,2.967501401901245,-9.203742980957031,1.0
maccs,all_ru_ahk,23,-4.868067741394043,-1.0769860744476318,1.0
maccs,all_ru_ahk,24,-5.826672554016113,-0.7865480184555054,1.0
maccs,all_ru_ahk,25,-5.7486467361450195,-0.8292926549911499,1.0
maccs,all_ru_ahk,26,-5.800640106201172,-0.7692829370498657,1.0
maccs,all_ru_ahk,27,5.730985641479492,-2.596414566040039,1.0
maccs,all_ru_ahk,28,-1.2152175903320312,0.12532669305801392,1.0
maccs,all_ru_ahk,29,0.4766605496406555,4.091916084289551,1.0
maccs,all_ru_ahk,30,5.755208969116211,-2.6033501625061035,1.0
maccs,all_ru_ahk,31,2.9106647968292236,10.398876190185547,1.0
maccs,all_ru_ahk,32,3.012213945388794,10.924741744995117,1.0
maccs,all_ru_ahk,33,-5.878208160400391,-0.7945432662963867,1.0
maccs,all_ru_ahk,34,-4.890527248382568,-1.4050947427749634,1.0
maccs,all_ru_ahk,35,-4.77308464050293,-1.6669949293136597,1.0
maccs,all_ru_ahk,36,-0.6889894604682922,-0.7976914048194885,1.0
maccs,all_ru_ahk,37,-0.4143415093421936,-0.7948498129844666,1.0
maccs,all_ru_ahk,38,5.717987537384033,-2.5814120769500732,1.0
maccs,all_ru_ahk,39,11.14700984954834,-7.258732318878174,1.0
maccs,all_ru_ahk,40,-4.53999662399292,-1.4285967350006104,1.0
maccs,all_ru_ahk,41,8.211694717407227,0.18034416437149048,1.0
maccs,all_ru_ahk,42,10.728516578674316,-0.18793171644210815,1.0
maccs,all_ru_ahk,43,3.2490546703338623,12.039015769958496,1.0
maccs,all_ru_ahk,44,-5.472568511962891,-1.1208937168121338,1.0
maccs,all_ru_ahk,45,-4.4055633544921875,-1.3949527740478516,1.0
maccs,all_ru_ahk,46,-5.748379707336426,-1.3948371410369873,1.0
maccs,all_ru_ahk,47,3.0115392208099365,10.924293518066406,1.0
maccs,all_ru_ahk,48,-5.195540428161621,-0.5785305500030518,1.0
maccs,all_ru_ahk,49,-5.898622989654541,-0.8895931243896484,1.0
maccs,all_ru_ahk,50,-4.343877792358398,-1.3103456497192383,1.0
maccs,all_ru_ahk,51,-5.878208160400391,-0.7945432662963867,1.0
maccs,all_ru_ahk,52,-5.195540428161621,-0.5785305500030518,1.0
maccs,all_ru_ahk,53,-5.514662742614746,-0.9151962995529175,1.0
maccs,all_ru_ahk,54,-4.489802837371826,0.3272322118282318,1.0
maccs,all_ru_ahk,55,12.987247467041016,20.75753402709961,1.0
maccs,all_ru_ahk,56,13.217607498168945,20.513105392456055,1.0
maccs,all_ru_ahk,57,12.525628089904785,21.111936569213867,1.0
maccs,all_ru_ahk,58,12.525628089904785,21.111936569213867,1.0
maccs,all_ru_ahk,59,12.530696868896484,21.1060848236084,1.0
maccs,all_ru_ahk,60,12.54863452911377,21.08538246154785,1.0
maccs,all_ru_ahk,61,-4.498551368713379,-1.6098082065582275,1.0
maccs,all_ru_ahk,62,-3.526280164718628,0.7204411625862122,1.0
maccs,all_ru_ahk,63,3.1019346714019775,-9.170099258422852,1.0
maccs,all_ru_ahk,64,-5.344115734100342,-1.9676481485366821,1.0
maccs,all_ru_ahk,65,-4.562456130981445,-1.756705403327942,1.0
maccs,all_ru_ahk,66,-5.052158355712891,-1.2331631183624268,1.0
maccs,all_ru_ahk,67,-4.562456130981445,-1.756705403327942,1.0
maccs,all_ru_ahk,68,-4.984813690185547,-1.784920573234558,1.0
maccs,all_ru_ahk,69,12.587109565734863,21.04097557067871,1.0
maccs,all_ru_ahk,70,3.631086587905884,11.138351440429688,1.0
maccs,all_ru_ahk,71,1.2166540622711182,-1.5891674757003784,1.0
maccs,all_ru_ahk,72,1.2271801233291626,0.9100742936134338,1.0
maccs,all_ru_ahk,73,1.2709800004959106,0.8058256506919861,1.0
maccs,all_ru_ahk,74,-5.514662742614746,-0.9151962995529175,1.0
maccs,all_ru_ahk,75,12.525511741638184,21.111860275268555,1.0
maccs,all_ru_ahk,76,12.525541305541992,21.111879348754883,1.0
maccs,all_ru_ahk,77,-2.698376417160034,-0.04414278641343117,1.0
maccs,all_ru_ahk,78,-2.646383285522461,-0.10415250808000565,1.0
maccs,all_ru_ahk,79,-5.550136566162109,-1.1461539268493652,1.0
maccs,all_ru_ahk,80,-4.406447410583496,-1.393932580947876,1.0
maccs,all_ru_ahk,81,6.859757900238037,-2.7387313842773438,1.0
maccs,all_ru_ahk,82,0.249823197722435,0.1794542670249939,1.0
maccs,all_ru_ahk,83,1.4461231231689453,0.35544756054878235,1.0
maccs,all_ru_ahk,84,1.020007610321045,0.32185232639312744,1.0
maccs,all_ru_ahk,85,1.2891978025436401,-0.4401813745498657,1.0
maccs,all_ru_ahk,86,0.3100651204586029,1.140604019165039,1.0
maccs,all_ru_ahk,87,0.15313950181007385,0.34497570991516113,1.0
maccs,all_ru_ahk,88,-0.11605052649974823,1.107008695602417,1.0
maccs,all_ru_ahk,89,11.14700984954834,-7.258732318878174,1.0
maccs,all_ru_ahk,90,4.610904216766357,-1.533754587173462,1.0
maccs,all_ru_ahk,91,-6.304286956787109,-1.457716464996338,1.0
maccs,all_ru_ahk,92,-4.428022384643555,-1.723061442375183,1.0
maccs,all_ru_ahk,93,10.34946346282959,-0.4815499186515808,1.0
maccs,all_ru_ahk,94,10.480104446411133,-0.564710795879364,1.0
maccs,all_ru_ahk,95,11.057560920715332,-1.1965124607086182,1.0
maccs,all_ru_ahk,96,13.192315101623535,20.136186599731445,1.0
maccs,all_ru_ahk,97,12.525579452514648,21.11190414428711,1.0
maccs,all_ru_ahk,98,-3.4683339595794678,-0.08346087485551834,1.0
maccs,all_ru_ahk,99,6.825989723205566,-3.1843254566192627,1.0
maccs,all_ru_ahk,100,-5.645303726196289,-0.8320356011390686,1.0
maccs,all_ru_ahk,101,-2.5665276050567627,-1.5514402389526367,1.0
maccs,all_ru_ahk,102,-4.259998798370361,-1.1411948204040527,1.0
maccs,all_ru_ahk,103,-4.677088737487793,-1.1010702848434448,1.0
maccs,all_ru_ahk,104,-2.5551583766937256,-1.2169277667999268,1.0
maccs,all_ru_ahk,105,-4.230840682983398,-1.1511504650115967,1.0
maccs,all_ru_ahk,106,-4.677175521850586,-1.1011278629302979,1.0
maccs,all_ru_ahk,107,-4.016376495361328,-1.1125309467315674,1.0
maccs,all_ru_ahk,108,-4.625616073608398,-1.1614253520965576,1.0
maccs,all_ru_ahk,109,-5.485322952270508,-1.3568520545959473,1.0
maccs,all_ru_ahk,110,-2.780991554260254,-1.590059757232666,1.0
maccs,all_ru_ahk,111,-2.3406944274902344,-1.1783087253570557,1.0
maccs,all_ru_ahk,112,-2.5551583766937256,-1.2169277667999268,1.0
maccs,all_ru_ahk,113,-2.324716091156006,-1.280256748199463,1.0
maccs,all_ru_ahk,114,-2.539180040359497,-1.3188762664794922,1.0
maccs,all_ru_ahk,115,-3.0835142135620117,-1.420041561126709,1.0
maccs,all_ru_ahk,116,-3.297978162765503,-1.4586610794067383,1.0
maccs,all_ru_ahk,117,-5.412955284118652,-1.3073070049285889,1.0
maccs,all_ru_ahk,118,-4.677088737487793,-1.1010702848434448,1.0
maccs,all_ru_ahk,119,-5.496874809265137,-1.340890645980835,1.0
maccs,all_ru_ahk,120,6.176024436950684,11.318422317504883,1.0
maccs,all_ru_ahk,121,12.525604248046875,21.111921310424805,1.0
maccs,all_ru_ahk,122,-5.344115734100342,-1.9676481485366821,1.0
maccs,all_ru_ahk,123,-5.415703773498535,-1.1125099658966064,1.0
maccs,all_ru_ahk,124,6.573575496673584,11.76961612701416,1.0
maccs,all_ru_ahk,125,-6.663589000701904,-1.640444040298462,1.0
maccs,all_ru_ahk,126,7.90414571762085,13.95748519897461,1.0
maccs,all_ru_ahk,127,-2.648986577987671,-0.10587913542985916,1.0
maccs,all_ru_ahk,128,6.030255317687988,8.005095481872559,1.0
maccs,all_ru_ahk,129,-5.529106140136719,-1.4224152565002441,1.0
maccs,all_ru_ahk,130,-2.1228904724121094,-0.40349727869033813,1.0
maccs,all_ru_ahk,131,-4.521010398864746,-1.937916874885559,1.0
maccs,all_ru_ahk,132,-5.508691310882568,-1.3273653984069824,1.0
maccs,all_ru_ahk,133,-5.18894624710083,-1.3437695503234863,1.0
maccs,all_ru_ahk,134,-4.867232322692871,-1.3357205390930176,1.0
maccs,all_ru_ahk,135,11.43298625946045,-7.404644966125488,1.0
maccs,all_ru_ahk,136,4.615638256072998,13.837666511535645,1.0
maccs,all_ru_ahk,137,-4.296328544616699,-1.0624442100524902,1.0
maccs,all_ru_ahk,138,-4.569408416748047,-0.8133317232131958,1.0
maccs,all_ru_ahk,139,-5.263559341430664,-1.2174277305603027,1.0
maccs,all_ru_ahk,140,-5.48688268661499,-1.1459033489227295,1.0
maccs,all_ru_ahk,141,-5.181633949279785,-1.2646729946136475,1.0
maccs,all_ru_ahk,142,-5.207666397094727,-1.2819383144378662,1.0
maccs,all_ru_ahk,143,-5.271358489990234,-1.2084262371063232,1.0
maccs,all_ru_ahk,144,5.305311679840088,14.245878219604492,1.0
maccs,all_ru_ahk,145,-4.936225891113281,-0.8931905031204224,1.0
maccs,all_ru_ahk,146,-4.647310256958008,-1.4180049896240234,1.0
maccs,all_ru_ahk,147,5.578392028808594,13.996766090393066,1.0
maccs,all_ru_ahk,148,-5.890379905700684,-0.9232919216156006,1.0
maccs,all_ru_ahk,149,-4.727594375610352,0.33965393900871277,1.0
maccs,all_ru_ahk,150,-4.742056846618652,0.3300621509552002,1.0
maccs,all_ru_ahk,151,3.9361324310302734,6.523576736450195,1.0
maccs,all_ru_ahk,152,-4.198605060577393,-1.64085054397583,1.0
maccs,all_ru_ahk,153,-4.4858293533325195,-2.045198678970337,1.0
maccs,all_ru_ahk,154,-6.747645854949951,-1.6985890865325928,1.0
maccs,all_ru_ahk,155,4.061062335968018,7.244890213012695,1.0
maccs,all_ru_ahk,156,-5.186591625213623,-1.2668070793151855,1.0
maccs,all_ru_ahk,157,12.525569915771484,21.11189842224121,1.0
maccs,all_ru_ahk,158,4.0806989669799805,7.243641376495361,1.0
maccs,all_ru_ahk,159,4.061062335968018,7.244890213012695,1.0
maccs,all_ru_ahk,160,4.061062335968018,7.244890213012695,1.0
maccs,all_ru_ahk,161,-4.221064567565918,-1.9689592123031616,1.0
maccs,all_ru_ahk,162,-4.428022384643555,-1.723061442375183,1.0
maccs,all_ru_ahk,163,-3.3884201049804688,-1.8450220823287964,1.0
maccs,all_ru_ahk,164,3.9361324310302734,6.523576736450195,1.0
maccs,all_ru_ahk,165,11.38918685913086,-7.300396919250488,1.0
maccs,all_ru_ahk,166,18.38157081604004,-13.690227508544922,1.0
maccs,all_ru_ahk,167,19.904767990112305,-16.285663604736328,1.0
maccs,all_ru_ahk,168,19.48514747619629,-13.211034774780273,1.0
maccs,all_ru_ahk,169,19.461320877075195,-16.258987426757812,1.0
maccs,all_ru_ahk,170,20.034013748168945,-16.53611183166504,1.0
maccs,all_ru_ahk,171,20.143991470336914,-16.042972564697266,1.0
maccs,all_ru_ahk,172,3.1595726013183594,1.7636852264404297,1.0
maccs,all_ru_ahk,173,-3.566739320755005,-1.3534159660339355,1.0
maccs,all_ru_ahk,174,7.734177589416504,-9.251838684082031,1.0
maccs,all_ru_ahk,175,-4.457241058349609,-0.9631319642066956,1.0
maccs,all_ru_ahk,176,-4.7313995361328125,0.36928126215934753,1.0
maccs,all_ru_ahk,177,11.620168685913086,15.399496078491211,1.0
maccs,all_ru_ahk,178,11.620168685913086,15.399496078491211,1.0
maccs,all_ru_ahk,179,-5.145146369934082,-1.4480185508728027,1.0
maccs,all_ru_ahk,180,-5.18894624710083,-1.3437695503234863,1.0
maccs,all_ru_ahk,181,-5.431122779846191,-1.302105188369751,1.0
maccs,all_ru_ahk,182,-5.472568511962891,-1.1208937168121338,1.0
maccs,all_ru_ahk,183,2.650326728820801,6.05235481262207,1.0
maccs,all_ru_ahk,184,11.31774616241455,15.897443771362305,1.0
maccs,all_ru_ahk,185,-5.713642120361328,-0.7055577039718628,1.0
maccs,all_ru_ahk,186,11.273945808410645,16.001691818237305,1.0
maccs,all_ru_ahk,187,-5.515042304992676,-1.335688829421997,1.0
maccs,all_ru_ahk,188,-5.529106140136719,-1.4224152565002441,1.0
maccs,all_ru_ahk,189,-2.7230701446533203,0.6976813673973083,1.0
maccs,all_ru_ahk,190,-0.8977627754211426,-2.776144027709961,1.0
maccs,all_ru_ahk,191,-3.4957752227783203,-2.4071109294891357,1.0
maccs,all_ru_ahk,192,11.27392578125,16.001680374145508,1.0
maccs,all_ru_ahk,193,12.811604499816895,20.966026306152344,1.0
maccs,all_ru_ahk,194,12.009342193603516,15.888774871826172,1.0
maccs,all_ru_ahk,195,12.13288688659668,21.129104614257812,1.0
maccs,all_ru_ahk,196,12.811604499816895,20.966026306152344,1.0
maccs,all_ru_ahk,197,-5.539032936096191,-0.8737407922744751,1.0
maccs,all_ru_ahk,198,-5.615658760070801,-0.5852475166320801,1.0
maccs,all_ru_ahk,199,-5.637016296386719,-0.9940509796142578,1.0
maccs,all_ru_ahk,200,-2.342458963394165,0.6170071363449097,1.0
maccs,all_ru_ahk,201,12.130850791931152,-11.668691635131836,1.0
maccs,all_ru_ahk,202,12.738540649414062,-11.806554794311523,1.0
maccs,all_ru_ahk,203,12.737991333007812,-11.80691909790039,1.0
maccs,all_ru_ahk,204,12.796599388122559,-12.179410934448242,1.0
maccs,all_ru_ahk,205,12.738338470458984,-11.806689262390137,1.0
maccs,all_ru_ahk,206,12.738338470458984,-11.806689262390137,1.0
maccs,all_ru_ahk,207,8.741436004638672,-9.489911079406738,1.0
maccs,all_ru_ahk,208,11.452705383300781,-12.277796745300293,1.0
maccs,all_ru_ahk,209,10.954200744628906,16.018096923828125,1.0
maccs,all_ru_ahk,210,-5.428172588348389,-2.0257933139801025,1.0
maccs,all_ru_ahk,211,12.437591552734375,21.1492862701416,1.0
maccs,all_ru_ahk,212,8.565299987792969,-6.579380989074707,1.0
maccs,all_ru_ahk,213,-4.221948146820068,-1.9679392576217651,1.0
maccs,all_ru_ahk,214,11.642627716064453,15.727604866027832,1.0
maccs,all_ru_ahk,215,-4.267531394958496,2.28267502784729,1.0
maccs,all_ru_ahk,216,-4.631610870361328,2.0494909286499023,1.0
maccs,all_ru_ahk,217,12.863579750061035,20.577831268310547,1.0
maccs,all_ru_ahk,218,-4.867469310760498,-0.9301412105560303,1.0
maccs,all_ru_ahk,219,13.14344596862793,-11.97960090637207,1.0
maccs,all_ru_ahk,220,14.08855152130127,-13.107845306396484,1.0
maccs,all_ru_ahk,221,12.020055770874023,-11.9989652633667,1.0
maccs,all_ru_ahk,222,12.647276878356934,-12.103947639465332,1.0
maccs,all_ru_ahk,223,13.803438186645508,-11.465585708618164,1.0
maccs,all_ru_ahk,224,17.40329360961914,-15.967012405395508,1.0
maccs,all_ru_ahk,225,12.181558609008789,-11.678199768066406,1.0
maccs,all_ru_ahk,226,12.962813377380371,-11.567415237426758,1.0
maccs,all_ru_ahk,227,12.694740295410156,-11.702306747436523,1.0
maccs,all_ru_ahk,228,12.416828155517578,-11.814603805541992,1.0
maccs,all_ru_ahk,229,11.738112449645996,-11.651521682739258,1.0
maccs,all_ru_ahk,230,11.328751564025879,-11.960128784179688,1.0
maccs,all_ru_ahk,231,12.286187171936035,-11.731443405151367,1.0
maccs,all_ru_ahk,232,-1.9633246660232544,-1.4843533039093018,1.0
maccs,all_ru_ahk,233,7.493572235107422,-9.611896514892578,1.0
maccs,all_ru_ahk,234,17.52822494506836,-15.24570083618164,1.0
maccs,all_ru_ahk,235,3.022465229034424,-6.205086708068848,1.0
maccs,all_ru_ahk,236,2.726607322692871,-6.343260765075684,1.0
maccs,all_ru_ahk,237,-3.9400582313537598,1.78421950340271,1.0
maccs,all_ru_ahk,238,12.032869338989258,-11.78900146484375,1.0
maccs,all_ru_ahk,239,-1.369232416152954,-0.5850312113761902,1.0
maccs,all_ru_ahk,240,-1.5378479957580566,-0.21337945759296417,1.0
maccs,all_ru_ahk,241,-1.4573560953140259,-0.5477392077445984,1.0
maccs,all_ru_ahk,242,-4.506494522094727,-1.9476439952850342,1.0
maccs,all_ru_ahk,243,-3.962517499923706,1.4561108350753784,1.0
maccs,all_ru_ahk,244,-3.142036199569702,1.5610337257385254,1.0
maccs,all_ru_ahk,245,13.87464427947998,-12.567464828491211,1.0
maccs,all_ru_ahk,246,8.707744598388672,-9.607266426086426,1.0
maccs,all_ru_ahk,247,15.243879318237305,-12.339986801147461,1.0
maccs,all_ru_ahk,248,12.416828155517578,-11.814603805541992,1.0
maccs,all_ru_ahk,249,12.434550285339355,-11.412652969360352,1.0
maccs,all_ru_ahk,250,0.16160397231578827,-0.6944870352745056,1.0
maccs,all_ru_ahk,251,-5.554037570953369,-1.2906813621520996,1.0
maccs,all_ru_ahk,252,-5.54103946685791,-1.3056838512420654,1.0
maccs,all_ru_ahk,253,-5.289827346801758,-0.9583563804626465,1.0
maccs,all_ru_ahk,254,-5.502044677734375,-1.3506910800933838,1.0
maccs,all_ru_ahk,255,-1.0644774436950684,-2.524040937423706,1.0
maccs,all_ru_ahk,256,2.967501401901245,-9.203742980957031,1.0
maccs,all_ru_ahk,257,8.169151306152344,-9.383844375610352,1.0
maccs,all_ru_ahk,258,-3.5576937198638916,-1.4514086246490479,1.0
maccs,all_ru_ahk,259,-4.562456130981445,-1.756705403327942,1.0
maccs,all_ru_ahk,260,19.238237380981445,16.328266143798828,1.0
maccs,all_ru_ahk,261,-5.541421413421631,-1.640735149383545,1.0
maccs,all_ru_ahk,262,-4.53999662399292,-1.4285967350006104,1.0
maccs,all_ru_ahk,263,-3.466000556945801,-0.057762447744607925,1.0
maccs,all_ru_ahk,264,-2.080561876296997,-0.1793321967124939,1.0
maccs,all_ru_ahk,265,-1.0117250680923462,0.10562782734632492,1.0
maccs,all_ru_ahk,266,10.754270553588867,-7.241563320159912,1.0
maccs,all_ru_ahk,267,-4.468772888183594,-0.9466681480407715,1.0
maccs,all_ru_ahk,268,-3.734539270401001,-0.5846470594406128,1.0
maccs,all_ru_ahk,269,-3.6862258911132812,-1.2511320114135742,1.0
maccs,all_ru_ahk,270,9.937564849853516,-6.8123931884765625,1.0
maccs,all_ru_ahk,271,-4.4055633544921875,-1.3949527740478516,1.0
maccs,all_ru_ahk,272,10.593120574951172,-6.785961151123047,1.0
maccs,all_ru_ahk,273,8.514459609985352,-6.647886753082275,1.0
maccs,all_ru_ahk,274,-2.6463751792907715,-1.0781331062316895,1.0
maccs,all_ru_ahk,275,-2.280778169631958,-0.7054761052131653,1.0
maccs,all_ru_ahk,276,-4.638348579406738,-2.2607510089874268,1.0
maccs,all_ru_ahk,277,-4.638348579406738,-2.2607510089874268,1.0
maccs,all_ru_ahk,278,-5.646444320678711,-1.7452492713928223,1.0
maccs,all_ru_ahk,279,-4.987819671630859,-1.654803991317749,1.0
maccs,all_ru_ahk,280,-5.548460960388184,-1.624939203262329,1.0
maccs,all_ru_ahk,281,-4.619138717651367,-1.928891658782959,1.0
maccs,all_ru_ahk,282,-2.08236026763916,-3.294417142868042,1.0
maccs,all_ru_ahk,283,-5.553735256195068,-1.6225314140319824,1.0
maccs,all_ru_ahk,284,-5.5566277503967285,-1.6244497299194336,1.0
maccs,all_ru_ahk,285,-5.306283950805664,-1.6666035652160645,1.0
maccs,all_ru_ahk,286,6.825989723205566,-3.1843254566192627,1.0
maccs,all_ru_ahk,287,-4.126880168914795,0.5596490502357483,1.0
maccs,all_ru_ahk,288,-4.814175605773926,0.3405669927597046,1.0
maccs,all_ru_ahk,289,1.8951148986816406,0.3159264624118805,1.0
maccs,all_ru_ahk,290,0.5635901093482971,0.9923079609870911,1.0
maccs,all_ru_ahk,291,1.294803261756897,1.125573992729187,1.0
maccs,all_ru_ahk,292,0.6307498812675476,0.9244850873947144,1.0
maccs,all_ru_ahk,293,0.9850029349327087,0.9517386555671692,1.0
maccs,all_ru_ahk,294,-2.0993564128875732,4.089609146118164,1.0
maccs,all_ru_ahk,295,-4.428906440734863,-1.7220412492752075,1.0
maccs,all_ru_ahk,296,-2.086358070373535,4.074606895446777,1.0
maccs,all_ru_ahk,297,8.426290512084961,-6.518701076507568,1.0
maccs,all_ru_ahk,298,-2.0690770149230957,4.080939769744873,1.0
maccs,all_ru_ahk,299,-4.1315083503723145,0.5565797090530396,1.0
maccs,all_ru_ahk,300,11.14700984954834,-7.258732318878174,1.0
maccs,all_ru_ahk,301,11.292035102844238,-7.400134563446045,1.0
maccs,all_ru_ahk,302,-4.733036041259766,-0.8964972496032715,1.0
maccs,all_ru_ahk,303,11.276100158691406,-0.7816607356071472,1.0
maccs,all_ru_ahk,304,-4.463369846343994,-1.7170898914337158,1.0
maccs,all_ru_ahk,305,8.404123306274414,-6.610608100891113,1.0
maccs,all_ru_ahk,306,-4.984813690185547,-1.784920573234558,1.0
maccs,all_ru_ahk,307,-5.747495651245117,-1.395857334136963,1.0
maccs,all_ru_ahk,308,5.104172706604004,-2.0244758129119873,1.0
maccs,all_ru_ahk,309,4.400940418243408,1.3270128965377808,1.0
maccs,all_ru_ahk,310,4.894874572753906,1.2364474534988403,1.0
maccs,all_ru_ahk,311,4.444740295410156,1.222764253616333,1.0
maccs,all_ru_ahk,312,-4.627320289611816,-0.789350152015686,1.0
maccs,all_ru_ahk,313,6.548056125640869,-3.044679641723633,1.0
maccs,all_ru_ahk,314,1.3858811855316162,-0.6057026386260986,1.0
maccs,all_ru_ahk,315,1.342645287513733,0.5898564457893372,1.0
maccs,all_ru_ahk,316,-5.6491289138793945,-1.1410839557647705,1.0
maccs,all_ru_ahk,317,-6.331796646118164,-1.3570966720581055,1.0
maccs,all_ru_ahk,318,-0.813549816608429,4.560831069946289,1.0
maccs,all_ru_ahk,319,-2.129635810852051,4.098278522491455,1.0
maccs,all_ru_ahk,320,11.37955093383789,-6.887264251708984,1.0
maccs,all_ru_ahk,321,-4.713708877563477,0.3488629460334778,1.0
maccs,all_ru_ahk,322,-5.395941734313965,-1.4093868732452393,1.0
maccs,all_ru_ahk,323,-5.339018821716309,-1.0862295627593994,1.0
maccs,all_ru_ahk,324,-0.6886201500892639,5.2821431159973145,1.0
maccs,all_ru_ahk,325,-4.6567463874816895,-1.566369652748108,1.0
maccs,all_ru_ahk,326,-6.254228591918945,-1.331836462020874,1.0
maccs,all_ru_ahk,327,-4.984646797180176,-1.8386083841323853,1.0
maccs,all_ru_ahk,328,-5.321656227111816,-1.6395394802093506,1.0
maccs,all_ru_ahk,329,-0.7474178671836853,-0.21753793954849243,1.0
maccs,all_ru_ahk,330,-2.725581169128418,-1.7618390321731567,1.0
maccs,all_ru_ahk,331,-6.011251926422119,-1.7843635082244873,1.0
maccs,all_ru_ahk,332,-5.955894947052002,-1.3993065357208252,1.0
maccs,all_ru_ahk,333,-6.220841407775879,-1.8594605922698975,1.0
maccs,all_ru_ahk,334,-5.413081169128418,-1.9114035367965698,1.0
maccs,all_ru_ahk,335,-5.759303092956543,-1.3092072010040283,1.0
maccs,all_ru_ahk,336,-4.756694316864014,0.3984760046005249,1.0
maccs,all_ru_ahk,337,19.85405921936035,-16.276155471801758,1.0
maccs,all_ru_ahk,338,-5.375442981719971,-1.4005436897277832,1.0
maccs,all_ru_ahk,339,-4.045534610748291,-1.1025753021240234,1.0
maccs,all_ru_ahk,340,-4.677608966827393,-1.1014156341552734,1.0
maccs,all_ru_ahk,341,-3.606455087661743,-1.0257246494293213,1.0
maccs,all_ru_ahk,342,-3.606455087661743,-1.0257246494293213,1.0
maccs,all_ru_ahk,343,-4.4631452560424805,-1.0627961158752441,1.0
maccs,all_ru_ahk,344,-4.677608966827393,-1.1014156341552734,1.0
maccs,all_ru_ahk,345,-5.440434455871582,-1.3255314826965332,1.0
maccs,all_ru_ahk,346,-5.459362506866455,-1.4341273307800293,1.0
maccs,all_ru_ahk,347,-4.132816314697266,-1.1272523403167725,1.0
maccs,all_ru_ahk,348,-4.130213260650635,-1.125525712966919,1.0
maccs,all_ru_ahk,349,-5.338135242462158,-1.087249755859375,1.0
maccs,all_ru_ahk,350,-5.4165873527526855,-1.1114897727966309,1.0
maccs,all_ru_ahk,351,-5.530916690826416,-1.3462169170379639,1.0
maccs,all_ru_ahk,352,-3.013324499130249,0.4634074568748474,1.0
maccs,all_ru_ahk,353,-5.131176948547363,-1.3331475257873535,1.0
maccs,all_ru_ahk,354,10.700835227966309,-6.724182605743408,1.0
maccs,all_ru_ahk,355,-4.505455017089844,-1.0563546419143677,1.0
maccs,all_ru_ahk,356,-5.562412738800049,-1.628286600112915,1.0
maccs,all_ru_ahk,357,-3.014285087585449,-0.9899945855140686,1.0
maccs,all_ru_ahk,358,-5.972494602203369,-1.1743690967559814,1.0
maccs,all_ru_ahk,359,-4.733920097351074,-0.8954770565032959,1.0
maccs,all_ru_ahk,360,2.9654910564422607,-5.9778947830200195,1.0
maccs,all_ru_ahk,361,-4.96235466003418,-1.4568119049072266,1.0
maccs,all_ru_ahk,362,-2.1058554649353027,4.097110271453857,1.0
maccs,all_ru_ahk,363,-4.9172868728637695,-1.7115055322647095,1.0
maccs,all_ru_ahk,364,4.365058422088623,13.992691993713379,1.0
maccs,all_ru_ahk,365,-5.467503547668457,-1.1330511569976807,1.0
maccs,all_ru_ahk,366,-5.034517765045166,-0.09415126591920853,1.0
maccs,all_ru_ahk,367,0.7624557614326477,1.6203994750976562,1.0
maccs,all_ru_ahk,368,0.6055302023887634,0.8247712850570679,1.0
maccs,all_ru_ahk,369,6.131727695465088,-2.922187566757202,1.0
maccs,all_ru_ahk,370,11.173490524291992,-7.078951835632324,1.0
maccs,all_ru_ahk,371,-5.517932891845703,-1.3376057147979736,1.0
maccs,all_ru_ahk,372,-5.9682512283325195,-1.4777498245239258,1.0
maccs,all_ru_ahk,373,-5.208745002746582,-1.358407735824585,1.0
maccs,all_ru_ahk,374,-4.483343124389648,-1.0818759202957153,1.0
maccs,all_ru_ahk,375,3.3468072414398193,0.7584901452064514,1.0
maccs,all_ru_ahk,376,-3.100708246231079,-1.3024077415466309,1.0
maccs,all_ru_ahk,377,-2.5284650325775146,-0.4013649821281433,1.0
maccs,all_ru_ahk,378,-1.7964876890182495,0.09786408394575119,1.0
maccs,all_ru_ahk,379,20.140039443969727,-16.422067642211914,1.0
maccs,all_ru_ahk,380,20.140039443969727,-16.422067642211914,1.0
maccs,all_ru_ahk,381,20.09623908996582,-16.317819595336914,1.0
maccs,all_ru_ahk,382,19.461320877075195,-16.258987426757812,1.0
maccs,all_ru_ahk,383,20.009397506713867,-16.338909149169922,1.0
maccs,all_ru_ahk,384,20.009397506713867,-16.338909149169922,1.0
maccs,all_ru_ahk,385,20.143991470336914,-16.042972564697266,1.0
maccs,all_ru_ahk,386,20.09623908996582,-16.317819595336914,1.0
maccs,all_ru_ahk,387,20.46175193786621,-16.414018630981445,1.0
maccs,all_ru_ahk,388,20.034013748168945,-16.53611183166504,1.0
maccs,all_ru_ahk,389,20.143991470336914,-16.042972564697266,1.0
maccs,all_ru_ahk,390,19.756078720092773,-16.396465301513672,1.0
maccs,all_ru_ahk,391,19.461320877075195,-16.258987426757812,1.0
maccs,all_ru_ahk,392,20.009397506713867,-16.338909149169922,1.0
maccs,all_ru_ahk,393,19.756078720092773,-16.396465301513672,1.0
maccs,all_ru_ahk,394,15.64941692352295,-12.311443328857422,1.0
maccs,all_ru_ahk,395,19.904767990112305,-16.285663604736328,1.0
maccs,all_ru_ahk,396,20.331117630004883,-16.33085823059082,1.0
maccs,all_ru_ahk,397,20.358030319213867,-16.833967208862305,1.0
maccs,all_ru_ahk,398,20.143991470336914,-16.042972564697266,1.0
maccs,all_ru_ahk,399,-4.2275543212890625,-1.4711377620697021,1.0
maccs,all_ru_ahk,400,-2.3735640048980713,-2.18957781791687,1.0
maccs,all_ru_ahk,401,-2.3537328243255615,-1.7839744091033936,1.0
maccs,all_ru_ahk,402,11.342028617858887,-7.139569282531738,1.0
maccs,all_ru_ahk,403,11.129691123962402,-6.974703788757324,1.0
maccs,all_ru_ahk,404,-3.3469746112823486,-2.026233434677124,1.0
maccs,all_ru_ahk,405,-3.974360466003418,-1.843167781829834,1.0
maccs,all_ru_ahk,406,-5.4195709228515625,-1.3180665969848633,1.0
maccs,all_ru_ahk,407,-4.823432922363281,-1.4399694204330444,1.0
maccs,all_ru_ahk,408,-3.2143588066101074,-2.2713005542755127,1.0
maccs,all_ru_ahk,409,-4.403567314147949,-2.199816942214966,1.0
maccs,all_ru_ahk,410,12.960494995117188,20.460716247558594,1.0
maccs,all_ru_ahk,411,12.427644729614258,20.991626739501953,1.0
maccs,all_ru_ahk,412,-1.0420414209365845,0.004161428194493055,1.0
maccs,all_ru_ahk,413,12.55372428894043,21.06524085998535,1.0
maccs,all_ru_ahk,414,12.88393783569336,20.98622703552246,1.0
maccs,all_ru_ahk,415,12.927738189697266,20.88197898864746,1.0
maccs,all_ru_ahk,416,12.13288688659668,21.129104614257812,1.0
maccs,all_ru_ahk,417,12.24902057647705,21.045059204101562,1.0
maccs,all_ru_ahk,418,13.544210433959961,20.42629623413086,1.0
maccs,all_ru_ahk,419,12.767805099487305,21.07027244567871,1.0
maccs,all_ru_ahk,420,13.43574047088623,20.476125717163086,1.0
maccs,all_ru_ahk,421,12.437591552734375,21.1492862701416,1.0
maccs,all_ru_ahk,422,-4.826024055480957,-1.1113526821136475,1.0
maccs,all_ru_ahk,423,-1.2138956785202026,-0.6477835178375244,1.0
maccs,all_ru_ahk,424,-1.48686945438385,-0.2764243483543396,1.0
maccs,all_ru_ahk,425,18.555566787719727,16.112255096435547,1.0
maccs,all_ru_ahk,426,18.99901580810547,16.0855770111084,1.0
maccs,all_ru_ahk,427,-1.9385907649993896,-2.3215832710266113,1.0
maccs,all_ru_ahk,428,-4.630454063415527,2.050258159637451,1.0
maccs,all_ru_ahk,429,18.94830894470215,16.0950870513916,1.0
maccs,all_ru_ahk,430,19.870866775512695,16.170734405517578,1.0
maccs,all_ru_ahk,431,18.921445846557617,16.060317993164062,1.0
maccs,all_ru_ahk,432,-1.4083620309829712,1.393194317817688,1.0
maccs,all_ru_ahk,433,-1.3505589962005615,-0.5923731327056885,1.0
maccs,all_ru_ahk,434,-3.8450746536254883,1.1942107677459717,1.0
maccs,all_ru_ahk,435,-4.8726701736450195,2.0399255752563477,1.0
maccs,all_ru_ahk,436,-5.771286487579346,0.6307995915412903,1.0
maccs,all_ru_ahk,437,-1.3375585079193115,-0.5837510824203491,1.0
maccs,all_ru_ahk,438,18.555566787719727,16.112255096435547,1.0
maccs,all_ru_ahk,439,-3.3957273960113525,-2.523212432861328,1.0
maccs,all_ru_ahk,440,-2.284336566925049,-0.3277238607406616,1.0
maccs,all_ru_ahk,441,-4.539480209350586,-2.034651041030884,1.0
maccs,all_ru_ahk,442,-3.919995069503784,-4.509757041931152,1.0
maccs,all_ru_ahk,443,5.196516990661621,-4.648538589477539,1.0
maccs,all_ru_ahk,444,-5.351950168609619,-0.9335823655128479,1.0
maccs,all_ru_ahk,445,-4.618443489074707,-0.6490639448165894,1.0
maccs,all_ru_ahk,446,-4.290970802307129,-1.1475193500518799,1.0
maccs,all_ru_ahk,447,12.796599388122559,-12.179410934448242,1.0
maccs,all_ru_ahk,448,-4.562456130981445,-1.756705403327942,1.0
maccs,all_ru_ahk,449,-0.9764403700828552,-2.5613903999328613,1.0
maccs,all_ru_ahk,450,-1.7601462602615356,-0.5610834956169128,1.0
maccs,all_ru_ahk,451,-5.550136566162109,-1.1461539268493652,1.0
maccs,all_ru_ahk,452,-4.047530174255371,-0.14848847687244415,1.0
maccs,all_ru_ahk,453,-5.186591625213623,-1.2668070793151855,1.0
maccs,all_ru_ahk,454,-4.22366189956665,-0.8328080177307129,1.0
maccs,all_ru_ahk,455,-2.712480068206787,-2.3933987617492676,1.0
maccs,all_ru_ahk,456,-2.7615318298339844,-1.491124153137207,1.0
maccs,all_ru_ahk,457,-4.428022384643555,-1.723061442375183,1.0
maccs,all_ru_ahk,458,-4.668832778930664,-2.1097230911254883,1.0
maccs,all_ru_ahk,459,-5.005316734313965,-2.3121628761291504,1.0
maccs,all_ru_ahk,460,-5.415703773498535,-1.1125099658966064,1.0
maccs,all_ru_ahk,461,-5.428172588348389,-2.0257933139801025,1.0
maccs,all_ru_ahk,462,-4.523144721984863,-1.0359375476837158,1.0
maccs,all_ru_ahk,463,1.8345869779586792,-0.19909924268722534,1.0
maccs,all_ru_ahk,464,-3.608928918838501,-1.02642023563385,1.0
maccs,all_ru_ahk,465,-5.6683454513549805,-0.9023358821868896,1.0
maccs,all_ru_ahk,466,-6.03500509262085,-1.019209623336792,1.0
maccs,all_ru_ahk,467,19.885671615600586,-16.222518920898438,1.0
maccs,all_ru_ahk,468,19.885671615600586,-16.222518920898438,1.0
maccs,all_ru_ahk,469,11.079110145568848,-7.23084020614624,1.0
maccs,all_ru_ahk,470,-4.074700355529785,-0.6632927060127258,1.0
maccs,all_ru_ahk,471,-1.9993243217468262,-2.572550058364868,1.0
maccs,all_ru_ahk,472,-5.629279136657715,-1.6464488506317139,1.0
maccs,all_ru_ahk,473,-5.32473087310791,-1.7372002601623535,1.0
maccs,all_ru_ahk,474,-3.467562198638916,-2.3453168869018555,1.0
maccs,all_ru_ahk,475,-5.730580806732178,-1.6904833316802979,1.0
maccs,all_ru_ahk,476,-5.765464782714844,-1.829125165939331,1.0
maccs,all_ru_ahk,477,-5.765464782714844,-1.829125165939331,1.0
maccs,all_ru_ahk,478,-4.487473011016846,-2.4092140197753906,1.0
maccs,all_ru_ahk,479,-3.19880747795105,0.2219856083393097,1.0
maccs,all_ru_ahk,480,-5.013949871063232,-2.319544553756714,1.0
maccs,all_ru_ahk,481,11.3357515335083,-6.783016204833984,1.0
maccs,all_ru_ahk,482,-4.922545433044434,-0.8899284601211548,1.0
maccs,all_ru_ahk,483,1.376879334449768,3.3959689140319824,1.0
maccs,all_ru_ahk,484,19.673643112182617,-16.412670135498047,1.0
maccs,all_ru_ahk,485,1.5269883871078491,3.678694248199463,1.0
maccs,all_ru_ahk,486,-1.5648491382598877,2.0154170989990234,1.0
maccs,all_ru_ahk,487,-0.7145244479179382,1.7755794525146484,1.0
maccs,all_ru_ahk,488,-1.5648491382598877,2.0154170989990234,1.0
maccs,all_ru_ahk,489,1.1730676889419556,15.538312911987305,1.0
maccs,all_ru_ahk,490,-4.487834453582764,0.35168537497520447,1.0
maccs,all_ru_ahk,491,-4.8322906494140625,0.24704256653785706,1.0
maccs,all_ru_ahk,492,-4.811875820159912,0.3420924246311188,1.0
maccs,all_ru_ahk,493,10.887514114379883,-6.933039665222168,1.0
maccs,all_ru_ahk,494,-5.988306045532227,-1.7825188636779785,1.0
maccs,all_ru_ahk,495,-4.961004257202148,-2.328622817993164,1.0
maccs,all_ru_ahk,496,-4.221064567565918,-1.9689592123031616,1.0
maccs,all_ru_ahk,497,-4.562309265136719,-0.19854003190994263,1.0
maccs,all_ru_ahk,498,-3.9369003772735596,-0.6008828282356262,1.0
maccs,all_ru_ahk,499,18.29275131225586,-14.574830055236816,1.0
maccs,all_ru_ahk,500,-1.5541387796401978,-0.7804545164108276,1.0
maccs,all_ru_ahk,501,0.33634012937545776,1.5868042707443237,1.0
maccs,all_ru_ahk,502,-2.983860492706299,-1.0165388584136963,1.0
maccs,all_ru_ahk,503,-4.713594436645508,0.3219129145145416,1.0
maccs,all_ru_ahk,504,-2.0751330852508545,4.0826735496521,1.0
maccs,all_ru_ahk,505,-2.863081455230713,-1.8101603984832764,1.0
maccs,all_ru_ahk,506,7.670834541320801,-3.363229513168335,1.0
maccs,all_ru_ahk,507,-2.5048627853393555,0.30642932653427124,1.0
maccs,all_ru_ahk,508,-3.790884494781494,-0.7059953808784485,1.0
maccs,all_ru_ahk,509,4.036486625671387,1.784149169921875,1.0
maccs,all_ru_ahk,510,4.584092140197754,1.2347477674484253,1.0
maccs,all_ru_ahk,511,4.793681621551514,1.3098443746566772,1.0
maccs,all_ru_ahk,512,4.706840991973877,1.2887564897537231,1.0
maccs,all_ru_ahk,513,4.583542823791504,1.234383225440979,1.0
maccs,all_ru_ahk,514,10.11579418182373,-1.1555652618408203,1.0
maccs,all_ru_ahk,515,4.793132305145264,1.309479832649231,1.0
maccs,all_ru_ahk,516,4.3671722412109375,1.1975040435791016,1.0
maccs,all_ru_ahk,517,4.323371887207031,1.3017526865005493,1.0
maccs,all_ru_ahk,518,0.8229933381080627,0.7861316800117493,1.0
maccs,all_ru_ahk,519,3.1770098209381104,0.8789356350898743,1.0
maccs,all_ru_ahk,520,0.9043611288070679,0.907396137714386,1.0
maccs,all_ru_ahk,521,-3.9665303230285645,-0.058694902807474136,1.0
maccs,all_ru_ahk,522,0.966812252998352,0.8558657765388489,1.0
maccs,all_ru_ahk,523,-6.415853500366211,-1.4152417182922363,1.0
maccs,all_ru_ahk,524,-2.7051663398742676,-1.6667892932891846,1.0
maccs,all_ru_ahk,525,-0.7480443120002747,4.007809638977051,1.0
maccs,all_ru_ahk,526,-3.787741184234619,-1.598435401916504,1.0
maccs,all_ru_ahk,527,11.093574523925781,-6.74135160446167,1.0
maccs,all_ru_ahk,528,6.696746826171875,-2.9338786602020264,1.0
maccs,all_ru_ahk,529,-5.55649471282959,-0.786494255065918,1.0
maccs,all_ru_ahk,530,1.7210956811904907,2.4181325435638428,1.0
maccs,all_ru_ahk,531,-5.894926071166992,-1.14910888671875,1.0
maccs,all_ru_ahk,532,-5.805302619934082,-1.7179944515228271,1.0
maccs,all_ru_ahk,533,10.436304092407227,-0.4604622721672058,1.0
maccs,all_ru_ahk,534,0.421212375164032,-2.4379212856292725,1.0
maccs,all_ru_ahk,535,-3.806260108947754,-0.6840436458587646,1.0
maccs,all_ru_ahk,536,-2.066765069961548,-1.8280248641967773,1.0
maccs,all_ru_ahk,537,-5.659119606018066,-0.3587009310722351,1.0
maccs,all_ru_ahk,538,-2.886244297027588,-1.2637887001037598,1.0
maccs,all_ru_ahk,539,19.827409744262695,-15.849798202514648,1.0
maccs,all_ru_ahk,540,11.659184455871582,-7.012381076812744,1.0
maccs,all_ru_ahk,541,20.488134384155273,-15.570168495178223,1.0
maccs,all_ru_ahk,542,18.515607833862305,-16.291013717651367,1.0
maccs,all_ru_ahk,543,16.357946395874023,-13.818082809448242,1.0
maccs,all_ru_ahk,544,19.383752822875977,-16.28424835205078,1.0
maccs,all_ru_ahk,545,16.867630004882812,-13.302877426147461,1.0
maccs,all_ru_ahk,546,20.934144973754883,-16.212556838989258,1.0
maccs,all_ru_ahk,547,19.885671615600586,-16.222518920898438,1.0
maccs,all_ru_ahk,548,18.54160499572754,-16.32101821899414,1.0
maccs,all_ru_ahk,549,20.09623908996582,-16.317819595336914,1.0
maccs,all_ru_ahk,550,-3.793797016143799,-1.5967016220092773,1.0
maccs,all_ru_ahk,551,-0.06537682563066483,4.223822116851807,1.0
maccs,all_ru_ahk,552,16.87788963317871,-14.260900497436523,1.0
maccs,all_ru_ahk,553,20.140039443969727,-16.422067642211914,1.0
maccs,all_ru_ahk,554,16.209245681762695,-12.773290634155273,1.0
maccs,all_ru_ahk,555,0.33452457189559937,-2.373871326446533,1.0
maccs,all_ru_ahk,556,-3.9692206382751465,1.4280097484588623,1.0
maccs,all_ru_ahk,557,-3.9216535091400146,-1.5093941688537598,1.0
maccs,all_ru_ahk,558,11.342028617858887,-7.139569282531738,1.0
maccs,all_ru_ahk,559,10.887514114379883,-6.933039665222168,1.0
maccs,all_ru_ahk,560,-3.9801738262176514,1.4448572397232056,1.0
maccs,all_ru_ahk,561,-1.9866889715194702,-2.922941207885742,1.0
maccs,all_ru_ahk,562,-5.379958152770996,0.2354755401611328,1.0
maccs,all_ru_ahk,563,-2.0673434734344482,-1.8284084796905518,1.0
maccs,all_ru_ahk,564,-5.608949661254883,-1.2950222492218018,1.0
maccs,all_ru_ahk,565,-5.516489028930664,-1.3366479873657227,1.0
maccs,all_ru_ahk,566,-4.845200061798096,-1.4790608882904053,1.0
maccs,all_ru_ahk,567,-5.5405378341674805,-1.6417551040649414,1.0
maccs,all_ru_ahk,568,-5.052158355712891,-1.2331631183624268,1.0
maccs,all_ru_ahk,569,-6.338285446166992,-1.3899815082550049,1.0
maccs,all_ru_ahk,570,-1.6500494480133057,-1.2626012563705444,1.0
maccs,all_ru_ahk,571,-4.081745624542236,-0.5793558955192566,1.0
maccs,all_ru_ahk,572,-0.2174193412065506,-1.7158887386322021,1.0
maccs,all_ru_ahk,573,-1.5648491382598877,2.0154170989990234,1.0
maccs,all_ru_ahk,574,-0.4723467528820038,1.733915090560913,1.0
maccs,all_ru_ahk,575,-1.5648491382598877,2.0154170989990234,1.0
maccs,all_ru_ahk,576,-0.5591874718666077,1.712827205657959,1.0
maccs,all_ru_ahk,577,-0.7920927405357361,1.750319242477417,1.0
maccs,all_ru_ahk,578,-5.545321941375732,-1.327019453048706,1.0
maccs,all_ru_ahk,579,-3.93473219871521,-1.7222594022750854,1.0
maccs,all_ru_ahk,580,-5.461402416229248,-1.29343581199646,1.0
maccs,all_ru_ahk,581,11.093574523925781,-6.74135160446167,1.0
maccs,all_ru_ahk,582,2.8571536540985107,1.632976770401001,1.0
maccs,all_ru_ahk,583,-5.390911102294922,0.2523230314254761,1.0
maccs,all_ru_ahk,584,-4.491159439086914,0.8543893694877625,1.0
maccs,all_ru_ahk,585,7.284520149230957,-5.701262474060059,1.0
maccs,all_ru_ahk,586,-5.033421993255615,1.9957441091537476,1.0
maccs,all_ru_ahk,587,-2.6005077362060547,-0.3567103445529938,1.0
maccs,all_ru_ahk,588,-2.3138551712036133,-0.316327840089798,1.0
maccs,all_ru_ahk,589,7.2570953369140625,-5.6485819816589355,1.0
maccs,all_ru_ahk,590,7.30327844619751,-7.431949615478516,1.0
maccs,all_ru_ahk,591,7.284520149230957,-5.701262474060059,1.0
maccs,all_ru_ahk,592,-1.183517336845398,-0.5375635027885437,1.0
maccs,all_ru_ahk,593,-5.758111476898193,0.14705371856689453,1.0
maccs,all_ru_ahk,594,-5.051923751831055,-0.24060994386672974,1.0
maccs,all_ru_ahk,595,-5.71595573425293,0.5004503726959229,1.0
maccs,all_ru_ahk,596,-5.709375858306885,0.30515503883361816,1.0
maccs,all_ru_ahk,597,-1.4043196439743042,1.3864259719848633,1.0
maccs,all_ru_ahk,598,-1.777413249015808,-0.1169850304722786,1.0
maccs,all_ru_ahk,599,-0.6157968640327454,-0.8752738833427429,1.0
maccs,all_ru_ahk,600,-0.824644148349762,-0.4476257562637329,1.0
maccs,all_ru_ahk,601,-5.7959465980529785,-0.5994466543197632,1.0
maccs,all_ru_ahk,602,-3.867948293685913,0.33746790885925293,1.0
maccs,all_ru_ahk,603,-1.0242949724197388,0.14793357253074646,1.0
maccs,all_ru_ahk,604,-4.758403301239014,0.5295263528823853,1.0
maccs,all_ru_ahk,605,-4.717294692993164,2.029170036315918,1.0
maccs,all_ru_ahk,606,10.632488250732422,16.010047912597656,1.0
maccs,all_ru_ahk,607,12.661639213562012,21.051921844482422,1.0
maccs,all_ru_ahk,608,12.767805099487305,21.07027244567871,1.0
maccs,all_ru_ahk,609,12.680964469909668,21.049184799194336,1.0
maccs,all_ru_ahk,610,12.427644729614258,20.991626739501953,1.0
maccs,all_ru_ahk,611,10.99603271484375,15.889394760131836,1.0
maccs,all_ru_ahk,612,3.040205955505371,-3.2238333225250244,1.0
maccs,all_ru_ahk,613,12.798670768737793,20.757780075073242,1.0
maccs,all_ru_ahk,614,12.524328231811523,21.11343765258789,1.0
maccs,all_ru_ahk,615,12.02401351928711,20.84993553161621,1.0
maccs,all_ru_ahk,616,-0.9975969195365906,-2.7719473838806152,1.0
maccs,all_ru_ahk,617,-1.5517154932022095,-3.0549466609954834,1.0
maccs,all_ru_ahk,618,18.108741760253906,16.367189407348633,1.0
maccs,all_ru_ahk,619,19.103647232055664,16.032333374023438,1.0
maccs,all_ru_ahk,620,-2.0993564128875732,4.089609146118164,1.0
maccs,all_ru_ahk,621,-2.4378342628479004,-1.2622668743133545,1.0
maccs,all_ru_ahk,622,-3.2169084548950195,-0.020020846277475357,1.0
maccs,all_ru_ahk,623,-3.1367666721343994,0.008728737942874432,1.0
maccs,all_ru_ahk,624,-3.759268045425415,2.5651071071624756,1.0
maccs,all_ru_ahk,625,-4.308355808258057,0.9055372476577759,1.0
maccs,all_ru_ahk,626,-0.6641442179679871,-1.6106871366500854,1.0
maccs,all_ru_ahk,627,-5.7769670486450195,0.3831677734851837,1.0
maccs,all_ru_ahk,628,-5.761368751525879,0.3651648163795471,1.0
maccs,all_ru_ahk,629,-3.4252090454101562,-1.5894196033477783,1.0
maccs,all_ru_ahk,630,-3.1649153232574463,-0.08003062754869461,1.0
maccs,all_ru_ahk,631,-3.261221170425415,-0.003560547484084964,1.0
maccs,all_ru_ahk,632,12.737412452697754,-11.807302474975586,1.0
maccs,all_ru_ahk,633,17.91971778869629,-16.402267456054688,1.0
maccs,all_ru_ahk,634,-3.1935513019561768,-0.09902233630418777,1.0
maccs,all_ru_ahk,635,-4.83721923828125,-1.930275321006775,1.0
maccs,all_ru_ahk,636,-5.5031867027282715,-1.3116748332977295,1.0
maccs,all_ru_ahk,637,-3.4162368774414062,-2.247144937515259,1.0
maccs,all_ru_ahk,638,-2.1633176803588867,-1.824926495552063,1.0
maccs,all_ru_ahk,639,-3.4745209217071533,-0.04687708988785744,1.0
maccs,all_ru_ahk,640,4.895430564880371,-4.626270771026611,1.0
maccs,all_ru_ahk,641,-2.599900484085083,-1.0421419143676758,1.0
maccs,all_ru_ahk,642,-4.668832778930664,-2.1097230911254883,1.0
maccs,all_ru_ahk,643,11.342028617858887,-7.139569282531738,1.0
maccs,all_ru_ahk,644,-4.890527248382568,-1.4050947427749634,1.0
maccs,all_ru_ahk,645,6.559454441070557,-6.526406288146973,1.0
maccs,all_ru_ahk,646,-2.730541229248047,-0.9589811563491821,1.0
maccs,all_ru_ahk,647,-4.199488639831543,-1.6398305892944336,1.0
maccs,all_ru_ahk,648,-2.0993564128875732,4.089609146118164,1.0
maccs,all_ru_ahk,649,0.9642089605331421,0.8541392683982849,1.0
maccs,all_ru_ahk,650,1.1857198476791382,-0.2057725191116333,1.0
maccs,all_ru_ahk,651,11.628005027770996,-7.285481929779053,1.0
maccs,all_ru_ahk,652,8.24740219116211,14.083532333374023,1.0
maccs,all_ru_ahk,653,-3.690739870071411,-0.6888958811759949,1.0
maccs,all_ru_ahk,654,-4.298430442810059,-0.5510315895080566,1.0
maccs,all_ru_ahk,655,-4.026386737823486,-1.3297775983810425,1.0
maccs,all_ru_ahk,656,-5.646531105041504,-1.7453067302703857,1.0
maccs,all_ru_ahk,657,-5.307565689086914,-1.6383998394012451,1.0
maccs,all_ru_ahk,658,-4.946611404418945,-1.430436134338379,1.0
maccs,all_ru_ahk,659,-3.5596280097961426,-2.619863271713257,1.0
maccs,all_ru_ahk,660,-5.410190105438232,-1.210606575012207,1.0
maccs,all_ru_ahk,661,-5.947584629058838,-1.8946692943572998,1.0
maccs,all_ru_ahk,662,-1.3261767625808716,-2.6816861629486084,1.0
maccs,all_ru_ahk,663,3.608544111251831,0.8584496378898621,1.0
maccs,all_ru_ahk,664,9.568166732788086,-7.473151683807373,1.0
maccs,all_ru_ahk,665,-4.526077747344971,-1.14239501953125,1.0
maccs,all_ru_ahk,666,-4.221948146820068,-1.9679392576217651,1.0
maccs,all_ru_ahk,667,2.944176435470581,1.7998988628387451,1.0
maccs,all_ru_ahk,668,-3.391990900039673,-0.987105131149292,1.0
maccs,all_ru_ahk,669,-4.677117347717285,-1.1010894775390625,1.0
maccs,all_ru_ahk,670,-4.625123977661133,-1.1610991954803467,1.0
maccs,all_ru_ahk,671,10.949289321899414,-7.122400283813477,1.0
maccs,all_ru_ahk,672,-1.4663909673690796,-0.8179958462715149,1.0
maccs,all_ru_ahk,673,11.584205627441406,-7.181233882904053,1.0
maccs,all_ru_ahk,674,-5.809993743896484,-1.637087106704712,1.0
maccs,all_ru_ahk,675,-4.424951553344727,-1.4490923881530762,1.0
maccs,all_ru_ahk,676,-4.501578330993652,-1.1605992317199707,1.0
maccs,all_ru_ahk,677,5.579259395599365,13.997342109680176,1.0
maccs,all_ru_ahk,678,5.668521404266357,-2.5393002033233643,1.0
maccs,all_ru_ahk,679,-0.4285467565059662,1.6296663284301758,1.0
maccs,all_ru_ahk,680,-6.304120063781738,-1.511404275894165,1.0
maccs,all_ru_ahk,681,-3.9666459560394287,-0.05877167358994484,1.0
maccs,all_ru_ahk,682,11.049858093261719,-7.3584699630737305,1.0
maccs,all_ru_ahk,683,-2.0509092807769775,4.075737953186035,1.0
maccs,all_ru_ahk,684,10.246434211730957,-1.238724946975708,1.0
maccs,all_ru_ahk,685,4.453521251678467,1.231199026107788,1.0
maccs,all_ru_ahk,686,4.837481498718262,1.2055957317352295,1.0
maccs,all_ru_ahk,687,10.189041137695312,-1.2695763111114502,1.0
maccs,all_ru_ahk,688,4.837481498718262,1.2055957317352295,1.0
maccs,all_ru_ahk,689,5.127408504486084,1.4387764930725098,1.0
maccs,all_ru_ahk,690,10.497064590454102,-6.707365989685059,1.0
maccs,all_ru_ahk,691,-5.747495651245117,-1.395857334136963,1.0
maccs,all_ru_ahk,692,-2.663357973098755,-1.349125623703003,1.0
maccs,all_ru_ahk,693,2.7096455097198486,1.8866703510284424,1.0
maccs,all_ru_ahk,694,-2.45350980758667,-0.007549290079623461,1.0
maccs,all_ru_ahk,695,-3.654742479324341,-1.0226376056671143,1.0
maccs,all_ru_ahk,696,-3.5580928325653076,-1.087197184562683,1.0
maccs,all_ru_ahk,697,16.95709800720215,-13.460770606994629,1.0
maccs,all_ru_ahk,698,11.631059646606445,-9.630352020263672,1.0
maccs,all_ru_ahk,699,11.68537712097168,-9.505352020263672,1.0
maccs,all_ru_ahk,700,0.7198362946510315,4.095268249511719,1.0
maccs,all_ru_ahk,701,0.2912288308143616,4.495851516723633,1.0
maccs,all_ru_ahk,702,-2.074324369430542,-1.693967342376709,1.0
maccs,all_ru_ahk,703,-2.4437873363494873,-0.3784152865409851,1.0
maccs,all_ru_ahk,704,-1.7118088006973267,0.12081461399793625,1.0
maccs,all_ru_ahk,705,10.735346794128418,-9.213687896728516,1.0
maccs,all_ru_ahk,706,19.756078720092773,-16.396465301513672,1.0
maccs,all_ru_ahk,707,19.673643112182617,-16.412670135498047,1.0
maccs,all_ru_ahk,708,-2.8365273475646973,-0.36124587059020996,1.0
maccs,all_ru_ahk,709,-2.4440407752990723,-0.3785833716392517,1.0
maccs,all_ru_ahk,710,-3.505655527114868,-1.7498314380645752,1.0
maccs,all_ru_ahk,711,-2.38864803314209,-0.45090943574905396,1.0
maccs,all_ru_ahk,712,19.729143142700195,-16.275978088378906,1.0
maccs,all_ru_ahk,713,19.618120193481445,-16.184946060180664,1.0
maccs,all_ru_ahk,714,-3.5379488468170166,0.22795921564102173,1.0
maccs,all_ru_ahk,715,-4.36714506149292,-1.126955270767212,1.0
maccs,all_ru_ahk,716,-6.236760139465332,-1.3843014240264893,1.0
maccs,all_ru_ahk,717,5.585663318634033,-3.839808464050293,1.0
maccs,all_ru_ahk,718,-3.834812879562378,-1.4883064031600952,1.0
maccs,all_ru_ahk,719,-4.705796718597412,-1.3920631408691406,1.0
maccs,all_ru_ahk,720,-2.9800240993499756,-2.3580474853515625,1.0
maccs,all_ru_ahk,721,-4.713811874389648,-1.382023811340332,1.0
maccs,all_ru_ahk,722,-4.652071475982666,-1.4556491374969482,1.0
maccs,all_ru_ahk,723,-5.473509788513184,-1.4346470832824707,1.0
maccs,all_ru_ahk,724,-5.053042411804199,-1.2321429252624512,1.0
maccs,all_ru_ahk,725,-5.109964847564697,-1.555300235748291,1.0
maccs,all_ru_ahk,726,-4.484978675842285,-0.5209620594978333,1.0
maccs,all_ru_ahk,727,-5.464154243469238,-0.31609922647476196,1.0
maccs,all_ru_ahk,728,-4.781486988067627,-0.1000869944691658,1.0
maccs,all_ru_ahk,729,-5.289602279663086,-0.8915230631828308,1.0
maccs,all_ru_ahk,730,5.397862911224365,-4.976670742034912,1.0
maccs,all_ru_ahk,731,-3.3618857860565186,2.587639808654785,1.0
maccs,all_ru_ahk,732,6.278270721435547,12.560918807983398,1.0
maccs,all_ru_ahk,733,-5.782166481018066,0.38916873931884766,1.0
maccs,all_ru_ahk,734,-2.5806586742401123,-0.6077938675880432,1.0
maccs,all_ru_ahk,735,-2.3138551712036133,-0.316327840089798,1.0
maccs,all_ru_ahk,736,-5.301110744476318,-0.8650766611099243,1.0
maccs,all_ru_ahk,737,-5.363502502441406,0.3387739658355713,1.0
maccs,all_ru_ahk,738,-5.6227874755859375,0.31964778900146484,1.0
maccs,all_ru_ahk,739,-3.397792100906372,2.796564817428589,1.0
maccs,all_ru_ahk,740,-1.3203250169754028,1.3558447360992432,1.0
maccs,all_ru_ahk,741,-5.132061004638672,-1.332127571105957,1.0
maccs,all_ru_ahk,742,-4.7168684005737305,0.5060429573059082,1.0
maccs,all_ru_ahk,743,-3.1516425609588623,0.7329331636428833,1.0
maccs,all_ru_ahk,744,-4.623286247253418,2.0687103271484375,1.0
maccs,all_ru_ahk,745,-5.7769670486450195,0.3831677734851837,1.0
maccs,all_ru_ahk,746,-3.8886630535125732,1.0434151887893677,1.0
maccs,all_ru_ahk,747,19.234285354614258,15.949172973632812,1.0
maccs,all_ru_ahk,748,12.965128898620605,21.103696823120117,1.0
maccs,all_ru_ahk,749,19.234285354614258,15.949172973632812,1.0
maccs,all_ru_ahk,750,-0.4477701783180237,2.258955240249634,1.0
maccs,all_ru_ahk,751,-3.2944767475128174,-0.04528117552399635,1.0
maccs,all_ru_ahk,752,19.128259658813477,15.83513069152832,1.0
maccs,all_ru_ahk,753,20.0302791595459,15.732222557067871,1.0
maccs,all_ru_ahk,754,18.633363723754883,16.602636337280273,1.0
maccs,all_ru_ahk,755,-5.77957010269165,0.38144126534461975,1.0
maccs,all_ru_ahk,756,-3.567488670349121,0.4960732161998749,1.0
maccs,all_ru_ahk,757,12.858704566955566,20.534626007080078,1.0
maccs,all_ru_ahk,758,-5.476544380187988,0.5756266713142395,1.0
maccs,all_ru_ahk,759,-5.7769670486450195,0.3831677734851837,1.0
maccs,all_ru_ahk,760,-5.415533542633057,0.692909300327301,1.0
maccs,all_ru_ahk,761,-5.83046817779541,-1.3042173385620117,1.0
maccs,all_ru_ahk,762,13.43574047088623,20.476125717163086,1.0
maccs,all_ru_ahk,763,-2.5450503826141357,-2.4900529384613037,1.0
maccs,all_ru_ahk,764,-2.4621167182922363,-2.4193267822265625,1.0
maccs,all_ru_ahk,765,-2.4083917140960693,-2.48291277885437,1.0
maccs,all_ru_ahk,766,-0.264531672000885,1.221655011177063,1.0
maccs,all_ru_ahk,767,-1.9641555547714233,1.2185841798782349,1.0
maccs,all_ru_ahk,768,-2.4701318740844727,-2.409287452697754,1.0
maccs,all_ru_ahk,769,10.71005630493164,16.035306930541992,1.0
maccs,all_ru_ahk,770,-2.9828176498413086,-2.3584508895874023,1.0
maccs,all_ru_ahk,771,-2.982673168182373,-2.3583548069000244,1.0
maccs,all_ru_ahk,772,11.187105178833008,15.98060417175293,1.0
maccs,all_ru_ahk,773,-2.682389736175537,-2.7120492458343506,1.0
maccs,all_ru_ahk,774,-3.442038059234619,-2.5616557598114014,1.0
maccs,all_ru_ahk,775,5.155972480773926,-7.0735273361206055,1.0
maccs,all_ru_ahk,776,-3.597490072250366,-2.4989798069000244,1.0
maccs,all_ru_ahk,777,-2.3115673065185547,-2.027681589126587,1.0
maccs,all_ru_ahk,778,6.563354015350342,-6.530906677246094,1.0
maccs,all_ru_ahk,779,2.8319623470306396,1.14723801612854,1.0
maccs,all_ru_ahk,780,1.0357109308242798,0.9422299265861511,1.0
maccs,all_ru_ahk,781,1.4014991521835327,0.9700530171394348,1.0
maccs,all_ru_ahk,782,-3.9667906761169434,-0.05886751785874367,1.0
maccs,all_ru_ahk,783,2.888864278793335,-5.689401626586914,1.0
maccs,all_ru_ahk,784,-2.0993564128875732,4.089609146118164,1.0
maccs,all_ru_ahk,785,-4.160186767578125,-1.3728530406951904,1.0
maccs,all_ru_ahk,786,-2.0303194522857666,4.06984281539917,1.0
maccs,all_ru_ahk,787,-3.077545404434204,-1.8487799167633057,1.0
maccs,all_ru_ahk,788,-2.2385435104370117,-1.6920652389526367,1.0
maccs,all_ru_ahk,789,-5.758799076080322,0.37796613574028015,1.0
maccs,all_ru_ahk,790,-4.526961326599121,-1.1413750648498535,1.0
maccs,all_ru_ahk,791,-6.052308082580566,-1.5358948707580566,1.0
maccs,all_ru_ahk,792,-5.074254989624023,-1.6550109386444092,1.0
maccs,all_ru_ahk,793,-6.220812797546387,-1.8594412803649902,1.0
maccs,all_ru_ahk,794,-2.5740694999694824,-0.04098213091492653,1.0
maccs,all_ru_ahk,795,-3.93473219871521,-1.7222594022750854,1.0
maccs,all_ru_ahk,796,-3.5029995441436768,-1.7891623973846436,1.0
maccs,all_ru_ahk,797,-3.2560133934020996,-1.8853416442871094,1.0
maccs,all_ru_ahk,798,-6.011251926422119,-1.7843635082244873,1.0
maccs,all_ru_ahk,799,-6.220841407775879,-1.8594605922698975,1.0
maccs,all_ru_ahk,800,-5.095229625701904,-2.3061141967773438,1.0
maccs,all_ru_ahk,801,2.471609354019165,6.9995832443237305,1.0
maccs,all_ru_ahk,802,-3.5419907569885254,-1.7394280433654785,1.0
maccs,all_ru_ahk,803,11.093574523925781,-6.74135160446167,1.0
maccs,all_ru_ahk,804,-3.6424262523651123,-1.3553807735443115,1.0
maccs,all_ru_ahk,805,-4.894827365875244,-1.383396863937378,1.0
maccs,all_ru_ahk,806,-3.311793327331543,-2.1335151195526123,1.0
maccs,all_ru_ahk,807,-1.5648491382598877,2.0154170989990234,1.0
maccs,all_ru_ahk,808,-3.175354242324829,-1.951356053352356,1.0
maccs,all_ru_ahk,809,-5.809313774108887,-1.4803366661071777,1.0
maccs,all_ru_ahk,810,-4.524155139923096,-2.5189003944396973,1.0
maccs,all_ru_ahk,811,-2.779653549194336,-2.9532864093780518,1.0
maccs,all_ru_ahk,812,-4.0949482917785645,-2.1622512340545654,1.0
maccs,all_ru_ahk,813,-0.4282992482185364,3.9914050102233887,1.0
maccs,all_ru_ahk,814,11.342028617858887,-7.139569282531738,1.0
maccs,all_ru_ahk,815,11.342028617858887,-7.139569282531738,1.0
maccs,all_ru_ahk,816,-3.9666459560394287,-0.05877167358994484,1.0
maccs,all_ru_ahk,817,-2.280778169631958,-0.7054761052131653,1.0
maccs,all_ru_ahk,818,3.043940782546997,0.18453563749790192,1.0
maccs,all_ru_ahk,819,2.888864278793335,-5.689401626586914,1.0
maccs,all_ru_ahk,820,1.4666475057601929,0.3317587077617645,1.0
maccs,all_ru_ahk,821,1.3097220659255981,-0.46387016773223877,1.0
maccs,all_ru_ahk,822,-3.708312749862671,0.537220299243927,1.0
maccs,all_ru_ahk,823,-1.9688407182693481,-0.8145622611045837,1.0
maccs,all_ru_ahk,824,-3.9786853790283203,-0.05525583401322365,1.0
maccs,all_ru_ahk,825,-4.004133224487305,-0.35667353868484497,1.0
maccs,all_ru_ahk,826,0.9165297746658325,0.5562611818313599,1.0
maccs,all_ru_ahk,827,11.025674819946289,-6.713459491729736,1.0
maccs,all_ru_ahk,828,-5.209629058837891,-1.3573877811431885,1.0
maccs,all_ru_ahk,829,-5.733185768127441,-1.1992290019989014,1.0
maccs,all_ru_ahk,830,-5.976219654083252,-1.2391655445098877,1.0
maccs,all_ru_ahk,831,-2.9675512313842773,-1.6444239616394043,1.0
maccs,all_ru_ahk,832,10.020120620727539,-7.002688407897949,1.0
maccs,all_ru_ahk,833,12.37069320678711,-7.960442066192627,1.0
maccs,all_ru_ahk,834,-1.9821172952651978,-0.41981780529022217,1.0
maccs,all_ru_ahk,835,-2.153860092163086,-0.14523345232009888,1.0
maccs,all_ru_ahk,836,-2.9396049976348877,0.9329568147659302,1.0
maccs,all_ru_ahk,837,-2.430691719055176,-0.3933529257774353,1.0
maccs,all_ru_ahk,838,-2.8365273475646973,-0.36124587059020996,1.0
maccs,all_ru_ahk,839,-2.327284097671509,-0.5137560963630676,1.0
maccs,all_ru_ahk,840,19.756078720092773,-16.396465301513672,1.0
maccs,all_ru_ahk,841,6.5437092781066895,-6.521897315979004,1.0
maccs,all_ru_ahk,842,10.657118797302246,-7.341300964355469,1.0
maccs,all_ru_ahk,843,-3.9670798778533936,-0.059059444814920425,1.0
maccs,all_ru_ahk,844,0.5420406460762024,0.5712897181510925,1.0
maccs,all_ru_ahk,845,10.243775367736816,17.786760330200195,1.0
maccs,all_ru_ahk,846,-6.333423137664795,-1.992340326309204,1.0
maccs,all_ru_ahk,847,-4.634286880493164,-1.2382609844207764,1.0
maccs,all_ru_ahk,848,-2.4843733310699463,-1.7008135318756104,1.0
maccs,all_ru_ahk,849,-3.6109697818756104,-4.102924823760986,1.0
maccs,all_ru_ahk,850,4.017000198364258,1.1006728410720825,1.0
maccs,all_ru_ahk,851,4.3671722412109375,1.1975040435791016,1.0
maccs,all_ru_ahk,852,9.90306568145752,-1.123664140701294,1.0
maccs,all_ru_ahk,853,4.1717610359191895,1.3536748886108398,1.0
maccs,all_ru_ahk,854,4.132766246795654,1.3986821174621582,1.0
maccs,all_ru_ahk,855,4.131807327270508,1.2231500148773193,1.0
maccs,all_ru_ahk,856,4.283693313598633,2.08998966217041,1.0
maccs,all_ru_ahk,857,4.1587629318237305,1.3686773777008057,1.0
maccs,all_ru_ahk,858,-5.339806079864502,-1.7276067733764648,1.0
maccs,all_ru_ahk,859,-1.2303110361099243,-3.0411064624786377,1.0
maccs,all_ru_ahk,860,11.274128913879395,-7.111677169799805,1.0
maccs,all_ru_ahk,861,6.581334114074707,-6.171996116638184,1.0
maccs,all_ru_ahk,862,-4.36714506149292,-1.126955270767212,1.0
maccs,all_ru_ahk,863,11.628005027770996,-7.285481929779053,1.0
maccs,all_ru_ahk,864,-2.96142315864563,-1.6461100578308105,1.0
maccs,all_ru_ahk,865,-2.378474235534668,2.348442554473877,1.0
maccs,all_ru_ahk,866,-1.6958062648773193,2.5644547939300537,1.0
maccs,all_ru_ahk,867,-2.6407697200775146,-2.1262898445129395,1.0
maccs,all_ru_ahk,868,-3.599803924560547,-2.5005147457122803,1.0
maccs,all_ru_ahk,869,-4.904832363128662,-1.859612226486206,1.0
maccs,all_ru_ahk,870,-2.974731683731079,-0.06168532744050026,1.0
maccs,all_ru_ahk,871,-1.7265738248825073,-0.04847973957657814,1.0
maccs,all_ru_ahk,872,-1.5605159997940063,-0.6926841735839844,1.0
maccs,all_ru_ahk,873,-2.930931568145752,-0.16593420505523682,1.0
maccs,all_ru_ahk,874,-3.242483615875244,-0.1052909567952156,1.0
maccs,all_ru_ahk,875,7.325608253479004,-7.514354705810547,1.0
maccs,all_ru_ahk,876,-4.476752758026123,-1.8853225708007812,1.0
maccs,all_ru_ahk,877,-3.061572313308716,-0.08277351409196854,1.0
maccs,all_ru_ahk,878,0.0023200418800115585,-0.17878717184066772,1.0
maccs,all_ru_ahk,879,0.9331520199775696,-2.407628297805786,1.0
maccs,all_ru_ahk,880,-4.5525007247924805,0.9227485656738281,1.0
maccs,all_ru_ahk,881,-5.476544380187988,0.5756266713142395,1.0
maccs,all_ru_ahk,882,-4.3086161613464355,0.9053646326065063,1.0
maccs,all_ru_ahk,883,-2.112746238708496,0.5628311038017273,1.0
maccs,all_ru_ahk,884,7.250511169433594,-7.422421455383301,1.0
maccs,all_ru_ahk,885,12.681310653686523,7.260313987731934,1.0
maccs,all_ru_ahk,886,-3.680433750152588,0.6131404042243958,1.0
maccs,all_ru_ahk,887,-3.305805206298828,0.8898922204971313,1.0
maccs,all_ru_ahk,888,-4.630069255828857,0.8974882364273071,1.0
maccs,all_ru_ahk,889,-5.9284515380859375,-1.4245274066925049,1.0
maccs,all_ru_ahk,890,19.19048500061035,16.053421020507812,1.0
maccs,all_ru_ahk,891,-3.3110463619232178,2.6561455726623535,1.0
maccs,all_ru_ahk,892,12.797098159790039,20.965139389038086,1.0
maccs,all_ru_ahk,893,12.543778419494629,20.907581329345703,1.0
maccs,all_ru_ahk,894,-3.116598606109619,0.033972617238759995,1.0
maccs,all_ru_ahk,895,-3.835430145263672,-1.3734583854675293,1.0
maccs,all_ru_ahk,896,-2.611809253692627,0.1707315444946289,1.0
maccs,all_ru_ahk,897,-2.186182975769043,-1.3060667514801025,1.0
maccs,all_ru_ahk,898,-3.9976465702056885,-2.2023766040802,1.0
maccs,all_ru_ahk,899,2.716737747192383,-3.8567659854888916,1.0
maccs,all_ru_ahk,900,19.707563400268555,15.421870231628418,1.0
maccs,all_ru_ahk,901,-4.313429832458496,-1.475628137588501,1.0
maccs,all_ru_ahk,902,-5.1444091796875,-0.33250337839126587,1.0
maccs,all_ru_ahk,903,-1.7656933069229126,0.35265547037124634,1.0
maccs,all_ru_ahk,904,-5.3865861892700195,-0.29083889722824097,1.0
maccs,all_ru_ahk,905,-2.008073329925537,-0.9653056263923645,1.0
maccs,all_ru_ahk,906,-0.193228617310524,-2.6217386722564697,1.0
maccs,all_ru_ahk,907,3.1537344455718994,11.33532428741455,1.0
maccs,all_ru_ahk,908,2.996943235397339,1.7903714179992676,1.0
maccs,all_ru_ahk,909,10.949289321899414,-7.122400283813477,1.0
maccs,all_ru_ahk,910,2.777885913848877,15.511451721191406,1.0
maccs,all_ru_ahk,911,-1.4795440435409546,1.68613862991333,1.0
maccs,all_ru_ahk,912,-4.462624549865723,-1.0624507665634155,1.0
maccs,all_ru_ahk,913,-3.9907538890838623,-0.05175930634140968,1.0
maccs,all_ru_ahk,914,-4.733036041259766,-0.8964972496032715,1.0
maccs,all_ru_ahk,915,-0.6864087581634521,0.9921745657920837,1.0
maccs,all_ru_ahk,916,-0.09351033717393875,-0.8127835988998413,1.0
maccs,all_ru_ahk,917,-6.280477523803711,-2.0014185905456543,1.0
maccs,all_ru_ahk,918,-3.045593738555908,-1.7522952556610107,1.0
maccs,all_ru_ahk,919,7.548658847808838,14.365500450134277,1.0
maccs,all_ru_ahk,920,7.622654438018799,14.417247772216797,1.0
maccs,all_ru_ahk,921,4.609315395355225,-1.984269142150879,1.0
maccs,all_ru_ahk,922,5.71382474899292,-2.494471311569214,1.0
maccs,all_ru_ahk,923,-0.1287897378206253,-1.6090750694274902,1.0
maccs,all_ru_ahk,924,-5.746687412261963,0.3744983673095703,1.0
maccs,all_ru_ahk,925,-4.942879676818848,-0.8976032733917236,1.0
maccs,all_ru_ahk,926,-2.3975322246551514,-1.6797256469726562,1.0
maccs,all_ru_ahk,927,1.561496376991272,7.635394096374512,1.0
maccs,all_ru_ahk,928,-3.3866539001464844,-1.8021807670593262,1.0
maccs,all_ru_ahk,929,4.146651268005371,1.372145175933838,1.0
maccs,all_ru_ahk,930,-2.9675512313842773,-1.6444239616394043,1.0
maccs,all_ru_ahk,931,-2.303969144821167,-0.4279589056968689,1.0
maccs,all_ru_ahk,932,-2.1400864124298096,-0.1223762109875679,1.0
maccs,all_ru_ahk,933,12.692407608032227,-7.952393054962158,1.0
maccs,all_ru_ahk,934,11.735773086547852,-7.901609420776367,1.0
maccs,all_ru_ahk,935,13.208600997924805,-7.855181694030762,1.0
maccs,all_ru_ahk,936,12.128515243530273,-7.9187774658203125,1.0
maccs,all_ru_ahk,937,12.418441772460938,-7.685595989227295,1.0
maccs,all_ru_ahk,938,19.885671615600586,-16.222518920898438,1.0
maccs,all_ru_ahk,939,0.8443204760551453,3.462681770324707,1.0
maccs,all_ru_ahk,940,3.979881763458252,11.3674898147583,1.0
maccs,all_ru_ahk,941,-3.978757619857788,-0.05530387535691261,1.0
maccs,all_ru_ahk,942,-1.4612149000167847,1.7235920429229736,1.0
maccs,all_ru_ahk,943,-5.405713081359863,-1.6976845264434814,1.0
maccs,all_ru_ahk,944,11.274128913879395,-7.111677169799805,1.0
maccs,all_ru_ahk,945,-4.4858293533325195,-2.045198678970337,1.0
maccs,all_ru_ahk,946,-5.827399253845215,-1.0756938457489014,1.0
maccs,all_ru_ahk,947,-2.9675512313842773,-1.6444239616394043,1.0
maccs,all_ru_ahk,948,11.049858093261719,-7.3584699630737305,1.0
maccs,all_ru_ahk,949,6.555820941925049,-6.525365829467773,1.0
maccs,all_ru_ahk,950,-2.1087582111358643,-1.676396131515503,1.0
maccs,all_ru_ahk,951,-4.547303199768066,-1.085401177406311,1.0
maccs,all_ru_ahk,952,-3.9861433506011963,-0.03626805916428566,1.0
maccs,all_ru_ahk,953,6.623201370239258,-6.889012336730957,1.0
maccs,all_ru_ahk,954,4.0811944007873535,1.3434169292449951,1.0
maccs,all_ru_ahk,955,6.637663841247559,-6.879420280456543,1.0
maccs,all_ru_ahk,956,-2.1893529891967773,-0.9177327156066895,1.0
maccs,all_ru_ahk,957,-3.642838716506958,2.372798204421997,1.0
maccs,all_ru_ahk,958,-2.9247376918792725,0.19887953996658325,1.0
maccs,all_ru_ahk,959,12.680964469909668,21.049184799194336,1.0
maccs,all_ru_ahk,960,-5.988306045532227,-1.7825188636779785,1.0
maccs,all_ru_ahk,961,-3.642388105392456,0.28693681955337524,1.0
maccs,all_ru_ahk,962,-2.254802703857422,-0.7158423662185669,1.0
maccs,all_ru_ahk,963,-1.4403728246688843,-1.4699548482894897,1.0
maccs,all_ru_ahk,964,-1.6433508396148682,0.022437866777181625,1.0
maccs,all_ru_ahk,965,-3.2391397953033447,0.45157772302627563,1.0
maccs,all_ru_ahk,966,3.677879571914673,-6.487547397613525,1.0
maccs,all_ru_ahk,967,-5.288534164428711,-0.7648041248321533,1.0
maccs,all_ru_ahk,968,12.664922714233398,15.743558883666992,1.0
maccs,all_ru_ahk,969,-4.689185619354248,-0.5011661052703857,1.0
maccs,all_ru_ahk,970,-2.918961763381958,-2.650587320327759,1.0
maccs,all_ru_ahk,971,-2.962761640548706,-2.5463387966156006,1.0
maccs,all_ru_ahk,972,-5.100608825683594,-0.4367519021034241,1.0
maccs,all_ru_ahk,973,-0.9595425724983215,0.4365822672843933,1.0
maccs,all_ru_ahk,974,-5.138948440551758,-0.7546711564064026,1.0
maccs,all_ru_ahk,975,12.075136184692383,15.600618362426758,1.0
maccs,all_ru_ahk,976,-5.371852874755859,-0.7171788215637207,1.0
maccs,all_ru_ahk,977,6.224072456359863,-5.546250343322754,1.0
maccs,all_ru_ahk,978,10.043866157531738,2.014275312423706,1.0
maccs,all_ru_ahk,979,-4.029172897338867,1.0735325813293457,1.0
maccs,all_ru_ahk,980,-3.23347806930542,2.681405782699585,1.0
maccs,all_ru_ahk,981,11.832958221435547,15.642282485961914,1.0
maccs,all_ru_ahk,982,11.98829460144043,15.579530715942383,1.0
maccs,all_ru_ahk,983,-4.343868732452393,-1.6001801490783691,1.0
maccs,all_ru_ahk,984,-4.091176986694336,-0.9708189964294434,1.0
maccs,all_ru_ahk,985,18.615535736083984,14.897249221801758,1.0
maccs,all_ru_ahk,986,-4.520005226135254,0.8852424621582031,1.0
maccs,all_ru_ahk,987,-5.344185829162598,-0.7723859548568726,1.0
maccs,all_ru_ahk,988,-1.7398871183395386,-1.5684734582901,1.0
maccs,all_ru_ahk,989,-1.8450298309326172,-1.5142825841903687,1.0
maccs,all_ru_ahk,990,-2.284242868423462,-1.0323588848114014,1.0
maccs,all_ru_ahk,991,-4.9172868728637695,-1.7115055322647095,1.0
maccs,all_ru_ahk,992,0.09605833142995834,1.2036864757537842,1.0
maccs,all_ru_ahk,993,-4.313412666320801,0.34646791219711304,1.0
maccs,all_ru_ahk,994,-3.8749783039093018,-0.19984644651412964,1.0
maccs,all_ru_ahk,995,-1.4865890741348267,-0.8021061420440674,1.0
maccs,all_ru_ahk,996,-1.1323281526565552,-2.9207966327667236,1.0
maccs,all_ru_ahk,997,-0.8187039494514465,-2.958226442337036,1.0
maccs,all_ru_ahk,998,-3.361546754837036,0.13198059797286987,1.0
maccs,all_ru_ahk,999,-3.773066759109497,-1.2722198963165283,1.0
maccs,all_ru_ahk,1000,11.049858093261719,-7.3584699630737305,1.0
maccs,all_ru_ahk,1001,1.1864709854125977,0.84236079454422,1.0
maccs,all_ru_ahk,1002,1.8951148986816406,0.3159264624118805,1.0
maccs,all_ru_ahk,1003,-4.403850555419922,-1.561862587928772,1.0
maccs,all_ru_ahk,1004,-2.5275657176971436,-0.5571369528770447,1.0
maccs,all_ru_ahk,1005,-1.6674185991287231,1.1976656913757324,1.0
maccs,all_ru_ahk,1006,10.49477481842041,-6.915870666503906,1.0
maccs,all_ru_ahk,1007,-4.799853324890137,-1.919529914855957,1.0
maccs,all_ru_ahk,1008,2.454387903213501,15.570411682128906,1.0
maccs,all_ru_ahk,1009,-1.4612149000167847,1.7235920429229736,1.0
maccs,all_ru_ahk,1010,-2.885660409927368,-0.8960845470428467,1.0
maccs,all_ru_ahk,1011,-3.5848424434661865,0.42774298787117004,1.0
maccs,all_ru_ahk,1012,-3.4195098876953125,-1.0115349292755127,1.0
maccs,all_ru_ahk,1013,-2.303969144821167,-0.4279589056968689,1.0
maccs,all_ru_ahk,1014,-2.586597442626953,-0.4756607413291931,1.0
maccs,all_ru_ahk,1015,17.986248016357422,-14.325102806091309,1.0
maccs,all_ru_ahk,1016,11.814521789550781,-7.075133323669434,1.0
maccs,all_ru_ahk,1017,-5.676219463348389,-1.4582716226577759,1.0
maccs,all_ru_ahk,1018,1.561496376991272,7.635394096374512,1.0
maccs,all_ru_ahk,1019,0.764295756816864,7.370236396789551,1.0
maccs,all_ru_ahk,1020,-5.702505588531494,-1.428458333015442,1.0
maccs,all_ru_ahk,1021,-2.169274091720581,-1.3214986324310303,1.0
maccs,all_ru_ahk,1022,-6.066051006317139,-1.3078052997589111,1.0
maccs,all_ru_ahk,1023,-2.720909833908081,-1.3369944095611572,1.0
maccs,all_ru_ahk,1024,-4.46973180770874,-1.4294734001159668,1.0
maccs,all_ru_ahk,1025,-5.904967308044434,-1.1009540557861328,1.0
maccs,all_ru_ahk,1026,-4.253358364105225,-2.11564564704895,1.0
maccs,all_ru_ahk,1027,11.335834503173828,-7.504382610321045,1.0
maccs,all_ru_ahk,1028,0.9765819907188416,-4.047547817230225,1.0
maccs,all_ru_ahk,1029,-2.9634456634521484,-0.9214887619018555,1.0
maccs,all_ru_ahk,1030,-2.0240795612335205,-1.6534457206726074,1.0
maccs,all_ru_ahk,1031,11.584205627441406,-7.181233882904053,1.0
maccs,all_ru_ahk,1032,-4.984646797180176,-1.8386083841323853,1.0
maccs,all_ru_ahk,1033,13.228839874267578,20.607921600341797,1.0
maccs,all_ru_ahk,1034,-3.4053637981414795,0.9815948605537415,1.0
maccs,all_ru_ahk,1035,19.811738967895508,15.317371368408203,1.0
maccs,all_ru_ahk,1036,-2.9890296459198,2.29939866065979,1.0
maccs,all_ru_ahk,1037,10.865392684936523,15.972555160522461,1.0
maccs,all_ru_ahk,1038,-4.739086627960205,-0.5816335678100586,1.0
maccs,all_ru_ahk,1039,-3.2666943073272705,1.393970251083374,1.0
maccs,all_ru_ahk,1040,10.99603271484375,15.889394760131836,1.0
maccs,all_ru_ahk,1041,1.4115554094314575,-4.179553508758545,1.0
maccs,all_ru_ahk,1042,-0.7221946120262146,0.175581157207489,1.0
maccs,all_ru_ahk,1043,-0.7332398295402527,-0.6133733987808228,1.0
maccs,all_ru_ahk,1044,-4.214132308959961,0.34630805253982544,1.0
maccs,all_ru_ahk,1045,-5.036036491394043,0.6875049471855164,1.0
maccs,all_ru_ahk,1046,-1.4011744260787964,-0.019226495176553726,1.0
maccs,all_ru_ahk,1047,0.650974690914154,-5.02701473236084,1.0
maccs,all_ru_ahk,1048,-5.223542213439941,-0.8398163318634033,1.0
maccs,all_ru_ahk,1049,-2.225818157196045,-0.35367730259895325,1.0
maccs,all_ru_ahk,1050,-5.121325492858887,0.2971094846725464,1.0
maccs,all_ru_ahk,1051,-5.021862983703613,0.6969049572944641,1.0
maccs,all_ru_ahk,1052,4.986400604248047,-5.059454917907715,1.0
maccs,all_ru_ahk,1053,-5.223542213439941,-0.8398163318634033,1.0
maccs,all_ru_ahk,1054,-1.6433508396148682,0.022437866777181625,1.0
maccs,all_ru_ahk,1055,-0.06268144398927689,-0.2883007526397705,1.0
maccs,all_ru_ahk,1056,-4.630069255828857,0.8974882364273071,1.0
maccs,all_ru_ahk,1057,19.012779235839844,16.019729614257812,1.0
maccs,all_ru_ahk,1058,19.0248966217041,15.205857276916504,1.0
maccs,all_ru_ahk,1059,-3.6199285984039307,0.6150455474853516,1.0
maccs,all_ru_ahk,1060,-2.062152624130249,-1.733421802520752,1.0
maccs,all_ru_ahk,1061,-2.2642300128936768,-0.6807061433792114,1.0
maccs,all_ru_ahk,1062,-1.3573743104934692,-0.12347466498613358,1.0
maccs,all_ru_ahk,1063,-4.5750250816345215,-1.9389500617980957,1.0
maccs,all_ru_ahk,1064,10.612072944641113,15.914998054504395,1.0
maccs,all_ru_ahk,1065,11.806550979614258,15.743722915649414,1.0
maccs,all_ru_ahk,1066,-5.102008819580078,-0.8140504360198975,1.0
maccs,all_ru_ahk,1067,-2.3563239574432373,-1.4553576707839966,1.0
maccs,all_ru_ahk,1068,-2.9170522689819336,1.0869454145431519,1.0
maccs,all_ru_ahk,1069,-4.829649925231934,-0.8089884519577026,1.0
maccs,all_ru_ahk,1070,4.0811944007873535,1.3434169292449951,1.0
maccs,all_ru_ahk,1071,4.559593200683594,1.3073745965957642,1.0
maccs,all_ru_ahk,1072,3.7494020462036133,1.0600697994232178,1.0
maccs,all_ru_ahk,1073,8.206392288208008,-6.754532337188721,1.0
maccs,all_ru_ahk,1074,0.1444057673215866,-1.5964242219924927,1.0
maccs,all_ru_ahk,1075,2.531956195831299,15.595671653747559,1.0
maccs,all_ru_ahk,1076,0.38650253415107727,1.932409644126892,1.0
maccs,all_ru_ahk,1077,1.6816312074661255,15.835509300231934,1.0
maccs,all_ru_ahk,1078,3.060847759246826,15.73888111114502,1.0
maccs,all_ru_ahk,1079,1.2824033498764038,-0.3712937831878662,1.0
maccs,all_ru_ahk,1080,-2.983860492706299,-1.0165388584136963,1.0
maccs,all_ru_ahk,1081,-3.034074068069458,-0.3664746880531311,1.0
maccs,all_ru_ahk,1082,-0.8188485503196716,-2.958322525024414,1.0
maccs,all_ru_ahk,1083,0.7022138237953186,0.6592498421669006,1.0
maccs,all_ru_ahk,1084,6.4854536056518555,-6.515961647033691,1.0
maccs,all_ru_ahk,1085,-2.6108241081237793,-2.433042526245117,1.0
maccs,all_ru_ahk,1086,-2.658310890197754,-2.3499984741210938,1.0
maccs,all_ru_ahk,1087,-0.06086724251508713,0.4080582857131958,1.0
maccs,all_ru_ahk,1088,1.9312705993652344,-0.3646206855773926,1.0
maccs,all_ru_ahk,1089,-4.790842533111572,-1.2186343669891357,1.0
maccs,all_ru_ahk,1090,2.9053571224212646,6.689818859100342,1.0
maccs,all_ru_ahk,1091,0.48334306478500366,7.155394554138184,1.0
maccs,all_ru_ahk,1092,-5.967452049255371,-1.8886123895645142,1.0
maccs,all_ru_ahk,1093,1.2097748517990112,7.3073577880859375,1.0
maccs,all_ru_ahk,1094,1.24254310131073,7.244818687438965,1.0
maccs,all_ru_ahk,1095,1.285444974899292,7.44683313369751,1.0
maccs,all_ru_ahk,1096,-4.497238636016846,0.9323528409004211,1.0
maccs,all_ru_ahk,1097,-5.885042667388916,-1.28326416015625,1.0
maccs,all_ru_ahk,1098,-5.813028335571289,0.3731865882873535,1.0
maccs,all_ru_ahk,1099,-4.654830455780029,-0.0014252705732360482,1.0
maccs,all_ru_ahk,1100,1.3157243728637695,7.438163757324219,1.0
maccs,all_ru_ahk,1101,-4.927910327911377,0.24768733978271484,1.0
maccs,all_ru_ahk,1102,0.5404114127159119,-2.3904595375061035,1.0
maccs,all_ru_ahk,1103,-1.035661220550537,-0.11542565375566483,1.0
maccs,all_ru_ahk,1104,-5.314034461975098,0.4780043959617615,1.0
maccs,all_ru_ahk,1105,-4.545374870300293,-0.8408570289611816,1.0
maccs,all_ru_ahk,1106,0.769514262676239,-5.122165203094482,1.0
maccs,all_ru_ahk,1107,-3.581510305404663,0.8830430507659912,1.0
maccs,all_ru_ahk,1108,-5.188849449157715,-0.8351386189460754,1.0
maccs,all_ru_ahk,1109,-5.636357307434082,-0.9912865161895752,1.0
maccs,all_ru_ahk,1110,-1.913680076599121,-1.506861925125122,1.0
maccs,all_ru_ahk,1111,7.176517486572266,-5.773316383361816,1.0
maccs,all_ru_ahk,1112,-5.369760990142822,-0.8576560020446777,1.0
maccs,all_ru_ahk,1113,-4.434073448181152,-1.4081977605819702,1.0
maccs,all_ru_ahk,1114,-3.947401285171509,1.113500952720642,1.0
maccs,all_ru_ahk,1115,10.16879653930664,2.735588550567627,1.0
maccs,all_ru_ahk,1116,10.188432693481445,2.734339714050293,1.0
maccs,all_ru_ahk,1117,-3.9953811168670654,1.120690107345581,1.0
maccs,all_ru_ahk,1118,-3.944810152053833,0.7848842740058899,1.0
maccs,all_ru_ahk,1119,-5.083655834197998,2.208465337753296,1.0
maccs,all_ru_ahk,1120,13.228839874267578,20.607921600341797,1.0
maccs,all_ru_ahk,1121,-2.306795835494995,-0.6558325886726379,1.0
maccs,all_ru_ahk,1122,-5.824899673461914,-1.3197238445281982,1.0
maccs,all_ru_ahk,1123,-3.975187063217163,-1.874267816543579,1.0
maccs,all_ru_ahk,1124,-3.053032636642456,0.31076353788375854,1.0
maccs,all_ru_ahk,1125,-5.421753883361816,-0.7976462841033936,1.0
maccs,all_ru_ahk,1126,-3.548187494277954,2.511197328567505,1.0
maccs,all_ru_ahk,1127,10.99603271484375,15.889394760131836,1.0
maccs,all_ru_ahk,1128,10.952232360839844,15.993643760681152,1.0
maccs,all_ru_ahk,1129,-2.1758506298065186,-2.5650479793548584,1.0
maccs,all_ru_ahk,1130,-2.223337411880493,-2.482003927230835,1.0
maccs,all_ru_ahk,1131,-4.775990962982178,-1.7655584812164307,1.0
maccs,all_ru_ahk,1132,11.885725021362305,15.632755279541016,1.0
maccs,all_ru_ahk,1133,-5.515042304992676,-1.335688829421997,1.0
maccs,all_ru_ahk,1134,-1.4566909074783325,-0.547298014163971,1.0
maccs,all_ru_ahk,1135,-5.885042667388916,-1.28326416015625,1.0
maccs,all_ru_ahk,1136,-0.18563197553157806,1.9187891483306885,1.0
maccs,all_ru_ahk,1137,2.6872928142547607,15.532918930053711,1.0
maccs,all_ru_ahk,1138,-4.89893913269043,-1.959145188331604,1.0
maccs,all_ru_ahk,1139,4.502133369445801,1.2536159753799438,1.0
maccs,all_ru_ahk,1140,4.763862609863281,1.5594292879104614,1.0
maccs,all_ru_ahk,1141,-1.3312524557113647,-0.8648584485054016,1.0
maccs,all_ru_ahk,1142,-4.1313796043396,0.5296886563301086,1.0
maccs,all_ru_ahk,1143,10.887514114379883,-6.933039665222168,1.0
maccs,all_ru_ahk,1144,-4.394773483276367,-0.7797631025314331,1.0
maccs,all_ru_ahk,1145,-4.145501613616943,-1.7763731479644775,1.0
maccs,all_ru_ahk,1146,-4.165738105773926,-1.1734063625335693,1.0
maccs,all_ru_ahk,1147,-3.102979898452759,-1.15867018699646,1.0
maccs,all_ru_ahk,1148,6.395572185516357,-6.616800308227539,1.0
maccs,all_ru_ahk,1149,6.577434539794922,-6.1674957275390625,1.0
maccs,all_ru_ahk,1150,-5.894759654998779,-1.2027966976165771,1.0
maccs,all_ru_ahk,1151,-5.566859245300293,-0.9305578470230103,1.0
maccs,all_ru_ahk,1152,-5.434962749481201,-1.3906173706054688,1.0
maccs,all_ru_ahk,1153,-4.040004253387451,-4.828456878662109,1.0
maccs,all_ru_ahk,1154,-4.962187767028809,-1.5104997158050537,1.0
maccs,all_ru_ahk,1155,-6.324790000915527,-1.9849586486816406,1.0
maccs,all_ru_ahk,1156,-4.064629554748535,-0.17908185720443726,1.0
maccs,all_ru_ahk,1157,-3.523689031600952,0.3918243944644928,1.0
maccs,all_ru_ahk,1158,-4.725470542907715,0.31983599066734314,1.0
maccs,all_ru_ahk,1159,-4.508012771606445,-0.00137442781124264,1.0
maccs,all_ru_ahk,1160,-3.667311429977417,-0.10969073325395584,1.0
maccs,all_ru_ahk,1161,-3.6674559116363525,-0.10978657752275467,1.0
maccs,all_ru_ahk,1162,-3.667224645614624,-0.10963315516710281,1.0
maccs,all_ru_ahk,1163,10.81961441040039,-6.905147552490234,1.0
maccs,all_ru_ahk,1164,-0.7506566047668457,-1.2569600343704224,1.0
maccs,all_ru_ahk,1165,-1.4276394844055176,1.6880123615264893,1.0
maccs,all_ru_ahk,1166,-0.21995772421360016,1.7639397382736206,1.0
maccs,all_ru_ahk,1167,-1.178003191947937,2.8330514430999756,1.0
maccs,all_ru_ahk,1168,-0.4703786075115204,1.7583682537078857,1.0
maccs,all_ru_ahk,1169,2.8179330825805664,15.449758529663086,1.0
maccs,all_ru_ahk,1170,1.2733333110809326,7.450300693511963,1.0
maccs,all_ru_ahk,1171,-4.668832778930664,-2.1097230911254883,1.0
maccs,all_ru_ahk,1172,-1.9818207025527954,-1.5303064584732056,1.0
maccs,all_ru_ahk,1173,-5.222300052642822,-0.8849413394927979,1.0
maccs,all_ru_ahk,1174,-4.646373748779297,-1.7816143035888672,1.0
maccs,all_ru_ahk,1175,4.772771835327148,-1.7905246019363403,1.0
maccs,all_ru_ahk,1176,19.659814834594727,15.147024154663086,1.0
maccs,all_ru_ahk,1177,-4.829769611358643,-1.6565794944763184,1.0
maccs,all_ru_ahk,1178,-0.835476815700531,-0.3280617594718933,1.0
maccs,all_ru_ahk,1179,-4.98532772064209,-1.591825008392334,1.0
maccs,all_ru_ahk,1180,-3.3110463619232178,2.6561455726623535,1.0
maccs,all_ru_ahk,1181,-4.6840291023254395,-1.678825855255127,1.0
maccs,all_ru_ahk,1182,-3.9976465702056885,-2.2023766040802,1.0
maccs,all_ru_ahk,1183,-0.37445276975631714,-2.8735547065734863,1.0
maccs,all_ru_ahk,1184,12.118936538696289,15.496370315551758,1.0
maccs,all_ru_ahk,1185,11.689952850341797,15.308086395263672,1.0
maccs,all_ru_ahk,1186,-4.680908679962158,0.8289825320243835,1.0
maccs,all_ru_ahk,1187,-4.222250938415527,-0.49318742752075195,1.0
maccs,all_ru_ahk,1188,-4.545374870300293,-0.8408570289611816,1.0
maccs,all_ru_ahk,1189,-5.680669784545898,-0.9748262166976929,1.0
maccs,all_ru_ahk,1190,-4.881762504577637,-1.5965697765350342,1.0
maccs,all_ru_ahk,1191,1.0490849018096924,7.951507568359375,1.0
maccs,all_ru_ahk,1192,-2.732235908508301,-2.221996545791626,1.0
maccs,all_ru_ahk,1193,-3.7303316593170166,-0.20808619260787964,1.0
maccs,all_ru_ahk,1194,-1.8142865896224976,-1.587263822555542,1.0
maccs,all_ru_ahk,1195,-5.858953475952148,-1.707446813583374,1.0
maccs,all_ru_ahk,1196,4.846064567565918,-2.0724711418151855,1.0
maccs,all_ru_ahk,1197,-6.419864654541016,-1.813538908958435,1.0
maccs,all_ru_ahk,1198,-6.3231940269470215,-1.2755918502807617,1.0
maccs,all_ru_ahk,1199,-6.673125743865967,-1.8710582256317139,1.0
maccs,all_ru_ahk,1200,-3.5446958541870117,-2.6152291297912598,1.0
maccs,all_ru_ahk,1201,0.8927040696144104,7.464001655578613,1.0
maccs,all_ru_ahk,1202,2.1955583095550537,6.81102180480957,1.0
maccs,all_ru_ahk,1203,0.8927040696144104,7.464001655578613,1.0
maccs,all_ru_ahk,1204,-5.875861167907715,-1.2992286682128906,1.0
maccs,all_ru_ahk,1205,-3.02103328704834,1.2264693975448608,1.0
maccs,all_ru_ahk,1206,-5.289660453796387,-1.0120441913604736,1.0
maccs,all_ru_ahk,1207,-1.0236717462539673,-0.5645545721054077,1.0
maccs,all_ru_ahk,1208,10.31905746459961,0.30251485109329224,1.0
maccs,all_ru_ahk,1209,0.19960372149944305,4.034560203552246,1.0
maccs,all_ru_ahk,1210,4.837481498718262,1.2055957317352295,1.0
maccs,all_ru_ahk,1211,4.0811944007873535,1.3434169292449951,1.0
maccs,all_ru_ahk,1212,4.409741401672363,1.083504319190979,1.0
maccs,all_ru_ahk,1213,4.1587629318237305,1.3686773777008057,1.0
maccs,all_ru_ahk,1214,4.3140997886657715,1.3059251308441162,1.0
maccs,all_ru_ahk,1215,0.47382599115371704,4.090036392211914,1.0
maccs,all_ru_ahk,1216,-4.25011682510376,-1.2175164222717285,1.0
maccs,all_ru_ahk,1217,-3.645017385482788,-1.0267640352249146,1.0
maccs,all_ru_ahk,1218,10.981958389282227,-7.330577850341797,1.0
maccs,all_ru_ahk,1219,-4.948115825653076,1.059178113937378,1.0
maccs,all_ru_ahk,1220,-4.846083641052246,-1.4780409336090088,1.0
maccs,all_ru_ahk,1221,-5.083655834197998,2.208465337753296,1.0
maccs,all_ru_ahk,1222,-4.5170207023620605,-1.7065422534942627,1.0
maccs,all_ru_ahk,1223,8.088337898254395,-7.042223930358887,1.0
maccs,all_ru_ahk,1224,-4.958489418029785,1.0764102935791016,1.0
maccs,all_ru_ahk,1225,-4.027436256408691,0.20055490732192993,1.0
maccs,all_ru_ahk,1226,2.7741329669952393,15.554006576538086,1.0
maccs,all_ru_ahk,1227,10.192749977111816,0.33486253023147583,1.0
maccs,all_ru_ahk,1228,-4.699739456176758,0.2849304676055908,1.0
maccs,all_ru_ahk,1229,-5.574527740478516,0.4553165137767792,1.0
maccs,all_ru_ahk,1230,-2.599900484085083,-1.0421419143676758,1.0
maccs,all_ru_ahk,1231,-5.574527740478516,0.4553165137767792,1.0
maccs,all_ru_ahk,1232,-4.259082794189453,-0.7394328117370605,1.0
maccs,all_ru_ahk,1233,-4.822312831878662,-2.247638702392578,1.0
maccs,all_ru_ahk,1234,-0.6704760193824768,4.033069610595703,1.0
maccs,all_ru_ahk,1235,-4.965584754943848,-1.9816713333129883,1.0
maccs,all_ru_ahk,1236,0.8248545527458191,5.6850128173828125,1.0
maccs,all_ru_ahk,1237,-5.697162628173828,-1.4012329578399658,1.0
maccs,all_ru_ahk,1238,-1.96759831905365,-2.1090173721313477,1.0
maccs,all_ru_ahk,1239,0.02477862499654293,1.0024837255477905,1.0
maccs,all_ru_ahk,1240,-3.078141927719116,2.6186530590057373,1.0
maccs,all_ru_ahk,1241,-4.698181629180908,0.2859637439250946,1.0
maccs,all_ru_ahk,1242,1.5330740213394165,8.496654510498047,1.0
maccs,all_ru_ahk,1243,10.188432693481445,2.734339714050293,1.0
maccs,all_ru_ahk,1244,-0.7762260437011719,-2.970306158065796,1.0
maccs,all_ru_ahk,1245,-2.4830172061920166,-2.2987587451934814,1.0
maccs,all_ru_ahk,1246,-4.907759189605713,-1.5665647983551025,1.0
maccs,all_ru_ahk,1247,-5.615658760070801,-0.5852475166320801,1.0
maccs,all_ru_ahk,1248,-4.92075777053833,-1.5515623092651367,1.0
maccs,all_ru_ahk,1249,-3.1071791648864746,-1.0482285022735596,1.0
maccs,all_ru_ahk,1250,-5.556214332580566,-0.9625368118286133,1.0
maccs,all_ru_ahk,1251,-5.311598300933838,-0.8891474008560181,1.0
maccs,all_ru_ahk,1252,11.703325271606445,15.494632720947266,1.0
maccs,all_ru_ahk,1253,-5.574527740478516,0.4553165137767792,1.0
maccs,all_ru_ahk,1254,-3.947401285171509,1.113500952720642,1.0
maccs,all_ru_ahk,1255,1.2191286087036133,-2.5535411834716797,1.0
maccs,all_ru_ahk,1256,1.0818051099777222,6.991178035736084,1.0
maccs,all_ru_ahk,1257,0.99144047498703,6.307134628295898,1.0
maccs,all_ru_ahk,1258,-5.904598236083984,0.3345593810081482,1.0
maccs,all_ru_ahk,1259,19.417638778686523,15.188689231872559,1.0
maccs,all_ru_ahk,1260,-4.467806816101074,-0.8155966997146606,1.0
maccs,all_ru_ahk,1261,-4.3000688552856445,-1.704429030418396,1.0
maccs,all_ru_ahk,1262,-1.371546745300293,-0.5865660905838013,1.0
maccs,all_ru_ahk,1263,-4.262357711791992,-1.6705126762390137,1.0
maccs,all_ru_ahk,1264,-4.712265491485596,-1.9241138696670532,1.0
maccs,all_ru_ahk,1265,-5.697162628173828,-1.4012329578399658,1.0
maccs,all_ru_ahk,1266,-5.449592590332031,-1.3988392353057861,1.0
maccs,all_ru_ahk,1267,-5.809051513671875,-1.323333501815796,1.0
maccs,all_ru_ahk,1268,-4.697117805480957,0.2866694927215576,1.0
maccs,all_ru_ahk,1269,-3.684386968612671,-2.227205991744995,1.0
maccs,all_ru_ahk,1270,-0.7207211256027222,-2.837916612625122,1.0
maccs,all_ru_ahk,1271,-4.055176258087158,-0.38531357049942017,1.0
maccs,all_ru_ahk,1272,-0.6222499012947083,0.9869621396064758,1.0
maccs,all_ru_ahk,1273,4.772771835327148,-1.7905246019363403,1.0
maccs,all_ru_ahk,1274,-1.244411826133728,-0.8437706232070923,1.0
maccs,all_ru_ahk,1275,-1.508363127708435,-0.1704862117767334,1.0
maccs,all_ru_ahk,1276,-6.330997467041016,-1.7679593563079834,1.0
maccs,all_ru_ahk,1277,-4.648460865020752,-2.355849027633667,1.0
maccs,all_ru_ahk,1278,-3.1791868209838867,-1.6810826063156128,1.0
maccs,all_ru_ahk,1279,-5.541422367095947,-1.2216072082519531,1.0
maccs,all_ru_ahk,1280,1.03917396068573,3.7624576091766357,1.0
maccs,all_ru_ahk,1281,1.0566445589065552,0.40131545066833496,1.0
maccs,all_ru_ahk,1282,-4.348099708557129,-1.3378267288208008,1.0
maccs,all_ru_ahk,1283,-6.301284313201904,-1.284062147140503,1.0
maccs,all_ru_ahk,1284,-4.260183811187744,-1.40277099609375,1.0
maccs,all_ru_ahk,1285,-6.298681259155273,-1.2823357582092285,1.0
maccs,all_ru_ahk,1286,-4.702573776245117,0.28305068612098694,1.0
maccs,all_ru_ahk,1287,-5.7021589279174805,0.4067082107067108,1.0
maccs,all_ru_ahk,1288,0.201388880610466,-2.904529571533203,1.0
maccs,all_ru_ahk,1289,-1.5969128608703613,1.921419620513916,1.0
maccs,all_ru_ahk,1290,-5.673092842102051,-2.0017144680023193,1.0
maccs,all_ru_ahk,1291,-0.9927148222923279,2.0290377140045166,1.0
maccs,all_ru_ahk,1292,-0.1423894315958023,1.7892000675201416,1.0
maccs,all_ru_ahk,1293,-4.730155944824219,-1.0703831911087036,1.0
maccs,all_ru_ahk,1294,1.040531873703003,0.2981634736061096,1.0
maccs,all_ru_ahk,1295,-4.4558000564575195,-2.1994545459747314,1.0
maccs,all_ru_ahk,1296,-5.608782768249512,-1.348710060119629,1.0
maccs,all_ru_ahk,1297,-2.9458529949188232,-1.173377275466919,1.0
maccs,all_ru_ahk,1298,8.089458465576172,-7.061918258666992,1.0
maccs,all_ru_ahk,1299,-2.337068796157837,-0.9228871464729309,1.0
maccs,all_ru_ahk,1300,-1.5821752548217773,-2.2123970985412598,1.0
maccs,all_ru_ahk,1301,-1.7456070184707642,-0.6819607615470886,1.0
maccs,all_ru_ahk,1302,-1.397764801979065,-0.7174094319343567,1.0
maccs,all_ru_ahk,1303,-5.5814948081970215,0.554685652256012,1.0
maccs,all_ru_ahk,1304,1.102347731590271,6.175074100494385,1.0
maccs,all_ru_ahk,1305,0.8248545527458191,5.6850128173828125,1.0
maccs,all_ru_ahk,1306,-4.412890434265137,-0.9788680076599121,1.0
maccs,all_ru_ahk,1307,12.381299018859863,20.947126388549805,1.0
maccs,all_ru_ahk,1308,-5.885042667388916,-1.28326416015625,1.0
maccs,all_ru_ahk,1309,-5.233891487121582,0.5067541003227234,1.0
maccs,all_ru_ahk,1310,-5.515042304992676,-1.335688829421997,1.0
maccs,all_ru_ahk,1311,-1.8672322034835815,-2.224907636642456,1.0
maccs,all_ru_ahk,1312,-5.515042304992676,-1.335688829421997,1.0
maccs,all_ru_ahk,1313,-5.015172481536865,-1.510709285736084,1.0
maccs,all_ru_ahk,1314,-4.53384256362915,-2.307325839996338,1.0
maccs,all_ru_ahk,1315,-4.910362243652344,-1.568291187286377,1.0
maccs,all_ru_ahk,1316,1.3282594680786133,9.380106925964355,1.0
maccs,all_ru_ahk,1317,-2.3233654499053955,2.0455939769744873,1.0
maccs,all_ru_ahk,1318,-4.30265998840332,-1.375812292098999,1.0
maccs,all_ru_ahk,1319,8.086430549621582,-7.061051368713379,1.0
maccs,all_ru_ahk,1320,-1.9338314533233643,-2.5437982082366943,1.0
maccs,all_ru_ahk,1321,-5.578945159912109,-1.4739112854003906,1.0
maccs,all_ru_ahk,1322,-5.871116638183594,-1.6928110122680664,1.0
maccs,all_ru_ahk,1323,-4.991490364074707,-1.9914357662200928,1.0
maccs,all_ru_ahk,1324,-4.961004257202148,-2.328622817993164,1.0
maccs,all_ru_ahk,1325,1.2612216472625732,7.453768730163574,1.0
maccs,all_ru_ahk,1326,-3.291807174682617,0.2575867772102356,1.0
maccs,all_ru_ahk,1327,-5.025893211364746,0.12737715244293213,1.0
maccs,all_ru_ahk,1328,-0.4685939848423004,1.6913602352142334,1.0
maccs,all_ru_ahk,1329,-0.8262022733688354,-2.0068414211273193,1.0
maccs,all_ru_ahk,1330,2.560293436050415,1.9861595630645752,1.0
maccs,all_ru_ahk,1331,8.092486381530762,-7.0627851486206055,1.0
maccs,all_ru_ahk,1332,-5.2585225105285645,-2.0633294582366943,1.0
maccs,all_ru_ahk,1333,-5.386664867401123,-2.736589193344116,1.0
maccs,all_ru_ahk,1334,4.182986736297607,1.3617417812347412,1.0
maccs,all_ru_ahk,1335,10.497170448303223,-7.057391166687012,1.0
maccs,all_ru_ahk,1336,-2.408827543258667,-0.9509320259094238,1.0
maccs,all_ru_ahk,1337,8.001951217651367,-6.960665702819824,1.0
maccs,all_ru_ahk,1338,-4.433707237243652,-1.0447912216186523,1.0
maccs,all_ru_ahk,1339,-3.8257553577423096,-1.7927772998809814,1.0
maccs,all_ru_ahk,1340,4.783780097961426,-2.083385944366455,1.0
maccs,all_ru_ahk,1341,-5.280881881713867,-1.0764713287353516,1.0
maccs,all_ru_ahk,1342,-3.654329538345337,0.4749852120876312,1.0
maccs,all_ru_ahk,1343,-5.924062728881836,-1.6837327480316162,1.0
maccs,all_ru_ahk,1344,-0.6730246543884277,-0.6788834929466248,1.0
maccs,all_ru_ahk,1345,-1.0012403726577759,-2.8514890670776367,1.0
maccs,all_ru_ahk,1346,-2.9458529949188232,-1.173377275466919,1.0
maccs,all_ru_ahk,1347,-2.9247376918792725,0.19887953996658325,1.0
maccs,all_ru_ahk,1348,-3.064703941345215,0.3782186210155487,1.0
maccs,all_ru_ahk,1349,-6.054163932800293,-0.8167911767959595,1.0
maccs,all_ru_ahk,1350,-4.838232040405273,0.6257480978965759,1.0
maccs,all_ru_ahk,1351,-0.7238393425941467,-1.5833051204681396,1.0
maccs,all_ru_ahk,1352,-4.725639343261719,-1.5010206699371338,1.0
maccs,all_ru_ahk,1353,-4.778406620025635,-1.4914929866790771,1.0
maccs,all_ru_ahk,1354,-3.078141927719116,2.6186530590057373,1.0
maccs,all_ru_ahk,1355,-4.332287788391113,-1.3233088254928589,1.0
maccs,all_ru_ahk,1356,7.176517486572266,-5.773316383361816,1.0
maccs,all_ru_ahk,1357,-5.565211772918701,-1.228919267654419,1.0
maccs,all_ru_ahk,1358,-4.544617652893066,-1.2493393421173096,1.0
maccs,all_ru_ahk,1359,-5.442169189453125,-0.8926961421966553,1.0
maccs,all_ru_ahk,1360,-5.592072486877441,-0.20052897930145264,1.0
maccs,all_ru_ahk,1361,-5.476544380187988,0.5756266713142395,1.0
maccs,all_ru_ahk,1362,-4.013139247894287,-1.7472748756408691,1.0
maccs,all_ru_ahk,1363,-4.695806503295898,-1.963287591934204,1.0
maccs,all_ru_ahk,1364,-2.9207704067230225,-0.09724194556474686,1.0
maccs,all_ru_ahk,1365,1.1753289699554443,-2.4492924213409424,1.0
maccs,all_ru_ahk,1366,-1.4644403457641602,-1.299682855606079,1.0
maccs,all_ru_ahk,1367,-2.9475011825561523,2.535492420196533,1.0
maccs,all_ru_ahk,1368,-3.1076881885528564,-1.4169917106628418,1.0
maccs,all_ru_ahk,1369,-5.732425689697266,-1.6118268966674805,1.0
maccs,all_ru_ahk,1370,0.6306132078170776,-2.547867774963379,1.0
maccs,all_ru_ahk,1371,0.10354053229093552,1.704980731010437,1.0
maccs,all_ru_ahk,1372,-4.535021781921387,1.880526065826416,1.0
maccs,all_ru_ahk,1373,-3.64581561088562,-0.07670582085847855,1.0
maccs,all_ru_ahk,1374,-5.656513690948486,-1.499171495437622,1.0
maccs,all_ru_ahk,1375,8.104598045349121,-7.066252708435059,1.0
maccs,all_ru_ahk,1376,-3.103788375854492,-1.2031199932098389,1.0
maccs,all_ru_ahk,1377,-0.7056717276573181,-1.5885066986083984,1.0
maccs,all_ru_ahk,1378,-0.8559077382087708,4.437005519866943,1.0
maccs,all_ru_ahk,1379,-6.331258773803711,-1.0717594623565674,1.0
maccs,all_ru_ahk,1380,-6.673183441162109,-1.8710963726043701,1.0
maccs,all_ru_ahk,1381,-6.575142860412598,-1.7507481575012207,1.0
maccs,all_ru_ahk,1382,-6.289194583892822,-1.8966805934906006,1.0
maccs,all_ru_ahk,1383,2.879038095474243,6.293262481689453,1.0
maccs,all_ru_ahk,1384,2.103533983230591,7.503489017486572,1.0
maccs,all_ru_ahk,1385,-6.289194583892822,-1.8966805934906006,1.0
maccs,all_ru_ahk,1386,-6.673125743865967,-1.8710582256317139,1.0
maccs,all_ru_ahk,1387,-5.364336013793945,-1.6131079196929932,1.0
maccs,all_ru_ahk,1388,-0.7482755780220032,4.007656097412109,1.0
maccs,all_ru_ahk,1389,3.1005239486694336,1.8558011054992676,1.0
maccs,all_ru_ahk,1390,-3.0393996238708496,-1.2918994426727295,1.0
maccs,all_ru_ahk,1391,-4.938544750213623,-2.000514030456543,1.0
maccs,all_ru_ahk,1392,0.9577807784080505,5.455009937286377,1.0
maccs,all_ru_ahk,1393,-5.2261457443237305,-0.8415429592132568,1.0
maccs,all_ru_ahk,1394,-4.622233867645264,-0.3116716146469116,1.0
maccs,all_ru_ahk,1395,-4.412890434265137,-0.9788680076599121,1.0
maccs,all_ru_ahk,1396,-4.463047027587891,-2.0008761882781982,1.0
maccs,all_ru_ahk,1397,-4.253311634063721,-1.930901050567627,1.0
maccs,all_ru_ahk,1398,-0.7076848149299622,-2.633974313735962,1.0
maccs,all_ru_ahk,1399,1.3212257623672485,7.910968780517578,1.0
maccs,all_ru_ahk,1400,3.2253708839416504,1.4410182237625122,1.0
maccs,all_ru_ahk,1401,-4.752423286437988,-1.6293174028396606,1.0
maccs,all_ru_ahk,1402,-3.642388105392456,0.28693681955337524,1.0
maccs,all_ru_ahk,1403,-2.2636749744415283,-0.10413683205842972,1.0
maccs,all_ru_ahk,1404,-4.273680210113525,-2.1339104175567627,1.0
maccs,all_ru_ahk,1405,-4.939370632171631,-1.6202023029327393,1.0
maccs,all_ru_ahk,1406,-2.9475011825561523,2.535492420196533,1.0
maccs,all_ru_ahk,1407,-1.1501420736312866,-2.229546546936035,1.0
maccs,all_ru_ahk,1408,2.294865608215332,-1.6850097179412842,1.0
maccs,all_ru_ahk,1409,-4.665582656860352,-1.608229160308838,1.0
maccs,all_ru_ahk,1410,10.16879653930664,2.735588550567627,1.0
maccs,all_ru_ahk,1411,-1.6916903257369995,-2.58548641204834,1.0
maccs,all_ru_ahk,1412,-5.555672645568848,0.21920251846313477,1.0
maccs,all_ru_ahk,1413,2.7948243618011475,1.899388074874878,1.0
maccs,all_ru_ahk,1414,1.4064055681228638,-0.6293914318084717,1.0
maccs,all_ru_ahk,1415,-6.001630783081055,-1.7089929580688477,1.0
maccs,all_ru_ahk,1416,0.5078168511390686,-2.6013686656951904,1.0
maccs,all_ru_ahk,1417,0.13390107452869415,-1.8606088161468506,1.0
maccs,all_ru_ahk,1418,-3.1038239002227783,-0.36802321672439575,1.0
maccs,all_ru_ahk,1419,7.77338981628418,-6.534674644470215,1.0
maccs,all_ru_ahk,1420,-2.6558122634887695,-0.9344252347946167,1.0
maccs,all_ru_ahk,1421,-4.844493389129639,-1.2080867290496826,1.0
maccs,all_ru_ahk,1422,-4.725470542907715,0.31983599066734314,1.0
maccs,all_ru_ahk,1423,-4.539480209350586,-2.034651041030884,1.0
maccs,all_ru_ahk,1424,-4.165738105773926,-1.1734063625335693,1.0
maccs,all_ru_ahk,1425,-2.678709030151367,-0.7467082142829895,1.0
maccs,all_ru_ahk,1426,-4.127934455871582,-0.7669918537139893,1.0
maccs,all_ru_ahk,1427,-5.013949871063232,-2.319544553756714,1.0
maccs,all_ru_ahk,1428,-5.44644832611084,-1.7577402591705322,1.0
maccs,all_ru_ahk,1429,-3.437847852706909,-0.7722665667533875,1.0
maccs,all_ru_ahk,1430,-6.290606498718262,-1.3923532962799072,1.0
maccs,all_ru_ahk,1431,2.025965929031372,7.478228569030762,1.0
maccs,all_ru_ahk,1432,11.342028617858887,-7.139569282531738,1.0
maccs,all_ru_ahk,1433,-4.9828572273254395,-1.9840540885925293,1.0
maccs,all_ru_ahk,1434,-4.6567463874816895,-1.566369652748108,1.0
maccs,all_ru_ahk,1435,-4.973846435546875,-1.283158779144287,1.0
maccs,all_ru_ahk,1436,-2.839848279953003,-0.3753042221069336,1.0
maccs,all_ru_ahk,1437,-6.141786098480225,-1.9204344749450684,1.0
maccs,all_ru_ahk,1438,-2.9913012981414795,2.6397414207458496,1.0
maccs,all_ru_ahk,1439,-5.266017436981201,-1.502058506011963,1.0
maccs,all_ru_ahk,1440,-6.065422058105469,-0.34182047843933105,1.0
maccs,all_ru_ahk,1441,-0.6978427767753601,-1.6133100986480713,1.0
maccs,all_ru_ahk,1442,-4.665582656860352,-1.608229160308838,1.0
maccs,all_ru_ahk,1443,-2.0149288177490234,2.227790117263794,1.0
maccs,all_ru_ahk,1444,-5.647270202636719,-0.6388849020004272,1.0
maccs,all_ru_ahk,1445,-5.632903099060059,-1.1484241485595703,1.0
maccs,all_ru_ahk,1446,-4.33532190322876,-0.9536076784133911,1.0
maccs,all_ru_ahk,1447,-4.459128379821777,-0.6895771026611328,1.0
maccs,all_ru_ahk,1448,-3.105423927307129,2.75018048286438,1.0
maccs,all_ru_ahk,1449,-4.092658996582031,-1.8822283744812012,1.0
maccs,all_ru_ahk,1450,-4.359621047973633,-1.1400988101959229,1.0
maccs,all_ru_ahk,1451,-5.83046817779541,-1.3042173385620117,1.0
maccs,all_ru_ahk,1452,-5.539032936096191,-0.8737407922744751,1.0
maccs,all_ru_ahk,1453,-5.358346939086914,0.4944646954536438,1.0
maccs,all_ru_ahk,1454,-4.2345991134643555,2.0729849338531494,1.0
maccs,all_ru_ahk,1455,-5.6973161697387695,-1.9947788715362549,1.0
maccs,all_ru_ahk,1456,-4.2345991134643555,2.0729849338531494,1.0
maccs,all_ru_ahk,1457,-3.135068655014038,-1.193742275238037,1.0
maccs,all_ru_ahk,1458,-5.91542911529541,-1.6763510704040527,1.0
maccs,all_ru_ahk,1459,8.316729545593262,-6.791810989379883,1.0
maccs,all_ru_ahk,1460,-5.318963050842285,-1.4929802417755127,1.0
maccs,all_ru_ahk,1461,-5.0388946533203125,-0.06602836400270462,1.0
maccs,all_ru_ahk,1462,-1.574626088142395,-0.7647566199302673,1.0
maccs,all_ru_ahk,1463,-5.679262161254883,0.3699229061603546,1.0
maccs,all_ru_ahk,1464,8.080374717712402,-7.059317588806152,1.0
maccs,all_ru_ahk,1465,-5.127326011657715,-1.421074390411377,1.0
maccs,all_ru_ahk,1466,-2.64370059967041,-0.9378930330276489,1.0
maccs,all_ru_ahk,1467,-5.005316734313965,-2.3121628761291504,1.0
maccs,all_ru_ahk,1468,-4.646373748779297,-1.7816143035888672,1.0
maccs,all_ru_ahk,1469,-5.179798126220703,0.8467305302619934,1.0
maccs,all_ru_ahk,1470,-3.5349416732788086,-1.2131495475769043,1.0
maccs,all_ru_ahk,1471,-5.551630973815918,0.41853123903274536,1.0
maccs,all_ru_ahk,1472,-3.88920259475708,0.48802420496940613,1.0
maccs,all_ru_ahk,1473,0.09978776425123215,1.7475357055664062,1.0
maccs,all_ru_ahk,1474,-5.9486846923828125,-1.7180712223052979,1.0
maccs,all_ru_ahk,1475,-6.037217140197754,-1.4215052127838135,1.0
maccs,all_ru_ahk,1476,1.440781831741333,7.38408088684082,1.0
maccs,all_ru_ahk,1477,-4.2345991134643555,2.0729849338531494,1.0
maccs,all_ru_ahk,1478,-4.822312831878662,-2.247638702392578,1.0
maccs,all_ru_ahk,1479,6.580044269561768,-6.53230094909668,1.0
maccs,all_ru_ahk,1480,-1.504660964012146,-2.1871728897094727,1.0
maccs,all_ru_ahk,1481,-4.742056846618652,0.3300621509552002,1.0
maccs,all_ru_ahk,1482,-1.6357784271240234,-2.6932029724121094,1.0
maccs,all_ru_ahk,1483,0.9371996521949768,5.927464485168457,1.0
maccs,all_ru_ahk,1484,-2.716118574142456,-2.269167423248291,1.0
maccs,all_ru_ahk,1485,-4.430709362030029,-1.6212682723999023,1.0
maccs,all_ru_ahk,1486,-5.752764701843262,-0.9929229021072388,1.0
maccs,all_ru_ahk,1487,-4.332287788391113,-1.3233088254928589,1.0
maccs,all_ru_ahk,1488,-5.162065505981445,-0.7068413496017456,1.0
maccs,all_ru_ahk,1489,12.268682479858398,20.967283248901367,1.0
maccs,all_ru_ahk,1490,-3.272779703140259,-2.1443259716033936,1.0
maccs,all_ru_ahk,1491,1.9915125370025635,0.5965290069580078,1.0
maccs,all_ru_ahk,1492,-4.13109016418457,0.5298805236816406,1.0
maccs,all_ru_ahk,1493,-3.1613433361053467,-0.9573874473571777,1.0
maccs,all_ru_ahk,1494,0.5042794346809387,-3.315851926803589,1.0
maccs,all_ru_ahk,1495,8.068263053894043,-7.055849552154541,1.0
maccs,all_ru_ahk,1496,-5.627193927764893,-1.414792537689209,1.0
maccs,all_ru_ahk,1497,1.140722393989563,4.288322448730469,1.0
maccs,all_ru_ahk,1498,6.646341323852539,-6.8736653327941895,1.0
maccs,all_ru_ahk,1499,-3.468480348587036,-1.0067510604858398,1.0
maccs,all_ru_ahk,1500,-2.328042507171631,-0.9281101226806641,1.0
maccs,all_ru_ahk,1501,1.1368488073349,7.44679069519043,1.0
maccs,all_ru_ahk,1502,-3.7100250720977783,2.5021979808807373,1.0
maccs,all_ru_ahk,1503,-5.849448204040527,-0.8274017572402954,1.0
maccs,all_ru_ahk,1504,-4.725470542907715,0.31983599066734314,1.0
maccs,all_ru_ahk,1505,-5.000375270843506,-1.1907072067260742,1.0
maccs,all_ru_ahk,1506,-4.873973846435547,-1.8858685493469238,1.0
maccs,all_ru_ahk,1507,-4.822983741760254,-1.7337391376495361,1.0
maccs,all_ru_ahk,1508,-4.621782302856445,-1.7124781608581543,1.0
maccs,all_ru_ahk,1509,-4.47556734085083,-0.9092224836349487,1.0
maccs,all_ru_ahk,1510,-5.644427299499512,-0.9558181762695312,1.0
maccs,all_ru_ahk,1511,10.31905746459961,0.30251485109329224,1.0
maccs,all_ru_ahk,1512,-2.2902987003326416,-1.0306251049041748,1.0
maccs,all_ru_ahk,1513,-1.7806378602981567,-1.744950532913208,1.0
maccs,all_ru_ahk,1514,-3.4768121242523193,-0.08103341609239578,1.0
maccs,all_ru_ahk,1515,-4.742056846618652,0.3300621509552002,1.0
maccs,all_ru_ahk,1516,-2.284242868423462,-1.0323588848114014,1.0
maccs,all_ru_ahk,1517,-4.467648506164551,-1.7847099304199219,1.0
maccs,all_ru_ahk,1518,-6.350674152374268,-1.2223258018493652,1.0
maccs,all_ru_ahk,1519,-4.268185615539551,-0.6223081350326538,1.0
maccs,all_ru_ahk,1520,-4.268474102020264,-0.8536946773529053,1.0
maccs,all_ru_ahk,1521,-4.396413326263428,-0.6713417768478394,1.0
maccs,all_ru_ahk,1522,-5.972328186035156,-1.2280569076538086,1.0
maccs,all_ru_ahk,1523,-0.46147358417510986,-0.7095258831977844,1.0
maccs,all_ru_ahk,1524,-5.656513690948486,-1.499171495437622,1.0
maccs,all_ru_ahk,1525,-0.768459141254425,3.912759304046631,1.0
maccs,all_ru_ahk,1526,-1.5068397521972656,4.233904838562012,1.0
maccs,all_ru_ahk,1527,-5.578945159912109,-1.4739112854003906,1.0
maccs,all_ru_ahk,1528,0.8248545527458191,5.6850128173828125,1.0
maccs,all_ru_ahk,1529,-2.633535146713257,-2.2775561809539795,1.0
maccs,all_ru_ahk,1530,-2.9913012981414795,2.6397414207458496,1.0
maccs,all_ru_ahk,1531,-4.708201885223389,0.2793182134628296,1.0
maccs,all_ru_ahk,1532,-0.7858797907829285,-1.575960636138916,1.0
maccs,all_ru_ahk,1533,-5.668405532836914,0.4107198119163513,1.0
maccs,all_ru_ahk,1534,-4.397164821624756,0.8599959015846252,1.0
maccs,all_ru_ahk,1535,-3.105423927307129,2.75018048286438,1.0
maccs,all_ru_ahk,1536,-3.158159017562866,-2.5130040645599365,1.0
maccs,all_ru_ahk,1537,-1.9713693857192993,-1.426761507987976,1.0
maccs,all_ru_ahk,1538,1.5276224613189697,7.405168533325195,1.0
maccs,all_ru_ahk,1539,-6.037217140197754,-1.4215052127838135,1.0
maccs,all_ru_ahk,1540,1.5714223384857178,7.300920486450195,1.0
maccs,all_ru_ahk,1541,-5.7211127281188965,-0.8928083181381226,1.0
maccs,all_ru_ahk,1542,-5.598208427429199,-0.19321489334106445,1.0
maccs,all_ru_ahk,1543,-2.7357029914855957,-0.7125176787376404,1.0
maccs,all_ru_ahk,1544,-0.4282992482185364,3.9914050102233887,1.0
maccs,all_ru_ahk,1545,-5.7211127281188965,-0.8928083181381226,1.0
maccs,all_ru_ahk,1546,-3.7849807739257812,-1.568697214126587,1.0
maccs,all_ru_ahk,1547,-3.7852699756622314,-1.5688891410827637,1.0
maccs,all_ru_ahk,1548,-5.467433929443359,-0.10713977366685867,1.0
maccs,all_ru_ahk,1549,3.509126901626587,1.534109115600586,1.0
maccs,all_ru_ahk,1550,-0.6496027112007141,-2.520099639892578,1.0
maccs,all_ru_ahk,1551,-5.144543647766113,-0.9074122905731201,1.0
maccs,all_ru_ahk,1552,-6.0441999435424805,-1.4233992099761963,1.0
maccs,all_ru_ahk,1553,-5.19919490814209,-1.9970409870147705,1.0
maccs,all_ru_ahk,1554,-2.6246390342712402,-0.32982760667800903,1.0
maccs,all_ru_ahk,1555,-3.4642107486724854,-0.057725612074136734,1.0
maccs,all_ru_ahk,1556,-1.7413336038589478,-0.09787148982286453,1.0
maccs,all_ru_ahk,1557,7.5195512771606445,17.708110809326172,1.0
maccs,all_ru_ahk,1558,-4.635451316833496,-1.6788558959960938,1.0
maccs,all_ru_ahk,1559,-5.448180198669434,-1.3488309383392334,1.0
maccs,all_ru_ahk,1560,-4.622233867645264,-0.3116716146469116,1.0
maccs,all_ru_ahk,1561,-3.0030364990234375,-0.3042867183685303,1.0
maccs,all_ru_ahk,1562,1.440781831741333,7.38408088684082,1.0
maccs,all_ru_ahk,1563,1.5714223384857178,7.300920486450195,1.0
maccs,all_ru_ahk,1564,-0.10683349519968033,1.6377153396606445,1.0
maccs,all_ru_ahk,1565,-1.6777859926223755,-0.9097015857696533,1.0
maccs,all_ru_ahk,1566,-3.974656820297241,-0.8540538549423218,1.0
maccs,all_ru_ahk,1567,-4.479452133178711,-0.8027135133743286,1.0
maccs,all_ru_ahk,1568,-4.614112377166748,-1.405381679534912,1.0
maccs,all_ru_ahk,1569,-3.3658580780029297,-0.858734667301178,1.0
maccs,all_ru_ahk,1570,-4.133693695068359,0.5281540155410767,1.0
maccs,all_ru_ahk,1571,0.7242266535758972,4.270007610321045,1.0
maccs,all_ru_ahk,1572,-5.747331619262695,-1.2944636344909668,1.0
maccs,all_ru_ahk,1573,-4.170891761779785,-1.5748059749603271,1.0
maccs,all_ru_ahk,1574,2.7985100746154785,-6.497249603271484,1.0
maccs,all_ru_ahk,1575,-5.384190559387207,-0.977237343788147,1.0
maccs,all_ru_ahk,1576,-4.266523838043213,0.7768352031707764,1.0
maccs,all_ru_ahk,1577,-0.189908966422081,-2.978567600250244,1.0
maccs,all_ru_ahk,1578,0.012947430834174156,1.7264477014541626,1.0
maccs,all_ru_ahk,1579,0.14358775317668915,1.6432868242263794,1.0
maccs,all_ru_ahk,1580,-3.64581561088562,-0.07670582085847855,1.0
maccs,all_ru_ahk,1581,-4.973846435546875,-1.283158779144287,1.0
maccs,all_ru_ahk,1582,1.0566445589065552,0.40131545066833496,1.0
maccs,all_ru_ahk,1583,-1.808925747871399,-0.6987048983573914,1.0
maccs,all_ru_ahk,1584,-4.46793794631958,-1.7849018573760986,1.0
maccs,all_ru_ahk,1585,-4.419866561889648,-0.8087986707687378,1.0
maccs,all_ru_ahk,1586,-5.878337383270264,-2.246460437774658,1.0
maccs,all_ru_ahk,1587,2.8869903087615967,1.5218737125396729,1.0
maccs,all_ru_ahk,1588,-0.5987935662269592,4.219483852386475,1.0
maccs,all_ru_ahk,1589,-4.725639343261719,-1.5010206699371338,1.0
maccs,all_ru_ahk,1590,-4.092658996582031,-1.8822283744812012,1.0
maccs,all_ru_ahk,1591,-5.321525573730469,-0.960126519203186,1.0
maccs,all_ru_ahk,1592,-5.141796112060547,-0.9055898189544678,1.0
maccs,all_ru_ahk,1593,6.895415306091309,18.198009490966797,1.0
maccs,all_ru_ahk,1594,-1.344354271888733,1.0739314556121826,1.0
maccs,all_ru_ahk,1595,-5.162065505981445,-0.7068413496017456,1.0
maccs,all_ru_ahk,1596,-1.7943837642669678,-2.177269697189331,1.0
maccs,all_ru_ahk,1597,0.8248545527458191,5.6850128173828125,1.0
maccs,all_ru_ahk,1598,-1.0309196710586548,-1.0359987020492554,1.0
maccs,all_ru_ahk,1599,-4.266523838043213,0.7768352031707764,1.0
maccs,all_ru_ahk,1600,6.531870365142822,18.318662643432617,1.0
maccs,all_ru_ahk,1601,-2.917891025543213,-0.48317551612854004,1.0
maccs,all_ru_ahk,1602,-3.461822748184204,-0.9098140001296997,1.0
maccs,all_ru_ahk,1603,-6.4208879470825195,-1.3957102298736572,1.0
maccs,all_ru_ahk,1604,-6.673125743865967,-1.8710582256317139,1.0
maccs,all_ru_ahk,1605,-4.390369415283203,-1.7596416473388672,1.0
maccs,all_ru_ahk,1606,-4.389791011810303,-1.7592580318450928,1.0
maccs,all_ru_ahk,1607,-5.625087738037109,-1.3364455699920654,1.0
maccs,all_ru_ahk,1608,-0.7945502400398254,-0.1322140097618103,1.0
maccs,all_ru_ahk,1609,-3.37558913230896,-0.3808414340019226,1.0
maccs,all_ru_ahk,1610,6.764775276184082,18.281171798706055,1.0
maccs,all_ru_ahk,1611,-5.308986186981201,-1.4774134159088135,1.0
maccs,all_ru_ahk,1612,-5.992997169494629,-1.7016112804412842,1.0
maccs,all_ru_ahk,1613,15.983172416687012,18.184051513671875,1.0
maccs,all_ru_ahk,1614,-5.6683454513549805,-0.9023358821868896,1.0
maccs,all_ru_ahk,1615,-1.539385199546814,0.6251690983772278,1.0
maccs,all_ru_ahk,1616,-5.417187213897705,0.058466967195272446,1.0
maccs,all_ru_ahk,1617,7.262939453125,-6.7607221603393555,1.0
maccs,all_ru_ahk,1618,8.062207221984863,-7.054115295410156,1.0
maccs,all_ru_ahk,1619,3.6584787368774414,1.4346199035644531,1.0
maccs,all_ru_ahk,1620,-4.3909478187561035,-1.7600252628326416,1.0
maccs,all_ru_ahk,1621,-4.289793014526367,-1.4731471538543701,1.0
maccs,all_ru_ahk,1622,-5.603280067443848,-0.7463952302932739,1.0
maccs,all_ru_ahk,1623,-4.312401294708252,0.2780073285102844,1.0
maccs,all_ru_ahk,1624,-0.6444529891014099,-1.8985493183135986,1.0
maccs,all_ru_ahk,1625,1.814634084701538,0.24848228693008423,1.0
maccs,all_ru_ahk,1626,-5.684362888336182,-0.47823894023895264,1.0
maccs,all_ru_ahk,1627,12.137195587158203,15.653909683227539,1.0
maccs,all_ru_ahk,1628,-5.651761054992676,-0.9961047172546387,1.0
maccs,all_ru_ahk,1629,-5.370808124542236,-0.7812630534172058,1.0
maccs,all_ru_ahk,1630,6.930241107940674,0.03619622811675072,1.0
maccs,all_ru_ahk,1631,7.624427795410156,-0.30108779668807983,1.0
maccs,all_ru_ahk,1632,-5.310329914093018,-1.4855985641479492,1.0
maccs,all_ru_ahk,1633,-3.324749708175659,-0.312335729598999,1.0
maccs,all_ru_ahk,1634,-3.2471814155578613,-0.287075400352478,1.0
maccs,all_ru_ahk,1635,-4.931622505187988,-0.5479283332824707,1.0
maccs,all_ru_ahk,1636,-3.1407928466796875,-0.9574544429779053,1.0
maccs,all_ru_ahk,1637,-4.925804138183594,-0.5157517194747925,1.0
maccs,all_ru_ahk,1638,-4.511934280395508,-0.6664894223213196,1.0
maccs,all_ru_ahk,1639,-5.52716064453125,-1.4240994453430176,1.0
maccs,all_ru_ahk,1640,-6.176056861877441,-2.270112991333008,1.0
maccs,all_ru_ahk,1641,-6.060457229614258,-2.312004566192627,1.0
maccs,all_ru_ahk,1642,3.509126901626587,1.534109115600586,1.0
maccs,all_ru_ahk,1643,1.5653969049453735,0.5629338026046753,1.0
maccs,all_ru_ahk,1644,-4.426837921142578,-0.6447976231575012,1.0
maccs,all_ru_ahk,1645,-4.26353120803833,-1.1989924907684326,1.0
maccs,all_ru_ahk,1646,-5.29296875,-1.6198246479034424,1.0
maccs,all_ru_ahk,1647,-4.761435508728027,-1.6515324115753174,1.0
maccs,all_ru_ahk,1648,-1.6884266138076782,-3.460418462753296,1.0
maccs,all_ru_ahk,1649,-4.660972595214844,-1.7663832902908325,1.0
maccs,all_ru_ahk,1650,-4.778406620025635,-1.4914929866790771,1.0
maccs,all_ru_ahk,1651,6.609438896179199,18.343923568725586,1.0
maccs,all_ru_ahk,1652,1.4156709909439087,5.371529579162598,1.0
maccs,all_ru_ahk,1653,8.336423873901367,-6.4469523429870605,1.0
maccs,all_ru_ahk,1654,-4.886809349060059,-0.5607590675354004,1.0
maccs,all_ru_ahk,1655,-3.64581561088562,-0.07670582085847855,1.0
maccs,all_ru_ahk,1656,-4.970617294311523,-0.5029209852218628,1.0
maccs,all_ru_ahk,1657,-2.219625949859619,-1.184787392616272,1.0
maccs,all_ru_ahk,1658,-4.876479625701904,-1.6310365200042725,1.0
maccs,all_ru_ahk,1659,-4.343654632568359,-0.7665784358978271,1.0
maccs,all_ru_ahk,1660,6.817268371582031,17.432767868041992,1.0
maccs,all_ru_ahk,1661,4.0551838874816895,14.38532543182373,1.0
maccs,all_ru_ahk,1662,12.57040786743164,20.890869140625,1.0
maccs,all_ru_ahk,1663,-5.2227067947387695,-1.0590159893035889,1.0
maccs,all_ru_ahk,1664,-2.9842426776885986,0.5885350108146667,1.0
maccs,all_ru_ahk,1665,-4.374093532562256,-1.9552385807037354,1.0
maccs,all_ru_ahk,1666,-3.461822748184204,-0.9098140001296997,1.0
maccs,all_ru_ahk,1667,0.03581642359495163,0.24253684282302856,1.0
maccs,all_ru_ahk,1668,-5.59359073638916,-0.7491694688796997,1.0
maccs,all_ru_ahk,1669,-1.8288575410842896,-0.40475767850875854,1.0
maccs,all_ru_ahk,1670,-2.337068796157837,-0.9228871464729309,1.0
maccs,all_ru_ahk,1671,-3.324749708175659,-0.312335729598999,1.0
maccs,all_ru_ahk,1672,-2.6420822143554688,-0.09632302075624466,1.0
maccs,all_ru_ahk,1673,4.857867240905762,-0.33334583044052124,1.0
maccs,all_ru_ahk,1674,-4.668832778930664,-2.1097230911254883,1.0
maccs,all_ru_ahk,1675,-2.995972156524658,-1.013071060180664,1.0
maccs,all_ru_ahk,1676,-4.064629554748535,-0.17908185720443726,1.0
maccs,all_ru_ahk,1677,-3.6010019779205322,-0.08953649550676346,1.0
maccs,all_ru_ahk,1678,-3.845402479171753,0.3837753236293793,1.0
maccs,all_ru_ahk,1679,-0.5252833962440491,3.9161112308502197,1.0
maccs,all_ru_ahk,1680,-4.1479034423828125,-1.8011140823364258,1.0
maccs,all_ru_ahk,1681,1.4827600717544556,0.43491068482398987,1.0
maccs,all_ru_ahk,1682,-2.3185875415802,-2.7851057052612305,1.0
maccs,all_ru_ahk,1683,-4.678509712219238,-0.7211124897003174,1.0
maccs,all_ru_ahk,1684,3.0745227336883545,1.5767571926116943,1.0
maccs,all_ru_ahk,1685,-5.434849262237549,-1.5667521953582764,1.0
maccs,all_ru_ahk,1686,-4.376007080078125,-0.367379367351532,1.0
maccs,all_ru_ahk,1687,10.17028522491455,0.37243014574050903,1.0
maccs,all_ru_ahk,1688,1.7624951601028442,7.392129898071289,1.0
maccs,all_ru_ahk,1689,-3.693331003189087,-0.3602791428565979,1.0
maccs,all_ru_ahk,1690,-0.45566558837890625,-1.6549745798110962,1.0
maccs,all_ru_ahk,1691,1.1398016214370728,5.177464008331299,1.0
maccs,all_ru_ahk,1692,-4.908891677856445,-0.9430821537971497,1.0
maccs,all_ru_ahk,1693,-3.6010019779205322,-0.08953649550676346,1.0
maccs,all_ru_ahk,1694,-4.915155410766602,-0.5795588493347168,1.0
maccs,all_ru_ahk,1695,-4.130209922790527,-0.9063254594802856,1.0
maccs,all_ru_ahk,1696,-4.131361961364746,-0.9070897102355957,1.0
maccs,all_ru_ahk,1697,8.049744606018066,-7.02329683303833,1.0
maccs,all_ru_ahk,1698,-3.003575563430786,-1.9257081747055054,1.0
maccs,all_ru_ahk,1699,-0.8391175866127014,5.185465335845947,1.0
maccs,all_ru_ahk,1700,-5.503424644470215,-0.996498703956604,1.0
maccs,all_ru_ahk,1701,-5.242400169372559,-0.6874970197677612,1.0
maccs,all_ru_ahk,1702,-0.13968713581562042,7.476421356201172,1.0
maccs,all_ru_ahk,1703,-3.6010019779205322,-0.08953649550676346,1.0
maccs,all_ru_ahk,1704,-4.505455017089844,-1.0563546419143677,1.0
maccs,all_ru_ahk,1705,0.3051239252090454,-1.0231531858444214,1.0
maccs,all_ru_ahk,1706,-1.5268921852111816,-0.4186892509460449,1.0
maccs,all_ru_ahk,1707,-5.63808536529541,-1.829646110534668,1.0
maccs,all_ru_ahk,1708,6.399214267730713,-6.237540245056152,1.0
maccs,all_ru_ahk,1709,-5.6683454513549805,-0.9023358821868896,1.0
maccs,all_ru_ahk,1710,-5.523074626922607,-1.4692468643188477,1.0
maccs,all_ru_ahk,1711,-4.505455017089844,-1.0563546419143677,1.0
maccs,all_ru_ahk,1712,-2.1392576694488525,-0.29489463567733765,1.0
maccs,all_ru_ahk,1713,-6.673125743865967,-1.8710582256317139,1.0
maccs,all_ru_ahk,1714,-6.431670188903809,-1.3915736675262451,1.0
maccs,all_ru_ahk,1715,-5.585139751434326,-1.8387243747711182,1.0
maccs,all_ru_ahk,1716,9.528538703918457,14.644879341125488,1.0
maccs,all_ru_ahk,1717,-4.849483966827393,-0.1684604287147522,1.0
maccs,all_ru_ahk,1718,-0.330057293176651,1.1700912714004517,1.0
maccs,all_ru_ahk,1719,-6.176056861877441,-2.270112991333008,1.0
maccs,all_ru_ahk,1720,-3.3229129314422607,-1.0229990482330322,1.0
maccs,all_ru_ahk,1721,-1.0932979583740234,4.579416275024414,1.0
maccs,all_ru_ahk,1722,-5.272679805755615,-0.6788276433944702,1.0
maccs,all_ru_ahk,1723,-5.858409881591797,-1.7838656902313232,1.0
maccs,all_ru_ahk,1724,-4.36918306350708,-2.2449307441711426,1.0
maccs,all_ru_ahk,1725,2.3679020404815674,0.500987708568573,1.0
maccs,all_ru_ahk,1726,-2.8272478580474854,-2.954026937484741,1.0
maccs,all_ru_ahk,1727,-4.961759567260742,-0.7398054599761963,1.0
maccs,all_ru_ahk,1728,-2.1914947032928467,-2.033720016479492,1.0
maccs,all_ru_ahk,1729,-3.2229578495025635,-0.29401087760925293,1.0
maccs,all_ru_ahk,1730,-2.821925163269043,-0.5109068751335144,1.0
maccs,all_ru_ahk,1731,-3.733952760696411,-0.6827118992805481,1.0
maccs,all_ru_ahk,1732,-3.89048171043396,-0.7361701130867004,1.0
maccs,all_ru_ahk,1733,-4.092051029205322,-0.8200304508209229,1.0
maccs,all_ru_ahk,1734,-3.1211912631988525,0.15874159336090088,1.0
maccs,all_ru_ahk,1735,-2.744356870651245,-0.4856465458869934,1.0
maccs,all_ru_ahk,1736,-0.768459141254425,3.912759304046631,1.0
maccs,all_ru_ahk,1737,10.609246253967285,0.35317689180374146,1.0
maccs,all_ru_ahk,1738,-0.18104712665081024,-1.353058934211731,1.0
maccs,all_ru_ahk,1739,-1.0686012506484985,4.550911903381348,1.0
maccs,all_ru_ahk,1740,-0.9640478491783142,4.464151382446289,1.0
maccs,all_ru_ahk,1741,-4.257007598876953,-0.22111767530441284,1.0
maccs,all_ru_ahk,1742,6.895415306091309,18.198009490966797,1.0
maccs,all_ru_ahk,1743,1.082710862159729,6.176322937011719,1.0
maccs,all_ru_ahk,1744,-4.908891677856445,-0.9430821537971497,1.0
maccs,all_ru_ahk,1745,13.255788803100586,20.736082077026367,1.0
maccs,all_ru_ahk,1746,10.043866157531738,2.014275312423706,1.0
maccs,all_ru_ahk,1747,-4.781383991241455,-1.2685556411743164,1.0
maccs,all_ru_ahk,1748,-3.6010019779205322,-0.08953649550676346,1.0
maccs,all_ru_ahk,1749,-2.9458529949188232,-1.173377275466919,1.0
maccs,all_ru_ahk,1750,-4.495581150054932,-0.9269225597381592,1.0
maccs,all_ru_ahk,1751,-4.496733665466309,-0.9276868104934692,1.0
maccs,all_ru_ahk,1752,-4.34020471572876,-0.8742285966873169,1.0
maccs,all_ru_ahk,1753,-4.339052200317383,-0.8734643459320068,1.0
maccs,all_ru_ahk,1754,-3.8728630542755127,-0.5695268511772156,1.0
maccs,all_ru_ahk,1755,-2.249854564666748,3.9929287433624268,1.0
maccs,all_ru_ahk,1756,1.3258346319198608,-0.3607182502746582,1.0
maccs,all_ru_ahk,1757,-4.444790840148926,-2.2533609867095947,1.0
maccs,all_ru_ahk,1758,2.542041301727295,-0.5275242328643799,1.0
maccs,all_ru_ahk,1759,-3.5556061267852783,-1.1141374111175537,1.0
maccs,all_ru_ahk,1760,-3.5187973976135254,1.5312973260879517,1.0
maccs,all_ru_ahk,1761,19.053144454956055,-16.116531372070312,1.0
maccs,all_ru_ahk,1762,-3.914071559906006,-0.7938947677612305,1.0
maccs,all_ru_ahk,1763,-4.148192882537842,-1.8013060092926025,1.0
maccs,all_ru_ahk,1764,-3.1987345218658447,-0.3009464740753174,1.0
maccs,all_ru_ahk,1765,-2.589020252227783,-0.5483989119529724,1.0
maccs,all_ru_ahk,1766,-3.984741449356079,-1.2117500305175781,1.0
maccs,all_ru_ahk,1767,-4.637301445007324,-0.49674463272094727,1.0
maccs,all_ru_ahk,1768,-4.459128379821777,-0.6895771026611328,1.0
maccs,all_ru_ahk,1769,7.214537620544434,18.53467559814453,1.0
maccs,all_ru_ahk,1770,-0.5608440041542053,-1.780639410018921,1.0
maccs,all_ru_ahk,1771,7.978105545043945,19.964385986328125,1.0
maccs,all_ru_ahk,1772,-5.629452228546143,-1.8222644329071045,1.0
maccs,all_ru_ahk,1773,-3.5251102447509766,-0.7155730128288269,1.0
maccs,all_ru_ahk,1774,-3.7751612663269043,-0.907079815864563,1.0
maccs,all_ru_ahk,1775,-4.477962493896484,-0.7602792978286743,1.0
maccs,all_ru_ahk,1776,-4.479115009307861,-0.7610435485839844,1.0
maccs,all_ru_ahk,1777,3.435340166091919,-1.6975313425064087,1.0
maccs,all_ru_ahk,1778,-5.263731956481934,-1.6931068897247314,1.0
maccs,all_ru_ahk,1779,-3.495295763015747,-1.3636211156845093,1.0
maccs,all_ru_ahk,1780,1.3278415203094482,-0.5321740508079529,1.0
maccs,all_ru_ahk,1781,-3.9395463466644287,-1.3404773473739624,1.0
maccs,all_ru_ahk,1782,14.262358665466309,15.299229621887207,1.0
maccs,all_ru_ahk,1783,-5.46319580078125,-1.5855522155761719,1.0
maccs,all_ru_ahk,1784,-4.89893913269043,-1.959145188331604,1.0
maccs,all_ru_ahk,1785,-2.5021798610687256,-0.5273110270500183,1.0
maccs,all_ru_ahk,1786,-4.242340087890625,-0.9814848899841309,1.0
maccs,all_ru_ahk,1787,-3.6360886096954346,-0.7899681925773621,1.0
maccs,all_ru_ahk,1788,-4.241188049316406,-0.9807206392288208,1.0
maccs,all_ru_ahk,1789,-1.7904192209243774,-0.8281380534172058,1.0
maccs,all_ru_ahk,1790,-5.141796112060547,-0.9055898189544678,1.0
maccs,all_ru_ahk,1791,-4.562369346618652,0.7338321805000305,1.0
maccs,all_ru_ahk,1792,11.57308292388916,15.443510055541992,1.0
maccs,all_ru_ahk,1793,-4.047237396240234,-0.8328611850738525,1.0
maccs,all_ru_ahk,1794,-6.218412399291992,-1.6319410800933838,1.0
maccs,all_ru_ahk,1795,-3.931690216064453,-0.9605380296707153,1.0
maccs,all_ru_ahk,1796,18.820398330688477,-16.213760375976562,1.0
maccs,all_ru_ahk,1797,-0.9057864546775818,4.091430187225342,1.0
maccs,all_ru_ahk,1798,-3.8571534156799316,-1.6653223037719727,1.0
maccs,all_ru_ahk,1799,-4.276063919067383,-2.221954822540283,1.0
maccs,all_ru_ahk,1800,-3.158252000808716,-1.4116255044937134,1.0
maccs,all_ru_ahk,1801,-3.0925025939941406,0.16550493240356445,1.0
maccs,all_ru_ahk,1802,-3.168455123901367,-0.3096158504486084,1.0
maccs,all_ru_ahk,1803,0.1800718754529953,-2.639591693878174,1.0
maccs,all_ru_ahk,1804,-4.983152389526367,-0.7894904613494873,1.0
maccs,all_ru_ahk,1805,-4.2281928062438965,-1.0266356468200684,1.0
maccs,all_ru_ahk,1806,-3.724903106689453,-2.047461748123169,1.0
maccs,all_ru_ahk,1807,-3.821380376815796,-0.6057350635528564,1.0
maccs,all_ru_ahk,1808,-3.005004644393921,-0.32873988151550293,1.0
maccs,all_ru_ahk,1809,-4.006003379821777,-0.8944436311721802,1.0
maccs,all_ru_ahk,1810,10.106364250183105,0.41642123460769653,1.0
maccs,all_ru_ahk,1811,-3.7313616275787354,-1.0113286972045898,1.0
maccs,all_ru_ahk,1812,2.7948243618011475,1.899388074874878,1.0
maccs,all_ru_ahk,1813,-2.952423334121704,-0.42455416917800903,1.0
maccs,all_ru_ahk,1814,-0.23492540419101715,-1.3757585287094116,1.0
maccs,all_ru_ahk,1815,-4.2636823654174805,-0.6838637590408325,1.0
maccs,all_ru_ahk,1816,-2.674617052078247,-0.011374031193554401,1.0
maccs,all_ru_ahk,1817,-5.886619567871094,-1.3485937118530273,1.0
maccs,all_ru_ahk,1818,-3.7344579696655273,-0.5039854049682617,1.0
maccs,all_ru_ahk,1819,-3.8983311653137207,-0.5889959335327148,1.0
maccs,all_ru_ahk,1820,-1.989714503288269,-1.957444429397583,1.0
maccs,all_ru_ahk,1821,-5.137749195098877,-2.2840347290039062,1.0
maccs,all_ru_ahk,1822,-5.163615703582764,-1.544752597808838,1.0
maccs,all_ru_ahk,1823,-3.870271921157837,-0.8981435894966125,1.0
maccs,all_ru_ahk,1824,-4.13685417175293,-0.2981335520744324,1.0
maccs,all_ru_ahk,1825,-5.29296875,-1.6198246479034424,1.0
maccs,all_ru_ahk,1826,-4.593564033508301,-1.0472328662872314,1.0
maccs,all_ru_ahk,1827,-3.887890577316284,-1.0647869110107422,1.0
maccs,all_ru_ahk,1828,1.4827600717544556,0.43491068482398987,1.0
maccs,all_ru_ahk,1829,-5.287955284118652,-1.686171293258667,1.0
maccs,all_ru_ahk,1830,0.23544920980930328,-1.3347444534301758,1.0
maccs,all_ru_ahk,1831,-0.953890860080719,4.316695213317871,1.0
maccs,all_ru_ahk,1832,-3.5788848400115967,1.1390044689178467,1.0
maccs,all_ru_ahk,1833,-5.2426605224609375,-0.6876696348190308,1.0
maccs,all_ru_ahk,1834,19.555997848510742,15.957221984863281,1.0
maccs,all_ru_ahk,1835,-5.869030952453613,-0.006075028795748949,1.0
maccs,all_ru_ahk,1836,-3.6772968769073486,-1.014336109161377,1.0
maccs,all_ru_ahk,1837,-4.43703556060791,-0.9937745332717896,1.0
maccs,all_ru_ahk,1838,-5.164431571960449,0.33908912539482117,1.0
maccs,all_ru_ahk,1839,-5.806859970092773,-1.3751108646392822,1.0
maccs,all_ru_ahk,1840,-5.203952312469482,-1.1325809955596924,1.0
maccs,all_ru_ahk,1841,-5.556214332580566,-0.9625368118286133,1.0
maccs,all_ru_ahk,1842,-4.717775821685791,-0.4520491361618042,1.0
maccs,all_ru_ahk,1843,-5.056835651397705,-1.4917664527893066,1.0
maccs,all_ru_ahk,1844,-3.4195098876953125,-1.0115349292755127,1.0
maccs,all_ru_ahk,1845,-3.242509603500366,-1.7003155946731567,1.0
maccs,all_ru_ahk,1846,-4.276063919067383,-2.221954822540283,1.0
maccs,all_ru_ahk,1847,-1.8765466213226318,-2.541269063949585,1.0
maccs,all_ru_ahk,1848,5.2870025634765625,-3.19805645942688,1.0
maccs,all_ru_ahk,1849,-3.3175761699676514,-1.1849353313446045,1.0
maccs,all_ru_ahk,1850,-5.680669784545898,-0.9748262166976929,1.0
maccs,all_ru_ahk,1851,-4.575945854187012,-0.880589485168457,1.0
maccs,all_ru_ahk,1852,-3.3220572471618652,-1.0104577541351318,1.0
maccs,all_ru_ahk,1853,-4.981044292449951,-0.4551595449447632,1.0
maccs,all_ru_ahk,1854,-5.272526741027832,-0.822982907295227,1.0
maccs,all_ru_ahk,1855,-4.250148296356201,-0.8772323131561279,1.0
maccs,all_ru_ahk,1856,-0.5819297432899475,-1.8101643323898315,1.0
maccs,all_ru_ahk,1857,-5.223542213439941,-0.8398163318634033,1.0
maccs,all_ru_ahk,1858,-3.606755256652832,0.765136182308197,1.0
maccs,all_ru_ahk,1859,-3.5663187503814697,-0.9399409294128418,1.0
maccs,all_ru_ahk,1860,16.766082763671875,-13.828741073608398,1.0
maccs,all_ru_ahk,1861,-5.078655242919922,-0.5109477043151855,1.0
maccs,all_ru_ahk,1862,1.4225181341171265,-0.5262395143508911,1.0
maccs,all_ru_ahk,1863,-3.3451645374298096,-0.40738558769226074,1.0
maccs,all_ru_ahk,1864,-1.6231037378311157,-0.22150397300720215,1.0
maccs,all_ru_ahk,1865,-4.637301445007324,-0.49674463272094727,1.0
maccs,all_ru_ahk,1866,-1.047774076461792,4.511106014251709,1.0
maccs,all_ru_ahk,1867,9.250364303588867,-0.874334990978241,1.0
maccs,all_ru_ahk,1868,18.820398330688477,-16.213760375976562,1.0
maccs,all_ru_ahk,1869,-3.774092435836792,0.6268802285194397,1.0
maccs,all_ru_ahk,1870,-6.053995132446289,-1.0886001586914062,1.0
maccs,all_ru_ahk,1871,-1.4615675210952759,6.9725213050842285,1.0
maccs,all_ru_ahk,1872,-1.4650901556015015,-1.721996545791626,1.0
maccs,all_ru_ahk,1873,-1.4794354438781738,-2.6848185062408447,1.0
maccs,all_ru_ahk,1874,-1.4241371154785156,7.372446537017822,1.0
maccs,all_ru_ahk,1875,0.33940690755844116,-1.0567286014556885,1.0
maccs,all_ru_ahk,1876,-6.075413703918457,-1.9880516529083252,1.0
maccs,all_ru_ahk,1877,-5.434962749481201,-1.3906173706054688,1.0
maccs,all_ru_ahk,1878,2.872957229614258,0.8974557518959045,1.0
maccs,all_ru_ahk,1879,-3.3220572471618652,-1.0104577541351318,1.0
maccs,all_ru_ahk,1880,-5.846144199371338,-1.3302953243255615,1.0
maccs,all_ru_ahk,1881,-5.336616039276123,-0.8451547622680664,1.0
maccs,all_ru_ahk,1882,1.3258346319198608,-0.3607182502746582,1.0
maccs,all_ru_ahk,1883,0.6124188899993896,-2.12284255027771,1.0
maccs,all_ru_ahk,1884,-4.92237663269043,-0.22012406587600708,1.0
maccs,all_ru_ahk,1885,-4.444790840148926,-2.2533609867095947,1.0
maccs,all_ru_ahk,1886,-3.633497476577759,-1.1185849905014038,1.0
maccs,all_ru_ahk,1887,-1.8573566675186157,6.808167934417725,1.0
maccs,all_ru_ahk,1888,-5.2952046394348145,-2.173015832901001,1.0
maccs,all_ru_ahk,1889,-5.11027717590332,-0.8947169780731201,1.0
maccs,all_ru_ahk,1890,-3.111377239227295,-1.980722427368164,1.0
maccs,all_ru_ahk,1891,8.074687957763672,-7.0495924949646,1.0
maccs,all_ru_ahk,1892,-4.127973556518555,-0.6920926570892334,1.0
maccs,all_ru_ahk,1893,2.5523812770843506,-5.891841411590576,1.0
maccs,all_ru_ahk,1894,-4.496687412261963,-1.5750007629394531,1.0
maccs,all_ru_ahk,1895,-3.7304370403289795,1.3918836116790771,1.0
maccs,all_ru_ahk,1896,-2.3362362384796143,-2.1254758834838867,1.0
maccs,all_ru_ahk,1897,-3.1512935161590576,-0.4921852946281433,1.0
maccs,all_ru_ahk,1898,-2.921130895614624,-1.1364063024520874,1.0
maccs,all_ru_ahk,1899,-1.05043363571167,4.54571008682251,1.0
maccs,all_ru_ahk,1900,-4.339170932769775,-1.1010308265686035,1.0
maccs,all_ru_ahk,1901,-3.522519111633301,-1.0441898107528687,1.0
maccs,all_ru_ahk,1902,0.465300977230072,1.6513358354568481,1.0
maccs,all_ru_ahk,1903,-5.947584629058838,-1.8946692943572998,1.0
maccs,all_ru_ahk,1904,-5.344407081604004,0.22937285900115967,1.0
maccs,all_ru_ahk,1905,-3.7641379833221436,-1.0354242324829102,1.0
maccs,all_ru_ahk,1906,-4.775990962982178,-1.7655584812164307,1.0
maccs,all_ru_ahk,1907,-6.270147323608398,-0.9499521255493164,1.0
maccs,all_ru_ahk,1908,-5.730580806732178,-1.6904833316802979,1.0
maccs,all_ru_ahk,1909,-4.760098934173584,0.5899085402488708,1.0
maccs,all_ru_ahk,1910,-5.078145980834961,-0.6732579469680786,1.0
maccs,all_ru_ahk,1911,-3.6531596183776855,-0.9610289335250854,1.0
maccs,all_ru_ahk,1912,-3.86200213432312,-0.9281678199768066,1.0
maccs,all_ru_ahk,1913,-4.152052402496338,-1.6190658807754517,1.0
maccs,all_ru_ahk,1914,-4.822983741760254,-1.7337391376495361,1.0
maccs,all_ru_ahk,1915,-5.029458999633789,-0.2781776189804077,1.0
maccs,all_ru_ahk,1916,-0.4656725525856018,9.151460647583008,1.0
maccs,all_ru_ahk,1917,-3.107647657394409,-1.5439832210540771,1.0
maccs,all_ru_ahk,1918,6.392354965209961,-5.867890357971191,1.0
maccs,all_ru_ahk,1919,-5.468976974487305,-1.9378528594970703,1.0
maccs,all_ru_ahk,1920,6.211333751678467,-6.119571685791016,1.0
maccs,all_ru_ahk,1921,-4.000912666320801,-0.8149827718734741,1.0
maccs,all_ru_ahk,1922,-4.018531322479248,-0.981626033782959,1.0
maccs,all_ru_ahk,1923,-5.249950408935547,-0.8779854774475098,1.0
maccs,all_ru_ahk,1924,-6.10081672668457,-0.9017044305801392,1.0
maccs,all_ru_ahk,1925,-5.371852874755859,-0.7171788215637207,1.0
maccs,all_ru_ahk,1926,-0.10658533126115799,3.9994540214538574,1.0
maccs,all_ru_ahk,1927,-4.108777046203613,-1.2215101718902588,1.0
maccs,all_ru_ahk,1928,-6.0585036277771,-1.0034253597259521,1.0
maccs,all_ru_ahk,1929,2.7761011123657227,15.578460693359375,1.0
maccs,all_ru_ahk,1930,19.331165313720703,-16.317726135253906,1.0
maccs,all_ru_ahk,1931,-0.258700430393219,7.460925579071045,1.0
maccs,all_ru_ahk,1932,0.10175590962171555,1.7719887495040894,1.0
maccs,all_ru_ahk,1933,4.259389877319336,2.7836830615997314,1.0
maccs,all_ru_ahk,1934,-1.1407989263534546,7.8506927490234375,1.0
maccs,all_ru_ahk,1935,-0.9276466965675354,-3.226639747619629,1.0
maccs,all_ru_ahk,1936,-3.483403205871582,0.1979348063468933,1.0
maccs,all_ru_ahk,1937,-5.766696453094482,-1.96150541305542,1.0
maccs,all_ru_ahk,1938,-5.000223636627197,-0.7291615009307861,1.0
maccs,all_ru_ahk,1939,-5.419222831726074,-0.5255913734436035,1.0
maccs,all_ru_ahk,1940,-4.843745231628418,-1.5427992343902588,1.0
maccs,all_ru_ahk,1941,-5.245264053344727,-0.6893962621688843,1.0
maccs,all_ru_ahk,1942,-5.6793951988220215,-1.7144749164581299,1.0
maccs,all_ru_ahk,1943,-4.838061332702637,-1.3630390167236328,1.0
maccs,all_ru_ahk,1944,-5.598208427429199,-0.19321489334106445,1.0
maccs,all_ru_ahk,1945,-1.4725841283798218,7.386317729949951,1.0
maccs,all_ru_ahk,1946,19.85405921936035,-16.276155471801758,1.0
maccs,all_ru_ahk,1947,1.4225181341171265,-0.5262395143508911,1.0
maccs,all_ru_ahk,1948,-5.431122779846191,-1.302105188369751,1.0
maccs,all_ru_ahk,1949,-5.515042304992676,-1.335688829421997,1.0
maccs,all_ru_ahk,1950,-5.366871356964111,0.26694047451019287,1.0
maccs,all_ru_ahk,1951,-0.6978427767753601,-1.6133100986480713,1.0
maccs,all_ru_ahk,1952,7.769592761993408,-4.049779891967773,1.0
maccs,all_ru_ahk,1953,-1.2862071990966797,7.288722515106201,1.0
maccs,all_ru_ahk,1954,-4.94659948348999,-1.8540828227996826,1.0
maccs,all_ru_ahk,1955,2.759337902069092,4.541282653808594,1.0
maccs,all_ru_ahk,1956,-5.242400169372559,-0.6874970197677612,1.0
maccs,all_ru_ahk,1957,-5.162065505981445,-0.7068413496017456,1.0
maccs,all_ru_ahk,1958,-1.2414911985397339,7.332038879394531,1.0
maccs,all_ru_ahk,1959,-5.7211127281188965,-0.8928083181381226,1.0
maccs,all_ru_ahk,1960,0.04807131737470627,7.329169273376465,1.0
maccs,all_ru_ahk,1961,10.723249435424805,-1.690368890762329,1.0
maccs,all_ru_ahk,1962,-5.000223636627197,-0.7291615009307861,1.0
maccs,all_ru_ahk,1963,-5.608826160430908,-0.7277132272720337,1.0
maccs,all_ru_ahk,1964,-1.1407989263534546,7.8506927490234375,1.0
maccs,all_ru_ahk,1965,-5.036577224731445,-1.4852344989776611,1.0
maccs,all_ru_ahk,1966,-1.6900948286056519,-1.4235748052597046,1.0
maccs,all_ru_ahk,1967,-5.781938552856445,-1.3196501731872559,1.0
maccs,all_ru_ahk,1968,-5.141182899475098,-0.7329248189926147,1.0
maccs,all_ru_ahk,1969,-0.38494259119033813,7.67688512802124,1.0
maccs,all_ru_ahk,1970,19.839996337890625,-16.408838272094727,1.0
maccs,all_ru_ahk,1971,6.384255409240723,17.78048324584961,1.0
maccs,all_ru_ahk,1972,-0.048865146934986115,-2.703395128250122,1.0
maccs,all_ru_ahk,1973,18.997102737426758,-15.564702033996582,1.0
maccs,all_ru_ahk,1974,-0.16923268139362335,7.303033828735352,1.0
maccs,all_ru_ahk,1975,19.13364601135254,-16.10480499267578,1.0
maccs,all_ru_ahk,1976,-4.821173667907715,0.36027246713638306,1.0
maccs,all_ru_ahk,1977,-6.107870101928711,-0.9374158382415771,1.0
maccs,all_ru_ahk,1978,19.29422950744629,-15.412412643432617,1.0
maccs,all_ru_ahk,1979,6.563354015350342,-6.530906677246094,1.0
maccs,all_ru_ahk,1980,19.19483184814453,-16.220447540283203,1.0
maccs,all_ru_ahk,1981,-4.301279067993164,-0.4337347745895386,1.0
maccs,all_ru_ahk,1982,-4.383971214294434,-1.1119184494018555,1.0
maccs,all_ru_ahk,1983,18.680530548095703,-16.429183959960938,1.0
maccs,all_ru_ahk,1984,-5.766696453094482,-1.96150541305542,1.0
maccs,all_ru_ahk,1985,-0.5685359835624695,-1.849128007888794,1.0
maccs,all_ru_ahk,1986,-2.460498809814453,5.809438228607178,1.0
maccs,all_ru_ahk,1987,-2.051622152328491,4.125332832336426,1.0
maccs,all_ru_ahk,1988,-5.472294807434082,-0.9289534091949463,1.0
maccs,all_ru_ahk,1989,-2.4530513286590576,4.539813041687012,1.0
maccs,all_ru_ahk,1990,3.139646291732788,15.457807540893555,1.0
maccs,all_ru_ahk,1991,19.09480857849121,-16.135475158691406,1.0
maccs,all_ru_ahk,1992,-5.608826160430908,-0.7277132272720337,1.0
maccs,all_ru_ahk,1993,-4.989900588989258,0.32886654138565063,1.0
maccs,all_ru_ahk,1994,-3.8104305267333984,-1.0020151138305664,1.0
maccs,all_ru_ahk,1995,-4.11272668838501,-1.6006040573120117,1.0
maccs,all_ru_ahk,1996,-5.399176597595215,-0.625617504119873,1.0
maccs,all_ru_ahk,1997,-3.6718881130218506,-0.19625037908554077,1.0
maccs,all_ru_ahk,1998,-3.843623399734497,1.0775021314620972,1.0
maccs,all_ru_ahk,1999,19.362775802612305,-16.264087677001953,1.0
maccs,all_ru_ahk,2000,-4.791445732116699,-1.4375224113464355,1.0
maccs,all_ru_ahk,2001,-2.0231716632843018,-0.8462633490562439,1.0
maccs,all_ru_ahk,2002,-2.319007635116577,-2.412717580795288,1.0
maccs,all_ru_ahk,2003,-5.765464782714844,-1.829125165939331,1.0
maccs,all_ru_ahk,2004,20.80144500732422,-13.646729469299316,1.0
maccs,all_ru_ahk,2005,6.762355327606201,-5.920314788818359,1.0
maccs,all_ru_ahk,2006,19.68874740600586,-16.222049713134766,1.0
maccs,all_ru_ahk,2007,-5.371852874755859,-0.7171788215637207,1.0
maccs,all_ru_ahk,2008,-1.6956902742385864,7.093072414398193,1.0
maccs,all_ru_ahk,2009,-3.3210763931274414,1.7004914283752441,1.0
maccs,all_ru_ahk,2010,-3.8251254558563232,0.35181015729904175,1.0
maccs,all_ru_ahk,2011,-2.897165536880493,1.4087896347045898,1.0
maccs,all_ru_ahk,2012,-1.1407989263534546,7.8506927490234375,1.0
maccs,all_ru_ahk,2013,-2.497767686843872,4.496497631072998,1.0
maccs,all_ru_ahk,2014,-1.4722075462341309,6.955092906951904,1.0
maccs,all_ru_ahk,2015,-3.035095453262329,1.4925134181976318,1.0
maccs,all_ru_ahk,2016,19.55970001220703,-16.264556884765625,1.0
maccs,all_ru_ahk,2017,17.704954147338867,-16.21061134338379,1.0
maccs,all_ru_ahk,2018,-4.806693077087402,-0.5290111303329468,1.0
maccs,all_ru_ahk,2019,-3.608760356903076,1.3936545848846436,1.0
maccs,all_ru_ahk,2020,-2.8705601692199707,4.264069557189941,1.0
maccs,all_ru_ahk,2021,-3.4708306789398193,1.3099308013916016,1.0
maccs,all_ru_ahk,2022,-2.635697364807129,4.580221652984619,1.0
maccs,all_ru_ahk,2023,-3.269958257675171,1.176361083984375,1.0
maccs,all_ru_ahk,2024,-1.4241371154785156,7.372446537017822,1.0
maccs,all_ru_ahk,2025,-4.095263481140137,-0.6286507248878479,1.0
maccs,all_ru_ahk,2026,-0.27077943086624146,-1.010229468345642,1.0
maccs,all_ru_ahk,2027,-5.7769670486450195,0.3831677734851837,1.0
maccs,all_ru_ahk,2028,-5.997165679931641,-0.9622185230255127,1.0
maccs,all_ru_ahk,2029,-3.0916826725006104,3.092170000076294,1.0
maccs,all_ru_ahk,2030,-2.2768044471740723,3.561892032623291,1.0
maccs,all_ru_ahk,2031,-4.282422065734863,-0.5860543251037598,1.0
maccs,all_ru_ahk,2032,-5.651096343994141,-2.003396987915039,1.0
maccs,all_ru_ahk,2033,-2.794646978378296,0.015549118630588055,1.0
maccs,substrate_similar,0,-4.503108024597168,0.3184077739715576,1.0
maccs,substrate_similar,1,-4.168088912963867,0.33528122305870056,1.0
maccs,substrate_similar,2,-4.160972595214844,0.3239135444164276,1.0
maccs,substrate_similar,3,-4.168088912963867,0.33528122305870056,1.0
maccs,substrate_similar,4,-4.867469310760498,-0.9301412105560303,1.0
maccs,substrate_similar,5,-4.428022384643555,-1.723061442375183,0.8
maccs,substrate_similar,6,-4.428906440734863,-1.7220412492752075,0.8
maccs,substrate_similar,7,0.4766605496406555,4.091916084289551,1.0
maccs,substrate_similar,8,-4.890527248382568,-1.4050947427749634,0.8
maccs,substrate_similar,9,-5.195540428161621,-0.5785305500030518,1.0
maccs,substrate_similar,10,-5.898622989654541,-0.8895931243896484,0.6
maccs,substrate_similar,11,-5.195540428161621,-0.5785305500030518,1.0
maccs,substrate_similar,12,-5.514662742614746,-0.9151962995529175,0.6
maccs,substrate_similar,13,-4.489802837371826,0.3272322118282318,1.0
maccs,substrate_similar,14,12.525628089904785,21.111936569213867,0.8
maccs,substrate_similar,15,12.525628089904785,21.111936569213867,0.8
maccs,substrate_similar,16,12.530696868896484,21.1060848236084,0.8
maccs,substrate_similar,17,12.54863452911377,21.08538246154785,0.8
maccs,substrate_similar,18,-3.526280164718628,0.7204411625862122,1.0
maccs,substrate_similar,19,-5.344115734100342,-1.9676481485366821,0.8
maccs,substrate_similar,20,-4.562456130981445,-1.756705403327942,0.8
maccs,substrate_similar,21,-5.052158355712891,-1.2331631183624268,0.6
maccs,substrate_similar,22,-4.562456130981445,-1.756705403327942,0.8
maccs,substrate_similar,23,-4.984813690185547,-1.784920573234558,0.8
maccs,substrate_similar,24,12.587109565734863,21.04097557067871,0.8
maccs,substrate_similar,25,3.631086587905884,11.138351440429688,1.0
maccs,substrate_similar,26,1.2709800004959106,0.8058256506919861,0.4
maccs,substrate_similar,27,-5.514662742614746,-0.9151962995529175,0.6
maccs,substrate_similar,28,12.525511741638184,21.111860275268555,0.8
maccs,substrate_similar,29,12.525541305541992,21.111879348754883,0.8
maccs,substrate_similar,30,6.859757900238037,-2.7387313842773438,1.0
maccs,substrate_similar,31,0.249823197722435,0.1794542670249939,1.0
maccs,substrate_similar,32,1.4461231231689453,0.35544756054878235,1.0
maccs,substrate_similar,33,1.020007610321045,0.32185232639312744,1.0
maccs,substrate_similar,34,1.2891978025436401,-0.4401813745498657,1.0
maccs,substrate_similar,35,0.3100651204586029,1.140604019165039,1.0
maccs,substrate_similar,36,0.15313950181007385,0.34497570991516113,1.0
maccs,substrate_similar,37,-0.11605052649974823,1.107008695602417,1.0
maccs,substrate_similar,38,4.610904216766357,-1.533754587173462,0.2
maccs,substrate_similar,39,-4.428022384643555,-1.723061442375183,0.8
maccs,substrate_similar,40,12.525579452514648,21.11190414428711,0.8
maccs,substrate_similar,41,-5.645303726196289,-0.8320356011390686,0.8
maccs,substrate_similar,42,-2.5665276050567627,-1.5514402389526367,1.0
maccs,substrate_similar,43,-4.259998798370361,-1.1411948204040527,0.8
maccs,substrate_similar,44,-2.5551583766937256,-1.2169277667999268,1.0
maccs,substrate_similar,45,-4.230840682983398,-1.1511504650115967,0.8
maccs,substrate_similar,46,-4.016376495361328,-1.1125309467315674,0.8
maccs,substrate_similar,47,-2.780991554260254,-1.590059757232666,1.0
maccs,substrate_similar,48,-2.3406944274902344,-1.1783087253570557,1.0
maccs,substrate_similar,49,-2.5551583766937256,-1.2169277667999268,1.0
maccs,substrate_similar,50,-2.324716091156006,-1.280256748199463,1.0
maccs,substrate_similar,51,-2.539180040359497,-1.3188762664794922,1.0
maccs,substrate_similar,52,-3.0835142135620117,-1.420041561126709,1.0
maccs,substrate_similar,53,-3.297978162765503,-1.4586610794067383,1.0
maccs,substrate_similar,54,6.176024436950684,11.318422317504883,0.8
maccs,substrate_similar,55,12.525604248046875,21.111921310424805,0.8
maccs,substrate_similar,56,-5.344115734100342,-1.9676481485366821,0.8
maccs,substrate_similar,57,6.573575496673584,11.76961612701416,0.8
maccs,substrate_similar,58,7.90414571762085,13.95748519897461,0.8
maccs,substrate_similar,59,-5.529106140136719,-1.4224152565002441,0.6
maccs,substrate_similar,60,-4.521010398864746,-1.937916874885559,0.8
maccs,substrate_similar,61,-5.18894624710083,-1.3437695503234863,1.0
maccs,substrate_similar,62,-4.867232322692871,-1.3357205390930176,1.0
maccs,substrate_similar,63,3.9361324310302734,6.523576736450195,0.8
maccs,substrate_similar,64,-4.4858293533325195,-2.045198678970337,0.8
maccs,substrate_similar,65,4.061062335968018,7.244890213012695,0.8
maccs,substrate_similar,66,-5.186591625213623,-1.2668070793151855,0.6
maccs,substrate_similar,67,12.525569915771484,21.11189842224121,0.8
maccs,substrate_similar,68,4.0806989669799805,7.243641376495361,0.8
maccs,substrate_similar,69,4.061062335968018,7.244890213012695,0.8
maccs,substrate_similar,70,4.061062335968018,7.244890213012695,0.8
maccs,substrate_similar,71,-4.221064567565918,-1.9689592123031616,0.8
maccs,substrate_similar,72,-4.428022384643555,-1.723061442375183,0.6
maccs,substrate_similar,73,3.9361324310302734,6.523576736450195,0.8
maccs,substrate_similar,74,3.1595726013183594,1.7636852264404297,1.0
maccs,substrate_similar,75,-3.566739320755005,-1.3534159660339355,1.0
maccs,substrate_similar,76,-5.145146369934082,-1.4480185508728027,0.6
maccs,substrate_similar,77,-5.18894624710083,-1.3437695503234863,1.0
maccs,substrate_similar,78,2.650326728820801,6.05235481262207,0.8
maccs,substrate_similar,79,-5.713642120361328,-0.7055577039718628,0.6
maccs,substrate_similar,80,-5.529106140136719,-1.4224152565002441,0.4
maccs,substrate_similar,81,12.811604499816895,20.966026306152344,0.8
maccs,substrate_similar,82,12.009342193603516,15.888774871826172,0.2
maccs,substrate_similar,83,12.13288688659668,21.129104614257812,0.8
maccs,substrate_similar,84,12.811604499816895,20.966026306152344,0.8
maccs,substrate_similar,85,-5.637016296386719,-0.9940509796142578,0.4
maccs,substrate_similar,86,-2.342458963394165,0.6170071363449097,1.0
maccs,substrate_similar,87,-5.428172588348389,-2.0257933139801025,0.6
maccs,substrate_similar,88,12.437591552734375,21.1492862701416,1.0
maccs,substrate_similar,89,-4.221948146820068,-1.9679392576217651,0.6
maccs,substrate_similar,90,-4.267531394958496,2.28267502784729,1.0
maccs,substrate_similar,91,-4.631610870361328,2.0494909286499023,1.0
maccs,substrate_similar,92,12.863579750061035,20.577831268310547,0.8
maccs,substrate_similar,93,-4.867469310760498,-0.9301412105560303,1.0
maccs,substrate_similar,94,3.022465229034424,-6.205086708068848,0.2
maccs,substrate_similar,95,-1.4573560953140259,-0.5477392077445984,1.0
maccs,substrate_similar,96,-3.962517499923706,1.4561108350753784,0.6
maccs,substrate_similar,97,-5.289827346801758,-0.9583563804626465,1.0
maccs,substrate_similar,98,-1.0644774436950684,-2.524040937423706,1.0
maccs,substrate_similar,99,-3.5576937198638916,-1.4514086246490479,0.6
maccs,substrate_similar,100,-4.562456130981445,-1.756705403327942,0.6
maccs,substrate_similar,101,-2.080561876296997,-0.1793321967124939,0.4
maccs,substrate_similar,102,-3.734539270401001,-0.5846470594406128,1.0
maccs,substrate_similar,103,-3.6862258911132812,-1.2511320114135742,1.0
maccs,substrate_similar,104,-2.6463751792907715,-1.0781331062316895,0.6
maccs,substrate_similar,105,-2.280778169631958,-0.7054761052131653,1.0
maccs,substrate_similar,106,-4.638348579406738,-2.2607510089874268,0.6
maccs,substrate_similar,107,-4.638348579406738,-2.2607510089874268,0.6
maccs,substrate_similar,108,-5.646444320678711,-1.7452492713928223,0.4
maccs,substrate_similar,109,-4.987819671630859,-1.654803991317749,1.0
maccs,substrate_similar,110,-5.306283950805664,-1.6666035652160645,1.0
maccs,substrate_similar,111,-4.126880168914795,0.5596490502357483,1.0
maccs,substrate_similar,112,1.8951148986816406,0.3159264624118805,0.2
maccs,substrate_similar,113,1.294803261756897,1.125573992729187,1.0
maccs,substrate_similar,114,-4.428906440734863,-1.7220412492752075,0.6
maccs,substrate_similar,115,-4.1315083503723145,0.5565797090530396,1.0
maccs,substrate_similar,116,-4.733036041259766,-0.8964972496032715,1.0
maccs,substrate_similar,117,-4.984813690185547,-1.784920573234558,0.6
maccs,substrate_similar,118,-4.627320289611816,-0.789350152015686,0.6
maccs,substrate_similar,119,1.3858811855316162,-0.6057026386260986,1.0
maccs,substrate_similar,120,1.342645287513733,0.5898564457893372,0.6
maccs,substrate_similar,121,-5.6491289138793945,-1.1410839557647705,1.0
maccs,substrate_similar,122,-4.6567463874816895,-1.566369652748108,0.6
maccs,substrate_similar,123,-4.984646797180176,-1.8386083841323853,0.6
maccs,substrate_similar,124,-6.011251926422119,-1.7843635082244873,1.0
maccs,substrate_similar,125,-5.955894947052002,-1.3993065357208252,0.2
maccs,substrate_similar,126,-6.220841407775879,-1.8594605922698975,0.2
maccs,substrate_similar,127,-5.413081169128418,-1.9114035367965698,0.4
maccs,substrate_similar,128,-5.759303092956543,-1.3092072010040283,1.0
maccs,substrate_similar,129,-4.045534610748291,-1.1025753021240234,0.8
maccs,substrate_similar,130,-3.606455087661743,-1.0257246494293213,1.0
maccs,substrate_similar,131,-3.606455087661743,-1.0257246494293213,1.0
maccs,substrate_similar,132,-4.132816314697266,-1.1272523403167725,0.8
maccs,substrate_similar,133,-4.130213260650635,-1.125525712966919,0.8
maccs,substrate_similar,134,-4.733920097351074,-0.8954770565032959,1.0
maccs,substrate_similar,135,-4.9172868728637695,-1.7115055322647095,0.4
maccs,substrate_similar,136,-5.9682512283325195,-1.4777498245239258,0.6
maccs,substrate_similar,137,-3.100708246231079,-1.3024077415466309,1.0
maccs,substrate_similar,138,-1.7964876890182495,0.09786408394575119,0.2
maccs,substrate_similar,139,-2.3735640048980713,-2.18957781791687,1.0
maccs,substrate_similar,140,-2.3537328243255615,-1.7839744091033936,0.8
maccs,substrate_similar,141,-4.823432922363281,-1.4399694204330444,0.8
maccs,substrate_similar,142,12.427644729614258,20.991626739501953,0.6
maccs,substrate_similar,143,12.55372428894043,21.06524085998535,1.0
maccs,substrate_similar,144,12.88393783569336,20.98622703552246,0.8
maccs,substrate_similar,145,12.927738189697266,20.88197898864746,0.8
maccs,substrate_similar,146,12.13288688659668,21.129104614257812,0.8
maccs,substrate_similar,147,12.24902057647705,21.045059204101562,1.0
maccs,substrate_similar,148,12.767805099487305,21.07027244567871,0.6
maccs,substrate_similar,149,13.43574047088623,20.476125717163086,1.0
maccs,substrate_similar,150,12.437591552734375,21.1492862701416,1.0
maccs,substrate_similar,151,-4.826024055480957,-1.1113526821136475,1.0
maccs,substrate_similar,152,-1.9385907649993896,-2.3215832710266113,1.0
maccs,substrate_similar,153,-4.630454063415527,2.050258159637451,0.8
maccs,substrate_similar,154,-1.4083620309829712,1.393194317817688,1.0
maccs,substrate_similar,155,-1.3505589962005615,-0.5923731327056885,1.0
maccs,substrate_similar,156,-1.3375585079193115,-0.5837510824203491,1.0
maccs,substrate_similar,157,-4.539480209350586,-2.034651041030884,0.4
maccs,substrate_similar,158,-4.618443489074707,-0.6490639448165894,1.0
maccs,substrate_similar,159,-4.562456130981445,-1.756705403327942,0.4
maccs,substrate_similar,160,-5.186591625213623,-1.2668070793151855,0.6
maccs,substrate_similar,161,-4.428022384643555,-1.723061442375183,0.4
maccs,substrate_similar,162,-4.668832778930664,-2.1097230911254883,0.4
maccs,substrate_similar,163,-5.005316734313965,-2.3121628761291504,0.4
maccs,substrate_similar,164,-5.428172588348389,-2.0257933139801025,0.4
maccs,substrate_similar,165,1.8345869779586792,-0.19909924268722534,0.6
maccs,substrate_similar,166,-5.013949871063232,-2.319544553756714,0.4
maccs,substrate_similar,167,1.5269883871078491,3.678694248199463,1.0
maccs,substrate_similar,168,-1.5648491382598877,2.0154170989990234,1.0
maccs,substrate_similar,169,-1.5648491382598877,2.0154170989990234,1.0
maccs,substrate_similar,170,1.1730676889419556,15.538312911987305,1.0
maccs,substrate_similar,171,-4.8322906494140625,0.24704256653785706,0.4
maccs,substrate_similar,172,-4.961004257202148,-2.328622817993164,0.4
maccs,substrate_similar,173,-4.221064567565918,-1.9689592123031616,0.4
maccs,substrate_similar,174,-1.5541387796401978,-0.7804545164108276,1.0
maccs,substrate_similar,175,-2.983860492706299,-1.0165388584136963,0.4
maccs,substrate_similar,176,4.036486625671387,1.784149169921875,1.0
maccs,substrate_similar,177,3.1770098209381104,0.8789356350898743,1.0
maccs,substrate_similar,178,1.7210956811904907,2.4181325435638428,1.0
maccs,substrate_similar,179,-2.886244297027588,-1.2637887001037598,1.0
maccs,substrate_similar,180,-0.06537682563066483,4.223822116851807,1.0
maccs,substrate_similar,181,-1.9866889715194702,-2.922941207885742,1.0
maccs,substrate_similar,182,-5.608949661254883,-1.2950222492218018,0.6
maccs,substrate_similar,183,-4.845200061798096,-1.4790608882904053,0.6
maccs,substrate_similar,184,-5.052158355712891,-1.2331631183624268,0.6
maccs,substrate_similar,185,-1.5648491382598877,2.0154170989990234,1.0
maccs,substrate_similar,186,-1.5648491382598877,2.0154170989990234,1.0
maccs,substrate_similar,187,2.8571536540985107,1.632976770401001,1.0
maccs,substrate_similar,188,-2.3138551712036133,-0.316327840089798,1.0
maccs,substrate_similar,189,-1.183517336845398,-0.5375635027885437,1.0
maccs,substrate_similar,190,-1.4043196439743042,1.3864259719848633,1.0
maccs,substrate_similar,191,-1.777413249015808,-0.1169850304722786,0.6
maccs,substrate_similar,192,-0.824644148349762,-0.4476257562637329,0.8
maccs,substrate_similar,193,-5.7959465980529785,-0.5994466543197632,0.4
maccs,substrate_similar,194,-3.867948293685913,0.33746790885925293,1.0
maccs,substrate_similar,195,-1.0242949724197388,0.14793357253074646,1.0
maccs,substrate_similar,196,-4.758403301239014,0.5295263528823853,1.0
maccs,substrate_similar,197,-4.717294692993164,2.029170036315918,0.8
maccs,substrate_similar,198,12.661639213562012,21.051921844482422,1.0
maccs,substrate_similar,199,12.767805099487305,21.07027244567871,0.6
maccs,substrate_similar,200,12.680964469909668,21.049184799194336,1.0
maccs,substrate_similar,201,12.427644729614258,20.991626739501953,0.6
maccs,substrate_similar,202,12.798670768737793,20.757780075073242,0.2
maccs,substrate_similar,203,12.524328231811523,21.11343765258789,0.8
maccs,substrate_similar,204,12.02401351928711,20.84993553161621,0.8
maccs,substrate_similar,205,-1.5517154932022095,-3.0549466609954834,1.0
maccs,substrate_similar,206,-3.759268045425415,2.5651071071624756,0.8
maccs,substrate_similar,207,-0.6641442179679871,-1.6106871366500854,1.0
maccs,substrate_similar,208,-3.4252090454101562,-1.5894196033477783,0.4
maccs,substrate_similar,209,-4.83721923828125,-1.930275321006775,0.4
maccs,substrate_similar,210,-2.599900484085083,-1.0421419143676758,0.6
maccs,substrate_similar,211,-4.668832778930664,-2.1097230911254883,0.4
maccs,substrate_similar,212,-4.890527248382568,-1.4050947427749634,0.4
maccs,substrate_similar,213,-2.730541229248047,-0.9589811563491821,0.8
maccs,substrate_similar,214,1.1857198476791382,-0.2057725191116333,0.6
maccs,substrate_similar,215,8.24740219116211,14.083532333374023,1.0
maccs,substrate_similar,216,-3.690739870071411,-0.6888958811759949,0.8
maccs,substrate_similar,217,-5.646531105041504,-1.7453067302703857,0.4
maccs,substrate_similar,218,-4.946611404418945,-1.430436134338379,1.0
maccs,substrate_similar,219,-4.526077747344971,-1.14239501953125,1.0
maccs,substrate_similar,220,-4.221948146820068,-1.9679392576217651,0.4
maccs,substrate_similar,221,2.944176435470581,1.7998988628387451,1.0
maccs,substrate_similar,222,-3.391990900039673,-0.987105131149292,1.0
maccs,substrate_similar,223,5.127408504486084,1.4387764930725098,1.0
maccs,substrate_similar,224,2.7096455097198486,1.8866703510284424,0.6
maccs,substrate_similar,225,0.7198362946510315,4.095268249511719,1.0
maccs,substrate_similar,226,0.2912288308143616,4.495851516723633,1.0
maccs,substrate_similar,227,-1.7118088006973267,0.12081461399793625,0.2
maccs,substrate_similar,228,-4.705796718597412,-1.3920631408691406,1.0
maccs,substrate_similar,229,-4.713811874389648,-1.382023811340332,1.0
maccs,substrate_similar,230,-4.652071475982666,-1.4556491374969482,1.0
maccs,substrate_similar,231,-5.053042411804199,-1.2321429252624512,0.6
maccs,substrate_similar,232,-5.109964847564697,-1.555300235748291,0.6
maccs,substrate_similar,233,-5.464154243469238,-0.31609922647476196,0.2
maccs,substrate_similar,234,-4.781486988067627,-0.1000869944691658,1.0
maccs,substrate_similar,235,-2.5806586742401123,-0.6077938675880432,1.0
maccs,substrate_similar,236,-2.3138551712036133,-0.316327840089798,1.0
maccs,substrate_similar,237,-5.6227874755859375,0.31964778900146484,0.8
maccs,substrate_similar,238,-3.397792100906372,2.796564817428589,1.0
maccs,substrate_similar,239,-4.7168684005737305,0.5060429573059082,1.0
maccs,substrate_similar,240,-3.1516425609588623,0.7329331636428833,1.0
maccs,substrate_similar,241,-3.8886630535125732,1.0434151887893677,1.0
maccs,substrate_similar,242,12.965128898620605,21.103696823120117,0.8
maccs,substrate_similar,243,-3.567488670349121,0.4960732161998749,1.0
maccs,substrate_similar,244,12.858704566955566,20.534626007080078,0.8
maccs,substrate_similar,245,13.43574047088623,20.476125717163086,1.0
maccs,substrate_similar,246,-2.9828176498413086,-2.3584508895874023,0.2
maccs,substrate_similar,247,-2.982673168182373,-2.3583548069000244,0.2
maccs,substrate_similar,248,-4.526961326599121,-1.1413750648498535,1.0
maccs,substrate_similar,249,-6.052308082580566,-1.5358948707580566,0.6
maccs,substrate_similar,250,-5.074254989624023,-1.6550109386444092,0.4
maccs,substrate_similar,251,-6.220812797546387,-1.8594412803649902,0.2
maccs,substrate_similar,252,-2.5740694999694824,-0.04098213091492653,0.8
maccs,substrate_similar,253,-3.2560133934020996,-1.8853416442871094,0.2
maccs,substrate_similar,254,-6.011251926422119,-1.7843635082244873,1.0
maccs,substrate_similar,255,-6.220841407775879,-1.8594605922698975,0.2
maccs,substrate_similar,256,2.471609354019165,6.9995832443237305,1.0
maccs,substrate_similar,257,-3.6424262523651123,-1.3553807735443115,0.8
maccs,substrate_similar,258,-1.5648491382598877,2.0154170989990234,1.0
maccs,substrate_similar,259,-0.4282992482185364,3.9914050102233887,0.8
maccs,substrate_similar,260,-2.280778169631958,-0.7054761052131653,1.0
maccs,substrate_similar,261,1.4666475057601929,0.3317587077617645,1.0
maccs,substrate_similar,262,1.3097220659255981,-0.46387016773223877,1.0
maccs,substrate_similar,263,-3.708312749862671,0.537220299243927,1.0
maccs,substrate_similar,264,0.9165297746658325,0.5562611818313599,0.6
maccs,substrate_similar,265,-5.733185768127441,-1.1992290019989014,1.0
maccs,substrate_similar,266,-2.153860092163086,-0.14523345232009888,1.0
maccs,substrate_similar,267,10.243775367736816,17.786760330200195,0.8
maccs,substrate_similar,268,-2.4843733310699463,-1.7008135318756104,1.0
maccs,substrate_similar,269,4.017000198364258,1.1006728410720825,0.4
maccs,substrate_similar,270,-1.6958062648773193,2.5644547939300537,1.0
maccs,substrate_similar,271,-2.974731683731079,-0.06168532744050026,0.8
maccs,substrate_similar,272,-1.7265738248825073,-0.04847973957657814,0.2
maccs,substrate_similar,273,-2.930931568145752,-0.16593420505523682,0.6
maccs,substrate_similar,274,-3.061572313308716,-0.08277351409196854,0.8
maccs,substrate_similar,275,-5.9284515380859375,-1.4245274066925049,0.4
maccs,substrate_similar,276,12.797098159790039,20.965139389038086,0.8
maccs,substrate_similar,277,12.543778419494629,20.907581329345703,0.8
maccs,substrate_similar,278,-2.611809253692627,0.1707315444946289,1.0
maccs,substrate_similar,279,-3.9976465702056885,-2.2023766040802,0.4
maccs,substrate_similar,280,2.716737747192383,-3.8567659854888916,0.4
maccs,substrate_similar,281,-4.313429832458496,-1.475628137588501,0.4
maccs,substrate_similar,282,-5.1444091796875,-0.33250337839126587,1.0
maccs,substrate_similar,283,-1.7656933069229126,0.35265547037124634,1.0
maccs,substrate_similar,284,2.996943235397339,1.7903714179992676,1.0
maccs,substrate_similar,285,2.777885913848877,15.511451721191406,1.0
maccs,substrate_similar,286,-1.4795440435409546,1.68613862991333,1.0
maccs,substrate_similar,287,-4.733036041259766,-0.8964972496032715,1.0
maccs,substrate_similar,288,-2.3975322246551514,-1.6797256469726562,1.0
maccs,substrate_similar,289,1.561496376991272,7.635394096374512,1.0
maccs,substrate_similar,290,-3.3866539001464844,-1.8021807670593262,0.8
maccs,substrate_similar,291,-2.1400864124298096,-0.1223762109875679,1.0
maccs,substrate_similar,292,3.979881763458252,11.3674898147583,1.0
maccs,substrate_similar,293,-1.4612149000167847,1.7235920429229736,1.0
maccs,substrate_similar,294,-4.4858293533325195,-2.045198678970337,0.4
maccs,substrate_similar,295,12.680964469909668,21.049184799194336,1.0
maccs,substrate_similar,296,-3.642388105392456,0.28693681955337524,0.4
maccs,substrate_similar,297,-2.254802703857422,-0.7158423662185669,0.4
maccs,substrate_similar,298,-1.6433508396148682,0.022437866777181625,0.8
maccs,substrate_similar,299,12.664922714233398,15.743558883666992,1.0
maccs,substrate_similar,300,-4.689185619354248,-0.5011661052703857,1.0
maccs,substrate_similar,301,-5.100608825683594,-0.4367519021034241,1.0
maccs,substrate_similar,302,-0.9595425724983215,0.4365822672843933,0.8
maccs,substrate_similar,303,-5.138948440551758,-0.7546711564064026,0.8
maccs,substrate_similar,304,-4.343868732452393,-1.6001801490783691,1.0
maccs,substrate_similar,305,-2.284242868423462,-1.0323588848114014,0.8
maccs,substrate_similar,306,-4.9172868728637695,-1.7115055322647095,0.4
maccs,substrate_similar,307,0.09605833142995834,1.2036864757537842,1.0
maccs,substrate_similar,308,-3.361546754837036,0.13198059797286987,1.0
maccs,substrate_similar,309,-3.773066759109497,-1.2722198963165283,1.0
maccs,substrate_similar,310,1.8951148986816406,0.3159264624118805,0.2
maccs,substrate_similar,311,-4.403850555419922,-1.561862587928772,1.0
maccs,substrate_similar,312,-1.4612149000167847,1.7235920429229736,1.0
maccs,substrate_similar,313,-3.5848424434661865,0.42774298787117004,1.0
maccs,substrate_similar,314,-5.676219463348389,-1.4582716226577759,0.8
maccs,substrate_similar,315,1.561496376991272,7.635394096374512,1.0
maccs,substrate_similar,316,0.764295756816864,7.370236396789551,1.0
maccs,substrate_similar,317,-5.702505588531494,-1.428458333015442,0.8
maccs,substrate_similar,318,-2.169274091720581,-1.3214986324310303,1.0
maccs,substrate_similar,319,-2.720909833908081,-1.3369944095611572,1.0
maccs,substrate_similar,320,-4.984646797180176,-1.8386083841323853,0.4
maccs,substrate_similar,321,13.228839874267578,20.607921600341797,0.8
maccs,substrate_similar,322,-3.4053637981414795,0.9815948605537415,1.0
maccs,substrate_similar,323,-2.9890296459198,2.29939866065979,0.8
maccs,substrate_similar,324,-4.739086627960205,-0.5816335678100586,1.0
maccs,substrate_similar,325,-0.7221946120262146,0.175581157207489,1.0
maccs,substrate_similar,326,-4.214132308959961,0.34630805253982544,1.0
maccs,substrate_similar,327,-5.036036491394043,0.6875049471855164,1.0
maccs,substrate_similar,328,-1.4011744260787964,-0.019226495176553726,1.0
maccs,substrate_similar,329,-5.121325492858887,0.2971094846725464,0.8
maccs,substrate_similar,330,-5.021862983703613,0.6969049572944641,1.0
maccs,substrate_similar,331,-1.6433508396148682,0.022437866777181625,0.8
maccs,substrate_similar,332,-1.3573743104934692,-0.12347466498613358,1.0
maccs,substrate_similar,333,-5.102008819580078,-0.8140504360198975,0.8
maccs,substrate_similar,334,-2.3563239574432373,-1.4553576707839966,1.0
maccs,substrate_similar,335,0.38650253415107727,1.932409644126892,1.0
maccs,substrate_similar,336,1.6816312074661255,15.835509300231934,1.0
maccs,substrate_similar,337,3.060847759246826,15.73888111114502,1.0
maccs,substrate_similar,338,1.2824033498764038,-0.3712937831878662,0.6
maccs,substrate_similar,339,-2.983860492706299,-1.0165388584136963,0.4
maccs,substrate_similar,340,-0.06086724251508713,0.4080582857131958,1.0
maccs,substrate_similar,341,1.9312705993652344,-0.3646206855773926,0.6
maccs,substrate_similar,342,-4.790842533111572,-1.2186343669891357,1.0
maccs,substrate_similar,343,0.48334306478500366,7.155394554138184,1.0
maccs,substrate_similar,344,-5.967452049255371,-1.8886123895645142,0.8
maccs,substrate_similar,345,1.2097748517990112,7.3073577880859375,1.0
maccs,substrate_similar,346,1.24254310131073,7.244818687438965,1.0
maccs,substrate_similar,347,1.285444974899292,7.44683313369751,1.0
maccs,substrate_similar,348,-4.497238636016846,0.9323528409004211,1.0
maccs,substrate_similar,349,1.3157243728637695,7.438163757324219,1.0
maccs,substrate_similar,350,0.5404114127159119,-2.3904595375061035,0.2
maccs,substrate_similar,351,-1.035661220550537,-0.11542565375566483,1.0
maccs,substrate_similar,352,-5.314034461975098,0.4780043959617615,1.0
maccs,substrate_similar,353,-5.188849449157715,-0.8351386189460754,0.8
maccs,substrate_similar,354,-4.434073448181152,-1.4081977605819702,0.4
maccs,substrate_similar,355,-3.947401285171509,1.113500952720642,1.0
maccs,substrate_similar,356,-3.944810152053833,0.7848842740058899,0.8
maccs,substrate_similar,357,-5.083655834197998,2.208465337753296,0.4
maccs,substrate_similar,358,13.228839874267578,20.607921600341797,0.8
maccs,substrate_similar,359,-2.306795835494995,-0.6558325886726379,0.4
maccs,substrate_similar,360,-1.4566909074783325,-0.547298014163971,1.0
maccs,substrate_similar,361,-0.18563197553157806,1.9187891483306885,1.0
maccs,substrate_similar,362,-4.89893913269043,-1.959145188331604,0.4
maccs,substrate_similar,363,4.763862609863281,1.5594292879104614,1.0
maccs,substrate_similar,364,-3.102979898452759,-1.15867018699646,1.0
maccs,substrate_similar,365,-4.064629554748535,-0.17908185720443726,0.4
maccs,substrate_similar,366,-3.523689031600952,0.3918243944644928,0.8
maccs,substrate_similar,367,-4.725470542907715,0.31983599066734314,0.4
maccs,substrate_similar,368,-1.4276394844055176,1.6880123615264893,1.0
maccs,substrate_similar,369,-1.178003191947937,2.8330514430999756,1.0
maccs,substrate_similar,370,1.2733333110809326,7.450300693511963,1.0
maccs,substrate_similar,371,-4.668832778930664,-2.1097230911254883,0.4
maccs,substrate_similar,372,-1.9818207025527954,-1.5303064584732056,0.4
maccs,substrate_similar,373,-5.222300052642822,-0.8849413394927979,1.0
maccs,substrate_similar,374,-3.9976465702056885,-2.2023766040802,0.4
maccs,substrate_similar,375,1.0490849018096924,7.951507568359375,1.0
maccs,substrate_similar,376,-3.7303316593170166,-0.20808619260787964,1.0
maccs,substrate_similar,377,-1.8142865896224976,-1.587263822555542,1.0
maccs,substrate_similar,378,-6.419864654541016,-1.813538908958435,0.8
maccs,substrate_similar,379,-6.673125743865967,-1.8710582256317139,0.4
maccs,substrate_similar,380,0.8927040696144104,7.464001655578613,1.0
maccs,substrate_similar,381,2.1955583095550537,6.81102180480957,1.0
maccs,substrate_similar,382,0.8927040696144104,7.464001655578613,1.0
maccs,substrate_similar,383,-5.289660453796387,-1.0120441913604736,1.0
maccs,substrate_similar,384,0.47382599115371704,4.090036392211914,1.0
maccs,substrate_similar,385,-3.645017385482788,-1.0267640352249146,1.0
maccs,substrate_similar,386,-4.846083641052246,-1.4780409336090088,0.6
maccs,substrate_similar,387,-5.083655834197998,2.208465337753296,0.4
maccs,substrate_similar,388,-4.699739456176758,0.2849304676055908,0.4
maccs,substrate_similar,389,-5.574527740478516,0.4553165137767792,0.4
maccs,substrate_similar,390,-2.599900484085083,-1.0421419143676758,0.6
maccs,substrate_similar,391,-5.574527740478516,0.4553165137767792,0.4
maccs,substrate_similar,392,-4.822312831878662,-2.247638702392578,0.4
maccs,substrate_similar,393,-4.965584754943848,-1.9816713333129883,0.4
maccs,substrate_similar,394,0.8248545527458191,5.6850128173828125,1.0
maccs,substrate_similar,395,-3.078141927719116,2.6186530590057373,0.8
maccs,substrate_similar,396,-4.698181629180908,0.2859637439250946,0.4
maccs,substrate_similar,397,1.5330740213394165,8.496654510498047,1.0
maccs,substrate_similar,398,-5.574527740478516,0.4553165137767792,0.4
maccs,substrate_similar,399,-3.947401285171509,1.113500952720642,1.0
maccs,substrate_similar,400,1.0818051099777222,6.991178035736084,1.0
maccs,substrate_similar,401,0.99144047498703,6.307134628295898,1.0
maccs,substrate_similar,402,-4.3000688552856445,-1.704429030418396,0.8
maccs,substrate_similar,403,-4.262357711791992,-1.6705126762390137,1.0
maccs,substrate_similar,404,-4.712265491485596,-1.9241138696670532,0.8
maccs,substrate_similar,405,-4.697117805480957,0.2866694927215576,0.4
maccs,substrate_similar,406,-3.684386968612671,-2.227205991744995,0.4
maccs,substrate_similar,407,-3.1791868209838867,-1.6810826063156128,0.2
maccs,substrate_similar,408,-5.541422367095947,-1.2216072082519531,0.6
maccs,substrate_similar,409,-4.348099708557129,-1.3378267288208008,0.4
maccs,substrate_similar,410,-4.702573776245117,0.28305068612098694,0.4
maccs,substrate_similar,411,-5.7021589279174805,0.4067082107067108,0.4
maccs,substrate_similar,412,-1.5969128608703613,1.921419620513916,1.0
maccs,substrate_similar,413,-0.9927148222923279,2.0290377140045166,1.0
maccs,substrate_similar,414,1.040531873703003,0.2981634736061096,1.0
maccs,substrate_similar,415,-5.608782768249512,-1.348710060119629,0.6
maccs,substrate_similar,416,-2.337068796157837,-0.9228871464729309,0.4
maccs,substrate_similar,417,1.102347731590271,6.175074100494385,1.0
maccs,substrate_similar,418,0.8248545527458191,5.6850128173828125,1.0
maccs,substrate_similar,419,12.381299018859863,20.947126388549805,0.8
maccs,substrate_similar,420,-5.233891487121582,0.5067541003227234,1.0
maccs,substrate_similar,421,1.3282594680786133,9.380106925964355,1.0
maccs,substrate_similar,422,-2.3233654499053955,2.0455939769744873,0.4
maccs,substrate_similar,423,-4.30265998840332,-1.375812292098999,1.0
maccs,substrate_similar,424,-4.961004257202148,-2.328622817993164,0.4
maccs,substrate_similar,425,1.2612216472625732,7.453768730163574,1.0
maccs,substrate_similar,426,-5.025893211364746,0.12737715244293213,0.4
maccs,substrate_similar,427,-0.4685939848423004,1.6913602352142334,1.0
maccs,substrate_similar,428,2.560293436050415,1.9861595630645752,0.6
maccs,substrate_similar,429,-2.408827543258667,-0.9509320259094238,1.0
maccs,substrate_similar,430,-3.8257553577423096,-1.7927772998809814,1.0
maccs,substrate_similar,431,4.783780097961426,-2.083385944366455,0.2
maccs,substrate_similar,432,-5.280881881713867,-1.0764713287353516,0.6
maccs,substrate_similar,433,-3.654329538345337,0.4749852120876312,1.0
maccs,substrate_similar,434,-0.6730246543884277,-0.6788834929466248,1.0
maccs,substrate_similar,435,-4.838232040405273,0.6257480978965759,1.0
maccs,substrate_similar,436,-3.078141927719116,2.6186530590057373,0.8
maccs,substrate_similar,437,-4.332287788391113,-1.3233088254928589,0.4
maccs,substrate_similar,438,-5.442169189453125,-0.8926961421966553,0.4
maccs,substrate_similar,439,-4.013139247894287,-1.7472748756408691,1.0
maccs,substrate_similar,440,-2.9475011825561523,2.535492420196533,0.6
maccs,substrate_similar,441,0.10354053229093552,1.704980731010437,1.0
maccs,substrate_similar,442,-4.535021781921387,1.880526065826416,0.4
maccs,substrate_similar,443,-6.673183441162109,-1.8710963726043701,0.4
maccs,substrate_similar,444,-6.289194583892822,-1.8966805934906006,0.6
maccs,substrate_similar,445,2.879038095474243,6.293262481689453,1.0
maccs,substrate_similar,446,2.103533983230591,7.503489017486572,1.0
maccs,substrate_similar,447,-6.289194583892822,-1.8966805934906006,0.6
maccs,substrate_similar,448,-6.673125743865967,-1.8710582256317139,0.4
maccs,substrate_similar,449,3.1005239486694336,1.8558011054992676,1.0
maccs,substrate_similar,450,0.9577807784080505,5.455009937286377,1.0
maccs,substrate_similar,451,-4.463047027587891,-2.0008761882781982,0.8
maccs,substrate_similar,452,1.3212257623672485,7.910968780517578,1.0
maccs,substrate_similar,453,-4.752423286437988,-1.6293174028396606,0.8
maccs,substrate_similar,454,-3.642388105392456,0.28693681955337524,0.4
maccs,substrate_similar,455,-2.2636749744415283,-0.10413683205842972,0.2
maccs,substrate_similar,456,-2.9475011825561523,2.535492420196533,0.6
maccs,substrate_similar,457,-4.665582656860352,-1.608229160308838,0.8
maccs,substrate_similar,458,-5.555672645568848,0.21920251846313477,0.4
maccs,substrate_similar,459,2.7948243618011475,1.899388074874878,1.0
maccs,substrate_similar,460,1.4064055681228638,-0.6293914318084717,1.0
maccs,substrate_similar,461,-2.6558122634887695,-0.9344252347946167,0.8
maccs,substrate_similar,462,-4.844493389129639,-1.2080867290496826,1.0
maccs,substrate_similar,463,-4.725470542907715,0.31983599066734314,0.4
maccs,substrate_similar,464,-4.539480209350586,-2.034651041030884,0.4
maccs,substrate_similar,465,-2.678709030151367,-0.7467082142829895,1.0
maccs,substrate_similar,466,-5.013949871063232,-2.319544553756714,0.4
maccs,substrate_similar,467,-5.44644832611084,-1.7577402591705322,0.6
maccs,substrate_similar,468,-3.437847852706909,-0.7722665667533875,1.0
maccs,substrate_similar,469,2.025965929031372,7.478228569030762,1.0
maccs,substrate_similar,470,-4.6567463874816895,-1.566369652748108,0.4
maccs,substrate_similar,471,-4.973846435546875,-1.283158779144287,1.0
maccs,substrate_similar,472,-2.9913012981414795,2.6397414207458496,0.6
maccs,substrate_similar,473,-5.266017436981201,-1.502058506011963,1.0
maccs,substrate_similar,474,-4.665582656860352,-1.608229160308838,0.6
maccs,substrate_similar,475,-2.0149288177490234,2.227790117263794,1.0
maccs,substrate_similar,476,-4.459128379821777,-0.6895771026611328,1.0
maccs,substrate_similar,477,-5.358346939086914,0.4944646954536438,1.0
maccs,substrate_similar,478,-4.2345991134643555,2.0729849338531494,0.4
maccs,substrate_similar,479,-4.2345991134643555,2.0729849338531494,0.4
maccs,substrate_similar,480,-5.318963050842285,-1.4929802417755127,1.0
maccs,substrate_similar,481,-1.574626088142395,-0.7647566199302673,1.0
maccs,substrate_similar,482,-5.679262161254883,0.3699229061603546,0.4
maccs,substrate_similar,483,-5.127326011657715,-1.421074390411377,1.0
maccs,substrate_similar,484,-2.64370059967041,-0.9378930330276489,0.6
maccs,substrate_similar,485,-5.005316734313965,-2.3121628761291504,0.4
maccs,substrate_similar,486,-5.179798126220703,0.8467305302619934,0.4
maccs,substrate_similar,487,-5.551630973815918,0.41853123903274536,0.4
maccs,substrate_similar,488,-3.88920259475708,0.48802420496940613,0.6
maccs,substrate_similar,489,-6.037217140197754,-1.4215052127838135,0.6
maccs,substrate_similar,490,1.440781831741333,7.38408088684082,1.0
maccs,substrate_similar,491,-4.2345991134643555,2.0729849338531494,0.4
maccs,substrate_similar,492,-4.822312831878662,-2.247638702392578,0.4
maccs,substrate_similar,493,0.9371996521949768,5.927464485168457,1.0
maccs,substrate_similar,494,-4.430709362030029,-1.6212682723999023,1.0
maccs,substrate_similar,495,-4.332287788391113,-1.3233088254928589,0.4
maccs,substrate_similar,496,-3.272779703140259,-2.1443259716033936,0.4
maccs,substrate_similar,497,1.9915125370025635,0.5965290069580078,0.6
maccs,substrate_similar,498,-2.328042507171631,-0.9281101226806641,1.0
maccs,substrate_similar,499,1.1368488073349,7.44679069519043,1.0
maccs,substrate_similar,500,-3.7100250720977783,2.5021979808807373,1.0
maccs,substrate_similar,501,-4.725470542907715,0.31983599066734314,0.4
maccs,substrate_similar,502,-4.873973846435547,-1.8858685493469238,0.4
maccs,substrate_similar,503,-4.621782302856445,-1.7124781608581543,0.6
maccs,substrate_similar,504,-4.47556734085083,-0.9092224836349487,0.4
maccs,substrate_similar,505,-2.2902987003326416,-1.0306251049041748,0.8
maccs,substrate_similar,506,-2.284242868423462,-1.0323588848114014,0.8
maccs,substrate_similar,507,-4.396413326263428,-0.6713417768478394,0.4
maccs,substrate_similar,508,-0.768459141254425,3.912759304046631,0.4
maccs,substrate_similar,509,0.8248545527458191,5.6850128173828125,1.0
maccs,substrate_similar,510,-2.9913012981414795,2.6397414207458496,0.6
maccs,substrate_similar,511,-4.708201885223389,0.2793182134628296,0.4
maccs,substrate_similar,512,-0.7858797907829285,-1.575960636138916,1.0
maccs,substrate_similar,513,-4.397164821624756,0.8599959015846252,0.8
maccs,substrate_similar,514,1.5276224613189697,7.405168533325195,1.0
maccs,substrate_similar,515,-6.037217140197754,-1.4215052127838135,0.6
maccs,substrate_similar,516,1.5714223384857178,7.300920486450195,1.0
maccs,substrate_similar,517,-2.7357029914855957,-0.7125176787376404,0.4
maccs,substrate_similar,518,-0.4282992482185364,3.9914050102233887,0.6
maccs,substrate_similar,519,-3.7849807739257812,-1.568697214126587,1.0
maccs,substrate_similar,520,-3.7852699756622314,-1.5688891410827637,1.0
maccs,substrate_similar,521,3.509126901626587,1.534109115600586,0.6
maccs,substrate_similar,522,-1.7413336038589478,-0.09787148982286453,0.6
maccs,substrate_similar,523,7.5195512771606445,17.708110809326172,1.0
maccs,substrate_similar,524,1.440781831741333,7.38408088684082,1.0
maccs,substrate_similar,525,1.5714223384857178,7.300920486450195,1.0
maccs,substrate_similar,526,-4.170891761779785,-1.5748059749603271,1.0
maccs,substrate_similar,527,-4.266523838043213,0.7768352031707764,0.6
maccs,substrate_similar,528,-4.973846435546875,-1.283158779144287,1.0
maccs,substrate_similar,529,-1.808925747871399,-0.6987048983573914,1.0
maccs,substrate_similar,530,2.8869903087615967,1.5218737125396729,1.0
maccs,substrate_similar,531,-0.5987935662269592,4.219483852386475,0.4
maccs,substrate_similar,532,-5.321525573730469,-0.960126519203186,0.4
maccs,substrate_similar,533,6.895415306091309,18.198009490966797,1.0
maccs,substrate_similar,534,0.8248545527458191,5.6850128173828125,1.0
maccs,substrate_similar,535,-4.266523838043213,0.7768352031707764,0.6
maccs,substrate_similar,536,6.531870365142822,18.318662643432617,0.2
maccs,substrate_similar,537,-6.4208879470825195,-1.3957102298736572,0.4
maccs,substrate_similar,538,-6.673125743865967,-1.8710582256317139,0.4
maccs,substrate_similar,539,6.764775276184082,18.281171798706055,1.0
maccs,substrate_similar,540,15.983172416687012,18.184051513671875,0.8
maccs,substrate_similar,541,3.6584787368774414,1.4346199035644531,0.6
maccs,substrate_similar,542,-5.310329914093018,-1.4855985641479492,1.0
maccs,substrate_similar,543,3.509126901626587,1.534109115600586,0.6
maccs,substrate_similar,544,1.5653969049453735,0.5629338026046753,0.6
maccs,substrate_similar,545,-5.29296875,-1.6198246479034424,0.6
maccs,substrate_similar,546,1.4156709909439087,5.371529579162598,1.0
maccs,substrate_similar,547,12.57040786743164,20.890869140625,0.8
maccs,substrate_similar,548,-2.9842426776885986,0.5885350108146667,1.0
maccs,substrate_similar,549,0.03581642359495163,0.24253684282302856,1.0
maccs,substrate_similar,550,-2.337068796157837,-0.9228871464729309,0.4
maccs,substrate_similar,551,-2.6420822143554688,-0.09632302075624466,1.0
maccs,substrate_similar,552,-4.668832778930664,-2.1097230911254883,0.4
maccs,substrate_similar,553,-2.995972156524658,-1.013071060180664,0.4
maccs,substrate_similar,554,-4.064629554748535,-0.17908185720443726,0.4
maccs,substrate_similar,555,-3.845402479171753,0.3837753236293793,0.6
maccs,substrate_similar,556,-0.5252833962440491,3.9161112308502197,0.4
maccs,substrate_similar,557,-4.1479034423828125,-1.8011140823364258,0.6
maccs,substrate_similar,558,-4.678509712219238,-0.7211124897003174,1.0
maccs,substrate_similar,559,3.0745227336883545,1.5767571926116943,1.0
maccs,substrate_similar,560,1.7624951601028442,7.392129898071289,1.0
maccs,substrate_similar,561,-3.693331003189087,-0.3602791428565979,1.0
maccs,substrate_similar,562,1.1398016214370728,5.177464008331299,1.0
maccs,substrate_similar,563,-4.908891677856445,-0.9430821537971497,0.8
maccs,substrate_similar,564,-3.003575563430786,-1.9257081747055054,1.0
maccs,substrate_similar,565,-5.63808536529541,-1.829646110534668,0.6
maccs,substrate_similar,566,-5.523074626922607,-1.4692468643188477,0.6
maccs,substrate_similar,567,-2.1392576694488525,-0.29489463567733765,1.0
maccs,substrate_similar,568,-6.673125743865967,-1.8710582256317139,0.4
maccs,substrate_similar,569,-5.585139751434326,-1.8387243747711182,0.6
maccs,substrate_similar,570,-4.849483966827393,-0.1684604287147522,0.4
maccs,substrate_similar,571,-0.330057293176651,1.1700912714004517,1.0
maccs,substrate_similar,572,-4.961759567260742,-0.7398054599761963,1.0
maccs,substrate_similar,573,-2.821925163269043,-0.5109068751335144,0.2
maccs,substrate_similar,574,-3.733952760696411,-0.6827118992805481,1.0
maccs,substrate_similar,575,-3.89048171043396,-0.7361701130867004,1.0
maccs,substrate_similar,576,-0.768459141254425,3.912759304046631,0.4
maccs,substrate_similar,577,-4.257007598876953,-0.22111767530441284,1.0
maccs,substrate_similar,578,6.895415306091309,18.198009490966797,1.0
maccs,substrate_similar,579,1.082710862159729,6.176322937011719,1.0
maccs,substrate_similar,580,-4.908891677856445,-0.9430821537971497,0.8
maccs,substrate_similar,581,13.255788803100586,20.736082077026367,0.8
maccs,substrate_similar,582,-3.8728630542755127,-0.5695268511772156,1.0
maccs,substrate_similar,583,-3.914071559906006,-0.7938947677612305,1.0
maccs,substrate_similar,584,-4.148192882537842,-1.8013060092926025,0.6
maccs,substrate_similar,585,-2.589020252227783,-0.5483989119529724,1.0
maccs,substrate_similar,586,-4.637301445007324,-0.49674463272094727,1.0
maccs,substrate_similar,587,-4.459128379821777,-0.6895771026611328,1.0
maccs,substrate_similar,588,7.214537620544434,18.53467559814453,1.0
maccs,substrate_similar,589,-5.629452228546143,-1.8222644329071045,0.6
maccs,substrate_similar,590,-3.5251102447509766,-0.7155730128288269,1.0
maccs,substrate_similar,591,-3.7751612663269043,-0.907079815864563,1.0
maccs,substrate_similar,592,-3.495295763015747,-1.3636211156845093,0.4
maccs,substrate_similar,593,-4.89893913269043,-1.959145188331604,0.4
maccs,substrate_similar,594,-2.5021798610687256,-0.5273110270500183,1.0
maccs,substrate_similar,595,-3.6360886096954346,-0.7899681925773621,1.0
maccs,substrate_similar,596,-3.931690216064453,-0.9605380296707153,1.0
maccs,substrate_similar,597,-4.2281928062438965,-1.0266356468200684,0.4
maccs,substrate_similar,598,-3.821380376815796,-0.6057350635528564,1.0
maccs,substrate_similar,599,-3.005004644393921,-0.32873988151550293,0.6
maccs,substrate_similar,600,-3.7313616275787354,-1.0113286972045898,0.8
maccs,substrate_similar,601,2.7948243618011475,1.899388074874878,1.0
maccs,substrate_similar,602,-5.163615703582764,-1.544752597808838,0.6
maccs,substrate_similar,603,-3.870271921157837,-0.8981435894966125,0.8
maccs,substrate_similar,604,-4.13685417175293,-0.2981335520744324,1.0
maccs,substrate_similar,605,-5.29296875,-1.6198246479034424,0.6
maccs,substrate_similar,606,-4.593564033508301,-1.0472328662872314,0.4
maccs,substrate_similar,607,-3.887890577316284,-1.0647869110107422,0.8
maccs,substrate_similar,608,-0.953890860080719,4.316695213317871,0.4
maccs,substrate_similar,609,-3.6772968769073486,-1.014336109161377,1.0
maccs,substrate_similar,610,-4.43703556060791,-0.9937745332717896,0.4
maccs,substrate_similar,611,-5.164431571960449,0.33908912539482117,0.4
maccs,substrate_similar,612,-5.806859970092773,-1.3751108646392822,1.0
maccs,substrate_similar,613,-5.203952312469482,-1.1325809955596924,1.0
maccs,substrate_similar,614,-3.242509603500366,-1.7003155946731567,1.0
maccs,substrate_similar,615,-4.575945854187012,-0.880589485168457,0.4
maccs,substrate_similar,616,-3.5663187503814697,-0.9399409294128418,1.0
maccs,substrate_similar,617,-3.3451645374298096,-0.40738558769226074,0.4
maccs,substrate_similar,618,-4.637301445007324,-0.49674463272094727,1.0
maccs,substrate_similar,619,-5.846144199371338,-1.3302953243255615,1.0
maccs,substrate_similar,620,-3.633497476577759,-1.1185849905014038,0.8
maccs,substrate_similar,621,-3.1512935161590576,-0.4921852946281433,1.0
maccs,substrate_similar,622,-4.339170932769775,-1.1010308265686035,0.4
maccs,substrate_similar,623,-3.522519111633301,-1.0441898107528687,0.8
maccs,substrate_similar,624,-3.7641379833221436,-1.0354242324829102,1.0
maccs,substrate_similar,625,-3.6531596183776855,-0.9610289335250854,1.0
maccs,substrate_similar,626,-3.86200213432312,-0.9281678199768066,1.0
maccs,substrate_similar,627,-4.152052402496338,-1.6190658807754517,0.2
maccs,substrate_similar,628,-4.000912666320801,-0.8149827718734741,1.0
maccs,substrate_similar,629,-4.018531322479248,-0.981626033782959,1.0
maccs,substrate_similar,630,-0.10658533126115799,3.9994540214538574,1.0
maccs,substrate_similar,631,-4.108777046203613,-1.2215101718902588,1.0
maccs,substrate_similar,632,4.259389877319336,2.7836830615997314,1.0
maccs,substrate_similar,633,-5.000223636627197,-0.7291615009307861,0.6
maccs,substrate_similar,634,-5.000223636627197,-0.7291615009307861,0.6
maccs,substrate_similar,635,-4.821173667907715,0.36027246713638306,1.0
maccs,substrate_similar,636,-4.989900588989258,0.32886654138565063,1.0
maccs,substrate_similar,637,-4.095263481140137,-0.6286507248878479,1.0
maccs,ligand_similar,0,6.6460394859313965,-2.9243698120117188,0.2
maccs,ligand_similar,1,5.779432773590088,-2.610285758972168,0.2
maccs,ligand_similar,2,-4.503108024597168,0.3184077739715576,1.0
maccs,ligand_similar,3,-4.168088912963867,0.33528122305870056,1.0
maccs,ligand_similar,4,-4.160972595214844,0.3239135444164276,1.0
maccs,ligand_similar,5,-4.168088912963867,0.33528122305870056,1.0
maccs,ligand_similar,6,10.19366455078125,-0.41910451650619507,1.0
maccs,ligand_similar,7,10.480104446411133,-0.564710795879364,1.0
maccs,ligand_similar,8,10.116558074951172,-0.4440581202507019,1.0
maccs,ligand_similar,9,-4.867469310760498,-0.9301412105560303,1.0
maccs,ligand_similar,10,10.728516578674316,-0.18793171644210815,1.0
maccs,ligand_similar,11,10.194127082824707,-0.41879767179489136,1.0
maccs,ligand_similar,12,10.116558074951172,-0.4440581202507019,1.0
maccs,ligand_similar,13,10.194127082824707,-0.41879767179489136,1.0
maccs,ligand_similar,14,10.801817893981934,-0.5566617846488953,1.0
maccs,ligand_similar,15,10.374078750610352,-0.678752601146698,1.0
maccs,ligand_similar,16,10.194127082824707,-0.41879767179489136,1.0
maccs,ligand_similar,17,3.6728177070617676,-6.490904808044434,1.0
maccs,ligand_similar,18,-5.881929397583008,-1.4295012950897217,1.0
maccs,ligand_similar,19,2.967501401901245,-9.203742980957031,1.0
maccs,ligand_similar,20,5.730985641479492,-2.596414566040039,0.2
maccs,ligand_similar,21,0.4766605496406555,4.091916084289551,0.2
maccs,ligand_similar,22,5.755208969116211,-2.6033501625061035,0.2
maccs,ligand_similar,23,2.9106647968292236,10.398876190185547,1.0
maccs,ligand_similar,24,3.012213945388794,10.924741744995117,1.0
maccs,ligand_similar,25,-0.6889894604682922,-0.7976914048194885,1.0
maccs,ligand_similar,26,5.717987537384033,-2.5814120769500732,0.2
maccs,ligand_similar,27,11.14700984954834,-7.258732318878174,1.0
maccs,ligand_similar,28,-4.53999662399292,-1.4285967350006104,1.0
maccs,ligand_similar,29,8.211694717407227,0.18034416437149048,1.0
maccs,ligand_similar,30,10.728516578674316,-0.18793171644210815,1.0
maccs,ligand_similar,31,-5.472568511962891,-1.1208937168121338,1.0
maccs,ligand_similar,32,3.0115392208099365,10.924293518066406,1.0
maccs,ligand_similar,33,-4.489802837371826,0.3272322118282318,1.0
maccs,ligand_similar,34,12.987247467041016,20.75753402709961,1.0
maccs,ligand_similar,35,13.217607498168945,20.513105392456055,1.0
maccs,ligand_similar,36,12.525628089904785,21.111936569213867,1.0
maccs,ligand_similar,37,12.525628089904785,21.111936569213867,1.0
maccs,ligand_similar,38,12.530696868896484,21.1060848236084,1.0
maccs,ligand_similar,39,12.54863452911377,21.08538246154785,1.0
maccs,ligand_similar,40,-3.526280164718628,0.7204411625862122,1.0
maccs,ligand_similar,41,-4.562456130981445,-1.756705403327942,1.0
maccs,ligand_similar,42,-4.562456130981445,-1.756705403327942,1.0
maccs,ligand_similar,43,12.587109565734863,21.04097557067871,1.0
maccs,ligand_similar,44,3.631086587905884,11.138351440429688,1.0
maccs,ligand_similar,45,1.2271801233291626,0.9100742936134338,1.0
maccs,ligand_similar,46,1.2709800004959106,0.8058256506919861,1.0
maccs,ligand_similar,47,12.525511741638184,21.111860275268555,1.0
maccs,ligand_similar,48,12.525541305541992,21.111879348754883,1.0
maccs,ligand_similar,49,-2.698376417160034,-0.04414278641343117,1.0
maccs,ligand_similar,50,-2.646383285522461,-0.10415250808000565,1.0
maccs,ligand_similar,51,-5.550136566162109,-1.1461539268493652,1.0
maccs,ligand_similar,52,6.859757900238037,-2.7387313842773438,0.2
maccs,ligand_similar,53,0.249823197722435,0.1794542670249939,1.0
maccs,ligand_similar,54,1.2891978025436401,-0.4401813745498657,1.0
maccs,ligand_similar,55,0.15313950181007385,0.34497570991516113,1.0
maccs,ligand_similar,56,11.14700984954834,-7.258732318878174,1.0
maccs,ligand_similar,57,4.610904216766357,-1.533754587173462,0.2
maccs,ligand_similar,58,10.34946346282959,-0.4815499186515808,1.0
maccs,ligand_similar,59,10.480104446411133,-0.564710795879364,1.0
maccs,ligand_similar,60,11.057560920715332,-1.1965124607086182,1.0
maccs,ligand_similar,61,13.192315101623535,20.136186599731445,1.0
maccs,ligand_similar,62,12.525579452514648,21.11190414428711,1.0
maccs,ligand_similar,63,6.825989723205566,-3.1843254566192627,0.2
maccs,ligand_similar,64,6.176024436950684,11.318422317504883,1.0
maccs,ligand_similar,65,12.525604248046875,21.111921310424805,1.0
maccs,ligand_similar,66,6.573575496673584,11.76961612701416,1.0
maccs,ligand_similar,67,7.90414571762085,13.95748519897461,1.0
maccs,ligand_similar,68,-2.648986577987671,-0.10587913542985916,1.0
maccs,ligand_similar,69,6.030255317687988,8.005095481872559,1.0
maccs,ligand_similar,70,-2.1228904724121094,-0.40349727869033813,1.0
maccs,ligand_similar,71,11.43298625946045,-7.404644966125488,1.0
maccs,ligand_similar,72,4.615638256072998,13.837666511535645,1.0
maccs,ligand_similar,73,-4.296328544616699,-1.0624442100524902,1.0
maccs,ligand_similar,74,-4.569408416748047,-0.8133317232131958,0.8
maccs,ligand_similar,75,-5.263559341430664,-1.2174277305603027,0.8
maccs,ligand_similar,76,-5.48688268661499,-1.1459033489227295,0.8
maccs,ligand_similar,77,-5.181633949279785,-1.2646729946136475,0.8
maccs,ligand_similar,78,-5.207666397094727,-1.2819383144378662,0.8
maccs,ligand_similar,79,-5.271358489990234,-1.2084262371063232,0.8
maccs,ligand_similar,80,5.305311679840088,14.245878219604492,0.8
maccs,ligand_similar,81,-4.936225891113281,-0.8931905031204224,0.8
maccs,ligand_similar,82,-4.647310256958008,-1.4180049896240234,0.8
maccs,ligand_similar,83,5.578392028808594,13.996766090393066,0.8
maccs,ligand_similar,84,-4.727594375610352,0.33965393900871277,1.0
maccs,ligand_similar,85,-4.742056846618652,0.3300621509552002,1.0
maccs,ligand_similar,86,3.9361324310302734,6.523576736450195,1.0
maccs,ligand_similar,87,4.061062335968018,7.244890213012695,1.0
maccs,ligand_similar,88,-5.186591625213623,-1.2668070793151855,0.8
maccs,ligand_similar,89,12.525569915771484,21.11189842224121,1.0
maccs,ligand_similar,90,4.0806989669799805,7.243641376495361,1.0
maccs,ligand_similar,91,4.061062335968018,7.244890213012695,1.0
maccs,ligand_similar,92,4.061062335968018,7.244890213012695,1.0
maccs,ligand_similar,93,-3.3884201049804688,-1.8450220823287964,0.8
maccs,ligand_similar,94,3.9361324310302734,6.523576736450195,1.0
maccs,ligand_similar,95,11.38918685913086,-7.300396919250488,1.0
maccs,ligand_similar,96,-3.566739320755005,-1.3534159660339355,0.8
maccs,ligand_similar,97,-4.457241058349609,-0.9631319642066956,1.0
maccs,ligand_similar,98,-4.7313995361328125,0.36928126215934753,1.0
maccs,ligand_similar,99,-5.472568511962891,-1.1208937168121338,0.8
maccs,ligand_similar,100,2.650326728820801,6.05235481262207,1.0
maccs,ligand_similar,101,-2.7230701446533203,0.6976813673973083,0.8
maccs,ligand_similar,102,12.811604499816895,20.966026306152344,1.0
maccs,ligand_similar,103,12.13288688659668,21.129104614257812,1.0
maccs,ligand_similar,104,12.811604499816895,20.966026306152344,1.0
maccs,ligand_similar,105,-2.342458963394165,0.6170071363449097,0.8
maccs,ligand_similar,106,12.130850791931152,-11.668691635131836,0.8
maccs,ligand_similar,107,12.738540649414062,-11.806554794311523,0.8
maccs,ligand_similar,108,12.737991333007812,-11.80691909790039,0.8
maccs,ligand_similar,109,12.796599388122559,-12.179410934448242,0.8
maccs,ligand_similar,110,12.738338470458984,-11.806689262390137,0.8
maccs,ligand_similar,111,12.738338470458984,-11.806689262390137,0.8
maccs,ligand_similar,112,8.741436004638672,-9.489911079406738,0.8
maccs,ligand_similar,113,11.452705383300781,-12.277796745300293,0.8
maccs,ligand_similar,114,12.437591552734375,21.1492862701416,1.0
maccs,ligand_similar,115,8.565299987792969,-6.579380989074707,1.0
maccs,ligand_similar,116,12.863579750061035,20.577831268310547,1.0
maccs,ligand_similar,117,-4.867469310760498,-0.9301412105560303,0.8
maccs,ligand_similar,118,13.14344596862793,-11.97960090637207,0.8
maccs,ligand_similar,119,14.08855152130127,-13.107845306396484,0.8
maccs,ligand_similar,120,12.020055770874023,-11.9989652633667,0.8
maccs,ligand_similar,121,12.647276878356934,-12.103947639465332,0.8
maccs,ligand_similar,122,13.803438186645508,-11.465585708618164,0.8
maccs,ligand_similar,123,17.40329360961914,-15.967012405395508,0.8
maccs,ligand_similar,124,12.181558609008789,-11.678199768066406,0.8
maccs,ligand_similar,125,12.962813377380371,-11.567415237426758,0.8
maccs,ligand_similar,126,12.694740295410156,-11.702306747436523,0.8
maccs,ligand_similar,127,12.416828155517578,-11.814603805541992,0.8
maccs,ligand_similar,128,11.738112449645996,-11.651521682739258,0.8
maccs,ligand_similar,129,11.328751564025879,-11.960128784179688,0.8
maccs,ligand_similar,130,12.286187171936035,-11.731443405151367,0.8
maccs,ligand_similar,131,7.493572235107422,-9.611896514892578,0.8
maccs,ligand_similar,132,17.52822494506836,-15.24570083618164,0.8
maccs,ligand_similar,133,3.022465229034424,-6.205086708068848,0.8
maccs,ligand_similar,134,2.726607322692871,-6.343260765075684,0.8
maccs,ligand_similar,135,12.032869338989258,-11.78900146484375,0.8
maccs,ligand_similar,136,-4.506494522094727,-1.9476439952850342,0.8
maccs,ligand_similar,137,13.87464427947998,-12.567464828491211,0.8
maccs,ligand_similar,138,8.707744598388672,-9.607266426086426,0.8
maccs,ligand_similar,139,15.243879318237305,-12.339986801147461,0.8
maccs,ligand_similar,140,12.416828155517578,-11.814603805541992,0.8
maccs,ligand_similar,141,12.434550285339355,-11.412652969360352,0.8
maccs,ligand_similar,142,2.967501401901245,-9.203742980957031,0.8
maccs,ligand_similar,143,-4.562456130981445,-1.756705403327942,0.8
maccs,ligand_similar,144,19.238237380981445,16.328266143798828,1.0
maccs,ligand_similar,145,-4.53999662399292,-1.4285967350006104,0.8
maccs,ligand_similar,146,10.754270553588867,-7.241563320159912,1.0
maccs,ligand_similar,147,-4.468772888183594,-0.9466681480407715,1.0
maccs,ligand_similar,148,-3.734539270401001,-0.5846470594406128,0.2
maccs,ligand_similar,149,9.937564849853516,-6.8123931884765625,1.0
maccs,ligand_similar,150,10.593120574951172,-6.785961151123047,1.0
maccs,ligand_similar,151,8.514459609985352,-6.647886753082275,1.0
maccs,ligand_similar,152,6.825989723205566,-3.1843254566192627,0.2
maccs,ligand_similar,153,-4.126880168914795,0.5596490502357483,1.0
maccs,ligand_similar,154,-4.814175605773926,0.3405669927597046,1.0
maccs,ligand_similar,155,1.8951148986816406,0.3159264624118805,1.0
maccs,ligand_similar,156,0.5635901093482971,0.9923079609870911,1.0
maccs,ligand_similar,157,1.294803261756897,1.125573992729187,1.0
maccs,ligand_similar,158,0.6307498812675476,0.9244850873947144,1.0
maccs,ligand_similar,159,0.9850029349327087,0.9517386555671692,1.0
maccs,ligand_similar,160,-2.0993564128875732,4.089609146118164,1.0
maccs,ligand_similar,161,-2.086358070373535,4.074606895446777,1.0
maccs,ligand_similar,162,8.426290512084961,-6.518701076507568,1.0
maccs,ligand_similar,163,-2.0690770149230957,4.080939769744873,1.0
maccs,ligand_similar,164,-4.1315083503723145,0.5565797090530396,1.0
maccs,ligand_similar,165,11.14700984954834,-7.258732318878174,1.0
maccs,ligand_similar,166,11.292035102844238,-7.400134563446045,1.0
maccs,ligand_similar,167,11.276100158691406,-0.7816607356071472,1.0
maccs,ligand_similar,168,8.404123306274414,-6.610608100891113,1.0
maccs,ligand_similar,169,5.104172706604004,-2.0244758129119873,0.2
maccs,ligand_similar,170,4.400940418243408,1.3270128965377808,1.0
maccs,ligand_similar,171,4.894874572753906,1.2364474534988403,1.0
maccs,ligand_similar,172,4.444740295410156,1.222764253616333,1.0
maccs,ligand_similar,173,-4.627320289611816,-0.789350152015686,1.0
maccs,ligand_similar,174,6.548056125640869,-3.044679641723633,0.2
maccs,ligand_similar,175,1.3858811855316162,-0.6057026386260986,1.0
maccs,ligand_similar,176,-0.813549816608429,4.560831069946289,1.0
maccs,ligand_similar,177,-2.129635810852051,4.098278522491455,1.0
maccs,ligand_similar,178,-4.713708877563477,0.3488629460334778,1.0
maccs,ligand_similar,179,-0.6886201500892639,5.2821431159973145,1.0
maccs,ligand_similar,180,-4.756694316864014,0.3984760046005249,1.0
maccs,ligand_similar,181,-3.013324499130249,0.4634074568748474,0.8
maccs,ligand_similar,182,-4.505455017089844,-1.0563546419143677,1.0
maccs,ligand_similar,183,-2.1058554649353027,4.097110271453857,1.0
maccs,ligand_similar,184,4.365058422088623,13.992691993713379,0.8
maccs,ligand_similar,185,-5.467503547668457,-1.1330511569976807,0.8
maccs,ligand_similar,186,0.6055302023887634,0.8247712850570679,1.0
maccs,ligand_similar,187,6.131727695465088,-2.922187566757202,0.2
maccs,ligand_similar,188,-4.483343124389648,-1.0818759202957153,1.0
maccs,ligand_similar,189,3.3468072414398193,0.7584901452064514,1.0
maccs,ligand_similar,190,-4.2275543212890625,-1.4711377620697021,0.8
maccs,ligand_similar,191,11.342028617858887,-7.139569282531738,1.0
maccs,ligand_similar,192,12.960494995117188,20.460716247558594,1.0
maccs,ligand_similar,193,12.427644729614258,20.991626739501953,1.0
maccs,ligand_similar,194,12.55372428894043,21.06524085998535,1.0
maccs,ligand_similar,195,12.88393783569336,20.98622703552246,1.0
maccs,ligand_similar,196,12.927738189697266,20.88197898864746,1.0
maccs,ligand_similar,197,12.13288688659668,21.129104614257812,1.0
maccs,ligand_similar,198,12.24902057647705,21.045059204101562,1.0
maccs,ligand_similar,199,13.544210433959961,20.42629623413086,1.0
maccs,ligand_similar,200,12.767805099487305,21.07027244567871,1.0
maccs,ligand_similar,201,13.43574047088623,20.476125717163086,1.0
maccs,ligand_similar,202,12.437591552734375,21.1492862701416,1.0
maccs,ligand_similar,203,18.555566787719727,16.112255096435547,1.0
maccs,ligand_similar,204,18.99901580810547,16.0855770111084,1.0
maccs,ligand_similar,205,18.94830894470215,16.0950870513916,1.0
maccs,ligand_similar,206,19.870866775512695,16.170734405517578,1.0
maccs,ligand_similar,207,18.921445846557617,16.060317993164062,1.0
maccs,ligand_similar,208,18.555566787719727,16.112255096435547,1.0
maccs,ligand_similar,209,12.796599388122559,-12.179410934448242,0.8
maccs,ligand_similar,210,-4.562456130981445,-1.756705403327942,0.8
maccs,ligand_similar,211,-5.550136566162109,-1.1461539268493652,0.8
maccs,ligand_similar,212,-5.186591625213623,-1.2668070793151855,0.8
maccs,ligand_similar,213,-2.7615318298339844,-1.491124153137207,1.0
maccs,ligand_similar,214,-4.523144721984863,-1.0359375476837158,1.0
maccs,ligand_similar,215,1.8345869779586792,-0.19909924268722534,1.0
maccs,ligand_similar,216,11.079110145568848,-7.23084020614624,1.0
maccs,ligand_similar,217,-4.074700355529785,-0.6632927060127258,0.2
maccs,ligand_similar,218,-3.19880747795105,0.2219856083393097,1.0
maccs,ligand_similar,219,1.376879334449768,3.3959689140319824,0.2
maccs,ligand_similar,220,1.5269883871078491,3.678694248199463,0.2
maccs,ligand_similar,221,-1.5648491382598877,2.0154170989990234,0.2
maccs,ligand_similar,222,-0.7145244479179382,1.7755794525146484,0.2
maccs,ligand_similar,223,-1.5648491382598877,2.0154170989990234,0.2
maccs,ligand_similar,224,1.1730676889419556,15.538312911987305,0.2
maccs,ligand_similar,225,-4.487834453582764,0.35168537497520447,1.0
maccs,ligand_similar,226,-4.8322906494140625,0.24704256653785706,1.0
maccs,ligand_similar,227,-4.811875820159912,0.3420924246311188,1.0
maccs,ligand_similar,228,-4.562309265136719,-0.19854003190994263,1.0
maccs,ligand_similar,229,-3.9369003772735596,-0.6008828282356262,1.0
maccs,ligand_similar,230,-4.713594436645508,0.3219129145145416,1.0
maccs,ligand_similar,231,-2.0751330852508545,4.0826735496521,1.0
maccs,ligand_similar,232,7.670834541320801,-3.363229513168335,0.2
maccs,ligand_similar,233,-2.5048627853393555,0.30642932653427124,0.8
maccs,ligand_similar,234,-3.790884494781494,-0.7059953808784485,1.0
maccs,ligand_similar,235,4.584092140197754,1.2347477674484253,1.0
maccs,ligand_similar,236,4.793681621551514,1.3098443746566772,1.0
maccs,ligand_similar,237,4.706840991973877,1.2887564897537231,1.0
maccs,ligand_similar,238,4.583542823791504,1.234383225440979,1.0
maccs,ligand_similar,239,10.11579418182373,-1.1555652618408203,1.0
maccs,ligand_similar,240,4.793132305145264,1.309479832649231,1.0
maccs,ligand_similar,241,4.3671722412109375,1.1975040435791016,1.0
maccs,ligand_similar,242,4.323371887207031,1.3017526865005493,1.0
maccs,ligand_similar,243,0.8229933381080627,0.7861316800117493,1.0
maccs,ligand_similar,244,3.1770098209381104,0.8789356350898743,1.0
maccs,ligand_similar,245,0.9043611288070679,0.907396137714386,1.0
maccs,ligand_similar,246,0.966812252998352,0.8558657765388489,1.0
maccs,ligand_similar,247,-0.7480443120002747,4.007809638977051,0.2
maccs,ligand_similar,248,-3.787741184234619,-1.598435401916504,0.8
maccs,ligand_similar,249,6.696746826171875,-2.9338786602020264,0.2
maccs,ligand_similar,250,10.436304092407227,-0.4604622721672058,1.0
maccs,ligand_similar,251,0.421212375164032,-2.4379212856292725,0.8
maccs,ligand_similar,252,-3.806260108947754,-0.6840436458587646,1.0
maccs,ligand_similar,253,-2.066765069961548,-1.8280248641967773,1.0
maccs,ligand_similar,254,-3.793797016143799,-1.5967016220092773,0.8
maccs,ligand_similar,255,-0.06537682563066483,4.223822116851807,0.2
maccs,ligand_similar,256,0.33452457189559937,-2.373871326446533,0.8
maccs,ligand_similar,257,-3.9692206382751465,1.4280097484588623,1.0
maccs,ligand_similar,258,-3.9216535091400146,-1.5093941688537598,0.8
maccs,ligand_similar,259,11.342028617858887,-7.139569282531738,1.0
maccs,ligand_similar,260,-3.9801738262176514,1.4448572397232056,1.0
maccs,ligand_similar,261,-5.379958152770996,0.2354755401611328,1.0
maccs,ligand_similar,262,-2.0673434734344482,-1.8284084796905518,1.0
maccs,ligand_similar,263,-1.5648491382598877,2.0154170989990234,0.2
maccs,ligand_similar,264,-0.4723467528820038,1.733915090560913,0.2
maccs,ligand_similar,265,-1.5648491382598877,2.0154170989990234,0.2
maccs,ligand_similar,266,-0.5591874718666077,1.712827205657959,0.2
maccs,ligand_similar,267,-0.7920927405357361,1.750319242477417,0.2
maccs,ligand_similar,268,-5.390911102294922,0.2523230314254761,1.0
maccs,ligand_similar,269,12.661639213562012,21.051921844482422,1.0
maccs,ligand_similar,270,12.767805099487305,21.07027244567871,1.0
maccs,ligand_similar,271,12.680964469909668,21.049184799194336,1.0
maccs,ligand_similar,272,12.427644729614258,20.991626739501953,1.0
maccs,ligand_similar,273,3.040205955505371,-3.2238333225250244,0.8
maccs,ligand_similar,274,12.798670768737793,20.757780075073242,1.0
maccs,ligand_similar,275,12.524328231811523,21.11343765258789,1.0
maccs,ligand_similar,276,12.02401351928711,20.84993553161621,1.0
maccs,ligand_similar,277,18.108741760253906,16.367189407348633,1.0
maccs,ligand_similar,278,19.103647232055664,16.032333374023438,1.0
maccs,ligand_similar,279,-2.0993564128875732,4.089609146118164,1.0
maccs,ligand_similar,280,12.737412452697754,-11.807302474975586,0.8
maccs,ligand_similar,281,17.91971778869629,-16.402267456054688,0.8
maccs,ligand_similar,282,11.342028617858887,-7.139569282531738,1.0
maccs,ligand_similar,283,-2.0993564128875732,4.089609146118164,1.0
maccs,ligand_similar,284,0.9642089605331421,0.8541392683982849,1.0
maccs,ligand_similar,285,1.1857198476791382,-0.2057725191116333,1.0
maccs,ligand_similar,286,11.628005027770996,-7.285481929779053,1.0
maccs,ligand_similar,287,8.24740219116211,14.083532333374023,0.8
maccs,ligand_similar,288,-3.690739870071411,-0.6888958811759949,0.2
maccs,ligand_similar,289,-4.298430442810059,-0.5510315895080566,0.2
maccs,ligand_similar,290,3.608544111251831,0.8584496378898621,1.0
maccs,ligand_similar,291,10.949289321899414,-7.122400283813477,1.0
maccs,ligand_similar,292,11.584205627441406,-7.181233882904053,1.0
maccs,ligand_similar,293,-4.501578330993652,-1.1605992317199707,0.8
maccs,ligand_similar,294,5.579259395599365,13.997342109680176,0.8
maccs,ligand_similar,295,5.668521404266357,-2.5393002033233643,0.2
maccs,ligand_similar,296,-0.4285467565059662,1.6296663284301758,0.2
maccs,ligand_similar,297,11.049858093261719,-7.3584699630737305,1.0
maccs,ligand_similar,298,-2.0509092807769775,4.075737953186035,1.0
maccs,ligand_similar,299,10.246434211730957,-1.238724946975708,1.0
maccs,ligand_similar,300,4.453521251678467,1.231199026107788,1.0
maccs,ligand_similar,301,4.837481498718262,1.2055957317352295,1.0
maccs,ligand_similar,302,10.189041137695312,-1.2695763111114502,1.0
maccs,ligand_similar,303,4.837481498718262,1.2055957317352295,1.0
maccs,ligand_similar,304,5.127408504486084,1.4387764930725098,1.0
maccs,ligand_similar,305,10.497064590454102,-6.707365989685059,1.0
maccs,ligand_similar,306,0.7198362946510315,4.095268249511719,1.0
maccs,ligand_similar,307,0.2912288308143616,4.495851516723633,1.0
maccs,ligand_similar,308,-3.5379488468170166,0.22795921564102173,0.8
maccs,ligand_similar,309,5.585663318634033,-3.839808464050293,1.0
maccs,ligand_similar,310,-3.834812879562378,-1.4883064031600952,0.8
maccs,ligand_similar,311,-4.484978675842285,-0.5209620594978333,1.0
maccs,ligand_similar,312,19.234285354614258,15.949172973632812,1.0
maccs,ligand_similar,313,12.965128898620605,21.103696823120117,1.0
maccs,ligand_similar,314,19.234285354614258,15.949172973632812,1.0
maccs,ligand_similar,315,19.128259658813477,15.83513069152832,1.0
maccs,ligand_similar,316,20.0302791595459,15.732222557067871,1.0
maccs,ligand_similar,317,18.633363723754883,16.602636337280273,1.0
maccs,ligand_similar,318,-3.567488670349121,0.4960732161998749,1.0
maccs,ligand_similar,319,12.858704566955566,20.534626007080078,1.0
maccs,ligand_similar,320,13.43574047088623,20.476125717163086,1.0
maccs,ligand_similar,321,2.8319623470306396,1.14723801612854,1.0
maccs,ligand_similar,322,1.0357109308242798,0.9422299265861511,1.0
maccs,ligand_similar,323,1.4014991521835327,0.9700530171394348,1.0
maccs,ligand_similar,324,2.888864278793335,-5.689401626586914,0.8
maccs,ligand_similar,325,-2.0993564128875732,4.089609146118164,1.0
maccs,ligand_similar,326,-2.0303194522857666,4.06984281539917,1.0
maccs,ligand_similar,327,2.471609354019165,6.9995832443237305,1.0
maccs,ligand_similar,328,-1.5648491382598877,2.0154170989990234,0.2
maccs,ligand_similar,329,-0.4282992482185364,3.9914050102233887,0.2
maccs,ligand_similar,330,11.342028617858887,-7.139569282531738,1.0
maccs,ligand_similar,331,11.342028617858887,-7.139569282531738,1.0
maccs,ligand_similar,332,3.043940782546997,0.18453563749790192,0.2
maccs,ligand_similar,333,2.888864278793335,-5.689401626586914,0.8
maccs,ligand_similar,334,1.3097220659255981,-0.46387016773223877,1.0
maccs,ligand_similar,335,10.657118797302246,-7.341300964355469,1.0
maccs,ligand_similar,336,0.5420406460762024,0.5712897181510925,1.0
maccs,ligand_similar,337,10.243775367736816,17.786760330200195,1.0
maccs,ligand_similar,338,-3.6109697818756104,-4.102924823760986,0.8
maccs,ligand_similar,339,4.017000198364258,1.1006728410720825,1.0
maccs,ligand_similar,340,4.3671722412109375,1.1975040435791016,1.0
maccs,ligand_similar,341,9.90306568145752,-1.123664140701294,1.0
maccs,ligand_similar,342,4.1717610359191895,1.3536748886108398,1.0
maccs,ligand_similar,343,4.132766246795654,1.3986821174621582,1.0
maccs,ligand_similar,344,4.131807327270508,1.2231500148773193,1.0
maccs,ligand_similar,345,4.283693313598633,2.08998966217041,1.0
maccs,ligand_similar,346,4.1587629318237305,1.3686773777008057,1.0
maccs,ligand_similar,347,11.274128913879395,-7.111677169799805,1.0
maccs,ligand_similar,348,11.628005027770996,-7.285481929779053,1.0
maccs,ligand_similar,349,12.681310653686523,7.260313987731934,1.0
maccs,ligand_similar,350,19.19048500061035,16.053421020507812,1.0
maccs,ligand_similar,351,12.797098159790039,20.965139389038086,1.0
maccs,ligand_similar,352,12.543778419494629,20.907581329345703,1.0
maccs,ligand_similar,353,2.716737747192383,-3.8567659854888916,0.8
maccs,ligand_similar,354,19.707563400268555,15.421870231628418,1.0
maccs,ligand_similar,355,3.1537344455718994,11.33532428741455,0.8
maccs,ligand_similar,356,10.949289321899414,-7.122400283813477,1.0
maccs,ligand_similar,357,2.777885913848877,15.511451721191406,0.2
maccs,ligand_similar,358,-1.4795440435409546,1.68613862991333,0.2
maccs,ligand_similar,359,7.548658847808838,14.365500450134277,0.8
maccs,ligand_similar,360,7.622654438018799,14.417247772216797,0.8
maccs,ligand_similar,361,4.609315395355225,-1.984269142150879,0.2
maccs,ligand_similar,362,-4.942879676818848,-0.8976032733917236,0.8
maccs,ligand_similar,363,1.561496376991272,7.635394096374512,1.0
maccs,ligand_similar,364,4.146651268005371,1.372145175933838,1.0
maccs,ligand_similar,365,0.8443204760551453,3.462681770324707,0.2
maccs,ligand_similar,366,3.979881763458252,11.3674898147583,0.8
maccs,ligand_similar,367,-1.4612149000167847,1.7235920429229736,0.2
maccs,ligand_similar,368,11.274128913879395,-7.111677169799805,1.0
maccs,ligand_similar,369,11.049858093261719,-7.3584699630737305,1.0
maccs,ligand_similar,370,6.623201370239258,-6.889012336730957,0.8
maccs,ligand_similar,371,4.0811944007873535,1.3434169292449951,1.0
maccs,ligand_similar,372,6.637663841247559,-6.879420280456543,0.8
maccs,ligand_similar,373,12.680964469909668,21.049184799194336,1.0
maccs,ligand_similar,374,3.677879571914673,-6.487547397613525,0.8
maccs,ligand_similar,375,10.043866157531738,2.014275312423706,1.0
maccs,ligand_similar,376,18.615535736083984,14.897249221801758,1.0
maccs,ligand_similar,377,11.049858093261719,-7.3584699630737305,1.0
maccs,ligand_similar,378,1.1864709854125977,0.84236079454422,1.0
maccs,ligand_similar,379,1.8951148986816406,0.3159264624118805,1.0
maccs,ligand_similar,380,-1.6674185991287231,1.1976656913757324,1.0
maccs,ligand_similar,381,2.454387903213501,15.570411682128906,0.2
maccs,ligand_similar,382,-1.4612149000167847,1.7235920429229736,0.2
maccs,ligand_similar,383,-3.5848424434661865,0.42774298787117004,1.0
maccs,ligand_similar,384,1.561496376991272,7.635394096374512,1.0
maccs,ligand_similar,385,0.764295756816864,7.370236396789551,1.0
maccs,ligand_similar,386,-4.46973180770874,-1.4294734001159668,0.8
maccs,ligand_similar,387,11.335834503173828,-7.504382610321045,1.0
maccs,ligand_similar,388,11.584205627441406,-7.181233882904053,1.0
maccs,ligand_similar,389,13.228839874267578,20.607921600341797,1.0
maccs,ligand_similar,390,19.811738967895508,15.317371368408203,1.0
maccs,ligand_similar,391,0.650974690914154,-5.02701473236084,0.8
maccs,ligand_similar,392,19.012779235839844,16.019729614257812,1.0
maccs,ligand_similar,393,19.0248966217041,15.205857276916504,1.0
maccs,ligand_similar,394,4.0811944007873535,1.3434169292449951,1.0
maccs,ligand_similar,395,4.559593200683594,1.3073745965957642,1.0
maccs,ligand_similar,396,3.7494020462036133,1.0600697994232178,1.0
maccs,ligand_similar,397,8.206392288208008,-6.754532337188721,1.0
maccs,ligand_similar,398,2.531956195831299,15.595671653747559,0.2
maccs,ligand_similar,399,0.38650253415107727,1.932409644126892,0.2
maccs,ligand_similar,400,1.6816312074661255,15.835509300231934,0.2
maccs,ligand_similar,401,3.060847759246826,15.73888111114502,0.2
maccs,ligand_similar,402,1.2824033498764038,-0.3712937831878662,1.0
maccs,ligand_similar,403,0.7022138237953186,0.6592498421669006,1.0
maccs,ligand_similar,404,-0.06086724251508713,0.4080582857131958,1.0
maccs,ligand_similar,405,1.9312705993652344,-0.3646206855773926,1.0
maccs,ligand_similar,406,2.9053571224212646,6.689818859100342,1.0
maccs,ligand_similar,407,0.48334306478500366,7.155394554138184,1.0
maccs,ligand_similar,408,1.2097748517990112,7.3073577880859375,1.0
maccs,ligand_similar,409,1.24254310131073,7.244818687438965,1.0
maccs,ligand_similar,410,1.285444974899292,7.44683313369751,1.0
maccs,ligand_similar,411,1.3157243728637695,7.438163757324219,1.0
maccs,ligand_similar,412,0.769514262676239,-5.122165203094482,0.8
maccs,ligand_similar,413,10.16879653930664,2.735588550567627,1.0
maccs,ligand_similar,414,10.188432693481445,2.734339714050293,1.0
maccs,ligand_similar,415,13.228839874267578,20.607921600341797,1.0
maccs,ligand_similar,416,-0.18563197553157806,1.9187891483306885,0.2
maccs,ligand_similar,417,2.6872928142547607,15.532918930053711,0.2
maccs,ligand_similar,418,4.502133369445801,1.2536159753799438,1.0
maccs,ligand_similar,419,4.763862609863281,1.5594292879104614,1.0
maccs,ligand_similar,420,-4.1313796043396,0.5296886563301086,1.0
maccs,ligand_similar,421,-4.394773483276367,-0.7797631025314331,1.0
maccs,ligand_similar,422,-3.523689031600952,0.3918243944644928,1.0
maccs,ligand_similar,423,-1.4276394844055176,1.6880123615264893,0.2
maccs,ligand_similar,424,-0.21995772421360016,1.7639397382736206,0.2
maccs,ligand_similar,425,-1.178003191947937,2.8330514430999756,0.2
maccs,ligand_similar,426,-0.4703786075115204,1.7583682537078857,0.2
maccs,ligand_similar,427,2.8179330825805664,15.449758529663086,0.2
maccs,ligand_similar,428,1.2733333110809326,7.450300693511963,1.0
maccs,ligand_similar,429,4.772771835327148,-1.7905246019363403,0.2
maccs,ligand_similar,430,19.659814834594727,15.147024154663086,1.0
maccs,ligand_similar,431,1.0490849018096924,7.951507568359375,1.0
maccs,ligand_similar,432,4.846064567565918,-2.0724711418151855,0.2
maccs,ligand_similar,433,0.8927040696144104,7.464001655578613,1.0
maccs,ligand_similar,434,2.1955583095550537,6.81102180480957,1.0
maccs,ligand_similar,435,0.8927040696144104,7.464001655578613,1.0
maccs,ligand_similar,436,10.31905746459961,0.30251485109329224,1.0
maccs,ligand_similar,437,0.19960372149944305,4.034560203552246,1.0
maccs,ligand_similar,438,4.837481498718262,1.2055957317352295,1.0
maccs,ligand_similar,439,4.0811944007873535,1.3434169292449951,1.0
maccs,ligand_similar,440,4.409741401672363,1.083504319190979,1.0
maccs,ligand_similar,441,4.1587629318237305,1.3686773777008057,1.0
maccs,ligand_similar,442,4.3140997886657715,1.3059251308441162,1.0
maccs,ligand_similar,443,0.47382599115371704,4.090036392211914,0.2
maccs,ligand_similar,444,10.981958389282227,-7.330577850341797,1.0
maccs,ligand_similar,445,-4.948115825653076,1.059178113937378,1.0
maccs,ligand_similar,446,-4.958489418029785,1.0764102935791016,1.0
maccs,ligand_similar,447,2.7741329669952393,15.554006576538086,0.2
maccs,ligand_similar,448,10.192749977111816,0.33486253023147583,1.0
maccs,ligand_similar,449,-0.6704760193824768,4.033069610595703,0.2
maccs,ligand_similar,450,0.8248545527458191,5.6850128173828125,1.0
maccs,ligand_similar,451,1.5330740213394165,8.496654510498047,1.0
maccs,ligand_similar,452,10.188432693481445,2.734339714050293,1.0
maccs,ligand_similar,453,1.0818051099777222,6.991178035736084,1.0
maccs,ligand_similar,454,0.99144047498703,6.307134628295898,1.0
maccs,ligand_similar,455,19.417638778686523,15.188689231872559,1.0
maccs,ligand_similar,456,4.772771835327148,-1.7905246019363403,0.2
maccs,ligand_similar,457,1.03917396068573,3.7624576091766357,1.0
maccs,ligand_similar,458,-1.5969128608703613,1.921419620513916,0.2
maccs,ligand_similar,459,-0.9927148222923279,2.0290377140045166,0.2
maccs,ligand_similar,460,-0.1423894315958023,1.7892000675201416,0.2
maccs,ligand_similar,461,1.102347731590271,6.175074100494385,1.0
maccs,ligand_similar,462,0.8248545527458191,5.6850128173828125,1.0
maccs,ligand_similar,463,12.381299018859863,20.947126388549805,1.0
maccs,ligand_similar,464,1.3282594680786133,9.380106925964355,1.0
maccs,ligand_similar,465,1.2612216472625732,7.453768730163574,1.0
maccs,ligand_similar,466,-3.291807174682617,0.2575867772102356,1.0
maccs,ligand_similar,467,-0.4685939848423004,1.6913602352142334,0.2
maccs,ligand_similar,468,4.182986736297607,1.3617417812347412,1.0
maccs,ligand_similar,469,4.783780097961426,-2.083385944366455,0.2
maccs,ligand_similar,470,-3.654329538345337,0.4749852120876312,1.0
maccs,ligand_similar,471,-3.1076881885528564,-1.4169917106628418,0.8
maccs,ligand_similar,472,0.10354053229093552,1.704980731010437,0.2
maccs,ligand_similar,473,-0.8559077382087708,4.437005519866943,1.0
maccs,ligand_similar,474,2.879038095474243,6.293262481689453,1.0
maccs,ligand_similar,475,2.103533983230591,7.503489017486572,1.0
maccs,ligand_similar,476,-0.7482755780220032,4.007656097412109,0.2
maccs,ligand_similar,477,0.9577807784080505,5.455009937286377,1.0
maccs,ligand_similar,478,1.3212257623672485,7.910968780517578,1.0
maccs,ligand_similar,479,10.16879653930664,2.735588550567627,1.0
maccs,ligand_similar,480,1.4064055681228638,-0.6293914318084717,1.0
maccs,ligand_similar,481,-3.1038239002227783,-0.36802321672439575,1.0
maccs,ligand_similar,482,2.025965929031372,7.478228569030762,1.0
maccs,ligand_similar,483,11.342028617858887,-7.139569282531738,1.0
maccs,ligand_similar,484,-2.839848279953003,-0.3753042221069336,1.0
maccs,ligand_similar,485,-5.647270202636719,-0.6388849020004272,0.8
maccs,ligand_similar,486,-3.105423927307129,2.75018048286438,0.2
maccs,ligand_similar,487,8.316729545593262,-6.791810989379883,1.0
maccs,ligand_similar,488,-3.88920259475708,0.48802420496940613,1.0
maccs,ligand_similar,489,0.09978776425123215,1.7475357055664062,0.2
maccs,ligand_similar,490,1.440781831741333,7.38408088684082,1.0
maccs,ligand_similar,491,-4.742056846618652,0.3300621509552002,1.0
maccs,ligand_similar,492,0.9371996521949768,5.927464485168457,1.0
maccs,ligand_similar,493,12.268682479858398,20.967283248901367,1.0
maccs,ligand_similar,494,-4.13109016418457,0.5298805236816406,1.0
maccs,ligand_similar,495,1.140722393989563,4.288322448730469,1.0
maccs,ligand_similar,496,6.646341323852539,-6.8736653327941895,0.8
maccs,ligand_similar,497,1.1368488073349,7.44679069519043,1.0
maccs,ligand_similar,498,-5.849448204040527,-0.8274017572402954,1.0
maccs,ligand_similar,499,10.31905746459961,0.30251485109329224,1.0
maccs,ligand_similar,500,-4.742056846618652,0.3300621509552002,1.0
maccs,ligand_similar,501,-4.396413326263428,-0.6713417768478394,0.2
maccs,ligand_similar,502,-0.768459141254425,3.912759304046631,0.2
maccs,ligand_similar,503,-1.5068397521972656,4.233904838562012,1.0
maccs,ligand_similar,504,0.8248545527458191,5.6850128173828125,1.0
maccs,ligand_similar,505,-3.105423927307129,2.75018048286438,0.2
maccs,ligand_similar,506,-1.9713693857192993,-1.426761507987976,0.8
maccs,ligand_similar,507,1.5276224613189697,7.405168533325195,1.0
maccs,ligand_similar,508,1.5714223384857178,7.300920486450195,1.0
maccs,ligand_similar,509,-5.598208427429199,-0.19321489334106445,1.0
maccs,ligand_similar,510,-0.4282992482185364,3.9914050102233887,0.2
maccs,ligand_similar,511,-5.467433929443359,-0.10713977366685867,1.0
maccs,ligand_similar,512,1.440781831741333,7.38408088684082,1.0
maccs,ligand_similar,513,1.5714223384857178,7.300920486450195,1.0
maccs,ligand_similar,514,-0.10683349519968033,1.6377153396606445,0.2
maccs,ligand_similar,515,-4.479452133178711,-0.8027135133743286,1.0
maccs,ligand_similar,516,-3.3658580780029297,-0.858734667301178,0.2
maccs,ligand_similar,517,-4.133693695068359,0.5281540155410767,1.0
maccs,ligand_similar,518,0.7242266535758972,4.270007610321045,1.0
maccs,ligand_similar,519,2.7985100746154785,-6.497249603271484,0.8
maccs,ligand_similar,520,0.012947430834174156,1.7264477014541626,0.2
maccs,ligand_similar,521,0.14358775317668915,1.6432868242263794,0.2
maccs,ligand_similar,522,-4.419866561889648,-0.8087986707687378,1.0
maccs,ligand_similar,523,-0.5987935662269592,4.219483852386475,1.0
maccs,ligand_similar,524,0.8248545527458191,5.6850128173828125,1.0
maccs,ligand_similar,525,-2.917891025543213,-0.48317551612854004,1.0
maccs,ligand_similar,526,15.983172416687012,18.184051513671875,1.0
maccs,ligand_similar,527,-5.417187213897705,0.058466967195272446,1.0
maccs,ligand_similar,528,-4.312401294708252,0.2780073285102844,1.0
maccs,ligand_similar,529,6.930241107940674,0.03619622811675072,1.0
maccs,ligand_similar,530,7.624427795410156,-0.30108779668807983,1.0
maccs,ligand_similar,531,-4.511934280395508,-0.6664894223213196,1.0
maccs,ligand_similar,532,-4.426837921142578,-0.6447976231575012,0.2
maccs,ligand_similar,533,-4.660972595214844,-1.7663832902908325,0.8
maccs,ligand_similar,534,1.4156709909439087,5.371529579162598,1.0
maccs,ligand_similar,535,8.336423873901367,-6.4469523429870605,1.0
maccs,ligand_similar,536,12.57040786743164,20.890869140625,1.0
maccs,ligand_similar,537,-2.9842426776885986,0.5885350108146667,1.0
maccs,ligand_similar,538,0.03581642359495163,0.24253684282302856,1.0
maccs,ligand_similar,539,4.857867240905762,-0.33334583044052124,0.2
maccs,ligand_similar,540,-3.845402479171753,0.3837753236293793,1.0
maccs,ligand_similar,541,-0.5252833962440491,3.9161112308502197,1.0
maccs,ligand_similar,542,10.17028522491455,0.37243014574050903,1.0
maccs,ligand_similar,543,1.7624951601028442,7.392129898071289,1.0
maccs,ligand_similar,544,-3.693331003189087,-0.3602791428565979,0.2
maccs,ligand_similar,545,1.1398016214370728,5.177464008331299,1.0
maccs,ligand_similar,546,-0.8391175866127014,5.185465335845947,1.0
maccs,ligand_similar,547,-4.505455017089844,-1.0563546419143677,1.0
maccs,ligand_similar,548,-4.505455017089844,-1.0563546419143677,1.0
maccs,ligand_similar,549,-1.0932979583740234,4.579416275024414,0.6
maccs,ligand_similar,550,-0.768459141254425,3.912759304046631,0.2
maccs,ligand_similar,551,10.609246253967285,0.35317689180374146,1.0
maccs,ligand_similar,552,-1.0686012506484985,4.550911903381348,0.2
maccs,ligand_similar,553,-0.9640478491783142,4.464151382446289,0.2
maccs,ligand_similar,554,1.082710862159729,6.176322937011719,1.0
maccs,ligand_similar,555,13.255788803100586,20.736082077026367,1.0
maccs,ligand_similar,556,10.043866157531738,2.014275312423706,1.0
maccs,ligand_similar,557,-2.249854564666748,3.9929287433624268,0.2
maccs,ligand_similar,558,1.3258346319198608,-0.3607182502746582,1.0
maccs,ligand_similar,559,3.435340166091919,-1.6975313425064087,0.2
maccs,ligand_similar,560,-0.9057864546775818,4.091430187225342,0.2
maccs,ligand_similar,561,-3.821380376815796,-0.6057350635528564,0.2
maccs,ligand_similar,562,10.106364250183105,0.41642123460769653,1.0
maccs,ligand_similar,563,-2.674617052078247,-0.011374031193554401,1.0
maccs,ligand_similar,564,-0.953890860080719,4.316695213317871,0.2
maccs,ligand_similar,565,19.555997848510742,15.957221984863281,1.0
maccs,ligand_similar,566,-3.606755256652832,0.765136182308197,1.0
maccs,ligand_similar,567,1.4225181341171265,-0.5262395143508911,1.0
maccs,ligand_similar,568,-1.047774076461792,4.511106014251709,0.2
maccs,ligand_similar,569,9.250364303588867,-0.874334990978241,1.0
maccs,ligand_similar,570,-3.774092435836792,0.6268802285194397,1.0
maccs,ligand_similar,571,2.872957229614258,0.8974557518959045,1.0
maccs,ligand_similar,572,1.3258346319198608,-0.3607182502746582,1.0
maccs,ligand_similar,573,-4.127973556518555,-0.6920926570892334,1.0
maccs,ligand_similar,574,-4.496687412261963,-1.5750007629394531,0.8
maccs,ligand_similar,575,-3.1512935161590576,-0.4921852946281433,0.2
maccs,ligand_similar,576,-1.05043363571167,4.54571008682251,0.2
maccs,ligand_similar,577,0.465300977230072,1.6513358354568481,0.2
maccs,ligand_similar,578,6.392354965209961,-5.867890357971191,0.6
maccs,ligand_similar,579,6.211333751678467,-6.119571685791016,1.0
maccs,ligand_similar,580,-0.10658533126115799,3.9994540214538574,0.2
maccs,ligand_similar,581,-4.108777046203613,-1.2215101718902588,0.8
maccs,ligand_similar,582,2.7761011123657227,15.578460693359375,0.2
maccs,ligand_similar,583,0.10175590962171555,1.7719887495040894,0.2
maccs,ligand_similar,584,4.259389877319336,2.7836830615997314,1.0
maccs,ligand_similar,585,-5.598208427429199,-0.19321489334106445,1.0
maccs,ligand_similar,586,1.4225181341171265,-0.5262395143508911,1.0
maccs,ligand_similar,587,7.769592761993408,-4.049779891967773,0.2
maccs,ligand_similar,588,10.723249435424805,-1.690368890762329,1.0
maccs,ligand_similar,589,3.139646291732788,15.457807540893555,0.2
maccs,ligand_similar,590,-4.11272668838501,-1.6006040573120117,0.8
maccs,ligand_similar,591,-5.399176597595215,-0.625617504119873,0.2
maccs,ligand_similar,592,-4.791445732116699,-1.4375224113464355,0.8
maccs,ligand_similar,593,-4.806693077087402,-0.5290111303329468,1.0
maccs,ligand_similar,594,-0.27077943086624146,-1.010229468345642,0.8
maccs,reaction_representation_matched,0,-4.503108024597168,0.3184077739715576,1.0
maccs,reaction_representation_matched,1,-4.168088912963867,0.33528122305870056,1.0
maccs,reaction_representation_matched,2,-4.160972595214844,0.3239135444164276,1.0
maccs,reaction_representation_matched,3,-4.168088912963867,0.33528122305870056,1.0
maccs,reaction_representation_matched,4,10.728516578674316,-0.18793171644210815,0.2
maccs,reaction_representation_matched,5,2.967501401901245,-9.203742980957031,1.0
maccs,reaction_representation_matched,6,0.4766605496406555,4.091916084289551,0.6
maccs,reaction_representation_matched,7,11.14700984954834,-7.258732318878174,0.8
maccs,reaction_representation_matched,8,3.2490546703338623,12.039015769958496,1.0
maccs,reaction_representation_matched,9,-4.489802837371826,0.3272322118282318,1.0
maccs,reaction_representation_matched,10,13.217607498168945,20.513105392456055,1.0
maccs,reaction_representation_matched,11,-3.526280164718628,0.7204411625862122,0.8
maccs,reaction_representation_matched,12,3.1019346714019775,-9.170099258422852,1.0
maccs,reaction_representation_matched,13,3.631086587905884,11.138351440429688,1.0
maccs,reaction_representation_matched,14,1.2271801233291626,0.9100742936134338,1.0
maccs,reaction_representation_matched,15,1.2709800004959106,0.8058256506919861,1.0
maccs,reaction_representation_matched,16,0.249823197722435,0.1794542670249939,1.0
maccs,reaction_representation_matched,17,1.4461231231689453,0.35544756054878235,1.0
maccs,reaction_representation_matched,18,1.020007610321045,0.32185232639312744,1.0
maccs,reaction_representation_matched,19,1.2891978025436401,-0.4401813745498657,1.0
maccs,reaction_representation_matched,20,0.3100651204586029,1.140604019165039,1.0
maccs,reaction_representation_matched,21,0.15313950181007385,0.34497570991516113,1.0
maccs,reaction_representation_matched,22,-0.11605052649974823,1.107008695602417,1.0
maccs,reaction_representation_matched,23,11.14700984954834,-7.258732318878174,0.2
maccs,reaction_representation_matched,24,13.192315101623535,20.136186599731445,1.0
maccs,reaction_representation_matched,25,6.176024436950684,11.318422317504883,1.0
maccs,reaction_representation_matched,26,6.573575496673584,11.76961612701416,1.0
maccs,reaction_representation_matched,27,7.90414571762085,13.95748519897461,1.0
maccs,reaction_representation_matched,28,-2.1228904724121094,-0.40349727869033813,1.0
maccs,reaction_representation_matched,29,11.43298625946045,-7.404644966125488,0.8
maccs,reaction_representation_matched,30,-4.296328544616699,-1.0624442100524902,1.0
maccs,reaction_representation_matched,31,5.578392028808594,13.996766090393066,1.0
maccs,reaction_representation_matched,32,-4.742056846618652,0.3300621509552002,0.6
maccs,reaction_representation_matched,33,3.9361324310302734,6.523576736450195,1.0
maccs,reaction_representation_matched,34,4.061062335968018,7.244890213012695,1.0
maccs,reaction_representation_matched,35,4.0806989669799805,7.243641376495361,1.0
maccs,reaction_representation_matched,36,4.061062335968018,7.244890213012695,1.0
maccs,reaction_representation_matched,37,4.061062335968018,7.244890213012695,1.0
maccs,reaction_representation_matched,38,3.9361324310302734,6.523576736450195,1.0
maccs,reaction_representation_matched,39,11.38918685913086,-7.300396919250488,1.0
maccs,reaction_representation_matched,40,18.38157081604004,-13.690227508544922,1.0
maccs,reaction_representation_matched,41,19.48514747619629,-13.211034774780273,1.0
maccs,reaction_representation_matched,42,3.1595726013183594,1.7636852264404297,1.0
maccs,reaction_representation_matched,43,7.734177589416504,-9.251838684082031,1.0
maccs,reaction_representation_matched,44,-4.7313995361328125,0.36928126215934753,0.2
maccs,reaction_representation_matched,45,2.650326728820801,6.05235481262207,1.0
maccs,reaction_representation_matched,46,-2.7230701446533203,0.6976813673973083,1.0
maccs,reaction_representation_matched,47,-0.8977627754211426,-2.776144027709961,1.0
maccs,reaction_representation_matched,48,-3.4957752227783203,-2.4071109294891357,1.0
maccs,reaction_representation_matched,49,12.009342193603516,15.888774871826172,1.0
maccs,reaction_representation_matched,50,-2.342458963394165,0.6170071363449097,1.0
maccs,reaction_representation_matched,51,8.741436004638672,-9.489911079406738,1.0
maccs,reaction_representation_matched,52,12.437591552734375,21.1492862701416,1.0
maccs,reaction_representation_matched,53,8.565299987792969,-6.579380989074707,1.0
maccs,reaction_representation_matched,54,14.08855152130127,-13.107845306396484,1.0
maccs,reaction_representation_matched,55,13.803438186645508,-11.465585708618164,1.0
maccs,reaction_representation_matched,56,17.40329360961914,-15.967012405395508,1.0
maccs,reaction_representation_matched,57,17.52822494506836,-15.24570083618164,1.0
maccs,reaction_representation_matched,58,3.022465229034424,-6.205086708068848,0.2
maccs,reaction_representation_matched,59,2.726607322692871,-6.343260765075684,1.0
maccs,reaction_representation_matched,60,-1.5378479957580566,-0.21337945759296417,1.0
maccs,reaction_representation_matched,61,8.707744598388672,-9.607266426086426,1.0
maccs,reaction_representation_matched,62,15.243879318237305,-12.339986801147461,1.0
maccs,reaction_representation_matched,63,12.434550285339355,-11.412652969360352,1.0
maccs,reaction_representation_matched,64,2.967501401901245,-9.203742980957031,1.0
maccs,reaction_representation_matched,65,8.169151306152344,-9.383844375610352,1.0
maccs,reaction_representation_matched,66,-2.080561876296997,-0.1793321967124939,1.0
maccs,reaction_representation_matched,67,-1.0117250680923462,0.10562782734632492,1.0
maccs,reaction_representation_matched,68,10.754270553588867,-7.241563320159912,1.0
maccs,reaction_representation_matched,69,9.937564849853516,-6.8123931884765625,1.0
maccs,reaction_representation_matched,70,10.593120574951172,-6.785961151123047,1.0
maccs,reaction_representation_matched,71,8.514459609985352,-6.647886753082275,1.0
maccs,reaction_representation_matched,72,-2.280778169631958,-0.7054761052131653,1.0
maccs,reaction_representation_matched,73,-4.126880168914795,0.5596490502357483,1.0
maccs,reaction_representation_matched,74,-4.814175605773926,0.3405669927597046,0.6
maccs,reaction_representation_matched,75,1.8951148986816406,0.3159264624118805,1.0
maccs,reaction_representation_matched,76,0.5635901093482971,0.9923079609870911,0.6
maccs,reaction_representation_matched,77,1.294803261756897,1.125573992729187,1.0
maccs,reaction_representation_matched,78,0.6307498812675476,0.9244850873947144,0.8
maccs,reaction_representation_matched,79,0.9850029349327087,0.9517386555671692,1.0
maccs,reaction_representation_matched,80,8.426290512084961,-6.518701076507568,1.0
maccs,reaction_representation_matched,81,-4.1315083503723145,0.5565797090530396,1.0
maccs,reaction_representation_matched,82,11.292035102844238,-7.400134563446045,1.0
maccs,reaction_representation_matched,83,8.404123306274414,-6.610608100891113,1.0
maccs,reaction_representation_matched,84,5.104172706604004,-2.0244758129119873,1.0
maccs,reaction_representation_matched,85,1.3858811855316162,-0.6057026386260986,1.0
maccs,reaction_representation_matched,86,-0.813549816608429,4.560831069946289,1.0
maccs,reaction_representation_matched,87,-2.129635810852051,4.098278522491455,0.4
maccs,reaction_representation_matched,88,-0.6886201500892639,5.2821431159973145,1.0
maccs,reaction_representation_matched,89,-5.955894947052002,-1.3993065357208252,1.0
maccs,reaction_representation_matched,90,-6.220841407775879,-1.8594605922698975,0.2
maccs,reaction_representation_matched,91,-4.756694316864014,0.3984760046005249,0.6
maccs,reaction_representation_matched,92,-2.1058554649353027,4.097110271453857,0.2
maccs,reaction_representation_matched,93,0.7624557614326477,1.6203994750976562,1.0
maccs,reaction_representation_matched,94,0.6055302023887634,0.8247712850570679,1.0
maccs,reaction_representation_matched,95,6.131727695465088,-2.922187566757202,1.0
maccs,reaction_representation_matched,96,3.3468072414398193,0.7584901452064514,1.0
maccs,reaction_representation_matched,97,-1.7964876890182495,0.09786408394575119,1.0
maccs,reaction_representation_matched,98,-2.3735640048980713,-2.18957781791687,0.2
maccs,reaction_representation_matched,99,11.342028617858887,-7.139569282531738,0.2
maccs,reaction_representation_matched,100,-3.2143588066101074,-2.2713005542755127,1.0
maccs,reaction_representation_matched,101,12.960494995117188,20.460716247558594,1.0
maccs,reaction_representation_matched,102,12.427644729614258,20.991626739501953,0.4
maccs,reaction_representation_matched,103,12.55372428894043,21.06524085998535,1.0
maccs,reaction_representation_matched,104,12.88393783569336,20.98622703552246,0.8
maccs,reaction_representation_matched,105,13.544210433959961,20.42629623413086,1.0
maccs,reaction_representation_matched,106,12.767805099487305,21.07027244567871,0.8
maccs,reaction_representation_matched,107,13.43574047088623,20.476125717163086,0.8
maccs,reaction_representation_matched,108,12.437591552734375,21.1492862701416,1.0
maccs,reaction_representation_matched,109,-1.48686945438385,-0.2764243483543396,1.0
maccs,reaction_representation_matched,110,-1.9385907649993896,-2.3215832710266113,1.0
maccs,reaction_representation_matched,111,-3.3957273960113525,-2.523212432861328,1.0
maccs,reaction_representation_matched,112,-3.919995069503784,-4.509757041931152,1.0
maccs,reaction_representation_matched,113,-2.712480068206787,-2.3933987617492676,1.0
maccs,reaction_representation_matched,114,1.8345869779586792,-0.19909924268722534,1.0
maccs,reaction_representation_matched,115,-3.608928918838501,-1.02642023563385,1.0
maccs,reaction_representation_matched,116,-6.03500509262085,-1.019209623336792,1.0
maccs,reaction_representation_matched,117,11.079110145568848,-7.23084020614624,1.0
maccs,reaction_representation_matched,118,-5.013949871063232,-2.319544553756714,0.2
maccs,reaction_representation_matched,119,11.3357515335083,-6.783016204833984,0.4
maccs,reaction_representation_matched,120,-1.5648491382598877,2.0154170989990234,1.0
maccs,reaction_representation_matched,121,-0.7145244479179382,1.7755794525146484,1.0
maccs,reaction_representation_matched,122,-1.5648491382598877,2.0154170989990234,1.0
maccs,reaction_representation_matched,123,1.1730676889419556,15.538312911987305,1.0
maccs,reaction_representation_matched,124,-4.487834453582764,0.35168537497520447,0.2
maccs,reaction_representation_matched,125,-4.8322906494140625,0.24704256653785706,1.0
maccs,reaction_representation_matched,126,-4.811875820159912,0.3420924246311188,0.8
maccs,reaction_representation_matched,127,18.29275131225586,-14.574830055236816,1.0
maccs,reaction_representation_matched,128,0.33634012937545776,1.5868042707443237,1.0
maccs,reaction_representation_matched,129,7.670834541320801,-3.363229513168335,0.2
maccs,reaction_representation_matched,130,4.036486625671387,1.784149169921875,0.6
maccs,reaction_representation_matched,131,4.584092140197754,1.2347477674484253,1.0
maccs,reaction_representation_matched,132,4.583542823791504,1.234383225440979,1.0
maccs,reaction_representation_matched,133,10.11579418182373,-1.1555652618408203,1.0
maccs,reaction_representation_matched,134,4.323371887207031,1.3017526865005493,0.4
maccs,reaction_representation_matched,135,0.8229933381080627,0.7861316800117493,1.0
maccs,reaction_representation_matched,136,3.1770098209381104,0.8789356350898743,1.0
maccs,reaction_representation_matched,137,0.9043611288070679,0.907396137714386,1.0
maccs,reaction_representation_matched,138,0.966812252998352,0.8558657765388489,1.0
maccs,reaction_representation_matched,139,1.7210956811904907,2.4181325435638428,1.0
maccs,reaction_representation_matched,140,20.488134384155273,-15.570168495178223,1.0
maccs,reaction_representation_matched,141,-0.06537682563066483,4.223822116851807,1.0
maccs,reaction_representation_matched,142,0.33452457189559937,-2.373871326446533,1.0
maccs,reaction_representation_matched,143,-3.9692206382751465,1.4280097484588623,1.0
maccs,reaction_representation_matched,144,-3.9801738262176514,1.4448572397232056,1.0
maccs,reaction_representation_matched,145,-4.081745624542236,-0.5793558955192566,1.0
maccs,reaction_representation_matched,146,-0.2174193412065506,-1.7158887386322021,0.8
maccs,reaction_representation_matched,147,-1.5648491382598877,2.0154170989990234,1.0
maccs,reaction_representation_matched,148,-0.4723467528820038,1.733915090560913,1.0
maccs,reaction_representation_matched,149,-1.5648491382598877,2.0154170989990234,1.0
maccs,reaction_representation_matched,150,-0.5591874718666077,1.712827205657959,1.0
maccs,reaction_representation_matched,151,-0.7920927405357361,1.750319242477417,1.0
maccs,reaction_representation_matched,152,2.8571536540985107,1.632976770401001,0.6
maccs,reaction_representation_matched,153,-1.777413249015808,-0.1169850304722786,0.4
maccs,reaction_representation_matched,154,-0.6157968640327454,-0.8752738833427429,1.0
maccs,reaction_representation_matched,155,12.661639213562012,21.051921844482422,1.0
maccs,reaction_representation_matched,156,12.767805099487305,21.07027244567871,0.8
maccs,reaction_representation_matched,157,3.040205955505371,-3.2238333225250244,1.0
maccs,reaction_representation_matched,158,12.798670768737793,20.757780075073242,1.0
maccs,reaction_representation_matched,159,-0.9975969195365906,-2.7719473838806152,1.0
maccs,reaction_representation_matched,160,-2.0993564128875732,4.089609146118164,0.2
maccs,reaction_representation_matched,161,17.91971778869629,-16.402267456054688,1.0
maccs,reaction_representation_matched,162,-3.4162368774414062,-2.247144937515259,1.0
maccs,reaction_representation_matched,163,-2.1633176803588867,-1.824926495552063,1.0
maccs,reaction_representation_matched,164,-2.0993564128875732,4.089609146118164,0.2
maccs,reaction_representation_matched,165,0.9642089605331421,0.8541392683982849,1.0
maccs,reaction_representation_matched,166,1.1857198476791382,-0.2057725191116333,1.0
maccs,reaction_representation_matched,167,11.628005027770996,-7.285481929779053,0.2
maccs,reaction_representation_matched,168,3.608544111251831,0.8584496378898621,1.0
maccs,reaction_representation_matched,169,2.944176435470581,1.7998988628387451,1.0
maccs,reaction_representation_matched,170,10.949289321899414,-7.122400283813477,0.2
maccs,reaction_representation_matched,171,11.584205627441406,-7.181233882904053,1.0
maccs,reaction_representation_matched,172,5.579259395599365,13.997342109680176,1.0
maccs,reaction_representation_matched,173,5.668521404266357,-2.5393002033233643,1.0
maccs,reaction_representation_matched,174,-0.4285467565059662,1.6296663284301758,1.0
maccs,reaction_representation_matched,175,11.049858093261719,-7.3584699630737305,0.8
maccs,reaction_representation_matched,176,10.246434211730957,-1.238724946975708,1.0
maccs,reaction_representation_matched,177,10.189041137695312,-1.2695763111114502,1.0
maccs,reaction_representation_matched,178,5.127408504486084,1.4387764930725098,1.0
maccs,reaction_representation_matched,179,10.497064590454102,-6.707365989685059,1.0
maccs,reaction_representation_matched,180,-2.663357973098755,-1.349125623703003,0.4
maccs,reaction_representation_matched,181,-3.5580928325653076,-1.087197184562683,1.0
maccs,reaction_representation_matched,182,16.95709800720215,-13.460770606994629,1.0
maccs,reaction_representation_matched,183,0.7198362946510315,4.095268249511719,0.6
maccs,reaction_representation_matched,184,0.2912288308143616,4.495851516723633,1.0
maccs,reaction_representation_matched,185,-1.7118088006973267,0.12081461399793625,1.0
maccs,reaction_representation_matched,186,-2.38864803314209,-0.45090943574905396,1.0
maccs,reaction_representation_matched,187,5.397862911224365,-4.976670742034912,1.0
maccs,reaction_representation_matched,188,6.278270721435547,12.560918807983398,1.0
maccs,reaction_representation_matched,189,12.965128898620605,21.103696823120117,0.6
maccs,reaction_representation_matched,190,13.43574047088623,20.476125717163086,0.6
maccs,reaction_representation_matched,191,-0.264531672000885,1.221655011177063,1.0
maccs,reaction_representation_matched,192,-1.9641555547714233,1.2185841798782349,1.0
maccs,reaction_representation_matched,193,-2.682389736175537,-2.7120492458343506,1.0
maccs,reaction_representation_matched,194,-3.442038059234619,-2.5616557598114014,1.0
maccs,reaction_representation_matched,195,-3.597490072250366,-2.4989798069000244,1.0
maccs,reaction_representation_matched,196,-2.3115673065185547,-2.027681589126587,1.0
maccs,reaction_representation_matched,197,2.8319623470306396,1.14723801612854,1.0
maccs,reaction_representation_matched,198,1.0357109308242798,0.9422299265861511,0.6
maccs,reaction_representation_matched,199,1.4014991521835327,0.9700530171394348,1.0
maccs,reaction_representation_matched,200,-6.220812797546387,-1.8594412803649902,0.6
maccs,reaction_representation_matched,201,2.471609354019165,6.9995832443237305,1.0
maccs,reaction_representation_matched,202,-1.5648491382598877,2.0154170989990234,1.0
maccs,reaction_representation_matched,203,-2.280778169631958,-0.7054761052131653,1.0
maccs,reaction_representation_matched,204,3.043940782546997,0.18453563749790192,1.0
maccs,reaction_representation_matched,205,1.4666475057601929,0.3317587077617645,1.0
maccs,reaction_representation_matched,206,1.3097220659255981,-0.46387016773223877,1.0
maccs,reaction_representation_matched,207,-3.708312749862671,0.537220299243927,1.0
maccs,reaction_representation_matched,208,-4.004133224487305,-0.35667353868484497,1.0
maccs,reaction_representation_matched,209,11.025674819946289,-6.713459491729736,1.0
maccs,reaction_representation_matched,210,10.020120620727539,-7.002688407897949,1.0
maccs,reaction_representation_matched,211,-1.9821172952651978,-0.41981780529022217,0.8
maccs,reaction_representation_matched,212,-2.153860092163086,-0.14523345232009888,1.0
maccs,reaction_representation_matched,213,-2.9396049976348877,0.9329568147659302,1.0
maccs,reaction_representation_matched,214,6.5437092781066895,-6.521897315979004,1.0
maccs,reaction_representation_matched,215,10.657118797302246,-7.341300964355469,1.0
maccs,reaction_representation_matched,216,0.5420406460762024,0.5712897181510925,1.0
maccs,reaction_representation_matched,217,10.243775367736816,17.786760330200195,1.0
maccs,reaction_representation_matched,218,-3.6109697818756104,-4.102924823760986,1.0
maccs,reaction_representation_matched,219,4.017000198364258,1.1006728410720825,0.8
maccs,reaction_representation_matched,220,9.90306568145752,-1.123664140701294,1.0
maccs,reaction_representation_matched,221,4.131807327270508,1.2231500148773193,0.2
maccs,reaction_representation_matched,222,4.283693313598633,2.08998966217041,1.0
maccs,reaction_representation_matched,223,11.274128913879395,-7.111677169799805,1.0
maccs,reaction_representation_matched,224,11.628005027770996,-7.285481929779053,0.2
maccs,reaction_representation_matched,225,-3.599803924560547,-2.5005147457122803,1.0
maccs,reaction_representation_matched,226,-1.7265738248825073,-0.04847973957657814,0.8
maccs,reaction_representation_matched,227,12.681310653686523,7.260313987731934,1.0
maccs,reaction_representation_matched,228,-3.305805206298828,0.8898922204971313,1.0
maccs,reaction_representation_matched,229,12.797098159790039,20.965139389038086,0.2
maccs,reaction_representation_matched,230,12.543778419494629,20.907581329345703,0.6
maccs,reaction_representation_matched,231,-2.186182975769043,-1.3060667514801025,1.0
maccs,reaction_representation_matched,232,2.716737747192383,-3.8567659854888916,0.4
maccs,reaction_representation_matched,233,-1.7656933069229126,0.35265547037124634,0.8
maccs,reaction_representation_matched,234,-0.193228617310524,-2.6217386722564697,1.0
maccs,reaction_representation_matched,235,3.1537344455718994,11.33532428741455,0.2
maccs,reaction_representation_matched,236,2.996943235397339,1.7903714179992676,1.0
maccs,reaction_representation_matched,237,10.949289321899414,-7.122400283813477,0.4
maccs,reaction_representation_matched,238,2.777885913848877,15.511451721191406,1.0
maccs,reaction_representation_matched,239,-1.4795440435409546,1.68613862991333,1.0
maccs,reaction_representation_matched,240,-0.6864087581634521,0.9921745657920837,1.0
maccs,reaction_representation_matched,241,4.609315395355225,-1.984269142150879,1.0
maccs,reaction_representation_matched,242,5.71382474899292,-2.494471311569214,0.8
maccs,reaction_representation_matched,243,-0.1287897378206253,-1.6090750694274902,1.0
maccs,reaction_representation_matched,244,1.561496376991272,7.635394096374512,1.0
maccs,reaction_representation_matched,245,-2.303969144821167,-0.4279589056968689,1.0
maccs,reaction_representation_matched,246,-2.1400864124298096,-0.1223762109875679,1.0
maccs,reaction_representation_matched,247,12.418441772460938,-7.685595989227295,0.2
maccs,reaction_representation_matched,248,3.979881763458252,11.3674898147583,1.0
maccs,reaction_representation_matched,249,-1.4612149000167847,1.7235920429229736,1.0
maccs,reaction_representation_matched,250,11.274128913879395,-7.111677169799805,1.0
maccs,reaction_representation_matched,251,11.049858093261719,-7.3584699630737305,0.6
maccs,reaction_representation_matched,252,6.555820941925049,-6.525365829467773,0.2
maccs,reaction_representation_matched,253,-1.6433508396148682,0.022437866777181625,0.4
maccs,reaction_representation_matched,254,12.664922714233398,15.743558883666992,0.2
maccs,reaction_representation_matched,255,-4.689185619354248,-0.5011661052703857,1.0
maccs,reaction_representation_matched,256,-5.138948440551758,-0.7546711564064026,1.0
maccs,reaction_representation_matched,257,12.075136184692383,15.600618362426758,0.2
maccs,reaction_representation_matched,258,-5.371852874755859,-0.7171788215637207,1.0
maccs,reaction_representation_matched,259,0.09605833142995834,1.2036864757537842,1.0
maccs,reaction_representation_matched,260,-4.313412666320801,0.34646791219711304,1.0
maccs,reaction_representation_matched,261,-3.8749783039093018,-0.19984644651412964,0.2
maccs,reaction_representation_matched,262,1.1864709854125977,0.84236079454422,1.0
maccs,reaction_representation_matched,263,1.8951148986816406,0.3159264624118805,1.0
maccs,reaction_representation_matched,264,-2.5275657176971436,-0.5571369528770447,1.0
maccs,reaction_representation_matched,265,-1.6674185991287231,1.1976656913757324,1.0
maccs,reaction_representation_matched,266,2.454387903213501,15.570411682128906,1.0
maccs,reaction_representation_matched,267,-1.4612149000167847,1.7235920429229736,1.0
maccs,reaction_representation_matched,268,-3.5848424434661865,0.42774298787117004,1.0
maccs,reaction_representation_matched,269,-2.303969144821167,-0.4279589056968689,1.0
maccs,reaction_representation_matched,270,-2.586597442626953,-0.4756607413291931,1.0
maccs,reaction_representation_matched,271,17.986248016357422,-14.325102806091309,1.0
maccs,reaction_representation_matched,272,1.561496376991272,7.635394096374512,1.0
maccs,reaction_representation_matched,273,0.764295756816864,7.370236396789551,1.0
maccs,reaction_representation_matched,274,-2.169274091720581,-1.3214986324310303,1.0
maccs,reaction_representation_matched,275,-2.720909833908081,-1.3369944095611572,1.0
maccs,reaction_representation_matched,276,11.335834503173828,-7.504382610321045,0.8
maccs,reaction_representation_matched,277,11.584205627441406,-7.181233882904053,1.0
maccs,reaction_representation_matched,278,-0.7221946120262146,0.175581157207489,1.0
maccs,reaction_representation_matched,279,-0.7332398295402527,-0.6133733987808228,1.0
maccs,reaction_representation_matched,280,-4.214132308959961,0.34630805253982544,1.0
maccs,reaction_representation_matched,281,-5.036036491394043,0.6875049471855164,1.0
maccs,reaction_representation_matched,282,-1.4011744260787964,-0.019226495176553726,1.0
maccs,reaction_representation_matched,283,-5.021862983703613,0.6969049572944641,1.0
maccs,reaction_representation_matched,284,4.986400604248047,-5.059454917907715,1.0
maccs,reaction_representation_matched,285,-1.6433508396148682,0.022437866777181625,0.2
maccs,reaction_representation_matched,286,-2.062152624130249,-1.733421802520752,1.0
maccs,reaction_representation_matched,287,-1.3573743104934692,-0.12347466498613358,0.6
maccs,reaction_representation_matched,288,10.612072944641113,15.914998054504395,0.2
maccs,reaction_representation_matched,289,8.206392288208008,-6.754532337188721,1.0
maccs,reaction_representation_matched,290,2.531956195831299,15.595671653747559,1.0
maccs,reaction_representation_matched,291,0.38650253415107727,1.932409644126892,1.0
maccs,reaction_representation_matched,292,1.6816312074661255,15.835509300231934,1.0
maccs,reaction_representation_matched,293,3.060847759246826,15.73888111114502,1.0
maccs,reaction_representation_matched,294,1.2824033498764038,-0.3712937831878662,0.8
maccs,reaction_representation_matched,295,0.7022138237953186,0.6592498421669006,1.0
maccs,reaction_representation_matched,296,6.4854536056518555,-6.515961647033691,1.0
maccs,reaction_representation_matched,297,-0.06086724251508713,0.4080582857131958,1.0
maccs,reaction_representation_matched,298,1.9312705993652344,-0.3646206855773926,1.0
maccs,reaction_representation_matched,299,2.9053571224212646,6.689818859100342,1.0
maccs,reaction_representation_matched,300,0.48334306478500366,7.155394554138184,1.0
maccs,reaction_representation_matched,301,1.2097748517990112,7.3073577880859375,1.0
maccs,reaction_representation_matched,302,1.24254310131073,7.244818687438965,1.0
maccs,reaction_representation_matched,303,1.285444974899292,7.44683313369751,1.0
maccs,reaction_representation_matched,304,-4.497238636016846,0.9323528409004211,1.0
maccs,reaction_representation_matched,305,-4.654830455780029,-0.0014252705732360482,1.0
maccs,reaction_representation_matched,306,1.3157243728637695,7.438163757324219,1.0
maccs,reaction_representation_matched,307,-1.035661220550537,-0.11542565375566483,0.4
maccs,reaction_representation_matched,308,-5.314034461975098,0.4780043959617615,1.0
maccs,reaction_representation_matched,309,-3.581510305404663,0.8830430507659912,0.8
maccs,reaction_representation_matched,310,-3.947401285171509,1.113500952720642,0.2
maccs,reaction_representation_matched,311,10.16879653930664,2.735588550567627,1.0
maccs,reaction_representation_matched,312,10.188432693481445,2.734339714050293,1.0
maccs,reaction_representation_matched,313,-3.548187494277954,2.511197328567505,1.0
maccs,reaction_representation_matched,314,10.952232360839844,15.993643760681152,0.4
maccs,reaction_representation_matched,315,-0.18563197553157806,1.9187891483306885,1.0
maccs,reaction_representation_matched,316,2.6872928142547607,15.532918930053711,1.0
maccs,reaction_representation_matched,317,4.763862609863281,1.5594292879104614,1.0
maccs,reaction_representation_matched,318,-4.040004253387451,-4.828456878662109,1.0
maccs,reaction_representation_matched,319,-4.508012771606445,-0.00137442781124264,1.0
maccs,reaction_representation_matched,320,10.81961441040039,-6.905147552490234,1.0
maccs,reaction_representation_matched,321,-1.4276394844055176,1.6880123615264893,1.0
maccs,reaction_representation_matched,322,-0.21995772421360016,1.7639397382736206,1.0
maccs,reaction_representation_matched,323,-1.178003191947937,2.8330514430999756,1.0
maccs,reaction_representation_matched,324,-0.4703786075115204,1.7583682537078857,1.0
maccs,reaction_representation_matched,325,2.8179330825805664,15.449758529663086,1.0
maccs,reaction_representation_matched,326,1.2733333110809326,7.450300693511963,1.0
maccs,reaction_representation_matched,327,4.772771835327148,-1.7905246019363403,1.0
maccs,reaction_representation_matched,328,-0.37445276975631714,-2.8735547065734863,1.0
maccs,reaction_representation_matched,329,1.0490849018096924,7.951507568359375,1.0
maccs,reaction_representation_matched,330,-3.7303316593170166,-0.20808619260787964,1.0
maccs,reaction_representation_matched,331,0.8927040696144104,7.464001655578613,1.0
maccs,reaction_representation_matched,332,2.1955583095550537,6.81102180480957,1.0
maccs,reaction_representation_matched,333,0.8927040696144104,7.464001655578613,1.0
maccs,reaction_representation_matched,334,-3.02103328704834,1.2264693975448608,1.0
maccs,reaction_representation_matched,335,-1.0236717462539673,-0.5645545721054077,1.0
maccs,reaction_representation_matched,336,10.31905746459961,0.30251485109329224,1.0
maccs,reaction_representation_matched,337,0.19960372149944305,4.034560203552246,0.4
maccs,reaction_representation_matched,338,4.409741401672363,1.083504319190979,0.6
maccs,reaction_representation_matched,339,4.3140997886657715,1.3059251308441162,0.2
maccs,reaction_representation_matched,340,0.47382599115371704,4.090036392211914,0.4
maccs,reaction_representation_matched,341,-3.645017385482788,-1.0267640352249146,0.2
maccs,reaction_representation_matched,342,10.981958389282227,-7.330577850341797,1.0
maccs,reaction_representation_matched,343,-4.948115825653076,1.059178113937378,1.0
maccs,reaction_representation_matched,344,-4.958489418029785,1.0764102935791016,1.0
maccs,reaction_representation_matched,345,-4.027436256408691,0.20055490732192993,1.0
maccs,reaction_representation_matched,346,2.7741329669952393,15.554006576538086,1.0
maccs,reaction_representation_matched,347,10.192749977111816,0.33486253023147583,1.0
maccs,reaction_representation_matched,348,0.8248545527458191,5.6850128173828125,1.0
maccs,reaction_representation_matched,349,-1.96759831905365,-2.1090173721313477,1.0
maccs,reaction_representation_matched,350,0.02477862499654293,1.0024837255477905,1.0
maccs,reaction_representation_matched,351,1.5330740213394165,8.496654510498047,1.0
maccs,reaction_representation_matched,352,10.188432693481445,2.734339714050293,1.0
maccs,reaction_representation_matched,353,-5.311598300933838,-0.8891474008560181,1.0
maccs,reaction_representation_matched,354,-3.947401285171509,1.113500952720642,0.2
maccs,reaction_representation_matched,355,1.0818051099777222,6.991178035736084,1.0
maccs,reaction_representation_matched,356,0.99144047498703,6.307134628295898,1.0
maccs,reaction_representation_matched,357,-4.055176258087158,-0.38531357049942017,0.2
maccs,reaction_representation_matched,358,-0.6222499012947083,0.9869621396064758,1.0
maccs,reaction_representation_matched,359,4.772771835327148,-1.7905246019363403,1.0
maccs,reaction_representation_matched,360,-1.508363127708435,-0.1704862117767334,1.0
maccs,reaction_representation_matched,361,-3.1791868209838867,-1.6810826063156128,1.0
maccs,reaction_representation_matched,362,1.0566445589065552,0.40131545066833496,1.0
maccs,reaction_representation_matched,363,-1.5969128608703613,1.921419620513916,1.0
maccs,reaction_representation_matched,364,-0.9927148222923279,2.0290377140045166,1.0
maccs,reaction_representation_matched,365,-0.1423894315958023,1.7892000675201416,1.0
maccs,reaction_representation_matched,366,1.040531873703003,0.2981634736061096,1.0
maccs,reaction_representation_matched,367,-2.337068796157837,-0.9228871464729309,0.8
maccs,reaction_representation_matched,368,1.102347731590271,6.175074100494385,1.0
maccs,reaction_representation_matched,369,0.8248545527458191,5.6850128173828125,1.0
maccs,reaction_representation_matched,370,12.381299018859863,20.947126388549805,1.0
maccs,reaction_representation_matched,371,-5.233891487121582,0.5067541003227234,1.0
maccs,reaction_representation_matched,372,-1.8672322034835815,-2.224907636642456,1.0
maccs,reaction_representation_matched,373,1.3282594680786133,9.380106925964355,1.0
maccs,reaction_representation_matched,374,1.2612216472625732,7.453768730163574,1.0
maccs,reaction_representation_matched,375,-0.4685939848423004,1.6913602352142334,1.0
maccs,reaction_representation_matched,376,10.497170448303223,-7.057391166687012,1.0
maccs,reaction_representation_matched,377,-4.838232040405273,0.6257480978965759,1.0
maccs,reaction_representation_matched,378,1.1753289699554443,-2.4492924213409424,0.4
maccs,reaction_representation_matched,379,0.10354053229093552,1.704980731010437,1.0
maccs,reaction_representation_matched,380,2.879038095474243,6.293262481689453,1.0
maccs,reaction_representation_matched,381,2.103533983230591,7.503489017486572,1.0
maccs,reaction_representation_matched,382,3.1005239486694336,1.8558011054992676,1.0
maccs,reaction_representation_matched,383,0.9577807784080505,5.455009937286377,1.0
maccs,reaction_representation_matched,384,-0.7076848149299622,-2.633974313735962,1.0
maccs,reaction_representation_matched,385,1.3212257623672485,7.910968780517578,1.0
maccs,reaction_representation_matched,386,3.2253708839416504,1.4410182237625122,1.0
maccs,reaction_representation_matched,387,10.16879653930664,2.735588550567627,1.0
maccs,reaction_representation_matched,388,-1.6916903257369995,-2.58548641204834,0.8
maccs,reaction_representation_matched,389,2.7948243618011475,1.899388074874878,1.0
maccs,reaction_representation_matched,390,1.4064055681228638,-0.6293914318084717,1.0
maccs,reaction_representation_matched,391,-3.1038239002227783,-0.36802321672439575,1.0
maccs,reaction_representation_matched,392,-2.678709030151367,-0.7467082142829895,0.8
maccs,reaction_representation_matched,393,-3.437847852706909,-0.7722665667533875,1.0
maccs,reaction_representation_matched,394,-6.290606498718262,-1.3923532962799072,1.0
maccs,reaction_representation_matched,395,2.025965929031372,7.478228569030762,1.0
maccs,reaction_representation_matched,396,-4.459128379821777,-0.6895771026611328,1.0
maccs,reaction_representation_matched,397,-5.358346939086914,0.4944646954536438,1.0
maccs,reaction_representation_matched,398,8.316729545593262,-6.791810989379883,1.0
maccs,reaction_representation_matched,399,-5.318963050842285,-1.4929802417755127,1.0
maccs,reaction_representation_matched,400,0.09978776425123215,1.7475357055664062,1.0
maccs,reaction_representation_matched,401,1.440781831741333,7.38408088684082,1.0
maccs,reaction_representation_matched,402,-4.742056846618652,0.3300621509552002,0.4
maccs,reaction_representation_matched,403,0.9371996521949768,5.927464485168457,1.0
maccs,reaction_representation_matched,404,12.268682479858398,20.967283248901367,1.0
maccs,reaction_representation_matched,405,-3.272779703140259,-2.1443259716033936,0.2
maccs,reaction_representation_matched,406,1.9915125370025635,0.5965290069580078,1.0
maccs,reaction_representation_matched,407,1.140722393989563,4.288322448730469,1.0
maccs,reaction_representation_matched,408,1.1368488073349,7.44679069519043,1.0
maccs,reaction_representation_matched,409,-3.7100250720977783,2.5021979808807373,0.4
maccs,reaction_representation_matched,410,10.31905746459961,0.30251485109329224,1.0
maccs,reaction_representation_matched,411,-1.7806378602981567,-1.744950532913208,1.0
maccs,reaction_representation_matched,412,0.8248545527458191,5.6850128173828125,1.0
maccs,reaction_representation_matched,413,1.5276224613189697,7.405168533325195,1.0
maccs,reaction_representation_matched,414,1.5714223384857178,7.300920486450195,1.0
maccs,reaction_representation_matched,415,-2.7357029914855957,-0.7125176787376404,1.0
maccs,reaction_representation_matched,416,-5.144543647766113,-0.9074122905731201,1.0
maccs,reaction_representation_matched,417,-1.7413336038589478,-0.09787148982286453,1.0
maccs,reaction_representation_matched,418,7.5195512771606445,17.708110809326172,1.0
maccs,reaction_representation_matched,419,1.440781831741333,7.38408088684082,1.0
maccs,reaction_representation_matched,420,1.5714223384857178,7.300920486450195,1.0
maccs,reaction_representation_matched,421,-0.10683349519968033,1.6377153396606445,1.0
maccs,reaction_representation_matched,422,0.7242266535758972,4.270007610321045,1.0
maccs,reaction_representation_matched,423,0.012947430834174156,1.7264477014541626,1.0
maccs,reaction_representation_matched,424,0.14358775317668915,1.6432868242263794,1.0
maccs,reaction_representation_matched,425,1.0566445589065552,0.40131545066833496,1.0
maccs,reaction_representation_matched,426,2.8869903087615967,1.5218737125396729,0.2
maccs,reaction_representation_matched,427,-0.5987935662269592,4.219483852386475,0.2
maccs,reaction_representation_matched,428,-5.141796112060547,-0.9055898189544678,1.0
maccs,reaction_representation_matched,429,6.895415306091309,18.198009490966797,1.0
maccs,reaction_representation_matched,430,-1.344354271888733,1.0739314556121826,1.0
maccs,reaction_representation_matched,431,0.8248545527458191,5.6850128173828125,1.0
maccs,reaction_representation_matched,432,6.531870365142822,18.318662643432617,1.0
maccs,reaction_representation_matched,433,6.764775276184082,18.281171798706055,1.0
maccs,reaction_representation_matched,434,-1.539385199546814,0.6251690983772278,1.0
maccs,reaction_representation_matched,435,1.5653969049453735,0.5629338026046753,1.0
maccs,reaction_representation_matched,436,6.609438896179199,18.343923568725586,1.0
maccs,reaction_representation_matched,437,1.4156709909439087,5.371529579162598,1.0
maccs,reaction_representation_matched,438,8.336423873901367,-6.4469523429870605,1.0
maccs,reaction_representation_matched,439,-2.219625949859619,-1.184787392616272,1.0
maccs,reaction_representation_matched,440,6.817268371582031,17.432767868041992,1.0
maccs,reaction_representation_matched,441,4.0551838874816895,14.38532543182373,1.0
maccs,reaction_representation_matched,442,-2.9842426776885986,0.5885350108146667,0.2
maccs,reaction_representation_matched,443,0.03581642359495163,0.24253684282302856,1.0
maccs,reaction_representation_matched,444,-1.8288575410842896,-0.40475767850875854,1.0
maccs,reaction_representation_matched,445,-2.337068796157837,-0.9228871464729309,0.6
maccs,reaction_representation_matched,446,-2.6420822143554688,-0.09632302075624466,1.0
maccs,reaction_representation_matched,447,-0.5252833962440491,3.9161112308502197,0.2
maccs,reaction_representation_matched,448,1.4827600717544556,0.43491068482398987,1.0
maccs,reaction_representation_matched,449,3.0745227336883545,1.5767571926116943,0.4
maccs,reaction_representation_matched,450,10.17028522491455,0.37243014574050903,1.0
maccs,reaction_representation_matched,451,1.7624951601028442,7.392129898071289,1.0
maccs,reaction_representation_matched,452,1.1398016214370728,5.177464008331299,1.0
maccs,reaction_representation_matched,453,-4.908891677856445,-0.9430821537971497,1.0
maccs,reaction_representation_matched,454,-0.8391175866127014,5.185465335845947,1.0
maccs,reaction_representation_matched,455,-0.13968713581562042,7.476421356201172,1.0
maccs,reaction_representation_matched,456,-2.1392576694488525,-0.29489463567733765,1.0
maccs,reaction_representation_matched,457,9.528538703918457,14.644879341125488,1.0
maccs,reaction_representation_matched,458,-0.330057293176651,1.1700912714004517,1.0
maccs,reaction_representation_matched,459,-1.0932979583740234,4.579416275024414,0.2
maccs,reaction_representation_matched,460,2.3679020404815674,0.500987708568573,1.0
maccs,reaction_representation_matched,461,-2.821925163269043,-0.5109068751335144,1.0
maccs,reaction_representation_matched,462,-3.733952760696411,-0.6827118992805481,1.0
maccs,reaction_representation_matched,463,-3.89048171043396,-0.7361701130867004,1.0
maccs,reaction_representation_matched,464,-3.1211912631988525,0.15874159336090088,1.0
maccs,reaction_representation_matched,465,-2.744356870651245,-0.4856465458869934,0.8
maccs,reaction_representation_matched,466,10.609246253967285,0.35317689180374146,1.0
maccs,reaction_representation_matched,467,-4.257007598876953,-0.22111767530441284,1.0
maccs,reaction_representation_matched,468,6.895415306091309,18.198009490966797,1.0
maccs,reaction_representation_matched,469,1.082710862159729,6.176322937011719,1.0
maccs,reaction_representation_matched,470,-4.908891677856445,-0.9430821537971497,1.0
maccs,reaction_representation_matched,471,1.3258346319198608,-0.3607182502746582,1.0
maccs,reaction_representation_matched,472,2.542041301727295,-0.5275242328643799,1.0
maccs,reaction_representation_matched,473,-3.5187973976135254,1.5312973260879517,1.0
maccs,reaction_representation_matched,474,-2.589020252227783,-0.5483989119529724,1.0
maccs,reaction_representation_matched,475,-4.637301445007324,-0.49674463272094727,0.6
maccs,reaction_representation_matched,476,-4.459128379821777,-0.6895771026611328,1.0
maccs,reaction_representation_matched,477,7.214537620544434,18.53467559814453,1.0
maccs,reaction_representation_matched,478,7.978105545043945,19.964385986328125,1.0
maccs,reaction_representation_matched,479,-3.5251102447509766,-0.7155730128288269,1.0
maccs,reaction_representation_matched,480,3.435340166091919,-1.6975313425064087,0.2
maccs,reaction_representation_matched,481,-2.5021798610687256,-0.5273110270500183,1.0
maccs,reaction_representation_matched,482,-3.6360886096954346,-0.7899681925773621,0.4
maccs,reaction_representation_matched,483,-1.7904192209243774,-0.8281380534172058,0.6
maccs,reaction_representation_matched,484,-5.141796112060547,-0.9055898189544678,1.0
maccs,reaction_representation_matched,485,-4.562369346618652,0.7338321805000305,0.6
maccs,reaction_representation_matched,486,11.57308292388916,15.443510055541992,0.2
maccs,reaction_representation_matched,487,0.1800718754529953,-2.639591693878174,1.0
maccs,reaction_representation_matched,488,-3.005004644393921,-0.32873988151550293,0.6
maccs,reaction_representation_matched,489,10.106364250183105,0.41642123460769653,1.0
maccs,reaction_representation_matched,490,2.7948243618011475,1.899388074874878,1.0
maccs,reaction_representation_matched,491,-0.23492540419101715,-1.3757585287094116,1.0
maccs,reaction_representation_matched,492,-4.13685417175293,-0.2981335520744324,1.0
maccs,reaction_representation_matched,493,1.4827600717544556,0.43491068482398987,0.8
maccs,reaction_representation_matched,494,-0.953890860080719,4.316695213317871,1.0
maccs,reaction_representation_matched,495,1.4225181341171265,-0.5262395143508911,1.0
maccs,reaction_representation_matched,496,-3.3451645374298096,-0.40738558769226074,0.2
maccs,reaction_representation_matched,497,-1.6231037378311157,-0.22150397300720215,1.0
maccs,reaction_representation_matched,498,-4.637301445007324,-0.49674463272094727,0.6
maccs,reaction_representation_matched,499,9.250364303588867,-0.874334990978241,0.8
maccs,reaction_representation_matched,500,-3.774092435836792,0.6268802285194397,0.2
maccs,reaction_representation_matched,501,-1.4615675210952759,6.9725213050842285,1.0
maccs,reaction_representation_matched,502,-1.4241371154785156,7.372446537017822,1.0
maccs,reaction_representation_matched,503,1.3258346319198608,-0.3607182502746582,1.0
maccs,reaction_representation_matched,504,-1.8573566675186157,6.808167934417725,1.0
maccs,reaction_representation_matched,505,0.465300977230072,1.6513358354568481,1.0
maccs,reaction_representation_matched,506,-4.152052402496338,-1.6190658807754517,1.0
maccs,reaction_representation_matched,507,-0.4656725525856018,9.151460647583008,1.0
maccs,reaction_representation_matched,508,-5.371852874755859,-0.7171788215637207,1.0
maccs,reaction_representation_matched,509,2.7761011123657227,15.578460693359375,1.0
maccs,reaction_representation_matched,510,-0.258700430393219,7.460925579071045,1.0
maccs,reaction_representation_matched,511,0.10175590962171555,1.7719887495040894,1.0
maccs,reaction_representation_matched,512,4.259389877319336,2.7836830615997314,1.0
maccs,reaction_representation_matched,513,-1.1407989263534546,7.8506927490234375,1.0
maccs,reaction_representation_matched,514,-3.483403205871582,0.1979348063468933,1.0
maccs,reaction_representation_matched,515,-1.4725841283798218,7.386317729949951,1.0
maccs,reaction_representation_matched,516,1.4225181341171265,-0.5262395143508911,1.0
maccs,reaction_representation_matched,517,7.769592761993408,-4.049779891967773,1.0
maccs,reaction_representation_matched,518,-1.2862071990966797,7.288722515106201,1.0
maccs,reaction_representation_matched,519,2.759337902069092,4.541282653808594,1.0
maccs,reaction_representation_matched,520,-1.2414911985397339,7.332038879394531,1.0
maccs,reaction_representation_matched,521,0.04807131737470627,7.329169273376465,1.0
maccs,reaction_representation_matched,522,10.723249435424805,-1.690368890762329,1.0
maccs,reaction_representation_matched,523,-1.1407989263534546,7.8506927490234375,1.0
maccs,reaction_representation_matched,524,-5.781938552856445,-1.3196501731872559,1.0
maccs,reaction_representation_matched,525,-0.38494259119033813,7.67688512802124,1.0
maccs,reaction_representation_matched,526,19.839996337890625,-16.408838272094727,1.0
maccs,reaction_representation_matched,527,6.384255409240723,17.78048324584961,1.0
maccs,reaction_representation_matched,528,-0.16923268139362335,7.303033828735352,1.0
maccs,reaction_representation_matched,529,-4.821173667907715,0.36027246713638306,1.0
maccs,reaction_representation_matched,530,-4.301279067993164,-0.4337347745895386,0.4
maccs,reaction_representation_matched,531,-2.460498809814453,5.809438228607178,1.0
maccs,reaction_representation_matched,532,-2.051622152328491,4.125332832336426,1.0
maccs,reaction_representation_matched,533,-2.4530513286590576,4.539813041687012,1.0
maccs,reaction_representation_matched,534,3.139646291732788,15.457807540893555,1.0
maccs,reaction_representation_matched,535,-4.989900588989258,0.32886654138565063,1.0
maccs,reaction_representation_matched,536,-3.843623399734497,1.0775021314620972,1.0
maccs,reaction_representation_matched,537,-5.371852874755859,-0.7171788215637207,1.0
maccs,reaction_representation_matched,538,-1.6956902742385864,7.093072414398193,1.0
maccs,reaction_representation_matched,539,-2.897165536880493,1.4087896347045898,1.0
maccs,reaction_representation_matched,540,-1.1407989263534546,7.8506927490234375,1.0
maccs,reaction_representation_matched,541,-2.497767686843872,4.496497631072998,1.0
maccs,reaction_representation_matched,542,-1.4722075462341309,6.955092906951904,1.0
maccs,reaction_representation_matched,543,-3.035095453262329,1.4925134181976318,1.0
maccs,reaction_representation_matched,544,-3.608760356903076,1.3936545848846436,1.0
maccs,reaction_representation_matched,545,-2.8705601692199707,4.264069557189941,1.0
maccs,reaction_representation_matched,546,-3.4708306789398193,1.3099308013916016,1.0
maccs,reaction_representation_matched,547,-2.635697364807129,4.580221652984619,1.0
maccs,reaction_representation_matched,548,-3.269958257675171,1.176361083984375,1.0
maccs,reaction_representation_matched,549,-1.4241371154785156,7.372446537017822,1.0
maccs,reaction_representation_matched,550,-0.27077943086624146,-1.010229468345642,1.0
maccs,reaction_representation_matched,551,-2.2768044471740723,3.561892032623291,1.0
maccs,reaction_representation_matched,552,-2.794646978378296,0.015549118630588055,1.0
