descriptor_id,source_rule_id,point_index,PC1,PC2,selection_frequency
spoc,all_ru_ahk,0,17.854490280151367,-5.573315143585205,1.0
spoc,all_ru_ahk,1,11.229568481445312,-3.8186066150665283,1.0
spoc,all_ru_ahk,2,-7.514048099517822,-2.674347162246704,1.0
spoc,all_ru_ahk,3,-7.272728443145752,-2.375002145767212,1.0
spoc,all_ru_ahk,4,-7.18414306640625,-2.620084285736084,1.0
spoc,all_ru_ahk,5,-7.205877780914307,-2.4814200401306152,1.0
spoc,all_ru_ahk,6,18.518310546875,1.8445188999176025,1.0
spoc,all_ru_ahk,7,20.34025764465332,1.4722635746002197,1.0
spoc,all_ru_ahk,8,19.578630447387695,1.5628764629364014,1.0
spoc,all_ru_ahk,9,-6.246424198150635,-4.5272932052612305,1.0
spoc,all_ru_ahk,10,22.190601348876953,1.687088966369629,1.0
spoc,all_ru_ahk,11,18.541790008544922,2.284963369369507,1.0
spoc,all_ru_ahk,12,-3.8364768028259277,-5.2739338874816895,1.0
spoc,all_ru_ahk,13,19.62830352783203,1.6180579662322998,1.0
spoc,all_ru_ahk,14,18.589664459228516,2.2077677249908447,1.0
spoc,all_ru_ahk,15,22.15418243408203,1.0789220333099365,1.0
spoc,all_ru_ahk,16,23.48369598388672,0.7402525544166565,1.0
spoc,all_ru_ahk,17,18.518726348876953,1.844825029373169,1.0
spoc,all_ru_ahk,18,-10.063216209411621,-3.786761522293091,1.0
spoc,all_ru_ahk,19,11.033731460571289,-9.452756881713867,1.0
spoc,all_ru_ahk,20,-4.829643249511719,-6.222360610961914,1.0
spoc,all_ru_ahk,21,-3.902765989303589,-5.025387763977051,1.0
spoc,all_ru_ahk,22,-0.7877295017242432,-7.168025493621826,1.0
spoc,all_ru_ahk,23,-8.750129699707031,-3.9958267211914062,1.0
spoc,all_ru_ahk,24,-10.949437141418457,-3.648132562637329,1.0
spoc,all_ru_ahk,25,-10.894009590148926,-3.653526782989502,1.0
spoc,all_ru_ahk,26,-10.926063537597656,-3.630915641784668,1.0
spoc,all_ru_ahk,27,11.204261779785156,-3.8154456615448,1.0
spoc,all_ru_ahk,28,-5.0551958084106445,2.5735769271850586,1.0
spoc,all_ru_ahk,29,2.151517391204834,5.145219802856445,1.0
spoc,all_ru_ahk,30,11.216915130615234,-3.817026376724243,1.0
spoc,all_ru_ahk,31,-4.295578956604004,15.709771156311035,1.0
spoc,all_ru_ahk,32,-1.560808777809143,16.505937576293945,1.0
spoc,all_ru_ahk,33,-9.857645034790039,-3.8668463230133057,1.0
spoc,all_ru_ahk,34,-4.8270158767700195,-5.095053672790527,1.0
spoc,all_ru_ahk,35,-11.58828353881836,-3.3422999382019043,1.0
spoc,all_ru_ahk,36,-5.321463108062744,-2.718799352645874,1.0
spoc,all_ru_ahk,37,-3.3342020511627197,0.4758424758911133,1.0
spoc,all_ru_ahk,38,11.196249008178711,-3.809792995452881,1.0
spoc,all_ru_ahk,39,19.755050659179688,-7.285966873168945,1.0
spoc,all_ru_ahk,40,-8.247275352478027,-4.683061122894287,1.0
spoc,all_ru_ahk,41,9.957094192504883,3.7124993801116943,1.0
spoc,all_ru_ahk,42,22.22006607055664,1.636354923248291,1.0
spoc,all_ru_ahk,43,-1.8620721101760864,17.78993034362793,1.0
spoc,all_ru_ahk,44,-10.423209190368652,-4.318150043487549,1.0
spoc,all_ru_ahk,45,-7.887282848358154,-4.15167236328125,1.0
spoc,all_ru_ahk,46,-4.535940647125244,-5.442424774169922,1.0
spoc,all_ru_ahk,47,-1.5614148378372192,16.505491256713867,1.0
spoc,all_ru_ahk,48,-6.735632419586182,-3.9863970279693604,1.0
spoc,all_ru_ahk,49,-1.1114846467971802,-5.272910118103027,1.0
spoc,all_ru_ahk,50,-11.144927978515625,-2.5967609882354736,1.0
spoc,all_ru_ahk,51,-9.763700485229492,-4.0176239013671875,1.0
spoc,all_ru_ahk,52,-6.782515525817871,-3.827907085418701,1.0
spoc,all_ru_ahk,53,-8.877058029174805,-4.067196846008301,1.0
spoc,all_ru_ahk,54,-7.628450870513916,-2.510674238204956,1.0
spoc,all_ru_ahk,55,9.627050399780273,30.70132827758789,1.0
spoc,all_ru_ahk,56,6.553947448730469,31.209522247314453,1.0
spoc,all_ru_ahk,57,8.566446304321289,30.726917266845703,1.0
spoc,all_ru_ahk,58,8.566446304321289,30.726917266845703,1.0
spoc,all_ru_ahk,59,8.569571495056152,30.724712371826172,1.0
spoc,all_ru_ahk,60,8.5806303024292,30.71691131591797,1.0
spoc,all_ru_ahk,61,-8.000022888183594,-3.610029458999634,1.0
spoc,all_ru_ahk,62,-6.142513751983643,-3.870692014694214,1.0
spoc,all_ru_ahk,63,-0.4277369976043701,-6.636636257171631,1.0
spoc,all_ru_ahk,64,-5.575429439544678,-5.043737411499023,1.0
spoc,all_ru_ahk,65,-4.196469306945801,-5.805323123931885,1.0
spoc,all_ru_ahk,66,-8.01421070098877,-4.223042964935303,1.0
spoc,all_ru_ahk,67,-4.324160575866699,-5.782288551330566,1.0
spoc,all_ru_ahk,68,-4.916230201721191,-4.935261249542236,1.0
spoc,all_ru_ahk,69,8.604350090026855,30.700180053710938,1.0
spoc,all_ru_ahk,70,5.884483337402344,16.733156204223633,1.0
spoc,all_ru_ahk,71,-1.1081844568252563,-0.21370697021484375,1.0
spoc,all_ru_ahk,72,0.6031337380409241,2.962740898132324,1.0
spoc,all_ru_ahk,73,-0.2049737572669983,3.0883607864379883,1.0
spoc,all_ru_ahk,74,-9.013648986816406,-3.9189963340759277,1.0
spoc,all_ru_ahk,75,8.566343307495117,30.72684097290039,1.0
spoc,all_ru_ahk,76,8.566368103027344,30.72686004638672,1.0
spoc,all_ru_ahk,77,-8.524422645568848,-2.153285264968872,1.0
spoc,all_ru_ahk,78,-8.492369651794434,-2.175896406173706,1.0
spoc,all_ru_ahk,79,-9.260846138000488,-4.704858779907227,1.0
spoc,all_ru_ahk,80,-7.9535722732543945,-3.9031260013580322,1.0
spoc,all_ru_ahk,81,21.385543823242188,-5.920140266418457,1.0
spoc,all_ru_ahk,82,-4.7194671630859375,2.6310629844665527,1.0
spoc,all_ru_ahk,83,-1.0524364709854126,0.7814797759056091,1.0
spoc,all_ru_ahk,84,-1.6949158906936646,1.144389271736145,1.0
spoc,all_ru_ahk,85,-1.0619081258773804,-0.19093692302703857,1.0
spoc,all_ru_ahk,86,-5.540611743927002,3.610851287841797,1.0
spoc,all_ru_ahk,87,-5.550083637237549,2.638434410095215,1.0
spoc,all_ru_ahk,88,-6.183091163635254,3.9737610816955566,1.0
spoc,all_ru_ahk,89,24.539905548095703,-8.33421802520752,1.0
spoc,all_ru_ahk,90,9.902959823608398,-3.34468150138855,1.0
spoc,all_ru_ahk,91,-5.549404621124268,-5.352298736572266,1.0
spoc,all_ru_ahk,92,-3.964168071746826,-5.250899314880371,1.0
spoc,all_ru_ahk,93,20.040578842163086,1.8958861827850342,1.0
spoc,all_ru_ahk,94,20.316078186035156,1.5177371501922607,1.0
spoc,all_ru_ahk,95,25.993881225585938,-0.030746402218937874,1.0
spoc,all_ru_ahk,96,7.885475158691406,30.755674362182617,1.0
spoc,all_ru_ahk,97,8.56640338897705,30.726884841918945,1.0
spoc,all_ru_ahk,98,-9.033427238464355,-2.982604503631592,1.0
spoc,all_ru_ahk,99,22.70725440979004,-6.747626781463623,1.0
spoc,all_ru_ahk,100,-9.08869743347168,-3.658076286315918,1.0
spoc,all_ru_ahk,101,1.2700188159942627,-5.1424384117126465,1.0
spoc,all_ru_ahk,102,-4.0922417640686035,-4.197312355041504,1.0
spoc,all_ru_ahk,103,-2.4494285583496094,-5.519870281219482,1.0
spoc,all_ru_ahk,104,3.5276710987091064,-3.9981889724731445,1.0
spoc,all_ru_ahk,105,-5.427222728729248,-4.2461748123168945,1.0
spoc,all_ru_ahk,106,-2.3213632106781006,-5.155006408691406,1.0
spoc,all_ru_ahk,107,-5.326540946960449,-4.194430828094482,1.0
spoc,all_ru_ahk,108,-2.289699077606201,-5.177905082702637,1.0
spoc,all_ru_ahk,109,-10.23562240600586,-3.3628246784210205,1.0
spoc,all_ru_ahk,110,1.1693367958068848,-5.194182395935059,1.0
spoc,all_ru_ahk,111,3.5002100467681885,-4.311366081237793,1.0
spoc,all_ru_ahk,112,3.3995280265808105,-4.363110065460205,1.0
spoc,all_ru_ahk,113,4.377995014190674,-5.58330774307251,1.0
spoc,all_ru_ahk,114,4.277313232421875,-5.635051727294922,1.0
spoc,all_ru_ahk,115,-3.391019105911255,-4.407428741455078,1.0
spoc,all_ru_ahk,116,-3.491701364517212,-4.45917272567749,1.0
spoc,all_ru_ahk,117,-10.16646671295166,-3.2463037967681885,1.0
spoc,all_ru_ahk,118,-2.3212852478027344,-5.154949188232422,1.0
spoc,all_ru_ahk,119,-10.242337226867676,-3.356215238571167,1.0
spoc,all_ru_ahk,120,5.160551071166992,20.29779624938965,1.0
spoc,all_ru_ahk,121,8.566425323486328,30.72690200805664,1.0
spoc,all_ru_ahk,122,-5.703120708465576,-5.020702362060547,1.0
spoc,all_ru_ahk,123,-8.900853157043457,-4.173469543457031,1.0
spoc,all_ru_ahk,124,5.258090496063232,19.109487533569336,1.0
spoc,all_ru_ahk,125,-6.208603382110596,-5.4607744216918945,1.0
spoc,all_ru_ahk,126,6.449257850646973,22.25604248046875,1.0
spoc,all_ru_ahk,127,-8.494707107543945,-2.1776182651519775,1.0
spoc,all_ru_ahk,128,2.182950258255005,12.891561508178711,1.0
spoc,all_ru_ahk,129,-4.308663845062256,-3.9736621379852295,1.0
spoc,all_ru_ahk,130,-5.602388858795166,-2.671802520751953,1.0
spoc,all_ru_ahk,131,-4.076908111572266,-4.709256649017334,1.0
spoc,all_ru_ahk,132,-9.013592720031738,-3.6318271160125732,1.0
spoc,all_ru_ahk,133,-7.487140655517578,-3.6818645000457764,1.0
spoc,all_ru_ahk,134,-7.046731472015381,-3.7862770557403564,1.0
spoc,all_ru_ahk,135,21.58786392211914,-7.698264122009277,1.0
spoc,all_ru_ahk,136,-4.931103229522705,15.731898307800293,1.0
spoc,all_ru_ahk,137,-8.560215950012207,-2.06653094291687,1.0
spoc,all_ru_ahk,138,-6.806297302246094,-2.5126044750213623,1.0
spoc,all_ru_ahk,139,-11.011219024658203,-5.219878196716309,1.0
spoc,all_ru_ahk,140,-10.454878807067871,-4.192501068115234,1.0
spoc,all_ru_ahk,141,-10.953387260437012,-5.226967811584473,1.0
spoc,all_ru_ahk,142,-10.976760864257812,-5.244184970855713,1.0
spoc,all_ru_ahk,143,-11.016026496887207,-5.21648645401001,1.0
spoc,all_ru_ahk,144,-0.7291045784950256,18.440486907958984,1.0
spoc,all_ru_ahk,145,-9.310141563415527,-1.8042545318603516,1.0
spoc,all_ru_ahk,146,-9.534464836120605,-3.350130796432495,1.0
spoc,all_ru_ahk,147,-2.483023166656494,18.886558532714844,1.0
spoc,all_ru_ahk,148,-11.021267890930176,-3.747263193130493,1.0
spoc,all_ru_ahk,149,-10.31830883026123,-2.090421676635742,1.0
spoc,all_ru_ahk,150,-10.331295013427734,-2.0999865531921387,1.0
spoc,all_ru_ahk,151,3.9561398029327393,9.438741683959961,1.0
spoc,all_ru_ahk,152,-7.473761558532715,-4.095485687255859,1.0
spoc,all_ru_ahk,153,-3.772742748260498,-5.7713518142700195,1.0
spoc,all_ru_ahk,154,-5.9601616859436035,-5.290947437286377,1.0
spoc,all_ru_ahk,155,4.027440547943115,11.629342079162598,1.0
spoc,all_ru_ahk,156,-8.3742036819458,-4.75443172454834,1.0
spoc,all_ru_ahk,157,8.566394805908203,30.726879119873047,1.0
spoc,all_ru_ahk,158,4.472899913787842,12.948796272277832,1.0
spoc,all_ru_ahk,159,4.295757293701172,12.235294342041016,1.0
spoc,all_ru_ahk,160,4.133706092834473,11.567787170410156,1.0
spoc,all_ru_ahk,161,-3.4229559898376465,-5.217747688293457,1.0
spoc,all_ru_ahk,162,-3.9830706119537354,-5.428385257720947,1.0
spoc,all_ru_ahk,163,-0.8898524045944214,-6.417131423950195,1.0
spoc,all_ru_ahk,164,4.027077674865723,9.801685333251953,1.0
spoc,all_ru_ahk,165,22.29204559326172,-7.792969703674316,1.0
spoc,all_ru_ahk,166,44.65340042114258,-17.502521514892578,1.0
spoc,all_ru_ahk,167,35.320953369140625,-16.512279510498047,1.0
spoc,all_ru_ahk,168,44.92597579956055,-16.364748001098633,1.0
spoc,all_ru_ahk,169,34.94904708862305,-16.48117446899414,1.0
spoc,all_ru_ahk,170,39.08388900756836,-17.339466094970703,1.0
spoc,all_ru_ahk,171,37.49029541015625,-16.39434051513672,1.0
spoc,all_ru_ahk,172,-1.2732874155044556,6.505226135253906,1.0
spoc,all_ru_ahk,173,1.7998048067092896,-6.482418060302734,1.0
spoc,all_ru_ahk,174,19.302043914794922,-10.687560081481934,1.0
spoc,all_ru_ahk,175,-11.610889434814453,-2.9557137489318848,1.0
spoc,all_ru_ahk,176,-10.316747665405273,-2.073544979095459,1.0
spoc,all_ru_ahk,177,9.666915893554688,22.067338943481445,1.0
spoc,all_ru_ahk,178,9.57282829284668,22.074214935302734,1.0
spoc,all_ru_ahk,179,-8.12695026397705,-3.6814000606536865,1.0
spoc,all_ru_ahk,180,-7.360791206359863,-3.8367373943328857,1.0
spoc,all_ru_ahk,181,-10.175956726074219,-3.2451183795928955,1.0
spoc,all_ru_ahk,182,-10.436856269836426,-4.171811580657959,1.0
spoc,all_ru_ahk,183,2.6168792247772217,10.1383638381958,1.0
spoc,all_ru_ahk,184,5.6097822189331055,23.249370574951172,1.0
spoc,all_ru_ahk,185,-5.960975170135498,-6.6718292236328125,1.0
spoc,all_ru_ahk,186,6.4921722412109375,23.133146286010742,1.0
spoc,all_ru_ahk,187,-10.251827239990234,-3.355029821395874,1.0
spoc,all_ru_ahk,188,-4.4282121658325195,-3.8460581302642822,1.0
spoc,all_ru_ahk,189,-7.800536632537842,0.025392411276698112,1.0
spoc,all_ru_ahk,190,6.898914813995361,-5.621924877166748,1.0
spoc,all_ru_ahk,191,0.9719954133033752,-5.290769577026367,1.0
spoc,all_ru_ahk,192,6.492155075073242,23.133132934570312,1.0
spoc,all_ru_ahk,193,10.311997413635254,30.33843994140625,1.0
spoc,all_ru_ahk,194,7.996762275695801,23.215543746948242,1.0
spoc,all_ru_ahk,195,9.623435020446777,30.355419158935547,1.0
spoc,all_ru_ahk,196,10.451915740966797,30.232219696044922,1.0
spoc,all_ru_ahk,197,-11.29726505279541,-6.06257438659668,1.0
spoc,all_ru_ahk,198,-11.708718299865723,-6.070889472961426,1.0
spoc,all_ru_ahk,199,-5.5495219230651855,-6.663514137268066,1.0
spoc,all_ru_ahk,200,-0.8461257815361023,-0.42001843452453613,1.0
spoc,all_ru_ahk,201,14.848478317260742,-11.287860870361328,1.0
spoc,all_ru_ahk,202,18.81659698486328,-12.223587036132812,1.0
spoc,all_ru_ahk,203,18.816102981567383,-12.223950386047363,1.0
spoc,all_ru_ahk,204,19.19082260131836,-11.632590293884277,1.0
spoc,all_ru_ahk,205,18.816415786743164,-12.22372055053711,1.0
spoc,all_ru_ahk,206,18.887353897094727,-11.860777854919434,1.0
spoc,all_ru_ahk,207,12.407617568969727,-10.149728775024414,1.0
spoc,all_ru_ahk,208,17.349166870117188,-11.888906478881836,1.0
spoc,all_ru_ahk,209,4.8821001052856445,23.304922103881836,1.0
spoc,all_ru_ahk,210,-5.326987266540527,-4.873909950256348,1.0
spoc,all_ru_ahk,211,11.97640609741211,30.349136352539062,1.0
spoc,all_ru_ahk,212,3.375786781311035,-2.3505311012268066,1.0
spoc,all_ru_ahk,213,-3.442009210586548,-4.964618682861328,1.0
spoc,all_ru_ahk,214,5.495578289031982,23.375694274902344,1.0
spoc,all_ru_ahk,215,-4.505313396453857,6.725245952606201,1.0
spoc,all_ru_ahk,216,-6.007966995239258,6.643216609954834,1.0
spoc,all_ru_ahk,217,8.379679679870605,29.188251495361328,1.0
spoc,all_ru_ahk,218,-6.232777118682861,-4.67363166809082,1.0
spoc,all_ru_ahk,219,14.50018310546875,-10.299116134643555,1.0
spoc,all_ru_ahk,220,16.936582565307617,-11.425102233886719,1.0
spoc,all_ru_ahk,221,13.729442596435547,-10.95872688293457,1.0
spoc,all_ru_ahk,222,20.33034324645996,-12.640630722045898,1.0
spoc,all_ru_ahk,223,27.74296760559082,-12.005958557128906,1.0
spoc,all_ru_ahk,224,21.501895904541016,-13.225406646728516,1.0
spoc,all_ru_ahk,225,16.18600845336914,-11.65599250793457,1.0
spoc,all_ru_ahk,226,19.465938568115234,-11.940896987915039,1.0
spoc,all_ru_ahk,227,17.951213836669922,-11.880313873291016,1.0
spoc,all_ru_ahk,228,16.823633193969727,-11.671106338500977,1.0
spoc,all_ru_ahk,229,15.778359413146973,-11.661304473876953,1.0
spoc,all_ru_ahk,230,19.780792236328125,-13.11170768737793,1.0
spoc,all_ru_ahk,231,16.574207305908203,-11.367130279541016,1.0
spoc,all_ru_ahk,232,2.5244531631469727,-5.493772029876709,1.0
spoc,all_ru_ahk,233,9.950250625610352,-9.913045883178711,1.0
spoc,all_ru_ahk,234,21.087169647216797,-11.030479431152344,1.0
spoc,all_ru_ahk,235,4.288241863250732,-7.6920247077941895,1.0
spoc,all_ru_ahk,236,9.81208610534668,-8.374463081359863,1.0
spoc,all_ru_ahk,237,-6.519810676574707,6.715816497802734,1.0
spoc,all_ru_ahk,238,20.187955856323242,-11.999967575073242,1.0
spoc,all_ru_ahk,239,-4.146751403808594,-3.2029483318328857,1.0
spoc,all_ru_ahk,240,-7.220108509063721,-8.378531455993652,1.0
spoc,all_ru_ahk,241,-0.6578420996665955,-3.6252834796905518,1.0
spoc,all_ru_ahk,242,-11.130006790161133,-3.8354456424713135,1.0
spoc,all_ru_ahk,243,-2.596695899963379,5.616589546203613,1.0
spoc,all_ru_ahk,244,1.2024508714675903,4.875072956085205,1.0
spoc,all_ru_ahk,245,25.14287567138672,-14.179706573486328,1.0
spoc,all_ru_ahk,246,11.851489067077637,-7.828453063964844,1.0
spoc,all_ru_ahk,247,10.115354537963867,-9.945823669433594,1.0
spoc,all_ru_ahk,248,16.906002044677734,-11.773704528808594,1.0
spoc,all_ru_ahk,249,21.55742835998535,-11.082765579223633,1.0
spoc,all_ru_ahk,250,4.919517517089844,0.0636797547340393,1.0
spoc,all_ru_ahk,251,-10.275867462158203,-3.338071584701538,1.0
spoc,all_ru_ahk,252,-10.267853736877441,-3.343724489212036,1.0
spoc,all_ru_ahk,253,-6.952538013458252,-3.803570032119751,1.0
spoc,all_ru_ahk,254,-10.243813514709473,-3.360682725906372,1.0
spoc,all_ru_ahk,255,0.3807563781738281,-4.2815937995910645,1.0
spoc,all_ru_ahk,256,-0.801376223564148,-7.021687030792236,1.0
spoc,all_ru_ahk,257,19.78316307067871,-10.566705703735352,1.0
spoc,all_ru_ahk,258,-3.2020530700683594,-5.229681968688965,1.0
spoc,all_ru_ahk,259,-4.210115909576416,-5.658984661102295,1.0
spoc,all_ru_ahk,260,23.91619300842285,25.184751510620117,1.0
spoc,all_ru_ahk,261,-4.075183391571045,-5.381655693054199,1.0
spoc,all_ru_ahk,262,-8.260921478271484,-4.536722660064697,1.0
spoc,all_ru_ahk,263,-9.021780967712402,-2.9625799655914307,1.0
spoc,all_ru_ahk,264,0.04873934015631676,-3.082646131515503,1.0
spoc,all_ru_ahk,265,-5.986306190490723,-2.2990691661834717,1.0
spoc,all_ru_ahk,266,20.570777893066406,-7.605490684509277,1.0
spoc,all_ru_ahk,267,-11.617510795593262,-2.948796272277832,1.0
spoc,all_ru_ahk,268,-6.354260444641113,-4.686991214752197,1.0
spoc,all_ru_ahk,269,-5.215616226196289,-4.685427188873291,1.0
spoc,all_ru_ahk,270,7.964343547821045,-2.8099985122680664,1.0
spoc,all_ru_ahk,271,-8.0338773727417,-4.30612325668335,1.0
spoc,all_ru_ahk,272,10.201455116271973,-3.588210105895996,1.0
spoc,all_ru_ahk,273,7.549921035766602,-3.5606791973114014,1.0
spoc,all_ru_ahk,274,-4.703927040100098,-0.35973799228668213,1.0
spoc,all_ru_ahk,275,-3.5507009029388428,0.0733911395072937,1.0
spoc,all_ru_ahk,276,-4.225099563598633,-5.478102684020996,1.0
spoc,all_ru_ahk,277,-4.097408294677734,-5.501137733459473,1.0
spoc,all_ru_ahk,278,-4.5764031410217285,-4.614903926849365,1.0
spoc,all_ru_ahk,279,-7.196925640106201,-4.553709983825684,1.0
spoc,all_ru_ahk,280,-10.32414722442627,-4.013964653015137,1.0
spoc,all_ru_ahk,281,-8.150217056274414,-4.377462387084961,1.0
spoc,all_ru_ahk,282,-7.491745471954346,-4.0294694900512695,1.0
spoc,all_ru_ahk,283,-10.32796859741211,-4.013890743255615,1.0
spoc,all_ru_ahk,284,-10.330565452575684,-4.015803813934326,1.0
spoc,all_ru_ahk,285,-7.508981704711914,-4.605583667755127,1.0
spoc,all_ru_ahk,286,22.76460075378418,-6.777092456817627,1.0
spoc,all_ru_ahk,287,-6.1737189292907715,-2.2709200382232666,1.0
spoc,all_ru_ahk,288,-9.159058570861816,-2.463697910308838,1.0
spoc,all_ru_ahk,289,3.7512013912200928,2.0780460834503174,1.0
spoc,all_ru_ahk,290,0.16365712881088257,2.9693140983581543,1.0
spoc,all_ru_ahk,291,1.4886976480484009,3.301469087600708,1.0
spoc,all_ru_ahk,292,-1.2664358615875244,3.170315980911255,1.0
spoc,all_ru_ahk,293,-2.261193037033081,3.577261209487915,1.0
spoc,all_ru_ahk,294,-6.685582637786865,6.383082866668701,1.0
spoc,all_ru_ahk,295,-4.030457496643066,-5.002352714538574,1.0
spoc,all_ru_ahk,296,-6.6775689125061035,6.377429962158203,1.0
spoc,all_ru_ahk,297,4.8595170974731445,-2.7088444232940674,1.0
spoc,all_ru_ahk,298,-6.669765949249268,6.381107330322266,1.0
spoc,all_ru_ahk,299,-6.130991458892822,-2.4324707984924316,1.0
spoc,all_ru_ahk,300,24.505420684814453,-8.308855056762695,1.0
spoc,all_ru_ahk,301,22.262109756469727,-7.946887493133545,1.0
spoc,all_ru_ahk,302,-5.8727850914001465,-4.142242908477783,1.0
spoc,all_ru_ahk,303,18.378284454345703,2.724046468734741,1.0
spoc,all_ru_ahk,304,-7.823547840118408,-4.649089813232422,1.0
spoc,all_ru_ahk,305,5.985021591186523,-3.2571146488189697,1.0
spoc,all_ru_ahk,306,-5.04392147064209,-4.912226676940918,1.0
spoc,all_ru_ahk,307,-4.469651222229004,-5.690971374511719,1.0
spoc,all_ru_ahk,308,15.447195053100586,-4.467504024505615,1.0
spoc,all_ru_ahk,309,14.046680450439453,1.1828632354736328,1.0
spoc,all_ru_ahk,310,14.868171691894531,1.0852775573730469,1.0
spoc,all_ru_ahk,311,13.297172546386719,1.222762107849121,1.0
spoc,all_ru_ahk,312,-4.948975086212158,-4.772132873535156,1.0
spoc,all_ru_ahk,313,22.553083419799805,-6.074202537536621,1.0
spoc,all_ru_ahk,314,-0.23129180073738098,-0.198308527469635,1.0
spoc,all_ru_ahk,315,2.455963373184204,0.15308153629302979,1.0
spoc,all_ru_ahk,316,-7.611738204956055,-3.912045955657959,1.0
spoc,all_ru_ahk,317,-10.639805793762207,-3.9432730674743652,1.0
spoc,all_ru_ahk,318,-5.218178749084473,6.048381805419922,1.0
spoc,all_ru_ahk,319,-6.701398849487305,6.385058403015137,1.0
spoc,all_ru_ahk,320,20.71666717529297,-6.786553859710693,1.0
spoc,all_ru_ahk,321,-10.305841445922852,-2.0812385082244873,1.0
spoc,all_ru_ahk,322,-9.999482154846191,-4.284178733825684,1.0
spoc,all_ru_ahk,323,-10.12950611114502,-3.538214683532715,1.0
spoc,all_ru_ahk,324,-4.878561019897461,8.844934463500977,1.0
spoc,all_ru_ahk,325,-4.364445686340332,-5.3890228271484375,1.0
spoc,all_ru_ahk,326,-11.802168846130371,-3.5565643310546875,1.0
spoc,all_ru_ahk,327,-4.582951068878174,-5.058770179748535,1.0
spoc,all_ru_ahk,328,-9.626235008239746,-3.921475410461426,1.0
spoc,all_ru_ahk,329,-5.129206657409668,1.2649030685424805,1.0
spoc,all_ru_ahk,330,-1.8323721885681152,-3.084552049636841,1.0
spoc,all_ru_ahk,331,-8.152396202087402,-4.025422096252441,1.0
spoc,all_ru_ahk,332,-7.227297306060791,-4.320644378662109,1.0
spoc,all_ru_ahk,333,-7.391279220581055,-4.251008033752441,1.0
spoc,all_ru_ahk,334,-4.8989129066467285,-5.0354204177856445,1.0
spoc,all_ru_ahk,335,-7.996426582336426,-4.0894060134887695,1.0
spoc,all_ru_ahk,336,-10.332342147827148,-2.062544584274292,1.0
spoc,all_ru_ahk,337,34.072086334228516,-16.20604133605957,1.0
spoc,all_ru_ahk,338,-10.15107250213623,-3.292741060256958,1.0
spoc,all_ru_ahk,339,-3.9915597438812256,-4.145568370819092,1.0
spoc,all_ru_ahk,340,-5.385100364685059,-4.55644416809082,1.0
spoc,all_ru_ahk,341,-1.169458031654358,-4.515631198883057,1.0
spoc,all_ru_ahk,342,-1.0413146018981934,-4.150710105895996,1.0
spoc,all_ru_ahk,343,-5.284418106079102,-4.504700183868408,1.0
spoc,all_ru_ahk,344,-5.256957054138184,-4.19152307510376,1.0
spoc,all_ru_ahk,345,-10.191139221191406,-3.264477252960205,1.0
spoc,all_ru_ahk,346,-10.226943016052246,-3.4026525020599365,1.0
spoc,all_ru_ahk,347,-4.157924652099609,-4.051178932189941,1.0
spoc,all_ru_ahk,348,-4.155587196350098,-4.04945707321167,1.0
spoc,all_ru_ahk,349,-10.209811210632324,-3.9412124156951904,1.0
spoc,all_ru_ahk,350,-8.967143058776855,-3.9249234199523926,1.0
spoc,all_ru_ahk,351,-10.266079902648926,-3.3655283451080322,1.0
spoc,all_ru_ahk,352,-8.32347297668457,-0.6246263384819031,1.0
spoc,all_ru_ahk,353,-9.64969539642334,-3.7305748462677,1.0
spoc,all_ru_ahk,354,19.6995792388916,-6.693780899047852,1.0
spoc,all_ru_ahk,355,-11.835206031799316,-2.998267650604248,1.0
spoc,all_ru_ahk,356,-10.335760116577148,-4.01962947845459,1.0
spoc,all_ru_ahk,357,-4.646492958068848,-0.7394104599952698,1.0
spoc,all_ru_ahk,358,-9.980607032775879,-3.8347971439361572,1.0
spoc,all_ru_ahk,359,-5.939074516296387,-3.8936963081359863,1.0
spoc,all_ru_ahk,360,2.345651149749756,-7.513586521148682,1.0
spoc,all_ru_ahk,361,-8.967036247253418,-3.812999725341797,1.0
spoc,all_ru_ahk,362,-6.689589023590088,6.385909080505371,1.0
spoc,all_ru_ahk,363,-4.650003910064697,-4.676054954528809,1.0
spoc,all_ru_ahk,364,-4.383510589599609,16.802520751953125,1.0
spoc,all_ru_ahk,365,-10.437479019165039,-4.179684638977051,1.0
spoc,all_ru_ahk,366,-11.317289352416992,-3.9324934482574463,1.0
spoc,all_ru_ahk,367,-10.496021270751953,4.909201622009277,1.0
spoc,all_ru_ahk,368,-10.5054931640625,3.9367847442626953,1.0
spoc,all_ru_ahk,369,15.159034729003906,-4.429590225219727,1.0
spoc,all_ru_ahk,370,20.720165252685547,-7.30784797668457,1.0
spoc,all_ru_ahk,371,-10.254422187805176,-3.3569414615631104,1.0
spoc,all_ru_ahk,372,-9.75316333770752,-3.9928460121154785,1.0
spoc,all_ru_ahk,373,-8.487332344055176,-4.117283344268799,1.0
spoc,all_ru_ahk,374,-11.821574211120605,-3.0078837871551514,1.0
spoc,all_ru_ahk,375,-1.3474167585372925,3.960070848464966,1.0
spoc,all_ru_ahk,376,-0.5844206809997559,-3.6990606784820557,1.0
spoc,all_ru_ahk,377,-6.36637020111084,0.35463982820510864,1.0
spoc,all_ru_ahk,378,-3.7021067142486572,1.3847692012786865,1.0
spoc,all_ru_ahk,379,35.88093185424805,-16.52924156188965,1.0
spoc,all_ru_ahk,380,35.90336608886719,-16.5678768157959,1.0
spoc,all_ru_ahk,381,36.547630310058594,-16.636566162109375,1.0
spoc,all_ru_ahk,382,34.95795440673828,-16.434673309326172,1.0
spoc,all_ru_ahk,383,35.620208740234375,-16.118762969970703,1.0
spoc,all_ru_ahk,384,35.602237701416016,-16.15506362915039,1.0
spoc,all_ru_ahk,385,37.508426666259766,-16.44294548034668,1.0
spoc,all_ru_ahk,386,36.56249237060547,-16.686738967895508,1.0
spoc,all_ru_ahk,387,35.92105484008789,-16.61298942565918,1.0
spoc,all_ru_ahk,388,39.03371047973633,-17.305395126342773,1.0
spoc,all_ru_ahk,389,37.02408981323242,-16.26738929748535,1.0
spoc,all_ru_ahk,390,38.31709671020508,-16.387582778930664,1.0
spoc,all_ru_ahk,391,34.50184631347656,-16.278520584106445,1.0
spoc,all_ru_ahk,392,35.037681579589844,-15.968210220336914,1.0
spoc,all_ru_ahk,393,38.31914520263672,-16.343647003173828,1.0
spoc,all_ru_ahk,394,21.985876083374023,-11.382296562194824,1.0
spoc,all_ru_ahk,395,35.221492767333984,-16.508726119995117,1.0
spoc,all_ru_ahk,396,35.78152084350586,-16.199533462524414,1.0
spoc,all_ru_ahk,397,33.6590690612793,-16.06524658203125,1.0
spoc,all_ru_ahk,398,36.99465560913086,-16.271451950073242,1.0
spoc,all_ru_ahk,399,0.9688149690628052,-6.737265586853027,1.0
spoc,all_ru_ahk,400,5.386572360992432,-5.801194190979004,1.0
spoc,all_ru_ahk,401,-5.709623336791992,-2.8079776763916016,1.0
spoc,all_ru_ahk,402,19.89159393310547,-7.149851322174072,1.0
spoc,all_ru_ahk,403,21.424345016479492,-7.402553558349609,1.0
spoc,all_ru_ahk,404,-0.6425997018814087,-5.344099521636963,1.0
spoc,all_ru_ahk,405,-10.394821166992188,-2.2109642028808594,1.0
spoc,all_ru_ahk,406,-10.169241905212402,-3.251727819442749,1.0
spoc,all_ru_ahk,407,-7.89501428604126,-3.6586201190948486,1.0
spoc,all_ru_ahk,408,-4.030830383300781,-4.168901443481445,1.0
spoc,all_ru_ahk,409,-10.838176727294922,-2.956502676010132,1.0
spoc,all_ru_ahk,410,6.466405868530273,30.9104061126709,1.0
spoc,all_ru_ahk,411,13.83445930480957,30.0281925201416,1.0
spoc,all_ru_ahk,412,-5.592360496520996,-3.869046449661255,1.0
spoc,all_ru_ahk,413,12.585457801818848,29.964061737060547,1.0
spoc,all_ru_ahk,414,11.352453231811523,30.109352111816406,1.0
spoc,all_ru_ahk,415,10.4821138381958,30.199005126953125,1.0
spoc,all_ru_ahk,416,9.471877098083496,30.484516143798828,1.0
spoc,all_ru_ahk,417,9.643318176269531,30.351367950439453,1.0
spoc,all_ru_ahk,418,8.148445129394531,31.34202003479004,1.0
spoc,all_ru_ahk,419,11.270050048828125,30.13990020751953,1.0
spoc,all_ru_ahk,420,14.513307571411133,29.300779342651367,1.0
spoc,all_ru_ahk,421,12.080503463745117,30.242353439331055,1.0
spoc,all_ru_ahk,422,-5.985525131225586,-3.600600004196167,1.0
spoc,all_ru_ahk,423,-2.486323833465576,-3.218776226043701,1.0
spoc,all_ru_ahk,424,-7.189332008361816,-8.403238296508789,1.0
spoc,all_ru_ahk,425,21.16503143310547,25.1959285736084,1.0
spoc,all_ru_ahk,426,21.606884002685547,25.089143753051758,1.0
spoc,all_ru_ahk,427,5.867690563201904,-5.680339336395264,1.0
spoc,all_ru_ahk,428,-5.880578994750977,6.489108562469482,1.0
spoc,all_ru_ahk,429,20.32931900024414,25.414337158203125,1.0
spoc,all_ru_ahk,430,27.72319793701172,24.459985733032227,1.0
spoc,all_ru_ahk,431,22.742431640625,24.794240951538086,1.0
spoc,all_ru_ahk,432,0.5686108469963074,5.965324401855469,1.0
spoc,all_ru_ahk,433,-0.6173288822174072,-3.552100896835327,1.0
spoc,all_ru_ahk,434,-9.357965469360352,7.369343280792236,1.0
spoc,all_ru_ahk,435,-8.703825950622559,7.049350738525391,1.0
spoc,all_ru_ahk,436,-10.07602310180664,-3.874126672744751,1.0
spoc,all_ru_ahk,437,-0.6056561470031738,-3.5435030460357666,1.0
spoc,all_ru_ahk,438,21.18197250366211,25.140987396240234,1.0
spoc,all_ru_ahk,439,-4.159870624542236,-4.416576862335205,1.0
spoc,all_ru_ahk,440,-4.660419940948486,1.900143027305603,1.0
spoc,all_ru_ahk,441,-3.841732978820801,-5.417874336242676,1.0
spoc,all_ru_ahk,442,16.230642318725586,-15.563614845275879,1.0
spoc,all_ru_ahk,443,5.54083251953125,-0.9869638085365295,1.0
spoc,all_ru_ahk,444,-7.226537704467773,-4.071694374084473,1.0
spoc,all_ru_ahk,445,-6.083863258361816,-3.4173831939697266,1.0
spoc,all_ru_ahk,446,-8.098359107971191,-3.4268128871917725,1.0
spoc,all_ru_ahk,447,19.316852569580078,-12.04671573638916,1.0
spoc,all_ru_ahk,448,-4.3378071784973145,-5.635949611663818,1.0
spoc,all_ru_ahk,449,-3.0809640884399414,-3.8599131107330322,1.0
spoc,all_ru_ahk,450,-7.0552191734313965,3.2992098331451416,1.0
spoc,all_ru_ahk,451,-9.274492263793945,-4.5585198402404785,1.0
spoc,all_ru_ahk,452,0.33162379264831543,-5.648731231689453,1.0
spoc,all_ru_ahk,453,-8.387849807739258,-4.60809326171875,1.0
spoc,all_ru_ahk,454,-7.851239204406738,-4.121669769287109,1.0
spoc,all_ru_ahk,455,2.326432466506958,-4.679312229156494,1.0
spoc,all_ru_ahk,456,-8.574307441711426,-3.399256467819214,1.0
spoc,all_ru_ahk,457,-4.110762119293213,-5.405350208282471,1.0
spoc,all_ru_ahk,458,-3.8723127841949463,-5.714259147644043,1.0
spoc,all_ru_ahk,459,-4.21267557144165,-5.609177589416504,1.0
spoc,all_ru_ahk,460,-9.047446250915527,-4.327920913696289,1.0
spoc,all_ru_ahk,461,-5.454678535461426,-4.8508758544921875,1.0
spoc,all_ru_ahk,462,-11.846111297607422,-2.990574598312378,1.0
spoc,all_ru_ahk,463,-1.4118576049804688,1.756652593612671,1.0
spoc,all_ru_ahk,464,-3.5984950065612793,-1.0914405584335327,1.0
spoc,all_ru_ahk,465,-10.627385139465332,-3.5553665161132812,1.0
spoc,all_ru_ahk,466,-11.151124000549316,-3.8429129123687744,1.0
spoc,all_ru_ahk,467,34.0369758605957,-16.13519859313965,1.0
spoc,all_ru_ahk,468,34.021793365478516,-16.11825180053711,1.0
spoc,all_ru_ahk,469,23.153484344482422,-7.653289794921875,1.0
spoc,all_ru_ahk,470,-3.331617593765259,-4.835118293762207,1.0
spoc,all_ru_ahk,471,-7.311491012573242,-2.676604986190796,1.0
spoc,all_ru_ahk,472,-9.163787841796875,-4.3992600440979,1.0
spoc,all_ru_ahk,473,-4.172280311584473,-4.703250408172607,1.0
spoc,all_ru_ahk,474,-0.7927942872047424,-6.111533164978027,1.0
spoc,all_ru_ahk,475,-10.453913688659668,-3.7994320392608643,1.0
spoc,all_ru_ahk,476,-10.424189567565918,-3.839914083480835,1.0
spoc,all_ru_ahk,477,-10.424189567565918,-3.839914083480835,1.0
spoc,all_ru_ahk,478,-10.770675659179688,-3.674464702606201,1.0
spoc,all_ru_ahk,479,-8.157010078430176,-3.8801217079162598,1.0
spoc,all_ru_ahk,480,-4.005916118621826,-5.880331993103027,1.0
spoc,all_ru_ahk,481,21.420846939086914,-6.881259441375732,1.0
spoc,all_ru_ahk,482,-13.139041900634766,-2.2549374103546143,1.0
spoc,all_ru_ahk,483,3.7981767654418945,4.503437519073486,1.0
spoc,all_ru_ahk,484,33.65422439575195,-16.060815811157227,1.0
spoc,all_ru_ahk,485,5.032280921936035,4.771533966064453,1.0
spoc,all_ru_ahk,486,-0.6559197306632996,3.490280866622925,1.0
spoc,all_ru_ahk,487,1.0318118333816528,3.4071242809295654,1.0
spoc,all_ru_ahk,488,-0.6237318515777588,3.7057058811187744,1.0
spoc,all_ru_ahk,489,1.6489766836166382,27.61772918701172,1.0
spoc,all_ru_ahk,490,-8.739712715148926,-2.4530889987945557,1.0
spoc,all_ru_ahk,491,-4.4520649909973145,-2.804011821746826,1.0
spoc,all_ru_ahk,492,-9.250938415527344,-2.31139874458313,1.0
spoc,all_ru_ahk,493,18.88735008239746,-6.895550727844238,1.0
spoc,all_ru_ahk,494,-4.505487442016602,-6.131296157836914,1.0
spoc,all_ru_ahk,495,-4.055480480194092,-5.719320297241211,1.0
spoc,all_ru_ahk,496,-3.550647258758545,-5.194713115692139,1.0
spoc,all_ru_ahk,497,-6.435392379760742,-3.6095633506774902,1.0
spoc,all_ru_ahk,498,-1.4896326065063477,-5.038403511047363,1.0
spoc,all_ru_ahk,499,31.280838012695312,-14.058086395263672,1.0
spoc,all_ru_ahk,500,-2.0326638221740723,-5.032464504241943,1.0
spoc,all_ru_ahk,501,-11.138501167297363,5.272110939025879,1.0
spoc,all_ru_ahk,502,-1.826956868171692,-0.45816105604171753,1.0
spoc,all_ru_ahk,503,-10.316427230834961,-2.10184383392334,1.0
spoc,all_ru_ahk,504,-6.672929286956787,6.381502151489258,1.0
spoc,all_ru_ahk,505,-6.590146541595459,-3.424710750579834,1.0
spoc,all_ru_ahk,506,17.665111541748047,-4.796444892883301,1.0
spoc,all_ru_ahk,507,-6.25974702835083,-1.9530333280563354,1.0
spoc,all_ru_ahk,508,-1.2681721448898315,-5.499454975128174,1.0
spoc,all_ru_ahk,509,2.084770679473877,5.730185508728027,1.0
spoc,all_ru_ahk,510,13.950008392333984,1.236454963684082,1.0
spoc,all_ru_ahk,511,13.276859283447266,1.4204607009887695,1.0
spoc,all_ru_ahk,512,12.29499626159668,1.967691421508789,1.0
spoc,all_ru_ahk,513,13.949515342712402,1.2360913753509521,1.0
spoc,all_ru_ahk,514,22.03322982788086,0.23405343294143677,1.0
spoc,all_ru_ahk,515,13.276366233825684,1.4200971126556396,1.0
spoc,all_ru_ahk,516,14.48000717163086,0.8216405510902405,1.0
spoc,all_ru_ahk,517,15.211614608764648,0.7464838624000549,1.0
spoc,all_ru_ahk,518,-6.111462116241455,4.1056437492370605,1.0
spoc,all_ru_ahk,519,3.2325847148895264,2.9671664237976074,1.0
spoc,all_ru_ahk,520,-9.308575630187988,5.296494007110596,1.0
spoc,all_ru_ahk,521,-9.136734008789062,1.1696410179138184,1.0
spoc,all_ru_ahk,522,-9.272429466247559,5.278003215789795,1.0
spoc,all_ru_ahk,523,-10.391364097595215,-3.7734460830688477,1.0
spoc,all_ru_ahk,524,-6.4066853523254395,-2.7744271755218506,1.0
spoc,all_ru_ahk,525,-1.8202117681503296,5.3834991455078125,1.0
spoc,all_ru_ahk,526,-0.5695624351501465,-6.359109878540039,1.0
spoc,all_ru_ahk,527,23.63422393798828,-7.397144794464111,1.0
spoc,all_ru_ahk,528,19.083683013916016,-5.902595043182373,1.0
spoc,all_ru_ahk,529,-9.348509788513184,-4.01007604598999,1.0
spoc,all_ru_ahk,530,-3.2273292541503906,8.166682243347168,1.0
spoc,all_ru_ahk,531,-11.142970085144043,-3.4480886459350586,1.0
spoc,all_ru_ahk,532,-4.405917167663574,-6.188389301300049,1.0
spoc,all_ru_ahk,533,21.090110778808594,1.3749516010284424,1.0
spoc,all_ru_ahk,534,-2.045893430709839,-4.971496105194092,1.0
spoc,all_ru_ahk,535,-1.2769999504089355,-5.490231513977051,1.0
spoc,all_ru_ahk,536,-8.340456008911133,-3.302292585372925,1.0
spoc,all_ru_ahk,537,-8.693442344665527,-3.408052444458008,1.0
spoc,all_ru_ahk,538,-0.48373842239379883,-3.6473169326782227,1.0
spoc,all_ru_ahk,539,33.52135467529297,-16.295257568359375,1.0
spoc,all_ru_ahk,540,20.244699478149414,-7.8734660148620605,1.0
spoc,all_ru_ahk,541,33.89837646484375,-15.571427345275879,1.0
spoc,all_ru_ahk,542,32.03792190551758,-15.949252128601074,1.0
spoc,all_ru_ahk,543,26.293806076049805,-13.7990140914917,1.0
spoc,all_ru_ahk,544,36.13005828857422,-16.838476181030273,1.0
spoc,all_ru_ahk,545,30.278032302856445,-12.503874778747559,1.0
spoc,all_ru_ahk,546,38.20170593261719,-16.73140525817871,1.0
spoc,all_ru_ahk,547,33.8957633972168,-15.704126358032227,1.0
spoc,all_ru_ahk,548,32.05394744873047,-15.96055793762207,1.0
spoc,all_ru_ahk,549,36.17190170288086,-16.487335205078125,1.0
spoc,all_ru_ahk,550,-0.5727257132530212,-6.358715057373047,1.0
spoc,all_ru_ahk,551,1.2078555822372437,5.414726257324219,1.0
spoc,all_ru_ahk,552,27.755144119262695,-14.167189598083496,1.0
spoc,all_ru_ahk,553,35.3601188659668,-16.392051696777344,1.0
spoc,all_ru_ahk,554,25.972883224487305,-12.666547775268555,1.0
spoc,all_ru_ahk,555,-2.386141538619995,-4.928900241851807,1.0
spoc,all_ru_ahk,556,-7.2887749671936035,-1.2765933275222778,1.0
spoc,all_ru_ahk,557,-0.7819488048553467,-5.903285026550293,1.0
spoc,all_ru_ahk,558,19.93935775756836,-7.462897777557373,1.0
spoc,all_ru_ahk,559,23.63772201538086,-7.91843843460083,1.0
spoc,all_ru_ahk,560,-7.2948760986328125,-1.2692933082580566,1.0
spoc,all_ru_ahk,561,7.173067092895508,-6.766517639160156,1.0
spoc,all_ru_ahk,562,-8.933744430541992,-3.0709378719329834,1.0
spoc,all_ru_ahk,563,-8.340975761413574,-3.302675247192383,1.0
spoc,all_ru_ahk,564,-9.093964576721191,-3.8843703269958496,1.0
spoc,all_ru_ahk,565,-10.25312614440918,-3.3559863567352295,1.0
spoc,all_ru_ahk,566,-7.60068941116333,-4.166856288909912,1.0
spoc,all_ru_ahk,567,-4.056130409240723,-5.634785175323486,1.0
spoc,all_ru_ahk,568,-8.160804748535156,-4.377493858337402,1.0
spoc,all_ru_ahk,569,-11.553727149963379,-3.38673734664917,1.0
spoc,all_ru_ahk,570,4.653395652770996,-2.2383010387420654,1.0
spoc,all_ru_ahk,571,0.38597923517227173,-2.0931766033172607,1.0
spoc,all_ru_ahk,572,9.017189979553223,-3.4413790702819824,1.0
spoc,all_ru_ahk,573,-0.6532295942306519,3.507877826690674,1.0
spoc,all_ru_ahk,574,3.769935369491577,2.81475567817688,1.0
spoc,all_ru_ahk,575,-0.6344912052154541,3.740961790084839,1.0
spoc,all_ru_ahk,576,2.553175687789917,3.3536672592163086,1.0
spoc,all_ru_ahk,577,2.112271785736084,3.0123510360717773,1.0
spoc,all_ru_ahk,578,-10.267643928527832,-3.3530542850494385,1.0
spoc,all_ru_ahk,579,0.990154504776001,-5.763958930969238,1.0
spoc,all_ru_ahk,580,-10.191773414611816,-3.24314284324646,1.0
spoc,all_ru_ahk,581,18.883852005004883,-6.374256610870361,1.0
spoc,all_ru_ahk,582,1.2608466148376465,5.337309837341309,1.0
spoc,all_ru_ahk,583,-8.93984603881836,-3.0636377334594727,1.0
spoc,all_ru_ahk,584,-8.098126411437988,-3.777012348175049,1.0
spoc,all_ru_ahk,585,2.2043795585632324,-6.582485675811768,1.0
spoc,all_ru_ahk,586,-6.0979719161987305,6.187882900238037,1.0
spoc,all_ru_ahk,587,1.859007716178894,-5.684232234954834,1.0
spoc,all_ru_ahk,588,-0.3022156059741974,-4.5584797859191895,1.0
spoc,all_ru_ahk,589,2.178952932357788,-6.41517448425293,1.0
spoc,all_ru_ahk,590,2.4901254177093506,-8.030673027038574,1.0
spoc,all_ru_ahk,591,2.1926045417785645,-6.439785003662109,1.0
spoc,all_ru_ahk,592,6.694638252258301,-6.102586269378662,1.0
spoc,all_ru_ahk,593,-9.353629112243652,-3.1379172801971436,1.0
spoc,all_ru_ahk,594,-8.723165512084961,-2.6000735759735107,1.0
spoc,all_ru_ahk,595,-9.500917434692383,-3.370954751968384,1.0
spoc,all_ru_ahk,596,-9.523860931396484,-3.4717061519622803,1.0
spoc,all_ru_ahk,597,0.5980440974235535,5.961700439453125,1.0
spoc,all_ru_ahk,598,6.3230743408203125,-5.244045257568359,1.0
spoc,all_ru_ahk,599,2.176826238632202,-4.012886047363281,1.0
spoc,all_ru_ahk,600,-1.7058192491531372,-3.089336633682251,1.0
spoc,all_ru_ahk,601,-3.432298421859741,-4.434890270233154,1.0
spoc,all_ru_ahk,602,10.971105575561523,-7.787109851837158,1.0
spoc,all_ru_ahk,603,1.1670955419540405,-4.896398544311523,1.0
spoc,all_ru_ahk,604,-4.947934627532959,-3.5637848377227783,1.0
spoc,all_ru_ahk,605,-6.8583784103393555,7.053566932678223,1.0
spoc,all_ru_ahk,606,4.552081108093262,23.29509735107422,1.0
spoc,all_ru_ahk,607,16.041635513305664,30.090007781982422,1.0
spoc,all_ru_ahk,608,11.18019962310791,30.25690460205078,1.0
spoc,all_ru_ahk,609,10.127927780151367,30.734844207763672,1.0
spoc,all_ru_ahk,610,13.793954849243164,30.11868667602539,1.0
spoc,all_ru_ahk,611,5.315136909484863,23.276803970336914,1.0
spoc,all_ru_ahk,612,5.282841205596924,-5.370170593261719,1.0
spoc,all_ru_ahk,613,11.235876083374023,29.91486358642578,1.0
spoc,all_ru_ahk,614,8.565645217895508,30.727481842041016,1.0
spoc,all_ru_ahk,615,7.459264755249023,28.34587860107422,1.0
spoc,all_ru_ahk,616,3.8374788761138916,-5.26180362701416,1.0
spoc,all_ru_ahk,617,7.654186248779297,-6.645663261413574,1.0
spoc,all_ru_ahk,618,19.408905029296875,24.571964263916016,1.0
spoc,all_ru_ahk,619,21.92767906188965,25.466569900512695,1.0
spoc,all_ru_ahk,620,-6.718523979187012,6.312850475311279,1.0
spoc,all_ru_ahk,621,-0.8704339861869812,-4.393138408660889,1.0
spoc,all_ru_ahk,622,-6.836354732513428,2.2650539875030518,1.0
spoc,all_ru_ahk,623,-7.097181797027588,2.608124017715454,1.0
spoc,all_ru_ahk,624,-5.134068489074707,6.196698188781738,1.0
spoc,all_ru_ahk,625,-8.439631462097168,-0.15995186567306519,1.0
spoc,all_ru_ahk,626,-0.17857134342193604,-3.2143936157226562,1.0
spoc,all_ru_ahk,627,-9.565530776977539,-3.4423115253448486,1.0
spoc,all_ru_ahk,628,-9.555914878845215,-3.4490950107574463,1.0
spoc,all_ru_ahk,629,-2.4753997325897217,-5.731700897216797,1.0
spoc,all_ru_ahk,630,-6.8043012619018555,2.2424428462982178,1.0
spoc,all_ru_ahk,631,-6.987744331359863,2.333940267562866,1.0
spoc,all_ru_ahk,632,18.815584182739258,-12.224332809448242,1.0
spoc,all_ru_ahk,633,26.653804779052734,-14.81582260131836,1.0
spoc,all_ru_ahk,634,-6.830012798309326,2.2235043048858643,1.0
spoc,all_ru_ahk,635,-4.651699542999268,-4.8559250831604,1.0
spoc,all_ru_ahk,636,-9.300885200500488,-3.747913122177124,1.0
spoc,all_ru_ahk,637,2.3911499977111816,-5.688526630401611,1.0
spoc,all_ru_ahk,638,3.95652174949646,-5.247403621673584,1.0
spoc,all_ru_ahk,639,-9.026870727539062,-2.958240270614624,1.0
spoc,all_ru_ahk,640,3.3233530521392822,-6.191987037658691,1.0
spoc,all_ru_ahk,641,-5.645242691040039,-0.16589894890785217,1.0
spoc,all_ru_ahk,642,-3.916858673095703,-5.415582656860352,1.0
spoc,all_ru_ahk,643,24.641965866088867,-8.17273998260498,1.0
spoc,all_ru_ahk,644,-4.699324607849121,-5.118088245391846,1.0
spoc,all_ru_ahk,645,21.85124397277832,-13.569950103759766,1.0
spoc,all_ru_ahk,646,-5.856882095336914,0.24322205781936646,1.0
spoc,all_ru_ahk,647,-7.492815017700195,-3.8423571586608887,1.0
spoc,all_ru_ahk,648,-6.849529266357422,6.076985836029053,1.0
spoc,all_ru_ahk,649,-9.27476692199707,5.276281356811523,1.0
spoc,all_ru_ahk,650,2.4464917182922363,-0.8193349838256836,1.0
spoc,all_ru_ahk,651,21.724409103393555,-7.5621490478515625,1.0
spoc,all_ru_ahk,652,4.429717063903809,18.626636505126953,1.0
spoc,all_ru_ahk,653,-7.202543258666992,-4.559333801269531,1.0
spoc,all_ru_ahk,654,-9.483485221862793,-4.145832538604736,1.0
spoc,all_ru_ahk,655,-2.192974090576172,-4.833554267883301,1.0
spoc,all_ru_ahk,656,-4.456932544708252,-4.742566108703613,1.0
spoc,all_ru_ahk,657,-8.74859619140625,-4.391712188720703,1.0
spoc,all_ru_ahk,658,-6.1357197761535645,-4.368032932281494,1.0
spoc,all_ru_ahk,659,-4.157564640045166,-4.815704345703125,1.0
spoc,all_ru_ahk,660,-8.093528747558594,-3.7896885871887207,1.0
spoc,all_ru_ahk,661,-10.55776309967041,-3.6169116497039795,1.0
spoc,all_ru_ahk,662,-6.271787166595459,-2.667952299118042,1.0
spoc,all_ru_ahk,663,-0.8893717527389526,4.252207279205322,1.0
spoc,all_ru_ahk,664,10.493612289428711,-4.282187461853027,1.0
spoc,all_ru_ahk,665,-5.459264755249023,-4.086056232452393,1.0
spoc,all_ru_ahk,666,-3.5697004795074463,-4.94158411026001,1.0
spoc,all_ru_ahk,667,-1.5346224308013916,6.392639636993408,1.0
spoc,all_ru_ahk,668,-1.06877601146698,-4.4638872146606445,1.0
spoc,all_ru_ahk,669,-2.4494545459747314,-5.5198893547058105,1.0
spoc,all_ru_ahk,670,-2.417401075363159,-5.5425004959106445,1.0
spoc,all_ru_ahk,671,20.707319259643555,-7.469376087188721,1.0
spoc,all_ru_ahk,672,-5.4946441650390625,-4.61097526550293,1.0
spoc,all_ru_ahk,673,22.4285888671875,-7.656854152679443,1.0
spoc,all_ru_ahk,674,-9.025053977966309,-5.0254902839660645,1.0
spoc,all_ru_ahk,675,-5.261626720428467,-4.606667518615723,1.0
spoc,all_ru_ahk,676,-5.6853532791137695,-4.640638828277588,1.0
spoc,all_ru_ahk,677,-2.4822440147399902,18.88713264465332,1.0
spoc,all_ru_ahk,678,10.876666069030762,-3.7744314670562744,1.0
spoc,all_ru_ahk,679,2.95572829246521,2.905674934387207,1.0
spoc,all_ru_ahk,680,-5.21612548828125,-5.475807189941406,1.0
spoc,all_ru_ahk,681,-9.13683795928955,1.1695644855499268,1.0
spoc,all_ru_ahk,682,19.725114822387695,-7.439884662628174,1.0
spoc,all_ru_ahk,683,-6.660276412963867,6.379921913146973,1.0
spoc,all_ru_ahk,684,22.28042221069336,-0.24567002058029175,1.0
spoc,all_ru_ahk,685,15.843822479248047,1.4149928092956543,1.0
spoc,all_ru_ahk,686,14.079851150512695,1.1674094200134277,1.0
spoc,all_ru_ahk,687,19.7618350982666,0.2845354676246643,1.0
spoc,all_ru_ahk,688,12.507627487182617,1.5158634185791016,1.0
spoc,all_ru_ahk,689,16.201183319091797,1.3219146728515625,1.0
spoc,all_ru_ahk,690,11.860433578491211,-3.656792640686035,1.0
spoc,all_ru_ahk,691,-4.616244792938232,-5.845422267913818,1.0
spoc,all_ru_ahk,692,-1.615964651107788,-1.4060685634613037,1.0
spoc,all_ru_ahk,693,4.7455220222473145,4.71462869644165,1.0
spoc,all_ru_ahk,694,-5.483449935913086,0.9556623101234436,1.0
spoc,all_ru_ahk,695,9.348871231079102,-3.99649715423584,1.0
spoc,all_ru_ahk,696,-3.5674803256988525,-1.1148169040679932,1.0
spoc,all_ru_ahk,697,29.484739303588867,-13.275604248046875,1.0
spoc,all_ru_ahk,698,21.63112449645996,-10.651627540588379,1.0
spoc,all_ru_ahk,699,28.519498825073242,-12.319306373596191,1.0
spoc,all_ru_ahk,700,2.320472478866577,4.9965667724609375,1.0
spoc,all_ru_ahk,701,1.7757350206375122,5.25328254699707,1.0
spoc,all_ru_ahk,702,-0.9928913712501526,-1.6162011623382568,1.0
spoc,all_ru_ahk,703,-6.295510292053223,0.39975953102111816,1.0
spoc,all_ru_ahk,704,-3.6312456130981445,1.429889440536499,1.0
spoc,all_ru_ahk,705,16.369869232177734,-9.532644271850586,1.0
spoc,all_ru_ahk,706,38.75602722167969,-16.584569931030273,1.0
spoc,all_ru_ahk,707,33.67366409301758,-16.099084854125977,1.0
spoc,all_ru_ahk,708,-5.456287860870361,0.17174720764160156,1.0
spoc,all_ru_ahk,709,-6.2957377433776855,0.39959192276000977,1.0
spoc,all_ru_ahk,710,0.15121549367904663,-5.489323139190674,1.0
spoc,all_ru_ahk,711,-4.453153133392334,-0.10216081142425537,1.0
spoc,all_ru_ahk,712,33.49284744262695,-15.777619361877441,1.0
spoc,all_ru_ahk,713,33.57337188720703,-16.256229400634766,1.0
spoc,all_ru_ahk,714,-9.444836616516113,-2.995656967163086,1.0
spoc,all_ru_ahk,715,-5.3253607749938965,-4.109249591827393,1.0
spoc,all_ru_ahk,716,-5.283178806304932,-5.093092918395996,1.0
spoc,all_ru_ahk,717,12.039138793945312,-5.0260186195373535,1.0
spoc,all_ru_ahk,718,0.19991564750671387,-6.4505157470703125,1.0
spoc,all_ru_ahk,719,-1.9278945922851562,-4.486285209655762,1.0
spoc,all_ru_ahk,720,2.601094961166382,-5.760204315185547,1.0
spoc,all_ru_ahk,721,-1.9327137470245361,-4.482324123382568,1.0
spoc,all_ru_ahk,722,-1.8950175046920776,-4.510601043701172,1.0
spoc,all_ru_ahk,723,-8.837118148803711,-4.670887470245361,1.0
spoc,all_ru_ahk,724,-8.080500602722168,-3.974496364593506,1.0
spoc,all_ru_ahk,725,-7.950475692749023,-4.720460414886475,1.0
spoc,all_ru_ahk,726,-2.334641218185425,-5.359642028808594,1.0
spoc,all_ru_ahk,727,-6.772907257080078,-3.126061201095581,1.0
spoc,all_ru_ahk,728,-3.8482625484466553,-3.123626470565796,1.0
spoc,all_ru_ahk,729,-7.943335056304932,-3.0222556591033936,1.0
spoc,all_ru_ahk,730,13.989718437194824,-5.2642035484313965,1.0
spoc,all_ru_ahk,731,-4.872247219085693,3.8348147869110107,1.0
spoc,all_ru_ahk,732,8.340339660644531,15.017654418945312,1.0
spoc,all_ru_ahk,733,-9.56873607635498,-3.4400503635406494,1.0
spoc,all_ru_ahk,734,13.404348373413086,-8.043537139892578,1.0
spoc,all_ru_ahk,735,-0.2749488651752472,-4.559076309204102,1.0
spoc,all_ru_ahk,736,-9.111929893493652,-3.4486100673675537,1.0
spoc,all_ru_ahk,737,-9.138365745544434,-3.208303689956665,1.0
spoc,all_ru_ahk,738,-7.7292046546936035,-3.4702374935150146,1.0
spoc,all_ru_ahk,739,-3.633751392364502,6.277006149291992,1.0
spoc,all_ru_ahk,740,-2.8931097984313965,6.387004852294922,1.0
spoc,all_ru_ahk,741,-9.668749809265137,-3.4774460792541504,1.0
spoc,all_ru_ahk,742,-1.3964818716049194,-4.539969444274902,1.0
spoc,all_ru_ahk,743,2.881019353866577,-5.94223690032959,1.0
spoc,all_ru_ahk,744,-7.11498498916626,6.699305534362793,1.0
spoc,all_ru_ahk,745,-9.437387466430664,-3.077390193939209,1.0
spoc,all_ru_ahk,746,-3.9100334644317627,-4.134215354919434,1.0
spoc,all_ru_ahk,747,22.256694793701172,25.086393356323242,1.0
spoc,all_ru_ahk,748,11.114450454711914,29.984420776367188,1.0
spoc,all_ru_ahk,749,22.30126953125,25.043750762939453,1.0
spoc,all_ru_ahk,750,1.4838582277297974,3.5133707523345947,1.0
spoc,all_ru_ahk,751,-5.673990726470947,1.8783458471298218,1.0
spoc,all_ru_ahk,752,25.32618522644043,24.29734992980957,1.0
spoc,all_ru_ahk,753,20.2598934173584,26.311111450195312,1.0
spoc,all_ru_ahk,754,20.530271530151367,26.942996978759766,1.0
spoc,all_ru_ahk,755,-9.56786823272705,-3.44403338432312,1.0
spoc,all_ru_ahk,756,-7.203719615936279,-4.056368827819824,1.0
spoc,all_ru_ahk,757,10.30322551727295,29.950149536132812,1.0
spoc,all_ru_ahk,758,-9.223649024963379,-3.1210272312164307,1.0
spoc,all_ru_ahk,759,-9.53955364227295,-3.470442056655884,1.0
spoc,all_ru_ahk,760,-9.15841293334961,-3.049628973007202,1.0
spoc,all_ru_ahk,761,-11.451040267944336,-6.012160301208496,1.0
spoc,all_ru_ahk,762,14.534626960754395,29.28167152404785,1.0
spoc,all_ru_ahk,763,3.0822126865386963,-5.639349460601807,1.0
spoc,all_ru_ahk,764,2.0160973072052,-5.254245281219482,1.0
spoc,all_ru_ahk,765,2.0489745140075684,-5.278560638427734,1.0
spoc,all_ru_ahk,766,-5.144067764282227,-0.8614972233772278,1.0
spoc,all_ru_ahk,767,-5.964993476867676,-1.8323136568069458,1.0
spoc,all_ru_ahk,768,2.0112781524658203,-5.250283718109131,1.0
spoc,all_ru_ahk,769,3.337709665298462,23.757579803466797,1.0
spoc,all_ru_ahk,770,5.993642330169678,-6.194122314453125,1.0
spoc,all_ru_ahk,771,6.078217029571533,-6.299816131591797,1.0
spoc,all_ru_ahk,772,5.435861587524414,23.637969970703125,1.0
spoc,all_ru_ahk,773,5.105452537536621,-6.278782844543457,1.0
spoc,all_ru_ahk,774,3.754445791244507,-5.953708171844482,1.0
spoc,all_ru_ahk,775,2.9623725414276123,-4.681010723114014,1.0
spoc,all_ru_ahk,776,2.2622134685516357,-5.936125755310059,1.0
spoc,all_ru_ahk,777,3.7297213077545166,-6.270750045776367,1.0
spoc,all_ru_ahk,778,21.853649139404297,-13.571645736694336,1.0
spoc,all_ru_ahk,779,-4.8969011306762695,4.866213321685791,1.0
spoc,all_ru_ahk,780,-0.9161266088485718,3.2178213596343994,1.0
spoc,all_ru_ahk,781,0.2726258933544159,2.8447697162628174,1.0
spoc,all_ru_ahk,782,-9.136967658996582,1.169468879699707,1.0
spoc,all_ru_ahk,783,1.9082773923873901,-7.401218891143799,1.0
spoc,all_ru_ahk,784,-6.816070556640625,6.144620418548584,1.0
spoc,all_ru_ahk,785,-4.911840438842773,-4.05306339263916,1.0
spoc,all_ru_ahk,786,-6.649521350860596,6.378578186035156,1.0
spoc,all_ru_ahk,787,-6.690828323364258,-3.476454496383667,1.0
spoc,all_ru_ahk,788,1.960802674293518,-5.316598415374756,1.0
spoc,all_ru_ahk,789,-9.55604076385498,-3.4434969425201416,1.0
spoc,all_ru_ahk,790,-5.478317737579346,-3.832927703857422,1.0
spoc,all_ru_ahk,791,-9.504721641540527,-3.823019027709961,1.0
spoc,all_ru_ahk,792,-2.943814277648926,-5.302641868591309,1.0
spoc,all_ru_ahk,793,-7.3912529945373535,-4.250988483428955,1.0
spoc,all_ru_ahk,794,2.7072091102600098,4.8258748054504395,1.0
spoc,all_ru_ahk,795,1.0125292539596558,-5.744614124298096,1.0
spoc,all_ru_ahk,796,0.15554147958755493,-5.506762504577637,1.0
spoc,all_ru_ahk,797,2.0475521087646484,-5.877695083618164,1.0
spoc,all_ru_ahk,798,-8.152396202087402,-4.025422096252441,1.0
spoc,all_ru_ahk,799,-7.391279220581055,-4.251008033752441,1.0
spoc,all_ru_ahk,800,-8.734572410583496,-4.408195972442627,1.0
spoc,all_ru_ahk,801,12.342910766601562,23.727025985717773,1.0
spoc,all_ru_ahk,802,0.13223600387573242,-5.486952304840088,1.0
spoc,all_ru_ahk,803,23.6687068939209,-7.4225077629089355,1.0
spoc,all_ru_ahk,804,-6.063899040222168,-4.557769775390625,1.0
spoc,all_ru_ahk,805,-8.700810432434082,-3.5537936687469482,1.0
spoc,all_ru_ahk,806,-0.4661257266998291,-6.38316011428833,1.0
spoc,all_ru_ahk,807,-0.6715792417526245,3.4874579906463623,1.0
spoc,all_ru_ahk,808,-4.43099308013916,-4.871804237365723,1.0
spoc,all_ru_ahk,809,-8.327144622802734,-3.3926355838775635,1.0
spoc,all_ru_ahk,810,-10.988370895385742,-3.723935842514038,1.0
spoc,all_ru_ahk,811,-7.726951599121094,-4.124542236328125,1.0
spoc,all_ru_ahk,812,-10.545015335083008,-2.9783971309661865,1.0
spoc,all_ru_ahk,813,-0.1674104928970337,5.1785888671875,1.0
spoc,all_ru_ahk,814,24.724210739135742,-8.511149406433105,1.0
spoc,all_ru_ahk,815,24.689729690551758,-8.485786437988281,1.0
spoc,all_ru_ahk,816,-9.13683795928955,1.1695644855499268,1.0
spoc,all_ru_ahk,817,-3.5038182735443115,-0.08509889245033264,1.0
spoc,all_ru_ahk,818,6.275365829467773,-2.0778496265411377,1.0
spoc,all_ru_ahk,819,1.9219242334365845,-7.547557830810547,1.0
spoc,all_ru_ahk,820,-1.0397833585739136,0.7725540399551392,1.0
spoc,all_ru_ahk,821,-1.0492550134658813,-0.19986265897750854,1.0
spoc,all_ru_ahk,822,-3.5880351066589355,0.5011155009269714,1.0
spoc,all_ru_ahk,823,-5.939284324645996,0.6024669408798218,1.0
spoc,all_ru_ahk,824,-9.143099784851074,1.1704025268554688,1.0
spoc,all_ru_ahk,825,-9.972430229187012,2.823162794113159,1.0
spoc,all_ru_ahk,826,1.8134840726852417,0.5159913301467896,1.0
spoc,all_ru_ahk,827,22.282285690307617,-6.741579532623291,1.0
spoc,all_ru_ahk,828,-8.506385803222656,-3.864154815673828,1.0
spoc,all_ru_ahk,829,-7.363296031951904,-3.7422189712524414,1.0
spoc,all_ru_ahk,830,-4.997620105743408,-5.806059837341309,1.0
spoc,all_ru_ahk,831,-7.993793487548828,-2.3941290378570557,1.0
spoc,all_ru_ahk,832,23.001157760620117,-7.468809604644775,1.0
spoc,all_ru_ahk,833,22.50590705871582,-8.879171371459961,1.0
spoc,all_ru_ahk,834,-4.115686893463135,-0.05251729488372803,1.0
spoc,all_ru_ahk,835,-2.4606103897094727,0.05759614706039429,1.0
spoc,all_ru_ahk,836,-5.876301288604736,2.9214375019073486,1.0
spoc,all_ru_ahk,837,-6.28740930557251,0.3941712975502014,1.0
spoc,all_ru_ahk,838,-5.372136116027832,0.02469402365386486,1.0
spoc,all_ru_ahk,839,-6.223821640014648,0.348566472530365,1.0
spoc,all_ru_ahk,840,38.77518844604492,-16.59475326538086,1.0
spoc,all_ru_ahk,841,21.843019485473633,-13.568922996520996,1.0
spoc,all_ru_ahk,842,20.540842056274414,-7.759408473968506,1.0
spoc,all_ru_ahk,843,-9.137228012084961,1.169277548789978,1.0
spoc,all_ru_ahk,844,-4.627817153930664,3.347651720046997,1.0
spoc,all_ru_ahk,845,7.740289688110352,28.791004180908203,1.0
spoc,all_ru_ahk,846,-4.639090061187744,-6.297369003295898,1.0
spoc,all_ru_ahk,847,-8.415251731872559,-4.26676082611084,1.0
spoc,all_ru_ahk,848,-5.844783306121826,-2.388648748397827,1.0
spoc,all_ru_ahk,849,23.38959312438965,-18.33720588684082,1.0
spoc,all_ru_ahk,850,16.245098114013672,0.4757257103919983,1.0
spoc,all_ru_ahk,851,14.521129608154297,0.8374457955360413,1.0
spoc,all_ru_ahk,852,18.253551483154297,0.44864898920059204,1.0
spoc,all_ru_ahk,853,11.457999229431152,1.6408002376556396,1.0
spoc,all_ru_ahk,854,11.433959007263184,1.6577584743499756,1.0
spoc,all_ru_ahk,855,19.169273376464844,0.6325731873512268,1.0
spoc,all_ru_ahk,856,11.627552032470703,3.775498390197754,1.0
spoc,all_ru_ahk,857,11.44998550415039,1.6464529037475586,1.0
spoc,all_ru_ahk,858,-6.792923927307129,-4.9910054206848145,1.0
spoc,all_ru_ahk,859,2.6637392044067383,-4.599935531616211,1.0
spoc,all_ru_ahk,860,23.29002571105957,-7.517174243927002,1.0
spoc,all_ru_ahk,861,21.80916976928711,-12.85090446472168,1.0
spoc,all_ru_ahk,862,-5.471954345703125,-4.26370096206665,1.0
spoc,all_ru_ahk,863,21.772172927856445,-7.875195503234863,1.0
spoc,all_ru_ahk,864,-7.990565299987793,-2.3944764137268066,1.0
spoc,all_ru_ahk,865,-4.5762834548950195,4.0861945152282715,1.0
spoc,all_ru_ahk,866,-1.7757028341293335,4.241639137268066,1.0
spoc,all_ru_ahk,867,-5.043317794799805,-4.439026832580566,1.0
spoc,all_ru_ahk,868,2.2601358890533447,-5.937655925750732,1.0
spoc,all_ru_ahk,869,-6.311805725097656,-4.870150566101074,1.0
spoc,all_ru_ahk,870,-4.0211896896362305,1.6734355688095093,1.0
spoc,all_ru_ahk,871,3.6733343601226807,-4.444304466247559,1.0
spoc,all_ru_ahk,872,-1.8056879043579102,-3.6776351928710938,1.0
spoc,all_ru_ahk,873,-4.78734827041626,1.8287729024887085,1.0
spoc,all_ru_ahk,874,-5.73588228225708,2.006512403488159,1.0
spoc,all_ru_ahk,875,2.485847234725952,-7.92405891418457,1.0
spoc,all_ru_ahk,876,-8.851545333862305,-3.1888020038604736,1.0
spoc,all_ru_ahk,877,-4.998988151550293,2.23789381980896,1.0
spoc,all_ru_ahk,878,-2.828723430633545,2.3603928089141846,1.0
spoc,all_ru_ahk,879,-1.5106016397476196,-3.4243404865264893,1.0
spoc,all_ru_ahk,880,-10.01718521118164,0.21920877695083618,1.0
spoc,all_ru_ahk,881,-9.198506355285645,-3.1466786861419678,1.0
spoc,all_ru_ahk,882,-8.439865112304688,-0.16012412309646606,1.0
spoc,all_ru_ahk,883,-7.028776168823242,0.41315919160842896,1.0
spoc,all_ru_ahk,884,2.440364122390747,-7.888228893280029,1.0
spoc,all_ru_ahk,885,17.221914291381836,15.325569152832031,1.0
spoc,all_ru_ahk,886,-9.076737403869629,1.0474474430084229,1.0
spoc,all_ru_ahk,887,-8.09588623046875,2.2896888256073,1.0
spoc,all_ru_ahk,888,-8.948766708374023,-0.016722144559025764,1.0
spoc,all_ru_ahk,889,-5.703297138214111,-6.613100051879883,1.0
spoc,all_ru_ahk,890,23.000808715820312,24.930278778076172,1.0
spoc,all_ru_ahk,891,-6.851583480834961,4.608677864074707,1.0
spoc,all_ru_ahk,892,10.437374114990234,30.55233383178711,1.0
spoc,all_ru_ahk,893,13.99536418914795,29.9410343170166,1.0
spoc,all_ru_ahk,894,-7.046862602233887,2.481093168258667,1.0
spoc,all_ru_ahk,895,-10.135004043579102,-1.4834444522857666,1.0
spoc,all_ru_ahk,896,-2.645923137664795,1.909572958946228,1.0
spoc,all_ru_ahk,897,3.9076955318450928,-4.141404151916504,1.0
spoc,all_ru_ahk,898,-3.7312846183776855,-4.013554573059082,1.0
spoc,all_ru_ahk,899,9.117581367492676,-6.548329830169678,1.0
spoc,all_ru_ahk,900,23.893695831298828,24.43545150756836,1.0
spoc,all_ru_ahk,901,-4.175246238708496,-4.5260396003723145,1.0
spoc,all_ru_ahk,902,-5.15178918838501,-3.345736265182495,1.0
spoc,all_ru_ahk,903,4.0912275314331055,-4.522209644317627,1.0
spoc,all_ru_ahk,904,-7.980586051940918,-2.7265703678131104,1.0
spoc,all_ru_ahk,905,1.007659673690796,-4.299042224884033,1.0
spoc,all_ru_ahk,906,2.9103879928588867,-5.054704666137695,1.0
spoc,all_ru_ahk,907,0.6718129515647888,16.728801727294922,1.0
spoc,all_ru_ahk,908,-1.4441407918930054,6.202208518981934,1.0
spoc,all_ru_ahk,909,20.755083084106445,-7.7824225425720215,1.0
spoc,all_ru_ahk,910,-2.4337158203125,30.353776931762695,1.0
spoc,all_ru_ahk,911,-0.6685152053833008,1.883528470993042,1.0
spoc,all_ru_ahk,912,-2.3487465381622314,-5.46812629699707,1.0
spoc,all_ru_ahk,913,-9.14938735961914,1.1712214946746826,1.0
spoc,all_ru_ahk,914,-6.019379138946533,-4.296693801879883,1.0
spoc,all_ru_ahk,915,-4.266793727874756,-1.484320878982544,1.0
spoc,all_ru_ahk,916,-2.4655041694641113,-2.7159078121185303,1.0
spoc,all_ru_ahk,917,-4.688654899597168,-6.136358261108398,1.0
spoc,all_ru_ahk,918,-7.698452472686768,-3.0517566204071045,1.0
spoc,all_ru_ahk,919,-6.233496189117432,22.295061111450195,1.0
spoc,all_ru_ahk,920,0.8097473978996277,20.57855987548828,1.0
spoc,all_ru_ahk,921,16.458999633789062,-2.34110426902771,1.0
spoc,all_ru_ahk,922,11.228434562683105,-3.645181894302368,1.0
spoc,all_ru_ahk,923,5.632147789001465,-2.1919808387756348,1.0
spoc,all_ru_ahk,924,-9.549715042114258,-3.4442873001098633,1.0
spoc,all_ru_ahk,925,-9.316115379333496,-1.808655023574829,1.0
spoc,all_ru_ahk,926,-4.861340522766113,-2.9356348514556885,1.0
spoc,all_ru_ahk,927,6.490492820739746,25.205432891845703,1.0
spoc,all_ru_ahk,928,1.8369921445846558,-5.4552483558654785,1.0
spoc,all_ru_ahk,929,11.443659782409668,1.6472432613372803,1.0
spoc,all_ru_ahk,930,-7.945919513702393,-2.4713246822357178,1.0
spoc,all_ru_ahk,931,-4.503714084625244,0.09000706672668457,1.0
spoc,all_ru_ahk,932,0.5504899024963379,0.6648421883583069,1.0
spoc,all_ru_ahk,933,23.1800479888916,-9.101479530334473,1.0
spoc,all_ru_ahk,934,20.802183151245117,-8.584151268005371,1.0
spoc,all_ru_ahk,935,24.63646125793457,-9.129545211791992,1.0
spoc,all_ru_ahk,936,20.273462295532227,-8.585465431213379,1.0
spoc,all_ru_ahk,937,23.394433975219727,-8.662714958190918,1.0
spoc,all_ru_ahk,938,34.043888092041016,-16.167667388916016,1.0
spoc,all_ru_ahk,939,2.1112895011901855,4.737527847290039,1.0
spoc,all_ru_ahk,940,5.832100868225098,16.660717010498047,1.0
spoc,all_ru_ahk,941,-9.14316463470459,1.1703548431396484,1.0
spoc,all_ru_ahk,942,-0.5133522152900696,2.3351995944976807,1.0
spoc,all_ru_ahk,943,-9.377793312072754,-3.751648426055908,1.0
spoc,all_ru_ahk,944,23.33778953552246,-7.830220699310303,1.0
spoc,all_ru_ahk,945,-3.9004340171813965,-5.748317241668701,1.0
spoc,all_ru_ahk,946,-10.876742362976074,-3.18888258934021,1.0
spoc,all_ru_ahk,947,-8.016858100891113,-2.8342671394348145,1.0
spoc,all_ru_ahk,948,24.47548484802246,-8.462772369384766,1.0
spoc,all_ru_ahk,949,21.849346160888672,-13.569713592529297,1.0
spoc,all_ru_ahk,950,1.897457242012024,-5.168743133544922,1.0
spoc,all_ru_ahk,951,-2.5127737522125244,-5.372014999389648,1.0
spoc,all_ru_ahk,952,-9.148858070373535,1.1780436038970947,1.0
spoc,all_ru_ahk,953,1.6615304946899414,-8.360698699951172,1.0
spoc,all_ru_ahk,954,12.513694763183594,1.3860893249511719,1.0
spoc,all_ru_ahk,955,1.6745160818099976,-8.351133346557617,1.0
spoc,all_ru_ahk,956,-7.498574733734131,2.5536701679229736,1.0
spoc,all_ru_ahk,957,-2.3264358043670654,2.9403979778289795,1.0
spoc,all_ru_ahk,958,-6.680370807647705,2.514451742172241,1.0
spoc,all_ru_ahk,959,10.209169387817383,30.62044906616211,1.0
spoc,all_ru_ahk,960,-4.5500335693359375,-5.832619667053223,1.0
spoc,all_ru_ahk,961,-3.790445566177368,-1.2679640054702759,1.0
spoc,all_ru_ahk,962,-0.5775607824325562,0.7552704215049744,1.0
spoc,all_ru_ahk,963,4.0140485763549805,-5.69614315032959,1.0
spoc,all_ru_ahk,964,2.4704325199127197,-4.049897193908691,1.0
spoc,all_ru_ahk,965,-9.25158405303955,-1.9073972702026367,1.0
spoc,all_ru_ahk,966,11.038276672363281,-9.449409484863281,1.0
spoc,all_ru_ahk,967,-10.314361572265625,-3.033637762069702,1.0
spoc,all_ru_ahk,968,15.718084335327148,21.35953712463379,1.0
spoc,all_ru_ahk,969,-5.644155025482178,-1.9787359237670898,1.0
spoc,all_ru_ahk,970,-7.589480400085449,-1.9250447750091553,1.0
spoc,all_ru_ahk,971,-6.737081527709961,-2.033801317214966,1.0
spoc,all_ru_ahk,972,-5.968967437744141,-3.2022461891174316,1.0
spoc,all_ru_ahk,973,-0.417296826839447,-2.711564302444458,1.0
spoc,all_ru_ahk,974,-7.997219562530518,-1.6504149436950684,1.0
spoc,all_ru_ahk,975,13.81024169921875,21.436357498168945,1.0
spoc,all_ru_ahk,976,-8.672222137451172,-2.009963035583496,1.0
spoc,all_ru_ahk,977,5.17495059967041,-0.8651631474494934,1.0
spoc,all_ru_ahk,978,15.919963836669922,5.65482234954834,1.0
spoc,all_ru_ahk,979,-9.480154037475586,0.552136242389679,1.0
spoc,all_ru_ahk,980,-7.920001983642578,4.844608306884766,1.0
spoc,all_ru_ahk,981,11.023082733154297,21.972434997558594,1.0
spoc,all_ru_ahk,982,12.732307434082031,21.978498458862305,1.0
spoc,all_ru_ahk,983,-6.828798770904541,-3.067540168762207,1.0
spoc,all_ru_ahk,984,-7.124585151672363,-4.623688220977783,1.0
spoc,all_ru_ahk,985,25.02591896057129,23.054969787597656,1.0
spoc,all_ru_ahk,986,-9.997151374816895,0.20507687330245972,1.0
spoc,all_ru_ahk,987,-9.948192596435547,-2.494987726211548,1.0
spoc,all_ru_ahk,988,-4.113503932952881,-3.2113213539123535,1.0
spoc,all_ru_ahk,989,1.4815787076950073,-5.26327657699585,1.0
spoc,all_ru_ahk,990,-5.416469573974609,-0.14272353053092957,1.0
spoc,all_ru_ahk,991,-4.777695178985596,-4.653020858764648,1.0
spoc,all_ru_ahk,992,1.0111480951309204,1.9164683818817139,1.0
spoc,all_ru_ahk,993,-7.794182777404785,0.959632933139801,1.0
spoc,all_ru_ahk,994,-10.788776397705078,2.3569111824035645,1.0
spoc,all_ru_ahk,995,-4.204118728637695,-2.5628867149353027,1.0
spoc,all_ru_ahk,996,-2.787200689315796,-3.8434598445892334,1.0
spoc,all_ru_ahk,997,3.383950710296631,-3.7567217350006104,1.0
spoc,all_ru_ahk,998,-4.946406364440918,0.8140832185745239,1.0
spoc,all_ru_ahk,999,-6.199059009552002,-4.13844108581543,1.0
spoc,all_ru_ahk,1000,24.50996971130371,-8.488136291503906,1.0
spoc,all_ru_ahk,1001,-4.358180046081543,3.890733003616333,1.0
spoc,all_ru_ahk,1002,3.822613477706909,2.0440402030944824,1.0
spoc,all_ru_ahk,1003,-5.191408634185791,-4.63706111907959,1.0
spoc,all_ru_ahk,1004,-8.217876434326172,-2.598350763320923,1.0
spoc,all_ru_ahk,1005,-6.492023468017578,-0.8286455273628235,1.0
spoc,all_ru_ahk,1006,19.703075408935547,-7.21507453918457,1.0
spoc,all_ru_ahk,1007,-8.011484146118164,-5.003693103790283,1.0
spoc,all_ru_ahk,1008,5.336803436279297,28.37177276611328,1.0
spoc,all_ru_ahk,1009,-0.3490675687789917,2.7016165256500244,1.0
spoc,all_ru_ahk,1010,-7.694054126739502,0.27052611112594604,1.0
spoc,all_ru_ahk,1011,-5.1831746101379395,-2.698916435241699,1.0
spoc,all_ru_ahk,1012,-8.53823184967041,-1.6414467096328735,1.0
spoc,all_ru_ahk,1013,-4.382291793823242,-0.057040274143218994,1.0
spoc,all_ru_ahk,1014,-0.9233458638191223,-0.16327065229415894,1.0
spoc,all_ru_ahk,1015,33.395870208740234,-15.359723091125488,1.0
spoc,all_ru_ahk,1016,21.84305763244629,-7.821234226226807,1.0
spoc,all_ru_ahk,1017,-6.982475280761719,-4.424372673034668,1.0
spoc,all_ru_ahk,1018,6.385448455810547,25.339805603027344,1.0
spoc,all_ru_ahk,1019,6.382124900817871,24.460023880004883,1.0
spoc,all_ru_ahk,1020,-8.836695671081543,-3.9674017429351807,1.0
spoc,all_ru_ahk,1021,8.46722412109375,-8.142959594726562,1.0
spoc,all_ru_ahk,1022,-9.540083885192871,-3.933061122894287,1.0
spoc,all_ru_ahk,1023,5.341553211212158,-6.666407108306885,1.0
spoc,all_ru_ahk,1024,-1.6269580125808716,-6.224523544311523,1.0
spoc,all_ru_ahk,1025,-9.714381217956543,-3.5755910873413086,1.0
spoc,all_ru_ahk,1026,-9.484262466430664,-2.4995663166046143,1.0
spoc,all_ru_ahk,1027,21.55792808532715,-7.852181911468506,1.0
spoc,all_ru_ahk,1028,2.884467840194702,-5.829777717590332,1.0
spoc,all_ru_ahk,1029,-6.531885147094727,-0.11632588505744934,1.0
spoc,all_ru_ahk,1030,2.0614852905273438,-5.264854431152344,1.0
spoc,all_ru_ahk,1031,22.47635269165039,-7.969900608062744,1.0
spoc,all_ru_ahk,1032,-4.710642337799072,-5.035735130310059,1.0
spoc,all_ru_ahk,1033,10.419808387756348,30.334672927856445,1.0
spoc,all_ru_ahk,1034,-4.883093357086182,-0.40577906370162964,1.0
spoc,all_ru_ahk,1035,27.857877731323242,23.518524169921875,1.0
spoc,all_ru_ahk,1036,-2.2232072353363037,3.262793779373169,1.0
spoc,all_ru_ahk,1037,5.121845245361328,23.669788360595703,1.0
spoc,all_ru_ahk,1038,-5.757761478424072,-2.8504693508148193,1.0
spoc,all_ru_ahk,1039,-8.549781799316406,-0.11549228429794312,1.0
spoc,all_ru_ahk,1040,5.13169002532959,23.48584747314453,1.0
spoc,all_ru_ahk,1041,3.3655855655670166,-5.708922386169434,1.0
spoc,all_ru_ahk,1042,6.949458122253418,-4.669960975646973,1.0
spoc,all_ru_ahk,1043,8.047869682312012,-5.415570259094238,1.0
spoc,all_ru_ahk,1044,0.5800839066505432,-4.3553996086120605,1.0
spoc,all_ru_ahk,1045,-6.3986592292785645,-2.584510564804077,1.0
spoc,all_ru_ahk,1046,5.038595199584961,-4.6166887283325195,1.0
spoc,all_ru_ahk,1047,-0.7296908497810364,-7.137526988983154,1.0
spoc,all_ru_ahk,1048,-10.27429485321045,-3.061901807785034,1.0
spoc,all_ru_ahk,1049,-3.7639360427856445,-4.136798858642578,1.0
spoc,all_ru_ahk,1050,-6.323200225830078,-3.799922227859497,1.0
spoc,all_ru_ahk,1051,-6.3859333992004395,-2.57513689994812,1.0
spoc,all_ru_ahk,1052,13.269636154174805,-6.107321739196777,1.0
spoc,all_ru_ahk,1053,-10.27429485321045,-3.061901807785034,1.0
spoc,all_ru_ahk,1054,5.192254066467285,-4.683656215667725,1.0
spoc,all_ru_ahk,1055,2.1729562282562256,-4.149317741394043,1.0
spoc,all_ru_ahk,1056,-8.854822158813477,-0.16749972105026245,1.0
spoc,all_ru_ahk,1057,20.368919372558594,25.385730743408203,1.0
spoc,all_ru_ahk,1058,21.1324520111084,24.43734359741211,1.0
spoc,all_ru_ahk,1059,-7.841250896453857,-0.1457023024559021,1.0
spoc,all_ru_ahk,1060,-0.16836130619049072,-3.7705626487731934,1.0
spoc,all_ru_ahk,1061,-1.5994476079940796,-4.236634254455566,1.0
spoc,all_ru_ahk,1062,4.201318740844727,-4.527464866638184,1.0
spoc,all_ru_ahk,1063,-7.844130516052246,-2.528918981552124,1.0
spoc,all_ru_ahk,1064,9.184694290161133,22.820545196533203,1.0
spoc,all_ru_ahk,1065,10.995384216308594,22.07181739807129,1.0
spoc,all_ru_ahk,1066,-7.133027076721191,-3.086606740951538,1.0
spoc,all_ru_ahk,1067,-3.8001341819763184,-2.749957799911499,1.0
spoc,all_ru_ahk,1068,3.818122625350952,0.015100537799298763,1.0
spoc,all_ru_ahk,1069,-6.188208103179932,-3.953404188156128,1.0
spoc,all_ru_ahk,1070,12.551176071166992,1.35670804977417,1.0
spoc,all_ru_ahk,1071,13.106788635253906,1.4770593643188477,1.0
spoc,all_ru_ahk,1072,16.365863800048828,0.021972237154841423,1.0
spoc,all_ru_ahk,1073,7.288433074951172,-3.8361802101135254,1.0
spoc,all_ru_ahk,1074,-1.9781010150909424,-3.2524359226226807,1.0
spoc,all_ru_ahk,1075,4.256343364715576,28.766544342041016,1.0
spoc,all_ru_ahk,1076,4.567902088165283,2.275927782058716,1.0
spoc,all_ru_ahk,1077,2.600799798965454,29.065128326416016,1.0
spoc,all_ru_ahk,1078,8.057771682739258,28.209575653076172,1.0
spoc,all_ru_ahk,1079,3.2771079540252686,-0.8267066478729248,1.0
spoc,all_ru_ahk,1080,-1.9465054273605347,-0.330556720495224,1.0
spoc,all_ru_ahk,1081,-6.960904121398926,0.8046536445617676,1.0
spoc,all_ru_ahk,1082,3.3838210105895996,-3.75681734085083,1.0
spoc,all_ru_ahk,1083,-9.674877166748047,3.929413318634033,1.0
spoc,all_ru_ahk,1084,21.351898193359375,-13.939541816711426,1.0
spoc,all_ru_ahk,1085,3.4736554622650146,-5.817605018615723,1.0
spoc,all_ru_ahk,1086,2.898279905319214,-5.742804527282715,1.0
spoc,all_ru_ahk,1087,1.0016766786575317,0.9440512657165527,1.0
spoc,all_ru_ahk,1088,-0.5812413692474365,1.7492811679840088,1.0
spoc,all_ru_ahk,1089,-5.809051036834717,-4.639660358428955,1.0
spoc,all_ru_ahk,1090,2.555986166000366,26.278270721435547,1.0
spoc,all_ru_ahk,1091,7.7382402420043945,23.852048873901367,1.0
spoc,all_ru_ahk,1092,-9.000679016113281,-3.8977649211883545,1.0
spoc,all_ru_ahk,1093,5.305446624755859,25.10877799987793,1.0
spoc,all_ru_ahk,1094,8.18784236907959,24.077871322631836,1.0
spoc,all_ru_ahk,1095,2.8025429248809814,25.732322692871094,1.0
spoc,all_ru_ahk,1096,-5.264569282531738,-0.20410621166229248,1.0
spoc,all_ru_ahk,1097,-11.030471801757812,-3.4569504261016846,1.0
spoc,all_ru_ahk,1098,-9.381420135498047,-3.304908037185669,1.0
spoc,all_ru_ahk,1099,-8.99414348602295,-0.08596581220626831,1.0
spoc,all_ru_ahk,1100,2.818359375,25.730348587036133,1.0
spoc,all_ru_ahk,1101,-7.240225791931152,-0.5320402383804321,1.0
spoc,all_ru_ahk,1102,-1.036787509918213,-3.5141263008117676,1.0
spoc,all_ru_ahk,1103,4.442279815673828,-4.514189720153809,1.0
spoc,all_ru_ahk,1104,-6.521176338195801,-2.8815829753875732,1.0
spoc,all_ru_ahk,1105,-8.360374450683594,-3.978440284729004,1.0
spoc,all_ru_ahk,1106,-7.2329487800598145,-5.471846103668213,1.0
spoc,all_ru_ahk,1107,-5.279330253601074,-0.10328000783920288,1.0
spoc,all_ru_ahk,1108,-8.11082649230957,-2.522148370742798,1.0
spoc,all_ru_ahk,1109,-10.077924728393555,-2.7956182956695557,1.0
spoc,all_ru_ahk,1110,1.8397332429885864,-4.7189741134643555,1.0
spoc,all_ru_ahk,1111,2.203221559524536,-6.5160346031188965,1.0
spoc,all_ru_ahk,1112,-8.847721099853516,-2.7535297870635986,1.0
spoc,all_ru_ahk,1113,-3.8491439819335938,-3.9591262340545654,1.0
spoc,all_ru_ahk,1114,-5.826754570007324,-0.1362726092338562,1.0
spoc,all_ru_ahk,1115,16.097530364990234,7.783867835998535,1.0
spoc,all_ru_ahk,1116,16.436725616455078,9.164876937866211,1.0
spoc,all_ru_ahk,1117,-8.875787734985352,2.5761067867279053,1.0
spoc,all_ru_ahk,1118,-7.736242771148682,-0.19429248571395874,1.0
spoc,all_ru_ahk,1119,1.0335513353347778,5.526009559631348,1.0
spoc,all_ru_ahk,1120,11.849404335021973,30.05035400390625,1.0
spoc,all_ru_ahk,1121,-0.7373055219650269,0.8009161353111267,1.0
spoc,all_ru_ahk,1122,-9.716075897216797,-3.7554609775543213,1.0
spoc,all_ru_ahk,1123,-7.782089710235596,-2.8912925720214844,1.0
spoc,all_ru_ahk,1124,-7.058168888092041,2.472980260848999,1.0
spoc,all_ru_ahk,1125,-8.78582763671875,-2.8816964626312256,1.0
spoc,all_ru_ahk,1126,-4.810340404510498,4.033809661865234,1.0
spoc,all_ru_ahk,1127,5.327678203582764,23.243846893310547,1.0
spoc,all_ru_ahk,1128,6.197323322296143,23.134981155395508,1.0
spoc,all_ru_ahk,1129,3.954773187637329,-5.696749687194824,1.0
spoc,all_ru_ahk,1130,3.3793976306915283,-5.621949672698975,1.0
spoc,all_ru_ahk,1131,-9.359172821044922,-3.8600707054138184,1.0
spoc,all_ru_ahk,1132,11.06545639038086,21.951519012451172,1.0
spoc,all_ru_ahk,1133,-10.266075134277344,-3.21685528755188,1.0
spoc,all_ru_ahk,1134,-0.699646532535553,-3.4838597774505615,1.0
spoc,all_ru_ahk,1135,-11.030471801757812,-3.4569504261016846,1.0
spoc,all_ru_ahk,1136,4.833240032196045,2.850153923034668,1.0
spoc,all_ru_ahk,1137,5.777707099914551,28.713088989257812,1.0
spoc,all_ru_ahk,1138,-4.365258693695068,-6.1623029708862305,1.0
spoc,all_ru_ahk,1139,15.769811630249023,0.7678208947181702,1.0
spoc,all_ru_ahk,1140,15.359550476074219,1.4343070983886719,1.0
spoc,all_ru_ahk,1141,-2.543691396713257,-2.578714370727539,1.0
spoc,all_ru_ahk,1142,-10.332944869995117,-3.5152103900909424,1.0
spoc,all_ru_ahk,1143,23.672203063964844,-7.9438018798828125,1.0
spoc,all_ru_ahk,1144,-9.597823143005371,-4.383784294128418,1.0
spoc,all_ru_ahk,1145,-7.266229152679443,-4.126272678375244,1.0
spoc,all_ru_ahk,1146,-8.3737211227417,-4.142857551574707,1.0
spoc,all_ru_ahk,1147,-3.2107489109039307,-4.769256591796875,1.0
spoc,all_ru_ahk,1148,21.77794647216797,-13.474899291992188,1.0
spoc,all_ru_ahk,1149,21.806764602661133,-12.84920883178711,1.0
spoc,all_ru_ahk,1150,-10.809691429138184,-3.571597099304199,1.0
spoc,all_ru_ahk,1151,-10.591185569763184,-3.9018502235412598,1.0
spoc,all_ru_ahk,1152,-10.002177238464355,-3.426241159439087,1.0
spoc,all_ru_ahk,1153,16.080968856811523,-16.33066749572754,1.0
spoc,all_ru_ahk,1154,-8.633756637573242,-3.9365081787109375,1.0
spoc,all_ru_ahk,1155,-4.845849514007568,-6.026215553283691,1.0
spoc,all_ru_ahk,1156,-3.2695438861846924,0.4410210847854614,1.0
spoc,all_ru_ahk,1157,-8.052001953125,-3.9287118911743164,1.0
spoc,all_ru_ahk,1158,2.990966796875,-1.8890420198440552,1.0
spoc,all_ru_ahk,1159,-9.632270812988281,0.7660133242607117,1.0
spoc,all_ru_ahk,1160,-8.83853816986084,1.0767943859100342,1.0
spoc,all_ru_ahk,1161,-8.838667869567871,1.0766987800598145,1.0
spoc,all_ru_ahk,1162,-8.838460922241211,1.0768518447875977,1.0
spoc,all_ru_ahk,1163,22.285781860351562,-7.262873649597168,1.0
spoc,all_ru_ahk,1164,-3.378394365310669,-0.3085736334323883,1.0
spoc,all_ru_ahk,1165,-0.6490538716316223,1.7432010173797607,1.0
spoc,all_ru_ahk,1166,1.8469332456588745,2.438124895095825,1.0
spoc,all_ru_ahk,1167,-0.5085238814353943,5.18740177154541,1.0
spoc,all_ru_ahk,1168,2.4142963886260986,3.0383832454681396,1.0
spoc,all_ru_ahk,1169,6.180259704589844,28.26509666442871,1.0
spoc,all_ru_ahk,1170,2.7962162494659424,25.73311424255371,1.0
spoc,all_ru_ahk,1171,-4.000004291534424,-5.691224098205566,1.0
spoc,all_ru_ahk,1172,-1.5983645915985107,-1.1933603286743164,1.0
spoc,all_ru_ahk,1173,-6.686312675476074,-3.5443639755249023,1.0
spoc,all_ru_ahk,1174,-7.9231181144714355,-4.591997146606445,1.0
spoc,all_ru_ahk,1175,14.02743148803711,-2.8571627140045166,1.0
spoc,all_ru_ahk,1176,22.59052848815918,24.408632278442383,1.0
spoc,all_ru_ahk,1177,-9.909945487976074,-2.560298204421997,1.0
spoc,all_ru_ahk,1178,8.889735221862793,-5.826201438903809,1.0
spoc,all_ru_ahk,1179,-8.889605522155762,-2.762312173843384,1.0
spoc,all_ru_ahk,1180,-6.757638454437256,4.457900047302246,1.0
spoc,all_ru_ahk,1181,-3.806156873703003,-3.2156670093536377,1.0
spoc,all_ru_ahk,1182,-3.858975887298584,-3.9905197620391846,1.0
spoc,all_ru_ahk,1183,2.781477451324463,-5.302283763885498,1.0
spoc,all_ru_ahk,1184,12.99530029296875,21.62801742553711,1.0
spoc,all_ru_ahk,1185,10.99239730834961,22.686046600341797,1.0
spoc,all_ru_ahk,1186,-6.9694294929504395,-0.790584146976471,1.0
spoc,all_ru_ahk,1187,-7.594767093658447,-2.200364589691162,1.0
spoc,all_ru_ahk,1188,-8.26642894744873,-4.129218101501465,1.0
spoc,all_ru_ahk,1189,-10.222543716430664,-2.6552021503448486,1.0
spoc,all_ru_ahk,1190,-9.941998481750488,-2.537687063217163,1.0
spoc,all_ru_ahk,1191,2.6830170154571533,31.720462799072266,1.0
spoc,all_ru_ahk,1192,-5.27716064453125,-3.279202461242676,1.0
spoc,all_ru_ahk,1193,-4.92108154296875,-2.485448122024536,1.0
spoc,all_ru_ahk,1194,-2.856473207473755,-3.0194642543792725,1.0
spoc,all_ru_ahk,1195,-4.474907875061035,-5.834911346435547,1.0
spoc,all_ru_ahk,1196,14.27351188659668,-5.319199085235596,1.0
spoc,all_ru_ahk,1197,-9.444306373596191,-3.511462450027466,1.0
spoc,all_ru_ahk,1198,-11.125650405883789,-3.5482475757598877,1.0
spoc,all_ru_ahk,1199,-5.533876895904541,-4.085203170776367,1.0
spoc,all_ru_ahk,1200,-8.52249813079834,-3.663102865219116,1.0
spoc,all_ru_ahk,1201,3.696255683898926,25.355588912963867,1.0
spoc,all_ru_ahk,1202,8.796317100524902,24.234458923339844,1.0
spoc,all_ru_ahk,1203,3.5964393615722656,25.495338439941406,1.0
spoc,all_ru_ahk,1204,-10.740653038024902,-3.472372531890869,1.0
spoc,all_ru_ahk,1205,-10.879714965820312,-0.24903100728988647,1.0
spoc,all_ru_ahk,1206,-6.619259357452393,-3.9270787239074707,1.0
spoc,all_ru_ahk,1207,-2.931903123855591,-2.556382417678833,1.0
spoc,all_ru_ahk,1208,18.6962947845459,3.9738705158233643,1.0
spoc,all_ru_ahk,1209,4.051042556762695,3.6222925186157227,1.0
spoc,all_ru_ahk,1210,14.156368255615234,1.1548194885253906,1.0
spoc,all_ru_ahk,1211,12.52276611328125,1.3161325454711914,1.0
spoc,all_ru_ahk,1212,15.41915512084961,0.7706108689308167,1.0
spoc,all_ru_ahk,1213,11.520923614501953,2.0093953609466553,1.0
spoc,all_ru_ahk,1214,13.040857315063477,1.7312908172607422,1.0
spoc,all_ru_ahk,1215,2.148972272872925,5.143344879150391,1.0
spoc,all_ru_ahk,1216,-8.344841957092285,-4.14426851272583,1.0
spoc,all_ru_ahk,1217,-4.154410362243652,-4.499750137329102,1.0
spoc,all_ru_ahk,1218,23.12354850769043,-7.8072075843811035,1.0
spoc,all_ru_ahk,1219,-13.820535659790039,-1.5409307479858398,1.0
spoc,all_ru_ahk,1220,-7.6197428703308105,-3.9137277603149414,1.0
spoc,all_ru_ahk,1221,1.0586941242218018,5.5003581047058105,1.0
spoc,all_ru_ahk,1222,-7.892538070678711,-4.295612335205078,1.0
spoc,all_ru_ahk,1223,3.2587873935699463,-6.370161056518555,1.0
spoc,all_ru_ahk,1224,-13.826116561889648,-1.5332471132278442,1.0
spoc,all_ru_ahk,1225,-5.7338104248046875,0.4533770680427551,1.0
spoc,all_ru_ahk,1226,6.994466781616211,28.174177169799805,1.0
spoc,all_ru_ahk,1227,16.995685577392578,5.445836067199707,1.0
spoc,all_ru_ahk,1228,3.00602388381958,-1.903372883796692,1.0
spoc,all_ru_ahk,1229,0.6160721778869629,-4.788672924041748,1.0
spoc,all_ru_ahk,1230,-5.781833171844482,-0.017698051407933235,1.0
spoc,all_ru_ahk,1231,0.590929388999939,-4.763021469116211,1.0
spoc,all_ru_ahk,1232,-9.458646774291992,-2.4838180541992188,1.0
spoc,all_ru_ahk,1233,-3.9606781005859375,-6.125955104827881,1.0
spoc,all_ru_ahk,1234,-2.9825756549835205,5.770207405090332,1.0
spoc,all_ru_ahk,1235,0.22143301367759705,-4.342336654663086,1.0
spoc,all_ru_ahk,1236,2.513139247894287,15.541669845581055,1.0
spoc,all_ru_ahk,1237,-10.38575553894043,-3.1396119594573975,1.0
spoc,all_ru_ahk,1238,3.7181246280670166,-4.836464881896973,1.0
spoc,all_ru_ahk,1239,0.14204776287078857,3.6189258098602295,1.0
spoc,all_ru_ahk,1240,-6.082635879516602,4.817447662353516,1.0
spoc,all_ru_ahk,1241,3.007422924041748,-1.902342438697815,1.0
spoc,all_ru_ahk,1242,1.8857959508895874,31.151687622070312,1.0
spoc,all_ru_ahk,1243,16.496034622192383,8.836740493774414,1.0
spoc,all_ru_ahk,1244,3.4061715602874756,-3.759430170059204,1.0
spoc,all_ru_ahk,1245,-4.717733383178711,-2.5817883014678955,1.0
spoc,all_ru_ahk,1246,-9.958024978637695,-2.526381492614746,1.0
spoc,all_ru_ahk,1247,-11.745168685913086,-5.803244590759277,1.0
spoc,all_ru_ahk,1248,-9.966038703918457,-2.520728826522827,1.0
spoc,all_ru_ahk,1249,-6.475568771362305,-2.088320016860962,1.0
spoc,all_ru_ahk,1250,-10.366662979125977,-2.37126088142395,1.0
spoc,all_ru_ahk,1251,-6.392119407653809,-3.2817132472991943,1.0
spoc,all_ru_ahk,1252,10.962770462036133,21.92204475402832,1.0
spoc,all_ru_ahk,1253,0.6656614542007446,-4.799313068389893,1.0
spoc,all_ru_ahk,1254,-5.8736371994018555,0.022217093035578728,1.0
spoc,all_ru_ahk,1255,0.060404177755117416,-3.6032042503356934,1.0
spoc,all_ru_ahk,1256,2.0342628955841064,17.360685348510742,1.0
spoc,all_ru_ahk,1257,2.301967144012451,18.01905059814453,1.0
spoc,all_ru_ahk,1258,-11.034208297729492,-2.595900297164917,1.0
spoc,all_ru_ahk,1259,20.358083724975586,24.70233917236328,1.0
spoc,all_ru_ahk,1260,-9.428792953491211,-3.742509603500366,1.0
spoc,all_ru_ahk,1261,-7.67708158493042,-2.939882755279541,1.0
spoc,all_ru_ahk,1262,-4.16396427154541,-3.064091920852661,1.0
spoc,all_ru_ahk,1263,-5.402585029602051,-3.05572772026062,1.0
spoc,all_ru_ahk,1264,-7.755780220031738,-2.7275025844573975,1.0
spoc,all_ru_ahk,1265,-10.38575553894043,-3.1396119594573975,1.0
spoc,all_ru_ahk,1266,-10.068472862243652,-3.930701494216919,1.0
spoc,all_ru_ahk,1267,-10.591998100280762,-4.6751298904418945,1.0
spoc,all_ru_ahk,1268,3.008378267288208,-1.9016386270523071,1.0
spoc,all_ru_ahk,1269,1.5112833976745605,-4.992400169372559,1.0
spoc,all_ru_ahk,1270,-2.0669891834259033,-3.0002458095550537,1.0
spoc,all_ru_ahk,1271,-2.6745731830596924,-3.9263954162597656,1.0
spoc,all_ru_ahk,1272,-6.1603851318359375,-0.6083669066429138,1.0
spoc,all_ru_ahk,1273,12.574296951293945,-2.6349830627441406,1.0
spoc,all_ru_ahk,1274,-1.5330250263214111,-3.0977654457092285,1.0
spoc,all_ru_ahk,1275,1.1097334623336792,3.3592584133148193,1.0
spoc,all_ru_ahk,1276,-9.704066276550293,-3.86342453956604,1.0
spoc,all_ru_ahk,1277,-7.624602794647217,-4.448911666870117,1.0
spoc,all_ru_ahk,1278,6.029807090759277,-8.4894437789917,1.0
spoc,all_ru_ahk,1279,-8.827738761901855,-3.625164270401001,1.0
spoc,all_ru_ahk,1280,4.971457481384277,4.464664459228516,1.0
spoc,all_ru_ahk,1281,3.052377223968506,1.1925721168518066,1.0
spoc,all_ru_ahk,1282,-2.477548599243164,-4.872812271118164,1.0
spoc,all_ru_ahk,1283,-11.11507511138916,-3.551358461380005,1.0
spoc,all_ru_ahk,1284,-8.293188095092773,-4.197628974914551,1.0
spoc,all_ru_ahk,1285,-11.112737655639648,-3.5496370792388916,1.0
spoc,all_ru_ahk,1286,3.00347900390625,-1.9052473306655884,1.0
spoc,all_ru_ahk,1287,-0.8030157685279846,-3.95290207862854,1.0
spoc,all_ru_ahk,1288,-4.153594493865967,-2.7826123237609863,1.0
spoc,all_ru_ahk,1289,-0.4429844319820404,3.8811962604522705,1.0
spoc,all_ru_ahk,1290,-5.467094421386719,-4.601449012756348,1.0
spoc,all_ru_ahk,1291,-0.8890702128410339,3.1314799785614014,1.0
spoc,all_ru_ahk,1292,0.7664735913276672,2.8328983783721924,1.0
spoc,all_ru_ahk,1293,-2.6371991634368896,-5.306447982788086,1.0
spoc,all_ru_ahk,1294,-1.6822627782821655,1.1354634761810303,1.0
spoc,all_ru_ahk,1295,-9.41358757019043,-3.2790637016296387,1.0
spoc,all_ru_ahk,1296,-8.7606840133667,-4.007878303527832,1.0
spoc,all_ru_ahk,1297,-7.675780296325684,-0.9751036167144775,1.0
spoc,all_ru_ahk,1298,3.2545535564422607,-6.383144855499268,1.0
spoc,all_ru_ahk,1299,-2.0973641872406006,-1.8115261793136597,1.0
spoc,all_ru_ahk,1300,-6.958116054534912,-1.9047796726226807,1.0
spoc,all_ru_ahk,1301,-4.972762107849121,-3.559291124343872,1.0
spoc,all_ru_ahk,1302,-4.099186420440674,-3.165160894393921,1.0
spoc,all_ru_ahk,1303,-9.572502136230469,-3.434222459793091,1.0
spoc,all_ru_ahk,1304,2.4922935962677,15.256391525268555,1.0
spoc,all_ru_ahk,1305,2.388599395751953,15.813721656799316,1.0
spoc,all_ru_ahk,1306,-7.633721351623535,-4.4804582595825195,1.0
spoc,all_ru_ahk,1307,8.775835037231445,29.41763687133789,1.0
spoc,all_ru_ahk,1308,-11.030471801757812,-3.4569504261016846,1.0
spoc,all_ru_ahk,1309,-6.733157157897949,-2.4819445610046387,1.0
spoc,all_ru_ahk,1310,-10.266075134277344,-3.21685528755188,1.0
spoc,all_ru_ahk,1311,1.3346842527389526,-4.695060729980469,1.0
spoc,all_ru_ahk,1312,-10.266075134277344,-3.21685528755188,1.0
spoc,all_ru_ahk,1313,-10.320631980895996,-2.7224745750427246,1.0
spoc,all_ru_ahk,1314,-9.118244171142578,-3.9366917610168457,1.0
spoc,all_ru_ahk,1315,-9.960362434387207,-2.5281031131744385,1.0
spoc,all_ru_ahk,1316,4.2534613609313965,40.17543029785156,1.0
spoc,all_ru_ahk,1317,-1.8209532499313354,3.380469560623169,1.0
spoc,all_ru_ahk,1318,-5.767592906951904,-2.8818628787994385,1.0
spoc,all_ru_ahk,1319,3.252971887588501,-6.382946968078613,1.0
spoc,all_ru_ahk,1320,-8.652752876281738,-2.1058366298675537,1.0
spoc,all_ru_ahk,1321,-10.099053382873535,-4.227086067199707,1.0
spoc,all_ru_ahk,1322,-10.282219886779785,-4.232148170471191,1.0
spoc,all_ru_ahk,1323,-8.056721687316895,-4.75806999206543,1.0
spoc,all_ru_ahk,1324,-4.18317174911499,-5.696286201477051,1.0
spoc,all_ru_ahk,1325,2.7898895740509033,25.733905792236328,1.0
spoc,all_ru_ahk,1326,-9.412531852722168,-2.672839641571045,1.0
spoc,all_ru_ahk,1327,2.574352741241455,-2.174034833908081,1.0
spoc,all_ru_ahk,1328,-5.658247947692871,4.99435567855835,1.0
spoc,all_ru_ahk,1329,-3.674710750579834,-2.9734325408935547,1.0
spoc,all_ru_ahk,1330,4.693427085876465,4.7535810470581055,1.0
spoc,all_ru_ahk,1331,3.2561349868774414,-6.383342266082764,1.0
spoc,all_ru_ahk,1332,-11.56978702545166,-3.209873676300049,1.0
spoc,all_ru_ahk,1333,-8.915022850036621,-4.327578544616699,1.0
spoc,all_ru_ahk,1334,11.462638854980469,1.6448724269866943,1.0
spoc,all_ru_ahk,1335,25.712270736694336,-7.488610744476318,1.0
spoc,all_ru_ahk,1336,-5.548466682434082,0.2762101888656616,1.0
spoc,all_ru_ahk,1337,2.6859893798828125,-6.712551593780518,1.0
spoc,all_ru_ahk,1338,-8.995126724243164,-4.113690376281738,1.0
spoc,all_ru_ahk,1339,-5.714558124542236,-4.288270473480225,1.0
spoc,all_ru_ahk,1340,9.649779319763184,-3.572054147720337,1.0
spoc,all_ru_ahk,1341,-8.542179107666016,-4.338131427764893,1.0
spoc,all_ru_ahk,1342,-8.187162399291992,-3.509382963180542,1.0
spoc,all_ru_ahk,1343,-10.23265552520752,-4.393158912658691,1.0
spoc,all_ru_ahk,1344,3.5712058544158936,-1.0430843830108643,1.0
spoc,all_ru_ahk,1345,-6.303815841674805,-2.5293123722076416,1.0
spoc,all_ru_ahk,1346,-7.689557075500488,-1.0576585531234741,1.0
spoc,all_ru_ahk,1347,-6.668557643890381,2.224391222000122,1.0
spoc,all_ru_ahk,1348,-7.155056953430176,2.510911226272583,1.0
spoc,all_ru_ahk,1349,-11.11773681640625,-2.8354032039642334,1.0
spoc,all_ru_ahk,1350,-6.120919227600098,-2.120692253112793,1.0
spoc,all_ru_ahk,1351,-3.7526462078094482,-2.7234857082366943,1.0
spoc,all_ru_ahk,1352,-9.78926944732666,-2.721383571624756,1.0
spoc,all_ru_ahk,1353,-9.832966804504395,-2.497051954269409,1.0
spoc,all_ru_ahk,1354,-6.186511516571045,4.967715263366699,1.0
spoc,all_ru_ahk,1355,0.5471904277801514,-4.254001140594482,1.0
spoc,all_ru_ahk,1356,2.203221559524536,-6.5160346031188965,1.0
spoc,all_ru_ahk,1357,-10.709685325622559,-3.5637543201446533,1.0
spoc,all_ru_ahk,1358,-9.634015083312988,-2.2252583503723145,1.0
spoc,all_ru_ahk,1359,-0.1336134672164917,-4.136982440948486,1.0
spoc,all_ru_ahk,1360,-9.053767204284668,-4.426339149475098,1.0
spoc,all_ru_ahk,1361,-9.126900672912598,-3.17395281791687,1.0
spoc,all_ru_ahk,1362,-4.843156814575195,-2.35831356048584,1.0
spoc,all_ru_ahk,1363,-7.965169906616211,-2.238762855529785,1.0
spoc,all_ru_ahk,1364,-5.226746559143066,1.863282561302185,1.0
spoc,all_ru_ahk,1365,0.8394840955734253,-3.750263214111328,1.0
spoc,all_ru_ahk,1366,-0.13539445400238037,-3.3723056316375732,1.0
spoc,all_ru_ahk,1367,-5.870995998382568,4.408327102661133,1.0
spoc,all_ru_ahk,1368,-7.492570400238037,-3.9552042484283447,1.0
spoc,all_ru_ahk,1369,-10.187417030334473,-4.638782024383545,1.0
spoc,all_ru_ahk,1370,-3.8058247566223145,-2.0234615802764893,1.0
spoc,all_ru_ahk,1371,-5.923585891723633,4.420129776000977,1.0
spoc,all_ru_ahk,1372,3.016974449157715,8.114997863769531,1.0
spoc,all_ru_ahk,1373,-8.268139839172363,-2.0221855640411377,1.0
spoc,all_ru_ahk,1374,-8.936688423156738,-4.613794326782227,1.0
spoc,all_ru_ahk,1375,3.2624614238739014,-6.384132385253906,1.0
spoc,all_ru_ahk,1376,-8.1697359085083,-1.794129729270935,1.0
spoc,all_ru_ahk,1377,-3.743156671524048,-2.7246711254119873,1.0
spoc,all_ru_ahk,1378,-3.3583576679229736,5.878270149230957,1.0
spoc,all_ru_ahk,1379,-11.388381958007812,-3.463176965713501,1.0
spoc,all_ru_ahk,1380,-5.414380073547363,-4.212845325469971,1.0
spoc,all_ru_ahk,1381,-11.28161907196045,-3.4842636585235596,1.0
spoc,all_ru_ahk,1382,-9.369231224060059,-3.7723634243011475,1.0
spoc,all_ru_ahk,1383,11.513387680053711,23.415809631347656,1.0
spoc,all_ru_ahk,1384,7.299624443054199,24.928752899169922,1.0
spoc,all_ru_ahk,1385,-9.232641220092773,-3.9205644130706787,1.0
spoc,all_ru_ahk,1386,-5.414328575134277,-4.2128071784973145,1.0
spoc,all_ru_ahk,1387,-8.933431625366211,-3.9242727756500244,1.0
spoc,all_ru_ahk,1388,-1.820419430732727,5.383346080780029,1.0
spoc,all_ru_ahk,1389,-1.389918565750122,6.574006080627441,1.0
spoc,all_ru_ahk,1390,-7.722707748413086,-0.9914381504058838,1.0
spoc,all_ru_ahk,1391,-8.10628604888916,-4.5970587730407715,1.0
spoc,all_ru_ahk,1392,2.04647159576416,12.10927963256836,1.0
spoc,all_ru_ahk,1393,-10.276632308959961,-3.0636231899261475,1.0
spoc,all_ru_ahk,1394,-6.640466690063477,-1.6309776306152344,1.0
spoc,all_ru_ahk,1395,-7.539775848388672,-4.6312360763549805,1.0
spoc,all_ru_ahk,1396,-7.196352481842041,-2.030088424682617,1.0
spoc,all_ru_ahk,1397,-7.334995269775391,-2.6721487045288086,1.0
spoc,all_ru_ahk,1398,7.154657363891602,-5.948457717895508,1.0
spoc,all_ru_ahk,1399,0.9926434755325317,35.64886474609375,1.0
spoc,all_ru_ahk,1400,6.453373432159424,3.5884621143341064,1.0
spoc,all_ru_ahk,1401,-8.120657920837402,-2.553542137145996,1.0
spoc,all_ru_ahk,1402,-3.9181368350982666,-1.244929313659668,1.0
spoc,all_ru_ahk,1403,-3.207778215408325,-3.3373656272888184,1.0
spoc,all_ru_ahk,1404,-9.244832992553711,-3.4740657806396484,1.0
spoc,all_ru_ahk,1405,-9.814240455627441,-2.6714043617248535,1.0
spoc,all_ru_ahk,1406,-6.00758695602417,4.556528091430664,1.0
spoc,all_ru_ahk,1407,2.5663914680480957,-2.3491199016571045,1.0
spoc,all_ru_ahk,1408,1.7240222692489624,1.2971643209457397,1.0
spoc,all_ru_ahk,1409,-7.269207954406738,-2.963127374649048,1.0
spoc,all_ru_ahk,1410,16.25958251953125,8.451375007629395,1.0
spoc,all_ru_ahk,1411,-5.711236476898193,-2.855217933654785,1.0
spoc,all_ru_ahk,1412,0.8775641918182373,-4.4949188232421875,1.0
spoc,all_ru_ahk,1413,-1.5867174863815308,6.431591987609863,1.0
spoc,all_ru_ahk,1414,-0.21863865852355957,-0.20723426342010498,1.0
spoc,all_ru_ahk,1415,-9.070292472839355,-4.779867172241211,1.0
spoc,all_ru_ahk,1416,-1.982962727546692,-3.292609930038452,1.0
spoc,all_ru_ahk,1417,-2.8227427005767822,-1.8822996616363525,1.0
spoc,all_ru_ahk,1418,-10.995162963867188,-3.226594924926758,1.0
spoc,all_ru_ahk,1419,3.4597370624542236,-4.841501235961914,1.0
spoc,all_ru_ahk,1420,-4.885409355163574,-0.3204459249973297,1.0
spoc,all_ru_ahk,1421,-5.8780412673950195,-4.286182403564453,1.0
spoc,all_ru_ahk,1422,2.941377639770508,-1.878401756286621,1.0
spoc,all_ru_ahk,1423,-3.969424247741699,-5.394839286804199,1.0
spoc,all_ru_ahk,1424,-8.391342163085938,-4.054047107696533,1.0
spoc,all_ru_ahk,1425,-4.535130977630615,-3.4093668460845947,1.0
spoc,all_ru_ahk,1426,-9.420376777648926,-4.481287956237793,1.0
spoc,all_ru_ahk,1427,-4.133607387542725,-5.857296943664551,1.0
spoc,all_ru_ahk,1428,-8.138411521911621,-5.075063705444336,1.0
spoc,all_ru_ahk,1429,1.4518290758132935,-5.287898540496826,1.0
spoc,all_ru_ahk,1430,-7.569579124450684,-4.334972858428955,1.0
spoc,all_ru_ahk,1431,10.207816123962402,24.383155822753906,1.0
spoc,all_ru_ahk,1432,24.67644691467285,-8.198102951049805,1.0
spoc,all_ru_ahk,1433,-8.263481140136719,-4.486916542053223,1.0
spoc,all_ru_ahk,1434,-4.4921369552612305,-5.365988254547119,1.0
spoc,all_ru_ahk,1435,-5.908621311187744,-4.5825676918029785,1.0
spoc,all_ru_ahk,1436,-8.868093490600586,-3.4255218505859375,1.0
spoc,all_ru_ahk,1437,-4.593852519989014,-6.542992115020752,1.0
spoc,all_ru_ahk,1438,-5.104837417602539,4.252989768981934,1.0
spoc,all_ru_ahk,1439,-6.091789245605469,-4.587629318237305,1.0
spoc,all_ru_ahk,1440,-9.86033821105957,-4.678521633148193,1.0
spoc,all_ru_ahk,1441,-3.736619472503662,-2.7347910404205322,1.0
spoc,all_ru_ahk,1442,-7.142858505249023,-3.1180002689361572,1.0
spoc,all_ru_ahk,1443,-3.8182668685913086,4.146232604980469,1.0
spoc,all_ru_ahk,1444,-11.680075645446777,-5.803499221801758,1.0
spoc,all_ru_ahk,1445,-5.711977958679199,-4.773343086242676,1.0
spoc,all_ru_ahk,1446,-8.702139854431152,-4.244527816772461,1.0
spoc,all_ru_ahk,1447,-5.433608531951904,-1.8378806114196777,1.0
spoc,all_ru_ahk,1448,-7.786716461181641,4.947649955749512,1.0
spoc,all_ru_ahk,1449,-9.089576721191406,-2.977940559387207,1.0
spoc,all_ru_ahk,1450,-7.740203857421875,-2.88250994682312,1.0
spoc,all_ru_ahk,1451,-11.479626655578613,-5.720797538757324,1.0
spoc,all_ru_ahk,1452,-11.321969032287598,-5.782630920410156,1.0
spoc,all_ru_ahk,1453,-6.636331558227539,-2.7630774974823,1.0
spoc,all_ru_ahk,1454,3.4335885047912598,8.39999008178711,1.0
spoc,all_ru_ahk,1455,-5.479747295379639,-4.5998687744140625,1.0
spoc,all_ru_ahk,1456,3.358856678009033,8.43628215789795,1.0
spoc,all_ru_ahk,1457,-8.043719291687012,-1.181194543838501,1.0
spoc,all_ru_ahk,1458,-10.43941593170166,-4.122005462646484,1.0
spoc,all_ru_ahk,1459,8.735105514526367,-4.156126022338867,1.0
spoc,all_ru_ahk,1460,-6.042224884033203,-4.748640060424805,1.0
spoc,all_ru_ahk,1461,-10.006753921508789,-1.8691644668579102,1.0
spoc,all_ru_ahk,1462,-0.7423982620239258,-2.984567403793335,1.0
spoc,all_ru_ahk,1463,-0.7905036211013794,-3.9691073894500732,1.0
spoc,all_ru_ahk,1464,3.2498085498809814,-6.382552146911621,1.0
spoc,all_ru_ahk,1465,-5.9969868659973145,-4.994263172149658,1.0
spoc,all_ru_ahk,1466,-5.00543212890625,-0.1663632094860077,1.0
spoc,all_ru_ahk,1467,-4.340366840362549,-5.586143493652344,1.0
spoc,all_ru_ahk,1468,-7.967663764953613,-4.293320655822754,1.0
spoc,all_ru_ahk,1469,1.4410141706466675,-3.1611008644104004,1.0
spoc,all_ru_ahk,1470,-8.306595802307129,-1.2620606422424316,1.0
spoc,all_ru_ahk,1471,0.6781736016273499,-4.815518379211426,1.0
spoc,all_ru_ahk,1472,-7.644128322601318,-3.9519565105438232,1.0
spoc,all_ru_ahk,1473,3.5045969486236572,2.240529775619507,1.0
spoc,all_ru_ahk,1474,-9.119856834411621,-4.618856430053711,1.0
spoc,all_ru_ahk,1475,-9.213237762451172,-3.8363282680511475,1.0
spoc,all_ru_ahk,1476,4.465889930725098,25.642047882080078,1.0
spoc,all_ru_ahk,1477,3.3839993476867676,8.41063117980957,1.0
spoc,all_ru_ahk,1478,-4.088369369506836,-6.102920055389404,1.0
spoc,all_ru_ahk,1479,21.86199951171875,-13.571293830871582,1.0
spoc,all_ru_ahk,1480,-8.209429740905762,-1.3603218793869019,1.0
spoc,all_ru_ahk,1481,-10.349130630493164,-1.9663195610046387,1.0
spoc,all_ru_ahk,1482,-6.557309150695801,-2.7472517490386963,1.0
spoc,all_ru_ahk,1483,2.624486207962036,16.817262649536133,1.0
spoc,all_ru_ahk,1484,1.0300793647766113,-3.6650569438934326,1.0
spoc,all_ru_ahk,1485,-7.812242031097412,-2.5205538272857666,1.0
spoc,all_ru_ahk,1486,-11.358696937561035,-5.839174270629883,1.0
spoc,all_ru_ahk,1487,-4.564684867858887,-2.99653697013855,1.0
spoc,all_ru_ahk,1488,-9.824472427368164,-2.5294785499572754,1.0
spoc,all_ru_ahk,1489,4.602733135223389,31.374248504638672,1.0
spoc,all_ru_ahk,1490,2.2314951419830322,-4.149185657501221,1.0
spoc,all_ru_ahk,1491,-1.40238618850708,2.729069471359253,1.0
spoc,all_ru_ahk,1492,-10.332685470581055,-3.515018939971924,1.0
spoc,all_ru_ahk,1493,-7.82893180847168,-0.8528797626495361,1.0
spoc,all_ru_ahk,1494,-5.1585211753845215,-2.4102442264556885,1.0
spoc,all_ru_ahk,1495,3.2434821128845215,-6.38176155090332,1.0
spoc,all_ru_ahk,1496,-8.193570137023926,-3.61563777923584,1.0
spoc,all_ru_ahk,1497,7.7062273025512695,5.260831832885742,1.0
spoc,all_ru_ahk,1498,1.6823073625564575,-8.345394134521484,1.0
spoc,all_ru_ahk,1499,-8.668761253356934,-1.6520130634307861,1.0
spoc,all_ru_ahk,1500,-4.5681867599487305,-0.2703808546066284,1.0
spoc,all_ru_ahk,1501,5.23826789855957,25.003082275390625,1.0
spoc,all_ru_ahk,1502,-4.317948341369629,2.7990591526031494,1.0
spoc,all_ru_ahk,1503,-11.931278228759766,-5.818357467651367,1.0
spoc,all_ru_ahk,1504,2.9162349700927734,-1.852750301361084,1.0
spoc,all_ru_ahk,1505,-9.463993072509766,-3.2388827800750732,1.0
spoc,all_ru_ahk,1506,-3.491879463195801,-4.588614463806152,1.0
spoc,all_ru_ahk,1507,-9.35930347442627,-3.830881118774414,1.0
spoc,all_ru_ahk,1508,-8.045608520507812,-2.814462184906006,1.0
spoc,all_ru_ahk,1509,2.365570306777954,-5.11096715927124,1.0
spoc,all_ru_ahk,1510,-9.42882251739502,-4.288558483123779,1.0
spoc,all_ru_ahk,1511,18.85834503173828,4.641377925872803,1.0
spoc,all_ru_ahk,1512,-3.7090537548065186,-0.566140353679657,1.0
spoc,all_ru_ahk,1513,-1.9447038173675537,-3.094846487045288,1.0
spoc,all_ru_ahk,1514,-9.050365447998047,-2.8466618061065674,1.0
spoc,all_ru_ahk,1515,-10.41598129272461,-1.8599016666412354,1.0
spoc,all_ru_ahk,1516,-3.701639413833618,-0.5884398221969604,1.0
spoc,all_ru_ahk,1517,-7.775754451751709,-3.983330011367798,1.0
spoc,all_ru_ahk,1518,-11.144790649414062,-3.5270259380340576,1.0
spoc,all_ru_ahk,1519,-9.473907470703125,-4.299252510070801,1.0
spoc,all_ru_ahk,1520,-9.447924613952637,-4.47447395324707,1.0
spoc,all_ru_ahk,1521,-3.616192102432251,-4.87437629699707,1.0
spoc,all_ru_ahk,1522,-9.647326469421387,-3.958305597305298,1.0
spoc,all_ru_ahk,1523,1.0797553062438965,-1.6555901765823364,1.0
spoc,all_ru_ahk,1524,-8.981234550476074,-4.315117835998535,1.0
spoc,all_ru_ahk,1525,6.832003593444824,4.1282124519348145,1.0
spoc,all_ru_ahk,1526,-6.180328845977783,4.979205131530762,1.0
spoc,all_ru_ahk,1527,-10.143599510192871,-3.9284095764160156,1.0
spoc,all_ru_ahk,1528,2.4340481758117676,15.258642196655273,1.0
spoc,all_ru_ahk,1529,2.0942845344543457,-1.6280587911605835,1.0
spoc,all_ru_ahk,1530,-5.231186389923096,4.407862663269043,1.0
spoc,all_ru_ahk,1531,2.9984259605407715,-1.9089694023132324,1.0
spoc,all_ru_ahk,1532,-0.27489912509918213,-3.1564719676971436,1.0
spoc,all_ru_ahk,1533,-9.476399421691895,-2.9475739002227783,1.0
spoc,all_ru_ahk,1534,-8.179819107055664,0.19204813241958618,1.0
spoc,all_ru_ahk,1535,-7.914859771728516,4.582728862762451,1.0
spoc,all_ru_ahk,1536,0.9729209542274475,-3.999089479446411,1.0
spoc,all_ru_ahk,1537,-6.703248023986816,-3.174269914627075,1.0
spoc,all_ru_ahk,1538,5.581255912780762,25.12995147705078,1.0
spoc,all_ru_ahk,1539,-9.07664680480957,-3.9845292568206787,1.0
spoc,all_ru_ahk,1540,4.801143646240234,25.23719024658203,1.0
spoc,all_ru_ahk,1541,-10.68938159942627,-3.2742228507995605,1.0
spoc,all_ru_ahk,1542,-11.708770751953125,-3.270378351211548,1.0
spoc,all_ru_ahk,1543,-2.169090747833252,-3.486323595046997,1.0
spoc,all_ru_ahk,1544,-0.29375970363616943,5.333461761474609,1.0
spoc,all_ru_ahk,1545,-10.68938159942627,-3.2742228507995605,1.0
spoc,all_ru_ahk,1546,-4.700624465942383,-3.9443905353546143,1.0
spoc,all_ru_ahk,1547,-4.654001712799072,-4.103071689605713,1.0
spoc,all_ru_ahk,1548,-11.304588317871094,-3.191577434539795,1.0
spoc,all_ru_ahk,1549,0.6214714646339417,5.820858001708984,1.0
spoc,all_ru_ahk,1550,-4.777225494384766,-2.295729160308838,1.0
spoc,all_ru_ahk,1551,-8.464142799377441,-1.870924949645996,1.0
spoc,all_ru_ahk,1552,-11.519535064697266,-5.786904335021973,1.0
spoc,all_ru_ahk,1553,-10.131841659545898,-2.4601216316223145,1.0
spoc,all_ru_ahk,1554,-8.112724304199219,-1.9845151901245117,1.0
spoc,all_ru_ahk,1555,-9.033138275146484,-2.8268871307373047,1.0
spoc,all_ru_ahk,1556,11.008193016052246,-5.612097263336182,1.0
spoc,all_ru_ahk,1557,10.214582443237305,31.172096252441406,1.0
spoc,all_ru_ahk,1558,-9.265201568603516,-3.7131588459014893,1.0
spoc,all_ru_ahk,1559,-10.055459976196289,-3.981104850769043,1.0
spoc,all_ru_ahk,1560,-6.6271257400512695,-1.767169713973999,1.0
spoc,all_ru_ahk,1561,-6.746551036834717,-0.7035136222839355,1.0
spoc,all_ru_ahk,1562,4.353572368621826,25.80799102783203,1.0
spoc,all_ru_ahk,1563,4.628593444824219,25.36221694946289,1.0
spoc,all_ru_ahk,1564,3.1852738857269287,2.890775442123413,1.0
spoc,all_ru_ahk,1565,-1.8360671997070312,-3.320603847503662,1.0
spoc,all_ru_ahk,1566,-10.451278686523438,-1.5310773849487305,1.0
spoc,all_ru_ahk,1567,-9.768034934997559,-4.431620121002197,1.0
spoc,all_ru_ahk,1568,-8.854836463928223,-4.200868129730225,1.0
spoc,all_ru_ahk,1569,-7.307551383972168,-4.510743618011475,1.0
spoc,all_ru_ahk,1570,-10.335022926330566,-3.5167407989501953,1.0
spoc,all_ru_ahk,1571,5.172407627105713,5.993322372436523,1.0
spoc,all_ru_ahk,1572,-10.878439903259277,-3.3687522411346436,1.0
spoc,all_ru_ahk,1573,-5.168741226196289,-4.215551853179932,1.0
spoc,all_ru_ahk,1574,1.3739714622497559,-8.067302703857422,1.0
spoc,all_ru_ahk,1575,-10.554429054260254,-3.067629098892212,1.0
spoc,all_ru_ahk,1576,-8.104769706726074,-0.06887191534042358,1.0
spoc,all_ru_ahk,1577,-5.391853332519531,-2.5068256855010986,1.0
spoc,all_ru_ahk,1578,2.287837266921997,2.7794411182403564,1.0
spoc,all_ru_ahk,1579,2.69038987159729,2.331448793411255,1.0
spoc,all_ru_ahk,1580,-8.3320894241333,-2.024569511413574,1.0
spoc,all_ru_ahk,1581,-5.953166961669922,-4.283890724182129,1.0
spoc,all_ru_ahk,1582,-0.5684190392494202,1.6799085140228271,1.0
spoc,all_ru_ahk,1583,0.5025270581245422,-0.7759806513786316,1.0
spoc,all_ru_ahk,1584,-7.682069301605225,-4.134298801422119,1.0
spoc,all_ru_ahk,1585,-9.267107963562012,-4.21737813949585,1.0
spoc,all_ru_ahk,1586,-5.697912216186523,-4.948014259338379,1.0
spoc,all_ru_ahk,1587,-1.4833714962005615,6.325918197631836,1.0
spoc,all_ru_ahk,1588,6.929593086242676,4.145061492919922,1.0
spoc,all_ru_ahk,1589,-9.754098892211914,-2.551358699798584,1.0
spoc,all_ru_ahk,1590,-9.098316192626953,-2.9533345699310303,1.0
spoc,all_ru_ahk,1591,-4.407001495361328,-3.790445327758789,1.0
spoc,all_ru_ahk,1592,-8.461675643920898,-1.8691076040267944,1.0
spoc,all_ru_ahk,1593,6.014786720275879,32.31139373779297,1.0
spoc,all_ru_ahk,1594,-8.87342643737793,-0.6912257075309753,1.0
spoc,all_ru_ahk,1595,-9.824827194213867,-2.5193870067596436,1.0
spoc,all_ru_ahk,1596,2.6054587364196777,-1.143013596534729,1.0
spoc,all_ru_ahk,1597,2.3665223121643066,15.353882789611816,1.0
spoc,all_ru_ahk,1598,-5.531623363494873,-1.9457303285598755,1.0
spoc,all_ru_ahk,1599,-7.968179225921631,-0.21707266569137573,1.0
spoc,all_ru_ahk,1600,5.31028938293457,32.24998474121094,1.0
spoc,all_ru_ahk,1601,-8.57275104522705,-4.083149433135986,1.0
spoc,all_ru_ahk,1602,-8.458880424499512,-1.5553799867630005,1.0
spoc,all_ru_ahk,1603,-5.377648830413818,-4.148995876312256,1.0
spoc,all_ru_ahk,1604,-5.533876895904541,-4.085203170776367,1.0
spoc,all_ru_ahk,1605,-8.844432830810547,-3.7475903034210205,1.0
spoc,all_ru_ahk,1606,-8.843914031982422,-3.7472078800201416,1.0
spoc,all_ru_ahk,1607,-10.758788108825684,-4.041567325592041,1.0
spoc,all_ru_ahk,1608,-0.40491950511932373,-0.9621527791023254,1.0
spoc,all_ru_ahk,1609,-5.2763495445251465,-1.33414626121521,1.0
spoc,all_ru_ahk,1610,5.9621381759643555,32.58269500732422,1.0
spoc,all_ru_ahk,1611,-9.967111587524414,-3.9216020107269287,1.0
spoc,all_ru_ahk,1612,-9.27705192565918,-4.508713722229004,1.0
spoc,all_ru_ahk,1613,14.858208656311035,26.370038986206055,1.0
spoc,all_ru_ahk,1614,-10.640336036682129,-3.417505979537964,1.0
spoc,all_ru_ahk,1615,-0.08046355843544006,-2.6239588260650635,1.0
spoc,all_ru_ahk,1616,-11.800348281860352,-3.180509328842163,1.0
spoc,all_ru_ahk,1617,2.3510992527008057,-7.203158378601074,1.0
spoc,all_ru_ahk,1618,3.240318775177002,-6.381366729736328,1.0
spoc,all_ru_ahk,1619,0.6735665202140808,5.781905174255371,1.0
spoc,all_ru_ahk,1620,-8.844952583312988,-3.7479729652404785,1.0
spoc,all_ru_ahk,1621,-8.350327491760254,-4.375752925872803,1.0
spoc,all_ru_ahk,1622,-10.604108810424805,-3.1792683601379395,1.0
spoc,all_ru_ahk,1623,-10.241366386413574,-3.605079412460327,1.0
spoc,all_ru_ahk,1624,-3.6478946208953857,-2.8900797367095947,1.0
spoc,all_ru_ahk,1625,4.914669036865234,1.7325636148452759,1.0
spoc,all_ru_ahk,1626,-9.327255249023438,-4.310109615325928,1.0
spoc,all_ru_ahk,1627,11.176292419433594,22.14246368408203,1.0
spoc,all_ru_ahk,1628,-6.229107856750488,-3.2208054065704346,1.0
spoc,all_ru_ahk,1629,-7.743668079376221,-2.5191569328308105,1.0
spoc,all_ru_ahk,1630,14.058099746704102,1.5240163803100586,1.0
spoc,all_ru_ahk,1631,14.431951522827148,1.4703869819641113,1.0
spoc,all_ru_ahk,1632,-6.248984336853027,-4.477486610412598,1.0
spoc,all_ru_ahk,1633,-7.255686283111572,-0.560283899307251,1.0
spoc,all_ru_ahk,1634,-8.324104309082031,-0.3243532180786133,1.0
spoc,all_ru_ahk,1635,-9.799493789672852,-1.689868450164795,1.0
spoc,all_ru_ahk,1636,-7.779813766479492,-1.3371137380599976,1.0
spoc,all_ru_ahk,1637,-9.800126075744629,-1.675834059715271,1.0
spoc,all_ru_ahk,1638,1.729175329208374,-5.608304977416992,1.0
spoc,all_ru_ahk,1639,-8.906109809875488,-4.317409515380859,1.0
spoc,all_ru_ahk,1640,-6.19386100769043,-4.902394771575928,1.0
spoc,all_ru_ahk,1641,-5.828055381774902,-4.883910655975342,1.0
spoc,all_ru_ahk,1642,0.6214714646339417,5.820858001708984,1.0
spoc,all_ru_ahk,1643,-2.044865131378174,3.0919792652130127,1.0
spoc,all_ru_ahk,1644,-6.435729503631592,-5.155625820159912,1.0
spoc,all_ru_ahk,1645,-8.392314910888672,-4.107740879058838,1.0
spoc,all_ru_ahk,1646,-8.05004596710205,-4.663367748260498,1.0
spoc,all_ru_ahk,1647,-5.449562072753906,-4.961270332336426,1.0
spoc,all_ru_ahk,1648,-7.303023815155029,-4.094686985015869,1.0
spoc,all_ru_ahk,1649,-10.189363479614258,-4.559720993041992,1.0
spoc,all_ru_ahk,1650,-9.833623886108398,-2.4911038875579834,1.0
spoc,all_ru_ahk,1651,4.1026105880737305,32.64947509765625,1.0
spoc,all_ru_ahk,1652,2.3610575199127197,13.45779800415039,1.0
spoc,all_ru_ahk,1653,9.769512176513672,-3.978546619415283,1.0
spoc,all_ru_ahk,1654,-9.77608585357666,-1.6927924156188965,1.0
spoc,all_ru_ahk,1655,-8.261151313781738,-1.6616268157958984,1.0
spoc,all_ru_ahk,1656,-9.82353401184082,-1.6729100942611694,1.0
spoc,all_ru_ahk,1657,-8.986326217651367,-0.03573733568191528,1.0
spoc,all_ru_ahk,1658,-8.416064262390137,-5.040040969848633,1.0
spoc,all_ru_ahk,1659,-9.622157096862793,-5.158002853393555,1.0
spoc,all_ru_ahk,1660,2.657097578048706,30.375049591064453,1.0
spoc,all_ru_ahk,1661,2.1451094150543213,27.08823013305664,1.0
spoc,all_ru_ahk,1662,8.195050239562988,29.856931686401367,1.0
spoc,all_ru_ahk,1663,-9.757075309753418,-0.9977219104766846,1.0
spoc,all_ru_ahk,1664,-5.198852062225342,-4.140198230743408,1.0
spoc,all_ru_ahk,1665,-7.4560346603393555,-2.381992816925049,1.0
spoc,all_ru_ahk,1666,-8.458125114440918,-1.5673273801803589,1.0
spoc,all_ru_ahk,1667,1.832292914390564,0.9366799592971802,1.0
spoc,all_ru_ahk,1668,-10.59904670715332,-3.179900646209717,1.0
spoc,all_ru_ahk,1669,-1.8807640075683594,-1.225515365600586,1.0
spoc,all_ru_ahk,1670,-2.2250559329986572,-1.7884914875030518,1.0
spoc,all_ru_ahk,1671,-7.161741733551025,-0.7110615968704224,1.0
spoc,all_ru_ahk,1672,-4.133673191070557,-0.6798346042633057,1.0
spoc,all_ru_ahk,1673,6.661449432373047,2.2227632999420166,1.0
spoc,all_ru_ahk,1674,-4.04455041885376,-5.392547607421875,1.0
spoc,all_ru_ahk,1675,2.1140031814575195,-1.3708217144012451,1.0
spoc,all_ru_ahk,1676,0.6777418255805969,-0.47242987155914307,1.0
spoc,all_ru_ahk,1677,-8.30868148803711,-2.027493476867676,1.0
spoc,all_ru_ahk,1678,-8.420528411865234,-3.803291082382202,1.0
spoc,all_ru_ahk,1679,7.000958442687988,3.9795596599578857,1.0
spoc,all_ru_ahk,1680,-6.1553568840026855,-4.184144973754883,1.0
spoc,all_ru_ahk,1681,3.6948564052581787,0.8296625018119812,1.0
spoc,all_ru_ahk,1682,1.8933347463607788,-3.1567184925079346,1.0
spoc,all_ru_ahk,1683,-7.662199020385742,-2.050522565841675,1.0
spoc,all_ru_ahk,1684,-1.3829864263534546,6.366916179656982,1.0
spoc,all_ru_ahk,1685,-10.180697441101074,-2.9716782569885254,1.0
spoc,all_ru_ahk,1686,-4.574521064758301,-0.5418766736984253,1.0
spoc,all_ru_ahk,1687,18.347448348999023,3.645235776901245,1.0
spoc,all_ru_ahk,1688,4.790635585784912,25.741920471191406,1.0
spoc,all_ru_ahk,1689,-5.293054103851318,-4.501314163208008,1.0
spoc,all_ru_ahk,1690,-1.0655261278152466,-3.269669771194458,1.0
spoc,all_ru_ahk,1691,2.3121888637542725,14.01301097869873,1.0
spoc,all_ru_ahk,1692,-7.786672592163086,-1.5095596313476562,1.0
spoc,all_ru_ahk,1693,-8.484702110290527,-1.93440842628479,1.0
spoc,all_ru_ahk,1694,-9.80153751373291,-1.7115397453308105,1.0
spoc,all_ru_ahk,1695,-8.69859790802002,-4.068746566772461,1.0
spoc,all_ru_ahk,1696,-8.69963264465332,-4.0695085525512695,1.0
spoc,all_ru_ahk,1697,3.1971757411956787,-6.067533493041992,1.0
spoc,all_ru_ahk,1698,1.59841787815094,-5.772202014923096,1.0
spoc,all_ru_ahk,1699,-4.871909141540527,9.478096008300781,1.0
spoc,all_ru_ahk,1700,-10.279207229614258,-2.1701180934906006,1.0
spoc,all_ru_ahk,1701,-10.791424751281738,-1.5093637704849243,1.0
spoc,all_ru_ahk,1702,-7.685611724853516,13.454160690307617,1.0
spoc,all_ru_ahk,1703,-8.237743377685547,-1.66455078125,1.0
spoc,all_ru_ahk,1704,-11.849059104919434,-2.8638434410095215,1.0
spoc,all_ru_ahk,1705,-2.5214693546295166,-1.0180754661560059,1.0
spoc,all_ru_ahk,1706,-6.148429870605469,1.3635153770446777,1.0
spoc,all_ru_ahk,1707,-8.183650016784668,-4.829440116882324,1.0
spoc,all_ru_ahk,1708,21.676902770996094,-12.640327453613281,1.0
spoc,all_ru_ahk,1709,-10.627385139465332,-3.5553665161132812,1.0
spoc,all_ru_ahk,1710,-8.54299259185791,-5.1114115715026855,1.0
spoc,all_ru_ahk,1711,-11.924052238464355,-2.734623670578003,1.0
spoc,all_ru_ahk,1712,-1.329304814338684,0.09618961811065674,1.0
spoc,all_ru_ahk,1713,-5.414328575134277,-4.2128071784973145,1.0
spoc,all_ru_ahk,1714,-8.065486907958984,-4.566232681274414,1.0
spoc,all_ru_ahk,1715,-8.233214378356934,-4.668429374694824,1.0
spoc,all_ru_ahk,1716,7.59864616394043,28.635881423950195,1.0
spoc,all_ru_ahk,1717,1.5080264806747437,-3.957075357437134,1.0
spoc,all_ru_ahk,1718,0.3686688542366028,2.2793781757354736,1.0
spoc,all_ru_ahk,1719,-6.19386100769043,-4.902394771575928,1.0
spoc,all_ru_ahk,1720,-7.901918411254883,-1.2933838367462158,1.0
spoc,all_ru_ahk,1721,-5.863360404968262,6.9716010093688965,1.0
spoc,all_ru_ahk,1722,-10.807241439819336,-1.5073881149291992,1.0
spoc,all_ru_ahk,1723,-7.405638694763184,-4.808842658996582,1.0
spoc,all_ru_ahk,1724,-8.4838285446167,-3.1156837940216064,1.0
spoc,all_ru_ahk,1725,6.712344169616699,3.403848648071289,1.0
spoc,all_ru_ahk,1726,-8.277824401855469,-3.5660152435302734,1.0
spoc,all_ru_ahk,1727,-6.400753974914551,-4.257331371307373,1.0
spoc,all_ru_ahk,1728,2.1514432430267334,-1.2940263748168945,1.0
spoc,all_ru_ahk,1729,-8.31145191192627,-0.3259338140487671,1.0
spoc,all_ru_ahk,1730,-4.253948211669922,0.09375476837158203,1.0
spoc,all_ru_ahk,1731,-4.785688877105713,-4.105513572692871,1.0
spoc,all_ru_ahk,1732,-5.392368316650391,-3.5788910388946533,1.0
spoc,all_ru_ahk,1733,-8.879079818725586,-0.8474972248077393,1.0
spoc,all_ru_ahk,1734,-7.2107253074646,0.34646111726760864,1.0
spoc,all_ru_ahk,1735,-5.461627006530762,0.4932457208633423,1.0
spoc,all_ru_ahk,1736,2.8847179412841797,5.041664123535156,1.0
spoc,all_ru_ahk,1737,19.52950668334961,4.713345527648926,1.0
spoc,all_ru_ahk,1738,-2.6217925548553467,-0.3536403775215149,1.0
spoc,all_ru_ahk,1739,-5.848134994506836,6.960860729217529,1.0
spoc,all_ru_ahk,1740,-5.04947566986084,7.349050521850586,1.0
spoc,all_ru_ahk,1741,0.5324366688728333,-4.690500736236572,1.0
spoc,all_ru_ahk,1742,6.114229202270508,32.173797607421875,1.0
spoc,all_ru_ahk,1743,2.3151509761810303,14.542889595031738,1.0
spoc,all_ru_ahk,1744,-7.786672592163086,-1.5095596313476562,1.0
spoc,all_ru_ahk,1745,16.863149642944336,28.43082046508789,1.0
spoc,all_ru_ahk,1746,15.990901947021484,6.017765045166016,1.0
spoc,all_ru_ahk,1747,-10.222732543945312,-2.5467801094055176,1.0
spoc,all_ru_ahk,1748,-8.285616874694824,-1.587355136871338,1.0
spoc,all_ru_ahk,1749,-7.675780296325684,-0.9751036167144775,1.0
spoc,all_ru_ahk,1750,-9.582798957824707,-3.223409414291382,1.0
spoc,all_ru_ahk,1751,-9.583833694458008,-3.2241716384887695,1.0
spoc,all_ru_ahk,1752,-8.977155685424805,-3.7507946491241455,1.0
spoc,all_ru_ahk,1753,-8.976120948791504,-3.750032424926758,1.0
spoc,all_ru_ahk,1754,-5.366805553436279,-4.34458065032959,1.0
spoc,all_ru_ahk,1755,-6.516880035400391,7.683751106262207,1.0
spoc,all_ru_ahk,1756,3.685384511947632,-0.14275407791137695,1.0
spoc,all_ru_ahk,1757,-8.543523788452148,-3.1612703800201416,1.0
spoc,all_ru_ahk,1758,4.710704326629639,3.4506964683532715,1.0
spoc,all_ru_ahk,1759,-0.12399685382843018,-3.8104207515716553,1.0
spoc,all_ru_ahk,1760,-8.700578689575195,1.9924261569976807,1.0
spoc,all_ru_ahk,1761,32.84583282470703,-16.48589515686035,1.0
spoc,all_ru_ahk,1762,-6.428011894226074,-4.530257701873779,1.0
spoc,all_ru_ahk,1763,-6.029267311096191,-4.339209079742432,1.0
spoc,all_ru_ahk,1764,-8.298798561096191,-0.32751429080963135,1.0
spoc,all_ru_ahk,1765,-3.602099657058716,0.42646563053131104,1.0
spoc,all_ru_ahk,1766,-8.606729507446289,-2.44973087310791,1.0
spoc,all_ru_ahk,1767,-6.6478753089904785,-1.706355333328247,1.0
spoc,all_ru_ahk,1768,-5.433608531951904,-1.8378806114196777,1.0
spoc,all_ru_ahk,1769,8.234933853149414,32.252418518066406,1.0
spoc,all_ru_ahk,1770,-2.5982089042663574,-1.7707631587982178,1.0
spoc,all_ru_ahk,1771,5.361787796020508,36.25739288330078,1.0
spoc,all_ru_ahk,1772,-8.390409469604492,-4.558286666870117,1.0
spoc,all_ru_ahk,1773,-4.508166313171387,-4.424227714538574,1.0
spoc,all_ru_ahk,1774,-5.84689474105835,-4.2911906242370605,1.0
spoc,all_ru_ahk,1775,-9.557236671447754,-3.9890992641448975,1.0
spoc,all_ru_ahk,1776,-9.558271408081055,-3.989861488342285,1.0
spoc,all_ru_ahk,1777,9.457903861999512,-3.288747549057007,1.0
spoc,all_ru_ahk,1778,-10.029410362243652,-2.890007734298706,1.0
spoc,all_ru_ahk,1779,-2.912231922149658,-5.3451995849609375,1.0
spoc,all_ru_ahk,1780,2.809439182281494,1.3660835027694702,1.0
spoc,all_ru_ahk,1781,2.018298864364624,-4.460270404815674,1.0
spoc,all_ru_ahk,1782,9.123558044433594,22.93178939819336,1.0
spoc,all_ru_ahk,1783,-10.206149101257324,-2.9904255867004395,1.0
spoc,all_ru_ahk,1784,-4.492949485778809,-6.139268398284912,1.0
spoc,all_ru_ahk,1785,-2.63283109664917,-0.12591993808746338,1.0
spoc,all_ru_ahk,1786,-8.788105010986328,-3.981179714202881,1.0
spoc,all_ru_ahk,1787,-4.596638202667236,-4.3358988761901855,1.0
spoc,all_ru_ahk,1788,-8.787070274353027,-3.980417490005493,1.0
spoc,all_ru_ahk,1789,-8.542970657348633,0.7098011374473572,1.0
spoc,all_ru_ahk,1790,-8.461675643920898,-1.8691076040267944,1.0
spoc,all_ru_ahk,1791,-13.511566162109375,0.7319310307502747,1.0
spoc,all_ru_ahk,1792,10.713550567626953,22.141435623168945,1.0
spoc,all_ru_ahk,1793,-8.855670928955078,-0.8504211902618408,1.0
spoc,all_ru_ahk,1794,-4.998432636260986,-6.579339981079102,1.0
spoc,all_ru_ahk,1795,-6.453574180603027,-3.7645680904388428,1.0
spoc,all_ru_ahk,1796,32.64186096191406,-16.6822452545166,1.0
spoc,all_ru_ahk,1797,-4.67506742477417,7.940182209014893,1.0
spoc,all_ru_ahk,1798,-8.120956420898438,-3.3654115200042725,1.0
spoc,all_ru_ahk,1799,-8.430549621582031,-3.057159662246704,1.0
spoc,all_ru_ahk,1800,-1.2580674886703491,-3.6083452701568604,1.0
spoc,all_ru_ahk,1801,-7.202236175537109,2.0809566974639893,1.0
spoc,all_ru_ahk,1802,-8.282981872558594,-0.32948994636535645,1.0
spoc,all_ru_ahk,1803,-2.750783920288086,-3.7412009239196777,1.0
spoc,all_ru_ahk,1804,-9.828471183776855,-1.9261910915374756,1.0
spoc,all_ru_ahk,1805,-2.8313043117523193,-4.797289848327637,1.0
spoc,all_ru_ahk,1806,-1.0586415529251099,-6.774111270904541,1.0
spoc,all_ru_ahk,1807,-7.337703227996826,-4.140005111694336,1.0
spoc,all_ru_ahk,1808,-5.508939266204834,-0.9159719944000244,1.0
spoc,all_ru_ahk,1809,-7.961700916290283,-2.420229434967041,1.0
spoc,all_ru_ahk,1810,16.20651626586914,5.056461334228516,1.0
spoc,all_ru_ahk,1811,-6.6951775550842285,-4.1635332107543945,1.0
spoc,all_ru_ahk,1812,-1.5867174863815308,6.431591987609863,1.0
spoc,all_ru_ahk,1813,-3.0790650844573975,-0.6298933029174805,1.0
spoc,all_ru_ahk,1814,-2.464404344558716,-2.7282869815826416,1.0
spoc,all_ru_ahk,1815,-0.7058529257774353,-4.578195095062256,1.0
spoc,all_ru_ahk,1816,-10.551809310913086,-2.481055736541748,1.0
spoc,all_ru_ahk,1817,-9.429635047912598,-5.061838150024414,1.0
spoc,all_ru_ahk,1818,-8.337282180786133,-0.11278706789016724,1.0
spoc,all_ru_ahk,1819,-8.94961166381836,-1.2529332637786865,1.0
spoc,all_ru_ahk,1820,1.6459770202636719,-3.1914913654327393,1.0
spoc,all_ru_ahk,1821,-1.2340563535690308,-5.090584754943848,1.0
spoc,all_ru_ahk,1822,-8.019466400146484,-4.366982460021973,1.0
spoc,all_ru_ahk,1823,-7.276294708251953,-4.402600288391113,1.0
spoc,all_ru_ahk,1824,0.7533455491065979,-5.493971824645996,1.0
spoc,all_ru_ahk,1825,-8.094592094421387,-4.364690780639648,1.0
spoc,all_ru_ahk,1826,-3.715505838394165,-3.951953172683716,1.0
spoc,all_ru_ahk,1827,-7.301856994628906,-3.6369106769561768,1.0
spoc,all_ru_ahk,1828,0.07406046986579895,1.3169984817504883,1.0
spoc,all_ru_ahk,1829,-10.042062759399414,-2.8884270191192627,1.0
spoc,all_ru_ahk,1830,-0.08797386288642883,-1.086132287979126,1.0
spoc,all_ru_ahk,1831,6.456221580505371,4.236275672912598,1.0
spoc,all_ru_ahk,1832,-6.341968536376953,1.843615174293518,1.0
spoc,all_ru_ahk,1833,-10.791658401489258,-1.5095360279083252,1.0
spoc,all_ru_ahk,1834,22.571151733398438,24.999971389770508,1.0
spoc,all_ru_ahk,1835,-10.895408630371094,-2.170578956604004,1.0
spoc,all_ru_ahk,1836,-5.657844066619873,-4.521575927734375,1.0
spoc,all_ru_ahk,1837,-3.1088268756866455,-4.478575706481934,1.0
spoc,all_ru_ahk,1838,1.8089118003845215,-2.9571499824523926,1.0
spoc,all_ru_ahk,1839,-7.730074882507324,-3.5232880115509033,1.0
spoc,all_ru_ahk,1840,-6.401566505432129,-5.030611515045166,1.0
spoc,all_ru_ahk,1841,-10.400049209594727,-2.4225006103515625,1.0
spoc,all_ru_ahk,1842,-9.670061111450195,0.861666738986969,1.0
spoc,all_ru_ahk,1843,-10.391234397888184,-2.7336502075195312,1.0
spoc,all_ru_ahk,1844,-8.53823184967041,-1.6414467096328735,1.0
spoc,all_ru_ahk,1845,-3.709690809249878,-4.372099876403809,1.0
spoc,all_ru_ahk,1846,-8.432125091552734,-3.0250284671783447,1.0
spoc,all_ru_ahk,1847,1.9504932165145874,-2.822685718536377,1.0
spoc,all_ru_ahk,1848,10.208382606506348,-0.6097561717033386,1.0
spoc,all_ru_ahk,1849,-7.363320827484131,-2.405979871749878,1.0
spoc,all_ru_ahk,1850,-10.27053451538086,-2.7743635177612305,1.0
spoc,all_ru_ahk,1851,-3.689943313598633,-4.717642784118652,1.0
spoc,all_ru_ahk,1852,-8.561212539672852,-1.6337294578552246,1.0
spoc,all_ru_ahk,1853,-9.872745513916016,-1.8227111101150513,1.0
spoc,all_ru_ahk,1854,-9.95870590209961,-2.376173734664917,1.0
spoc,all_ru_ahk,1855,-9.539255142211914,-2.0410687923431396,1.0
spoc,all_ru_ahk,1856,-3.6328299045562744,-2.7985222339630127,1.0
spoc,all_ru_ahk,1857,-10.277548789978027,-2.84367299079895,1.0
spoc,all_ru_ahk,1858,-9.211581230163574,-1.1441805362701416,1.0
spoc,all_ru_ahk,1859,-5.569372177124023,-4.609905242919922,1.0
spoc,all_ru_ahk,1860,27.543264389038086,-13.300042152404785,1.0
spoc,all_ru_ahk,1861,-9.482743263244629,-0.8082377314567566,1.0
spoc,all_ru_ahk,1862,4.516000747680664,-0.15012580156326294,1.0
spoc,all_ru_ahk,1863,-2.4568116664886475,-1.0528969764709473,1.0
spoc,all_ru_ahk,1864,-0.045772913843393326,0.5053057074546814,1.0
spoc,all_ru_ahk,1865,-6.600992679595947,-1.8648452758789062,1.0
spoc,all_ru_ahk,1866,-5.833584785461426,6.945087909698486,1.0
spoc,all_ru_ahk,1867,18.540058135986328,0.7668600678443909,1.0
spoc,all_ru_ahk,1868,32.64186096191406,-16.6822452545166,1.0
spoc,all_ru_ahk,1869,-9.016375541687012,-2.443455457687378,1.0
spoc,all_ru_ahk,1870,-10.963760375976562,-3.1741297245025635,1.0
spoc,all_ru_ahk,1871,-9.654473304748535,12.050910949707031,1.0
spoc,all_ru_ahk,1872,2.767341375350952,-0.8204610347747803,1.0
spoc,all_ru_ahk,1873,2.4045088291168213,-2.6716725826263428,1.0
spoc,all_ru_ahk,1874,-9.688090324401855,11.20376205444336,1.0
spoc,all_ru_ahk,1875,-3.6834545135498047,0.3653258681297302,1.0
spoc,all_ru_ahk,1876,-7.509487152099609,-4.626322269439697,1.0
spoc,all_ru_ahk,1877,-10.002177238464355,-3.426241159439087,1.0
spoc,all_ru_ahk,1878,9.982582092285156,1.9811537265777588,1.0
spoc,all_ru_ahk,1879,-8.561212539672852,-1.6337294578552246,1.0
spoc,all_ru_ahk,1880,-8.979869842529297,-3.5424201488494873,1.0
spoc,all_ru_ahk,1881,-9.962646484375,-2.505596876144409,1.0
spoc,all_ru_ahk,1882,0.0645887702703476,0.34458214044570923,1.0
spoc,all_ru_ahk,1883,-5.303371429443359,-0.405362606048584,1.0
spoc,all_ru_ahk,1884,-9.914884567260742,-2.1181137561798096,1.0
spoc,all_ru_ahk,1885,-8.549881935119629,-3.1940104961395264,1.0
spoc,all_ru_ahk,1886,-6.506126880645752,-4.393918514251709,1.0
spoc,all_ru_ahk,1887,-9.666849136352539,12.119317054748535,1.0
spoc,all_ru_ahk,1888,-11.787484169006348,-3.2593448162078857,1.0
spoc,all_ru_ahk,1889,-9.901741981506348,-1.8912792205810547,1.0
spoc,all_ru_ahk,1890,-7.337222099304199,-3.818218469619751,1.0
spoc,all_ru_ahk,1891,3.412977933883667,-6.657161712646484,1.0
spoc,all_ru_ahk,1892,-1.5444748401641846,-5.4804534912109375,1.0
spoc,all_ru_ahk,1893,1.753135085105896,-7.904537677764893,1.0
spoc,all_ru_ahk,1894,2.436858892440796,-6.473186492919922,1.0
spoc,all_ru_ahk,1895,-3.4201583862304688,1.5556423664093018,1.0
spoc,all_ru_ahk,1896,-6.370763778686523,-3.6661200523376465,1.0
spoc,all_ru_ahk,1897,-4.349392414093018,-4.770820617675781,1.0
spoc,all_ru_ahk,1898,-6.437726020812988,-1.8177125453948975,1.0
spoc,all_ru_ahk,1899,-5.8386454582214355,6.959675312042236,1.0
spoc,all_ru_ahk,1900,-2.919776201248169,-4.708961009979248,1.0
spoc,all_ru_ahk,1901,-6.417654991149902,-4.482247829437256,1.0
spoc,all_ru_ahk,1902,2.919935464859009,2.31654953956604,1.0
spoc,all_ru_ahk,1903,-10.55776309967041,-3.6169116497039795,1.0
spoc,all_ru_ahk,1904,-9.77404499053955,0.20045167207717896,1.0
spoc,all_ru_ahk,1905,-6.641287326812744,-3.9745900630950928,1.0
spoc,all_ru_ahk,1906,-9.359172821044922,-3.8600707054138184,1.0
spoc,all_ru_ahk,1907,-11.265064239501953,-3.1057627201080322,1.0
spoc,all_ru_ahk,1908,-10.453913688659668,-3.7994320392608643,1.0
spoc,all_ru_ahk,1909,-11.975770950317383,0.06893306970596313,1.0
spoc,all_ru_ahk,1910,-9.766084671020508,-2.4975335597991943,1.0
spoc,all_ru_ahk,1911,-6.5528154373168945,-4.0629191398620605,1.0
spoc,all_ru_ahk,1912,-6.830338001251221,-3.7442047595977783,1.0
spoc,all_ru_ahk,1913,-7.943065166473389,-2.9281270503997803,1.0
spoc,all_ru_ahk,1914,-9.35930347442627,-3.830881118774414,1.0
spoc,all_ru_ahk,1915,-9.974994659423828,-1.3282077312469482,1.0
spoc,all_ru_ahk,1916,-7.14258337020874,13.117799758911133,1.0
spoc,all_ru_ahk,1917,1.867361068725586,-5.7900004386901855,1.0
spoc,all_ru_ahk,1918,21.481536865234375,-12.932323455810547,1.0
spoc,all_ru_ahk,1919,-10.26022720336914,-3.236572742462158,1.0
spoc,all_ru_ahk,1920,21.023303985595703,-12.920642852783203,1.0
spoc,all_ru_ahk,1921,-7.411455154418945,-3.983271837234497,1.0
spoc,all_ru_ahk,1922,-7.437017440795898,-3.2175819873809814,1.0
spoc,all_ru_ahk,1923,-10.024495124816895,-2.0414187908172607,1.0
spoc,all_ru_ahk,1924,-11.033790588378906,-3.2004220485687256,1.0
spoc,all_ru_ahk,1925,-8.672222137451172,-2.009963035583496,1.0
spoc,all_ru_ahk,1926,0.14664924144744873,5.229048728942871,1.0
spoc,all_ru_ahk,1927,0.8957210779190063,-6.206846237182617,1.0
spoc,all_ru_ahk,1928,-10.970205307006836,-3.3720266819000244,1.0
spoc,all_ru_ahk,1929,5.638827323913574,28.397804260253906,1.0
spoc,all_ru_ahk,1930,33.601112365722656,-16.466768264770508,1.0
spoc,all_ru_ahk,1931,-5.519220352172852,13.062549591064453,1.0
spoc,all_ru_ahk,1932,2.1489579677581787,2.4641573429107666,1.0
spoc,all_ru_ahk,1933,8.790718078613281,11.19480037689209,1.0
spoc,all_ru_ahk,1934,-9.45254135131836,12.296589851379395,1.0
spoc,all_ru_ahk,1935,-2.3771426677703857,-3.668632745742798,1.0
spoc,all_ru_ahk,1936,-8.082033157348633,1.1991695165634155,1.0
spoc,all_ru_ahk,1937,-10.756175994873047,-3.190953016281128,1.0
spoc,all_ru_ahk,1938,-8.102607727050781,-1.946109652519226,1.0
spoc,all_ru_ahk,1939,-8.854414939880371,-4.525890350341797,1.0
spoc,all_ru_ahk,1940,-9.388660430908203,-3.6652274131774902,1.0
spoc,all_ru_ahk,1941,-10.79399585723877,-1.5112576484680176,1.0
spoc,all_ru_ahk,1942,-7.277745246887207,-5.021866798400879,1.0
spoc,all_ru_ahk,1943,-5.854142189025879,-4.997618675231934,1.0
spoc,all_ru_ahk,1944,-11.708770751953125,-3.270378351211548,1.0
spoc,all_ru_ahk,1945,-9.713397026062012,11.20692253112793,1.0
spoc,all_ru_ahk,1946,35.49497985839844,-16.252195358276367,1.0
spoc,all_ru_ahk,1947,0.8952050805091858,0.337210476398468,1.0
spoc,all_ru_ahk,1948,-10.175956726074219,-3.2451183795928955,1.0
spoc,all_ru_ahk,1949,-10.251827239990234,-3.355029821395874,1.0
spoc,all_ru_ahk,1950,-8.422281265258789,-1.6001482009887695,1.0
spoc,all_ru_ahk,1951,-3.736619472503662,-2.7347910404205322,1.0
spoc,all_ru_ahk,1952,6.652904510498047,2.920332193374634,1.0
spoc,all_ru_ahk,1953,-9.685425758361816,11.339550971984863,1.0
spoc,all_ru_ahk,1954,-9.454071044921875,-3.9576010704040527,1.0
spoc,all_ru_ahk,1955,-1.775459885597229,9.448171615600586,1.0
spoc,all_ru_ahk,1956,-10.791424751281738,-1.5093637704849243,1.0
spoc,all_ru_ahk,1957,-9.621757507324219,-3.831545114517212,1.0
spoc,all_ru_ahk,1958,-9.259361267089844,11.824355125427246,1.0
spoc,all_ru_ahk,1959,-10.68938159942627,-3.2742228507995605,1.0
spoc,all_ru_ahk,1960,-6.717009544372559,11.187347412109375,1.0
spoc,all_ru_ahk,1961,22.71475601196289,0.34582334756851196,1.0
spoc,all_ru_ahk,1962,-7.976258754730225,-2.100982666015625,1.0
spoc,all_ru_ahk,1963,-11.36881160736084,-2.0659000873565674,1.0
spoc,all_ru_ahk,1964,-9.39746379852295,12.878170013427734,1.0
spoc,all_ru_ahk,1965,-9.541048049926758,-3.821089029312134,1.0
spoc,all_ru_ahk,1966,-4.9887895584106445,-2.2030861377716064,1.0
spoc,all_ru_ahk,1967,-10.433095932006836,-3.4128944873809814,1.0
spoc,all_ru_ahk,1968,-10.216811180114746,-2.765054941177368,1.0
spoc,all_ru_ahk,1969,-7.530104160308838,14.445058822631836,1.0
spoc,all_ru_ahk,1970,33.76036071777344,-16.168710708618164,1.0
spoc,all_ru_ahk,1971,1.8440037965774536,33.63276672363281,1.0
spoc,all_ru_ahk,1972,-1.8044546842575073,-3.1477012634277344,1.0
spoc,all_ru_ahk,1973,32.67906188964844,-15.991989135742188,1.0
spoc,all_ru_ahk,1974,-6.312513828277588,12.29081916809082,1.0
spoc,all_ru_ahk,1975,33.20479202270508,-16.46993637084961,1.0
spoc,all_ru_ahk,1976,-5.970145225524902,-2.406465530395508,1.0
spoc,all_ru_ahk,1977,-10.972604751586914,-3.0510737895965576,1.0
spoc,all_ru_ahk,1978,32.980289459228516,-15.63917350769043,1.0
spoc,all_ru_ahk,1979,21.82705307006836,-13.311300277709961,1.0
spoc,all_ru_ahk,1980,33.30143356323242,-16.057668685913086,1.0
spoc,all_ru_ahk,1981,-7.136241436004639,0.12917488813400269,1.0
spoc,all_ru_ahk,1982,-9.35387897491455,-2.2195310592651367,1.0
spoc,all_ru_ahk,1983,32.696231842041016,-17.347192764282227,1.0
spoc,all_ru_ahk,1984,-10.756175994873047,-3.190953016281128,1.0
spoc,all_ru_ahk,1985,-3.623568296432495,-2.8157079219818115,1.0
spoc,all_ru_ahk,1986,-9.868454933166504,14.943309783935547,1.0
spoc,all_ru_ahk,1987,-1.784227728843689,7.105417728424072,1.0
spoc,all_ru_ahk,1988,-10.626480102539062,-1.8316404819488525,1.0
spoc,all_ru_ahk,1989,-9.707887649536133,6.256171226501465,1.0
spoc,all_ru_ahk,1990,6.4098052978515625,28.250198364257812,1.0
spoc,all_ru_ahk,1991,32.957275390625,-16.5166015625,1.0
spoc,all_ru_ahk,1992,-11.36881160736084,-2.0659000873565674,1.0
spoc,all_ru_ahk,1993,-6.084974765777588,-2.574204206466675,1.0
spoc,all_ru_ahk,1994,2.8447012901306152,-2.6448872089385986,1.0
spoc,all_ru_ahk,1995,-0.8367912769317627,-6.345335006713867,1.0
spoc,all_ru_ahk,1996,-10.611825942993164,-2.7163684368133545,1.0
spoc,all_ru_ahk,1997,-3.8917973041534424,0.8640245199203491,1.0
spoc,all_ru_ahk,1998,-9.915044784545898,0.8888370394706726,1.0
spoc,all_ru_ahk,1999,33.509361267089844,-16.371076583862305,1.0
spoc,all_ru_ahk,2000,-1.987434983253479,-6.231249809265137,1.0
spoc,all_ru_ahk,2001,-6.783792972564697,-1.4140253067016602,1.0
spoc,all_ru_ahk,2002,1.4840946197509766,-3.5140438079833984,1.0
spoc,all_ru_ahk,2003,-10.424189567565918,-3.839914083480835,1.0
spoc,all_ru_ahk,2004,35.46876525878906,-10.768144607543945,1.0
spoc,all_ru_ahk,2005,22.17070770263672,-12.362678527832031,1.0
spoc,all_ru_ahk,2006,33.745269775390625,-16.02529525756836,1.0
spoc,all_ru_ahk,2007,-8.672222137451172,-2.009963035583496,1.0
spoc,all_ru_ahk,2008,-9.386265754699707,9.019275665283203,1.0
spoc,all_ru_ahk,2009,-7.9824748039245605,3.2670843601226807,1.0
spoc,all_ru_ahk,2010,-6.904216766357422,1.392427682876587,1.0
spoc,all_ru_ahk,2011,-10.288442611694336,0.3470057249069214,1.0
spoc,all_ru_ahk,2012,-9.39746379852295,12.878170013427734,1.0
spoc,all_ru_ahk,2013,-10.133952140808105,5.771367073059082,1.0
spoc,all_ru_ahk,2014,-9.749090194702148,10.596165657043457,1.0
spoc,all_ru_ahk,2015,-10.291107177734375,0.21121656894683838,1.0
spoc,all_ru_ahk,2016,33.58740997314453,-16.163013458251953,1.0
spoc,all_ru_ahk,2017,31.827245712280273,-16.150081634521484,1.0
spoc,all_ru_ahk,2018,-2.6951186656951904,-5.366368293762207,1.0
spoc,all_ru_ahk,2019,-9.668848037719727,0.8510560393333435,1.0
spoc,all_ru_ahk,2020,-10.382813453674316,5.673358917236328,1.0
spoc,all_ru_ahk,2021,-9.666183471679688,0.9868451952934265,1.0
spoc,all_ru_ahk,2022,-10.136616706848145,5.635578155517578,1.0
spoc,all_ru_ahk,2023,-10.537303924560547,0.24899756908416748,1.0
spoc,all_ru_ahk,2024,-9.688090324401855,11.20376205444336,1.0
spoc,all_ru_ahk,2025,-5.657331466674805,-2.1343517303466797,1.0
spoc,all_ru_ahk,2026,7.299385070800781,-3.031085729598999,1.0
spoc,all_ru_ahk,2027,-9.452220916748047,-2.9792957305908203,1.0
spoc,all_ru_ahk,2028,-10.946403503417969,-3.2418582439422607,1.0
spoc,all_ru_ahk,2029,-5.6871337890625,5.067653179168701,1.0
spoc,all_ru_ahk,2030,-4.042834281921387,8.088703155517578,1.0
spoc,all_ru_ahk,2031,-6.619110584259033,-1.4233635663986206,1.0
spoc,all_ru_ahk,2032,-10.390371322631836,-3.172468900680542,1.0
spoc,all_ru_ahk,2033,-5.635188102722168,0.9334428906440735,1.0
spoc,substrate_similar,0,-7.514048099517822,-2.674347162246704,1.0
spoc,substrate_similar,1,-7.272728443145752,-2.375002145767212,1.0
spoc,substrate_similar,2,-7.18414306640625,-2.620084285736084,1.0
spoc,substrate_similar,3,-7.205877780914307,-2.4814200401306152,1.0
spoc,substrate_similar,4,-6.246424198150635,-4.5272932052612305,1.0
spoc,substrate_similar,5,-3.8364768028259277,-5.2739338874816895,0.8
spoc,substrate_similar,6,-3.902765989303589,-5.025387763977051,0.8
spoc,substrate_similar,7,2.151517391204834,5.145219802856445,1.0
spoc,substrate_similar,8,-4.8270158767700195,-5.095053672790527,0.8
spoc,substrate_similar,9,-6.735632419586182,-3.9863970279693604,1.0
spoc,substrate_similar,10,-1.1114846467971802,-5.272910118103027,0.6
spoc,substrate_similar,11,-6.782515525817871,-3.827907085418701,1.0
spoc,substrate_similar,12,-8.877058029174805,-4.067196846008301,0.6
spoc,substrate_similar,13,-7.628450870513916,-2.510674238204956,1.0
spoc,substrate_similar,14,8.566446304321289,30.726917266845703,0.8
spoc,substrate_similar,15,8.566446304321289,30.726917266845703,0.8
spoc,substrate_similar,16,8.569571495056152,30.724712371826172,0.8
spoc,substrate_similar,17,8.5806303024292,30.71691131591797,0.8
spoc,substrate_similar,18,-6.142513751983643,-3.870692014694214,1.0
spoc,substrate_similar,19,-5.575429439544678,-5.043737411499023,0.8
spoc,substrate_similar,20,-4.196469306945801,-5.805323123931885,0.8
spoc,substrate_similar,21,-8.01421070098877,-4.223042964935303,0.6
spoc,substrate_similar,22,-4.324160575866699,-5.782288551330566,0.8
spoc,substrate_similar,23,-4.916230201721191,-4.935261249542236,0.8
spoc,substrate_similar,24,8.604350090026855,30.700180053710938,0.8
spoc,substrate_similar,25,5.884483337402344,16.733156204223633,1.0
spoc,substrate_similar,26,-0.2049737572669983,3.0883607864379883,0.4
spoc,substrate_similar,27,-9.013648986816406,-3.9189963340759277,0.6
spoc,substrate_similar,28,8.566343307495117,30.72684097290039,0.8
spoc,substrate_similar,29,8.566368103027344,30.72686004638672,0.8
spoc,substrate_similar,30,21.385543823242188,-5.920140266418457,1.0
spoc,substrate_similar,31,-4.7194671630859375,2.6310629844665527,1.0
spoc,substrate_similar,32,-1.0524364709854126,0.7814797759056091,1.0
spoc,substrate_similar,33,-1.6949158906936646,1.144389271736145,1.0
spoc,substrate_similar,34,-1.0619081258773804,-0.19093692302703857,1.0
spoc,substrate_similar,35,-5.540611743927002,3.610851287841797,1.0
spoc,substrate_similar,36,-5.550083637237549,2.638434410095215,1.0
spoc,substrate_similar,37,-6.183091163635254,3.9737610816955566,1.0
spoc,substrate_similar,38,9.902959823608398,-3.34468150138855,0.2
spoc,substrate_similar,39,-3.964168071746826,-5.250899314880371,0.8
spoc,substrate_similar,40,8.56640338897705,30.726884841918945,0.8
spoc,substrate_similar,41,-9.08869743347168,-3.658076286315918,0.8
spoc,substrate_similar,42,1.2700188159942627,-5.1424384117126465,1.0
spoc,substrate_similar,43,-4.0922417640686035,-4.197312355041504,0.8
spoc,substrate_similar,44,3.5276710987091064,-3.9981889724731445,1.0
spoc,substrate_similar,45,-5.427222728729248,-4.2461748123168945,0.8
spoc,substrate_similar,46,-5.326540946960449,-4.194430828094482,0.8
spoc,substrate_similar,47,1.1693367958068848,-5.194182395935059,1.0
spoc,substrate_similar,48,3.5002100467681885,-4.311366081237793,1.0
spoc,substrate_similar,49,3.3995280265808105,-4.363110065460205,1.0
spoc,substrate_similar,50,4.377995014190674,-5.58330774307251,1.0
spoc,substrate_similar,51,4.277313232421875,-5.635051727294922,1.0
spoc,substrate_similar,52,-3.391019105911255,-4.407428741455078,1.0
spoc,substrate_similar,53,-3.491701364517212,-4.45917272567749,1.0
spoc,substrate_similar,54,5.160551071166992,20.29779624938965,0.8
spoc,substrate_similar,55,8.566425323486328,30.72690200805664,0.8
spoc,substrate_similar,56,-5.703120708465576,-5.020702362060547,0.8
spoc,substrate_similar,57,5.258090496063232,19.109487533569336,0.8
spoc,substrate_similar,58,6.449257850646973,22.25604248046875,0.8
spoc,substrate_similar,59,-4.308663845062256,-3.9736621379852295,0.6
spoc,substrate_similar,60,-4.076908111572266,-4.709256649017334,0.8
spoc,substrate_similar,61,-7.487140655517578,-3.6818645000457764,1.0
spoc,substrate_similar,62,-7.046731472015381,-3.7862770557403564,1.0
spoc,substrate_similar,63,3.9561398029327393,9.438741683959961,0.8
spoc,substrate_similar,64,-3.772742748260498,-5.7713518142700195,0.8
spoc,substrate_similar,65,4.027440547943115,11.629342079162598,0.8
spoc,substrate_similar,66,-8.3742036819458,-4.75443172454834,0.6
spoc,substrate_similar,67,8.566394805908203,30.726879119873047,0.8
spoc,substrate_similar,68,4.472899913787842,12.948796272277832,0.8
spoc,substrate_similar,69,4.295757293701172,12.235294342041016,0.8
spoc,substrate_similar,70,4.133706092834473,11.567787170410156,0.8
spoc,substrate_similar,71,-3.4229559898376465,-5.217747688293457,0.8
spoc,substrate_similar,72,-3.9830706119537354,-5.428385257720947,0.6
spoc,substrate_similar,73,4.027077674865723,9.801685333251953,0.8
spoc,substrate_similar,74,-1.2732874155044556,6.505226135253906,1.0
spoc,substrate_similar,75,1.7998048067092896,-6.482418060302734,1.0
spoc,substrate_similar,76,-8.12695026397705,-3.6814000606536865,0.6
spoc,substrate_similar,77,-7.360791206359863,-3.8367373943328857,1.0
spoc,substrate_similar,78,2.6168792247772217,10.1383638381958,0.8
spoc,substrate_similar,79,-5.960975170135498,-6.6718292236328125,0.6
spoc,substrate_similar,80,-4.4282121658325195,-3.8460581302642822,0.4
spoc,substrate_similar,81,10.311997413635254,30.33843994140625,0.8
spoc,substrate_similar,82,7.996762275695801,23.215543746948242,0.2
spoc,substrate_similar,83,9.623435020446777,30.355419158935547,0.8
spoc,substrate_similar,84,10.451915740966797,30.232219696044922,0.8
spoc,substrate_similar,85,-5.5495219230651855,-6.663514137268066,0.4
spoc,substrate_similar,86,-0.8461257815361023,-0.42001843452453613,1.0
spoc,substrate_similar,87,-5.326987266540527,-4.873909950256348,0.6
spoc,substrate_similar,88,11.97640609741211,30.349136352539062,1.0
spoc,substrate_similar,89,-3.442009210586548,-4.964618682861328,0.6
spoc,substrate_similar,90,-4.505313396453857,6.725245952606201,1.0
spoc,substrate_similar,91,-6.007966995239258,6.643216609954834,1.0
spoc,substrate_similar,92,8.379679679870605,29.188251495361328,0.8
spoc,substrate_similar,93,-6.232777118682861,-4.67363166809082,1.0
spoc,substrate_similar,94,4.288241863250732,-7.6920247077941895,0.2
spoc,substrate_similar,95,-0.6578420996665955,-3.6252834796905518,1.0
spoc,substrate_similar,96,-2.596695899963379,5.616589546203613,0.6
spoc,substrate_similar,97,-6.952538013458252,-3.803570032119751,1.0
spoc,substrate_similar,98,0.3807563781738281,-4.2815937995910645,1.0
spoc,substrate_similar,99,-3.2020530700683594,-5.229681968688965,0.6
spoc,substrate_similar,100,-4.210115909576416,-5.658984661102295,0.6
spoc,substrate_similar,101,0.04873934015631676,-3.082646131515503,0.4
spoc,substrate_similar,102,-6.354260444641113,-4.686991214752197,1.0
spoc,substrate_similar,103,-5.215616226196289,-4.685427188873291,1.0
spoc,substrate_similar,104,-4.703927040100098,-0.35973799228668213,0.6
spoc,substrate_similar,105,-3.5507009029388428,0.0733911395072937,1.0
spoc,substrate_similar,106,-4.225099563598633,-5.478102684020996,0.6
spoc,substrate_similar,107,-4.097408294677734,-5.501137733459473,0.6
spoc,substrate_similar,108,-4.5764031410217285,-4.614903926849365,0.4
spoc,substrate_similar,109,-7.196925640106201,-4.553709983825684,1.0
spoc,substrate_similar,110,-7.508981704711914,-4.605583667755127,1.0
spoc,substrate_similar,111,-6.1737189292907715,-2.2709200382232666,1.0
spoc,substrate_similar,112,3.7512013912200928,2.0780460834503174,0.2
spoc,substrate_similar,113,1.4886976480484009,3.301469087600708,1.0
spoc,substrate_similar,114,-4.030457496643066,-5.002352714538574,0.6
spoc,substrate_similar,115,-6.130991458892822,-2.4324707984924316,1.0
spoc,substrate_similar,116,-5.8727850914001465,-4.142242908477783,1.0
spoc,substrate_similar,117,-5.04392147064209,-4.912226676940918,0.6
spoc,substrate_similar,118,-4.948975086212158,-4.772132873535156,0.6
spoc,substrate_similar,119,-0.23129180073738098,-0.198308527469635,1.0
spoc,substrate_similar,120,2.455963373184204,0.15308153629302979,0.6
spoc,substrate_similar,121,-7.611738204956055,-3.912045955657959,1.0
spoc,substrate_similar,122,-4.364445686340332,-5.3890228271484375,0.6
spoc,substrate_similar,123,-4.582951068878174,-5.058770179748535,0.6
spoc,substrate_similar,124,-8.152396202087402,-4.025422096252441,1.0
spoc,substrate_similar,125,-7.227297306060791,-4.320644378662109,0.2
spoc,substrate_similar,126,-7.391279220581055,-4.251008033752441,0.2
spoc,substrate_similar,127,-4.8989129066467285,-5.0354204177856445,0.4
spoc,substrate_similar,128,-7.996426582336426,-4.0894060134887695,1.0
spoc,substrate_similar,129,-3.9915597438812256,-4.145568370819092,0.8
spoc,substrate_similar,130,-1.169458031654358,-4.515631198883057,1.0
spoc,substrate_similar,131,-1.0413146018981934,-4.150710105895996,1.0
spoc,substrate_similar,132,-4.157924652099609,-4.051178932189941,0.8
spoc,substrate_similar,133,-4.155587196350098,-4.04945707321167,0.8
spoc,substrate_similar,134,-5.939074516296387,-3.8936963081359863,1.0
spoc,substrate_similar,135,-4.650003910064697,-4.676054954528809,0.4
spoc,substrate_similar,136,-9.75316333770752,-3.9928460121154785,0.6
spoc,substrate_similar,137,-0.5844206809997559,-3.6990606784820557,1.0
spoc,substrate_similar,138,-3.7021067142486572,1.3847692012786865,0.2
spoc,substrate_similar,139,5.386572360992432,-5.801194190979004,1.0
spoc,substrate_similar,140,-5.709623336791992,-2.8079776763916016,0.8
spoc,substrate_similar,141,-7.89501428604126,-3.6586201190948486,0.8
spoc,substrate_similar,142,13.83445930480957,30.0281925201416,0.6
spoc,substrate_similar,143,12.585457801818848,29.964061737060547,1.0
spoc,substrate_similar,144,11.352453231811523,30.109352111816406,0.8
spoc,substrate_similar,145,10.4821138381958,30.199005126953125,0.8
spoc,substrate_similar,146,9.471877098083496,30.484516143798828,0.8
spoc,substrate_similar,147,9.643318176269531,30.351367950439453,1.0
spoc,substrate_similar,148,11.270050048828125,30.13990020751953,0.6
spoc,substrate_similar,149,14.513307571411133,29.300779342651367,1.0
spoc,substrate_similar,150,12.080503463745117,30.242353439331055,1.0
spoc,substrate_similar,151,-5.985525131225586,-3.600600004196167,1.0
spoc,substrate_similar,152,5.867690563201904,-5.680339336395264,1.0
spoc,substrate_similar,153,-5.880578994750977,6.489108562469482,0.8
spoc,substrate_similar,154,0.5686108469963074,5.965324401855469,1.0
spoc,substrate_similar,155,-0.6173288822174072,-3.552100896835327,1.0
spoc,substrate_similar,156,-0.6056561470031738,-3.5435030460357666,1.0
spoc,substrate_similar,157,-3.841732978820801,-5.417874336242676,0.4
spoc,substrate_similar,158,-6.083863258361816,-3.4173831939697266,1.0
spoc,substrate_similar,159,-4.3378071784973145,-5.635949611663818,0.4
spoc,substrate_similar,160,-8.387849807739258,-4.60809326171875,0.6
spoc,substrate_similar,161,-4.110762119293213,-5.405350208282471,0.4
spoc,substrate_similar,162,-3.8723127841949463,-5.714259147644043,0.4
spoc,substrate_similar,163,-4.21267557144165,-5.609177589416504,0.4
spoc,substrate_similar,164,-5.454678535461426,-4.8508758544921875,0.4
spoc,substrate_similar,165,-1.4118576049804688,1.756652593612671,0.6
spoc,substrate_similar,166,-4.005916118621826,-5.880331993103027,0.4
spoc,substrate_similar,167,5.032280921936035,4.771533966064453,1.0
spoc,substrate_similar,168,-0.6559197306632996,3.490280866622925,1.0
spoc,substrate_similar,169,-0.6237318515777588,3.7057058811187744,1.0
spoc,substrate_similar,170,1.6489766836166382,27.61772918701172,1.0
spoc,substrate_similar,171,-4.4520649909973145,-2.804011821746826,0.4
spoc,substrate_similar,172,-4.055480480194092,-5.719320297241211,0.4
spoc,substrate_similar,173,-3.550647258758545,-5.194713115692139,0.4
spoc,substrate_similar,174,-2.0326638221740723,-5.032464504241943,1.0
spoc,substrate_similar,175,-1.826956868171692,-0.45816105604171753,0.4
spoc,substrate_similar,176,2.084770679473877,5.730185508728027,1.0
spoc,substrate_similar,177,3.2325847148895264,2.9671664237976074,1.0
spoc,substrate_similar,178,-3.2273292541503906,8.166682243347168,1.0
spoc,substrate_similar,179,-0.48373842239379883,-3.6473169326782227,1.0
spoc,substrate_similar,180,1.2078555822372437,5.414726257324219,1.0
spoc,substrate_similar,181,7.173067092895508,-6.766517639160156,1.0
spoc,substrate_similar,182,-9.093964576721191,-3.8843703269958496,0.6
spoc,substrate_similar,183,-7.60068941116333,-4.166856288909912,0.6
spoc,substrate_similar,184,-8.160804748535156,-4.377493858337402,0.6
spoc,substrate_similar,185,-0.6532295942306519,3.507877826690674,1.0
spoc,substrate_similar,186,-0.6344912052154541,3.740961790084839,1.0
spoc,substrate_similar,187,1.2608466148376465,5.337309837341309,1.0
spoc,substrate_similar,188,-0.3022156059741974,-4.5584797859191895,1.0
spoc,substrate_similar,189,6.694638252258301,-6.102586269378662,1.0
spoc,substrate_similar,190,0.5980440974235535,5.961700439453125,1.0
spoc,substrate_similar,191,6.3230743408203125,-5.244045257568359,0.6
spoc,substrate_similar,192,-1.7058192491531372,-3.089336633682251,0.8
spoc,substrate_similar,193,-3.432298421859741,-4.434890270233154,0.4
spoc,substrate_similar,194,10.971105575561523,-7.787109851837158,1.0
spoc,substrate_similar,195,1.1670955419540405,-4.896398544311523,1.0
spoc,substrate_similar,196,-4.947934627532959,-3.5637848377227783,1.0
spoc,substrate_similar,197,-6.8583784103393555,7.053566932678223,0.8
spoc,substrate_similar,198,16.041635513305664,30.090007781982422,1.0
spoc,substrate_similar,199,11.18019962310791,30.25690460205078,0.6
spoc,substrate_similar,200,10.127927780151367,30.734844207763672,1.0
spoc,substrate_similar,201,13.793954849243164,30.11868667602539,0.6
spoc,substrate_similar,202,11.235876083374023,29.91486358642578,0.2
spoc,substrate_similar,203,8.565645217895508,30.727481842041016,0.8
spoc,substrate_similar,204,7.459264755249023,28.34587860107422,0.8
spoc,substrate_similar,205,7.654186248779297,-6.645663261413574,1.0
spoc,substrate_similar,206,-5.134068489074707,6.196698188781738,0.8
spoc,substrate_similar,207,-0.17857134342193604,-3.2143936157226562,1.0
spoc,substrate_similar,208,-2.4753997325897217,-5.731700897216797,0.4
spoc,substrate_similar,209,-4.651699542999268,-4.8559250831604,0.4
spoc,substrate_similar,210,-5.645242691040039,-0.16589894890785217,0.6
spoc,substrate_similar,211,-3.916858673095703,-5.415582656860352,0.4
spoc,substrate_similar,212,-4.699324607849121,-5.118088245391846,0.4
spoc,substrate_similar,213,-5.856882095336914,0.24322205781936646,0.8
spoc,substrate_similar,214,2.4464917182922363,-0.8193349838256836,0.6
spoc,substrate_similar,215,4.429717063903809,18.626636505126953,1.0
spoc,substrate_similar,216,-7.202543258666992,-4.559333801269531,0.8
spoc,substrate_similar,217,-4.456932544708252,-4.742566108703613,0.4
spoc,substrate_similar,218,-6.1357197761535645,-4.368032932281494,1.0
spoc,substrate_similar,219,-5.459264755249023,-4.086056232452393,1.0
spoc,substrate_similar,220,-3.5697004795074463,-4.94158411026001,0.4
spoc,substrate_similar,221,-1.5346224308013916,6.392639636993408,1.0
spoc,substrate_similar,222,-1.06877601146698,-4.4638872146606445,1.0
spoc,substrate_similar,223,16.201183319091797,1.3219146728515625,1.0
spoc,substrate_similar,224,4.7455220222473145,4.71462869644165,0.6
spoc,substrate_similar,225,2.320472478866577,4.9965667724609375,1.0
spoc,substrate_similar,226,1.7757350206375122,5.25328254699707,1.0
spoc,substrate_similar,227,-3.6312456130981445,1.429889440536499,0.2
spoc,substrate_similar,228,-1.9278945922851562,-4.486285209655762,1.0
spoc,substrate_similar,229,-1.9327137470245361,-4.482324123382568,1.0
spoc,substrate_similar,230,-1.8950175046920776,-4.510601043701172,1.0
spoc,substrate_similar,231,-8.080500602722168,-3.974496364593506,0.6
spoc,substrate_similar,232,-7.950475692749023,-4.720460414886475,0.6
spoc,substrate_similar,233,-6.772907257080078,-3.126061201095581,0.2
spoc,substrate_similar,234,-3.8482625484466553,-3.123626470565796,1.0
spoc,substrate_similar,235,13.404348373413086,-8.043537139892578,1.0
spoc,substrate_similar,236,-0.2749488651752472,-4.559076309204102,1.0
spoc,substrate_similar,237,-7.7292046546936035,-3.4702374935150146,0.8
spoc,substrate_similar,238,-3.633751392364502,6.277006149291992,1.0
spoc,substrate_similar,239,-1.3964818716049194,-4.539969444274902,1.0
spoc,substrate_similar,240,2.881019353866577,-5.94223690032959,1.0
spoc,substrate_similar,241,-3.9100334644317627,-4.134215354919434,1.0
spoc,substrate_similar,242,11.114450454711914,29.984420776367188,0.8
spoc,substrate_similar,243,-7.203719615936279,-4.056368827819824,1.0
spoc,substrate_similar,244,10.30322551727295,29.950149536132812,0.8
spoc,substrate_similar,245,14.534626960754395,29.28167152404785,1.0
spoc,substrate_similar,246,5.993642330169678,-6.194122314453125,0.2
spoc,substrate_similar,247,6.078217029571533,-6.299816131591797,0.2
spoc,substrate_similar,248,-5.478317737579346,-3.832927703857422,1.0
spoc,substrate_similar,249,-9.504721641540527,-3.823019027709961,0.6
spoc,substrate_similar,250,-2.943814277648926,-5.302641868591309,0.4
spoc,substrate_similar,251,-7.3912529945373535,-4.250988483428955,0.2
spoc,substrate_similar,252,2.7072091102600098,4.8258748054504395,0.8
spoc,substrate_similar,253,2.0475521087646484,-5.877695083618164,0.2
spoc,substrate_similar,254,-8.152396202087402,-4.025422096252441,1.0
spoc,substrate_similar,255,-7.391279220581055,-4.251008033752441,0.2
spoc,substrate_similar,256,12.342910766601562,23.727025985717773,1.0
spoc,substrate_similar,257,-6.063899040222168,-4.557769775390625,0.8
spoc,substrate_similar,258,-0.6715792417526245,3.4874579906463623,1.0
spoc,substrate_similar,259,-0.1674104928970337,5.1785888671875,0.8
spoc,substrate_similar,260,-3.5038182735443115,-0.08509889245033264,1.0
spoc,substrate_similar,261,-1.0397833585739136,0.7725540399551392,1.0
spoc,substrate_similar,262,-1.0492550134658813,-0.19986265897750854,1.0
spoc,substrate_similar,263,-3.5880351066589355,0.5011155009269714,1.0
spoc,substrate_similar,264,1.8134840726852417,0.5159913301467896,0.6
spoc,substrate_similar,265,-7.363296031951904,-3.7422189712524414,1.0
spoc,substrate_similar,266,-2.4606103897094727,0.05759614706039429,1.0
spoc,substrate_similar,267,7.740289688110352,28.791004180908203,0.8
spoc,substrate_similar,268,-5.844783306121826,-2.388648748397827,1.0
spoc,substrate_similar,269,16.245098114013672,0.4757257103919983,0.4
spoc,substrate_similar,270,-1.7757028341293335,4.241639137268066,1.0
spoc,substrate_similar,271,-4.0211896896362305,1.6734355688095093,0.8
spoc,substrate_similar,272,3.6733343601226807,-4.444304466247559,0.2
spoc,substrate_similar,273,-4.78734827041626,1.8287729024887085,0.6
spoc,substrate_similar,274,-4.998988151550293,2.23789381980896,0.8
spoc,substrate_similar,275,-5.703297138214111,-6.613100051879883,0.4
spoc,substrate_similar,276,10.437374114990234,30.55233383178711,0.8
spoc,substrate_similar,277,13.99536418914795,29.9410343170166,0.8
spoc,substrate_similar,278,-2.645923137664795,1.909572958946228,1.0
spoc,substrate_similar,279,-3.7312846183776855,-4.013554573059082,0.4
spoc,substrate_similar,280,9.117581367492676,-6.548329830169678,0.4
spoc,substrate_similar,281,-4.175246238708496,-4.5260396003723145,0.4
spoc,substrate_similar,282,-5.15178918838501,-3.345736265182495,1.0
spoc,substrate_similar,283,4.0912275314331055,-4.522209644317627,1.0
spoc,substrate_similar,284,-1.4441407918930054,6.202208518981934,1.0
spoc,substrate_similar,285,-2.4337158203125,30.353776931762695,1.0
spoc,substrate_similar,286,-0.6685152053833008,1.883528470993042,1.0
spoc,substrate_similar,287,-6.019379138946533,-4.296693801879883,1.0
spoc,substrate_similar,288,-4.861340522766113,-2.9356348514556885,1.0
spoc,substrate_similar,289,6.490492820739746,25.205432891845703,1.0
spoc,substrate_similar,290,1.8369921445846558,-5.4552483558654785,0.8
spoc,substrate_similar,291,0.5504899024963379,0.6648421883583069,1.0
spoc,substrate_similar,292,5.832100868225098,16.660717010498047,1.0
spoc,substrate_similar,293,-0.5133522152900696,2.3351995944976807,1.0
spoc,substrate_similar,294,-3.9004340171813965,-5.748317241668701,0.4
spoc,substrate_similar,295,10.209169387817383,30.62044906616211,1.0
spoc,substrate_similar,296,-3.790445566177368,-1.2679640054702759,0.4
spoc,substrate_similar,297,-0.5775607824325562,0.7552704215049744,0.4
spoc,substrate_similar,298,2.4704325199127197,-4.049897193908691,0.8
spoc,substrate_similar,299,15.718084335327148,21.35953712463379,1.0
spoc,substrate_similar,300,-5.644155025482178,-1.9787359237670898,1.0
spoc,substrate_similar,301,-5.968967437744141,-3.2022461891174316,1.0
spoc,substrate_similar,302,-0.417296826839447,-2.711564302444458,0.8
spoc,substrate_similar,303,-7.997219562530518,-1.6504149436950684,0.8
spoc,substrate_similar,304,-6.828798770904541,-3.067540168762207,1.0
spoc,substrate_similar,305,-5.416469573974609,-0.14272353053092957,0.8
spoc,substrate_similar,306,-4.777695178985596,-4.653020858764648,0.4
spoc,substrate_similar,307,1.0111480951309204,1.9164683818817139,1.0
spoc,substrate_similar,308,-4.946406364440918,0.8140832185745239,1.0
spoc,substrate_similar,309,-6.199059009552002,-4.13844108581543,1.0
spoc,substrate_similar,310,3.822613477706909,2.0440402030944824,0.2
spoc,substrate_similar,311,-5.191408634185791,-4.63706111907959,1.0
spoc,substrate_similar,312,-0.3490675687789917,2.7016165256500244,1.0
spoc,substrate_similar,313,-5.1831746101379395,-2.698916435241699,1.0
spoc,substrate_similar,314,-6.982475280761719,-4.424372673034668,0.8
spoc,substrate_similar,315,6.385448455810547,25.339805603027344,1.0
spoc,substrate_similar,316,6.382124900817871,24.460023880004883,1.0
spoc,substrate_similar,317,-8.836695671081543,-3.9674017429351807,0.8
spoc,substrate_similar,318,8.46722412109375,-8.142959594726562,1.0
spoc,substrate_similar,319,5.341553211212158,-6.666407108306885,1.0
spoc,substrate_similar,320,-4.710642337799072,-5.035735130310059,0.4
spoc,substrate_similar,321,10.419808387756348,30.334672927856445,0.8
spoc,substrate_similar,322,-4.883093357086182,-0.40577906370162964,1.0
spoc,substrate_similar,323,-2.2232072353363037,3.262793779373169,0.8
spoc,substrate_similar,324,-5.757761478424072,-2.8504693508148193,1.0
spoc,substrate_similar,325,6.949458122253418,-4.669960975646973,1.0
spoc,substrate_similar,326,0.5800839066505432,-4.3553996086120605,1.0
spoc,substrate_similar,327,-6.3986592292785645,-2.584510564804077,1.0
spoc,substrate_similar,328,5.038595199584961,-4.6166887283325195,1.0
spoc,substrate_similar,329,-6.323200225830078,-3.799922227859497,0.8
spoc,substrate_similar,330,-6.3859333992004395,-2.57513689994812,1.0
spoc,substrate_similar,331,5.192254066467285,-4.683656215667725,0.8
spoc,substrate_similar,332,4.201318740844727,-4.527464866638184,1.0
spoc,substrate_similar,333,-7.133027076721191,-3.086606740951538,0.8
spoc,substrate_similar,334,-3.8001341819763184,-2.749957799911499,1.0
spoc,substrate_similar,335,4.567902088165283,2.275927782058716,1.0
spoc,substrate_similar,336,2.600799798965454,29.065128326416016,1.0
spoc,substrate_similar,337,8.057771682739258,28.209575653076172,1.0
spoc,substrate_similar,338,3.2771079540252686,-0.8267066478729248,0.6
spoc,substrate_similar,339,-1.9465054273605347,-0.330556720495224,0.4
spoc,substrate_similar,340,1.0016766786575317,0.9440512657165527,1.0
spoc,substrate_similar,341,-0.5812413692474365,1.7492811679840088,0.6
spoc,substrate_similar,342,-5.809051036834717,-4.639660358428955,1.0
spoc,substrate_similar,343,7.7382402420043945,23.852048873901367,1.0
spoc,substrate_similar,344,-9.000679016113281,-3.8977649211883545,0.8
spoc,substrate_similar,345,5.305446624755859,25.10877799987793,1.0
spoc,substrate_similar,346,8.18784236907959,24.077871322631836,1.0
spoc,substrate_similar,347,2.8025429248809814,25.732322692871094,1.0
spoc,substrate_similar,348,-5.264569282531738,-0.20410621166229248,1.0
spoc,substrate_similar,349,2.818359375,25.730348587036133,1.0
spoc,substrate_similar,350,-1.036787509918213,-3.5141263008117676,0.2
spoc,substrate_similar,351,4.442279815673828,-4.514189720153809,1.0
spoc,substrate_similar,352,-6.521176338195801,-2.8815829753875732,1.0
spoc,substrate_similar,353,-8.11082649230957,-2.522148370742798,0.8
spoc,substrate_similar,354,-3.8491439819335938,-3.9591262340545654,0.4
spoc,substrate_similar,355,-5.826754570007324,-0.1362726092338562,1.0
spoc,substrate_similar,356,-7.736242771148682,-0.19429248571395874,0.8
spoc,substrate_similar,357,1.0335513353347778,5.526009559631348,0.4
spoc,substrate_similar,358,11.849404335021973,30.05035400390625,0.8
spoc,substrate_similar,359,-0.7373055219650269,0.8009161353111267,0.4
spoc,substrate_similar,360,-0.699646532535553,-3.4838597774505615,1.0
spoc,substrate_similar,361,4.833240032196045,2.850153923034668,1.0
spoc,substrate_similar,362,-4.365258693695068,-6.1623029708862305,0.4
spoc,substrate_similar,363,15.359550476074219,1.4343070983886719,1.0
spoc,substrate_similar,364,-3.2107489109039307,-4.769256591796875,1.0
spoc,substrate_similar,365,-3.2695438861846924,0.4410210847854614,0.4
spoc,substrate_similar,366,-8.052001953125,-3.9287118911743164,0.8
spoc,substrate_similar,367,2.990966796875,-1.8890420198440552,0.4
spoc,substrate_similar,368,-0.6490538716316223,1.7432010173797607,1.0
spoc,substrate_similar,369,-0.5085238814353943,5.18740177154541,1.0
spoc,substrate_similar,370,2.7962162494659424,25.73311424255371,1.0
spoc,substrate_similar,371,-4.000004291534424,-5.691224098205566,0.4
spoc,substrate_similar,372,-1.5983645915985107,-1.1933603286743164,0.4
spoc,substrate_similar,373,-6.686312675476074,-3.5443639755249023,1.0
spoc,substrate_similar,374,-3.858975887298584,-3.9905197620391846,0.4
spoc,substrate_similar,375,2.6830170154571533,31.720462799072266,1.0
spoc,substrate_similar,376,-4.92108154296875,-2.485448122024536,1.0
spoc,substrate_similar,377,-2.856473207473755,-3.0194642543792725,1.0
spoc,substrate_similar,378,-9.444306373596191,-3.511462450027466,0.8
spoc,substrate_similar,379,-5.533876895904541,-4.085203170776367,0.4
spoc,substrate_similar,380,3.696255683898926,25.355588912963867,1.0
spoc,substrate_similar,381,8.796317100524902,24.234458923339844,1.0
spoc,substrate_similar,382,3.5964393615722656,25.495338439941406,1.0
spoc,substrate_similar,383,-6.619259357452393,-3.9270787239074707,1.0
spoc,substrate_similar,384,2.148972272872925,5.143344879150391,1.0
spoc,substrate_similar,385,-4.154410362243652,-4.499750137329102,1.0
spoc,substrate_similar,386,-7.6197428703308105,-3.9137277603149414,0.6
spoc,substrate_similar,387,1.0586941242218018,5.5003581047058105,0.4
spoc,substrate_similar,388,3.00602388381958,-1.903372883796692,0.4
spoc,substrate_similar,389,0.6160721778869629,-4.788672924041748,0.4
spoc,substrate_similar,390,-5.781833171844482,-0.017698051407933235,0.6
spoc,substrate_similar,391,0.590929388999939,-4.763021469116211,0.4
spoc,substrate_similar,392,-3.9606781005859375,-6.125955104827881,0.4
spoc,substrate_similar,393,0.22143301367759705,-4.342336654663086,0.4
spoc,substrate_similar,394,2.513139247894287,15.541669845581055,1.0
spoc,substrate_similar,395,-6.082635879516602,4.817447662353516,0.8
spoc,substrate_similar,396,3.007422924041748,-1.902342438697815,0.4
spoc,substrate_similar,397,1.8857959508895874,31.151687622070312,1.0
spoc,substrate_similar,398,0.6656614542007446,-4.799313068389893,0.4
spoc,substrate_similar,399,-5.8736371994018555,0.022217093035578728,1.0
spoc,substrate_similar,400,2.0342628955841064,17.360685348510742,1.0
spoc,substrate_similar,401,2.301967144012451,18.01905059814453,1.0
spoc,substrate_similar,402,-7.67708158493042,-2.939882755279541,0.8
spoc,substrate_similar,403,-5.402585029602051,-3.05572772026062,1.0
spoc,substrate_similar,404,-7.755780220031738,-2.7275025844573975,0.8
spoc,substrate_similar,405,3.008378267288208,-1.9016386270523071,0.4
spoc,substrate_similar,406,1.5112833976745605,-4.992400169372559,0.4
spoc,substrate_similar,407,6.029807090759277,-8.4894437789917,0.2
spoc,substrate_similar,408,-8.827738761901855,-3.625164270401001,0.6
spoc,substrate_similar,409,-2.477548599243164,-4.872812271118164,0.4
spoc,substrate_similar,410,3.00347900390625,-1.9052473306655884,0.4
spoc,substrate_similar,411,-0.8030157685279846,-3.95290207862854,0.4
spoc,substrate_similar,412,-0.4429844319820404,3.8811962604522705,1.0
spoc,substrate_similar,413,-0.8890702128410339,3.1314799785614014,1.0
spoc,substrate_similar,414,-1.6822627782821655,1.1354634761810303,1.0
spoc,substrate_similar,415,-8.7606840133667,-4.007878303527832,0.6
spoc,substrate_similar,416,-2.0973641872406006,-1.8115261793136597,0.4
spoc,substrate_similar,417,2.4922935962677,15.256391525268555,1.0
spoc,substrate_similar,418,2.388599395751953,15.813721656799316,1.0
spoc,substrate_similar,419,8.775835037231445,29.41763687133789,0.8
spoc,substrate_similar,420,-6.733157157897949,-2.4819445610046387,1.0
spoc,substrate_similar,421,4.2534613609313965,40.17543029785156,1.0
spoc,substrate_similar,422,-1.8209532499313354,3.380469560623169,0.4
spoc,substrate_similar,423,-5.767592906951904,-2.8818628787994385,1.0
spoc,substrate_similar,424,-4.18317174911499,-5.696286201477051,0.4
spoc,substrate_similar,425,2.7898895740509033,25.733905792236328,1.0
spoc,substrate_similar,426,2.574352741241455,-2.174034833908081,0.4
spoc,substrate_similar,427,-5.658247947692871,4.99435567855835,1.0
spoc,substrate_similar,428,4.693427085876465,4.7535810470581055,0.6
spoc,substrate_similar,429,-5.548466682434082,0.2762101888656616,1.0
spoc,substrate_similar,430,-5.714558124542236,-4.288270473480225,1.0
spoc,substrate_similar,431,9.649779319763184,-3.572054147720337,0.2
spoc,substrate_similar,432,-8.542179107666016,-4.338131427764893,0.6
spoc,substrate_similar,433,-8.187162399291992,-3.509382963180542,1.0
spoc,substrate_similar,434,3.5712058544158936,-1.0430843830108643,1.0
spoc,substrate_similar,435,-6.120919227600098,-2.120692253112793,1.0
spoc,substrate_similar,436,-6.186511516571045,4.967715263366699,0.8
spoc,substrate_similar,437,0.5471904277801514,-4.254001140594482,0.4
spoc,substrate_similar,438,-0.1336134672164917,-4.136982440948486,0.4
spoc,substrate_similar,439,-4.843156814575195,-2.35831356048584,1.0
spoc,substrate_similar,440,-5.870995998382568,4.408327102661133,0.6
spoc,substrate_similar,441,-5.923585891723633,4.420129776000977,1.0
spoc,substrate_similar,442,3.016974449157715,8.114997863769531,0.4
spoc,substrate_similar,443,-5.414380073547363,-4.212845325469971,0.4
spoc,substrate_similar,444,-9.369231224060059,-3.7723634243011475,0.6
spoc,substrate_similar,445,11.513387680053711,23.415809631347656,1.0
spoc,substrate_similar,446,7.299624443054199,24.928752899169922,1.0
spoc,substrate_similar,447,-9.232641220092773,-3.9205644130706787,0.6
spoc,substrate_similar,448,-5.414328575134277,-4.2128071784973145,0.4
spoc,substrate_similar,449,-1.389918565750122,6.574006080627441,1.0
spoc,substrate_similar,450,2.04647159576416,12.10927963256836,1.0
spoc,substrate_similar,451,-7.196352481842041,-2.030088424682617,0.8
spoc,substrate_similar,452,0.9926434755325317,35.64886474609375,1.0
spoc,substrate_similar,453,-8.120657920837402,-2.553542137145996,0.8
spoc,substrate_similar,454,-3.9181368350982666,-1.244929313659668,0.4
spoc,substrate_similar,455,-3.207778215408325,-3.3373656272888184,0.2
spoc,substrate_similar,456,-6.00758695602417,4.556528091430664,0.6
spoc,substrate_similar,457,-7.269207954406738,-2.963127374649048,0.8
spoc,substrate_similar,458,0.8775641918182373,-4.4949188232421875,0.4
spoc,substrate_similar,459,-1.5867174863815308,6.431591987609863,1.0
spoc,substrate_similar,460,-0.21863865852355957,-0.20723426342010498,1.0
spoc,substrate_similar,461,-4.885409355163574,-0.3204459249973297,0.8
spoc,substrate_similar,462,-5.8780412673950195,-4.286182403564453,1.0
spoc,substrate_similar,463,2.941377639770508,-1.878401756286621,0.4
spoc,substrate_similar,464,-3.969424247741699,-5.394839286804199,0.4
spoc,substrate_similar,465,-4.535130977630615,-3.4093668460845947,1.0
spoc,substrate_similar,466,-4.133607387542725,-5.857296943664551,0.4
spoc,substrate_similar,467,-8.138411521911621,-5.075063705444336,0.6
spoc,substrate_similar,468,1.4518290758132935,-5.287898540496826,1.0
spoc,substrate_similar,469,10.207816123962402,24.383155822753906,1.0
spoc,substrate_similar,470,-4.4921369552612305,-5.365988254547119,0.4
spoc,substrate_similar,471,-5.908621311187744,-4.5825676918029785,1.0
spoc,substrate_similar,472,-5.104837417602539,4.252989768981934,0.6
spoc,substrate_similar,473,-6.091789245605469,-4.587629318237305,1.0
spoc,substrate_similar,474,-7.142858505249023,-3.1180002689361572,0.6
spoc,substrate_similar,475,-3.8182668685913086,4.146232604980469,1.0
spoc,substrate_similar,476,-5.433608531951904,-1.8378806114196777,1.0
spoc,substrate_similar,477,-6.636331558227539,-2.7630774974823,1.0
spoc,substrate_similar,478,3.4335885047912598,8.39999008178711,0.4
spoc,substrate_similar,479,3.358856678009033,8.43628215789795,0.4
spoc,substrate_similar,480,-6.042224884033203,-4.748640060424805,1.0
spoc,substrate_similar,481,-0.7423982620239258,-2.984567403793335,1.0
spoc,substrate_similar,482,-0.7905036211013794,-3.9691073894500732,0.4
spoc,substrate_similar,483,-5.9969868659973145,-4.994263172149658,1.0
spoc,substrate_similar,484,-5.00543212890625,-0.1663632094860077,0.6
spoc,substrate_similar,485,-4.340366840362549,-5.586143493652344,0.4
spoc,substrate_similar,486,1.4410141706466675,-3.1611008644104004,0.4
spoc,substrate_similar,487,0.6781736016273499,-4.815518379211426,0.4
spoc,substrate_similar,488,-7.644128322601318,-3.9519565105438232,0.6
spoc,substrate_similar,489,-9.213237762451172,-3.8363282680511475,0.6
spoc,substrate_similar,490,4.465889930725098,25.642047882080078,1.0
spoc,substrate_similar,491,3.3839993476867676,8.41063117980957,0.4
spoc,substrate_similar,492,-4.088369369506836,-6.102920055389404,0.4
spoc,substrate_similar,493,2.624486207962036,16.817262649536133,1.0
spoc,substrate_similar,494,-7.812242031097412,-2.5205538272857666,1.0
spoc,substrate_similar,495,-4.564684867858887,-2.99653697013855,0.4
spoc,substrate_similar,496,2.2314951419830322,-4.149185657501221,0.4
spoc,substrate_similar,497,-1.40238618850708,2.729069471359253,0.6
spoc,substrate_similar,498,-4.5681867599487305,-0.2703808546066284,1.0
spoc,substrate_similar,499,5.23826789855957,25.003082275390625,1.0
spoc,substrate_similar,500,-4.317948341369629,2.7990591526031494,1.0
spoc,substrate_similar,501,2.9162349700927734,-1.852750301361084,0.4
spoc,substrate_similar,502,-3.491879463195801,-4.588614463806152,0.4
spoc,substrate_similar,503,-8.045608520507812,-2.814462184906006,0.6
spoc,substrate_similar,504,2.365570306777954,-5.11096715927124,0.4
spoc,substrate_similar,505,-3.7090537548065186,-0.566140353679657,0.8
spoc,substrate_similar,506,-3.701639413833618,-0.5884398221969604,0.8
spoc,substrate_similar,507,-3.616192102432251,-4.87437629699707,0.4
spoc,substrate_similar,508,6.832003593444824,4.1282124519348145,0.4
spoc,substrate_similar,509,2.4340481758117676,15.258642196655273,1.0
spoc,substrate_similar,510,-5.231186389923096,4.407862663269043,0.6
spoc,substrate_similar,511,2.9984259605407715,-1.9089694023132324,0.4
spoc,substrate_similar,512,-0.27489912509918213,-3.1564719676971436,1.0
spoc,substrate_similar,513,-8.179819107055664,0.19204813241958618,0.8
spoc,substrate_similar,514,5.581255912780762,25.12995147705078,1.0
spoc,substrate_similar,515,-9.07664680480957,-3.9845292568206787,0.6
spoc,substrate_similar,516,4.801143646240234,25.23719024658203,1.0
spoc,substrate_similar,517,-2.169090747833252,-3.486323595046997,0.4
spoc,substrate_similar,518,-0.29375970363616943,5.333461761474609,0.6
spoc,substrate_similar,519,-4.700624465942383,-3.9443905353546143,1.0
spoc,substrate_similar,520,-4.654001712799072,-4.103071689605713,1.0
spoc,substrate_similar,521,0.6214714646339417,5.820858001708984,0.6
spoc,substrate_similar,522,11.008193016052246,-5.612097263336182,0.6
spoc,substrate_similar,523,10.214582443237305,31.172096252441406,1.0
spoc,substrate_similar,524,4.353572368621826,25.80799102783203,1.0
spoc,substrate_similar,525,4.628593444824219,25.36221694946289,1.0
spoc,substrate_similar,526,-5.168741226196289,-4.215551853179932,1.0
spoc,substrate_similar,527,-8.104769706726074,-0.06887191534042358,0.6
spoc,substrate_similar,528,-5.953166961669922,-4.283890724182129,1.0
spoc,substrate_similar,529,0.5025270581245422,-0.7759806513786316,1.0
spoc,substrate_similar,530,-1.4833714962005615,6.325918197631836,1.0
spoc,substrate_similar,531,6.929593086242676,4.145061492919922,0.4
spoc,substrate_similar,532,-4.407001495361328,-3.790445327758789,0.4
spoc,substrate_similar,533,6.014786720275879,32.31139373779297,1.0
spoc,substrate_similar,534,2.3665223121643066,15.353882789611816,1.0
spoc,substrate_similar,535,-7.968179225921631,-0.21707266569137573,0.6
spoc,substrate_similar,536,5.31028938293457,32.24998474121094,0.2
spoc,substrate_similar,537,-5.377648830413818,-4.148995876312256,0.4
spoc,substrate_similar,538,-5.533876895904541,-4.085203170776367,0.4
spoc,substrate_similar,539,5.9621381759643555,32.58269500732422,1.0
spoc,substrate_similar,540,14.858208656311035,26.370038986206055,0.8
spoc,substrate_similar,541,0.6735665202140808,5.781905174255371,0.6
spoc,substrate_similar,542,-6.248984336853027,-4.477486610412598,1.0
spoc,substrate_similar,543,0.6214714646339417,5.820858001708984,0.6
spoc,substrate_similar,544,-2.044865131378174,3.0919792652130127,0.6
spoc,substrate_similar,545,-8.05004596710205,-4.663367748260498,0.6
spoc,substrate_similar,546,2.3610575199127197,13.45779800415039,1.0
spoc,substrate_similar,547,8.195050239562988,29.856931686401367,0.8
spoc,substrate_similar,548,-5.198852062225342,-4.140198230743408,1.0
spoc,substrate_similar,549,1.832292914390564,0.9366799592971802,1.0
spoc,substrate_similar,550,-2.2250559329986572,-1.7884914875030518,0.4
spoc,substrate_similar,551,-4.133673191070557,-0.6798346042633057,1.0
spoc,substrate_similar,552,-4.04455041885376,-5.392547607421875,0.4
spoc,substrate_similar,553,2.1140031814575195,-1.3708217144012451,0.4
spoc,substrate_similar,554,0.6777418255805969,-0.47242987155914307,0.4
spoc,substrate_similar,555,-8.420528411865234,-3.803291082382202,0.6
spoc,substrate_similar,556,7.000958442687988,3.9795596599578857,0.4
spoc,substrate_similar,557,-6.1553568840026855,-4.184144973754883,0.6
spoc,substrate_similar,558,-7.662199020385742,-2.050522565841675,1.0
spoc,substrate_similar,559,-1.3829864263534546,6.366916179656982,1.0
spoc,substrate_similar,560,4.790635585784912,25.741920471191406,1.0
spoc,substrate_similar,561,-5.293054103851318,-4.501314163208008,1.0
spoc,substrate_similar,562,2.3121888637542725,14.01301097869873,1.0
spoc,substrate_similar,563,-7.786672592163086,-1.5095596313476562,0.8
spoc,substrate_similar,564,1.59841787815094,-5.772202014923096,1.0
spoc,substrate_similar,565,-8.183650016784668,-4.829440116882324,0.6
spoc,substrate_similar,566,-8.54299259185791,-5.1114115715026855,0.6
spoc,substrate_similar,567,-1.329304814338684,0.09618961811065674,1.0
spoc,substrate_similar,568,-5.414328575134277,-4.2128071784973145,0.4
spoc,substrate_similar,569,-8.233214378356934,-4.668429374694824,0.6
spoc,substrate_similar,570,1.5080264806747437,-3.957075357437134,0.4
spoc,substrate_similar,571,0.3686688542366028,2.2793781757354736,1.0
spoc,substrate_similar,572,-6.400753974914551,-4.257331371307373,1.0
spoc,substrate_similar,573,-4.253948211669922,0.09375476837158203,0.2
spoc,substrate_similar,574,-4.785688877105713,-4.105513572692871,1.0
spoc,substrate_similar,575,-5.392368316650391,-3.5788910388946533,1.0
spoc,substrate_similar,576,2.8847179412841797,5.041664123535156,0.4
spoc,substrate_similar,577,0.5324366688728333,-4.690500736236572,1.0
spoc,substrate_similar,578,6.114229202270508,32.173797607421875,1.0
spoc,substrate_similar,579,2.3151509761810303,14.542889595031738,1.0
spoc,substrate_similar,580,-7.786672592163086,-1.5095596313476562,0.8
spoc,substrate_similar,581,16.863149642944336,28.43082046508789,0.8
spoc,substrate_similar,582,-5.366805553436279,-4.34458065032959,1.0
spoc,substrate_similar,583,-6.428011894226074,-4.530257701873779,1.0
spoc,substrate_similar,584,-6.029267311096191,-4.339209079742432,0.6
spoc,substrate_similar,585,-3.602099657058716,0.42646563053131104,1.0
spoc,substrate_similar,586,-6.6478753089904785,-1.706355333328247,1.0
spoc,substrate_similar,587,-5.433608531951904,-1.8378806114196777,1.0
spoc,substrate_similar,588,8.234933853149414,32.252418518066406,1.0
spoc,substrate_similar,589,-8.390409469604492,-4.558286666870117,0.6
spoc,substrate_similar,590,-4.508166313171387,-4.424227714538574,1.0
spoc,substrate_similar,591,-5.84689474105835,-4.2911906242370605,1.0
spoc,substrate_similar,592,-2.912231922149658,-5.3451995849609375,0.4
spoc,substrate_similar,593,-4.492949485778809,-6.139268398284912,0.4
spoc,substrate_similar,594,-2.63283109664917,-0.12591993808746338,1.0
spoc,substrate_similar,595,-4.596638202667236,-4.3358988761901855,1.0
spoc,substrate_similar,596,-6.453574180603027,-3.7645680904388428,1.0
spoc,substrate_similar,597,-2.8313043117523193,-4.797289848327637,0.4
spoc,substrate_similar,598,-7.337703227996826,-4.140005111694336,1.0
spoc,substrate_similar,599,-5.508939266204834,-0.9159719944000244,0.6
spoc,substrate_similar,600,-6.6951775550842285,-4.1635332107543945,0.8
spoc,substrate_similar,601,-1.5867174863815308,6.431591987609863,1.0
spoc,substrate_similar,602,-8.019466400146484,-4.366982460021973,0.6
spoc,substrate_similar,603,-7.276294708251953,-4.402600288391113,0.8
spoc,substrate_similar,604,0.7533455491065979,-5.493971824645996,1.0
spoc,substrate_similar,605,-8.094592094421387,-4.364690780639648,0.6
spoc,substrate_similar,606,-3.715505838394165,-3.951953172683716,0.4
spoc,substrate_similar,607,-7.301856994628906,-3.6369106769561768,0.8
spoc,substrate_similar,608,6.456221580505371,4.236275672912598,0.4
spoc,substrate_similar,609,-5.657844066619873,-4.521575927734375,1.0
spoc,substrate_similar,610,-3.1088268756866455,-4.478575706481934,0.4
spoc,substrate_similar,611,1.8089118003845215,-2.9571499824523926,0.4
spoc,substrate_similar,612,-7.730074882507324,-3.5232880115509033,1.0
spoc,substrate_similar,613,-6.401566505432129,-5.030611515045166,1.0
spoc,substrate_similar,614,-3.709690809249878,-4.372099876403809,1.0
spoc,substrate_similar,615,-3.689943313598633,-4.717642784118652,0.4
spoc,substrate_similar,616,-5.569372177124023,-4.609905242919922,1.0
spoc,substrate_similar,617,-2.4568116664886475,-1.0528969764709473,0.4
spoc,substrate_similar,618,-6.600992679595947,-1.8648452758789062,1.0
spoc,substrate_similar,619,-8.979869842529297,-3.5424201488494873,1.0
spoc,substrate_similar,620,-6.506126880645752,-4.393918514251709,0.8
spoc,substrate_similar,621,-4.349392414093018,-4.770820617675781,1.0
spoc,substrate_similar,622,-2.919776201248169,-4.708961009979248,0.4
spoc,substrate_similar,623,-6.417654991149902,-4.482247829437256,0.8
spoc,substrate_similar,624,-6.641287326812744,-3.9745900630950928,1.0
spoc,substrate_similar,625,-6.5528154373168945,-4.0629191398620605,1.0
spoc,substrate_similar,626,-6.830338001251221,-3.7442047595977783,1.0
spoc,substrate_similar,627,-7.943065166473389,-2.9281270503997803,0.2
spoc,substrate_similar,628,-7.411455154418945,-3.983271837234497,1.0
spoc,substrate_similar,629,-7.437017440795898,-3.2175819873809814,1.0
spoc,substrate_similar,630,0.14664924144744873,5.229048728942871,1.0
spoc,substrate_similar,631,0.8957210779190063,-6.206846237182617,1.0
spoc,substrate_similar,632,8.790718078613281,11.19480037689209,1.0
spoc,substrate_similar,633,-8.102607727050781,-1.946109652519226,0.6
spoc,substrate_similar,634,-7.976258754730225,-2.100982666015625,0.6
spoc,substrate_similar,635,-5.970145225524902,-2.406465530395508,1.0
spoc,substrate_similar,636,-6.084974765777588,-2.574204206466675,1.0
spoc,substrate_similar,637,-5.657331466674805,-2.1343517303466797,1.0
spoc,ligand_similar,0,17.854490280151367,-5.573315143585205,0.2
spoc,ligand_similar,1,11.229568481445312,-3.8186066150665283,0.2
spoc,ligand_similar,2,-7.514048099517822,-2.674347162246704,1.0
spoc,ligand_similar,3,-7.272728443145752,-2.375002145767212,1.0
spoc,ligand_similar,4,-7.18414306640625,-2.620084285736084,1.0
spoc,ligand_similar,5,-7.205877780914307,-2.4814200401306152,1.0
spoc,ligand_similar,6,18.518310546875,1.8445188999176025,1.0
spoc,ligand_similar,7,20.34025764465332,1.4722635746002197,1.0
spoc,ligand_similar,8,19.578630447387695,1.5628764629364014,1.0
spoc,ligand_similar,9,-6.246424198150635,-4.5272932052612305,1.0
spoc,ligand_similar,10,22.190601348876953,1.687088966369629,1.0
spoc,ligand_similar,11,18.541790008544922,2.284963369369507,1.0
spoc,ligand_similar,12,19.62830352783203,1.6180579662322998,1.0
spoc,ligand_similar,13,18.589664459228516,2.2077677249908447,1.0
spoc,ligand_similar,14,22.15418243408203,1.0789220333099365,1.0
spoc,ligand_similar,15,23.48369598388672,0.7402525544166565,1.0
spoc,ligand_similar,16,18.518726348876953,1.844825029373169,1.0
spoc,ligand_similar,17,11.033731460571289,-9.452756881713867,1.0
spoc,ligand_similar,18,-4.829643249511719,-6.222360610961914,1.0
spoc,ligand_similar,19,-0.7877295017242432,-7.168025493621826,1.0
spoc,ligand_similar,20,11.204261779785156,-3.8154456615448,0.2
spoc,ligand_similar,21,2.151517391204834,5.145219802856445,0.2
spoc,ligand_similar,22,11.216915130615234,-3.817026376724243,0.2
spoc,ligand_similar,23,-4.295578956604004,15.709771156311035,1.0
spoc,ligand_similar,24,-1.560808777809143,16.505937576293945,1.0
spoc,ligand_similar,25,-5.321463108062744,-2.718799352645874,1.0
spoc,ligand_similar,26,11.196249008178711,-3.809792995452881,0.2
spoc,ligand_similar,27,19.755050659179688,-7.285966873168945,1.0
spoc,ligand_similar,28,-8.247275352478027,-4.683061122894287,1.0
spoc,ligand_similar,29,9.957094192504883,3.7124993801116943,1.0
spoc,ligand_similar,30,22.22006607055664,1.636354923248291,1.0
spoc,ligand_similar,31,-10.423209190368652,-4.318150043487549,1.0
spoc,ligand_similar,32,-1.5614148378372192,16.505491256713867,1.0
spoc,ligand_similar,33,-7.628450870513916,-2.510674238204956,1.0
spoc,ligand_similar,34,9.627050399780273,30.70132827758789,1.0
spoc,ligand_similar,35,6.553947448730469,31.209522247314453,1.0
spoc,ligand_similar,36,8.566446304321289,30.726917266845703,1.0
spoc,ligand_similar,37,8.566446304321289,30.726917266845703,1.0
spoc,ligand_similar,38,8.569571495056152,30.724712371826172,1.0
spoc,ligand_similar,39,8.5806303024292,30.71691131591797,1.0
spoc,ligand_similar,40,-6.142513751983643,-3.870692014694214,1.0
spoc,ligand_similar,41,-4.196469306945801,-5.805323123931885,1.0
spoc,ligand_similar,42,-4.324160575866699,-5.782288551330566,1.0
spoc,ligand_similar,43,8.604350090026855,30.700180053710938,1.0
spoc,ligand_similar,44,5.884483337402344,16.733156204223633,1.0
spoc,ligand_similar,45,0.6031337380409241,2.962740898132324,1.0
spoc,ligand_similar,46,-0.2049737572669983,3.0883607864379883,1.0
spoc,ligand_similar,47,8.566343307495117,30.72684097290039,1.0
spoc,ligand_similar,48,8.566368103027344,30.72686004638672,1.0
spoc,ligand_similar,49,-8.524422645568848,-2.153285264968872,1.0
spoc,ligand_similar,50,-8.492369651794434,-2.175896406173706,1.0
spoc,ligand_similar,51,-9.260846138000488,-4.704858779907227,1.0
spoc,ligand_similar,52,21.385543823242188,-5.920140266418457,0.2
spoc,ligand_similar,53,-4.7194671630859375,2.6310629844665527,1.0
spoc,ligand_similar,54,-1.0619081258773804,-0.19093692302703857,1.0
spoc,ligand_similar,55,-5.550083637237549,2.638434410095215,1.0
spoc,ligand_similar,56,24.539905548095703,-8.33421802520752,1.0
spoc,ligand_similar,57,9.902959823608398,-3.34468150138855,0.2
spoc,ligand_similar,58,20.040578842163086,1.8958861827850342,1.0
spoc,ligand_similar,59,20.316078186035156,1.5177371501922607,1.0
spoc,ligand_similar,60,25.993881225585938,-0.030746402218937874,1.0
spoc,ligand_similar,61,7.885475158691406,30.755674362182617,1.0
spoc,ligand_similar,62,8.56640338897705,30.726884841918945,1.0
spoc,ligand_similar,63,22.70725440979004,-6.747626781463623,0.2
spoc,ligand_similar,64,5.160551071166992,20.29779624938965,1.0
spoc,ligand_similar,65,8.566425323486328,30.72690200805664,1.0
spoc,ligand_similar,66,5.258090496063232,19.109487533569336,1.0
spoc,ligand_similar,67,6.449257850646973,22.25604248046875,1.0
spoc,ligand_similar,68,-8.494707107543945,-2.1776182651519775,1.0
spoc,ligand_similar,69,2.182950258255005,12.891561508178711,1.0
spoc,ligand_similar,70,-5.602388858795166,-2.671802520751953,1.0
spoc,ligand_similar,71,21.58786392211914,-7.698264122009277,1.0
spoc,ligand_similar,72,-4.931103229522705,15.731898307800293,1.0
spoc,ligand_similar,73,-8.560215950012207,-2.06653094291687,1.0
spoc,ligand_similar,74,-6.806297302246094,-2.5126044750213623,0.8
spoc,ligand_similar,75,-11.011219024658203,-5.219878196716309,0.8
spoc,ligand_similar,76,-10.454878807067871,-4.192501068115234,0.8
spoc,ligand_similar,77,-10.953387260437012,-5.226967811584473,0.8
spoc,ligand_similar,78,-10.976760864257812,-5.244184970855713,0.8
spoc,ligand_similar,79,-11.016026496887207,-5.21648645401001,0.8
spoc,ligand_similar,80,-0.7291045784950256,18.440486907958984,0.8
spoc,ligand_similar,81,-9.310141563415527,-1.8042545318603516,0.8
spoc,ligand_similar,82,-9.534464836120605,-3.350130796432495,0.8
spoc,ligand_similar,83,-2.483023166656494,18.886558532714844,0.8
spoc,ligand_similar,84,-10.31830883026123,-2.090421676635742,1.0
spoc,ligand_similar,85,-10.331295013427734,-2.0999865531921387,1.0
spoc,ligand_similar,86,3.9561398029327393,9.438741683959961,1.0
spoc,ligand_similar,87,4.027440547943115,11.629342079162598,1.0
spoc,ligand_similar,88,-8.3742036819458,-4.75443172454834,0.8
spoc,ligand_similar,89,8.566394805908203,30.726879119873047,1.0
spoc,ligand_similar,90,4.472899913787842,12.948796272277832,1.0
spoc,ligand_similar,91,4.295757293701172,12.235294342041016,1.0
spoc,ligand_similar,92,4.133706092834473,11.567787170410156,1.0
spoc,ligand_similar,93,-0.8898524045944214,-6.417131423950195,0.8
spoc,ligand_similar,94,4.027077674865723,9.801685333251953,1.0
spoc,ligand_similar,95,22.29204559326172,-7.792969703674316,1.0
spoc,ligand_similar,96,1.7998048067092896,-6.482418060302734,0.8
spoc,ligand_similar,97,-11.610889434814453,-2.9557137489318848,1.0
spoc,ligand_similar,98,-10.316747665405273,-2.073544979095459,1.0
spoc,ligand_similar,99,-10.436856269836426,-4.171811580657959,0.8
spoc,ligand_similar,100,2.6168792247772217,10.1383638381958,1.0
spoc,ligand_similar,101,-7.800536632537842,0.025392411276698112,0.8
spoc,ligand_similar,102,10.311997413635254,30.33843994140625,1.0
spoc,ligand_similar,103,9.623435020446777,30.355419158935547,1.0
spoc,ligand_similar,104,10.451915740966797,30.232219696044922,1.0
spoc,ligand_similar,105,-0.8461257815361023,-0.42001843452453613,0.8
spoc,ligand_similar,106,14.848478317260742,-11.287860870361328,0.8
spoc,ligand_similar,107,18.81659698486328,-12.223587036132812,0.8
spoc,ligand_similar,108,18.816102981567383,-12.223950386047363,0.8
spoc,ligand_similar,109,19.19082260131836,-11.632590293884277,0.8
spoc,ligand_similar,110,18.816415786743164,-12.22372055053711,0.8
spoc,ligand_similar,111,18.887353897094727,-11.860777854919434,0.8
spoc,ligand_similar,112,12.407617568969727,-10.149728775024414,0.8
spoc,ligand_similar,113,17.349166870117188,-11.888906478881836,0.8
spoc,ligand_similar,114,11.97640609741211,30.349136352539062,1.0
spoc,ligand_similar,115,3.375786781311035,-2.3505311012268066,1.0
spoc,ligand_similar,116,8.379679679870605,29.188251495361328,1.0
spoc,ligand_similar,117,-6.232777118682861,-4.67363166809082,0.8
spoc,ligand_similar,118,14.50018310546875,-10.299116134643555,0.8
spoc,ligand_similar,119,16.936582565307617,-11.425102233886719,0.8
spoc,ligand_similar,120,13.729442596435547,-10.95872688293457,0.8
spoc,ligand_similar,121,20.33034324645996,-12.640630722045898,0.8
spoc,ligand_similar,122,27.74296760559082,-12.005958557128906,0.8
spoc,ligand_similar,123,21.501895904541016,-13.225406646728516,0.8
spoc,ligand_similar,124,16.18600845336914,-11.65599250793457,0.8
spoc,ligand_similar,125,19.465938568115234,-11.940896987915039,0.8
spoc,ligand_similar,126,17.951213836669922,-11.880313873291016,0.8
spoc,ligand_similar,127,16.823633193969727,-11.671106338500977,0.8
spoc,ligand_similar,128,15.778359413146973,-11.661304473876953,0.8
spoc,ligand_similar,129,19.780792236328125,-13.11170768737793,0.8
spoc,ligand_similar,130,16.574207305908203,-11.367130279541016,0.8
spoc,ligand_similar,131,9.950250625610352,-9.913045883178711,0.8
spoc,ligand_similar,132,21.087169647216797,-11.030479431152344,0.8
spoc,ligand_similar,133,4.288241863250732,-7.6920247077941895,0.8
spoc,ligand_similar,134,9.81208610534668,-8.374463081359863,0.8
spoc,ligand_similar,135,20.187955856323242,-11.999967575073242,0.8
spoc,ligand_similar,136,-11.130006790161133,-3.8354456424713135,0.8
spoc,ligand_similar,137,25.14287567138672,-14.179706573486328,0.8
spoc,ligand_similar,138,11.851489067077637,-7.828453063964844,0.8
spoc,ligand_similar,139,10.115354537963867,-9.945823669433594,0.8
spoc,ligand_similar,140,16.906002044677734,-11.773704528808594,0.8
spoc,ligand_similar,141,21.55742835998535,-11.082765579223633,0.8
spoc,ligand_similar,142,-0.801376223564148,-7.021687030792236,0.8
spoc,ligand_similar,143,-4.210115909576416,-5.658984661102295,0.8
spoc,ligand_similar,144,23.91619300842285,25.184751510620117,1.0
spoc,ligand_similar,145,-8.260921478271484,-4.536722660064697,0.8
spoc,ligand_similar,146,20.570777893066406,-7.605490684509277,1.0
spoc,ligand_similar,147,-11.617510795593262,-2.948796272277832,1.0
spoc,ligand_similar,148,-6.354260444641113,-4.686991214752197,0.2
spoc,ligand_similar,149,7.964343547821045,-2.8099985122680664,1.0
spoc,ligand_similar,150,10.201455116271973,-3.588210105895996,1.0
spoc,ligand_similar,151,7.549921035766602,-3.5606791973114014,1.0
spoc,ligand_similar,152,22.76460075378418,-6.777092456817627,0.2
spoc,ligand_similar,153,-6.1737189292907715,-2.2709200382232666,1.0
spoc,ligand_similar,154,-9.159058570861816,-2.463697910308838,1.0
spoc,ligand_similar,155,3.7512013912200928,2.0780460834503174,1.0
spoc,ligand_similar,156,0.16365712881088257,2.9693140983581543,1.0
spoc,ligand_similar,157,1.4886976480484009,3.301469087600708,1.0
spoc,ligand_similar,158,-1.2664358615875244,3.170315980911255,1.0
spoc,ligand_similar,159,-2.261193037033081,3.577261209487915,1.0
spoc,ligand_similar,160,-6.685582637786865,6.383082866668701,1.0
spoc,ligand_similar,161,-6.6775689125061035,6.377429962158203,1.0
spoc,ligand_similar,162,4.8595170974731445,-2.7088444232940674,1.0
spoc,ligand_similar,163,-6.669765949249268,6.381107330322266,1.0
spoc,ligand_similar,164,-6.130991458892822,-2.4324707984924316,1.0
spoc,ligand_similar,165,24.505420684814453,-8.308855056762695,1.0
spoc,ligand_similar,166,22.262109756469727,-7.946887493133545,1.0
spoc,ligand_similar,167,18.378284454345703,2.724046468734741,1.0
spoc,ligand_similar,168,5.985021591186523,-3.2571146488189697,1.0
spoc,ligand_similar,169,15.447195053100586,-4.467504024505615,0.2
spoc,ligand_similar,170,14.046680450439453,1.1828632354736328,1.0
spoc,ligand_similar,171,14.868171691894531,1.0852775573730469,1.0
spoc,ligand_similar,172,13.297172546386719,1.222762107849121,1.0
spoc,ligand_similar,173,-4.948975086212158,-4.772132873535156,1.0
spoc,ligand_similar,174,22.553083419799805,-6.074202537536621,0.2
spoc,ligand_similar,175,-0.23129180073738098,-0.198308527469635,1.0
spoc,ligand_similar,176,-5.218178749084473,6.048381805419922,1.0
spoc,ligand_similar,177,-6.701398849487305,6.385058403015137,1.0
spoc,ligand_similar,178,-10.305841445922852,-2.0812385082244873,1.0
spoc,ligand_similar,179,-4.878561019897461,8.844934463500977,1.0
spoc,ligand_similar,180,-10.332342147827148,-2.062544584274292,1.0
spoc,ligand_similar,181,-8.32347297668457,-0.6246263384819031,0.8
spoc,ligand_similar,182,-11.835206031799316,-2.998267650604248,1.0
spoc,ligand_similar,183,-6.689589023590088,6.385909080505371,1.0
spoc,ligand_similar,184,-4.383510589599609,16.802520751953125,0.8
spoc,ligand_similar,185,-10.437479019165039,-4.179684638977051,0.8
spoc,ligand_similar,186,-10.5054931640625,3.9367847442626953,1.0
spoc,ligand_similar,187,15.159034729003906,-4.429590225219727,0.2
spoc,ligand_similar,188,-11.821574211120605,-3.0078837871551514,1.0
spoc,ligand_similar,189,-1.3474167585372925,3.960070848464966,1.0
spoc,ligand_similar,190,0.9688149690628052,-6.737265586853027,0.8
spoc,ligand_similar,191,19.89159393310547,-7.149851322174072,1.0
spoc,ligand_similar,192,6.466405868530273,30.9104061126709,1.0
spoc,ligand_similar,193,13.83445930480957,30.0281925201416,1.0
spoc,ligand_similar,194,12.585457801818848,29.964061737060547,1.0
spoc,ligand_similar,195,11.352453231811523,30.109352111816406,1.0
spoc,ligand_similar,196,10.4821138381958,30.199005126953125,1.0
spoc,ligand_similar,197,9.471877098083496,30.484516143798828,1.0
spoc,ligand_similar,198,9.643318176269531,30.351367950439453,1.0
spoc,ligand_similar,199,8.148445129394531,31.34202003479004,1.0
spoc,ligand_similar,200,11.270050048828125,30.13990020751953,1.0
spoc,ligand_similar,201,14.513307571411133,29.300779342651367,1.0
spoc,ligand_similar,202,12.080503463745117,30.242353439331055,1.0
spoc,ligand_similar,203,21.16503143310547,25.1959285736084,1.0
spoc,ligand_similar,204,21.606884002685547,25.089143753051758,1.0
spoc,ligand_similar,205,20.32931900024414,25.414337158203125,1.0
spoc,ligand_similar,206,27.72319793701172,24.459985733032227,1.0
spoc,ligand_similar,207,22.742431640625,24.794240951538086,1.0
spoc,ligand_similar,208,21.18197250366211,25.140987396240234,1.0
spoc,ligand_similar,209,19.316852569580078,-12.04671573638916,0.8
spoc,ligand_similar,210,-4.3378071784973145,-5.635949611663818,0.8
spoc,ligand_similar,211,-9.274492263793945,-4.5585198402404785,0.8
spoc,ligand_similar,212,-8.387849807739258,-4.60809326171875,0.8
spoc,ligand_similar,213,-8.574307441711426,-3.399256467819214,1.0
spoc,ligand_similar,214,-11.846111297607422,-2.990574598312378,1.0
spoc,ligand_similar,215,-1.4118576049804688,1.756652593612671,1.0
spoc,ligand_similar,216,23.153484344482422,-7.653289794921875,1.0
spoc,ligand_similar,217,-3.331617593765259,-4.835118293762207,0.2
spoc,ligand_similar,218,-8.157010078430176,-3.8801217079162598,1.0
spoc,ligand_similar,219,3.7981767654418945,4.503437519073486,0.2
spoc,ligand_similar,220,5.032280921936035,4.771533966064453,0.2
spoc,ligand_similar,221,-0.6559197306632996,3.490280866622925,0.2
spoc,ligand_similar,222,1.0318118333816528,3.4071242809295654,0.2
spoc,ligand_similar,223,-0.6237318515777588,3.7057058811187744,0.2
spoc,ligand_similar,224,1.6489766836166382,27.61772918701172,0.2
spoc,ligand_similar,225,-8.739712715148926,-2.4530889987945557,1.0
spoc,ligand_similar,226,-4.4520649909973145,-2.804011821746826,1.0
spoc,ligand_similar,227,-9.250938415527344,-2.31139874458313,1.0
spoc,ligand_similar,228,-6.435392379760742,-3.6095633506774902,1.0
spoc,ligand_similar,229,-1.4896326065063477,-5.038403511047363,1.0
spoc,ligand_similar,230,-10.316427230834961,-2.10184383392334,1.0
spoc,ligand_similar,231,-6.672929286956787,6.381502151489258,1.0
spoc,ligand_similar,232,17.665111541748047,-4.796444892883301,0.2
spoc,ligand_similar,233,-6.25974702835083,-1.9530333280563354,0.8
spoc,ligand_similar,234,-1.2681721448898315,-5.499454975128174,1.0
spoc,ligand_similar,235,13.950008392333984,1.236454963684082,1.0
spoc,ligand_similar,236,13.276859283447266,1.4204607009887695,1.0
spoc,ligand_similar,237,12.29499626159668,1.967691421508789,1.0
spoc,ligand_similar,238,13.949515342712402,1.2360913753509521,1.0
spoc,ligand_similar,239,22.03322982788086,0.23405343294143677,1.0
spoc,ligand_similar,240,13.276366233825684,1.4200971126556396,1.0
spoc,ligand_similar,241,14.48000717163086,0.8216405510902405,1.0
spoc,ligand_similar,242,15.211614608764648,0.7464838624000549,1.0
spoc,ligand_similar,243,-6.111462116241455,4.1056437492370605,1.0
spoc,ligand_similar,244,3.2325847148895264,2.9671664237976074,1.0
spoc,ligand_similar,245,-9.308575630187988,5.296494007110596,1.0
spoc,ligand_similar,246,-9.272429466247559,5.278003215789795,1.0
spoc,ligand_similar,247,-1.8202117681503296,5.3834991455078125,0.2
spoc,ligand_similar,248,-0.5695624351501465,-6.359109878540039,0.8
spoc,ligand_similar,249,19.083683013916016,-5.902595043182373,0.2
spoc,ligand_similar,250,21.090110778808594,1.3749516010284424,1.0
spoc,ligand_similar,251,-2.045893430709839,-4.971496105194092,0.8
spoc,ligand_similar,252,-1.2769999504089355,-5.490231513977051,1.0
spoc,ligand_similar,253,-8.340456008911133,-3.302292585372925,1.0
spoc,ligand_similar,254,-0.5727257132530212,-6.358715057373047,0.8
spoc,ligand_similar,255,1.2078555822372437,5.414726257324219,0.2
spoc,ligand_similar,256,-2.386141538619995,-4.928900241851807,0.8
spoc,ligand_similar,257,-7.2887749671936035,-1.2765933275222778,1.0
spoc,ligand_similar,258,-0.7819488048553467,-5.903285026550293,0.8
spoc,ligand_similar,259,19.93935775756836,-7.462897777557373,1.0
spoc,ligand_similar,260,-7.2948760986328125,-1.2692933082580566,1.0
spoc,ligand_similar,261,-8.933744430541992,-3.0709378719329834,1.0
spoc,ligand_similar,262,-8.340975761413574,-3.302675247192383,1.0
spoc,ligand_similar,263,-0.6532295942306519,3.507877826690674,0.2
spoc,ligand_similar,264,3.769935369491577,2.81475567817688,0.2
spoc,ligand_similar,265,-0.6344912052154541,3.740961790084839,0.2
spoc,ligand_similar,266,2.553175687789917,3.3536672592163086,0.2
spoc,ligand_similar,267,2.112271785736084,3.0123510360717773,0.2
spoc,ligand_similar,268,-8.93984603881836,-3.0636377334594727,1.0
spoc,ligand_similar,269,16.041635513305664,30.090007781982422,1.0
spoc,ligand_similar,270,11.18019962310791,30.25690460205078,1.0
spoc,ligand_similar,271,10.127927780151367,30.734844207763672,1.0
spoc,ligand_similar,272,13.793954849243164,30.11868667602539,1.0
spoc,ligand_similar,273,5.282841205596924,-5.370170593261719,0.8
spoc,ligand_similar,274,11.235876083374023,29.91486358642578,1.0
spoc,ligand_similar,275,8.565645217895508,30.727481842041016,1.0
spoc,ligand_similar,276,7.459264755249023,28.34587860107422,1.0
spoc,ligand_similar,277,19.408905029296875,24.571964263916016,1.0
spoc,ligand_similar,278,21.92767906188965,25.466569900512695,1.0
spoc,ligand_similar,279,-6.718523979187012,6.312850475311279,1.0
spoc,ligand_similar,280,18.815584182739258,-12.224332809448242,0.8
spoc,ligand_similar,281,26.653804779052734,-14.81582260131836,0.8
spoc,ligand_similar,282,24.641965866088867,-8.17273998260498,1.0
spoc,ligand_similar,283,-6.849529266357422,6.076985836029053,1.0
spoc,ligand_similar,284,-9.27476692199707,5.276281356811523,1.0
spoc,ligand_similar,285,2.4464917182922363,-0.8193349838256836,1.0
spoc,ligand_similar,286,21.724409103393555,-7.5621490478515625,1.0
spoc,ligand_similar,287,4.429717063903809,18.626636505126953,0.8
spoc,ligand_similar,288,-7.202543258666992,-4.559333801269531,0.2
spoc,ligand_similar,289,-9.483485221862793,-4.145832538604736,0.2
spoc,ligand_similar,290,-0.8893717527389526,4.252207279205322,1.0
spoc,ligand_similar,291,20.707319259643555,-7.469376087188721,1.0
spoc,ligand_similar,292,22.4285888671875,-7.656854152679443,1.0
spoc,ligand_similar,293,-5.6853532791137695,-4.640638828277588,0.8
spoc,ligand_similar,294,-2.4822440147399902,18.88713264465332,0.8
spoc,ligand_similar,295,10.876666069030762,-3.7744314670562744,0.2
spoc,ligand_similar,296,2.95572829246521,2.905674934387207,0.2
spoc,ligand_similar,297,19.725114822387695,-7.439884662628174,1.0
spoc,ligand_similar,298,-6.660276412963867,6.379921913146973,1.0
spoc,ligand_similar,299,22.28042221069336,-0.24567002058029175,1.0
spoc,ligand_similar,300,15.843822479248047,1.4149928092956543,1.0
spoc,ligand_similar,301,14.079851150512695,1.1674094200134277,1.0
spoc,ligand_similar,302,19.7618350982666,0.2845354676246643,1.0
spoc,ligand_similar,303,12.507627487182617,1.5158634185791016,1.0
spoc,ligand_similar,304,16.201183319091797,1.3219146728515625,1.0
spoc,ligand_similar,305,11.860433578491211,-3.656792640686035,1.0
spoc,ligand_similar,306,2.320472478866577,4.9965667724609375,1.0
spoc,ligand_similar,307,1.7757350206375122,5.25328254699707,1.0
spoc,ligand_similar,308,-9.444836616516113,-2.995656967163086,0.8
spoc,ligand_similar,309,12.039138793945312,-5.0260186195373535,1.0
spoc,ligand_similar,310,0.19991564750671387,-6.4505157470703125,0.8
spoc,ligand_similar,311,-2.334641218185425,-5.359642028808594,1.0
spoc,ligand_similar,312,22.256694793701172,25.086393356323242,1.0
spoc,ligand_similar,313,11.114450454711914,29.984420776367188,1.0
spoc,ligand_similar,314,22.30126953125,25.043750762939453,1.0
spoc,ligand_similar,315,25.32618522644043,24.29734992980957,1.0
spoc,ligand_similar,316,20.2598934173584,26.311111450195312,1.0
spoc,ligand_similar,317,20.530271530151367,26.942996978759766,1.0
spoc,ligand_similar,318,-7.203719615936279,-4.056368827819824,1.0
spoc,ligand_similar,319,10.30322551727295,29.950149536132812,1.0
spoc,ligand_similar,320,14.534626960754395,29.28167152404785,1.0
spoc,ligand_similar,321,-4.8969011306762695,4.866213321685791,1.0
spoc,ligand_similar,322,-0.9161266088485718,3.2178213596343994,1.0
spoc,ligand_similar,323,0.2726258933544159,2.8447697162628174,1.0
spoc,ligand_similar,324,1.9082773923873901,-7.401218891143799,0.8
spoc,ligand_similar,325,-6.816070556640625,6.144620418548584,1.0
spoc,ligand_similar,326,-6.649521350860596,6.378578186035156,1.0
spoc,ligand_similar,327,12.342910766601562,23.727025985717773,1.0
spoc,ligand_similar,328,-0.6715792417526245,3.4874579906463623,0.2
spoc,ligand_similar,329,-0.1674104928970337,5.1785888671875,0.2
spoc,ligand_similar,330,24.724210739135742,-8.511149406433105,1.0
spoc,ligand_similar,331,24.689729690551758,-8.485786437988281,1.0
spoc,ligand_similar,332,6.275365829467773,-2.0778496265411377,0.2
spoc,ligand_similar,333,1.9219242334365845,-7.547557830810547,0.8
spoc,ligand_similar,334,-1.0492550134658813,-0.19986265897750854,1.0
spoc,ligand_similar,335,20.540842056274414,-7.759408473968506,1.0
spoc,ligand_similar,336,-4.627817153930664,3.347651720046997,1.0
spoc,ligand_similar,337,7.740289688110352,28.791004180908203,1.0
spoc,ligand_similar,338,23.38959312438965,-18.33720588684082,0.8
spoc,ligand_similar,339,16.245098114013672,0.4757257103919983,1.0
spoc,ligand_similar,340,14.521129608154297,0.8374457955360413,1.0
spoc,ligand_similar,341,18.253551483154297,0.44864898920059204,1.0
spoc,ligand_similar,342,11.457999229431152,1.6408002376556396,1.0
spoc,ligand_similar,343,11.433959007263184,1.6577584743499756,1.0
spoc,ligand_similar,344,19.169273376464844,0.6325731873512268,1.0
spoc,ligand_similar,345,11.627552032470703,3.775498390197754,1.0
spoc,ligand_similar,346,11.44998550415039,1.6464529037475586,1.0
spoc,ligand_similar,347,23.29002571105957,-7.517174243927002,1.0
spoc,ligand_similar,348,21.772172927856445,-7.875195503234863,1.0
spoc,ligand_similar,349,17.221914291381836,15.325569152832031,1.0
spoc,ligand_similar,350,23.000808715820312,24.930278778076172,1.0
spoc,ligand_similar,351,10.437374114990234,30.55233383178711,1.0
spoc,ligand_similar,352,13.99536418914795,29.9410343170166,1.0
spoc,ligand_similar,353,9.117581367492676,-6.548329830169678,0.8
spoc,ligand_similar,354,23.893695831298828,24.43545150756836,1.0
spoc,ligand_similar,355,0.6718129515647888,16.728801727294922,0.8
spoc,ligand_similar,356,20.755083084106445,-7.7824225425720215,1.0
spoc,ligand_similar,357,-2.4337158203125,30.353776931762695,0.2
spoc,ligand_similar,358,-0.6685152053833008,1.883528470993042,0.2
spoc,ligand_similar,359,-6.233496189117432,22.295061111450195,0.8
spoc,ligand_similar,360,0.8097473978996277,20.57855987548828,0.8
spoc,ligand_similar,361,16.458999633789062,-2.34110426902771,0.2
spoc,ligand_similar,362,-9.316115379333496,-1.808655023574829,0.8
spoc,ligand_similar,363,6.490492820739746,25.205432891845703,1.0
spoc,ligand_similar,364,11.443659782409668,1.6472432613372803,1.0
spoc,ligand_similar,365,2.1112895011901855,4.737527847290039,0.2
spoc,ligand_similar,366,5.832100868225098,16.660717010498047,0.8
spoc,ligand_similar,367,-0.5133522152900696,2.3351995944976807,0.2
spoc,ligand_similar,368,23.33778953552246,-7.830220699310303,1.0
spoc,ligand_similar,369,24.47548484802246,-8.462772369384766,1.0
spoc,ligand_similar,370,1.6615304946899414,-8.360698699951172,0.8
spoc,ligand_similar,371,12.513694763183594,1.3860893249511719,1.0
spoc,ligand_similar,372,1.6745160818099976,-8.351133346557617,0.8
spoc,ligand_similar,373,10.209169387817383,30.62044906616211,1.0
spoc,ligand_similar,374,11.038276672363281,-9.449409484863281,0.8
spoc,ligand_similar,375,15.919963836669922,5.65482234954834,1.0
spoc,ligand_similar,376,25.02591896057129,23.054969787597656,1.0
spoc,ligand_similar,377,24.50996971130371,-8.488136291503906,1.0
spoc,ligand_similar,378,-4.358180046081543,3.890733003616333,1.0
spoc,ligand_similar,379,3.822613477706909,2.0440402030944824,1.0
spoc,ligand_similar,380,-6.492023468017578,-0.8286455273628235,1.0
spoc,ligand_similar,381,5.336803436279297,28.37177276611328,0.2
spoc,ligand_similar,382,-0.3490675687789917,2.7016165256500244,0.2
spoc,ligand_similar,383,-5.1831746101379395,-2.698916435241699,1.0
spoc,ligand_similar,384,6.385448455810547,25.339805603027344,1.0
spoc,ligand_similar,385,6.382124900817871,24.460023880004883,1.0
spoc,ligand_similar,386,-1.6269580125808716,-6.224523544311523,0.8
spoc,ligand_similar,387,21.55792808532715,-7.852181911468506,1.0
spoc,ligand_similar,388,22.47635269165039,-7.969900608062744,1.0
spoc,ligand_similar,389,10.419808387756348,30.334672927856445,1.0
spoc,ligand_similar,390,27.857877731323242,23.518524169921875,1.0
spoc,ligand_similar,391,-0.7296908497810364,-7.137526988983154,0.8
spoc,ligand_similar,392,20.368919372558594,25.385730743408203,1.0
spoc,ligand_similar,393,21.1324520111084,24.43734359741211,1.0
spoc,ligand_similar,394,12.551176071166992,1.35670804977417,1.0
spoc,ligand_similar,395,13.106788635253906,1.4770593643188477,1.0
spoc,ligand_similar,396,16.365863800048828,0.021972237154841423,1.0
spoc,ligand_similar,397,7.288433074951172,-3.8361802101135254,1.0
spoc,ligand_similar,398,4.256343364715576,28.766544342041016,0.2
spoc,ligand_similar,399,4.567902088165283,2.275927782058716,0.2
spoc,ligand_similar,400,2.600799798965454,29.065128326416016,0.2
spoc,ligand_similar,401,8.057771682739258,28.209575653076172,0.2
spoc,ligand_similar,402,3.2771079540252686,-0.8267066478729248,1.0
spoc,ligand_similar,403,-9.674877166748047,3.929413318634033,1.0
spoc,ligand_similar,404,1.0016766786575317,0.9440512657165527,1.0
spoc,ligand_similar,405,-0.5812413692474365,1.7492811679840088,1.0
spoc,ligand_similar,406,2.555986166000366,26.278270721435547,1.0
spoc,ligand_similar,407,7.7382402420043945,23.852048873901367,1.0
spoc,ligand_similar,408,5.305446624755859,25.10877799987793,1.0
spoc,ligand_similar,409,8.18784236907959,24.077871322631836,1.0
spoc,ligand_similar,410,2.8025429248809814,25.732322692871094,1.0
spoc,ligand_similar,411,2.818359375,25.730348587036133,1.0
spoc,ligand_similar,412,-7.2329487800598145,-5.471846103668213,0.8
spoc,ligand_similar,413,16.097530364990234,7.783867835998535,1.0
spoc,ligand_similar,414,16.436725616455078,9.164876937866211,1.0
spoc,ligand_similar,415,11.849404335021973,30.05035400390625,1.0
spoc,ligand_similar,416,4.833240032196045,2.850153923034668,0.2
spoc,ligand_similar,417,5.777707099914551,28.713088989257812,0.2
spoc,ligand_similar,418,15.769811630249023,0.7678208947181702,1.0
spoc,ligand_similar,419,15.359550476074219,1.4343070983886719,1.0
spoc,ligand_similar,420,-10.332944869995117,-3.5152103900909424,1.0
spoc,ligand_similar,421,-9.597823143005371,-4.383784294128418,1.0
spoc,ligand_similar,422,-8.052001953125,-3.9287118911743164,1.0
spoc,ligand_similar,423,-0.6490538716316223,1.7432010173797607,0.2
spoc,ligand_similar,424,1.8469332456588745,2.438124895095825,0.2
spoc,ligand_similar,425,-0.5085238814353943,5.18740177154541,0.2
spoc,ligand_similar,426,2.4142963886260986,3.0383832454681396,0.2
spoc,ligand_similar,427,6.180259704589844,28.26509666442871,0.2
spoc,ligand_similar,428,2.7962162494659424,25.73311424255371,1.0
spoc,ligand_similar,429,14.02743148803711,-2.8571627140045166,0.2
spoc,ligand_similar,430,22.59052848815918,24.408632278442383,1.0
spoc,ligand_similar,431,2.6830170154571533,31.720462799072266,1.0
spoc,ligand_similar,432,14.27351188659668,-5.319199085235596,0.2
spoc,ligand_similar,433,3.696255683898926,25.355588912963867,1.0
spoc,ligand_similar,434,8.796317100524902,24.234458923339844,1.0
spoc,ligand_similar,435,3.5964393615722656,25.495338439941406,1.0
spoc,ligand_similar,436,18.6962947845459,3.9738705158233643,1.0
spoc,ligand_similar,437,4.051042556762695,3.6222925186157227,1.0
spoc,ligand_similar,438,14.156368255615234,1.1548194885253906,1.0
spoc,ligand_similar,439,12.52276611328125,1.3161325454711914,1.0
spoc,ligand_similar,440,15.41915512084961,0.7706108689308167,1.0
spoc,ligand_similar,441,11.520923614501953,2.0093953609466553,1.0
spoc,ligand_similar,442,13.040857315063477,1.7312908172607422,1.0
spoc,ligand_similar,443,2.148972272872925,5.143344879150391,0.2
spoc,ligand_similar,444,23.12354850769043,-7.8072075843811035,1.0
spoc,ligand_similar,445,-13.820535659790039,-1.5409307479858398,1.0
spoc,ligand_similar,446,-13.826116561889648,-1.5332471132278442,1.0
spoc,ligand_similar,447,6.994466781616211,28.174177169799805,0.2
spoc,ligand_similar,448,16.995685577392578,5.445836067199707,1.0
spoc,ligand_similar,449,-2.9825756549835205,5.770207405090332,0.2
spoc,ligand_similar,450,2.513139247894287,15.541669845581055,1.0
spoc,ligand_similar,451,1.8857959508895874,31.151687622070312,1.0
spoc,ligand_similar,452,16.496034622192383,8.836740493774414,1.0
spoc,ligand_similar,453,2.0342628955841064,17.360685348510742,1.0
spoc,ligand_similar,454,2.301967144012451,18.01905059814453,1.0
spoc,ligand_similar,455,20.358083724975586,24.70233917236328,1.0
spoc,ligand_similar,456,12.574296951293945,-2.6349830627441406,0.2
spoc,ligand_similar,457,4.971457481384277,4.464664459228516,1.0
spoc,ligand_similar,458,-0.4429844319820404,3.8811962604522705,0.2
spoc,ligand_similar,459,-0.8890702128410339,3.1314799785614014,0.2
spoc,ligand_similar,460,0.7664735913276672,2.8328983783721924,0.2
spoc,ligand_similar,461,2.4922935962677,15.256391525268555,1.0
spoc,ligand_similar,462,2.388599395751953,15.813721656799316,1.0
spoc,ligand_similar,463,8.775835037231445,29.41763687133789,1.0
spoc,ligand_similar,464,4.2534613609313965,40.17543029785156,1.0
spoc,ligand_similar,465,2.7898895740509033,25.733905792236328,1.0
spoc,ligand_similar,466,-9.412531852722168,-2.672839641571045,1.0
spoc,ligand_similar,467,-5.658247947692871,4.99435567855835,0.2
spoc,ligand_similar,468,11.462638854980469,1.6448724269866943,1.0
spoc,ligand_similar,469,9.649779319763184,-3.572054147720337,0.2
spoc,ligand_similar,470,-8.187162399291992,-3.509382963180542,1.0
spoc,ligand_similar,471,-7.492570400238037,-3.9552042484283447,0.8
spoc,ligand_similar,472,-5.923585891723633,4.420129776000977,0.2
spoc,ligand_similar,473,-3.3583576679229736,5.878270149230957,1.0
spoc,ligand_similar,474,11.513387680053711,23.415809631347656,1.0
spoc,ligand_similar,475,7.299624443054199,24.928752899169922,1.0
spoc,ligand_similar,476,-1.820419430732727,5.383346080780029,0.2
spoc,ligand_similar,477,2.04647159576416,12.10927963256836,1.0
spoc,ligand_similar,478,0.9926434755325317,35.64886474609375,1.0
spoc,ligand_similar,479,16.25958251953125,8.451375007629395,1.0
spoc,ligand_similar,480,-0.21863865852355957,-0.20723426342010498,1.0
spoc,ligand_similar,481,-10.995162963867188,-3.226594924926758,1.0
spoc,ligand_similar,482,10.207816123962402,24.383155822753906,1.0
spoc,ligand_similar,483,24.67644691467285,-8.198102951049805,1.0
spoc,ligand_similar,484,-8.868093490600586,-3.4255218505859375,1.0
spoc,ligand_similar,485,-11.680075645446777,-5.803499221801758,0.8
spoc,ligand_similar,486,-7.786716461181641,4.947649955749512,0.2
spoc,ligand_similar,487,8.735105514526367,-4.156126022338867,1.0
spoc,ligand_similar,488,-7.644128322601318,-3.9519565105438232,1.0
spoc,ligand_similar,489,3.5045969486236572,2.240529775619507,0.2
spoc,ligand_similar,490,4.465889930725098,25.642047882080078,1.0
spoc,ligand_similar,491,-10.349130630493164,-1.9663195610046387,1.0
spoc,ligand_similar,492,2.624486207962036,16.817262649536133,1.0
spoc,ligand_similar,493,4.602733135223389,31.374248504638672,1.0
spoc,ligand_similar,494,-10.332685470581055,-3.515018939971924,1.0
spoc,ligand_similar,495,7.7062273025512695,5.260831832885742,1.0
spoc,ligand_similar,496,1.6823073625564575,-8.345394134521484,0.8
spoc,ligand_similar,497,5.23826789855957,25.003082275390625,1.0
spoc,ligand_similar,498,-11.931278228759766,-5.818357467651367,1.0
spoc,ligand_similar,499,18.85834503173828,4.641377925872803,1.0
spoc,ligand_similar,500,-10.41598129272461,-1.8599016666412354,1.0
spoc,ligand_similar,501,-3.616192102432251,-4.87437629699707,0.2
spoc,ligand_similar,502,6.832003593444824,4.1282124519348145,0.2
spoc,ligand_similar,503,-6.180328845977783,4.979205131530762,1.0
spoc,ligand_similar,504,2.4340481758117676,15.258642196655273,1.0
spoc,ligand_similar,505,-7.914859771728516,4.582728862762451,0.2
spoc,ligand_similar,506,-6.703248023986816,-3.174269914627075,0.8
spoc,ligand_similar,507,5.581255912780762,25.12995147705078,1.0
spoc,ligand_similar,508,4.801143646240234,25.23719024658203,1.0
spoc,ligand_similar,509,-11.708770751953125,-3.270378351211548,1.0
spoc,ligand_similar,510,-0.29375970363616943,5.333461761474609,0.2
spoc,ligand_similar,511,-11.304588317871094,-3.191577434539795,1.0
spoc,ligand_similar,512,4.353572368621826,25.80799102783203,1.0
spoc,ligand_similar,513,4.628593444824219,25.36221694946289,1.0
spoc,ligand_similar,514,3.1852738857269287,2.890775442123413,0.2
spoc,ligand_similar,515,-9.768034934997559,-4.431620121002197,1.0
spoc,ligand_similar,516,-7.307551383972168,-4.510743618011475,0.2
spoc,ligand_similar,517,-10.335022926330566,-3.5167407989501953,1.0
spoc,ligand_similar,518,5.172407627105713,5.993322372436523,1.0
spoc,ligand_similar,519,1.3739714622497559,-8.067302703857422,0.8
spoc,ligand_similar,520,2.287837266921997,2.7794411182403564,0.2
spoc,ligand_similar,521,2.69038987159729,2.331448793411255,0.2
spoc,ligand_similar,522,-9.267107963562012,-4.21737813949585,1.0
spoc,ligand_similar,523,6.929593086242676,4.145061492919922,1.0
spoc,ligand_similar,524,2.3665223121643066,15.353882789611816,1.0
spoc,ligand_similar,525,-8.57275104522705,-4.083149433135986,1.0
spoc,ligand_similar,526,14.858208656311035,26.370038986206055,1.0
spoc,ligand_similar,527,-11.800348281860352,-3.180509328842163,1.0
spoc,ligand_similar,528,-10.241366386413574,-3.605079412460327,1.0
spoc,ligand_similar,529,14.058099746704102,1.5240163803100586,1.0
spoc,ligand_similar,530,14.431951522827148,1.4703869819641113,1.0
spoc,ligand_similar,531,1.729175329208374,-5.608304977416992,1.0
spoc,ligand_similar,532,-6.435729503631592,-5.155625820159912,0.2
spoc,ligand_similar,533,-10.189363479614258,-4.559720993041992,0.8
spoc,ligand_similar,534,2.3610575199127197,13.45779800415039,1.0
spoc,ligand_similar,535,9.769512176513672,-3.978546619415283,1.0
spoc,ligand_similar,536,8.195050239562988,29.856931686401367,1.0
spoc,ligand_similar,537,-5.198852062225342,-4.140198230743408,1.0
spoc,ligand_similar,538,1.832292914390564,0.9366799592971802,1.0
spoc,ligand_similar,539,6.661449432373047,2.2227632999420166,0.2
spoc,ligand_similar,540,-8.420528411865234,-3.803291082382202,1.0
spoc,ligand_similar,541,7.000958442687988,3.9795596599578857,1.0
spoc,ligand_similar,542,18.347448348999023,3.645235776901245,1.0
spoc,ligand_similar,543,4.790635585784912,25.741920471191406,1.0
spoc,ligand_similar,544,-5.293054103851318,-4.501314163208008,0.2
spoc,ligand_similar,545,2.3121888637542725,14.01301097869873,1.0
spoc,ligand_similar,546,-4.871909141540527,9.478096008300781,1.0
spoc,ligand_similar,547,-11.849059104919434,-2.8638434410095215,1.0
spoc,ligand_similar,548,-11.924052238464355,-2.734623670578003,1.0
spoc,ligand_similar,549,-5.863360404968262,6.9716010093688965,0.6
spoc,ligand_similar,550,2.8847179412841797,5.041664123535156,0.2
spoc,ligand_similar,551,19.52950668334961,4.713345527648926,1.0
spoc,ligand_similar,552,-5.848134994506836,6.960860729217529,0.2
spoc,ligand_similar,553,-5.04947566986084,7.349050521850586,0.2
spoc,ligand_similar,554,2.3151509761810303,14.542889595031738,1.0
spoc,ligand_similar,555,16.863149642944336,28.43082046508789,1.0
spoc,ligand_similar,556,15.990901947021484,6.017765045166016,1.0
spoc,ligand_similar,557,-6.516880035400391,7.683751106262207,0.2
spoc,ligand_similar,558,3.685384511947632,-0.14275407791137695,1.0
spoc,ligand_similar,559,9.457903861999512,-3.288747549057007,0.2
spoc,ligand_similar,560,-4.67506742477417,7.940182209014893,0.2
spoc,ligand_similar,561,-7.337703227996826,-4.140005111694336,0.2
spoc,ligand_similar,562,16.20651626586914,5.056461334228516,1.0
spoc,ligand_similar,563,-10.551809310913086,-2.481055736541748,1.0
spoc,ligand_similar,564,6.456221580505371,4.236275672912598,0.2
spoc,ligand_similar,565,22.571151733398438,24.999971389770508,1.0
spoc,ligand_similar,566,-9.211581230163574,-1.1441805362701416,1.0
spoc,ligand_similar,567,4.516000747680664,-0.15012580156326294,1.0
spoc,ligand_similar,568,-5.833584785461426,6.945087909698486,0.2
spoc,ligand_similar,569,18.540058135986328,0.7668600678443909,1.0
spoc,ligand_similar,570,-9.016375541687012,-2.443455457687378,1.0
spoc,ligand_similar,571,9.982582092285156,1.9811537265777588,1.0
spoc,ligand_similar,572,0.0645887702703476,0.34458214044570923,1.0
spoc,ligand_similar,573,-1.5444748401641846,-5.4804534912109375,1.0
spoc,ligand_similar,574,2.436858892440796,-6.473186492919922,0.8
spoc,ligand_similar,575,-4.349392414093018,-4.770820617675781,0.2
spoc,ligand_similar,576,-5.8386454582214355,6.959675312042236,0.2
spoc,ligand_similar,577,2.919935464859009,2.31654953956604,0.2
spoc,ligand_similar,578,21.481536865234375,-12.932323455810547,0.6
spoc,ligand_similar,579,21.023303985595703,-12.920642852783203,1.0
spoc,ligand_similar,580,0.14664924144744873,5.229048728942871,0.2
spoc,ligand_similar,581,0.8957210779190063,-6.206846237182617,0.8
spoc,ligand_similar,582,5.638827323913574,28.397804260253906,0.2
spoc,ligand_similar,583,2.1489579677581787,2.4641573429107666,0.2
spoc,ligand_similar,584,8.790718078613281,11.19480037689209,1.0
spoc,ligand_similar,585,-11.708770751953125,-3.270378351211548,1.0
spoc,ligand_similar,586,0.8952050805091858,0.337210476398468,1.0
spoc,ligand_similar,587,6.652904510498047,2.920332193374634,0.2
spoc,ligand_similar,588,22.71475601196289,0.34582334756851196,1.0
spoc,ligand_similar,589,6.4098052978515625,28.250198364257812,0.2
spoc,ligand_similar,590,-0.8367912769317627,-6.345335006713867,0.8
spoc,ligand_similar,591,-10.611825942993164,-2.7163684368133545,0.2
spoc,ligand_similar,592,-1.987434983253479,-6.231249809265137,0.8
spoc,ligand_similar,593,-2.6951186656951904,-5.366368293762207,1.0
spoc,ligand_similar,594,7.299385070800781,-3.031085729598999,0.8
spoc,reaction_representation_matched,0,-7.514048099517822,-2.674347162246704,0.2
spoc,reaction_representation_matched,1,-7.272728443145752,-2.375002145767212,1.0
spoc,reaction_representation_matched,2,-7.18414306640625,-2.620084285736084,0.4
spoc,reaction_representation_matched,3,-7.205877780914307,-2.4814200401306152,1.0
spoc,reaction_representation_matched,4,-0.7877295017242432,-7.168025493621826,1.0
spoc,reaction_representation_matched,5,2.151517391204834,5.145219802856445,0.6
spoc,reaction_representation_matched,6,-1.8620721101760864,17.78993034362793,0.4
spoc,reaction_representation_matched,7,-7.628450870513916,-2.510674238204956,0.6
spoc,reaction_representation_matched,8,6.553947448730469,31.209522247314453,0.2
spoc,reaction_representation_matched,9,-0.4277369976043701,-6.636636257171631,1.0
spoc,reaction_representation_matched,10,5.884483337402344,16.733156204223633,1.0
spoc,reaction_representation_matched,11,0.6031337380409241,2.962740898132324,1.0
spoc,reaction_representation_matched,12,-0.2049737572669983,3.0883607864379883,0.6
spoc,reaction_representation_matched,13,-4.7194671630859375,2.6310629844665527,1.0
spoc,reaction_representation_matched,14,-1.0524364709854126,0.7814797759056091,1.0
spoc,reaction_representation_matched,15,-1.6949158906936646,1.144389271736145,1.0
spoc,reaction_representation_matched,16,-1.0619081258773804,-0.19093692302703857,1.0
spoc,reaction_representation_matched,17,-5.540611743927002,3.610851287841797,1.0
spoc,reaction_representation_matched,18,-5.550083637237549,2.638434410095215,1.0
spoc,reaction_representation_matched,19,-6.183091163635254,3.9737610816955566,1.0
spoc,reaction_representation_matched,20,7.885475158691406,30.755674362182617,0.8
spoc,reaction_representation_matched,21,3.5002100467681885,-4.311366081237793,0.2
spoc,reaction_representation_matched,22,4.377995014190674,-5.58330774307251,1.0
spoc,reaction_representation_matched,23,5.160551071166992,20.29779624938965,1.0
spoc,reaction_representation_matched,24,5.258090496063232,19.109487533569336,1.0
spoc,reaction_representation_matched,25,6.449257850646973,22.25604248046875,1.0
spoc,reaction_representation_matched,26,-5.602388858795166,-2.671802520751953,1.0
spoc,reaction_representation_matched,27,-8.560215950012207,-2.06653094291687,1.0
spoc,reaction_representation_matched,28,-2.483023166656494,18.886558532714844,1.0
spoc,reaction_representation_matched,29,3.9561398029327393,9.438741683959961,1.0
spoc,reaction_representation_matched,30,4.027440547943115,11.629342079162598,1.0
spoc,reaction_representation_matched,31,4.472899913787842,12.948796272277832,1.0
spoc,reaction_representation_matched,32,4.295757293701172,12.235294342041016,1.0
spoc,reaction_representation_matched,33,4.133706092834473,11.567787170410156,1.0
spoc,reaction_representation_matched,34,4.027077674865723,9.801685333251953,1.0
spoc,reaction_representation_matched,35,44.65340042114258,-17.502521514892578,1.0
spoc,reaction_representation_matched,36,44.92597579956055,-16.364748001098633,1.0
spoc,reaction_representation_matched,37,-1.2732874155044556,6.505226135253906,1.0
spoc,reaction_representation_matched,38,19.302043914794922,-10.687560081481934,1.0
spoc,reaction_representation_matched,39,2.6168792247772217,10.1383638381958,1.0
spoc,reaction_representation_matched,40,-7.800536632537842,0.025392411276698112,1.0
spoc,reaction_representation_matched,41,6.898914813995361,-5.621924877166748,0.2
spoc,reaction_representation_matched,42,0.9719954133033752,-5.290769577026367,1.0
spoc,reaction_representation_matched,43,-0.8461257815361023,-0.42001843452453613,1.0
spoc,reaction_representation_matched,44,12.407617568969727,-10.149728775024414,1.0
spoc,reaction_representation_matched,45,11.97640609741211,30.349136352539062,1.0
spoc,reaction_representation_matched,46,3.375786781311035,-2.3505311012268066,1.0
spoc,reaction_representation_matched,47,16.936582565307617,-11.425102233886719,0.8
spoc,reaction_representation_matched,48,27.74296760559082,-12.005958557128906,1.0
spoc,reaction_representation_matched,49,21.501895904541016,-13.225406646728516,1.0
spoc,reaction_representation_matched,50,21.087169647216797,-11.030479431152344,1.0
spoc,reaction_representation_matched,51,4.288241863250732,-7.6920247077941895,0.2
spoc,reaction_representation_matched,52,9.81208610534668,-8.374463081359863,1.0
spoc,reaction_representation_matched,53,-7.220108509063721,-8.378531455993652,1.0
spoc,reaction_representation_matched,54,11.851489067077637,-7.828453063964844,1.0
spoc,reaction_representation_matched,55,10.115354537963867,-9.945823669433594,1.0
spoc,reaction_representation_matched,56,21.55742835998535,-11.082765579223633,0.8
spoc,reaction_representation_matched,57,-0.801376223564148,-7.021687030792236,1.0
spoc,reaction_representation_matched,58,19.78316307067871,-10.566705703735352,1.0
spoc,reaction_representation_matched,59,0.04873934015631676,-3.082646131515503,1.0
spoc,reaction_representation_matched,60,-5.986306190490723,-2.2990691661834717,0.6
spoc,reaction_representation_matched,61,7.964343547821045,-2.8099985122680664,1.0
spoc,reaction_representation_matched,62,10.201455116271973,-3.588210105895996,1.0
spoc,reaction_representation_matched,63,7.549921035766602,-3.5606791973114014,1.0
spoc,reaction_representation_matched,64,-3.5507009029388428,0.0733911395072937,0.6
spoc,reaction_representation_matched,65,-6.1737189292907715,-2.2709200382232666,1.0
spoc,reaction_representation_matched,66,3.7512013912200928,2.0780460834503174,1.0
spoc,reaction_representation_matched,67,0.16365712881088257,2.9693140983581543,1.0
spoc,reaction_representation_matched,68,1.4886976480484009,3.301469087600708,1.0
spoc,reaction_representation_matched,69,-1.2664358615875244,3.170315980911255,0.2
spoc,reaction_representation_matched,70,4.8595170974731445,-2.7088444232940674,1.0
spoc,reaction_representation_matched,71,-6.130991458892822,-2.4324707984924316,0.8
spoc,reaction_representation_matched,72,24.505420684814453,-8.308855056762695,0.2
spoc,reaction_representation_matched,73,22.262109756469727,-7.946887493133545,1.0
spoc,reaction_representation_matched,74,5.985021591186523,-3.2571146488189697,1.0
spoc,reaction_representation_matched,75,-0.23129180073738098,-0.198308527469635,1.0
spoc,reaction_representation_matched,76,-4.878561019897461,8.844934463500977,1.0
spoc,reaction_representation_matched,77,-10.496021270751953,4.909201622009277,1.0
spoc,reaction_representation_matched,78,-10.5054931640625,3.9367847442626953,1.0
spoc,reaction_representation_matched,79,-1.3474167585372925,3.960070848464966,1.0
spoc,reaction_representation_matched,80,-3.7021067142486572,1.3847692012786865,1.0
spoc,reaction_representation_matched,81,21.985876083374023,-11.382296562194824,1.0
spoc,reaction_representation_matched,82,19.89159393310547,-7.149851322174072,0.2
spoc,reaction_representation_matched,83,-4.030830383300781,-4.168901443481445,1.0
spoc,reaction_representation_matched,84,6.466405868530273,30.9104061126709,1.0
spoc,reaction_representation_matched,85,13.83445930480957,30.0281925201416,0.4
spoc,reaction_representation_matched,86,12.585457801818848,29.964061737060547,1.0
spoc,reaction_representation_matched,87,8.148445129394531,31.34202003479004,1.0
spoc,reaction_representation_matched,88,14.513307571411133,29.300779342651367,0.8
spoc,reaction_representation_matched,89,12.080503463745117,30.242353439331055,1.0
spoc,reaction_representation_matched,90,-7.189332008361816,-8.403238296508789,1.0
spoc,reaction_representation_matched,91,-10.07602310180664,-3.874126672744751,1.0
spoc,reaction_representation_matched,92,-4.159870624542236,-4.416576862335205,1.0
spoc,reaction_representation_matched,93,16.230642318725586,-15.563614845275879,1.0
spoc,reaction_representation_matched,94,2.326432466506958,-4.679312229156494,1.0
spoc,reaction_representation_matched,95,-1.4118576049804688,1.756652593612671,1.0
spoc,reaction_representation_matched,96,23.153484344482422,-7.653289794921875,1.0
spoc,reaction_representation_matched,97,5.032280921936035,4.771533966064453,0.2
spoc,reaction_representation_matched,98,-0.6559197306632996,3.490280866622925,1.0
spoc,reaction_representation_matched,99,1.0318118333816528,3.4071242809295654,1.0
spoc,reaction_representation_matched,100,-0.6237318515777588,3.7057058811187744,1.0
spoc,reaction_representation_matched,101,1.6489766836166382,27.61772918701172,1.0
spoc,reaction_representation_matched,102,-4.4520649909973145,-2.804011821746826,0.2
spoc,reaction_representation_matched,103,31.280838012695312,-14.058086395263672,1.0
spoc,reaction_representation_matched,104,-11.138501167297363,5.272110939025879,1.0
spoc,reaction_representation_matched,105,2.084770679473877,5.730185508728027,0.4
spoc,reaction_representation_matched,106,13.950008392333984,1.236454963684082,0.2
spoc,reaction_representation_matched,107,22.03322982788086,0.23405343294143677,0.6
spoc,reaction_representation_matched,108,-6.111462116241455,4.1056437492370605,1.0
spoc,reaction_representation_matched,109,3.2325847148895264,2.9671664237976074,1.0
spoc,reaction_representation_matched,110,-9.308575630187988,5.296494007110596,1.0
spoc,reaction_representation_matched,111,-9.272429466247559,5.278003215789795,1.0
spoc,reaction_representation_matched,112,-3.2273292541503906,8.166682243347168,1.0
spoc,reaction_representation_matched,113,33.89837646484375,-15.571427345275879,1.0
spoc,reaction_representation_matched,114,1.2078555822372437,5.414726257324219,0.4
spoc,reaction_representation_matched,115,-2.386141538619995,-4.928900241851807,1.0
spoc,reaction_representation_matched,116,-7.2887749671936035,-1.2765933275222778,1.0
spoc,reaction_representation_matched,117,-7.2948760986328125,-1.2692933082580566,1.0
spoc,reaction_representation_matched,118,0.38597923517227173,-2.0931766033172607,0.4
spoc,reaction_representation_matched,119,9.017189979553223,-3.4413790702819824,0.8
spoc,reaction_representation_matched,120,-0.6532295942306519,3.507877826690674,1.0
spoc,reaction_representation_matched,121,3.769935369491577,2.81475567817688,1.0
spoc,reaction_representation_matched,122,-0.6344912052154541,3.740961790084839,1.0
spoc,reaction_representation_matched,123,2.553175687789917,3.3536672592163086,1.0
spoc,reaction_representation_matched,124,2.112271785736084,3.0123510360717773,1.0
spoc,reaction_representation_matched,125,1.2608466148376465,5.337309837341309,1.0
spoc,reaction_representation_matched,126,16.041635513305664,30.090007781982422,1.0
spoc,reaction_representation_matched,127,11.18019962310791,30.25690460205078,0.4
spoc,reaction_representation_matched,128,13.793954849243164,30.11868667602539,1.0
spoc,reaction_representation_matched,129,5.282841205596924,-5.370170593261719,1.0
spoc,reaction_representation_matched,130,11.235876083374023,29.91486358642578,1.0
spoc,reaction_representation_matched,131,3.8374788761138916,-5.26180362701416,1.0
spoc,reaction_representation_matched,132,-0.17857134342193604,-3.2143936157226562,1.0
spoc,reaction_representation_matched,133,26.653804779052734,-14.81582260131836,1.0
spoc,reaction_representation_matched,134,2.3911499977111816,-5.688526630401611,1.0
spoc,reaction_representation_matched,135,3.95652174949646,-5.247403621673584,1.0
spoc,reaction_representation_matched,136,24.641965866088867,-8.17273998260498,1.0
spoc,reaction_representation_matched,137,-9.27476692199707,5.276281356811523,1.0
spoc,reaction_representation_matched,138,2.4464917182922363,-0.8193349838256836,1.0
spoc,reaction_representation_matched,139,21.724409103393555,-7.5621490478515625,0.6
spoc,reaction_representation_matched,140,-0.8893717527389526,4.252207279205322,1.0
spoc,reaction_representation_matched,141,10.493612289428711,-4.282187461853027,1.0
spoc,reaction_representation_matched,142,-1.5346224308013916,6.392639636993408,1.0
spoc,reaction_representation_matched,143,20.707319259643555,-7.469376087188721,0.6
spoc,reaction_representation_matched,144,22.4285888671875,-7.656854152679443,1.0
spoc,reaction_representation_matched,145,-2.4822440147399902,18.88713264465332,1.0
spoc,reaction_representation_matched,146,10.876666069030762,-3.7744314670562744,1.0
spoc,reaction_representation_matched,147,2.95572829246521,2.905674934387207,1.0
spoc,reaction_representation_matched,148,22.28042221069336,-0.24567002058029175,1.0
spoc,reaction_representation_matched,149,19.7618350982666,0.2845354676246643,0.2
spoc,reaction_representation_matched,150,11.860433578491211,-3.656792640686035,1.0
spoc,reaction_representation_matched,151,9.348871231079102,-3.99649715423584,1.0
spoc,reaction_representation_matched,152,29.484739303588867,-13.275604248046875,1.0
spoc,reaction_representation_matched,153,2.320472478866577,4.9965667724609375,0.4
spoc,reaction_representation_matched,154,-3.6312456130981445,1.429889440536499,1.0
spoc,reaction_representation_matched,155,-5.456287860870361,0.17174720764160156,0.2
spoc,reaction_representation_matched,156,-1.9278945922851562,-4.486285209655762,0.6
spoc,reaction_representation_matched,157,-1.9327137470245361,-4.482324123382568,1.0
spoc,reaction_representation_matched,158,-1.8950175046920776,-4.510601043701172,0.4
spoc,reaction_representation_matched,159,-3.8482625484466553,-3.123626470565796,0.2
spoc,reaction_representation_matched,160,13.989718437194824,-5.2642035484313965,1.0
spoc,reaction_representation_matched,161,8.340339660644531,15.017654418945312,0.8
spoc,reaction_representation_matched,162,14.534626960754395,29.28167152404785,1.0
spoc,reaction_representation_matched,163,-5.144067764282227,-0.8614972233772278,1.0
spoc,reaction_representation_matched,164,5.105452537536621,-6.278782844543457,1.0
spoc,reaction_representation_matched,165,3.754445791244507,-5.953708171844482,1.0
spoc,reaction_representation_matched,166,2.2622134685516357,-5.936125755310059,1.0
spoc,reaction_representation_matched,167,3.7297213077545166,-6.270750045776367,1.0
spoc,reaction_representation_matched,168,-4.8969011306762695,4.866213321685791,1.0
spoc,reaction_representation_matched,169,-0.9161266088485718,3.2178213596343994,0.8
spoc,reaction_representation_matched,170,0.2726258933544159,2.8447697162628174,0.6
spoc,reaction_representation_matched,171,12.342910766601562,23.727025985717773,1.0
spoc,reaction_representation_matched,172,-0.6715792417526245,3.4874579906463623,1.0
spoc,reaction_representation_matched,173,6.275365829467773,-2.0778496265411377,1.0
spoc,reaction_representation_matched,174,-1.0397833585739136,0.7725540399551392,1.0
spoc,reaction_representation_matched,175,-1.0492550134658813,-0.19986265897750854,1.0
spoc,reaction_representation_matched,176,-3.5880351066589355,0.5011155009269714,1.0
spoc,reaction_representation_matched,177,-9.972430229187012,2.823162794113159,1.0
spoc,reaction_representation_matched,178,23.001157760620117,-7.468809604644775,1.0
spoc,reaction_representation_matched,179,22.50590705871582,-8.879171371459961,0.8
spoc,reaction_representation_matched,180,-2.4606103897094727,0.05759614706039429,1.0
spoc,reaction_representation_matched,181,-5.876301288604736,2.9214375019073486,1.0
spoc,reaction_representation_matched,182,20.540842056274414,-7.759408473968506,0.2
spoc,reaction_representation_matched,183,-4.627817153930664,3.347651720046997,1.0
spoc,reaction_representation_matched,184,7.740289688110352,28.791004180908203,1.0
spoc,reaction_representation_matched,185,23.38959312438965,-18.33720588684082,1.0
spoc,reaction_representation_matched,186,11.627552032470703,3.775498390197754,1.0
spoc,reaction_representation_matched,187,23.29002571105957,-7.517174243927002,1.0
spoc,reaction_representation_matched,188,2.2601358890533447,-5.937655925750732,1.0
spoc,reaction_representation_matched,189,17.221914291381836,15.325569152832031,1.0
spoc,reaction_representation_matched,190,-8.09588623046875,2.2896888256073,1.0
spoc,reaction_representation_matched,191,13.99536418914795,29.9410343170166,0.2
spoc,reaction_representation_matched,192,3.9076955318450928,-4.141404151916504,1.0
spoc,reaction_representation_matched,193,2.9103879928588867,-5.054704666137695,1.0
spoc,reaction_representation_matched,194,0.6718129515647888,16.728801727294922,0.8
spoc,reaction_representation_matched,195,-1.4441407918930054,6.202208518981934,1.0
spoc,reaction_representation_matched,196,-2.4337158203125,30.353776931762695,1.0
spoc,reaction_representation_matched,197,-0.6685152053833008,1.883528470993042,1.0
spoc,reaction_representation_matched,198,-4.266793727874756,-1.484320878982544,1.0
spoc,reaction_representation_matched,199,16.458999633789062,-2.34110426902771,1.0
spoc,reaction_representation_matched,200,5.632147789001465,-2.1919808387756348,1.0
spoc,reaction_representation_matched,201,6.490492820739746,25.205432891845703,1.0
spoc,reaction_representation_matched,202,-4.503714084625244,0.09000706672668457,0.6
spoc,reaction_representation_matched,203,0.5504899024963379,0.6648421883583069,1.0
spoc,reaction_representation_matched,204,23.1800479888916,-9.101479530334473,0.4
spoc,reaction_representation_matched,205,20.802183151245117,-8.584151268005371,0.8
spoc,reaction_representation_matched,206,24.63646125793457,-9.129545211791992,1.0
spoc,reaction_representation_matched,207,23.394433975219727,-8.662714958190918,1.0
spoc,reaction_representation_matched,208,5.832100868225098,16.660717010498047,1.0
spoc,reaction_representation_matched,209,-0.5133522152900696,2.3351995944976807,1.0
spoc,reaction_representation_matched,210,23.33778953552246,-7.830220699310303,1.0
spoc,reaction_representation_matched,211,24.47548484802246,-8.462772369384766,0.6
spoc,reaction_representation_matched,212,-3.790445566177368,-1.2679640054702759,0.4
spoc,reaction_representation_matched,213,-5.644155025482178,-1.9787359237670898,1.0
spoc,reaction_representation_matched,214,-6.737081527709961,-2.033801317214966,1.0
spoc,reaction_representation_matched,215,-7.997219562530518,-1.6504149436950684,1.0
spoc,reaction_representation_matched,216,-8.672222137451172,-2.009963035583496,1.0
spoc,reaction_representation_matched,217,-9.480154037475586,0.552136242389679,1.0
spoc,reaction_representation_matched,218,1.0111480951309204,1.9164683818817139,1.0
spoc,reaction_representation_matched,219,-7.794182777404785,0.959632933139801,1.0
spoc,reaction_representation_matched,220,-10.788776397705078,2.3569111824035645,1.0
spoc,reaction_representation_matched,221,-4.946406364440918,0.8140832185745239,0.4
spoc,reaction_representation_matched,222,24.50996971130371,-8.488136291503906,0.4
spoc,reaction_representation_matched,223,-4.358180046081543,3.890733003616333,1.0
spoc,reaction_representation_matched,224,3.822613477706909,2.0440402030944824,1.0
spoc,reaction_representation_matched,225,-6.492023468017578,-0.8286455273628235,1.0
spoc,reaction_representation_matched,226,5.336803436279297,28.37177276611328,1.0
spoc,reaction_representation_matched,227,-0.3490675687789917,2.7016165256500244,1.0
spoc,reaction_representation_matched,228,-5.1831746101379395,-2.698916435241699,0.8
spoc,reaction_representation_matched,229,-0.9233458638191223,-0.16327065229415894,1.0
spoc,reaction_representation_matched,230,33.395870208740234,-15.359723091125488,1.0
spoc,reaction_representation_matched,231,6.385448455810547,25.339805603027344,1.0
spoc,reaction_representation_matched,232,6.382124900817871,24.460023880004883,1.0
spoc,reaction_representation_matched,233,8.46722412109375,-8.142959594726562,1.0
spoc,reaction_representation_matched,234,5.341553211212158,-6.666407108306885,1.0
spoc,reaction_representation_matched,235,-4.883093357086182,-0.40577906370162964,1.0
spoc,reaction_representation_matched,236,-5.757761478424072,-2.8504693508148193,0.4
spoc,reaction_representation_matched,237,-8.549781799316406,-0.11549228429794312,0.8
spoc,reaction_representation_matched,238,8.047869682312012,-5.415570259094238,0.6
spoc,reaction_representation_matched,239,-6.3986592292785645,-2.584510564804077,1.0
spoc,reaction_representation_matched,240,5.038595199584961,-4.6166887283325195,0.2
spoc,reaction_representation_matched,241,-6.3859333992004395,-2.57513689994812,0.8
spoc,reaction_representation_matched,242,-0.16836130619049072,-3.7705626487731934,1.0
spoc,reaction_representation_matched,243,7.288433074951172,-3.8361802101135254,1.0
spoc,reaction_representation_matched,244,4.256343364715576,28.766544342041016,1.0
spoc,reaction_representation_matched,245,4.567902088165283,2.275927782058716,1.0
spoc,reaction_representation_matched,246,2.600799798965454,29.065128326416016,1.0
spoc,reaction_representation_matched,247,8.057771682739258,28.209575653076172,1.0
spoc,reaction_representation_matched,248,3.2771079540252686,-0.8267066478729248,1.0
spoc,reaction_representation_matched,249,-9.674877166748047,3.929413318634033,1.0
spoc,reaction_representation_matched,250,21.351898193359375,-13.939541816711426,1.0
spoc,reaction_representation_matched,251,1.0016766786575317,0.9440512657165527,1.0
spoc,reaction_representation_matched,252,-0.5812413692474365,1.7492811679840088,1.0
spoc,reaction_representation_matched,253,2.555986166000366,26.278270721435547,1.0
spoc,reaction_representation_matched,254,7.7382402420043945,23.852048873901367,1.0
spoc,reaction_representation_matched,255,5.305446624755859,25.10877799987793,1.0
spoc,reaction_representation_matched,256,8.18784236907959,24.077871322631836,1.0
spoc,reaction_representation_matched,257,2.8025429248809814,25.732322692871094,1.0
spoc,reaction_representation_matched,258,-5.264569282531738,-0.20410621166229248,1.0
spoc,reaction_representation_matched,259,-8.99414348602295,-0.08596581220626831,1.0
spoc,reaction_representation_matched,260,2.818359375,25.730348587036133,1.0
spoc,reaction_representation_matched,261,-6.521176338195801,-2.8815829753875732,0.8
spoc,reaction_representation_matched,262,-5.826754570007324,-0.1362726092338562,1.0
spoc,reaction_representation_matched,263,16.097530364990234,7.783867835998535,1.0
spoc,reaction_representation_matched,264,16.436725616455078,9.164876937866211,1.0
spoc,reaction_representation_matched,265,-8.875787734985352,2.5761067867279053,1.0
spoc,reaction_representation_matched,266,-4.810340404510498,4.033809661865234,1.0
spoc,reaction_representation_matched,267,4.833240032196045,2.850153923034668,1.0
spoc,reaction_representation_matched,268,5.777707099914551,28.713088989257812,1.0
spoc,reaction_representation_matched,269,16.080968856811523,-16.33066749572754,1.0
spoc,reaction_representation_matched,270,2.990966796875,-1.8890420198440552,0.4
spoc,reaction_representation_matched,271,-9.632270812988281,0.7660133242607117,1.0
spoc,reaction_representation_matched,272,-8.83853816986084,1.0767943859100342,1.0
spoc,reaction_representation_matched,273,-8.838667869567871,1.0766987800598145,0.8
spoc,reaction_representation_matched,274,-8.838460922241211,1.0768518447875977,1.0
spoc,reaction_representation_matched,275,-0.6490538716316223,1.7432010173797607,1.0
spoc,reaction_representation_matched,276,1.8469332456588745,2.438124895095825,1.0
spoc,reaction_representation_matched,277,-0.5085238814353943,5.18740177154541,1.0
spoc,reaction_representation_matched,278,2.4142963886260986,3.0383832454681396,1.0
spoc,reaction_representation_matched,279,6.180259704589844,28.26509666442871,1.0
spoc,reaction_representation_matched,280,2.7962162494659424,25.73311424255371,1.0
spoc,reaction_representation_matched,281,14.02743148803711,-2.8571627140045166,1.0
spoc,reaction_representation_matched,282,2.781477451324463,-5.302283763885498,1.0
spoc,reaction_representation_matched,283,-7.594767093658447,-2.200364589691162,1.0
spoc,reaction_representation_matched,284,2.6830170154571533,31.720462799072266,1.0
spoc,reaction_representation_matched,285,-4.92108154296875,-2.485448122024536,0.4
spoc,reaction_representation_matched,286,3.696255683898926,25.355588912963867,1.0
spoc,reaction_representation_matched,287,8.796317100524902,24.234458923339844,1.0
spoc,reaction_representation_matched,288,3.5964393615722656,25.495338439941406,1.0
spoc,reaction_representation_matched,289,-10.879714965820312,-0.24903100728988647,1.0
spoc,reaction_representation_matched,290,18.6962947845459,3.9738705158233643,1.0
spoc,reaction_representation_matched,291,2.148972272872925,5.143344879150391,0.2
spoc,reaction_representation_matched,292,23.12354850769043,-7.8072075843811035,1.0
spoc,reaction_representation_matched,293,-13.820535659790039,-1.5409307479858398,0.8
spoc,reaction_representation_matched,294,-13.826116561889648,-1.5332471132278442,1.0
spoc,reaction_representation_matched,295,-5.7338104248046875,0.4533770680427551,1.0
spoc,reaction_representation_matched,296,6.994466781616211,28.174177169799805,1.0
spoc,reaction_representation_matched,297,16.995685577392578,5.445836067199707,1.0
spoc,reaction_representation_matched,298,2.513139247894287,15.541669845581055,1.0
spoc,reaction_representation_matched,299,3.7181246280670166,-4.836464881896973,1.0
spoc,reaction_representation_matched,300,0.14204776287078857,3.6189258098602295,1.0
spoc,reaction_representation_matched,301,1.8857959508895874,31.151687622070312,1.0
spoc,reaction_representation_matched,302,16.496034622192383,8.836740493774414,1.0
spoc,reaction_representation_matched,303,-6.392119407653809,-3.2817132472991943,1.0
spoc,reaction_representation_matched,304,-5.8736371994018555,0.022217093035578728,1.0
spoc,reaction_representation_matched,305,0.060404177755117416,-3.6032042503356934,0.4
spoc,reaction_representation_matched,306,2.0342628955841064,17.360685348510742,1.0
spoc,reaction_representation_matched,307,2.301967144012451,18.01905059814453,1.0
spoc,reaction_representation_matched,308,-6.1603851318359375,-0.6083669066429138,1.0
spoc,reaction_representation_matched,309,12.574296951293945,-2.6349830627441406,0.4
spoc,reaction_representation_matched,310,1.1097334623336792,3.3592584133148193,1.0
spoc,reaction_representation_matched,311,6.029807090759277,-8.4894437789917,1.0
spoc,reaction_representation_matched,312,3.052377223968506,1.1925721168518066,1.0
spoc,reaction_representation_matched,313,-0.4429844319820404,3.8811962604522705,1.0
spoc,reaction_representation_matched,314,-0.8890702128410339,3.1314799785614014,1.0
spoc,reaction_representation_matched,315,0.7664735913276672,2.8328983783721924,1.0
spoc,reaction_representation_matched,316,-1.6822627782821655,1.1354634761810303,1.0
spoc,reaction_representation_matched,317,-2.0973641872406006,-1.8115261793136597,1.0
spoc,reaction_representation_matched,318,2.4922935962677,15.256391525268555,1.0
spoc,reaction_representation_matched,319,2.388599395751953,15.813721656799316,1.0
spoc,reaction_representation_matched,320,8.775835037231445,29.41763687133789,1.0
spoc,reaction_representation_matched,321,1.3346842527389526,-4.695060729980469,1.0
spoc,reaction_representation_matched,322,4.2534613609313965,40.17543029785156,1.0
spoc,reaction_representation_matched,323,2.7898895740509033,25.733905792236328,1.0
spoc,reaction_representation_matched,324,-5.658247947692871,4.99435567855835,1.0
spoc,reaction_representation_matched,325,25.712270736694336,-7.488610744476318,1.0
spoc,reaction_representation_matched,326,2.6859893798828125,-6.712551593780518,1.0
spoc,reaction_representation_matched,327,-6.120919227600098,-2.120692253112793,1.0
spoc,reaction_representation_matched,328,0.8394840955734253,-3.750263214111328,1.0
spoc,reaction_representation_matched,329,-5.923585891723633,4.420129776000977,1.0
spoc,reaction_representation_matched,330,11.513387680053711,23.415809631347656,1.0
spoc,reaction_representation_matched,331,7.299624443054199,24.928752899169922,1.0
spoc,reaction_representation_matched,332,-1.389918565750122,6.574006080627441,1.0
spoc,reaction_representation_matched,333,2.04647159576416,12.10927963256836,1.0
spoc,reaction_representation_matched,334,-6.640466690063477,-1.6309776306152344,0.2
spoc,reaction_representation_matched,335,7.154657363891602,-5.948457717895508,1.0
spoc,reaction_representation_matched,336,0.9926434755325317,35.64886474609375,1.0
spoc,reaction_representation_matched,337,6.453373432159424,3.5884621143341064,1.0
spoc,reaction_representation_matched,338,-3.9181368350982666,-1.244929313659668,0.2
spoc,reaction_representation_matched,339,16.25958251953125,8.451375007629395,1.0
spoc,reaction_representation_matched,340,-1.5867174863815308,6.431591987609863,1.0
spoc,reaction_representation_matched,341,-0.21863865852355957,-0.20723426342010498,1.0
spoc,reaction_representation_matched,342,-4.535130977630615,-3.4093668460845947,1.0
spoc,reaction_representation_matched,343,10.207816123962402,24.383155822753906,1.0
spoc,reaction_representation_matched,344,24.67644691467285,-8.198102951049805,1.0
spoc,reaction_representation_matched,345,-5.433608531951904,-1.8378806114196777,1.0
spoc,reaction_representation_matched,346,-6.636331558227539,-2.7630774974823,1.0
spoc,reaction_representation_matched,347,8.735105514526367,-4.156126022338867,1.0
spoc,reaction_representation_matched,348,3.5045969486236572,2.240529775619507,1.0
spoc,reaction_representation_matched,349,4.465889930725098,25.642047882080078,1.0
spoc,reaction_representation_matched,350,2.624486207962036,16.817262649536133,1.0
spoc,reaction_representation_matched,351,4.602733135223389,31.374248504638672,0.6
spoc,reaction_representation_matched,352,2.2314951419830322,-4.149185657501221,0.6
spoc,reaction_representation_matched,353,-1.40238618850708,2.729069471359253,1.0
spoc,reaction_representation_matched,354,5.23826789855957,25.003082275390625,1.0
spoc,reaction_representation_matched,355,2.9162349700927734,-1.852750301361084,0.8
spoc,reaction_representation_matched,356,2.365570306777954,-5.11096715927124,1.0
spoc,reaction_representation_matched,357,18.85834503173828,4.641377925872803,1.0
spoc,reaction_representation_matched,358,-1.9447038173675537,-3.094846487045288,1.0
spoc,reaction_representation_matched,359,6.832003593444824,4.1282124519348145,0.4
spoc,reaction_representation_matched,360,2.4340481758117676,15.258642196655273,1.0
spoc,reaction_representation_matched,361,2.0942845344543457,-1.6280587911605835,1.0
spoc,reaction_representation_matched,362,2.9984259605407715,-1.9089694023132324,0.2
spoc,reaction_representation_matched,363,-0.27489912509918213,-3.1564719676971436,1.0
spoc,reaction_representation_matched,364,5.581255912780762,25.12995147705078,1.0
spoc,reaction_representation_matched,365,4.801143646240234,25.23719024658203,1.0
spoc,reaction_representation_matched,366,-2.169090747833252,-3.486323595046997,1.0
spoc,reaction_representation_matched,367,-0.29375970363616943,5.333461761474609,0.2
spoc,reaction_representation_matched,368,0.6214714646339417,5.820858001708984,0.4
spoc,reaction_representation_matched,369,-8.464142799377441,-1.870924949645996,1.0
spoc,reaction_representation_matched,370,11.008193016052246,-5.612097263336182,0.6
spoc,reaction_representation_matched,371,10.214582443237305,31.172096252441406,1.0
spoc,reaction_representation_matched,372,-6.746551036834717,-0.7035136222839355,1.0
spoc,reaction_representation_matched,373,4.353572368621826,25.80799102783203,1.0
spoc,reaction_representation_matched,374,4.628593444824219,25.36221694946289,1.0
spoc,reaction_representation_matched,375,3.1852738857269287,2.890775442123413,1.0
spoc,reaction_representation_matched,376,5.172407627105713,5.993322372436523,1.0
spoc,reaction_representation_matched,377,-8.104769706726074,-0.06887191534042358,0.2
spoc,reaction_representation_matched,378,2.287837266921997,2.7794411182403564,1.0
spoc,reaction_representation_matched,379,2.69038987159729,2.331448793411255,1.0
spoc,reaction_representation_matched,380,-8.3320894241333,-2.024569511413574,1.0
spoc,reaction_representation_matched,381,-0.5684190392494202,1.6799085140228271,1.0
spoc,reaction_representation_matched,382,-1.4833714962005615,6.325918197631836,0.8
spoc,reaction_representation_matched,383,6.929593086242676,4.145061492919922,0.2
spoc,reaction_representation_matched,384,-8.461675643920898,-1.8691076040267944,1.0
spoc,reaction_representation_matched,385,6.014786720275879,32.31139373779297,1.0
spoc,reaction_representation_matched,386,-8.87342643737793,-0.6912257075309753,0.4
spoc,reaction_representation_matched,387,2.6054587364196777,-1.143013596534729,1.0
spoc,reaction_representation_matched,388,2.3665223121643066,15.353882789611816,1.0
spoc,reaction_representation_matched,389,5.31028938293457,32.24998474121094,1.0
spoc,reaction_representation_matched,390,-5.2763495445251465,-1.33414626121521,1.0
spoc,reaction_representation_matched,391,5.9621381759643555,32.58269500732422,0.8
spoc,reaction_representation_matched,392,-0.08046355843544006,-2.6239588260650635,1.0
spoc,reaction_representation_matched,393,0.6735665202140808,5.781905174255371,0.6
spoc,reaction_representation_matched,394,-7.255686283111572,-0.560283899307251,1.0
spoc,reaction_representation_matched,395,-8.324104309082031,-0.3243532180786133,1.0
spoc,reaction_representation_matched,396,0.6214714646339417,5.820858001708984,0.2
spoc,reaction_representation_matched,397,-2.044865131378174,3.0919792652130127,1.0
spoc,reaction_representation_matched,398,4.1026105880737305,32.64947509765625,0.4
spoc,reaction_representation_matched,399,2.3610575199127197,13.45779800415039,1.0
spoc,reaction_representation_matched,400,9.769512176513672,-3.978546619415283,1.0
spoc,reaction_representation_matched,401,-8.261151313781738,-1.6616268157958984,1.0
spoc,reaction_representation_matched,402,-8.986326217651367,-0.03573733568191528,1.0
spoc,reaction_representation_matched,403,-9.622157096862793,-5.158002853393555,0.8
spoc,reaction_representation_matched,404,2.657097578048706,30.375049591064453,1.0
spoc,reaction_representation_matched,405,2.1451094150543213,27.08823013305664,1.0
spoc,reaction_representation_matched,406,8.195050239562988,29.856931686401367,1.0
spoc,reaction_representation_matched,407,1.832292914390564,0.9366799592971802,1.0
spoc,reaction_representation_matched,408,-1.8807640075683594,-1.225515365600586,1.0
spoc,reaction_representation_matched,409,-2.2250559329986572,-1.7884914875030518,1.0
spoc,reaction_representation_matched,410,-7.161741733551025,-0.7110615968704224,1.0
spoc,reaction_representation_matched,411,-4.133673191070557,-0.6798346042633057,1.0
spoc,reaction_representation_matched,412,2.1140031814575195,-1.3708217144012451,0.2
spoc,reaction_representation_matched,413,0.6777418255805969,-0.47242987155914307,0.2
spoc,reaction_representation_matched,414,-8.30868148803711,-2.027493476867676,0.6
spoc,reaction_representation_matched,415,7.000958442687988,3.9795596599578857,0.2
spoc,reaction_representation_matched,416,3.6948564052581787,0.8296625018119812,1.0
spoc,reaction_representation_matched,417,-1.3829864263534546,6.366916179656982,0.8
spoc,reaction_representation_matched,418,18.347448348999023,3.645235776901245,1.0
spoc,reaction_representation_matched,419,4.790635585784912,25.741920471191406,1.0
spoc,reaction_representation_matched,420,-1.0655261278152466,-3.269669771194458,0.8
spoc,reaction_representation_matched,421,2.3121888637542725,14.01301097869873,1.0
spoc,reaction_representation_matched,422,-7.786672592163086,-1.5095596313476562,1.0
spoc,reaction_representation_matched,423,-8.484702110290527,-1.93440842628479,1.0
spoc,reaction_representation_matched,424,-4.871909141540527,9.478096008300781,1.0
spoc,reaction_representation_matched,425,-7.685611724853516,13.454160690307617,1.0
spoc,reaction_representation_matched,426,-8.237743377685547,-1.66455078125,1.0
spoc,reaction_representation_matched,427,21.676902770996094,-12.640327453613281,0.4
spoc,reaction_representation_matched,428,-1.329304814338684,0.09618961811065674,1.0
spoc,reaction_representation_matched,429,0.3686688542366028,2.2793781757354736,1.0
spoc,reaction_representation_matched,430,-5.863360404968262,6.9716010093688965,1.0
spoc,reaction_representation_matched,431,2.1514432430267334,-1.2940263748168945,1.0
spoc,reaction_representation_matched,432,-8.31145191192627,-0.3259338140487671,1.0
spoc,reaction_representation_matched,433,-4.253948211669922,0.09375476837158203,1.0
spoc,reaction_representation_matched,434,-4.785688877105713,-4.105513572692871,1.0
spoc,reaction_representation_matched,435,-5.392368316650391,-3.5788910388946533,0.6
spoc,reaction_representation_matched,436,-7.2107253074646,0.34646111726760864,1.0
spoc,reaction_representation_matched,437,-5.461627006530762,0.4932457208633423,1.0
spoc,reaction_representation_matched,438,19.52950668334961,4.713345527648926,1.0
spoc,reaction_representation_matched,439,-2.6217925548553467,-0.3536403775215149,1.0
spoc,reaction_representation_matched,440,-5.848134994506836,6.960860729217529,1.0
spoc,reaction_representation_matched,441,-5.04947566986084,7.349050521850586,1.0
spoc,reaction_representation_matched,442,6.114229202270508,32.173797607421875,1.0
spoc,reaction_representation_matched,443,2.3151509761810303,14.542889595031738,1.0
spoc,reaction_representation_matched,444,-7.786672592163086,-1.5095596313476562,1.0
spoc,reaction_representation_matched,445,15.990901947021484,6.017765045166016,0.6
spoc,reaction_representation_matched,446,-8.285616874694824,-1.587355136871338,1.0
spoc,reaction_representation_matched,447,-8.977155685424805,-3.7507946491241455,0.2
spoc,reaction_representation_matched,448,-8.976120948791504,-3.750032424926758,0.2
spoc,reaction_representation_matched,449,-6.516880035400391,7.683751106262207,1.0
spoc,reaction_representation_matched,450,3.685384511947632,-0.14275407791137695,1.0
spoc,reaction_representation_matched,451,4.710704326629639,3.4506964683532715,1.0
spoc,reaction_representation_matched,452,-8.700578689575195,1.9924261569976807,1.0
spoc,reaction_representation_matched,453,-8.298798561096191,-0.32751429080963135,1.0
spoc,reaction_representation_matched,454,-3.602099657058716,0.42646563053131104,0.8
spoc,reaction_representation_matched,455,-6.6478753089904785,-1.706355333328247,0.4
spoc,reaction_representation_matched,456,-5.433608531951904,-1.8378806114196777,1.0
spoc,reaction_representation_matched,457,8.234933853149414,32.252418518066406,1.0
spoc,reaction_representation_matched,458,5.361787796020508,36.25739288330078,1.0
spoc,reaction_representation_matched,459,-5.84689474105835,-4.2911906242370605,1.0
spoc,reaction_representation_matched,460,-2.63283109664917,-0.12591993808746338,1.0
spoc,reaction_representation_matched,461,-4.596638202667236,-4.3358988761901855,0.4
spoc,reaction_representation_matched,462,-8.542970657348633,0.7098011374473572,1.0
spoc,reaction_representation_matched,463,-8.461675643920898,-1.8691076040267944,1.0
spoc,reaction_representation_matched,464,-13.511566162109375,0.7319310307502747,1.0
spoc,reaction_representation_matched,465,-4.67506742477417,7.940182209014893,1.0
spoc,reaction_representation_matched,466,-8.282981872558594,-0.32948994636535645,1.0
spoc,reaction_representation_matched,467,-2.750783920288086,-3.7412009239196777,1.0
spoc,reaction_representation_matched,468,-5.508939266204834,-0.9159719944000244,1.0
spoc,reaction_representation_matched,469,-7.961700916290283,-2.420229434967041,1.0
spoc,reaction_representation_matched,470,16.20651626586914,5.056461334228516,1.0
spoc,reaction_representation_matched,471,-6.6951775550842285,-4.1635332107543945,0.6
spoc,reaction_representation_matched,472,-1.5867174863815308,6.431591987609863,1.0
spoc,reaction_representation_matched,473,-3.0790650844573975,-0.6298933029174805,1.0
spoc,reaction_representation_matched,474,-2.464404344558716,-2.7282869815826416,1.0
spoc,reaction_representation_matched,475,-8.337282180786133,-0.11278706789016724,1.0
spoc,reaction_representation_matched,476,-8.94961166381836,-1.2529332637786865,1.0
spoc,reaction_representation_matched,477,-1.2340563535690308,-5.090584754943848,1.0
spoc,reaction_representation_matched,478,0.07406046986579895,1.3169984817504883,1.0
spoc,reaction_representation_matched,479,-0.08797386288642883,-1.086132287979126,1.0
spoc,reaction_representation_matched,480,-6.341968536376953,1.843615174293518,1.0
spoc,reaction_representation_matched,481,-3.1088268756866455,-4.478575706481934,1.0
spoc,reaction_representation_matched,482,1.8089118003845215,-2.9571499824523926,0.4
spoc,reaction_representation_matched,483,-9.670061111450195,0.861666738986969,1.0
spoc,reaction_representation_matched,484,-7.363320827484131,-2.405979871749878,0.8
spoc,reaction_representation_matched,485,-9.539255142211914,-2.0410687923431396,0.8
spoc,reaction_representation_matched,486,-9.211581230163574,-1.1441805362701416,0.4
spoc,reaction_representation_matched,487,4.516000747680664,-0.15012580156326294,1.0
spoc,reaction_representation_matched,488,-2.4568116664886475,-1.0528969764709473,1.0
spoc,reaction_representation_matched,489,-0.045772913843393326,0.5053057074546814,1.0
spoc,reaction_representation_matched,490,-5.833584785461426,6.945087909698486,1.0
spoc,reaction_representation_matched,491,-9.016375541687012,-2.443455457687378,1.0
spoc,reaction_representation_matched,492,-9.654473304748535,12.050910949707031,1.0
spoc,reaction_representation_matched,493,2.767341375350952,-0.8204610347747803,1.0
spoc,reaction_representation_matched,494,0.0645887702703476,0.34458214044570923,1.0
spoc,reaction_representation_matched,495,-5.303371429443359,-0.405362606048584,1.0
spoc,reaction_representation_matched,496,-9.914884567260742,-2.1181137561798096,1.0
spoc,reaction_representation_matched,497,-9.666849136352539,12.119317054748535,1.0
spoc,reaction_representation_matched,498,-5.8386454582214355,6.959675312042236,1.0
spoc,reaction_representation_matched,499,2.919935464859009,2.31654953956604,1.0
spoc,reaction_representation_matched,500,-11.975770950317383,0.06893306970596313,0.8
spoc,reaction_representation_matched,501,-7.943065166473389,-2.9281270503997803,1.0
spoc,reaction_representation_matched,502,-7.14258337020874,13.117799758911133,1.0
spoc,reaction_representation_matched,503,21.481536865234375,-12.932323455810547,1.0
spoc,reaction_representation_matched,504,-8.672222137451172,-2.009963035583496,1.0
spoc,reaction_representation_matched,505,5.638827323913574,28.397804260253906,1.0
spoc,reaction_representation_matched,506,-5.519220352172852,13.062549591064453,1.0
spoc,reaction_representation_matched,507,2.1489579677581787,2.4641573429107666,1.0
spoc,reaction_representation_matched,508,8.790718078613281,11.19480037689209,1.0
spoc,reaction_representation_matched,509,-9.45254135131836,12.296589851379395,1.0
spoc,reaction_representation_matched,510,-8.082033157348633,1.1991695165634155,1.0
spoc,reaction_representation_matched,511,-9.713397026062012,11.20692253112793,0.2
spoc,reaction_representation_matched,512,0.8952050805091858,0.337210476398468,1.0
spoc,reaction_representation_matched,513,6.652904510498047,2.920332193374634,1.0
spoc,reaction_representation_matched,514,-9.685425758361816,11.339550971984863,1.0
spoc,reaction_representation_matched,515,-1.775459885597229,9.448171615600586,1.0
spoc,reaction_representation_matched,516,-9.259361267089844,11.824355125427246,0.6
spoc,reaction_representation_matched,517,-6.717009544372559,11.187347412109375,1.0
spoc,reaction_representation_matched,518,22.71475601196289,0.34582334756851196,1.0
spoc,reaction_representation_matched,519,-9.39746379852295,12.878170013427734,1.0
spoc,reaction_representation_matched,520,-10.433095932006836,-3.4128944873809814,1.0
spoc,reaction_representation_matched,521,-7.530104160308838,14.445058822631836,1.0
spoc,reaction_representation_matched,522,33.76036071777344,-16.168710708618164,0.4
spoc,reaction_representation_matched,523,1.8440037965774536,33.63276672363281,1.0
spoc,reaction_representation_matched,524,-1.8044546842575073,-3.1477012634277344,1.0
spoc,reaction_representation_matched,525,-6.312513828277588,12.29081916809082,1.0
spoc,reaction_representation_matched,526,-5.970145225524902,-2.406465530395508,1.0
spoc,reaction_representation_matched,527,21.82705307006836,-13.311300277709961,0.2
spoc,reaction_representation_matched,528,-7.136241436004639,0.12917488813400269,0.8
spoc,reaction_representation_matched,529,-9.868454933166504,14.943309783935547,1.0
spoc,reaction_representation_matched,530,-10.626480102539062,-1.8316404819488525,0.4
spoc,reaction_representation_matched,531,-9.707887649536133,6.256171226501465,1.0
spoc,reaction_representation_matched,532,6.4098052978515625,28.250198364257812,1.0
spoc,reaction_representation_matched,533,-6.084974765777588,-2.574204206466675,1.0
spoc,reaction_representation_matched,534,-3.8917973041534424,0.8640245199203491,0.2
spoc,reaction_representation_matched,535,-9.915044784545898,0.8888370394706726,1.0
spoc,reaction_representation_matched,536,22.17070770263672,-12.362678527832031,0.2
spoc,reaction_representation_matched,537,-8.672222137451172,-2.009963035583496,1.0
spoc,reaction_representation_matched,538,-9.386265754699707,9.019275665283203,1.0
spoc,reaction_representation_matched,539,-6.904216766357422,1.392427682876587,1.0
spoc,reaction_representation_matched,540,-10.288442611694336,0.3470057249069214,1.0
spoc,reaction_representation_matched,541,-9.39746379852295,12.878170013427734,1.0
spoc,reaction_representation_matched,542,-10.133952140808105,5.771367073059082,1.0
spoc,reaction_representation_matched,543,-9.749090194702148,10.596165657043457,1.0
spoc,reaction_representation_matched,544,-10.291107177734375,0.21121656894683838,1.0
spoc,reaction_representation_matched,545,-9.668848037719727,0.8510560393333435,1.0
spoc,reaction_representation_matched,546,-10.382813453674316,5.673358917236328,1.0
spoc,reaction_representation_matched,547,-9.666183471679688,0.9868451952934265,1.0
spoc,reaction_representation_matched,548,-10.136616706848145,5.635578155517578,1.0
spoc,reaction_representation_matched,549,-10.537303924560547,0.24899756908416748,1.0
spoc,reaction_representation_matched,550,7.299385070800781,-3.031085729598999,1.0
spoc,reaction_representation_matched,551,-9.452220916748047,-2.9792957305908203,1.0
spoc,reaction_representation_matched,552,-4.042834281921387,8.088703155517578,1.0
spoc,reaction_representation_matched,553,-5.635188102722168,0.9334428906440735,1.0
