Reaction ID,Reaction Type,Reaction DOI,Reaction Year,Reactant Name 1,Reactant Ammount (mg) 1,Reactant Ammount (mmol) 1,Reactant Ammount (eq) 1,Reactant SMILES 1,Additive Name 1,Additive Ammount (mg) 1,Additive Ammount (mmol) 1,Additive Ammount (uL) 1,Additive Density (g/ml) 1,Additive Ammount (eq) 1,Additive SMILES 1,Catalyst Name 1,Catalyst Axial Tag 1,Catalyst Charge 1,Catalyst Ammount (mg) 1,Catalyst Ammount (mmol) 1,Catalyst Ammount (eq) 1,Catalyst Pre Name 1,Catalyst Pre Ammount (mg) 1,Catalyst Pre Ammount (mmol) 1,Catalyst Pre Ammount (eq) 1,Catalyst Ligand Name 1,Catalyst Ligand Axial Tag 1,Catalyst Ligand ammount (C/L) 1,Catalyst Ligand ammount (L/C) 1,Catalyst Ligand Ammount (mg) 1,Catalyst Ligand Ammount (uL) 1,Catalyst Ligand Density (g/ml) 1,Catalyst Ligand Ammount (mmol) 1,Catalyst Ligand Ammount (eq) 1,Catalyst Central Metal 1,Catalyst Central Metal Valence 1,Catalyst Ligand Charge 1,Catalyst Ligand Coordination Atoms Number 1,Catalyst Ligand Coordination Atoms Type 1,Catalyst SMILES 1,Catalyst Pre SMILES 1,Catalyst Ligand SMILES 1,Catalyst Name 2,Catalyst Axial Tag 2,Catalyst Charge 2,Catalyst Ammount (mg) 2,Catalyst Ammount (mmol) 2,Catalyst Ammount (eq) 2,Catalyst Pre Name 2,Catalyst Pre Ammount (mg) 2,Catalyst Pre Ammount (mmol) 2,Catalyst Pre Ammount (eq) 2,Catalyst Ligand Name 2,Catalyst Ligand Axial Tag 2,Catalyst Ligand ammount (C/L) 2,Catalyst Ligand ammount (L/C) 2,Catalyst Ligand Ammount (mg) 2,Catalyst Ligand Ammount (uL) 2,Catalyst Ligand Density (g/ml) 2,Catalyst Ligand Ammount (mmol) 2,Catalyst Ligand Ammount (eq) 2,Catalyst Central Metal 2,Catalyst Central Metal Valence 2,Catalyst Ligand Charge 2,Catalyst Ligand Coordination Atoms Number 2,Catalyst Ligand Coordination Atoms Type 2,Catalyst SMILES 2,Catalyst Pre SMILES 2,Catalyst Ligand SMILES 2,Solvent Name 1,Solvent Ammount (mL) 1,Solvent SMILES 1,Product Name 1,Product Yield (%) 1,Product ee (%) 1,Product er 1,Product de (%) 1,Product dr 1,Product SMILES 1,Step Reaction Time (h) 1,Step Temperature (C) 1,Step Atmosphere 1,Step Pressure (atm) 1,Step LED Wavelength (nm) 1,Step LED Color 1,Solvent Name 2,Solvent Ammount (mL) 2,Solvent SMILES 2,_source_file
S2_1,1,10.1021/acs.orglett.5c05118,2026,1a,,0.2,1.0,O=C(c1ccccc1)CC(=C)C(=O)O,NaHCO3,,0.1,,,0.5,[Na+].[O-1]C(=O)O,RuPHOX-Ru,,,,0.002,0.01,,,,,RuPHOX,,,,,,,0.002,0.01,Ru,2,,,,CC([C@H]1COC2=[N+]1[Ru-3](Cl)(Cl)([P+](c1ccccc1)(c1ccccc1)c1ccccc1)[P+](C13C42C2[Ru]5678914(C2C35)C1C6C29C8(C71)C1=[N+]([Ru-3]([P+]2(c2ccccc2)c2ccccc2)(Cl)(Cl)[P+](c2ccccc2)(c2ccccc2)c2ccccc2)[C@H](CO1)C(C)(C)C)(c1ccccc1)c1ccccc1)(C)C,,CC([C@H]1COC(=N1)C12C3[Ru]4567891(C2(C7C34)P(c1ccccc1)c1ccccc1)C1C5C9(C8(C61)P(c1ccccc1)c1ccccc1)C1=N[C@H](CO1)C(C)(C)C)(C)C,,,,,,,,,,,PPh3,,,,,,,0.1,0.5,,,,,,,,c1ccc(cc1)P(c1ccccc1)c1ccccc1,EtOH,1.0,CCO,2a,98.0,99.0,,,,C[C@H](C(=O)O)CC(=O)c1ccccc1,6.0,25.0,H2,20.0,,,,,,acs.orglett.5c05118.zip
S2_2,1,10.1021/acs.orglett.5c05118,2026,1b,,0.2,1.0,O=C(c1ccc(cc1)C)CC(=C)C(=O)O,NaHCO3,,0.1,,,0.5,[Na+].[O-1]C(=O)O,RuPHOX-Ru,,,,0.002,0.01,,,,,RuPHOX,,,,,,,0.002,0.01,Ru,2,,,,CC([C@H]1COC2=[N+]1[Ru-3](Cl)(Cl)([P+](c1ccccc1)(c1ccccc1)c1ccccc1)[P+](C13C42C2[Ru]5678914(C2C35)C1C6C29C8(C71)C1=[N+]([Ru-3]([P+]2(c2ccccc2)c2ccccc2)(Cl)(Cl)[P+](c2ccccc2)(c2ccccc2)c2ccccc2)[C@H](CO1)C(C)(C)C)(c1ccccc1)c1ccccc1)(C)C,,CC([C@H]1COC(=N1)C12C3[Ru]4567891(C2(C7C34)P(c1ccccc1)c1ccccc1)C1C5C9(C8(C61)P(c1ccccc1)c1ccccc1)C1=N[C@H](CO1)C(C)(C)C)(C)C,,,,,,,,,,,PPh3,,,,,,,0.1,0.5,,,,,,,,c1ccc(cc1)P(c1ccccc1)c1ccccc1,EtOH,1.0,CCO,2b,99.0,99.0,,,,C[C@H](C(=O)O)CC(=O)c1ccc(cc1)C,6.0,25.0,H2,20.0,,,,,,acs.orglett.5c05118.zip
S2_3,1,10.1021/acs.orglett.5c05118,2026,1c,,0.2,1.0,CCc1ccc(cc1)C(=O)CC(=C)C(=O)O,NaHCO3,,0.1,,,0.5,[Na+].[O-1]C(=O)O,RuPHOX-Ru,,,,0.002,0.01,,,,,RuPHOX,,,,,,,0.002,0.01,Ru,2,,,,CC([C@H]1COC2=[N+]1[Ru-3](Cl)(Cl)([P+](c1ccccc1)(c1ccccc1)c1ccccc1)[P+](C13C42C2[Ru]5678914(C2C35)C1C6C29C8(C71)C1=[N+]([Ru-3]([P+]2(c2ccccc2)c2ccccc2)(Cl)(Cl)[P+](c2ccccc2)(c2ccccc2)c2ccccc2)[C@H](CO1)C(C)(C)C)(c1ccccc1)c1ccccc1)(C)C,,CC([C@H]1COC(=N1)C12C3[Ru]4567891(C2(C7C34)P(c1ccccc1)c1ccccc1)C1C5C9(C8(C61)P(c1ccccc1)c1ccccc1)C1=N[C@H](CO1)C(C)(C)C)(C)C,,,,,,,,,,,PPh3,,,,,,,0.1,0.5,,,,,,,,c1ccc(cc1)P(c1ccccc1)c1ccccc1,EtOH,1.0,CCO,2c,98.0,99.0,,,,CCc1ccc(cc1)C(=O)C[C@@H](C(=O)O)C,6.0,25.0,H2,20.0,,,,,,acs.orglett.5c05118.zip
S2_4,1,10.1021/acs.orglett.5c05118,2026,1d,,0.2,1.0,CC(c1ccc(cc1)C(=O)CC(=C)C(=O)O)C,NaHCO3,,0.1,,,0.5,[Na+].[O-1]C(=O)O,RuPHOX-Ru,,,,0.002,0.01,,,,,RuPHOX,,,,,,,0.002,0.01,Ru,2,,,,CC([C@H]1COC2=[N+]1[Ru-3](Cl)(Cl)([P+](c1ccccc1)(c1ccccc1)c1ccccc1)[P+](C13C42C2[Ru]5678914(C2C35)C1C6C29C8(C71)C1=[N+]([Ru-3]([P+]2(c2ccccc2)c2ccccc2)(Cl)(Cl)[P+](c2ccccc2)(c2ccccc2)c2ccccc2)[C@H](CO1)C(C)(C)C)(c1ccccc1)c1ccccc1)(C)C,,CC([C@H]1COC(=N1)C12C3[Ru]4567891(C2(C7C34)P(c1ccccc1)c1ccccc1)C1C5C9(C8(C61)P(c1ccccc1)c1ccccc1)C1=N[C@H](CO1)C(C)(C)C)(C)C,,,,,,,,,,,PPh3,,,,,,,0.1,0.5,,,,,,,,c1ccc(cc1)P(c1ccccc1)c1ccccc1,EtOH,1.0,CCO,2d,96.0,99.0,,,,C[C@H](C(=O)O)CC(=O)c1ccc(cc1)C(C)C,6.0,25.0,H2,20.0,,,,,,acs.orglett.5c05118.zip
S2_5,1,10.1021/acs.orglett.5c05118,2026,1e,,0.2,1.0,O=C(c1ccc(cc1)C(C)(C)C)CC(=C)C(=O)O,NaHCO3,,0.1,,,0.5,[Na+].[O-1]C(=O)O,RuPHOX-Ru,,,,0.002,0.01,,,,,RuPHOX,,,,,,,0.002,0.01,Ru,2,,,,CC([C@H]1COC2=[N+]1[Ru-3](Cl)(Cl)([P+](c1ccccc1)(c1ccccc1)c1ccccc1)[P+](C13C42C2[Ru]5678914(C2C35)C1C6C29C8(C71)C1=[N+]([Ru-3]([P+]2(c2ccccc2)c2ccccc2)(Cl)(Cl)[P+](c2ccccc2)(c2ccccc2)c2ccccc2)[C@H](CO1)C(C)(C)C)(c1ccccc1)c1ccccc1)(C)C,,CC([C@H]1COC(=N1)C12C3[Ru]4567891(C2(C7C34)P(c1ccccc1)c1ccccc1)C1C5C9(C8(C61)P(c1ccccc1)c1ccccc1)C1=N[C@H](CO1)C(C)(C)C)(C)C,,,,,,,,,,,PPh3,,,,,,,0.1,0.5,,,,,,,,c1ccc(cc1)P(c1ccccc1)c1ccccc1,EtOH,1.0,CCO,2e,96.0,99.0,,,,C[C@H](C(=O)O)CC(=O)c1ccc(cc1)C(C)(C)C,6.0,25.0,H2,20.0,,,,,,acs.orglett.5c05118.zip
S2_6,1,10.1021/acs.orglett.5c05118,2026,1f,,0.2,1.0,O=C(c1ccc(cc1)c1ccccc1)CC(=C)C(=O)O,NaHCO3,,0.1,,,0.5,[Na+].[O-1]C(=O)O,RuPHOX-Ru,,,,0.002,0.01,,,,,RuPHOX,,,,,,,0.002,0.01,Ru,2,,,,CC([C@H]1COC2=[N+]1[Ru-3](Cl)(Cl)([P+](c1ccccc1)(c1ccccc1)c1ccccc1)[P+](C13C42C2[Ru]5678914(C2C35)C1C6C29C8(C71)C1=[N+]([Ru-3]([P+]2(c2ccccc2)c2ccccc2)(Cl)(Cl)[P+](c2ccccc2)(c2ccccc2)c2ccccc2)[C@H](CO1)C(C)(C)C)(c1ccccc1)c1ccccc1)(C)C,,CC([C@H]1COC(=N1)C12C3[Ru]4567891(C2(C7C34)P(c1ccccc1)c1ccccc1)C1C5C9(C8(C61)P(c1ccccc1)c1ccccc1)C1=N[C@H](CO1)C(C)(C)C)(C)C,,,,,,,,,,,PPh3,,,,,,,0.1,0.5,,,,,,,,c1ccc(cc1)P(c1ccccc1)c1ccccc1,EtOH,1.0,CCO,2f,97.0,99.0,,,,C[C@H](C(=O)O)CC(=O)c1ccc(cc1)c1ccccc1,6.0,25.0,H2,20.0,,,,,,acs.orglett.5c05118.zip
S2_7,1,10.1021/acs.orglett.5c05118,2026,1g,,0.2,1.0,COc1ccc(cc1)C(=O)CC(=C)C(=O)O,NaHCO3,,0.1,,,0.5,[Na+].[O-1]C(=O)O,RuPHOX-Ru,,,,0.002,0.01,,,,,RuPHOX,,,,,,,0.002,0.01,Ru,2,,,,CC([C@H]1COC2=[N+]1[Ru-3](Cl)(Cl)([P+](c1ccccc1)(c1ccccc1)c1ccccc1)[P+](C13C42C2[Ru]5678914(C2C35)C1C6C29C8(C71)C1=[N+]([Ru-3]([P+]2(c2ccccc2)c2ccccc2)(Cl)(Cl)[P+](c2ccccc2)(c2ccccc2)c2ccccc2)[C@H](CO1)C(C)(C)C)(c1ccccc1)c1ccccc1)(C)C,,CC([C@H]1COC(=N1)C12C3[Ru]4567891(C2(C7C34)P(c1ccccc1)c1ccccc1)C1C5C9(C8(C61)P(c1ccccc1)c1ccccc1)C1=N[C@H](CO1)C(C)(C)C)(C)C,,,,,,,,,,,PPh3,,,,,,,0.1,0.5,,,,,,,,c1ccc(cc1)P(c1ccccc1)c1ccccc1,EtOH,1.0,CCO,2g,97.0,99.0,,,,COc1ccc(cc1)C(=O)C[C@@H](C(=O)O)C,6.0,25.0,H2,20.0,,,,,,acs.orglett.5c05118.zip
S2_8,1,10.1021/acs.orglett.5c05118,2026,1h,,0.2,1.0,O=C(c1ccc(cc1)Oc1ccccc1)CC(=C)C(=O)O,NaHCO3,,0.1,,,0.5,[Na+].[O-1]C(=O)O,RuPHOX-Ru,,,,0.002,0.01,,,,,RuPHOX,,,,,,,0.002,0.01,Ru,2,,,,CC([C@H]1COC2=[N+]1[Ru-3](Cl)(Cl)([P+](c1ccccc1)(c1ccccc1)c1ccccc1)[P+](C13C42C2[Ru]5678914(C2C35)C1C6C29C8(C71)C1=[N+]([Ru-3]([P+]2(c2ccccc2)c2ccccc2)(Cl)(Cl)[P+](c2ccccc2)(c2ccccc2)c2ccccc2)[C@H](CO1)C(C)(C)C)(c1ccccc1)c1ccccc1)(C)C,,CC([C@H]1COC(=N1)C12C3[Ru]4567891(C2(C7C34)P(c1ccccc1)c1ccccc1)C1C5C9(C8(C61)P(c1ccccc1)c1ccccc1)C1=N[C@H](CO1)C(C)(C)C)(C)C,,,,,,,,,,,PPh3,,,,,,,0.1,0.5,,,,,,,,c1ccc(cc1)P(c1ccccc1)c1ccccc1,EtOH,1.0,CCO,2h,97.0,99.0,,,,C[C@H](C(=O)O)CC(=O)c1ccc(cc1)Oc1ccccc1,6.0,25.0,H2,20.0,,,,,,acs.orglett.5c05118.zip
S2_9,1,10.1021/acs.orglett.5c05118,2026,1i,,0.2,1.0,O=C(c1ccc(cc1)F)CC(=C)C(=O)O,NaHCO3,,0.1,,,0.5,[Na+].[O-1]C(=O)O,RuPHOX-Ru,,,,0.002,0.01,,,,,RuPHOX,,,,,,,0.002,0.01,Ru,2,,,,CC([C@H]1COC2=[N+]1[Ru-3](Cl)(Cl)([P+](c1ccccc1)(c1ccccc1)c1ccccc1)[P+](C13C42C2[Ru]5678914(C2C35)C1C6C29C8(C71)C1=[N+]([Ru-3]([P+]2(c2ccccc2)c2ccccc2)(Cl)(Cl)[P+](c2ccccc2)(c2ccccc2)c2ccccc2)[C@H](CO1)C(C)(C)C)(c1ccccc1)c1ccccc1)(C)C,,CC([C@H]1COC(=N1)C12C3[Ru]4567891(C2(C7C34)P(c1ccccc1)c1ccccc1)C1C5C9(C8(C61)P(c1ccccc1)c1ccccc1)C1=N[C@H](CO1)C(C)(C)C)(C)C,,,,,,,,,,,PPh3,,,,,,,0.1,0.5,,,,,,,,c1ccc(cc1)P(c1ccccc1)c1ccccc1,EtOH,1.0,CCO,2i,96.0,99.0,,,,C[C@H](C(=O)O)CC(=O)c1ccc(cc1)F,6.0,25.0,H2,20.0,,,,,,acs.orglett.5c05118.zip
S2_10,1,10.1021/acs.orglett.5c05118,2026,1j,,0.2,1.0,O=C(c1ccc(cc1)Cl)CC(=C)C(=O)O,NaHCO3,,0.1,,,0.5,[Na+].[O-1]C(=O)O,RuPHOX-Ru,,,,0.002,0.01,,,,,RuPHOX,,,,,,,0.002,0.01,Ru,2,,,,CC([C@H]1COC2=[N+]1[Ru-3](Cl)(Cl)([P+](c1ccccc1)(c1ccccc1)c1ccccc1)[P+](C13C42C2[Ru]5678914(C2C35)C1C6C29C8(C71)C1=[N+]([Ru-3]([P+]2(c2ccccc2)c2ccccc2)(Cl)(Cl)[P+](c2ccccc2)(c2ccccc2)c2ccccc2)[C@H](CO1)C(C)(C)C)(c1ccccc1)c1ccccc1)(C)C,,CC([C@H]1COC(=N1)C12C3[Ru]4567891(C2(C7C34)P(c1ccccc1)c1ccccc1)C1C5C9(C8(C61)P(c1ccccc1)c1ccccc1)C1=N[C@H](CO1)C(C)(C)C)(C)C,,,,,,,,,,,PPh3,,,,,,,0.1,0.5,,,,,,,,c1ccc(cc1)P(c1ccccc1)c1ccccc1,EtOH,1.0,CCO,2j,95.0,99.0,,,,C[C@H](C(=O)O)CC(=O)c1ccc(cc1)Cl,6.0,25.0,H2,20.0,,,,,,acs.orglett.5c05118.zip
S2_11,1,10.1021/acs.orglett.5c05118,2026,1k,,0.2,1.0,O=C(c1ccc(cc1)Br)CC(=C)C(=O)O,NaHCO3,,0.1,,,0.5,[Na+].[O-1]C(=O)O,RuPHOX-Ru,,,,0.002,0.01,,,,,RuPHOX,,,,,,,0.002,0.01,Ru,2,,,,CC([C@H]1COC2=[N+]1[Ru-3](Cl)(Cl)([P+](c1ccccc1)(c1ccccc1)c1ccccc1)[P+](C13C42C2[Ru]5678914(C2C35)C1C6C29C8(C71)C1=[N+]([Ru-3]([P+]2(c2ccccc2)c2ccccc2)(Cl)(Cl)[P+](c2ccccc2)(c2ccccc2)c2ccccc2)[C@H](CO1)C(C)(C)C)(c1ccccc1)c1ccccc1)(C)C,,CC([C@H]1COC(=N1)C12C3[Ru]4567891(C2(C7C34)P(c1ccccc1)c1ccccc1)C1C5C9(C8(C61)P(c1ccccc1)c1ccccc1)C1=N[C@H](CO1)C(C)(C)C)(C)C,,,,,,,,,,,PPh3,,,,,,,0.1,0.5,,,,,,,,c1ccc(cc1)P(c1ccccc1)c1ccccc1,EtOH,1.0,CCO,2k,96.0,99.0,,,,C[C@H](C(=O)O)CC(=O)c1ccc(cc1)Br,6.0,25.0,H2,20.0,,,,,,acs.orglett.5c05118.zip
S2_12,1,10.1021/acs.orglett.5c05118,2026,1l,,0.2,1.0,O=C(c1ccc(cc1)C(F)(F)F)CC(=C)C(=O)O,NaHCO3,,0.1,,,0.5,[Na+].[O-1]C(=O)O,RuPHOX-Ru,,,,0.002,0.01,,,,,RuPHOX,,,,,,,0.002,0.01,Ru,2,,,,CC([C@H]1COC2=[N+]1[Ru-3](Cl)(Cl)([P+](c1ccccc1)(c1ccccc1)c1ccccc1)[P+](C13C42C2[Ru]5678914(C2C35)C1C6C29C8(C71)C1=[N+]([Ru-3]([P+]2(c2ccccc2)c2ccccc2)(Cl)(Cl)[P+](c2ccccc2)(c2ccccc2)c2ccccc2)[C@H](CO1)C(C)(C)C)(c1ccccc1)c1ccccc1)(C)C,,CC([C@H]1COC(=N1)C12C3[Ru]4567891(C2(C7C34)P(c1ccccc1)c1ccccc1)C1C5C9(C8(C61)P(c1ccccc1)c1ccccc1)C1=N[C@H](CO1)C(C)(C)C)(C)C,,,,,,,,,,,PPh3,,,,,,,0.1,0.5,,,,,,,,c1ccc(cc1)P(c1ccccc1)c1ccccc1,EtOH,1.0,CCO,2l,95.0,99.0,,,,C[C@H](C(=O)O)CC(=O)c1ccc(cc1)C(F)(F)F,6.0,25.0,H2,20.0,,,,,,acs.orglett.5c05118.zip
S2_13,1,10.1021/acs.orglett.5c05118,2026,1m,,0.2,1.0,Cc1cccc(c1)C(=O)CC(=C)C(=O)O,NaHCO3,,0.1,,,0.5,[Na+].[O-1]C(=O)O,RuPHOX-Ru,,,,0.002,0.01,,,,,RuPHOX,,,,,,,0.002,0.01,Ru,2,,,,CC([C@H]1COC2=[N+]1[Ru-3](Cl)(Cl)([P+](c1ccccc1)(c1ccccc1)c1ccccc1)[P+](C13C42C2[Ru]5678914(C2C35)C1C6C29C8(C71)C1=[N+]([Ru-3]([P+]2(c2ccccc2)c2ccccc2)(Cl)(Cl)[P+](c2ccccc2)(c2ccccc2)c2ccccc2)[C@H](CO1)C(C)(C)C)(c1ccccc1)c1ccccc1)(C)C,,CC([C@H]1COC(=N1)C12C3[Ru]4567891(C2(C7C34)P(c1ccccc1)c1ccccc1)C1C5C9(C8(C61)P(c1ccccc1)c1ccccc1)C1=N[C@H](CO1)C(C)(C)C)(C)C,,,,,,,,,,,PPh3,,,,,,,0.1,0.5,,,,,,,,c1ccc(cc1)P(c1ccccc1)c1ccccc1,EtOH,1.0,CCO,2m,96.0,99.0,,,,OC(=O)[C@H](CC(=O)c1cccc(c1)C)C,6.0,25.0,H2,20.0,,,,,,acs.orglett.5c05118.zip
S2_14,1,10.1021/acs.orglett.5c05118,2026,1n,,0.2,1.0,COc1cccc(c1)C(=O)CC(=C)C(=O)O,NaHCO3,,0.1,,,0.5,[Na+].[O-1]C(=O)O,RuPHOX-Ru,,,,0.002,0.01,,,,,RuPHOX,,,,,,,0.002,0.01,Ru,2,,,,CC([C@H]1COC2=[N+]1[Ru-3](Cl)(Cl)([P+](c1ccccc1)(c1ccccc1)c1ccccc1)[P+](C13C42C2[Ru]5678914(C2C35)C1C6C29C8(C71)C1=[N+]([Ru-3]([P+]2(c2ccccc2)c2ccccc2)(Cl)(Cl)[P+](c2ccccc2)(c2ccccc2)c2ccccc2)[C@H](CO1)C(C)(C)C)(c1ccccc1)c1ccccc1)(C)C,,CC([C@H]1COC(=N1)C12C3[Ru]4567891(C2(C7C34)P(c1ccccc1)c1ccccc1)C1C5C9(C8(C61)P(c1ccccc1)c1ccccc1)C1=N[C@H](CO1)C(C)(C)C)(C)C,,,,,,,,,,,PPh3,,,,,,,0.1,0.5,,,,,,,,c1ccc(cc1)P(c1ccccc1)c1ccccc1,EtOH,1.0,CCO,2n,97.0,99.0,,,,COc1cccc(c1)C(=O)C[C@@H](C(=O)O)C,6.0,25.0,H2,20.0,,,,,,acs.orglett.5c05118.zip
S2_15,1,10.1021/acs.orglett.5c05118,2026,1o,,0.2,1.0,Fc1cccc(c1)C(=O)CC(=C)C(=O)O,NaHCO3,,0.1,,,0.5,[Na+].[O-1]C(=O)O,RuPHOX-Ru,,,,0.002,0.01,,,,,RuPHOX,,,,,,,0.002,0.01,Ru,2,,,,CC([C@H]1COC2=[N+]1[Ru-3](Cl)(Cl)([P+](c1ccccc1)(c1ccccc1)c1ccccc1)[P+](C13C42C2[Ru]5678914(C2C35)C1C6C29C8(C71)C1=[N+]([Ru-3]([P+]2(c2ccccc2)c2ccccc2)(Cl)(Cl)[P+](c2ccccc2)(c2ccccc2)c2ccccc2)[C@H](CO1)C(C)(C)C)(c1ccccc1)c1ccccc1)(C)C,,CC([C@H]1COC(=N1)C12C3[Ru]4567891(C2(C7C34)P(c1ccccc1)c1ccccc1)C1C5C9(C8(C61)P(c1ccccc1)c1ccccc1)C1=N[C@H](CO1)C(C)(C)C)(C)C,,,,,,,,,,,PPh3,,,,,,,0.1,0.5,,,,,,,,c1ccc(cc1)P(c1ccccc1)c1ccccc1,EtOH,1.0,CCO,2o,97.0,99.0,,,,OC(=O)[C@H](CC(=O)c1cccc(c1)F)C,6.0,25.0,H2,20.0,,,,,,acs.orglett.5c05118.zip
S2_16,1,10.1021/acs.orglett.5c05118,2026,1p,,0.2,1.0,Clc1cccc(c1)C(=O)CC(=C)C(=O)O,NaHCO3,,0.1,,,0.5,[Na+].[O-1]C(=O)O,RuPHOX-Ru,,,,0.002,0.01,,,,,RuPHOX,,,,,,,0.002,0.01,Ru,2,,,,CC([C@H]1COC2=[N+]1[Ru-3](Cl)(Cl)([P+](c1ccccc1)(c1ccccc1)c1ccccc1)[P+](C13C42C2[Ru]5678914(C2C35)C1C6C29C8(C71)C1=[N+]([Ru-3]([P+]2(c2ccccc2)c2ccccc2)(Cl)(Cl)[P+](c2ccccc2)(c2ccccc2)c2ccccc2)[C@H](CO1)C(C)(C)C)(c1ccccc1)c1ccccc1)(C)C,,CC([C@H]1COC(=N1)C12C3[Ru]4567891(C2(C7C34)P(c1ccccc1)c1ccccc1)C1C5C9(C8(C61)P(c1ccccc1)c1ccccc1)C1=N[C@H](CO1)C(C)(C)C)(C)C,,,,,,,,,,,PPh3,,,,,,,0.1,0.5,,,,,,,,c1ccc(cc1)P(c1ccccc1)c1ccccc1,EtOH,1.0,CCO,2p,97.0,99.0,,,,OC(=O)[C@H](CC(=O)c1cccc(c1)Cl)C,6.0,25.0,H2,20.0,,,,,,acs.orglett.5c05118.zip
S2_17,1,10.1021/acs.orglett.5c05118,2026,1q,,0.2,1.0,Brc1cccc(c1)C(=O)CC(=C)C(=O)O,NaHCO3,,0.1,,,0.5,[Na+].[O-1]C(=O)O,RuPHOX-Ru,,,,0.002,0.01,,,,,RuPHOX,,,,,,,0.002,0.01,Ru,2,,,,CC([C@H]1COC2=[N+]1[Ru-3](Cl)(Cl)([P+](c1ccccc1)(c1ccccc1)c1ccccc1)[P+](C13C42C2[Ru]5678914(C2C35)C1C6C29C8(C71)C1=[N+]([Ru-3]([P+]2(c2ccccc2)c2ccccc2)(Cl)(Cl)[P+](c2ccccc2)(c2ccccc2)c2ccccc2)[C@H](CO1)C(C)(C)C)(c1ccccc1)c1ccccc1)(C)C,,CC([C@H]1COC(=N1)C12C3[Ru]4567891(C2(C7C34)P(c1ccccc1)c1ccccc1)C1C5C9(C8(C61)P(c1ccccc1)c1ccccc1)C1=N[C@H](CO1)C(C)(C)C)(C)C,,,,,,,,,,,PPh3,,,,,,,0.1,0.5,,,,,,,,c1ccc(cc1)P(c1ccccc1)c1ccccc1,EtOH,1.0,CCO,2q,97.0,99.0,,,,OC(=O)[C@H](CC(=O)c1cccc(c1)Br)C,6.0,25.0,H2,20.0,,,,,,acs.orglett.5c05118.zip
S2_18,1,10.1021/acs.orglett.5c05118,2026,1r,,0.2,1.0,OC(=O)C(=C)CC(=O)c1cccc(c1)C(F)(F)F,NaHCO3,,0.1,,,0.5,[Na+].[O-1]C(=O)O,RuPHOX-Ru,,,,0.002,0.01,,,,,RuPHOX,,,,,,,0.002,0.01,Ru,2,,,,CC([C@H]1COC2=[N+]1[Ru-3](Cl)(Cl)([P+](c1ccccc1)(c1ccccc1)c1ccccc1)[P+](C13C42C2[Ru]5678914(C2C35)C1C6C29C8(C71)C1=[N+]([Ru-3]([P+]2(c2ccccc2)c2ccccc2)(Cl)(Cl)[P+](c2ccccc2)(c2ccccc2)c2ccccc2)[C@H](CO1)C(C)(C)C)(c1ccccc1)c1ccccc1)(C)C,,CC([C@H]1COC(=N1)C12C3[Ru]4567891(C2(C7C34)P(c1ccccc1)c1ccccc1)C1C5C9(C8(C61)P(c1ccccc1)c1ccccc1)C1=N[C@H](CO1)C(C)(C)C)(C)C,,,,,,,,,,,PPh3,,,,,,,0.1,0.5,,,,,,,,c1ccc(cc1)P(c1ccccc1)c1ccccc1,EtOH,1.0,CCO,2r,95.0,99.0,,,,OC(=O)[C@H](CC(=O)c1cccc(c1)C(F)(F)F)C,6.0,25.0,H2,20.0,,,,,,acs.orglett.5c05118.zip
S2_19,1,10.1021/acs.orglett.5c05118,2026,1s,,0.2,1.0,OC(=O)C(=C)CC(=O)c1ccccc1C,NaHCO3,,0.1,,,0.5,[Na+].[O-1]C(=O)O,RuPHOX-Ru,,,,0.002,0.01,,,,,RuPHOX,,,,,,,0.002,0.01,Ru,2,,,,CC([C@H]1COC2=[N+]1[Ru-3](Cl)(Cl)([P+](c1ccccc1)(c1ccccc1)c1ccccc1)[P+](C13C42C2[Ru]5678914(C2C35)C1C6C29C8(C71)C1=[N+]([Ru-3]([P+]2(c2ccccc2)c2ccccc2)(Cl)(Cl)[P+](c2ccccc2)(c2ccccc2)c2ccccc2)[C@H](CO1)C(C)(C)C)(c1ccccc1)c1ccccc1)(C)C,,CC([C@H]1COC(=N1)C12C3[Ru]4567891(C2(C7C34)P(c1ccccc1)c1ccccc1)C1C5C9(C8(C61)P(c1ccccc1)c1ccccc1)C1=N[C@H](CO1)C(C)(C)C)(C)C,,,,,,,,,,,PPh3,,,,,,,0.1,0.5,,,,,,,,c1ccc(cc1)P(c1ccccc1)c1ccccc1,EtOH,1.0,CCO,2s,97.0,99.0,,,,OC(=O)[C@H](CC(=O)c1ccccc1C)C,6.0,25.0,H2,20.0,,,,,,acs.orglett.5c05118.zip
S2_20,1,10.1021/acs.orglett.5c05118,2026,1t,,0.2,1.0,COc1ccccc1C(=O)CC(=C)C(=O)O,NaHCO3,,0.1,,,0.5,[Na+].[O-1]C(=O)O,RuPHOX-Ru,,,,0.002,0.01,,,,,RuPHOX,,,,,,,0.002,0.01,Ru,2,,,,CC([C@H]1COC2=[N+]1[Ru-3](Cl)(Cl)([P+](c1ccccc1)(c1ccccc1)c1ccccc1)[P+](C13C42C2[Ru]5678914(C2C35)C1C6C29C8(C71)C1=[N+]([Ru-3]([P+]2(c2ccccc2)c2ccccc2)(Cl)(Cl)[P+](c2ccccc2)(c2ccccc2)c2ccccc2)[C@H](CO1)C(C)(C)C)(c1ccccc1)c1ccccc1)(C)C,,CC([C@H]1COC(=N1)C12C3[Ru]4567891(C2(C7C34)P(c1ccccc1)c1ccccc1)C1C5C9(C8(C61)P(c1ccccc1)c1ccccc1)C1=N[C@H](CO1)C(C)(C)C)(C)C,,,,,,,,,,,PPh3,,,,,,,0.1,0.5,,,,,,,,c1ccc(cc1)P(c1ccccc1)c1ccccc1,EtOH,1.0,CCO,2t,96.0,99.0,,,,COc1ccccc1C(=O)C[C@@H](C(=O)O)C,6.0,25.0,H2,20.0,,,,,,acs.orglett.5c05118.zip
S2_21,1,10.1021/acs.orglett.5c05118,2026,1u,,0.2,1.0,OC(=O)C(=C)CC(=O)c1ccccc1F,NaHCO3,,0.1,,,0.5,[Na+].[O-1]C(=O)O,RuPHOX-Ru,,,,0.002,0.01,,,,,RuPHOX,,,,,,,0.002,0.01,Ru,2,,,,CC([C@H]1COC2=[N+]1[Ru-3](Cl)(Cl)([P+](c1ccccc1)(c1ccccc1)c1ccccc1)[P+](C13C42C2[Ru]5678914(C2C35)C1C6C29C8(C71)C1=[N+]([Ru-3]([P+]2(c2ccccc2)c2ccccc2)(Cl)(Cl)[P+](c2ccccc2)(c2ccccc2)c2ccccc2)[C@H](CO1)C(C)(C)C)(c1ccccc1)c1ccccc1)(C)C,,CC([C@H]1COC(=N1)C12C3[Ru]4567891(C2(C7C34)P(c1ccccc1)c1ccccc1)C1C5C9(C8(C61)P(c1ccccc1)c1ccccc1)C1=N[C@H](CO1)C(C)(C)C)(C)C,,,,,,,,,,,PPh3,,,,,,,0.1,0.5,,,,,,,,c1ccc(cc1)P(c1ccccc1)c1ccccc1,EtOH,1.0,CCO,2u,96.0,99.0,,,,OC(=O)[C@H](CC(=O)c1ccccc1F)C,6.0,25.0,H2,20.0,,,,,,acs.orglett.5c05118.zip
S2_22,1,10.1021/acs.orglett.5c05118,2026,1v,,0.2,1.0,OC(=O)C(=C)CC(=O)c1ccccc1Cl,NaHCO3,,0.1,,,0.5,[Na+].[O-1]C(=O)O,RuPHOX-Ru,,,,0.002,0.01,,,,,RuPHOX,,,,,,,0.002,0.01,Ru,2,,,,CC([C@H]1COC2=[N+]1[Ru-3](Cl)(Cl)([P+](c1ccccc1)(c1ccccc1)c1ccccc1)[P+](C13C42C2[Ru]5678914(C2C35)C1C6C29C8(C71)C1=[N+]([Ru-3]([P+]2(c2ccccc2)c2ccccc2)(Cl)(Cl)[P+](c2ccccc2)(c2ccccc2)c2ccccc2)[C@H](CO1)C(C)(C)C)(c1ccccc1)c1ccccc1)(C)C,,CC([C@H]1COC(=N1)C12C3[Ru]4567891(C2(C7C34)P(c1ccccc1)c1ccccc1)C1C5C9(C8(C61)P(c1ccccc1)c1ccccc1)C1=N[C@H](CO1)C(C)(C)C)(C)C,,,,,,,,,,,PPh3,,,,,,,0.1,0.5,,,,,,,,c1ccc(cc1)P(c1ccccc1)c1ccccc1,EtOH,1.0,CCO,2v,97.0,99.0,,,,OC(=O)[C@H](CC(=O)c1ccccc1Cl)C,6.0,25.0,H2,20.0,,,,,,acs.orglett.5c05118.zip
S2_23,1,10.1021/acs.orglett.5c05118,2026,1w,,0.2,1.0,OC(=O)C(=C)CC(=O)c1ccccc1Br,NaHCO3,,0.1,,,0.5,[Na+].[O-1]C(=O)O,RuPHOX-Ru,,,,0.002,0.01,,,,,RuPHOX,,,,,,,0.002,0.01,Ru,2,,,,CC([C@H]1COC2=[N+]1[Ru-3](Cl)(Cl)([P+](c1ccccc1)(c1ccccc1)c1ccccc1)[P+](C13C42C2[Ru]5678914(C2C35)C1C6C29C8(C71)C1=[N+]([Ru-3]([P+]2(c2ccccc2)c2ccccc2)(Cl)(Cl)[P+](c2ccccc2)(c2ccccc2)c2ccccc2)[C@H](CO1)C(C)(C)C)(c1ccccc1)c1ccccc1)(C)C,,CC([C@H]1COC(=N1)C12C3[Ru]4567891(C2(C7C34)P(c1ccccc1)c1ccccc1)C1C5C9(C8(C61)P(c1ccccc1)c1ccccc1)C1=N[C@H](CO1)C(C)(C)C)(C)C,,,,,,,,,,,PPh3,,,,,,,0.1,0.5,,,,,,,,c1ccc(cc1)P(c1ccccc1)c1ccccc1,EtOH,1.0,CCO,2w,96.0,99.0,,,,OC(=O)[C@H](CC(=O)c1ccccc1Br)C,6.0,25.0,H2,20.0,,,,,,acs.orglett.5c05118.zip
S2_24,1,10.1021/acs.orglett.5c05118,2026,1x,,0.2,1.0,OC(=O)C(=C)CC(=O)c1ccccc1C(F)(F)F,NaHCO3,,0.1,,,0.5,[Na+].[O-1]C(=O)O,RuPHOX-Ru,,,,0.002,0.01,,,,,RuPHOX,,,,,,,0.002,0.01,Ru,2,,,,CC([C@H]1COC2=[N+]1[Ru-3](Cl)(Cl)([P+](c1ccccc1)(c1ccccc1)c1ccccc1)[P+](C13C42C2[Ru]5678914(C2C35)C1C6C29C8(C71)C1=[N+]([Ru-3]([P+]2(c2ccccc2)c2ccccc2)(Cl)(Cl)[P+](c2ccccc2)(c2ccccc2)c2ccccc2)[C@H](CO1)C(C)(C)C)(c1ccccc1)c1ccccc1)(C)C,,CC([C@H]1COC(=N1)C12C3[Ru]4567891(C2(C7C34)P(c1ccccc1)c1ccccc1)C1C5C9(C8(C61)P(c1ccccc1)c1ccccc1)C1=N[C@H](CO1)C(C)(C)C)(C)C,,,,,,,,,,,PPh3,,,,,,,0.1,0.5,,,,,,,,c1ccc(cc1)P(c1ccccc1)c1ccccc1,EtOH,1.0,CCO,2x,95.0,99.0,,,,OC(=O)[C@H](CC(=O)c1ccccc1C(F)(F)F)C,6.0,25.0,H2,20.0,,,,,,acs.orglett.5c05118.zip
S2_25,1,10.1021/acs.orglett.5c05118,2026,1y,,0.2,1.0,OC(=O)C(=C)CC(=O)c1cccc2c1cccc2,NaHCO3,,0.1,,,0.5,[Na+].[O-1]C(=O)O,RuPHOX-Ru,,,,0.002,0.01,,,,,RuPHOX,,,,,,,0.002,0.01,Ru,2,,,,CC([C@H]1COC2=[N+]1[Ru-3](Cl)(Cl)([P+](c1ccccc1)(c1ccccc1)c1ccccc1)[P+](C13C42C2[Ru]5678914(C2C35)C1C6C29C8(C71)C1=[N+]([Ru-3]([P+]2(c2ccccc2)c2ccccc2)(Cl)(Cl)[P+](c2ccccc2)(c2ccccc2)c2ccccc2)[C@H](CO1)C(C)(C)C)(c1ccccc1)c1ccccc1)(C)C,,CC([C@H]1COC(=N1)C12C3[Ru]4567891(C2(C7C34)P(c1ccccc1)c1ccccc1)C1C5C9(C8(C61)P(c1ccccc1)c1ccccc1)C1=N[C@H](CO1)C(C)(C)C)(C)C,,,,,,,,,,,PPh3,,,,,,,0.1,0.5,,,,,,,,c1ccc(cc1)P(c1ccccc1)c1ccccc1,EtOH,1.0,CCO,2y,95.0,99.0,,,,OC(=O)[C@H](CC(=O)c1cccc2c1cccc2)C,6.0,25.0,H2,20.0,,,,,,acs.orglett.5c05118.zip
S2_26,1,10.1021/acs.orglett.5c05118,2026,1z,,0.2,1.0,OC(=O)C(=C)CC(=O)c1ccc2c(c1)cccc2,NaHCO3,,0.1,,,0.5,[Na+].[O-1]C(=O)O,RuPHOX-Ru,,,,0.002,0.01,,,,,RuPHOX,,,,,,,0.002,0.01,Ru,2,,,,CC([C@H]1COC2=[N+]1[Ru-3](Cl)(Cl)([P+](c1ccccc1)(c1ccccc1)c1ccccc1)[P+](C13C42C2[Ru]5678914(C2C35)C1C6C29C8(C71)C1=[N+]([Ru-3]([P+]2(c2ccccc2)c2ccccc2)(Cl)(Cl)[P+](c2ccccc2)(c2ccccc2)c2ccccc2)[C@H](CO1)C(C)(C)C)(c1ccccc1)c1ccccc1)(C)C,,CC([C@H]1COC(=N1)C12C3[Ru]4567891(C2(C7C34)P(c1ccccc1)c1ccccc1)C1C5C9(C8(C61)P(c1ccccc1)c1ccccc1)C1=N[C@H](CO1)C(C)(C)C)(C)C,,,,,,,,,,,PPh3,,,,,,,0.1,0.5,,,,,,,,c1ccc(cc1)P(c1ccccc1)c1ccccc1,EtOH,1.0,CCO,2z,97.0,99.0,,,,OC(=O)[C@H](CC(=O)c1ccc2c(c1)cccc2)C,6.0,25.0,H2,20.0,,,,,,acs.orglett.5c05118.zip
S2_27,1,10.1021/acs.orglett.5c05118,2026,1aa,,0.2,1.0,OC(=O)C(=C)CC(=O)c1cc2c(o1)cccc2,NaHCO3,,0.1,,,0.5,[Na+].[O-1]C(=O)O,RuPHOX-Ru,,,,0.002,0.01,,,,,RuPHOX,,,,,,,0.002,0.01,Ru,2,,,,CC([C@H]1COC2=[N+]1[Ru-3](Cl)(Cl)([P+](c1ccccc1)(c1ccccc1)c1ccccc1)[P+](C13C42C2[Ru]5678914(C2C35)C1C6C29C8(C71)C1=[N+]([Ru-3]([P+]2(c2ccccc2)c2ccccc2)(Cl)(Cl)[P+](c2ccccc2)(c2ccccc2)c2ccccc2)[C@H](CO1)C(C)(C)C)(c1ccccc1)c1ccccc1)(C)C,,CC([C@H]1COC(=N1)C12C3[Ru]4567891(C2(C7C34)P(c1ccccc1)c1ccccc1)C1C5C9(C8(C61)P(c1ccccc1)c1ccccc1)C1=N[C@H](CO1)C(C)(C)C)(C)C,,,,,,,,,,,PPh3,,,,,,,0.1,0.5,,,,,,,,c1ccc(cc1)P(c1ccccc1)c1ccccc1,EtOH,1.0,CCO,2aa,95.0,99.0,,,,OC(=O)[C@H](CC(=O)c1cc2c(o1)cccc2)C,6.0,25.0,H2,20.0,,,,,,acs.orglett.5c05118.zip
S2_28,1,10.1021/acs.orglett.5c05118,2026,1ab,,0.2,1.0,OC(=O)C(=C)CC(=O)c1ccc2c(c1)CCO2,NaHCO3,,0.1,,,0.5,[Na+].[O-1]C(=O)O,RuPHOX-Ru,,,,0.002,0.01,,,,,RuPHOX,,,,,,,0.002,0.01,Ru,2,,,,CC([C@H]1COC2=[N+]1[Ru-3](Cl)(Cl)([P+](c1ccccc1)(c1ccccc1)c1ccccc1)[P+](C13C42C2[Ru]5678914(C2C35)C1C6C29C8(C71)C1=[N+]([Ru-3]([P+]2(c2ccccc2)c2ccccc2)(Cl)(Cl)[P+](c2ccccc2)(c2ccccc2)c2ccccc2)[C@H](CO1)C(C)(C)C)(c1ccccc1)c1ccccc1)(C)C,,CC([C@H]1COC(=N1)C12C3[Ru]4567891(C2(C7C34)P(c1ccccc1)c1ccccc1)C1C5C9(C8(C61)P(c1ccccc1)c1ccccc1)C1=N[C@H](CO1)C(C)(C)C)(C)C,,,,,,,,,,,PPh3,,,,,,,0.1,0.5,,,,,,,,c1ccc(cc1)P(c1ccccc1)c1ccccc1,EtOH,1.0,CCO,2ab,95.0,99.0,,,,OC(=O)[C@H](CC(=O)c1ccc2c(c1)CCO2)C,6.0,25.0,H2,20.0,,,,,,acs.orglett.5c05118.zip
S2_29,1,10.1021/acs.orglett.5c05118,2026,1ac,,0.2,1.0,Cc1ccc(cc1C(=O)CC(=C)C(=O)O)C,NaHCO3,,0.1,,,0.5,[Na+].[O-1]C(=O)O,RuPHOX-Ru,,,,0.002,0.01,,,,,RuPHOX,,,,,,,0.002,0.01,Ru,2,,,,CC([C@H]1COC2=[N+]1[Ru-3](Cl)(Cl)([P+](c1ccccc1)(c1ccccc1)c1ccccc1)[P+](C13C42C2[Ru]5678914(C2C35)C1C6C29C8(C71)C1=[N+]([Ru-3]([P+]2(c2ccccc2)c2ccccc2)(Cl)(Cl)[P+](c2ccccc2)(c2ccccc2)c2ccccc2)[C@H](CO1)C(C)(C)C)(c1ccccc1)c1ccccc1)(C)C,,CC([C@H]1COC(=N1)C12C3[Ru]4567891(C2(C7C34)P(c1ccccc1)c1ccccc1)C1C5C9(C8(C61)P(c1ccccc1)c1ccccc1)C1=N[C@H](CO1)C(C)(C)C)(C)C,,,,,,,,,,,PPh3,,,,,,,0.1,0.5,,,,,,,,c1ccc(cc1)P(c1ccccc1)c1ccccc1,EtOH,1.0,CCO,2ac,97.0,99.0,,,,OC(=O)[C@H](CC(=O)c1cc(C)ccc1C)C,6.0,25.0,H2,20.0,,,,,,acs.orglett.5c05118.zip
S2_30,1,10.1021/acs.orglett.5c05118,2026,1ad,,0.2,1.0,CC(c1ccc(c(c1)C(=O)CC(=C)C(=O)O)C)C,NaHCO3,,0.1,,,0.5,[Na+].[O-1]C(=O)O,RuPHOX-Ru,,,,0.002,0.01,,,,,RuPHOX,,,,,,,0.002,0.01,Ru,2,,,,CC([C@H]1COC2=[N+]1[Ru-3](Cl)(Cl)([P+](c1ccccc1)(c1ccccc1)c1ccccc1)[P+](C13C42C2[Ru]5678914(C2C35)C1C6C29C8(C71)C1=[N+]([Ru-3]([P+]2(c2ccccc2)c2ccccc2)(Cl)(Cl)[P+](c2ccccc2)(c2ccccc2)c2ccccc2)[C@H](CO1)C(C)(C)C)(c1ccccc1)c1ccccc1)(C)C,,CC([C@H]1COC(=N1)C12C3[Ru]4567891(C2(C7C34)P(c1ccccc1)c1ccccc1)C1C5C9(C8(C61)P(c1ccccc1)c1ccccc1)C1=N[C@H](CO1)C(C)(C)C)(C)C,,,,,,,,,,,PPh3,,,,,,,0.1,0.5,,,,,,,,c1ccc(cc1)P(c1ccccc1)c1ccccc1,EtOH,1.0,CCO,2ad,97.0,92.0,,,,C[C@H](C(=O)O)CC(=O)c1cc(ccc1C)C(C)C,6.0,25.0,H2,20.0,,,,,,acs.orglett.5c05118.zip
S2_31,1,10.1021/acs.orglett.5c05118,2026,1ae,,0.2,1.0,O=C(c1cc(C)c(c(c1)C)C)CC(=C)C(=O)O,NaHCO3,,0.1,,,0.5,[Na+].[O-1]C(=O)O,RuPHOX-Ru,,,,0.002,0.01,,,,,RuPHOX,,,,,,,0.002,0.01,Ru,2,,,,CC([C@H]1COC2=[N+]1[Ru-3](Cl)(Cl)([P+](c1ccccc1)(c1ccccc1)c1ccccc1)[P+](C13C42C2[Ru]5678914(C2C35)C1C6C29C8(C71)C1=[N+]([Ru-3]([P+]2(c2ccccc2)c2ccccc2)(Cl)(Cl)[P+](c2ccccc2)(c2ccccc2)c2ccccc2)[C@H](CO1)C(C)(C)C)(c1ccccc1)c1ccccc1)(C)C,,CC([C@H]1COC(=N1)C12C3[Ru]4567891(C2(C7C34)P(c1ccccc1)c1ccccc1)C1C5C9(C8(C61)P(c1ccccc1)c1ccccc1)C1=N[C@H](CO1)C(C)(C)C)(C)C,,,,,,,,,,,PPh3,,,,,,,0.1,0.5,,,,,,,,c1ccc(cc1)P(c1ccccc1)c1ccccc1,EtOH,1.0,CCO,2ae,96.0,99.0,,,,OC(=O)[C@H](CC(=O)c1cc(C)c(c(c1)C)C)C,6.0,25.0,H2,20.0,,,,,,acs.orglett.5c05118.zip
S2_32,1,10.1021/acs.orglett.5c05118,2026,1af,,0.2,1.0,C=C(C(=O)O)CC(=O)c1cc(C)c(c(c1C)C)C,NaHCO3,,0.1,,,0.5,[Na+].[O-1]C(=O)O,RuPHOX-Ru,,,,0.002,0.01,,,,,RuPHOX,,,,,,,0.002,0.01,Ru,2,,,,CC([C@H]1COC2=[N+]1[Ru-3](Cl)(Cl)([P+](c1ccccc1)(c1ccccc1)c1ccccc1)[P+](C13C42C2[Ru]5678914(C2C35)C1C6C29C8(C71)C1=[N+]([Ru-3]([P+]2(c2ccccc2)c2ccccc2)(Cl)(Cl)[P+](c2ccccc2)(c2ccccc2)c2ccccc2)[C@H](CO1)C(C)(C)C)(c1ccccc1)c1ccccc1)(C)C,,CC([C@H]1COC(=N1)C12C3[Ru]4567891(C2(C7C34)P(c1ccccc1)c1ccccc1)C1C5C9(C8(C61)P(c1ccccc1)c1ccccc1)C1=N[C@H](CO1)C(C)(C)C)(C)C,,,,,,,,,,,PPh3,,,,,,,0.1,0.5,,,,,,,,c1ccc(cc1)P(c1ccccc1)c1ccccc1,EtOH,1.0,CCO,2af,96.0,99.0,,,,C[C@H](C(=O)O)CC(=O)c1cc(C)c(c(c1C)C)C,6.0,25.0,H2,20.0,,,,,,acs.orglett.5c05118.zip
S2_33,1,10.1021/acs.orglett.5c05118,2026,1ag,,0.2,1.0,OC(=O)C(=C)CC(=O)c1ccc(c(c1)C)F,NaHCO3,,0.1,,,0.5,[Na+].[O-1]C(=O)O,RuPHOX-Ru,,,,0.002,0.01,,,,,RuPHOX,,,,,,,0.002,0.01,Ru,2,,,,CC([C@H]1COC2=[N+]1[Ru-3](Cl)(Cl)([P+](c1ccccc1)(c1ccccc1)c1ccccc1)[P+](C13C42C2[Ru]5678914(C2C35)C1C6C29C8(C71)C1=[N+]([Ru-3]([P+]2(c2ccccc2)c2ccccc2)(Cl)(Cl)[P+](c2ccccc2)(c2ccccc2)c2ccccc2)[C@H](CO1)C(C)(C)C)(c1ccccc1)c1ccccc1)(C)C,,CC([C@H]1COC(=N1)C12C3[Ru]4567891(C2(C7C34)P(c1ccccc1)c1ccccc1)C1C5C9(C8(C61)P(c1ccccc1)c1ccccc1)C1=N[C@H](CO1)C(C)(C)C)(C)C,,,,,,,,,,,PPh3,,,,,,,0.1,0.5,,,,,,,,c1ccc(cc1)P(c1ccccc1)c1ccccc1,EtOH,1.0,CCO,2ag,96.0,99.0,,,,OC(=O)[C@H](CC(=O)c1ccc(c(c1)C)F)C,6.0,25.0,H2,20.0,,,,,,acs.orglett.5c05118.zip
S2_34,1,10.1021/acs.orglett.5c05118,2026,1ah,,0.2,1.0,Clc1ccc(c(c1)Br)C(=O)CC(=C)C(=O)O,NaHCO3,,0.1,,,0.5,[Na+].[O-1]C(=O)O,RuPHOX-Ru,,,,0.002,0.01,,,,,RuPHOX,,,,,,,0.002,0.01,Ru,2,,,,CC([C@H]1COC2=[N+]1[Ru-3](Cl)(Cl)([P+](c1ccccc1)(c1ccccc1)c1ccccc1)[P+](C13C42C2[Ru]5678914(C2C35)C1C6C29C8(C71)C1=[N+]([Ru-3]([P+]2(c2ccccc2)c2ccccc2)(Cl)(Cl)[P+](c2ccccc2)(c2ccccc2)c2ccccc2)[C@H](CO1)C(C)(C)C)(c1ccccc1)c1ccccc1)(C)C,,CC([C@H]1COC(=N1)C12C3[Ru]4567891(C2(C7C34)P(c1ccccc1)c1ccccc1)C1C5C9(C8(C61)P(c1ccccc1)c1ccccc1)C1=N[C@H](CO1)C(C)(C)C)(C)C,,,,,,,,,,,PPh3,,,,,,,0.1,0.5,,,,,,,,c1ccc(cc1)P(c1ccccc1)c1ccccc1,EtOH,1.0,CCO,2ah,97.0,99.0,,,,OC(=O)[C@H](CC(=O)c1ccc(cc1Br)Cl)C,6.0,25.0,H2,20.0,,,,,,acs.orglett.5c05118.zip
S2_35,1,10.1021/acs.orglett.5c05118,2026,1ai,,0.2,1.0,O=C(c1cc(cc(c1)C(F)(F)F)C(F)(F)F)CC(=C)C(=O)O,NaHCO3,,0.1,,,0.5,[Na+].[O-1]C(=O)O,RuPHOX-Ru,,,,0.002,0.01,,,,,RuPHOX,,,,,,,0.002,0.01,Ru,2,,,,CC([C@H]1COC2=[N+]1[Ru-3](Cl)(Cl)([P+](c1ccccc1)(c1ccccc1)c1ccccc1)[P+](C13C42C2[Ru]5678914(C2C35)C1C6C29C8(C71)C1=[N+]([Ru-3]([P+]2(c2ccccc2)c2ccccc2)(Cl)(Cl)[P+](c2ccccc2)(c2ccccc2)c2ccccc2)[C@H](CO1)C(C)(C)C)(c1ccccc1)c1ccccc1)(C)C,,CC([C@H]1COC(=N1)C12C3[Ru]4567891(C2(C7C34)P(c1ccccc1)c1ccccc1)C1C5C9(C8(C61)P(c1ccccc1)c1ccccc1)C1=N[C@H](CO1)C(C)(C)C)(C)C,,,,,,,,,,,PPh3,,,,,,,0.1,0.5,,,,,,,,c1ccc(cc1)P(c1ccccc1)c1ccccc1,EtOH,1.0,CCO,2ai,97.0,97.0,,,,C[C@H](C(=O)O)CC(=O)c1cc(cc(c1)C(F)(F)F)C(F)(F)F,6.0,25.0,H2,20.0,,,,,,acs.orglett.5c05118.zip
S2_36,1,10.1021/acs.orglett.5c05118,2026,1aj,,0.2,1.0,O=C(c1cc(Cl)cc(c1)Cl)CC(=C)C(=O)O,NaHCO3,,0.1,,,0.5,[Na+].[O-1]C(=O)O,RuPHOX-Ru,,,,0.002,0.01,,,,,RuPHOX,,,,,,,0.002,0.01,Ru,2,,,,CC([C@H]1COC2=[N+]1[Ru-3](Cl)(Cl)([P+](c1ccccc1)(c1ccccc1)c1ccccc1)[P+](C13C42C2[Ru]5678914(C2C35)C1C6C29C8(C71)C1=[N+]([Ru-3]([P+]2(c2ccccc2)c2ccccc2)(Cl)(Cl)[P+](c2ccccc2)(c2ccccc2)c2ccccc2)[C@H](CO1)C(C)(C)C)(c1ccccc1)c1ccccc1)(C)C,,CC([C@H]1COC(=N1)C12C3[Ru]4567891(C2(C7C34)P(c1ccccc1)c1ccccc1)C1C5C9(C8(C61)P(c1ccccc1)c1ccccc1)C1=N[C@H](CO1)C(C)(C)C)(C)C,,,,,,,,,,,PPh3,,,,,,,0.1,0.5,,,,,,,,c1ccc(cc1)P(c1ccccc1)c1ccccc1,EtOH,1.0,CCO,2aj,96.0,97.0,,,,C[C@H](C(=O)O)CC(=O)c1cc(Cl)cc(c1)Cl,6.0,25.0,H2,20.0,,,,,,acs.orglett.5c05118.zip
S2_37,1,10.1021/acs.orglett.5c05118,2026,1ak,,0.2,1.0,O=C(Cc1ccccc1)CC(=C)C(=O)O,NaHCO3,,0.1,,,0.5,[Na+].[O-1]C(=O)O,RuPHOX-Ru,,,,0.002,0.01,,,,,RuPHOX,,,,,,,0.002,0.01,Ru,2,,,,CC([C@H]1COC2=[N+]1[Ru-3](Cl)(Cl)([P+](c1ccccc1)(c1ccccc1)c1ccccc1)[P+](C13C42C2[Ru]5678914(C2C35)C1C6C29C8(C71)C1=[N+]([Ru-3]([P+]2(c2ccccc2)c2ccccc2)(Cl)(Cl)[P+](c2ccccc2)(c2ccccc2)c2ccccc2)[C@H](CO1)C(C)(C)C)(c1ccccc1)c1ccccc1)(C)C,,CC([C@H]1COC(=N1)C12C3[Ru]4567891(C2(C7C34)P(c1ccccc1)c1ccccc1)C1C5C9(C8(C61)P(c1ccccc1)c1ccccc1)C1=N[C@H](CO1)C(C)(C)C)(C)C,,,,,,,,,,,PPh3,,,,,,,0.1,0.5,,,,,,,,c1ccc(cc1)P(c1ccccc1)c1ccccc1,EtOH,1.0,CCO,2ak,97.0,99.0,,,,C[C@H](C(=O)O)CC(=O)Cc1ccccc1,6.0,25.0,H2,20.0,,,,,,acs.orglett.5c05118.zip
S2_38,1,10.1021/acs.orglett.5c05118,2026,1al,,0.2,1.0,O=C(CC(=C)C(=O)O)CCc1ccccc1,NaHCO3,,0.1,,,0.5,[Na+].[O-1]C(=O)O,RuPHOX-Ru,,,,0.002,0.01,,,,,RuPHOX,,,,,,,0.002,0.01,Ru,2,,,,CC([C@H]1COC2=[N+]1[Ru-3](Cl)(Cl)([P+](c1ccccc1)(c1ccccc1)c1ccccc1)[P+](C13C42C2[Ru]5678914(C2C35)C1C6C29C8(C71)C1=[N+]([Ru-3]([P+]2(c2ccccc2)c2ccccc2)(Cl)(Cl)[P+](c2ccccc2)(c2ccccc2)c2ccccc2)[C@H](CO1)C(C)(C)C)(c1ccccc1)c1ccccc1)(C)C,,CC([C@H]1COC(=N1)C12C3[Ru]4567891(C2(C7C34)P(c1ccccc1)c1ccccc1)C1C5C9(C8(C61)P(c1ccccc1)c1ccccc1)C1=N[C@H](CO1)C(C)(C)C)(C)C,,,,,,,,,,,PPh3,,,,,,,0.1,0.5,,,,,,,,c1ccc(cc1)P(c1ccccc1)c1ccccc1,EtOH,1.0,CCO,2al,97.0,99.0,,,,C[C@H](C(=O)O)CC(=O)CCc1ccccc1,6.0,25.0,H2,20.0,,,,,,acs.orglett.5c05118.zip
S2_39,1,10.1021/acs.orglett.5c05118,2026,1am,,0.2,1.0,CCCCC(=O)CC(=C)C(=O)O,NaHCO3,,0.1,,,0.5,[Na+].[O-1]C(=O)O,RuPHOX-Ru,,,,0.002,0.01,,,,,RuPHOX,,,,,,,0.002,0.01,Ru,2,,,,CC([C@H]1COC2=[N+]1[Ru-3](Cl)(Cl)([P+](c1ccccc1)(c1ccccc1)c1ccccc1)[P+](C13C42C2[Ru]5678914(C2C35)C1C6C29C8(C71)C1=[N+]([Ru-3]([P+]2(c2ccccc2)c2ccccc2)(Cl)(Cl)[P+](c2ccccc2)(c2ccccc2)c2ccccc2)[C@H](CO1)C(C)(C)C)(c1ccccc1)c1ccccc1)(C)C,,CC([C@H]1COC(=N1)C12C3[Ru]4567891(C2(C7C34)P(c1ccccc1)c1ccccc1)C1C5C9(C8(C61)P(c1ccccc1)c1ccccc1)C1=N[C@H](CO1)C(C)(C)C)(C)C,,,,,,,,,,,PPh3,,,,,,,0.1,0.5,,,,,,,,c1ccc(cc1)P(c1ccccc1)c1ccccc1,EtOH,1.0,CCO,2am,94.0,99.0,,,,CCCCC(=O)C[C@@H](C(=O)O)C,6.0,25.0,H2,20.0,,,,,,acs.orglett.5c05118.zip
S2_40,1,10.1021/acs.orglett.5c05118,2026,1an,,0.2,1.0,OC(=O)C(=C)CC(=O)C(C)(C)C,NaHCO3,,0.1,,,0.5,[Na+].[O-1]C(=O)O,RuPHOX-Ru,,,,0.002,0.01,,,,,RuPHOX,,,,,,,0.002,0.01,Ru,2,,,,CC([C@H]1COC2=[N+]1[Ru-3](Cl)(Cl)([P+](c1ccccc1)(c1ccccc1)c1ccccc1)[P+](C13C42C2[Ru]5678914(C2C35)C1C6C29C8(C71)C1=[N+]([Ru-3]([P+]2(c2ccccc2)c2ccccc2)(Cl)(Cl)[P+](c2ccccc2)(c2ccccc2)c2ccccc2)[C@H](CO1)C(C)(C)C)(c1ccccc1)c1ccccc1)(C)C,,CC([C@H]1COC(=N1)C12C3[Ru]4567891(C2(C7C34)P(c1ccccc1)c1ccccc1)C1C5C9(C8(C61)P(c1ccccc1)c1ccccc1)C1=N[C@H](CO1)C(C)(C)C)(C)C,,,,,,,,,,,PPh3,,,,,,,0.1,0.5,,,,,,,,c1ccc(cc1)P(c1ccccc1)c1ccccc1,EtOH,1.0,CCO,2an,92.0,99.0,,,,C[C@H](C(=O)O)CC(=O)C(C)(C)C,6.0,25.0,H2,20.0,,,,,,acs.orglett.5c05118.zip
S2_41,1,10.1021/acs.orglett.5c05118,2026,1ao,,0.2,1.0,O=C(CC(C)(C)C)CC(=C)C(=O)O,NaHCO3,,0.1,,,0.5,[Na+].[O-1]C(=O)O,RuPHOX-Ru,,,,0.002,0.01,,,,,RuPHOX,,,,,,,0.002,0.01,Ru,2,,,,CC([C@H]1COC2=[N+]1[Ru-3](Cl)(Cl)([P+](c1ccccc1)(c1ccccc1)c1ccccc1)[P+](C13C42C2[Ru]5678914(C2C35)C1C6C29C8(C71)C1=[N+]([Ru-3]([P+]2(c2ccccc2)c2ccccc2)(Cl)(Cl)[P+](c2ccccc2)(c2ccccc2)c2ccccc2)[C@H](CO1)C(C)(C)C)(c1ccccc1)c1ccccc1)(C)C,,CC([C@H]1COC(=N1)C12C3[Ru]4567891(C2(C7C34)P(c1ccccc1)c1ccccc1)C1C5C9(C8(C61)P(c1ccccc1)c1ccccc1)C1=N[C@H](CO1)C(C)(C)C)(C)C,,,,,,,,,,,PPh3,,,,,,,0.1,0.5,,,,,,,,c1ccc(cc1)P(c1ccccc1)c1ccccc1,EtOH,1.0,CCO,2ao,93.0,99.0,,,,C[C@H](C(=O)O)CC(=O)CC(C)(C)C,6.0,25.0,H2,20.0,,,,,,acs.orglett.5c05118.zip
S2_42,1,10.1021/acs.orglett.5c05118,2026,1ap,,0.2,1.0,O=C(C1CCCCC1)CC(=C)C(=O)O,NaHCO3,,0.1,,,0.5,[Na+].[O-1]C(=O)O,RuPHOX-Ru,,,,0.002,0.01,,,,,RuPHOX,,,,,,,0.002,0.01,Ru,2,,,,CC([C@H]1COC2=[N+]1[Ru-3](Cl)(Cl)([P+](c1ccccc1)(c1ccccc1)c1ccccc1)[P+](C13C42C2[Ru]5678914(C2C35)C1C6C29C8(C71)C1=[N+]([Ru-3]([P+]2(c2ccccc2)c2ccccc2)(Cl)(Cl)[P+](c2ccccc2)(c2ccccc2)c2ccccc2)[C@H](CO1)C(C)(C)C)(c1ccccc1)c1ccccc1)(C)C,,CC([C@H]1COC(=N1)C12C3[Ru]4567891(C2(C7C34)P(c1ccccc1)c1ccccc1)C1C5C9(C8(C61)P(c1ccccc1)c1ccccc1)C1=N[C@H](CO1)C(C)(C)C)(C)C,,,,,,,,,,,PPh3,,,,,,,0.1,0.5,,,,,,,,c1ccc(cc1)P(c1ccccc1)c1ccccc1,EtOH,1.0,CCO,2ap,91.0,99.0,,,,C[C@H](C(=O)O)CC(=O)C1CCCCC1,6.0,25.0,H2,20.0,,,,,,acs.orglett.5c05118.zip
S2_43,1,10.1021/acs.orglett.5c05118,2026,1aq,,0.2,1.0,O=C(c1ccccc1)CCC(=C)C(=O)O,NaHCO3,,0.1,,,0.5,[Na+].[O-1]C(=O)O,RuPHOX-Ru,,,,0.002,0.01,,,,,RuPHOX,,,,,,,0.002,0.01,Ru,2,,,,CC([C@H]1COC2=[N+]1[Ru-3](Cl)(Cl)([P+](c1ccccc1)(c1ccccc1)c1ccccc1)[P+](C13C42C2[Ru]5678914(C2C35)C1C6C29C8(C71)C1=[N+]([Ru-3]([P+]2(c2ccccc2)c2ccccc2)(Cl)(Cl)[P+](c2ccccc2)(c2ccccc2)c2ccccc2)[C@H](CO1)C(C)(C)C)(c1ccccc1)c1ccccc1)(C)C,,CC([C@H]1COC(=N1)C12C3[Ru]4567891(C2(C7C34)P(c1ccccc1)c1ccccc1)C1C5C9(C8(C61)P(c1ccccc1)c1ccccc1)C1=N[C@H](CO1)C(C)(C)C)(C)C,,,,,,,,,,,PPh3,,,,,,,0.1,0.5,,,,,,,,c1ccc(cc1)P(c1ccccc1)c1ccccc1,EtOH,1.0,CCO,2aq,99.0,99.0,,,,C[C@H](C(=O)O)CCC(=O)c1ccccc1,6.0,25.0,H2,20.0,,,,,,acs.orglett.5c05118.zip
S2_44,1,10.1021/acs.orglett.5c05118,2026,1ar,,0.2,1.0,OC(=O)C(=C)CCC(=O)C12C3[Fe]4567892(C1C5C34)C1C8C7C6C91,NaHCO3,,0.1,,,0.5,[Na+].[O-1]C(=O)O,RuPHOX-Ru,,,,0.002,0.01,,,,,RuPHOX,,,,,,,0.002,0.01,Ru,2,,,,CC([C@H]1COC2=[N+]1[Ru-3](Cl)(Cl)([P+](c1ccccc1)(c1ccccc1)c1ccccc1)[P+](C13C42C2[Ru]5678914(C2C35)C1C6C29C8(C71)C1=[N+]([Ru-3]([P+]2(c2ccccc2)c2ccccc2)(Cl)(Cl)[P+](c2ccccc2)(c2ccccc2)c2ccccc2)[C@H](CO1)C(C)(C)C)(c1ccccc1)c1ccccc1)(C)C,,CC([C@H]1COC(=N1)C12C3[Ru]4567891(C2(C7C34)P(c1ccccc1)c1ccccc1)C1C5C9(C8(C61)P(c1ccccc1)c1ccccc1)C1=N[C@H](CO1)C(C)(C)C)(C)C,,,,,,,,,,,PPh3,,,,,,,0.1,0.5,,,,,,,,c1ccc(cc1)P(c1ccccc1)c1ccccc1,EtOH,1.0,CCO,2ar,94.0,98.0,,,,OC(=O)[C@H](CCC(=O)C12C3[Fe]4567892(C1C5C34)C1C8C7C6C91)C,6.0,25.0,H2,20.0,,,,,,acs.orglett.5c05118.zip
S2_45,1,10.1021/acs.orglett.5c05118,2026,1as,,0.2,1.0,O=C(CCc1ccccc1)CCC(=C)C(=O)O,NaHCO3,,0.1,,,0.5,[Na+].[O-1]C(=O)O,RuPHOX-Ru,,,,0.002,0.01,,,,,RuPHOX,,,,,,,0.002,0.01,Ru,2,,,,CC([C@H]1COC2=[N+]1[Ru-3](Cl)(Cl)([P+](c1ccccc1)(c1ccccc1)c1ccccc1)[P+](C13C42C2[Ru]5678914(C2C35)C1C6C29C8(C71)C1=[N+]([Ru-3]([P+]2(c2ccccc2)c2ccccc2)(Cl)(Cl)[P+](c2ccccc2)(c2ccccc2)c2ccccc2)[C@H](CO1)C(C)(C)C)(c1ccccc1)c1ccccc1)(C)C,,CC([C@H]1COC(=N1)C12C3[Ru]4567891(C2(C7C34)P(c1ccccc1)c1ccccc1)C1C5C9(C8(C61)P(c1ccccc1)c1ccccc1)C1=N[C@H](CO1)C(C)(C)C)(C)C,,,,,,,,,,,PPh3,,,,,,,0.1,0.5,,,,,,,,c1ccc(cc1)P(c1ccccc1)c1ccccc1,EtOH,1.0,CCO,2as,97.0,99.0,,,,O=C(CCc1ccccc1)CC[C@@H](C(=O)O)C,6.0,25.0,H2,20.0,,,,,,acs.orglett.5c05118.zip
TS1_1,1,10.1021/acs.orglett.5c05118,2026,1a,,0.1,1.0,O=C(c1ccccc1)CC(=C)C(=O)O,NaHCO3,,0.05,,,0.5,[Na+].[O-1]C(=O)O,RuPHOX-Ru,,,,0.001,0.01,,,,,RuPHOX,,,,,,,0.001,0.01,Ru,2,,,,CC([C@H]1COC2=[N+]1[Ru-3](Cl)(Cl)([P+](c1ccccc1)(c1ccccc1)c1ccccc1)[P+](C13C42C2[Ru]5678914(C2C35)C1C6C29C8(C71)C1=[N+]([Ru-3]([P+]2(c2ccccc2)c2ccccc2)(Cl)(Cl)[P+](c2ccccc2)(c2ccccc2)c2ccccc2)[C@H](CO1)C(C)(C)C)(c1ccccc1)c1ccccc1)(C)C,,CC([C@H]1COC(=N1)C12C3[Ru]4567891(C2(C7C34)P(c1ccccc1)c1ccccc1)C1C5C9(C8(C61)P(c1ccccc1)c1ccccc1)C1=N[C@H](CO1)C(C)(C)C)(C)C,,,,,,,,,,,PPh3,,,,,,,0.05,0.5,,,,,,,,c1ccc(cc1)P(c1ccccc1)c1ccccc1,MeOH,0.5,CO,2a,99.0,99.0,,,,C[C@H](C(=O)O)CC(=O)c1ccccc1,24.0,25.0,H2,50.0,,,,,,acs.orglett.5c05118.zip
TS1_2,1,10.1021/acs.orglett.5c05118,2026,1a,,0.1,1.0,O=C(c1ccccc1)CC(=C)C(=O)O,KHCO3,,0.05,,,0.5,[K+].[O-1]C(=O)O,RuPHOX-Ru,,,,0.001,0.01,,,,,RuPHOX,,,,,,,0.001,0.01,Ru,2,,,,CC([C@H]1COC2=[N+]1[Ru-3](Cl)(Cl)([P+](c1ccccc1)(c1ccccc1)c1ccccc1)[P+](C13C42C2[Ru]5678914(C2C35)C1C6C29C8(C71)C1=[N+]([Ru-3]([P+]2(c2ccccc2)c2ccccc2)(Cl)(Cl)[P+](c2ccccc2)(c2ccccc2)c2ccccc2)[C@H](CO1)C(C)(C)C)(c1ccccc1)c1ccccc1)(C)C,,CC([C@H]1COC(=N1)C12C3[Ru]4567891(C2(C7C34)P(c1ccccc1)c1ccccc1)C1C5C9(C8(C61)P(c1ccccc1)c1ccccc1)C1=N[C@H](CO1)C(C)(C)C)(C)C,,,,,,,,,,,PPh3,,,,,,,0.05,0.5,,,,,,,,c1ccc(cc1)P(c1ccccc1)c1ccccc1,MeOH,0.5,CO,2a,99.0,98.0,,,,C[C@H](C(=O)O)CC(=O)c1ccccc1,24.0,25.0,H2,50.0,,,,,,acs.orglett.5c05118.zip
TS1_3,1,10.1021/acs.orglett.5c05118,2026,1a,,0.1,1.0,O=C(c1ccccc1)CC(=C)C(=O)O,Na2CO3,,0.05,,,0.5,[Na+].[O-1]C(=O)[O-1].[Na+],RuPHOX-Ru,,,,0.001,0.01,,,,,RuPHOX,,,,,,,0.001,0.01,Ru,2,,,,CC([C@H]1COC2=[N+]1[Ru-3](Cl)(Cl)([P+](c1ccccc1)(c1ccccc1)c1ccccc1)[P+](C13C42C2[Ru]5678914(C2C35)C1C6C29C8(C71)C1=[N+]([Ru-3]([P+]2(c2ccccc2)c2ccccc2)(Cl)(Cl)[P+](c2ccccc2)(c2ccccc2)c2ccccc2)[C@H](CO1)C(C)(C)C)(c1ccccc1)c1ccccc1)(C)C,,CC([C@H]1COC(=N1)C12C3[Ru]4567891(C2(C7C34)P(c1ccccc1)c1ccccc1)C1C5C9(C8(C61)P(c1ccccc1)c1ccccc1)C1=N[C@H](CO1)C(C)(C)C)(C)C,,,,,,,,,,,PPh3,,,,,,,0.05,0.5,,,,,,,,c1ccc(cc1)P(c1ccccc1)c1ccccc1,MeOH,0.5,CO,2a,99.0,98.0,,,,C[C@H](C(=O)O)CC(=O)c1ccccc1,24.0,25.0,H2,50.0,,,,,,acs.orglett.5c05118.zip
TS1_4,1,10.1021/acs.orglett.5c05118,2026,1a,,0.1,1.0,O=C(c1ccccc1)CC(=C)C(=O)O,K2CO3,,0.05,,,0.5,[K+].[O-1]C(=O)[O-1].[K+],RuPHOX-Ru,,,,0.001,0.01,,,,,RuPHOX,,,,,,,0.001,0.01,Ru,2,,,,CC([C@H]1COC2=[N+]1[Ru-3](Cl)(Cl)([P+](c1ccccc1)(c1ccccc1)c1ccccc1)[P+](C13C42C2[Ru]5678914(C2C35)C1C6C29C8(C71)C1=[N+]([Ru-3]([P+]2(c2ccccc2)c2ccccc2)(Cl)(Cl)[P+](c2ccccc2)(c2ccccc2)c2ccccc2)[C@H](CO1)C(C)(C)C)(c1ccccc1)c1ccccc1)(C)C,,CC([C@H]1COC(=N1)C12C3[Ru]4567891(C2(C7C34)P(c1ccccc1)c1ccccc1)C1C5C9(C8(C61)P(c1ccccc1)c1ccccc1)C1=N[C@H](CO1)C(C)(C)C)(C)C,,,,,,,,,,,PPh3,,,,,,,0.05,0.5,,,,,,,,c1ccc(cc1)P(c1ccccc1)c1ccccc1,MeOH,0.5,CO,2a,99.0,94.0,,,,C[C@H](C(=O)O)CC(=O)c1ccccc1,24.0,25.0,H2,50.0,,,,,,acs.orglett.5c05118.zip
TS1_5,1,10.1021/acs.orglett.5c05118,2026,1a,,0.1,1.0,O=C(c1ccccc1)CC(=C)C(=O)O,Li2CO3,,0.05,,,0.5,[Li+].[O-1]C(=O)[O-1].[Li+],RuPHOX-Ru,,,,0.001,0.01,,,,,RuPHOX,,,,,,,0.001,0.01,Ru,2,,,,CC([C@H]1COC2=[N+]1[Ru-3](Cl)(Cl)([P+](c1ccccc1)(c1ccccc1)c1ccccc1)[P+](C13C42C2[Ru]5678914(C2C35)C1C6C29C8(C71)C1=[N+]([Ru-3]([P+]2(c2ccccc2)c2ccccc2)(Cl)(Cl)[P+](c2ccccc2)(c2ccccc2)c2ccccc2)[C@H](CO1)C(C)(C)C)(c1ccccc1)c1ccccc1)(C)C,,CC([C@H]1COC(=N1)C12C3[Ru]4567891(C2(C7C34)P(c1ccccc1)c1ccccc1)C1C5C9(C8(C61)P(c1ccccc1)c1ccccc1)C1=N[C@H](CO1)C(C)(C)C)(C)C,,,,,,,,,,,PPh3,,,,,,,0.05,0.5,,,,,,,,c1ccc(cc1)P(c1ccccc1)c1ccccc1,MeOH,0.5,CO,2a,99.0,93.0,,,,C[C@H](C(=O)O)CC(=O)c1ccccc1,24.0,25.0,H2,50.0,,,,,,acs.orglett.5c05118.zip
TS1_6,1,10.1021/acs.orglett.5c05118,2026,1a,,0.1,1.0,O=C(c1ccccc1)CC(=C)C(=O)O,Cs2CO3,,0.05,,,0.5,[Cs+].[O-1]C(=O)[O-1].[Cs+],RuPHOX-Ru,,,,0.001,0.01,,,,,RuPHOX,,,,,,,0.001,0.01,Ru,2,,,,CC([C@H]1COC2=[N+]1[Ru-3](Cl)(Cl)([P+](c1ccccc1)(c1ccccc1)c1ccccc1)[P+](C13C42C2[Ru]5678914(C2C35)C1C6C29C8(C71)C1=[N+]([Ru-3]([P+]2(c2ccccc2)c2ccccc2)(Cl)(Cl)[P+](c2ccccc2)(c2ccccc2)c2ccccc2)[C@H](CO1)C(C)(C)C)(c1ccccc1)c1ccccc1)(C)C,,CC([C@H]1COC(=N1)C12C3[Ru]4567891(C2(C7C34)P(c1ccccc1)c1ccccc1)C1C5C9(C8(C61)P(c1ccccc1)c1ccccc1)C1=N[C@H](CO1)C(C)(C)C)(C)C,,,,,,,,,,,PPh3,,,,,,,0.05,0.5,,,,,,,,c1ccc(cc1)P(c1ccccc1)c1ccccc1,MeOH,0.5,CO,2a,99.0,92.0,,,,C[C@H](C(=O)O)CC(=O)c1ccccc1,24.0,25.0,H2,50.0,,,,,,acs.orglett.5c05118.zip
TS1_7,1,10.1021/acs.orglett.5c05118,2026,1a,,0.1,1.0,O=C(c1ccccc1)CC(=C)C(=O)O,NaOH,,0.05,,,0.5,[Na+].[OH-1],RuPHOX-Ru,,,,0.001,0.01,,,,,RuPHOX,,,,,,,0.001,0.01,Ru,2,,,,CC([C@H]1COC2=[N+]1[Ru-3](Cl)(Cl)([P+](c1ccccc1)(c1ccccc1)c1ccccc1)[P+](C13C42C2[Ru]5678914(C2C35)C1C6C29C8(C71)C1=[N+]([Ru-3]([P+]2(c2ccccc2)c2ccccc2)(Cl)(Cl)[P+](c2ccccc2)(c2ccccc2)c2ccccc2)[C@H](CO1)C(C)(C)C)(c1ccccc1)c1ccccc1)(C)C,,CC([C@H]1COC(=N1)C12C3[Ru]4567891(C2(C7C34)P(c1ccccc1)c1ccccc1)C1C5C9(C8(C61)P(c1ccccc1)c1ccccc1)C1=N[C@H](CO1)C(C)(C)C)(C)C,,,,,,,,,,,PPh3,,,,,,,0.05,0.5,,,,,,,,c1ccc(cc1)P(c1ccccc1)c1ccccc1,MeOH,0.5,CO,2a,99.0,91.0,,,,C[C@H](C(=O)O)CC(=O)c1ccccc1,24.0,25.0,H2,50.0,,,,,,acs.orglett.5c05118.zip
TS1_8,1,10.1021/acs.orglett.5c05118,2026,1a,,0.1,1.0,O=C(c1ccccc1)CC(=C)C(=O)O,KOH,,0.05,,,0.5,[OH-1].[K+],RuPHOX-Ru,,,,0.001,0.01,,,,,RuPHOX,,,,,,,0.001,0.01,Ru,2,,,,CC([C@H]1COC2=[N+]1[Ru-3](Cl)(Cl)([P+](c1ccccc1)(c1ccccc1)c1ccccc1)[P+](C13C42C2[Ru]5678914(C2C35)C1C6C29C8(C71)C1=[N+]([Ru-3]([P+]2(c2ccccc2)c2ccccc2)(Cl)(Cl)[P+](c2ccccc2)(c2ccccc2)c2ccccc2)[C@H](CO1)C(C)(C)C)(c1ccccc1)c1ccccc1)(C)C,,CC([C@H]1COC(=N1)C12C3[Ru]4567891(C2(C7C34)P(c1ccccc1)c1ccccc1)C1C5C9(C8(C61)P(c1ccccc1)c1ccccc1)C1=N[C@H](CO1)C(C)(C)C)(C)C,,,,,,,,,,,PPh3,,,,,,,0.05,0.5,,,,,,,,c1ccc(cc1)P(c1ccccc1)c1ccccc1,MeOH,0.5,CO,2a,88.0,90.0,,,,C[C@H](C(=O)O)CC(=O)c1ccccc1,24.0,25.0,H2,50.0,,,,,,acs.orglett.5c05118.zip
TS1_9,1,10.1021/acs.orglett.5c05118,2026,1a,,0.1,1.0,O=C(c1ccccc1)CC(=C)C(=O)O,tBuOK,,0.05,,,0.5,[K+].[O-1]C(C)(C)C,RuPHOX-Ru,,,,0.001,0.01,,,,,RuPHOX,,,,,,,0.001,0.01,Ru,2,,,,CC([C@H]1COC2=[N+]1[Ru-3](Cl)(Cl)([P+](c1ccccc1)(c1ccccc1)c1ccccc1)[P+](C13C42C2[Ru]5678914(C2C35)C1C6C29C8(C71)C1=[N+]([Ru-3]([P+]2(c2ccccc2)c2ccccc2)(Cl)(Cl)[P+](c2ccccc2)(c2ccccc2)c2ccccc2)[C@H](CO1)C(C)(C)C)(c1ccccc1)c1ccccc1)(C)C,,CC([C@H]1COC(=N1)C12C3[Ru]4567891(C2(C7C34)P(c1ccccc1)c1ccccc1)C1C5C9(C8(C61)P(c1ccccc1)c1ccccc1)C1=N[C@H](CO1)C(C)(C)C)(C)C,,,,,,,,,,,PPh3,,,,,,,0.05,0.5,,,,,,,,c1ccc(cc1)P(c1ccccc1)c1ccccc1,MeOH,0.5,CO,2a,86.0,90.0,,,,C[C@H](C(=O)O)CC(=O)c1ccccc1,24.0,25.0,H2,50.0,,,,,,acs.orglett.5c05118.zip
TS1_10,1,10.1021/acs.orglett.5c05118,2026,1a,,0.1,1.0,O=C(c1ccccc1)CC(=C)C(=O)O,NaOH,,0.1,,,1.0,[Na+].[OH-1],RuPHOX-Ru,,,,0.001,0.01,,,,,RuPHOX,,,,,,,0.001,0.01,Ru,2,,,,CC([C@H]1COC2=[N+]1[Ru-3](Cl)(Cl)([P+](c1ccccc1)(c1ccccc1)c1ccccc1)[P+](C13C42C2[Ru]5678914(C2C35)C1C6C29C8(C71)C1=[N+]([Ru-3]([P+]2(c2ccccc2)c2ccccc2)(Cl)(Cl)[P+](c2ccccc2)(c2ccccc2)c2ccccc2)[C@H](CO1)C(C)(C)C)(c1ccccc1)c1ccccc1)(C)C,,CC([C@H]1COC(=N1)C12C3[Ru]4567891(C2(C7C34)P(c1ccccc1)c1ccccc1)C1C5C9(C8(C61)P(c1ccccc1)c1ccccc1)C1=N[C@H](CO1)C(C)(C)C)(C)C,,,,,,,,,,,PPh3,,,,,,,0.05,0.5,,,,,,,,c1ccc(cc1)P(c1ccccc1)c1ccccc1,MeOH,0.5,CO,2a,60.0,50.0,,,,C[C@H](C(=O)O)CC(=O)c1ccccc1,24.0,25.0,H2,50.0,,,,,,acs.orglett.5c05118.zip
TS1_11,1,10.1021/acs.orglett.5c05118,2026,1a,,0.1,1.0,O=C(c1ccccc1)CC(=C)C(=O)O,NaOH,,0.2,,,2.0,[Na+].[OH-1],RuPHOX-Ru,,,,0.001,0.01,,,,,RuPHOX,,,,,,,0.001,0.01,Ru,2,,,,CC([C@H]1COC2=[N+]1[Ru-3](Cl)(Cl)([P+](c1ccccc1)(c1ccccc1)c1ccccc1)[P+](C13C42C2[Ru]5678914(C2C35)C1C6C29C8(C71)C1=[N+]([Ru-3]([P+]2(c2ccccc2)c2ccccc2)(Cl)(Cl)[P+](c2ccccc2)(c2ccccc2)c2ccccc2)[C@H](CO1)C(C)(C)C)(c1ccccc1)c1ccccc1)(C)C,,CC([C@H]1COC(=N1)C12C3[Ru]4567891(C2(C7C34)P(c1ccccc1)c1ccccc1)C1C5C9(C8(C61)P(c1ccccc1)c1ccccc1)C1=N[C@H](CO1)C(C)(C)C)(C)C,,,,,,,,,,,PPh3,,,,,,,0.05,0.5,,,,,,,,c1ccc(cc1)P(c1ccccc1)c1ccccc1,MeOH,0.5,CO,2a,25.0,24.0,,,,C[C@H](C(=O)O)CC(=O)c1ccccc1,24.0,25.0,H2,50.0,,,,,,acs.orglett.5c05118.zip
TS1_12,1,10.1021/acs.orglett.5c05118,2026,1a,,0.1,1.0,O=C(c1ccccc1)CC(=C)C(=O)O,Et3N,,0.05,,,0.5,CCN(CC)CC,RuPHOX-Ru,,,,0.001,0.01,,,,,RuPHOX,,,,,,,0.001,0.01,Ru,2,,,,CC([C@H]1COC2=[N+]1[Ru-3](Cl)(Cl)([P+](c1ccccc1)(c1ccccc1)c1ccccc1)[P+](C13C42C2[Ru]5678914(C2C35)C1C6C29C8(C71)C1=[N+]([Ru-3]([P+]2(c2ccccc2)c2ccccc2)(Cl)(Cl)[P+](c2ccccc2)(c2ccccc2)c2ccccc2)[C@H](CO1)C(C)(C)C)(c1ccccc1)c1ccccc1)(C)C,,CC([C@H]1COC(=N1)C12C3[Ru]4567891(C2(C7C34)P(c1ccccc1)c1ccccc1)C1C5C9(C8(C61)P(c1ccccc1)c1ccccc1)C1=N[C@H](CO1)C(C)(C)C)(C)C,,,,,,,,,,,PPh3,,,,,,,0.05,0.5,,,,,,,,c1ccc(cc1)P(c1ccccc1)c1ccccc1,MeOH,0.5,CO,2a,99.0,98.0,,,,C[C@H](C(=O)O)CC(=O)c1ccccc1,24.0,25.0,H2,50.0,,,,,,acs.orglett.5c05118.zip
TS1_13,1,10.1021/acs.orglett.5c05118,2026,1a,,0.1,1.0,O=C(c1ccccc1)CC(=C)C(=O)O,DIPEA,,0.05,,,0.5,CCN(C(C)C)C(C)C,RuPHOX-Ru,,,,0.001,0.01,,,,,RuPHOX,,,,,,,0.001,0.01,Ru,2,,,,CC([C@H]1COC2=[N+]1[Ru-3](Cl)(Cl)([P+](c1ccccc1)(c1ccccc1)c1ccccc1)[P+](C13C42C2[Ru]5678914(C2C35)C1C6C29C8(C71)C1=[N+]([Ru-3]([P+]2(c2ccccc2)c2ccccc2)(Cl)(Cl)[P+](c2ccccc2)(c2ccccc2)c2ccccc2)[C@H](CO1)C(C)(C)C)(c1ccccc1)c1ccccc1)(C)C,,CC([C@H]1COC(=N1)C12C3[Ru]4567891(C2(C7C34)P(c1ccccc1)c1ccccc1)C1C5C9(C8(C61)P(c1ccccc1)c1ccccc1)C1=N[C@H](CO1)C(C)(C)C)(C)C,,,,,,,,,,,PPh3,,,,,,,0.05,0.5,,,,,,,,c1ccc(cc1)P(c1ccccc1)c1ccccc1,MeOH,0.5,CO,2a,99.0,98.0,,,,C[C@H](C(=O)O)CC(=O)c1ccccc1,24.0,25.0,H2,50.0,,,,,,acs.orglett.5c05118.zip
TS1_14,1,10.1021/acs.orglett.5c05118,2026,1a,,0.1,1.0,O=C(c1ccccc1)CC(=C)C(=O)O,DBU,,0.05,,,0.5,C1CCN2C(=NCCC2)CC1,RuPHOX-Ru,,,,0.001,0.01,,,,,RuPHOX,,,,,,,0.001,0.01,Ru,2,,,,CC([C@H]1COC2=[N+]1[Ru-3](Cl)(Cl)([P+](c1ccccc1)(c1ccccc1)c1ccccc1)[P+](C13C42C2[Ru]5678914(C2C35)C1C6C29C8(C71)C1=[N+]([Ru-3]([P+]2(c2ccccc2)c2ccccc2)(Cl)(Cl)[P+](c2ccccc2)(c2ccccc2)c2ccccc2)[C@H](CO1)C(C)(C)C)(c1ccccc1)c1ccccc1)(C)C,,CC([C@H]1COC(=N1)C12C3[Ru]4567891(C2(C7C34)P(c1ccccc1)c1ccccc1)C1C5C9(C8(C61)P(c1ccccc1)c1ccccc1)C1=N[C@H](CO1)C(C)(C)C)(C)C,,,,,,,,,,,PPh3,,,,,,,0.05,0.5,,,,,,,,c1ccc(cc1)P(c1ccccc1)c1ccccc1,MeOH,0.5,CO,2a,99.0,98.0,,,,C[C@H](C(=O)O)CC(=O)c1ccccc1,24.0,25.0,H2,50.0,,,,,,acs.orglett.5c05118.zip
TS1_15,1,10.1021/acs.orglett.5c05118,2026,1a,,0.1,1.0,O=C(c1ccccc1)CC(=C)C(=O)O,NaHCO3,,0.05,,,0.5,[Na+].[O-1]C(=O)O,RuPHOX-Ru,,,,0.001,0.01,,,,,RuPHOX,,,,,,,0.001,0.01,Ru,2,,,,CC([C@H]1COC2=[N+]1[Ru-3](Cl)(Cl)([P+](c1ccccc1)(c1ccccc1)c1ccccc1)[P+](C13C42C2[Ru]5678914(C2C35)C1C6C29C8(C71)C1=[N+]([Ru-3]([P+]2(c2ccccc2)c2ccccc2)(Cl)(Cl)[P+](c2ccccc2)(c2ccccc2)c2ccccc2)[C@H](CO1)C(C)(C)C)(c1ccccc1)c1ccccc1)(C)C,,CC([C@H]1COC(=N1)C12C3[Ru]4567891(C2(C7C34)P(c1ccccc1)c1ccccc1)C1C5C9(C8(C61)P(c1ccccc1)c1ccccc1)C1=N[C@H](CO1)C(C)(C)C)(C)C,,,,,,,,,,,,,,,,,,,,,,,,,,,,MeOH,0.5,CO,2a,99.0,94.0,,,,C[C@H](C(=O)O)CC(=O)c1ccccc1,24.0,25.0,H2,50.0,,,,,,acs.orglett.5c05118.zip
TS2_1,1,10.1021/acs.orglett.5c05118,2026,1a,,0.1,1.0,O=C(c1ccccc1)CC(=C)C(=O)O,NaHCO3,,0.05,,,0.5,[Na+].[O-1]C(=O)O,RuPHOX-Ru,,,,0.001,0.01,,,,,RuPHOX,,,,,,,0.001,0.01,Ru,2,,,,CC([C@H]1COC2=[N+]1[Ru-3](Cl)(Cl)([P+](c1ccccc1)(c1ccccc1)c1ccccc1)[P+](C13C42C2[Ru]5678914(C2C35)C1C6C29C8(C71)C1=[N+]([Ru-3]([P+]2(c2ccccc2)c2ccccc2)(Cl)(Cl)[P+](c2ccccc2)(c2ccccc2)c2ccccc2)[C@H](CO1)C(C)(C)C)(c1ccccc1)c1ccccc1)(C)C,,CC([C@H]1COC(=N1)C12C3[Ru]4567891(C2(C7C34)P(c1ccccc1)c1ccccc1)C1C5C9(C8(C61)P(c1ccccc1)c1ccccc1)C1=N[C@H](CO1)C(C)(C)C)(C)C,,,,,,,,,,,PPh3,,,,,,,0.05,0.5,,,,,,,,c1ccc(cc1)P(c1ccccc1)c1ccccc1,MeOH,0.5,CO,2a,99.0,99.0,,,,C[C@H](C(=O)O)CC(=O)c1ccccc1,24.0,25.0,H2,50.0,,,,,,acs.orglett.5c05118.zip
TS2_2,1,10.1021/acs.orglett.5c05118,2026,1a,,0.1,1.0,O=C(c1ccccc1)CC(=C)C(=O)O,NaHCO3,,0.05,,,0.5,[Na+].[O-1]C(=O)O,RuPHOX-Ru,,,,0.001,0.01,,,,,RuPHOX,,,,,,,0.001,0.01,Ru,2,,,,CC([C@H]1COC2=[N+]1[Ru-3](Cl)(Cl)([P+](c1ccccc1)(c1ccccc1)c1ccccc1)[P+](C13C42C2[Ru]5678914(C2C35)C1C6C29C8(C71)C1=[N+]([Ru-3]([P+]2(c2ccccc2)c2ccccc2)(Cl)(Cl)[P+](c2ccccc2)(c2ccccc2)c2ccccc2)[C@H](CO1)C(C)(C)C)(c1ccccc1)c1ccccc1)(C)C,,CC([C@H]1COC(=N1)C12C3[Ru]4567891(C2(C7C34)P(c1ccccc1)c1ccccc1)C1C5C9(C8(C61)P(c1ccccc1)c1ccccc1)C1=N[C@H](CO1)C(C)(C)C)(C)C,,,,,,,,,,,PPh3,,,,,,,0.05,0.5,,,,,,,,c1ccc(cc1)P(c1ccccc1)c1ccccc1,EtOH,0.5,CCO,2a,99.0,99.0,,,,C[C@H](C(=O)O)CC(=O)c1ccccc1,24.0,25.0,H2,50.0,,,,,,acs.orglett.5c05118.zip
TS2_3,1,10.1021/acs.orglett.5c05118,2026,1a,,0.1,1.0,O=C(c1ccccc1)CC(=C)C(=O)O,NaHCO3,,0.05,,,0.5,[Na+].[O-1]C(=O)O,RuPHOX-Ru,,,,0.001,0.01,,,,,RuPHOX,,,,,,,0.001,0.01,Ru,2,,,,CC([C@H]1COC2=[N+]1[Ru-3](Cl)(Cl)([P+](c1ccccc1)(c1ccccc1)c1ccccc1)[P+](C13C42C2[Ru]5678914(C2C35)C1C6C29C8(C71)C1=[N+]([Ru-3]([P+]2(c2ccccc2)c2ccccc2)(Cl)(Cl)[P+](c2ccccc2)(c2ccccc2)c2ccccc2)[C@H](CO1)C(C)(C)C)(c1ccccc1)c1ccccc1)(C)C,,CC([C@H]1COC(=N1)C12C3[Ru]4567891(C2(C7C34)P(c1ccccc1)c1ccccc1)C1C5C9(C8(C61)P(c1ccccc1)c1ccccc1)C1=N[C@H](CO1)C(C)(C)C)(C)C,,,,,,,,,,,PPh3,,,,,,,0.05,0.5,,,,,,,,c1ccc(cc1)P(c1ccccc1)c1ccccc1,iPrOH,0.5,CC(O)C,2a,82.0,60.0,,,,C[C@H](C(=O)O)CC(=O)c1ccccc1,24.0,25.0,H2,50.0,,,,,,acs.orglett.5c05118.zip
TS2_4,1,10.1021/acs.orglett.5c05118,2026,1a,,0.1,1.0,O=C(c1ccccc1)CC(=C)C(=O)O,NaHCO3,,0.05,,,0.5,[Na+].[O-1]C(=O)O,RuPHOX-Ru,,,,0.001,0.01,,,,,RuPHOX,,,,,,,0.001,0.01,Ru,2,,,,CC([C@H]1COC2=[N+]1[Ru-3](Cl)(Cl)([P+](c1ccccc1)(c1ccccc1)c1ccccc1)[P+](C13C42C2[Ru]5678914(C2C35)C1C6C29C8(C71)C1=[N+]([Ru-3]([P+]2(c2ccccc2)c2ccccc2)(Cl)(Cl)[P+](c2ccccc2)(c2ccccc2)c2ccccc2)[C@H](CO1)C(C)(C)C)(c1ccccc1)c1ccccc1)(C)C,,CC([C@H]1COC(=N1)C12C3[Ru]4567891(C2(C7C34)P(c1ccccc1)c1ccccc1)C1C5C9(C8(C61)P(c1ccccc1)c1ccccc1)C1=N[C@H](CO1)C(C)(C)C)(C)C,,,,,,,,,,,PPh3,,,,,,,0.05,0.5,,,,,,,,c1ccc(cc1)P(c1ccccc1)c1ccccc1,TFE,0.5,OCC(F)(F)F,2a,19.0,91.0,,,,C[C@H](C(=O)O)CC(=O)c1ccccc1,24.0,25.0,H2,50.0,,,,,,acs.orglett.5c05118.zip
TS2_5,1,10.1021/acs.orglett.5c05118,2026,1a,,0.1,1.0,O=C(c1ccccc1)CC(=C)C(=O)O,NaHCO3,,0.05,,,0.5,[Na+].[O-1]C(=O)O,RuPHOX-Ru,,,,0.001,0.01,,,,,RuPHOX,,,,,,,0.001,0.01,Ru,2,,,,CC([C@H]1COC2=[N+]1[Ru-3](Cl)(Cl)([P+](c1ccccc1)(c1ccccc1)c1ccccc1)[P+](C13C42C2[Ru]5678914(C2C35)C1C6C29C8(C71)C1=[N+]([Ru-3]([P+]2(c2ccccc2)c2ccccc2)(Cl)(Cl)[P+](c2ccccc2)(c2ccccc2)c2ccccc2)[C@H](CO1)C(C)(C)C)(c1ccccc1)c1ccccc1)(C)C,,CC([C@H]1COC(=N1)C12C3[Ru]4567891(C2(C7C34)P(c1ccccc1)c1ccccc1)C1C5C9(C8(C61)P(c1ccccc1)c1ccccc1)C1=N[C@H](CO1)C(C)(C)C)(C)C,,,,,,,,,,,PPh3,,,,,,,0.05,0.5,,,,,,,,c1ccc(cc1)P(c1ccccc1)c1ccccc1,THF,0.5,C1CCCO1,2a,39.0,74.0,,,,C[C@H](C(=O)O)CC(=O)c1ccccc1,24.0,25.0,H2,50.0,,,,,,acs.orglett.5c05118.zip
TS2_6,1,10.1021/acs.orglett.5c05118,2026,1a,,0.1,1.0,O=C(c1ccccc1)CC(=C)C(=O)O,NaHCO3,,0.05,,,0.5,[Na+].[O-1]C(=O)O,RuPHOX-Ru,,,,0.001,0.01,,,,,RuPHOX,,,,,,,0.001,0.01,Ru,2,,,,CC([C@H]1COC2=[N+]1[Ru-3](Cl)(Cl)([P+](c1ccccc1)(c1ccccc1)c1ccccc1)[P+](C13C42C2[Ru]5678914(C2C35)C1C6C29C8(C71)C1=[N+]([Ru-3]([P+]2(c2ccccc2)c2ccccc2)(Cl)(Cl)[P+](c2ccccc2)(c2ccccc2)c2ccccc2)[C@H](CO1)C(C)(C)C)(c1ccccc1)c1ccccc1)(C)C,,CC([C@H]1COC(=N1)C12C3[Ru]4567891(C2(C7C34)P(c1ccccc1)c1ccccc1)C1C5C9(C8(C61)P(c1ccccc1)c1ccccc1)C1=N[C@H](CO1)C(C)(C)C)(C)C,,,,,,,,,,,PPh3,,,,,,,0.05,0.5,,,,,,,,c1ccc(cc1)P(c1ccccc1)c1ccccc1,Dioxane,0.5,O1CCOCC1,2a,79.0,27.0,,,,C[C@H](C(=O)O)CC(=O)c1ccccc1,24.0,25.0,H2,50.0,,,,,,acs.orglett.5c05118.zip
TS2_7,1,10.1021/acs.orglett.5c05118,2026,1a,,0.1,1.0,O=C(c1ccccc1)CC(=C)C(=O)O,NaHCO3,,0.05,,,0.5,[Na+].[O-1]C(=O)O,RuPHOX-Ru,,,,0.001,0.01,,,,,RuPHOX,,,,,,,0.001,0.01,Ru,2,,,,CC([C@H]1COC2=[N+]1[Ru-3](Cl)(Cl)([P+](c1ccccc1)(c1ccccc1)c1ccccc1)[P+](C13C42C2[Ru]5678914(C2C35)C1C6C29C8(C71)C1=[N+]([Ru-3]([P+]2(c2ccccc2)c2ccccc2)(Cl)(Cl)[P+](c2ccccc2)(c2ccccc2)c2ccccc2)[C@H](CO1)C(C)(C)C)(c1ccccc1)c1ccccc1)(C)C,,CC([C@H]1COC(=N1)C12C3[Ru]4567891(C2(C7C34)P(c1ccccc1)c1ccccc1)C1C5C9(C8(C61)P(c1ccccc1)c1ccccc1)C1=N[C@H](CO1)C(C)(C)C)(C)C,,,,,,,,,,,PPh3,,,,,,,0.05,0.5,,,,,,,,c1ccc(cc1)P(c1ccccc1)c1ccccc1,DCM,0.5,ClCCl,2a,28.0,90.0,,,,C[C@H](C(=O)O)CC(=O)c1ccccc1,24.0,25.0,H2,50.0,,,,,,acs.orglett.5c05118.zip
TS2_8,1,10.1021/acs.orglett.5c05118,2026,1a,,0.1,1.0,O=C(c1ccccc1)CC(=C)C(=O)O,NaHCO3,,0.05,,,0.5,[Na+].[O-1]C(=O)O,RuPHOX-Ru,,,,0.001,0.01,,,,,RuPHOX,,,,,,,0.001,0.01,Ru,2,,,,CC([C@H]1COC2=[N+]1[Ru-3](Cl)(Cl)([P+](c1ccccc1)(c1ccccc1)c1ccccc1)[P+](C13C42C2[Ru]5678914(C2C35)C1C6C29C8(C71)C1=[N+]([Ru-3]([P+]2(c2ccccc2)c2ccccc2)(Cl)(Cl)[P+](c2ccccc2)(c2ccccc2)c2ccccc2)[C@H](CO1)C(C)(C)C)(c1ccccc1)c1ccccc1)(C)C,,CC([C@H]1COC(=N1)C12C3[Ru]4567891(C2(C7C34)P(c1ccccc1)c1ccccc1)C1C5C9(C8(C61)P(c1ccccc1)c1ccccc1)C1=N[C@H](CO1)C(C)(C)C)(C)C,,,,,,,,,,,PPh3,,,,,,,0.05,0.5,,,,,,,,c1ccc(cc1)P(c1ccccc1)c1ccccc1,Toluene,0.5,Cc1ccccc1,2a,38.0,88.0,,,,C[C@H](C(=O)O)CC(=O)c1ccccc1,24.0,25.0,H2,50.0,,,,,,acs.orglett.5c05118.zip
TS2_9,1,10.1021/acs.orglett.5c05118,2026,1a,,0.1,1.0,O=C(c1ccccc1)CC(=C)C(=O)O,NaHCO3,,0.05,,,0.5,[Na+].[O-1]C(=O)O,RuPHOX-Ru,,,,0.001,0.01,,,,,RuPHOX,,,,,,,0.001,0.01,Ru,2,,,,CC([C@H]1COC2=[N+]1[Ru-3](Cl)(Cl)([P+](c1ccccc1)(c1ccccc1)c1ccccc1)[P+](C13C42C2[Ru]5678914(C2C35)C1C6C29C8(C71)C1=[N+]([Ru-3]([P+]2(c2ccccc2)c2ccccc2)(Cl)(Cl)[P+](c2ccccc2)(c2ccccc2)c2ccccc2)[C@H](CO1)C(C)(C)C)(c1ccccc1)c1ccccc1)(C)C,,CC([C@H]1COC(=N1)C12C3[Ru]4567891(C2(C7C34)P(c1ccccc1)c1ccccc1)C1C5C9(C8(C61)P(c1ccccc1)c1ccccc1)C1=N[C@H](CO1)C(C)(C)C)(C)C,,,,,,,,,,,PPh3,,,,,,,0.05,0.5,,,,,,,,c1ccc(cc1)P(c1ccccc1)c1ccccc1,Toluene,0.375,Cc1ccccc1,2a,70.0,81.0,,,,C[C@H](C(=O)O)CC(=O)c1ccccc1,24.0,25.0,H2,50.0,,,H2O,0.125,O,acs.orglett.5c05118.zip
TS3_1,1,10.1021/acs.orglett.5c05118,2026,1a,,0.1,1.0,O=C(c1ccccc1)CC(=C)C(=O)O,NaHCO3,,0.05,,,0.5,[Na+].[O-1]C(=O)O,RuPHOX-Ru,,,,0.001,0.01,,,,,RuPHOX,,,,,,,0.001,0.01,Ru,2,,,,CC([C@H]1COC2=[N+]1[Ru-3](Cl)(Cl)([P+](c1ccccc1)(c1ccccc1)c1ccccc1)[P+](C13C42C2[Ru]5678914(C2C35)C1C6C29C8(C71)C1=[N+]([Ru-3]([P+]2(c2ccccc2)c2ccccc2)(Cl)(Cl)[P+](c2ccccc2)(c2ccccc2)c2ccccc2)[C@H](CO1)C(C)(C)C)(c1ccccc1)c1ccccc1)(C)C,,CC([C@H]1COC(=N1)C12C3[Ru]4567891(C2(C7C34)P(c1ccccc1)c1ccccc1)C1C5C9(C8(C61)P(c1ccccc1)c1ccccc1)C1=N[C@H](CO1)C(C)(C)C)(C)C,,,,,,,,,,,PPh3,,,,,,,0.05,0.5,,,,,,,,c1ccc(cc1)P(c1ccccc1)c1ccccc1,EtOH,0.5,CCO,2a,99.0,99.0,,,,C[C@H](C(=O)O)CC(=O)c1ccccc1,24.0,25.0,H2,50.0,,,,,,acs.orglett.5c05118.zip
TS3_2,1,10.1021/acs.orglett.5c05118,2026,1a,,0.1,1.0,O=C(c1ccccc1)CC(=C)C(=O)O,NaHCO3,,0.05,,,0.5,[Na+].[O-1]C(=O)O,RuPHOX-Ru,,,,0.001,0.01,,,,,RuPHOX,,,,,,,0.001,0.01,Ru,2,,,,CC([C@H]1COC2=[N+]1[Ru-3](Cl)(Cl)([P+](c1ccccc1)(c1ccccc1)c1ccccc1)[P+](C13C42C2[Ru]5678914(C2C35)C1C6C29C8(C71)C1=[N+]([Ru-3]([P+]2(c2ccccc2)c2ccccc2)(Cl)(Cl)[P+](c2ccccc2)(c2ccccc2)c2ccccc2)[C@H](CO1)C(C)(C)C)(c1ccccc1)c1ccccc1)(C)C,,CC([C@H]1COC(=N1)C12C3[Ru]4567891(C2(C7C34)P(c1ccccc1)c1ccccc1)C1C5C9(C8(C61)P(c1ccccc1)c1ccccc1)C1=N[C@H](CO1)C(C)(C)C)(C)C,,,,,,,,,,,PPh3,,,,,,,0.05,0.5,,,,,,,,c1ccc(cc1)P(c1ccccc1)c1ccccc1,EtOH,0.5,CCO,2a,99.0,99.0,,,,C[C@H](C(=O)O)CC(=O)c1ccccc1,24.0,25.0,H2,20.0,,,,,,acs.orglett.5c05118.zip
TS3_3,1,10.1021/acs.orglett.5c05118,2026,1a,,0.1,1.0,O=C(c1ccccc1)CC(=C)C(=O)O,NaHCO3,,0.05,,,0.5,[Na+].[O-1]C(=O)O,RuPHOX-Ru,,,,0.001,0.01,,,,,RuPHOX,,,,,,,0.001,0.01,Ru,2,,,,CC([C@H]1COC2=[N+]1[Ru-3](Cl)(Cl)([P+](c1ccccc1)(c1ccccc1)c1ccccc1)[P+](C13C42C2[Ru]5678914(C2C35)C1C6C29C8(C71)C1=[N+]([Ru-3]([P+]2(c2ccccc2)c2ccccc2)(Cl)(Cl)[P+](c2ccccc2)(c2ccccc2)c2ccccc2)[C@H](CO1)C(C)(C)C)(c1ccccc1)c1ccccc1)(C)C,,CC([C@H]1COC(=N1)C12C3[Ru]4567891(C2(C7C34)P(c1ccccc1)c1ccccc1)C1C5C9(C8(C61)P(c1ccccc1)c1ccccc1)C1=N[C@H](CO1)C(C)(C)C)(C)C,,,,,,,,,,,PPh3,,,,,,,0.05,0.5,,,,,,,,c1ccc(cc1)P(c1ccccc1)c1ccccc1,EtOH,0.5,CCO,2a,99.0,99.0,,,,C[C@H](C(=O)O)CC(=O)c1ccccc1,24.0,25.0,H2,10.0,,,,,,acs.orglett.5c05118.zip
TS3_4,1,10.1021/acs.orglett.5c05118,2026,1a,,0.1,1.0,O=C(c1ccccc1)CC(=C)C(=O)O,NaHCO3,,0.05,,,0.5,[Na+].[O-1]C(=O)O,RuPHOX-Ru,,,,0.001,0.01,,,,,RuPHOX,,,,,,,0.001,0.01,Ru,2,,,,CC([C@H]1COC2=[N+]1[Ru-3](Cl)(Cl)([P+](c1ccccc1)(c1ccccc1)c1ccccc1)[P+](C13C42C2[Ru]5678914(C2C35)C1C6C29C8(C71)C1=[N+]([Ru-3]([P+]2(c2ccccc2)c2ccccc2)(Cl)(Cl)[P+](c2ccccc2)(c2ccccc2)c2ccccc2)[C@H](CO1)C(C)(C)C)(c1ccccc1)c1ccccc1)(C)C,,CC([C@H]1COC(=N1)C12C3[Ru]4567891(C2(C7C34)P(c1ccccc1)c1ccccc1)C1C5C9(C8(C61)P(c1ccccc1)c1ccccc1)C1=N[C@H](CO1)C(C)(C)C)(C)C,,,,,,,,,,,PPh3,,,,,,,0.05,0.5,,,,,,,,c1ccc(cc1)P(c1ccccc1)c1ccccc1,EtOH,0.5,CCO,2a,95.0,90.0,,,,C[C@H](C(=O)O)CC(=O)c1ccccc1,24.0,25.0,H2,5.0,,,,,,acs.orglett.5c05118.zip
TS4_1,1,10.1021/acs.orglett.5c05118,2026,1a,,0.1,1.0,O=C(c1ccccc1)CC(=C)C(=O)O,NaHCO3,,0.05,,,0.5,[Na+].[O-1]C(=O)O,RuPHOX-Ru,,,,0.001,0.01,,,,,RuPHOX,,,,,,,0.001,0.01,Ru,2,,,,CC([C@H]1COC2=[N+]1[Ru-3](Cl)(Cl)([P+](c1ccccc1)(c1ccccc1)c1ccccc1)[P+](C13C42C2[Ru]5678914(C2C35)C1C6C29C8(C71)C1=[N+]([Ru-3]([P+]2(c2ccccc2)c2ccccc2)(Cl)(Cl)[P+](c2ccccc2)(c2ccccc2)c2ccccc2)[C@H](CO1)C(C)(C)C)(c1ccccc1)c1ccccc1)(C)C,,CC([C@H]1COC(=N1)C12C3[Ru]4567891(C2(C7C34)P(c1ccccc1)c1ccccc1)C1C5C9(C8(C61)P(c1ccccc1)c1ccccc1)C1=N[C@H](CO1)C(C)(C)C)(C)C,,,,,,,,,,,PPh3,,,,,,,0.05,0.5,,,,,,,,c1ccc(cc1)P(c1ccccc1)c1ccccc1,EtOH,0.5,CCO,2a,99.0,99.0,,,,C[C@H](C(=O)O)CC(=O)c1ccccc1,24.0,25.0,H2,20.0,,,,,,acs.orglett.5c05118.zip
TS4_2,1,10.1021/acs.orglett.5c05118,2026,1a,,0.1,1.0,O=C(c1ccccc1)CC(=C)C(=O)O,NaHCO3,,0.05,,,0.5,[Na+].[O-1]C(=O)O,RuPHOX-Ru,,,,0.001,0.01,,,,,RuPHOX,,,,,,,0.001,0.01,Ru,2,,,,CC([C@H]1COC2=[N+]1[Ru-3](Cl)(Cl)([P+](c1ccccc1)(c1ccccc1)c1ccccc1)[P+](C13C42C2[Ru]5678914(C2C35)C1C6C29C8(C71)C1=[N+]([Ru-3]([P+]2(c2ccccc2)c2ccccc2)(Cl)(Cl)[P+](c2ccccc2)(c2ccccc2)c2ccccc2)[C@H](CO1)C(C)(C)C)(c1ccccc1)c1ccccc1)(C)C,,CC([C@H]1COC(=N1)C12C3[Ru]4567891(C2(C7C34)P(c1ccccc1)c1ccccc1)C1C5C9(C8(C61)P(c1ccccc1)c1ccccc1)C1=N[C@H](CO1)C(C)(C)C)(C)C,,,,,,,,,,,PPh3,,,,,,,0.05,0.5,,,,,,,,c1ccc(cc1)P(c1ccccc1)c1ccccc1,EtOH,0.5,CCO,2a,99.0,99.0,,,,C[C@H](C(=O)O)CC(=O)c1ccccc1,12.0,25.0,H2,20.0,,,,,,acs.orglett.5c05118.zip
TS4_3,1,10.1021/acs.orglett.5c05118,2026,1a,,0.1,1.0,O=C(c1ccccc1)CC(=C)C(=O)O,NaHCO3,,0.05,,,0.5,[Na+].[O-1]C(=O)O,RuPHOX-Ru,,,,0.001,0.01,,,,,RuPHOX,,,,,,,0.001,0.01,Ru,2,,,,CC([C@H]1COC2=[N+]1[Ru-3](Cl)(Cl)([P+](c1ccccc1)(c1ccccc1)c1ccccc1)[P+](C13C42C2[Ru]5678914(C2C35)C1C6C29C8(C71)C1=[N+]([Ru-3]([P+]2(c2ccccc2)c2ccccc2)(Cl)(Cl)[P+](c2ccccc2)(c2ccccc2)c2ccccc2)[C@H](CO1)C(C)(C)C)(c1ccccc1)c1ccccc1)(C)C,,CC([C@H]1COC(=N1)C12C3[Ru]4567891(C2(C7C34)P(c1ccccc1)c1ccccc1)C1C5C9(C8(C61)P(c1ccccc1)c1ccccc1)C1=N[C@H](CO1)C(C)(C)C)(C)C,,,,,,,,,,,PPh3,,,,,,,0.05,0.5,,,,,,,,c1ccc(cc1)P(c1ccccc1)c1ccccc1,EtOH,0.5,CCO,2a,99.0,99.0,,,,C[C@H](C(=O)O)CC(=O)c1ccccc1,6.0,25.0,H2,20.0,,,,,,acs.orglett.5c05118.zip
TS4_4,1,10.1021/acs.orglett.5c05118,2026,1a,,0.1,1.0,O=C(c1ccccc1)CC(=C)C(=O)O,NaHCO3,,0.05,,,0.5,[Na+].[O-1]C(=O)O,RuPHOX-Ru,,,,0.001,0.01,,,,,RuPHOX,,,,,,,0.001,0.01,Ru,2,,,,CC([C@H]1COC2=[N+]1[Ru-3](Cl)(Cl)([P+](c1ccccc1)(c1ccccc1)c1ccccc1)[P+](C13C42C2[Ru]5678914(C2C35)C1C6C29C8(C71)C1=[N+]([Ru-3]([P+]2(c2ccccc2)c2ccccc2)(Cl)(Cl)[P+](c2ccccc2)(c2ccccc2)c2ccccc2)[C@H](CO1)C(C)(C)C)(c1ccccc1)c1ccccc1)(C)C,,CC([C@H]1COC(=N1)C12C3[Ru]4567891(C2(C7C34)P(c1ccccc1)c1ccccc1)C1C5C9(C8(C61)P(c1ccccc1)c1ccccc1)C1=N[C@H](CO1)C(C)(C)C)(C)C,,,,,,,,,,,PPh3,,,,,,,0.05,0.5,,,,,,,,c1ccc(cc1)P(c1ccccc1)c1ccccc1,EtOH,0.5,CCO,2a,96.0,99.0,,,,C[C@H](C(=O)O)CC(=O)c1ccccc1,3.0,25.0,H2,20.0,,,,,,acs.orglett.5c05118.zip
T1_1,1,10.1002/advs.202400621,2024,1a,,0.1,1.0,O=C(c1ccccc1)CC(=C)C(=O)O,NaHCO3,,0.05,,,0.5,[Na+].[O-1]C(=O)O,RuPHOX-Ru,,,,0.001,0.01,,,,,RuPHOX,,,,,,,0.001,0.01,Ru,2,,,,CC([C@H]1COC2=[N+]1[Ru-3](Cl)(Cl)([P+](c1ccccc1)(c1ccccc1)c1ccccc1)[P+](C13C42C2[Ru]5678914(C2C35)C1C6C29C8(C71)C1=[N+]([Ru-3]([P+]2(c2ccccc2)c2ccccc2)(Cl)(Cl)[P+](c2ccccc2)(c2ccccc2)c2ccccc2)[C@H](CO1)C(C)(C)C)(c1ccccc1)c1ccccc1)(C)C,,CC([C@H]1COC(=N1)C12C3[Ru]4567891(C2(C7C34)P(c1ccccc1)c1ccccc1)C1C5C9(C8(C61)P(c1ccccc1)c1ccccc1)C1=N[C@H](CO1)C(C)(C)C)(C)C,,,,,,,,,,,PPh3,,,,,,,0.05,0.5,,,,,,,,c1ccc(cc1)P(c1ccccc1)c1ccccc1,EtOH,0.5,CCO,2a,99.0,99.0,,,,C[C@H](C(=O)O)CC(=O)c1ccccc1,24.0,25.0,H2,20.0,,,,,,advs.202400621.zip
T1_2,1,10.1002/advs.202400621,2024,1a,,0.1,1.0,O=C(c1ccccc1)CC(=C)C(=O)O,NaHCO3,,0.05,,,0.5,[Na+].[O-1]C(=O)O,RuPHOX-Ru,,,,0.001,0.01,,,,,RuPHOX,,,,,,,0.001,0.01,Ru,2,,,,CC([C@H]1COC2=[N+]1[Ru-3](Cl)(Cl)([P+](c1ccccc1)(c1ccccc1)c1ccccc1)[P+](C13C42C2[Ru]5678914(C2C35)C1C6C29C8(C71)C1=[N+]([Ru-3]([P+]2(c2ccccc2)c2ccccc2)(Cl)(Cl)[P+](c2ccccc2)(c2ccccc2)c2ccccc2)[C@H](CO1)C(C)(C)C)(c1ccccc1)c1ccccc1)(C)C,,CC([C@H]1COC(=N1)C12C3[Ru]4567891(C2(C7C34)P(c1ccccc1)c1ccccc1)C1C5C9(C8(C61)P(c1ccccc1)c1ccccc1)C1=N[C@H](CO1)C(C)(C)C)(C)C,,,,,,,,,,,PPh3,,,,,,,0.05,0.5,,,,,,,,c1ccc(cc1)P(c1ccccc1)c1ccccc1,EtOH,0.5,CCO,2a,99.0,92.0,,,,C[C@H](C(=O)O)CC(=O)c1ccccc1,24.0,25.0,H2,20.0,,,,,,advs.202400621.zip
T1_3,1,10.1002/advs.202400621,2024,1a,,0.1,1.0,O=C(c1ccccc1)CC(=C)C(=O)O,KHCO3,,0.05,,,0.5,[K+].[O-1]C(=O)O,RuPHOX-Ru,,,,0.001,0.01,,,,,RuPHOX,,,,,,,0.001,0.01,Ru,2,,,,CC([C@H]1COC2=[N+]1[Ru-3](Cl)(Cl)([P+](c1ccccc1)(c1ccccc1)c1ccccc1)[P+](C13C42C2[Ru]5678914(C2C35)C1C6C29C8(C71)C1=[N+]([Ru-3]([P+]2(c2ccccc2)c2ccccc2)(Cl)(Cl)[P+](c2ccccc2)(c2ccccc2)c2ccccc2)[C@H](CO1)C(C)(C)C)(c1ccccc1)c1ccccc1)(C)C,,CC([C@H]1COC(=N1)C12C3[Ru]4567891(C2(C7C34)P(c1ccccc1)c1ccccc1)C1C5C9(C8(C61)P(c1ccccc1)c1ccccc1)C1=N[C@H](CO1)C(C)(C)C)(C)C,,,,,,,,,,,PPh3,,,,,,,0.05,0.5,,,,,,,,c1ccc(cc1)P(c1ccccc1)c1ccccc1,EtOH,0.5,CCO,2a,99.0,96.0,,,,C[C@H](C(=O)O)CC(=O)c1ccccc1,24.0,25.0,H2,20.0,,,,,,advs.202400621.zip
T1_4,1,10.1002/advs.202400621,2024,1a,,0.1,1.0,O=C(c1ccccc1)CC(=C)C(=O)O,Na2CO3,,0.05,,,0.5,[Na+].[O-1]C(=O)[O-1].[Na+],RuPHOX-Ru,,,,0.001,0.01,,,,,RuPHOX,,,,,,,0.001,0.01,Ru,2,,,,CC([C@H]1COC2=[N+]1[Ru-3](Cl)(Cl)([P+](c1ccccc1)(c1ccccc1)c1ccccc1)[P+](C13C42C2[Ru]5678914(C2C35)C1C6C29C8(C71)C1=[N+]([Ru-3]([P+]2(c2ccccc2)c2ccccc2)(Cl)(Cl)[P+](c2ccccc2)(c2ccccc2)c2ccccc2)[C@H](CO1)C(C)(C)C)(c1ccccc1)c1ccccc1)(C)C,,CC([C@H]1COC(=N1)C12C3[Ru]4567891(C2(C7C34)P(c1ccccc1)c1ccccc1)C1C5C9(C8(C61)P(c1ccccc1)c1ccccc1)C1=N[C@H](CO1)C(C)(C)C)(C)C,,,,,,,,,,,PPh3,,,,,,,0.05,0.5,,,,,,,,c1ccc(cc1)P(c1ccccc1)c1ccccc1,EtOH,0.5,CCO,2a,99.0,95.0,,,,C[C@H](C(=O)O)CC(=O)c1ccccc1,24.0,25.0,H2,20.0,,,,,,advs.202400621.zip
T1_5,1,10.1002/advs.202400621,2024,1a,,0.1,1.0,O=C(c1ccccc1)CC(=C)C(=O)O,NaOH,,0.05,,,0.5,[Na+].[OH-1],RuPHOX-Ru,,,,0.001,0.01,,,,,RuPHOX,,,,,,,0.001,0.01,Ru,2,,,,CC([C@H]1COC2=[N+]1[Ru-3](Cl)(Cl)([P+](c1ccccc1)(c1ccccc1)c1ccccc1)[P+](C13C42C2[Ru]5678914(C2C35)C1C6C29C8(C71)C1=[N+]([Ru-3]([P+]2(c2ccccc2)c2ccccc2)(Cl)(Cl)[P+](c2ccccc2)(c2ccccc2)c2ccccc2)[C@H](CO1)C(C)(C)C)(c1ccccc1)c1ccccc1)(C)C,,CC([C@H]1COC(=N1)C12C3[Ru]4567891(C2(C7C34)P(c1ccccc1)c1ccccc1)C1C5C9(C8(C61)P(c1ccccc1)c1ccccc1)C1=N[C@H](CO1)C(C)(C)C)(C)C,,,,,,,,,,,PPh3,,,,,,,0.05,0.5,,,,,,,,c1ccc(cc1)P(c1ccccc1)c1ccccc1,EtOH,0.5,CCO,2a,99.0,74.0,,,,C[C@H](C(=O)O)CC(=O)c1ccccc1,24.0,25.0,H2,20.0,,,,,,advs.202400621.zip
T1_6,1,10.1002/advs.202400621,2024,1a,,0.1,1.0,O=C(c1ccccc1)CC(=C)C(=O)O,KOH,,0.05,,,0.5,[OH-1].[K+],RuPHOX-Ru,,,,0.001,0.01,,,,,RuPHOX,,,,,,,0.001,0.01,Ru,2,,,,CC([C@H]1COC2=[N+]1[Ru-3](Cl)(Cl)([P+](c1ccccc1)(c1ccccc1)c1ccccc1)[P+](C13C42C2[Ru]5678914(C2C35)C1C6C29C8(C71)C1=[N+]([Ru-3]([P+]2(c2ccccc2)c2ccccc2)(Cl)(Cl)[P+](c2ccccc2)(c2ccccc2)c2ccccc2)[C@H](CO1)C(C)(C)C)(c1ccccc1)c1ccccc1)(C)C,,CC([C@H]1COC(=N1)C12C3[Ru]4567891(C2(C7C34)P(c1ccccc1)c1ccccc1)C1C5C9(C8(C61)P(c1ccccc1)c1ccccc1)C1=N[C@H](CO1)C(C)(C)C)(C)C,,,,,,,,,,,PPh3,,,,,,,0.05,0.5,,,,,,,,c1ccc(cc1)P(c1ccccc1)c1ccccc1,EtOH,0.5,CCO,2a,99.0,68.0,,,,C[C@H](C(=O)O)CC(=O)c1ccccc1,24.0,25.0,H2,20.0,,,,,,advs.202400621.zip
T1_7,1,10.1002/advs.202400621,2024,1a,,0.1,1.0,O=C(c1ccccc1)CC(=C)C(=O)O,NaHCO3,,0.05,,,0.5,[Na+].[O-1]C(=O)O,RuPHOX-Ru,,,,0.001,0.01,,,,,RuPHOX,,,,,,,0.001,0.01,Ru,2,,,,CC([C@H]1COC2=[N+]1[Ru-3](Cl)(Cl)([P+](c1ccccc1)(c1ccccc1)c1ccccc1)[P+](C13C42C2[Ru]5678914(C2C35)C1C6C29C8(C71)C1=[N+]([Ru-3]([P+]2(c2ccccc2)c2ccccc2)(Cl)(Cl)[P+](c2ccccc2)(c2ccccc2)c2ccccc2)[C@H](CO1)C(C)(C)C)(c1ccccc1)c1ccccc1)(C)C,,CC([C@H]1COC(=N1)C12C3[Ru]4567891(C2(C7C34)P(c1ccccc1)c1ccccc1)C1C5C9(C8(C61)P(c1ccccc1)c1ccccc1)C1=N[C@H](CO1)C(C)(C)C)(C)C,,,,,,,,,,,PPh3,,,,,,,0.05,0.5,,,,,,,,c1ccc(cc1)P(c1ccccc1)c1ccccc1,EtOH,0.5,CCO,2a,99.0,99.0,,,,C[C@H](C(=O)O)CC(=O)c1ccccc1,24.0,25.0,H2,50.0,,,,,,advs.202400621.zip
T1_8,1,10.1002/advs.202400621,2024,1a,,0.1,1.0,O=C(c1ccccc1)CC(=C)C(=O)O,KOH,,0.05,,,0.5,[OH-1].[K+],RuPHOX-Ru,,,,0.001,0.01,,,,,RuPHOX,,,,,,,0.001,0.01,Ru,2,,,,CC([C@H]1COC2=[N+]1[Ru-3](Cl)(Cl)([P+](c1ccccc1)(c1ccccc1)c1ccccc1)[P+](C13C42C2[Ru]5678914(C2C35)C1C6C29C8(C71)C1=[N+]([Ru-3]([P+]2(c2ccccc2)c2ccccc2)(Cl)(Cl)[P+](c2ccccc2)(c2ccccc2)c2ccccc2)[C@H](CO1)C(C)(C)C)(c1ccccc1)c1ccccc1)(C)C,,CC([C@H]1COC(=N1)C12C3[Ru]4567891(C2(C7C34)P(c1ccccc1)c1ccccc1)C1C5C9(C8(C61)P(c1ccccc1)c1ccccc1)C1=N[C@H](CO1)C(C)(C)C)(C)C,,,,,,,,,,,PPh3,,,,,,,0.05,0.5,,,,,,,,c1ccc(cc1)P(c1ccccc1)c1ccccc1,EtOH,0.5,CCO,2a,88.0,90.0,,,,C[C@H](C(=O)O)CC(=O)c1ccccc1,24.0,25.0,H2,50.0,,,,,,advs.202400621.zip
T1_9,1,10.1002/advs.202400621,2024,1a,,0.1,1.0,O=C(c1ccccc1)CC(=C)C(=O)O,NaHCO3,,0.05,,,0.5,[Na+].[O-1]C(=O)O,RuPHOX-Ru,,,,0.001,0.01,,,,,RuPHOX,,,,,,,0.001,0.01,Ru,2,,,,CC([C@H]1COC2=[N+]1[Ru-3](Cl)(Cl)([P+](c1ccccc1)(c1ccccc1)c1ccccc1)[P+](C13C42C2[Ru]5678914(C2C35)C1C6C29C8(C71)C1=[N+]([Ru-3]([P+]2(c2ccccc2)c2ccccc2)(Cl)(Cl)[P+](c2ccccc2)(c2ccccc2)c2ccccc2)[C@H](CO1)C(C)(C)C)(c1ccccc1)c1ccccc1)(C)C,,CC([C@H]1COC(=N1)C12C3[Ru]4567891(C2(C7C34)P(c1ccccc1)c1ccccc1)C1C5C9(C8(C61)P(c1ccccc1)c1ccccc1)C1=N[C@H](CO1)C(C)(C)C)(C)C,,,,,,,,,,,PPh3,,,,,,,0.05,0.5,,,,,,,,c1ccc(cc1)P(c1ccccc1)c1ccccc1,EtOH,0.5,CCO,2a,99.0,99.0,,,,C[C@H](C(=O)O)CC(=O)c1ccccc1,12.0,25.0,H2,20.0,,,,,,advs.202400621.zip
T1_10,1,10.1002/advs.202400621,2024,1a,,0.1,1.0,O=C(c1ccccc1)CC(=C)C(=O)O,NaHCO3,,0.05,,,0.5,[Na+].[O-1]C(=O)O,RuPHOX-Ru,,,,0.001,0.01,,,,,RuPHOX,,,,,,,0.001,0.01,Ru,2,,,,CC([C@H]1COC2=[N+]1[Ru-3](Cl)(Cl)([P+](c1ccccc1)(c1ccccc1)c1ccccc1)[P+](C13C42C2[Ru]5678914(C2C35)C1C6C29C8(C71)C1=[N+]([Ru-3]([P+]2(c2ccccc2)c2ccccc2)(Cl)(Cl)[P+](c2ccccc2)(c2ccccc2)c2ccccc2)[C@H](CO1)C(C)(C)C)(c1ccccc1)c1ccccc1)(C)C,,CC([C@H]1COC(=N1)C12C3[Ru]4567891(C2(C7C34)P(c1ccccc1)c1ccccc1)C1C5C9(C8(C61)P(c1ccccc1)c1ccccc1)C1=N[C@H](CO1)C(C)(C)C)(C)C,,,,,,,,,,,PPh3,,,,,,,0.05,0.5,,,,,,,,c1ccc(cc1)P(c1ccccc1)c1ccccc1,EtOH,0.5,CCO,2a,99.0,99.0,,,,C[C@H](C(=O)O)CC(=O)c1ccccc1,6.0,25.0,H2,20.0,,,,,,advs.202400621.zip
T1_11,1,10.1002/advs.202400621,2024,1a,,0.1,1.0,O=C(c1ccccc1)CC(=C)C(=O)O,NaHCO3,,0.05,,,0.5,[Na+].[O-1]C(=O)O,RuPHOX-Ru,,,,0.001,0.01,,,,,RuPHOX,,,,,,,0.001,0.01,Ru,2,,,,CC([C@H]1COC2=[N+]1[Ru-3](Cl)(Cl)([P+](c1ccccc1)(c1ccccc1)c1ccccc1)[P+](C13C42C2[Ru]5678914(C2C35)C1C6C29C8(C71)C1=[N+]([Ru-3]([P+]2(c2ccccc2)c2ccccc2)(Cl)(Cl)[P+](c2ccccc2)(c2ccccc2)c2ccccc2)[C@H](CO1)C(C)(C)C)(c1ccccc1)c1ccccc1)(C)C,,CC([C@H]1COC(=N1)C12C3[Ru]4567891(C2(C7C34)P(c1ccccc1)c1ccccc1)C1C5C9(C8(C61)P(c1ccccc1)c1ccccc1)C1=N[C@H](CO1)C(C)(C)C)(C)C,,,,,,,,,,,PPh3,,,,,,,0.05,0.5,,,,,,,,c1ccc(cc1)P(c1ccccc1)c1ccccc1,EtOH,0.5,CCO,2a,96.0,99.0,,,,C[C@H](C(=O)O)CC(=O)c1ccccc1,3.0,25.0,H2,20.0,,,,,,advs.202400621.zip
TS1_1,1,10.1002/advs.202400621,2024,1a,,0.1,1.0,O=C(c1ccccc1)CC(=C)C(=O)O,NaHCO3,,0.05,,,0.5,[Na+].[O-1]C(=O)O,RuPHOX-Ru,,,,0.001,0.01,,,,,RuPHOX,,,,,,,0.001,0.01,Ru,2,,,,CC([C@H]1COC2=[N+]1[Ru-3](Cl)(Cl)([P+](c1ccccc1)(c1ccccc1)c1ccccc1)[P+](C13C42C2[Ru]5678914(C2C35)C1C6C29C8(C71)C1=[N+]([Ru-3]([P+]2(c2ccccc2)c2ccccc2)(Cl)(Cl)[P+](c2ccccc2)(c2ccccc2)c2ccccc2)[C@H](CO1)C(C)(C)C)(c1ccccc1)c1ccccc1)(C)C,,CC([C@H]1COC(=N1)C12C3[Ru]4567891(C2(C7C34)P(c1ccccc1)c1ccccc1)C1C5C9(C8(C61)P(c1ccccc1)c1ccccc1)C1=N[C@H](CO1)C(C)(C)C)(C)C,,,,,,,,,,,PPh3,,,,,,,0.05,0.5,,,,,,,,c1ccc(cc1)P(c1ccccc1)c1ccccc1,MeOH,0.5,CO,2a,99.0,94.0,,,,C[C@H](C(=O)O)CC(=O)c1ccccc1,24.0,25.0,H2,50.0,,,,,,advs.202400621.zip
TS1_4,1,10.1002/advs.202400621,2024,1a,,0.1,1.0,O=C(c1ccccc1)CC(=C)C(=O)O,NaHCO3,,0.05,,,0.5,[Na+].[O-1]C(=O)O,cat4,1,,,0.001,0.01,,,,,L4P,1,,,,,,0.001,0.01,Ru,2,,,,Cl[Ru-4]12(Cl)([NH2+][C@H]([C@@H]([NH2+]1)c1ccccc1)c1ccccc1)[P+](c1ccccc1)(c1ccccc1)c1ccc3c(c1-c1c([P+]2(c2ccccc2)c2ccccc2)ccc2c1cccc2)cccc3,,c1ccc(cc1)P(c1ccc2c(c1c1c(ccc3c1cccc3)P(c1ccccc1)c1ccccc1)cccc2)c1ccccc1,,,,,,,,,,,L4N,,,,,,,0.001,0.01,,,,,,,,N[C@H]([C@H](c1ccccc1)N)c1ccccc1,MeOH,0.5,CO,2a,94.0,24.0,,,,C[C@H](C(=O)O)CC(=O)c1ccccc1,24.0,25.0,H2,50.0,,,,,,advs.202400621.zip
TS1_5,1,10.1002/advs.202400621,2024,1a,,0.1,1.0,O=C(c1ccccc1)CC(=C)C(=O)O,NaHCO3,,0.05,,,0.5,[Na+].[O-1]C(=O)O,cat5,1,,,0.001,0.01,,,,,L5P,1,,,,,,0.001,0.01,Ru,2,,,,Cc1cc(C)cc(c1)[P+]1(c2cc(C)cc(c2)C)c2ccc3c(c2-c2c([P+]([Ru-4]41(Cl)(Cl)[NH2+][C@H]([C@@H]([NH2+]4)c1ccccc1)c1ccccc1)(c1cc(C)cc(c1)C)c1cc(C)cc(c1)C)ccc1c2cccc1)cccc3,,Cc1cc(C)cc(c1)P(c1ccc2c(c1c1c(ccc3c1cccc3)P(c1cc(C)cc(c1)C)c1cc(C)cc(c1)C)cccc2)c1cc(C)cc(c1)C,,,,,,,,,,,L4N,,,,,,,0.001,0.01,,,,,,,,N[C@H]([C@H](c1ccccc1)N)c1ccccc1,MeOH,0.5,CO,2a,96.0,50.0,,,,C[C@H](C(=O)O)CC(=O)c1ccccc1,24.0,25.0,H2,50.0,,,,,,advs.202400621.zip
TS1_6,1,10.1002/advs.202400621,2024,1a,,0.1,1.0,O=C(c1ccccc1)CC(=C)C(=O)O,NaHCO3,,0.05,,,0.5,[Na+].[O-1]C(=O)O,cat6,1,,,0.001,0.01,,,,,L6P,1,,,,,,0.001,0.01,Ru,2,,,,Cc1cc(C)cc(c1)[P+]1(c2cc(C)cc(c2)C)c2ccc3c(c2-c2c([P+]([Ru-4]41(Cl)(Cl)[NH2+][C@H]([C@@H]([NH2+]4)c1ccccc1)c1ccccc1)(c1cc(C)cc(c1)C)c1cc(C)cc(c1)C)ccc1c2OCO1)OCO3,,Cc1cc(C)cc(c1)P(c1ccc2c(c1c1c3OCOc3ccc1P(c1cc(C)cc(c1)C)c1cc(C)cc(c1)C)OCO2)c1cc(C)cc(c1)C,,,,,,,,,,,L4N,,,,,,,0.001,0.01,,,,,,,,N[C@H]([C@H](c1ccccc1)N)c1ccccc1,MeOH,0.5,CO,2a,97.0,58.0,,,,C[C@H](C(=O)O)CC(=O)c1ccccc1,24.0,25.0,H2,50.0,,,,,,advs.202400621.zip
TS1_9,1,10.1002/advs.202400621,2024,1a,,0.1,1.0,O=C(c1ccccc1)CC(=C)C(=O)O,NaHCO3,,0.05,,,0.5,[Na+].[O-1]C(=O)O,cat9,1,,,0.001,0.01,,,,,L9P,1,,,,,,0.001,0.01,Ru,2,,,,COc1ccc(cc1)C1([NH2+][Ru-4]2([NH2+][C@H]1C(C)C)(Cl)(Cl)[P+](c1cc(C)cc(c1)C)(c1cc(C)cc(c1)C)c1ccc3c(c1-c1c([P+]2(c2cc(C)cc(c2)C)c2cc(C)cc(c2)C)ccc2c1cccc2)cccc3)c1ccc(cc1)OC,,Cc1cc(C)cc(c1)P(c1ccc2c(c1c1c(ccc3c1cccc3)P(c1cc(C)cc(c1)C)c1cc(C)cc(c1)C)cccc2)c1cc(C)cc(c1)C,,,,,,,,,,,L9N,,,,,,,0.001,0.01,,,,,,,,COc1ccc(cc1)C(c1ccc(cc1)OC)([C@H](C(C)C)N)N,MeOH,0.5,CO,2a,98.0,26.0,,,,C[C@H](C(=O)O)CC(=O)c1ccccc1,24.0,25.0,H2,50.0,,,,,,advs.202400621.zip
TS1_10,1,10.1002/advs.202400621,2024,1a,,0.1,1.0,O=C(c1ccccc1)CC(=C)C(=O)O,NaHCO3,,0.05,,,0.5,[Na+].[O-1]C(=O)O,cat10,1,,,0.001,0.01,,,,,L10P,1,,,,,,0.001,0.01,Ru,2,,,,COc1ccc(cc1)C1([NH2+][Ru-4]2([NH2+][C@H]1C(C)C)(Cl)(Cl)[P+](c1cc(C)cc(c1)C)(c1cc(C)cc(c1)C)c1ccc3c(c1-c1c([P+]2(c2cc(C)cc(c2)C)c2cc(C)cc(c2)C)ccc2c1OCO2)OCO3)c1ccc(cc1)OC,,Cc1cc(C)cc(c1)P(c1ccc2c(c1c1c3OCOc3ccc1P(c1cc(C)cc(c1)C)c1cc(C)cc(c1)C)OCO2)c1cc(C)cc(c1)C,,,,,,,,,,,L9N,,,,,,,0.001,0.01,,,,,,,,COc1ccc(cc1)C(c1ccc(cc1)OC)([C@H](C(C)C)N)N,MeOH,0.5,CO,2a,99.0,32.0,,,,C[C@H](C(=O)O)CC(=O)c1ccccc1,24.0,25.0,H2,50.0,,,,,,advs.202400621.zip
TS2_1,1,10.1002/advs.202400621,2024,1a,,0.1,1.0,O=C(c1ccccc1)CC(=C)C(=O)O,NaHCO3,,0.05,,,0.5,[Na+].[O-1]C(=O)O,RuPHOX-Ru,,,,0.001,0.01,,,,,RuPHOX,,,,,,,0.001,0.01,Ru,2,,,,CC([C@H]1COC2=[N+]1[Ru-3](Cl)(Cl)([P+](c1ccccc1)(c1ccccc1)c1ccccc1)[P+](C13C42C2[Ru]5678914(C2C35)C1C6C29C8(C71)C1=[N+]([Ru-3]([P+]2(c2ccccc2)c2ccccc2)(Cl)(Cl)[P+](c2ccccc2)(c2ccccc2)c2ccccc2)[C@H](CO1)C(C)(C)C)(c1ccccc1)c1ccccc1)(C)C,,CC([C@H]1COC(=N1)C12C3[Ru]4567891(C2(C7C34)P(c1ccccc1)c1ccccc1)C1C5C9(C8(C61)P(c1ccccc1)c1ccccc1)C1=N[C@H](CO1)C(C)(C)C)(C)C,,,,,,,,,,,PPh3,,,,,,,0.05,0.5,,,,,,,,c1ccc(cc1)P(c1ccccc1)c1ccccc1,MeOH,0.5,CO,2a,99.0,99.0,,,,C[C@H](C(=O)O)CC(=O)c1ccccc1,24.0,25.0,H2,50.0,,,,,,advs.202400621.zip
TS2_3,1,10.1002/advs.202400621,2024,1a,,0.1,1.0,O=C(c1ccccc1)CC(=C)C(=O)O,KHCO3,,0.05,,,0.5,[K+].[O-1]C(=O)O,RuPHOX-Ru,,,,0.001,0.01,,,,,RuPHOX,,,,,,,0.001,0.01,Ru,2,,,,CC([C@H]1COC2=[N+]1[Ru-3](Cl)(Cl)([P+](c1ccccc1)(c1ccccc1)c1ccccc1)[P+](C13C42C2[Ru]5678914(C2C35)C1C6C29C8(C71)C1=[N+]([Ru-3]([P+]2(c2ccccc2)c2ccccc2)(Cl)(Cl)[P+](c2ccccc2)(c2ccccc2)c2ccccc2)[C@H](CO1)C(C)(C)C)(c1ccccc1)c1ccccc1)(C)C,,CC([C@H]1COC(=N1)C12C3[Ru]4567891(C2(C7C34)P(c1ccccc1)c1ccccc1)C1C5C9(C8(C61)P(c1ccccc1)c1ccccc1)C1=N[C@H](CO1)C(C)(C)C)(C)C,,,,,,,,,,,PPh3,,,,,,,0.05,0.5,,,,,,,,c1ccc(cc1)P(c1ccccc1)c1ccccc1,MeOH,0.5,CO,2a,99.0,98.0,,,,C[C@H](C(=O)O)CC(=O)c1ccccc1,24.0,25.0,H2,50.0,,,,,,advs.202400621.zip
TS2_4,1,10.1002/advs.202400621,2024,1a,,0.1,1.0,O=C(c1ccccc1)CC(=C)C(=O)O,Na2CO3,,0.05,,,0.5,[Na+].[O-1]C(=O)[O-1].[Na+],RuPHOX-Ru,,,,0.001,0.01,,,,,RuPHOX,,,,,,,0.001,0.01,Ru,2,,,,CC([C@H]1COC2=[N+]1[Ru-3](Cl)(Cl)([P+](c1ccccc1)(c1ccccc1)c1ccccc1)[P+](C13C42C2[Ru]5678914(C2C35)C1C6C29C8(C71)C1=[N+]([Ru-3]([P+]2(c2ccccc2)c2ccccc2)(Cl)(Cl)[P+](c2ccccc2)(c2ccccc2)c2ccccc2)[C@H](CO1)C(C)(C)C)(c1ccccc1)c1ccccc1)(C)C,,CC([C@H]1COC(=N1)C12C3[Ru]4567891(C2(C7C34)P(c1ccccc1)c1ccccc1)C1C5C9(C8(C61)P(c1ccccc1)c1ccccc1)C1=N[C@H](CO1)C(C)(C)C)(C)C,,,,,,,,,,,PPh3,,,,,,,0.05,0.5,,,,,,,,c1ccc(cc1)P(c1ccccc1)c1ccccc1,MeOH,0.5,CO,2a,99.0,98.0,,,,C[C@H](C(=O)O)CC(=O)c1ccccc1,24.0,25.0,H2,50.0,,,,,,advs.202400621.zip
TS2_5,1,10.1002/advs.202400621,2024,1a,,0.1,1.0,O=C(c1ccccc1)CC(=C)C(=O)O,K2CO3,,0.05,,,0.5,[K+].[O-1]C(=O)[O-1].[K+],RuPHOX-Ru,,,,0.001,0.01,,,,,RuPHOX,,,,,,,0.001,0.01,Ru,2,,,,CC([C@H]1COC2=[N+]1[Ru-3](Cl)(Cl)([P+](c1ccccc1)(c1ccccc1)c1ccccc1)[P+](C13C42C2[Ru]5678914(C2C35)C1C6C29C8(C71)C1=[N+]([Ru-3]([P+]2(c2ccccc2)c2ccccc2)(Cl)(Cl)[P+](c2ccccc2)(c2ccccc2)c2ccccc2)[C@H](CO1)C(C)(C)C)(c1ccccc1)c1ccccc1)(C)C,,CC([C@H]1COC(=N1)C12C3[Ru]4567891(C2(C7C34)P(c1ccccc1)c1ccccc1)C1C5C9(C8(C61)P(c1ccccc1)c1ccccc1)C1=N[C@H](CO1)C(C)(C)C)(C)C,,,,,,,,,,,PPh3,,,,,,,0.05,0.5,,,,,,,,c1ccc(cc1)P(c1ccccc1)c1ccccc1,MeOH,0.5,CO,2a,99.0,94.0,,,,C[C@H](C(=O)O)CC(=O)c1ccccc1,24.0,25.0,H2,50.0,,,,,,advs.202400621.zip
TS2_6,1,10.1002/advs.202400621,2024,1a,,0.1,1.0,O=C(c1ccccc1)CC(=C)C(=O)O,Li2CO3,,0.05,,,0.5,[Li+].[O-1]C(=O)[O-1].[Li+],RuPHOX-Ru,,,,0.001,0.01,,,,,RuPHOX,,,,,,,0.001,0.01,Ru,2,,,,CC([C@H]1COC2=[N+]1[Ru-3](Cl)(Cl)([P+](c1ccccc1)(c1ccccc1)c1ccccc1)[P+](C13C42C2[Ru]5678914(C2C35)C1C6C29C8(C71)C1=[N+]([Ru-3]([P+]2(c2ccccc2)c2ccccc2)(Cl)(Cl)[P+](c2ccccc2)(c2ccccc2)c2ccccc2)[C@H](CO1)C(C)(C)C)(c1ccccc1)c1ccccc1)(C)C,,CC([C@H]1COC(=N1)C12C3[Ru]4567891(C2(C7C34)P(c1ccccc1)c1ccccc1)C1C5C9(C8(C61)P(c1ccccc1)c1ccccc1)C1=N[C@H](CO1)C(C)(C)C)(C)C,,,,,,,,,,,PPh3,,,,,,,0.05,0.5,,,,,,,,c1ccc(cc1)P(c1ccccc1)c1ccccc1,MeOH,0.5,CO,2a,99.0,93.0,,,,C[C@H](C(=O)O)CC(=O)c1ccccc1,24.0,25.0,H2,50.0,,,,,,advs.202400621.zip
TS2_7,1,10.1002/advs.202400621,2024,1a,,0.1,1.0,O=C(c1ccccc1)CC(=C)C(=O)O,Cs2CO3,,0.05,,,0.5,[Cs+].[O-1]C(=O)[O-1].[Cs+],RuPHOX-Ru,,,,0.001,0.01,,,,,RuPHOX,,,,,,,0.001,0.01,Ru,2,,,,CC([C@H]1COC2=[N+]1[Ru-3](Cl)(Cl)([P+](c1ccccc1)(c1ccccc1)c1ccccc1)[P+](C13C42C2[Ru]5678914(C2C35)C1C6C29C8(C71)C1=[N+]([Ru-3]([P+]2(c2ccccc2)c2ccccc2)(Cl)(Cl)[P+](c2ccccc2)(c2ccccc2)c2ccccc2)[C@H](CO1)C(C)(C)C)(c1ccccc1)c1ccccc1)(C)C,,CC([C@H]1COC(=N1)C12C3[Ru]4567891(C2(C7C34)P(c1ccccc1)c1ccccc1)C1C5C9(C8(C61)P(c1ccccc1)c1ccccc1)C1=N[C@H](CO1)C(C)(C)C)(C)C,,,,,,,,,,,PPh3,,,,,,,0.05,0.5,,,,,,,,c1ccc(cc1)P(c1ccccc1)c1ccccc1,MeOH,0.5,CO,2a,99.0,92.0,,,,C[C@H](C(=O)O)CC(=O)c1ccccc1,24.0,25.0,H2,50.0,,,,,,advs.202400621.zip
TS2_8,1,10.1002/advs.202400621,2024,1a,,0.1,1.0,O=C(c1ccccc1)CC(=C)C(=O)O,NaOH,,0.05,,,0.5,[Na+].[OH-1],RuPHOX-Ru,,,,0.001,0.01,,,,,RuPHOX,,,,,,,0.001,0.01,Ru,2,,,,CC([C@H]1COC2=[N+]1[Ru-3](Cl)(Cl)([P+](c1ccccc1)(c1ccccc1)c1ccccc1)[P+](C13C42C2[Ru]5678914(C2C35)C1C6C29C8(C71)C1=[N+]([Ru-3]([P+]2(c2ccccc2)c2ccccc2)(Cl)(Cl)[P+](c2ccccc2)(c2ccccc2)c2ccccc2)[C@H](CO1)C(C)(C)C)(c1ccccc1)c1ccccc1)(C)C,,CC([C@H]1COC(=N1)C12C3[Ru]4567891(C2(C7C34)P(c1ccccc1)c1ccccc1)C1C5C9(C8(C61)P(c1ccccc1)c1ccccc1)C1=N[C@H](CO1)C(C)(C)C)(C)C,,,,,,,,,,,PPh3,,,,,,,0.05,0.5,,,,,,,,c1ccc(cc1)P(c1ccccc1)c1ccccc1,MeOH,0.5,CO,2a,99.0,91.0,,,,C[C@H](C(=O)O)CC(=O)c1ccccc1,24.0,25.0,H2,50.0,,,,,,advs.202400621.zip
TS2_9,1,10.1002/advs.202400621,2024,1a,,0.1,1.0,O=C(c1ccccc1)CC(=C)C(=O)O,NaOH,,0.1,,,1.0,[Na+].[OH-1],RuPHOX-Ru,,,,0.001,0.01,,,,,RuPHOX,,,,,,,0.001,0.01,Ru,2,,,,CC([C@H]1COC2=[N+]1[Ru-3](Cl)(Cl)([P+](c1ccccc1)(c1ccccc1)c1ccccc1)[P+](C13C42C2[Ru]5678914(C2C35)C1C6C29C8(C71)C1=[N+]([Ru-3]([P+]2(c2ccccc2)c2ccccc2)(Cl)(Cl)[P+](c2ccccc2)(c2ccccc2)c2ccccc2)[C@H](CO1)C(C)(C)C)(c1ccccc1)c1ccccc1)(C)C,,CC([C@H]1COC(=N1)C12C3[Ru]4567891(C2(C7C34)P(c1ccccc1)c1ccccc1)C1C5C9(C8(C61)P(c1ccccc1)c1ccccc1)C1=N[C@H](CO1)C(C)(C)C)(C)C,,,,,,,,,,,PPh3,,,,,,,0.05,0.5,,,,,,,,c1ccc(cc1)P(c1ccccc1)c1ccccc1,MeOH,0.5,CO,2a,60.0,50.0,,,,C[C@H](C(=O)O)CC(=O)c1ccccc1,24.0,25.0,H2,50.0,,,,,,advs.202400621.zip
TS2_10,1,10.1002/advs.202400621,2024,1a,,0.1,1.0,O=C(c1ccccc1)CC(=C)C(=O)O,NaOH,,0.2,,,2.0,[Na+].[OH-1],RuPHOX-Ru,,,,0.001,0.01,,,,,RuPHOX,,,,,,,0.001,0.01,Ru,2,,,,CC([C@H]1COC2=[N+]1[Ru-3](Cl)(Cl)([P+](c1ccccc1)(c1ccccc1)c1ccccc1)[P+](C13C42C2[Ru]5678914(C2C35)C1C6C29C8(C71)C1=[N+]([Ru-3]([P+]2(c2ccccc2)c2ccccc2)(Cl)(Cl)[P+](c2ccccc2)(c2ccccc2)c2ccccc2)[C@H](CO1)C(C)(C)C)(c1ccccc1)c1ccccc1)(C)C,,CC([C@H]1COC(=N1)C12C3[Ru]4567891(C2(C7C34)P(c1ccccc1)c1ccccc1)C1C5C9(C8(C61)P(c1ccccc1)c1ccccc1)C1=N[C@H](CO1)C(C)(C)C)(C)C,,,,,,,,,,,PPh3,,,,,,,0.05,0.5,,,,,,,,c1ccc(cc1)P(c1ccccc1)c1ccccc1,MeOH,0.5,CO,2a,25.0,24.0,,,,C[C@H](C(=O)O)CC(=O)c1ccccc1,24.0,25.0,H2,50.0,,,,,,advs.202400621.zip
TS2_11,1,10.1002/advs.202400621,2024,1a,,0.1,1.0,O=C(c1ccccc1)CC(=C)C(=O)O,KOH,,0.05,,,0.5,[OH-1].[K+],RuPHOX-Ru,,,,0.001,0.01,,,,,RuPHOX,,,,,,,0.001,0.01,Ru,2,,,,CC([C@H]1COC2=[N+]1[Ru-3](Cl)(Cl)([P+](c1ccccc1)(c1ccccc1)c1ccccc1)[P+](C13C42C2[Ru]5678914(C2C35)C1C6C29C8(C71)C1=[N+]([Ru-3]([P+]2(c2ccccc2)c2ccccc2)(Cl)(Cl)[P+](c2ccccc2)(c2ccccc2)c2ccccc2)[C@H](CO1)C(C)(C)C)(c1ccccc1)c1ccccc1)(C)C,,CC([C@H]1COC(=N1)C12C3[Ru]4567891(C2(C7C34)P(c1ccccc1)c1ccccc1)C1C5C9(C8(C61)P(c1ccccc1)c1ccccc1)C1=N[C@H](CO1)C(C)(C)C)(C)C,,,,,,,,,,,PPh3,,,,,,,0.05,0.5,,,,,,,,c1ccc(cc1)P(c1ccccc1)c1ccccc1,MeOH,0.5,CO,2a,88.0,90.0,,,,C[C@H](C(=O)O)CC(=O)c1ccccc1,24.0,25.0,H2,50.0,,,,,,advs.202400621.zip
TS2_12,1,10.1002/advs.202400621,2024,1a,,0.1,1.0,O=C(c1ccccc1)CC(=C)C(=O)O,tBuOK,,0.05,,,0.5,[K+].[O-1]C(C)(C)C,RuPHOX-Ru,,,,0.001,0.01,,,,,RuPHOX,,,,,,,0.001,0.01,Ru,2,,,,CC([C@H]1COC2=[N+]1[Ru-3](Cl)(Cl)([P+](c1ccccc1)(c1ccccc1)c1ccccc1)[P+](C13C42C2[Ru]5678914(C2C35)C1C6C29C8(C71)C1=[N+]([Ru-3]([P+]2(c2ccccc2)c2ccccc2)(Cl)(Cl)[P+](c2ccccc2)(c2ccccc2)c2ccccc2)[C@H](CO1)C(C)(C)C)(c1ccccc1)c1ccccc1)(C)C,,CC([C@H]1COC(=N1)C12C3[Ru]4567891(C2(C7C34)P(c1ccccc1)c1ccccc1)C1C5C9(C8(C61)P(c1ccccc1)c1ccccc1)C1=N[C@H](CO1)C(C)(C)C)(C)C,,,,,,,,,,,PPh3,,,,,,,0.05,0.5,,,,,,,,c1ccc(cc1)P(c1ccccc1)c1ccccc1,MeOH,0.5,CO,2a,86.0,90.0,,,,C[C@H](C(=O)O)CC(=O)c1ccccc1,24.0,25.0,H2,50.0,,,,,,advs.202400621.zip
TS2_13,1,10.1002/advs.202400621,2024,1a,,0.1,1.0,O=C(c1ccccc1)CC(=C)C(=O)O,Et3N,,0.05,,,0.5,CCN(CC)CC,RuPHOX-Ru,,,,0.001,0.01,,,,,RuPHOX,,,,,,,0.001,0.01,Ru,2,,,,CC([C@H]1COC2=[N+]1[Ru-3](Cl)(Cl)([P+](c1ccccc1)(c1ccccc1)c1ccccc1)[P+](C13C42C2[Ru]5678914(C2C35)C1C6C29C8(C71)C1=[N+]([Ru-3]([P+]2(c2ccccc2)c2ccccc2)(Cl)(Cl)[P+](c2ccccc2)(c2ccccc2)c2ccccc2)[C@H](CO1)C(C)(C)C)(c1ccccc1)c1ccccc1)(C)C,,CC([C@H]1COC(=N1)C12C3[Ru]4567891(C2(C7C34)P(c1ccccc1)c1ccccc1)C1C5C9(C8(C61)P(c1ccccc1)c1ccccc1)C1=N[C@H](CO1)C(C)(C)C)(C)C,,,,,,,,,,,PPh3,,,,,,,0.05,0.5,,,,,,,,c1ccc(cc1)P(c1ccccc1)c1ccccc1,MeOH,0.5,CO,2a,99.0,98.0,,,,C[C@H](C(=O)O)CC(=O)c1ccccc1,24.0,25.0,H2,50.0,,,,,,advs.202400621.zip
TS2_14,1,10.1002/advs.202400621,2024,1a,,0.1,1.0,O=C(c1ccccc1)CC(=C)C(=O)O,DIPEA,,0.05,,,0.5,CCN(C(C)C)C(C)C,RuPHOX-Ru,,,,0.001,0.01,,,,,RuPHOX,,,,,,,0.001,0.01,Ru,2,,,,CC([C@H]1COC2=[N+]1[Ru-3](Cl)(Cl)([P+](c1ccccc1)(c1ccccc1)c1ccccc1)[P+](C13C42C2[Ru]5678914(C2C35)C1C6C29C8(C71)C1=[N+]([Ru-3]([P+]2(c2ccccc2)c2ccccc2)(Cl)(Cl)[P+](c2ccccc2)(c2ccccc2)c2ccccc2)[C@H](CO1)C(C)(C)C)(c1ccccc1)c1ccccc1)(C)C,,CC([C@H]1COC(=N1)C12C3[Ru]4567891(C2(C7C34)P(c1ccccc1)c1ccccc1)C1C5C9(C8(C61)P(c1ccccc1)c1ccccc1)C1=N[C@H](CO1)C(C)(C)C)(C)C,,,,,,,,,,,PPh3,,,,,,,0.05,0.5,,,,,,,,c1ccc(cc1)P(c1ccccc1)c1ccccc1,MeOH,0.5,CO,2a,99.0,98.0,,,,C[C@H](C(=O)O)CC(=O)c1ccccc1,24.0,25.0,H2,50.0,,,,,,advs.202400621.zip
TS2_15,1,10.1002/advs.202400621,2024,1a,,0.1,1.0,O=C(c1ccccc1)CC(=C)C(=O)O,DBU,,0.05,,,0.5,C1CCN2C(=NCCC2)CC1,RuPHOX-Ru,,,,0.001,0.01,,,,,RuPHOX,,,,,,,0.001,0.01,Ru,2,,,,CC([C@H]1COC2=[N+]1[Ru-3](Cl)(Cl)([P+](c1ccccc1)(c1ccccc1)c1ccccc1)[P+](C13C42C2[Ru]5678914(C2C35)C1C6C29C8(C71)C1=[N+]([Ru-3]([P+]2(c2ccccc2)c2ccccc2)(Cl)(Cl)[P+](c2ccccc2)(c2ccccc2)c2ccccc2)[C@H](CO1)C(C)(C)C)(c1ccccc1)c1ccccc1)(C)C,,CC([C@H]1COC(=N1)C12C3[Ru]4567891(C2(C7C34)P(c1ccccc1)c1ccccc1)C1C5C9(C8(C61)P(c1ccccc1)c1ccccc1)C1=N[C@H](CO1)C(C)(C)C)(C)C,,,,,,,,,,,PPh3,,,,,,,0.05,0.5,,,,,,,,c1ccc(cc1)P(c1ccccc1)c1ccccc1,MeOH,0.5,CO,2a,99.0,98.0,,,,C[C@H](C(=O)O)CC(=O)c1ccccc1,24.0,25.0,H2,50.0,,,,,,advs.202400621.zip
TS3_1,1,10.1002/advs.202400621,2024,1a,,0.1,1.0,O=C(c1ccccc1)CC(=C)C(=O)O,NaHCO3,,0.05,,,0.5,[Na+].[O-1]C(=O)O,RuPHOX-Ru,,,,0.001,0.01,,,,,RuPHOX,,,,,,,0.001,0.01,Ru,2,,,,CC([C@H]1COC2=[N+]1[Ru-3](Cl)(Cl)([P+](c1ccccc1)(c1ccccc1)c1ccccc1)[P+](C13C42C2[Ru]5678914(C2C35)C1C6C29C8(C71)C1=[N+]([Ru-3]([P+]2(c2ccccc2)c2ccccc2)(Cl)(Cl)[P+](c2ccccc2)(c2ccccc2)c2ccccc2)[C@H](CO1)C(C)(C)C)(c1ccccc1)c1ccccc1)(C)C,,CC([C@H]1COC(=N1)C12C3[Ru]4567891(C2(C7C34)P(c1ccccc1)c1ccccc1)C1C5C9(C8(C61)P(c1ccccc1)c1ccccc1)C1=N[C@H](CO1)C(C)(C)C)(C)C,,,,,,,,,,,PPh3,,,,,,,0.05,0.5,,,,,,,,c1ccc(cc1)P(c1ccccc1)c1ccccc1,MeOH,0.5,CO,2a,99.0,99.0,,,,C[C@H](C(=O)O)CC(=O)c1ccccc1,24.0,25.0,H2,50.0,,,,,,advs.202400621.zip
TS3_2,1,10.1002/advs.202400621,2024,1a,,0.1,1.0,O=C(c1ccccc1)CC(=C)C(=O)O,NaHCO3,,0.05,,,0.5,[Na+].[O-1]C(=O)O,RuPHOX-Ru,,,,0.001,0.01,,,,,RuPHOX,,,,,,,0.001,0.01,Ru,2,,,,CC([C@H]1COC2=[N+]1[Ru-3](Cl)(Cl)([P+](c1ccccc1)(c1ccccc1)c1ccccc1)[P+](C13C42C2[Ru]5678914(C2C35)C1C6C29C8(C71)C1=[N+]([Ru-3]([P+]2(c2ccccc2)c2ccccc2)(Cl)(Cl)[P+](c2ccccc2)(c2ccccc2)c2ccccc2)[C@H](CO1)C(C)(C)C)(c1ccccc1)c1ccccc1)(C)C,,CC([C@H]1COC(=N1)C12C3[Ru]4567891(C2(C7C34)P(c1ccccc1)c1ccccc1)C1C5C9(C8(C61)P(c1ccccc1)c1ccccc1)C1=N[C@H](CO1)C(C)(C)C)(C)C,,,,,,,,,,,PPh3,,,,,,,0.05,0.5,,,,,,,,c1ccc(cc1)P(c1ccccc1)c1ccccc1,EtOH,0.5,CCO,2a,99.0,99.0,,,,C[C@H](C(=O)O)CC(=O)c1ccccc1,24.0,25.0,H2,50.0,,,,,,advs.202400621.zip
TS3_3,1,10.1002/advs.202400621,2024,1a,,0.1,1.0,O=C(c1ccccc1)CC(=C)C(=O)O,NaHCO3,,0.05,,,0.5,[Na+].[O-1]C(=O)O,RuPHOX-Ru,,,,0.001,0.01,,,,,RuPHOX,,,,,,,0.001,0.01,Ru,2,,,,CC([C@H]1COC2=[N+]1[Ru-3](Cl)(Cl)([P+](c1ccccc1)(c1ccccc1)c1ccccc1)[P+](C13C42C2[Ru]5678914(C2C35)C1C6C29C8(C71)C1=[N+]([Ru-3]([P+]2(c2ccccc2)c2ccccc2)(Cl)(Cl)[P+](c2ccccc2)(c2ccccc2)c2ccccc2)[C@H](CO1)C(C)(C)C)(c1ccccc1)c1ccccc1)(C)C,,CC([C@H]1COC(=N1)C12C3[Ru]4567891(C2(C7C34)P(c1ccccc1)c1ccccc1)C1C5C9(C8(C61)P(c1ccccc1)c1ccccc1)C1=N[C@H](CO1)C(C)(C)C)(C)C,,,,,,,,,,,PPh3,,,,,,,0.05,0.5,,,,,,,,c1ccc(cc1)P(c1ccccc1)c1ccccc1,iPrOH,0.5,CC(O)C,2a,82.0,60.0,,,,C[C@H](C(=O)O)CC(=O)c1ccccc1,24.0,25.0,H2,50.0,,,,,,advs.202400621.zip
TS3_4,1,10.1002/advs.202400621,2024,1a,,0.1,1.0,O=C(c1ccccc1)CC(=C)C(=O)O,NaHCO3,,0.05,,,0.5,[Na+].[O-1]C(=O)O,RuPHOX-Ru,,,,0.001,0.01,,,,,RuPHOX,,,,,,,0.001,0.01,Ru,2,,,,CC([C@H]1COC2=[N+]1[Ru-3](Cl)(Cl)([P+](c1ccccc1)(c1ccccc1)c1ccccc1)[P+](C13C42C2[Ru]5678914(C2C35)C1C6C29C8(C71)C1=[N+]([Ru-3]([P+]2(c2ccccc2)c2ccccc2)(Cl)(Cl)[P+](c2ccccc2)(c2ccccc2)c2ccccc2)[C@H](CO1)C(C)(C)C)(c1ccccc1)c1ccccc1)(C)C,,CC([C@H]1COC(=N1)C12C3[Ru]4567891(C2(C7C34)P(c1ccccc1)c1ccccc1)C1C5C9(C8(C61)P(c1ccccc1)c1ccccc1)C1=N[C@H](CO1)C(C)(C)C)(C)C,,,,,,,,,,,PPh3,,,,,,,0.05,0.5,,,,,,,,c1ccc(cc1)P(c1ccccc1)c1ccccc1,TFE,0.5,OCC(F)(F)F,2a,19.0,91.0,,,,C[C@H](C(=O)O)CC(=O)c1ccccc1,24.0,25.0,H2,50.0,,,,,,advs.202400621.zip
TS3_5,1,10.1002/advs.202400621,2024,1a,,0.1,1.0,O=C(c1ccccc1)CC(=C)C(=O)O,NaHCO3,,0.05,,,0.5,[Na+].[O-1]C(=O)O,RuPHOX-Ru,,,,0.001,0.01,,,,,RuPHOX,,,,,,,0.001,0.01,Ru,2,,,,CC([C@H]1COC2=[N+]1[Ru-3](Cl)(Cl)([P+](c1ccccc1)(c1ccccc1)c1ccccc1)[P+](C13C42C2[Ru]5678914(C2C35)C1C6C29C8(C71)C1=[N+]([Ru-3]([P+]2(c2ccccc2)c2ccccc2)(Cl)(Cl)[P+](c2ccccc2)(c2ccccc2)c2ccccc2)[C@H](CO1)C(C)(C)C)(c1ccccc1)c1ccccc1)(C)C,,CC([C@H]1COC(=N1)C12C3[Ru]4567891(C2(C7C34)P(c1ccccc1)c1ccccc1)C1C5C9(C8(C61)P(c1ccccc1)c1ccccc1)C1=N[C@H](CO1)C(C)(C)C)(C)C,,,,,,,,,,,PPh3,,,,,,,0.05,0.5,,,,,,,,c1ccc(cc1)P(c1ccccc1)c1ccccc1,THF,0.5,C1CCCO1,2a,39.0,74.0,,,,C[C@H](C(=O)O)CC(=O)c1ccccc1,24.0,25.0,H2,50.0,,,,,,advs.202400621.zip
TS3_6,1,10.1002/advs.202400621,2024,1a,,0.1,1.0,O=C(c1ccccc1)CC(=C)C(=O)O,NaHCO3,,0.05,,,0.5,[Na+].[O-1]C(=O)O,RuPHOX-Ru,,,,0.001,0.01,,,,,RuPHOX,,,,,,,0.001,0.01,Ru,2,,,,CC([C@H]1COC2=[N+]1[Ru-3](Cl)(Cl)([P+](c1ccccc1)(c1ccccc1)c1ccccc1)[P+](C13C42C2[Ru]5678914(C2C35)C1C6C29C8(C71)C1=[N+]([Ru-3]([P+]2(c2ccccc2)c2ccccc2)(Cl)(Cl)[P+](c2ccccc2)(c2ccccc2)c2ccccc2)[C@H](CO1)C(C)(C)C)(c1ccccc1)c1ccccc1)(C)C,,CC([C@H]1COC(=N1)C12C3[Ru]4567891(C2(C7C34)P(c1ccccc1)c1ccccc1)C1C5C9(C8(C61)P(c1ccccc1)c1ccccc1)C1=N[C@H](CO1)C(C)(C)C)(C)C,,,,,,,,,,,PPh3,,,,,,,0.05,0.5,,,,,,,,c1ccc(cc1)P(c1ccccc1)c1ccccc1,Dioxane,0.5,O1CCOCC1,2a,79.0,27.0,,,,C[C@H](C(=O)O)CC(=O)c1ccccc1,24.0,25.0,H2,50.0,,,,,,advs.202400621.zip
TS3_7,1,10.1002/advs.202400621,2024,1a,,0.1,1.0,O=C(c1ccccc1)CC(=C)C(=O)O,NaHCO3,,0.05,,,0.5,[Na+].[O-1]C(=O)O,RuPHOX-Ru,,,,0.001,0.01,,,,,RuPHOX,,,,,,,0.001,0.01,Ru,2,,,,CC([C@H]1COC2=[N+]1[Ru-3](Cl)(Cl)([P+](c1ccccc1)(c1ccccc1)c1ccccc1)[P+](C13C42C2[Ru]5678914(C2C35)C1C6C29C8(C71)C1=[N+]([Ru-3]([P+]2(c2ccccc2)c2ccccc2)(Cl)(Cl)[P+](c2ccccc2)(c2ccccc2)c2ccccc2)[C@H](CO1)C(C)(C)C)(c1ccccc1)c1ccccc1)(C)C,,CC([C@H]1COC(=N1)C12C3[Ru]4567891(C2(C7C34)P(c1ccccc1)c1ccccc1)C1C5C9(C8(C61)P(c1ccccc1)c1ccccc1)C1=N[C@H](CO1)C(C)(C)C)(C)C,,,,,,,,,,,PPh3,,,,,,,0.05,0.5,,,,,,,,c1ccc(cc1)P(c1ccccc1)c1ccccc1,DCM,0.5,ClCCl,2a,28.0,90.0,,,,C[C@H](C(=O)O)CC(=O)c1ccccc1,24.0,25.0,H2,50.0,,,,,,advs.202400621.zip
TS3_8,1,10.1002/advs.202400621,2024,1a,,0.1,1.0,O=C(c1ccccc1)CC(=C)C(=O)O,NaHCO3,,0.05,,,0.5,[Na+].[O-1]C(=O)O,RuPHOX-Ru,,,,0.001,0.01,,,,,RuPHOX,,,,,,,0.001,0.01,Ru,2,,,,CC([C@H]1COC2=[N+]1[Ru-3](Cl)(Cl)([P+](c1ccccc1)(c1ccccc1)c1ccccc1)[P+](C13C42C2[Ru]5678914(C2C35)C1C6C29C8(C71)C1=[N+]([Ru-3]([P+]2(c2ccccc2)c2ccccc2)(Cl)(Cl)[P+](c2ccccc2)(c2ccccc2)c2ccccc2)[C@H](CO1)C(C)(C)C)(c1ccccc1)c1ccccc1)(C)C,,CC([C@H]1COC(=N1)C12C3[Ru]4567891(C2(C7C34)P(c1ccccc1)c1ccccc1)C1C5C9(C8(C61)P(c1ccccc1)c1ccccc1)C1=N[C@H](CO1)C(C)(C)C)(C)C,,,,,,,,,,,PPh3,,,,,,,0.05,0.5,,,,,,,,c1ccc(cc1)P(c1ccccc1)c1ccccc1,Toluene,0.5,Cc1ccccc1,2a,38.0,88.0,,,,C[C@H](C(=O)O)CC(=O)c1ccccc1,24.0,25.0,H2,50.0,,,,,,advs.202400621.zip
TS3_9,1,10.1002/advs.202400621,2024,1a,,0.1,1.0,O=C(c1ccccc1)CC(=C)C(=O)O,NaHCO3,,0.05,,,0.5,[Na+].[O-1]C(=O)O,RuPHOX-Ru,,,,0.001,0.01,,,,,RuPHOX,,,,,,,0.001,0.01,Ru,2,,,,CC([C@H]1COC2=[N+]1[Ru-3](Cl)(Cl)([P+](c1ccccc1)(c1ccccc1)c1ccccc1)[P+](C13C42C2[Ru]5678914(C2C35)C1C6C29C8(C71)C1=[N+]([Ru-3]([P+]2(c2ccccc2)c2ccccc2)(Cl)(Cl)[P+](c2ccccc2)(c2ccccc2)c2ccccc2)[C@H](CO1)C(C)(C)C)(c1ccccc1)c1ccccc1)(C)C,,CC([C@H]1COC(=N1)C12C3[Ru]4567891(C2(C7C34)P(c1ccccc1)c1ccccc1)C1C5C9(C8(C61)P(c1ccccc1)c1ccccc1)C1=N[C@H](CO1)C(C)(C)C)(C)C,,,,,,,,,,,PPh3,,,,,,,0.05,0.5,,,,,,,,c1ccc(cc1)P(c1ccccc1)c1ccccc1,Toluene,0.375,Cc1ccccc1,2a,70.0,81.0,,,,C[C@H](C(=O)O)CC(=O)c1ccccc1,24.0,25.0,H2,50.0,,,H2O,0.125,O,advs.202400621.zip
TS4_1,1,10.1002/advs.202400621,2024,1a,,0.1,1.0,O=C(c1ccccc1)CC(=C)C(=O)O,NaHCO3,,0.05,,,0.5,[Na+].[O-1]C(=O)O,RuPHOX-Ru,,,,0.001,0.01,,,,,RuPHOX,,,,,,,0.001,0.01,Ru,2,,,,CC([C@H]1COC2=[N+]1[Ru-3](Cl)(Cl)([P+](c1ccccc1)(c1ccccc1)c1ccccc1)[P+](C13C42C2[Ru]5678914(C2C35)C1C6C29C8(C71)C1=[N+]([Ru-3]([P+]2(c2ccccc2)c2ccccc2)(Cl)(Cl)[P+](c2ccccc2)(c2ccccc2)c2ccccc2)[C@H](CO1)C(C)(C)C)(c1ccccc1)c1ccccc1)(C)C,,CC([C@H]1COC(=N1)C12C3[Ru]4567891(C2(C7C34)P(c1ccccc1)c1ccccc1)C1C5C9(C8(C61)P(c1ccccc1)c1ccccc1)C1=N[C@H](CO1)C(C)(C)C)(C)C,,,,,,,,,,,PPh3,,,,,,,0.05,0.5,,,,,,,,c1ccc(cc1)P(c1ccccc1)c1ccccc1,EtOH,0.5,CCO,2a,99.0,99.0,,,,C[C@H](C(=O)O)CC(=O)c1ccccc1,24.0,25.0,H2,50.0,,,,,,advs.202400621.zip
TS4_2,1,10.1002/advs.202400621,2024,1a,,0.1,1.0,O=C(c1ccccc1)CC(=C)C(=O)O,NaHCO3,,0.05,,,0.5,[Na+].[O-1]C(=O)O,RuPHOX-Ru,,,,0.001,0.01,,,,,RuPHOX,,,,,,,0.001,0.01,Ru,2,,,,CC([C@H]1COC2=[N+]1[Ru-3](Cl)(Cl)([P+](c1ccccc1)(c1ccccc1)c1ccccc1)[P+](C13C42C2[Ru]5678914(C2C35)C1C6C29C8(C71)C1=[N+]([Ru-3]([P+]2(c2ccccc2)c2ccccc2)(Cl)(Cl)[P+](c2ccccc2)(c2ccccc2)c2ccccc2)[C@H](CO1)C(C)(C)C)(c1ccccc1)c1ccccc1)(C)C,,CC([C@H]1COC(=N1)C12C3[Ru]4567891(C2(C7C34)P(c1ccccc1)c1ccccc1)C1C5C9(C8(C61)P(c1ccccc1)c1ccccc1)C1=N[C@H](CO1)C(C)(C)C)(C)C,,,,,,,,,,,PPh3,,,,,,,0.05,0.5,,,,,,,,c1ccc(cc1)P(c1ccccc1)c1ccccc1,EtOH,0.5,CCO,2a,99.0,99.0,,,,C[C@H](C(=O)O)CC(=O)c1ccccc1,24.0,25.0,H2,20.0,,,,,,advs.202400621.zip
TS4_3,1,10.1002/advs.202400621,2024,1a,,0.1,1.0,O=C(c1ccccc1)CC(=C)C(=O)O,NaHCO3,,0.05,,,0.5,[Na+].[O-1]C(=O)O,RuPHOX-Ru,,,,0.001,0.01,,,,,RuPHOX,,,,,,,0.001,0.01,Ru,2,,,,CC([C@H]1COC2=[N+]1[Ru-3](Cl)(Cl)([P+](c1ccccc1)(c1ccccc1)c1ccccc1)[P+](C13C42C2[Ru]5678914(C2C35)C1C6C29C8(C71)C1=[N+]([Ru-3]([P+]2(c2ccccc2)c2ccccc2)(Cl)(Cl)[P+](c2ccccc2)(c2ccccc2)c2ccccc2)[C@H](CO1)C(C)(C)C)(c1ccccc1)c1ccccc1)(C)C,,CC([C@H]1COC(=N1)C12C3[Ru]4567891(C2(C7C34)P(c1ccccc1)c1ccccc1)C1C5C9(C8(C61)P(c1ccccc1)c1ccccc1)C1=N[C@H](CO1)C(C)(C)C)(C)C,,,,,,,,,,,PPh3,,,,,,,0.05,0.5,,,,,,,,c1ccc(cc1)P(c1ccccc1)c1ccccc1,EtOH,0.5,CCO,2a,99.0,99.0,,,,C[C@H](C(=O)O)CC(=O)c1ccccc1,24.0,25.0,H2,10.0,,,,,,advs.202400621.zip
TS4_4,1,10.1002/advs.202400621,2024,1a,,0.1,1.0,O=C(c1ccccc1)CC(=C)C(=O)O,NaHCO3,,0.05,,,0.5,[Na+].[O-1]C(=O)O,RuPHOX-Ru,,,,0.001,0.01,,,,,RuPHOX,,,,,,,0.001,0.01,Ru,2,,,,CC([C@H]1COC2=[N+]1[Ru-3](Cl)(Cl)([P+](c1ccccc1)(c1ccccc1)c1ccccc1)[P+](C13C42C2[Ru]5678914(C2C35)C1C6C29C8(C71)C1=[N+]([Ru-3]([P+]2(c2ccccc2)c2ccccc2)(Cl)(Cl)[P+](c2ccccc2)(c2ccccc2)c2ccccc2)[C@H](CO1)C(C)(C)C)(c1ccccc1)c1ccccc1)(C)C,,CC([C@H]1COC(=N1)C12C3[Ru]4567891(C2(C7C34)P(c1ccccc1)c1ccccc1)C1C5C9(C8(C61)P(c1ccccc1)c1ccccc1)C1=N[C@H](CO1)C(C)(C)C)(C)C,,,,,,,,,,,PPh3,,,,,,,0.05,0.5,,,,,,,,c1ccc(cc1)P(c1ccccc1)c1ccccc1,EtOH,0.5,CCO,2a,95.0,90.0,,,,C[C@H](C(=O)O)CC(=O)c1ccccc1,24.0,25.0,H2,5.0,,,,,,advs.202400621.zip
TS5_1,1,10.1002/advs.202400621,2024,1a,,0.1,1.0,O=C(c1ccccc1)CC(=C)C(=O)O,NaHCO3,,0.05,,,0.5,[Na+].[O-1]C(=O)O,RuPHOX-Ru,,,,0.001,0.01,,,,,RuPHOX,,,,,,,0.001,0.01,Ru,2,,,,CC([C@H]1COC2=[N+]1[Ru-3](Cl)(Cl)([P+](c1ccccc1)(c1ccccc1)c1ccccc1)[P+](C13C42C2[Ru]5678914(C2C35)C1C6C29C8(C71)C1=[N+]([Ru-3]([P+]2(c2ccccc2)c2ccccc2)(Cl)(Cl)[P+](c2ccccc2)(c2ccccc2)c2ccccc2)[C@H](CO1)C(C)(C)C)(c1ccccc1)c1ccccc1)(C)C,,CC([C@H]1COC(=N1)C12C3[Ru]4567891(C2(C7C34)P(c1ccccc1)c1ccccc1)C1C5C9(C8(C61)P(c1ccccc1)c1ccccc1)C1=N[C@H](CO1)C(C)(C)C)(C)C,,,,,,,,,,,PPh3,,,,,,,0.05,0.5,,,,,,,,c1ccc(cc1)P(c1ccccc1)c1ccccc1,EtOH,0.5,CCO,2a,99.0,99.0,,,,C[C@H](C(=O)O)CC(=O)c1ccccc1,24.0,25.0,H2,20.0,,,,,,advs.202400621.zip
TS5_2,1,10.1002/advs.202400621,2024,1a,,0.1,1.0,O=C(c1ccccc1)CC(=C)C(=O)O,NaHCO3,,0.05,,,0.5,[Na+].[O-1]C(=O)O,RuPHOX-Ru,,,,0.001,0.01,,,,,RuPHOX,,,,,,,0.001,0.01,Ru,2,,,,CC([C@H]1COC2=[N+]1[Ru-3](Cl)(Cl)([P+](c1ccccc1)(c1ccccc1)c1ccccc1)[P+](C13C42C2[Ru]5678914(C2C35)C1C6C29C8(C71)C1=[N+]([Ru-3]([P+]2(c2ccccc2)c2ccccc2)(Cl)(Cl)[P+](c2ccccc2)(c2ccccc2)c2ccccc2)[C@H](CO1)C(C)(C)C)(c1ccccc1)c1ccccc1)(C)C,,CC([C@H]1COC(=N1)C12C3[Ru]4567891(C2(C7C34)P(c1ccccc1)c1ccccc1)C1C5C9(C8(C61)P(c1ccccc1)c1ccccc1)C1=N[C@H](CO1)C(C)(C)C)(C)C,,,,,,,,,,,PPh3,,,,,,,0.05,0.5,,,,,,,,c1ccc(cc1)P(c1ccccc1)c1ccccc1,EtOH,0.5,CCO,2a,99.0,92.0,,,,C[C@H](C(=O)O)CC(=O)c1ccccc1,24.0,25.0,H2,20.0,,,,,,advs.202400621.zip
TS5_3,1,10.1002/advs.202400621,2024,1a,,0.1,1.0,O=C(c1ccccc1)CC(=C)C(=O)O,KHCO3,,0.05,,,0.5,[K+].[O-1]C(=O)O,RuPHOX-Ru,,,,0.001,0.01,,,,,RuPHOX,,,,,,,0.001,0.01,Ru,2,,,,CC([C@H]1COC2=[N+]1[Ru-3](Cl)(Cl)([P+](c1ccccc1)(c1ccccc1)c1ccccc1)[P+](C13C42C2[Ru]5678914(C2C35)C1C6C29C8(C71)C1=[N+]([Ru-3]([P+]2(c2ccccc2)c2ccccc2)(Cl)(Cl)[P+](c2ccccc2)(c2ccccc2)c2ccccc2)[C@H](CO1)C(C)(C)C)(c1ccccc1)c1ccccc1)(C)C,,CC([C@H]1COC(=N1)C12C3[Ru]4567891(C2(C7C34)P(c1ccccc1)c1ccccc1)C1C5C9(C8(C61)P(c1ccccc1)c1ccccc1)C1=N[C@H](CO1)C(C)(C)C)(C)C,,,,,,,,,,,PPh3,,,,,,,0.05,0.5,,,,,,,,c1ccc(cc1)P(c1ccccc1)c1ccccc1,EtOH,0.5,CCO,2a,99.0,96.0,,,,C[C@H](C(=O)O)CC(=O)c1ccccc1,24.0,25.0,H2,20.0,,,,,,advs.202400621.zip
TS5_4,1,10.1002/advs.202400621,2024,1a,,0.1,1.0,O=C(c1ccccc1)CC(=C)C(=O)O,Na2CO3,,0.05,,,0.5,[Na+].[O-1]C(=O)[O-1].[Na+],RuPHOX-Ru,,,,0.001,0.01,,,,,RuPHOX,,,,,,,0.001,0.01,Ru,2,,,,CC([C@H]1COC2=[N+]1[Ru-3](Cl)(Cl)([P+](c1ccccc1)(c1ccccc1)c1ccccc1)[P+](C13C42C2[Ru]5678914(C2C35)C1C6C29C8(C71)C1=[N+]([Ru-3]([P+]2(c2ccccc2)c2ccccc2)(Cl)(Cl)[P+](c2ccccc2)(c2ccccc2)c2ccccc2)[C@H](CO1)C(C)(C)C)(c1ccccc1)c1ccccc1)(C)C,,CC([C@H]1COC(=N1)C12C3[Ru]4567891(C2(C7C34)P(c1ccccc1)c1ccccc1)C1C5C9(C8(C61)P(c1ccccc1)c1ccccc1)C1=N[C@H](CO1)C(C)(C)C)(C)C,,,,,,,,,,,PPh3,,,,,,,0.05,0.5,,,,,,,,c1ccc(cc1)P(c1ccccc1)c1ccccc1,EtOH,0.5,CCO,2a,99.0,95.0,,,,C[C@H](C(=O)O)CC(=O)c1ccccc1,24.0,25.0,H2,20.0,,,,,,advs.202400621.zip
TS5_5,1,10.1002/advs.202400621,2024,1a,,0.1,1.0,O=C(c1ccccc1)CC(=C)C(=O)O,K2CO3,,0.05,,,0.5,[K+].[O-1]C(=O)[O-1].[K+],RuPHOX-Ru,,,,0.001,0.01,,,,,RuPHOX,,,,,,,0.001,0.01,Ru,2,,,,CC([C@H]1COC2=[N+]1[Ru-3](Cl)(Cl)([P+](c1ccccc1)(c1ccccc1)c1ccccc1)[P+](C13C42C2[Ru]5678914(C2C35)C1C6C29C8(C71)C1=[N+]([Ru-3]([P+]2(c2ccccc2)c2ccccc2)(Cl)(Cl)[P+](c2ccccc2)(c2ccccc2)c2ccccc2)[C@H](CO1)C(C)(C)C)(c1ccccc1)c1ccccc1)(C)C,,CC([C@H]1COC(=N1)C12C3[Ru]4567891(C2(C7C34)P(c1ccccc1)c1ccccc1)C1C5C9(C8(C61)P(c1ccccc1)c1ccccc1)C1=N[C@H](CO1)C(C)(C)C)(C)C,,,,,,,,,,,PPh3,,,,,,,0.05,0.5,,,,,,,,c1ccc(cc1)P(c1ccccc1)c1ccccc1,EtOH,0.5,CCO,2a,99.0,93.0,,,,C[C@H](C(=O)O)CC(=O)c1ccccc1,24.0,25.0,H2,20.0,,,,,,advs.202400621.zip
TS5_6,1,10.1002/advs.202400621,2024,1a,,0.1,1.0,O=C(c1ccccc1)CC(=C)C(=O)O,Li2CO3,,0.05,,,0.5,[Li+].[O-1]C(=O)[O-1].[Li+],RuPHOX-Ru,,,,0.001,0.01,,,,,RuPHOX,,,,,,,0.001,0.01,Ru,2,,,,CC([C@H]1COC2=[N+]1[Ru-3](Cl)(Cl)([P+](c1ccccc1)(c1ccccc1)c1ccccc1)[P+](C13C42C2[Ru]5678914(C2C35)C1C6C29C8(C71)C1=[N+]([Ru-3]([P+]2(c2ccccc2)c2ccccc2)(Cl)(Cl)[P+](c2ccccc2)(c2ccccc2)c2ccccc2)[C@H](CO1)C(C)(C)C)(c1ccccc1)c1ccccc1)(C)C,,CC([C@H]1COC(=N1)C12C3[Ru]4567891(C2(C7C34)P(c1ccccc1)c1ccccc1)C1C5C9(C8(C61)P(c1ccccc1)c1ccccc1)C1=N[C@H](CO1)C(C)(C)C)(C)C,,,,,,,,,,,PPh3,,,,,,,0.05,0.5,,,,,,,,c1ccc(cc1)P(c1ccccc1)c1ccccc1,EtOH,0.5,CCO,2a,99.0,92.0,,,,C[C@H](C(=O)O)CC(=O)c1ccccc1,24.0,25.0,H2,20.0,,,,,,advs.202400621.zip
TS5_7,1,10.1002/advs.202400621,2024,1a,,0.1,1.0,O=C(c1ccccc1)CC(=C)C(=O)O,NaOH,,0.05,,,0.5,[Na+].[OH-1],RuPHOX-Ru,,,,0.001,0.01,,,,,RuPHOX,,,,,,,0.001,0.01,Ru,2,,,,CC([C@H]1COC2=[N+]1[Ru-3](Cl)(Cl)([P+](c1ccccc1)(c1ccccc1)c1ccccc1)[P+](C13C42C2[Ru]5678914(C2C35)C1C6C29C8(C71)C1=[N+]([Ru-3]([P+]2(c2ccccc2)c2ccccc2)(Cl)(Cl)[P+](c2ccccc2)(c2ccccc2)c2ccccc2)[C@H](CO1)C(C)(C)C)(c1ccccc1)c1ccccc1)(C)C,,CC([C@H]1COC(=N1)C12C3[Ru]4567891(C2(C7C34)P(c1ccccc1)c1ccccc1)C1C5C9(C8(C61)P(c1ccccc1)c1ccccc1)C1=N[C@H](CO1)C(C)(C)C)(C)C,,,,,,,,,,,PPh3,,,,,,,0.05,0.5,,,,,,,,c1ccc(cc1)P(c1ccccc1)c1ccccc1,EtOH,0.5,CCO,2a,99.0,74.0,,,,C[C@H](C(=O)O)CC(=O)c1ccccc1,24.0,25.0,H2,20.0,,,,,,advs.202400621.zip
TS5_8,1,10.1002/advs.202400621,2024,1a,,0.1,1.0,O=C(c1ccccc1)CC(=C)C(=O)O,KOH,,0.05,,,0.5,[OH-1].[K+],RuPHOX-Ru,,,,0.001,0.01,,,,,RuPHOX,,,,,,,0.001,0.01,Ru,2,,,,CC([C@H]1COC2=[N+]1[Ru-3](Cl)(Cl)([P+](c1ccccc1)(c1ccccc1)c1ccccc1)[P+](C13C42C2[Ru]5678914(C2C35)C1C6C29C8(C71)C1=[N+]([Ru-3]([P+]2(c2ccccc2)c2ccccc2)(Cl)(Cl)[P+](c2ccccc2)(c2ccccc2)c2ccccc2)[C@H](CO1)C(C)(C)C)(c1ccccc1)c1ccccc1)(C)C,,CC([C@H]1COC(=N1)C12C3[Ru]4567891(C2(C7C34)P(c1ccccc1)c1ccccc1)C1C5C9(C8(C61)P(c1ccccc1)c1ccccc1)C1=N[C@H](CO1)C(C)(C)C)(C)C,,,,,,,,,,,PPh3,,,,,,,0.05,0.5,,,,,,,,c1ccc(cc1)P(c1ccccc1)c1ccccc1,EtOH,0.5,CCO,2a,99.0,68.0,,,,C[C@H](C(=O)O)CC(=O)c1ccccc1,24.0,25.0,H2,20.0,,,,,,advs.202400621.zip
TS5_9,1,10.1002/advs.202400621,2024,1a,,0.1,1.0,O=C(c1ccccc1)CC(=C)C(=O)O,tBuOK,,0.05,,,0.5,[K+].[O-1]C(C)(C)C,RuPHOX-Ru,,,,0.001,0.01,,,,,RuPHOX,,,,,,,0.001,0.01,Ru,2,,,,CC([C@H]1COC2=[N+]1[Ru-3](Cl)(Cl)([P+](c1ccccc1)(c1ccccc1)c1ccccc1)[P+](C13C42C2[Ru]5678914(C2C35)C1C6C29C8(C71)C1=[N+]([Ru-3]([P+]2(c2ccccc2)c2ccccc2)(Cl)(Cl)[P+](c2ccccc2)(c2ccccc2)c2ccccc2)[C@H](CO1)C(C)(C)C)(c1ccccc1)c1ccccc1)(C)C,,CC([C@H]1COC(=N1)C12C3[Ru]4567891(C2(C7C34)P(c1ccccc1)c1ccccc1)C1C5C9(C8(C61)P(c1ccccc1)c1ccccc1)C1=N[C@H](CO1)C(C)(C)C)(C)C,,,,,,,,,,,PPh3,,,,,,,0.05,0.5,,,,,,,,c1ccc(cc1)P(c1ccccc1)c1ccccc1,EtOH,0.5,CCO,2a,99.0,66.0,,,,C[C@H](C(=O)O)CC(=O)c1ccccc1,24.0,25.0,H2,20.0,,,,,,advs.202400621.zip
TS5_10,1,10.1002/advs.202400621,2024,1a,,0.1,1.0,O=C(c1ccccc1)CC(=C)C(=O)O,Et3N,,0.05,,,0.5,CCN(CC)CC,RuPHOX-Ru,,,,0.001,0.01,,,,,RuPHOX,,,,,,,0.001,0.01,Ru,2,,,,CC([C@H]1COC2=[N+]1[Ru-3](Cl)(Cl)([P+](c1ccccc1)(c1ccccc1)c1ccccc1)[P+](C13C42C2[Ru]5678914(C2C35)C1C6C29C8(C71)C1=[N+]([Ru-3]([P+]2(c2ccccc2)c2ccccc2)(Cl)(Cl)[P+](c2ccccc2)(c2ccccc2)c2ccccc2)[C@H](CO1)C(C)(C)C)(c1ccccc1)c1ccccc1)(C)C,,CC([C@H]1COC(=N1)C12C3[Ru]4567891(C2(C7C34)P(c1ccccc1)c1ccccc1)C1C5C9(C8(C61)P(c1ccccc1)c1ccccc1)C1=N[C@H](CO1)C(C)(C)C)(C)C,,,,,,,,,,,PPh3,,,,,,,0.05,0.5,,,,,,,,c1ccc(cc1)P(c1ccccc1)c1ccccc1,EtOH,0.5,CCO,2a,99.0,97.0,,,,C[C@H](C(=O)O)CC(=O)c1ccccc1,24.0,25.0,H2,20.0,,,,,,advs.202400621.zip
TS5_11,1,10.1002/advs.202400621,2024,1a,,0.1,1.0,O=C(c1ccccc1)CC(=C)C(=O)O,DIPEA,,0.05,,,0.5,CCN(C(C)C)C(C)C,RuPHOX-Ru,,,,0.001,0.01,,,,,RuPHOX,,,,,,,0.001,0.01,Ru,2,,,,CC([C@H]1COC2=[N+]1[Ru-3](Cl)(Cl)([P+](c1ccccc1)(c1ccccc1)c1ccccc1)[P+](C13C42C2[Ru]5678914(C2C35)C1C6C29C8(C71)C1=[N+]([Ru-3]([P+]2(c2ccccc2)c2ccccc2)(Cl)(Cl)[P+](c2ccccc2)(c2ccccc2)c2ccccc2)[C@H](CO1)C(C)(C)C)(c1ccccc1)c1ccccc1)(C)C,,CC([C@H]1COC(=N1)C12C3[Ru]4567891(C2(C7C34)P(c1ccccc1)c1ccccc1)C1C5C9(C8(C61)P(c1ccccc1)c1ccccc1)C1=N[C@H](CO1)C(C)(C)C)(C)C,,,,,,,,,,,PPh3,,,,,,,0.05,0.5,,,,,,,,c1ccc(cc1)P(c1ccccc1)c1ccccc1,EtOH,0.5,CCO,2a,99.0,97.0,,,,C[C@H](C(=O)O)CC(=O)c1ccccc1,24.0,25.0,H2,20.0,,,,,,advs.202400621.zip
TS5_12,1,10.1002/advs.202400621,2024,1a,,0.1,1.0,O=C(c1ccccc1)CC(=C)C(=O)O,DBU,,0.05,,,0.5,C1CCN2C(=NCCC2)CC1,RuPHOX-Ru,,,,0.001,0.01,,,,,RuPHOX,,,,,,,0.001,0.01,Ru,2,,,,CC([C@H]1COC2=[N+]1[Ru-3](Cl)(Cl)([P+](c1ccccc1)(c1ccccc1)c1ccccc1)[P+](C13C42C2[Ru]5678914(C2C35)C1C6C29C8(C71)C1=[N+]([Ru-3]([P+]2(c2ccccc2)c2ccccc2)(Cl)(Cl)[P+](c2ccccc2)(c2ccccc2)c2ccccc2)[C@H](CO1)C(C)(C)C)(c1ccccc1)c1ccccc1)(C)C,,CC([C@H]1COC(=N1)C12C3[Ru]4567891(C2(C7C34)P(c1ccccc1)c1ccccc1)C1C5C9(C8(C61)P(c1ccccc1)c1ccccc1)C1=N[C@H](CO1)C(C)(C)C)(C)C,,,,,,,,,,,PPh3,,,,,,,0.05,0.5,,,,,,,,c1ccc(cc1)P(c1ccccc1)c1ccccc1,EtOH,0.5,CCO,2a,99.0,96.0,,,,C[C@H](C(=O)O)CC(=O)c1ccccc1,24.0,25.0,H2,20.0,,,,,,advs.202400621.zip
T1_1,1,10.1039/d2qo00448h,2022,3a,,1.0,1.0,CCOC(=O)c1cnn2c(c1C(=C)OCC)ncc2,,,,,,,,cat1,1,1,,0.01,0.01,,,,,L1P,1,,,,,,0.01,0.01,Ru,2,,,,CC(C12C3[Ru-1]45672(C1C5C7(C34)C)(Cl)[P+](c1ccccc1)(c1ccccc1)c1ccc2c(c1-c1c([P+]6(c3ccccc3)c3ccccc3)ccc3c1cccc3)cccc2)C,,c1ccc(cc1)P(c1ccc2c(c1c1c(ccc3c1cccc3)P(c1ccccc1)c1ccccc1)cccc2)c1ccccc1,,,,,,,,,,,pcymene,,,,,,,0.01,0.01,,,,,,,,Cc1ccc(cc1)C(C)C,EtOH,3.0,CCO,4a,95.0,76.0,,,,CCO[C@@H](c1c(cnn2c1ncc2)C(=O)OCC)C,18.0,25.0,H2,50.0,,,,,,d2qo00448h.zip
T1_2,1,10.1039/d2qo00448h,2022,3a,,1.0,1.0,CCOC(=O)c1cnn2c(c1C(=C)OCC)ncc2,,,,,,,,cat2,1,1,,0.01,0.01,,,,,L2P,1,,,,,,0.01,0.01,Ru,2,,,,Cc1cc(C)cc(c1)[P+]1(c2cc(C)cc(c2)C)c2ccc3c(c2-c2c([P+]([Ru-1]456781(Cl)C1C6C8(C5C4C71C)C(C)C)(c1cc(C)cc(c1)C)c1cc(C)cc(c1)C)ccc1c2OCO1)OCO3,,Cc1cc(C)cc(c1)P(c1ccc2c(c1c1c3OCOc3ccc1P(c1cc(C)cc(c1)C)c1cc(C)cc(c1)C)OCO2)c1cc(C)cc(c1)C,,,,,,,,,,,pcymene,,,,,,,0.01,0.01,,,,,,,,Cc1ccc(cc1)C(C)C,EtOH,3.0,CCO,4a,98.0,73.0,,,,CCO[C@@H](c1c(cnn2c1ncc2)C(=O)OCC)C,18.0,25.0,H2,50.0,,,,,,d2qo00448h.zip
T1_3,1,10.1039/d2qo00448h,2022,3a,,1.0,1.0,CCOC(=O)c1cnn2c(c1C(=C)OCC)ncc2,,,,,,,,cat3,-1,,,0.01,0.01,,,,,L3P,-1,,,,,,0.01,0.01,Ru,2,,,,COc1ccc2c(c1)[Ru-2]13(Cl)([NH2+][C@@H](C2([NH2+]1)c1ccc(cc1)OC)C(C)C)[P+](c1cc(C)cc(c1)C)(c1cc(C)cc(c1)C)c1ccc2c(c1-c1c([P+]3(c3cc(C)cc(c3)C)c3cc(C)cc(c3)C)ccc3c1cccc3)cccc2,,Cc1cc(C)cc(c1)P(c1ccc2c(c1c1c(ccc3c1cccc3)P(c1cc(C)cc(c1)C)c1cc(C)cc(c1)C)cccc2)c1cc(C)cc(c1)C,,,,,,,,,,,L3N,,,,,,,0.01,0.01,,,,,,,,COc1ccc(cc1)C(c1ccc(cc1)OC)([C@@H](C(C)C)N)N,EtOH,3.0,CCO,4a,40.0,72.0,,,,CCO[C@@H](c1c(cnn2c1ncc2)C(=O)OCC)C,18.0,25.0,H2,50.0,,,,,,d2qo00448h.zip
T1_4,1,10.1039/d2qo00448h,2022,3a,,1.0,1.0,CCOC(=O)c1cnn2c(c1C(=C)OCC)ncc2,,,,,,,,cat4,,,,0.01,0.01,,,,,L4,,,,,,,0.01,0.01,Ru,2,,,,Cc1ccc(cc1)S(=O)(=O)N1[C@@H](c2ccccc2)[C@@H](N2[Ru]345671(Cl)C1C5C7(C4C3C61C)COCC2)c1ccccc1,,Cc1ccc(cc1)COCCN[C@H]([C@H](c1ccccc1)NS(=O)(=O)c1ccc(cc1)C)c1ccccc1,,,,,,,,,,,,,,,,,,,,,,,,,,,,EtOH,3.0,CCO,4a,15.0,22.0,,,,CCO[C@@H](c1c(cnn2c1ncc2)C(=O)OCC)C,18.0,25.0,H2,50.0,,,,,,d2qo00448h.zip
T1_5,1,10.1039/d2qo00448h,2022,3a,,1.0,1.0,CCOC(=O)c1cnn2c(c1C(=C)OCC)ncc2,,,,,,,,cat5,-1,,,0.01,0.01,,,,,L1P,-1,,,,,,0.01,0.01,Ru,2,,,,CC1=[O+][Ru-4]23(O1)(OC(=[O+]2)C)[P+](c1ccccc1)(c1ccccc1)c1ccc2c(c1-c1c([P+]3(c3ccccc3)c3ccccc3)ccc3c1cccc3)cccc2,,c1ccc(cc1)P(c1ccc2c(c1c1c(ccc3c1cccc3)P(c1ccccc1)c1ccccc1)cccc2)c1ccccc1,,,,,,,,,,,,,,,,,,,,,,,,,,,,EtOH,3.0,CCO,4a,98.0,75.0,,,,CCO[C@@H](c1c(cnn2c1ncc2)C(=O)OCC)C,18.0,25.0,H2,50.0,,,,,,d2qo00448h.zip
T2_1,1,10.1039/d2qo00448h,2022,3a,,1.0,1.0,CCOC(=O)c1cnn2c(c1C(=C)OCC)ncc2,,,,,,,,cat5,1,,,0.01,0.01,,,,,L1P,1,,,,,,0.01,0.01,Ru,2,,,,CC1=[O+][Ru-4]23(O1)(OC(=[O+]2)C)[P+](c1ccccc1)(c1ccccc1)c1ccc2c(c1-c1c([P+]3(c3ccccc3)c3ccccc3)ccc3c1cccc3)cccc2,,c1ccc(cc1)P(c1ccc2c(c1c1c(ccc3c1cccc3)P(c1ccccc1)c1ccccc1)cccc2)c1ccccc1,,,,,,,,,,,,,,,,,,,,,,,,,,,,EtOH,3.0,CCO,4a,90.0,72.0,,,,CCO[C@@H](c1c(cnn2c1ncc2)C(=O)OCC)C,18.0,25.0,H2,50.0,,,,,,d2qo00448h.zip
T2_2,1,10.1039/d2qo00448h,2022,3b,,1.0,1.0,CCOC(=C)c1c(cnn2c1ncc2)C(=O)OC(C)(C)C,,,,,,,,cat5,1,,,0.01,0.01,,,,,L1P,1,,,,,,0.01,0.01,Ru,2,,,,CC1=[O+][Ru-4]23(O1)(OC(=[O+]2)C)[P+](c1ccccc1)(c1ccccc1)c1ccc2c(c1-c1c([P+]3(c3ccccc3)c3ccccc3)ccc3c1cccc3)cccc2,,c1ccc(cc1)P(c1ccc2c(c1c1c(ccc3c1cccc3)P(c1ccccc1)c1ccccc1)cccc2)c1ccccc1,,,,,,,,,,,,,,,,,,,,,,,,,,,,EtOH,3.0,CCO,4b,90.0,70.0,,,,CCO[C@@H](c1c(cnn2c1ncc2)C(=O)OC(C)(C)C)C,18.0,25.0,H2,50.0,,,,,,d2qo00448h.zip
T2_3,1,10.1039/d2qo00448h,2022,3c,,1.0,1.0,CCOC(=C)c1c(cnn2c1ncc2)C(=O)O[C@@H]1C[C@H](C)CC[C@H]1C(C)C,,,,,,,,cat5,1,,,0.01,0.01,,,,,L1P,1,,,,,,0.01,0.01,Ru,2,,,,CC1=[O+][Ru-4]23(O1)(OC(=[O+]2)C)[P+](c1ccccc1)(c1ccccc1)c1ccc2c(c1-c1c([P+]3(c3ccccc3)c3ccccc3)ccc3c1cccc3)cccc2,,c1ccc(cc1)P(c1ccc2c(c1c1c(ccc3c1cccc3)P(c1ccccc1)c1ccccc1)cccc2)c1ccccc1,,,,,,,,,,,,,,,,,,,,,,,,,,,,EtOH,3.0,CCO,4c,90.0,72.0,,,,CCO[C@@H](c1c(cnn2c1ncc2)C(=O)O[C@@H]1C[C@H](C)CC[C@H]1C(C)C)C,18.0,25.0,H2,50.0,,,,,,d2qo00448h.zip
T2_4,1,10.1039/d2qo00448h,2022,3d,,1.0,1.0,CCOC(=C)c1c(cnn2c1ncc2)C(=O)O[C@@H]1C[C@H](C)CC[C@H]1C(C)C,,,,,,,,cat5,-1,,,0.01,0.01,,,,,L1P,-1,,,,,,0.01,0.01,Ru,2,,,,CC1=[O+][Ru-4]23(O1)(OC(=[O+]2)C)[P+](c1ccccc1)(c1ccccc1)c1ccc2c(c1-c1c([P+]3(c3ccccc3)c3ccccc3)ccc3c1cccc3)cccc2,,c1ccc(cc1)P(c1ccc2c(c1c1c(ccc3c1cccc3)P(c1ccccc1)c1ccccc1)cccc2)c1ccccc1,,,,,,,,,,,,,,,,,,,,,,,,,,,,EtOH,3.0,CCO,4d,90.0,54.0,,,,CCO[C@@H](c1c(cnn2c1ncc2)C(=O)O[C@@H]1C[C@H](C)CC[C@H]1C(C)C)C,18.0,25.0,H2,50.0,,,,,,d2qo00448h.zip
T2_5,1,10.1039/d2qo00448h,2022,3e,,1.0,1.0,CCOC(=C)c1c(cnn2c1ncc2)NC(=O)OC(C)(C)C,,,,,,,,cat5,1,,,0.01,0.01,,,,,L1P,1,,,,,,0.01,0.01,Ru,2,,,,CC1=[O+][Ru-4]23(O1)(OC(=[O+]2)C)[P+](c1ccccc1)(c1ccccc1)c1ccc2c(c1-c1c([P+]3(c3ccccc3)c3ccccc3)ccc3c1cccc3)cccc2,,c1ccc(cc1)P(c1ccc2c(c1c1c(ccc3c1cccc3)P(c1ccccc1)c1ccccc1)cccc2)c1ccccc1,,,,,,,,,,,,,,,,,,,,,,,,,,,,EtOH,3.0,CCO,4e,97.0,12.0,,,,CCO[C@@H](c1c(cnn2c1ncc2)NC(=O)OC(C)(C)C)C,18.0,25.0,H2,50.0,,,,,,d2qo00448h.zip
T3_1,1,10.1039/d2qo00448h,2022,5a,,1.0,1.0,COC(=C)c1c(cnn2c1ncc2)NC(=O)OC(C)(C)C,,,,,,,,cat1,-1,1,,0.01,0.01,,,,,L1P,-1,,,,,,0.01,0.01,Ru,2,,,,CC(C12C3[Ru-1]45672(C1C5C7(C34)C)(Cl)[P+](c1ccccc1)(c1ccccc1)c1ccc2c(c1-c1c([P+]6(c3ccccc3)c3ccccc3)ccc3c1cccc3)cccc2)C,,c1ccc(cc1)P(c1ccc2c(c1c1c(ccc3c1cccc3)P(c1ccccc1)c1ccccc1)cccc2)c1ccccc1,,,,,,,,,,,pcymene,,,,,,,0.01,0.01,,,,,,,,Cc1ccc(cc1)C(C)C,MeOH,3.0,CO,6a,89.0,35.0,,,,CO[C@H](c1c(cnn2c1ncc2)NC(=O)OC(C)(C)C)C,40.0,25.0,H2,50.0,,,,,,d2qo00448h.zip
T3_2,1,10.1039/d2qo00448h,2022,5a,,1.0,1.0,COC(=C)c1c(cnn2c1ncc2)NC(=O)OC(C)(C)C,,,,,,,,cat1,-1,1,,0.01,0.01,,,,,L1P,-1,,,,,,0.01,0.01,Ru,2,,,,CC(C12C3[Ru-1]45672(C1C5C7(C34)C)(Cl)[P+](c1ccccc1)(c1ccccc1)c1ccc2c(c1-c1c([P+]6(c3ccccc3)c3ccccc3)ccc3c1cccc3)cccc2)C,,c1ccc(cc1)P(c1ccc2c(c1c1c(ccc3c1cccc3)P(c1ccccc1)c1ccccc1)cccc2)c1ccccc1,,,,,,,,,,,pcymene,,,,,,,0.01,0.01,,,,,,,,Cc1ccc(cc1)C(C)C,IPA,3.0,CC(O)C,6a,89.0,78.0,,,,CO[C@H](c1c(cnn2c1ncc2)NC(=O)OC(C)(C)C)C,40.0,25.0,H2,50.0,,,,,,d2qo00448h.zip
T3_3,1,10.1039/d2qo00448h,2022,5a,,1.0,1.0,COC(=C)c1c(cnn2c1ncc2)NC(=O)OC(C)(C)C,,,,,,,,cat1,-1,1,,0.01,0.01,,,,,L1P,-1,,,,,,0.01,0.01,Ru,2,,,,CC(C12C3[Ru-1]45672(C1C5C7(C34)C)(Cl)[P+](c1ccccc1)(c1ccccc1)c1ccc2c(c1-c1c([P+]6(c3ccccc3)c3ccccc3)ccc3c1cccc3)cccc2)C,,c1ccc(cc1)P(c1ccc2c(c1c1c(ccc3c1cccc3)P(c1ccccc1)c1ccccc1)cccc2)c1ccccc1,,,,,,,,,,,pcymene,,,,,,,0.01,0.01,,,,,,,,Cc1ccc(cc1)C(C)C,THF,3.0,C1CCCO1,6a,84.0,87.0,,,,CO[C@H](c1c(cnn2c1ncc2)NC(=O)OC(C)(C)C)C,40.0,25.0,H2,50.0,,,,,,d2qo00448h.zip
T3_4,1,10.1039/d2qo00448h,2022,5a,,1.0,1.0,COC(=C)c1c(cnn2c1ncc2)NC(=O)OC(C)(C)C,,,,,,,,cat1,-1,1,,0.01,0.01,,,,,L1P,-1,,,,,,0.01,0.01,Ru,2,,,,CC(C12C3[Ru-1]45672(C1C5C7(C34)C)(Cl)[P+](c1ccccc1)(c1ccccc1)c1ccc2c(c1-c1c([P+]6(c3ccccc3)c3ccccc3)ccc3c1cccc3)cccc2)C,,c1ccc(cc1)P(c1ccc2c(c1c1c(ccc3c1cccc3)P(c1ccccc1)c1ccccc1)cccc2)c1ccccc1,,,,,,,,,,,pcymene,,,,,,,0.01,0.01,,,,,,,,Cc1ccc(cc1)C(C)C,PhMe,3.0,Cc1ccccc1,6a,92.0,89.0,,,,CO[C@H](c1c(cnn2c1ncc2)NC(=O)OC(C)(C)C)C,40.0,25.0,H2,50.0,,,,,,d2qo00448h.zip
T3_5,1,10.1039/d2qo00448h,2022,5a,,1.0,1.0,COC(=C)c1c(cnn2c1ncc2)NC(=O)OC(C)(C)C,,,,,,,,cat1,-1,1,,0.01,0.01,,,,,L1P,-1,,,,,,0.01,0.01,Ru,2,,,,CC(C12C3[Ru-1]45672(C1C5C7(C34)C)(Cl)[P+](c1ccccc1)(c1ccccc1)c1ccc2c(c1-c1c([P+]6(c3ccccc3)c3ccccc3)ccc3c1cccc3)cccc2)C,,c1ccc(cc1)P(c1ccc2c(c1c1c(ccc3c1cccc3)P(c1ccccc1)c1ccccc1)cccc2)c1ccccc1,,,,,,,,,,,pcymene,,,,,,,0.01,0.01,,,,,,,,Cc1ccc(cc1)C(C)C,EA,3.0,CCOC(=O)C,6a,52.0,83.0,,,,CO[C@H](c1c(cnn2c1ncc2)NC(=O)OC(C)(C)C)C,40.0,25.0,H2,50.0,,,,,,d2qo00448h.zip
T3_6,1,10.1039/d2qo00448h,2022,5a,,1.0,1.0,COC(=C)c1c(cnn2c1ncc2)NC(=O)OC(C)(C)C,,,,,,,,cat1,-1,1,,0.01,0.01,,,,,L1P,-1,,,,,,0.01,0.01,Ru,2,,,,CC(C12C3[Ru-1]45672(C1C5C7(C34)C)(Cl)[P+](c1ccccc1)(c1ccccc1)c1ccc2c(c1-c1c([P+]6(c3ccccc3)c3ccccc3)ccc3c1cccc3)cccc2)C,,c1ccc(cc1)P(c1ccc2c(c1c1c(ccc3c1cccc3)P(c1ccccc1)c1ccccc1)cccc2)c1ccccc1,,,,,,,,,,,pcymene,,,,,,,0.01,0.01,,,,,,,,Cc1ccc(cc1)C(C)C,DCM,3.0,ClCCl,6a,90.0,93.0,,,,CO[C@H](c1c(cnn2c1ncc2)NC(=O)OC(C)(C)C)C,40.0,25.0,H2,50.0,,,,,,d2qo00448h.zip
T4_3,1,10.1039/d2qo00448h,2022,7c,,1.0,1.0,CCOC(=C)c1ccccn1,,,,,,,,cat1,-1,1,,0.01,0.01,,,,,L1P,-1,,,,,,0.01,0.01,Ru,2,,,,CC(C12C3[Ru-1]45672(C1C5C7(C34)C)(Cl)[P+](c1ccccc1)(c1ccccc1)c1ccc2c(c1-c1c([P+]6(c3ccccc3)c3ccccc3)ccc3c1cccc3)cccc2)C,,c1ccc(cc1)P(c1ccc2c(c1c1c(ccc3c1cccc3)P(c1ccccc1)c1ccccc1)cccc2)c1ccccc1,,,,,,,,,,,pcymene,,,,,,,0.01,0.01,,,,,,,,Cc1ccc(cc1)C(C)C,DCM,1.0,ClCCl,8c,87.0,62.0,,,,CCO[C@H](c1ccccn1)C,40.0,25.0,H2,50.0,,,,,,d2qo00448h.zip
T4_4,1,10.1039/d2qo00448h,2022,7d,,1.0,1.0,CCOC(=C)c1cccn2c1ncc2,,,,,,,,cat1,-1,1,,0.01,0.01,,,,,L1P,-1,,,,,,0.01,0.01,Ru,2,,,,CC(C12C3[Ru-1]45672(C1C5C7(C34)C)(Cl)[P+](c1ccccc1)(c1ccccc1)c1ccc2c(c1-c1c([P+]6(c3ccccc3)c3ccccc3)ccc3c1cccc3)cccc2)C,,c1ccc(cc1)P(c1ccc2c(c1c1c(ccc3c1cccc3)P(c1ccccc1)c1ccccc1)cccc2)c1ccccc1,,,,,,,,,,,pcymene,,,,,,,0.01,0.01,,,,,,,,Cc1ccc(cc1)C(C)C,DCM,1.0,ClCCl,8d,97.0,64.0,,,,CCO[C@H](c1cccn2c1ncc2)C,40.0,25.0,H2,50.0,,,,,,d2qo00448h.zip
T4_5,1,10.1039/d2qo00448h,2022,3f,,1.0,1.0,CCCCOC(=C)c1c(cnn2c1ncc2)NC(=O)OC(C)(C)C,,,,,,,,cat1,-1,1,,0.01,0.01,,,,,L1P,-1,,,,,,0.01,0.01,Ru,2,,,,CC(C12C3[Ru-1]45672(C1C5C7(C34)C)(Cl)[P+](c1ccccc1)(c1ccccc1)c1ccc2c(c1-c1c([P+]6(c3ccccc3)c3ccccc3)ccc3c1cccc3)cccc2)C,,c1ccc(cc1)P(c1ccc2c(c1c1c(ccc3c1cccc3)P(c1ccccc1)c1ccccc1)cccc2)c1ccccc1,,,,,,,,,,,pcymene,,,,,,,0.01,0.01,,,,,,,,Cc1ccc(cc1)C(C)C,DCM,1.0,ClCCl,4f,96.0,93.0,,,,CCCCO[C@H](c1c(cnn2c1ncc2)NC(=O)OC(C)(C)C)C,40.0,25.0,H2,50.0,,,,,,d2qo00448h.zip
T4_6,1,10.1039/d2qo00448h,2022,3g,,1.0,1.0,O=C(OC(C)(C)C)Nc1cnn2c(c1C(=C)OC1CCCCC1)ncc2,,,,,,,,cat1,-1,1,,0.01,0.01,,,,,L1P,-1,,,,,,0.01,0.01,Ru,2,,,,CC(C12C3[Ru-1]45672(C1C5C7(C34)C)(Cl)[P+](c1ccccc1)(c1ccccc1)c1ccc2c(c1-c1c([P+]6(c3ccccc3)c3ccccc3)ccc3c1cccc3)cccc2)C,,c1ccc(cc1)P(c1ccc2c(c1c1c(ccc3c1cccc3)P(c1ccccc1)c1ccccc1)cccc2)c1ccccc1,,,,,,,,,,,pcymene,,,,,,,0.01,0.01,,,,,,,,Cc1ccc(cc1)C(C)C,DCM,1.0,ClCCl,4g,91.0,96.0,,,,O=C(OC(C)(C)C)Nc1cnn2c(c1[C@@H](OC1CCCCC1)C)ncc2,40.0,25.0,H2,50.0,,,,,,d2qo00448h.zip
T4_7,1,10.1039/d2qo00448h,2022,3h,,1.0,1.0,OCCOC(=C)c1c(cnn2c1ncc2)NC(=O)OC(C)(C)C,,,,,,,,cat1,-1,1,,0.01,0.01,,,,,L1P,-1,,,,,,0.01,0.01,Ru,2,,,,CC(C12C3[Ru-1]45672(C1C5C7(C34)C)(Cl)[P+](c1ccccc1)(c1ccccc1)c1ccc2c(c1-c1c([P+]6(c3ccccc3)c3ccccc3)ccc3c1cccc3)cccc2)C,,c1ccc(cc1)P(c1ccc2c(c1c1c(ccc3c1cccc3)P(c1ccccc1)c1ccccc1)cccc2)c1ccccc1,,,,,,,,,,,pcymene,,,,,,,0.01,0.01,,,,,,,,Cc1ccc(cc1)C(C)C,DCM,1.0,ClCCl,4h,96.0,91.0,,,,OCCO[C@H](c1c(cnn2c1ncc2)NC(=O)OC(C)(C)C)C,40.0,25.0,H2,50.0,,,,,,d2qo00448h.zip
