dataset,row_index,PC1,PC2,mechanism_aligned,mechanism_aligned_selection_frequency,substrate_similarity_selection_frequency,ligand_similarity_selection_frequency,reaction_similarity_selection_frequency
Ru-AHK,0,17.854563,-5.5728197,1.0,5.0,0.0,1.0,0.0
Ru-AHK,1,11.229626,-3.8182943,1.0,5.0,0.0,1.0,0.0
Ru-AHK,2,-7.514053,-2.6744416,0.0,0.0,5.0,5.0,5.0
Ru-AHK,3,-7.272735,-2.3751547,0.0,0.0,5.0,5.0,5.0
Ru-AHK,4,-7.1841497,-2.620192,0.0,0.0,5.0,5.0,5.0
Ru-AHK,5,-7.205886,-2.4815595,0.0,0.0,5.0,5.0,5.0
Ru-AHK,6,18.518232,1.8432081,1.0,5.0,0.0,5.0,0.0
Ru-AHK,7,20.340189,1.4711732,1.0,5.0,0.0,5.0,0.0
Ru-AHK,8,19.578564,1.5616095,1.0,5.0,0.0,5.0,0.0
Ru-AHK,9,-6.2463813,-4.526448,0.0,0.0,5.0,5.0,5.0
Ru-AHK,10,22.190552,1.6865,1.0,5.0,0.0,5.0,0.0
Ru-AHK,11,18.541712,2.2836654,1.0,5.0,0.0,5.0,0.0
Ru-AHK,12,-3.8364737,-5.273736,0.0,0.0,4.0,0.0,4.0
Ru-AHK,13,19.628235,1.616785,1.0,5.0,0.0,5.0,0.0
Ru-AHK,14,18.589582,2.2064638,1.0,5.0,0.0,5.0,0.0
Ru-AHK,15,22.15412,1.0780113,1.0,5.0,0.0,5.0,0.0
Ru-AHK,16,23.483604,0.7390288,1.0,5.0,0.0,5.0,0.0
Ru-AHK,17,18.518646,1.8435142,1.0,5.0,0.0,5.0,0.0
Ru-AHK,18,-10.063209,-3.786652,0.0,0.0,0.0,0.0,0.0
Ru-AHK,19,11.033696,-9.453045,0.0,0.0,0.0,5.0,0.0
Ru-AHK,20,-4.829608,-6.221876,0.0,0.0,0.0,5.0,2.0
Ru-AHK,21,-3.902766,-5.0252824,0.0,0.0,4.0,0.0,5.0
Ru-AHK,22,-0.7882121,-7.167073,0.0,0.0,0.0,5.0,0.0
Ru-AHK,23,-8.750111,-3.9955435,0.0,0.0,0.0,0.0,5.0
Ru-AHK,24,-10.949425,-3.647875,0.0,0.0,0.0,0.0,2.0
Ru-AHK,25,-10.893998,-3.6532822,0.0,0.0,0.0,0.0,5.0
Ru-AHK,26,-10.926051,-3.6306584,0.0,0.0,0.0,0.0,5.0
Ru-AHK,27,11.204318,-3.8151298,1.0,5.0,0.0,1.0,0.0
Ru-AHK,28,-5.055006,2.5769536,0.0,0.0,0.0,0.0,0.0
Ru-AHK,29,2.1514068,5.1440773,1.0,5.0,5.0,1.0,0.0
Ru-AHK,30,11.216971,-3.8167028,1.0,5.0,0.0,1.0,0.0
Ru-AHK,31,-4.2955623,15.710845,0.0,0.0,0.0,5.0,0.0
Ru-AHK,32,-1.5608157,16.50628,0.0,0.0,0.0,5.0,0.0
Ru-AHK,33,-9.857628,-3.86655,0.0,0.0,0.0,0.0,5.0
Ru-AHK,34,-4.82701,-5.0947194,0.0,0.0,4.0,0.0,5.0
Ru-AHK,35,-11.588272,-3.342247,0.0,0.0,0.0,0.0,0.0
Ru-AHK,36,-5.3214393,-2.7182715,0.0,0.0,0.0,5.0,4.0
Ru-AHK,37,-3.334032,0.4787547,0.0,0.0,0.0,0.0,0.0
Ru-AHK,38,11.196305,-3.8094735,1.0,5.0,0.0,1.0,0.0
Ru-AHK,39,19.754889,-7.287858,1.0,5.0,0.0,5.0,0.0
Ru-AHK,40,-8.247258,-4.6829376,0.0,0.0,0.0,5.0,4.0
Ru-AHK,41,9.957014,3.7110538,1.0,5.0,0.0,5.0,0.0
Ru-AHK,42,22.220018,1.6357644,1.0,5.0,0.0,5.0,0.0
Ru-AHK,43,-1.8620716,17.790504,0.0,0.0,0.0,0.0,0.0
Ru-AHK,44,-10.423201,-4.318052,0.0,0.0,0.0,5.0,1.0
Ru-AHK,45,-7.887268,-4.1515374,0.0,0.0,0.0,0.0,0.0
Ru-AHK,46,-4.5359077,-5.44202,0.0,0.0,0.0,0.0,1.0
Ru-AHK,47,-1.5614219,16.505838,0.0,0.0,0.0,5.0,0.0
Ru-AHK,48,-6.735585,-3.9853597,0.0,0.0,5.0,0.0,5.0
Ru-AHK,49,-1.1114419,-5.271786,0.0,0.0,3.0,0.0,0.0
Ru-AHK,50,-11.144909,-2.5964696,0.0,0.0,0.0,0.0,0.0
Ru-AHK,51,-9.763681,-4.0173125,0.0,0.0,0.0,0.0,5.0
Ru-AHK,52,-6.7824683,-3.8268907,0.0,0.0,5.0,0.0,5.0
Ru-AHK,53,-8.877036,-4.066699,0.0,0.0,3.0,0.0,0.0
Ru-AHK,54,-7.6284547,-2.510785,0.0,0.0,5.0,5.0,5.0
Ru-AHK,55,9.627098,30.702038,1.0,5.0,0.0,5.0,0.0
Ru-AHK,56,6.5540013,31.210014,1.0,5.0,0.0,5.0,0.0
Ru-AHK,57,8.566477,30.72744,1.0,5.0,4.0,5.0,0.0
Ru-AHK,58,8.566477,30.72744,1.0,5.0,4.0,5.0,0.0
Ru-AHK,59,8.569601,30.725222,1.0,5.0,4.0,5.0,0.0
Ru-AHK,60,8.580659,30.717422,1.0,5.0,4.0,5.0,0.0
Ru-AHK,61,-8.000034,-3.610437,0.0,0.0,0.0,0.0,5.0
Ru-AHK,62,-6.1424694,-3.8690953,0.0,0.0,5.0,5.0,3.0
Ru-AHK,63,-0.42822003,-6.635672,0.0,0.0,0.0,0.0,0.0
Ru-AHK,64,-5.575366,-5.042372,0.0,0.0,4.0,0.0,0.0
Ru-AHK,65,-4.1964664,-5.805137,0.0,0.0,4.0,5.0,5.0
Ru-AHK,66,-8.014192,-4.222692,0.0,0.0,3.0,0.0,0.0
Ru-AHK,67,-4.324161,-5.782114,0.0,0.0,4.0,5.0,5.0
Ru-AHK,68,-4.9161787,-4.934027,0.0,0.0,4.0,0.0,0.0
Ru-AHK,69,8.604378,30.700674,1.0,5.0,4.0,5.0,0.0
Ru-AHK,70,5.8844924,16.733807,0.0,0.0,5.0,5.0,0.0
Ru-AHK,71,-1.1079972,-0.21035118,0.0,0.0,0.0,0.0,0.0
Ru-AHK,72,0.6031172,2.9630244,1.0,5.0,0.0,5.0,0.0
Ru-AHK,73,-0.20498414,3.0888274,1.0,5.0,2.0,5.0,0.0
Ru-AHK,74,-9.013627,-3.9185112,0.0,0.0,3.0,0.0,0.0
Ru-AHK,75,8.566372,30.727362,1.0,5.0,4.0,5.0,0.0
Ru-AHK,76,8.566399,30.72738,1.0,5.0,4.0,5.0,0.0
Ru-AHK,77,-8.524417,-2.1530454,0.0,0.0,0.0,5.0,5.0
Ru-AHK,78,-8.492364,-2.1756694,0.0,0.0,0.0,5.0,5.0
Ru-AHK,79,-9.260833,-4.704707,0.0,0.0,0.0,5.0,4.0
Ru-AHK,80,-7.953559,-3.9030821,0.0,0.0,0.0,0.0,1.0
Ru-AHK,81,21.385614,-5.9189625,1.0,5.0,5.0,1.0,0.0
Ru-AHK,82,-4.719443,2.6306627,1.0,5.0,5.0,5.0,5.0
Ru-AHK,83,-1.0524116,0.7814434,1.0,5.0,5.0,0.0,5.0
Ru-AHK,84,-1.6948528,1.144805,1.0,5.0,5.0,0.0,4.0
Ru-AHK,85,-1.0618775,-0.19096217,1.0,5.0,5.0,5.0,5.0
Ru-AHK,86,-5.540579,3.6109831,1.0,5.0,5.0,0.0,5.0
Ru-AHK,87,-5.5500445,2.638577,1.0,5.0,5.0,5.0,5.0
Ru-AHK,88,-6.183019,3.9743433,1.0,5.0,5.0,0.0,5.0
Ru-AHK,89,24.539751,-8.336005,1.0,5.0,0.0,5.0,0.0
Ru-AHK,90,9.903022,-3.343971,1.0,5.0,1.0,1.0,0.0
Ru-AHK,91,-5.549319,-5.350765,0.0,0.0,0.0,0.0,0.0
Ru-AHK,92,-3.9641683,-5.2507124,0.0,0.0,4.0,0.0,4.0
Ru-AHK,93,20.040506,1.8947189,1.0,5.0,0.0,5.0,0.0
Ru-AHK,94,20.316011,1.5166445,1.0,5.0,0.0,5.0,0.0
Ru-AHK,95,25.993801,-0.03170792,1.0,5.0,0.0,5.0,0.0
Ru-AHK,96,7.8855085,30.756,1.0,5.0,0.0,5.0,0.0
Ru-AHK,97,8.566433,30.727407,1.0,5.0,4.0,5.0,0.0
Ru-AHK,98,-9.033418,-2.982758,0.0,0.0,0.0,0.0,5.0
Ru-AHK,99,22.707281,-6.747074,1.0,5.0,0.0,1.0,0.0
Ru-AHK,100,-9.088683,-3.6576633,0.0,0.0,4.0,0.0,0.0
Ru-AHK,101,1.270014,-5.14218,0.0,0.0,5.0,0.0,5.0
Ru-AHK,102,-4.092254,-4.197417,0.0,0.0,4.0,0.0,0.0
Ru-AHK,103,-2.4494333,-5.5200634,0.0,0.0,0.0,0.0,0.0
Ru-AHK,104,3.527697,-3.9969935,0.0,0.0,5.0,0.0,0.0
Ru-AHK,105,-5.427235,-4.2463455,0.0,0.0,4.0,0.0,0.0
Ru-AHK,106,-2.3213687,-5.155169,0.0,0.0,0.0,0.0,0.0
Ru-AHK,107,-5.326554,-4.1946054,0.0,0.0,4.0,0.0,0.0
Ru-AHK,108,-2.289706,-5.1780796,0.0,0.0,0.0,0.0,0.0
Ru-AHK,109,-10.2356415,-3.3632436,0.0,0.0,0.0,0.0,5.0
Ru-AHK,110,1.1693323,-5.1939197,0.0,0.0,5.0,0.0,5.0
Ru-AHK,111,3.5002367,-4.310204,0.0,0.0,5.0,0.0,0.0
Ru-AHK,112,3.3995545,-4.361945,0.0,0.0,5.0,0.0,0.0
Ru-AHK,113,4.3780475,-5.582086,0.0,0.0,5.0,0.0,0.0
Ru-AHK,114,4.2773657,-5.6338253,0.0,0.0,5.0,0.0,0.0
Ru-AHK,115,-3.3910246,-4.4075856,0.0,0.0,5.0,0.0,0.0
Ru-AHK,116,-3.491707,-4.4593253,0.0,0.0,5.0,0.0,0.0
Ru-AHK,117,-10.166486,-3.2467322,0.0,0.0,0.0,0.0,5.0
Ru-AHK,118,-2.3212914,-5.1551113,0.0,0.0,0.0,0.0,0.0
Ru-AHK,119,-10.242356,-3.3566318,0.0,0.0,0.0,0.0,5.0
Ru-AHK,120,5.16055,20.297716,1.0,5.0,4.0,5.0,0.0
Ru-AHK,121,8.566456,30.727423,1.0,5.0,4.0,5.0,0.0
Ru-AHK,122,-5.703059,-5.019348,0.0,0.0,4.0,0.0,0.0
Ru-AHK,123,-8.90084,-4.173306,0.0,0.0,0.0,0.0,0.0
Ru-AHK,124,5.2580924,19.109432,1.0,5.0,4.0,5.0,0.0
Ru-AHK,125,-6.2085066,-5.4591093,0.0,0.0,0.0,0.0,0.0
Ru-AHK,126,6.4492497,22.256317,1.0,5.0,4.0,5.0,0.0
Ru-AHK,127,-8.494701,-2.1773915,0.0,0.0,0.0,5.0,5.0
Ru-AHK,128,2.183006,12.892769,0.0,0.0,0.0,5.0,0.0
Ru-AHK,129,-4.3086615,-3.9735448,0.0,0.0,3.0,0.0,0.0
Ru-AHK,130,-5.602378,-2.6712189,0.0,0.0,0.0,5.0,0.0
Ru-AHK,131,-4.0769353,-4.709614,0.0,0.0,4.0,0.0,5.0
Ru-AHK,132,-9.013609,-3.6322052,0.0,0.0,0.0,0.0,5.0
Ru-AHK,133,-7.4871554,-3.6822753,0.0,0.0,5.0,0.0,0.0
Ru-AHK,134,-7.0467477,-3.7866836,0.0,0.0,5.0,0.0,0.0
Ru-AHK,135,21.587719,-7.6999574,1.0,5.0,0.0,5.0,0.0
Ru-AHK,136,-4.931019,15.733707,0.0,0.0,0.0,5.0,0.0
Ru-AHK,137,-8.560172,-2.0669289,0.0,0.0,0.0,5.0,0.0
Ru-AHK,138,-6.8063235,-2.5133157,0.0,0.0,0.0,4.0,0.0
Ru-AHK,139,-11.011188,-5.219229,0.0,0.0,0.0,4.0,0.0
Ru-AHK,140,-10.45487,-4.192433,0.0,0.0,0.0,4.0,5.0
Ru-AHK,141,-10.95336,-5.226331,0.0,0.0,0.0,4.0,0.0
Ru-AHK,142,-10.976731,-5.2435484,0.0,0.0,0.0,4.0,0.0
Ru-AHK,143,-11.015995,-5.2158337,0.0,0.0,0.0,4.0,0.0
Ru-AHK,144,-0.72907996,18.440935,0.0,0.0,0.0,4.0,0.0
Ru-AHK,145,-9.3101225,-1.803966,0.0,0.0,0.0,4.0,5.0
Ru-AHK,146,-9.5344715,-3.3501246,0.0,0.0,0.0,4.0,5.0
Ru-AHK,147,-2.4829254,18.887323,0.0,0.0,0.0,4.0,0.0
Ru-AHK,148,-11.0212555,-3.7470226,0.0,0.0,0.0,0.0,0.0
Ru-AHK,149,-10.318317,-2.0905597,0.0,0.0,0.0,5.0,5.0
Ru-AHK,150,-10.3313,-2.1001256,0.0,0.0,0.0,5.0,5.0
Ru-AHK,151,3.9560983,9.438123,1.0,5.0,4.0,5.0,1.0
Ru-AHK,152,-7.4737573,-4.0957828,0.0,0.0,0.0,0.0,1.0
Ru-AHK,153,-3.7727523,-5.771628,0.0,0.0,4.0,0.0,5.0
Ru-AHK,154,-5.9600744,-5.2896805,0.0,0.0,0.0,0.0,0.0
Ru-AHK,155,4.0274024,11.628496,1.0,5.0,4.0,5.0,0.0
Ru-AHK,156,-8.374187,-4.754093,0.0,0.0,3.0,4.0,0.0
Ru-AHK,157,8.566425,30.7274,1.0,5.0,4.0,5.0,0.0
Ru-AHK,158,4.4728646,12.948021,1.0,5.0,4.0,5.0,5.0
Ru-AHK,159,4.2957153,12.234482,1.0,5.0,4.0,5.0,0.0
Ru-AHK,160,4.133666,11.566949,1.0,5.0,4.0,5.0,1.0
Ru-AHK,161,-3.4229643,-5.217984,0.0,0.0,4.0,0.0,5.0
Ru-AHK,162,-3.9830694,-5.428227,0.0,0.0,3.0,0.0,5.0
Ru-AHK,163,-0.8898375,-6.4168115,0.0,0.0,0.0,4.0,5.0
Ru-AHK,164,4.0270357,9.80107,1.0,5.0,4.0,5.0,0.0
Ru-AHK,165,22.291893,-7.794842,1.0,5.0,0.0,5.0,0.0
Ru-AHK,166,44.65346,-17.502203,0.0,0.0,0.0,0.0,0.0
Ru-AHK,167,35.321,-16.512362,0.0,0.0,0.0,0.0,0.0
Ru-AHK,168,44.926003,-16.36498,0.0,0.0,0.0,0.0,0.0
Ru-AHK,169,34.94909,-16.481232,0.0,0.0,0.0,0.0,0.0
Ru-AHK,170,39.083935,-17.339476,0.0,0.0,0.0,0.0,0.0
Ru-AHK,171,37.49036,-16.393713,0.0,0.0,0.0,0.0,0.0
Ru-AHK,172,-1.2733155,6.504105,1.0,5.0,5.0,0.0,5.0
Ru-AHK,173,1.7998435,-6.481368,0.0,0.0,5.0,4.0,5.0
Ru-AHK,174,19.30205,-10.68776,0.0,0.0,0.0,0.0,0.0
Ru-AHK,175,-11.61088,-2.9557245,0.0,0.0,0.0,5.0,0.0
Ru-AHK,176,-10.316755,-2.0736785,0.0,0.0,0.0,5.0,5.0
Ru-AHK,177,9.666917,22.066145,0.0,0.0,0.0,0.0,0.0
Ru-AHK,178,9.572828,22.073019,0.0,0.0,0.0,0.0,0.0
Ru-AHK,179,-8.12696,-3.681593,0.0,0.0,3.0,0.0,2.0
Ru-AHK,180,-7.3608074,-3.8371353,0.0,0.0,5.0,0.0,0.0
Ru-AHK,181,-10.175976,-3.2455525,0.0,0.0,0.0,0.0,5.0
Ru-AHK,182,-10.436849,-4.1717453,0.0,0.0,0.0,4.0,5.0
Ru-AHK,183,2.6168554,10.137746,1.0,5.0,4.0,5.0,0.0
Ru-AHK,184,5.609797,23.2483,0.0,0.0,0.0,0.0,0.0
Ru-AHK,185,-5.9609027,-6.670593,0.0,0.0,3.0,0.0,0.0
Ru-AHK,186,6.492183,23.131897,0.0,0.0,0.0,0.0,0.0
Ru-AHK,187,-10.251847,-3.3554523,0.0,0.0,0.0,0.0,5.0
Ru-AHK,188,-4.42821,-3.8459532,0.0,0.0,2.0,0.0,0.0
Ru-AHK,189,-7.800511,0.025939878,0.0,0.0,0.0,4.0,0.0
Ru-AHK,190,6.8989506,-5.621711,0.0,0.0,0.0,0.0,0.0
Ru-AHK,191,0.9720183,-5.2907357,0.0,0.0,0.0,0.0,0.0
Ru-AHK,192,6.4921665,23.131886,0.0,0.0,0.0,0.0,0.0
Ru-AHK,193,10.3120365,30.339148,1.0,5.0,4.0,5.0,0.0
Ru-AHK,194,7.996805,23.215046,0.0,0.0,1.0,0.0,0.0
Ru-AHK,195,9.623466,30.355976,1.0,5.0,4.0,5.0,0.0
Ru-AHK,196,10.451955,30.232943,1.0,5.0,4.0,5.0,0.0
Ru-AHK,197,-11.297227,-6.062335,0.0,0.0,0.0,0.0,0.0
Ru-AHK,198,-11.708666,-6.070191,0.0,0.0,0.0,0.0,0.0
Ru-AHK,199,-5.549462,-6.6627364,0.0,0.0,2.0,0.0,0.0
Ru-AHK,200,-0.84608275,-0.41920164,0.0,0.0,5.0,4.0,5.0
Ru-AHK,201,14.848498,-11.288135,0.0,0.0,0.0,4.0,0.0
Ru-AHK,202,18.81663,-12.22347,0.0,0.0,0.0,4.0,0.0
Ru-AHK,203,18.816133,-12.223833,0.0,0.0,0.0,4.0,0.0
Ru-AHK,204,19.190868,-11.632397,0.0,0.0,0.0,4.0,0.0
Ru-AHK,205,18.816446,-12.223604,0.0,0.0,0.0,4.0,0.0
Ru-AHK,206,18.887383,-11.860655,0.0,0.0,0.0,4.0,0.0
Ru-AHK,207,12.407735,-10.148622,0.0,0.0,0.0,4.0,0.0
Ru-AHK,208,17.349215,-11.888818,0.0,0.0,0.0,4.0,0.0
Ru-AHK,209,4.882112,23.303686,0.0,0.0,0.0,0.0,0.0
Ru-AHK,210,-5.326934,-4.8729434,0.0,0.0,3.0,0.0,0.0
Ru-AHK,211,11.976462,30.35032,1.0,5.0,5.0,5.0,0.0
Ru-AHK,212,3.3756032,-2.3520303,1.0,5.0,0.0,5.0,0.0
Ru-AHK,213,-3.4420192,-4.964924,0.0,0.0,3.0,0.0,5.0
Ru-AHK,214,5.4955935,23.374437,0.0,0.0,0.0,0.0,0.0
Ru-AHK,215,-4.5052376,6.726315,0.0,0.0,5.0,0.0,0.0
Ru-AHK,216,-6.007923,6.643529,0.0,0.0,5.0,0.0,0.0
Ru-AHK,217,8.379685,29.18847,1.0,5.0,4.0,5.0,0.0
Ru-AHK,218,-6.2327347,-4.6727533,0.0,0.0,5.0,4.0,5.0
Ru-AHK,219,14.500222,-10.299255,0.0,0.0,0.0,4.0,0.0
Ru-AHK,220,16.936602,-11.425661,0.0,0.0,0.0,4.0,0.0
Ru-AHK,221,13.729474,-10.959082,0.0,0.0,0.0,4.0,0.0
Ru-AHK,222,20.330355,-12.640824,0.0,0.0,0.0,4.0,0.0
Ru-AHK,223,27.743027,-12.00553,0.0,0.0,0.0,4.0,0.0
Ru-AHK,224,21.501816,-13.225087,0.0,0.0,0.0,4.0,0.0
Ru-AHK,225,16.186031,-11.65625,0.0,0.0,0.0,4.0,0.0
Ru-AHK,226,19.46598,-11.940361,0.0,0.0,0.0,4.0,0.0
Ru-AHK,227,17.951237,-11.880553,0.0,0.0,0.0,4.0,0.0
Ru-AHK,228,16.823666,-11.671162,0.0,0.0,0.0,4.0,0.0
Ru-AHK,229,15.778388,-11.661546,0.0,0.0,0.0,4.0,0.0
Ru-AHK,230,19.78083,-13.111605,0.0,0.0,0.0,4.0,0.0
Ru-AHK,231,16.574232,-11.367269,0.0,0.0,0.0,4.0,0.0
Ru-AHK,232,2.5244386,-5.494103,0.0,0.0,0.0,0.0,5.0
Ru-AHK,233,9.950273,-9.913032,0.0,0.0,0.0,4.0,0.0
Ru-AHK,234,21.087086,-11.030507,0.0,0.0,0.0,4.0,0.0
Ru-AHK,235,4.2882266,-7.692403,0.0,0.0,1.0,4.0,0.0
Ru-AHK,236,9.812111,-8.374171,0.0,0.0,0.0,4.0,0.0
Ru-AHK,237,-6.5197635,6.716133,0.0,0.0,0.0,0.0,0.0
Ru-AHK,238,20.187992,-11.999719,0.0,0.0,0.0,4.0,0.0
Ru-AHK,239,-4.146747,-3.2030973,0.0,0.0,0.0,0.0,0.0
Ru-AHK,240,-7.2199955,-8.3771,0.0,0.0,0.0,0.0,0.0
Ru-AHK,241,-0.65780884,-3.6247563,0.0,0.0,5.0,0.0,4.0
Ru-AHK,242,-11.129997,-3.8355687,0.0,0.0,0.0,4.0,0.0
Ru-AHK,243,-2.5966623,5.6169558,0.0,0.0,3.0,0.0,0.0
Ru-AHK,244,1.2025001,4.875748,0.0,0.0,0.0,0.0,0.0
Ru-AHK,245,25.142897,-14.179441,0.0,0.0,0.0,4.0,0.0
Ru-AHK,246,11.851547,-7.828918,0.0,0.0,0.0,4.0,0.0
Ru-AHK,247,10.115369,-9.946256,0.0,0.0,0.0,4.0,0.0
Ru-AHK,248,16.906036,-11.773748,0.0,0.0,0.0,4.0,0.0
Ru-AHK,249,21.55745,-11.0827675,0.0,0.0,0.0,4.0,0.0
Ru-AHK,250,4.9194903,0.062446456,0.0,0.0,0.0,0.0,0.0
Ru-AHK,251,-10.275884,-3.3384843,0.0,0.0,0.0,0.0,5.0
Ru-AHK,252,-10.267874,-3.34414,0.0,0.0,0.0,0.0,5.0
Ru-AHK,253,-6.952446,-3.8016436,0.0,0.0,5.0,0.0,0.0
Ru-AHK,254,-10.243834,-3.3611088,0.0,0.0,0.0,0.0,5.0
Ru-AHK,255,0.3807554,-4.281696,0.0,0.0,5.0,0.0,0.0
Ru-AHK,256,-0.8018598,-7.0207653,0.0,0.0,0.0,4.0,0.0
Ru-AHK,257,19.78316,-10.566982,0.0,0.0,0.0,0.0,0.0
Ru-AHK,258,-3.2020745,-5.2295976,0.0,0.0,3.0,0.0,5.0
Ru-AHK,259,-4.2101145,-5.65883,0.0,0.0,3.0,4.0,5.0
Ru-AHK,260,23.91626,25.186226,1.0,5.0,0.0,5.0,0.0
Ru-AHK,261,-4.0751605,-5.3816614,0.0,0.0,0.0,0.0,3.0
Ru-AHK,262,-8.260909,-4.536631,0.0,0.0,0.0,4.0,5.0
Ru-AHK,263,-9.021774,-2.9627416,0.0,0.0,0.0,0.0,5.0
Ru-AHK,264,0.048766416,-3.0825474,0.0,0.0,2.0,0.0,5.0
Ru-AHK,265,-5.986241,-2.2990365,0.0,0.0,0.0,0.0,0.0
Ru-AHK,266,20.570623,-7.6073666,1.0,5.0,0.0,5.0,0.0
Ru-AHK,267,-11.617502,-2.9488037,0.0,0.0,0.0,5.0,0.0
Ru-AHK,268,-6.3542557,-4.68654,0.0,0.0,5.0,1.0,0.0
Ru-AHK,269,-5.21567,-4.686139,0.0,0.0,5.0,0.0,0.0
Ru-AHK,270,7.9641533,-2.8113348,1.0,5.0,0.0,5.0,0.0
Ru-AHK,271,-8.033865,-4.3060255,0.0,0.0,0.0,0.0,0.0
Ru-AHK,272,10.201299,-3.5894475,1.0,5.0,0.0,5.0,0.0
Ru-AHK,273,7.549755,-3.56196,1.0,5.0,0.0,5.0,0.0
Ru-AHK,274,-4.704079,-0.36082232,0.0,0.0,3.0,0.0,0.0
Ru-AHK,275,-3.550829,0.072999604,0.0,0.0,5.0,0.0,0.0
Ru-AHK,276,-4.225118,-5.4784017,0.0,0.0,3.0,0.0,5.0
Ru-AHK,277,-4.0974255,-5.501426,0.0,0.0,3.0,0.0,5.0
Ru-AHK,278,-4.576393,-4.6147413,0.0,0.0,2.0,0.0,0.0
Ru-AHK,279,-7.1969357,-4.554057,0.0,0.0,5.0,0.0,0.0
Ru-AHK,280,-10.324157,-4.0143414,0.0,0.0,0.0,0.0,5.0
Ru-AHK,281,-8.150222,-4.3778124,0.0,0.0,0.0,0.0,4.0
Ru-AHK,282,-7.4917564,-4.0302963,0.0,0.0,0.0,0.0,0.0
Ru-AHK,283,-10.327979,-4.014265,0.0,0.0,0.0,0.0,5.0
Ru-AHK,284,-10.330576,-4.016179,0.0,0.0,0.0,0.0,5.0
Ru-AHK,285,-7.50899,-4.605924,0.0,0.0,5.0,0.0,0.0
Ru-AHK,286,22.764631,-6.776538,1.0,5.0,0.0,1.0,0.0
Ru-AHK,287,-6.1736903,-2.270295,0.0,0.0,5.0,5.0,5.0
Ru-AHK,288,-9.159062,-2.463776,0.0,0.0,0.0,5.0,5.0
Ru-AHK,289,3.751173,2.0783577,1.0,5.0,1.0,5.0,0.0
Ru-AHK,290,0.16364525,2.969612,1.0,5.0,0.0,5.0,0.0
Ru-AHK,291,1.4887044,3.3023894,1.0,5.0,5.0,5.0,0.0
Ru-AHK,292,-1.2664541,3.1705744,1.0,5.0,0.0,5.0,0.0
Ru-AHK,293,-2.2612128,3.5775077,1.0,5.0,0.0,5.0,0.0
Ru-AHK,294,-6.685634,6.381935,1.0,5.0,0.0,5.0,4.0
Ru-AHK,295,-4.0304594,-5.0022583,0.0,0.0,3.0,0.0,5.0
Ru-AHK,296,-6.6776204,6.376279,1.0,5.0,0.0,5.0,4.0
Ru-AHK,297,4.859339,-2.710287,1.0,5.0,0.0,5.0,0.0
Ru-AHK,298,-6.6698165,6.3799686,1.0,5.0,0.0,5.0,4.0
Ru-AHK,299,-6.130964,-2.431825,0.0,0.0,5.0,5.0,5.0
Ru-AHK,300,24.505264,-8.310642,1.0,5.0,0.0,5.0,0.0
Ru-AHK,301,22.261957,-7.948957,1.0,5.0,0.0,5.0,0.0
Ru-AHK,302,-5.8727417,-4.141352,0.0,0.0,5.0,0.0,4.0
Ru-AHK,303,18.378216,2.7227895,1.0,5.0,0.0,5.0,0.0
Ru-AHK,304,-7.823547,-4.649429,0.0,0.0,0.0,0.0,5.0
Ru-AHK,305,5.9848475,-3.2584813,1.0,5.0,0.0,5.0,0.0
Ru-AHK,306,-5.043872,-4.9110017,0.0,0.0,3.0,0.0,0.0
Ru-AHK,307,-4.469615,-5.6904736,0.0,0.0,0.0,0.0,0.0
Ru-AHK,308,15.4472685,-4.466884,1.0,5.0,0.0,1.0,0.0
Ru-AHK,309,14.046647,1.1820596,1.0,5.0,0.0,5.0,0.0
Ru-AHK,310,14.868142,1.0846634,1.0,5.0,0.0,5.0,0.0
Ru-AHK,311,13.297143,1.2221446,1.0,5.0,0.0,5.0,0.0
Ru-AHK,312,-4.9489675,-4.7718163,0.0,0.0,3.0,5.0,5.0
Ru-AHK,313,22.553137,-6.0732718,1.0,5.0,0.0,1.0,0.0
Ru-AHK,314,-0.2312767,-0.19887608,1.0,5.0,5.0,5.0,5.0
Ru-AHK,315,2.4559581,0.15303054,1.0,5.0,3.0,0.0,5.0
Ru-AHK,316,-7.611634,-3.909987,0.0,0.0,5.0,0.0,0.0
Ru-AHK,317,-10.639731,-3.941939,0.0,0.0,0.0,0.0,0.0
Ru-AHK,318,-5.218247,6.0472655,1.0,5.0,0.0,5.0,5.0
Ru-AHK,319,-6.7014484,6.383901,1.0,5.0,0.0,5.0,4.0
Ru-AHK,320,20.716585,-6.7868643,1.0,5.0,0.0,0.0,0.0
Ru-AHK,321,-10.305848,-2.0813766,0.0,0.0,0.0,5.0,5.0
Ru-AHK,322,-9.999487,-4.2845426,0.0,0.0,0.0,0.0,5.0
Ru-AHK,323,-10.1295,-3.5381963,0.0,0.0,0.0,0.0,0.0
Ru-AHK,324,-4.8786287,8.843626,1.0,5.0,0.0,5.0,0.0
Ru-AHK,325,-4.364438,-5.3888383,0.0,0.0,3.0,0.0,0.0
Ru-AHK,326,-11.802099,-3.5552857,0.0,0.0,0.0,0.0,0.0
Ru-AHK,327,-4.582969,-5.0588,0.0,0.0,3.0,0.0,1.0
Ru-AHK,328,-9.626162,-3.9201715,0.0,0.0,0.0,0.0,0.0
Ru-AHK,329,-5.129042,1.2677537,0.0,0.0,0.0,0.0,0.0
Ru-AHK,330,-1.832446,-3.0845304,0.0,0.0,0.0,0.0,0.0
Ru-AHK,331,-8.15241,-4.025914,0.0,0.0,5.0,0.0,0.0
Ru-AHK,332,-7.227289,-4.3210444,0.0,0.0,1.0,0.0,0.0
Ru-AHK,333,-7.3912926,-4.251543,0.0,0.0,1.0,0.0,0.0
Ru-AHK,334,-4.8989143,-5.035716,0.0,0.0,2.0,0.0,5.0
Ru-AHK,335,-7.996422,-4.089761,0.0,0.0,5.0,0.0,0.0
Ru-AHK,336,-10.332347,-2.062671,0.0,0.0,0.0,5.0,5.0
Ru-AHK,337,34.07213,-16.206131,0.0,0.0,0.0,0.0,0.0
Ru-AHK,338,-10.151092,-3.293186,0.0,0.0,0.0,0.0,5.0
Ru-AHK,339,-3.9915707,-4.1456766,0.0,0.0,4.0,0.0,0.0
Ru-AHK,340,-5.3851147,-4.5568666,0.0,0.0,0.0,0.0,0.0
Ru-AHK,341,-1.1694344,-4.514926,0.0,0.0,5.0,0.0,1.0
Ru-AHK,342,-1.0412918,-4.149975,0.0,0.0,5.0,0.0,1.0
Ru-AHK,343,-5.2844305,-4.505126,0.0,0.0,0.0,0.0,0.0
Ru-AHK,344,-5.256972,-4.1919155,0.0,0.0,0.0,0.0,0.0
Ru-AHK,345,-10.191159,-3.264906,0.0,0.0,0.0,0.0,5.0
Ru-AHK,346,-10.226961,-3.4030852,0.0,0.0,0.0,0.0,5.0
Ru-AHK,347,-4.1579375,-4.05139,0.0,0.0,4.0,0.0,0.0
Ru-AHK,348,-4.1555996,-4.049669,0.0,0.0,4.0,0.0,0.0
Ru-AHK,349,-10.209804,-3.9411411,0.0,0.0,0.0,0.0,0.0
Ru-AHK,350,-8.967133,-3.9248505,0.0,0.0,0.0,0.0,4.0
Ru-AHK,351,-10.266101,-3.3659506,0.0,0.0,0.0,0.0,5.0
Ru-AHK,352,-8.3234415,-0.62410516,0.0,0.0,0.0,4.0,5.0
Ru-AHK,353,-9.649697,-3.7308989,0.0,0.0,0.0,0.0,0.0
Ru-AHK,354,19.699486,-6.694274,1.0,5.0,0.0,0.0,0.0
Ru-AHK,355,-11.835196,-2.9982417,0.0,0.0,0.0,5.0,0.0
Ru-AHK,356,-10.33577,-4.0200057,0.0,0.0,0.0,0.0,5.0
Ru-AHK,357,-4.646645,-0.74042046,0.0,0.0,0.0,0.0,0.0
Ru-AHK,358,-9.980544,-3.8335943,0.0,0.0,0.0,0.0,0.0
Ru-AHK,359,-5.939034,-3.8928983,0.0,0.0,5.0,0.0,5.0
Ru-AHK,360,2.3456662,-7.5138273,0.0,0.0,0.0,0.0,0.0
Ru-AHK,361,-8.966972,-3.8118265,0.0,0.0,0.0,0.0,0.0
Ru-AHK,362,-6.6896396,6.384763,1.0,5.0,0.0,5.0,4.0
Ru-AHK,363,-4.649961,-4.6751747,0.0,0.0,2.0,0.0,0.0
Ru-AHK,364,-4.383448,16.803766,0.0,0.0,0.0,4.0,0.0
Ru-AHK,365,-10.43747,-4.179616,0.0,0.0,0.0,4.0,5.0
Ru-AHK,366,-11.317252,-3.9316144,0.0,0.0,0.0,0.0,0.0
Ru-AHK,367,-10.495983,4.9096007,1.0,5.0,0.0,0.0,5.0
Ru-AHK,368,-10.505449,3.9371965,1.0,5.0,0.0,5.0,5.0
Ru-AHK,369,15.159112,-4.42915,1.0,5.0,0.0,1.0,0.0
Ru-AHK,370,20.72001,-7.3090754,1.0,5.0,0.0,0.0,0.0
Ru-AHK,371,-10.254441,-3.3573635,0.0,0.0,0.0,0.0,5.0
Ru-AHK,372,-9.753084,-3.9913275,0.0,0.0,3.0,0.0,0.0
Ru-AHK,373,-8.4873295,-4.117551,0.0,0.0,0.0,0.0,3.0
Ru-AHK,374,-11.821564,-3.0078652,0.0,0.0,0.0,5.0,0.0
Ru-AHK,375,-1.3473849,3.9604084,1.0,5.0,0.0,5.0,0.0
Ru-AHK,376,-0.5844093,-3.698428,0.0,0.0,5.0,0.0,4.0
Ru-AHK,377,-6.366161,0.35803708,0.0,0.0,0.0,0.0,0.0
Ru-AHK,378,-3.701816,1.3897153,0.0,0.0,1.0,0.0,0.0
Ru-AHK,379,35.880993,-16.529116,0.0,0.0,0.0,0.0,0.0
Ru-AHK,380,35.90342,-16.567753,0.0,0.0,0.0,0.0,0.0
Ru-AHK,381,36.54768,-16.636633,0.0,0.0,0.0,0.0,0.0
Ru-AHK,382,34.95799,-16.434738,0.0,0.0,0.0,0.0,0.0
Ru-AHK,383,35.62024,-16.118713,0.0,0.0,0.0,0.0,0.0
Ru-AHK,384,35.60228,-16.15502,0.0,0.0,0.0,0.0,0.0
Ru-AHK,385,37.50849,-16.442316,0.0,0.0,0.0,0.0,0.0
Ru-AHK,386,36.562553,-16.686811,0.0,0.0,0.0,0.0,0.0
Ru-AHK,387,35.921104,-16.612894,0.0,0.0,0.0,0.0,0.0
Ru-AHK,388,39.033756,-17.305405,0.0,0.0,0.0,0.0,0.0
Ru-AHK,389,37.024155,-16.266827,0.0,0.0,0.0,0.0,0.0
Ru-AHK,390,38.317146,-16.387226,0.0,0.0,0.0,0.0,0.0
Ru-AHK,391,34.50189,-16.278637,0.0,0.0,0.0,0.0,0.0
Ru-AHK,392,35.03772,-15.968244,0.0,0.0,0.0,0.0,0.0
Ru-AHK,393,38.319183,-16.343266,0.0,0.0,0.0,0.0,0.0
Ru-AHK,394,21.985905,-11.382722,0.0,0.0,0.0,0.0,0.0
Ru-AHK,395,35.22153,-16.5088,0.0,0.0,0.0,0.0,0.0
Ru-AHK,396,35.781555,-16.199507,0.0,0.0,0.0,0.0,0.0
Ru-AHK,397,33.65911,-16.06548,0.0,0.0,0.0,0.0,0.0
Ru-AHK,398,36.994713,-16.27089,0.0,0.0,0.0,0.0,0.0
Ru-AHK,399,0.9688274,-6.7369685,0.0,0.0,0.0,4.0,0.0
Ru-AHK,400,5.3866425,-5.800345,0.0,0.0,5.0,0.0,0.0
Ru-AHK,401,-5.709708,-2.808251,0.0,0.0,4.0,0.0,0.0
Ru-AHK,402,19.891434,-7.151797,1.0,5.0,0.0,5.0,0.0
Ru-AHK,403,21.424185,-7.4039607,1.0,5.0,0.0,0.0,0.0
Ru-AHK,404,-0.64261264,-5.3443127,0.0,0.0,0.0,0.0,5.0
Ru-AHK,405,-10.394834,-2.2113628,0.0,0.0,0.0,0.0,0.0
Ru-AHK,406,-10.16926,-3.252165,0.0,0.0,0.0,0.0,5.0
Ru-AHK,407,-7.8950243,-3.6588192,0.0,0.0,4.0,0.0,0.0
Ru-AHK,408,-4.030787,-4.168782,0.0,0.0,0.0,0.0,0.0
Ru-AHK,409,-10.838193,-2.9571414,0.0,0.0,0.0,0.0,0.0
Ru-AHK,410,6.466462,30.910963,1.0,5.0,0.0,5.0,0.0
Ru-AHK,411,13.834511,30.029251,1.0,5.0,3.0,5.0,0.0
Ru-AHK,412,-5.592308,-3.8685138,0.0,0.0,0.0,0.0,0.0
Ru-AHK,413,12.585517,29.9653,1.0,5.0,5.0,5.0,0.0
Ru-AHK,414,11.3524885,30.109886,1.0,5.0,4.0,5.0,0.0
Ru-AHK,415,10.482152,30.199715,1.0,5.0,4.0,5.0,0.0
Ru-AHK,416,9.4719095,30.485058,1.0,5.0,4.0,5.0,0.0
Ru-AHK,417,9.64335,30.351912,1.0,5.0,5.0,5.0,0.0
Ru-AHK,418,8.148481,31.34254,1.0,5.0,0.0,5.0,0.0
Ru-AHK,419,11.270084,30.140442,1.0,5.0,3.0,5.0,0.0
Ru-AHK,420,14.5133295,29.301382,1.0,5.0,5.0,5.0,0.0
Ru-AHK,421,12.080559,30.243542,1.0,5.0,5.0,5.0,0.0
Ru-AHK,422,-5.985509,-3.600254,0.0,0.0,5.0,0.0,5.0
Ru-AHK,423,-2.4863167,-3.2187874,0.0,0.0,0.0,0.0,0.0
Ru-AHK,424,-7.18922,-8.40182,0.0,0.0,0.0,0.0,0.0
Ru-AHK,425,21.165077,25.196684,1.0,5.0,0.0,5.0,0.0
Ru-AHK,426,21.606924,25.08989,1.0,5.0,0.0,5.0,0.0
Ru-AHK,427,5.867751,-5.6795664,0.0,0.0,5.0,0.0,0.0
Ru-AHK,428,-5.8805356,6.489435,0.0,0.0,4.0,0.0,0.0
Ru-AHK,429,20.329363,25.415073,1.0,5.0,0.0,5.0,0.0
Ru-AHK,430,27.723278,24.461946,1.0,5.0,0.0,5.0,0.0
Ru-AHK,431,22.742481,24.795036,1.0,5.0,0.0,5.0,0.0
Ru-AHK,432,0.5686865,5.9664054,0.0,0.0,5.0,0.0,0.0
Ru-AHK,433,-0.61729425,-3.5515862,0.0,0.0,5.0,0.0,4.0
Ru-AHK,434,-9.357923,7.369428,0.0,0.0,0.0,0.0,0.0
Ru-AHK,435,-8.703786,7.049635,0.0,0.0,0.0,0.0,0.0
Ru-AHK,436,-10.075987,-3.8739142,0.0,0.0,0.0,0.0,0.0
Ru-AHK,437,-0.6056217,-3.5429876,0.0,0.0,5.0,0.0,4.0
Ru-AHK,438,21.182014,25.141752,1.0,5.0,0.0,5.0,0.0
Ru-AHK,439,-4.1598325,-4.416555,0.0,0.0,0.0,0.0,0.0
Ru-AHK,440,-4.660488,1.8985177,0.0,0.0,0.0,0.0,0.0
Ru-AHK,441,-3.8417459,-5.418244,0.0,0.0,2.0,0.0,5.0
Ru-AHK,442,16.230354,-15.561556,0.0,0.0,0.0,0.0,0.0
Ru-AHK,443,5.5407767,-0.98850745,0.0,0.0,0.0,0.0,0.0
Ru-AHK,444,-7.2265577,-4.072187,0.0,0.0,0.0,0.0,5.0
Ru-AHK,445,-6.083858,-3.417235,0.0,0.0,5.0,0.0,5.0
Ru-AHK,446,-8.098383,-3.427419,0.0,0.0,0.0,0.0,3.0
Ru-AHK,447,19.316895,-12.046528,0.0,0.0,0.0,4.0,0.0
Ru-AHK,448,-4.3378077,-5.635807,0.0,0.0,2.0,4.0,5.0
Ru-AHK,449,-3.0809944,-3.860692,0.0,0.0,0.0,0.0,0.0
Ru-AHK,450,-7.0552845,3.2975914,0.0,0.0,0.0,0.0,0.0
Ru-AHK,451,-9.27448,-4.5583987,0.0,0.0,0.0,4.0,5.0
Ru-AHK,452,0.33163756,-5.648752,0.0,0.0,0.0,0.0,0.0
Ru-AHK,453,-8.387833,-4.6077867,0.0,0.0,3.0,4.0,3.0
Ru-AHK,454,-7.8512535,-4.1216397,0.0,0.0,0.0,0.0,5.0
Ru-AHK,455,2.3264477,-4.6792283,0.0,0.0,0.0,0.0,0.0
Ru-AHK,456,-8.574297,-3.3994863,0.0,0.0,0.0,5.0,0.0
Ru-AHK,457,-4.110764,-5.4052014,0.0,0.0,2.0,0.0,5.0
Ru-AHK,458,-3.8723228,-5.7146087,0.0,0.0,2.0,0.0,5.0
Ru-AHK,459,-4.2126894,-5.609666,0.0,0.0,2.0,0.0,5.0
Ru-AHK,460,-9.047438,-4.327795,0.0,0.0,0.0,0.0,1.0
Ru-AHK,461,-5.4546266,-4.849919,0.0,0.0,2.0,0.0,0.0
Ru-AHK,462,-11.846099,-2.990545,0.0,0.0,0.0,5.0,0.0
Ru-AHK,463,-1.4118012,1.7570442,1.0,5.0,3.0,5.0,5.0
Ru-AHK,464,-3.5982425,-1.08758,0.0,0.0,0.0,0.0,0.0
Ru-AHK,465,-10.627385,-3.5555058,0.0,0.0,0.0,0.0,5.0
Ru-AHK,466,-11.151111,-3.8426745,0.0,0.0,0.0,0.0,0.0
Ru-AHK,467,34.037018,-16.135263,0.0,0.0,0.0,0.0,0.0
Ru-AHK,468,34.02184,-16.11833,0.0,0.0,0.0,0.0,0.0
Ru-AHK,469,23.153353,-7.6545014,1.0,5.0,0.0,5.0,0.0
Ru-AHK,470,-3.331596,-4.834169,0.0,0.0,0.0,1.0,0.0
Ru-AHK,471,-7.3115783,-2.677267,0.0,0.0,0.0,0.0,0.0
Ru-AHK,472,-9.163794,-4.399581,0.0,0.0,0.0,0.0,5.0
Ru-AHK,473,-4.1722727,-4.703101,0.0,0.0,0.0,0.0,0.0
Ru-AHK,474,-0.7927987,-6.111686,0.0,0.0,0.0,0.0,5.0
Ru-AHK,475,-10.453928,-3.799902,0.0,0.0,0.0,0.0,5.0
Ru-AHK,476,-10.424216,-3.8404417,0.0,0.0,0.0,0.0,1.0
Ru-AHK,477,-10.424216,-3.8404417,0.0,0.0,0.0,0.0,1.0
Ru-AHK,478,-10.770688,-3.6750765,0.0,0.0,0.0,0.0,0.0
Ru-AHK,479,-8.156996,-3.8792784,0.0,0.0,0.0,5.0,0.0
Ru-AHK,480,-4.005928,-5.880966,0.0,0.0,2.0,0.0,0.0
Ru-AHK,481,21.420753,-6.881749,1.0,5.0,0.0,0.0,0.0
Ru-AHK,482,-13.139017,-2.254631,0.0,0.0,0.0,0.0,0.0
Ru-AHK,483,3.7980468,4.501646,1.0,5.0,0.0,1.0,0.0
Ru-AHK,484,33.65429,-16.060717,0.0,0.0,0.0,0.0,0.0
Ru-AHK,485,5.0321765,4.770376,1.0,5.0,5.0,1.0,0.0
Ru-AHK,486,-0.6559982,3.490157,1.0,5.0,5.0,1.0,0.0
Ru-AHK,487,1.0317318,3.4069283,1.0,5.0,0.0,1.0,0.0
Ru-AHK,488,-0.62381595,3.705582,1.0,5.0,5.0,1.0,0.0
Ru-AHK,489,1.6486886,27.612972,1.0,5.0,5.0,1.0,0.0
Ru-AHK,490,-8.739719,-2.4531906,0.0,0.0,0.0,5.0,5.0
Ru-AHK,491,-4.4520497,-2.8035953,0.0,0.0,2.0,5.0,5.0
Ru-AHK,492,-9.250942,-2.311493,0.0,0.0,0.0,5.0,5.0
Ru-AHK,493,18.887186,-6.8969784,1.0,5.0,0.0,0.0,0.0
Ru-AHK,494,-4.5054626,-6.131346,0.0,0.0,0.0,0.0,3.0
Ru-AHK,495,-4.0554953,-5.7198935,0.0,0.0,2.0,0.0,5.0
Ru-AHK,496,-3.5506577,-5.194959,0.0,0.0,2.0,0.0,5.0
Ru-AHK,497,-6.4353766,-3.6091273,0.0,0.0,0.0,5.0,0.0
Ru-AHK,498,-1.4896194,-5.0378847,0.0,0.0,0.0,5.0,5.0
Ru-AHK,499,31.280909,-14.057978,0.0,0.0,0.0,0.0,0.0
Ru-AHK,500,-2.032593,-5.0308037,0.0,0.0,5.0,0.0,0.0
Ru-AHK,501,-11.138424,5.272962,1.0,5.0,0.0,0.0,1.0
Ru-AHK,502,-1.8270978,-0.45876038,0.0,0.0,2.0,0.0,0.0
Ru-AHK,503,-10.316434,-2.101973,0.0,0.0,0.0,5.0,5.0
Ru-AHK,504,-6.6729803,6.3803616,1.0,5.0,0.0,5.0,4.0
Ru-AHK,505,-6.59016,-3.4251854,0.0,0.0,0.0,0.0,0.0
Ru-AHK,506,17.66517,-4.796038,1.0,5.0,0.0,1.0,0.0
Ru-AHK,507,-6.259734,-1.9527458,0.0,0.0,0.0,4.0,5.0
Ru-AHK,508,-1.2681519,-5.4988437,0.0,0.0,0.0,5.0,5.0
Ru-AHK,509,2.0847569,5.729219,1.0,5.0,5.0,0.0,5.0
Ru-AHK,510,13.949974,1.2355881,1.0,5.0,0.0,5.0,0.0
Ru-AHK,511,13.276826,1.4196378,1.0,5.0,0.0,5.0,0.0
Ru-AHK,512,12.294958,1.9669578,1.0,5.0,0.0,5.0,0.0
Ru-AHK,513,13.94948,1.2352248,1.0,5.0,0.0,5.0,0.0
Ru-AHK,514,22.03325,0.2347283,1.0,5.0,0.0,5.0,0.0
Ru-AHK,515,13.276333,1.4192742,1.0,5.0,0.0,5.0,0.0
Ru-AHK,516,14.479984,0.82107526,1.0,5.0,0.0,5.0,0.0
Ru-AHK,517,15.211587,0.7457311,1.0,5.0,0.0,5.0,0.0
Ru-AHK,518,-6.1114564,4.105885,1.0,5.0,0.0,5.0,0.0
Ru-AHK,519,3.2325912,2.9675672,1.0,5.0,5.0,5.0,0.0
Ru-AHK,520,-9.308577,5.296571,1.0,5.0,0.0,5.0,0.0
Ru-AHK,521,-9.136566,1.172439,0.0,0.0,0.0,0.0,0.0
Ru-AHK,522,-9.27243,5.2780786,1.0,5.0,0.0,5.0,0.0
Ru-AHK,523,-10.3913,-3.77251,0.0,0.0,0.0,0.0,0.0
Ru-AHK,524,-6.4067774,-2.7748985,0.0,0.0,0.0,0.0,0.0
Ru-AHK,525,-1.8203502,5.3815846,1.0,5.0,0.0,1.0,0.0
Ru-AHK,526,-0.56954616,-6.3586407,0.0,0.0,0.0,4.0,4.0
Ru-AHK,527,23.63413,-7.3975506,1.0,5.0,0.0,0.0,0.0
Ru-AHK,528,19.083736,-5.9020963,1.0,5.0,0.0,1.0,0.0
Ru-AHK,529,-9.348499,-4.009787,0.0,0.0,0.0,0.0,5.0
Ru-AHK,530,-3.2273355,8.165878,1.0,5.0,5.0,0.0,5.0
Ru-AHK,531,-11.142911,-3.4469423,0.0,0.0,0.0,0.0,0.0
Ru-AHK,532,-4.4058924,-6.188366,0.0,0.0,0.0,0.0,3.0
Ru-AHK,533,21.090033,1.3736714,1.0,5.0,0.0,5.0,0.0
Ru-AHK,534,-2.0458474,-4.971122,0.0,0.0,0.0,4.0,0.0
Ru-AHK,535,-1.2769793,-5.4896164,0.0,0.0,0.0,5.0,5.0
Ru-AHK,536,-8.340442,-3.3025131,0.0,0.0,0.0,5.0,0.0
Ru-AHK,537,-8.69342,-3.4077349,0.0,0.0,0.0,0.0,5.0
Ru-AHK,538,-0.483727,-3.646687,0.0,0.0,5.0,0.0,4.0
Ru-AHK,539,33.521393,-16.295406,0.0,0.0,0.0,0.0,0.0
Ru-AHK,540,20.24474,-7.873244,0.0,0.0,0.0,0.0,0.0
Ru-AHK,541,33.898434,-15.571621,0.0,0.0,0.0,0.0,0.0
Ru-AHK,542,32.03798,-15.949419,0.0,0.0,0.0,0.0,0.0
Ru-AHK,543,26.293825,-13.799506,0.0,0.0,0.0,0.0,0.0
Ru-AHK,544,36.130108,-16.838495,0.0,0.0,0.0,0.0,0.0
Ru-AHK,545,30.278015,-12.504818,0.0,0.0,0.0,0.0,0.0
Ru-AHK,546,38.201775,-16.73082,0.0,0.0,0.0,0.0,0.0
Ru-AHK,547,33.895805,-15.704195,0.0,0.0,0.0,0.0,0.0
Ru-AHK,548,32.054,-15.9607315,0.0,0.0,0.0,0.0,0.0
Ru-AHK,549,36.171955,-16.48746,0.0,0.0,0.0,0.0,0.0
Ru-AHK,550,-0.57270956,-6.3582478,0.0,0.0,0.0,4.0,4.0
Ru-AHK,551,1.207747,5.4135346,1.0,5.0,5.0,1.0,0.0
Ru-AHK,552,27.755163,-14.16763,0.0,0.0,0.0,0.0,0.0
Ru-AHK,553,35.360165,-16.392004,0.0,0.0,0.0,0.0,0.0
Ru-AHK,554,25.972878,-12.666856,0.0,0.0,0.0,0.0,0.0
Ru-AHK,555,-2.3860512,-4.9280567,0.0,0.0,0.0,4.0,0.0
Ru-AHK,556,-7.2887697,-1.2764935,0.0,0.0,0.0,5.0,0.0
Ru-AHK,557,-0.78193986,-5.9029164,0.0,0.0,0.0,4.0,3.0
Ru-AHK,558,19.9392,-7.4647894,1.0,5.0,0.0,5.0,0.0
Ru-AHK,559,23.637568,-7.9197607,1.0,5.0,0.0,0.0,0.0
Ru-AHK,560,-7.2948713,-1.2691902,0.0,0.0,0.0,5.0,0.0
Ru-AHK,561,7.173105,-6.7663546,0.0,0.0,5.0,0.0,5.0
Ru-AHK,562,-8.933724,-3.070651,0.0,0.0,0.0,5.0,5.0
Ru-AHK,563,-8.340961,-3.3028958,0.0,0.0,0.0,5.0,0.0
Ru-AHK,564,-9.093897,-3.8829825,0.0,0.0,3.0,0.0,0.0
Ru-AHK,565,-10.253145,-3.3564084,0.0,0.0,0.0,0.0,5.0
Ru-AHK,566,-7.6006837,-4.1669397,0.0,0.0,3.0,0.0,0.0
Ru-AHK,567,-4.0561047,-5.6347213,0.0,0.0,0.0,0.0,1.0
Ru-AHK,568,-8.160789,-4.377182,0.0,0.0,3.0,0.0,0.0
Ru-AHK,569,-11.553667,-3.3858566,0.0,0.0,0.0,0.0,0.0
Ru-AHK,570,4.653657,-2.234178,0.0,0.0,0.0,0.0,0.0
Ru-AHK,571,0.38623604,-2.0891805,0.0,0.0,0.0,0.0,0.0
Ru-AHK,572,9.017498,-3.4370406,0.0,0.0,0.0,0.0,0.0
Ru-AHK,573,-0.65330803,3.5077548,1.0,5.0,5.0,1.0,0.0
Ru-AHK,574,3.7698598,2.8145967,1.0,5.0,0.0,1.0,0.0
Ru-AHK,575,-0.6345736,3.7408528,1.0,5.0,5.0,1.0,0.0
Ru-AHK,576,2.5530999,3.3535821,1.0,5.0,0.0,1.0,0.0
Ru-AHK,577,2.1121974,3.0122082,1.0,5.0,0.0,1.0,0.0
Ru-AHK,578,-10.267663,-3.3534858,0.0,0.0,0.0,0.0,5.0
Ru-AHK,579,0.99014336,-5.764312,0.0,0.0,0.0,0.0,5.0
Ru-AHK,580,-10.19179,-3.2435863,0.0,0.0,0.0,0.0,5.0
Ru-AHK,581,18.883753,-6.3747663,1.0,5.0,0.0,0.0,0.0
Ru-AHK,582,1.2608311,5.3363414,1.0,5.0,5.0,0.0,5.0
Ru-AHK,583,-8.939824,-3.0633478,0.0,0.0,0.0,5.0,5.0
Ru-AHK,584,-8.098143,-3.777388,0.0,0.0,0.0,0.0,0.0
Ru-AHK,585,2.2043583,-6.5831804,0.0,0.0,0.0,0.0,0.0
Ru-AHK,586,-6.09792,6.1882963,0.0,0.0,0.0,0.0,0.0
Ru-AHK,587,1.8590251,-5.68439,0.0,0.0,0.0,0.0,0.0
Ru-AHK,588,-0.30217558,-4.5580955,0.0,0.0,5.0,0.0,0.0
Ru-AHK,589,2.178932,-6.415893,0.0,0.0,0.0,0.0,0.0
Ru-AHK,590,2.490087,-8.031625,0.0,0.0,0.0,0.0,0.0
Ru-AHK,591,2.1925826,-6.4405136,0.0,0.0,0.0,0.0,0.0
Ru-AHK,592,6.694679,-6.1022415,0.0,0.0,5.0,0.0,0.0
Ru-AHK,593,-9.353638,-3.1382575,0.0,0.0,0.0,0.0,0.0
Ru-AHK,594,-8.723184,-2.6005216,0.0,0.0,0.0,0.0,0.0
Ru-AHK,595,-9.500911,-3.3713355,0.0,0.0,0.0,0.0,0.0
Ru-AHK,596,-9.523857,-3.4721289,0.0,0.0,0.0,0.0,0.0
Ru-AHK,597,0.5981197,5.96278,0.0,0.0,5.0,0.0,0.0
Ru-AHK,598,6.3231397,-5.243926,0.0,0.0,3.0,0.0,0.0
Ru-AHK,599,2.176866,-4.013205,0.0,0.0,0.0,0.0,0.0
Ru-AHK,600,-1.7058108,-3.0895965,0.0,0.0,4.0,0.0,0.0
Ru-AHK,601,-3.4322865,-4.4350543,0.0,0.0,2.0,0.0,5.0
Ru-AHK,602,10.971172,-7.785733,0.0,0.0,5.0,0.0,0.0
Ru-AHK,603,1.1671174,-4.895983,0.0,0.0,5.0,0.0,0.0
Ru-AHK,604,-4.9479046,-3.563689,0.0,0.0,5.0,0.0,0.0
Ru-AHK,605,-6.8583336,7.054012,0.0,0.0,4.0,0.0,0.0
Ru-AHK,606,4.5520964,23.293863,0.0,0.0,0.0,0.0,0.0
Ru-AHK,607,16.041714,30.091602,1.0,5.0,5.0,5.0,0.0
Ru-AHK,608,11.180235,30.257425,1.0,5.0,3.0,5.0,0.0
Ru-AHK,609,10.127965,30.73548,1.0,5.0,5.0,5.0,0.0
Ru-AHK,610,13.7940035,30.119734,1.0,5.0,3.0,5.0,0.0
Ru-AHK,611,5.315154,23.275743,0.0,0.0,0.0,0.0,0.0
Ru-AHK,612,5.2828918,-5.369806,0.0,0.0,0.0,4.0,0.0
Ru-AHK,613,11.235916,29.915508,1.0,5.0,1.0,5.0,0.0
Ru-AHK,614,8.565673,30.728,1.0,5.0,4.0,5.0,0.0
Ru-AHK,615,7.459286,28.346174,1.0,5.0,4.0,5.0,0.0
Ru-AHK,616,3.837515,-5.261783,0.0,0.0,0.0,0.0,0.0
Ru-AHK,617,7.6542125,-6.6455774,0.0,0.0,5.0,0.0,5.0
Ru-AHK,618,19.408962,24.572763,1.0,5.0,0.0,5.0,0.0
Ru-AHK,619,21.927729,25.467447,1.0,5.0,0.0,5.0,0.0
Ru-AHK,620,-6.718576,6.311694,1.0,5.0,0.0,5.0,4.0
Ru-AHK,621,-0.87044287,-4.3934317,0.0,0.0,0.0,0.0,0.0
Ru-AHK,622,-6.836427,2.2634025,0.0,0.0,0.0,0.0,0.0
Ru-AHK,623,-7.097237,2.60683,0.0,0.0,0.0,0.0,0.0
Ru-AHK,624,-5.1340284,6.1973104,0.0,0.0,4.0,0.0,0.0
Ru-AHK,625,-8.439666,-0.1604647,0.0,0.0,0.0,0.0,0.0
Ru-AHK,626,-0.17857288,-3.214263,0.0,0.0,5.0,0.0,4.0
Ru-AHK,627,-9.565526,-3.4427195,0.0,0.0,0.0,0.0,0.0
Ru-AHK,628,-9.555911,-3.4495068,0.0,0.0,0.0,0.0,0.0
Ru-AHK,629,-2.4754305,-5.7320647,0.0,0.0,2.0,0.0,5.0
Ru-AHK,630,-6.8043747,2.2407787,0.0,0.0,0.0,0.0,0.0
Ru-AHK,631,-6.987815,2.3323627,0.0,0.0,0.0,0.0,0.0
Ru-AHK,632,18.815613,-12.224214,0.0,0.0,0.0,4.0,0.0
Ru-AHK,633,26.653708,-14.815402,0.0,0.0,0.0,4.0,0.0
Ru-AHK,634,-6.8300858,2.2218392,0.0,0.0,0.0,0.0,0.0
Ru-AHK,635,-4.651704,-4.8558764,0.0,0.0,2.0,0.0,5.0
Ru-AHK,636,-9.300881,-3.7479198,0.0,0.0,0.0,0.0,5.0
Ru-AHK,637,2.3911788,-5.6883254,0.0,0.0,0.0,0.0,0.0
Ru-AHK,638,3.9565387,-5.2471933,0.0,0.0,0.0,0.0,0.0
Ru-AHK,639,-9.026861,-2.9583998,0.0,0.0,0.0,0.0,5.0
Ru-AHK,640,3.3233793,-6.192028,0.0,0.0,0.0,0.0,0.0
Ru-AHK,641,-5.645399,-0.16680764,0.0,0.0,3.0,0.0,0.0
Ru-AHK,642,-3.9168723,-5.4159884,0.0,0.0,2.0,0.0,5.0
Ru-AHK,643,24.641811,-8.174581,1.0,5.0,0.0,5.0,0.0
Ru-AHK,644,-4.6993175,-5.117743,0.0,0.0,2.0,0.0,5.0
Ru-AHK,645,21.85136,-13.566264,0.0,0.0,0.0,0.0,0.0
Ru-AHK,646,-5.857043,0.2422279,0.0,0.0,4.0,0.0,0.0
Ru-AHK,647,-7.492813,-3.8427238,0.0,0.0,0.0,0.0,4.0
Ru-AHK,648,-6.8495817,6.075833,1.0,5.0,0.0,5.0,5.0
Ru-AHK,649,-9.274766,5.2763553,1.0,5.0,0.0,5.0,0.0
Ru-AHK,650,2.446492,-0.8193742,1.0,5.0,3.0,5.0,5.0
Ru-AHK,651,21.724266,-7.5638967,1.0,5.0,0.0,5.0,0.0
Ru-AHK,652,4.429816,18.629072,0.0,0.0,5.0,4.0,0.0
Ru-AHK,653,-7.202531,-4.558676,0.0,0.0,4.0,1.0,0.0
Ru-AHK,654,-9.48348,-4.14541,0.0,0.0,0.0,1.0,0.0
Ru-AHK,655,-2.193011,-4.833767,0.0,0.0,0.0,0.0,0.0
Ru-AHK,656,-4.4569225,-4.742391,0.0,0.0,2.0,0.0,0.0
Ru-AHK,657,-8.748606,-4.392055,0.0,0.0,0.0,0.0,4.0
Ru-AHK,658,-6.1356964,-4.36763,0.0,0.0,5.0,0.0,5.0
Ru-AHK,659,-4.1575727,-4.8158984,0.0,0.0,0.0,0.0,0.0
Ru-AHK,660,-8.093531,-3.7900028,0.0,0.0,0.0,0.0,5.0
Ru-AHK,661,-10.557796,-3.6175349,0.0,0.0,0.0,0.0,5.0
Ru-AHK,662,-6.27187,-2.6684084,0.0,0.0,0.0,0.0,0.0
Ru-AHK,663,-0.88936603,4.2525787,1.0,5.0,0.0,5.0,0.0
Ru-AHK,664,10.493797,-4.279371,0.0,0.0,0.0,0.0,0.0
Ru-AHK,665,-5.459232,-4.0856004,0.0,0.0,5.0,0.0,5.0
Ru-AHK,666,-3.5697122,-4.9419003,0.0,0.0,2.0,0.0,5.0
Ru-AHK,667,-1.534647,6.39153,1.0,5.0,5.0,0.0,5.0
Ru-AHK,668,-1.0687522,-4.4631853,0.0,0.0,5.0,0.0,1.0
Ru-AHK,669,-2.4494593,-5.5200815,0.0,0.0,0.0,0.0,0.0
Ru-AHK,670,-2.4174068,-5.5427065,0.0,0.0,0.0,0.0,0.0
Ru-AHK,671,20.707167,-7.4713044,1.0,5.0,0.0,5.0,0.0
Ru-AHK,672,-5.4946027,-4.609991,0.0,0.0,0.0,0.0,0.0
Ru-AHK,673,22.428438,-7.6587796,1.0,5.0,0.0,5.0,0.0
Ru-AHK,674,-9.025049,-5.0258417,0.0,0.0,0.0,0.0,0.0
Ru-AHK,675,-5.2616267,-4.6068234,0.0,0.0,0.0,0.0,0.0
Ru-AHK,676,-5.6853423,-4.640334,0.0,0.0,0.0,4.0,0.0
Ru-AHK,677,-2.4821463,18.887897,0.0,0.0,0.0,4.0,0.0
Ru-AHK,678,10.876768,-3.7736385,1.0,5.0,0.0,1.0,0.0
Ru-AHK,679,2.9556563,2.9056997,1.0,5.0,0.0,1.0,0.0
Ru-AHK,680,-5.2161093,-5.4755383,0.0,0.0,0.0,0.0,0.0
Ru-AHK,681,-9.136671,1.1723626,0.0,0.0,0.0,0.0,0.0
Ru-AHK,682,19.724955,-7.4419703,1.0,5.0,0.0,5.0,0.0
Ru-AHK,683,-6.660327,6.37879,1.0,5.0,0.0,5.0,4.0
Ru-AHK,684,22.280453,-0.2448875,1.0,5.0,0.0,5.0,0.0
Ru-AHK,685,15.843799,1.414643,1.0,5.0,0.0,5.0,0.0
Ru-AHK,686,14.079827,1.1669341,1.0,5.0,0.0,5.0,0.0
Ru-AHK,687,19.761862,0.2852805,1.0,5.0,0.0,5.0,0.0
Ru-AHK,688,12.507596,1.5152265,1.0,5.0,0.0,5.0,0.0
Ru-AHK,689,16.201189,1.3220079,1.0,5.0,5.0,5.0,0.0
Ru-AHK,690,11.860254,-3.6579804,1.0,5.0,0.0,5.0,0.0
Ru-AHK,691,-4.616211,-5.8449645,0.0,0.0,0.0,0.0,0.0
Ru-AHK,692,-1.6157053,-1.4021856,0.0,0.0,0.0,0.0,0.0
Ru-AHK,693,4.745477,4.7136364,1.0,5.0,3.0,0.0,5.0
Ru-AHK,694,-5.4832397,0.95894593,0.0,0.0,0.0,0.0,0.0
Ru-AHK,695,9.349111,-3.9924634,0.0,0.0,0.0,0.0,0.0
Ru-AHK,696,-3.567228,-1.1109695,0.0,0.0,0.0,0.0,0.0
Ru-AHK,697,29.485012,-13.273132,0.0,0.0,0.0,0.0,0.0
Ru-AHK,698,21.63114,-10.651925,0.0,0.0,0.0,0.0,0.0
Ru-AHK,699,28.5195,-12.319447,0.0,0.0,0.0,0.0,0.0
Ru-AHK,700,2.320372,4.995584,1.0,5.0,5.0,5.0,0.0
Ru-AHK,701,1.7756455,5.2522573,1.0,5.0,5.0,5.0,0.0
Ru-AHK,702,-0.99262106,-1.6120756,0.0,0.0,0.0,0.0,0.0
Ru-AHK,703,-6.295301,0.4031687,0.0,0.0,0.0,0.0,0.0
Ru-AHK,704,-3.630955,1.4348478,0.0,0.0,1.0,0.0,0.0
Ru-AHK,705,16.369894,-9.533073,0.0,0.0,0.0,0.0,0.0
Ru-AHK,706,38.756077,-16.584152,0.0,0.0,0.0,0.0,0.0
Ru-AHK,707,33.67372,-16.098988,0.0,0.0,0.0,0.0,0.0
Ru-AHK,708,-5.456073,0.17517878,0.0,0.0,0.0,0.0,0.0
Ru-AHK,709,-6.295529,0.4030011,0.0,0.0,0.0,0.0,0.0
Ru-AHK,710,0.15120046,-5.489689,0.0,0.0,0.0,0.0,5.0
Ru-AHK,711,-4.45294,-0.09858218,0.0,0.0,0.0,0.0,0.0
Ru-AHK,712,33.492916,-15.777212,0.0,0.0,0.0,0.0,0.0
Ru-AHK,713,33.57343,-16.25603,0.0,0.0,0.0,0.0,0.0
Ru-AHK,714,-9.444818,-2.9953535,0.0,0.0,0.0,4.0,5.0
Ru-AHK,715,-5.3253484,-4.1089315,0.0,0.0,0.0,0.0,0.0
Ru-AHK,716,-5.2831016,-5.0919127,0.0,0.0,0.0,0.0,0.0
Ru-AHK,717,12.039177,-5.0262794,1.0,5.0,0.0,5.0,0.0
Ru-AHK,718,0.19992673,-6.4502354,0.0,0.0,0.0,4.0,0.0
Ru-AHK,719,-1.9278672,-4.4861193,0.0,0.0,5.0,0.0,5.0
Ru-AHK,720,2.6011388,-5.7600346,0.0,0.0,0.0,0.0,4.0
Ru-AHK,721,-1.9326859,-4.482156,0.0,0.0,5.0,0.0,5.0
Ru-AHK,722,-1.8949907,-4.5104494,0.0,0.0,5.0,0.0,5.0
Ru-AHK,723,-8.837117,-4.6711965,0.0,0.0,0.0,0.0,5.0
Ru-AHK,724,-8.080487,-3.9742374,0.0,0.0,3.0,0.0,0.0
Ru-AHK,725,-7.950471,-4.720584,0.0,0.0,3.0,0.0,3.0
Ru-AHK,726,-2.3346279,-5.359228,0.0,0.0,0.0,5.0,5.0
Ru-AHK,727,-6.77291,-3.126485,0.0,0.0,1.0,0.0,5.0
Ru-AHK,728,-3.8482382,-3.1233313,0.0,0.0,5.0,0.0,5.0
Ru-AHK,729,-7.9433455,-3.022629,0.0,0.0,0.0,0.0,5.0
Ru-AHK,730,13.989654,-5.2647243,0.0,0.0,0.0,0.0,0.0
Ru-AHK,731,-4.872298,3.8340094,0.0,0.0,0.0,0.0,0.0
Ru-AHK,732,8.34042,15.01892,0.0,0.0,0.0,0.0,0.0
Ru-AHK,733,-9.568733,-3.4404573,0.0,0.0,0.0,0.0,0.0
Ru-AHK,734,13.404412,-8.042458,0.0,0.0,5.0,0.0,0.0
Ru-AHK,735,-0.2749085,-4.558694,0.0,0.0,5.0,0.0,0.0
Ru-AHK,736,-9.111956,-3.4491873,0.0,0.0,0.0,0.0,5.0
Ru-AHK,737,-9.138368,-3.2089882,0.0,0.0,0.0,0.0,0.0
Ru-AHK,738,-7.7291975,-3.4704902,0.0,0.0,4.0,0.0,0.0
Ru-AHK,739,-3.6336803,6.2783756,0.0,0.0,5.0,0.0,0.0
Ru-AHK,740,-2.8930628,6.3874097,0.0,0.0,0.0,0.0,0.0
Ru-AHK,741,-9.668751,-3.4778388,0.0,0.0,0.0,0.0,5.0
Ru-AHK,742,-1.396428,-4.5390854,0.0,0.0,5.0,0.0,0.0
Ru-AHK,743,2.8810415,-5.941626,0.0,0.0,5.0,0.0,0.0
Ru-AHK,744,-7.114942,6.6996255,0.0,0.0,0.0,0.0,0.0
Ru-AHK,745,-9.437384,-3.077769,0.0,0.0,0.0,0.0,0.0
Ru-AHK,746,-3.910012,-4.133812,0.0,0.0,5.0,0.0,0.0
Ru-AHK,747,22.256746,25.087358,1.0,5.0,0.0,5.0,0.0
Ru-AHK,748,11.114433,29.983915,1.0,5.0,4.0,5.0,0.0
Ru-AHK,749,22.30132,25.044724,1.0,5.0,0.0,5.0,0.0
Ru-AHK,750,1.4838173,3.5127618,0.0,0.0,0.0,0.0,0.0
Ru-AHK,751,-5.674059,1.876749,0.0,0.0,0.0,0.0,0.0
Ru-AHK,752,25.326204,24.298178,1.0,5.0,0.0,5.0,0.0
Ru-AHK,753,20.259945,26.311907,1.0,5.0,0.0,5.0,0.0
Ru-AHK,754,20.530333,26.94402,1.0,5.0,0.0,5.0,0.0
Ru-AHK,755,-9.5678625,-3.444441,0.0,0.0,0.0,0.0,0.0
Ru-AHK,756,-7.2037096,-4.055525,0.0,0.0,5.0,5.0,0.0
Ru-AHK,757,10.303263,29.950737,1.0,5.0,4.0,5.0,0.0
Ru-AHK,758,-9.223649,-3.1216784,0.0,0.0,0.0,0.0,0.0
Ru-AHK,759,-9.539548,-3.4708297,0.0,0.0,0.0,0.0,0.0
Ru-AHK,760,-9.158414,-3.0502524,0.0,0.0,0.0,0.0,0.0
Ru-AHK,761,-11.451023,-6.012065,0.0,0.0,0.0,0.0,0.0
Ru-AHK,762,14.534647,29.282276,1.0,5.0,5.0,5.0,0.0
Ru-AHK,763,3.0822465,-5.6392565,0.0,0.0,0.0,0.0,3.0
Ru-AHK,764,2.016125,-5.254212,0.0,0.0,0.0,0.0,5.0
Ru-AHK,765,2.0490007,-5.278542,0.0,0.0,0.0,0.0,5.0
Ru-AHK,766,-5.144043,-0.8616417,0.0,0.0,0.0,0.0,0.0
Ru-AHK,767,-5.964948,-1.8322613,0.0,0.0,0.0,0.0,0.0
Ru-AHK,768,2.011306,-5.2502484,0.0,0.0,0.0,0.0,5.0
Ru-AHK,769,3.3377187,23.756302,0.0,0.0,0.0,0.0,0.0
Ru-AHK,770,5.993693,-6.193291,0.0,0.0,1.0,0.0,0.0
Ru-AHK,771,6.0782685,-6.298974,0.0,0.0,1.0,0.0,0.0
Ru-AHK,772,5.435871,23.636827,0.0,0.0,0.0,0.0,0.0
Ru-AHK,773,5.105459,-6.2787895,0.0,0.0,0.0,0.0,0.0
Ru-AHK,774,3.7544737,-5.9534802,0.0,0.0,0.0,0.0,0.0
Ru-AHK,775,2.9623435,-4.6817255,0.0,0.0,0.0,0.0,0.0
Ru-AHK,776,2.2622402,-5.9360213,0.0,0.0,0.0,0.0,0.0
Ru-AHK,777,3.72973,-6.270614,0.0,0.0,0.0,0.0,0.0
Ru-AHK,778,21.853767,-13.567964,0.0,0.0,0.0,0.0,0.0
Ru-AHK,779,-4.8968854,4.866405,1.0,5.0,0.0,5.0,0.0
Ru-AHK,780,-0.91614413,3.2180748,1.0,5.0,0.0,5.0,0.0
Ru-AHK,781,0.27256003,2.8440027,1.0,5.0,0.0,5.0,0.0
Ru-AHK,782,-9.136801,1.1722664,0.0,0.0,0.0,0.0,0.0
Ru-AHK,783,1.9083042,-7.4010305,0.0,0.0,0.0,4.0,0.0
Ru-AHK,784,-6.816121,6.1434793,1.0,5.0,0.0,5.0,5.0
Ru-AHK,785,-4.9118385,-4.0531797,0.0,0.0,0.0,0.0,0.0
Ru-AHK,786,-6.6495724,6.3774524,1.0,5.0,0.0,5.0,4.0
Ru-AHK,787,-6.6908426,-3.4769256,0.0,0.0,0.0,0.0,0.0
Ru-AHK,788,1.9608347,-5.3159647,0.0,0.0,0.0,0.0,0.0
Ru-AHK,789,-9.556038,-3.4438987,0.0,0.0,0.0,0.0,0.0
Ru-AHK,790,-5.4782863,-3.832541,0.0,0.0,5.0,0.0,5.0
Ru-AHK,791,-9.504652,-3.8218973,0.0,0.0,3.0,0.0,0.0
Ru-AHK,792,-2.943802,-5.302853,0.0,0.0,2.0,0.0,3.0
Ru-AHK,793,-7.391266,-4.251523,0.0,0.0,1.0,0.0,0.0
Ru-AHK,794,2.7072408,4.8266125,0.0,0.0,4.0,0.0,0.0
Ru-AHK,795,1.012518,-5.7449627,0.0,0.0,0.0,0.0,5.0
Ru-AHK,796,0.15552567,-5.5071507,0.0,0.0,0.0,0.0,5.0
Ru-AHK,797,2.047547,-5.8778563,0.0,0.0,1.0,0.0,5.0
Ru-AHK,798,-8.15241,-4.025914,0.0,0.0,5.0,0.0,0.0
Ru-AHK,799,-7.3912926,-4.251543,0.0,0.0,1.0,0.0,0.0
Ru-AHK,800,-8.734557,-4.4086947,0.0,0.0,0.0,0.0,0.0
Ru-AHK,801,12.342965,23.728186,1.0,5.0,5.0,5.0,0.0
Ru-AHK,802,0.13222119,-5.4873295,0.0,0.0,0.0,0.0,5.0
Ru-AHK,803,23.668621,-7.4229136,1.0,5.0,0.0,0.0,0.0
Ru-AHK,804,-6.0639453,-4.558275,0.0,0.0,4.0,0.0,0.0
Ru-AHK,805,-8.700754,-3.5529742,0.0,0.0,0.0,0.0,0.0
Ru-AHK,806,-0.46612257,-6.383302,0.0,0.0,0.0,0.0,5.0
Ru-AHK,807,-0.6716572,3.4873285,1.0,5.0,5.0,1.0,0.0
Ru-AHK,808,-4.4309826,-4.8720613,0.0,0.0,0.0,0.0,1.0
Ru-AHK,809,-8.327169,-3.3931963,0.0,0.0,0.0,0.0,5.0
Ru-AHK,810,-10.98838,-3.7245152,0.0,0.0,0.0,0.0,0.0
Ru-AHK,811,-7.726962,-4.1253786,0.0,0.0,0.0,0.0,0.0
Ru-AHK,812,-10.545019,-2.9787378,0.0,0.0,0.0,0.0,0.0
Ru-AHK,813,-0.16755125,5.176656,1.0,5.0,4.0,1.0,0.0
Ru-AHK,814,24.724058,-8.512936,1.0,5.0,0.0,5.0,0.0
Ru-AHK,815,24.689579,-8.487574,1.0,5.0,0.0,5.0,0.0
Ru-AHK,816,-9.136671,1.1723626,0.0,0.0,0.0,0.0,0.0
Ru-AHK,817,-3.5039456,-0.08546951,0.0,0.0,5.0,0.0,0.0
Ru-AHK,818,6.27549,-2.0765035,1.0,5.0,0.0,1.0,0.0
Ru-AHK,819,1.9219514,-7.54734,0.0,0.0,0.0,4.0,0.0
Ru-AHK,820,-1.0397588,0.77251196,1.0,5.0,5.0,0.0,5.0
Ru-AHK,821,-1.0492246,-0.19989309,1.0,5.0,5.0,5.0,5.0
Ru-AHK,822,-3.5878172,0.50490814,0.0,0.0,5.0,0.0,0.0
Ru-AHK,823,-5.939097,0.60554576,0.0,0.0,0.0,0.0,0.0
Ru-AHK,824,-9.142931,1.1731967,0.0,0.0,0.0,0.0,0.0
Ru-AHK,825,-9.972228,2.8265886,0.0,0.0,0.0,0.0,0.0
Ru-AHK,826,1.8135172,0.5163933,1.0,5.0,3.0,0.0,1.0
Ru-AHK,827,22.282223,-6.74141,1.0,5.0,0.0,0.0,0.0
Ru-AHK,828,-8.506384,-3.8644924,0.0,0.0,0.0,0.0,5.0
Ru-AHK,829,-7.3632,-3.7405584,0.0,0.0,5.0,0.0,0.0
Ru-AHK,830,-4.997578,-5.805576,0.0,0.0,0.0,0.0,0.0
Ru-AHK,831,-7.9938855,-2.394638,0.0,0.0,0.0,0.0,0.0
Ru-AHK,832,23.001211,-7.468504,0.0,0.0,0.0,0.0,0.0
Ru-AHK,833,22.505945,-8.878766,0.0,0.0,0.0,0.0,0.0
Ru-AHK,834,-4.115475,-0.04893611,0.0,0.0,0.0,0.0,0.0
Ru-AHK,835,-2.4603748,0.061749022,0.0,0.0,5.0,0.0,0.0
Ru-AHK,836,-5.876135,2.9245114,0.0,0.0,0.0,0.0,0.0
Ru-AHK,837,-6.2872005,0.39757702,0.0,0.0,0.0,0.0,0.0
Ru-AHK,838,-5.371924,0.028137932,0.0,0.0,0.0,0.0,0.0
Ru-AHK,839,-6.2236147,0.35194683,0.0,0.0,0.0,0.0,0.0
Ru-AHK,840,38.775238,-16.594336,0.0,0.0,0.0,0.0,0.0
Ru-AHK,841,21.843138,-13.565243,0.0,0.0,0.0,0.0,0.0
Ru-AHK,842,20.540686,-7.7614775,1.0,5.0,0.0,5.0,0.0
Ru-AHK,843,-9.13706,1.1720755,0.0,0.0,0.0,0.0,0.0
Ru-AHK,844,-4.6278033,3.3480806,1.0,5.0,0.0,5.0,0.0
Ru-AHK,845,7.7402887,28.791414,1.0,5.0,4.0,5.0,0.0
Ru-AHK,846,-4.639069,-6.297705,0.0,0.0,0.0,0.0,0.0
Ru-AHK,847,-8.415233,-4.266637,0.0,0.0,0.0,0.0,0.0
Ru-AHK,848,-5.8448763,-2.3890245,0.0,0.0,5.0,0.0,0.0
Ru-AHK,849,23.389336,-18.3347,0.0,0.0,0.0,4.0,0.0
Ru-AHK,850,16.245058,0.47497562,1.0,5.0,2.0,5.0,0.0
Ru-AHK,851,14.521107,0.8368851,1.0,5.0,0.0,5.0,0.0
Ru-AHK,852,18.253567,0.44924584,1.0,5.0,0.0,5.0,0.0
Ru-AHK,853,11.457961,1.6399584,1.0,5.0,0.0,5.0,0.0
Ru-AHK,854,11.433921,1.6569263,1.0,5.0,0.0,5.0,0.0
Ru-AHK,855,19.169266,0.6325484,1.0,5.0,0.0,5.0,0.0
Ru-AHK,856,11.627518,3.774441,1.0,5.0,0.0,5.0,0.0
Ru-AHK,857,11.44995,1.6456145,1.0,5.0,0.0,5.0,0.0
Ru-AHK,858,-6.7929215,-4.9913583,0.0,0.0,0.0,0.0,5.0
Ru-AHK,859,2.6637492,-4.599176,0.0,0.0,0.0,0.0,0.0
Ru-AHK,860,23.289898,-7.518438,1.0,5.0,0.0,5.0,0.0
Ru-AHK,861,21.809288,-12.847488,0.0,0.0,0.0,0.0,0.0
Ru-AHK,862,-5.471945,-4.263422,0.0,0.0,0.0,0.0,0.0
Ru-AHK,863,21.772034,-7.876887,1.0,5.0,0.0,5.0,0.0
Ru-AHK,864,-7.990658,-2.3949838,0.0,0.0,0.0,0.0,0.0
Ru-AHK,865,-4.576331,4.085331,0.0,0.0,0.0,0.0,0.0
Ru-AHK,866,-1.775725,4.241466,0.0,0.0,5.0,0.0,0.0
Ru-AHK,867,-5.043321,-4.43952,0.0,0.0,0.0,0.0,5.0
Ru-AHK,868,2.2601619,-5.937552,0.0,0.0,0.0,0.0,0.0
Ru-AHK,869,-6.3118143,-4.8705816,0.0,0.0,0.0,0.0,5.0
Ru-AHK,870,-4.0212593,1.6718204,0.0,0.0,4.0,0.0,0.0
Ru-AHK,871,3.6733835,-4.4443593,0.0,0.0,1.0,0.0,0.0
Ru-AHK,872,-1.8056746,-3.677759,0.0,0.0,0.0,0.0,0.0
Ru-AHK,873,-4.7874126,1.8273618,0.0,0.0,3.0,0.0,0.0
Ru-AHK,874,-5.73595,2.0048873,0.0,0.0,0.0,0.0,0.0
Ru-AHK,875,2.4858065,-7.925073,0.0,0.0,0.0,0.0,0.0
Ru-AHK,876,-8.851583,-3.189708,0.0,0.0,0.0,0.0,0.0
Ru-AHK,877,-4.9990582,2.2363985,0.0,0.0,4.0,0.0,0.0
Ru-AHK,878,-2.8287988,2.3587937,0.0,0.0,0.0,0.0,0.0
Ru-AHK,879,-1.5106175,-3.4244637,0.0,0.0,0.0,0.0,0.0
Ru-AHK,880,-10.017222,0.21866338,0.0,0.0,0.0,0.0,0.0
Ru-AHK,881,-9.198506,-3.147309,0.0,0.0,0.0,0.0,0.0
Ru-AHK,882,-8.439901,-0.16063733,0.0,0.0,0.0,0.0,0.0
Ru-AHK,883,-7.028783,0.41280335,0.0,0.0,0.0,0.0,0.0
Ru-AHK,884,2.4403243,-7.889224,0.0,0.0,0.0,0.0,0.0
Ru-AHK,885,17.221954,15.326018,1.0,5.0,0.0,5.0,0.0
Ru-AHK,886,-9.076788,1.0468313,0.0,0.0,0.0,0.0,1.0
Ru-AHK,887,-8.095884,2.2886548,0.0,0.0,0.0,0.0,0.0
Ru-AHK,888,-8.948797,-0.017227942,0.0,0.0,0.0,0.0,0.0
Ru-AHK,889,-5.703257,-6.612466,0.0,0.0,2.0,0.0,0.0
Ru-AHK,890,23.00086,24.931053,1.0,5.0,0.0,5.0,0.0
Ru-AHK,891,-6.8516397,4.6077704,0.0,0.0,0.0,0.0,0.0
Ru-AHK,892,10.437406,30.55297,1.0,5.0,4.0,5.0,0.0
Ru-AHK,893,13.995411,29.942097,1.0,5.0,4.0,5.0,0.0
Ru-AHK,894,-7.0468907,2.4801848,0.0,0.0,0.0,0.0,0.0
Ru-AHK,895,-10.135028,-1.4843099,0.0,0.0,0.0,0.0,0.0
Ru-AHK,896,-2.645961,1.9087008,0.0,0.0,5.0,0.0,0.0
Ru-AHK,897,3.9077053,-4.1414876,0.0,0.0,0.0,0.0,0.0
Ru-AHK,898,-3.731304,-4.013569,0.0,0.0,2.0,0.0,5.0
Ru-AHK,899,9.117575,-6.548217,0.0,0.0,2.0,4.0,0.0
Ru-AHK,900,23.893759,24.437115,1.0,5.0,0.0,5.0,0.0
Ru-AHK,901,-4.175285,-4.5265946,0.0,0.0,2.0,0.0,5.0
Ru-AHK,902,-5.151796,-3.346175,0.0,0.0,5.0,0.0,5.0
Ru-AHK,903,4.0912213,-4.522414,0.0,0.0,5.0,0.0,5.0
Ru-AHK,904,-7.9805956,-2.727051,0.0,0.0,0.0,0.0,5.0
Ru-AHK,905,1.0076871,-4.2992463,0.0,0.0,0.0,0.0,0.0
Ru-AHK,906,2.910458,-5.054401,0.0,0.0,0.0,0.0,0.0
Ru-AHK,907,0.6718144,16.729208,0.0,0.0,0.0,4.0,0.0
Ru-AHK,908,-1.4441632,6.201167,1.0,5.0,5.0,0.0,5.0
Ru-AHK,909,20.754936,-7.7842956,1.0,5.0,0.0,5.0,0.0
Ru-AHK,910,-2.433911,30.349188,1.0,5.0,5.0,1.0,0.0
Ru-AHK,911,-0.6685478,1.8835448,1.0,5.0,5.0,1.0,0.0
Ru-AHK,912,-2.3487508,-5.4683223,0.0,0.0,0.0,0.0,0.0
Ru-AHK,913,-9.1492195,1.1740122,0.0,0.0,0.0,0.0,0.0
Ru-AHK,914,-6.0193367,-4.295843,0.0,0.0,5.0,0.0,5.0
Ru-AHK,915,-4.2667913,-1.4843117,1.0,5.0,0.0,0.0,0.0
Ru-AHK,916,-2.465545,-2.7161326,1.0,5.0,0.0,0.0,0.0
Ru-AHK,917,-4.688636,-6.1366305,0.0,0.0,0.0,0.0,3.0
Ru-AHK,918,-7.6985435,-3.052258,0.0,0.0,0.0,0.0,0.0
Ru-AHK,919,-6.2333837,22.29693,0.0,0.0,0.0,4.0,0.0
Ru-AHK,920,0.8098422,20.580597,0.0,0.0,0.0,4.0,0.0
Ru-AHK,921,16.459042,-2.3408208,1.0,5.0,0.0,1.0,0.0
Ru-AHK,922,11.228488,-3.6449287,1.0,5.0,0.0,0.0,0.0
Ru-AHK,923,5.6324472,-2.1878247,0.0,0.0,0.0,0.0,0.0
Ru-AHK,924,-9.54971,-3.4446843,0.0,0.0,0.0,0.0,0.0
Ru-AHK,925,-9.316098,-1.8083669,0.0,0.0,0.0,4.0,5.0
Ru-AHK,926,-4.8614316,-2.9361145,0.0,0.0,5.0,0.0,0.0
Ru-AHK,927,6.490548,25.206556,1.0,5.0,5.0,5.0,0.0
Ru-AHK,928,1.83698,-5.455498,0.0,0.0,4.0,0.0,5.0
Ru-AHK,929,11.443623,1.6464008,1.0,5.0,0.0,5.0,0.0
Ru-AHK,930,-7.94601,-2.4718394,0.0,0.0,0.0,0.0,0.0
Ru-AHK,931,-4.5034995,0.0935823,0.0,0.0,0.0,0.0,0.0
Ru-AHK,932,0.55071056,0.66853756,0.0,0.0,5.0,0.0,0.0
Ru-AHK,933,23.180088,-9.10103,0.0,0.0,0.0,0.0,0.0
Ru-AHK,934,20.802223,-8.583745,0.0,0.0,0.0,0.0,0.0
Ru-AHK,935,24.63652,-9.128424,0.0,0.0,0.0,0.0,0.0
Ru-AHK,936,20.27351,-8.585037,0.0,0.0,0.0,0.0,0.0
Ru-AHK,937,23.394497,-8.661627,0.0,0.0,0.0,0.0,0.0
Ru-AHK,938,34.04393,-16.167711,0.0,0.0,0.0,0.0,0.0
Ru-AHK,939,2.1111557,4.7356496,1.0,5.0,0.0,1.0,0.0
Ru-AHK,940,5.8321166,16.661612,0.0,0.0,5.0,4.0,0.0
Ru-AHK,941,-9.142996,1.1731485,0.0,0.0,0.0,0.0,0.0
Ru-AHK,942,-0.51337826,2.3352518,1.0,5.0,5.0,1.0,0.0
Ru-AHK,943,-9.377731,-3.7507412,0.0,0.0,0.0,0.0,0.0
Ru-AHK,944,23.337667,-7.831432,1.0,5.0,0.0,5.0,0.0
Ru-AHK,945,-3.9004455,-5.7486033,0.0,0.0,2.0,0.0,5.0
Ru-AHK,946,-10.876693,-3.188089,0.0,0.0,0.0,0.0,0.0
Ru-AHK,947,-8.016949,-2.8347895,0.0,0.0,0.0,0.0,0.0
Ru-AHK,948,24.475332,-8.464754,1.0,5.0,0.0,5.0,0.0
Ru-AHK,949,21.849466,-13.566028,0.0,0.0,0.0,0.0,0.0
Ru-AHK,950,1.8974888,-5.168217,0.0,0.0,0.0,0.0,4.0
Ru-AHK,951,-2.5127783,-5.3723145,0.0,0.0,0.0,0.0,0.0
Ru-AHK,952,-9.148689,1.1808468,0.0,0.0,0.0,0.0,0.0
Ru-AHK,953,1.6615213,-8.361017,0.0,0.0,0.0,4.0,0.0
Ru-AHK,954,12.513665,1.3852888,1.0,5.0,0.0,5.0,0.0
Ru-AHK,955,1.6745067,-8.351454,0.0,0.0,0.0,4.0,0.0
Ru-AHK,956,-7.498646,2.5518143,0.0,0.0,0.0,0.0,0.0
Ru-AHK,957,-2.3264713,2.939838,0.0,0.0,0.0,0.0,0.0
Ru-AHK,958,-6.6804423,2.512906,0.0,0.0,0.0,0.0,0.0
Ru-AHK,959,10.209201,30.621088,1.0,5.0,5.0,5.0,0.0
Ru-AHK,960,-4.550013,-5.8327265,0.0,0.0,0.0,0.0,5.0
Ru-AHK,961,-3.790487,-1.2684225,0.0,0.0,2.0,0.0,4.0
Ru-AHK,962,-0.5776422,0.7536932,0.0,0.0,2.0,0.0,0.0
Ru-AHK,963,4.0140414,-5.6964097,0.0,0.0,0.0,0.0,0.0
Ru-AHK,964,2.4704685,-4.0500216,0.0,0.0,4.0,0.0,0.0
Ru-AHK,965,-9.251602,-1.9078037,0.0,0.0,0.0,0.0,5.0
Ru-AHK,966,11.03824,-9.449697,0.0,0.0,0.0,4.0,0.0
Ru-AHK,967,-10.314391,-3.0342531,0.0,0.0,0.0,0.0,0.0
Ru-AHK,968,15.718129,21.359203,0.0,0.0,5.0,0.0,0.0
Ru-AHK,969,-5.644048,-1.9777279,0.0,0.0,5.0,0.0,0.0
Ru-AHK,970,-7.589521,-1.9256576,0.0,0.0,0.0,0.0,0.0
Ru-AHK,971,-6.7371264,-2.034584,0.0,0.0,0.0,0.0,0.0
Ru-AHK,972,-5.9689665,-3.2024927,0.0,0.0,5.0,0.0,5.0
Ru-AHK,973,-0.4172878,-2.7117589,0.0,0.0,4.0,0.0,3.0
Ru-AHK,974,-7.997144,-1.6500304,0.0,0.0,4.0,0.0,0.0
Ru-AHK,975,13.810257,21.435266,0.0,0.0,0.0,0.0,0.0
Ru-AHK,976,-8.672146,-2.0096798,0.0,0.0,0.0,0.0,0.0
Ru-AHK,977,5.1748967,-0.8669031,0.0,0.0,0.0,0.0,0.0
Ru-AHK,978,15.919961,5.6547093,1.0,5.0,0.0,5.0,0.0
Ru-AHK,979,-9.480192,0.5516192,0.0,0.0,0.0,0.0,0.0
Ru-AHK,980,-7.9200625,4.843661,0.0,0.0,0.0,0.0,0.0
Ru-AHK,981,11.023096,21.971315,0.0,0.0,0.0,0.0,0.0
Ru-AHK,982,12.732318,21.977493,0.0,0.0,0.0,0.0,0.0
Ru-AHK,983,-6.8288097,-3.0676138,0.0,0.0,5.0,0.0,0.0
Ru-AHK,984,-7.124609,-4.624107,0.0,0.0,0.0,0.0,5.0
Ru-AHK,985,25.025972,23.05628,1.0,5.0,0.0,5.0,0.0
Ru-AHK,986,-9.997188,0.20452325,0.0,0.0,0.0,0.0,0.0
Ru-AHK,987,-9.948222,-2.4958758,0.0,0.0,0.0,0.0,5.0
Ru-AHK,988,-4.113532,-3.212107,0.0,0.0,0.0,0.0,2.0
Ru-AHK,989,1.4815943,-5.2634897,0.0,0.0,0.0,0.0,0.0
Ru-AHK,990,-5.4166245,-0.14364125,0.0,0.0,4.0,0.0,0.0
Ru-AHK,991,-4.7776546,-4.6521497,0.0,0.0,2.0,0.0,0.0
Ru-AHK,992,1.0111628,1.916726,1.0,5.0,5.0,0.0,5.0
Ru-AHK,993,-7.793997,0.9626591,0.0,0.0,0.0,0.0,0.0
Ru-AHK,994,-10.788572,2.360063,0.0,0.0,0.0,0.0,0.0
Ru-AHK,995,-4.204145,-2.5632656,0.0,0.0,0.0,0.0,0.0
Ru-AHK,996,-2.787208,-3.8431728,0.0,0.0,0.0,0.0,0.0
Ru-AHK,997,3.3839402,-3.7566292,0.0,0.0,0.0,0.0,0.0
Ru-AHK,998,-4.946205,0.817661,0.0,0.0,5.0,0.0,0.0
Ru-AHK,999,-6.199115,-4.139049,0.0,0.0,5.0,0.0,0.0
Ru-AHK,1000,24.509815,-8.490119,1.0,5.0,0.0,5.0,0.0
Ru-AHK,1001,-4.358164,3.8910656,1.0,5.0,0.0,5.0,0.0
Ru-AHK,1002,3.8225846,2.044356,1.0,5.0,1.0,5.0,0.0
Ru-AHK,1003,-5.191386,-4.636609,0.0,0.0,5.0,0.0,5.0
Ru-AHK,1004,-8.217856,-2.5986147,0.0,0.0,0.0,0.0,0.0
Ru-AHK,1005,-6.491971,-0.82840884,0.0,0.0,0.0,5.0,0.0
Ru-AHK,1006,19.702923,-7.2164855,1.0,5.0,0.0,0.0,0.0
Ru-AHK,1007,-8.011477,-5.004074,0.0,0.0,0.0,0.0,0.0
Ru-AHK,1008,5.336593,28.367317,1.0,5.0,0.0,1.0,0.0
Ru-AHK,1009,-0.3490839,2.7017128,1.0,5.0,5.0,1.0,0.0
Ru-AHK,1010,-7.694217,0.26937655,0.0,0.0,0.0,0.0,0.0
Ru-AHK,1011,-5.1831474,-2.6982224,0.0,0.0,5.0,5.0,5.0
Ru-AHK,1012,-8.538322,-1.6418275,0.0,0.0,0.0,0.0,0.0
Ru-AHK,1013,-4.3820796,-0.0534502,0.0,0.0,0.0,0.0,0.0
Ru-AHK,1014,-0.92312247,-0.15937735,0.0,0.0,0.0,0.0,0.0
Ru-AHK,1015,33.39589,-15.360404,0.0,0.0,0.0,0.0,0.0
Ru-AHK,1016,21.843107,-7.820866,0.0,0.0,0.0,0.0,0.0
Ru-AHK,1017,-6.982455,-4.4243674,0.0,0.0,4.0,0.0,0.0
Ru-AHK,1018,6.385504,25.340906,1.0,5.0,5.0,5.0,0.0
Ru-AHK,1019,6.382164,24.460672,1.0,5.0,5.0,5.0,0.0
Ru-AHK,1020,-8.836685,-3.9675543,0.0,0.0,4.0,0.0,0.0
Ru-AHK,1021,8.467609,-8.138027,0.0,0.0,5.0,0.0,0.0
Ru-AHK,1022,-9.540078,-3.933415,0.0,0.0,0.0,0.0,0.0
Ru-AHK,1023,5.3418508,-6.662957,0.0,0.0,5.0,0.0,0.0
Ru-AHK,1024,-1.6269484,-6.22426,0.0,0.0,0.0,4.0,5.0
Ru-AHK,1025,-9.714327,-3.5747426,0.0,0.0,0.0,0.0,0.0
Ru-AHK,1026,-9.484335,-2.500119,0.0,0.0,0.0,0.0,0.0
Ru-AHK,1027,21.557785,-7.8540688,1.0,5.0,0.0,5.0,0.0
Ru-AHK,1028,2.8844888,-5.8298054,0.0,0.0,0.0,0.0,0.0
Ru-AHK,1029,-6.532045,-0.11742095,0.0,0.0,0.0,0.0,0.0
Ru-AHK,1030,2.061517,-5.2642245,0.0,0.0,0.0,0.0,0.0
Ru-AHK,1031,22.476202,-7.971772,1.0,5.0,0.0,5.0,0.0
Ru-AHK,1032,-4.710661,-5.0357766,0.0,0.0,2.0,0.0,1.0
Ru-AHK,1033,10.419848,30.335245,1.0,5.0,4.0,5.0,0.0
Ru-AHK,1034,-4.883095,-0.40549698,0.0,0.0,5.0,0.0,2.0
Ru-AHK,1035,27.857924,23.519617,1.0,5.0,0.0,5.0,0.0
Ru-AHK,1036,-2.2232437,3.262119,0.0,0.0,4.0,0.0,0.0
Ru-AHK,1037,5.121858,23.668627,0.0,0.0,0.0,0.0,0.0
Ru-AHK,1038,-5.757757,-2.850577,0.0,0.0,5.0,0.0,5.0
Ru-AHK,1039,-8.549835,-0.11600645,0.0,0.0,0.0,0.0,0.0
Ru-AHK,1040,5.131709,23.484804,0.0,0.0,0.0,0.0,0.0
Ru-AHK,1041,3.3655984,-5.7090287,0.0,0.0,0.0,0.0,0.0
Ru-AHK,1042,6.949536,-4.6692824,0.0,0.0,5.0,0.0,0.0
Ru-AHK,1043,8.047903,-5.4156322,0.0,0.0,0.0,0.0,0.0
Ru-AHK,1044,0.58007884,-4.355673,0.0,0.0,5.0,0.0,5.0
Ru-AHK,1045,-6.3986583,-2.5849063,0.0,0.0,5.0,0.0,5.0
Ru-AHK,1046,5.0386386,-4.6167893,0.0,0.0,5.0,0.0,0.0
Ru-AHK,1047,-0.7296732,-7.1374497,0.0,0.0,0.0,4.0,0.0
Ru-AHK,1048,-10.274323,-3.0625334,0.0,0.0,0.0,0.0,1.0
Ru-AHK,1049,-3.7639253,-4.137092,0.0,0.0,0.0,0.0,0.0
Ru-AHK,1050,-6.323201,-3.8005705,0.0,0.0,4.0,0.0,0.0
Ru-AHK,1051,-6.3859334,-2.5755322,0.0,0.0,5.0,0.0,5.0
Ru-AHK,1052,13.269594,-6.1071763,0.0,0.0,0.0,0.0,0.0
Ru-AHK,1053,-10.274323,-3.0625334,0.0,0.0,0.0,0.0,1.0
Ru-AHK,1054,5.19231,-4.6836405,0.0,0.0,4.0,0.0,0.0
Ru-AHK,1055,2.1729484,-4.1494756,0.0,0.0,0.0,0.0,5.0
Ru-AHK,1056,-8.854853,-0.16799004,0.0,0.0,0.0,0.0,0.0
Ru-AHK,1057,20.368958,25.38645,1.0,5.0,0.0,5.0,0.0
Ru-AHK,1058,21.132494,24.43831,1.0,5.0,0.0,5.0,0.0
Ru-AHK,1059,-7.841282,-0.14622162,0.0,0.0,0.0,0.0,0.0
Ru-AHK,1060,-0.16835697,-3.7705507,0.0,0.0,0.0,0.0,0.0
Ru-AHK,1061,-1.5994295,-4.236583,0.0,0.0,0.0,0.0,0.0
Ru-AHK,1062,4.201365,-4.527395,0.0,0.0,5.0,0.0,0.0
Ru-AHK,1063,-7.8441634,-2.5292513,0.0,0.0,0.0,0.0,0.0
Ru-AHK,1064,9.184721,22.8198,0.0,0.0,0.0,0.0,0.0
Ru-AHK,1065,10.995393,22.070702,0.0,0.0,0.0,0.0,0.0
Ru-AHK,1066,-7.133056,-3.0874577,0.0,0.0,4.0,0.0,5.0
Ru-AHK,1067,-3.8001919,-2.7496865,0.0,0.0,5.0,0.0,0.0
Ru-AHK,1068,3.81807,0.014126422,0.0,0.0,0.0,0.0,0.0
Ru-AHK,1069,-6.188193,-3.95294,0.0,0.0,0.0,0.0,0.0
Ru-AHK,1070,12.5511465,1.3559148,1.0,5.0,0.0,5.0,0.0
Ru-AHK,1071,13.106759,1.476235,1.0,5.0,0.0,5.0,0.0
Ru-AHK,1072,16.36585,0.021498652,1.0,5.0,0.0,5.0,0.0
Ru-AHK,1073,7.288268,-3.8373835,1.0,5.0,0.0,5.0,0.0
Ru-AHK,1074,-1.9781096,-3.2523713,0.0,0.0,0.0,0.0,0.0
Ru-AHK,1075,4.2561274,28.76204,1.0,5.0,0.0,1.0,0.0
Ru-AHK,1076,4.567951,2.2767956,1.0,5.0,5.0,1.0,5.0
Ru-AHK,1077,2.6005805,29.060688,1.0,5.0,5.0,1.0,0.0
Ru-AHK,1078,8.057587,28.20576,1.0,5.0,5.0,1.0,0.0
Ru-AHK,1079,3.2770934,-0.8272885,1.0,5.0,3.0,5.0,5.0
Ru-AHK,1080,-1.9466463,-0.33116826,0.0,0.0,2.0,0.0,0.0
Ru-AHK,1081,-6.960732,0.80747724,0.0,0.0,0.0,0.0,0.0
Ru-AHK,1082,3.3838108,-3.756725,0.0,0.0,0.0,0.0,0.0
Ru-AHK,1083,-9.6748495,3.9292815,1.0,5.0,0.0,5.0,5.0
Ru-AHK,1084,21.352043,-13.935376,0.0,0.0,0.0,0.0,0.0
Ru-AHK,1085,3.4737008,-5.817282,0.0,0.0,0.0,0.0,0.0
Ru-AHK,1086,2.8983185,-5.7426453,0.0,0.0,0.0,0.0,3.0
Ru-AHK,1087,1.001697,0.9443212,1.0,5.0,5.0,5.0,5.0
Ru-AHK,1088,-0.5812003,1.749129,1.0,5.0,3.0,5.0,5.0
Ru-AHK,1089,-5.809019,-4.6392455,0.0,0.0,5.0,0.0,5.0
Ru-AHK,1090,2.5560193,26.278584,1.0,5.0,0.0,5.0,0.0
Ru-AHK,1091,7.738296,23.852865,1.0,5.0,5.0,5.0,0.0
Ru-AHK,1092,-9.000688,-3.8980503,0.0,0.0,4.0,0.0,0.0
Ru-AHK,1093,5.3054833,25.109264,1.0,5.0,5.0,5.0,0.0
Ru-AHK,1094,8.187881,24.078571,1.0,5.0,5.0,5.0,0.0
Ru-AHK,1095,2.802569,25.73277,1.0,5.0,5.0,5.0,0.0
Ru-AHK,1096,-5.2645583,-0.20428385,0.0,0.0,5.0,0.0,5.0
Ru-AHK,1097,-11.030469,-3.4568346,0.0,0.0,0.0,0.0,5.0
Ru-AHK,1098,-9.381424,-3.3056421,0.0,0.0,0.0,0.0,0.0
Ru-AHK,1099,-8.994109,-0.08660374,0.0,0.0,0.0,0.0,0.0
Ru-AHK,1100,2.8183856,25.730803,1.0,5.0,5.0,5.0,0.0
Ru-AHK,1101,-7.2402654,-0.53299093,0.0,0.0,0.0,0.0,0.0
Ru-AHK,1102,-1.0368041,-3.5142787,0.0,0.0,1.0,0.0,0.0
Ru-AHK,1103,4.442326,-4.5141253,0.0,0.0,5.0,0.0,0.0
Ru-AHK,1104,-6.5211763,-2.8821392,0.0,0.0,5.0,0.0,5.0
Ru-AHK,1105,-8.360384,-3.9784024,0.0,0.0,0.0,0.0,5.0
Ru-AHK,1106,-7.23291,-5.4718423,0.0,0.0,0.0,4.0,0.0
Ru-AHK,1107,-5.279362,-0.103617504,0.0,0.0,0.0,0.0,0.0
Ru-AHK,1108,-8.110856,-2.5228798,0.0,0.0,4.0,0.0,5.0
Ru-AHK,1109,-10.077958,-2.7966692,0.0,0.0,0.0,0.0,5.0
Ru-AHK,1110,1.8397477,-4.7194557,0.0,0.0,0.0,0.0,0.0
Ru-AHK,1111,2.2031913,-6.5168347,0.0,0.0,0.0,0.0,0.0
Ru-AHK,1112,-8.847746,-2.754391,0.0,0.0,0.0,0.0,5.0
Ru-AHK,1113,-3.8491836,-3.9599366,0.0,0.0,2.0,0.0,5.0
Ru-AHK,1114,-5.8267546,-0.13603835,0.0,0.0,5.0,0.0,4.0
Ru-AHK,1115,16.097525,7.7835355,1.0,5.0,0.0,5.0,0.0
Ru-AHK,1116,16.43672,9.164607,1.0,5.0,0.0,5.0,0.0
Ru-AHK,1117,-8.875814,2.5757723,0.0,0.0,0.0,0.0,5.0
Ru-AHK,1118,-7.7362723,-0.1946036,0.0,0.0,4.0,0.0,0.0
Ru-AHK,1119,1.0336251,5.5271993,0.0,0.0,2.0,0.0,0.0
Ru-AHK,1120,11.849449,30.050947,1.0,5.0,4.0,5.0,0.0
Ru-AHK,1121,-0.7373876,0.7993416,0.0,0.0,2.0,0.0,0.0
Ru-AHK,1122,-9.716068,-3.7554443,0.0,0.0,0.0,0.0,5.0
Ru-AHK,1123,-7.782097,-2.8913677,0.0,0.0,0.0,0.0,5.0
Ru-AHK,1124,-7.0582294,2.471846,0.0,0.0,0.0,0.0,0.0
Ru-AHK,1125,-8.785853,-2.8825288,0.0,0.0,0.0,0.0,5.0
Ru-AHK,1126,-4.8103967,4.0329337,0.0,0.0,0.0,0.0,0.0
Ru-AHK,1127,5.3276944,23.242792,0.0,0.0,0.0,0.0,0.0
Ru-AHK,1128,6.1973343,23.13374,0.0,0.0,0.0,0.0,0.0
Ru-AHK,1129,3.9548082,-5.6965036,0.0,0.0,0.0,0.0,0.0
Ru-AHK,1130,3.3794262,-5.6218686,0.0,0.0,0.0,0.0,1.0
Ru-AHK,1131,-9.359192,-3.860641,0.0,0.0,0.0,0.0,5.0
Ru-AHK,1132,11.065467,21.95041,0.0,0.0,0.0,0.0,0.0
Ru-AHK,1133,-10.266093,-3.217312,0.0,0.0,0.0,0.0,5.0
Ru-AHK,1134,-0.69961476,-3.483364,0.0,0.0,5.0,0.0,5.0
Ru-AHK,1135,-11.030469,-3.4568346,0.0,0.0,0.0,0.0,5.0
Ru-AHK,1136,4.833191,2.8506484,1.0,5.0,5.0,1.0,0.0
Ru-AHK,1137,5.7774954,28.708693,1.0,5.0,0.0,1.0,0.0
Ru-AHK,1138,-4.365252,-6.1621656,0.0,0.0,2.0,0.0,0.0
Ru-AHK,1139,15.769786,0.76723033,1.0,5.0,0.0,5.0,0.0
Ru-AHK,1140,15.3595495,1.4342213,1.0,5.0,5.0,5.0,0.0
Ru-AHK,1141,-2.5437136,-2.5789564,0.0,0.0,0.0,0.0,0.0
Ru-AHK,1142,-10.332935,-3.5143945,0.0,0.0,0.0,5.0,0.0
Ru-AHK,1143,23.672047,-7.945124,1.0,5.0,0.0,0.0,0.0
Ru-AHK,1144,-9.59782,-4.3833365,0.0,0.0,0.0,5.0,3.0
Ru-AHK,1145,-7.266246,-4.126665,0.0,0.0,0.0,0.0,0.0
Ru-AHK,1146,-8.3737755,-4.1435294,0.0,0.0,0.0,0.0,4.0
Ru-AHK,1147,-3.210771,-4.7691684,0.0,0.0,5.0,0.0,4.0
Ru-AHK,1148,21.778069,-13.471114,0.0,0.0,0.0,0.0,0.0
Ru-AHK,1149,21.806889,-12.845792,0.0,0.0,0.0,0.0,0.0
Ru-AHK,1150,-10.809702,-3.5717144,0.0,0.0,0.0,0.0,0.0
Ru-AHK,1151,-10.591169,-3.901752,0.0,0.0,0.0,0.0,0.0
Ru-AHK,1152,-10.002214,-3.426954,0.0,0.0,0.0,0.0,3.0
Ru-AHK,1153,16.08069,-16.328543,0.0,0.0,0.0,0.0,0.0
Ru-AHK,1154,-8.633763,-3.9366002,0.0,0.0,0.0,0.0,0.0
Ru-AHK,1155,-4.84583,-6.026404,0.0,0.0,0.0,0.0,0.0
Ru-AHK,1156,-3.2693572,0.44436923,0.0,0.0,2.0,0.0,0.0
Ru-AHK,1157,-8.051984,-3.927661,0.0,0.0,4.0,5.0,0.0
Ru-AHK,1158,2.9909513,-1.8893554,0.0,0.0,2.0,0.0,0.0
Ru-AHK,1159,-9.632047,0.769297,0.0,0.0,0.0,0.0,0.0
Ru-AHK,1160,-8.8384075,1.0789375,0.0,0.0,0.0,0.0,0.0
Ru-AHK,1161,-8.838539,1.0788422,0.0,0.0,0.0,0.0,0.0
Ru-AHK,1162,-8.83833,1.078995,0.0,0.0,0.0,0.0,0.0
Ru-AHK,1163,22.285654,-7.2636204,1.0,5.0,0.0,0.0,0.0
Ru-AHK,1164,-3.3785415,-0.30964667,0.0,0.0,0.0,0.0,0.0
Ru-AHK,1165,-0.6490808,1.7432566,1.0,5.0,5.0,1.0,0.0
Ru-AHK,1166,1.8469579,2.4383552,1.0,5.0,0.0,1.0,5.0
Ru-AHK,1167,-0.5085335,5.187325,1.0,5.0,5.0,1.0,0.0
Ru-AHK,1168,2.4142182,3.0382311,1.0,5.0,0.0,1.0,0.0
Ru-AHK,1169,6.180052,28.260805,1.0,5.0,0.0,1.0,0.0
Ru-AHK,1170,2.7962422,25.733562,1.0,5.0,5.0,5.0,0.0
Ru-AHK,1171,-4.000014,-5.6915827,0.0,0.0,2.0,0.0,5.0
Ru-AHK,1172,-1.5985352,-1.1944352,0.0,0.0,2.0,0.0,0.0
Ru-AHK,1173,-6.686228,-3.5427914,0.0,0.0,5.0,0.0,0.0
Ru-AHK,1174,-7.9231176,-4.592408,0.0,0.0,0.0,0.0,5.0
Ru-AHK,1175,14.027488,-2.856952,1.0,5.0,0.0,1.0,0.0
Ru-AHK,1176,22.590563,24.40955,1.0,5.0,0.0,5.0,0.0
Ru-AHK,1177,-9.909955,-2.5604188,0.0,0.0,0.0,0.0,5.0
Ru-AHK,1178,8.889769,-5.826208,0.0,0.0,0.0,0.0,0.0
Ru-AHK,1179,-8.889612,-2.7623742,0.0,0.0,0.0,0.0,5.0
Ru-AHK,1180,-6.757696,4.4570084,0.0,0.0,0.0,0.0,0.0
Ru-AHK,1181,-3.8061507,-3.215242,0.0,0.0,0.0,0.0,0.0
Ru-AHK,1182,-3.8589964,-3.9905446,0.0,0.0,2.0,0.0,5.0
Ru-AHK,1183,2.7815444,-5.302078,0.0,0.0,0.0,0.0,0.0
Ru-AHK,1184,12.995316,21.6271,0.0,0.0,0.0,0.0,0.0
Ru-AHK,1185,10.992414,22.685234,0.0,0.0,0.0,0.0,0.0
Ru-AHK,1186,-6.969454,-0.79098946,0.0,0.0,0.0,0.0,2.0
Ru-AHK,1187,-7.5947614,-2.2006397,0.0,0.0,0.0,0.0,0.0
Ru-AHK,1188,-8.266439,-4.129164,0.0,0.0,0.0,0.0,5.0
Ru-AHK,1189,-10.222573,-2.6561408,0.0,0.0,0.0,0.0,3.0
Ru-AHK,1190,-9.942009,-2.5377948,0.0,0.0,0.0,0.0,5.0
Ru-AHK,1191,2.683052,31.721169,1.0,5.0,5.0,5.0,0.0
Ru-AHK,1192,-5.2771683,-3.2789223,0.0,0.0,0.0,0.0,0.0
Ru-AHK,1193,-4.9210973,-2.486035,0.0,0.0,5.0,0.0,5.0
Ru-AHK,1194,-2.8565326,-3.0191445,0.0,0.0,5.0,0.0,0.0
Ru-AHK,1195,-4.4748845,-5.8349805,0.0,0.0,0.0,0.0,5.0
Ru-AHK,1196,14.273543,-5.3188233,1.0,5.0,0.0,1.0,0.0
Ru-AHK,1197,-9.44432,-3.5118258,0.0,0.0,4.0,0.0,0.0
Ru-AHK,1198,-11.1256485,-3.5486305,0.0,0.0,0.0,0.0,0.0
Ru-AHK,1199,-5.5338726,-4.0851836,0.0,0.0,2.0,0.0,0.0
Ru-AHK,1200,-8.522495,-3.6639462,0.0,0.0,0.0,0.0,0.0
Ru-AHK,1201,3.6962843,25.356064,1.0,5.0,5.0,5.0,0.0
Ru-AHK,1202,8.796337,24.234966,1.0,5.0,5.0,5.0,0.0
Ru-AHK,1203,3.5964694,25.495806,1.0,5.0,5.0,5.0,0.0
Ru-AHK,1204,-10.740672,-3.4726412,0.0,0.0,0.0,0.0,5.0
Ru-AHK,1205,-10.8797245,-0.24930903,1.0,5.0,0.0,0.0,0.0
Ru-AHK,1206,-6.6192346,-3.9264164,0.0,0.0,5.0,0.0,1.0
Ru-AHK,1207,-2.9319253,-2.5567005,0.0,0.0,0.0,0.0,0.0
Ru-AHK,1208,18.696217,3.972342,1.0,5.0,0.0,5.0,0.0
Ru-AHK,1209,4.0509796,3.6213844,1.0,5.0,0.0,5.0,0.0
Ru-AHK,1210,14.156343,1.1543549,1.0,5.0,0.0,5.0,0.0
Ru-AHK,1211,12.522734,1.315341,1.0,5.0,0.0,5.0,0.0
Ru-AHK,1212,15.41911,0.76983535,1.0,5.0,0.0,5.0,0.0
Ru-AHK,1213,11.520887,2.0085638,1.0,5.0,0.0,5.0,0.0
Ru-AHK,1214,13.040826,1.730564,1.0,5.0,0.0,5.0,0.0
Ru-AHK,1215,2.1488614,5.1422014,1.0,5.0,5.0,1.0,0.0
Ru-AHK,1216,-8.344897,-4.1450086,0.0,0.0,0.0,0.0,3.0
Ru-AHK,1217,-4.15443,-4.4997096,0.0,0.0,5.0,0.0,5.0
Ru-AHK,1218,23.123417,-7.8086133,1.0,5.0,0.0,5.0,0.0
Ru-AHK,1219,-13.820485,-1.5406011,0.0,0.0,0.0,5.0,0.0
Ru-AHK,1220,-7.619739,-3.91388,0.0,0.0,3.0,0.0,1.0
Ru-AHK,1221,1.0587677,5.501568,0.0,0.0,2.0,0.0,0.0
Ru-AHK,1222,-7.8925395,-4.2960424,0.0,0.0,0.0,0.0,5.0
Ru-AHK,1223,3.258727,-6.3712964,0.0,0.0,0.0,0.0,0.0
Ru-AHK,1224,-13.826065,-1.532914,0.0,0.0,0.0,5.0,0.0
Ru-AHK,1225,-5.7336154,0.45662215,0.0,0.0,0.0,0.0,0.0
Ru-AHK,1226,6.9942555,28.169706,1.0,5.0,0.0,1.0,0.0
Ru-AHK,1227,16.99565,5.4449716,1.0,5.0,0.0,5.0,0.0
Ru-AHK,1228,3.0060072,-1.9036937,0.0,0.0,2.0,0.0,0.0
Ru-AHK,1229,0.6161006,-4.7884364,0.0,0.0,2.0,0.0,0.0
Ru-AHK,1230,-5.781989,-0.018620245,0.0,0.0,3.0,0.0,0.0
Ru-AHK,1231,0.5909581,-4.7628045,0.0,0.0,2.0,0.0,0.0
Ru-AHK,1232,-9.458723,-2.484135,0.0,0.0,0.0,0.0,0.0
Ru-AHK,1233,-3.9606833,-6.126274,0.0,0.0,2.0,0.0,0.0
Ru-AHK,1234,-2.982718,5.7682376,1.0,5.0,0.0,1.0,0.0
Ru-AHK,1235,0.22144142,-4.3412666,0.0,0.0,2.0,0.0,0.0
Ru-AHK,1236,2.513124,15.541135,1.0,5.0,5.0,5.0,0.0
Ru-AHK,1237,-10.385775,-3.1401298,0.0,0.0,0.0,0.0,5.0
Ru-AHK,1238,3.7181582,-4.8364325,0.0,0.0,0.0,0.0,0.0
Ru-AHK,1239,0.14200681,3.6187227,0.0,0.0,0.0,0.0,0.0
Ru-AHK,1240,-6.0826964,4.8166575,0.0,0.0,4.0,0.0,0.0
Ru-AHK,1241,3.007406,-1.9026635,0.0,0.0,2.0,0.0,0.0
Ru-AHK,1242,1.8857958,31.151768,1.0,5.0,5.0,5.0,0.0
Ru-AHK,1243,16.496037,8.836447,1.0,5.0,0.0,5.0,0.0
Ru-AHK,1244,3.4061606,-3.759326,0.0,0.0,0.0,0.0,0.0
Ru-AHK,1245,-4.7177596,-2.5821679,0.0,0.0,0.0,0.0,0.0
Ru-AHK,1246,-9.958037,-2.5264826,0.0,0.0,0.0,0.0,5.0
Ru-AHK,1247,-11.745119,-5.8026104,0.0,0.0,0.0,0.0,0.0
Ru-AHK,1248,-9.966048,-2.520827,0.0,0.0,0.0,0.0,5.0
Ru-AHK,1249,-6.475586,-2.0884194,0.0,0.0,0.0,0.0,0.0
Ru-AHK,1250,-10.366679,-2.37189,0.0,0.0,0.0,0.0,2.0
Ru-AHK,1251,-6.392145,-3.2825966,0.0,0.0,0.0,0.0,0.0
Ru-AHK,1252,10.962779,21.920925,0.0,0.0,0.0,0.0,0.0
Ru-AHK,1253,0.6656904,-4.7990847,0.0,0.0,2.0,0.0,0.0
Ru-AHK,1254,-5.873637,0.02243088,0.0,0.0,5.0,0.0,4.0
Ru-AHK,1255,0.060394336,-3.6031516,0.0,0.0,0.0,0.0,0.0
Ru-AHK,1256,2.0342343,17.359903,1.0,5.0,5.0,5.0,0.0
Ru-AHK,1257,2.301959,18.018764,1.0,5.0,5.0,5.0,0.0
Ru-AHK,1258,-11.034202,-2.5960934,0.0,0.0,0.0,0.0,0.0
Ru-AHK,1259,20.358128,24.703283,1.0,5.0,0.0,5.0,0.0
Ru-AHK,1260,-9.428805,-3.742511,0.0,0.0,0.0,0.0,4.0
Ru-AHK,1261,-7.677086,-2.93975,0.0,0.0,4.0,0.0,2.0
Ru-AHK,1262,-4.1639614,-3.0642743,0.0,0.0,0.0,0.0,0.0
Ru-AHK,1263,-5.4025726,-3.0547442,0.0,0.0,5.0,0.0,0.0
Ru-AHK,1264,-7.7557983,-2.7271433,0.0,0.0,4.0,0.0,0.0
Ru-AHK,1265,-10.385775,-3.1401298,0.0,0.0,0.0,0.0,5.0
Ru-AHK,1266,-10.068478,-3.9311574,0.0,0.0,0.0,0.0,5.0
Ru-AHK,1267,-10.591986,-4.675081,0.0,0.0,0.0,0.0,0.0
Ru-AHK,1268,3.0083616,-1.9019601,0.0,0.0,2.0,0.0,0.0
Ru-AHK,1269,1.5112807,-4.9916487,0.0,0.0,2.0,0.0,0.0
Ru-AHK,1270,-2.0670183,-3.0006263,0.0,0.0,0.0,0.0,0.0
Ru-AHK,1271,-2.674591,-3.9263484,1.0,5.0,0.0,0.0,0.0
Ru-AHK,1272,-6.160396,-0.60859513,1.0,5.0,0.0,0.0,0.0
Ru-AHK,1273,12.574339,-2.6348047,1.0,5.0,0.0,1.0,0.0
Ru-AHK,1274,-1.5330483,-3.098116,0.0,0.0,0.0,0.0,0.0
Ru-AHK,1275,1.1100901,3.3635888,0.0,0.0,0.0,0.0,0.0
Ru-AHK,1276,-9.7040825,-3.863912,0.0,0.0,0.0,0.0,0.0
Ru-AHK,1277,-7.62458,-4.449075,0.0,0.0,0.0,0.0,0.0
Ru-AHK,1278,6.030132,-8.485617,0.0,0.0,1.0,0.0,0.0
Ru-AHK,1279,-8.827681,-3.6241305,0.0,0.0,3.0,0.0,0.0
Ru-AHK,1280,4.9713783,4.4636908,1.0,5.0,0.0,5.0,0.0
Ru-AHK,1281,3.0524435,1.1933912,1.0,5.0,0.0,0.0,0.0
Ru-AHK,1282,-2.477583,-4.8730006,0.0,0.0,2.0,0.0,0.0
Ru-AHK,1283,-11.115073,-3.5517342,0.0,0.0,0.0,0.0,0.0
Ru-AHK,1284,-8.293246,-4.1983743,0.0,0.0,0.0,0.0,0.0
Ru-AHK,1285,-11.112737,-3.5500126,0.0,0.0,0.0,0.0,0.0
Ru-AHK,1286,3.003463,-1.9055684,0.0,0.0,2.0,0.0,0.0
Ru-AHK,1287,-0.80298215,-3.952458,0.0,0.0,2.0,0.0,0.0
Ru-AHK,1288,-4.153669,-2.7832434,0.0,0.0,0.0,0.0,0.0
Ru-AHK,1289,-0.44306478,3.8811269,1.0,5.0,5.0,1.0,0.0
Ru-AHK,1290,-5.4671097,-4.601702,0.0,0.0,0.0,0.0,3.0
Ru-AHK,1291,-0.8890554,3.1317284,1.0,5.0,5.0,1.0,5.0
Ru-AHK,1292,0.7664926,2.8330753,1.0,5.0,0.0,1.0,5.0
Ru-AHK,1293,-2.6372042,-5.306737,0.0,0.0,0.0,0.0,0.0
Ru-AHK,1294,-1.6822,1.1358745,1.0,5.0,5.0,0.0,4.0
Ru-AHK,1295,-9.4136,-3.2792935,0.0,0.0,0.0,0.0,0.0
Ru-AHK,1296,-8.76069,-4.0077558,0.0,0.0,3.0,0.0,0.0
Ru-AHK,1297,-7.6759176,-0.97618407,0.0,0.0,0.0,0.0,0.0
Ru-AHK,1298,3.2544932,-6.384279,0.0,0.0,0.0,0.0,0.0
Ru-AHK,1299,-2.0974288,-1.8124726,0.0,0.0,2.0,0.0,5.0
Ru-AHK,1300,-6.958195,-1.9051641,0.0,0.0,0.0,0.0,0.0
Ru-AHK,1301,-4.972741,-3.558875,0.0,0.0,0.0,0.0,0.0
Ru-AHK,1302,-4.0991907,-3.1654143,0.0,0.0,0.0,0.0,0.0
Ru-AHK,1303,-9.572494,-3.43469,0.0,0.0,0.0,0.0,0.0
Ru-AHK,1304,2.49227,15.255763,1.0,5.0,5.0,5.0,5.0
Ru-AHK,1305,2.388582,15.813285,1.0,5.0,5.0,5.0,0.0
Ru-AHK,1306,-7.63374,-4.48087,0.0,0.0,0.0,0.0,5.0
Ru-AHK,1307,8.775917,29.41843,1.0,5.0,4.0,5.0,0.0
Ru-AHK,1308,-11.030469,-3.4568346,0.0,0.0,0.0,0.0,5.0
Ru-AHK,1309,-6.7331424,-2.482146,0.0,0.0,5.0,0.0,2.0
Ru-AHK,1310,-10.266093,-3.217312,0.0,0.0,0.0,0.0,5.0
Ru-AHK,1311,1.3347465,-4.6949277,0.0,0.0,0.0,0.0,0.0
Ru-AHK,1312,-10.266093,-3.217312,0.0,0.0,0.0,0.0,5.0
Ru-AHK,1313,-10.320635,-2.7222097,0.0,0.0,0.0,0.0,5.0
Ru-AHK,1314,-9.1182575,-3.9369133,0.0,0.0,0.0,0.0,0.0
Ru-AHK,1315,-9.960373,-2.5282044,0.0,0.0,0.0,0.0,5.0
Ru-AHK,1316,4.2534223,40.175976,1.0,5.0,5.0,5.0,0.0
Ru-AHK,1317,-1.8210244,3.3796008,0.0,0.0,2.0,0.0,0.0
Ru-AHK,1318,-5.76757,-2.8811846,0.0,0.0,5.0,0.0,5.0
Ru-AHK,1319,3.2529113,-6.3840823,0.0,0.0,0.0,0.0,0.0
Ru-AHK,1320,-8.652845,-2.106548,0.0,0.0,0.0,0.0,0.0
Ru-AHK,1321,-10.099056,-4.227522,0.0,0.0,0.0,0.0,5.0
Ru-AHK,1322,-10.28223,-4.232807,0.0,0.0,0.0,0.0,4.0
Ru-AHK,1323,-8.056724,-4.7587667,0.0,0.0,0.0,0.0,0.0
Ru-AHK,1324,-4.183189,-5.696868,0.0,0.0,2.0,0.0,5.0
Ru-AHK,1325,2.7899165,25.734343,1.0,5.0,5.0,5.0,0.0
Ru-AHK,1326,-9.412535,-2.6720862,0.0,0.0,0.0,5.0,0.0
Ru-AHK,1327,2.5743442,-2.1741185,0.0,0.0,2.0,0.0,0.0
Ru-AHK,1328,-5.6583085,4.994081,1.0,5.0,5.0,1.0,0.0
Ru-AHK,1329,-3.674788,-2.9738631,0.0,0.0,0.0,0.0,0.0
Ru-AHK,1330,4.693387,4.7526126,1.0,5.0,3.0,0.0,5.0
Ru-AHK,1331,3.2560744,-6.384475,0.0,0.0,0.0,0.0,0.0
Ru-AHK,1332,-11.569787,-3.2104921,0.0,0.0,0.0,0.0,0.0
Ru-AHK,1333,-8.915026,-4.3282056,0.0,0.0,0.0,0.0,0.0
Ru-AHK,1334,11.462601,1.6440414,1.0,5.0,0.0,5.0,0.0
Ru-AHK,1335,25.712317,-7.4881806,0.0,0.0,0.0,0.0,0.0
Ru-AHK,1336,-5.54863,0.2751917,0.0,0.0,5.0,0.0,0.0
Ru-AHK,1337,2.6859448,-6.7132006,0.0,0.0,0.0,0.0,0.0
Ru-AHK,1338,-8.995168,-4.1139903,0.0,0.0,0.0,0.0,4.0
Ru-AHK,1339,-5.714574,-4.2886667,0.0,0.0,5.0,0.0,0.0
Ru-AHK,1340,9.649825,-3.5716996,1.0,5.0,1.0,1.0,0.0
Ru-AHK,1341,-8.542156,-4.3377934,0.0,0.0,3.0,0.0,0.0
Ru-AHK,1342,-8.187155,-3.5084345,0.0,0.0,5.0,5.0,0.0
Ru-AHK,1343,-10.232663,-4.3938804,0.0,0.0,0.0,0.0,0.0
Ru-AHK,1344,3.5714064,-1.0393621,0.0,0.0,5.0,0.0,0.0
Ru-AHK,1345,-6.303903,-2.529992,0.0,0.0,0.0,0.0,0.0
Ru-AHK,1346,-7.689695,-1.0587325,0.0,0.0,0.0,0.0,0.0
Ru-AHK,1347,-6.668624,2.2229345,0.0,0.0,0.0,0.0,0.0
Ru-AHK,1348,-7.155108,2.5099945,0.0,0.0,0.0,0.0,0.0
Ru-AHK,1349,-11.117727,-2.8353899,0.0,0.0,0.0,0.0,0.0
Ru-AHK,1350,-6.120932,-2.1214333,0.0,0.0,5.0,0.0,5.0
Ru-AHK,1351,-3.7526789,-2.724046,0.0,0.0,0.0,0.0,0.0
Ru-AHK,1352,-9.789278,-2.7214003,0.0,0.0,0.0,0.0,5.0
Ru-AHK,1353,-9.832977,-2.4971402,0.0,0.0,0.0,0.0,5.0
Ru-AHK,1354,-6.186569,4.9669037,0.0,0.0,4.0,0.0,0.0
Ru-AHK,1355,0.54714733,-4.253942,0.0,0.0,2.0,0.0,0.0
Ru-AHK,1356,2.2031913,-6.5168347,0.0,0.0,0.0,0.0,0.0
Ru-AHK,1357,-10.709678,-3.5637074,0.0,0.0,0.0,0.0,3.0
Ru-AHK,1358,-9.634023,-2.225282,0.0,0.0,0.0,0.0,5.0
Ru-AHK,1359,-0.13361457,-4.137004,0.0,0.0,2.0,0.0,0.0
Ru-AHK,1360,-9.053769,-4.4272256,0.0,0.0,0.0,0.0,0.0
Ru-AHK,1361,-9.126902,-3.1745937,0.0,0.0,0.0,0.0,0.0
Ru-AHK,1362,-4.843165,-2.3579905,0.0,0.0,5.0,0.0,0.0
Ru-AHK,1363,-7.965205,-2.2391803,0.0,0.0,0.0,0.0,0.0
Ru-AHK,1364,-5.22682,1.8616503,0.0,0.0,0.0,0.0,0.0
Ru-AHK,1365,0.839469,-3.7504034,0.0,0.0,0.0,0.0,0.0
Ru-AHK,1366,-0.13541126,-3.3726475,0.0,0.0,0.0,0.0,0.0
Ru-AHK,1367,-5.8710494,4.407621,0.0,0.0,3.0,0.0,0.0
Ru-AHK,1368,-7.4925323,-3.954944,0.0,0.0,0.0,4.0,0.0
Ru-AHK,1369,-10.187418,-4.6391892,0.0,0.0,0.0,0.0,0.0
Ru-AHK,1370,-3.8058946,-2.023854,0.0,0.0,0.0,0.0,0.0
Ru-AHK,1371,-5.923547,4.4202266,1.0,5.0,5.0,1.0,5.0
Ru-AHK,1372,3.0170107,8.115884,0.0,0.0,2.0,0.0,0.0
Ru-AHK,1373,-8.268184,-2.0225248,1.0,5.0,0.0,0.0,0.0
Ru-AHK,1374,-8.936687,-4.6141763,0.0,0.0,0.0,0.0,5.0
Ru-AHK,1375,3.2624006,-6.385263,0.0,0.0,0.0,0.0,0.0
Ru-AHK,1376,-8.169839,-1.7946105,0.0,0.0,0.0,0.0,0.0
Ru-AHK,1377,-3.7431886,-2.7252247,0.0,0.0,0.0,0.0,0.0
Ru-AHK,1378,-3.3584802,5.876418,1.0,5.0,0.0,5.0,0.0
Ru-AHK,1379,-11.388371,-3.4631195,0.0,0.0,0.0,0.0,5.0
Ru-AHK,1380,-5.414376,-4.212815,0.0,0.0,2.0,0.0,0.0
Ru-AHK,1381,-11.281636,-3.4847836,0.0,0.0,0.0,0.0,0.0
Ru-AHK,1382,-9.369239,-3.7726557,0.0,0.0,3.0,0.0,0.0
Ru-AHK,1383,11.513426,23.416584,1.0,5.0,5.0,5.0,0.0
Ru-AHK,1384,7.2996807,24.929892,1.0,5.0,5.0,5.0,0.0
Ru-AHK,1385,-9.232649,-3.9208434,0.0,0.0,3.0,0.0,0.0
Ru-AHK,1386,-5.4143243,-4.2127757,0.0,0.0,2.0,0.0,0.0
Ru-AHK,1387,-8.933422,-3.9246361,0.0,0.0,0.0,0.0,0.0
Ru-AHK,1388,-1.8205582,5.381432,1.0,5.0,0.0,1.0,0.0
Ru-AHK,1389,-1.3899477,6.572855,1.0,5.0,5.0,0.0,5.0
Ru-AHK,1390,-7.7228413,-0.9925019,0.0,0.0,0.0,0.0,0.0
Ru-AHK,1391,-8.10629,-4.597692,0.0,0.0,0.0,0.0,3.0
Ru-AHK,1392,2.0464423,12.108808,1.0,5.0,5.0,5.0,4.0
Ru-AHK,1393,-10.27666,-3.0642555,0.0,0.0,0.0,0.0,1.0
Ru-AHK,1394,-6.64051,-1.632359,0.0,0.0,0.0,0.0,0.0
Ru-AHK,1395,-7.539795,-4.6316323,0.0,0.0,0.0,0.0,5.0
Ru-AHK,1396,-7.1963906,-2.0303893,0.0,0.0,4.0,0.0,0.0
Ru-AHK,1397,-7.3350306,-2.6724885,0.0,0.0,0.0,0.0,0.0
Ru-AHK,1398,7.15475,-5.948058,0.0,0.0,0.0,0.0,0.0
Ru-AHK,1399,0.992673,35.64901,1.0,5.0,5.0,5.0,0.0
Ru-AHK,1400,6.4533257,3.5862818,0.0,0.0,0.0,0.0,0.0
Ru-AHK,1401,-8.120667,-2.5534878,0.0,0.0,4.0,0.0,3.0
Ru-AHK,1402,-3.9181807,-1.245398,0.0,0.0,2.0,0.0,4.0
Ru-AHK,1403,-3.2077837,-3.3375266,0.0,0.0,1.0,0.0,0.0
Ru-AHK,1404,-9.244841,-3.4742105,0.0,0.0,0.0,0.0,0.0
Ru-AHK,1405,-9.814252,-2.671539,0.0,0.0,0.0,0.0,5.0
Ru-AHK,1406,-6.0076394,4.5558076,0.0,0.0,3.0,0.0,0.0
Ru-AHK,1407,2.5663824,-2.3488953,0.0,0.0,0.0,0.0,0.0
Ru-AHK,1408,1.7239774,1.296605,0.0,0.0,0.0,0.0,0.0
Ru-AHK,1409,-7.269217,-2.9632053,0.0,0.0,4.0,0.0,0.0
Ru-AHK,1410,16.259575,8.451067,1.0,5.0,0.0,5.0,0.0
Ru-AHK,1411,-5.711323,-2.8558695,0.0,0.0,0.0,0.0,0.0
Ru-AHK,1412,0.8775783,-4.494623,0.0,0.0,2.0,0.0,0.0
Ru-AHK,1413,-1.5867387,6.4305077,1.0,5.0,5.0,0.0,5.0
Ru-AHK,1414,-0.21862397,-0.20780705,1.0,5.0,5.0,5.0,5.0
Ru-AHK,1415,-9.070293,-4.7805347,0.0,0.0,0.0,0.0,0.0
Ru-AHK,1416,-1.9830112,-3.2933478,0.0,0.0,0.0,0.0,0.0
Ru-AHK,1417,-2.822789,-1.8829174,0.0,0.0,0.0,0.0,0.0
Ru-AHK,1418,-10.995154,-3.2259827,0.0,0.0,0.0,5.0,0.0
Ru-AHK,1419,3.4597003,-4.842355,0.0,0.0,0.0,0.0,0.0
Ru-AHK,1420,-4.8855715,-0.32156292,0.0,0.0,4.0,0.0,0.0
Ru-AHK,1421,-5.878012,-4.28586,0.0,0.0,5.0,0.0,5.0
Ru-AHK,1422,2.9413612,-1.8787082,0.0,0.0,2.0,0.0,0.0
Ru-AHK,1423,-3.969438,-5.39522,0.0,0.0,2.0,0.0,5.0
Ru-AHK,1424,-8.391393,-4.0547442,0.0,0.0,0.0,0.0,4.0
Ru-AHK,1425,-4.5351014,-3.4084206,0.0,0.0,5.0,0.0,0.0
Ru-AHK,1426,-9.420384,-4.4808607,0.0,0.0,0.0,0.0,0.0
Ru-AHK,1427,-4.1336207,-5.8579426,0.0,0.0,2.0,0.0,0.0
Ru-AHK,1428,-8.138404,-5.0752287,0.0,0.0,3.0,0.0,0.0
Ru-AHK,1429,1.4518211,-5.2882247,0.0,0.0,5.0,0.0,5.0
Ru-AHK,1430,-7.5695696,-4.335352,0.0,0.0,0.0,0.0,0.0
Ru-AHK,1431,10.207892,24.384716,1.0,5.0,5.0,5.0,0.0
Ru-AHK,1432,24.676294,-8.199944,1.0,5.0,0.0,5.0,0.0
Ru-AHK,1433,-8.263482,-4.4874663,0.0,0.0,0.0,0.0,0.0
Ru-AHK,1434,-4.492131,-5.3658137,0.0,0.0,2.0,0.0,0.0
Ru-AHK,1435,-5.90859,-4.582224,0.0,0.0,5.0,0.0,5.0
Ru-AHK,1436,-8.868101,-3.4248972,0.0,0.0,0.0,5.0,0.0
Ru-AHK,1437,-4.5938234,-6.543012,0.0,0.0,0.0,0.0,0.0
Ru-AHK,1438,-5.1048965,4.25208,0.0,0.0,3.0,0.0,0.0
Ru-AHK,1439,-6.091762,-4.5875096,0.0,0.0,5.0,0.0,5.0
Ru-AHK,1440,-9.860331,-4.679109,0.0,0.0,0.0,0.0,0.0
Ru-AHK,1441,-3.7366524,-2.7353573,0.0,0.0,0.0,0.0,0.0
Ru-AHK,1442,-7.1428676,-3.1180658,0.0,0.0,3.0,0.0,0.0
Ru-AHK,1443,-3.818312,4.1455283,0.0,0.0,5.0,0.0,0.0
Ru-AHK,1444,-11.680026,-5.8029222,0.0,0.0,0.0,4.0,0.0
Ru-AHK,1445,-5.7119875,-4.77366,0.0,0.0,0.0,0.0,3.0
Ru-AHK,1446,-8.702167,-4.244979,0.0,0.0,0.0,0.0,5.0
Ru-AHK,1447,-5.4335113,-1.8369944,0.0,0.0,5.0,0.0,0.0
Ru-AHK,1448,-7.7867737,4.946757,0.0,0.0,0.0,1.0,0.0
Ru-AHK,1449,-9.089589,-2.9780927,0.0,0.0,0.0,0.0,0.0
Ru-AHK,1450,-7.7402325,-2.883384,0.0,0.0,0.0,0.0,5.0
Ru-AHK,1451,-11.479611,-5.720769,0.0,0.0,0.0,0.0,0.0
Ru-AHK,1452,-11.32193,-5.7824597,0.0,0.0,0.0,0.0,0.0
Ru-AHK,1453,-6.6363297,-2.763553,0.0,0.0,5.0,0.0,4.0
Ru-AHK,1454,3.4336185,8.400648,0.0,0.0,2.0,0.0,0.0
Ru-AHK,1455,-5.4797616,-4.60013,0.0,0.0,0.0,0.0,3.0
Ru-AHK,1456,3.3588865,8.436927,0.0,0.0,2.0,0.0,0.0
Ru-AHK,1457,-8.043849,-1.181979,0.0,0.0,0.0,0.0,0.0
Ru-AHK,1458,-10.439424,-4.1225805,0.0,0.0,0.0,0.0,0.0
Ru-AHK,1459,8.734945,-4.1572723,1.0,5.0,0.0,5.0,0.0
Ru-AHK,1460,-6.042196,-4.748583,0.0,0.0,5.0,0.0,0.0
Ru-AHK,1461,-10.006783,-1.8696576,0.0,0.0,0.0,0.0,0.0
Ru-AHK,1462,-0.7423949,-2.9842684,0.0,0.0,5.0,0.0,1.0
Ru-AHK,1463,-0.79047084,-3.968671,0.0,0.0,2.0,0.0,0.0
Ru-AHK,1464,3.2497473,-6.38369,0.0,0.0,0.0,0.0,0.0
Ru-AHK,1465,-5.9969506,-4.9938917,0.0,0.0,5.0,0.0,0.0
Ru-AHK,1466,-5.005593,-0.16748965,0.0,0.0,3.0,0.0,0.0
Ru-AHK,1467,-4.340382,-5.586642,0.0,0.0,2.0,0.0,5.0
Ru-AHK,1468,-7.967665,-4.2937875,0.0,0.0,0.0,0.0,5.0
Ru-AHK,1469,1.4410558,-3.160875,0.0,0.0,2.0,0.0,0.0
Ru-AHK,1470,-8.3066845,-1.2627249,0.0,0.0,0.0,0.0,0.0
Ru-AHK,1471,0.6782018,-4.815299,0.0,0.0,2.0,0.0,0.0
Ru-AHK,1472,-7.644115,-3.9511158,0.0,0.0,3.0,5.0,0.0
Ru-AHK,1473,3.5046206,2.2407434,1.0,5.0,0.0,1.0,5.0
Ru-AHK,1474,-9.119861,-4.6194615,0.0,0.0,0.0,0.0,4.0
Ru-AHK,1475,-9.2132225,-3.8364835,0.0,0.0,3.0,0.0,0.0
Ru-AHK,1476,4.4659204,25.642586,1.0,5.0,5.0,5.0,0.0
Ru-AHK,1477,3.3840284,8.411295,0.0,0.0,2.0,0.0,0.0
Ru-AHK,1478,-4.088376,-6.1032515,0.0,0.0,2.0,0.0,0.0
Ru-AHK,1479,21.862122,-13.567603,0.0,0.0,0.0,0.0,0.0
Ru-AHK,1480,-8.209517,-1.3607944,0.0,0.0,0.0,0.0,0.0
Ru-AHK,1481,-10.349137,-1.9664919,0.0,0.0,0.0,5.0,5.0
Ru-AHK,1482,-6.557393,-2.7477283,0.0,0.0,0.0,0.0,0.0
Ru-AHK,1483,2.6244657,16.816725,1.0,5.0,5.0,5.0,0.0
Ru-AHK,1484,1.030086,-3.664758,0.0,0.0,0.0,0.0,0.0
Ru-AHK,1485,-7.8122544,-2.520523,0.0,0.0,5.0,0.0,0.0
Ru-AHK,1486,-11.358661,-5.8390923,0.0,0.0,0.0,0.0,0.0
Ru-AHK,1487,-4.564723,-2.9966257,0.0,0.0,2.0,0.0,0.0
Ru-AHK,1488,-9.824503,-2.5303147,0.0,0.0,0.0,0.0,5.0
Ru-AHK,1489,4.6027846,31.374767,1.0,5.0,0.0,5.0,0.0
Ru-AHK,1490,2.2314706,-4.1491013,0.0,0.0,2.0,0.0,0.0
Ru-AHK,1491,-1.402335,2.7294493,1.0,5.0,3.0,0.0,5.0
Ru-AHK,1492,-10.332675,-3.5142035,0.0,0.0,0.0,5.0,0.0
Ru-AHK,1493,-7.829063,-0.8539508,0.0,0.0,0.0,0.0,0.0
Ru-AHK,1494,-5.158613,-2.4112012,0.0,0.0,0.0,0.0,0.0
Ru-AHK,1495,3.2434216,-6.3829026,0.0,0.0,0.0,0.0,0.0
Ru-AHK,1496,-8.193592,-3.6161048,0.0,0.0,0.0,0.0,5.0
Ru-AHK,1497,7.7061267,5.2591286,1.0,5.0,0.0,5.0,0.0
Ru-AHK,1498,1.682298,-8.345714,0.0,0.0,0.0,4.0,0.0
Ru-AHK,1499,-8.668847,-1.6522686,0.0,0.0,0.0,0.0,0.0
Ru-AHK,1500,-4.5683484,-0.27150482,0.0,0.0,5.0,0.0,0.0
Ru-AHK,1501,5.2383,25.003584,1.0,5.0,5.0,5.0,0.0
Ru-AHK,1502,-4.3179855,2.7978508,0.0,0.0,5.0,0.0,3.0
Ru-AHK,1503,-11.9312315,-5.8178535,0.0,0.0,0.0,5.0,0.0
Ru-AHK,1504,2.9162188,-1.853077,0.0,0.0,2.0,0.0,0.0
Ru-AHK,1505,-9.464033,-3.2396746,0.0,0.0,0.0,0.0,0.0
Ru-AHK,1506,-3.491878,-4.588635,0.0,0.0,2.0,0.0,0.0
Ru-AHK,1507,-9.359325,-3.83146,0.0,0.0,0.0,0.0,5.0
Ru-AHK,1508,-8.045611,-2.8143358,0.0,0.0,3.0,0.0,5.0
Ru-AHK,1509,2.3655767,-5.110846,0.0,0.0,2.0,0.0,0.0
Ru-AHK,1510,-9.4288025,-4.2884054,0.0,0.0,0.0,0.0,0.0
Ru-AHK,1511,18.858273,4.639873,1.0,5.0,0.0,5.0,0.0
Ru-AHK,1512,-3.7092023,-0.5668878,0.0,0.0,4.0,0.0,0.0
Ru-AHK,1513,-1.9447126,-3.0945957,0.0,0.0,0.0,0.0,0.0
Ru-AHK,1514,-9.050358,-2.846852,0.0,0.0,0.0,0.0,5.0
Ru-AHK,1515,-10.415988,-1.8600843,0.0,0.0,0.0,5.0,5.0
Ru-AHK,1516,-3.701788,-0.5891801,0.0,0.0,4.0,0.0,0.0
Ru-AHK,1517,-7.775766,-3.9837148,0.0,0.0,0.0,0.0,0.0
Ru-AHK,1518,-11.144789,-3.5273883,0.0,0.0,0.0,0.0,0.0
Ru-AHK,1519,-9.473909,-4.2988772,0.0,0.0,0.0,0.0,4.0
Ru-AHK,1520,-9.447928,-4.474064,0.0,0.0,0.0,0.0,0.0
Ru-AHK,1521,-3.6161678,-4.8734026,0.0,0.0,2.0,1.0,0.0
Ru-AHK,1522,-9.647332,-3.958369,0.0,0.0,0.0,0.0,0.0
Ru-AHK,1523,1.079719,-1.6562858,0.0,0.0,0.0,0.0,3.0
Ru-AHK,1524,-8.981236,-4.315557,0.0,0.0,0.0,0.0,5.0
Ru-AHK,1525,6.8318896,4.1271086,1.0,5.0,2.0,1.0,0.0
Ru-AHK,1526,-6.1804233,4.9778023,1.0,5.0,0.0,5.0,0.0
Ru-AHK,1527,-10.143605,-3.928902,0.0,0.0,0.0,0.0,5.0
Ru-AHK,1528,2.434031,15.25809,1.0,5.0,5.0,5.0,0.0
Ru-AHK,1529,2.0943103,-1.6273549,0.0,0.0,0.0,0.0,0.0
Ru-AHK,1530,-5.231243,4.4069395,0.0,0.0,3.0,0.0,0.0
Ru-AHK,1531,2.9984095,-1.9092907,0.0,0.0,2.0,0.0,0.0
Ru-AHK,1532,-0.27490336,-3.1563606,0.0,0.0,5.0,0.0,4.0
Ru-AHK,1533,-9.476375,-2.9478846,0.0,0.0,0.0,0.0,0.0
Ru-AHK,1534,-8.179855,0.19165926,0.0,0.0,4.0,0.0,0.0
Ru-AHK,1535,-7.914915,4.5818048,0.0,0.0,0.0,1.0,0.0
Ru-AHK,1536,0.9729366,-3.9986033,0.0,0.0,0.0,0.0,0.0
Ru-AHK,1537,-6.703149,-3.1728196,0.0,0.0,0.0,4.0,0.0
Ru-AHK,1538,5.5812855,25.130436,1.0,5.0,5.0,5.0,0.0
Ru-AHK,1539,-9.076635,-3.984671,0.0,0.0,3.0,0.0,0.0
Ru-AHK,1540,4.801182,25.237867,1.0,5.0,5.0,5.0,0.0
Ru-AHK,1541,-10.6893835,-3.27444,0.0,0.0,0.0,0.0,5.0
Ru-AHK,1542,-11.708747,-3.2698357,0.0,0.0,0.0,5.0,5.0
Ru-AHK,1543,-2.1691444,-3.4865859,1.0,5.0,2.0,0.0,0.0
Ru-AHK,1544,-0.29389933,5.3315153,1.0,5.0,3.0,1.0,0.0
Ru-AHK,1545,-10.6893835,-3.27444,0.0,0.0,0.0,0.0,5.0
Ru-AHK,1546,-4.7006063,-3.9440565,0.0,0.0,5.0,0.0,0.0
Ru-AHK,1547,-4.653983,-4.1027174,0.0,0.0,5.0,0.0,0.0
Ru-AHK,1548,-11.304572,-3.1911488,0.0,0.0,0.0,5.0,4.0
Ru-AHK,1549,0.62146264,5.8200607,1.0,5.0,3.0,0.0,5.0
Ru-AHK,1550,-4.777299,-2.2960868,0.0,0.0,0.0,0.0,0.0
Ru-AHK,1551,-8.464076,-1.8707641,0.0,0.0,0.0,0.0,0.0
Ru-AHK,1552,-11.519521,-5.786964,0.0,0.0,0.0,0.0,0.0
Ru-AHK,1553,-10.131872,-2.46035,0.0,0.0,0.0,0.0,5.0
Ru-AHK,1554,-8.112733,-1.9847739,0.0,0.0,0.0,0.0,5.0
Ru-AHK,1555,-9.03313,-2.8270814,0.0,0.0,0.0,0.0,5.0
Ru-AHK,1556,11.008251,-5.611404,0.0,0.0,3.0,0.0,0.0
Ru-AHK,1557,10.21447,31.17181,0.0,0.0,5.0,0.0,0.0
Ru-AHK,1558,-9.265224,-3.713769,0.0,0.0,0.0,0.0,5.0
Ru-AHK,1559,-10.055462,-3.9815245,0.0,0.0,0.0,0.0,5.0
Ru-AHK,1560,-6.6271687,-1.7685181,0.0,0.0,0.0,0.0,0.0
Ru-AHK,1561,-6.746608,-0.70451504,0.0,0.0,0.0,0.0,5.0
Ru-AHK,1562,4.353604,25.808517,1.0,5.0,5.0,5.0,0.0
Ru-AHK,1563,4.6286306,25.362867,1.0,5.0,5.0,5.0,0.0
Ru-AHK,1564,3.1852016,2.8907864,1.0,5.0,0.0,1.0,0.0
Ru-AHK,1565,-1.8360825,-3.3208895,0.0,0.0,0.0,0.0,0.0
Ru-AHK,1566,-10.45131,-1.5318073,0.0,0.0,0.0,0.0,0.0
Ru-AHK,1567,-9.768033,-4.4312124,0.0,0.0,0.0,5.0,5.0
Ru-AHK,1568,-8.854881,-4.2014666,0.0,0.0,0.0,0.0,5.0
Ru-AHK,1569,-7.3075414,-4.5102954,0.0,0.0,0.0,1.0,0.0
Ru-AHK,1570,-10.335012,-3.515923,0.0,0.0,0.0,5.0,0.0
Ru-AHK,1571,5.1723523,5.9926295,1.0,5.0,0.0,5.0,4.0
Ru-AHK,1572,-10.878434,-3.3687906,0.0,0.0,0.0,0.0,5.0
Ru-AHK,1573,-5.168726,-4.215343,0.0,0.0,5.0,0.0,5.0
Ru-AHK,1574,1.3740014,-8.066965,0.0,0.0,0.0,4.0,0.0
Ru-AHK,1575,-10.554424,-3.0675895,0.0,0.0,0.0,0.0,3.0
Ru-AHK,1576,-8.104799,-0.069189556,0.0,0.0,3.0,0.0,0.0
Ru-AHK,1577,-5.391947,-2.5077925,0.0,0.0,0.0,0.0,0.0
Ru-AHK,1578,2.2878606,2.7797277,1.0,5.0,0.0,1.0,5.0
Ru-AHK,1579,2.690417,2.3318472,1.0,5.0,0.0,1.0,5.0
Ru-AHK,1580,-8.332132,-2.0249603,1.0,5.0,0.0,0.0,0.0
Ru-AHK,1581,-5.9531393,-4.2836046,0.0,0.0,5.0,0.0,5.0
Ru-AHK,1582,-0.568355,1.6806271,1.0,5.0,0.0,0.0,0.0
Ru-AHK,1583,0.5024131,-0.7758338,0.0,0.0,5.0,0.0,0.0
Ru-AHK,1584,-7.682082,-4.1346684,0.0,0.0,0.0,0.0,0.0
Ru-AHK,1585,-9.26712,-4.217415,0.0,0.0,0.0,5.0,5.0
Ru-AHK,1586,-5.69793,-4.948366,0.0,0.0,0.0,0.0,3.0
Ru-AHK,1587,-1.4834095,6.32474,1.0,5.0,5.0,0.0,5.0
Ru-AHK,1588,6.9294944,4.1440873,1.0,5.0,2.0,5.0,0.0
Ru-AHK,1589,-9.75411,-2.551436,0.0,0.0,0.0,0.0,5.0
Ru-AHK,1590,-9.098327,-2.953479,0.0,0.0,0.0,0.0,0.0
Ru-AHK,1591,-4.40701,-3.7905257,0.0,0.0,2.0,0.0,0.0
Ru-AHK,1592,-8.46161,-1.8689463,0.0,0.0,0.0,0.0,0.0
Ru-AHK,1593,6.014692,32.311234,0.0,0.0,5.0,0.0,0.0
Ru-AHK,1594,-8.873408,-0.69150776,0.0,0.0,0.0,0.0,0.0
Ru-AHK,1595,-9.824858,-2.5202243,0.0,0.0,0.0,0.0,5.0
Ru-AHK,1596,2.605464,-1.1426177,0.0,0.0,0.0,0.0,0.0
Ru-AHK,1597,2.3665056,15.353326,1.0,5.0,5.0,5.0,0.0
Ru-AHK,1598,-5.5316644,-1.9463577,0.0,0.0,0.0,0.0,0.0
Ru-AHK,1599,-7.968209,-0.21737717,0.0,0.0,3.0,0.0,0.0
Ru-AHK,1600,5.31019,32.249653,0.0,0.0,1.0,0.0,0.0
Ru-AHK,1601,-8.572758,-4.082518,0.0,0.0,0.0,5.0,0.0
Ru-AHK,1602,-8.458968,-1.5557482,0.0,0.0,0.0,0.0,0.0
Ru-AHK,1603,-5.377621,-4.14884,0.0,0.0,2.0,0.0,0.0
Ru-AHK,1604,-5.5338726,-4.0851836,0.0,0.0,2.0,0.0,0.0
Ru-AHK,1605,-8.844451,-3.7480156,0.0,0.0,0.0,0.0,0.0
Ru-AHK,1606,-8.843931,-3.747632,0.0,0.0,0.0,0.0,0.0
Ru-AHK,1607,-10.758785,-4.041476,0.0,0.0,0.0,0.0,0.0
Ru-AHK,1608,-0.4049643,-0.962918,0.0,0.0,0.0,0.0,4.0
Ru-AHK,1609,-5.2763963,-1.3350397,0.0,0.0,0.0,0.0,5.0
Ru-AHK,1610,5.9620366,32.582462,0.0,0.0,5.0,0.0,0.0
Ru-AHK,1611,-9.967125,-3.922006,0.0,0.0,0.0,0.0,0.0
Ru-AHK,1612,-9.277056,-4.509234,0.0,0.0,0.0,0.0,3.0
Ru-AHK,1613,14.858254,26.3704,1.0,5.0,4.0,5.0,0.0
Ru-AHK,1614,-10.640338,-3.4176798,0.0,0.0,0.0,0.0,5.0
Ru-AHK,1615,-0.08044967,-2.6238208,1.0,5.0,0.0,0.0,0.0
Ru-AHK,1616,-11.800323,-3.1797247,0.0,0.0,0.0,5.0,0.0
Ru-AHK,1617,2.3510528,-7.2042313,0.0,0.0,0.0,0.0,0.0
Ru-AHK,1618,3.2402577,-6.382509,0.0,0.0,0.0,0.0,0.0
Ru-AHK,1619,0.6735543,5.781083,1.0,5.0,3.0,0.0,5.0
Ru-AHK,1620,-8.844969,-3.748398,0.0,0.0,0.0,0.0,0.0
Ru-AHK,1621,-8.350376,-4.3764424,0.0,0.0,0.0,0.0,3.0
Ru-AHK,1622,-10.604109,-3.1795096,0.0,0.0,0.0,0.0,5.0
Ru-AHK,1623,-10.24136,-3.6045043,0.0,0.0,0.0,5.0,4.0
Ru-AHK,1624,-3.6479344,-2.890711,0.0,0.0,0.0,0.0,0.0
Ru-AHK,1625,4.9146333,1.7305777,0.0,0.0,0.0,0.0,0.0
Ru-AHK,1626,-9.327265,-4.310986,0.0,0.0,0.0,0.0,0.0
Ru-AHK,1627,11.176296,22.141275,0.0,0.0,0.0,0.0,0.0
Ru-AHK,1628,-6.229119,-3.220667,0.0,0.0,0.0,0.0,0.0
Ru-AHK,1629,-7.74369,-2.519193,0.0,0.0,0.0,0.0,0.0
Ru-AHK,1630,14.058064,1.5227097,1.0,5.0,0.0,5.0,0.0
Ru-AHK,1631,14.431911,1.4690942,1.0,5.0,0.0,5.0,0.0
Ru-AHK,1632,-6.248956,-4.4772825,0.0,0.0,5.0,0.0,5.0
Ru-AHK,1633,-7.2557373,-0.56127816,0.0,0.0,0.0,0.0,5.0
Ru-AHK,1634,-8.324163,-0.3253864,0.0,0.0,0.0,0.0,5.0
Ru-AHK,1635,-9.79952,-1.6902906,1.0,5.0,0.0,0.0,0.0
Ru-AHK,1636,-7.779916,-1.3379723,0.0,0.0,0.0,0.0,0.0
Ru-AHK,1637,-9.800153,-1.676232,1.0,5.0,0.0,0.0,0.0
Ru-AHK,1638,1.7292026,-5.607394,0.0,0.0,0.0,5.0,4.0
Ru-AHK,1639,-8.906109,-4.3178105,0.0,0.0,0.0,0.0,5.0
Ru-AHK,1640,-6.193878,-4.9025455,0.0,0.0,0.0,0.0,0.0
Ru-AHK,1641,-5.828075,-4.8843203,0.0,0.0,0.0,0.0,3.0
Ru-AHK,1642,0.62146264,5.8200607,1.0,5.0,3.0,0.0,5.0
Ru-AHK,1643,-2.044777,3.0928113,1.0,5.0,3.0,0.0,5.0
Ru-AHK,1644,-6.435715,-5.1550627,0.0,0.0,0.0,1.0,4.0
Ru-AHK,1645,-8.3923645,-4.108416,0.0,0.0,0.0,0.0,5.0
Ru-AHK,1646,-8.050041,-4.6635633,0.0,0.0,3.0,0.0,3.0
Ru-AHK,1647,-5.4495583,-4.9614697,0.0,0.0,0.0,0.0,0.0
Ru-AHK,1648,-7.303039,-4.0956135,0.0,0.0,0.0,0.0,0.0
Ru-AHK,1649,-10.189304,-4.5593214,0.0,0.0,0.0,4.0,0.0
Ru-AHK,1650,-9.833635,-2.4911923,0.0,0.0,0.0,0.0,5.0
Ru-AHK,1651,4.1025057,32.64909,0.0,0.0,0.0,0.0,0.0
Ru-AHK,1652,2.3611832,13.457759,1.0,5.0,5.0,5.0,0.0
Ru-AHK,1653,9.769314,-3.9799404,1.0,5.0,0.0,5.0,0.0
Ru-AHK,1654,-9.776112,-1.6932005,1.0,5.0,0.0,0.0,0.0
Ru-AHK,1655,-8.261197,-1.6620109,1.0,5.0,0.0,0.0,0.0
Ru-AHK,1656,-9.82356,-1.6733223,1.0,5.0,0.0,0.0,0.0
Ru-AHK,1657,-8.986382,-0.03697514,0.0,0.0,0.0,0.0,0.0
Ru-AHK,1658,-8.416046,-5.0399647,0.0,0.0,0.0,0.0,0.0
Ru-AHK,1659,-9.622179,-5.157518,0.0,0.0,0.0,0.0,0.0
Ru-AHK,1660,2.6571345,30.376614,0.0,0.0,0.0,0.0,0.0
Ru-AHK,1661,2.1450036,27.088896,0.0,0.0,0.0,0.0,0.0
Ru-AHK,1662,8.195066,29.85726,1.0,5.0,4.0,5.0,0.0
Ru-AHK,1663,-9.757063,-0.99754167,0.0,0.0,0.0,0.0,5.0
Ru-AHK,1664,-5.1988096,-4.138555,0.0,0.0,5.0,5.0,2.0
Ru-AHK,1665,-7.456076,-2.3824184,0.0,0.0,0.0,0.0,0.0
Ru-AHK,1666,-8.458212,-1.567696,0.0,0.0,0.0,0.0,0.0
Ru-AHK,1667,1.8322973,0.9364077,1.0,5.0,5.0,5.0,5.0
Ru-AHK,1668,-10.599046,-3.1801388,0.0,0.0,0.0,0.0,5.0
Ru-AHK,1669,-1.8808259,-1.2262157,0.0,0.0,0.0,0.0,0.0
Ru-AHK,1670,-2.2251215,-1.7894486,0.0,0.0,2.0,0.0,5.0
Ru-AHK,1671,-7.161793,-0.71204025,0.0,0.0,0.0,0.0,5.0
Ru-AHK,1672,-4.133696,-0.6800886,0.0,0.0,5.0,0.0,5.0
Ru-AHK,1673,6.6613226,2.2211814,1.0,5.0,0.0,1.0,0.0
Ru-AHK,1674,-4.044565,-5.3929644,0.0,0.0,2.0,0.0,5.0
Ru-AHK,1675,2.1138704,-1.3711092,0.0,0.0,2.0,0.0,0.0
Ru-AHK,1676,0.6779373,-0.46876532,0.0,0.0,2.0,0.0,0.0
Ru-AHK,1677,-8.308725,-2.0278697,1.0,5.0,0.0,0.0,0.0
Ru-AHK,1678,-8.42051,-3.8022466,0.0,0.0,3.0,5.0,0.0
Ru-AHK,1679,7.000855,3.9786184,1.0,5.0,2.0,5.0,0.0
Ru-AHK,1680,-6.1553693,-4.1845465,0.0,0.0,3.0,0.0,0.0
Ru-AHK,1681,3.6948848,0.83002806,1.0,5.0,0.0,0.0,0.0
Ru-AHK,1682,1.8933368,-3.1562958,0.0,0.0,0.0,0.0,0.0
Ru-AHK,1683,-7.662229,-2.0506706,0.0,0.0,5.0,0.0,0.0
Ru-AHK,1684,-1.3830246,6.365738,1.0,5.0,5.0,0.0,5.0
Ru-AHK,1685,-10.180725,-2.9720824,1.0,5.0,0.0,0.0,0.0
Ru-AHK,1686,-4.574334,-0.53876406,0.0,0.0,0.0,0.0,0.0
Ru-AHK,1687,18.347403,3.6440058,1.0,5.0,0.0,5.0,0.0
Ru-AHK,1688,4.790664,25.742432,1.0,5.0,5.0,5.0,0.0
Ru-AHK,1689,-5.293016,-4.5001116,0.0,0.0,5.0,1.0,4.0
Ru-AHK,1690,-1.065557,-3.270208,0.0,0.0,0.0,0.0,0.0
Ru-AHK,1691,2.3121502,14.012203,1.0,5.0,5.0,5.0,0.0
Ru-AHK,1692,-7.786608,-1.5092969,0.0,0.0,4.0,0.0,0.0
Ru-AHK,1693,-8.484747,-1.9348013,1.0,5.0,0.0,0.0,0.0
Ru-AHK,1694,-9.801563,-1.7119486,1.0,5.0,0.0,0.0,0.0
Ru-AHK,1695,-8.698622,-4.0691714,0.0,0.0,0.0,0.0,5.0
Ru-AHK,1696,-8.699657,-4.069933,0.0,0.0,0.0,0.0,5.0
Ru-AHK,1697,3.1971133,-6.0687428,0.0,0.0,0.0,0.0,0.0
Ru-AHK,1698,1.598457,-5.7716675,0.0,0.0,5.0,0.0,1.0
Ru-AHK,1699,-4.8719916,9.476697,1.0,5.0,0.0,5.0,1.0
Ru-AHK,1700,-10.279267,-2.171083,0.0,0.0,0.0,0.0,3.0
Ru-AHK,1701,-10.791456,-1.5095396,0.0,0.0,0.0,0.0,0.0
Ru-AHK,1702,-7.6856065,13.455091,1.0,5.0,0.0,0.0,0.0
Ru-AHK,1703,-8.23779,-1.6649208,1.0,5.0,0.0,0.0,0.0
Ru-AHK,1704,-11.84905,-2.863852,0.0,0.0,0.0,5.0,0.0
Ru-AHK,1705,-2.5215228,-1.0189948,0.0,0.0,0.0,0.0,5.0
Ru-AHK,1706,-6.1482315,1.3665022,0.0,0.0,0.0,0.0,0.0
Ru-AHK,1707,-8.183648,-4.829923,0.0,0.0,3.0,0.0,0.0
Ru-AHK,1708,21.67702,-12.637004,0.0,0.0,0.0,0.0,0.0
Ru-AHK,1709,-10.627385,-3.5555058,0.0,0.0,0.0,0.0,5.0
Ru-AHK,1710,-8.542971,-5.111121,0.0,0.0,3.0,0.0,0.0
Ru-AHK,1711,-11.924042,-2.7346315,0.0,0.0,0.0,5.0,0.0
Ru-AHK,1712,-1.3294257,0.09587559,0.0,0.0,5.0,0.0,0.0
Ru-AHK,1713,-5.4143243,-4.2127757,0.0,0.0,2.0,0.0,0.0
Ru-AHK,1714,-8.065471,-4.5664797,0.0,0.0,0.0,0.0,3.0
Ru-AHK,1715,-8.233214,-4.6688485,0.0,0.0,3.0,0.0,0.0
Ru-AHK,1716,7.5986156,28.636412,0.0,0.0,0.0,0.0,0.0
Ru-AHK,1717,1.5080309,-3.9568877,0.0,0.0,2.0,0.0,0.0
Ru-AHK,1718,0.36872125,2.280089,1.0,5.0,5.0,0.0,5.0
Ru-AHK,1719,-6.193878,-4.9025455,0.0,0.0,0.0,0.0,0.0
Ru-AHK,1720,-7.902023,-1.2942946,0.0,0.0,0.0,0.0,0.0
Ru-AHK,1721,-5.863438,6.9708138,1.0,5.0,0.0,3.0,0.0
Ru-AHK,1722,-10.807274,-1.5075731,0.0,0.0,0.0,0.0,0.0
Ru-AHK,1723,-7.4056416,-4.809172,0.0,0.0,0.0,0.0,5.0
Ru-AHK,1724,-8.483883,-3.1168885,0.0,0.0,0.0,0.0,0.0
Ru-AHK,1725,6.712241,3.4012618,0.0,0.0,0.0,0.0,0.0
Ru-AHK,1726,-8.277818,-3.5668385,0.0,0.0,0.0,0.0,0.0
Ru-AHK,1727,-6.400704,-4.2564545,0.0,0.0,5.0,0.0,0.0
Ru-AHK,1728,2.1514595,-1.2935103,0.0,0.0,0.0,0.0,0.0
Ru-AHK,1729,-8.311509,-0.3269596,0.0,0.0,0.0,0.0,5.0
Ru-AHK,1730,-4.254097,0.092721656,0.0,0.0,1.0,0.0,0.0
Ru-AHK,1731,-4.7856827,-4.1052136,0.0,0.0,5.0,0.0,5.0
Ru-AHK,1732,-5.3923078,-3.5778425,0.0,0.0,5.0,0.0,0.0
Ru-AHK,1733,-8.879118,-0.8479829,1.0,5.0,0.0,0.0,0.0
Ru-AHK,1734,-7.210762,0.34628856,1.0,5.0,0.0,0.0,3.0
Ru-AHK,1735,-5.461782,0.49215627,0.0,0.0,0.0,0.0,0.0
Ru-AHK,1736,2.8845952,5.0402446,1.0,5.0,2.0,1.0,0.0
Ru-AHK,1737,19.529425,4.7114706,1.0,5.0,0.0,5.0,0.0
Ru-AHK,1738,-2.6218154,-0.3539759,0.0,0.0,0.0,0.0,5.0
Ru-AHK,1739,-5.8482127,6.9600654,1.0,5.0,0.0,1.0,0.0
Ru-AHK,1740,-5.04956,7.3478723,1.0,5.0,0.0,1.0,1.0
Ru-AHK,1741,0.5324327,-4.6906323,0.0,0.0,5.0,0.0,5.0
Ru-AHK,1742,6.1141343,32.173645,0.0,0.0,5.0,0.0,0.0
Ru-AHK,1743,2.3151224,14.542218,1.0,5.0,5.0,5.0,5.0
Ru-AHK,1744,-7.786608,-1.5092969,0.0,0.0,4.0,0.0,0.0
Ru-AHK,1745,16.863182,28.431559,1.0,5.0,4.0,5.0,0.0
Ru-AHK,1746,15.990893,6.0176573,1.0,5.0,0.0,5.0,0.0
Ru-AHK,1747,-10.222734,-2.5464227,0.0,0.0,0.0,0.0,5.0
Ru-AHK,1748,-8.2856655,-1.5877191,1.0,5.0,0.0,0.0,0.0
Ru-AHK,1749,-7.6759176,-0.97618407,0.0,0.0,0.0,0.0,0.0
Ru-AHK,1750,-9.582774,-3.22314,0.0,0.0,0.0,0.0,0.0
Ru-AHK,1751,-9.583809,-3.2239022,0.0,0.0,0.0,0.0,0.0
Ru-AHK,1752,-8.977181,-3.7512743,0.0,0.0,0.0,0.0,5.0
Ru-AHK,1753,-8.976149,-3.7505112,0.0,0.0,0.0,0.0,5.0
Ru-AHK,1754,-5.3667827,-4.343734,0.0,0.0,5.0,0.0,5.0
Ru-AHK,1755,-6.516945,7.68254,1.0,5.0,0.0,1.0,1.0
Ru-AHK,1756,3.6854186,-0.14237541,1.0,5.0,0.0,5.0,0.0
Ru-AHK,1757,-8.543579,-3.1624808,0.0,0.0,0.0,0.0,0.0
Ru-AHK,1758,4.710685,3.448484,0.0,0.0,0.0,0.0,0.0
Ru-AHK,1759,-0.124026924,-3.8103976,0.0,0.0,0.0,0.0,0.0
Ru-AHK,1760,-8.700617,1.9922462,1.0,5.0,0.0,0.0,0.0
Ru-AHK,1761,32.845894,-16.485458,0.0,0.0,0.0,0.0,0.0
Ru-AHK,1762,-6.428023,-4.5301633,0.0,0.0,5.0,0.0,1.0
Ru-AHK,1763,-6.0292816,-4.3395967,0.0,0.0,3.0,0.0,0.0
Ru-AHK,1764,-8.298856,-0.32853273,0.0,0.0,0.0,0.0,5.0
Ru-AHK,1765,-3.6022513,0.42552632,0.0,0.0,5.0,0.0,0.0
Ru-AHK,1766,-8.6067705,-2.4506931,0.0,0.0,0.0,0.0,0.0
Ru-AHK,1767,-6.6478734,-1.7057724,0.0,0.0,5.0,0.0,0.0
Ru-AHK,1768,-5.4335113,-1.8369944,0.0,0.0,5.0,0.0,0.0
Ru-AHK,1769,8.234862,32.25281,0.0,0.0,5.0,0.0,0.0
Ru-AHK,1770,-2.5982187,-1.7712443,0.0,0.0,0.0,0.0,0.0
Ru-AHK,1771,5.361725,36.256863,0.0,0.0,0.0,0.0,0.0
Ru-AHK,1772,-8.390409,-4.558622,0.0,0.0,3.0,0.0,0.0
Ru-AHK,1773,-4.5081563,-4.423874,0.0,0.0,5.0,0.0,5.0
Ru-AHK,1774,-5.8469234,-4.2916417,0.0,0.0,5.0,0.0,0.0
Ru-AHK,1775,-9.557248,-3.9890316,0.0,0.0,0.0,0.0,5.0
Ru-AHK,1776,-9.558283,-3.989794,0.0,0.0,0.0,0.0,5.0
Ru-AHK,1777,9.457948,-3.2882674,1.0,5.0,0.0,1.0,0.0
Ru-AHK,1778,-10.029444,-2.8905761,0.0,0.0,0.0,0.0,5.0
Ru-AHK,1779,-2.9122584,-5.3453145,0.0,0.0,2.0,0.0,5.0
Ru-AHK,1780,2.8093827,1.3643538,0.0,0.0,0.0,0.0,0.0
Ru-AHK,1781,2.0182607,-4.4602,0.0,0.0,0.0,0.0,0.0
Ru-AHK,1782,9.123572,22.930616,0.0,0.0,0.0,0.0,0.0
Ru-AHK,1783,-10.206178,-2.9908304,1.0,5.0,0.0,0.0,0.0
Ru-AHK,1784,-4.4929442,-6.1391416,0.0,0.0,2.0,0.0,0.0
Ru-AHK,1785,-2.6329825,-0.12696716,0.0,0.0,5.0,0.0,0.0
Ru-AHK,1786,-8.788132,-3.9816396,0.0,0.0,0.0,0.0,5.0
Ru-AHK,1787,-4.5966325,-4.3355784,0.0,0.0,5.0,0.0,5.0
Ru-AHK,1788,-8.787099,-3.980876,0.0,0.0,0.0,0.0,5.0
Ru-AHK,1789,-8.54302,0.7088021,0.0,0.0,0.0,0.0,0.0
Ru-AHK,1790,-8.46161,-1.8689463,0.0,0.0,0.0,0.0,0.0
Ru-AHK,1791,-13.511572,0.73145676,0.0,0.0,0.0,0.0,0.0
Ru-AHK,1792,10.713584,22.140635,0.0,0.0,0.0,0.0,0.0
Ru-AHK,1793,-8.855712,-0.85089296,1.0,5.0,0.0,0.0,0.0
Ru-AHK,1794,-4.998391,-6.5789037,0.0,0.0,0.0,0.0,0.0
Ru-AHK,1795,-6.453547,-3.7642703,0.0,0.0,5.0,0.0,0.0
Ru-AHK,1796,32.641922,-16.68202,0.0,0.0,0.0,0.0,0.0
Ru-AHK,1797,-4.6751404,7.939076,1.0,5.0,0.0,1.0,0.0
Ru-AHK,1798,-8.120923,-3.3656113,0.0,0.0,0.0,0.0,0.0
Ru-AHK,1799,-8.430598,-3.0583606,0.0,0.0,0.0,0.0,0.0
Ru-AHK,1800,-1.2580938,-3.6082995,0.0,0.0,0.0,0.0,0.0
Ru-AHK,1801,-7.2022905,2.0797157,0.0,0.0,0.0,0.0,0.0
Ru-AHK,1802,-8.283039,-0.33049908,0.0,0.0,0.0,0.0,5.0
Ru-AHK,1803,-2.7508225,-3.741883,0.0,0.0,0.0,0.0,0.0
Ru-AHK,1804,-9.8285,-1.9266076,1.0,5.0,0.0,0.0,0.0
Ru-AHK,1805,-2.8313081,-4.797164,0.0,0.0,2.0,0.0,3.0
Ru-AHK,1806,-1.0586219,-6.77384,0.0,0.0,0.0,0.0,0.0
Ru-AHK,1807,-7.3376994,-4.1394496,0.0,0.0,5.0,1.0,0.0
Ru-AHK,1808,-5.5089946,-0.9169689,0.0,0.0,3.0,0.0,5.0
Ru-AHK,1809,-7.9617367,-2.4208777,0.0,0.0,0.0,0.0,5.0
Ru-AHK,1810,16.206484,5.0559874,1.0,5.0,0.0,5.0,0.0
Ru-AHK,1811,-6.695199,-4.1637783,0.0,0.0,4.0,0.0,5.0
Ru-AHK,1812,-1.5867387,6.4305077,1.0,5.0,5.0,0.0,5.0
Ru-AHK,1813,-3.0791092,-0.6304833,0.0,0.0,0.0,0.0,0.0
Ru-AHK,1814,-2.4644337,-2.728792,0.0,0.0,0.0,0.0,0.0
Ru-AHK,1815,-0.7058661,-4.5785336,0.0,0.0,0.0,0.0,5.0
Ru-AHK,1816,-10.551793,-2.4802046,0.0,0.0,0.0,5.0,0.0
Ru-AHK,1817,-9.429615,-5.0617337,0.0,0.0,0.0,0.0,0.0
Ru-AHK,1818,-8.337349,-0.11288677,0.0,0.0,0.0,0.0,1.0
Ru-AHK,1819,-8.949652,-1.253002,0.0,0.0,0.0,0.0,0.0
Ru-AHK,1820,1.6459826,-3.1912024,0.0,0.0,0.0,0.0,0.0
Ru-AHK,1821,-1.2340267,-5.0904155,0.0,0.0,0.0,0.0,0.0
Ru-AHK,1822,-8.019465,-4.3671985,0.0,0.0,3.0,0.0,5.0
Ru-AHK,1823,-7.276299,-4.4022994,0.0,0.0,4.0,0.0,5.0
Ru-AHK,1824,0.7533567,-5.4940734,0.0,0.0,5.0,0.0,5.0
Ru-AHK,1825,-8.094591,-4.3649435,0.0,0.0,3.0,0.0,5.0
Ru-AHK,1826,-3.7154593,-3.9511325,0.0,0.0,2.0,0.0,0.0
Ru-AHK,1827,-7.301824,-3.6364076,0.0,0.0,4.0,0.0,0.0
Ru-AHK,1828,0.074086554,1.3172652,1.0,5.0,0.0,0.0,5.0
Ru-AHK,1829,-10.042098,-2.8890035,0.0,0.0,0.0,0.0,5.0
Ru-AHK,1830,-0.08804158,-1.0874808,0.0,0.0,0.0,0.0,0.0
Ru-AHK,1831,6.45613,4.23529,1.0,5.0,2.0,1.0,0.0
Ru-AHK,1832,-6.3420396,1.8422668,0.0,0.0,0.0,0.0,0.0
Ru-AHK,1833,-10.791689,-1.5097121,0.0,0.0,0.0,0.0,0.0
Ru-AHK,1834,22.5712,25.000935,1.0,5.0,0.0,5.0,0.0
Ru-AHK,1835,-10.895413,-2.170734,0.0,0.0,0.0,0.0,0.0
Ru-AHK,1836,-5.657871,-4.522008,0.0,0.0,5.0,0.0,0.0
Ru-AHK,1837,-3.1088345,-4.478505,0.0,0.0,2.0,0.0,1.0
Ru-AHK,1838,1.8089316,-2.9568198,0.0,0.0,2.0,0.0,0.0
Ru-AHK,1839,-7.730064,-3.5235035,0.0,0.0,5.0,0.0,0.0
Ru-AHK,1840,-6.4015183,-5.029783,0.0,0.0,5.0,0.0,0.0
Ru-AHK,1841,-10.400062,-2.4230928,0.0,0.0,0.0,0.0,0.0
Ru-AHK,1842,-9.670082,0.86170894,0.0,0.0,0.0,0.0,0.0
Ru-AHK,1843,-10.391237,-2.7333775,0.0,0.0,0.0,0.0,5.0
Ru-AHK,1844,-8.538322,-1.6418275,0.0,0.0,0.0,0.0,0.0
Ru-AHK,1845,-3.7096748,-4.3716974,0.0,0.0,5.0,0.0,0.0
Ru-AHK,1846,-8.432178,-3.026236,0.0,0.0,0.0,0.0,0.0
Ru-AHK,1847,1.950486,-2.8224514,0.0,0.0,0.0,0.0,0.0
Ru-AHK,1848,10.208352,-0.6114142,0.0,0.0,0.0,0.0,0.0
Ru-AHK,1849,-7.3633533,-2.4066343,0.0,0.0,0.0,0.0,5.0
Ru-AHK,1850,-10.270564,-2.775312,0.0,0.0,0.0,0.0,0.0
Ru-AHK,1851,-3.6899343,-4.7170258,0.0,0.0,2.0,0.0,2.0
Ru-AHK,1852,-8.561297,-1.634006,0.0,0.0,0.0,0.0,0.0
Ru-AHK,1853,-9.872786,-1.8235861,0.0,0.0,0.0,0.0,5.0
Ru-AHK,1854,-9.958739,-2.3770375,0.0,0.0,0.0,0.0,5.0
Ru-AHK,1855,-9.539291,-2.0417492,0.0,0.0,0.0,0.0,5.0
Ru-AHK,1856,-3.6328692,-2.7991178,0.0,0.0,0.0,0.0,0.0
Ru-AHK,1857,-10.27758,-2.844377,0.0,0.0,0.0,0.0,1.0
Ru-AHK,1858,-9.211562,-1.1431453,0.0,0.0,0.0,5.0,3.0
Ru-AHK,1859,-5.569396,-4.6103024,0.0,0.0,5.0,0.0,1.0
Ru-AHK,1860,27.543268,-13.300253,0.0,0.0,0.0,0.0,0.0
Ru-AHK,1861,-9.482736,-0.8082605,0.0,0.0,0.0,0.0,5.0
Ru-AHK,1862,4.5160203,-0.15028891,1.0,5.0,0.0,5.0,0.0
Ru-AHK,1863,-2.456848,-1.0533795,0.0,0.0,2.0,0.0,5.0
Ru-AHK,1864,-0.04581818,0.5044103,0.0,0.0,0.0,0.0,5.0
Ru-AHK,1865,-6.60099,-1.8642421,0.0,0.0,5.0,0.0,0.0
Ru-AHK,1866,-5.8336654,6.9442773,1.0,5.0,0.0,1.0,0.0
Ru-AHK,1867,18.540058,0.766763,1.0,5.0,0.0,5.0,0.0
Ru-AHK,1868,32.641922,-16.68202,0.0,0.0,0.0,0.0,0.0
Ru-AHK,1869,-9.016304,-2.4421349,0.0,0.0,0.0,5.0,0.0
Ru-AHK,1870,-10.963744,-3.1740482,0.0,0.0,0.0,0.0,0.0
Ru-AHK,1871,-9.654462,12.054319,1.0,5.0,0.0,0.0,0.0
Ru-AHK,1872,2.767356,-0.8199533,0.0,0.0,0.0,0.0,0.0
Ru-AHK,1873,2.4044907,-2.6715596,0.0,0.0,0.0,0.0,0.0
Ru-AHK,1874,-9.688081,11.208241,1.0,5.0,0.0,0.0,0.0
Ru-AHK,1875,-3.6836202,0.36423028,0.0,0.0,0.0,0.0,0.0
Ru-AHK,1876,-7.509509,-4.626805,0.0,0.0,0.0,0.0,5.0
Ru-AHK,1877,-10.002214,-3.426954,0.0,0.0,0.0,0.0,3.0
Ru-AHK,1878,9.982563,1.9802839,1.0,5.0,0.0,5.0,0.0
Ru-AHK,1879,-8.561297,-1.634006,0.0,0.0,0.0,0.0,0.0
Ru-AHK,1880,-8.979867,-3.5426717,0.0,0.0,5.0,0.0,0.0
Ru-AHK,1881,-9.96268,-2.5064685,0.0,0.0,0.0,0.0,5.0
Ru-AHK,1882,0.064620584,0.34485936,1.0,5.0,0.0,5.0,5.0
Ru-AHK,1883,-5.303433,-0.406946,0.0,0.0,0.0,0.0,0.0
Ru-AHK,1884,-9.914898,-2.1185598,1.0,5.0,0.0,0.0,0.0
Ru-AHK,1885,-8.549938,-3.195219,0.0,0.0,0.0,0.0,0.0
Ru-AHK,1886,-6.5061483,-4.3941436,0.0,0.0,4.0,0.0,5.0
Ru-AHK,1887,-9.666843,12.123451,1.0,5.0,0.0,0.0,0.0
Ru-AHK,1888,-11.787476,-3.2599323,0.0,0.0,0.0,0.0,0.0
Ru-AHK,1889,-9.9017725,-1.8917251,1.0,5.0,0.0,0.0,0.0
Ru-AHK,1890,-7.3372045,-3.8184044,0.0,0.0,0.0,0.0,0.0
Ru-AHK,1891,3.4129221,-6.658325,0.0,0.0,0.0,0.0,0.0
Ru-AHK,1892,-1.5444534,-5.479827,0.0,0.0,0.0,5.0,5.0
Ru-AHK,1893,1.7531669,-7.9043665,0.0,0.0,0.0,0.0,0.0
Ru-AHK,1894,2.4368832,-6.472426,0.0,0.0,0.0,4.0,0.0
Ru-AHK,1895,-3.4202058,1.5545272,0.0,0.0,0.0,0.0,0.0
Ru-AHK,1896,-6.3707542,-3.6665013,0.0,0.0,0.0,0.0,0.0
Ru-AHK,1897,-4.3493557,-4.7695704,0.0,0.0,5.0,1.0,2.0
Ru-AHK,1898,-6.437738,-1.817797,0.0,0.0,0.0,0.0,0.0
Ru-AHK,1899,-5.8387237,6.9588876,1.0,5.0,0.0,1.0,0.0
Ru-AHK,1900,-2.9197845,-4.708869,0.0,0.0,2.0,0.0,3.0
Ru-AHK,1901,-6.417673,-4.4824386,0.0,0.0,4.0,0.0,5.0
Ru-AHK,1902,2.9199626,2.3169327,1.0,5.0,0.0,1.0,5.0
Ru-AHK,1903,-10.557796,-3.6175349,0.0,0.0,0.0,0.0,5.0
Ru-AHK,1904,-9.77404,0.20051418,0.0,0.0,0.0,0.0,5.0
Ru-AHK,1905,-6.6413164,-3.974918,0.0,0.0,5.0,0.0,5.0
Ru-AHK,1906,-9.359192,-3.860641,0.0,0.0,0.0,0.0,5.0
Ru-AHK,1907,-11.265041,-3.1055493,0.0,0.0,0.0,0.0,0.0
Ru-AHK,1908,-10.453928,-3.799902,0.0,0.0,0.0,0.0,5.0
Ru-AHK,1909,-11.975768,0.068617575,0.0,0.0,0.0,0.0,0.0
Ru-AHK,1910,-9.766114,-2.4983737,0.0,0.0,0.0,0.0,5.0
Ru-AHK,1911,-6.5528398,-4.0632124,0.0,0.0,5.0,0.0,5.0
Ru-AHK,1912,-6.8303666,-3.7445514,0.0,0.0,5.0,0.0,5.0
Ru-AHK,1913,-7.9430356,-2.9281409,0.0,0.0,1.0,0.0,5.0
Ru-AHK,1914,-9.359325,-3.83146,0.0,0.0,0.0,0.0,5.0
Ru-AHK,1915,-9.975013,-1.3284273,0.0,0.0,0.0,0.0,1.0
Ru-AHK,1916,-7.142524,13.124321,1.0,5.0,0.0,0.0,0.0
Ru-AHK,1917,1.8673481,-5.790038,0.0,0.0,0.0,0.0,0.0
Ru-AHK,1918,21.481684,-12.927946,0.0,0.0,0.0,3.0,0.0
Ru-AHK,1919,-10.260267,-3.2372403,0.0,0.0,0.0,0.0,5.0
Ru-AHK,1920,21.023438,-12.916684,0.0,0.0,0.0,5.0,0.0
Ru-AHK,1921,-7.411466,-3.983073,0.0,0.0,5.0,0.0,5.0
Ru-AHK,1922,-7.436991,-3.2171805,0.0,0.0,5.0,0.0,0.0
Ru-AHK,1923,-10.024534,-2.0419283,1.0,5.0,0.0,0.0,0.0
Ru-AHK,1924,-11.033787,-3.2006156,0.0,0.0,0.0,0.0,5.0
Ru-AHK,1925,-8.672146,-2.0096798,0.0,0.0,0.0,0.0,0.0
Ru-AHK,1926,0.14650744,5.227107,1.0,5.0,5.0,1.0,0.0
Ru-AHK,1927,0.89575976,-6.2058506,0.0,0.0,5.0,4.0,5.0
Ru-AHK,1928,-10.970199,-3.3722148,0.0,0.0,0.0,0.0,5.0
Ru-AHK,1929,5.6386147,28.393341,1.0,5.0,0.0,1.0,0.0
Ru-AHK,1930,33.601154,-16.466753,0.0,0.0,0.0,0.0,0.0
Ru-AHK,1931,-5.519265,13.0655575,1.0,5.0,0.0,0.0,0.0
Ru-AHK,1932,2.1489801,2.4643772,1.0,5.0,0.0,1.0,5.0
Ru-AHK,1933,8.790721,11.194128,1.0,5.0,5.0,5.0,0.0
Ru-AHK,1934,-9.452529,12.301117,1.0,5.0,0.0,0.0,0.0
Ru-AHK,1935,-2.3771436,-3.668967,1.0,5.0,0.0,0.0,0.0
Ru-AHK,1936,-8.082065,1.1984425,0.0,0.0,0.0,0.0,5.0
Ru-AHK,1937,-10.756214,-3.1914203,0.0,0.0,0.0,0.0,2.0
Ru-AHK,1938,-8.102636,-1.9462619,0.0,0.0,3.0,0.0,0.0
Ru-AHK,1939,-8.8544235,-4.5268836,0.0,0.0,0.0,0.0,0.0
Ru-AHK,1940,-9.388683,-3.6658235,0.0,0.0,0.0,0.0,5.0
Ru-AHK,1941,-10.794025,-1.5114336,0.0,0.0,0.0,0.0,0.0
Ru-AHK,1942,-7.277745,-5.0221014,0.0,0.0,0.0,0.0,4.0
Ru-AHK,1943,-5.854125,-4.9973598,0.0,0.0,0.0,0.0,0.0
Ru-AHK,1944,-11.708747,-3.2698357,0.0,0.0,0.0,5.0,5.0
Ru-AHK,1945,-9.713387,11.211388,1.0,5.0,0.0,0.0,0.0
Ru-AHK,1946,35.495033,-16.252228,0.0,0.0,0.0,0.0,0.0
Ru-AHK,1947,0.8952215,0.33694604,1.0,5.0,0.0,5.0,5.0
Ru-AHK,1948,-10.175976,-3.2455525,0.0,0.0,0.0,0.0,5.0
Ru-AHK,1949,-10.251847,-3.3554523,0.0,0.0,0.0,0.0,5.0
Ru-AHK,1950,-8.422287,-1.6004553,0.0,0.0,0.0,0.0,0.0
Ru-AHK,1951,-3.7366524,-2.7353573,0.0,0.0,0.0,0.0,0.0
Ru-AHK,1952,6.6522684,2.9192178,1.0,5.0,0.0,1.0,0.0
Ru-AHK,1953,-9.685419,11.343987,1.0,5.0,0.0,0.0,0.0
Ru-AHK,1954,-9.4541025,-3.9582036,0.0,0.0,0.0,0.0,4.0
Ru-AHK,1955,-1.7754444,9.452045,1.0,5.0,0.0,0.0,0.0
Ru-AHK,1956,-10.791456,-1.5095396,0.0,0.0,0.0,0.0,0.0
Ru-AHK,1957,-9.621771,-3.832125,0.0,0.0,0.0,0.0,0.0
Ru-AHK,1958,-9.259339,11.828979,1.0,5.0,0.0,0.0,0.0
Ru-AHK,1959,-10.6893835,-3.27444,0.0,0.0,0.0,0.0,5.0
Ru-AHK,1960,-6.716925,11.1922455,1.0,5.0,0.0,0.0,0.0
Ru-AHK,1961,22.714725,0.3452694,1.0,5.0,0.0,5.0,0.0
Ru-AHK,1962,-7.9762864,-2.1011226,0.0,0.0,3.0,0.0,0.0
Ru-AHK,1963,-11.368831,-2.0656846,0.0,0.0,0.0,0.0,0.0
Ru-AHK,1964,-9.397453,12.882743,1.0,5.0,0.0,0.0,0.0
Ru-AHK,1965,-9.541061,-3.8215907,0.0,0.0,0.0,0.0,5.0
Ru-AHK,1966,-4.9888167,-2.203148,0.0,0.0,0.0,0.0,0.0
Ru-AHK,1967,-10.433088,-3.413377,0.0,0.0,0.0,0.0,0.0
Ru-AHK,1968,-10.2168455,-2.7657275,0.0,0.0,0.0,0.0,0.0
Ru-AHK,1969,-7.530108,14.44911,1.0,5.0,0.0,0.0,0.0
Ru-AHK,1970,33.760406,-16.168758,0.0,0.0,0.0,0.0,0.0
Ru-AHK,1971,1.8439507,33.63348,0.0,0.0,0.0,0.0,0.0
Ru-AHK,1972,-1.8044705,-3.148574,0.0,0.0,0.0,0.0,0.0
Ru-AHK,1973,32.679115,-15.9916315,0.0,0.0,0.0,0.0,0.0
Ru-AHK,1974,-6.3122683,12.297242,1.0,5.0,0.0,0.0,0.0
Ru-AHK,1975,33.204857,-16.469814,0.0,0.0,0.0,0.0,0.0
Ru-AHK,1976,-5.9701576,-2.4071615,0.0,0.0,5.0,0.0,5.0
Ru-AHK,1977,-10.972602,-3.051261,0.0,0.0,0.0,0.0,5.0
Ru-AHK,1978,32.98033,-15.639276,0.0,0.0,0.0,0.0,0.0
Ru-AHK,1979,21.827173,-13.307681,0.0,0.0,0.0,0.0,0.0
Ru-AHK,1980,33.301464,-16.057726,0.0,0.0,0.0,0.0,0.0
Ru-AHK,1981,-7.1363087,0.12820446,0.0,0.0,0.0,0.0,0.0
Ru-AHK,1982,-9.353923,-2.2202253,0.0,0.0,0.0,0.0,5.0
Ru-AHK,1983,32.69629,-17.347116,0.0,0.0,0.0,0.0,0.0
Ru-AHK,1984,-10.756214,-3.1914203,0.0,0.0,0.0,0.0,2.0
Ru-AHK,1985,-3.6236057,-2.8163207,0.0,0.0,0.0,0.0,0.0
Ru-AHK,1986,-9.868418,14.947444,1.0,5.0,0.0,0.0,0.0
Ru-AHK,1987,-1.7843286,7.1036744,0.0,0.0,0.0,0.0,0.0
Ru-AHK,1988,-10.626432,-1.8314568,0.0,0.0,0.0,0.0,0.0
Ru-AHK,1989,-9.707878,6.259626,1.0,5.0,0.0,0.0,0.0
Ru-AHK,1990,6.4095984,28.245893,1.0,5.0,0.0,1.0,0.0
Ru-AHK,1991,32.957336,-16.51617,0.0,0.0,0.0,0.0,0.0
Ru-AHK,1992,-11.368831,-2.0656846,0.0,0.0,0.0,0.0,0.0
Ru-AHK,1993,-6.0849924,-2.5748987,0.0,0.0,5.0,0.0,5.0
Ru-AHK,1994,2.844939,-2.6409495,0.0,0.0,0.0,0.0,0.0
Ru-AHK,1995,-0.8367741,-6.344857,0.0,0.0,0.0,4.0,5.0
Ru-AHK,1996,-10.61184,-2.7166817,0.0,0.0,0.0,1.0,5.0
Ru-AHK,1997,-3.8916183,0.8672657,0.0,0.0,0.0,0.0,0.0
Ru-AHK,1998,-9.915085,0.8895793,1.0,5.0,0.0,0.0,0.0
Ru-AHK,1999,33.509407,-16.371046,0.0,0.0,0.0,0.0,0.0
Ru-AHK,2000,-1.9874235,-6.2309704,0.0,0.0,0.0,4.0,5.0
Ru-AHK,2001,-6.783827,-1.4141494,0.0,0.0,0.0,0.0,0.0
Ru-AHK,2002,1.4840904,-3.5138667,0.0,0.0,0.0,0.0,0.0
Ru-AHK,2003,-10.424216,-3.8404417,0.0,0.0,0.0,0.0,1.0
Ru-AHK,2004,35.46879,-10.7687435,0.0,0.0,0.0,0.0,0.0
Ru-AHK,2005,22.170835,-12.359075,0.0,0.0,0.0,0.0,0.0
Ru-AHK,2006,33.745316,-16.025375,0.0,0.0,0.0,0.0,0.0
Ru-AHK,2007,-8.672146,-2.0096798,0.0,0.0,0.0,0.0,0.0
Ru-AHK,2008,-9.386273,9.022807,1.0,5.0,0.0,0.0,0.0
Ru-AHK,2009,-7.9825416,3.2656536,0.0,0.0,0.0,0.0,3.0
Ru-AHK,2010,-6.9040403,1.3952867,0.0,0.0,0.0,0.0,0.0
Ru-AHK,2011,-10.288445,0.3482659,1.0,5.0,0.0,0.0,0.0
Ru-AHK,2012,-9.397453,12.882743,1.0,5.0,0.0,0.0,0.0
Ru-AHK,2013,-10.133958,5.7746353,1.0,5.0,0.0,0.0,0.0
Ru-AHK,2014,-9.749082,10.599573,1.0,5.0,0.0,0.0,0.0
Ru-AHK,2015,-10.291108,0.21251889,1.0,5.0,0.0,0.0,0.0
Ru-AHK,2016,33.58745,-16.163054,0.0,0.0,0.0,0.0,0.0
Ru-AHK,2017,31.82746,-16.147388,0.0,0.0,0.0,0.0,0.0
Ru-AHK,2018,-2.6951027,-5.3659387,0.0,0.0,0.0,5.0,5.0
Ru-AHK,2019,-9.668877,0.8519473,1.0,5.0,0.0,0.0,0.0
Ru-AHK,2020,-10.382829,5.67652,1.0,5.0,0.0,0.0,0.0
Ru-AHK,2021,-9.666214,0.98769414,1.0,5.0,0.0,0.0,0.0
Ru-AHK,2022,-10.136618,5.638887,1.0,5.0,0.0,0.0,0.0
Ru-AHK,2023,-10.537316,0.2501509,1.0,5.0,0.0,0.0,0.0
Ru-AHK,2024,-9.688081,11.208241,1.0,5.0,0.0,0.0,0.0
Ru-AHK,2025,-5.657331,-2.1337006,0.0,0.0,5.0,0.0,0.0
Ru-AHK,2026,7.2993827,-3.03065,0.0,0.0,0.0,4.0,0.0
Ru-AHK,2027,-9.452217,-2.9796724,0.0,0.0,0.0,0.0,0.0
Ru-AHK,2028,-10.946395,-3.2420585,0.0,0.0,0.0,0.0,5.0
Ru-AHK,2029,-5.687188,5.0667667,0.0,0.0,0.0,0.0,0.0
Ru-AHK,2030,-4.042882,8.088057,0.0,0.0,0.0,0.0,0.0
Ru-AHK,2031,-6.619176,-1.4247892,0.0,0.0,0.0,0.0,0.0
Ru-AHK,2032,-10.390412,-3.173194,0.0,0.0,0.0,0.0,5.0
Ru-AHK,2033,-5.6352525,0.9317775,0.0,0.0,0.0,0.0,0.0
Ru-AHO,0,5.0255313,9.474525,,,,,
Ru-AHO,1,1.2724569,10.521126,,,,,
Ru-AHO,2,1.0588491,10.929838,,,,,
Ru-AHO,3,-6.0332894,12.309544,,,,,
Ru-AHO,4,0.72991407,10.916968,,,,,
Ru-AHO,5,0.15387319,3.8962607,,,,,
Ru-AHO,6,0.9501344,4.2416553,,,,,
Ru-AHO,7,0.15290467,3.8932352,,,,,
Ru-AHO,8,0.94916594,4.2386303,,,,,
Ru-AHO,9,0.89446694,10.651665,,,,,
Ru-AHO,10,-0.94903105,10.981406,,,,,
Ru-AHO,11,-0.9530378,10.984234,,,,,
Ru-AHO,12,-0.941018,10.975747,,,,,
Ru-AHO,13,4.2579536,9.474968,,,,,
Ru-AHO,14,4.0700655,9.145579,,,,,
Ru-AHO,15,0.8565328,2.5511773,,,,,
Ru-AHO,16,0.6832101,11.087355,,,,,
Ru-AHO,17,0.3660644,10.623286,,,,,
Ru-AHO,18,2.7296624,10.505953,,,,,
Ru-AHO,19,0.05348838,10.593246,,,,,
Ru-AHO,20,3.5333226,10.144782,,,,,
Ru-AHO,21,-0.91777974,10.959345,,,,,
Ru-AHO,22,-0.51700675,20.604317,,,,,
Ru-AHO,23,-1.0335922,10.750761,,,,,
Ru-AHO,24,-0.13255018,17.120758,,,,,
Ru-AHO,25,-1.3636075,7.8123946,,,,,
Ru-AHO,26,3.172893,11.256922,,,,,
Ru-AHO,27,8.586792,8.887544,,,,,
Ru-AHO,28,2.7945287,10.363613,,,,,
Ru-AHO,29,4.242127,10.0179205,,,,,
Ru-AHO,30,2.349645,26.802734,,,,,
Ru-AHO,31,-0.3226945,4.3203297,,,,,
Ru-AHO,32,-0.23009291,18.30904,,,,,
Ru-AHO,33,7.6640844,8.676514,,,,,
Ru-AHO,34,1.6085163,10.224818,,,,,
Ru-AHO,35,0.7706632,10.740343,,,,,
Ru-AHO,36,-1.160588,10.533287,,,,,
Ru-AHO,37,0.00072971574,0.41688427,,,,,
Ru-AHO,38,-0.0066836188,0.5412782,,,,,
Ru-AHO,39,-0.09240144,2.479377,,,,,
Ru-AHO,40,7.4721627,9.809308,,,,,
Ru-AHO,41,4.9492574,2.0213912,,,,,
Ru-AHO,42,-1.0931852,10.439626,,,,,
Ru-AHO,43,3.1488526,11.273889,,,,,
Ru-AHO,44,5.641778,2.6667442,,,,,
Ru-AHO,45,7.48798,9.807341,,,,,
Ru-AHO,46,-0.95544153,10.985928,,,,,
Ru-AHO,47,4.8270793,2.2167234,,,,,
Ru-AHO,48,8.988139,8.930465,,,,,
Ru-AHO,49,-7.8663154,1.7818655,,,,,
Ru-AHO,50,3.1201746,11.286773,,,,,
Ru-AHO,51,7.1577535,1.7879004,,,,,
Ru-AHO,52,1.3535701,3.2346504,,,,,
Ru-AHO,53,5.6575937,2.6647782,,,,,
Ru-AHO,54,-0.3329043,4.2357087,,,,,
Ru-AHO,55,-0.24539034,4.127274,,,,,
Ru-AHO,56,-1.0096772,10.887879,,,,,
Ru-AHO,57,1.438258,2.9946082,,,,,
Ru-AHO,58,-7.6357985,-1.5547159,,,,,
Ru-AHO,59,2.8695457,2.3558054,,,,,
Ru-AHO,60,-0.95624286,10.986494,,,,,
Ru-AHO,61,-8.61626,-1.6293708,,,,,
Ru-AHO,62,5.6303496,2.6840081,,,,,
Ru-AHO,63,-8.618429,-1.629063,,,,,
Ru-AHO,64,-9.8506565,-1.2188015,,,,,
Ru-AHO,65,-7.1181555,-1.6387244,,,,,
Ru-AHO,66,-9.852793,-1.218469,,,,,
Ru-AHO,67,-7.1203756,-1.6384535,,,,,
Ru-AHO,68,3.132827,11.2852,,,,,
Ru-AHO,69,2.2171757,3.4983363,,,,,
Ru-AHO,70,4.6995554,2.8347688,,,,,
Ru-AHO,71,-7.5276484,-1.7039864,,,,,
Ru-AHO,72,-6.993884,-1.8001629,,,,,
Ru-AHO,73,-6.996142,-1.7999184,,,,,
Ru-AHO,74,3.831509,11.471899,,,,,
Ru-AHO,75,-6.6149116,-1.1714227,,,,,
Ru-AHO,76,0.79452056,1.3251567,,,,,
Ru-AHO,77,3.8441622,11.470325,,,,,
Ru-AHO,78,-6.6171675,-1.1711785,,,,,
Ru-AHO,79,-2.6633816,-1.6294454,,,,,
Ru-AHO,80,-2.666146,-1.629576,,,,,
Ru-AHO,81,-6.7687325,-1.7477427,,,,,
Ru-AHO,82,-6.7709184,-1.7474474,,,,,
Ru-AHO,83,6.3154526,-2.0002935,,,,,
Ru-AHO,84,1.4021941,3.0919778,,,,,
Ru-AHO,85,0.8129509,1.3121479,,,,,
Ru-AHO,86,1.8945316,1.8270386,,,,,
Ru-AHO,87,-2.344916,4.7251406,,,,,
Ru-AHO,88,2.0975037,3.2884152,,,,,
Ru-AHO,89,-2.2109997,8.020666,,,,,
Ru-AHO,90,-4.727308,5.4116755,,,,,
Ru-AHO,91,-4.6810994,5.8555965,,,,,
Ru-AHO,92,-0.15358947,5.982033,,,,,
Ru-AHO,93,-4.727308,5.4116755,,,,,
Ru-AHO,94,2.5596104,9.494059,,,,,
Ru-AHO,95,-4.8498034,5.221723,,,,,
Ru-AHO,96,7.3531957,-1.812002,,,,,
Ru-AHO,97,1.8555274,2.2478979,,,,,
